DATE,TIME,CO2dry_ppm,CH4dry_ppb,H2O_ppm,POSIX.time,CO2_prec,CH4_prec,H2O_prec,DATE_TIME,UniqueID,start.time,obs.length,Area,offset,Vcham,Vtube,Vinst,Vtot,Tcham,Pcham,flag,Etime,start.time_corr,end.time_corr,obs.length_corr
2023-03-18,NA,615.181,3257.8999999999996,-274.255,2023-03-18T11:55:00.000000Z,0.35,0.9,200,03-18-2023 11:55:00.087,45003_FLM30_Water_146,2023-03-18T12:00:00.000000Z,300,324.3,0,3.37,0.029,0.919,4.318,25,101.325,0,-89,2023-03-18T11:56:29.000000Z,2023-03-18T12:09:02.000000Z,753
2023-03-18,NA,615.511,3260.59,-505.136,2023-03-18T11:55:01.000000Z,0.35,0.9,200,03-18-2023 11:55:01.081,45003_FLM30_Water_146,2023-03-18T12:00:00.000000Z,300,324.3,0,3.37,0.029,0.919,4.318,25,101.325,0,-88,2023-03-18T11:56:29.000000Z,2023-03-18T12:09:02.000000Z,753
2023-03-18,NA,615.623,3257.18,-264.232,2023-03-18T11:55:02.000000Z,0.35,0.9,200,03-18-2023 11:55:02.076,45003_FLM30_Water_146,2023-03-18T12:00:00.000000Z,300,324.3,0,3.37,0.029,0.919,4.318,25,101.325,0,-87,2023-03-18T11:56:29.000000Z,2023-03-18T12:09:02.000000Z,753
2023-03-18,NA,614.276,3251.87,-475.488,2023-03-18T11:55:03.000000Z,0.35,0.9,200,03-18-2023 11:55:03.069,45003_FLM30_Water_146,2023-03-18T12:00:00.000000Z,300,324.3,0,3.37,0.029,0.919,4.318,25,101.325,0,-86,2023-03-18T11:56:29.000000Z,2023-03-18T12:09:02.000000Z,753
2023-03-18,NA,616.341,3260.15,-189.243,2023-03-18T11:55:04.000000Z,0.35,0.9,200,03-18-2023 11:55:04.065,45003_FLM30_Water_146,2023-03-18T12:00:00.000000Z,300,324.3,0,3.37,0.029,0.919,4.318,25,101.325,0,-85,2023-03-18T11:56:29.000000Z,2023-03-18T12:09:02.000000Z,753
2023-03-18,NA,615.14,3258.28,-351.6,2023-03-18T11:55:05.000000Z,0.35,0.9,200,03-18-2023 11:55:05.059,45003_FLM30_Water_146,2023-03-18T12:00:00.000000Z,300,324.3,0,3.37,0.029,0.919,4.318,25,101.325,0,-84,2023-03-18T11:56:29.000000Z,2023-03-18T12:09:02.000000Z,753
2023-03-18,NA,614.488,3260.7200000000003,-248.351,2023-03-18T11:55:06.000000Z,0.35,0.9,200,03-18-2023 11:55:06.054,45003_FLM30_Water_146,2023-03-18T12:00:00.000000Z,300,324.3,0,3.37,0.029,0.919,4.318,25,101.325,0,-83,2023-03-18T11:56:29.000000Z,2023-03-18T12:09:02.000000Z,753
2023-03-18,NA,615.179,3261.7400000000002,-384.308,2023-03-18T11:55:07.000000Z,0.35,0.9,200,03-18-2023 11:55:07.048,45003_FLM30_Water_146,2023-03-18T12:00:00.000000Z,300,324.3,0,3.37,0.029,0.919,4.318,25,101.325,0,-82,2023-03-18T11:56:29.000000Z,2023-03-18T12:09:02.000000Z,753
2023-03-18,NA,616.012,3257.94,-422.828,2023-03-18T11:55:08.000000Z,0.35,0.9,200,03-18-2023 11:55:08.042,45003_FLM30_Water_146,2023-03-18T12:00:00.000000Z,300,324.3,0,3.37,0.029,0.919,4.318,25,101.325,0,-81,2023-03-18T11:56:29.000000Z,2023-03-18T12:09:02.000000Z,753
2023-03-18,NA,614.134,3261.26,-374.21,2023-03-18T11:55:09.000000Z,0.35,0.9,200,03-18-2023 11:55:09.038,45003_FLM30_Water_146,2023-03-18T12:00:00.000000Z,300,324.3,0,3.37,0.029,0.919,4.318,25,101.325,0,-80,2023-03-18T11:56:29.000000Z,2023-03-18T12:09:02.000000Z,753
2023-03-18,NA,614.751,3260.4700000000003,-234.943,2023-03-18T11:55:10.000000Z,0.35,0.9,200,03-18-2023 11:55:10.032,45003_FLM30_Water_146,2023-03-18T12:00:00.000000Z,300,324.3,0,3.37,0.029,0.919,4.318,25,101.325,0,-79,2023-03-18T11:56:29.000000Z,2023-03-18T12:09:02.000000Z,753
2023-03-18,NA,614.539,3259.52,-358.036,2023-03-18T11:55:11.000000Z,0.35,0.9,200,03-18-2023 11:55:11.026,45003_FLM30_Water_146,2023-03-18T12:00:00.000000Z,300,324.3,0,3.37,0.029,0.919,4.318,25,101.325,0,-78,2023-03-18T11:56:29.000000Z,2023-03-18T12:09:02.000000Z,753
2023-03-18,NA,615.511,3260.51,-300.97,2023-03-18T11:55:12.000000Z,0.35,0.9,200,03-18-2023 11:55:12.021,45003_FLM30_Water_146,2023-03-18T12:00:00.000000Z,300,324.3,0,3.37,0.029,0.919,4.318,25,101.325,0,-77,2023-03-18T11:56:29.000000Z,2023-03-18T12:09:02.000000Z,753
2023-03-18,NA,614.839,3258.6400000000003,-977.934,2023-03-18T11:55:13.000000Z,0.35,0.9,200,03-18-2023 11:55:13.016,45003_FLM30_Water_146,2023-03-18T12:00:00.000000Z,300,324.3,0,3.37,0.029,0.919,4.318,25,101.325,0,-76,2023-03-18T11:56:29.000000Z,2023-03-18T12:09:02.000000Z,753
2023-03-18,NA,615.902,3259.39,-262.117,2023-03-18T11:55:14.000000Z,0.35,0.9,200,03-18-2023 11:55:14.010,45003_FLM30_Water_146,2023-03-18T12:00:00.000000Z,300,324.3,0,3.37,0.029,0.919,4.318,25,101.325,0,-75,2023-03-18T11:56:29.000000Z,2023-03-18T12:09:02.000000Z,753
2023-03-18,NA,616.792,3252.7400000000002,-432.674,2023-03-18T11:55:15.000000Z,0.35,0.9,200,03-18-2023 11:55:15.004,45003_FLM30_Water_146,2023-03-18T12:00:00.000000Z,300,324.3,0,3.37,0.029,0.919,4.318,25,101.325,0,-74,2023-03-18T11:56:29.000000Z,2023-03-18T12:09:02.000000Z,753
2023-03-18,NA,617.503,3266.28,-255.092,2023-03-18T11:55:16.000000Z,0.35,0.9,200,03-18-2023 11:55:15.999,45003_FLM30_Water_146,2023-03-18T12:00:00.000000Z,300,324.3,0,3.37,0.029,0.919,4.318,25,101.325,0,-73,2023-03-18T11:56:29.000000Z,2023-03-18T12:09:02.000000Z,753
2023-03-18,NA,614.543,3263.1800000000003,-437.942,2023-03-18T11:55:17.000000Z,0.35,0.9,200,03-18-2023 11:55:16.994,45003_FLM30_Water_146,2023-03-18T12:00:00.000000Z,300,324.3,0,3.37,0.029,0.919,4.318,25,101.325,0,-72,2023-03-18T11:56:29.000000Z,2023-03-18T12:09:02.000000Z,753
2023-03-18,NA,615.718,3267.92,-460.52,2023-03-18T11:55:18.000000Z,0.35,0.9,200,03-18-2023 11:55:17.988,45003_FLM30_Water_146,2023-03-18T12:00:00.000000Z,300,324.3,0,3.37,0.029,0.919,4.318,25,101.325,0,-71,2023-03-18T11:56:29.000000Z,2023-03-18T12:09:02.000000Z,753
2023-03-18,NA,614.52,3263.58,-979.364,2023-03-18T11:55:19.000000Z,0.35,0.9,200,03-18-2023 11:55:18.982,45003_FLM30_Water_146,2023-03-18T12:00:00.000000Z,300,324.3,0,3.37,0.029,0.919,4.318,25,101.325,0,-70,2023-03-18T11:56:29.000000Z,2023-03-18T12:09:02.000000Z,753
2023-03-18,NA,615.025,3260.89,-1085.3,2023-03-18T11:55:20.000000Z,0.35,0.9,200,03-18-2023 11:55:19.977,45003_FLM30_Water_146,2023-03-18T12:00:00.000000Z,300,324.3,0,3.37,0.029,0.919,4.318,25,101.325,0,-69,2023-03-18T11:56:29.000000Z,2023-03-18T12:09:02.000000Z,753
2023-03-18,NA,615.277,3255.02,-337.746,2023-03-18T11:55:21.000000Z,0.35,0.9,200,03-18-2023 11:55:20.971,45003_FLM30_Water_146,2023-03-18T12:00:00.000000Z,300,324.3,0,3.37,0.029,0.919,4.318,25,101.325,0,-68,2023-03-18T11:56:29.000000Z,2023-03-18T12:09:02.000000Z,753
2023-03-18,NA,614.378,3264.11,-339.246,2023-03-18T11:55:22.000000Z,0.35,0.9,200,03-18-2023 11:55:21.966,45003_FLM30_Water_146,2023-03-18T12:00:00.000000Z,300,324.3,0,3.37,0.029,0.919,4.318,25,101.325,0,-67,2023-03-18T11:56:29.000000Z,2023-03-18T12:09:02.000000Z,753
2023-03-18,NA,616.296,3262.25,-427.783,2023-03-18T11:55:23.000000Z,0.35,0.9,200,03-18-2023 11:55:22.961,45003_FLM30_Water_146,2023-03-18T12:00:00.000000Z,300,324.3,0,3.37,0.029,0.919,4.318,25,101.325,0,-66,2023-03-18T11:56:29.000000Z,2023-03-18T12:09:02.000000Z,753
2023-03-18,NA,614.975,3261.34,-419.654,2023-03-18T11:55:24.000000Z,0.35,0.9,200,03-18-2023 11:55:23.955,45003_FLM30_Water_146,2023-03-18T12:00:00.000000Z,300,324.3,0,3.37,0.029,0.919,4.318,25,101.325,0,-65,2023-03-18T11:56:29.000000Z,2023-03-18T12:09:02.000000Z,753
2023-03-18,NA,615.83,3269,-222.738,2023-03-18T11:55:25.000000Z,0.35,0.9,200,03-18-2023 11:55:24.950,45003_FLM30_Water_146,2023-03-18T12:00:00.000000Z,300,324.3,0,3.37,0.029,0.919,4.318,25,101.325,0,-64,2023-03-18T11:56:29.000000Z,2023-03-18T12:09:02.000000Z,753
2023-03-18,NA,613.827,3264.6000000000004,-999.565,2023-03-18T11:55:26.000000Z,0.35,0.9,200,03-18-2023 11:55:25.945,45003_FLM30_Water_146,2023-03-18T12:00:00.000000Z,300,324.3,0,3.37,0.029,0.919,4.318,25,101.325,0,-63,2023-03-18T11:56:29.000000Z,2023-03-18T12:09:02.000000Z,753
2023-03-18,NA,614.912,3259.22,-513.858,2023-03-18T11:55:27.000000Z,0.35,0.9,200,03-18-2023 11:55:26.938,45003_FLM30_Water_146,2023-03-18T12:00:00.000000Z,300,324.3,0,3.37,0.029,0.919,4.318,25,101.325,0,-62,2023-03-18T11:56:29.000000Z,2023-03-18T12:09:02.000000Z,753
2023-03-18,NA,614.523,3262.3,-293.428,2023-03-18T11:55:28.000000Z,0.35,0.9,200,03-18-2023 11:55:27.933,45003_FLM30_Water_146,2023-03-18T12:00:00.000000Z,300,324.3,0,3.37,0.029,0.919,4.318,25,101.325,0,-61,2023-03-18T11:56:29.000000Z,2023-03-18T12:09:02.000000Z,753
2023-03-18,NA,615.608,3266.25,-284.369,2023-03-18T11:55:29.000000Z,0.35,0.9,200,03-18-2023 11:55:28.929,45003_FLM30_Water_146,2023-03-18T12:00:00.000000Z,300,324.3,0,3.37,0.029,0.919,4.318,25,101.325,0,-60,2023-03-18T11:56:29.000000Z,2023-03-18T12:09:02.000000Z,753
2023-03-18,NA,616.438,3266.3700000000003,-239.365,2023-03-18T11:55:30.000000Z,0.35,0.9,200,03-18-2023 11:55:29.922,45003_FLM30_Water_146,2023-03-18T12:00:00.000000Z,300,324.3,0,3.37,0.029,0.919,4.318,25,101.325,0,-59,2023-03-18T11:56:29.000000Z,2023-03-18T12:09:02.000000Z,753
2023-03-18,NA,615.926,3268.03,-203.723,2023-03-18T11:55:31.000000Z,0.35,0.9,200,03-18-2023 11:55:30.917,45003_FLM30_Water_146,2023-03-18T12:00:00.000000Z,300,324.3,0,3.37,0.029,0.919,4.318,25,101.325,0,-58,2023-03-18T11:56:29.000000Z,2023-03-18T12:09:02.000000Z,753
2023-03-18,NA,616.516,3259.1,-453.472,2023-03-18T11:55:32.000000Z,0.35,0.9,200,03-18-2023 11:55:31.911,45003_FLM30_Water_146,2023-03-18T12:00:00.000000Z,300,324.3,0,3.37,0.029,0.919,4.318,25,101.325,0,-57,2023-03-18T11:56:29.000000Z,2023-03-18T12:09:02.000000Z,753
2023-03-18,NA,616.376,3266.68,-407.694,2023-03-18T11:55:33.000000Z,0.35,0.9,200,03-18-2023 11:55:32.906,45003_FLM30_Water_146,2023-03-18T12:00:00.000000Z,300,324.3,0,3.37,0.029,0.919,4.318,25,101.325,0,-56,2023-03-18T11:56:29.000000Z,2023-03-18T12:09:02.000000Z,753
2023-03-18,NA,616.568,3265.81,-298.976,2023-03-18T11:55:34.000000Z,0.35,0.9,200,03-18-2023 11:55:33.901,45003_FLM30_Water_146,2023-03-18T12:00:00.000000Z,300,324.3,0,3.37,0.029,0.919,4.318,25,101.325,0,-55,2023-03-18T11:56:29.000000Z,2023-03-18T12:09:02.000000Z,753
2023-03-18,NA,615.079,3266.25,-368.124,2023-03-18T11:55:35.000000Z,0.35,0.9,200,03-18-2023 11:55:34.895,45003_FLM30_Water_146,2023-03-18T12:00:00.000000Z,300,324.3,0,3.37,0.029,0.919,4.318,25,101.325,0,-54,2023-03-18T11:56:29.000000Z,2023-03-18T12:09:02.000000Z,753
2023-03-18,NA,615.588,3260.4500000000003,-347.974,2023-03-18T11:55:36.000000Z,0.35,0.9,200,03-18-2023 11:55:35.890,45003_FLM30_Water_146,2023-03-18T12:00:00.000000Z,300,324.3,0,3.37,0.029,0.919,4.318,25,101.325,0,-53,2023-03-18T11:56:29.000000Z,2023-03-18T12:09:02.000000Z,753
2023-03-18,NA,616.208,3268.86,-275.56,2023-03-18T11:55:37.000000Z,0.35,0.9,200,03-18-2023 11:55:36.885,45003_FLM30_Water_146,2023-03-18T12:00:00.000000Z,300,324.3,0,3.37,0.029,0.919,4.318,25,101.325,0,-52,2023-03-18T11:56:29.000000Z,2023-03-18T12:09:02.000000Z,753
2023-03-18,NA,617.685,3268.09,-247.792,2023-03-18T11:55:38.000000Z,0.35,0.9,200,03-18-2023 11:55:37.878,45003_FLM30_Water_146,2023-03-18T12:00:00.000000Z,300,324.3,0,3.37,0.029,0.919,4.318,25,101.325,0,-51,2023-03-18T11:56:29.000000Z,2023-03-18T12:09:02.000000Z,753
2023-03-18,NA,616.627,3265.56,-383.519,2023-03-18T11:55:39.000000Z,0.35,0.9,200,03-18-2023 11:55:38.873,45003_FLM30_Water_146,2023-03-18T12:00:00.000000Z,300,324.3,0,3.37,0.029,0.919,4.318,25,101.325,0,-50,2023-03-18T11:56:29.000000Z,2023-03-18T12:09:02.000000Z,753
2023-03-18,NA,615.518,3269.18,-355.394,2023-03-18T11:55:40.000000Z,0.35,0.9,200,03-18-2023 11:55:39.868,45003_FLM30_Water_146,2023-03-18T12:00:00.000000Z,300,324.3,0,3.37,0.029,0.919,4.318,25,101.325,0,-49,2023-03-18T11:56:29.000000Z,2023-03-18T12:09:02.000000Z,753
2023-03-18,NA,617.526,3263.33,-237.715,2023-03-18T11:55:41.000000Z,0.35,0.9,200,03-18-2023 11:55:40.862,45003_FLM30_Water_146,2023-03-18T12:00:00.000000Z,300,324.3,0,3.37,0.029,0.919,4.318,25,101.325,0,-48,2023-03-18T11:56:29.000000Z,2023-03-18T12:09:02.000000Z,753
2023-03-18,NA,617.146,3266.1699999999996,-239.298,2023-03-18T11:55:42.000000Z,0.35,0.9,200,03-18-2023 11:55:41.857,45003_FLM30_Water_146,2023-03-18T12:00:00.000000Z,300,324.3,0,3.37,0.029,0.919,4.318,25,101.325,0,-47,2023-03-18T11:56:29.000000Z,2023-03-18T12:09:02.000000Z,753
2023-03-18,NA,615.873,3266.0499999999997,-362.838,2023-03-18T11:55:43.000000Z,0.35,0.9,200,03-18-2023 11:55:42.851,45003_FLM30_Water_146,2023-03-18T12:00:00.000000Z,300,324.3,0,3.37,0.029,0.919,4.318,25,101.325,0,-46,2023-03-18T11:56:29.000000Z,2023-03-18T12:09:02.000000Z,753
2023-03-18,NA,616.744,3260.78,-296.617,2023-03-18T11:55:44.000000Z,0.35,0.9,200,03-18-2023 11:55:43.846,45003_FLM30_Water_146,2023-03-18T12:00:00.000000Z,300,324.3,0,3.37,0.029,0.919,4.318,25,101.325,0,-45,2023-03-18T11:56:29.000000Z,2023-03-18T12:09:02.000000Z,753
2023-03-18,NA,617.164,3266.03,-288.515,2023-03-18T11:55:45.000000Z,0.35,0.9,200,03-18-2023 11:55:44.840,45003_FLM30_Water_146,2023-03-18T12:00:00.000000Z,300,324.3,0,3.37,0.029,0.919,4.318,25,101.325,0,-44,2023-03-18T11:56:29.000000Z,2023-03-18T12:09:02.000000Z,753
2023-03-18,NA,616.317,3267.7900000000004,-411.028,2023-03-18T11:55:46.000000Z,0.35,0.9,200,03-18-2023 11:55:45.835,45003_FLM30_Water_146,2023-03-18T12:00:00.000000Z,300,324.3,0,3.37,0.029,0.919,4.318,25,101.325,0,-43,2023-03-18T11:56:29.000000Z,2023-03-18T12:09:02.000000Z,753
2023-03-18,NA,617.382,3270.1600000000003,-338.861,2023-03-18T11:55:47.000000Z,0.35,0.9,200,03-18-2023 11:55:46.829,45003_FLM30_Water_146,2023-03-18T12:00:00.000000Z,300,324.3,0,3.37,0.029,0.919,4.318,25,101.325,0,-42,2023-03-18T11:56:29.000000Z,2023-03-18T12:09:02.000000Z,753
2023-03-18,NA,616.826,3271.3399999999997,-335.515,2023-03-18T11:55:48.000000Z,0.35,0.9,200,03-18-2023 11:55:47.824,45003_FLM30_Water_146,2023-03-18T12:00:00.000000Z,300,324.3,0,3.37,0.029,0.919,4.318,25,101.325,0,-41,2023-03-18T11:56:29.000000Z,2023-03-18T12:09:02.000000Z,753
2023-03-18,NA,615.947,3263.31,-1104.96,2023-03-18T11:55:49.000000Z,0.35,0.9,200,03-18-2023 11:55:48.819,45003_FLM30_Water_146,2023-03-18T12:00:00.000000Z,300,324.3,0,3.37,0.029,0.919,4.318,25,101.325,0,-40,2023-03-18T11:56:29.000000Z,2023-03-18T12:09:02.000000Z,753
2023-03-18,NA,615.05,3275.75,-208.321,2023-03-18T11:55:50.000000Z,0.35,0.9,200,03-18-2023 11:55:49.814,45003_FLM30_Water_146,2023-03-18T12:00:00.000000Z,300,324.3,0,3.37,0.029,0.919,4.318,25,101.325,0,-39,2023-03-18T11:56:29.000000Z,2023-03-18T12:09:02.000000Z,753
2023-03-18,NA,618.93,3270.5899999999997,-398.968,2023-03-18T11:55:51.000000Z,0.35,0.9,200,03-18-2023 11:55:50.807,45003_FLM30_Water_146,2023-03-18T12:00:00.000000Z,300,324.3,0,3.37,0.029,0.919,4.318,25,101.325,0,-38,2023-03-18T11:56:29.000000Z,2023-03-18T12:09:02.000000Z,753
2023-03-18,NA,616.243,3270.94,-351.64,2023-03-18T11:55:52.000000Z,0.35,0.9,200,03-18-2023 11:55:51.802,45003_FLM30_Water_146,2023-03-18T12:00:00.000000Z,300,324.3,0,3.37,0.029,0.919,4.318,25,101.325,0,-37,2023-03-18T11:56:29.000000Z,2023-03-18T12:09:02.000000Z,753
2023-03-18,NA,617.783,3268.31,-420.25,2023-03-18T11:55:53.000000Z,0.35,0.9,200,03-18-2023 11:55:52.798,45003_FLM30_Water_146,2023-03-18T12:00:00.000000Z,300,324.3,0,3.37,0.029,0.919,4.318,25,101.325,0,-36,2023-03-18T11:56:29.000000Z,2023-03-18T12:09:02.000000Z,753
2023-03-18,NA,615.296,3268.52,-1041.86,2023-03-18T11:55:54.000000Z,0.35,0.9,200,03-18-2023 11:55:53.791,45003_FLM30_Water_146,2023-03-18T12:00:00.000000Z,300,324.3,0,3.37,0.029,0.919,4.318,25,101.325,0,-35,2023-03-18T11:56:29.000000Z,2023-03-18T12:09:02.000000Z,753
2023-03-18,NA,617.114,3267.83,-1066.47,2023-03-18T11:55:55.000000Z,0.35,0.9,200,03-18-2023 11:55:54.786,45003_FLM30_Water_146,2023-03-18T12:00:00.000000Z,300,324.3,0,3.37,0.029,0.919,4.318,25,101.325,0,-34,2023-03-18T11:56:29.000000Z,2023-03-18T12:09:02.000000Z,753
2023-03-18,NA,617.027,3269.97,-280.983,2023-03-18T11:55:56.000000Z,0.35,0.9,200,03-18-2023 11:55:55.780,45003_FLM30_Water_146,2023-03-18T12:00:00.000000Z,300,324.3,0,3.37,0.029,0.919,4.318,25,101.325,0,-33,2023-03-18T11:56:29.000000Z,2023-03-18T12:09:02.000000Z,753
2023-03-18,NA,615.054,3275.14,-403.89,2023-03-18T11:55:57.000000Z,0.35,0.9,200,03-18-2023 11:55:56.775,45003_FLM30_Water_146,2023-03-18T12:00:00.000000Z,300,324.3,0,3.37,0.029,0.919,4.318,25,101.325,0,-32,2023-03-18T11:56:29.000000Z,2023-03-18T12:09:02.000000Z,753
2023-03-18,NA,616.575,3268.02,-883.047,2023-03-18T11:55:58.000000Z,0.35,0.9,200,03-18-2023 11:55:57.770,45003_FLM30_Water_146,2023-03-18T12:00:00.000000Z,300,324.3,0,3.37,0.029,0.919,4.318,25,101.325,0,-31,2023-03-18T11:56:29.000000Z,2023-03-18T12:09:02.000000Z,753
2023-03-18,NA,617.049,3266.6400000000003,-228.99,2023-03-18T11:55:59.000000Z,0.35,0.9,200,03-18-2023 11:55:58.764,45003_FLM30_Water_146,2023-03-18T12:00:00.000000Z,300,324.3,0,3.37,0.029,0.919,4.318,25,101.325,0,-30,2023-03-18T11:56:29.000000Z,2023-03-18T12:09:02.000000Z,753
2023-03-18,NA,614.703,3264.97,-1033.58,2023-03-18T11:56:00.000000Z,0.35,0.9,200,03-18-2023 11:55:59.759,45003_FLM30_Water_146,2023-03-18T12:00:00.000000Z,300,324.3,0,3.37,0.029,0.919,4.318,25,101.325,0,-29,2023-03-18T11:56:29.000000Z,2023-03-18T12:09:02.000000Z,753
2023-03-18,NA,615.295,3268.7400000000002,-410.525,2023-03-18T11:56:01.000000Z,0.35,0.9,200,03-18-2023 11:56:00.754,45003_FLM30_Water_146,2023-03-18T12:00:00.000000Z,300,324.3,0,3.37,0.029,0.919,4.318,25,101.325,0,-28,2023-03-18T11:56:29.000000Z,2023-03-18T12:09:02.000000Z,753
2023-03-18,NA,616.99,3269.01,-392.218,2023-03-18T11:56:02.000000Z,0.35,0.9,200,03-18-2023 11:56:01.747,45003_FLM30_Water_146,2023-03-18T12:00:00.000000Z,300,324.3,0,3.37,0.029,0.919,4.318,25,101.325,0,-27,2023-03-18T11:56:29.000000Z,2023-03-18T12:09:02.000000Z,753
2023-03-18,NA,615.463,3274.1699999999996,-439.261,2023-03-18T11:56:03.000000Z,0.35,0.9,200,03-18-2023 11:56:02.742,45003_FLM30_Water_146,2023-03-18T12:00:00.000000Z,300,324.3,0,3.37,0.029,0.919,4.318,25,101.325,0,-26,2023-03-18T11:56:29.000000Z,2023-03-18T12:09:02.000000Z,753
2023-03-18,NA,615.902,3271.82,-297.299,2023-03-18T11:56:04.000000Z,0.35,0.9,200,03-18-2023 11:56:03.737,45003_FLM30_Water_146,2023-03-18T12:00:00.000000Z,300,324.3,0,3.37,0.029,0.919,4.318,25,101.325,0,-25,2023-03-18T11:56:29.000000Z,2023-03-18T12:09:02.000000Z,753
2023-03-18,NA,617.241,3273.45,-991.255,2023-03-18T11:56:05.000000Z,0.35,0.9,200,03-18-2023 11:56:04.731,45003_FLM30_Water_146,2023-03-18T12:00:00.000000Z,300,324.3,0,3.37,0.029,0.919,4.318,25,101.325,0,-24,2023-03-18T11:56:29.000000Z,2023-03-18T12:09:02.000000Z,753
2023-03-18,NA,617.394,3270.82,-290.064,2023-03-18T11:56:06.000000Z,0.35,0.9,200,03-18-2023 11:56:05.727,45003_FLM30_Water_146,2023-03-18T12:00:00.000000Z,300,324.3,0,3.37,0.029,0.919,4.318,25,101.325,0,-23,2023-03-18T11:56:29.000000Z,2023-03-18T12:09:02.000000Z,753
2023-03-18,NA,615.311,3267.75,-500.315,2023-03-18T11:56:07.000000Z,0.35,0.9,200,03-18-2023 11:56:06.720,45003_FLM30_Water_146,2023-03-18T12:00:00.000000Z,300,324.3,0,3.37,0.029,0.919,4.318,25,101.325,0,-22,2023-03-18T11:56:29.000000Z,2023-03-18T12:09:02.000000Z,753
2023-03-18,NA,616.029,3277.4700000000003,-410.482,2023-03-18T11:56:08.000000Z,0.35,0.9,200,03-18-2023 11:56:07.716,45003_FLM30_Water_146,2023-03-18T12:00:00.000000Z,300,324.3,0,3.37,0.029,0.919,4.318,25,101.325,0,-21,2023-03-18T11:56:29.000000Z,2023-03-18T12:09:02.000000Z,753
2023-03-18,NA,615.062,3273.83,-1061.74,2023-03-18T11:56:09.000000Z,0.35,0.9,200,03-18-2023 11:56:08.710,45003_FLM30_Water_146,2023-03-18T12:00:00.000000Z,300,324.3,0,3.37,0.029,0.919,4.318,25,101.325,0,-20,2023-03-18T11:56:29.000000Z,2023-03-18T12:09:02.000000Z,753
2023-03-18,NA,617.37,3273.49,-356.062,2023-03-18T11:56:10.000000Z,0.35,0.9,200,03-18-2023 11:56:09.704,45003_FLM30_Water_146,2023-03-18T12:00:00.000000Z,300,324.3,0,3.37,0.029,0.919,4.318,25,101.325,0,-19,2023-03-18T11:56:29.000000Z,2023-03-18T12:09:02.000000Z,753
2023-03-18,NA,616.147,3274.3799999999997,-432.04,2023-03-18T11:56:11.000000Z,0.35,0.9,200,03-18-2023 11:56:10.699,45003_FLM30_Water_146,2023-03-18T12:00:00.000000Z,300,324.3,0,3.37,0.029,0.919,4.318,25,101.325,0,-18,2023-03-18T11:56:29.000000Z,2023-03-18T12:09:02.000000Z,753
2023-03-18,NA,617.057,3270.42,-332.611,2023-03-18T11:56:12.000000Z,0.35,0.9,200,03-18-2023 11:56:11.694,45003_FLM30_Water_146,2023-03-18T12:00:00.000000Z,300,324.3,0,3.37,0.029,0.919,4.318,25,101.325,0,-17,2023-03-18T11:56:29.000000Z,2023-03-18T12:09:02.000000Z,753
2023-03-18,NA,615.177,3270.9199999999996,-388.6,2023-03-18T11:56:13.000000Z,0.35,0.9,200,03-18-2023 11:56:12.688,45003_FLM30_Water_146,2023-03-18T12:00:00.000000Z,300,324.3,0,3.37,0.029,0.919,4.318,25,101.325,0,-16,2023-03-18T11:56:29.000000Z,2023-03-18T12:09:02.000000Z,753
2023-03-18,NA,616.28,3274.0499999999997,-299.601,2023-03-18T11:56:14.000000Z,0.35,0.9,200,03-18-2023 11:56:13.683,45003_FLM30_Water_146,2023-03-18T12:00:00.000000Z,300,324.3,0,3.37,0.029,0.919,4.318,25,101.325,0,-15,2023-03-18T11:56:29.000000Z,2023-03-18T12:09:02.000000Z,753
2023-03-18,NA,616.614,3268.79,-380.192,2023-03-18T11:56:15.000000Z,0.35,0.9,200,03-18-2023 11:56:14.678,45003_FLM30_Water_146,2023-03-18T12:00:00.000000Z,300,324.3,0,3.37,0.029,0.919,4.318,25,101.325,0,-14,2023-03-18T11:56:29.000000Z,2023-03-18T12:09:02.000000Z,753
2023-03-18,NA,617.754,3275.5200000000004,-1032.2,2023-03-18T11:56:16.000000Z,0.35,0.9,200,03-18-2023 11:56:15.671,45003_FLM30_Water_146,2023-03-18T12:00:00.000000Z,300,324.3,0,3.37,0.029,0.919,4.318,25,101.325,0,-13,2023-03-18T11:56:29.000000Z,2023-03-18T12:09:02.000000Z,753
2023-03-18,NA,617.762,3276.8700000000003,-318.999,2023-03-18T11:56:17.000000Z,0.35,0.9,200,03-18-2023 11:56:16.666,45003_FLM30_Water_146,2023-03-18T12:00:00.000000Z,300,324.3,0,3.37,0.029,0.919,4.318,25,101.325,0,-12,2023-03-18T11:56:29.000000Z,2023-03-18T12:09:02.000000Z,753
2023-03-18,NA,618.909,3271.76,-320.953,2023-03-18T11:56:18.000000Z,0.35,0.9,200,03-18-2023 11:56:17.660,45003_FLM30_Water_146,2023-03-18T12:00:00.000000Z,300,324.3,0,3.37,0.029,0.919,4.318,25,101.325,0,-11,2023-03-18T11:56:29.000000Z,2023-03-18T12:09:02.000000Z,753
2023-03-18,NA,617.198,3271.1299999999997,-1038.68,2023-03-18T11:56:19.000000Z,0.35,0.9,200,03-18-2023 11:56:18.656,45003_FLM30_Water_146,2023-03-18T12:00:00.000000Z,300,324.3,0,3.37,0.029,0.919,4.318,25,101.325,0,-10,2023-03-18T11:56:29.000000Z,2023-03-18T12:09:02.000000Z,753
2023-03-18,NA,616.852,3278.33,-426.303,2023-03-18T11:56:20.000000Z,0.35,0.9,200,03-18-2023 11:56:19.650,45003_FLM30_Water_146,2023-03-18T12:00:00.000000Z,300,324.3,0,3.37,0.029,0.919,4.318,25,101.325,0,-9,2023-03-18T11:56:29.000000Z,2023-03-18T12:09:02.000000Z,753
2023-03-18,NA,616.56,3275.6400000000003,-277.996,2023-03-18T11:56:21.000000Z,0.35,0.9,200,03-18-2023 11:56:20.645,45003_FLM30_Water_146,2023-03-18T12:00:00.000000Z,300,324.3,0,3.37,0.029,0.919,4.318,25,101.325,0,-8,2023-03-18T11:56:29.000000Z,2023-03-18T12:09:02.000000Z,753
2023-03-18,NA,616.991,3268.78,-1028.09,2023-03-18T11:56:22.000000Z,0.35,0.9,200,03-18-2023 11:56:21.638,45003_FLM30_Water_146,2023-03-18T12:00:00.000000Z,300,324.3,0,3.37,0.029,0.919,4.318,25,101.325,0,-7,2023-03-18T11:56:29.000000Z,2023-03-18T12:09:02.000000Z,753
2023-03-18,NA,617.812,3271.14,-911.16,2023-03-18T11:56:23.000000Z,0.35,0.9,200,03-18-2023 11:56:22.633,45003_FLM30_Water_146,2023-03-18T12:00:00.000000Z,300,324.3,0,3.37,0.029,0.919,4.318,25,101.325,0,-6,2023-03-18T11:56:29.000000Z,2023-03-18T12:09:02.000000Z,753
2023-03-18,NA,617.926,3276.4,-168.244,2023-03-18T11:56:24.000000Z,0.35,0.9,200,03-18-2023 11:56:23.627,45003_FLM30_Water_146,2023-03-18T12:00:00.000000Z,300,324.3,0,3.37,0.029,0.919,4.318,25,101.325,0,-5,2023-03-18T11:56:29.000000Z,2023-03-18T12:09:02.000000Z,753
2023-03-18,NA,617.433,3276.48,-296.267,2023-03-18T11:56:25.000000Z,0.35,0.9,200,03-18-2023 11:56:24.623,45003_FLM30_Water_146,2023-03-18T12:00:00.000000Z,300,324.3,0,3.37,0.029,0.919,4.318,25,101.325,0,-4,2023-03-18T11:56:29.000000Z,2023-03-18T12:09:02.000000Z,753
2023-03-18,NA,619.307,3271.56,-512.723,2023-03-18T11:56:26.000000Z,0.35,0.9,200,03-18-2023 11:56:25.618,45003_FLM30_Water_146,2023-03-18T12:00:00.000000Z,300,324.3,0,3.37,0.029,0.919,4.318,25,101.325,0,-3,2023-03-18T11:56:29.000000Z,2023-03-18T12:09:02.000000Z,753
2023-03-18,NA,617.377,3274.35,-200.425,2023-03-18T11:56:27.000000Z,0.35,0.9,200,03-18-2023 11:56:26.611,45003_FLM30_Water_146,2023-03-18T12:00:00.000000Z,300,324.3,0,3.37,0.029,0.919,4.318,25,101.325,0,-2,2023-03-18T11:56:29.000000Z,2023-03-18T12:09:02.000000Z,753
2023-03-18,NA,619.693,3277.73,-421.946,2023-03-18T11:56:28.000000Z,0.35,0.9,200,03-18-2023 11:56:27.607,45003_FLM30_Water_146,2023-03-18T12:00:00.000000Z,300,324.3,0,3.37,0.029,0.919,4.318,25,101.325,0,-1,2023-03-18T11:56:29.000000Z,2023-03-18T12:09:02.000000Z,753
2023-03-18,NA,617.157,3274.5099999999998,-312.62,2023-03-18T11:56:29.000000Z,0.35,0.9,200,03-18-2023 11:56:28.601,45003_FLM30_Water_146,2023-03-18T12:00:00.000000Z,300,324.3,0,3.37,0.029,0.919,4.318,25,101.325,1,0,2023-03-18T11:56:29.000000Z,2023-03-18T12:09:02.000000Z,753
2023-03-18,NA,618.389,3275.54,-264.868,2023-03-18T11:56:30.000000Z,0.35,0.9,200,03-18-2023 11:56:29.595,45003_FLM30_Water_146,2023-03-18T12:00:00.000000Z,300,324.3,0,3.37,0.029,0.919,4.318,25,101.325,1,1,2023-03-18T11:56:29.000000Z,2023-03-18T12:09:02.000000Z,753
2023-03-18,NA,617.383,3273.12,-479.109,2023-03-18T11:56:31.000000Z,0.35,0.9,200,03-18-2023 11:56:30.589,45003_FLM30_Water_146,2023-03-18T12:00:00.000000Z,300,324.3,0,3.37,0.029,0.919,4.318,25,101.325,1,2,2023-03-18T11:56:29.000000Z,2023-03-18T12:09:02.000000Z,753
2023-03-18,NA,615.154,3273.99,-1081.3,2023-03-18T11:56:32.000000Z,0.35,0.9,200,03-18-2023 11:56:31.584,45003_FLM30_Water_146,2023-03-18T12:00:00.000000Z,300,324.3,0,3.37,0.029,0.919,4.318,25,101.325,1,3,2023-03-18T11:56:29.000000Z,2023-03-18T12:09:02.000000Z,753
2023-03-18,NA,619.705,3281.6,-318.742,2023-03-18T11:56:33.000000Z,0.35,0.9,200,03-18-2023 11:56:32.579,45003_FLM30_Water_146,2023-03-18T12:00:00.000000Z,300,324.3,0,3.37,0.029,0.919,4.318,25,101.325,1,4,2023-03-18T11:56:29.000000Z,2023-03-18T12:09:02.000000Z,753
2023-03-18,NA,619.489,3280.6099999999997,-304.292,2023-03-18T11:56:34.000000Z,0.35,0.9,200,03-18-2023 11:56:33.573,45003_FLM30_Water_146,2023-03-18T12:00:00.000000Z,300,324.3,0,3.37,0.029,0.919,4.318,25,101.325,1,5,2023-03-18T11:56:29.000000Z,2023-03-18T12:09:02.000000Z,753
2023-03-18,NA,618.94,3276.36,-272.41,2023-03-18T11:56:35.000000Z,0.35,0.9,200,03-18-2023 11:56:34.568,45003_FLM30_Water_146,2023-03-18T12:00:00.000000Z,300,324.3,0,3.37,0.029,0.919,4.318,25,101.325,1,6,2023-03-18T11:56:29.000000Z,2023-03-18T12:09:02.000000Z,753
2023-03-18,NA,619.47,3274.4399999999996,-1022.68,2023-03-18T11:56:36.000000Z,0.35,0.9,200,03-18-2023 11:56:35.563,45003_FLM30_Water_146,2023-03-18T12:00:00.000000Z,300,324.3,0,3.37,0.029,0.919,4.318,25,101.325,1,7,2023-03-18T11:56:29.000000Z,2023-03-18T12:09:02.000000Z,753
2023-03-18,NA,617.327,3272.5499999999997,-212.647,2023-03-18T11:56:37.000000Z,0.35,0.9,200,03-18-2023 11:56:36.557,45003_FLM30_Water_146,2023-03-18T12:00:00.000000Z,300,324.3,0,3.37,0.029,0.919,4.318,25,101.325,1,8,2023-03-18T11:56:29.000000Z,2023-03-18T12:09:02.000000Z,753
2023-03-18,NA,616.924,3280.67,-174.883,2023-03-18T11:56:38.000000Z,0.35,0.9,200,03-18-2023 11:56:37.552,45003_FLM30_Water_146,2023-03-18T12:00:00.000000Z,300,324.3,0,3.37,0.029,0.919,4.318,25,101.325,1,9,2023-03-18T11:56:29.000000Z,2023-03-18T12:09:02.000000Z,753
2023-03-18,NA,617.713,3275.9700000000003,-999.878,2023-03-18T11:56:39.000000Z,0.35,0.9,200,03-18-2023 11:56:38.547,45003_FLM30_Water_146,2023-03-18T12:00:00.000000Z,300,324.3,0,3.37,0.029,0.919,4.318,25,101.325,1,10,2023-03-18T11:56:29.000000Z,2023-03-18T12:09:02.000000Z,753
2023-03-18,NA,616.486,3277.31,-356.145,2023-03-18T11:56:40.000000Z,0.35,0.9,200,03-18-2023 11:56:39.541,45003_FLM30_Water_146,2023-03-18T12:00:00.000000Z,300,324.3,0,3.37,0.029,0.919,4.318,25,101.325,1,11,2023-03-18T11:56:29.000000Z,2023-03-18T12:09:02.000000Z,753
2023-03-18,NA,617.19,3281.61,-231.266,2023-03-18T11:56:41.000000Z,0.35,0.9,200,03-18-2023 11:56:40.536,45003_FLM30_Water_146,2023-03-18T12:00:00.000000Z,300,324.3,0,3.37,0.029,0.919,4.318,25,101.325,1,12,2023-03-18T11:56:29.000000Z,2023-03-18T12:09:02.000000Z,753
2023-03-18,NA,616.751,3280.86,-149.928,2023-03-18T11:56:42.000000Z,0.35,0.9,200,03-18-2023 11:56:41.530,45003_FLM30_Water_146,2023-03-18T12:00:00.000000Z,300,324.3,0,3.37,0.029,0.919,4.318,25,101.325,1,13,2023-03-18T11:56:29.000000Z,2023-03-18T12:09:02.000000Z,753
2023-03-18,NA,617.606,3278.75,-382.833,2023-03-18T11:56:43.000000Z,0.35,0.9,200,03-18-2023 11:56:42.524,45003_FLM30_Water_146,2023-03-18T12:00:00.000000Z,300,324.3,0,3.37,0.029,0.919,4.318,25,101.325,1,14,2023-03-18T11:56:29.000000Z,2023-03-18T12:09:02.000000Z,753
2023-03-18,NA,617.698,3278.0499999999997,-262.042,2023-03-18T11:56:44.000000Z,0.35,0.9,200,03-18-2023 11:56:43.519,45003_FLM30_Water_146,2023-03-18T12:00:00.000000Z,300,324.3,0,3.37,0.029,0.919,4.318,25,101.325,1,15,2023-03-18T11:56:29.000000Z,2023-03-18T12:09:02.000000Z,753
2023-03-18,NA,617.231,3274.94,-329.539,2023-03-18T11:56:45.000000Z,0.35,0.9,200,03-18-2023 11:56:44.513,45003_FLM30_Water_146,2023-03-18T12:00:00.000000Z,300,324.3,0,3.37,0.029,0.919,4.318,25,101.325,1,16,2023-03-18T11:56:29.000000Z,2023-03-18T12:09:02.000000Z,753
2023-03-18,NA,617.621,3277.43,-400.298,2023-03-18T11:56:46.000000Z,0.35,0.9,200,03-18-2023 11:56:45.509,45003_FLM30_Water_146,2023-03-18T12:00:00.000000Z,300,324.3,0,3.37,0.029,0.919,4.318,25,101.325,1,17,2023-03-18T11:56:29.000000Z,2023-03-18T12:09:02.000000Z,753
2023-03-18,NA,616.3,3281.96,-443.793,2023-03-18T11:56:47.000000Z,0.35,0.9,200,03-18-2023 11:56:46.503,45003_FLM30_Water_146,2023-03-18T12:00:00.000000Z,300,324.3,0,3.37,0.029,0.919,4.318,25,101.325,1,18,2023-03-18T11:56:29.000000Z,2023-03-18T12:09:02.000000Z,753
2023-03-18,NA,618.563,3281.98,-191.616,2023-03-18T11:56:47.000000Z,0.35,0.9,200,03-18-2023 11:56:47.497,45003_FLM30_Water_146,2023-03-18T12:00:00.000000Z,300,324.3,0,3.37,0.029,0.919,4.318,25,101.325,1,18,2023-03-18T11:56:29.000000Z,2023-03-18T12:09:02.000000Z,753
2023-03-18,NA,617.025,3282.61,-384.015,2023-03-18T11:56:48.000000Z,0.35,0.9,200,03-18-2023 11:56:48.491,45003_FLM30_Water_146,2023-03-18T12:00:00.000000Z,300,324.3,0,3.37,0.029,0.919,4.318,25,101.325,1,19,2023-03-18T11:56:29.000000Z,2023-03-18T12:09:02.000000Z,753
2023-03-18,NA,617.326,3286.4,-237.26,2023-03-18T11:56:49.000000Z,0.35,0.9,200,03-18-2023 11:56:49.486,45003_FLM30_Water_146,2023-03-18T12:00:00.000000Z,300,324.3,0,3.37,0.029,0.919,4.318,25,101.325,1,20,2023-03-18T11:56:29.000000Z,2023-03-18T12:09:02.000000Z,753
2023-03-18,NA,617.513,3281.01,-340.142,2023-03-18T11:56:50.000000Z,0.35,0.9,200,03-18-2023 11:56:50.481,45003_FLM30_Water_146,2023-03-18T12:00:00.000000Z,300,324.3,0,3.37,0.029,0.919,4.318,25,101.325,1,21,2023-03-18T11:56:29.000000Z,2023-03-18T12:09:02.000000Z,753
2023-03-18,NA,618.731,3285.2999999999997,-341.991,2023-03-18T11:56:51.000000Z,0.35,0.9,200,03-18-2023 11:56:51.475,45003_FLM30_Water_146,2023-03-18T12:00:00.000000Z,300,324.3,0,3.37,0.029,0.919,4.318,25,101.325,1,22,2023-03-18T11:56:29.000000Z,2023-03-18T12:09:02.000000Z,753
2023-03-18,NA,617.548,3282.93,-544.81,2023-03-18T11:56:52.000000Z,0.35,0.9,200,03-18-2023 11:56:52.471,45003_FLM30_Water_146,2023-03-18T12:00:00.000000Z,300,324.3,0,3.37,0.029,0.919,4.318,25,101.325,1,23,2023-03-18T11:56:29.000000Z,2023-03-18T12:09:02.000000Z,753
2023-03-18,NA,618.577,3281.91,-396.2,2023-03-18T11:56:53.000000Z,0.35,0.9,200,03-18-2023 11:56:53.465,45003_FLM30_Water_146,2023-03-18T12:00:00.000000Z,300,324.3,0,3.37,0.029,0.919,4.318,25,101.325,1,24,2023-03-18T11:56:29.000000Z,2023-03-18T12:09:02.000000Z,753
2023-03-18,NA,618.019,3287.75,-394.033,2023-03-18T11:56:54.000000Z,0.35,0.9,200,03-18-2023 11:56:54.459,45003_FLM30_Water_146,2023-03-18T12:00:00.000000Z,300,324.3,0,3.37,0.029,0.919,4.318,25,101.325,1,25,2023-03-18T11:56:29.000000Z,2023-03-18T12:09:02.000000Z,753
2023-03-18,NA,617.074,3282.24,-250.661,2023-03-18T11:56:55.000000Z,0.35,0.9,200,03-18-2023 11:56:55.453,45003_FLM30_Water_146,2023-03-18T12:00:00.000000Z,300,324.3,0,3.37,0.029,0.919,4.318,25,101.325,1,26,2023-03-18T11:56:29.000000Z,2023-03-18T12:09:02.000000Z,753
2023-03-18,NA,619.868,3280.05,-377.663,2023-03-18T11:56:56.000000Z,0.35,0.9,200,03-18-2023 11:56:56.449,45003_FLM30_Water_146,2023-03-18T12:00:00.000000Z,300,324.3,0,3.37,0.029,0.919,4.318,25,101.325,1,27,2023-03-18T11:56:29.000000Z,2023-03-18T12:09:02.000000Z,753
2023-03-18,NA,617.511,3279.08,-224.557,2023-03-18T11:56:57.000000Z,0.35,0.9,200,03-18-2023 11:56:57.442,45003_FLM30_Water_146,2023-03-18T12:00:00.000000Z,300,324.3,0,3.37,0.029,0.919,4.318,25,101.325,1,28,2023-03-18T11:56:29.000000Z,2023-03-18T12:09:02.000000Z,753
2023-03-18,NA,616.88,3280.77,-410.494,2023-03-18T11:56:58.000000Z,0.35,0.9,200,03-18-2023 11:56:58.436,45003_FLM30_Water_146,2023-03-18T12:00:00.000000Z,300,324.3,0,3.37,0.029,0.919,4.318,25,101.325,1,29,2023-03-18T11:56:29.000000Z,2023-03-18T12:09:02.000000Z,753
2023-03-18,NA,618.974,3282.1699999999996,-349.048,2023-03-18T11:56:59.000000Z,0.35,0.9,200,03-18-2023 11:56:59.432,45003_FLM30_Water_146,2023-03-18T12:00:00.000000Z,300,324.3,0,3.37,0.029,0.919,4.318,25,101.325,1,30,2023-03-18T11:56:29.000000Z,2023-03-18T12:09:02.000000Z,753
2023-03-18,NA,616.403,3293,-298.163,2023-03-18T11:57:00.000000Z,0.35,0.9,200,03-18-2023 11:57:00.426,45003_FLM30_Water_146,2023-03-18T12:00:00.000000Z,300,324.3,0,3.37,0.029,0.919,4.318,25,101.325,1,31,2023-03-18T11:56:29.000000Z,2023-03-18T12:09:02.000000Z,753
2023-03-18,NA,617.161,3286.14,-422.026,2023-03-18T11:57:01.000000Z,0.35,0.9,200,03-18-2023 11:57:01.421,45003_FLM30_Water_146,2023-03-18T12:00:00.000000Z,300,324.3,0,3.37,0.029,0.919,4.318,25,101.325,1,32,2023-03-18T11:56:29.000000Z,2023-03-18T12:09:02.000000Z,753
2023-03-18,NA,616.255,3286.94,-367.292,2023-03-18T11:57:02.000000Z,0.35,0.9,200,03-18-2023 11:57:02.415,45003_FLM30_Water_146,2023-03-18T12:00:00.000000Z,300,324.3,0,3.37,0.029,0.919,4.318,25,101.325,1,33,2023-03-18T11:56:29.000000Z,2023-03-18T12:09:02.000000Z,753
2023-03-18,NA,618.772,3289.96,-252.673,2023-03-18T11:57:03.000000Z,0.35,0.9,200,03-18-2023 11:57:03.410,45003_FLM30_Water_146,2023-03-18T12:00:00.000000Z,300,324.3,0,3.37,0.029,0.919,4.318,25,101.325,1,34,2023-03-18T11:56:29.000000Z,2023-03-18T12:09:02.000000Z,753
2023-03-18,NA,616.946,3285.61,-274.623,2023-03-18T11:57:04.000000Z,0.35,0.9,200,03-18-2023 11:57:04.403,45003_FLM30_Water_146,2023-03-18T12:00:00.000000Z,300,324.3,0,3.37,0.029,0.919,4.318,25,101.325,1,35,2023-03-18T11:56:29.000000Z,2023-03-18T12:09:02.000000Z,753
2023-03-18,NA,617.804,3292.2400000000002,-260.209,2023-03-18T11:57:05.000000Z,0.35,0.9,200,03-18-2023 11:57:05.398,45003_FLM30_Water_146,2023-03-18T12:00:00.000000Z,300,324.3,0,3.37,0.029,0.919,4.318,25,101.325,1,36,2023-03-18T11:56:29.000000Z,2023-03-18T12:09:02.000000Z,753
2023-03-18,NA,617.632,3284.7200000000003,-394.763,2023-03-18T11:57:06.000000Z,0.35,0.9,200,03-18-2023 11:57:06.393,45003_FLM30_Water_146,2023-03-18T12:00:00.000000Z,300,324.3,0,3.37,0.029,0.919,4.318,25,101.325,1,37,2023-03-18T11:56:29.000000Z,2023-03-18T12:09:02.000000Z,753
2023-03-18,NA,618.422,3291.4300000000003,-294.52,2023-03-18T11:57:07.000000Z,0.35,0.9,200,03-18-2023 11:57:07.388,45003_FLM30_Water_146,2023-03-18T12:00:00.000000Z,300,324.3,0,3.37,0.029,0.919,4.318,25,101.325,1,38,2023-03-18T11:56:29.000000Z,2023-03-18T12:09:02.000000Z,753
2023-03-18,NA,618.247,3286.35,-278.531,2023-03-18T11:57:08.000000Z,0.35,0.9,200,03-18-2023 11:57:08.382,45003_FLM30_Water_146,2023-03-18T12:00:00.000000Z,300,324.3,0,3.37,0.029,0.919,4.318,25,101.325,1,39,2023-03-18T11:56:29.000000Z,2023-03-18T12:09:02.000000Z,753
2023-03-18,NA,618.393,3289.9500000000003,-163.03,2023-03-18T11:57:09.000000Z,0.35,0.9,200,03-18-2023 11:57:09.376,45003_FLM30_Water_146,2023-03-18T12:00:00.000000Z,300,324.3,0,3.37,0.029,0.919,4.318,25,101.325,1,40,2023-03-18T11:56:29.000000Z,2023-03-18T12:09:02.000000Z,753
2023-03-18,NA,618.883,3287.4,-449.129,2023-03-18T11:57:10.000000Z,0.35,0.9,200,03-18-2023 11:57:10.372,45003_FLM30_Water_146,2023-03-18T12:00:00.000000Z,300,324.3,0,3.37,0.029,0.919,4.318,25,101.325,1,41,2023-03-18T11:56:29.000000Z,2023-03-18T12:09:02.000000Z,753
2023-03-18,NA,618.307,3291.4500000000003,-357.276,2023-03-18T11:57:11.000000Z,0.35,0.9,200,03-18-2023 11:57:11.366,45003_FLM30_Water_146,2023-03-18T12:00:00.000000Z,300,324.3,0,3.37,0.029,0.919,4.318,25,101.325,1,42,2023-03-18T11:56:29.000000Z,2023-03-18T12:09:02.000000Z,753
2023-03-18,NA,618.088,3288.22,-225.969,2023-03-18T11:57:12.000000Z,0.35,0.9,200,03-18-2023 11:57:12.361,45003_FLM30_Water_146,2023-03-18T12:00:00.000000Z,300,324.3,0,3.37,0.029,0.919,4.318,25,101.325,1,43,2023-03-18T11:56:29.000000Z,2023-03-18T12:09:02.000000Z,753
2023-03-18,NA,617.927,3289.2000000000003,-202.153,2023-03-18T11:57:13.000000Z,0.35,0.9,200,03-18-2023 11:57:13.356,45003_FLM30_Water_146,2023-03-18T12:00:00.000000Z,300,324.3,0,3.37,0.029,0.919,4.318,25,101.325,1,44,2023-03-18T11:56:29.000000Z,2023-03-18T12:09:02.000000Z,753
2023-03-18,NA,619.667,3282.4900000000002,-255.815,2023-03-18T11:57:14.000000Z,0.35,0.9,200,03-18-2023 11:57:14.350,45003_FLM30_Water_146,2023-03-18T12:00:00.000000Z,300,324.3,0,3.37,0.029,0.919,4.318,25,101.325,1,45,2023-03-18T11:56:29.000000Z,2023-03-18T12:09:02.000000Z,753
2023-03-18,NA,619.968,3288.7200000000003,-340.209,2023-03-18T11:57:15.000000Z,0.35,0.9,200,03-18-2023 11:57:15.345,45003_FLM30_Water_146,2023-03-18T12:00:00.000000Z,300,324.3,0,3.37,0.029,0.919,4.318,25,101.325,1,46,2023-03-18T11:56:29.000000Z,2023-03-18T12:09:02.000000Z,753
2023-03-18,NA,619.081,3284.7400000000002,-291.883,2023-03-18T11:57:16.000000Z,0.35,0.9,200,03-18-2023 11:57:16.339,45003_FLM30_Water_146,2023-03-18T12:00:00.000000Z,300,324.3,0,3.37,0.029,0.919,4.318,25,101.325,1,47,2023-03-18T11:56:29.000000Z,2023-03-18T12:09:02.000000Z,753
2023-03-18,NA,617.726,3291.1000000000004,-1182.5,2023-03-18T11:57:17.000000Z,0.35,0.9,200,03-18-2023 11:57:17.333,45003_FLM30_Water_146,2023-03-18T12:00:00.000000Z,300,324.3,0,3.37,0.029,0.919,4.318,25,101.325,1,48,2023-03-18T11:56:29.000000Z,2023-03-18T12:09:02.000000Z,753
2023-03-18,NA,616.584,3292.0099999999998,-420.424,2023-03-18T11:57:18.000000Z,0.35,0.9,200,03-18-2023 11:57:18.327,45003_FLM30_Water_146,2023-03-18T12:00:00.000000Z,300,324.3,0,3.37,0.029,0.919,4.318,25,101.325,1,49,2023-03-18T11:56:29.000000Z,2023-03-18T12:09:02.000000Z,753
2023-03-18,NA,616.04,3284.57,-446.265,2023-03-18T11:57:19.000000Z,0.35,0.9,200,03-18-2023 11:57:19.322,45003_FLM30_Water_146,2023-03-18T12:00:00.000000Z,300,324.3,0,3.37,0.029,0.919,4.318,25,101.325,1,50,2023-03-18T11:56:29.000000Z,2023-03-18T12:09:02.000000Z,753
2023-03-18,NA,619.943,3288.65,-220.741,2023-03-18T11:57:20.000000Z,0.35,0.9,200,03-18-2023 11:57:20.317,45003_FLM30_Water_146,2023-03-18T12:00:00.000000Z,300,324.3,0,3.37,0.029,0.919,4.318,25,101.325,1,51,2023-03-18T11:56:29.000000Z,2023-03-18T12:09:02.000000Z,753
2023-03-18,NA,620.351,3295.84,-304.748,2023-03-18T11:57:21.000000Z,0.35,0.9,200,03-18-2023 11:57:21.311,45003_FLM30_Water_146,2023-03-18T12:00:00.000000Z,300,324.3,0,3.37,0.029,0.919,4.318,25,101.325,1,52,2023-03-18T11:56:29.000000Z,2023-03-18T12:09:02.000000Z,753
2023-03-18,NA,620.522,3293.17,-269.125,2023-03-18T11:57:22.000000Z,0.35,0.9,200,03-18-2023 11:57:22.307,45003_FLM30_Water_146,2023-03-18T12:00:00.000000Z,300,324.3,0,3.37,0.029,0.919,4.318,25,101.325,1,53,2023-03-18T11:56:29.000000Z,2023-03-18T12:09:02.000000Z,753
2023-03-18,NA,619.519,3297.29,-171.957,2023-03-18T11:57:23.000000Z,0.35,0.9,200,03-18-2023 11:57:23.300,45003_FLM30_Water_146,2023-03-18T12:00:00.000000Z,300,324.3,0,3.37,0.029,0.919,4.318,25,101.325,1,54,2023-03-18T11:56:29.000000Z,2023-03-18T12:09:02.000000Z,753
2023-03-18,NA,618.761,3297.54,-288.897,2023-03-18T11:57:24.000000Z,0.35,0.9,200,03-18-2023 11:57:24.296,45003_FLM30_Water_146,2023-03-18T12:00:00.000000Z,300,324.3,0,3.37,0.029,0.919,4.318,25,101.325,1,55,2023-03-18T11:56:29.000000Z,2023-03-18T12:09:02.000000Z,753
2023-03-18,NA,620.722,3298.46,-197.48,2023-03-18T11:57:25.000000Z,0.35,0.9,200,03-18-2023 11:57:25.289,45003_FLM30_Water_146,2023-03-18T12:00:00.000000Z,300,324.3,0,3.37,0.029,0.919,4.318,25,101.325,1,56,2023-03-18T11:56:29.000000Z,2023-03-18T12:09:02.000000Z,753
2023-03-18,NA,620.464,3286.4399999999996,-372.854,2023-03-18T11:57:26.000000Z,0.35,0.9,200,03-18-2023 11:57:26.285,45003_FLM30_Water_146,2023-03-18T12:00:00.000000Z,300,324.3,0,3.37,0.029,0.919,4.318,25,101.325,1,57,2023-03-18T11:56:29.000000Z,2023-03-18T12:09:02.000000Z,753
2023-03-18,NA,618.494,3298.46,-172.505,2023-03-18T11:57:27.000000Z,0.35,0.9,200,03-18-2023 11:57:27.278,45003_FLM30_Water_146,2023-03-18T12:00:00.000000Z,300,324.3,0,3.37,0.029,0.919,4.318,25,101.325,1,58,2023-03-18T11:56:29.000000Z,2023-03-18T12:09:02.000000Z,753
2023-03-18,NA,619.276,3294.24,-258.005,2023-03-18T11:57:28.000000Z,0.35,0.9,200,03-18-2023 11:57:28.273,45003_FLM30_Water_146,2023-03-18T12:00:00.000000Z,300,324.3,0,3.37,0.029,0.919,4.318,25,101.325,1,59,2023-03-18T11:56:29.000000Z,2023-03-18T12:09:02.000000Z,753
2023-03-18,NA,618.708,3297.85,-96.6477,2023-03-18T11:57:29.000000Z,0.35,0.9,200,03-18-2023 11:57:29.268,45003_FLM30_Water_146,2023-03-18T12:00:00.000000Z,300,324.3,0,3.37,0.029,0.919,4.318,25,101.325,1,60,2023-03-18T11:56:29.000000Z,2023-03-18T12:09:02.000000Z,753
2023-03-18,NA,619.127,3290.98,-368.36,2023-03-18T11:57:30.000000Z,0.35,0.9,200,03-18-2023 11:57:30.263,45003_FLM30_Water_146,2023-03-18T12:00:00.000000Z,300,324.3,0,3.37,0.029,0.919,4.318,25,101.325,1,61,2023-03-18T11:56:29.000000Z,2023-03-18T12:09:02.000000Z,753
2023-03-18,NA,619.746,3294.79,-268.449,2023-03-18T11:57:31.000000Z,0.35,0.9,200,03-18-2023 11:57:31.257,45003_FLM30_Water_146,2023-03-18T12:00:00.000000Z,300,324.3,0,3.37,0.029,0.919,4.318,25,101.325,1,62,2023-03-18T11:56:29.000000Z,2023-03-18T12:09:02.000000Z,753
2023-03-18,NA,620.128,3298.39,-315.694,2023-03-18T11:57:32.000000Z,0.35,0.9,200,03-18-2023 11:57:32.251,45003_FLM30_Water_146,2023-03-18T12:00:00.000000Z,300,324.3,0,3.37,0.029,0.919,4.318,25,101.325,1,63,2023-03-18T11:56:29.000000Z,2023-03-18T12:09:02.000000Z,753
2023-03-18,NA,620.996,3293.12,-296.829,2023-03-18T11:57:33.000000Z,0.35,0.9,200,03-18-2023 11:57:33.246,45003_FLM30_Water_146,2023-03-18T12:00:00.000000Z,300,324.3,0,3.37,0.029,0.919,4.318,25,101.325,1,64,2023-03-18T11:56:29.000000Z,2023-03-18T12:09:02.000000Z,753
2023-03-18,NA,617.902,3296.29,-251.392,2023-03-18T11:57:34.000000Z,0.35,0.9,200,03-18-2023 11:57:34.241,45003_FLM30_Water_146,2023-03-18T12:00:00.000000Z,300,324.3,0,3.37,0.029,0.919,4.318,25,101.325,1,65,2023-03-18T11:56:29.000000Z,2023-03-18T12:09:02.000000Z,753
2023-03-18,NA,619.398,3297.97,-360.547,2023-03-18T11:57:35.000000Z,0.35,0.9,200,03-18-2023 11:57:35.236,45003_FLM30_Water_146,2023-03-18T12:00:00.000000Z,300,324.3,0,3.37,0.029,0.919,4.318,25,101.325,1,66,2023-03-18T11:56:29.000000Z,2023-03-18T12:09:02.000000Z,753
2023-03-18,NA,619.937,3296.37,-346.427,2023-03-18T11:57:36.000000Z,0.35,0.9,200,03-18-2023 11:57:36.229,45003_FLM30_Water_146,2023-03-18T12:00:00.000000Z,300,324.3,0,3.37,0.029,0.919,4.318,25,101.325,1,67,2023-03-18T11:56:29.000000Z,2023-03-18T12:09:02.000000Z,753
2023-03-18,NA,619.677,3297.5699999999997,-472.471,2023-03-18T11:57:37.000000Z,0.35,0.9,200,03-18-2023 11:57:37.225,45003_FLM30_Water_146,2023-03-18T12:00:00.000000Z,300,324.3,0,3.37,0.029,0.919,4.318,25,101.325,1,68,2023-03-18T11:56:29.000000Z,2023-03-18T12:09:02.000000Z,753
2023-03-18,NA,617.339,3297.4700000000003,-456.13,2023-03-18T11:57:38.000000Z,0.35,0.9,200,03-18-2023 11:57:38.219,45003_FLM30_Water_146,2023-03-18T12:00:00.000000Z,300,324.3,0,3.37,0.029,0.919,4.318,25,101.325,1,69,2023-03-18T11:56:29.000000Z,2023-03-18T12:09:02.000000Z,753
2023-03-18,NA,619.594,3302.12,-407.552,2023-03-18T11:57:39.000000Z,0.35,0.9,200,03-18-2023 11:57:39.214,45003_FLM30_Water_146,2023-03-18T12:00:00.000000Z,300,324.3,0,3.37,0.029,0.919,4.318,25,101.325,1,70,2023-03-18T11:56:29.000000Z,2023-03-18T12:09:02.000000Z,753
2023-03-18,NA,619.637,3297.81,-213.556,2023-03-18T11:57:40.000000Z,0.35,0.9,200,03-18-2023 11:57:40.208,45003_FLM30_Water_146,2023-03-18T12:00:00.000000Z,300,324.3,0,3.37,0.029,0.919,4.318,25,101.325,1,71,2023-03-18T11:56:29.000000Z,2023-03-18T12:09:02.000000Z,753
2023-03-18,NA,618.445,3303.18,-159.886,2023-03-18T11:57:41.000000Z,0.35,0.9,200,03-18-2023 11:57:41.203,45003_FLM30_Water_146,2023-03-18T12:00:00.000000Z,300,324.3,0,3.37,0.029,0.919,4.318,25,101.325,1,72,2023-03-18T11:56:29.000000Z,2023-03-18T12:09:02.000000Z,753
2023-03-18,NA,620.124,3297.88,-451.548,2023-03-18T11:57:42.000000Z,0.35,0.9,200,03-18-2023 11:57:42.197,45003_FLM30_Water_146,2023-03-18T12:00:00.000000Z,300,324.3,0,3.37,0.029,0.919,4.318,25,101.325,1,73,2023-03-18T11:56:29.000000Z,2023-03-18T12:09:02.000000Z,753
2023-03-18,NA,618.19,3304.08,-296.61,2023-03-18T11:57:43.000000Z,0.35,0.9,200,03-18-2023 11:57:43.191,45003_FLM30_Water_146,2023-03-18T12:00:00.000000Z,300,324.3,0,3.37,0.029,0.919,4.318,25,101.325,1,74,2023-03-18T11:56:29.000000Z,2023-03-18T12:09:02.000000Z,753
2023-03-18,NA,619.211,3298.31,-388.533,2023-03-18T11:57:44.000000Z,0.35,0.9,200,03-18-2023 11:57:44.186,45003_FLM30_Water_146,2023-03-18T12:00:00.000000Z,300,324.3,0,3.37,0.029,0.919,4.318,25,101.325,1,75,2023-03-18T11:56:29.000000Z,2023-03-18T12:09:02.000000Z,753
2023-03-18,NA,618.68,3301.5699999999997,-188.237,2023-03-18T11:57:45.000000Z,0.35,0.9,200,03-18-2023 11:57:45.181,45003_FLM30_Water_146,2023-03-18T12:00:00.000000Z,300,324.3,0,3.37,0.029,0.919,4.318,25,101.325,1,76,2023-03-18T11:56:29.000000Z,2023-03-18T12:09:02.000000Z,753
2023-03-18,NA,618.073,3295.21,-1001.97,2023-03-18T11:57:46.000000Z,0.35,0.9,200,03-18-2023 11:57:46.176,45003_FLM30_Water_146,2023-03-18T12:00:00.000000Z,300,324.3,0,3.37,0.029,0.919,4.318,25,101.325,1,77,2023-03-18T11:56:29.000000Z,2023-03-18T12:09:02.000000Z,753
2023-03-18,NA,618.581,3301.94,-417.75,2023-03-18T11:57:47.000000Z,0.35,0.9,200,03-18-2023 11:57:47.169,45003_FLM30_Water_146,2023-03-18T12:00:00.000000Z,300,324.3,0,3.37,0.029,0.919,4.318,25,101.325,1,78,2023-03-18T11:56:29.000000Z,2023-03-18T12:09:02.000000Z,753
2023-03-18,NA,617.85,3297.1499999999996,-369.771,2023-03-18T11:57:48.000000Z,0.35,0.9,200,03-18-2023 11:57:48.164,45003_FLM30_Water_146,2023-03-18T12:00:00.000000Z,300,324.3,0,3.37,0.029,0.919,4.318,25,101.325,1,79,2023-03-18T11:56:29.000000Z,2023-03-18T12:09:02.000000Z,753
2023-03-18,NA,617.686,3301.31,-462.231,2023-03-18T11:57:49.000000Z,0.35,0.9,200,03-18-2023 11:57:49.160,45003_FLM30_Water_146,2023-03-18T12:00:00.000000Z,300,324.3,0,3.37,0.029,0.919,4.318,25,101.325,1,80,2023-03-18T11:56:29.000000Z,2023-03-18T12:09:02.000000Z,753
2023-03-18,NA,620.519,3301.64,-206.568,2023-03-18T11:57:50.000000Z,0.35,0.9,200,03-18-2023 11:57:50.154,45003_FLM30_Water_146,2023-03-18T12:00:00.000000Z,300,324.3,0,3.37,0.029,0.919,4.318,25,101.325,1,81,2023-03-18T11:56:29.000000Z,2023-03-18T12:09:02.000000Z,753
2023-03-18,NA,617.594,3300.57,-318.172,2023-03-18T11:57:51.000000Z,0.35,0.9,200,03-18-2023 11:57:51.148,45003_FLM30_Water_146,2023-03-18T12:00:00.000000Z,300,324.3,0,3.37,0.029,0.919,4.318,25,101.325,1,82,2023-03-18T11:56:29.000000Z,2023-03-18T12:09:02.000000Z,753
2023-03-18,NA,620.706,3307.56,-361.954,2023-03-18T11:57:52.000000Z,0.35,0.9,200,03-18-2023 11:57:52.143,45003_FLM30_Water_146,2023-03-18T12:00:00.000000Z,300,324.3,0,3.37,0.029,0.919,4.318,25,101.325,1,83,2023-03-18T11:56:29.000000Z,2023-03-18T12:09:02.000000Z,753
2023-03-18,NA,618.636,3301.31,-380.449,2023-03-18T11:57:53.000000Z,0.35,0.9,200,03-18-2023 11:57:53.137,45003_FLM30_Water_146,2023-03-18T12:00:00.000000Z,300,324.3,0,3.37,0.029,0.919,4.318,25,101.325,1,84,2023-03-18T11:56:29.000000Z,2023-03-18T12:09:02.000000Z,753
2023-03-18,NA,618.91,3306.04,-284.189,2023-03-18T11:57:54.000000Z,0.35,0.9,200,03-18-2023 11:57:54.131,45003_FLM30_Water_146,2023-03-18T12:00:00.000000Z,300,324.3,0,3.37,0.029,0.919,4.318,25,101.325,1,85,2023-03-18T11:56:29.000000Z,2023-03-18T12:09:02.000000Z,753
2023-03-18,NA,620.58,3301.2999999999997,-178.066,2023-03-18T11:57:55.000000Z,0.35,0.9,200,03-18-2023 11:57:55.125,45003_FLM30_Water_146,2023-03-18T12:00:00.000000Z,300,324.3,0,3.37,0.029,0.919,4.318,25,101.325,1,86,2023-03-18T11:56:29.000000Z,2023-03-18T12:09:02.000000Z,753
2023-03-18,NA,617.749,3304.97,-1004.81,2023-03-18T11:57:56.000000Z,0.35,0.9,200,03-18-2023 11:57:56.120,45003_FLM30_Water_146,2023-03-18T12:00:00.000000Z,300,324.3,0,3.37,0.029,0.919,4.318,25,101.325,1,87,2023-03-18T11:56:29.000000Z,2023-03-18T12:09:02.000000Z,753
2023-03-18,NA,619.126,3309.66,-295.682,2023-03-18T11:57:57.000000Z,0.35,0.9,200,03-18-2023 11:57:57.114,45003_FLM30_Water_146,2023-03-18T12:00:00.000000Z,300,324.3,0,3.37,0.029,0.919,4.318,25,101.325,1,88,2023-03-18T11:56:29.000000Z,2023-03-18T12:09:02.000000Z,753
2023-03-18,NA,619.307,3305.06,-257.326,2023-03-18T11:57:58.000000Z,0.35,0.9,200,03-18-2023 11:57:58.110,45003_FLM30_Water_146,2023-03-18T12:00:00.000000Z,300,324.3,0,3.37,0.029,0.919,4.318,25,101.325,1,89,2023-03-18T11:56:29.000000Z,2023-03-18T12:09:02.000000Z,753
2023-03-18,NA,619.438,3308.3,-351.697,2023-03-18T11:57:59.000000Z,0.35,0.9,200,03-18-2023 11:57:59.104,45003_FLM30_Water_146,2023-03-18T12:00:00.000000Z,300,324.3,0,3.37,0.029,0.919,4.318,25,101.325,1,90,2023-03-18T11:56:29.000000Z,2023-03-18T12:09:02.000000Z,753
2023-03-18,NA,619.358,3309.24,-257.469,2023-03-18T11:58:00.000000Z,0.35,0.9,200,03-18-2023 11:58:00.098,45003_FLM30_Water_146,2023-03-18T12:00:00.000000Z,300,324.3,0,3.37,0.029,0.919,4.318,25,101.325,1,91,2023-03-18T11:56:29.000000Z,2023-03-18T12:09:02.000000Z,753
2023-03-18,NA,619.68,3305.86,-532.066,2023-03-18T11:58:01.000000Z,0.35,0.9,200,03-18-2023 11:58:01.094,45003_FLM30_Water_146,2023-03-18T12:00:00.000000Z,300,324.3,0,3.37,0.029,0.919,4.318,25,101.325,1,92,2023-03-18T11:56:29.000000Z,2023-03-18T12:09:02.000000Z,753
2023-03-18,NA,620.941,3308.38,-399.706,2023-03-18T11:58:02.000000Z,0.35,0.9,200,03-18-2023 11:58:02.087,45003_FLM30_Water_146,2023-03-18T12:00:00.000000Z,300,324.3,0,3.37,0.029,0.919,4.318,25,101.325,1,93,2023-03-18T11:56:29.000000Z,2023-03-18T12:09:02.000000Z,753
2023-03-18,NA,619.211,3308.03,-387.777,2023-03-18T11:58:03.000000Z,0.35,0.9,200,03-18-2023 11:58:03.082,45003_FLM30_Water_146,2023-03-18T12:00:00.000000Z,300,324.3,0,3.37,0.029,0.919,4.318,25,101.325,1,94,2023-03-18T11:56:29.000000Z,2023-03-18T12:09:02.000000Z,753
2023-03-18,NA,617.235,3307.0400000000004,-539.333,2023-03-18T11:58:04.000000Z,0.35,0.9,200,03-18-2023 11:58:04.077,45003_FLM30_Water_146,2023-03-18T12:00:00.000000Z,300,324.3,0,3.37,0.029,0.919,4.318,25,101.325,1,95,2023-03-18T11:56:29.000000Z,2023-03-18T12:09:02.000000Z,753
2023-03-18,NA,620.094,3307.9,-209.517,2023-03-18T11:58:05.000000Z,0.35,0.9,200,03-18-2023 11:58:05.071,45003_FLM30_Water_146,2023-03-18T12:00:00.000000Z,300,324.3,0,3.37,0.029,0.919,4.318,25,101.325,1,96,2023-03-18T11:56:29.000000Z,2023-03-18T12:09:02.000000Z,753
2023-03-18,NA,619.692,3300.64,-1151.97,2023-03-18T11:58:06.000000Z,0.35,0.9,200,03-18-2023 11:58:06.065,45003_FLM30_Water_146,2023-03-18T12:00:00.000000Z,300,324.3,0,3.37,0.029,0.919,4.318,25,101.325,1,97,2023-03-18T11:56:29.000000Z,2023-03-18T12:09:02.000000Z,753
2023-03-18,NA,622.259,3310.79,-382.651,2023-03-18T11:58:07.000000Z,0.35,0.9,200,03-18-2023 11:58:07.061,45003_FLM30_Water_146,2023-03-18T12:00:00.000000Z,300,324.3,0,3.37,0.029,0.919,4.318,25,101.325,1,98,2023-03-18T11:56:29.000000Z,2023-03-18T12:09:02.000000Z,753
2023-03-18,NA,619.826,3305.61,-283.855,2023-03-18T11:58:08.000000Z,0.35,0.9,200,03-18-2023 11:58:08.055,45003_FLM30_Water_146,2023-03-18T12:00:00.000000Z,300,324.3,0,3.37,0.029,0.919,4.318,25,101.325,1,99,2023-03-18T11:56:29.000000Z,2023-03-18T12:09:02.000000Z,753
2023-03-18,NA,618.32,3307.14,-392.402,2023-03-18T11:58:09.000000Z,0.35,0.9,200,03-18-2023 11:58:09.050,45003_FLM30_Water_146,2023-03-18T12:00:00.000000Z,300,324.3,0,3.37,0.029,0.919,4.318,25,101.325,1,100,2023-03-18T11:56:29.000000Z,2023-03-18T12:09:02.000000Z,753
2023-03-18,NA,620.949,3305.44,-382.064,2023-03-18T11:58:10.000000Z,0.35,0.9,200,03-18-2023 11:58:10.045,45003_FLM30_Water_146,2023-03-18T12:00:00.000000Z,300,324.3,0,3.37,0.029,0.919,4.318,25,101.325,1,101,2023-03-18T11:56:29.000000Z,2023-03-18T12:09:02.000000Z,753
2023-03-18,NA,619.039,3311.81,-201.019,2023-03-18T11:58:11.000000Z,0.35,0.9,200,03-18-2023 11:58:11.039,45003_FLM30_Water_146,2023-03-18T12:00:00.000000Z,300,324.3,0,3.37,0.029,0.919,4.318,25,101.325,1,102,2023-03-18T11:56:29.000000Z,2023-03-18T12:09:02.000000Z,753
2023-03-18,NA,621.31,3306.69,-394.643,2023-03-18T11:58:12.000000Z,0.35,0.9,200,03-18-2023 11:58:12.034,45003_FLM30_Water_146,2023-03-18T12:00:00.000000Z,300,324.3,0,3.37,0.029,0.919,4.318,25,101.325,1,103,2023-03-18T11:56:29.000000Z,2023-03-18T12:09:02.000000Z,753
2023-03-18,NA,618.975,3310.58,-1053.06,2023-03-18T11:58:13.000000Z,0.35,0.9,200,03-18-2023 11:58:13.028,45003_FLM30_Water_146,2023-03-18T12:00:00.000000Z,300,324.3,0,3.37,0.029,0.919,4.318,25,101.325,1,104,2023-03-18T11:56:29.000000Z,2023-03-18T12:09:02.000000Z,753
2023-03-18,NA,620.702,3307.93,-357.928,2023-03-18T11:58:14.000000Z,0.35,0.9,200,03-18-2023 11:58:14.022,45003_FLM30_Water_146,2023-03-18T12:00:00.000000Z,300,324.3,0,3.37,0.029,0.919,4.318,25,101.325,1,105,2023-03-18T11:56:29.000000Z,2023-03-18T12:09:02.000000Z,753
2023-03-18,NA,620.023,3306.42,-236.871,2023-03-18T11:58:15.000000Z,0.35,0.9,200,03-18-2023 11:58:15.018,45003_FLM30_Water_146,2023-03-18T12:00:00.000000Z,300,324.3,0,3.37,0.029,0.919,4.318,25,101.325,1,106,2023-03-18T11:56:29.000000Z,2023-03-18T12:09:02.000000Z,753
2023-03-18,NA,620.602,3314.65,-293.355,2023-03-18T11:58:16.000000Z,0.35,0.9,200,03-18-2023 11:58:16.012,45003_FLM30_Water_146,2023-03-18T12:00:00.000000Z,300,324.3,0,3.37,0.029,0.919,4.318,25,101.325,1,107,2023-03-18T11:56:29.000000Z,2023-03-18T12:09:02.000000Z,753
2023-03-18,NA,621.38,3312.98,-336.925,2023-03-18T11:58:17.000000Z,0.35,0.9,200,03-18-2023 11:58:17.006,45003_FLM30_Water_146,2023-03-18T12:00:00.000000Z,300,324.3,0,3.37,0.029,0.919,4.318,25,101.325,1,108,2023-03-18T11:56:29.000000Z,2023-03-18T12:09:02.000000Z,753
2023-03-18,NA,620.652,3308.7200000000003,-284.72,2023-03-18T11:58:18.000000Z,0.35,0.9,200,03-18-2023 11:58:18.000,45003_FLM30_Water_146,2023-03-18T12:00:00.000000Z,300,324.3,0,3.37,0.029,0.919,4.318,25,101.325,1,109,2023-03-18T11:56:29.000000Z,2023-03-18T12:09:02.000000Z,753
2023-03-18,NA,619.333,3314.28,-262.3,2023-03-18T11:58:19.000000Z,0.35,0.9,200,03-18-2023 11:58:18.995,45003_FLM30_Water_146,2023-03-18T12:00:00.000000Z,300,324.3,0,3.37,0.029,0.919,4.318,25,101.325,1,110,2023-03-18T11:56:29.000000Z,2023-03-18T12:09:02.000000Z,753
2023-03-18,NA,618.594,3311.1000000000004,-235.691,2023-03-18T11:58:20.000000Z,0.35,0.9,200,03-18-2023 11:58:19.990,45003_FLM30_Water_146,2023-03-18T12:00:00.000000Z,300,324.3,0,3.37,0.029,0.919,4.318,25,101.325,1,111,2023-03-18T11:56:29.000000Z,2023-03-18T12:09:02.000000Z,753
2023-03-18,NA,621.095,3314.58,-352.588,2023-03-18T11:58:21.000000Z,0.35,0.9,200,03-18-2023 11:58:20.984,45003_FLM30_Water_146,2023-03-18T12:00:00.000000Z,300,324.3,0,3.37,0.029,0.919,4.318,25,101.325,1,112,2023-03-18T11:56:29.000000Z,2023-03-18T12:09:02.000000Z,753
2023-03-18,NA,620.396,3316.3900000000003,-227.25,2023-03-18T11:58:22.000000Z,0.35,0.9,200,03-18-2023 11:58:21.979,45003_FLM30_Water_146,2023-03-18T12:00:00.000000Z,300,324.3,0,3.37,0.029,0.919,4.318,25,101.325,1,113,2023-03-18T11:56:29.000000Z,2023-03-18T12:09:02.000000Z,753
2023-03-18,NA,620.166,3312.86,-355.898,2023-03-18T11:58:23.000000Z,0.35,0.9,200,03-18-2023 11:58:22.974,45003_FLM30_Water_146,2023-03-18T12:00:00.000000Z,300,324.3,0,3.37,0.029,0.919,4.318,25,101.325,1,114,2023-03-18T11:56:29.000000Z,2023-03-18T12:09:02.000000Z,753
2023-03-18,NA,622.236,3315.6400000000003,-259.475,2023-03-18T11:58:24.000000Z,0.35,0.9,200,03-18-2023 11:58:23.968,45003_FLM30_Water_146,2023-03-18T12:00:00.000000Z,300,324.3,0,3.37,0.029,0.919,4.318,25,101.325,1,115,2023-03-18T11:56:29.000000Z,2023-03-18T12:09:02.000000Z,753
2023-03-18,NA,621.219,3316.6099999999997,-268.088,2023-03-18T11:58:25.000000Z,0.35,0.9,200,03-18-2023 11:58:24.963,45003_FLM30_Water_146,2023-03-18T12:00:00.000000Z,300,324.3,0,3.37,0.029,0.919,4.318,25,101.325,1,116,2023-03-18T11:56:29.000000Z,2023-03-18T12:09:02.000000Z,753
2023-03-18,NA,621.569,3310.73,-392.976,2023-03-18T11:58:26.000000Z,0.35,0.9,200,03-18-2023 11:58:25.957,45003_FLM30_Water_146,2023-03-18T12:00:00.000000Z,300,324.3,0,3.37,0.029,0.919,4.318,25,101.325,1,117,2023-03-18T11:56:29.000000Z,2023-03-18T12:09:02.000000Z,753
2023-03-18,NA,622.323,3318.44,-324.809,2023-03-18T11:58:27.000000Z,0.35,0.9,200,03-18-2023 11:58:26.952,45003_FLM30_Water_146,2023-03-18T12:00:00.000000Z,300,324.3,0,3.37,0.029,0.919,4.318,25,101.325,1,118,2023-03-18T11:56:29.000000Z,2023-03-18T12:09:02.000000Z,753
2023-03-18,NA,619.154,3317.34,-208.602,2023-03-18T11:58:28.000000Z,0.35,0.9,200,03-18-2023 11:58:27.945,45003_FLM30_Water_146,2023-03-18T12:00:00.000000Z,300,324.3,0,3.37,0.029,0.919,4.318,25,101.325,1,119,2023-03-18T11:56:29.000000Z,2023-03-18T12:09:02.000000Z,753
2023-03-18,NA,621.434,3319.3199999999997,-497.173,2023-03-18T11:58:29.000000Z,0.35,0.9,200,03-18-2023 11:58:28.940,45003_FLM30_Water_146,2023-03-18T12:00:00.000000Z,300,324.3,0,3.37,0.029,0.919,4.318,25,101.325,1,120,2023-03-18T11:56:29.000000Z,2023-03-18T12:09:02.000000Z,753
2023-03-18,NA,620.907,3316.1800000000003,-287.574,2023-03-18T11:58:30.000000Z,0.35,0.9,200,03-18-2023 11:58:29.936,45003_FLM30_Water_146,2023-03-18T12:00:00.000000Z,300,324.3,0,3.37,0.029,0.919,4.318,25,101.325,1,121,2023-03-18T11:56:29.000000Z,2023-03-18T12:09:02.000000Z,753
2023-03-18,NA,620.638,3318.8300000000004,-338.747,2023-03-18T11:58:31.000000Z,0.35,0.9,200,03-18-2023 11:58:30.930,45003_FLM30_Water_146,2023-03-18T12:00:00.000000Z,300,324.3,0,3.37,0.029,0.919,4.318,25,101.325,1,122,2023-03-18T11:56:29.000000Z,2023-03-18T12:09:02.000000Z,753
2023-03-18,NA,619.721,3313.4100000000003,-290.844,2023-03-18T11:58:32.000000Z,0.35,0.9,200,03-18-2023 11:58:31.924,45003_FLM30_Water_146,2023-03-18T12:00:00.000000Z,300,324.3,0,3.37,0.029,0.919,4.318,25,101.325,1,123,2023-03-18T11:56:29.000000Z,2023-03-18T12:09:02.000000Z,753
2023-03-18,NA,619.614,3317.97,-403.779,2023-03-18T11:58:33.000000Z,0.35,0.9,200,03-18-2023 11:58:32.918,45003_FLM30_Water_146,2023-03-18T12:00:00.000000Z,300,324.3,0,3.37,0.029,0.919,4.318,25,101.325,1,124,2023-03-18T11:56:29.000000Z,2023-03-18T12:09:02.000000Z,753
2023-03-18,NA,619.597,3316.84,-440.931,2023-03-18T11:58:34.000000Z,0.35,0.9,200,03-18-2023 11:58:33.914,45003_FLM30_Water_146,2023-03-18T12:00:00.000000Z,300,324.3,0,3.37,0.029,0.919,4.318,25,101.325,1,125,2023-03-18T11:56:29.000000Z,2023-03-18T12:09:02.000000Z,753
2023-03-18,NA,621.043,3316.21,-238.276,2023-03-18T11:58:35.000000Z,0.35,0.9,200,03-18-2023 11:58:34.908,45003_FLM30_Water_146,2023-03-18T12:00:00.000000Z,300,324.3,0,3.37,0.029,0.919,4.318,25,101.325,1,126,2023-03-18T11:56:29.000000Z,2023-03-18T12:09:02.000000Z,753
2023-03-18,NA,620.4,3316.57,-256.567,2023-03-18T11:58:36.000000Z,0.35,0.9,200,03-18-2023 11:58:35.903,45003_FLM30_Water_146,2023-03-18T12:00:00.000000Z,300,324.3,0,3.37,0.029,0.919,4.318,25,101.325,1,127,2023-03-18T11:56:29.000000Z,2023-03-18T12:09:02.000000Z,753
2023-03-18,NA,619.23,3316.19,-237.015,2023-03-18T11:58:37.000000Z,0.35,0.9,200,03-18-2023 11:58:36.897,45003_FLM30_Water_146,2023-03-18T12:00:00.000000Z,300,324.3,0,3.37,0.029,0.919,4.318,25,101.325,1,128,2023-03-18T11:56:29.000000Z,2023-03-18T12:09:02.000000Z,753
2023-03-18,NA,618.449,3318.71,-274.184,2023-03-18T11:58:38.000000Z,0.35,0.9,200,03-18-2023 11:58:37.891,45003_FLM30_Water_146,2023-03-18T12:00:00.000000Z,300,324.3,0,3.37,0.029,0.919,4.318,25,101.325,1,129,2023-03-18T11:56:29.000000Z,2023-03-18T12:09:02.000000Z,753
2023-03-18,NA,620.502,3321.2799999999997,-307.768,2023-03-18T11:58:39.000000Z,0.35,0.9,200,03-18-2023 11:58:38.886,45003_FLM30_Water_146,2023-03-18T12:00:00.000000Z,300,324.3,0,3.37,0.029,0.919,4.318,25,101.325,1,130,2023-03-18T11:56:29.000000Z,2023-03-18T12:09:02.000000Z,753
2023-03-18,NA,620.162,3317.75,-199.412,2023-03-18T11:58:40.000000Z,0.35,0.9,200,03-18-2023 11:58:39.880,45003_FLM30_Water_146,2023-03-18T12:00:00.000000Z,300,324.3,0,3.37,0.029,0.919,4.318,25,101.325,1,131,2023-03-18T11:56:29.000000Z,2023-03-18T12:09:02.000000Z,753
2023-03-18,NA,618.181,3324.85,-419.386,2023-03-18T11:58:41.000000Z,0.35,0.9,200,03-18-2023 11:58:40.874,45003_FLM30_Water_146,2023-03-18T12:00:00.000000Z,300,324.3,0,3.37,0.029,0.919,4.318,25,101.325,1,132,2023-03-18T11:56:29.000000Z,2023-03-18T12:09:02.000000Z,753
2023-03-18,NA,620.909,3320.17,-253.79,2023-03-18T11:58:42.000000Z,0.35,0.9,200,03-18-2023 11:58:41.870,45003_FLM30_Water_146,2023-03-18T12:00:00.000000Z,300,324.3,0,3.37,0.029,0.919,4.318,25,101.325,1,133,2023-03-18T11:56:29.000000Z,2023-03-18T12:09:02.000000Z,753
2023-03-18,NA,620.055,3317.2799999999997,-263.664,2023-03-18T11:58:43.000000Z,0.35,0.9,200,03-18-2023 11:58:42.864,45003_FLM30_Water_146,2023-03-18T12:00:00.000000Z,300,324.3,0,3.37,0.029,0.919,4.318,25,101.325,1,134,2023-03-18T11:56:29.000000Z,2023-03-18T12:09:02.000000Z,753
2023-03-18,NA,618.536,3321.6,-324.143,2023-03-18T11:58:44.000000Z,0.35,0.9,200,03-18-2023 11:58:43.858,45003_FLM30_Water_146,2023-03-18T12:00:00.000000Z,300,324.3,0,3.37,0.029,0.919,4.318,25,101.325,1,135,2023-03-18T11:56:29.000000Z,2023-03-18T12:09:02.000000Z,753
2023-03-18,NA,619.182,3316.19,-349.693,2023-03-18T11:58:45.000000Z,0.35,0.9,200,03-18-2023 11:58:44.853,45003_FLM30_Water_146,2023-03-18T12:00:00.000000Z,300,324.3,0,3.37,0.029,0.919,4.318,25,101.325,1,136,2023-03-18T11:56:29.000000Z,2023-03-18T12:09:02.000000Z,753
2023-03-18,NA,620.38,3322.4,-330.169,2023-03-18T11:58:46.000000Z,0.35,0.9,200,03-18-2023 11:58:45.848,45003_FLM30_Water_146,2023-03-18T12:00:00.000000Z,300,324.3,0,3.37,0.029,0.919,4.318,25,101.325,1,137,2023-03-18T11:56:29.000000Z,2023-03-18T12:09:02.000000Z,753
2023-03-18,NA,619.065,3320.57,-335.212,2023-03-18T11:58:47.000000Z,0.35,0.9,200,03-18-2023 11:58:46.842,45003_FLM30_Water_146,2023-03-18T12:00:00.000000Z,300,324.3,0,3.37,0.029,0.919,4.318,25,101.325,1,138,2023-03-18T11:56:29.000000Z,2023-03-18T12:09:02.000000Z,753
2023-03-18,NA,621.286,3324.29,-271.786,2023-03-18T11:58:48.000000Z,0.35,0.9,200,03-18-2023 11:58:47.837,45003_FLM30_Water_146,2023-03-18T12:00:00.000000Z,300,324.3,0,3.37,0.029,0.919,4.318,25,101.325,1,139,2023-03-18T11:56:29.000000Z,2023-03-18T12:09:02.000000Z,753
2023-03-18,NA,621.518,3325.4700000000003,-47.0056,2023-03-18T11:58:49.000000Z,0.35,0.9,200,03-18-2023 11:58:48.831,45003_FLM30_Water_146,2023-03-18T12:00:00.000000Z,300,324.3,0,3.37,0.029,0.919,4.318,25,101.325,1,140,2023-03-18T11:56:29.000000Z,2023-03-18T12:09:02.000000Z,753
2023-03-18,NA,619.458,3321.89,-390.021,2023-03-18T11:58:50.000000Z,0.35,0.9,200,03-18-2023 11:58:49.825,45003_FLM30_Water_146,2023-03-18T12:00:00.000000Z,300,324.3,0,3.37,0.029,0.919,4.318,25,101.325,1,141,2023-03-18T11:56:29.000000Z,2023-03-18T12:09:02.000000Z,753
2023-03-18,NA,620.463,3322.36,-185.994,2023-03-18T11:58:51.000000Z,0.35,0.9,200,03-18-2023 11:58:50.820,45003_FLM30_Water_146,2023-03-18T12:00:00.000000Z,300,324.3,0,3.37,0.029,0.919,4.318,25,101.325,1,142,2023-03-18T11:56:29.000000Z,2023-03-18T12:09:02.000000Z,753
2023-03-18,NA,620.228,3320.2400000000002,-239.583,2023-03-18T11:58:52.000000Z,0.35,0.9,200,03-18-2023 11:58:51.814,45003_FLM30_Water_146,2023-03-18T12:00:00.000000Z,300,324.3,0,3.37,0.029,0.919,4.318,25,101.325,1,143,2023-03-18T11:56:29.000000Z,2023-03-18T12:09:02.000000Z,753
2023-03-18,NA,620.621,3327.83,-346.447,2023-03-18T11:58:53.000000Z,0.35,0.9,200,03-18-2023 11:58:52.810,45003_FLM30_Water_146,2023-03-18T12:00:00.000000Z,300,324.3,0,3.37,0.029,0.919,4.318,25,101.325,1,144,2023-03-18T11:56:29.000000Z,2023-03-18T12:09:02.000000Z,753
2023-03-18,NA,621.593,3327.0400000000004,-270.809,2023-03-18T11:58:54.000000Z,0.35,0.9,200,03-18-2023 11:58:53.804,45003_FLM30_Water_146,2023-03-18T12:00:00.000000Z,300,324.3,0,3.37,0.029,0.919,4.318,25,101.325,1,145,2023-03-18T11:56:29.000000Z,2023-03-18T12:09:02.000000Z,753
2023-03-18,NA,620.277,3327.1000000000004,-386.025,2023-03-18T11:58:55.000000Z,0.35,0.9,200,03-18-2023 11:58:54.798,45003_FLM30_Water_146,2023-03-18T12:00:00.000000Z,300,324.3,0,3.37,0.029,0.919,4.318,25,101.325,1,146,2023-03-18T11:56:29.000000Z,2023-03-18T12:09:02.000000Z,753
2023-03-18,NA,620.689,3321.85,-226.644,2023-03-18T11:58:56.000000Z,0.35,0.9,200,03-18-2023 11:58:55.793,45003_FLM30_Water_146,2023-03-18T12:00:00.000000Z,300,324.3,0,3.37,0.029,0.919,4.318,25,101.325,1,147,2023-03-18T11:56:29.000000Z,2023-03-18T12:09:02.000000Z,753
2023-03-18,NA,622.505,3322.52,-433.906,2023-03-18T11:58:57.000000Z,0.35,0.9,200,03-18-2023 11:58:56.788,45003_FLM30_Water_146,2023-03-18T12:00:00.000000Z,300,324.3,0,3.37,0.029,0.919,4.318,25,101.325,1,148,2023-03-18T11:56:29.000000Z,2023-03-18T12:09:02.000000Z,753
2023-03-18,NA,621.734,3318.5600000000004,-351.71,2023-03-18T11:58:58.000000Z,0.35,0.9,200,03-18-2023 11:58:57.782,45003_FLM30_Water_146,2023-03-18T12:00:00.000000Z,300,324.3,0,3.37,0.029,0.919,4.318,25,101.325,1,149,2023-03-18T11:56:29.000000Z,2023-03-18T12:09:02.000000Z,753
2023-03-18,NA,619.902,3325.66,-508.432,2023-03-18T11:58:59.000000Z,0.35,0.9,200,03-18-2023 11:58:58.777,45003_FLM30_Water_146,2023-03-18T12:00:00.000000Z,300,324.3,0,3.37,0.029,0.919,4.318,25,101.325,1,150,2023-03-18T11:56:29.000000Z,2023-03-18T12:09:02.000000Z,753
2023-03-18,NA,618.021,3330.5699999999997,-425.467,2023-03-18T11:59:00.000000Z,0.35,0.9,200,03-18-2023 11:58:59.772,45003_FLM30_Water_146,2023-03-18T12:00:00.000000Z,300,324.3,0,3.37,0.029,0.919,4.318,25,101.325,1,151,2023-03-18T11:56:29.000000Z,2023-03-18T12:09:02.000000Z,753
2023-03-18,NA,620.37,3325.64,-383.904,2023-03-18T11:59:01.000000Z,0.35,0.9,200,03-18-2023 11:59:00.766,45003_FLM30_Water_146,2023-03-18T12:00:00.000000Z,300,324.3,0,3.37,0.029,0.919,4.318,25,101.325,1,152,2023-03-18T11:56:29.000000Z,2023-03-18T12:09:02.000000Z,753
2023-03-18,NA,621.245,3321.83,-347.714,2023-03-18T11:59:02.000000Z,0.35,0.9,200,03-18-2023 11:59:01.760,45003_FLM30_Water_146,2023-03-18T12:00:00.000000Z,300,324.3,0,3.37,0.029,0.919,4.318,25,101.325,1,153,2023-03-18T11:56:29.000000Z,2023-03-18T12:09:02.000000Z,753
2023-03-18,NA,618.161,3330.4900000000002,-298.223,2023-03-18T11:59:03.000000Z,0.35,0.9,200,03-18-2023 11:59:02.755,45003_FLM30_Water_146,2023-03-18T12:00:00.000000Z,300,324.3,0,3.37,0.029,0.919,4.318,25,101.325,1,154,2023-03-18T11:56:29.000000Z,2023-03-18T12:09:02.000000Z,753
2023-03-18,NA,618.358,3325.2000000000003,-439.874,2023-03-18T11:59:04.000000Z,0.35,0.9,200,03-18-2023 11:59:03.749,45003_FLM30_Water_146,2023-03-18T12:00:00.000000Z,300,324.3,0,3.37,0.029,0.919,4.318,25,101.325,1,155,2023-03-18T11:56:29.000000Z,2023-03-18T12:09:02.000000Z,753
2023-03-18,NA,620.653,3330.15,-517.974,2023-03-18T11:59:05.000000Z,0.35,0.9,200,03-18-2023 11:59:04.744,45003_FLM30_Water_146,2023-03-18T12:00:00.000000Z,300,324.3,0,3.37,0.029,0.919,4.318,25,101.325,1,156,2023-03-18T11:56:29.000000Z,2023-03-18T12:09:02.000000Z,753
2023-03-18,NA,621.629,3324.86,-495.362,2023-03-18T11:59:06.000000Z,0.35,0.9,200,03-18-2023 11:59:05.738,45003_FLM30_Water_146,2023-03-18T12:00:00.000000Z,300,324.3,0,3.37,0.029,0.919,4.318,25,101.325,1,157,2023-03-18T11:56:29.000000Z,2023-03-18T12:09:02.000000Z,753
2023-03-18,NA,622.052,3332.51,-254.738,2023-03-18T11:59:07.000000Z,0.35,0.9,200,03-18-2023 11:59:06.733,45003_FLM30_Water_146,2023-03-18T12:00:00.000000Z,300,324.3,0,3.37,0.029,0.919,4.318,25,101.325,1,158,2023-03-18T11:56:29.000000Z,2023-03-18T12:09:02.000000Z,753
2023-03-18,NA,621.05,3331.34,-322.923,2023-03-18T11:59:08.000000Z,0.35,0.9,200,03-18-2023 11:59:07.727,45003_FLM30_Water_146,2023-03-18T12:00:00.000000Z,300,324.3,0,3.37,0.029,0.919,4.318,25,101.325,1,159,2023-03-18T11:56:29.000000Z,2023-03-18T12:09:02.000000Z,753
2023-03-18,NA,619.773,3326.31,-385.133,2023-03-18T11:59:09.000000Z,0.35,0.9,200,03-18-2023 11:59:08.722,45003_FLM30_Water_146,2023-03-18T12:00:00.000000Z,300,324.3,0,3.37,0.029,0.919,4.318,25,101.325,1,160,2023-03-18T11:56:29.000000Z,2023-03-18T12:09:02.000000Z,753
2023-03-18,NA,619.243,3323.63,-304.768,2023-03-18T11:59:10.000000Z,0.35,0.9,200,03-18-2023 11:59:09.716,45003_FLM30_Water_146,2023-03-18T12:00:00.000000Z,300,324.3,0,3.37,0.029,0.919,4.318,25,101.325,1,161,2023-03-18T11:56:29.000000Z,2023-03-18T12:09:02.000000Z,753
2023-03-18,NA,620.688,3325.75,-402.55,2023-03-18T11:59:11.000000Z,0.35,0.9,200,03-18-2023 11:59:10.712,45003_FLM30_Water_146,2023-03-18T12:00:00.000000Z,300,324.3,0,3.37,0.029,0.919,4.318,25,101.325,1,162,2023-03-18T11:56:29.000000Z,2023-03-18T12:09:02.000000Z,753
2023-03-18,NA,621.563,3327.9100000000003,-339.658,2023-03-18T11:59:12.000000Z,0.35,0.9,200,03-18-2023 11:59:11.705,45003_FLM30_Water_146,2023-03-18T12:00:00.000000Z,300,324.3,0,3.37,0.029,0.919,4.318,25,101.325,1,163,2023-03-18T11:56:29.000000Z,2023-03-18T12:09:02.000000Z,753
2023-03-18,NA,622.54,3331.5,-373.994,2023-03-18T11:59:13.000000Z,0.35,0.9,200,03-18-2023 11:59:12.700,45003_FLM30_Water_146,2023-03-18T12:00:00.000000Z,300,324.3,0,3.37,0.029,0.919,4.318,25,101.325,1,164,2023-03-18T11:56:29.000000Z,2023-03-18T12:09:02.000000Z,753
2023-03-18,NA,620.792,3330.9,-362.624,2023-03-18T11:59:14.000000Z,0.35,0.9,200,03-18-2023 11:59:13.702,45003_FLM30_Water_146,2023-03-18T12:00:00.000000Z,300,324.3,0,3.37,0.029,0.919,4.318,25,101.325,1,165,2023-03-18T11:56:29.000000Z,2023-03-18T12:09:02.000000Z,753
2023-03-18,NA,621.343,3332.9900000000002,-291.545,2023-03-18T11:59:15.000000Z,0.35,0.9,200,03-18-2023 11:59:14.696,45003_FLM30_Water_146,2023-03-18T12:00:00.000000Z,300,324.3,0,3.37,0.029,0.919,4.318,25,101.325,1,166,2023-03-18T11:56:29.000000Z,2023-03-18T12:09:02.000000Z,753
2023-03-18,NA,622.291,3327.9,-387.786,2023-03-18T11:59:16.000000Z,0.35,0.9,200,03-18-2023 11:59:15.690,45003_FLM30_Water_146,2023-03-18T12:00:00.000000Z,300,324.3,0,3.37,0.029,0.919,4.318,25,101.325,1,167,2023-03-18T11:56:29.000000Z,2023-03-18T12:09:02.000000Z,753
2023-03-18,NA,618.43,3329.25,-159.407,2023-03-18T11:59:17.000000Z,0.35,0.9,200,03-18-2023 11:59:16.685,45003_FLM30_Water_146,2023-03-18T12:00:00.000000Z,300,324.3,0,3.37,0.029,0.919,4.318,25,101.325,1,168,2023-03-18T11:56:29.000000Z,2023-03-18T12:09:02.000000Z,753
2023-03-18,NA,620.024,3329.0299999999997,-1199.52,2023-03-18T11:59:18.000000Z,0.35,0.9,200,03-18-2023 11:59:17.680,45003_FLM30_Water_146,2023-03-18T12:00:00.000000Z,300,324.3,0,3.37,0.029,0.919,4.318,25,101.325,1,169,2023-03-18T11:56:29.000000Z,2023-03-18T12:09:02.000000Z,753
2023-03-18,NA,621.929,3330.98,-348.29,2023-03-18T11:59:19.000000Z,0.35,0.9,200,03-18-2023 11:59:18.675,45003_FLM30_Water_146,2023-03-18T12:00:00.000000Z,300,324.3,0,3.37,0.029,0.919,4.318,25,101.325,1,170,2023-03-18T11:56:29.000000Z,2023-03-18T12:09:02.000000Z,753
2023-03-18,NA,620.765,3331.61,-428.721,2023-03-18T11:59:20.000000Z,0.35,0.9,200,03-18-2023 11:59:19.669,45003_FLM30_Water_146,2023-03-18T12:00:00.000000Z,300,324.3,0,3.37,0.029,0.919,4.318,25,101.325,1,171,2023-03-18T11:56:29.000000Z,2023-03-18T12:09:02.000000Z,753
2023-03-18,NA,622.949,3335.95,-314.288,2023-03-18T11:59:21.000000Z,0.35,0.9,200,03-18-2023 11:59:20.663,45003_FLM30_Water_146,2023-03-18T12:00:00.000000Z,300,324.3,0,3.37,0.029,0.919,4.318,25,101.325,1,172,2023-03-18T11:56:29.000000Z,2023-03-18T12:09:02.000000Z,753
2023-03-18,NA,622.096,3333.4100000000003,-331.947,2023-03-18T11:59:22.000000Z,0.35,0.9,200,03-18-2023 11:59:21.657,45003_FLM30_Water_146,2023-03-18T12:00:00.000000Z,300,324.3,0,3.37,0.029,0.919,4.318,25,101.325,1,173,2023-03-18T11:56:29.000000Z,2023-03-18T12:09:02.000000Z,753
2023-03-18,NA,620.129,3327.66,-273.173,2023-03-18T11:59:23.000000Z,0.35,0.9,200,03-18-2023 11:59:22.652,45003_FLM30_Water_146,2023-03-18T12:00:00.000000Z,300,324.3,0,3.37,0.029,0.919,4.318,25,101.325,1,174,2023-03-18T11:56:29.000000Z,2023-03-18T12:09:02.000000Z,753
2023-03-18,NA,619.367,3332.09,-382.317,2023-03-18T11:59:24.000000Z,0.35,0.9,200,03-18-2023 11:59:23.647,45003_FLM30_Water_146,2023-03-18T12:00:00.000000Z,300,324.3,0,3.37,0.029,0.919,4.318,25,101.325,1,175,2023-03-18T11:56:29.000000Z,2023-03-18T12:09:02.000000Z,753
2023-03-18,NA,619.563,3325.6899999999996,-567.983,2023-03-18T11:59:25.000000Z,0.35,0.9,200,03-18-2023 11:59:24.641,45003_FLM30_Water_146,2023-03-18T12:00:00.000000Z,300,324.3,0,3.37,0.029,0.919,4.318,25,101.325,1,176,2023-03-18T11:56:29.000000Z,2023-03-18T12:09:02.000000Z,753
2023-03-18,NA,619.586,3334.4900000000002,-301.423,2023-03-18T11:59:26.000000Z,0.35,0.9,200,03-18-2023 11:59:25.637,45003_FLM30_Water_146,2023-03-18T12:00:00.000000Z,300,324.3,0,3.37,0.029,0.919,4.318,25,101.325,1,177,2023-03-18T11:56:29.000000Z,2023-03-18T12:09:02.000000Z,753
2023-03-18,NA,622.611,3335.08,-348.147,2023-03-18T11:59:27.000000Z,0.35,0.9,200,03-18-2023 11:59:26.630,45003_FLM30_Water_146,2023-03-18T12:00:00.000000Z,300,324.3,0,3.37,0.029,0.919,4.318,25,101.325,1,178,2023-03-18T11:56:29.000000Z,2023-03-18T12:09:02.000000Z,753
2023-03-18,NA,620.683,3330.4100000000003,-399.421,2023-03-18T11:59:28.000000Z,0.35,0.9,200,03-18-2023 11:59:27.625,45003_FLM30_Water_146,2023-03-18T12:00:00.000000Z,300,324.3,0,3.37,0.029,0.919,4.318,25,101.325,1,179,2023-03-18T11:56:29.000000Z,2023-03-18T12:09:02.000000Z,753
2023-03-18,NA,621.348,3332,-305.05,2023-03-18T11:59:29.000000Z,0.35,0.9,200,03-18-2023 11:59:28.620,45003_FLM30_Water_146,2023-03-18T12:00:00.000000Z,300,324.3,0,3.37,0.029,0.919,4.318,25,101.325,1,180,2023-03-18T11:56:29.000000Z,2023-03-18T12:09:02.000000Z,753
2023-03-18,NA,622.045,3335.46,-326.029,2023-03-18T11:59:30.000000Z,0.35,0.9,200,03-18-2023 11:59:29.614,45003_FLM30_Water_146,2023-03-18T12:00:00.000000Z,300,324.3,0,3.37,0.029,0.919,4.318,25,101.325,1,181,2023-03-18T11:56:29.000000Z,2023-03-18T12:09:02.000000Z,753
2023-03-18,NA,620.929,3328.1299999999997,-611.352,2023-03-18T11:59:31.000000Z,0.35,0.9,200,03-18-2023 11:59:30.609,45003_FLM30_Water_146,2023-03-18T12:00:00.000000Z,300,324.3,0,3.37,0.029,0.919,4.318,25,101.325,1,182,2023-03-18T11:56:29.000000Z,2023-03-18T12:09:02.000000Z,753
2023-03-18,NA,621.627,3337.18,-385.485,2023-03-18T11:59:32.000000Z,0.35,0.9,200,03-18-2023 11:59:31.602,45003_FLM30_Water_146,2023-03-18T12:00:00.000000Z,300,324.3,0,3.37,0.029,0.919,4.318,25,101.325,1,183,2023-03-18T11:56:29.000000Z,2023-03-18T12:09:02.000000Z,753
2023-03-18,NA,620.352,3334.4100000000003,-404.178,2023-03-18T11:59:33.000000Z,0.35,0.9,200,03-18-2023 11:59:32.599,45003_FLM30_Water_146,2023-03-18T12:00:00.000000Z,300,324.3,0,3.37,0.029,0.919,4.318,25,101.325,1,184,2023-03-18T11:56:29.000000Z,2023-03-18T12:09:02.000000Z,753
2023-03-18,NA,621.423,3331.57,-289.065,2023-03-18T11:59:34.000000Z,0.35,0.9,200,03-18-2023 11:59:33.592,45003_FLM30_Water_146,2023-03-18T12:00:00.000000Z,300,324.3,0,3.37,0.029,0.919,4.318,25,101.325,1,185,2023-03-18T11:56:29.000000Z,2023-03-18T12:09:02.000000Z,753
2023-03-18,NA,622.123,3330.0299999999997,-324.231,2023-03-18T11:59:35.000000Z,0.35,0.9,200,03-18-2023 11:59:34.587,45003_FLM30_Water_146,2023-03-18T12:00:00.000000Z,300,324.3,0,3.37,0.029,0.919,4.318,25,101.325,1,186,2023-03-18T11:56:29.000000Z,2023-03-18T12:09:02.000000Z,753
2023-03-18,NA,621.133,3331.61,-503.689,2023-03-18T11:59:36.000000Z,0.35,0.9,200,03-18-2023 11:59:35.582,45003_FLM30_Water_146,2023-03-18T12:00:00.000000Z,300,324.3,0,3.37,0.029,0.919,4.318,25,101.325,1,187,2023-03-18T11:56:29.000000Z,2023-03-18T12:09:02.000000Z,753
2023-03-18,NA,621.835,3332.35,-122.404,2023-03-18T11:59:37.000000Z,0.35,0.9,200,03-18-2023 11:59:36.577,45003_FLM30_Water_146,2023-03-18T12:00:00.000000Z,300,324.3,0,3.37,0.029,0.919,4.318,25,101.325,1,188,2023-03-18T11:56:29.000000Z,2023-03-18T12:09:02.000000Z,753
2023-03-18,NA,620.686,3328.1299999999997,-414.853,2023-03-18T11:59:38.000000Z,0.35,0.9,200,03-18-2023 11:59:37.570,45003_FLM30_Water_146,2023-03-18T12:00:00.000000Z,300,324.3,0,3.37,0.029,0.919,4.318,25,101.325,1,189,2023-03-18T11:56:29.000000Z,2023-03-18T12:09:02.000000Z,753
2023-03-18,NA,621.497,3335.2200000000003,-195.658,2023-03-18T11:59:39.000000Z,0.35,0.9,200,03-18-2023 11:59:38.565,45003_FLM30_Water_146,2023-03-18T12:00:00.000000Z,300,324.3,0,3.37,0.029,0.919,4.318,25,101.325,1,190,2023-03-18T11:56:29.000000Z,2023-03-18T12:09:02.000000Z,753
2023-03-18,NA,622.485,3336.9300000000003,-483.13,2023-03-18T11:59:40.000000Z,0.35,0.9,200,03-18-2023 11:59:39.559,45003_FLM30_Water_146,2023-03-18T12:00:00.000000Z,300,324.3,0,3.37,0.029,0.919,4.318,25,101.325,1,191,2023-03-18T11:56:29.000000Z,2023-03-18T12:09:02.000000Z,753
2023-03-18,NA,620.438,3335.45,-285.433,2023-03-18T11:59:41.000000Z,0.35,0.9,200,03-18-2023 11:59:40.555,45003_FLM30_Water_146,2023-03-18T12:00:00.000000Z,300,324.3,0,3.37,0.029,0.919,4.318,25,101.325,1,192,2023-03-18T11:56:29.000000Z,2023-03-18T12:09:02.000000Z,753
2023-03-18,NA,622.677,3335.84,-291.286,2023-03-18T11:59:42.000000Z,0.35,0.9,200,03-18-2023 11:59:41.549,45003_FLM30_Water_146,2023-03-18T12:00:00.000000Z,300,324.3,0,3.37,0.029,0.919,4.318,25,101.325,1,193,2023-03-18T11:56:29.000000Z,2023-03-18T12:09:02.000000Z,753
2023-03-18,NA,620.685,3338.8300000000004,-539.921,2023-03-18T11:59:43.000000Z,0.35,0.9,200,03-18-2023 11:59:42.543,45003_FLM30_Water_146,2023-03-18T12:00:00.000000Z,300,324.3,0,3.37,0.029,0.919,4.318,25,101.325,1,194,2023-03-18T11:56:29.000000Z,2023-03-18T12:09:02.000000Z,753
2023-03-18,NA,622.159,3333.89,-313.952,2023-03-18T11:59:44.000000Z,0.35,0.9,200,03-18-2023 11:59:43.538,45003_FLM30_Water_146,2023-03-18T12:00:00.000000Z,300,324.3,0,3.37,0.029,0.919,4.318,25,101.325,1,195,2023-03-18T11:56:29.000000Z,2023-03-18T12:09:02.000000Z,753
2023-03-18,NA,621.488,3334.32,-560.403,2023-03-18T11:59:45.000000Z,0.35,0.9,200,03-18-2023 11:59:44.532,45003_FLM30_Water_146,2023-03-18T12:00:00.000000Z,300,324.3,0,3.37,0.029,0.919,4.318,25,101.325,1,196,2023-03-18T11:56:29.000000Z,2023-03-18T12:09:02.000000Z,753
2023-03-18,NA,621.605,3340.1800000000003,-312.463,2023-03-18T11:59:46.000000Z,0.35,0.9,200,03-18-2023 11:59:45.527,45003_FLM30_Water_146,2023-03-18T12:00:00.000000Z,300,324.3,0,3.37,0.029,0.919,4.318,25,101.325,1,197,2023-03-18T11:56:29.000000Z,2023-03-18T12:09:02.000000Z,753
2023-03-18,NA,620.818,3336.83,-274.873,2023-03-18T11:59:47.000000Z,0.35,0.9,200,03-18-2023 11:59:46.521,45003_FLM30_Water_146,2023-03-18T12:00:00.000000Z,300,324.3,0,3.37,0.029,0.919,4.318,25,101.325,1,198,2023-03-18T11:56:29.000000Z,2023-03-18T12:09:02.000000Z,753
2023-03-18,NA,621.304,3341.34,-417.112,2023-03-18T11:59:48.000000Z,0.35,0.9,200,03-18-2023 11:59:47.516,45003_FLM30_Water_146,2023-03-18T12:00:00.000000Z,300,324.3,0,3.37,0.029,0.919,4.318,25,101.325,1,199,2023-03-18T11:56:29.000000Z,2023-03-18T12:09:02.000000Z,753
2023-03-18,NA,623.734,3341.6800000000003,-290.753,2023-03-18T11:59:49.000000Z,0.35,0.9,200,03-18-2023 11:59:48.510,45003_FLM30_Water_146,2023-03-18T12:00:00.000000Z,300,324.3,0,3.37,0.029,0.919,4.318,25,101.325,1,200,2023-03-18T11:56:29.000000Z,2023-03-18T12:09:02.000000Z,753
2023-03-18,NA,621.763,3331.57,-571.577,2023-03-18T11:59:50.000000Z,0.35,0.9,200,03-18-2023 11:59:49.505,45003_FLM30_Water_146,2023-03-18T12:00:00.000000Z,300,324.3,0,3.37,0.029,0.919,4.318,25,101.325,1,201,2023-03-18T11:56:29.000000Z,2023-03-18T12:09:02.000000Z,753
2023-03-18,NA,621.357,3340.6600000000003,-446.978,2023-03-18T11:59:51.000000Z,0.35,0.9,200,03-18-2023 11:59:50.500,45003_FLM30_Water_146,2023-03-18T12:00:00.000000Z,300,324.3,0,3.37,0.029,0.919,4.318,25,101.325,1,202,2023-03-18T11:56:29.000000Z,2023-03-18T12:09:02.000000Z,753
2023-03-18,NA,622.461,3336.64,-290.165,2023-03-18T11:59:51.000000Z,0.35,0.9,200,03-18-2023 11:59:51.494,45003_FLM30_Water_146,2023-03-18T12:00:00.000000Z,300,324.3,0,3.37,0.029,0.919,4.318,25,101.325,1,202,2023-03-18T11:56:29.000000Z,2023-03-18T12:09:02.000000Z,753
2023-03-18,NA,621.951,3337.26,-266.552,2023-03-18T11:59:52.000000Z,0.35,0.9,200,03-18-2023 11:59:52.489,45003_FLM30_Water_146,2023-03-18T12:00:00.000000Z,300,324.3,0,3.37,0.029,0.919,4.318,25,101.325,1,203,2023-03-18T11:56:29.000000Z,2023-03-18T12:09:02.000000Z,753
2023-03-18,NA,623.252,3340.75,-354.079,2023-03-18T11:59:53.000000Z,0.35,0.9,200,03-18-2023 11:59:53.483,45003_FLM30_Water_146,2023-03-18T12:00:00.000000Z,300,324.3,0,3.37,0.029,0.919,4.318,25,101.325,1,204,2023-03-18T11:56:29.000000Z,2023-03-18T12:09:02.000000Z,753
2023-03-18,NA,621.947,3336.2799999999997,-357.826,2023-03-18T11:59:54.000000Z,0.35,0.9,200,03-18-2023 11:59:54.477,45003_FLM30_Water_146,2023-03-18T12:00:00.000000Z,300,324.3,0,3.37,0.029,0.919,4.318,25,101.325,1,205,2023-03-18T11:56:29.000000Z,2023-03-18T12:09:02.000000Z,753
2023-03-18,NA,620.496,3338.43,-340.762,2023-03-18T11:59:55.000000Z,0.35,0.9,200,03-18-2023 11:59:55.472,45003_FLM30_Water_146,2023-03-18T12:00:00.000000Z,300,324.3,0,3.37,0.029,0.919,4.318,25,101.325,1,206,2023-03-18T11:56:29.000000Z,2023-03-18T12:09:02.000000Z,753
2023-03-18,NA,623.073,3344.64,-313.429,2023-03-18T11:59:56.000000Z,0.35,0.9,200,03-18-2023 11:59:56.467,45003_FLM30_Water_146,2023-03-18T12:00:00.000000Z,300,324.3,0,3.37,0.029,0.919,4.318,25,101.325,1,207,2023-03-18T11:56:29.000000Z,2023-03-18T12:09:02.000000Z,753
2023-03-18,NA,621.74,3343.34,-314.434,2023-03-18T11:59:57.000000Z,0.35,0.9,200,03-18-2023 11:59:57.462,45003_FLM30_Water_146,2023-03-18T12:00:00.000000Z,300,324.3,0,3.37,0.029,0.919,4.318,25,101.325,1,208,2023-03-18T11:56:29.000000Z,2023-03-18T12:09:02.000000Z,753
2023-03-18,NA,620.385,3345.54,-385.704,2023-03-18T11:59:58.000000Z,0.35,0.9,200,03-18-2023 11:59:58.456,45003_FLM30_Water_146,2023-03-18T12:00:00.000000Z,300,324.3,0,3.37,0.029,0.919,4.318,25,101.325,1,209,2023-03-18T11:56:29.000000Z,2023-03-18T12:09:02.000000Z,753
2023-03-18,NA,622.167,3341.92,-277.621,2023-03-18T11:59:59.000000Z,0.35,0.9,200,03-18-2023 11:59:59.451,45003_FLM30_Water_146,2023-03-18T12:00:00.000000Z,300,324.3,0,3.37,0.029,0.919,4.318,25,101.325,1,210,2023-03-18T11:56:29.000000Z,2023-03-18T12:09:02.000000Z,753
2023-03-18,NA,620.798,3348.59,-418.434,2023-03-18T12:00:00.000000Z,0.35,0.9,200,03-18-2023 12:00:00.446,45003_FLM30_Water_146,2023-03-18T12:00:00.000000Z,300,324.3,0,3.37,0.029,0.919,4.318,25,101.325,1,211,2023-03-18T11:56:29.000000Z,2023-03-18T12:09:02.000000Z,753
2023-03-18,NA,621.093,3344.1299999999997,-476.499,2023-03-18T12:00:01.000000Z,0.35,0.9,200,03-18-2023 12:00:01.439,45003_FLM30_Water_146,2023-03-18T12:00:00.000000Z,300,324.3,0,3.37,0.029,0.919,4.318,25,101.325,1,212,2023-03-18T11:56:29.000000Z,2023-03-18T12:09:02.000000Z,753
2023-03-18,NA,621.676,3336.47,-597.005,2023-03-18T12:00:02.000000Z,0.35,0.9,200,03-18-2023 12:00:02.434,45003_FLM30_Water_146,2023-03-18T12:00:00.000000Z,300,324.3,0,3.37,0.029,0.919,4.318,25,101.325,1,213,2023-03-18T11:56:29.000000Z,2023-03-18T12:09:02.000000Z,753
2023-03-18,NA,621.322,3343.29,-266.28,2023-03-18T12:00:03.000000Z,0.35,0.9,200,03-18-2023 12:00:03.428,45003_FLM30_Water_146,2023-03-18T12:00:00.000000Z,300,324.3,0,3.37,0.029,0.919,4.318,25,101.325,1,214,2023-03-18T11:56:29.000000Z,2023-03-18T12:09:02.000000Z,753
2023-03-18,NA,622.838,3351.2599999999998,-379.126,2023-03-18T12:00:04.000000Z,0.35,0.9,200,03-18-2023 12:00:04.424,45003_FLM30_Water_146,2023-03-18T12:00:00.000000Z,300,324.3,0,3.37,0.029,0.919,4.318,25,101.325,1,215,2023-03-18T11:56:29.000000Z,2023-03-18T12:09:02.000000Z,753
2023-03-18,NA,620.103,3343.5,-518.985,2023-03-18T12:00:05.000000Z,0.35,0.9,200,03-18-2023 12:00:05.418,45003_FLM30_Water_146,2023-03-18T12:00:00.000000Z,300,324.3,0,3.37,0.029,0.919,4.318,25,101.325,1,216,2023-03-18T11:56:29.000000Z,2023-03-18T12:09:02.000000Z,753
2023-03-18,NA,622.403,3347.34,-339.849,2023-03-18T12:00:06.000000Z,0.35,0.9,200,03-18-2023 12:00:06.413,45003_FLM30_Water_146,2023-03-18T12:00:00.000000Z,300,324.3,0,3.37,0.029,0.919,4.318,25,101.325,1,217,2023-03-18T11:56:29.000000Z,2023-03-18T12:09:02.000000Z,753
2023-03-18,NA,624.435,3347.07,-487.68,2023-03-18T12:00:07.000000Z,0.35,0.9,200,03-18-2023 12:00:07.406,45003_FLM30_Water_146,2023-03-18T12:00:00.000000Z,300,324.3,0,3.37,0.029,0.919,4.318,25,101.325,1,218,2023-03-18T11:56:29.000000Z,2023-03-18T12:09:02.000000Z,753
2023-03-18,NA,621.641,3347.88,-533.914,2023-03-18T12:00:08.000000Z,0.35,0.9,200,03-18-2023 12:00:08.402,45003_FLM30_Water_146,2023-03-18T12:00:00.000000Z,300,324.3,0,3.37,0.029,0.919,4.318,25,101.325,1,219,2023-03-18T11:56:29.000000Z,2023-03-18T12:09:02.000000Z,753
2023-03-18,NA,620.798,3344.2799999999997,-187.198,2023-03-18T12:00:09.000000Z,0.35,0.9,200,03-18-2023 12:00:09.396,45003_FLM30_Water_146,2023-03-18T12:00:00.000000Z,300,324.3,0,3.37,0.029,0.919,4.318,25,101.325,1,220,2023-03-18T11:56:29.000000Z,2023-03-18T12:09:02.000000Z,753
2023-03-18,NA,620.603,3348.1,-432.583,2023-03-18T12:00:10.000000Z,0.35,0.9,200,03-18-2023 12:00:10.391,45003_FLM30_Water_146,2023-03-18T12:00:00.000000Z,300,324.3,0,3.37,0.029,0.919,4.318,25,101.325,1,221,2023-03-18T11:56:29.000000Z,2023-03-18T12:09:02.000000Z,753
2023-03-18,NA,620.967,3347.9199999999996,-307.694,2023-03-18T12:00:11.000000Z,0.35,0.9,200,03-18-2023 12:00:11.385,45003_FLM30_Water_146,2023-03-18T12:00:00.000000Z,300,324.3,0,3.37,0.029,0.919,4.318,25,101.325,1,222,2023-03-18T11:56:29.000000Z,2023-03-18T12:09:02.000000Z,753
2023-03-18,NA,620.76,3346.5,-532.476,2023-03-18T12:00:12.000000Z,0.35,0.9,200,03-18-2023 12:00:12.379,45003_FLM30_Water_146,2023-03-18T12:00:00.000000Z,300,324.3,0,3.37,0.029,0.919,4.318,25,101.325,1,223,2023-03-18T11:56:29.000000Z,2023-03-18T12:09:02.000000Z,753
2023-03-18,NA,622.907,3348.49,-266.062,2023-03-18T12:00:13.000000Z,0.35,0.9,200,03-18-2023 12:00:13.374,45003_FLM30_Water_146,2023-03-18T12:00:00.000000Z,300,324.3,0,3.37,0.029,0.919,4.318,25,101.325,1,224,2023-03-18T11:56:29.000000Z,2023-03-18T12:09:02.000000Z,753
2023-03-18,NA,621.12,3350.42,-378.61,2023-03-18T12:00:14.000000Z,0.35,0.9,200,03-18-2023 12:00:14.369,45003_FLM30_Water_146,2023-03-18T12:00:00.000000Z,300,324.3,0,3.37,0.029,0.919,4.318,25,101.325,1,225,2023-03-18T11:56:29.000000Z,2023-03-18T12:09:02.000000Z,753
2023-03-18,NA,619.674,3352.74,-404.78,2023-03-18T12:00:15.000000Z,0.35,0.9,200,03-18-2023 12:00:15.364,45003_FLM30_Water_146,2023-03-18T12:00:00.000000Z,300,324.3,0,3.37,0.029,0.919,4.318,25,101.325,1,226,2023-03-18T11:56:29.000000Z,2023-03-18T12:09:02.000000Z,753
2023-03-18,NA,622.793,3350.23,-436.087,2023-03-18T12:00:16.000000Z,0.35,0.9,200,03-18-2023 12:00:16.365,45003_FLM30_Water_146,2023-03-18T12:00:00.000000Z,300,324.3,0,3.37,0.029,0.919,4.318,25,101.325,1,227,2023-03-18T11:56:29.000000Z,2023-03-18T12:09:02.000000Z,753
2023-03-18,NA,622.644,3350.5600000000004,-388.463,2023-03-18T12:00:17.000000Z,0.35,0.9,200,03-18-2023 12:00:17.358,45003_FLM30_Water_146,2023-03-18T12:00:00.000000Z,300,324.3,0,3.37,0.029,0.919,4.318,25,101.325,1,228,2023-03-18T11:56:29.000000Z,2023-03-18T12:09:02.000000Z,753
2023-03-18,NA,623.2,3347.8500000000004,-293.976,2023-03-18T12:00:18.000000Z,0.35,0.9,200,03-18-2023 12:00:18.354,45003_FLM30_Water_146,2023-03-18T12:00:00.000000Z,300,324.3,0,3.37,0.029,0.919,4.318,25,101.325,1,229,2023-03-18T11:56:29.000000Z,2023-03-18T12:09:02.000000Z,753
2023-03-18,NA,621.877,3355.51,-531.445,2023-03-18T12:00:19.000000Z,0.35,0.9,200,03-18-2023 12:00:19.349,45003_FLM30_Water_146,2023-03-18T12:00:00.000000Z,300,324.3,0,3.37,0.029,0.919,4.318,25,101.325,1,230,2023-03-18T11:56:29.000000Z,2023-03-18T12:09:02.000000Z,753
2023-03-18,NA,622.679,3350.91,-344.938,2023-03-18T12:00:20.000000Z,0.35,0.9,200,03-18-2023 12:00:20.342,45003_FLM30_Water_146,2023-03-18T12:00:00.000000Z,300,324.3,0,3.37,0.029,0.919,4.318,25,101.325,1,231,2023-03-18T11:56:29.000000Z,2023-03-18T12:09:02.000000Z,753
2023-03-18,NA,621.474,3347.2,-356.012,2023-03-18T12:00:21.000000Z,0.35,0.9,200,03-18-2023 12:00:21.337,45003_FLM30_Water_146,2023-03-18T12:00:00.000000Z,300,324.3,0,3.37,0.029,0.919,4.318,25,101.325,1,232,2023-03-18T11:56:29.000000Z,2023-03-18T12:09:02.000000Z,753
2023-03-18,NA,622.281,3353.44,-301.212,2023-03-18T12:00:22.000000Z,0.35,0.9,200,03-18-2023 12:00:22.331,45003_FLM30_Water_146,2023-03-18T12:00:00.000000Z,300,324.3,0,3.37,0.029,0.919,4.318,25,101.325,1,233,2023-03-18T11:56:29.000000Z,2023-03-18T12:09:02.000000Z,753
2023-03-18,NA,621.235,3350.5,-265.427,2023-03-18T12:00:23.000000Z,0.35,0.9,200,03-18-2023 12:00:23.326,45003_FLM30_Water_146,2023-03-18T12:00:00.000000Z,300,324.3,0,3.37,0.029,0.919,4.318,25,101.325,1,234,2023-03-18T11:56:29.000000Z,2023-03-18T12:09:02.000000Z,753
2023-03-18,NA,621.433,3360.09,-469.539,2023-03-18T12:00:24.000000Z,0.35,0.9,200,03-18-2023 12:00:24.321,45003_FLM30_Water_146,2023-03-18T12:00:00.000000Z,300,324.3,0,3.37,0.029,0.919,4.318,25,101.325,1,235,2023-03-18T11:56:29.000000Z,2023-03-18T12:09:02.000000Z,753
2023-03-18,NA,621.703,3352.11,-339.064,2023-03-18T12:00:25.000000Z,0.35,0.9,200,03-18-2023 12:00:25.315,45003_FLM30_Water_146,2023-03-18T12:00:00.000000Z,300,324.3,0,3.37,0.029,0.919,4.318,25,101.325,1,236,2023-03-18T11:56:29.000000Z,2023-03-18T12:09:02.000000Z,753
2023-03-18,NA,622.371,3353.8199999999997,-559.9,2023-03-18T12:00:26.000000Z,0.35,0.9,200,03-18-2023 12:00:26.310,45003_FLM30_Water_146,2023-03-18T12:00:00.000000Z,300,324.3,0,3.37,0.029,0.919,4.318,25,101.325,1,237,2023-03-18T11:56:29.000000Z,2023-03-18T12:09:02.000000Z,753
2023-03-18,NA,621.886,3354.15,-282.253,2023-03-18T12:00:27.000000Z,0.35,0.9,200,03-18-2023 12:00:27.304,45003_FLM30_Water_146,2023-03-18T12:00:00.000000Z,300,324.3,0,3.37,0.029,0.919,4.318,25,101.325,1,238,2023-03-18T11:56:29.000000Z,2023-03-18T12:09:02.000000Z,753
2023-03-18,NA,621.566,3349.91,-446.842,2023-03-18T12:00:28.000000Z,0.35,0.9,200,03-18-2023 12:00:28.299,45003_FLM30_Water_146,2023-03-18T12:00:00.000000Z,300,324.3,0,3.37,0.029,0.919,4.318,25,101.325,1,239,2023-03-18T11:56:29.000000Z,2023-03-18T12:09:02.000000Z,753
2023-03-18,NA,621.377,3360.74,-325.709,2023-03-18T12:00:29.000000Z,0.35,0.9,200,03-18-2023 12:00:29.294,45003_FLM30_Water_146,2023-03-18T12:00:00.000000Z,300,324.3,0,3.37,0.029,0.919,4.318,25,101.325,1,240,2023-03-18T11:56:29.000000Z,2023-03-18T12:09:02.000000Z,753
2023-03-18,NA,621.863,3355.75,-419.961,2023-03-18T12:00:30.000000Z,0.35,0.9,200,03-18-2023 12:00:30.288,45003_FLM30_Water_146,2023-03-18T12:00:00.000000Z,300,324.3,0,3.37,0.029,0.919,4.318,25,101.325,1,241,2023-03-18T11:56:29.000000Z,2023-03-18T12:09:02.000000Z,753
2023-03-18,NA,621.357,3360.1899999999996,-485.305,2023-03-18T12:00:31.000000Z,0.35,0.9,200,03-18-2023 12:00:31.282,45003_FLM30_Water_146,2023-03-18T12:00:00.000000Z,300,324.3,0,3.37,0.029,0.919,4.318,25,101.325,1,242,2023-03-18T11:56:29.000000Z,2023-03-18T12:09:02.000000Z,753
2023-03-18,NA,623.751,3355.01,-328.502,2023-03-18T12:00:32.000000Z,0.35,0.9,200,03-18-2023 12:00:32.277,45003_FLM30_Water_146,2023-03-18T12:00:00.000000Z,300,324.3,0,3.37,0.029,0.919,4.318,25,101.325,1,243,2023-03-18T11:56:29.000000Z,2023-03-18T12:09:02.000000Z,753
2023-03-18,NA,622.006,3359.1600000000003,-438.567,2023-03-18T12:00:33.000000Z,0.35,0.9,200,03-18-2023 12:00:33.272,45003_FLM30_Water_146,2023-03-18T12:00:00.000000Z,300,324.3,0,3.37,0.029,0.919,4.318,25,101.325,1,244,2023-03-18T11:56:29.000000Z,2023-03-18T12:09:02.000000Z,753
2023-03-18,NA,622.323,3355.42,-386.391,2023-03-18T12:00:34.000000Z,0.35,0.9,200,03-18-2023 12:00:34.266,45003_FLM30_Water_146,2023-03-18T12:00:00.000000Z,300,324.3,0,3.37,0.029,0.919,4.318,25,101.325,1,245,2023-03-18T11:56:29.000000Z,2023-03-18T12:09:02.000000Z,753
2023-03-18,NA,621.89,3358.24,-491.427,2023-03-18T12:00:35.000000Z,0.35,0.9,200,03-18-2023 12:00:35.261,45003_FLM30_Water_146,2023-03-18T12:00:00.000000Z,300,324.3,0,3.37,0.029,0.919,4.318,25,101.325,1,246,2023-03-18T11:56:29.000000Z,2023-03-18T12:09:02.000000Z,753
2023-03-18,NA,623.42,3355.44,-507.505,2023-03-18T12:00:36.000000Z,0.35,0.9,200,03-18-2023 12:00:36.256,45003_FLM30_Water_146,2023-03-18T12:00:00.000000Z,300,324.3,0,3.37,0.029,0.919,4.318,25,101.325,1,247,2023-03-18T11:56:29.000000Z,2023-03-18T12:09:02.000000Z,753
2023-03-18,NA,624.707,3360.1800000000003,-356.075,2023-03-18T12:00:37.000000Z,0.35,0.9,200,03-18-2023 12:00:37.251,45003_FLM30_Water_146,2023-03-18T12:00:00.000000Z,300,324.3,0,3.37,0.029,0.919,4.318,25,101.325,1,248,2023-03-18T11:56:29.000000Z,2023-03-18T12:09:02.000000Z,753
2023-03-18,NA,621.264,3352.9900000000002,-421.996,2023-03-18T12:00:38.000000Z,0.35,0.9,200,03-18-2023 12:00:38.244,45003_FLM30_Water_146,2023-03-18T12:00:00.000000Z,300,324.3,0,3.37,0.029,0.919,4.318,25,101.325,1,249,2023-03-18T11:56:29.000000Z,2023-03-18T12:09:02.000000Z,753
2023-03-18,NA,623.186,3362.28,-555.035,2023-03-18T12:00:39.000000Z,0.35,0.9,200,03-18-2023 12:00:39.238,45003_FLM30_Water_146,2023-03-18T12:00:00.000000Z,300,324.3,0,3.37,0.029,0.919,4.318,25,101.325,1,250,2023-03-18T11:56:29.000000Z,2023-03-18T12:09:02.000000Z,753
2023-03-18,NA,624.675,3355.54,-364.841,2023-03-18T12:00:40.000000Z,0.35,0.9,200,03-18-2023 12:00:40.234,45003_FLM30_Water_146,2023-03-18T12:00:00.000000Z,300,324.3,0,3.37,0.029,0.919,4.318,25,101.325,1,251,2023-03-18T11:56:29.000000Z,2023-03-18T12:09:02.000000Z,753
2023-03-18,NA,624.327,3352.16,-485.184,2023-03-18T12:00:41.000000Z,0.35,0.9,200,03-18-2023 12:00:41.227,45003_FLM30_Water_146,2023-03-18T12:00:00.000000Z,300,324.3,0,3.37,0.029,0.919,4.318,25,101.325,1,252,2023-03-18T11:56:29.000000Z,2023-03-18T12:09:02.000000Z,753
2023-03-18,NA,622.985,3358.64,-303.076,2023-03-18T12:00:42.000000Z,0.35,0.9,200,03-18-2023 12:00:42.222,45003_FLM30_Water_146,2023-03-18T12:00:00.000000Z,300,324.3,0,3.37,0.029,0.919,4.318,25,101.325,1,253,2023-03-18T11:56:29.000000Z,2023-03-18T12:09:02.000000Z,753
2023-03-18,NA,623.766,3357.56,-466.732,2023-03-18T12:00:43.000000Z,0.35,0.9,200,03-18-2023 12:00:43.217,45003_FLM30_Water_146,2023-03-18T12:00:00.000000Z,300,324.3,0,3.37,0.029,0.919,4.318,25,101.325,1,254,2023-03-18T11:56:29.000000Z,2023-03-18T12:09:02.000000Z,753
2023-03-18,NA,623.988,3352.64,-436.079,2023-03-18T12:00:44.000000Z,0.35,0.9,200,03-18-2023 12:00:44.212,45003_FLM30_Water_146,2023-03-18T12:00:00.000000Z,300,324.3,0,3.37,0.029,0.919,4.318,25,101.325,1,255,2023-03-18T11:56:29.000000Z,2023-03-18T12:09:02.000000Z,753
2023-03-18,NA,624.355,3354.98,-247.613,2023-03-18T12:00:45.000000Z,0.35,0.9,200,03-18-2023 12:00:45.206,45003_FLM30_Water_146,2023-03-18T12:00:00.000000Z,300,324.3,0,3.37,0.029,0.919,4.318,25,101.325,1,256,2023-03-18T11:56:29.000000Z,2023-03-18T12:09:02.000000Z,753
2023-03-18,NA,623.304,3363.12,-374.126,2023-03-18T12:00:46.000000Z,0.35,0.9,200,03-18-2023 12:00:46.201,45003_FLM30_Water_146,2023-03-18T12:00:00.000000Z,300,324.3,0,3.37,0.029,0.919,4.318,25,101.325,1,257,2023-03-18T11:56:29.000000Z,2023-03-18T12:09:02.000000Z,753
2023-03-18,NA,626.502,3355.2,-447.8,2023-03-18T12:00:47.000000Z,0.35,0.9,200,03-18-2023 12:00:47.194,45003_FLM30_Water_146,2023-03-18T12:00:00.000000Z,300,324.3,0,3.37,0.029,0.919,4.318,25,101.325,1,258,2023-03-18T11:56:29.000000Z,2023-03-18T12:09:02.000000Z,753
2023-03-18,NA,623.033,3352.22,-332.599,2023-03-18T12:00:48.000000Z,0.35,0.9,200,03-18-2023 12:00:48.190,45003_FLM30_Water_146,2023-03-18T12:00:00.000000Z,300,324.3,0,3.37,0.029,0.919,4.318,25,101.325,1,259,2023-03-18T11:56:29.000000Z,2023-03-18T12:09:02.000000Z,753
2023-03-18,NA,623.559,3360.11,-321.824,2023-03-18T12:00:49.000000Z,0.35,0.9,200,03-18-2023 12:00:49.185,45003_FLM30_Water_146,2023-03-18T12:00:00.000000Z,300,324.3,0,3.37,0.029,0.919,4.318,25,101.325,1,260,2023-03-18T11:56:29.000000Z,2023-03-18T12:09:02.000000Z,753
2023-03-18,NA,623.937,3353.61,-387.732,2023-03-18T12:00:50.000000Z,0.35,0.9,200,03-18-2023 12:00:50.179,45003_FLM30_Water_146,2023-03-18T12:00:00.000000Z,300,324.3,0,3.37,0.029,0.919,4.318,25,101.325,1,261,2023-03-18T11:56:29.000000Z,2023-03-18T12:09:02.000000Z,753
2023-03-18,NA,621.246,3360.08,-428.244,2023-03-18T12:00:51.000000Z,0.35,0.9,200,03-18-2023 12:00:51.174,45003_FLM30_Water_146,2023-03-18T12:00:00.000000Z,300,324.3,0,3.37,0.029,0.919,4.318,25,101.325,1,262,2023-03-18T11:56:29.000000Z,2023-03-18T12:09:02.000000Z,753
2023-03-18,NA,623.977,3360.98,-319.562,2023-03-18T12:00:52.000000Z,0.35,0.9,200,03-18-2023 12:00:52.168,45003_FLM30_Water_146,2023-03-18T12:00:00.000000Z,300,324.3,0,3.37,0.029,0.919,4.318,25,101.325,1,263,2023-03-18T11:56:29.000000Z,2023-03-18T12:09:02.000000Z,753
2023-03-18,NA,622.995,3363.44,-460.783,2023-03-18T12:00:53.000000Z,0.35,0.9,200,03-18-2023 12:00:53.162,45003_FLM30_Water_146,2023-03-18T12:00:00.000000Z,300,324.3,0,3.37,0.029,0.919,4.318,25,101.325,1,264,2023-03-18T11:56:29.000000Z,2023-03-18T12:09:02.000000Z,753
2023-03-18,NA,623.948,3357.2000000000003,-309.121,2023-03-18T12:00:54.000000Z,0.35,0.9,200,03-18-2023 12:00:54.157,45003_FLM30_Water_146,2023-03-18T12:00:00.000000Z,300,324.3,0,3.37,0.029,0.919,4.318,25,101.325,1,265,2023-03-18T11:56:29.000000Z,2023-03-18T12:09:02.000000Z,753
2023-03-18,NA,622.79,3363.5899999999997,-483.85,2023-03-18T12:00:55.000000Z,0.35,0.9,200,03-18-2023 12:00:55.151,45003_FLM30_Water_146,2023-03-18T12:00:00.000000Z,300,324.3,0,3.37,0.029,0.919,4.318,25,101.325,1,266,2023-03-18T11:56:29.000000Z,2023-03-18T12:09:02.000000Z,753
2023-03-18,NA,623.543,3356.3,-376.89,2023-03-18T12:00:56.000000Z,0.35,0.9,200,03-18-2023 12:00:56.146,45003_FLM30_Water_146,2023-03-18T12:00:00.000000Z,300,324.3,0,3.37,0.029,0.919,4.318,25,101.325,1,267,2023-03-18T11:56:29.000000Z,2023-03-18T12:09:02.000000Z,753
2023-03-18,NA,623.774,3357.63,-537.432,2023-03-18T12:00:57.000000Z,0.35,0.9,200,03-18-2023 12:00:57.140,45003_FLM30_Water_146,2023-03-18T12:00:00.000000Z,300,324.3,0,3.37,0.029,0.919,4.318,25,101.325,1,268,2023-03-18T11:56:29.000000Z,2023-03-18T12:09:02.000000Z,753
2023-03-18,NA,624.817,3359.79,-435.982,2023-03-18T12:00:58.000000Z,0.35,0.9,200,03-18-2023 12:00:58.135,45003_FLM30_Water_146,2023-03-18T12:00:00.000000Z,300,324.3,0,3.37,0.029,0.919,4.318,25,101.325,1,269,2023-03-18T11:56:29.000000Z,2023-03-18T12:09:02.000000Z,753
2023-03-18,NA,623.841,3358.05,-316.26,2023-03-18T12:00:59.000000Z,0.35,0.9,200,03-18-2023 12:00:59.129,45003_FLM30_Water_146,2023-03-18T12:00:00.000000Z,300,324.3,0,3.37,0.029,0.919,4.318,25,101.325,1,270,2023-03-18T11:56:29.000000Z,2023-03-18T12:09:02.000000Z,753
2023-03-18,NA,624.241,3361.02,-324.716,2023-03-18T12:01:00.000000Z,0.35,0.9,200,03-18-2023 12:01:00.124,45003_FLM30_Water_146,2023-03-18T12:00:00.000000Z,300,324.3,0,3.37,0.029,0.919,4.318,25,101.325,1,271,2023-03-18T11:56:29.000000Z,2023-03-18T12:09:02.000000Z,753
2023-03-18,NA,624.023,3363.12,-346.018,2023-03-18T12:01:01.000000Z,0.35,0.9,200,03-18-2023 12:01:01.119,45003_FLM30_Water_146,2023-03-18T12:00:00.000000Z,300,324.3,0,3.37,0.029,0.919,4.318,25,101.325,1,272,2023-03-18T11:56:29.000000Z,2023-03-18T12:09:02.000000Z,753
2023-03-18,NA,624.121,3361.0899999999997,-394.119,2023-03-18T12:01:02.000000Z,0.35,0.9,200,03-18-2023 12:01:02.113,45003_FLM30_Water_146,2023-03-18T12:00:00.000000Z,300,324.3,0,3.37,0.029,0.919,4.318,25,101.325,1,273,2023-03-18T11:56:29.000000Z,2023-03-18T12:09:02.000000Z,753
2023-03-18,NA,623.24,3357.05,-454.522,2023-03-18T12:01:03.000000Z,0.35,0.9,200,03-18-2023 12:01:03.107,45003_FLM30_Water_146,2023-03-18T12:00:00.000000Z,300,324.3,0,3.37,0.029,0.919,4.318,25,101.325,1,274,2023-03-18T11:56:29.000000Z,2023-03-18T12:09:02.000000Z,753
2023-03-18,NA,624.836,3363.01,-597.884,2023-03-18T12:01:04.000000Z,0.35,0.9,200,03-18-2023 12:01:04.102,45003_FLM30_Water_146,2023-03-18T12:00:00.000000Z,300,324.3,0,3.37,0.029,0.919,4.318,25,101.325,1,275,2023-03-18T11:56:29.000000Z,2023-03-18T12:09:02.000000Z,753
2023-03-18,NA,623.329,3365.0299999999997,-385.534,2023-03-18T12:01:05.000000Z,0.35,0.9,200,03-18-2023 12:01:05.097,45003_FLM30_Water_146,2023-03-18T12:00:00.000000Z,300,324.3,0,3.37,0.029,0.919,4.318,25,101.325,1,276,2023-03-18T11:56:29.000000Z,2023-03-18T12:09:02.000000Z,753
2023-03-18,NA,625.358,3363.68,-425.068,2023-03-18T12:01:06.000000Z,0.35,0.9,200,03-18-2023 12:01:06.091,45003_FLM30_Water_146,2023-03-18T12:00:00.000000Z,300,324.3,0,3.37,0.029,0.919,4.318,25,101.325,1,277,2023-03-18T11:56:29.000000Z,2023-03-18T12:09:02.000000Z,753
2023-03-18,NA,626.266,3361.8,-517.326,2023-03-18T12:01:07.000000Z,0.35,0.9,200,03-18-2023 12:01:07.086,45003_FLM30_Water_146,2023-03-18T12:00:00.000000Z,300,324.3,0,3.37,0.029,0.919,4.318,25,101.325,1,278,2023-03-18T11:56:29.000000Z,2023-03-18T12:09:02.000000Z,753
2023-03-18,NA,624.444,3363.56,-335.359,2023-03-18T12:01:08.000000Z,0.35,0.9,200,03-18-2023 12:01:08.081,45003_FLM30_Water_146,2023-03-18T12:00:00.000000Z,300,324.3,0,3.37,0.029,0.919,4.318,25,101.325,1,279,2023-03-18T11:56:29.000000Z,2023-03-18T12:09:02.000000Z,753
2023-03-18,NA,623.86,3354.17,-533.669,2023-03-18T12:01:09.000000Z,0.35,0.9,200,03-18-2023 12:01:09.076,45003_FLM30_Water_146,2023-03-18T12:00:00.000000Z,300,324.3,0,3.37,0.029,0.919,4.318,25,101.325,1,280,2023-03-18T11:56:29.000000Z,2023-03-18T12:09:02.000000Z,753
2023-03-18,NA,625.295,3358.88,-343.031,2023-03-18T12:01:10.000000Z,0.35,0.9,200,03-18-2023 12:01:10.069,45003_FLM30_Water_146,2023-03-18T12:00:00.000000Z,300,324.3,0,3.37,0.029,0.919,4.318,25,101.325,1,281,2023-03-18T11:56:29.000000Z,2023-03-18T12:09:02.000000Z,753
2023-03-18,NA,623.841,3361.24,-463.225,2023-03-18T12:01:11.000000Z,0.35,0.9,200,03-18-2023 12:01:11.064,45003_FLM30_Water_146,2023-03-18T12:00:00.000000Z,300,324.3,0,3.37,0.029,0.919,4.318,25,101.325,1,282,2023-03-18T11:56:29.000000Z,2023-03-18T12:09:02.000000Z,753
2023-03-18,NA,623.499,3367.27,-509.696,2023-03-18T12:01:12.000000Z,0.35,0.9,200,03-18-2023 12:01:12.059,45003_FLM30_Water_146,2023-03-18T12:00:00.000000Z,300,324.3,0,3.37,0.029,0.919,4.318,25,101.325,1,283,2023-03-18T11:56:29.000000Z,2023-03-18T12:09:02.000000Z,753
2023-03-18,NA,624.311,3361.1499999999996,-461.384,2023-03-18T12:01:13.000000Z,0.35,0.9,200,03-18-2023 12:01:13.054,45003_FLM30_Water_146,2023-03-18T12:00:00.000000Z,300,324.3,0,3.37,0.029,0.919,4.318,25,101.325,1,284,2023-03-18T11:56:29.000000Z,2023-03-18T12:09:02.000000Z,753
2023-03-18,NA,623.27,3363.9,-272.947,2023-03-18T12:01:14.000000Z,0.35,0.9,200,03-18-2023 12:01:14.048,45003_FLM30_Water_146,2023-03-18T12:00:00.000000Z,300,324.3,0,3.37,0.029,0.919,4.318,25,101.325,1,285,2023-03-18T11:56:29.000000Z,2023-03-18T12:09:02.000000Z,753
2023-03-18,NA,624.106,3366.6299999999997,-423.857,2023-03-18T12:01:15.000000Z,0.35,0.9,200,03-18-2023 12:01:15.042,45003_FLM30_Water_146,2023-03-18T12:00:00.000000Z,300,324.3,0,3.37,0.029,0.919,4.318,25,101.325,1,286,2023-03-18T11:56:29.000000Z,2023-03-18T12:09:02.000000Z,753
2023-03-18,NA,623.535,3364.51,-361.051,2023-03-18T12:01:16.000000Z,0.35,0.9,200,03-18-2023 12:01:16.037,45003_FLM30_Water_146,2023-03-18T12:00:00.000000Z,300,324.3,0,3.37,0.029,0.919,4.318,25,101.325,1,287,2023-03-18T11:56:29.000000Z,2023-03-18T12:09:02.000000Z,753
2023-03-18,NA,624.014,3362.7400000000002,-437.529,2023-03-18T12:01:17.000000Z,0.35,0.9,200,03-18-2023 12:01:17.031,45003_FLM30_Water_146,2023-03-18T12:00:00.000000Z,300,324.3,0,3.37,0.029,0.919,4.318,25,101.325,1,288,2023-03-18T11:56:29.000000Z,2023-03-18T12:09:02.000000Z,753
2023-03-18,NA,623.758,3364.89,-294.988,2023-03-18T12:01:18.000000Z,0.35,0.9,200,03-18-2023 12:01:18.026,45003_FLM30_Water_146,2023-03-18T12:00:00.000000Z,300,324.3,0,3.37,0.029,0.919,4.318,25,101.325,1,289,2023-03-18T11:56:29.000000Z,2023-03-18T12:09:02.000000Z,753
2023-03-18,NA,623.916,3368.3900000000003,-402.464,2023-03-18T12:01:19.000000Z,0.35,0.9,200,03-18-2023 12:01:19.020,45003_FLM30_Water_146,2023-03-18T12:00:00.000000Z,300,324.3,0,3.37,0.029,0.919,4.318,25,101.325,1,290,2023-03-18T11:56:29.000000Z,2023-03-18T12:09:02.000000Z,753
2023-03-18,NA,623.781,3368.38,-548.87,2023-03-18T12:01:20.000000Z,0.35,0.9,200,03-18-2023 12:01:20.015,45003_FLM30_Water_146,2023-03-18T12:00:00.000000Z,300,324.3,0,3.37,0.029,0.919,4.318,25,101.325,1,291,2023-03-18T11:56:29.000000Z,2023-03-18T12:09:02.000000Z,753
2023-03-18,NA,624.835,3365.5400000000004,-383.949,2023-03-18T12:01:21.000000Z,0.35,0.9,200,03-18-2023 12:01:21.010,45003_FLM30_Water_146,2023-03-18T12:00:00.000000Z,300,324.3,0,3.37,0.029,0.919,4.318,25,101.325,1,292,2023-03-18T11:56:29.000000Z,2023-03-18T12:09:02.000000Z,753
2023-03-18,NA,623.951,3363.7000000000003,-523.892,2023-03-18T12:01:22.000000Z,0.35,0.9,200,03-18-2023 12:01:22.004,45003_FLM30_Water_146,2023-03-18T12:00:00.000000Z,300,324.3,0,3.37,0.029,0.919,4.318,25,101.325,1,293,2023-03-18T11:56:29.000000Z,2023-03-18T12:09:02.000000Z,753
2023-03-18,NA,622.383,3360.97,-478.505,2023-03-18T12:01:23.000000Z,0.35,0.9,200,03-18-2023 12:01:22.998,45003_FLM30_Water_146,2023-03-18T12:00:00.000000Z,300,324.3,0,3.37,0.029,0.919,4.318,25,101.325,1,294,2023-03-18T11:56:29.000000Z,2023-03-18T12:09:02.000000Z,753
2023-03-18,NA,623.05,3365.41,-617.371,2023-03-18T12:01:24.000000Z,0.35,0.9,200,03-18-2023 12:01:23.993,45003_FLM30_Water_146,2023-03-18T12:00:00.000000Z,300,324.3,0,3.37,0.029,0.919,4.318,25,101.325,1,295,2023-03-18T11:56:29.000000Z,2023-03-18T12:09:02.000000Z,753
2023-03-18,NA,623.235,3367.58,-607.386,2023-03-18T12:01:25.000000Z,0.35,0.9,200,03-18-2023 12:01:24.988,45003_FLM30_Water_146,2023-03-18T12:00:00.000000Z,300,324.3,0,3.37,0.029,0.919,4.318,25,101.325,1,296,2023-03-18T11:56:29.000000Z,2023-03-18T12:09:02.000000Z,753
2023-03-18,NA,623.928,3367.21,-423.852,2023-03-18T12:01:26.000000Z,0.35,0.9,200,03-18-2023 12:01:25.983,45003_FLM30_Water_146,2023-03-18T12:00:00.000000Z,300,324.3,0,3.37,0.029,0.919,4.318,25,101.325,1,297,2023-03-18T11:56:29.000000Z,2023-03-18T12:09:02.000000Z,753
2023-03-18,NA,626.472,3369.71,-530.083,2023-03-18T12:01:27.000000Z,0.35,0.9,200,03-18-2023 12:01:26.977,45003_FLM30_Water_146,2023-03-18T12:00:00.000000Z,300,324.3,0,3.37,0.029,0.919,4.318,25,101.325,1,298,2023-03-18T11:56:29.000000Z,2023-03-18T12:09:02.000000Z,753
2023-03-18,NA,624.017,3363.47,-501.146,2023-03-18T12:01:28.000000Z,0.35,0.9,200,03-18-2023 12:01:27.972,45003_FLM30_Water_146,2023-03-18T12:00:00.000000Z,300,324.3,0,3.37,0.029,0.919,4.318,25,101.325,1,299,2023-03-18T11:56:29.000000Z,2023-03-18T12:09:02.000000Z,753
2023-03-18,NA,625.431,3370.31,-467.504,2023-03-18T12:01:29.000000Z,0.35,0.9,200,03-18-2023 12:01:28.966,45003_FLM30_Water_146,2023-03-18T12:00:00.000000Z,300,324.3,0,3.37,0.029,0.919,4.318,25,101.325,1,300,2023-03-18T11:56:29.000000Z,2023-03-18T12:09:02.000000Z,753
2023-03-18,NA,625.488,3371.3199999999997,-407.045,2023-03-18T12:01:30.000000Z,0.35,0.9,200,03-18-2023 12:01:29.960,45003_FLM30_Water_146,2023-03-18T12:00:00.000000Z,300,324.3,0,3.37,0.029,0.919,4.318,25,101.325,1,301,2023-03-18T11:56:29.000000Z,2023-03-18T12:09:02.000000Z,753
2023-03-18,NA,624.55,3368.64,-408.807,2023-03-18T12:01:31.000000Z,0.35,0.9,200,03-18-2023 12:01:30.954,45003_FLM30_Water_146,2023-03-18T12:00:00.000000Z,300,324.3,0,3.37,0.029,0.919,4.318,25,101.325,1,302,2023-03-18T11:56:29.000000Z,2023-03-18T12:09:02.000000Z,753
2023-03-18,NA,623.998,3371.78,-388.29,2023-03-18T12:01:32.000000Z,0.35,0.9,200,03-18-2023 12:01:31.950,45003_FLM30_Water_146,2023-03-18T12:00:00.000000Z,300,324.3,0,3.37,0.029,0.919,4.318,25,101.325,1,303,2023-03-18T11:56:29.000000Z,2023-03-18T12:09:02.000000Z,753
2023-03-18,NA,625.831,3374.23,-335.599,2023-03-18T12:01:33.000000Z,0.35,0.9,200,03-18-2023 12:01:32.944,45003_FLM30_Water_146,2023-03-18T12:00:00.000000Z,300,324.3,0,3.37,0.029,0.919,4.318,25,101.325,1,304,2023-03-18T11:56:29.000000Z,2023-03-18T12:09:02.000000Z,753
2023-03-18,NA,624.781,3365.27,-574.282,2023-03-18T12:01:34.000000Z,0.35,0.9,200,03-18-2023 12:01:33.938,45003_FLM30_Water_146,2023-03-18T12:00:00.000000Z,300,324.3,0,3.37,0.029,0.919,4.318,25,101.325,1,305,2023-03-18T11:56:29.000000Z,2023-03-18T12:09:02.000000Z,753
2023-03-18,NA,624.448,3371.5899999999997,-444.206,2023-03-18T12:01:35.000000Z,0.35,0.9,200,03-18-2023 12:01:34.933,45003_FLM30_Water_146,2023-03-18T12:00:00.000000Z,300,324.3,0,3.37,0.029,0.919,4.318,25,101.325,1,306,2023-03-18T11:56:29.000000Z,2023-03-18T12:09:02.000000Z,753
2023-03-18,NA,624.899,3379.0499999999997,-426.105,2023-03-18T12:01:36.000000Z,0.35,0.9,200,03-18-2023 12:01:35.928,45003_FLM30_Water_146,2023-03-18T12:00:00.000000Z,300,324.3,0,3.37,0.029,0.919,4.318,25,101.325,1,307,2023-03-18T11:56:29.000000Z,2023-03-18T12:09:02.000000Z,753
2023-03-18,NA,625.664,3372.51,-558.645,2023-03-18T12:01:37.000000Z,0.35,0.9,200,03-18-2023 12:01:36.922,45003_FLM30_Water_146,2023-03-18T12:00:00.000000Z,300,324.3,0,3.37,0.029,0.919,4.318,25,101.325,1,308,2023-03-18T11:56:29.000000Z,2023-03-18T12:09:02.000000Z,753
2023-03-18,NA,623.068,3372.79,-468.797,2023-03-18T12:01:38.000000Z,0.35,0.9,200,03-18-2023 12:01:37.916,45003_FLM30_Water_146,2023-03-18T12:00:00.000000Z,300,324.3,0,3.37,0.029,0.919,4.318,25,101.325,1,309,2023-03-18T11:56:29.000000Z,2023-03-18T12:09:02.000000Z,753
2023-03-18,NA,625.604,3375.19,-406.98,2023-03-18T12:01:39.000000Z,0.35,0.9,200,03-18-2023 12:01:38.912,45003_FLM30_Water_146,2023-03-18T12:00:00.000000Z,300,324.3,0,3.37,0.029,0.919,4.318,25,101.325,1,310,2023-03-18T11:56:29.000000Z,2023-03-18T12:09:02.000000Z,753
2023-03-18,NA,624.703,3371.23,-499.523,2023-03-18T12:01:40.000000Z,0.35,0.9,200,03-18-2023 12:01:39.905,45003_FLM30_Water_146,2023-03-18T12:00:00.000000Z,300,324.3,0,3.37,0.029,0.919,4.318,25,101.325,1,311,2023-03-18T11:56:29.000000Z,2023-03-18T12:09:02.000000Z,753
2023-03-18,NA,624.153,3377.41,-508.522,2023-03-18T12:01:41.000000Z,0.35,0.9,200,03-18-2023 12:01:40.901,45003_FLM30_Water_146,2023-03-18T12:00:00.000000Z,300,324.3,0,3.37,0.029,0.919,4.318,25,101.325,1,312,2023-03-18T11:56:29.000000Z,2023-03-18T12:09:02.000000Z,753
2023-03-18,NA,623.866,3370.71,-470.379,2023-03-18T12:01:42.000000Z,0.35,0.9,200,03-18-2023 12:01:41.896,45003_FLM30_Water_146,2023-03-18T12:00:00.000000Z,300,324.3,0,3.37,0.029,0.919,4.318,25,101.325,1,313,2023-03-18T11:56:29.000000Z,2023-03-18T12:09:02.000000Z,753
2023-03-18,NA,625.646,3371.08,-418.203,2023-03-18T12:01:43.000000Z,0.35,0.9,200,03-18-2023 12:01:42.890,45003_FLM30_Water_146,2023-03-18T12:00:00.000000Z,300,324.3,0,3.37,0.029,0.919,4.318,25,101.325,1,314,2023-03-18T11:56:29.000000Z,2023-03-18T12:09:02.000000Z,753
2023-03-18,NA,624.22,3376.96,-604.96,2023-03-18T12:01:44.000000Z,0.35,0.9,200,03-18-2023 12:01:43.884,45003_FLM30_Water_146,2023-03-18T12:00:00.000000Z,300,324.3,0,3.37,0.029,0.919,4.318,25,101.325,1,315,2023-03-18T11:56:29.000000Z,2023-03-18T12:09:02.000000Z,753
2023-03-18,NA,624.815,3378.4100000000003,-369.783,2023-03-18T12:01:45.000000Z,0.35,0.9,200,03-18-2023 12:01:44.878,45003_FLM30_Water_146,2023-03-18T12:00:00.000000Z,300,324.3,0,3.37,0.029,0.919,4.318,25,101.325,1,316,2023-03-18T11:56:29.000000Z,2023-03-18T12:09:02.000000Z,753
2023-03-18,NA,625.788,3375.69,-591.679,2023-03-18T12:01:46.000000Z,0.35,0.9,200,03-18-2023 12:01:45.874,45003_FLM30_Water_146,2023-03-18T12:00:00.000000Z,300,324.3,0,3.37,0.029,0.919,4.318,25,101.325,1,317,2023-03-18T11:56:29.000000Z,2023-03-18T12:09:02.000000Z,753
2023-03-18,NA,625.09,3374.16,-427.759,2023-03-18T12:01:47.000000Z,0.35,0.9,200,03-18-2023 12:01:46.868,45003_FLM30_Water_146,2023-03-18T12:00:00.000000Z,300,324.3,0,3.37,0.029,0.919,4.318,25,101.325,1,318,2023-03-18T11:56:29.000000Z,2023-03-18T12:09:02.000000Z,753
2023-03-18,NA,625.076,3377.4700000000003,-484.29,2023-03-18T12:01:48.000000Z,0.35,0.9,200,03-18-2023 12:01:47.862,45003_FLM30_Water_146,2023-03-18T12:00:00.000000Z,300,324.3,0,3.37,0.029,0.919,4.318,25,101.325,1,319,2023-03-18T11:56:29.000000Z,2023-03-18T12:09:02.000000Z,753
2023-03-18,NA,624.919,3374.05,-447.918,2023-03-18T12:01:49.000000Z,0.35,0.9,200,03-18-2023 12:01:48.858,45003_FLM30_Water_146,2023-03-18T12:00:00.000000Z,300,324.3,0,3.37,0.029,0.919,4.318,25,101.325,1,320,2023-03-18T11:56:29.000000Z,2023-03-18T12:09:02.000000Z,753
2023-03-18,NA,624.468,3381.0099999999998,-517.623,2023-03-18T12:01:50.000000Z,0.35,0.9,200,03-18-2023 12:01:49.851,45003_FLM30_Water_146,2023-03-18T12:00:00.000000Z,300,324.3,0,3.37,0.029,0.919,4.318,25,101.325,1,321,2023-03-18T11:56:29.000000Z,2023-03-18T12:09:02.000000Z,753
2023-03-18,NA,622.839,3379.3199999999997,-517.471,2023-03-18T12:01:51.000000Z,0.35,0.9,200,03-18-2023 12:01:50.845,45003_FLM30_Water_146,2023-03-18T12:00:00.000000Z,300,324.3,0,3.37,0.029,0.919,4.318,25,101.325,1,322,2023-03-18T11:56:29.000000Z,2023-03-18T12:09:02.000000Z,753
2023-03-18,NA,625.263,3383.12,-264.777,2023-03-18T12:01:52.000000Z,0.35,0.9,200,03-18-2023 12:01:51.840,45003_FLM30_Water_146,2023-03-18T12:00:00.000000Z,300,324.3,0,3.37,0.029,0.919,4.318,25,101.325,1,323,2023-03-18T11:56:29.000000Z,2023-03-18T12:09:02.000000Z,753
2023-03-18,NA,622.935,3377.44,-502.221,2023-03-18T12:01:53.000000Z,0.35,0.9,200,03-18-2023 12:01:52.835,45003_FLM30_Water_146,2023-03-18T12:00:00.000000Z,300,324.3,0,3.37,0.029,0.919,4.318,25,101.325,1,324,2023-03-18T11:56:29.000000Z,2023-03-18T12:09:02.000000Z,753
2023-03-18,NA,622.648,3378.8999999999996,-558.446,2023-03-18T12:01:54.000000Z,0.35,0.9,200,03-18-2023 12:01:53.829,45003_FLM30_Water_146,2023-03-18T12:00:00.000000Z,300,324.3,0,3.37,0.029,0.919,4.318,25,101.325,1,325,2023-03-18T11:56:29.000000Z,2023-03-18T12:09:02.000000Z,753
2023-03-18,NA,623.104,3378.6800000000003,-496.325,2023-03-18T12:01:55.000000Z,0.35,0.9,200,03-18-2023 12:01:54.825,45003_FLM30_Water_146,2023-03-18T12:00:00.000000Z,300,324.3,0,3.37,0.029,0.919,4.318,25,101.325,1,326,2023-03-18T11:56:29.000000Z,2023-03-18T12:09:02.000000Z,753
2023-03-18,NA,625.232,3374.8300000000004,-377.508,2023-03-18T12:01:56.000000Z,0.35,0.9,200,03-18-2023 12:01:55.819,45003_FLM30_Water_146,2023-03-18T12:00:00.000000Z,300,324.3,0,3.37,0.029,0.919,4.318,25,101.325,1,327,2023-03-18T11:56:29.000000Z,2023-03-18T12:09:02.000000Z,753
2023-03-18,NA,623.803,3378.42,-416.003,2023-03-18T12:01:57.000000Z,0.35,0.9,200,03-18-2023 12:01:56.814,45003_FLM30_Water_146,2023-03-18T12:00:00.000000Z,300,324.3,0,3.37,0.029,0.919,4.318,25,101.325,1,328,2023-03-18T11:56:29.000000Z,2023-03-18T12:09:02.000000Z,753
2023-03-18,NA,624.366,3372.4599999999996,-395.694,2023-03-18T12:01:58.000000Z,0.35,0.9,200,03-18-2023 12:01:57.807,45003_FLM30_Water_146,2023-03-18T12:00:00.000000Z,300,324.3,0,3.37,0.029,0.919,4.318,25,101.325,1,329,2023-03-18T11:56:29.000000Z,2023-03-18T12:09:02.000000Z,753
2023-03-18,NA,623.296,3379.06,-511.611,2023-03-18T12:01:59.000000Z,0.35,0.9,200,03-18-2023 12:01:58.803,45003_FLM30_Water_146,2023-03-18T12:00:00.000000Z,300,324.3,0,3.37,0.029,0.919,4.318,25,101.325,1,330,2023-03-18T11:56:29.000000Z,2023-03-18T12:09:02.000000Z,753
2023-03-18,NA,623.757,3381.22,-602.8,2023-03-18T12:02:00.000000Z,0.35,0.9,200,03-18-2023 12:01:59.797,45003_FLM30_Water_146,2023-03-18T12:00:00.000000Z,300,324.3,0,3.37,0.029,0.919,4.318,25,101.325,1,331,2023-03-18T11:56:29.000000Z,2023-03-18T12:09:02.000000Z,753
2023-03-18,NA,624.586,3384.57,-293.703,2023-03-18T12:02:01.000000Z,0.35,0.9,200,03-18-2023 12:02:00.791,45003_FLM30_Water_146,2023-03-18T12:00:00.000000Z,300,324.3,0,3.37,0.029,0.919,4.318,25,101.325,1,332,2023-03-18T11:56:29.000000Z,2023-03-18T12:09:02.000000Z,753
2023-03-18,NA,623.259,3384.04,-284.259,2023-03-18T12:02:02.000000Z,0.35,0.9,200,03-18-2023 12:02:01.786,45003_FLM30_Water_146,2023-03-18T12:00:00.000000Z,300,324.3,0,3.37,0.029,0.919,4.318,25,101.325,1,333,2023-03-18T11:56:29.000000Z,2023-03-18T12:09:02.000000Z,753
2023-03-18,NA,623.998,3375.7799999999997,-380.779,2023-03-18T12:02:03.000000Z,0.35,0.9,200,03-18-2023 12:02:02.780,45003_FLM30_Water_146,2023-03-18T12:00:00.000000Z,300,324.3,0,3.37,0.029,0.919,4.318,25,101.325,1,334,2023-03-18T11:56:29.000000Z,2023-03-18T12:09:02.000000Z,753
2023-03-18,NA,625.426,3379.15,-354.922,2023-03-18T12:02:04.000000Z,0.35,0.9,200,03-18-2023 12:02:03.775,45003_FLM30_Water_146,2023-03-18T12:00:00.000000Z,300,324.3,0,3.37,0.029,0.919,4.318,25,101.325,1,335,2023-03-18T11:56:29.000000Z,2023-03-18T12:09:02.000000Z,753
2023-03-18,NA,624.598,3377.25,-566.481,2023-03-18T12:02:05.000000Z,0.35,0.9,200,03-18-2023 12:02:04.769,45003_FLM30_Water_146,2023-03-18T12:00:00.000000Z,300,324.3,0,3.37,0.029,0.919,4.318,25,101.325,1,336,2023-03-18T11:56:29.000000Z,2023-03-18T12:09:02.000000Z,753
2023-03-18,NA,624.307,3380.75,-446.148,2023-03-18T12:02:06.000000Z,0.35,0.9,200,03-18-2023 12:02:05.764,45003_FLM30_Water_146,2023-03-18T12:00:00.000000Z,300,324.3,0,3.37,0.029,0.919,4.318,25,101.325,1,337,2023-03-18T11:56:29.000000Z,2023-03-18T12:09:02.000000Z,753
2023-03-18,NA,624.628,3381.65,-287.153,2023-03-18T12:02:07.000000Z,0.35,0.9,200,03-18-2023 12:02:06.758,45003_FLM30_Water_146,2023-03-18T12:00:00.000000Z,300,324.3,0,3.37,0.029,0.919,4.318,25,101.325,1,338,2023-03-18T11:56:29.000000Z,2023-03-18T12:09:02.000000Z,753
2023-03-18,NA,622.829,3377.62,-578.629,2023-03-18T12:02:08.000000Z,0.35,0.9,200,03-18-2023 12:02:07.753,45003_FLM30_Water_146,2023-03-18T12:00:00.000000Z,300,324.3,0,3.37,0.029,0.919,4.318,25,101.325,1,339,2023-03-18T11:56:29.000000Z,2023-03-18T12:09:02.000000Z,753
2023-03-18,NA,625.529,3384.7200000000003,-401.748,2023-03-18T12:02:09.000000Z,0.35,0.9,200,03-18-2023 12:02:08.747,45003_FLM30_Water_146,2023-03-18T12:00:00.000000Z,300,324.3,0,3.37,0.029,0.919,4.318,25,101.325,1,340,2023-03-18T11:56:29.000000Z,2023-03-18T12:09:02.000000Z,753
2023-03-18,NA,625.408,3381.57,-541.099,2023-03-18T12:02:10.000000Z,0.35,0.9,200,03-18-2023 12:02:09.742,45003_FLM30_Water_146,2023-03-18T12:00:00.000000Z,300,324.3,0,3.37,0.029,0.919,4.318,25,101.325,1,341,2023-03-18T11:56:29.000000Z,2023-03-18T12:09:02.000000Z,753
2023-03-18,NA,624.775,3375.89,-376.825,2023-03-18T12:02:11.000000Z,0.35,0.9,200,03-18-2023 12:02:10.737,45003_FLM30_Water_146,2023-03-18T12:00:00.000000Z,300,324.3,0,3.37,0.029,0.919,4.318,25,101.325,1,342,2023-03-18T11:56:29.000000Z,2023-03-18T12:09:02.000000Z,753
2023-03-18,NA,624.71,3382.4700000000003,-345.09,2023-03-18T12:02:12.000000Z,0.35,0.9,200,03-18-2023 12:02:11.732,45003_FLM30_Water_146,2023-03-18T12:00:00.000000Z,300,324.3,0,3.37,0.029,0.919,4.318,25,101.325,1,343,2023-03-18T11:56:29.000000Z,2023-03-18T12:09:02.000000Z,753
2023-03-18,NA,625.361,3376.39,-460.163,2023-03-18T12:02:13.000000Z,0.35,0.9,200,03-18-2023 12:02:12.725,45003_FLM30_Water_146,2023-03-18T12:00:00.000000Z,300,324.3,0,3.37,0.029,0.919,4.318,25,101.325,1,344,2023-03-18T11:56:29.000000Z,2023-03-18T12:09:02.000000Z,753
2023-03-18,NA,623.742,3380.2400000000002,-434.414,2023-03-18T12:02:14.000000Z,0.35,0.9,200,03-18-2023 12:02:13.720,45003_FLM30_Water_146,2023-03-18T12:00:00.000000Z,300,324.3,0,3.37,0.029,0.919,4.318,25,101.325,1,345,2023-03-18T11:56:29.000000Z,2023-03-18T12:09:02.000000Z,753
2023-03-18,NA,626.848,3388.16,-447.207,2023-03-18T12:02:15.000000Z,0.35,0.9,200,03-18-2023 12:02:14.715,45003_FLM30_Water_146,2023-03-18T12:00:00.000000Z,300,324.3,0,3.37,0.029,0.919,4.318,25,101.325,1,346,2023-03-18T11:56:29.000000Z,2023-03-18T12:09:02.000000Z,753
2023-03-18,NA,624.995,3384.49,-473.192,2023-03-18T12:02:16.000000Z,0.35,0.9,200,03-18-2023 12:02:15.709,45003_FLM30_Water_146,2023-03-18T12:00:00.000000Z,300,324.3,0,3.37,0.029,0.919,4.318,25,101.325,1,347,2023-03-18T11:56:29.000000Z,2023-03-18T12:09:02.000000Z,753
2023-03-18,NA,624.625,3384.35,-420.418,2023-03-18T12:02:17.000000Z,0.35,0.9,200,03-18-2023 12:02:16.705,45003_FLM30_Water_146,2023-03-18T12:00:00.000000Z,300,324.3,0,3.37,0.029,0.919,4.318,25,101.325,1,348,2023-03-18T11:56:29.000000Z,2023-03-18T12:09:02.000000Z,753
2023-03-18,NA,624.108,3383.13,-481.764,2023-03-18T12:02:18.000000Z,0.35,0.9,200,03-18-2023 12:02:17.699,45003_FLM30_Water_146,2023-03-18T12:00:00.000000Z,300,324.3,0,3.37,0.029,0.919,4.318,25,101.325,1,349,2023-03-18T11:56:29.000000Z,2023-03-18T12:09:02.000000Z,753
2023-03-18,NA,625.288,3386.76,-497.203,2023-03-18T12:02:19.000000Z,0.35,0.9,200,03-18-2023 12:02:18.694,45003_FLM30_Water_146,2023-03-18T12:00:00.000000Z,300,324.3,0,3.37,0.029,0.919,4.318,25,101.325,1,350,2023-03-18T11:56:29.000000Z,2023-03-18T12:09:02.000000Z,753
2023-03-18,NA,624.754,3382.05,-519.323,2023-03-18T12:02:20.000000Z,0.35,0.9,200,03-18-2023 12:02:19.687,45003_FLM30_Water_146,2023-03-18T12:00:00.000000Z,300,324.3,0,3.37,0.029,0.919,4.318,25,101.325,1,351,2023-03-18T11:56:29.000000Z,2023-03-18T12:09:02.000000Z,753
2023-03-18,NA,625.68,3382.58,-487.899,2023-03-18T12:02:21.000000Z,0.35,0.9,200,03-18-2023 12:02:20.683,45003_FLM30_Water_146,2023-03-18T12:00:00.000000Z,300,324.3,0,3.37,0.029,0.919,4.318,25,101.325,1,352,2023-03-18T11:56:29.000000Z,2023-03-18T12:09:02.000000Z,753
2023-03-18,NA,624.862,3388.68,-489.835,2023-03-18T12:02:22.000000Z,0.35,0.9,200,03-18-2023 12:02:21.677,45003_FLM30_Water_146,2023-03-18T12:00:00.000000Z,300,324.3,0,3.37,0.029,0.919,4.318,25,101.325,1,353,2023-03-18T11:56:29.000000Z,2023-03-18T12:09:02.000000Z,753
2023-03-18,NA,626.433,3389.11,-247.557,2023-03-18T12:02:23.000000Z,0.35,0.9,200,03-18-2023 12:02:22.672,45003_FLM30_Water_146,2023-03-18T12:00:00.000000Z,300,324.3,0,3.37,0.029,0.919,4.318,25,101.325,1,354,2023-03-18T11:56:29.000000Z,2023-03-18T12:09:02.000000Z,753
2023-03-18,NA,625.369,3387.3,-384.557,2023-03-18T12:02:24.000000Z,0.35,0.9,200,03-18-2023 12:02:23.667,45003_FLM30_Water_146,2023-03-18T12:00:00.000000Z,300,324.3,0,3.37,0.029,0.919,4.318,25,101.325,1,355,2023-03-18T11:56:29.000000Z,2023-03-18T12:09:02.000000Z,753
2023-03-18,NA,626.54,3385.52,-357.858,2023-03-18T12:02:25.000000Z,0.35,0.9,200,03-18-2023 12:02:24.661,45003_FLM30_Water_146,2023-03-18T12:00:00.000000Z,300,324.3,0,3.37,0.029,0.919,4.318,25,101.325,1,356,2023-03-18T11:56:29.000000Z,2023-03-18T12:09:02.000000Z,753
2023-03-18,NA,626.919,3392.4500000000003,-438.681,2023-03-18T12:02:26.000000Z,0.35,0.9,200,03-18-2023 12:02:25.656,45003_FLM30_Water_146,2023-03-18T12:00:00.000000Z,300,324.3,0,3.37,0.029,0.919,4.318,25,101.325,1,357,2023-03-18T11:56:29.000000Z,2023-03-18T12:09:02.000000Z,753
2023-03-18,NA,627.413,3394.4100000000003,-239.078,2023-03-18T12:02:27.000000Z,0.35,0.9,200,03-18-2023 12:02:26.650,45003_FLM30_Water_146,2023-03-18T12:00:00.000000Z,300,324.3,0,3.37,0.029,0.919,4.318,25,101.325,1,358,2023-03-18T11:56:29.000000Z,2023-03-18T12:09:02.000000Z,753
2023-03-18,NA,625.745,3387.1099999999997,-333.085,2023-03-18T12:02:28.000000Z,0.35,0.9,200,03-18-2023 12:02:27.645,45003_FLM30_Water_146,2023-03-18T12:00:00.000000Z,300,324.3,0,3.37,0.029,0.919,4.318,25,101.325,1,359,2023-03-18T11:56:29.000000Z,2023-03-18T12:09:02.000000Z,753
2023-03-18,NA,625.065,3386.33,-343.934,2023-03-18T12:02:29.000000Z,0.35,0.9,200,03-18-2023 12:02:28.639,45003_FLM30_Water_146,2023-03-18T12:00:00.000000Z,300,324.3,0,3.37,0.029,0.919,4.318,25,101.325,1,360,2023-03-18T11:56:29.000000Z,2023-03-18T12:09:02.000000Z,753
2023-03-18,NA,623.946,3395.81,-612.1,2023-03-18T12:02:30.000000Z,0.35,0.9,200,03-18-2023 12:02:29.634,45003_FLM30_Water_146,2023-03-18T12:00:00.000000Z,300,324.3,0,3.37,0.029,0.919,4.318,25,101.325,1,361,2023-03-18T11:56:29.000000Z,2023-03-18T12:09:02.000000Z,753
2023-03-18,NA,627.248,3392.9900000000002,-434.452,2023-03-18T12:02:31.000000Z,0.35,0.9,200,03-18-2023 12:02:30.628,45003_FLM30_Water_146,2023-03-18T12:00:00.000000Z,300,324.3,0,3.37,0.029,0.919,4.318,25,101.325,1,362,2023-03-18T11:56:29.000000Z,2023-03-18T12:09:02.000000Z,753
2023-03-18,NA,625.448,3387.9700000000003,-609.571,2023-03-18T12:02:32.000000Z,0.35,0.9,200,03-18-2023 12:02:31.623,45003_FLM30_Water_146,2023-03-18T12:00:00.000000Z,300,324.3,0,3.37,0.029,0.919,4.318,25,101.325,1,363,2023-03-18T11:56:29.000000Z,2023-03-18T12:09:02.000000Z,753
2023-03-18,NA,625.166,3388.27,-314.661,2023-03-18T12:02:33.000000Z,0.35,0.9,200,03-18-2023 12:02:32.617,45003_FLM30_Water_146,2023-03-18T12:00:00.000000Z,300,324.3,0,3.37,0.029,0.919,4.318,25,101.325,1,364,2023-03-18T11:56:29.000000Z,2023-03-18T12:09:02.000000Z,753
2023-03-18,NA,626.381,3394.67,-208.62,2023-03-18T12:02:34.000000Z,0.35,0.9,200,03-18-2023 12:02:33.611,45003_FLM30_Water_146,2023-03-18T12:00:00.000000Z,300,324.3,0,3.37,0.029,0.919,4.318,25,101.325,1,365,2023-03-18T11:56:29.000000Z,2023-03-18T12:09:02.000000Z,753
2023-03-18,NA,624.944,3389.32,-333.697,2023-03-18T12:02:35.000000Z,0.35,0.9,200,03-18-2023 12:02:34.607,45003_FLM30_Water_146,2023-03-18T12:00:00.000000Z,300,324.3,0,3.37,0.029,0.919,4.318,25,101.325,1,366,2023-03-18T11:56:29.000000Z,2023-03-18T12:09:02.000000Z,753
2023-03-18,NA,624.842,3385.7200000000003,-227.019,2023-03-18T12:02:36.000000Z,0.35,0.9,200,03-18-2023 12:02:35.600,45003_FLM30_Water_146,2023-03-18T12:00:00.000000Z,300,324.3,0,3.37,0.029,0.919,4.318,25,101.325,1,367,2023-03-18T11:56:29.000000Z,2023-03-18T12:09:02.000000Z,753
2023-03-18,NA,624.138,3396.39,-454.524,2023-03-18T12:02:37.000000Z,0.35,0.9,200,03-18-2023 12:02:36.596,45003_FLM30_Water_146,2023-03-18T12:00:00.000000Z,300,324.3,0,3.37,0.029,0.919,4.318,25,101.325,1,368,2023-03-18T11:56:29.000000Z,2023-03-18T12:09:02.000000Z,753
2023-03-18,NA,624.649,3398.12,-421.798,2023-03-18T12:02:38.000000Z,0.35,0.9,200,03-18-2023 12:02:37.589,45003_FLM30_Water_146,2023-03-18T12:00:00.000000Z,300,324.3,0,3.37,0.029,0.919,4.318,25,101.325,1,369,2023-03-18T11:56:29.000000Z,2023-03-18T12:09:02.000000Z,753
2023-03-18,NA,625.952,3393.19,-365.719,2023-03-18T12:02:39.000000Z,0.35,0.9,200,03-18-2023 12:02:38.583,45003_FLM30_Water_146,2023-03-18T12:00:00.000000Z,300,324.3,0,3.37,0.029,0.919,4.318,25,101.325,1,370,2023-03-18T11:56:29.000000Z,2023-03-18T12:09:02.000000Z,753
2023-03-18,NA,627.615,3390.45,-386.916,2023-03-18T12:02:40.000000Z,0.35,0.9,200,03-18-2023 12:02:39.579,45003_FLM30_Water_146,2023-03-18T12:00:00.000000Z,300,324.3,0,3.37,0.029,0.919,4.318,25,101.325,1,371,2023-03-18T11:56:29.000000Z,2023-03-18T12:09:02.000000Z,753
2023-03-18,NA,625.695,3397.27,-380.214,2023-03-18T12:02:41.000000Z,0.35,0.9,200,03-18-2023 12:02:40.573,45003_FLM30_Water_146,2023-03-18T12:00:00.000000Z,300,324.3,0,3.37,0.029,0.919,4.318,25,101.325,1,372,2023-03-18T11:56:29.000000Z,2023-03-18T12:09:02.000000Z,753
2023-03-18,NA,626.208,3399.28,-442.863,2023-03-18T12:02:42.000000Z,0.35,0.9,200,03-18-2023 12:02:41.569,45003_FLM30_Water_146,2023-03-18T12:00:00.000000Z,300,324.3,0,3.37,0.029,0.919,4.318,25,101.325,1,373,2023-03-18T11:56:29.000000Z,2023-03-18T12:09:02.000000Z,753
2023-03-18,NA,627.8,3392.48,-374.305,2023-03-18T12:02:43.000000Z,0.35,0.9,200,03-18-2023 12:02:42.563,45003_FLM30_Water_146,2023-03-18T12:00:00.000000Z,300,324.3,0,3.37,0.029,0.919,4.318,25,101.325,1,374,2023-03-18T11:56:29.000000Z,2023-03-18T12:09:02.000000Z,753
2023-03-18,NA,625.552,3392.17,-238.608,2023-03-18T12:02:44.000000Z,0.35,0.9,200,03-18-2023 12:02:43.557,45003_FLM30_Water_146,2023-03-18T12:00:00.000000Z,300,324.3,0,3.37,0.029,0.919,4.318,25,101.325,1,375,2023-03-18T11:56:29.000000Z,2023-03-18T12:09:02.000000Z,753
2023-03-18,NA,628.546,3392.21,-202.862,2023-03-18T12:02:45.000000Z,0.35,0.9,200,03-18-2023 12:02:44.552,45003_FLM30_Water_146,2023-03-18T12:00:00.000000Z,300,324.3,0,3.37,0.029,0.919,4.318,25,101.325,1,376,2023-03-18T11:56:29.000000Z,2023-03-18T12:09:02.000000Z,753
2023-03-18,NA,624.915,3394.81,-405.352,2023-03-18T12:02:46.000000Z,0.35,0.9,200,03-18-2023 12:02:45.546,45003_FLM30_Water_146,2023-03-18T12:00:00.000000Z,300,324.3,0,3.37,0.029,0.919,4.318,25,101.325,1,377,2023-03-18T11:56:29.000000Z,2023-03-18T12:09:02.000000Z,753
2023-03-18,NA,625.591,3393.85,-356.064,2023-03-18T12:02:47.000000Z,0.35,0.9,200,03-18-2023 12:02:46.541,45003_FLM30_Water_146,2023-03-18T12:00:00.000000Z,300,324.3,0,3.37,0.029,0.919,4.318,25,101.325,1,378,2023-03-18T11:56:29.000000Z,2023-03-18T12:09:02.000000Z,753
2023-03-18,NA,627.21,3401.21,-366.695,2023-03-18T12:02:48.000000Z,0.35,0.9,200,03-18-2023 12:02:47.535,45003_FLM30_Water_146,2023-03-18T12:00:00.000000Z,300,324.3,0,3.37,0.029,0.919,4.318,25,101.325,1,379,2023-03-18T11:56:29.000000Z,2023-03-18T12:09:02.000000Z,753
2023-03-18,NA,625.445,3398.31,-378.961,2023-03-18T12:02:49.000000Z,0.35,0.9,200,03-18-2023 12:02:48.530,45003_FLM30_Water_146,2023-03-18T12:00:00.000000Z,300,324.3,0,3.37,0.029,0.919,4.318,25,101.325,1,380,2023-03-18T11:56:29.000000Z,2023-03-18T12:09:02.000000Z,753
2023-03-18,NA,624.995,3406.05,-526.471,2023-03-18T12:02:50.000000Z,0.35,0.9,200,03-18-2023 12:02:49.524,45003_FLM30_Water_146,2023-03-18T12:00:00.000000Z,300,324.3,0,3.37,0.029,0.919,4.318,25,101.325,1,381,2023-03-18T11:56:29.000000Z,2023-03-18T12:09:02.000000Z,753
2023-03-18,NA,625.094,3399.08,-219.845,2023-03-18T12:02:51.000000Z,0.35,0.9,200,03-18-2023 12:02:50.519,45003_FLM30_Water_146,2023-03-18T12:00:00.000000Z,300,324.3,0,3.37,0.029,0.919,4.318,25,101.325,1,382,2023-03-18T11:56:29.000000Z,2023-03-18T12:09:02.000000Z,753
2023-03-18,NA,625.834,3397.05,-418.638,2023-03-18T12:02:52.000000Z,0.35,0.9,200,03-18-2023 12:02:51.514,45003_FLM30_Water_146,2023-03-18T12:00:00.000000Z,300,324.3,0,3.37,0.029,0.919,4.318,25,101.325,1,383,2023-03-18T11:56:29.000000Z,2023-03-18T12:09:02.000000Z,753
2023-03-18,NA,625.571,3393.31,-1257.51,2023-03-18T12:02:53.000000Z,0.35,0.9,200,03-18-2023 12:02:52.508,45003_FLM30_Water_146,2023-03-18T12:00:00.000000Z,300,324.3,0,3.37,0.029,0.919,4.318,25,101.325,1,384,2023-03-18T11:56:29.000000Z,2023-03-18T12:09:02.000000Z,753
2023-03-18,NA,625.652,3397.85,-187.513,2023-03-18T12:02:54.000000Z,0.35,0.9,200,03-18-2023 12:02:53.502,45003_FLM30_Water_146,2023-03-18T12:00:00.000000Z,300,324.3,0,3.37,0.029,0.919,4.318,25,101.325,1,385,2023-03-18T11:56:29.000000Z,2023-03-18T12:09:02.000000Z,753
2023-03-18,NA,625.025,3396.52,-484.3,2023-03-18T12:02:54.000000Z,0.35,0.9,200,03-18-2023 12:02:54.497,45003_FLM30_Water_146,2023-03-18T12:00:00.000000Z,300,324.3,0,3.37,0.029,0.919,4.318,25,101.325,1,385,2023-03-18T11:56:29.000000Z,2023-03-18T12:09:02.000000Z,753
2023-03-18,NA,627.264,3402.12,-470.359,2023-03-18T12:02:55.000000Z,0.35,0.9,200,03-18-2023 12:02:55.491,45003_FLM30_Water_146,2023-03-18T12:00:00.000000Z,300,324.3,0,3.37,0.029,0.919,4.318,25,101.325,1,386,2023-03-18T11:56:29.000000Z,2023-03-18T12:09:02.000000Z,753
2023-03-18,NA,626.385,3399.7799999999997,-433.589,2023-03-18T12:02:56.000000Z,0.35,0.9,200,03-18-2023 12:02:56.486,45003_FLM30_Water_146,2023-03-18T12:00:00.000000Z,300,324.3,0,3.37,0.029,0.919,4.318,25,101.325,1,387,2023-03-18T11:56:29.000000Z,2023-03-18T12:09:02.000000Z,753
2023-03-18,NA,625.859,3400.2400000000002,-336.701,2023-03-18T12:02:57.000000Z,0.35,0.9,200,03-18-2023 12:02:57.481,45003_FLM30_Water_146,2023-03-18T12:00:00.000000Z,300,324.3,0,3.37,0.029,0.919,4.318,25,101.325,1,388,2023-03-18T11:56:29.000000Z,2023-03-18T12:09:02.000000Z,753
2023-03-18,NA,626.557,3398.85,-473.262,2023-03-18T12:02:58.000000Z,0.35,0.9,200,03-18-2023 12:02:58.475,45003_FLM30_Water_146,2023-03-18T12:00:00.000000Z,300,324.3,0,3.37,0.029,0.919,4.318,25,101.325,1,389,2023-03-18T11:56:29.000000Z,2023-03-18T12:09:02.000000Z,753
2023-03-18,NA,627.425,3403.79,-441.906,2023-03-18T12:02:59.000000Z,0.35,0.9,200,03-18-2023 12:02:59.470,45003_FLM30_Water_146,2023-03-18T12:00:00.000000Z,300,324.3,0,3.37,0.029,0.919,4.318,25,101.325,1,390,2023-03-18T11:56:29.000000Z,2023-03-18T12:09:02.000000Z,753
2023-03-18,NA,625.177,3400.33,-352.897,2023-03-18T12:03:00.000000Z,0.35,0.9,200,03-18-2023 12:03:00.464,45003_FLM30_Water_146,2023-03-18T12:00:00.000000Z,300,324.3,0,3.37,0.029,0.919,4.318,25,101.325,1,391,2023-03-18T11:56:29.000000Z,2023-03-18T12:09:02.000000Z,753
2023-03-18,NA,625.501,3401.92,-422.291,2023-03-18T12:03:01.000000Z,0.35,0.9,200,03-18-2023 12:03:01.458,45003_FLM30_Water_146,2023-03-18T12:00:00.000000Z,300,324.3,0,3.37,0.029,0.919,4.318,25,101.325,1,392,2023-03-18T11:56:29.000000Z,2023-03-18T12:09:02.000000Z,753
2023-03-18,NA,625.036,3396,-534.636,2023-03-18T12:03:02.000000Z,0.35,0.9,200,03-18-2023 12:03:02.453,45003_FLM30_Water_146,2023-03-18T12:00:00.000000Z,300,324.3,0,3.37,0.029,0.919,4.318,25,101.325,1,393,2023-03-18T11:56:29.000000Z,2023-03-18T12:09:02.000000Z,753
2023-03-18,NA,625.901,3403.58,-445.041,2023-03-18T12:03:03.000000Z,0.35,0.9,200,03-18-2023 12:03:03.447,45003_FLM30_Water_146,2023-03-18T12:00:00.000000Z,300,324.3,0,3.37,0.029,0.919,4.318,25,101.325,1,394,2023-03-18T11:56:29.000000Z,2023-03-18T12:09:02.000000Z,753
2023-03-18,NA,625.712,3401.73,-397.497,2023-03-18T12:03:04.000000Z,0.35,0.9,200,03-18-2023 12:03:04.443,45003_FLM30_Water_146,2023-03-18T12:00:00.000000Z,300,324.3,0,3.37,0.029,0.919,4.318,25,101.325,1,395,2023-03-18T11:56:29.000000Z,2023-03-18T12:09:02.000000Z,753
2023-03-18,NA,625.113,3403.45,-367.125,2023-03-18T12:03:05.000000Z,0.35,0.9,200,03-18-2023 12:03:05.437,45003_FLM30_Water_146,2023-03-18T12:00:00.000000Z,300,324.3,0,3.37,0.029,0.919,4.318,25,101.325,1,396,2023-03-18T11:56:29.000000Z,2023-03-18T12:09:02.000000Z,753
2023-03-18,NA,625.951,3410.64,-332.406,2023-03-18T12:03:06.000000Z,0.35,0.9,200,03-18-2023 12:03:06.431,45003_FLM30_Water_146,2023-03-18T12:00:00.000000Z,300,324.3,0,3.37,0.029,0.919,4.318,25,101.325,1,397,2023-03-18T11:56:29.000000Z,2023-03-18T12:09:02.000000Z,753
2023-03-18,NA,627.128,3408.14,-361.72,2023-03-18T12:03:07.000000Z,0.35,0.9,200,03-18-2023 12:03:07.426,45003_FLM30_Water_146,2023-03-18T12:00:00.000000Z,300,324.3,0,3.37,0.029,0.919,4.318,25,101.325,1,398,2023-03-18T11:56:29.000000Z,2023-03-18T12:09:02.000000Z,753
2023-03-18,NA,626.744,3402.88,-455.142,2023-03-18T12:03:08.000000Z,0.35,0.9,200,03-18-2023 12:03:08.421,45003_FLM30_Water_146,2023-03-18T12:00:00.000000Z,300,324.3,0,3.37,0.029,0.919,4.318,25,101.325,1,399,2023-03-18T11:56:29.000000Z,2023-03-18T12:09:02.000000Z,753
2023-03-18,NA,625.585,3403.6,-465.384,2023-03-18T12:03:09.000000Z,0.35,0.9,200,03-18-2023 12:03:09.421,45003_FLM30_Water_146,2023-03-18T12:00:00.000000Z,300,324.3,0,3.37,0.029,0.919,4.318,25,101.325,1,400,2023-03-18T11:56:29.000000Z,2023-03-18T12:09:02.000000Z,753
2023-03-18,NA,625.69,3405.52,-483.047,2023-03-18T12:03:10.000000Z,0.35,0.9,200,03-18-2023 12:03:10.416,45003_FLM30_Water_146,2023-03-18T12:00:00.000000Z,300,324.3,0,3.37,0.029,0.919,4.318,25,101.325,1,401,2023-03-18T11:56:29.000000Z,2023-03-18T12:09:02.000000Z,753
2023-03-18,NA,627.431,3406.27,-360.742,2023-03-18T12:03:11.000000Z,0.35,0.9,200,03-18-2023 12:03:11.411,45003_FLM30_Water_146,2023-03-18T12:00:00.000000Z,300,324.3,0,3.37,0.029,0.919,4.318,25,101.325,1,402,2023-03-18T11:56:29.000000Z,2023-03-18T12:09:02.000000Z,753
2023-03-18,NA,626.619,3409.25,-422.865,2023-03-18T12:03:12.000000Z,0.35,0.9,200,03-18-2023 12:03:12.405,45003_FLM30_Water_146,2023-03-18T12:00:00.000000Z,300,324.3,0,3.37,0.029,0.919,4.318,25,101.325,1,403,2023-03-18T11:56:29.000000Z,2023-03-18T12:09:02.000000Z,753
2023-03-18,NA,625.511,3404.96,-575.623,2023-03-18T12:03:13.000000Z,0.35,0.9,200,03-18-2023 12:03:13.399,45003_FLM30_Water_146,2023-03-18T12:00:00.000000Z,300,324.3,0,3.37,0.029,0.919,4.318,25,101.325,1,404,2023-03-18T11:56:29.000000Z,2023-03-18T12:09:02.000000Z,753
2023-03-18,NA,624.206,3407.46,-505.029,2023-03-18T12:03:14.000000Z,0.35,0.9,200,03-18-2023 12:03:14.395,45003_FLM30_Water_146,2023-03-18T12:00:00.000000Z,300,324.3,0,3.37,0.029,0.919,4.318,25,101.325,1,405,2023-03-18T11:56:29.000000Z,2023-03-18T12:09:02.000000Z,753
2023-03-18,NA,625.05,3412.36,-337.41,2023-03-18T12:03:15.000000Z,0.35,0.9,200,03-18-2023 12:03:15.389,45003_FLM30_Water_146,2023-03-18T12:00:00.000000Z,300,324.3,0,3.37,0.029,0.919,4.318,25,101.325,1,406,2023-03-18T11:56:29.000000Z,2023-03-18T12:09:02.000000Z,753
2023-03-18,NA,626.936,3409.03,-460.767,2023-03-18T12:03:16.000000Z,0.35,0.9,200,03-18-2023 12:03:16.383,45003_FLM30_Water_146,2023-03-18T12:00:00.000000Z,300,324.3,0,3.37,0.029,0.919,4.318,25,101.325,1,407,2023-03-18T11:56:29.000000Z,2023-03-18T12:09:02.000000Z,753
2023-03-18,NA,623.387,3406.83,-382.421,2023-03-18T12:03:17.000000Z,0.35,0.9,200,03-18-2023 12:03:17.377,45003_FLM30_Water_146,2023-03-18T12:00:00.000000Z,300,324.3,0,3.37,0.029,0.919,4.318,25,101.325,1,408,2023-03-18T11:56:29.000000Z,2023-03-18T12:09:02.000000Z,753
2023-03-18,NA,624.765,3406.7799999999997,-400.278,2023-03-18T12:03:18.000000Z,0.35,0.9,200,03-18-2023 12:03:18.373,45003_FLM30_Water_146,2023-03-18T12:00:00.000000Z,300,324.3,0,3.37,0.029,0.919,4.318,25,101.325,1,409,2023-03-18T11:56:29.000000Z,2023-03-18T12:09:02.000000Z,753
2023-03-18,NA,624.935,3411.04,-534.39,2023-03-18T12:03:19.000000Z,0.35,0.9,200,03-18-2023 12:03:19.366,45003_FLM30_Water_146,2023-03-18T12:00:00.000000Z,300,324.3,0,3.37,0.029,0.919,4.318,25,101.325,1,410,2023-03-18T11:56:29.000000Z,2023-03-18T12:09:02.000000Z,753
2023-03-18,NA,624.983,3412.0699999999997,-478.644,2023-03-18T12:03:20.000000Z,0.35,0.9,200,03-18-2023 12:03:20.361,45003_FLM30_Water_146,2023-03-18T12:00:00.000000Z,300,324.3,0,3.37,0.029,0.919,4.318,25,101.325,1,411,2023-03-18T11:56:29.000000Z,2023-03-18T12:09:02.000000Z,753
2023-03-18,NA,626.478,3404.34,-358.859,2023-03-18T12:03:21.000000Z,0.35,0.9,200,03-18-2023 12:03:21.356,45003_FLM30_Water_146,2023-03-18T12:00:00.000000Z,300,324.3,0,3.37,0.029,0.919,4.318,25,101.325,1,412,2023-03-18T11:56:29.000000Z,2023-03-18T12:09:02.000000Z,753
2023-03-18,NA,626.79,3410.4,-402.443,2023-03-18T12:03:22.000000Z,0.35,0.9,200,03-18-2023 12:03:22.350,45003_FLM30_Water_146,2023-03-18T12:00:00.000000Z,300,324.3,0,3.37,0.029,0.919,4.318,25,101.325,1,413,2023-03-18T11:56:29.000000Z,2023-03-18T12:09:02.000000Z,753
2023-03-18,NA,626.32,3417.3300000000004,-327.375,2023-03-18T12:03:23.000000Z,0.35,0.9,200,03-18-2023 12:03:23.346,45003_FLM30_Water_146,2023-03-18T12:00:00.000000Z,300,324.3,0,3.37,0.029,0.919,4.318,25,101.325,1,414,2023-03-18T11:56:29.000000Z,2023-03-18T12:09:02.000000Z,753
2023-03-18,NA,625.328,3410.46,-471.308,2023-03-18T12:03:24.000000Z,0.35,0.9,200,03-18-2023 12:03:24.340,45003_FLM30_Water_146,2023-03-18T12:00:00.000000Z,300,324.3,0,3.37,0.029,0.919,4.318,25,101.325,1,415,2023-03-18T11:56:29.000000Z,2023-03-18T12:09:02.000000Z,753
2023-03-18,NA,623.75,3415.3199999999997,-383.757,2023-03-18T12:03:25.000000Z,0.35,0.9,200,03-18-2023 12:03:25.334,45003_FLM30_Water_146,2023-03-18T12:00:00.000000Z,300,324.3,0,3.37,0.029,0.919,4.318,25,101.325,1,416,2023-03-18T11:56:29.000000Z,2023-03-18T12:09:02.000000Z,753
2023-03-18,NA,627.029,3416.67,-285.256,2023-03-18T12:03:26.000000Z,0.35,0.9,200,03-18-2023 12:03:26.330,45003_FLM30_Water_146,2023-03-18T12:00:00.000000Z,300,324.3,0,3.37,0.029,0.919,4.318,25,101.325,1,417,2023-03-18T11:56:29.000000Z,2023-03-18T12:09:02.000000Z,753
2023-03-18,NA,625.645,3410.69,-626.287,2023-03-18T12:03:27.000000Z,0.35,0.9,200,03-18-2023 12:03:27.323,45003_FLM30_Water_146,2023-03-18T12:00:00.000000Z,300,324.3,0,3.37,0.029,0.919,4.318,25,101.325,1,418,2023-03-18T11:56:29.000000Z,2023-03-18T12:09:02.000000Z,753
2023-03-18,NA,624.946,3411.66,-420.553,2023-03-18T12:03:28.000000Z,0.35,0.9,200,03-18-2023 12:03:28.317,45003_FLM30_Water_146,2023-03-18T12:00:00.000000Z,300,324.3,0,3.37,0.029,0.919,4.318,25,101.325,1,419,2023-03-18T11:56:29.000000Z,2023-03-18T12:09:02.000000Z,753
2023-03-18,NA,624.338,3415.27,-288.96,2023-03-18T12:03:29.000000Z,0.35,0.9,200,03-18-2023 12:03:29.312,45003_FLM30_Water_146,2023-03-18T12:00:00.000000Z,300,324.3,0,3.37,0.029,0.919,4.318,25,101.325,1,420,2023-03-18T11:56:29.000000Z,2023-03-18T12:09:02.000000Z,753
2023-03-18,NA,624.782,3412.51,-453.844,2023-03-18T12:03:30.000000Z,0.35,0.9,200,03-18-2023 12:03:30.307,45003_FLM30_Water_146,2023-03-18T12:00:00.000000Z,300,324.3,0,3.37,0.029,0.919,4.318,25,101.325,1,421,2023-03-18T11:56:29.000000Z,2023-03-18T12:09:02.000000Z,753
2023-03-18,NA,623.818,3415.06,-366.137,2023-03-18T12:03:31.000000Z,0.35,0.9,200,03-18-2023 12:03:31.301,45003_FLM30_Water_146,2023-03-18T12:00:00.000000Z,300,324.3,0,3.37,0.029,0.919,4.318,25,101.325,1,422,2023-03-18T11:56:29.000000Z,2023-03-18T12:09:02.000000Z,753
2023-03-18,NA,626.694,3419.35,-298.777,2023-03-18T12:03:32.000000Z,0.35,0.9,200,03-18-2023 12:03:32.296,45003_FLM30_Water_146,2023-03-18T12:00:00.000000Z,300,324.3,0,3.37,0.029,0.919,4.318,25,101.325,1,423,2023-03-18T11:56:29.000000Z,2023-03-18T12:09:02.000000Z,753
2023-03-18,NA,624.699,3419.6499999999996,-431.538,2023-03-18T12:03:33.000000Z,0.35,0.9,200,03-18-2023 12:03:33.290,45003_FLM30_Water_146,2023-03-18T12:00:00.000000Z,300,324.3,0,3.37,0.029,0.919,4.318,25,101.325,1,424,2023-03-18T11:56:29.000000Z,2023-03-18T12:09:02.000000Z,753
2023-03-18,NA,627.532,3419.4900000000002,-471.287,2023-03-18T12:03:34.000000Z,0.35,0.9,200,03-18-2023 12:03:34.285,45003_FLM30_Water_146,2023-03-18T12:00:00.000000Z,300,324.3,0,3.37,0.029,0.919,4.318,25,101.325,1,425,2023-03-18T11:56:29.000000Z,2023-03-18T12:09:02.000000Z,753
2023-03-18,NA,625.925,3412.9100000000003,-338.063,2023-03-18T12:03:35.000000Z,0.35,0.9,200,03-18-2023 12:03:35.280,45003_FLM30_Water_146,2023-03-18T12:00:00.000000Z,300,324.3,0,3.37,0.029,0.919,4.318,25,101.325,1,426,2023-03-18T11:56:29.000000Z,2023-03-18T12:09:02.000000Z,753
2023-03-18,NA,627.177,3415.4399999999996,-339.715,2023-03-18T12:03:36.000000Z,0.35,0.9,200,03-18-2023 12:03:36.274,45003_FLM30_Water_146,2023-03-18T12:00:00.000000Z,300,324.3,0,3.37,0.029,0.919,4.318,25,101.325,1,427,2023-03-18T11:56:29.000000Z,2023-03-18T12:09:02.000000Z,753
2023-03-18,NA,625.555,3416.71,-469.52,2023-03-18T12:03:37.000000Z,0.35,0.9,200,03-18-2023 12:03:37.268,45003_FLM30_Water_146,2023-03-18T12:00:00.000000Z,300,324.3,0,3.37,0.029,0.919,4.318,25,101.325,1,428,2023-03-18T11:56:29.000000Z,2023-03-18T12:09:02.000000Z,753
2023-03-18,NA,623.721,3421.4500000000003,-382.941,2023-03-18T12:03:38.000000Z,0.35,0.9,200,03-18-2023 12:03:38.264,45003_FLM30_Water_146,2023-03-18T12:00:00.000000Z,300,324.3,0,3.37,0.029,0.919,4.318,25,101.325,1,429,2023-03-18T11:56:29.000000Z,2023-03-18T12:09:02.000000Z,753
2023-03-18,NA,625.672,3417.53,-388.846,2023-03-18T12:03:39.000000Z,0.35,0.9,200,03-18-2023 12:03:39.258,45003_FLM30_Water_146,2023-03-18T12:00:00.000000Z,300,324.3,0,3.37,0.029,0.919,4.318,25,101.325,1,430,2023-03-18T11:56:29.000000Z,2023-03-18T12:09:02.000000Z,753
2023-03-18,NA,626.479,3419.3799999999997,-376.268,2023-03-18T12:03:40.000000Z,0.35,0.9,200,03-18-2023 12:03:40.253,45003_FLM30_Water_146,2023-03-18T12:00:00.000000Z,300,324.3,0,3.37,0.029,0.919,4.318,25,101.325,1,431,2023-03-18T11:56:29.000000Z,2023-03-18T12:09:02.000000Z,753
2023-03-18,NA,624.486,3419.9,-516.108,2023-03-18T12:03:41.000000Z,0.35,0.9,200,03-18-2023 12:03:41.246,45003_FLM30_Water_146,2023-03-18T12:00:00.000000Z,300,324.3,0,3.37,0.029,0.919,4.318,25,101.325,1,432,2023-03-18T11:56:29.000000Z,2023-03-18T12:09:02.000000Z,753
2023-03-18,NA,623.909,3414.24,-517.564,2023-03-18T12:03:42.000000Z,0.35,0.9,200,03-18-2023 12:03:42.241,45003_FLM30_Water_146,2023-03-18T12:00:00.000000Z,300,324.3,0,3.37,0.029,0.919,4.318,25,101.325,1,433,2023-03-18T11:56:29.000000Z,2023-03-18T12:09:02.000000Z,753
2023-03-18,NA,625.738,3421.36,-606.583,2023-03-18T12:03:43.000000Z,0.35,0.9,200,03-18-2023 12:03:43.235,45003_FLM30_Water_146,2023-03-18T12:00:00.000000Z,300,324.3,0,3.37,0.029,0.919,4.318,25,101.325,1,434,2023-03-18T11:56:29.000000Z,2023-03-18T12:09:02.000000Z,753
2023-03-18,NA,625.054,3424.83,-331.21,2023-03-18T12:03:44.000000Z,0.35,0.9,200,03-18-2023 12:03:44.230,45003_FLM30_Water_146,2023-03-18T12:00:00.000000Z,300,324.3,0,3.37,0.029,0.919,4.318,25,101.325,1,435,2023-03-18T11:56:29.000000Z,2023-03-18T12:09:02.000000Z,753
2023-03-18,NA,625.526,3414.85,-517.422,2023-03-18T12:03:45.000000Z,0.35,0.9,200,03-18-2023 12:03:45.225,45003_FLM30_Water_146,2023-03-18T12:00:00.000000Z,300,324.3,0,3.37,0.029,0.919,4.318,25,101.325,1,436,2023-03-18T11:56:29.000000Z,2023-03-18T12:09:02.000000Z,753
2023-03-18,NA,624.902,3418.1,-389.575,2023-03-18T12:03:46.000000Z,0.35,0.9,200,03-18-2023 12:03:46.220,45003_FLM30_Water_146,2023-03-18T12:00:00.000000Z,300,324.3,0,3.37,0.029,0.919,4.318,25,101.325,1,437,2023-03-18T11:56:29.000000Z,2023-03-18T12:09:02.000000Z,753
2023-03-18,NA,623.231,3424.02,-505.154,2023-03-18T12:03:47.000000Z,0.35,0.9,200,03-18-2023 12:03:47.214,45003_FLM30_Water_146,2023-03-18T12:00:00.000000Z,300,324.3,0,3.37,0.029,0.919,4.318,25,101.325,1,438,2023-03-18T11:56:29.000000Z,2023-03-18T12:09:02.000000Z,753
2023-03-18,NA,626.679,3417.44,-304.48,2023-03-18T12:03:48.000000Z,0.35,0.9,200,03-18-2023 12:03:48.209,45003_FLM30_Water_146,2023-03-18T12:00:00.000000Z,300,324.3,0,3.37,0.029,0.919,4.318,25,101.325,1,439,2023-03-18T11:56:29.000000Z,2023-03-18T12:09:02.000000Z,753
2023-03-18,NA,626.314,3417.73,-428.29,2023-03-18T12:03:49.000000Z,0.35,0.9,200,03-18-2023 12:03:49.203,45003_FLM30_Water_146,2023-03-18T12:00:00.000000Z,300,324.3,0,3.37,0.029,0.919,4.318,25,101.325,1,440,2023-03-18T11:56:29.000000Z,2023-03-18T12:09:02.000000Z,753
2023-03-18,NA,625.758,3424.94,-278.883,2023-03-18T12:03:50.000000Z,0.35,0.9,200,03-18-2023 12:03:50.197,45003_FLM30_Water_146,2023-03-18T12:00:00.000000Z,300,324.3,0,3.37,0.029,0.919,4.318,25,101.325,1,441,2023-03-18T11:56:29.000000Z,2023-03-18T12:09:02.000000Z,753
2023-03-18,NA,626.658,3426.37,-393.702,2023-03-18T12:03:51.000000Z,0.35,0.9,200,03-18-2023 12:03:51.192,45003_FLM30_Water_146,2023-03-18T12:00:00.000000Z,300,324.3,0,3.37,0.029,0.919,4.318,25,101.325,1,442,2023-03-18T11:56:29.000000Z,2023-03-18T12:09:02.000000Z,753
2023-03-18,NA,624.023,3422.26,-418.312,2023-03-18T12:03:52.000000Z,0.35,0.9,200,03-18-2023 12:03:52.186,45003_FLM30_Water_146,2023-03-18T12:00:00.000000Z,300,324.3,0,3.37,0.029,0.919,4.318,25,101.325,1,443,2023-03-18T11:56:29.000000Z,2023-03-18T12:09:02.000000Z,753
2023-03-18,NA,627.105,3426.9500000000003,-446.662,2023-03-18T12:03:53.000000Z,0.35,0.9,200,03-18-2023 12:03:53.181,45003_FLM30_Water_146,2023-03-18T12:00:00.000000Z,300,324.3,0,3.37,0.029,0.919,4.318,25,101.325,1,444,2023-03-18T11:56:29.000000Z,2023-03-18T12:09:02.000000Z,753
2023-03-18,NA,628.001,3428.28,-322.362,2023-03-18T12:03:54.000000Z,0.35,0.9,200,03-18-2023 12:03:54.177,45003_FLM30_Water_146,2023-03-18T12:00:00.000000Z,300,324.3,0,3.37,0.029,0.919,4.318,25,101.325,1,445,2023-03-18T11:56:29.000000Z,2023-03-18T12:09:02.000000Z,753
2023-03-18,NA,625.443,3423.73,-248.574,2023-03-18T12:03:55.000000Z,0.35,0.9,200,03-18-2023 12:03:55.170,45003_FLM30_Water_146,2023-03-18T12:00:00.000000Z,300,324.3,0,3.37,0.029,0.919,4.318,25,101.325,1,446,2023-03-18T11:56:29.000000Z,2023-03-18T12:09:02.000000Z,753
2023-03-18,NA,625.81,3427.76,-473.268,2023-03-18T12:03:56.000000Z,0.35,0.9,200,03-18-2023 12:03:56.168,45003_FLM30_Water_146,2023-03-18T12:00:00.000000Z,300,324.3,0,3.37,0.029,0.919,4.318,25,101.325,1,447,2023-03-18T11:56:29.000000Z,2023-03-18T12:09:02.000000Z,753
2023-03-18,NA,625.516,3418.23,-412.952,2023-03-18T12:03:57.000000Z,0.35,0.9,200,03-18-2023 12:03:57.159,45003_FLM30_Water_146,2023-03-18T12:00:00.000000Z,300,324.3,0,3.37,0.029,0.919,4.318,25,101.325,1,448,2023-03-18T11:56:29.000000Z,2023-03-18T12:09:02.000000Z,753
2023-03-18,NA,625.443,3426.52,-439.884,2023-03-18T12:03:58.000000Z,0.35,0.9,200,03-18-2023 12:03:58.153,45003_FLM30_Water_146,2023-03-18T12:00:00.000000Z,300,324.3,0,3.37,0.029,0.919,4.318,25,101.325,1,449,2023-03-18T11:56:29.000000Z,2023-03-18T12:09:02.000000Z,753
2023-03-18,NA,625.021,3426.22,-427.831,2023-03-18T12:03:59.000000Z,0.35,0.9,200,03-18-2023 12:03:59.149,45003_FLM30_Water_146,2023-03-18T12:00:00.000000Z,300,324.3,0,3.37,0.029,0.919,4.318,25,101.325,1,450,2023-03-18T11:56:29.000000Z,2023-03-18T12:09:02.000000Z,753
2023-03-18,NA,627.628,3430.67,-249.785,2023-03-18T12:04:00.000000Z,0.35,0.9,200,03-18-2023 12:04:00.144,45003_FLM30_Water_146,2023-03-18T12:00:00.000000Z,300,324.3,0,3.37,0.029,0.919,4.318,25,101.325,1,451,2023-03-18T11:56:29.000000Z,2023-03-18T12:09:02.000000Z,753
2023-03-18,NA,625.795,3428.83,-275.192,2023-03-18T12:04:01.000000Z,0.35,0.9,200,03-18-2023 12:04:01.138,45003_FLM30_Water_146,2023-03-18T12:00:00.000000Z,300,324.3,0,3.37,0.029,0.919,4.318,25,101.325,1,452,2023-03-18T11:56:29.000000Z,2023-03-18T12:09:02.000000Z,753
2023-03-18,NA,625.002,3427.07,-393.8,2023-03-18T12:04:02.000000Z,0.35,0.9,200,03-18-2023 12:04:02.133,45003_FLM30_Water_146,2023-03-18T12:00:00.000000Z,300,324.3,0,3.37,0.029,0.919,4.318,25,101.325,1,453,2023-03-18T11:56:29.000000Z,2023-03-18T12:09:02.000000Z,753
2023-03-18,NA,626.322,3429.8700000000003,-378.74,2023-03-18T12:04:03.000000Z,0.35,0.9,200,03-18-2023 12:04:03.126,45003_FLM30_Water_146,2023-03-18T12:00:00.000000Z,300,324.3,0,3.37,0.029,0.919,4.318,25,101.325,1,454,2023-03-18T11:56:29.000000Z,2023-03-18T12:09:02.000000Z,753
2023-03-18,NA,624.932,3428.13,-415.893,2023-03-18T12:04:04.000000Z,0.35,0.9,200,03-18-2023 12:04:04.121,45003_FLM30_Water_146,2023-03-18T12:00:00.000000Z,300,324.3,0,3.37,0.029,0.919,4.318,25,101.325,1,455,2023-03-18T11:56:29.000000Z,2023-03-18T12:09:02.000000Z,753
2023-03-18,NA,625.975,3425.69,-448.422,2023-03-18T12:04:05.000000Z,0.35,0.9,200,03-18-2023 12:04:05.117,45003_FLM30_Water_146,2023-03-18T12:00:00.000000Z,300,324.3,0,3.37,0.029,0.919,4.318,25,101.325,1,456,2023-03-18T11:56:29.000000Z,2023-03-18T12:09:02.000000Z,753
2023-03-18,NA,625.091,3433.65,-185.648,2023-03-18T12:04:06.000000Z,0.35,0.9,200,03-18-2023 12:04:06.111,45003_FLM30_Water_146,2023-03-18T12:00:00.000000Z,300,324.3,0,3.37,0.029,0.919,4.318,25,101.325,1,457,2023-03-18T11:56:29.000000Z,2023-03-18T12:09:02.000000Z,753
2023-03-18,NA,624.664,3426.7,-425.738,2023-03-18T12:04:07.000000Z,0.35,0.9,200,03-18-2023 12:04:07.106,45003_FLM30_Water_146,2023-03-18T12:00:00.000000Z,300,324.3,0,3.37,0.029,0.919,4.318,25,101.325,1,458,2023-03-18T11:56:29.000000Z,2023-03-18T12:09:02.000000Z,753
2023-03-18,NA,625.802,3433.68,-323.84,2023-03-18T12:04:08.000000Z,0.35,0.9,200,03-18-2023 12:04:08.099,45003_FLM30_Water_146,2023-03-18T12:00:00.000000Z,300,324.3,0,3.37,0.029,0.919,4.318,25,101.325,1,459,2023-03-18T11:56:29.000000Z,2023-03-18T12:09:02.000000Z,753
2023-03-18,NA,628.036,3431.48,-548.183,2023-03-18T12:04:09.000000Z,0.35,0.9,200,03-18-2023 12:04:09.094,45003_FLM30_Water_146,2023-03-18T12:00:00.000000Z,300,324.3,0,3.37,0.029,0.919,4.318,25,101.325,1,460,2023-03-18T11:56:29.000000Z,2023-03-18T12:09:02.000000Z,753
2023-03-18,NA,626.07,3427.5099999999998,-252.292,2023-03-18T12:04:10.000000Z,0.35,0.9,200,03-18-2023 12:04:10.088,45003_FLM30_Water_146,2023-03-18T12:00:00.000000Z,300,324.3,0,3.37,0.029,0.919,4.318,25,101.325,1,461,2023-03-18T11:56:29.000000Z,2023-03-18T12:09:02.000000Z,753
2023-03-18,NA,625.989,3430.25,-295.25,2023-03-18T12:04:11.000000Z,0.35,0.9,200,03-18-2023 12:04:11.083,45003_FLM30_Water_146,2023-03-18T12:00:00.000000Z,300,324.3,0,3.37,0.029,0.919,4.318,25,101.325,1,462,2023-03-18T11:56:29.000000Z,2023-03-18T12:09:02.000000Z,753
2023-03-18,NA,625.451,3431.45,-300.355,2023-03-18T12:04:12.000000Z,0.35,0.9,200,03-18-2023 12:04:12.078,45003_FLM30_Water_146,2023-03-18T12:00:00.000000Z,300,324.3,0,3.37,0.029,0.919,4.318,25,101.325,1,463,2023-03-18T11:56:29.000000Z,2023-03-18T12:09:02.000000Z,753
2023-03-18,NA,626.289,3431.1699999999996,-334.131,2023-03-18T12:04:13.000000Z,0.35,0.9,200,03-18-2023 12:04:13.072,45003_FLM30_Water_146,2023-03-18T12:00:00.000000Z,300,324.3,0,3.37,0.029,0.919,4.318,25,101.325,1,464,2023-03-18T11:56:29.000000Z,2023-03-18T12:09:02.000000Z,753
2023-03-18,NA,627.191,3425.43,-364.157,2023-03-18T12:04:14.000000Z,0.35,0.9,200,03-18-2023 12:04:14.067,45003_FLM30_Water_146,2023-03-18T12:00:00.000000Z,300,324.3,0,3.37,0.029,0.919,4.318,25,101.325,1,465,2023-03-18T11:56:29.000000Z,2023-03-18T12:09:02.000000Z,753
2023-03-18,NA,626.725,3437.17,-494.189,2023-03-18T12:04:15.000000Z,0.35,0.9,200,03-18-2023 12:04:15.061,45003_FLM30_Water_146,2023-03-18T12:00:00.000000Z,300,324.3,0,3.37,0.029,0.919,4.318,25,101.325,1,466,2023-03-18T11:56:29.000000Z,2023-03-18T12:09:02.000000Z,753
2023-03-18,NA,625.946,3437.31,-345.764,2023-03-18T12:04:16.000000Z,0.35,0.9,200,03-18-2023 12:04:16.056,45003_FLM30_Water_146,2023-03-18T12:00:00.000000Z,300,324.3,0,3.37,0.029,0.919,4.318,25,101.325,1,467,2023-03-18T11:56:29.000000Z,2023-03-18T12:09:02.000000Z,753
2023-03-18,NA,625.158,3431.54,-357.268,2023-03-18T12:04:17.000000Z,0.35,0.9,200,03-18-2023 12:04:17.050,45003_FLM30_Water_146,2023-03-18T12:00:00.000000Z,300,324.3,0,3.37,0.029,0.919,4.318,25,101.325,1,468,2023-03-18T11:56:29.000000Z,2023-03-18T12:09:02.000000Z,753
2023-03-18,NA,627.703,3439.5600000000004,-348.186,2023-03-18T12:04:18.000000Z,0.35,0.9,200,03-18-2023 12:04:18.046,45003_FLM30_Water_146,2023-03-18T12:00:00.000000Z,300,324.3,0,3.37,0.029,0.919,4.318,25,101.325,1,469,2023-03-18T11:56:29.000000Z,2023-03-18T12:09:02.000000Z,753
2023-03-18,NA,627.986,3438.7799999999997,-305.417,2023-03-18T12:04:19.000000Z,0.35,0.9,200,03-18-2023 12:04:19.039,45003_FLM30_Water_146,2023-03-18T12:00:00.000000Z,300,324.3,0,3.37,0.029,0.919,4.318,25,101.325,1,470,2023-03-18T11:56:29.000000Z,2023-03-18T12:09:02.000000Z,753
2023-03-18,NA,625.585,3435.55,-387.907,2023-03-18T12:04:20.000000Z,0.35,0.9,200,03-18-2023 12:04:20.034,45003_FLM30_Water_146,2023-03-18T12:00:00.000000Z,300,324.3,0,3.37,0.029,0.919,4.318,25,101.325,1,471,2023-03-18T11:56:29.000000Z,2023-03-18T12:09:02.000000Z,753
2023-03-18,NA,628.08,3439.5099999999998,-426.885,2023-03-18T12:04:21.000000Z,0.35,0.9,200,03-18-2023 12:04:21.029,45003_FLM30_Water_146,2023-03-18T12:00:00.000000Z,300,324.3,0,3.37,0.029,0.919,4.318,25,101.325,1,472,2023-03-18T11:56:29.000000Z,2023-03-18T12:09:02.000000Z,753
2023-03-18,NA,625.925,3434.56,-381.542,2023-03-18T12:04:22.000000Z,0.35,0.9,200,03-18-2023 12:04:22.023,45003_FLM30_Water_146,2023-03-18T12:00:00.000000Z,300,324.3,0,3.37,0.029,0.919,4.318,25,101.325,1,473,2023-03-18T11:56:29.000000Z,2023-03-18T12:09:02.000000Z,753
2023-03-18,NA,626.131,3436.6,-296.431,2023-03-18T12:04:23.000000Z,0.35,0.9,200,03-18-2023 12:04:23.017,45003_FLM30_Water_146,2023-03-18T12:00:00.000000Z,300,324.3,0,3.37,0.029,0.919,4.318,25,101.325,1,474,2023-03-18T11:56:29.000000Z,2023-03-18T12:09:02.000000Z,753
2023-03-18,NA,626.958,3439.79,-456.713,2023-03-18T12:04:24.000000Z,0.35,0.9,200,03-18-2023 12:04:24.012,45003_FLM30_Water_146,2023-03-18T12:00:00.000000Z,300,324.3,0,3.37,0.029,0.919,4.318,25,101.325,1,475,2023-03-18T11:56:29.000000Z,2023-03-18T12:09:02.000000Z,753
2023-03-18,NA,626.361,3443.64,-435.126,2023-03-18T12:04:25.000000Z,0.35,0.9,200,03-18-2023 12:04:25.006,45003_FLM30_Water_146,2023-03-18T12:00:00.000000Z,300,324.3,0,3.37,0.029,0.919,4.318,25,101.325,1,476,2023-03-18T11:56:29.000000Z,2023-03-18T12:09:02.000000Z,753
2023-03-18,NA,626.649,3438.8,-371.718,2023-03-18T12:04:26.000000Z,0.35,0.9,200,03-18-2023 12:04:26.002,45003_FLM30_Water_146,2023-03-18T12:00:00.000000Z,300,324.3,0,3.37,0.029,0.919,4.318,25,101.325,1,477,2023-03-18T11:56:29.000000Z,2023-03-18T12:09:02.000000Z,753
2023-03-18,NA,627.748,3441.38,-408.914,2023-03-18T12:04:27.000000Z,0.35,0.9,200,03-18-2023 12:04:26.995,45003_FLM30_Water_146,2023-03-18T12:00:00.000000Z,300,324.3,0,3.37,0.029,0.919,4.318,25,101.325,1,478,2023-03-18T11:56:29.000000Z,2023-03-18T12:09:02.000000Z,753
2023-03-18,NA,625.478,3442.35,-388.237,2023-03-18T12:04:28.000000Z,0.35,0.9,200,03-18-2023 12:04:27.990,45003_FLM30_Water_146,2023-03-18T12:00:00.000000Z,300,324.3,0,3.37,0.029,0.919,4.318,25,101.325,1,479,2023-03-18T11:56:29.000000Z,2023-03-18T12:09:02.000000Z,753
2023-03-18,NA,624.882,3441.7599999999998,-226.193,2023-03-18T12:04:29.000000Z,0.35,0.9,200,03-18-2023 12:04:28.984,45003_FLM30_Water_146,2023-03-18T12:00:00.000000Z,300,324.3,0,3.37,0.029,0.919,4.318,25,101.325,1,480,2023-03-18T11:56:29.000000Z,2023-03-18T12:09:02.000000Z,753
2023-03-18,NA,625.302,3435.36,-369.882,2023-03-18T12:04:30.000000Z,0.35,0.9,200,03-18-2023 12:04:29.980,45003_FLM30_Water_146,2023-03-18T12:00:00.000000Z,300,324.3,0,3.37,0.029,0.919,4.318,25,101.325,1,481,2023-03-18T11:56:29.000000Z,2023-03-18T12:09:02.000000Z,753
2023-03-18,NA,625.554,3439.93,-482.871,2023-03-18T12:04:31.000000Z,0.35,0.9,200,03-18-2023 12:04:30.973,45003_FLM30_Water_146,2023-03-18T12:00:00.000000Z,300,324.3,0,3.37,0.029,0.919,4.318,25,101.325,1,482,2023-03-18T11:56:29.000000Z,2023-03-18T12:09:02.000000Z,753
2023-03-18,NA,627.401,3441.83,-337.379,2023-03-18T12:04:32.000000Z,0.35,0.9,200,03-18-2023 12:04:31.968,45003_FLM30_Water_146,2023-03-18T12:00:00.000000Z,300,324.3,0,3.37,0.029,0.919,4.318,25,101.325,1,483,2023-03-18T11:56:29.000000Z,2023-03-18T12:09:02.000000Z,753
2023-03-18,NA,625.417,3445.71,-381.847,2023-03-18T12:04:33.000000Z,0.35,0.9,200,03-18-2023 12:04:32.963,45003_FLM30_Water_146,2023-03-18T12:00:00.000000Z,300,324.3,0,3.37,0.029,0.919,4.318,25,101.325,1,484,2023-03-18T11:56:29.000000Z,2023-03-18T12:09:02.000000Z,753
2023-03-18,NA,625.61,3441.81,-443.118,2023-03-18T12:04:34.000000Z,0.35,0.9,200,03-18-2023 12:04:33.957,45003_FLM30_Water_146,2023-03-18T12:00:00.000000Z,300,324.3,0,3.37,0.029,0.919,4.318,25,101.325,1,485,2023-03-18T11:56:29.000000Z,2023-03-18T12:09:02.000000Z,753
2023-03-18,NA,626.034,3439.8900000000003,-328.086,2023-03-18T12:04:35.000000Z,0.35,0.9,200,03-18-2023 12:04:34.952,45003_FLM30_Water_146,2023-03-18T12:00:00.000000Z,300,324.3,0,3.37,0.029,0.919,4.318,25,101.325,1,486,2023-03-18T11:56:29.000000Z,2023-03-18T12:09:02.000000Z,753
2023-03-18,NA,625.156,3443.48,-450.378,2023-03-18T12:04:36.000000Z,0.35,0.9,200,03-18-2023 12:04:35.948,45003_FLM30_Water_146,2023-03-18T12:00:00.000000Z,300,324.3,0,3.37,0.029,0.919,4.318,25,101.325,1,487,2023-03-18T11:56:29.000000Z,2023-03-18T12:09:02.000000Z,753
2023-03-18,NA,626.598,3443.1099999999997,-314.673,2023-03-18T12:04:37.000000Z,0.35,0.9,200,03-18-2023 12:04:36.941,45003_FLM30_Water_146,2023-03-18T12:00:00.000000Z,300,324.3,0,3.37,0.029,0.919,4.318,25,101.325,1,488,2023-03-18T11:56:29.000000Z,2023-03-18T12:09:02.000000Z,753
2023-03-18,NA,626.217,3440.23,-322.825,2023-03-18T12:04:38.000000Z,0.35,0.9,200,03-18-2023 12:04:37.935,45003_FLM30_Water_146,2023-03-18T12:00:00.000000Z,300,324.3,0,3.37,0.029,0.919,4.318,25,101.325,1,489,2023-03-18T11:56:29.000000Z,2023-03-18T12:09:02.000000Z,753
2023-03-18,NA,626.883,3448.3799999999997,-365.3,2023-03-18T12:04:39.000000Z,0.35,0.9,200,03-18-2023 12:04:38.930,45003_FLM30_Water_146,2023-03-18T12:00:00.000000Z,300,324.3,0,3.37,0.029,0.919,4.318,25,101.325,1,490,2023-03-18T11:56:29.000000Z,2023-03-18T12:09:02.000000Z,753
2023-03-18,NA,625.057,3440.42,-492.252,2023-03-18T12:04:40.000000Z,0.35,0.9,200,03-18-2023 12:04:39.924,45003_FLM30_Water_146,2023-03-18T12:00:00.000000Z,300,324.3,0,3.37,0.029,0.919,4.318,25,101.325,1,491,2023-03-18T11:56:29.000000Z,2023-03-18T12:09:02.000000Z,753
2023-03-18,NA,624.206,3442.79,-499.625,2023-03-18T12:04:41.000000Z,0.35,0.9,200,03-18-2023 12:04:40.919,45003_FLM30_Water_146,2023-03-18T12:00:00.000000Z,300,324.3,0,3.37,0.029,0.919,4.318,25,101.325,1,492,2023-03-18T11:56:29.000000Z,2023-03-18T12:09:02.000000Z,753
2023-03-18,NA,625.29,3450.54,-293.417,2023-03-18T12:04:42.000000Z,0.35,0.9,200,03-18-2023 12:04:41.915,45003_FLM30_Water_146,2023-03-18T12:00:00.000000Z,300,324.3,0,3.37,0.029,0.919,4.318,25,101.325,1,493,2023-03-18T11:56:29.000000Z,2023-03-18T12:09:02.000000Z,753
2023-03-18,NA,623.91,3440.73,-468.885,2023-03-18T12:04:43.000000Z,0.35,0.9,200,03-18-2023 12:04:42.909,45003_FLM30_Water_146,2023-03-18T12:00:00.000000Z,300,324.3,0,3.37,0.029,0.919,4.318,25,101.325,1,494,2023-03-18T11:56:29.000000Z,2023-03-18T12:09:02.000000Z,753
2023-03-18,NA,625.522,3446.71,-244.822,2023-03-18T12:04:44.000000Z,0.35,0.9,200,03-18-2023 12:04:43.903,45003_FLM30_Water_146,2023-03-18T12:00:00.000000Z,300,324.3,0,3.37,0.029,0.919,4.318,25,101.325,1,495,2023-03-18T11:56:29.000000Z,2023-03-18T12:09:02.000000Z,753
2023-03-18,NA,626.979,3446.33,-405.235,2023-03-18T12:04:45.000000Z,0.35,0.9,200,03-18-2023 12:04:44.897,45003_FLM30_Water_146,2023-03-18T12:00:00.000000Z,300,324.3,0,3.37,0.029,0.919,4.318,25,101.325,1,496,2023-03-18T11:56:29.000000Z,2023-03-18T12:09:02.000000Z,753
2023-03-18,NA,624.796,3446.11,-564.043,2023-03-18T12:04:46.000000Z,0.35,0.9,200,03-18-2023 12:04:45.892,45003_FLM30_Water_146,2023-03-18T12:00:00.000000Z,300,324.3,0,3.37,0.029,0.919,4.318,25,101.325,1,497,2023-03-18T11:56:29.000000Z,2023-03-18T12:09:02.000000Z,753
2023-03-18,NA,625.061,3449.54,-444.457,2023-03-18T12:04:47.000000Z,0.35,0.9,200,03-18-2023 12:04:46.886,45003_FLM30_Water_146,2023-03-18T12:00:00.000000Z,300,324.3,0,3.37,0.029,0.919,4.318,25,101.325,1,498,2023-03-18T11:56:29.000000Z,2023-03-18T12:09:02.000000Z,753
2023-03-18,NA,625.316,3446.6800000000003,-365.608,2023-03-18T12:04:48.000000Z,0.35,0.9,200,03-18-2023 12:04:47.882,45003_FLM30_Water_146,2023-03-18T12:00:00.000000Z,300,324.3,0,3.37,0.029,0.919,4.318,25,101.325,1,499,2023-03-18T11:56:29.000000Z,2023-03-18T12:09:02.000000Z,753
2023-03-18,NA,625.779,3450.99,-331.672,2023-03-18T12:04:49.000000Z,0.35,0.9,200,03-18-2023 12:04:48.877,45003_FLM30_Water_146,2023-03-18T12:00:00.000000Z,300,324.3,0,3.37,0.029,0.919,4.318,25,101.325,1,500,2023-03-18T11:56:29.000000Z,2023-03-18T12:09:02.000000Z,753
2023-03-18,NA,624.598,3447.69,-400.516,2023-03-18T12:04:50.000000Z,0.35,0.9,200,03-18-2023 12:04:49.870,45003_FLM30_Water_146,2023-03-18T12:00:00.000000Z,300,324.3,0,3.37,0.029,0.919,4.318,25,101.325,1,501,2023-03-18T11:56:29.000000Z,2023-03-18T12:09:02.000000Z,753
2023-03-18,NA,625.955,3445.4500000000003,-536.075,2023-03-18T12:04:51.000000Z,0.35,0.9,200,03-18-2023 12:04:50.865,45003_FLM30_Water_146,2023-03-18T12:00:00.000000Z,300,324.3,0,3.37,0.029,0.919,4.318,25,101.325,1,502,2023-03-18T11:56:29.000000Z,2023-03-18T12:09:02.000000Z,753
2023-03-18,NA,626.574,3446.9599999999996,-323.939,2023-03-18T12:04:52.000000Z,0.35,0.9,200,03-18-2023 12:04:51.859,45003_FLM30_Water_146,2023-03-18T12:00:00.000000Z,300,324.3,0,3.37,0.029,0.919,4.318,25,101.325,1,503,2023-03-18T11:56:29.000000Z,2023-03-18T12:09:02.000000Z,753
2023-03-18,NA,624.43,3446.73,-358.221,2023-03-18T12:04:53.000000Z,0.35,0.9,200,03-18-2023 12:04:52.855,45003_FLM30_Water_146,2023-03-18T12:00:00.000000Z,300,324.3,0,3.37,0.029,0.919,4.318,25,101.325,1,504,2023-03-18T11:56:29.000000Z,2023-03-18T12:09:02.000000Z,753
2023-03-18,NA,625.461,3449.64,-560.585,2023-03-18T12:04:54.000000Z,0.35,0.9,200,03-18-2023 12:04:53.849,45003_FLM30_Water_146,2023-03-18T12:00:00.000000Z,300,324.3,0,3.37,0.029,0.919,4.318,25,101.325,1,505,2023-03-18T11:56:29.000000Z,2023-03-18T12:09:02.000000Z,753
2023-03-18,NA,625.797,3447.5699999999997,-410.107,2023-03-18T12:04:55.000000Z,0.35,0.9,200,03-18-2023 12:04:54.843,45003_FLM30_Water_146,2023-03-18T12:00:00.000000Z,300,324.3,0,3.37,0.029,0.919,4.318,25,101.325,1,506,2023-03-18T11:56:29.000000Z,2023-03-18T12:09:02.000000Z,753
2023-03-18,NA,626.893,3450.54,-267.716,2023-03-18T12:04:56.000000Z,0.35,0.9,200,03-18-2023 12:04:55.837,45003_FLM30_Water_146,2023-03-18T12:00:00.000000Z,300,324.3,0,3.37,0.029,0.919,4.318,25,101.325,1,507,2023-03-18T11:56:29.000000Z,2023-03-18T12:09:02.000000Z,753
2023-03-18,NA,624.568,3452.56,-327.395,2023-03-18T12:04:57.000000Z,0.35,0.9,200,03-18-2023 12:04:56.832,45003_FLM30_Water_146,2023-03-18T12:00:00.000000Z,300,324.3,0,3.37,0.029,0.919,4.318,25,101.325,1,508,2023-03-18T11:56:29.000000Z,2023-03-18T12:09:02.000000Z,753
2023-03-18,NA,625.374,3451.06,-434.7,2023-03-18T12:04:58.000000Z,0.35,0.9,200,03-18-2023 12:04:57.827,45003_FLM30_Water_146,2023-03-18T12:00:00.000000Z,300,324.3,0,3.37,0.029,0.919,4.318,25,101.325,1,509,2023-03-18T11:56:29.000000Z,2023-03-18T12:09:02.000000Z,753
2023-03-18,NA,626.341,3453.6600000000003,-497.596,2023-03-18T12:04:59.000000Z,0.35,0.9,200,03-18-2023 12:04:58.821,45003_FLM30_Water_146,2023-03-18T12:00:00.000000Z,300,324.3,0,3.37,0.029,0.919,4.318,25,101.325,1,510,2023-03-18T11:56:29.000000Z,2023-03-18T12:09:02.000000Z,753
2023-03-18,NA,624.94,3450.7400000000002,-381.938,2023-03-18T12:05:00.000000Z,0.35,0.9,200,03-18-2023 12:04:59.815,45003_FLM30_Water_146,2023-03-18T12:00:00.000000Z,300,324.3,0,3.37,0.029,0.919,4.318,25,101.325,1,511,2023-03-18T11:56:29.000000Z,2023-03-18T12:09:02.000000Z,753
2023-03-18,NA,628.151,3452.1000000000004,-241.252,2023-03-18T12:05:01.000000Z,0.35,0.9,200,03-18-2023 12:05:00.810,45003_FLM30_Water_146,2023-03-18T12:00:00.000000Z,300,324.3,0,3.37,0.029,0.919,4.318,25,101.325,1,512,2023-03-18T11:56:29.000000Z,2023-03-18T12:09:02.000000Z,753
2023-03-18,NA,626.75,3456.1000000000004,-465.768,2023-03-18T12:05:02.000000Z,0.35,0.9,200,03-18-2023 12:05:01.805,45003_FLM30_Water_146,2023-03-18T12:00:00.000000Z,300,324.3,0,3.37,0.029,0.919,4.318,25,101.325,1,513,2023-03-18T11:56:29.000000Z,2023-03-18T12:09:02.000000Z,753
2023-03-18,NA,627.274,3450.8999999999996,-287.255,2023-03-18T12:05:03.000000Z,0.35,0.9,200,03-18-2023 12:05:02.799,45003_FLM30_Water_146,2023-03-18T12:00:00.000000Z,300,324.3,0,3.37,0.029,0.919,4.318,25,101.325,1,514,2023-03-18T11:56:29.000000Z,2023-03-18T12:09:02.000000Z,753
2023-03-18,NA,626.585,3452.29,-404.632,2023-03-18T12:05:04.000000Z,0.35,0.9,200,03-18-2023 12:05:03.793,45003_FLM30_Water_146,2023-03-18T12:00:00.000000Z,300,324.3,0,3.37,0.029,0.919,4.318,25,101.325,1,515,2023-03-18T11:56:29.000000Z,2023-03-18T12:09:02.000000Z,753
2023-03-18,NA,627.911,3450.7599999999998,-458.011,2023-03-18T12:05:05.000000Z,0.35,0.9,200,03-18-2023 12:05:04.789,45003_FLM30_Water_146,2023-03-18T12:00:00.000000Z,300,324.3,0,3.37,0.029,0.919,4.318,25,101.325,1,516,2023-03-18T11:56:29.000000Z,2023-03-18T12:09:02.000000Z,753
2023-03-18,NA,626.867,3448.14,-413.493,2023-03-18T12:05:06.000000Z,0.35,0.9,200,03-18-2023 12:05:05.783,45003_FLM30_Water_146,2023-03-18T12:00:00.000000Z,300,324.3,0,3.37,0.029,0.919,4.318,25,101.325,1,517,2023-03-18T11:56:29.000000Z,2023-03-18T12:09:02.000000Z,753
2023-03-18,NA,625.52,3453.8,-439.281,2023-03-18T12:05:07.000000Z,0.35,0.9,200,03-18-2023 12:05:06.777,45003_FLM30_Water_146,2023-03-18T12:00:00.000000Z,300,324.3,0,3.37,0.029,0.919,4.318,25,101.325,1,518,2023-03-18T11:56:29.000000Z,2023-03-18T12:09:02.000000Z,753
2023-03-18,NA,625.607,3453.17,-383.601,2023-03-18T12:05:08.000000Z,0.35,0.9,200,03-18-2023 12:05:07.773,45003_FLM30_Water_146,2023-03-18T12:00:00.000000Z,300,324.3,0,3.37,0.029,0.919,4.318,25,101.325,1,519,2023-03-18T11:56:29.000000Z,2023-03-18T12:09:02.000000Z,753
2023-03-18,NA,628.56,3456.57,-290.668,2023-03-18T12:05:09.000000Z,0.35,0.9,200,03-18-2023 12:05:08.766,45003_FLM30_Water_146,2023-03-18T12:00:00.000000Z,300,324.3,0,3.37,0.029,0.919,4.318,25,101.325,1,520,2023-03-18T11:56:29.000000Z,2023-03-18T12:09:02.000000Z,753
2023-03-18,NA,626.06,3452.9700000000003,-567.016,2023-03-18T12:05:10.000000Z,0.35,0.9,200,03-18-2023 12:05:09.761,45003_FLM30_Water_146,2023-03-18T12:00:00.000000Z,300,324.3,0,3.37,0.029,0.919,4.318,25,101.325,1,521,2023-03-18T11:56:29.000000Z,2023-03-18T12:09:02.000000Z,753
2023-03-18,NA,625.425,3449.2400000000002,-475.162,2023-03-18T12:05:11.000000Z,0.35,0.9,200,03-18-2023 12:05:10.756,45003_FLM30_Water_146,2023-03-18T12:00:00.000000Z,300,324.3,0,3.37,0.029,0.919,4.318,25,101.325,1,522,2023-03-18T11:56:29.000000Z,2023-03-18T12:09:02.000000Z,753
2023-03-18,NA,628.116,3457.58,-418.461,2023-03-18T12:05:12.000000Z,0.35,0.9,200,03-18-2023 12:05:11.750,45003_FLM30_Water_146,2023-03-18T12:00:00.000000Z,300,324.3,0,3.37,0.029,0.919,4.318,25,101.325,1,523,2023-03-18T11:56:29.000000Z,2023-03-18T12:09:02.000000Z,753
2023-03-18,NA,626.826,3450.4100000000003,-370.856,2023-03-18T12:05:13.000000Z,0.35,0.9,200,03-18-2023 12:05:12.744,45003_FLM30_Water_146,2023-03-18T12:00:00.000000Z,300,324.3,0,3.37,0.029,0.919,4.318,25,101.325,1,524,2023-03-18T11:56:29.000000Z,2023-03-18T12:09:02.000000Z,753
2023-03-18,NA,627.155,3460.33,-306.442,2023-03-18T12:05:14.000000Z,0.35,0.9,200,03-18-2023 12:05:13.739,45003_FLM30_Water_146,2023-03-18T12:00:00.000000Z,300,324.3,0,3.37,0.029,0.919,4.318,25,101.325,1,525,2023-03-18T11:56:29.000000Z,2023-03-18T12:09:02.000000Z,753
2023-03-18,NA,626.75,3451.34,-469.738,2023-03-18T12:05:15.000000Z,0.35,0.9,200,03-18-2023 12:05:14.735,45003_FLM30_Water_146,2023-03-18T12:00:00.000000Z,300,324.3,0,3.37,0.029,0.919,4.318,25,101.325,1,526,2023-03-18T11:56:29.000000Z,2023-03-18T12:09:02.000000Z,753
2023-03-18,NA,625.687,3456.9700000000003,-384.159,2023-03-18T12:05:16.000000Z,0.35,0.9,200,03-18-2023 12:05:15.728,45003_FLM30_Water_146,2023-03-18T12:00:00.000000Z,300,324.3,0,3.37,0.029,0.919,4.318,25,101.325,1,527,2023-03-18T11:56:29.000000Z,2023-03-18T12:09:02.000000Z,753
2023-03-18,NA,625.838,3449.58,-567.949,2023-03-18T12:05:17.000000Z,0.35,0.9,200,03-18-2023 12:05:16.723,45003_FLM30_Water_146,2023-03-18T12:00:00.000000Z,300,324.3,0,3.37,0.029,0.919,4.318,25,101.325,1,528,2023-03-18T11:56:29.000000Z,2023-03-18T12:09:02.000000Z,753
2023-03-18,NA,626.298,3451.45,-334.824,2023-03-18T12:05:18.000000Z,0.35,0.9,200,03-18-2023 12:05:17.718,45003_FLM30_Water_146,2023-03-18T12:00:00.000000Z,300,324.3,0,3.37,0.029,0.919,4.318,25,101.325,1,529,2023-03-18T11:56:29.000000Z,2023-03-18T12:09:02.000000Z,753
2023-03-18,NA,627.541,3458.97,-596.119,2023-03-18T12:05:19.000000Z,0.35,0.9,200,03-18-2023 12:05:18.712,45003_FLM30_Water_146,2023-03-18T12:00:00.000000Z,300,324.3,0,3.37,0.029,0.919,4.318,25,101.325,1,530,2023-03-18T11:56:29.000000Z,2023-03-18T12:09:02.000000Z,753
2023-03-18,NA,626.147,3452.62,-367.446,2023-03-18T12:05:20.000000Z,0.35,0.9,200,03-18-2023 12:05:19.706,45003_FLM30_Water_146,2023-03-18T12:00:00.000000Z,300,324.3,0,3.37,0.029,0.919,4.318,25,101.325,1,531,2023-03-18T11:56:29.000000Z,2023-03-18T12:09:02.000000Z,753
2023-03-18,NA,626.89,3460.67,-307.076,2023-03-18T12:05:21.000000Z,0.35,0.9,200,03-18-2023 12:05:20.702,45003_FLM30_Water_146,2023-03-18T12:00:00.000000Z,300,324.3,0,3.37,0.029,0.919,4.318,25,101.325,1,532,2023-03-18T11:56:29.000000Z,2023-03-18T12:09:02.000000Z,753
2023-03-18,NA,626.501,3451.4300000000003,-345.028,2023-03-18T12:05:22.000000Z,0.35,0.9,200,03-18-2023 12:05:21.695,45003_FLM30_Water_146,2023-03-18T12:00:00.000000Z,300,324.3,0,3.37,0.029,0.919,4.318,25,101.325,1,533,2023-03-18T11:56:29.000000Z,2023-03-18T12:09:02.000000Z,753
2023-03-18,NA,626.991,3456.98,-430.742,2023-03-18T12:05:23.000000Z,0.35,0.9,200,03-18-2023 12:05:22.691,45003_FLM30_Water_146,2023-03-18T12:00:00.000000Z,300,324.3,0,3.37,0.029,0.919,4.318,25,101.325,1,534,2023-03-18T11:56:29.000000Z,2023-03-18T12:09:02.000000Z,753
2023-03-18,NA,628.217,3456.98,-524.171,2023-03-18T12:05:24.000000Z,0.35,0.9,200,03-18-2023 12:05:23.684,45003_FLM30_Water_146,2023-03-18T12:00:00.000000Z,300,324.3,0,3.37,0.029,0.919,4.318,25,101.325,1,535,2023-03-18T11:56:29.000000Z,2023-03-18T12:09:02.000000Z,753
2023-03-18,NA,628.137,3454.13,-522.203,2023-03-18T12:05:25.000000Z,0.35,0.9,200,03-18-2023 12:05:24.679,45003_FLM30_Water_146,2023-03-18T12:00:00.000000Z,300,324.3,0,3.37,0.029,0.919,4.318,25,101.325,1,536,2023-03-18T11:56:29.000000Z,2023-03-18T12:09:02.000000Z,753
2023-03-18,NA,629.379,3463.48,-318.535,2023-03-18T12:05:26.000000Z,0.35,0.9,200,03-18-2023 12:05:25.675,45003_FLM30_Water_146,2023-03-18T12:00:00.000000Z,300,324.3,0,3.37,0.029,0.919,4.318,25,101.325,1,537,2023-03-18T11:56:29.000000Z,2023-03-18T12:09:02.000000Z,753
2023-03-18,NA,626.29,3455.4700000000003,-362.04,2023-03-18T12:05:27.000000Z,0.35,0.9,200,03-18-2023 12:05:26.669,45003_FLM30_Water_146,2023-03-18T12:00:00.000000Z,300,324.3,0,3.37,0.029,0.919,4.318,25,101.325,1,538,2023-03-18T11:56:29.000000Z,2023-03-18T12:09:02.000000Z,753
2023-03-18,NA,626.417,3461.02,-527.811,2023-03-18T12:05:28.000000Z,0.35,0.9,200,03-18-2023 12:05:27.662,45003_FLM30_Water_146,2023-03-18T12:00:00.000000Z,300,324.3,0,3.37,0.029,0.919,4.318,25,101.325,1,539,2023-03-18T11:56:29.000000Z,2023-03-18T12:09:02.000000Z,753
2023-03-18,NA,626.547,3455.04,-232.601,2023-03-18T12:05:29.000000Z,0.35,0.9,200,03-18-2023 12:05:28.657,45003_FLM30_Water_146,2023-03-18T12:00:00.000000Z,300,324.3,0,3.37,0.029,0.919,4.318,25,101.325,1,540,2023-03-18T11:56:29.000000Z,2023-03-18T12:09:02.000000Z,753
2023-03-18,NA,628.82,3461.22,-263.093,2023-03-18T12:05:30.000000Z,0.35,0.9,200,03-18-2023 12:05:29.652,45003_FLM30_Water_146,2023-03-18T12:00:00.000000Z,300,324.3,0,3.37,0.029,0.919,4.318,25,101.325,1,541,2023-03-18T11:56:29.000000Z,2023-03-18T12:09:02.000000Z,753
2023-03-18,NA,629.67,3462.5699999999997,-231.203,2023-03-18T12:05:31.000000Z,0.35,0.9,200,03-18-2023 12:05:30.646,45003_FLM30_Water_146,2023-03-18T12:00:00.000000Z,300,324.3,0,3.37,0.029,0.919,4.318,25,101.325,1,542,2023-03-18T11:56:29.000000Z,2023-03-18T12:09:02.000000Z,753
2023-03-18,NA,626.304,3455.33,-314.373,2023-03-18T12:05:32.000000Z,0.35,0.9,200,03-18-2023 12:05:31.641,45003_FLM30_Water_146,2023-03-18T12:00:00.000000Z,300,324.3,0,3.37,0.029,0.919,4.318,25,101.325,1,543,2023-03-18T11:56:29.000000Z,2023-03-18T12:09:02.000000Z,753
2023-03-18,NA,625.136,3460.01,-421.765,2023-03-18T12:05:33.000000Z,0.35,0.9,200,03-18-2023 12:05:32.636,45003_FLM30_Water_146,2023-03-18T12:00:00.000000Z,300,324.3,0,3.37,0.029,0.919,4.318,25,101.325,1,544,2023-03-18T11:56:29.000000Z,2023-03-18T12:09:02.000000Z,753
2023-03-18,NA,628.217,3456.04,-551.498,2023-03-18T12:05:34.000000Z,0.35,0.9,200,03-18-2023 12:05:33.630,45003_FLM30_Water_146,2023-03-18T12:00:00.000000Z,300,324.3,0,3.37,0.029,0.919,4.318,25,101.325,1,545,2023-03-18T11:56:29.000000Z,2023-03-18T12:09:02.000000Z,753
2023-03-18,NA,627.259,3459.36,-423.012,2023-03-18T12:05:35.000000Z,0.35,0.9,200,03-18-2023 12:05:34.625,45003_FLM30_Water_146,2023-03-18T12:00:00.000000Z,300,324.3,0,3.37,0.029,0.919,4.318,25,101.325,1,546,2023-03-18T11:56:29.000000Z,2023-03-18T12:09:02.000000Z,753
2023-03-18,NA,626.996,3459.76,-395.074,2023-03-18T12:05:36.000000Z,0.35,0.9,200,03-18-2023 12:05:35.619,45003_FLM30_Water_146,2023-03-18T12:00:00.000000Z,300,324.3,0,3.37,0.029,0.919,4.318,25,101.325,1,547,2023-03-18T11:56:29.000000Z,2023-03-18T12:09:02.000000Z,753
2023-03-18,NA,628.821,3456.4,-476.661,2023-03-18T12:05:37.000000Z,0.35,0.9,200,03-18-2023 12:05:36.614,45003_FLM30_Water_146,2023-03-18T12:00:00.000000Z,300,324.3,0,3.37,0.029,0.919,4.318,25,101.325,1,548,2023-03-18T11:56:29.000000Z,2023-03-18T12:09:02.000000Z,753
2023-03-18,NA,626.853,3455.1,-458.612,2023-03-18T12:05:38.000000Z,0.35,0.9,200,03-18-2023 12:05:37.609,45003_FLM30_Water_146,2023-03-18T12:00:00.000000Z,300,324.3,0,3.37,0.029,0.919,4.318,25,101.325,1,549,2023-03-18T11:56:29.000000Z,2023-03-18T12:09:02.000000Z,753
2023-03-18,NA,627.19,3457.9,-366.881,2023-03-18T12:05:39.000000Z,0.35,0.9,200,03-18-2023 12:05:38.602,45003_FLM30_Water_146,2023-03-18T12:00:00.000000Z,300,324.3,0,3.37,0.029,0.919,4.318,25,101.325,1,550,2023-03-18T11:56:29.000000Z,2023-03-18T12:09:02.000000Z,753
2023-03-18,NA,628.365,3466.38,-407.63,2023-03-18T12:05:40.000000Z,0.35,0.9,200,03-18-2023 12:05:39.598,45003_FLM30_Water_146,2023-03-18T12:00:00.000000Z,300,324.3,0,3.37,0.029,0.919,4.318,25,101.325,1,551,2023-03-18T11:56:29.000000Z,2023-03-18T12:09:02.000000Z,753
2023-03-18,NA,626.952,3457.8,-432.417,2023-03-18T12:05:41.000000Z,0.35,0.9,200,03-18-2023 12:05:40.592,45003_FLM30_Water_146,2023-03-18T12:00:00.000000Z,300,324.3,0,3.37,0.029,0.919,4.318,25,101.325,1,552,2023-03-18T11:56:29.000000Z,2023-03-18T12:09:02.000000Z,753
2023-03-18,NA,625.774,3455.1,-501.314,2023-03-18T12:05:42.000000Z,0.35,0.9,200,03-18-2023 12:05:41.586,45003_FLM30_Water_146,2023-03-18T12:00:00.000000Z,300,324.3,0,3.37,0.029,0.919,4.318,25,101.325,1,553,2023-03-18T11:56:29.000000Z,2023-03-18T12:09:02.000000Z,753
2023-03-18,NA,629.587,3469.5299999999997,-363.132,2023-03-18T12:05:43.000000Z,0.35,0.9,200,03-18-2023 12:05:42.582,45003_FLM30_Water_146,2023-03-18T12:00:00.000000Z,300,324.3,0,3.37,0.029,0.919,4.318,25,101.325,1,554,2023-03-18T11:56:29.000000Z,2023-03-18T12:09:02.000000Z,753
2023-03-18,NA,627.673,3460.2,-376.386,2023-03-18T12:05:44.000000Z,0.35,0.9,200,03-18-2023 12:05:43.575,45003_FLM30_Water_146,2023-03-18T12:00:00.000000Z,300,324.3,0,3.37,0.029,0.919,4.318,25,101.325,1,555,2023-03-18T11:56:29.000000Z,2023-03-18T12:09:02.000000Z,753
2023-03-18,NA,626.587,3462.58,-582.757,2023-03-18T12:05:45.000000Z,0.35,0.9,200,03-18-2023 12:05:44.570,45003_FLM30_Water_146,2023-03-18T12:00:00.000000Z,300,324.3,0,3.37,0.029,0.919,4.318,25,101.325,1,556,2023-03-18T11:56:29.000000Z,2023-03-18T12:09:02.000000Z,753
2023-03-18,NA,626.694,3462.24,-415.518,2023-03-18T12:05:46.000000Z,0.35,0.9,200,03-18-2023 12:05:45.564,45003_FLM30_Water_146,2023-03-18T12:00:00.000000Z,300,324.3,0,3.37,0.029,0.919,4.318,25,101.325,1,557,2023-03-18T11:56:29.000000Z,2023-03-18T12:09:02.000000Z,753
2023-03-18,NA,627.913,3463.81,-419.963,2023-03-18T12:05:47.000000Z,0.35,0.9,200,03-18-2023 12:05:46.560,45003_FLM30_Water_146,2023-03-18T12:00:00.000000Z,300,324.3,0,3.37,0.029,0.919,4.318,25,101.325,1,558,2023-03-18T11:56:29.000000Z,2023-03-18T12:09:02.000000Z,753
2023-03-18,NA,626.612,3468.63,-71.7844,2023-03-18T12:05:48.000000Z,0.35,0.9,200,03-18-2023 12:05:47.554,45003_FLM30_Water_146,2023-03-18T12:00:00.000000Z,300,324.3,0,3.37,0.029,0.919,4.318,25,101.325,1,559,2023-03-18T11:56:29.000000Z,2023-03-18T12:09:02.000000Z,753
2023-03-18,NA,627.532,3460.47,-410.903,2023-03-18T12:05:49.000000Z,0.35,0.9,200,03-18-2023 12:05:48.548,45003_FLM30_Water_146,2023-03-18T12:00:00.000000Z,300,324.3,0,3.37,0.029,0.919,4.318,25,101.325,1,560,2023-03-18T11:56:29.000000Z,2023-03-18T12:09:02.000000Z,753
2023-03-18,NA,627.028,3465.78,-445.55,2023-03-18T12:05:50.000000Z,0.35,0.9,200,03-18-2023 12:05:49.544,45003_FLM30_Water_146,2023-03-18T12:00:00.000000Z,300,324.3,0,3.37,0.029,0.919,4.318,25,101.325,1,561,2023-03-18T11:56:29.000000Z,2023-03-18T12:09:02.000000Z,753
2023-03-18,NA,626.651,3461.1200000000003,-441.375,2023-03-18T12:05:51.000000Z,0.35,0.9,200,03-18-2023 12:05:50.537,45003_FLM30_Water_146,2023-03-18T12:00:00.000000Z,300,324.3,0,3.37,0.029,0.919,4.318,25,101.325,1,562,2023-03-18T11:56:29.000000Z,2023-03-18T12:09:02.000000Z,753
2023-03-18,NA,627.7,3469.5499999999997,-317.565,2023-03-18T12:05:52.000000Z,0.35,0.9,200,03-18-2023 12:05:51.539,45003_FLM30_Water_146,2023-03-18T12:00:00.000000Z,300,324.3,0,3.37,0.029,0.919,4.318,25,101.325,1,563,2023-03-18T11:56:29.000000Z,2023-03-18T12:09:02.000000Z,753
2023-03-18,NA,626.546,3468.88,-309.52,2023-03-18T12:05:53.000000Z,0.35,0.9,200,03-18-2023 12:05:52.533,45003_FLM30_Water_146,2023-03-18T12:00:00.000000Z,300,324.3,0,3.37,0.029,0.919,4.318,25,101.325,1,564,2023-03-18T11:56:29.000000Z,2023-03-18T12:09:02.000000Z,753
2023-03-18,NA,627.549,3461.15,-469.739,2023-03-18T12:05:54.000000Z,0.35,0.9,200,03-18-2023 12:05:53.527,45003_FLM30_Water_146,2023-03-18T12:00:00.000000Z,300,324.3,0,3.37,0.029,0.919,4.318,25,101.325,1,565,2023-03-18T11:56:29.000000Z,2023-03-18T12:09:02.000000Z,753
2023-03-18,NA,627.727,3466.77,-390.254,2023-03-18T12:05:55.000000Z,0.35,0.9,200,03-18-2023 12:05:54.523,45003_FLM30_Water_146,2023-03-18T12:00:00.000000Z,300,324.3,0,3.37,0.029,0.919,4.318,25,101.325,1,566,2023-03-18T11:56:29.000000Z,2023-03-18T12:09:02.000000Z,753
2023-03-18,NA,628.658,3465.6699999999996,-323.979,2023-03-18T12:05:56.000000Z,0.35,0.9,200,03-18-2023 12:05:55.518,45003_FLM30_Water_146,2023-03-18T12:00:00.000000Z,300,324.3,0,3.37,0.029,0.919,4.318,25,101.325,1,567,2023-03-18T11:56:29.000000Z,2023-03-18T12:09:02.000000Z,753
2023-03-18,NA,627.565,3472.88,-458.224,2023-03-18T12:05:57.000000Z,0.35,0.9,200,03-18-2023 12:05:56.511,45003_FLM30_Water_146,2023-03-18T12:00:00.000000Z,300,324.3,0,3.37,0.029,0.919,4.318,25,101.325,1,568,2023-03-18T11:56:29.000000Z,2023-03-18T12:09:02.000000Z,753
2023-03-18,NA,626.736,3478.98,-535.696,2023-03-18T12:05:58.000000Z,0.35,0.9,200,03-18-2023 12:05:57.506,45003_FLM30_Water_146,2023-03-18T12:00:00.000000Z,300,324.3,0,3.37,0.029,0.919,4.318,25,101.325,1,569,2023-03-18T11:56:29.000000Z,2023-03-18T12:09:02.000000Z,753
2023-03-18,NA,627.718,3465.87,-314.281,2023-03-18T12:05:59.000000Z,0.35,0.9,200,03-18-2023 12:05:58.501,45003_FLM30_Water_146,2023-03-18T12:00:00.000000Z,300,324.3,0,3.37,0.029,0.919,4.318,25,101.325,1,570,2023-03-18T11:56:29.000000Z,2023-03-18T12:09:02.000000Z,753
2023-03-18,NA,625.844,3474.13,-530.108,2023-03-18T12:05:59.000000Z,0.35,0.9,200,03-18-2023 12:05:59.496,45003_FLM30_Water_146,2023-03-18T12:00:00.000000Z,300,324.3,0,3.37,0.029,0.919,4.318,25,101.325,1,570,2023-03-18T11:56:29.000000Z,2023-03-18T12:09:02.000000Z,753
2023-03-18,NA,626.009,3468.2200000000003,-378.985,2023-03-18T12:06:00.000000Z,0.35,0.9,200,03-18-2023 12:06:00.489,45003_FLM30_Water_146,2023-03-18T12:00:00.000000Z,300,324.3,0,3.37,0.029,0.919,4.318,25,101.325,1,571,2023-03-18T11:56:29.000000Z,2023-03-18T12:09:02.000000Z,753
2023-03-18,NA,627.571,3473.23,-478.31,2023-03-18T12:06:01.000000Z,0.35,0.9,200,03-18-2023 12:06:01.484,45003_FLM30_Water_146,2023-03-18T12:00:00.000000Z,300,324.3,0,3.37,0.029,0.919,4.318,25,101.325,1,572,2023-03-18T11:56:29.000000Z,2023-03-18T12:09:02.000000Z,753
2023-03-18,NA,625.744,3470.89,-522.313,2023-03-18T12:06:02.000000Z,0.35,0.9,200,03-18-2023 12:06:02.479,45003_FLM30_Water_146,2023-03-18T12:00:00.000000Z,300,324.3,0,3.37,0.029,0.919,4.318,25,101.325,1,573,2023-03-18T11:56:29.000000Z,2023-03-18T12:09:02.000000Z,753
2023-03-18,NA,626.776,3474.18,-446.427,2023-03-18T12:06:03.000000Z,0.35,0.9,200,03-18-2023 12:06:03.473,45003_FLM30_Water_146,2023-03-18T12:00:00.000000Z,300,324.3,0,3.37,0.029,0.919,4.318,25,101.325,1,574,2023-03-18T11:56:29.000000Z,2023-03-18T12:09:02.000000Z,753
2023-03-18,NA,626.705,3473.14,-436.632,2023-03-18T12:06:04.000000Z,0.35,0.9,200,03-18-2023 12:06:04.468,45003_FLM30_Water_146,2023-03-18T12:00:00.000000Z,300,324.3,0,3.37,0.029,0.919,4.318,25,101.325,1,575,2023-03-18T11:56:29.000000Z,2023-03-18T12:09:02.000000Z,753
2023-03-18,NA,626.682,3472.03,-431.961,2023-03-18T12:06:05.000000Z,0.35,0.9,200,03-18-2023 12:06:05.462,45003_FLM30_Water_146,2023-03-18T12:00:00.000000Z,300,324.3,0,3.37,0.029,0.919,4.318,25,101.325,1,576,2023-03-18T11:56:29.000000Z,2023-03-18T12:09:02.000000Z,753
2023-03-18,NA,626.622,3474.98,-500.961,2023-03-18T12:06:06.000000Z,0.35,0.9,200,03-18-2023 12:06:06.458,45003_FLM30_Water_146,2023-03-18T12:00:00.000000Z,300,324.3,0,3.37,0.029,0.919,4.318,25,101.325,1,577,2023-03-18T11:56:29.000000Z,2023-03-18T12:09:02.000000Z,753
2023-03-18,NA,626.979,3475.46,-369.994,2023-03-18T12:06:07.000000Z,0.35,0.9,200,03-18-2023 12:06:07.451,45003_FLM30_Water_146,2023-03-18T12:00:00.000000Z,300,324.3,0,3.37,0.029,0.919,4.318,25,101.325,1,578,2023-03-18T11:56:29.000000Z,2023-03-18T12:09:02.000000Z,753
2023-03-18,NA,626.887,3469.91,-490.467,2023-03-18T12:06:08.000000Z,0.35,0.9,200,03-18-2023 12:06:08.447,45003_FLM30_Water_146,2023-03-18T12:00:00.000000Z,300,324.3,0,3.37,0.029,0.919,4.318,25,101.325,1,579,2023-03-18T11:56:29.000000Z,2023-03-18T12:09:02.000000Z,753
2023-03-18,NA,628.589,3472.99,-342.48,2023-03-18T12:06:09.000000Z,0.35,0.9,200,03-18-2023 12:06:09.441,45003_FLM30_Water_146,2023-03-18T12:00:00.000000Z,300,324.3,0,3.37,0.029,0.919,4.318,25,101.325,1,580,2023-03-18T11:56:29.000000Z,2023-03-18T12:09:02.000000Z,753
2023-03-18,NA,628.468,3473.65,-338.882,2023-03-18T12:06:10.000000Z,0.35,0.9,200,03-18-2023 12:06:10.436,45003_FLM30_Water_146,2023-03-18T12:00:00.000000Z,300,324.3,0,3.37,0.029,0.919,4.318,25,101.325,1,581,2023-03-18T11:56:29.000000Z,2023-03-18T12:09:02.000000Z,753
2023-03-18,NA,626.892,3475.42,-355.491,2023-03-18T12:06:11.000000Z,0.35,0.9,200,03-18-2023 12:06:11.431,45003_FLM30_Water_146,2023-03-18T12:00:00.000000Z,300,324.3,0,3.37,0.029,0.919,4.318,25,101.325,1,582,2023-03-18T11:56:29.000000Z,2023-03-18T12:09:02.000000Z,753
2023-03-18,NA,629.897,3474.0099999999998,-548.845,2023-03-18T12:06:12.000000Z,0.35,0.9,200,03-18-2023 12:06:12.425,45003_FLM30_Water_146,2023-03-18T12:00:00.000000Z,300,324.3,0,3.37,0.029,0.919,4.318,25,101.325,1,583,2023-03-18T11:56:29.000000Z,2023-03-18T12:09:02.000000Z,753
2023-03-18,NA,628.38,3480.79,-472.98,2023-03-18T12:06:13.000000Z,0.35,0.9,200,03-18-2023 12:06:13.418,45003_FLM30_Water_146,2023-03-18T12:00:00.000000Z,300,324.3,0,3.37,0.029,0.919,4.318,25,101.325,1,584,2023-03-18T11:56:29.000000Z,2023-03-18T12:09:02.000000Z,753
2023-03-18,NA,629.207,3475.38,-433.368,2023-03-18T12:06:14.000000Z,0.35,0.9,200,03-18-2023 12:06:14.413,45003_FLM30_Water_146,2023-03-18T12:00:00.000000Z,300,324.3,0,3.37,0.029,0.919,4.318,25,101.325,1,585,2023-03-18T11:56:29.000000Z,2023-03-18T12:09:02.000000Z,753
2023-03-18,NA,629.221,3477,-409.42,2023-03-18T12:06:15.000000Z,0.35,0.9,200,03-18-2023 12:06:15.408,45003_FLM30_Water_146,2023-03-18T12:00:00.000000Z,300,324.3,0,3.37,0.029,0.919,4.318,25,101.325,1,586,2023-03-18T11:56:29.000000Z,2023-03-18T12:09:02.000000Z,753
2023-03-18,NA,627.984,3472.81,-300.478,2023-03-18T12:06:16.000000Z,0.35,0.9,200,03-18-2023 12:06:16.402,45003_FLM30_Water_146,2023-03-18T12:00:00.000000Z,300,324.3,0,3.37,0.029,0.919,4.318,25,101.325,1,587,2023-03-18T11:56:29.000000Z,2023-03-18T12:09:02.000000Z,753
2023-03-18,NA,628.026,3474.69,-478.884,2023-03-18T12:06:17.000000Z,0.35,0.9,200,03-18-2023 12:06:17.397,45003_FLM30_Water_146,2023-03-18T12:00:00.000000Z,300,324.3,0,3.37,0.029,0.919,4.318,25,101.325,1,588,2023-03-18T11:56:29.000000Z,2023-03-18T12:09:02.000000Z,753
2023-03-18,NA,628.798,3478.86,-349.253,2023-03-18T12:06:18.000000Z,0.35,0.9,200,03-18-2023 12:06:18.391,45003_FLM30_Water_146,2023-03-18T12:00:00.000000Z,300,324.3,0,3.37,0.029,0.919,4.318,25,101.325,1,589,2023-03-18T11:56:29.000000Z,2023-03-18T12:09:02.000000Z,753
2023-03-18,NA,628.611,3475.91,-621.643,2023-03-18T12:06:19.000000Z,0.35,0.9,200,03-18-2023 12:06:19.385,45003_FLM30_Water_146,2023-03-18T12:00:00.000000Z,300,324.3,0,3.37,0.029,0.919,4.318,25,101.325,1,590,2023-03-18T11:56:29.000000Z,2023-03-18T12:09:02.000000Z,753
2023-03-18,NA,627.693,3481.75,-415.156,2023-03-18T12:06:20.000000Z,0.35,0.9,200,03-18-2023 12:06:20.381,45003_FLM30_Water_146,2023-03-18T12:00:00.000000Z,300,324.3,0,3.37,0.029,0.919,4.318,25,101.325,1,591,2023-03-18T11:56:29.000000Z,2023-03-18T12:09:02.000000Z,753
2023-03-18,NA,628.298,3479.07,-450.672,2023-03-18T12:06:21.000000Z,0.35,0.9,200,03-18-2023 12:06:21.375,45003_FLM30_Water_146,2023-03-18T12:00:00.000000Z,300,324.3,0,3.37,0.029,0.919,4.318,25,101.325,1,592,2023-03-18T11:56:29.000000Z,2023-03-18T12:09:02.000000Z,753
2023-03-18,NA,629.099,3478.41,-450.59,2023-03-18T12:06:22.000000Z,0.35,0.9,200,03-18-2023 12:06:22.370,45003_FLM30_Water_146,2023-03-18T12:00:00.000000Z,300,324.3,0,3.37,0.029,0.919,4.318,25,101.325,1,593,2023-03-18T11:56:29.000000Z,2023-03-18T12:09:02.000000Z,753
2023-03-18,NA,627.158,3479.6800000000003,-478.668,2023-03-18T12:06:23.000000Z,0.35,0.9,200,03-18-2023 12:06:23.364,45003_FLM30_Water_146,2023-03-18T12:00:00.000000Z,300,324.3,0,3.37,0.029,0.919,4.318,25,101.325,1,594,2023-03-18T11:56:29.000000Z,2023-03-18T12:09:02.000000Z,753
2023-03-18,NA,628.279,3483.02,-465.557,2023-03-18T12:06:24.000000Z,0.35,0.9,200,03-18-2023 12:06:24.359,45003_FLM30_Water_146,2023-03-18T12:00:00.000000Z,300,324.3,0,3.37,0.029,0.919,4.318,25,101.325,1,595,2023-03-18T11:56:29.000000Z,2023-03-18T12:09:02.000000Z,753
2023-03-18,NA,629.803,3479.75,-506.126,2023-03-18T12:06:25.000000Z,0.35,0.9,200,03-18-2023 12:06:25.353,45003_FLM30_Water_146,2023-03-18T12:00:00.000000Z,300,324.3,0,3.37,0.029,0.919,4.318,25,101.325,1,596,2023-03-18T11:56:29.000000Z,2023-03-18T12:09:02.000000Z,753
2023-03-18,NA,628.938,3477.1200000000003,-328.855,2023-03-18T12:06:26.000000Z,0.35,0.9,200,03-18-2023 12:06:26.348,45003_FLM30_Water_146,2023-03-18T12:00:00.000000Z,300,324.3,0,3.37,0.029,0.919,4.318,25,101.325,1,597,2023-03-18T11:56:29.000000Z,2023-03-18T12:09:02.000000Z,753
2023-03-18,NA,628.636,3486.4700000000003,-403.343,2023-03-18T12:06:27.000000Z,0.35,0.9,200,03-18-2023 12:06:27.342,45003_FLM30_Water_146,2023-03-18T12:00:00.000000Z,300,324.3,0,3.37,0.029,0.919,4.318,25,101.325,1,598,2023-03-18T11:56:29.000000Z,2023-03-18T12:09:02.000000Z,753
2023-03-18,NA,627.927,3481.27,-406.999,2023-03-18T12:06:28.000000Z,0.35,0.9,200,03-18-2023 12:06:28.336,45003_FLM30_Water_146,2023-03-18T12:00:00.000000Z,300,324.3,0,3.37,0.029,0.919,4.318,25,101.325,1,599,2023-03-18T11:56:29.000000Z,2023-03-18T12:09:02.000000Z,753
2023-03-18,NA,629.032,3479.67,-332.956,2023-03-18T12:06:29.000000Z,0.35,0.9,200,03-18-2023 12:06:29.331,45003_FLM30_Water_146,2023-03-18T12:00:00.000000Z,300,324.3,0,3.37,0.029,0.919,4.318,25,101.325,1,600,2023-03-18T11:56:29.000000Z,2023-03-18T12:09:02.000000Z,753
2023-03-18,NA,628.793,3485.9900000000002,-397.646,2023-03-18T12:06:30.000000Z,0.35,0.9,200,03-18-2023 12:06:30.326,45003_FLM30_Water_146,2023-03-18T12:00:00.000000Z,300,324.3,0,3.37,0.029,0.919,4.318,25,101.325,1,601,2023-03-18T11:56:29.000000Z,2023-03-18T12:09:02.000000Z,753
2023-03-18,NA,627.389,3475.11,-469.75,2023-03-18T12:06:31.000000Z,0.35,0.9,200,03-18-2023 12:06:31.321,45003_FLM30_Water_146,2023-03-18T12:00:00.000000Z,300,324.3,0,3.37,0.029,0.919,4.318,25,101.325,1,602,2023-03-18T11:56:29.000000Z,2023-03-18T12:09:02.000000Z,753
2023-03-18,NA,628.789,3483.02,-355.033,2023-03-18T12:06:32.000000Z,0.35,0.9,200,03-18-2023 12:06:32.316,45003_FLM30_Water_146,2023-03-18T12:00:00.000000Z,300,324.3,0,3.37,0.029,0.919,4.318,25,101.325,1,603,2023-03-18T11:56:29.000000Z,2023-03-18T12:09:02.000000Z,753
2023-03-18,NA,627.896,3484.52,-462.03,2023-03-18T12:06:33.000000Z,0.35,0.9,200,03-18-2023 12:06:33.310,45003_FLM30_Water_146,2023-03-18T12:00:00.000000Z,300,324.3,0,3.37,0.029,0.919,4.318,25,101.325,1,604,2023-03-18T11:56:29.000000Z,2023-03-18T12:09:02.000000Z,753
2023-03-18,NA,629.903,3483.4900000000002,-451.513,2023-03-18T12:06:34.000000Z,0.35,0.9,200,03-18-2023 12:06:34.304,45003_FLM30_Water_146,2023-03-18T12:00:00.000000Z,300,324.3,0,3.37,0.029,0.919,4.318,25,101.325,1,605,2023-03-18T11:56:29.000000Z,2023-03-18T12:09:02.000000Z,753
2023-03-18,NA,627.551,3482.6600000000003,-397.946,2023-03-18T12:06:35.000000Z,0.35,0.9,200,03-18-2023 12:06:35.298,45003_FLM30_Water_146,2023-03-18T12:00:00.000000Z,300,324.3,0,3.37,0.029,0.919,4.318,25,101.325,1,606,2023-03-18T11:56:29.000000Z,2023-03-18T12:09:02.000000Z,753
2023-03-18,NA,627.366,3486.0299999999997,-628.603,2023-03-18T12:06:36.000000Z,0.35,0.9,200,03-18-2023 12:06:36.293,45003_FLM30_Water_146,2023-03-18T12:00:00.000000Z,300,324.3,0,3.37,0.029,0.919,4.318,25,101.325,1,607,2023-03-18T11:56:29.000000Z,2023-03-18T12:09:02.000000Z,753
2023-03-18,NA,629.541,3487.4100000000003,-390.195,2023-03-18T12:06:37.000000Z,0.35,0.9,200,03-18-2023 12:06:37.288,45003_FLM30_Water_146,2023-03-18T12:00:00.000000Z,300,324.3,0,3.37,0.029,0.919,4.318,25,101.325,1,608,2023-03-18T11:56:29.000000Z,2023-03-18T12:09:02.000000Z,753
2023-03-18,NA,627.314,3478.8100000000004,-534.616,2023-03-18T12:06:38.000000Z,0.35,0.9,200,03-18-2023 12:06:38.282,45003_FLM30_Water_146,2023-03-18T12:00:00.000000Z,300,324.3,0,3.37,0.029,0.919,4.318,25,101.325,1,609,2023-03-18T11:56:29.000000Z,2023-03-18T12:09:02.000000Z,753
2023-03-18,NA,629.992,3477.73,-388.62,2023-03-18T12:06:39.000000Z,0.35,0.9,200,03-18-2023 12:06:39.276,45003_FLM30_Water_146,2023-03-18T12:00:00.000000Z,300,324.3,0,3.37,0.029,0.919,4.318,25,101.325,1,610,2023-03-18T11:56:29.000000Z,2023-03-18T12:09:02.000000Z,753
2023-03-18,NA,627.521,3481.95,-357.443,2023-03-18T12:06:40.000000Z,0.35,0.9,200,03-18-2023 12:06:40.272,45003_FLM30_Water_146,2023-03-18T12:00:00.000000Z,300,324.3,0,3.37,0.029,0.919,4.318,25,101.325,1,611,2023-03-18T11:56:29.000000Z,2023-03-18T12:09:02.000000Z,753
2023-03-18,NA,629.818,3489.06,-273.337,2023-03-18T12:06:41.000000Z,0.35,0.9,200,03-18-2023 12:06:41.266,45003_FLM30_Water_146,2023-03-18T12:00:00.000000Z,300,324.3,0,3.37,0.029,0.919,4.318,25,101.325,1,612,2023-03-18T11:56:29.000000Z,2023-03-18T12:09:02.000000Z,753
2023-03-18,NA,628.668,3483.48,-212.975,2023-03-18T12:06:42.000000Z,0.35,0.9,200,03-18-2023 12:06:42.261,45003_FLM30_Water_146,2023-03-18T12:00:00.000000Z,300,324.3,0,3.37,0.029,0.919,4.318,25,101.325,1,613,2023-03-18T11:56:29.000000Z,2023-03-18T12:09:02.000000Z,753
2023-03-18,NA,630.462,3484.1099999999997,-460.296,2023-03-18T12:06:43.000000Z,0.35,0.9,200,03-18-2023 12:06:43.254,45003_FLM30_Water_146,2023-03-18T12:00:00.000000Z,300,324.3,0,3.37,0.029,0.919,4.318,25,101.325,1,614,2023-03-18T11:56:29.000000Z,2023-03-18T12:09:02.000000Z,753
2023-03-18,NA,630.322,3480.08,-359.48,2023-03-18T12:06:44.000000Z,0.35,0.9,200,03-18-2023 12:06:44.249,45003_FLM30_Water_146,2023-03-18T12:00:00.000000Z,300,324.3,0,3.37,0.029,0.919,4.318,25,101.325,1,615,2023-03-18T11:56:29.000000Z,2023-03-18T12:09:02.000000Z,753
2023-03-18,NA,628.644,3487.4,-367.374,2023-03-18T12:06:45.000000Z,0.35,0.9,200,03-18-2023 12:06:45.245,45003_FLM30_Water_146,2023-03-18T12:00:00.000000Z,300,324.3,0,3.37,0.029,0.919,4.318,25,101.325,1,616,2023-03-18T11:56:29.000000Z,2023-03-18T12:09:02.000000Z,753
2023-03-18,NA,629.191,3486.68,-450.264,2023-03-18T12:06:46.000000Z,0.35,0.9,200,03-18-2023 12:06:46.238,45003_FLM30_Water_146,2023-03-18T12:00:00.000000Z,300,324.3,0,3.37,0.029,0.919,4.318,25,101.325,1,617,2023-03-18T11:56:29.000000Z,2023-03-18T12:09:02.000000Z,753
2023-03-18,NA,627.442,3482.37,-487.4,2023-03-18T12:06:47.000000Z,0.35,0.9,200,03-18-2023 12:06:47.233,45003_FLM30_Water_146,2023-03-18T12:00:00.000000Z,300,324.3,0,3.37,0.029,0.919,4.318,25,101.325,1,618,2023-03-18T11:56:29.000000Z,2023-03-18T12:09:02.000000Z,753
2023-03-18,NA,630.471,3491.69,-598.522,2023-03-18T12:06:48.000000Z,0.35,0.9,200,03-18-2023 12:06:48.227,45003_FLM30_Water_146,2023-03-18T12:00:00.000000Z,300,324.3,0,3.37,0.029,0.919,4.318,25,101.325,1,619,2023-03-18T11:56:29.000000Z,2023-03-18T12:09:02.000000Z,753
2023-03-18,NA,628.726,3486.7599999999998,-425.558,2023-03-18T12:06:49.000000Z,0.35,0.9,200,03-18-2023 12:06:49.222,45003_FLM30_Water_146,2023-03-18T12:00:00.000000Z,300,324.3,0,3.37,0.029,0.919,4.318,25,101.325,1,620,2023-03-18T11:56:29.000000Z,2023-03-18T12:09:02.000000Z,753
2023-03-18,NA,631.101,3492.09,-249.815,2023-03-18T12:06:50.000000Z,0.35,0.9,200,03-18-2023 12:06:50.216,45003_FLM30_Water_146,2023-03-18T12:00:00.000000Z,300,324.3,0,3.37,0.029,0.919,4.318,25,101.325,1,621,2023-03-18T11:56:29.000000Z,2023-03-18T12:09:02.000000Z,753
2023-03-18,NA,629.256,3485.79,-357.26,2023-03-18T12:06:51.000000Z,0.35,0.9,200,03-18-2023 12:06:51.212,45003_FLM30_Water_146,2023-03-18T12:00:00.000000Z,300,324.3,0,3.37,0.029,0.919,4.318,25,101.325,1,622,2023-03-18T11:56:29.000000Z,2023-03-18T12:09:02.000000Z,753
2023-03-18,NA,628.192,3486.26,-498.634,2023-03-18T12:06:52.000000Z,0.35,0.9,200,03-18-2023 12:06:52.205,45003_FLM30_Water_146,2023-03-18T12:00:00.000000Z,300,324.3,0,3.37,0.029,0.919,4.318,25,101.325,1,623,2023-03-18T11:56:29.000000Z,2023-03-18T12:09:02.000000Z,753
2023-03-18,NA,630.039,3486.0699999999997,-387.619,2023-03-18T12:06:53.000000Z,0.35,0.9,200,03-18-2023 12:06:53.200,45003_FLM30_Water_146,2023-03-18T12:00:00.000000Z,300,324.3,0,3.37,0.029,0.919,4.318,25,101.325,1,624,2023-03-18T11:56:29.000000Z,2023-03-18T12:09:02.000000Z,753
2023-03-18,NA,629.836,3489.48,-454.747,2023-03-18T12:06:54.000000Z,0.35,0.9,200,03-18-2023 12:06:54.195,45003_FLM30_Water_146,2023-03-18T12:00:00.000000Z,300,324.3,0,3.37,0.029,0.919,4.318,25,101.325,1,625,2023-03-18T11:56:29.000000Z,2023-03-18T12:09:02.000000Z,753
2023-03-18,NA,627.993,3486.58,-356.28,2023-03-18T12:06:55.000000Z,0.35,0.9,200,03-18-2023 12:06:55.189,45003_FLM30_Water_146,2023-03-18T12:00:00.000000Z,300,324.3,0,3.37,0.029,0.919,4.318,25,101.325,1,626,2023-03-18T11:56:29.000000Z,2023-03-18T12:09:02.000000Z,753
2023-03-18,NA,630.914,3489.33,-315.93,2023-03-18T12:06:56.000000Z,0.35,0.9,200,03-18-2023 12:06:56.183,45003_FLM30_Water_146,2023-03-18T12:00:00.000000Z,300,324.3,0,3.37,0.029,0.919,4.318,25,101.325,1,627,2023-03-18T11:56:29.000000Z,2023-03-18T12:09:02.000000Z,753
2023-03-18,NA,630.049,3489.48,-367.785,2023-03-18T12:06:57.000000Z,0.35,0.9,200,03-18-2023 12:06:57.178,45003_FLM30_Water_146,2023-03-18T12:00:00.000000Z,300,324.3,0,3.37,0.029,0.919,4.318,25,101.325,1,628,2023-03-18T11:56:29.000000Z,2023-03-18T12:09:02.000000Z,753
2023-03-18,NA,627.59,3489.2400000000002,-506.061,2023-03-18T12:06:58.000000Z,0.35,0.9,200,03-18-2023 12:06:58.174,45003_FLM30_Water_146,2023-03-18T12:00:00.000000Z,300,324.3,0,3.37,0.029,0.919,4.318,25,101.325,1,629,2023-03-18T11:56:29.000000Z,2023-03-18T12:09:02.000000Z,753
2023-03-18,NA,630.679,3481.97,-558.037,2023-03-18T12:06:59.000000Z,0.35,0.9,200,03-18-2023 12:06:59.168,45003_FLM30_Water_146,2023-03-18T12:00:00.000000Z,300,324.3,0,3.37,0.029,0.919,4.318,25,101.325,1,630,2023-03-18T11:56:29.000000Z,2023-03-18T12:09:02.000000Z,753
2023-03-18,NA,628.643,3487.81,-435.465,2023-03-18T12:07:00.000000Z,0.35,0.9,200,03-18-2023 12:07:00.162,45003_FLM30_Water_146,2023-03-18T12:00:00.000000Z,300,324.3,0,3.37,0.029,0.919,4.318,25,101.325,1,631,2023-03-18T11:56:29.000000Z,2023-03-18T12:09:02.000000Z,753
2023-03-18,NA,629.537,3494.38,-493.632,2023-03-18T12:07:01.000000Z,0.35,0.9,200,03-18-2023 12:07:01.156,45003_FLM30_Water_146,2023-03-18T12:00:00.000000Z,300,324.3,0,3.37,0.029,0.919,4.318,25,101.325,1,632,2023-03-18T11:56:29.000000Z,2023-03-18T12:09:02.000000Z,753
2023-03-18,NA,629.877,3484.78,-374.61,2023-03-18T12:07:02.000000Z,0.35,0.9,200,03-18-2023 12:07:02.151,45003_FLM30_Water_146,2023-03-18T12:00:00.000000Z,300,324.3,0,3.37,0.029,0.919,4.318,25,101.325,1,633,2023-03-18T11:56:29.000000Z,2023-03-18T12:09:02.000000Z,753
2023-03-18,NA,629.333,3487.5,-407.948,2023-03-18T12:07:03.000000Z,0.35,0.9,200,03-18-2023 12:07:03.146,45003_FLM30_Water_146,2023-03-18T12:00:00.000000Z,300,324.3,0,3.37,0.029,0.919,4.318,25,101.325,1,634,2023-03-18T11:56:29.000000Z,2023-03-18T12:09:02.000000Z,753
2023-03-18,NA,629.42,3489.4599999999996,-344.449,2023-03-18T12:07:04.000000Z,0.35,0.9,200,03-18-2023 12:07:04.140,45003_FLM30_Water_146,2023-03-18T12:00:00.000000Z,300,324.3,0,3.37,0.029,0.919,4.318,25,101.325,1,635,2023-03-18T11:56:29.000000Z,2023-03-18T12:09:02.000000Z,753
2023-03-18,NA,631.083,3486.68,-447.868,2023-03-18T12:07:05.000000Z,0.35,0.9,200,03-18-2023 12:07:05.134,45003_FLM30_Water_146,2023-03-18T12:00:00.000000Z,300,324.3,0,3.37,0.029,0.919,4.318,25,101.325,1,636,2023-03-18T11:56:29.000000Z,2023-03-18T12:09:02.000000Z,753
2023-03-18,NA,628.605,3492.72,-455.213,2023-03-18T12:07:06.000000Z,0.35,0.9,200,03-18-2023 12:07:06.130,45003_FLM30_Water_146,2023-03-18T12:00:00.000000Z,300,324.3,0,3.37,0.029,0.919,4.318,25,101.325,1,637,2023-03-18T11:56:29.000000Z,2023-03-18T12:09:02.000000Z,753
2023-03-18,NA,630.238,3496.6400000000003,-332.384,2023-03-18T12:07:07.000000Z,0.35,0.9,200,03-18-2023 12:07:07.123,45003_FLM30_Water_146,2023-03-18T12:00:00.000000Z,300,324.3,0,3.37,0.029,0.919,4.318,25,101.325,1,638,2023-03-18T11:56:29.000000Z,2023-03-18T12:09:02.000000Z,753
2023-03-18,NA,627.929,3496.3799999999997,-342.975,2023-03-18T12:07:08.000000Z,0.35,0.9,200,03-18-2023 12:07:08.118,45003_FLM30_Water_146,2023-03-18T12:00:00.000000Z,300,324.3,0,3.37,0.029,0.919,4.318,25,101.325,1,639,2023-03-18T11:56:29.000000Z,2023-03-18T12:09:02.000000Z,753
2023-03-18,NA,629.527,3496.8599999999997,-424.339,2023-03-18T12:07:09.000000Z,0.35,0.9,200,03-18-2023 12:07:09.114,45003_FLM30_Water_146,2023-03-18T12:00:00.000000Z,300,324.3,0,3.37,0.029,0.919,4.318,25,101.325,1,640,2023-03-18T11:56:29.000000Z,2023-03-18T12:09:02.000000Z,753
2023-03-18,NA,629.688,3496.02,-427.209,2023-03-18T12:07:10.000000Z,0.35,0.9,200,03-18-2023 12:07:10.107,45003_FLM30_Water_146,2023-03-18T12:00:00.000000Z,300,324.3,0,3.37,0.029,0.919,4.318,25,101.325,1,641,2023-03-18T11:56:29.000000Z,2023-03-18T12:09:02.000000Z,753
2023-03-18,NA,629.374,3495.1400000000003,-333.959,2023-03-18T12:07:11.000000Z,0.35,0.9,200,03-18-2023 12:07:11.103,45003_FLM30_Water_146,2023-03-18T12:00:00.000000Z,300,324.3,0,3.37,0.029,0.919,4.318,25,101.325,1,642,2023-03-18T11:56:29.000000Z,2023-03-18T12:09:02.000000Z,753
2023-03-18,NA,628.181,3494.58,-453.474,2023-03-18T12:07:12.000000Z,0.35,0.9,200,03-18-2023 12:07:12.097,45003_FLM30_Water_146,2023-03-18T12:00:00.000000Z,300,324.3,0,3.37,0.029,0.919,4.318,25,101.325,1,643,2023-03-18T11:56:29.000000Z,2023-03-18T12:09:02.000000Z,753
2023-03-18,NA,628.826,3498.53,-395.762,2023-03-18T12:07:13.000000Z,0.35,0.9,200,03-18-2023 12:07:13.091,45003_FLM30_Water_146,2023-03-18T12:00:00.000000Z,300,324.3,0,3.37,0.029,0.919,4.318,25,101.325,1,644,2023-03-18T11:56:29.000000Z,2023-03-18T12:09:02.000000Z,753
2023-03-18,NA,629.715,3495.97,-330.349,2023-03-18T12:07:14.000000Z,0.35,0.9,200,03-18-2023 12:07:14.086,45003_FLM30_Water_146,2023-03-18T12:00:00.000000Z,300,324.3,0,3.37,0.029,0.919,4.318,25,101.325,1,645,2023-03-18T11:56:29.000000Z,2023-03-18T12:09:02.000000Z,753
2023-03-18,NA,628.972,3496.72,-492.549,2023-03-18T12:07:15.000000Z,0.35,0.9,200,03-18-2023 12:07:15.081,45003_FLM30_Water_146,2023-03-18T12:00:00.000000Z,300,324.3,0,3.37,0.029,0.919,4.318,25,101.325,1,646,2023-03-18T11:56:29.000000Z,2023-03-18T12:09:02.000000Z,753
2023-03-18,NA,630.011,3498.2400000000002,-422.574,2023-03-18T12:07:16.000000Z,0.35,0.9,200,03-18-2023 12:07:16.074,45003_FLM30_Water_146,2023-03-18T12:00:00.000000Z,300,324.3,0,3.37,0.029,0.919,4.318,25,101.325,1,647,2023-03-18T11:56:29.000000Z,2023-03-18T12:09:02.000000Z,753
2023-03-18,NA,628.454,3494.86,-339.065,2023-03-18T12:07:17.000000Z,0.35,0.9,200,03-18-2023 12:07:17.069,45003_FLM30_Water_146,2023-03-18T12:00:00.000000Z,300,324.3,0,3.37,0.029,0.919,4.318,25,101.325,1,648,2023-03-18T11:56:29.000000Z,2023-03-18T12:09:02.000000Z,753
2023-03-18,NA,630.475,3500.27,-446.881,2023-03-18T12:07:18.000000Z,0.35,0.9,200,03-18-2023 12:07:18.064,45003_FLM30_Water_146,2023-03-18T12:00:00.000000Z,300,324.3,0,3.37,0.029,0.919,4.318,25,101.325,1,649,2023-03-18T11:56:29.000000Z,2023-03-18T12:09:02.000000Z,753
2023-03-18,NA,629.387,3491.69,-300.714,2023-03-18T12:07:19.000000Z,0.35,0.9,200,03-18-2023 12:07:19.058,45003_FLM30_Water_146,2023-03-18T12:00:00.000000Z,300,324.3,0,3.37,0.029,0.919,4.318,25,101.325,1,650,2023-03-18T11:56:29.000000Z,2023-03-18T12:09:02.000000Z,753
2023-03-18,NA,629.262,3499.92,-344.586,2023-03-18T12:07:20.000000Z,0.35,0.9,200,03-18-2023 12:07:20.053,45003_FLM30_Water_146,2023-03-18T12:00:00.000000Z,300,324.3,0,3.37,0.029,0.919,4.318,25,101.325,1,651,2023-03-18T11:56:29.000000Z,2023-03-18T12:09:02.000000Z,753
2023-03-18,NA,630.196,3493.47,-394.177,2023-03-18T12:07:21.000000Z,0.35,0.9,200,03-18-2023 12:07:21.048,45003_FLM30_Water_146,2023-03-18T12:00:00.000000Z,300,324.3,0,3.37,0.029,0.919,4.318,25,101.325,1,652,2023-03-18T11:56:29.000000Z,2023-03-18T12:09:02.000000Z,753
2023-03-18,NA,627.881,3502.44,-605.74,2023-03-18T12:07:22.000000Z,0.35,0.9,200,03-18-2023 12:07:22.042,45003_FLM30_Water_146,2023-03-18T12:00:00.000000Z,300,324.3,0,3.37,0.029,0.919,4.318,25,101.325,1,653,2023-03-18T11:56:29.000000Z,2023-03-18T12:09:02.000000Z,753
2023-03-18,NA,628.378,3497.97,-481.065,2023-03-18T12:07:23.000000Z,0.35,0.9,200,03-18-2023 12:07:23.037,45003_FLM30_Water_146,2023-03-18T12:00:00.000000Z,300,324.3,0,3.37,0.029,0.919,4.318,25,101.325,1,654,2023-03-18T11:56:29.000000Z,2023-03-18T12:09:02.000000Z,753
2023-03-18,NA,629.998,3500.89,-400.453,2023-03-18T12:07:24.000000Z,0.35,0.9,200,03-18-2023 12:07:24.032,45003_FLM30_Water_146,2023-03-18T12:00:00.000000Z,300,324.3,0,3.37,0.029,0.919,4.318,25,101.325,1,655,2023-03-18T11:56:29.000000Z,2023-03-18T12:09:02.000000Z,753
2023-03-18,NA,628.109,3493.56,-529.94,2023-03-18T12:07:25.000000Z,0.35,0.9,200,03-18-2023 12:07:25.026,45003_FLM30_Water_146,2023-03-18T12:00:00.000000Z,300,324.3,0,3.37,0.029,0.919,4.318,25,101.325,1,656,2023-03-18T11:56:29.000000Z,2023-03-18T12:09:02.000000Z,753
2023-03-18,NA,628.346,3500.88,-485.086,2023-03-18T12:07:26.000000Z,0.35,0.9,200,03-18-2023 12:07:26.020,45003_FLM30_Water_146,2023-03-18T12:00:00.000000Z,300,324.3,0,3.37,0.029,0.919,4.318,25,101.325,1,657,2023-03-18T11:56:29.000000Z,2023-03-18T12:09:02.000000Z,753
2023-03-18,NA,630.454,3497.09,-542.592,2023-03-18T12:07:27.000000Z,0.35,0.9,200,03-18-2023 12:07:27.014,45003_FLM30_Water_146,2023-03-18T12:00:00.000000Z,300,324.3,0,3.37,0.029,0.919,4.318,25,101.325,1,658,2023-03-18T11:56:29.000000Z,2023-03-18T12:09:02.000000Z,753
2023-03-18,NA,630.948,3498.31,-420.123,2023-03-18T12:07:28.000000Z,0.35,0.9,200,03-18-2023 12:07:28.010,45003_FLM30_Water_146,2023-03-18T12:00:00.000000Z,300,324.3,0,3.37,0.029,0.919,4.318,25,101.325,1,659,2023-03-18T11:56:29.000000Z,2023-03-18T12:09:02.000000Z,753
2023-03-18,NA,629.141,3500.3199999999997,-463.657,2023-03-18T12:07:29.000000Z,0.35,0.9,200,03-18-2023 12:07:29.004,45003_FLM30_Water_146,2023-03-18T12:00:00.000000Z,300,324.3,0,3.37,0.029,0.919,4.318,25,101.325,1,660,2023-03-18T11:56:29.000000Z,2023-03-18T12:09:02.000000Z,753
2023-03-18,NA,629.261,3501.1,-526.985,2023-03-18T12:07:30.000000Z,0.35,0.9,200,03-18-2023 12:07:29.998,45003_FLM30_Water_146,2023-03-18T12:00:00.000000Z,300,324.3,0,3.37,0.029,0.919,4.318,25,101.325,1,661,2023-03-18T11:56:29.000000Z,2023-03-18T12:09:02.000000Z,753
2023-03-18,NA,629.903,3500.87,-352.215,2023-03-18T12:07:31.000000Z,0.35,0.9,200,03-18-2023 12:07:30.993,45003_FLM30_Water_146,2023-03-18T12:00:00.000000Z,300,324.3,0,3.37,0.029,0.919,4.318,25,101.325,1,662,2023-03-18T11:56:29.000000Z,2023-03-18T12:09:02.000000Z,753
2023-03-18,NA,630.531,3504.09,-230.708,2023-03-18T12:07:32.000000Z,0.35,0.9,200,03-18-2023 12:07:31.988,45003_FLM30_Water_146,2023-03-18T12:00:00.000000Z,300,324.3,0,3.37,0.029,0.919,4.318,25,101.325,1,663,2023-03-18T11:56:29.000000Z,2023-03-18T12:09:02.000000Z,753
2023-03-18,NA,630.534,3504.9100000000003,-466.148,2023-03-18T12:07:33.000000Z,0.35,0.9,200,03-18-2023 12:07:32.982,45003_FLM30_Water_146,2023-03-18T12:00:00.000000Z,300,324.3,0,3.37,0.029,0.919,4.318,25,101.325,1,664,2023-03-18T11:56:29.000000Z,2023-03-18T12:09:02.000000Z,753
2023-03-18,NA,630.553,3501.36,-607.538,2023-03-18T12:07:34.000000Z,0.35,0.9,200,03-18-2023 12:07:33.976,45003_FLM30_Water_146,2023-03-18T12:00:00.000000Z,300,324.3,0,3.37,0.029,0.919,4.318,25,101.325,1,665,2023-03-18T11:56:29.000000Z,2023-03-18T12:09:02.000000Z,753
2023-03-18,NA,628.354,3501.22,-290.528,2023-03-18T12:07:35.000000Z,0.35,0.9,200,03-18-2023 12:07:34.972,45003_FLM30_Water_146,2023-03-18T12:00:00.000000Z,300,324.3,0,3.37,0.029,0.919,4.318,25,101.325,1,666,2023-03-18T11:56:29.000000Z,2023-03-18T12:09:02.000000Z,753
2023-03-18,NA,630.551,3502.3,-544.759,2023-03-18T12:07:36.000000Z,0.35,0.9,200,03-18-2023 12:07:35.965,45003_FLM30_Water_146,2023-03-18T12:00:00.000000Z,300,324.3,0,3.37,0.029,0.919,4.318,25,101.325,1,667,2023-03-18T11:56:29.000000Z,2023-03-18T12:09:02.000000Z,753
2023-03-18,NA,628.999,3499.42,-379.789,2023-03-18T12:07:37.000000Z,0.35,0.9,200,03-18-2023 12:07:36.960,45003_FLM30_Water_146,2023-03-18T12:00:00.000000Z,300,324.3,0,3.37,0.029,0.919,4.318,25,101.325,1,668,2023-03-18T11:56:29.000000Z,2023-03-18T12:09:02.000000Z,753
2023-03-18,NA,632.295,3507.76,-471.119,2023-03-18T12:07:38.000000Z,0.35,0.9,200,03-18-2023 12:07:37.954,45003_FLM30_Water_146,2023-03-18T12:00:00.000000Z,300,324.3,0,3.37,0.029,0.919,4.318,25,101.325,1,669,2023-03-18T11:56:29.000000Z,2023-03-18T12:09:02.000000Z,753
2023-03-18,NA,629.049,3503.52,-477.96,2023-03-18T12:07:39.000000Z,0.35,0.9,200,03-18-2023 12:07:38.949,45003_FLM30_Water_146,2023-03-18T12:00:00.000000Z,300,324.3,0,3.37,0.029,0.919,4.318,25,101.325,1,670,2023-03-18T11:56:29.000000Z,2023-03-18T12:09:02.000000Z,753
2023-03-18,NA,630.557,3505.3,-455.877,2023-03-18T12:07:40.000000Z,0.35,0.9,200,03-18-2023 12:07:39.943,45003_FLM30_Water_146,2023-03-18T12:00:00.000000Z,300,324.3,0,3.37,0.029,0.919,4.318,25,101.325,1,671,2023-03-18T11:56:29.000000Z,2023-03-18T12:09:02.000000Z,753
2023-03-18,NA,631.864,3502.64,-672.229,2023-03-18T12:07:41.000000Z,0.35,0.9,200,03-18-2023 12:07:40.938,45003_FLM30_Water_146,2023-03-18T12:00:00.000000Z,300,324.3,0,3.37,0.029,0.919,4.318,25,101.325,1,672,2023-03-18T11:56:29.000000Z,2023-03-18T12:09:02.000000Z,753
2023-03-18,NA,630.107,3504.2599999999998,-557.321,2023-03-18T12:07:42.000000Z,0.35,0.9,200,03-18-2023 12:07:41.933,45003_FLM30_Water_146,2023-03-18T12:00:00.000000Z,300,324.3,0,3.37,0.029,0.919,4.318,25,101.325,1,673,2023-03-18T11:56:29.000000Z,2023-03-18T12:09:02.000000Z,753
2023-03-18,NA,631.701,3508.04,-377.299,2023-03-18T12:07:43.000000Z,0.35,0.9,200,03-18-2023 12:07:42.927,45003_FLM30_Water_146,2023-03-18T12:00:00.000000Z,300,324.3,0,3.37,0.029,0.919,4.318,25,101.325,1,674,2023-03-18T11:56:29.000000Z,2023-03-18T12:09:02.000000Z,753
2023-03-18,NA,631.066,3516.52,-407.485,2023-03-18T12:07:44.000000Z,0.35,0.9,200,03-18-2023 12:07:43.922,45003_FLM30_Water_146,2023-03-18T12:00:00.000000Z,300,324.3,0,3.37,0.029,0.919,4.318,25,101.325,1,675,2023-03-18T11:56:29.000000Z,2023-03-18T12:09:02.000000Z,753
2023-03-18,NA,630.324,3510.92,-395.109,2023-03-18T12:07:45.000000Z,0.35,0.9,200,03-18-2023 12:07:44.917,45003_FLM30_Water_146,2023-03-18T12:00:00.000000Z,300,324.3,0,3.37,0.029,0.919,4.318,25,101.325,1,676,2023-03-18T11:56:29.000000Z,2023-03-18T12:09:02.000000Z,753
2023-03-18,NA,631.325,3510.49,-454.887,2023-03-18T12:07:46.000000Z,0.35,0.9,200,03-18-2023 12:07:45.912,45003_FLM30_Water_146,2023-03-18T12:00:00.000000Z,300,324.3,0,3.37,0.029,0.919,4.318,25,101.325,1,677,2023-03-18T11:56:29.000000Z,2023-03-18T12:09:02.000000Z,753
2023-03-18,NA,628.43,3504.39,-588.49,2023-03-18T12:07:47.000000Z,0.35,0.9,200,03-18-2023 12:07:46.905,45003_FLM30_Water_146,2023-03-18T12:00:00.000000Z,300,324.3,0,3.37,0.029,0.919,4.318,25,101.325,1,678,2023-03-18T11:56:29.000000Z,2023-03-18T12:09:02.000000Z,753
2023-03-18,NA,630.316,3504.5,-441.282,2023-03-18T12:07:48.000000Z,0.35,0.9,200,03-18-2023 12:07:47.901,45003_FLM30_Water_146,2023-03-18T12:00:00.000000Z,300,324.3,0,3.37,0.029,0.919,4.318,25,101.325,1,679,2023-03-18T11:56:29.000000Z,2023-03-18T12:09:02.000000Z,753
2023-03-18,NA,632.396,3504.61,-396.419,2023-03-18T12:07:49.000000Z,0.35,0.9,200,03-18-2023 12:07:48.895,45003_FLM30_Water_146,2023-03-18T12:00:00.000000Z,300,324.3,0,3.37,0.029,0.919,4.318,25,101.325,1,680,2023-03-18T11:56:29.000000Z,2023-03-18T12:09:02.000000Z,753
2023-03-18,NA,630.099,3512.9,-475.932,2023-03-18T12:07:50.000000Z,0.35,0.9,200,03-18-2023 12:07:49.890,45003_FLM30_Water_146,2023-03-18T12:00:00.000000Z,300,324.3,0,3.37,0.029,0.919,4.318,25,101.325,1,681,2023-03-18T11:56:29.000000Z,2023-03-18T12:09:02.000000Z,753
2023-03-18,NA,631.315,3510.15,-575.891,2023-03-18T12:07:51.000000Z,0.35,0.9,200,03-18-2023 12:07:50.883,45003_FLM30_Water_146,2023-03-18T12:00:00.000000Z,300,324.3,0,3.37,0.029,0.919,4.318,25,101.325,1,682,2023-03-18T11:56:29.000000Z,2023-03-18T12:09:02.000000Z,753
2023-03-18,NA,630.794,3503.45,-453.768,2023-03-18T12:07:52.000000Z,0.35,0.9,200,03-18-2023 12:07:51.878,45003_FLM30_Water_146,2023-03-18T12:00:00.000000Z,300,324.3,0,3.37,0.029,0.919,4.318,25,101.325,1,683,2023-03-18T11:56:29.000000Z,2023-03-18T12:09:02.000000Z,753
2023-03-18,NA,629.93,3505.23,-547.364,2023-03-18T12:07:53.000000Z,0.35,0.9,200,03-18-2023 12:07:52.873,45003_FLM30_Water_146,2023-03-18T12:00:00.000000Z,300,324.3,0,3.37,0.029,0.919,4.318,25,101.325,1,684,2023-03-18T11:56:29.000000Z,2023-03-18T12:09:02.000000Z,753
2023-03-18,NA,630.749,3510.4700000000003,-456.489,2023-03-18T12:07:54.000000Z,0.35,0.9,200,03-18-2023 12:07:53.867,45003_FLM30_Water_146,2023-03-18T12:00:00.000000Z,300,324.3,0,3.37,0.029,0.919,4.318,25,101.325,1,685,2023-03-18T11:56:29.000000Z,2023-03-18T12:09:02.000000Z,753
2023-03-18,NA,630.721,3510.1,-473.2,2023-03-18T12:07:55.000000Z,0.35,0.9,200,03-18-2023 12:07:54.861,45003_FLM30_Water_146,2023-03-18T12:00:00.000000Z,300,324.3,0,3.37,0.029,0.919,4.318,25,101.325,1,686,2023-03-18T11:56:29.000000Z,2023-03-18T12:09:02.000000Z,753
2023-03-18,NA,631.628,3509.58,-382.593,2023-03-18T12:07:56.000000Z,0.35,0.9,200,03-18-2023 12:07:55.857,45003_FLM30_Water_146,2023-03-18T12:00:00.000000Z,300,324.3,0,3.37,0.029,0.919,4.318,25,101.325,1,687,2023-03-18T11:56:29.000000Z,2023-03-18T12:09:02.000000Z,753
2023-03-18,NA,629.816,3510.3900000000003,-452.185,2023-03-18T12:07:57.000000Z,0.35,0.9,200,03-18-2023 12:07:56.851,45003_FLM30_Water_146,2023-03-18T12:00:00.000000Z,300,324.3,0,3.37,0.029,0.919,4.318,25,101.325,1,688,2023-03-18T11:56:29.000000Z,2023-03-18T12:09:02.000000Z,753
2023-03-18,NA,631.132,3517.3999999999996,-393.303,2023-03-18T12:07:58.000000Z,0.35,0.9,200,03-18-2023 12:07:57.845,45003_FLM30_Water_146,2023-03-18T12:00:00.000000Z,300,324.3,0,3.37,0.029,0.919,4.318,25,101.325,1,689,2023-03-18T11:56:29.000000Z,2023-03-18T12:09:02.000000Z,753
2023-03-18,NA,630.507,3509.51,-285.977,2023-03-18T12:07:59.000000Z,0.35,0.9,200,03-18-2023 12:07:58.840,45003_FLM30_Water_146,2023-03-18T12:00:00.000000Z,300,324.3,0,3.37,0.029,0.919,4.318,25,101.325,1,690,2023-03-18T11:56:29.000000Z,2023-03-18T12:09:02.000000Z,753
2023-03-18,NA,630.545,3515.7799999999997,-500.178,2023-03-18T12:08:00.000000Z,0.35,0.9,200,03-18-2023 12:07:59.836,45003_FLM30_Water_146,2023-03-18T12:00:00.000000Z,300,324.3,0,3.37,0.029,0.919,4.318,25,101.325,1,691,2023-03-18T11:56:29.000000Z,2023-03-18T12:09:02.000000Z,753
2023-03-18,NA,630.65,3511.8399999999997,-489.495,2023-03-18T12:08:01.000000Z,0.35,0.9,200,03-18-2023 12:08:00.829,45003_FLM30_Water_146,2023-03-18T12:00:00.000000Z,300,324.3,0,3.37,0.029,0.919,4.318,25,101.325,1,692,2023-03-18T11:56:29.000000Z,2023-03-18T12:09:02.000000Z,753
2023-03-18,NA,630.69,3512.61,-464.889,2023-03-18T12:08:02.000000Z,0.35,0.9,200,03-18-2023 12:08:01.823,45003_FLM30_Water_146,2023-03-18T12:00:00.000000Z,300,324.3,0,3.37,0.029,0.919,4.318,25,101.325,1,693,2023-03-18T11:56:29.000000Z,2023-03-18T12:09:02.000000Z,753
2023-03-18,NA,628.848,3508.3700000000003,-577.094,2023-03-18T12:08:03.000000Z,0.35,0.9,200,03-18-2023 12:08:02.819,45003_FLM30_Water_146,2023-03-18T12:00:00.000000Z,300,324.3,0,3.37,0.029,0.919,4.318,25,101.325,1,694,2023-03-18T11:56:29.000000Z,2023-03-18T12:09:02.000000Z,753
2023-03-18,NA,632.041,3515.45,-428.033,2023-03-18T12:08:04.000000Z,0.35,0.9,200,03-18-2023 12:08:03.813,45003_FLM30_Water_146,2023-03-18T12:00:00.000000Z,300,324.3,0,3.37,0.029,0.919,4.318,25,101.325,1,695,2023-03-18T11:56:29.000000Z,2023-03-18T12:09:02.000000Z,753
2023-03-18,NA,632.144,3511.81,-328.378,2023-03-18T12:08:05.000000Z,0.35,0.9,200,03-18-2023 12:08:04.807,45003_FLM30_Water_146,2023-03-18T12:00:00.000000Z,300,324.3,0,3.37,0.029,0.919,4.318,25,101.325,1,696,2023-03-18T11:56:29.000000Z,2023-03-18T12:09:02.000000Z,753
2023-03-18,NA,630.471,3512.3799999999997,-488.948,2023-03-18T12:08:06.000000Z,0.35,0.9,200,03-18-2023 12:08:05.803,45003_FLM30_Water_146,2023-03-18T12:00:00.000000Z,300,324.3,0,3.37,0.029,0.919,4.318,25,101.325,1,697,2023-03-18T11:56:29.000000Z,2023-03-18T12:09:02.000000Z,753
2023-03-18,NA,631.129,3510.03,-337.496,2023-03-18T12:08:07.000000Z,0.35,0.9,200,03-18-2023 12:08:06.797,45003_FLM30_Water_146,2023-03-18T12:00:00.000000Z,300,324.3,0,3.37,0.029,0.919,4.318,25,101.325,1,698,2023-03-18T11:56:29.000000Z,2023-03-18T12:09:02.000000Z,753
2023-03-18,NA,628.983,3510.7599999999998,-547.145,2023-03-18T12:08:08.000000Z,0.35,0.9,200,03-18-2023 12:08:07.791,45003_FLM30_Water_146,2023-03-18T12:00:00.000000Z,300,324.3,0,3.37,0.029,0.919,4.318,25,101.325,1,699,2023-03-18T11:56:29.000000Z,2023-03-18T12:09:02.000000Z,753
2023-03-18,NA,631.755,3512.83,-465.776,2023-03-18T12:08:09.000000Z,0.35,0.9,200,03-18-2023 12:08:08.785,45003_FLM30_Water_146,2023-03-18T12:00:00.000000Z,300,324.3,0,3.37,0.029,0.919,4.318,25,101.325,1,700,2023-03-18T11:56:29.000000Z,2023-03-18T12:09:02.000000Z,753
2023-03-18,NA,629.569,3515.72,-291.587,2023-03-18T12:08:10.000000Z,0.35,0.9,200,03-18-2023 12:08:09.781,45003_FLM30_Water_146,2023-03-18T12:00:00.000000Z,300,324.3,0,3.37,0.029,0.919,4.318,25,101.325,1,701,2023-03-18T11:56:29.000000Z,2023-03-18T12:09:02.000000Z,753
2023-03-18,NA,631.152,3515.52,-508.272,2023-03-18T12:08:11.000000Z,0.35,0.9,200,03-18-2023 12:08:10.774,45003_FLM30_Water_146,2023-03-18T12:00:00.000000Z,300,324.3,0,3.37,0.029,0.919,4.318,25,101.325,1,702,2023-03-18T11:56:29.000000Z,2023-03-18T12:09:02.000000Z,753
2023-03-18,NA,631.869,3519.82,-638.53,2023-03-18T12:08:12.000000Z,0.35,0.9,200,03-18-2023 12:08:11.769,45003_FLM30_Water_146,2023-03-18T12:00:00.000000Z,300,324.3,0,3.37,0.029,0.919,4.318,25,101.325,1,703,2023-03-18T11:56:29.000000Z,2023-03-18T12:09:02.000000Z,753
2023-03-18,NA,632.438,3514.7400000000002,-313.141,2023-03-18T12:08:13.000000Z,0.35,0.9,200,03-18-2023 12:08:12.765,45003_FLM30_Water_146,2023-03-18T12:00:00.000000Z,300,324.3,0,3.37,0.029,0.919,4.318,25,101.325,1,704,2023-03-18T11:56:29.000000Z,2023-03-18T12:09:02.000000Z,753
2023-03-18,NA,633.25,3517.93,-500.375,2023-03-18T12:08:14.000000Z,0.35,0.9,200,03-18-2023 12:08:13.758,45003_FLM30_Water_146,2023-03-18T12:00:00.000000Z,300,324.3,0,3.37,0.029,0.919,4.318,25,101.325,1,705,2023-03-18T11:56:29.000000Z,2023-03-18T12:09:02.000000Z,753
2023-03-18,NA,632.061,3517.78,-513.596,2023-03-18T12:08:15.000000Z,0.35,0.9,200,03-18-2023 12:08:14.752,45003_FLM30_Water_146,2023-03-18T12:00:00.000000Z,300,324.3,0,3.37,0.029,0.919,4.318,25,101.325,1,706,2023-03-18T11:56:29.000000Z,2023-03-18T12:09:02.000000Z,753
2023-03-18,NA,631.617,3522.62,-524.954,2023-03-18T12:08:16.000000Z,0.35,0.9,200,03-18-2023 12:08:15.747,45003_FLM30_Water_146,2023-03-18T12:00:00.000000Z,300,324.3,0,3.37,0.029,0.919,4.318,25,101.325,1,707,2023-03-18T11:56:29.000000Z,2023-03-18T12:09:02.000000Z,753
2023-03-18,NA,632.409,3517.87,-369.483,2023-03-18T12:08:17.000000Z,0.35,0.9,200,03-18-2023 12:08:16.742,45003_FLM30_Water_146,2023-03-18T12:00:00.000000Z,300,324.3,0,3.37,0.029,0.919,4.318,25,101.325,1,708,2023-03-18T11:56:29.000000Z,2023-03-18T12:09:02.000000Z,753
2023-03-18,NA,631.315,3518.38,-334.405,2023-03-18T12:08:18.000000Z,0.35,0.9,200,03-18-2023 12:08:17.737,45003_FLM30_Water_146,2023-03-18T12:00:00.000000Z,300,324.3,0,3.37,0.029,0.919,4.318,25,101.325,1,709,2023-03-18T11:56:29.000000Z,2023-03-18T12:09:02.000000Z,753
2023-03-18,NA,631.134,3516.39,-376.606,2023-03-18T12:08:19.000000Z,0.35,0.9,200,03-18-2023 12:08:18.731,45003_FLM30_Water_146,2023-03-18T12:00:00.000000Z,300,324.3,0,3.37,0.029,0.919,4.318,25,101.325,1,710,2023-03-18T11:56:29.000000Z,2023-03-18T12:09:02.000000Z,753
2023-03-18,NA,630.842,3521.95,-541.384,2023-03-18T12:08:20.000000Z,0.35,0.9,200,03-18-2023 12:08:19.726,45003_FLM30_Water_146,2023-03-18T12:00:00.000000Z,300,324.3,0,3.37,0.029,0.919,4.318,25,101.325,1,711,2023-03-18T11:56:29.000000Z,2023-03-18T12:09:02.000000Z,753
2023-03-18,NA,631.081,3522.7400000000002,-371.768,2023-03-18T12:08:21.000000Z,0.35,0.9,200,03-18-2023 12:08:20.721,45003_FLM30_Water_146,2023-03-18T12:00:00.000000Z,300,324.3,0,3.37,0.029,0.919,4.318,25,101.325,1,712,2023-03-18T11:56:29.000000Z,2023-03-18T12:09:02.000000Z,753
2023-03-18,NA,630.083,3519.07,-443.432,2023-03-18T12:08:22.000000Z,0.35,0.9,200,03-18-2023 12:08:21.714,45003_FLM30_Water_146,2023-03-18T12:00:00.000000Z,300,324.3,0,3.37,0.029,0.919,4.318,25,101.325,1,713,2023-03-18T11:56:29.000000Z,2023-03-18T12:09:02.000000Z,753
2023-03-18,NA,631.917,3522.58,-342.303,2023-03-18T12:08:23.000000Z,0.35,0.9,200,03-18-2023 12:08:22.710,45003_FLM30_Water_146,2023-03-18T12:00:00.000000Z,300,324.3,0,3.37,0.029,0.919,4.318,25,101.325,1,714,2023-03-18T11:56:29.000000Z,2023-03-18T12:09:02.000000Z,753
2023-03-18,NA,632.097,3516.4,-562.728,2023-03-18T12:08:24.000000Z,0.35,0.9,200,03-18-2023 12:08:23.705,45003_FLM30_Water_146,2023-03-18T12:00:00.000000Z,300,324.3,0,3.37,0.029,0.919,4.318,25,101.325,1,715,2023-03-18T11:56:29.000000Z,2023-03-18T12:09:02.000000Z,753
2023-03-18,NA,632.614,3519.18,-578.129,2023-03-18T12:08:25.000000Z,0.35,0.9,200,03-18-2023 12:08:24.699,45003_FLM30_Water_146,2023-03-18T12:00:00.000000Z,300,324.3,0,3.37,0.029,0.919,4.318,25,101.325,1,716,2023-03-18T11:56:29.000000Z,2023-03-18T12:09:02.000000Z,753
2023-03-18,NA,631.864,3515.9500000000003,-519.033,2023-03-18T12:08:26.000000Z,0.35,0.9,200,03-18-2023 12:08:25.693,45003_FLM30_Water_146,2023-03-18T12:00:00.000000Z,300,324.3,0,3.37,0.029,0.919,4.318,25,101.325,1,717,2023-03-18T11:56:29.000000Z,2023-03-18T12:09:02.000000Z,753
2023-03-18,NA,632.441,3519.53,-498.444,2023-03-18T12:08:27.000000Z,0.35,0.9,200,03-18-2023 12:08:26.688,45003_FLM30_Water_146,2023-03-18T12:00:00.000000Z,300,324.3,0,3.37,0.029,0.919,4.318,25,101.325,1,718,2023-03-18T11:56:29.000000Z,2023-03-18T12:09:02.000000Z,753
2023-03-18,NA,630.612,3521.63,-431.29,2023-03-18T12:08:28.000000Z,0.35,0.9,200,03-18-2023 12:08:27.683,45003_FLM30_Water_146,2023-03-18T12:00:00.000000Z,300,324.3,0,3.37,0.029,0.919,4.318,25,101.325,1,719,2023-03-18T11:56:29.000000Z,2023-03-18T12:09:02.000000Z,753
2023-03-18,NA,632.514,3522.17,-496.624,2023-03-18T12:08:29.000000Z,0.35,0.9,200,03-18-2023 12:08:28.677,45003_FLM30_Water_146,2023-03-18T12:00:00.000000Z,300,324.3,0,3.37,0.029,0.919,4.318,25,101.325,1,720,2023-03-18T11:56:29.000000Z,2023-03-18T12:09:02.000000Z,753
2023-03-18,NA,631.859,3520.06,-443.032,2023-03-18T12:08:30.000000Z,0.35,0.9,200,03-18-2023 12:08:29.670,45003_FLM30_Water_146,2023-03-18T12:00:00.000000Z,300,324.3,0,3.37,0.029,0.919,4.318,25,101.325,1,721,2023-03-18T11:56:29.000000Z,2023-03-18T12:09:02.000000Z,753
2023-03-18,NA,633.954,3525.44,-488.613,2023-03-18T12:08:31.000000Z,0.35,0.9,200,03-18-2023 12:08:30.666,45003_FLM30_Water_146,2023-03-18T12:00:00.000000Z,300,324.3,0,3.37,0.029,0.919,4.318,25,101.325,1,722,2023-03-18T11:56:29.000000Z,2023-03-18T12:09:02.000000Z,753
2023-03-18,NA,632.171,3519.64,-316.548,2023-03-18T12:08:32.000000Z,0.35,0.9,200,03-18-2023 12:08:31.660,45003_FLM30_Water_146,2023-03-18T12:00:00.000000Z,300,324.3,0,3.37,0.029,0.919,4.318,25,101.325,1,723,2023-03-18T11:56:29.000000Z,2023-03-18T12:09:02.000000Z,753
2023-03-18,NA,633.286,3522.36,-346.669,2023-03-18T12:08:33.000000Z,0.35,0.9,200,03-18-2023 12:08:32.654,45003_FLM30_Water_146,2023-03-18T12:00:00.000000Z,300,324.3,0,3.37,0.029,0.919,4.318,25,101.325,1,724,2023-03-18T11:56:29.000000Z,2023-03-18T12:09:02.000000Z,753
2023-03-18,NA,633.972,3521,-491.222,2023-03-18T12:08:34.000000Z,0.35,0.9,200,03-18-2023 12:08:33.649,45003_FLM30_Water_146,2023-03-18T12:00:00.000000Z,300,324.3,0,3.37,0.029,0.919,4.318,25,101.325,1,725,2023-03-18T11:56:29.000000Z,2023-03-18T12:09:02.000000Z,753
2023-03-18,NA,631.662,3521.2599999999998,-549.667,2023-03-18T12:08:35.000000Z,0.35,0.9,200,03-18-2023 12:08:34.645,45003_FLM30_Water_146,2023-03-18T12:00:00.000000Z,300,324.3,0,3.37,0.029,0.919,4.318,25,101.325,1,726,2023-03-18T11:56:29.000000Z,2023-03-18T12:09:02.000000Z,753
2023-03-18,NA,633.986,3527.01,-341.141,2023-03-18T12:08:36.000000Z,0.35,0.9,200,03-18-2023 12:08:35.638,45003_FLM30_Water_146,2023-03-18T12:00:00.000000Z,300,324.3,0,3.37,0.029,0.919,4.318,25,101.325,1,727,2023-03-18T11:56:29.000000Z,2023-03-18T12:09:02.000000Z,753
2023-03-18,NA,634.458,3522.96,-401.603,2023-03-18T12:08:37.000000Z,0.35,0.9,200,03-18-2023 12:08:36.632,45003_FLM30_Water_146,2023-03-18T12:00:00.000000Z,300,324.3,0,3.37,0.029,0.919,4.318,25,101.325,1,728,2023-03-18T11:56:29.000000Z,2023-03-18T12:09:02.000000Z,753
2023-03-18,NA,631.844,3517.02,-502.738,2023-03-18T12:08:38.000000Z,0.35,0.9,200,03-18-2023 12:08:37.628,45003_FLM30_Water_146,2023-03-18T12:00:00.000000Z,300,324.3,0,3.37,0.029,0.919,4.318,25,101.325,1,729,2023-03-18T11:56:29.000000Z,2023-03-18T12:09:02.000000Z,753
2023-03-18,NA,633.229,3522.94,-364.791,2023-03-18T12:08:39.000000Z,0.35,0.9,200,03-18-2023 12:08:38.621,45003_FLM30_Water_146,2023-03-18T12:00:00.000000Z,300,324.3,0,3.37,0.029,0.919,4.318,25,101.325,1,730,2023-03-18T11:56:29.000000Z,2023-03-18T12:09:02.000000Z,753
2023-03-18,NA,630.991,3519.75,-523.916,2023-03-18T12:08:40.000000Z,0.35,0.9,200,03-18-2023 12:08:39.616,45003_FLM30_Water_146,2023-03-18T12:00:00.000000Z,300,324.3,0,3.37,0.029,0.919,4.318,25,101.325,1,731,2023-03-18T11:56:29.000000Z,2023-03-18T12:09:02.000000Z,753
2023-03-18,NA,632.731,3523.87,-384.306,2023-03-18T12:08:41.000000Z,0.35,0.9,200,03-18-2023 12:08:40.611,45003_FLM30_Water_146,2023-03-18T12:00:00.000000Z,300,324.3,0,3.37,0.029,0.919,4.318,25,101.325,1,732,2023-03-18T11:56:29.000000Z,2023-03-18T12:09:02.000000Z,753
2023-03-18,NA,632.538,3525.0099999999998,-546.322,2023-03-18T12:08:42.000000Z,0.35,0.9,200,03-18-2023 12:08:41.605,45003_FLM30_Water_146,2023-03-18T12:00:00.000000Z,300,324.3,0,3.37,0.029,0.919,4.318,25,101.325,1,733,2023-03-18T11:56:29.000000Z,2023-03-18T12:09:02.000000Z,753
2023-03-18,NA,631.351,3525.39,-396.657,2023-03-18T12:08:43.000000Z,0.35,0.9,200,03-18-2023 12:08:42.606,45003_FLM30_Water_146,2023-03-18T12:00:00.000000Z,300,324.3,0,3.37,0.029,0.919,4.318,25,101.325,1,734,2023-03-18T11:56:29.000000Z,2023-03-18T12:09:02.000000Z,753
2023-03-18,NA,632.823,3527.96,-409.215,2023-03-18T12:08:44.000000Z,0.35,0.9,200,03-18-2023 12:08:43.601,45003_FLM30_Water_146,2023-03-18T12:00:00.000000Z,300,324.3,0,3.37,0.029,0.919,4.318,25,101.325,1,735,2023-03-18T11:56:29.000000Z,2023-03-18T12:09:02.000000Z,753
2023-03-18,NA,630.926,3519.6299999999997,-335.27,2023-03-18T12:08:45.000000Z,0.35,0.9,200,03-18-2023 12:08:44.595,45003_FLM30_Water_146,2023-03-18T12:00:00.000000Z,300,324.3,0,3.37,0.029,0.919,4.318,25,101.325,1,736,2023-03-18T11:56:29.000000Z,2023-03-18T12:09:02.000000Z,753
2023-03-18,NA,633.483,3529.76,-353.579,2023-03-18T12:08:46.000000Z,0.35,0.9,200,03-18-2023 12:08:45.591,45003_FLM30_Water_146,2023-03-18T12:00:00.000000Z,300,324.3,0,3.37,0.029,0.919,4.318,25,101.325,1,737,2023-03-18T11:56:29.000000Z,2023-03-18T12:09:02.000000Z,753
2023-03-18,NA,631.878,3522.59,-440.134,2023-03-18T12:08:47.000000Z,0.35,0.9,200,03-18-2023 12:08:46.585,45003_FLM30_Water_146,2023-03-18T12:00:00.000000Z,300,324.3,0,3.37,0.029,0.919,4.318,25,101.325,1,738,2023-03-18T11:56:29.000000Z,2023-03-18T12:09:02.000000Z,753
2023-03-18,NA,631.705,3532.0499999999997,-499.213,2023-03-18T12:08:48.000000Z,0.35,0.9,200,03-18-2023 12:08:47.579,45003_FLM30_Water_146,2023-03-18T12:00:00.000000Z,300,324.3,0,3.37,0.029,0.919,4.318,25,101.325,1,739,2023-03-18T11:56:29.000000Z,2023-03-18T12:09:02.000000Z,753
2023-03-18,NA,631.729,3525.39,-579.358,2023-03-18T12:08:49.000000Z,0.35,0.9,200,03-18-2023 12:08:48.575,45003_FLM30_Water_146,2023-03-18T12:00:00.000000Z,300,324.3,0,3.37,0.029,0.919,4.318,25,101.325,1,740,2023-03-18T11:56:29.000000Z,2023-03-18T12:09:02.000000Z,753
2023-03-18,NA,634.045,3530.9900000000002,-495.671,2023-03-18T12:08:50.000000Z,0.35,0.9,200,03-18-2023 12:08:49.569,45003_FLM30_Water_146,2023-03-18T12:00:00.000000Z,300,324.3,0,3.37,0.029,0.919,4.318,25,101.325,1,741,2023-03-18T11:56:29.000000Z,2023-03-18T12:09:02.000000Z,753
2023-03-18,NA,632.527,3525.7900000000004,-368.502,2023-03-18T12:08:51.000000Z,0.35,0.9,200,03-18-2023 12:08:50.562,45003_FLM30_Water_146,2023-03-18T12:00:00.000000Z,300,324.3,0,3.37,0.029,0.919,4.318,25,101.325,1,742,2023-03-18T11:56:29.000000Z,2023-03-18T12:09:02.000000Z,753
2023-03-18,NA,630.677,3531.25,-540.142,2023-03-18T12:08:52.000000Z,0.35,0.9,200,03-18-2023 12:08:51.557,45003_FLM30_Water_146,2023-03-18T12:00:00.000000Z,300,324.3,0,3.37,0.029,0.919,4.318,25,101.325,1,743,2023-03-18T11:56:29.000000Z,2023-03-18T12:09:02.000000Z,753
2023-03-18,NA,631.594,3527.5699999999997,-470.053,2023-03-18T12:08:53.000000Z,0.35,0.9,200,03-18-2023 12:08:52.552,45003_FLM30_Water_146,2023-03-18T12:00:00.000000Z,300,324.3,0,3.37,0.029,0.919,4.318,25,101.325,1,744,2023-03-18T11:56:29.000000Z,2023-03-18T12:09:02.000000Z,753
2023-03-18,NA,633.653,3523.6800000000003,-367.303,2023-03-18T12:08:54.000000Z,0.35,0.9,200,03-18-2023 12:08:53.547,45003_FLM30_Water_146,2023-03-18T12:00:00.000000Z,300,324.3,0,3.37,0.029,0.919,4.318,25,101.325,1,745,2023-03-18T11:56:29.000000Z,2023-03-18T12:09:02.000000Z,753
2023-03-18,NA,633.415,3530.96,-617.188,2023-03-18T12:08:55.000000Z,0.35,0.9,200,03-18-2023 12:08:54.541,45003_FLM30_Water_146,2023-03-18T12:00:00.000000Z,300,324.3,0,3.37,0.029,0.919,4.318,25,101.325,1,746,2023-03-18T11:56:29.000000Z,2023-03-18T12:09:02.000000Z,753
2023-03-18,NA,632.726,3530.09,-391.982,2023-03-18T12:08:56.000000Z,0.35,0.9,200,03-18-2023 12:08:55.536,45003_FLM30_Water_146,2023-03-18T12:00:00.000000Z,300,324.3,0,3.37,0.029,0.919,4.318,25,101.325,1,747,2023-03-18T11:56:29.000000Z,2023-03-18T12:09:02.000000Z,753
2023-03-18,NA,633.528,3521.23,-441.673,2023-03-18T12:08:57.000000Z,0.35,0.9,200,03-18-2023 12:08:56.530,45003_FLM30_Water_146,2023-03-18T12:00:00.000000Z,300,324.3,0,3.37,0.029,0.919,4.318,25,101.325,1,748,2023-03-18T11:56:29.000000Z,2023-03-18T12:09:02.000000Z,753
2023-03-18,NA,632.985,3533.44,-393.494,2023-03-18T12:08:58.000000Z,0.35,0.9,200,03-18-2023 12:08:57.525,45003_FLM30_Water_146,2023-03-18T12:00:00.000000Z,300,324.3,0,3.37,0.029,0.919,4.318,25,101.325,1,749,2023-03-18T11:56:29.000000Z,2023-03-18T12:09:02.000000Z,753
2023-03-18,NA,632.142,3530.0699999999997,-330.309,2023-03-18T12:08:59.000000Z,0.35,0.9,200,03-18-2023 12:08:58.519,45003_FLM30_Water_146,2023-03-18T12:00:00.000000Z,300,324.3,0,3.37,0.029,0.919,4.318,25,101.325,1,750,2023-03-18T11:56:29.000000Z,2023-03-18T12:09:02.000000Z,753
2023-03-18,NA,633.473,3529.21,-574.316,2023-03-18T12:09:00.000000Z,0.35,0.9,200,03-18-2023 12:08:59.515,45003_FLM30_Water_146,2023-03-18T12:00:00.000000Z,300,324.3,0,3.37,0.029,0.919,4.318,25,101.325,1,751,2023-03-18T11:56:29.000000Z,2023-03-18T12:09:02.000000Z,753
2023-03-18,NA,632.286,3529.1899999999996,-576.734,2023-03-18T12:09:01.000000Z,0.35,0.9,200,03-18-2023 12:09:00.509,45003_FLM30_Water_146,2023-03-18T12:00:00.000000Z,300,324.3,0,3.37,0.029,0.919,4.318,25,101.325,1,752,2023-03-18T11:56:29.000000Z,2023-03-18T12:09:02.000000Z,753
2023-03-18,NA,633.702,3523.1,-487.788,2023-03-18T12:09:02.000000Z,0.35,0.9,200,03-18-2023 12:09:01.502,45003_FLM30_Water_146,2023-03-18T12:00:00.000000Z,300,324.3,0,3.37,0.029,0.919,4.318,25,101.325,1,753,2023-03-18T11:56:29.000000Z,2023-03-18T12:09:02.000000Z,753
2023-03-18,NA,633.318,3535.07,-547.729,2023-03-18T12:09:02.000000Z,0.35,0.9,200,03-18-2023 12:09:02.497,45003_FLM30_Water_146,2023-03-18T12:00:00.000000Z,300,324.3,0,3.37,0.029,0.919,4.318,25,101.325,1,753,2023-03-18T11:56:29.000000Z,2023-03-18T12:09:02.000000Z,753
2023-03-18,NA,632.969,3528.25,-454.381,2023-03-18T12:09:03.000000Z,0.35,0.9,200,03-18-2023 12:09:03.493,45003_FLM30_Water_146,2023-03-18T12:00:00.000000Z,300,324.3,0,3.37,0.029,0.919,4.318,25,101.325,0,754,2023-03-18T11:56:29.000000Z,2023-03-18T12:09:02.000000Z,753
2023-03-18,NA,632.424,3528.2599999999998,-572.872,2023-03-18T12:09:04.000000Z,0.35,0.9,200,03-18-2023 12:09:04.487,45003_FLM30_Water_146,2023-03-18T12:00:00.000000Z,300,324.3,0,3.37,0.029,0.919,4.318,25,101.325,0,755,2023-03-18T11:56:29.000000Z,2023-03-18T12:09:02.000000Z,753
2023-03-18,NA,633.237,3527.97,-682.556,2023-03-18T12:09:05.000000Z,0.35,0.9,200,03-18-2023 12:09:05.482,45003_FLM30_Water_146,2023-03-18T12:00:00.000000Z,300,324.3,0,3.37,0.029,0.919,4.318,25,101.325,0,756,2023-03-18T11:56:29.000000Z,2023-03-18T12:09:02.000000Z,753
2023-03-18,NA,634.366,3535.71,-532.442,2023-03-18T12:09:06.000000Z,0.35,0.9,200,03-18-2023 12:09:06.476,45003_FLM30_Water_146,2023-03-18T12:00:00.000000Z,300,324.3,0,3.37,0.029,0.919,4.318,25,101.325,0,757,2023-03-18T11:56:29.000000Z,2023-03-18T12:09:02.000000Z,753
2023-03-18,NA,633.058,3528.18,-351.658,2023-03-18T12:09:07.000000Z,0.35,0.9,200,03-18-2023 12:09:07.471,45003_FLM30_Water_146,2023-03-18T12:00:00.000000Z,300,324.3,0,3.37,0.029,0.919,4.318,25,101.325,0,758,2023-03-18T11:56:29.000000Z,2023-03-18T12:09:02.000000Z,753
2023-03-18,NA,633.936,3534.94,-425.423,2023-03-18T12:09:08.000000Z,0.35,0.9,200,03-18-2023 12:09:08.465,45003_FLM30_Water_146,2023-03-18T12:00:00.000000Z,300,324.3,0,3.37,0.029,0.919,4.318,25,101.325,0,759,2023-03-18T11:56:29.000000Z,2023-03-18T12:09:02.000000Z,753
2023-03-18,NA,634.247,3529.29,-601.674,2023-03-18T12:09:09.000000Z,0.35,0.9,200,03-18-2023 12:09:09.459,45003_FLM30_Water_146,2023-03-18T12:00:00.000000Z,300,324.3,0,3.37,0.029,0.919,4.318,25,101.325,0,760,2023-03-18T11:56:29.000000Z,2023-03-18T12:09:02.000000Z,753
2023-03-18,NA,633.317,3528.89,-558.748,2023-03-18T12:09:10.000000Z,0.35,0.9,200,03-18-2023 12:09:10.453,45003_FLM30_Water_146,2023-03-18T12:00:00.000000Z,300,324.3,0,3.37,0.029,0.919,4.318,25,101.325,0,761,2023-03-18T11:56:29.000000Z,2023-03-18T12:09:02.000000Z,753
2023-03-18,NA,634.096,3529.69,-457.49,2023-03-18T12:09:11.000000Z,0.35,0.9,200,03-18-2023 12:09:11.448,45003_FLM30_Water_146,2023-03-18T12:00:00.000000Z,300,324.3,0,3.37,0.029,0.919,4.318,25,101.325,0,762,2023-03-18T11:56:29.000000Z,2023-03-18T12:09:02.000000Z,753
2023-03-18,NA,634.93,3532.5899999999997,-458.351,2023-03-18T12:09:12.000000Z,0.35,0.9,200,03-18-2023 12:09:12.443,45003_FLM30_Water_146,2023-03-18T12:00:00.000000Z,300,324.3,0,3.37,0.029,0.919,4.318,25,101.325,0,763,2023-03-18T11:56:29.000000Z,2023-03-18T12:09:02.000000Z,753
2023-03-18,NA,632.715,3523.4700000000003,-511.037,2023-03-18T12:09:13.000000Z,0.35,0.9,200,03-18-2023 12:09:13.438,45003_FLM30_Water_146,2023-03-18T12:00:00.000000Z,300,324.3,0,3.37,0.029,0.919,4.318,25,101.325,0,764,2023-03-18T11:56:29.000000Z,2023-03-18T12:09:02.000000Z,753
2023-03-18,NA,634.499,3533.68,-335.878,2023-03-18T12:09:14.000000Z,0.35,0.9,200,03-18-2023 12:09:14.432,45003_FLM30_Water_146,2023-03-18T12:00:00.000000Z,300,324.3,0,3.37,0.029,0.919,4.318,25,101.325,0,765,2023-03-18T11:56:29.000000Z,2023-03-18T12:09:02.000000Z,753
2023-03-18,NA,633.059,3531.64,-399.205,2023-03-18T12:09:15.000000Z,0.35,0.9,200,03-18-2023 12:09:15.426,45003_FLM30_Water_146,2023-03-18T12:00:00.000000Z,300,324.3,0,3.37,0.029,0.919,4.318,25,101.325,0,766,2023-03-18T11:56:29.000000Z,2023-03-18T12:09:02.000000Z,753
2023-03-18,NA,634.993,3529.93,-513.268,2023-03-18T12:09:16.000000Z,0.35,0.9,200,03-18-2023 12:09:16.421,45003_FLM30_Water_146,2023-03-18T12:00:00.000000Z,300,324.3,0,3.37,0.029,0.919,4.318,25,101.325,0,767,2023-03-18T11:56:29.000000Z,2023-03-18T12:09:02.000000Z,753
2023-03-18,NA,632.355,3532.58,-484.743,2023-03-18T12:09:17.000000Z,0.35,0.9,200,03-18-2023 12:09:17.415,45003_FLM30_Water_146,2023-03-18T12:00:00.000000Z,300,324.3,0,3.37,0.029,0.919,4.318,25,101.325,0,768,2023-03-18T11:56:29.000000Z,2023-03-18T12:09:02.000000Z,753
2023-03-18,NA,633.608,3534.38,-532.201,2023-03-18T12:09:18.000000Z,0.35,0.9,200,03-18-2023 12:09:18.411,45003_FLM30_Water_146,2023-03-18T12:00:00.000000Z,300,324.3,0,3.37,0.029,0.919,4.318,25,101.325,0,769,2023-03-18T11:56:29.000000Z,2023-03-18T12:09:02.000000Z,753
2023-03-18,NA,635.007,3535.6299999999997,-529.992,2023-03-18T12:09:19.000000Z,0.35,0.9,200,03-18-2023 12:09:19.404,45003_FLM30_Water_146,2023-03-18T12:00:00.000000Z,300,324.3,0,3.37,0.029,0.919,4.318,25,101.325,0,770,2023-03-18T11:56:29.000000Z,2023-03-18T12:09:02.000000Z,753
2023-03-18,NA,634.532,3532.7099999999996,-481.12,2023-03-18T12:09:20.000000Z,0.35,0.9,200,03-18-2023 12:09:20.400,45003_FLM30_Water_146,2023-03-18T12:00:00.000000Z,300,324.3,0,3.37,0.029,0.919,4.318,25,101.325,0,771,2023-03-18T11:56:29.000000Z,2023-03-18T12:09:02.000000Z,753
2023-03-18,NA,635.569,3535.32,-379.495,2023-03-18T12:09:21.000000Z,0.35,0.9,200,03-18-2023 12:09:21.394,45003_FLM30_Water_146,2023-03-18T12:00:00.000000Z,300,324.3,0,3.37,0.029,0.919,4.318,25,101.325,0,772,2023-03-18T11:56:29.000000Z,2023-03-18T12:09:02.000000Z,753
2023-03-18,NA,632.802,3536.8599999999997,-386.79,2023-03-18T12:09:22.000000Z,0.35,0.9,200,03-18-2023 12:09:22.389,45003_FLM30_Water_146,2023-03-18T12:00:00.000000Z,300,324.3,0,3.37,0.029,0.919,4.318,25,101.325,0,773,2023-03-18T11:56:29.000000Z,2023-03-18T12:09:02.000000Z,753
2023-03-18,NA,635.03,3533.34,-637.743,2023-03-18T12:09:23.000000Z,0.35,0.9,200,03-18-2023 12:09:23.383,45003_FLM30_Water_146,2023-03-18T12:00:00.000000Z,300,324.3,0,3.37,0.029,0.919,4.318,25,101.325,0,774,2023-03-18T11:56:29.000000Z,2023-03-18T12:09:02.000000Z,753
2023-03-18,NA,632.591,3535.5,-543.776,2023-03-18T12:09:24.000000Z,0.35,0.9,200,03-18-2023 12:09:24.377,45003_FLM30_Water_146,2023-03-18T12:00:00.000000Z,300,324.3,0,3.37,0.029,0.919,4.318,25,101.325,0,775,2023-03-18T11:56:29.000000Z,2023-03-18T12:09:02.000000Z,753
2023-03-18,NA,634.868,3534.57,-545.935,2023-03-18T12:09:25.000000Z,0.35,0.9,200,03-18-2023 12:09:25.373,45003_FLM30_Water_146,2023-03-18T12:00:00.000000Z,300,324.3,0,3.37,0.029,0.919,4.318,25,101.325,0,776,2023-03-18T11:56:29.000000Z,2023-03-18T12:09:02.000000Z,753
2023-03-18,NA,632.56,3533.96,-419.151,2023-03-18T12:09:26.000000Z,0.35,0.9,200,03-18-2023 12:09:26.366,45003_FLM30_Water_146,2023-03-18T12:00:00.000000Z,300,324.3,0,3.37,0.029,0.919,4.318,25,101.325,0,777,2023-03-18T11:56:29.000000Z,2023-03-18T12:09:02.000000Z,753
2023-03-18,NA,632.685,3537.04,-636.946,2023-03-18T12:09:27.000000Z,0.35,0.9,200,03-18-2023 12:09:27.361,45003_FLM30_Water_146,2023-03-18T12:00:00.000000Z,300,324.3,0,3.37,0.029,0.919,4.318,25,101.325,0,778,2023-03-18T11:56:29.000000Z,2023-03-18T12:09:02.000000Z,753
2023-03-18,NA,632.118,3530.03,-628.459,2023-03-18T12:09:28.000000Z,0.35,0.9,200,03-18-2023 12:09:28.356,45003_FLM30_Water_146,2023-03-18T12:00:00.000000Z,300,324.3,0,3.37,0.029,0.919,4.318,25,101.325,0,779,2023-03-18T11:56:29.000000Z,2023-03-18T12:09:02.000000Z,753
2023-03-18,NA,635.413,3541.7900000000004,-344.611,2023-03-18T12:09:29.000000Z,0.35,0.9,200,03-18-2023 12:09:29.350,45003_FLM30_Water_146,2023-03-18T12:00:00.000000Z,300,324.3,0,3.37,0.029,0.919,4.318,25,101.325,0,780,2023-03-18T11:56:29.000000Z,2023-03-18T12:09:02.000000Z,753
2023-03-18,NA,632.482,3529.04,-505.955,2023-03-18T12:09:30.000000Z,0.35,0.9,200,03-18-2023 12:09:30.344,45003_FLM30_Water_146,2023-03-18T12:00:00.000000Z,300,324.3,0,3.37,0.029,0.919,4.318,25,101.325,0,781,2023-03-18T11:56:29.000000Z,2023-03-18T12:09:02.000000Z,753
2023-03-18,NA,634.453,3538.8,-616.098,2023-03-18T12:09:31.000000Z,0.35,0.9,200,03-18-2023 12:09:31.340,45003_FLM30_Water_146,2023-03-18T12:00:00.000000Z,300,324.3,0,3.37,0.029,0.919,4.318,25,101.325,0,782,2023-03-18T11:56:29.000000Z,2023-03-18T12:09:02.000000Z,753
2023-03-18,NA,634.001,3535.0299999999997,-442.329,2023-03-18T12:09:32.000000Z,0.35,0.9,200,03-18-2023 12:09:32.333,45003_FLM30_Water_146,2023-03-18T12:00:00.000000Z,300,324.3,0,3.37,0.029,0.919,4.318,25,101.325,0,783,2023-03-18T11:56:29.000000Z,2023-03-18T12:09:02.000000Z,753
2023-03-18,NA,633.987,3537.7999999999997,-435.981,2023-03-18T12:09:33.000000Z,0.35,0.9,200,03-18-2023 12:09:33.328,45003_FLM30_Water_146,2023-03-18T12:00:00.000000Z,300,324.3,0,3.37,0.029,0.919,4.318,25,101.325,0,784,2023-03-18T11:56:29.000000Z,2023-03-18T12:09:02.000000Z,753
2023-03-18,NA,633.368,3540.28,-391.267,2023-03-18T12:09:34.000000Z,0.35,0.9,200,03-18-2023 12:09:34.323,45003_FLM30_Water_146,2023-03-18T12:00:00.000000Z,300,324.3,0,3.37,0.029,0.919,4.318,25,101.325,0,785,2023-03-18T11:56:29.000000Z,2023-03-18T12:09:02.000000Z,753
2023-03-18,NA,634.032,3534.9,-405.066,2023-03-18T12:09:35.000000Z,0.35,0.9,200,03-18-2023 12:09:35.319,45003_FLM30_Water_146,2023-03-18T12:00:00.000000Z,300,324.3,0,3.37,0.029,0.919,4.318,25,101.325,0,786,2023-03-18T11:56:29.000000Z,2023-03-18T12:09:02.000000Z,753
2023-03-18,NA,635.812,3540.63,-569.16,2023-03-18T12:09:36.000000Z,0.35,0.9,200,03-18-2023 12:09:36.312,45003_FLM30_Water_146,2023-03-18T12:00:00.000000Z,300,324.3,0,3.37,0.029,0.919,4.318,25,101.325,0,787,2023-03-18T11:56:29.000000Z,2023-03-18T12:09:02.000000Z,753
2023-03-18,NA,634.773,3534.84,-444.9,2023-03-18T12:09:37.000000Z,0.35,0.9,200,03-18-2023 12:09:37.306,45003_FLM30_Water_146,2023-03-18T12:00:00.000000Z,300,324.3,0,3.37,0.029,0.919,4.318,25,101.325,0,788,2023-03-18T11:56:29.000000Z,2023-03-18T12:09:02.000000Z,753
2023-03-18,NA,635.531,3534.56,-488.338,2023-03-18T12:09:38.000000Z,0.35,0.9,200,03-18-2023 12:09:38.302,45003_FLM30_Water_146,2023-03-18T12:00:00.000000Z,300,324.3,0,3.37,0.029,0.919,4.318,25,101.325,0,789,2023-03-18T11:56:29.000000Z,2023-03-18T12:09:02.000000Z,753
2023-03-18,NA,634.793,3536.54,-464.936,2023-03-18T12:09:39.000000Z,0.35,0.9,200,03-18-2023 12:09:39.295,45003_FLM30_Water_146,2023-03-18T12:00:00.000000Z,300,324.3,0,3.37,0.029,0.919,4.318,25,101.325,0,790,2023-03-18T11:56:29.000000Z,2023-03-18T12:09:02.000000Z,753
2023-03-18,NA,634.341,3537.96,-469.738,2023-03-18T12:09:40.000000Z,0.35,0.9,200,03-18-2023 12:09:40.290,45003_FLM30_Water_146,2023-03-18T12:00:00.000000Z,300,324.3,0,3.37,0.029,0.919,4.318,25,101.325,0,791,2023-03-18T11:56:29.000000Z,2023-03-18T12:09:02.000000Z,753
2023-03-18,NA,635.22,3534.71,-497.64,2023-03-18T12:09:41.000000Z,0.35,0.9,200,03-18-2023 12:09:41.284,45003_FLM30_Water_146,2023-03-18T12:00:00.000000Z,300,324.3,0,3.37,0.029,0.919,4.318,25,101.325,0,792,2023-03-18T11:56:29.000000Z,2023-03-18T12:09:02.000000Z,753
2023-03-18,NA,631.885,3533.98,-349.154,2023-03-18T12:09:42.000000Z,0.35,0.9,200,03-18-2023 12:09:42.281,45003_FLM30_Water_146,2023-03-18T12:00:00.000000Z,300,324.3,0,3.37,0.029,0.919,4.318,25,101.325,0,793,2023-03-18T11:56:29.000000Z,2023-03-18T12:09:02.000000Z,753
2023-03-18,NA,634.809,3538.2400000000002,-436.154,2023-03-18T12:09:43.000000Z,0.35,0.9,200,03-18-2023 12:09:43.273,45003_FLM30_Water_146,2023-03-18T12:00:00.000000Z,300,324.3,0,3.37,0.029,0.919,4.318,25,101.325,0,794,2023-03-18T11:56:29.000000Z,2023-03-18T12:09:02.000000Z,753
2023-03-18,NA,634.053,3534.84,-692.741,2023-03-18T12:09:44.000000Z,0.35,0.9,200,03-18-2023 12:09:44.269,45003_FLM30_Water_146,2023-03-18T12:00:00.000000Z,300,324.3,0,3.37,0.029,0.919,4.318,25,101.325,0,795,2023-03-18T11:56:29.000000Z,2023-03-18T12:09:02.000000Z,753
2023-03-18,NA,635.657,3539.32,-327.023,2023-03-18T12:09:45.000000Z,0.35,0.9,200,03-18-2023 12:09:45.264,45003_FLM30_Water_146,2023-03-18T12:00:00.000000Z,300,324.3,0,3.37,0.029,0.919,4.318,25,101.325,0,796,2023-03-18T11:56:29.000000Z,2023-03-18T12:09:02.000000Z,753
2023-03-18,NA,635.869,3537.4300000000003,-576.124,2023-03-18T12:09:46.000000Z,0.35,0.9,200,03-18-2023 12:09:46.258,45003_FLM30_Water_146,2023-03-18T12:00:00.000000Z,300,324.3,0,3.37,0.029,0.919,4.318,25,101.325,0,797,2023-03-18T11:56:29.000000Z,2023-03-18T12:09:02.000000Z,753
2023-03-18,NA,633.818,3536.19,-546.018,2023-03-18T12:09:47.000000Z,0.35,0.9,200,03-18-2023 12:09:47.253,45003_FLM30_Water_146,2023-03-18T12:00:00.000000Z,300,324.3,0,3.37,0.029,0.919,4.318,25,101.325,0,798,2023-03-18T11:56:29.000000Z,2023-03-18T12:09:02.000000Z,753
2023-03-18,NA,634.166,3536.5099999999998,-541.704,2023-03-18T12:09:48.000000Z,0.35,0.9,200,03-18-2023 12:09:48.246,45003_FLM30_Water_146,2023-03-18T12:00:00.000000Z,300,324.3,0,3.37,0.029,0.919,4.318,25,101.325,0,799,2023-03-18T11:56:29.000000Z,2023-03-18T12:09:02.000000Z,753
2023-03-18,NA,636.027,3532.4399999999996,-579.79,2023-03-18T12:09:49.000000Z,0.35,0.9,200,03-18-2023 12:09:49.241,45003_FLM30_Water_146,2023-03-18T12:00:00.000000Z,300,324.3,0,3.37,0.029,0.919,4.318,25,101.325,0,800,2023-03-18T11:56:29.000000Z,2023-03-18T12:09:02.000000Z,753
2023-03-18,NA,636.355,3537.68,-334.904,2023-03-18T12:09:50.000000Z,0.35,0.9,200,03-18-2023 12:09:50.236,45003_FLM30_Water_146,2023-03-18T12:00:00.000000Z,300,324.3,0,3.37,0.029,0.919,4.318,25,101.325,0,801,2023-03-18T11:56:29.000000Z,2023-03-18T12:09:02.000000Z,753
2023-03-18,NA,635.18,3538.65,-487.126,2023-03-18T12:09:51.000000Z,0.35,0.9,200,03-18-2023 12:09:51.230,45003_FLM30_Water_146,2023-03-18T12:00:00.000000Z,300,324.3,0,3.37,0.029,0.919,4.318,25,101.325,0,802,2023-03-18T11:56:29.000000Z,2023-03-18T12:09:02.000000Z,753
2023-03-18,NA,634.445,3538.29,-544.707,2023-03-18T12:09:52.000000Z,0.35,0.9,200,03-18-2023 12:09:52.225,45003_FLM30_Water_146,2023-03-18T12:00:00.000000Z,300,324.3,0,3.37,0.029,0.919,4.318,25,101.325,0,803,2023-03-18T11:56:29.000000Z,2023-03-18T12:09:02.000000Z,753
2023-03-18,NA,635.899,3540.94,-559.64,2023-03-18T12:09:53.000000Z,0.35,0.9,200,03-18-2023 12:09:53.219,45003_FLM30_Water_146,2023-03-18T12:00:00.000000Z,300,324.3,0,3.37,0.029,0.919,4.318,25,101.325,0,804,2023-03-18T11:56:29.000000Z,2023-03-18T12:09:02.000000Z,753
2023-03-18,NA,634.35,3533.17,-389.609,2023-03-18T12:09:54.000000Z,0.35,0.9,200,03-18-2023 12:09:54.214,45003_FLM30_Water_146,2023-03-18T12:00:00.000000Z,300,324.3,0,3.37,0.029,0.919,4.318,25,101.325,0,805,2023-03-18T11:56:29.000000Z,2023-03-18T12:09:02.000000Z,753
2023-03-18,NA,633.57,3543.86,-374.197,2023-03-18T12:09:55.000000Z,0.35,0.9,200,03-18-2023 12:09:55.208,45003_FLM30_Water_146,2023-03-18T12:00:00.000000Z,300,324.3,0,3.37,0.029,0.919,4.318,25,101.325,0,806,2023-03-18T11:56:29.000000Z,2023-03-18T12:09:02.000000Z,753
2023-03-18,NA,633.707,3533.77,-382.275,2023-03-18T12:09:56.000000Z,0.35,0.9,200,03-18-2023 12:09:56.204,45003_FLM30_Water_146,2023-03-18T12:00:00.000000Z,300,324.3,0,3.37,0.029,0.919,4.318,25,101.325,0,807,2023-03-18T11:56:29.000000Z,2023-03-18T12:09:02.000000Z,753
2023-03-18,NA,633.986,3532.1099999999997,-632.163,2023-03-18T12:09:57.000000Z,0.35,0.9,200,03-18-2023 12:09:57.198,45003_FLM30_Water_146,2023-03-18T12:00:00.000000Z,300,324.3,0,3.37,0.029,0.919,4.318,25,101.325,0,808,2023-03-18T11:56:29.000000Z,2023-03-18T12:09:02.000000Z,753
2023-03-18,NA,633.964,3540.7999999999997,-579.288,2023-03-18T12:09:58.000000Z,0.35,0.9,200,03-18-2023 12:09:58.192,45003_FLM30_Water_146,2023-03-18T12:00:00.000000Z,300,324.3,0,3.37,0.029,0.919,4.318,25,101.325,0,809,2023-03-18T11:56:29.000000Z,2023-03-18T12:09:02.000000Z,753
2023-03-18,NA,633.651,3536.9799999999996,-509.659,2023-03-18T12:09:59.000000Z,0.35,0.9,200,03-18-2023 12:09:59.186,45003_FLM30_Water_146,2023-03-18T12:00:00.000000Z,300,324.3,0,3.37,0.029,0.919,4.318,25,101.325,0,810,2023-03-18T11:56:29.000000Z,2023-03-18T12:09:02.000000Z,753
2023-03-18,NA,633.655,3541.82,-440.99,2023-03-18T12:10:00.000000Z,0.35,0.9,200,03-18-2023 12:10:00.181,45003_FLM30_Water_146,2023-03-18T12:00:00.000000Z,300,324.3,0,3.37,0.029,0.919,4.318,25,101.325,0,811,2023-03-18T11:56:29.000000Z,2023-03-18T12:09:02.000000Z,753
