flux_id,date,plot,measurement_type,component,surface_type,analyzer_source,data_source,start_time,end_time,year,month,season,air_temp,soil_temp,water_temp,water_depth,pressure_start,rh_start,chamber_volume_cm3,surface_area_cm2,total_system_volume_cm3,CH4_best.flux,CH4_model,CH4_quality.check,CH4_flux_status,CH4_below_MDF,CH4_flagged,CH4_SNR,CH4_LM.flux,CH4_LM.r2,CH4_LM.p.val,CH4_HM.flux,CH4_HM.r2,CO2_best.flux,CO2_model,CO2_quality.check,CO2_flux_status,CO2_below_MDF,CO2_flagged,CO2_SNR,CO2_LM.flux,CO2_LM.r2,CO2_LM.p.val,CO2_HM.flux,CO2_HM.r2,flux_status,disturbance_level,notes
Mar_23_309_BL60_leaves,2023-03-19,BL60,tree,leaves,NA,LGR,original,13:39:00,13:40:00,2023,3,dry,28.3,NA,NA,NA,NA,NA,2190.644,212,3138.644,0.07066799542628237,HM,AICc | Intercept,valid,FALSE,TRUE,1.274029210687575,0.07046585834833459,0.0915669726812436,7.155512398781806e-7,0.07066799542628237,0.09154454099851228,-2.9396512435868996,LM,RMSE | MAE | SE | AICc,valid,FALSE,TRUE,315.36146058666765,-2.9396512435868996,0.9975225395552452,9e-307,-3.447396262579792,0.9961563003503114,valid,regenerating,NA
Mar_23_306_BL60_leaves,2023-03-19,BL60,tree,leaves,NA,LGR,original,13:09:00,13:11:00,2023,3,dry,27.8,NA,NA,NA,NA,NA,2190.644,428,3138.644,-0.01618458011477975,HM,AICc | p-value | MDF | Intercept,valid,TRUE,TRUE,0.2211625897694784,-0.01033735763116805,-0.00361187795101392,0.491995944606316,-0.01618458011477975,-0.00219909416859853,-1.3294013022328632,HM,NA,valid,FALSE,FALSE,39.580142516959874,-1.1705086588091205,0.9926793998338584,6.099624879063863e-157,-1.3294013022328632,0.9937715644131644,valid,regenerating,NA
Mar_23_298_BL60_leaves,2023-03-19,BL60,tree,leaves,NA,LGR,original,10:00:00,10:03:00,2023,3,dry,26.9,NA,NA,NA,NA,NA,2190.644,428,3138.644,0.00400245782321616,LM,HM.flux is NA,valid,TRUE,TRUE,1.3461559267925451,0.00400245782321616,0.00143029042778097,0.1787910664818903,NA,NA,-0.959210756109229,LM,RMSE | MAE | SE | AICc,valid,FALSE,TRUE,516.2689629621101,-0.959210756109229,0.9978771972722384,0,-1.1641339610826402,0.9932854671898038,valid,regenerating,NA
Mar_23_301_BL60_leaves,2023-03-19,BL60,tree,leaves,NA,LGR,original,11:28:00,11:31:00,2023,3,dry,26.9,NA,NA,NA,NA,NA,2190.644,428,3138.644,-0.01334504031260862,HM,AICc | p-value | Intercept,valid,FALSE,TRUE,0.3768486008364132,-0.01097254280721834,0.00407247401419508,0.15374908741635104,-0.01334504031260862,0.0040988183724302,-1.489618675182263,HM,Intercept (LM),valid,FALSE,TRUE,82.24008719505758,-0.9564974347410616,0.9833584850460976,4.866452066970523e-229,-1.489618675182263,0.9970842503578728,valid,regenerating,NA
Mar_23_303_BL60_leaves,2023-03-19,BL60,tree,leaves,NA,LGR,original,12:26:00,12:29:00,2023,3,dry,27.3,NA,NA,NA,NA,NA,2190.644,428,3138.644,0.00788390800664379,LM,HM.flux is NA,valid,TRUE,TRUE,0.8352882404319709,0.00788390800664379,-0.00136971705295252,0.4044615810661151,NA,NA,0.2630983165137844,HM,NA,valid,FALSE,FALSE,14.87013797555869,0.17566467040079278,0.9164790816279148,8.506103892002804e-121,0.2630983165137844,0.9292925814888692,valid,regenerating,NA
Mar_23_304_BL60_leaves,2023-03-19,BL60,tree,leaves,NA,LGR,original,12:45:00,12:48:00,2023,3,dry,27.2,NA,NA,NA,NA,NA,2190.644,134,3138.644,0.0249597125779382,HM,AICc | Intercept,valid,FALSE,TRUE,0.5593461598044416,0.02497323946522708,0.0097927982395074,0.02701848886312806,0.0249597125779382,0.00978822773194476,-5.1828184101329535,HM,SE,valid,FALSE,TRUE,199.2867400062493,-4.1901772414442355,0.9964094952372284,0,-5.1828184101329535,0.9993067162113084,valid,regenerating,NA
Mar_23_305_BL60_leaves,2023-03-19,BL60,tree,leaves,NA,LGR,original,12:50:30,12:53:30,2023,3,dry,26.8,NA,NA,NA,NA,NA,2190.644,134,3138.644,-0.00720618529231516,HM,AICc | p-value | MDF | Intercept,valid,TRUE,TRUE,0.05633516696626894,-0.00563560047615824,-0.00459873072915217,0.8536519338206245,-0.00720618529231516,-0.00452919449283251,0.5606807734893257,HM,SE | AICc,valid,FALSE,TRUE,15.119391039691576,0.5545673782768789,0.9448046652460635,2.726342651655782e-134,0.5606807734893257,0.9447062109365189,valid,regenerating,NA
Mar_23_307_BL60_leaves,2023-03-19,BL60,tree,leaves,NA,LGR,original,13:26:00,13:29:00,2023,3,dry,27.3125,NA,NA,NA,NA,NA,2190.644,212,3138.644,0.06744031183433079,LM,g-fact. > 2 | Intercept,valid,FALSE,TRUE,4.875089905309657,0.06744031183433079,0.08598707890379342,1.974423873929114e-6,0.2683062392681954,0.12294223359941792,-4.616874801226017,HM,SE,valid,FALSE,TRUE,178.74875620170351,-3.716992778777105,0.9962881431126168,4.268969234701222e-292,-4.616874801226017,0.9994740236658716,valid,regenerating,NA
Mar_23_308_BL60_leaves,2023-03-19,BL60,tree,leaves,NA,LGR,original,13:32:30,13:35:30,2023,3,dry,27.3125,NA,NA,NA,NA,NA,2190.644,212,3138.644,0.0249739275073683,LM,HM.flux is NA,valid,TRUE,TRUE,1.2961978949134445,0.0249739275073683,0.00330673274902848,0.19637175275775692,NA,NA,0.9564020124975962,HM,SE,valid,FALSE,TRUE,36.39784645382511,0.8154403640954673,0.98793067167508,7.31561054027571e-198,0.9564020124975962,0.9896726652304816,valid,regenerating,NA
Mar_23_299_BL60_leaves,2023-03-19,BL60,tree,leaves,NA,LGR,original,10:40:00,10:43:00,2023,3,dry,26.8,NA,NA,NA,NA,NA,2190.644,428,3138.644,0.00640311428646614,LM,HM.flux is NA,valid,TRUE,TRUE,1.28908914267589,0.00640311428646614,0.00217923585874046,0.1983536339124077,NA,NA,-0.16099237018630214,HM,RMSE | AICc,valid,FALSE,TRUE,20.99600402560057,-0.15829303974296266,0.958450485991847,7.20060777938059e-211,-0.16099237018630214,0.9581927995000468,valid,regenerating,NA
Mar_23_302_BL60_leaves,2023-03-19,BL60,tree,leaves,NA,LGR,original,12:21:00,12:24:00,2023,3,dry,27.2,NA,NA,NA,NA,NA,2190.644,428,3138.644,0.00655666223877614,LM,HM.flux is NA,valid,TRUE,TRUE,0.675089807789833,0.00655666223877614,-0.00253783658586503,0.5003473979510922,NA,NA,-1.966168545383473,LM,RMSE | MAE | SE | AICc,valid,FALSE,TRUE,381.79282834367774,-1.966168545383473,0.9985271934851504,3.2470539443223375e-291,-2.3481903238084505,0.9973291243463271,valid,regenerating,NA
Mar_23_300_BL60_leaves,2023-03-19,BL60,tree,leaves,NA,LGR,original,11:16:00,11:20:00,2023,3,dry,26.8,NA,NA,NA,NA,NA,2190.644,428,3138.644,-0.02521553450529741,LM,g-fact. > 2 | Intercept,valid,FALSE,TRUE,3.0843049792586004,-0.02521553450529741,0.03158637483957649,0.00226030867963425,-0.07978289714228341,0.04175566603854308,-0.2707929282263174,HM,RMSE | AICc,valid,FALSE,TRUE,24.981927339211875,-0.2639966369144503,0.9747636251543306,5.5756715984710474e-210,-0.2707929282263174,0.9743676111297032,valid,regenerating,NA
Oct_22_206_CP40_stem,2022-10-23,CP40,tree,stem,NA,LGR,original,12:33:32,12:36:32,2022,10,wet,29.7,26.3,NA,11,NA,NA,1064.6016666666667,213.35,2012.6016666666667,1.4892481037075291,HM,SE | AICc | Intercept,valid,FALSE,TRUE,7.449661799315392,1.4695941772781924,0.7455740029413161,1.7270637687299054e-90,1.4892481037075291,0.7454916767452006,-0.04382791099588239,HM,AICc | Intercept,valid,FALSE,TRUE,14.07706957801594,-0.04369684579289063,0.4563859531169212,2.0269594292065938e-41,-0.04382791099588239,0.4562004769197085,valid,ghost,NA
Oct_22_203_CP40_stem,2022-10-23,CP40,tree,stem,NA,LGR,original,11:50:59,11:54:07,2022,10,wet,27.9,26.3,NA,11,NA,NA,1064.6016666666667,213.35,2012.6016666666667,2.063803891033839,HM,AICc,valid,FALSE,TRUE,35.766491845742124,1.985234899063244,0.9899953413916608,3.6029172022860686e-202,2.063803891033839,0.9900964139959416,1.4249506637631644,HM,SE | AICc,valid,FALSE,TRUE,16.701146851640704,1.3100024110735555,0.9547183750846896,1.3689451978472899e-136,1.4249506637631644,0.9551780133822236,valid,ghost,NA
Oct_22_205_CP40_stem,2022-10-23,CP40,tree,stem,NA,LGR,original,12:18:21,12:21:39,2022,10,wet,29.7,26.3,NA,11,NA,NA,2190.644,462.19,3138.644,7.355450351730046,LM,RMSE | MAE | AICc,valid,FALSE,TRUE,527.9451948518213,7.355450351730046,0.9992363898329126,0,7.4394767489627744,0.9991484105623544,0.6353002296027965,HM,RMSE | AICc,valid,FALSE,TRUE,53.22229700359999,0.6283397235729683,0.9953981662315946,6.212823875034899e-250,0.6353002296027965,0.995306150339736,valid,ghost,NA
Oct_22_202_CP40_stem,2022-10-23,CP40,tree,stem,NA,LGR,original,11:34:40,11:38:33,2022,10,wet,27.9,26.3,NA,11,NA,NA,1064.6016666666667,213.35,2012.6016666666667,13.334360615721932,HM,NA,valid,FALSE,FALSE,302.46304129216844,12.486966187476568,0.999540177072913,0,13.334360615721932,0.999833823749784,2.0559878741522706,HM,NA,valid,FALSE,FALSE,149.16278036827774,1.8928491660070768,0.9988414929445744,0,2.0559878741522706,0.999311328204412,valid,ghost,NA
Oct_22_201_CP40_stem,2022-10-23,CP40,tree,stem,NA,LGR,original,11:18:47,11:23:01,2022,10,wet,27.9,26.3,NA,11,NA,NA,1064.6016666666667,213.35,2012.6016666666667,25.211227713364107,HM,SE,valid,FALSE,TRUE,28.95611750479058,19.07088089030582,0.9707173472208984,3.6351878231632064e-216,25.211227713364107,0.9767929544239484,1.6219488618606872,HM,NA,valid,FALSE,FALSE,100.75447697936784,1.333256501411193,0.995412855028121,0,1.6219488618606872,0.9981160485294154,valid,ghost,NA
Oct_22_204_CP40_stem,2022-10-23,CP40,tree,stem,NA,LGR,original,12:02:20,12:08:50,2022,10,wet,29.7,26.3,NA,11,NA,NA,2190.644,462.19,3138.644,60.3213663924238,HM,SE,valid,FALSE,TRUE,336.95006378639545,58.31977355340451,0.9998115254933756,0,60.3213663924238,0.9998887433995688,2.546036007001891,HM,NA,valid,FALSE,FALSE,150.7191623895599,2.4336087603700176,0.999302792831839,4.0630167327e-297,2.546036007001891,0.9994410424972394,valid,ghost,NA
Oct_22_256_BL60_stem,2022-10-25,BL60,tree,stem,NA,LGR,original,10:46:15,10:48:00,2022,10,wet,24.8,23.3,NA,NA,NA,NA,212.53666666666663,40.45,1160.5366666666666,93.7209281663173,LM,RMSE | MAE | SE | AICc,valid,FALSE,TRUE,814.6531988346309,93.7209281663173,0.9996942134739216,0,94.92407030246572,0.9995992493108996,12.661526248735012,HM,SE,valid,FALSE,TRUE,150.13771894780086,12.437516342833511,0.9994103723367024,0,12.661526248735012,0.9994302372057982,valid,regenerating,NA
Oct_22_244_BL60_stem,2022-10-25,BL60,tree,stem,NA,LGR,original,12:58:00,13:01:00,2022,10,wet,24.8,23.4,NA,4,NA,NA,212.53666666666663,40.45,1160.5366666666666,0.3822821950891474,LM,SE | g-fact. > 2 | Intercept,valid,FALSE,TRUE,9.263834529091165,0.3822821950891474,0.295722176534014,3.0803776047829655e-17,0.8524784737862835,0.31394974063681247,1.4276213309986654,LM,MAE | SE | AICc,valid,FALSE,TRUE,65.30065686257896,1.4276213309986654,0.9547610191519528,2.643209642470557e-137,1.435936234330551,0.9546001844001772,valid,regenerating,NA
Oct_22_250_BL60_stem,2022-10-25,BL60,tree,stem,NA,LGR,original,13:52:30,13:55:30,2022,10,wet,28.5,23.5,NA,4,NA,NA,212.53666666666663,40.45,1160.5366666666666,7.81025411314396,LM,SE | g-fact. > 2 | Intercept,valid,FALSE,TRUE,30.394578469794137,7.81025411314396,0.8153433636535374,1.8678472375358125e-78,31.533354744333423,0.9696934181560392,3.5569389799160738,LM,SE | g-fact. > 2 | Intercept (LM),valid,FALSE,TRUE,63.019524711203474,3.5569389799160738,0.9499935472475513,1.71967068052102e-137,7.838301852717414,0.9968739597785716,valid,regenerating,NA
Oct_22_258_BL60_stem,2022-10-25,BL60,tree,stem,NA,LGR,original,10:58:09,11:01:09,2022,10,wet,24.8,23.3,NA,NA,NA,NA,212.53666666666663,40.45,1160.5366666666666,-0.19686488326930313,HM,AICc | Intercept,valid,FALSE,TRUE,2.611899218546827,-0.19692217790638353,0.033858322289674,0.0063324193469593,-0.19686488326930313,0.03381448175100776,5.78010444417821,HM,SE,valid,FALSE,TRUE,48.00845294235488,3.7259805045829864,0.9793601183499384,1.363470023780586e-160,5.78010444417821,0.9937181142311564,valid,regenerating,NA
Oct_22_260_BL60_stem,2022-10-25,BL60,tree,stem,NA,LGR,original,11:18:00,11:21:00,2022,10,wet,26.3,23.2,NA,NA,NA,NA,212.53666666666663,40.45,1160.5366666666666,16.97259921572968,HM,SE,valid,FALSE,TRUE,73.5232744103594,14.904022072378034,0.9961679182702884,2.325574205435763e-258,16.97259921572968,0.997378856499136,9.820737201747022,HM,SE,valid,FALSE,TRUE,18.911010456660605,7.473694797959399,0.9541460151658548,4.341508758289821e-144,9.820737201747022,0.9592287391195122,valid,regenerating,NA
Oct_22_261_BL60_stem,2022-10-25,BL60,tree,stem,NA,LGR,original,11:26:30,11:29:30,2022,10,wet,26.3,25.7,NA,NA,NA,NA,212.53666666666663,40.45,1160.5366666666666,0.6199671159818735,LM,SE | g-fact. > 2 | Intercept,valid,FALSE,TRUE,17.41950474426886,0.6199671159818735,0.575593097286963,2.0572345492637614e-43,1.4365081442362695,0.6216768763501299,4.25950221134332,HM,SE,valid,FALSE,TRUE,8.955626842959472,3.433856394001958,0.8353243670021966,3.9443275632074624e-89,4.25950221134332,0.8381830682994467,valid,regenerating,NA
Oct_22_262_BL60_stem,2022-10-25,BL60,tree,stem,NA,LGR,original,11:38:30,11:41:30,2022,10,wet,26.3,NA,NA,NA,NA,NA,212.53666666666663,40.45,1160.5366666666666,0.2308904618122504,LM,SE | g-fact. > 2 | Intercept,valid,FALSE,TRUE,8.43902778943168,0.2308904618122504,0.18713744843388855,1.3211258635238756e-15,0.8974469332811316,0.21546639614281304,1.3740946835062222,HM,SE | Intercept (LM),valid,FALSE,TRUE,26.515739854965627,0.8021264873554237,0.9474540948840456,9.481294078270519e-197,1.3740946835062222,0.9662401855363948,valid,regenerating,NA
Oct_22_263_BL60_stem,2022-10-25,BL60,tree,stem,NA,LGR,original,11:55:00,11:58:00,2022,10,wet,26.9,23.4,NA,NA,NA,NA,1064.6016666666667,213.35,2012.6016666666667,73.29192168487644,HM,SE,valid,FALSE,TRUE,138.5801866730099,62.69427487316928,0.9977565516373892,1.1208958875743305e-224,73.29192168487644,0.9994078696471635,9.188261244360875,HM,SE,valid,FALSE,TRUE,156.28004396095275,7.950754684215282,0.9981078941852708,6.854171174425425e-231,9.188261244360875,0.999536939181133,valid,regenerating,NA
Oct_22_267_BL60_stem,2022-10-25,BL60,tree,stem,NA,LGR,original,12:33:45,12:36:45,2022,10,wet,27.9,23.1,NA,NA,NA,NA,212.53666666666663,40.45,1160.5366666666666,0.29825939463730416,HM,SE | AICc,valid,FALSE,TRUE,1.1994366614118717,0.29844309301379784,0.11665677521578566,4.527735861178657e-6,0.29825939463730416,0.11661155244871756,5.042750973375803,HM,SE,valid,FALSE,TRUE,39.56565158602307,3.0705339469708903,0.9738106831580352,2.8428012407925994e-130,5.042750973375803,0.9918700483225896,valid,regenerating,NA
Oct_22_245_BL60_stem,2022-10-25,BL60,tree,stem,NA,LGR,original,13:08:25,13:11:25,2022,10,wet,24.8,23.4,NA,4,NA,NA,212.53666666666663,40.45,1160.5366666666666,0.17694695514082195,HM,SE | AICc | Intercept,valid,FALSE,TRUE,0.9906270413274304,0.17669345735991196,0.06764988784290205,1.0527210594237245e-4,0.17694695514082195,0.06762835517720744,2.225908487757597,HM,SE,valid,FALSE,TRUE,37.703770751482416,1.9830385640639248,0.98976237675261,3.634195521045445e-202,2.225908487757597,0.990670785381482,valid,regenerating,NA
Oct_22_257_BL60_stem,2022-10-25,BL60,tree,stem,NA,LGR,original,10:50:24,10:53:25,2022,10,wet,24.8,23.3,NA,NA,NA,NA,212.53666666666663,40.45,1160.5366666666666,93.69174487791194,LM,RMSE | MAE | SE | AICc,valid,FALSE,TRUE,772.754029495765,93.69174487791194,0.9996718807481988,0,94.9012828536458,0.999571324123858,12.65293780407485,HM,SE,valid,FALSE,TRUE,140.49106398656684,12.436063831398034,0.999356740163102,2.2781838054e-297,12.65293780407485,0.9993723268956282,valid,regenerating,NA
Oct_22_248_BL60_stem,2022-10-25,BL60,tree,stem,NA,LGR,original,13:35:50,13:38:54,2022,10,wet,28.5,23.5,NA,4,NA,NA,212.53666666666663,40.45,1160.5366666666666,0.5039798720096599,LM,SE | g-fact. > 2 | Intercept (LM),valid,FALSE,TRUE,11.837208033428755,0.5039798720096599,0.40903121285687005,7.5906668605809375e-25,1.490261571921458,0.46442392097461305,5.283301688884161,HM,SE,valid,FALSE,TRUE,75.41296497361003,4.06512685178892,0.9925717127497145,4.214440520338396e-215,5.283301688884161,0.9974846211685544,valid,regenerating,NA
Oct_22_246_BL60_stem,2022-10-25,BL60,tree,stem,NA,LGR,original,13:14:00,13:17:06,2022,10,wet,24.8,23.4,NA,4,NA,NA,212.53666666666663,40.45,1160.5366666666666,-0.09308315096558543,HM,SE | AICc | Intercept,valid,FALSE,TRUE,0.5211663059924029,-0.0931354085342482,0.01652462460487724,0.04367942333333026,-0.09308315096558543,0.01651623237148214,1.7293342415735524,HM,SE | Intercept (LM),valid,FALSE,TRUE,20.975249979801497,1.2310241238269324,0.9616954387633038,3.2375624545698808e-133,1.7293342415735524,0.9698365022334068,valid,regenerating,NA
Oct_22_259_BL60_stem,2022-10-25,BL60,tree,stem,NA,LGR,original,11:06:50,11:09:56,2022,10,wet,24.8,23.3,NA,NA,NA,NA,212.53666666666663,40.45,1160.5366666666666,0.2064706461251385,HM,SE | AICc | Intercept,valid,FALSE,TRUE,1.021157873896594,0.20657235502515256,0.06925764211147611,6.7191137831948e-5,0.2064706461251385,0.06922903105654588,6.184113046743035,HM,SE,valid,FALSE,TRUE,81.36684078284055,5.285708558398563,0.9961458666200572,2.903802120258474e-253,6.184113046743035,0.9978526043105456,valid,regenerating,NA
Oct_22_247_BL60_stem,2022-10-25,BL60,tree,stem,NA,LGR,original,13:21:18,13:24:32,2022,10,wet,24.8,23.4,NA,4,NA,NA,212.53666666666663,40.45,1160.5366666666666,13.20348940260857,HM,SE,valid,FALSE,TRUE,74.8736260587716,12.420416439958952,0.9972105813864868,6.29386097625153e-282,13.20348940260857,0.9974645633167016,5.482516992304233,HM,SE,valid,FALSE,TRUE,100.62818595868772,4.537262179189323,0.9960107354592737,6.504157992960827e-265,5.482516992304233,0.9985040195589244,valid,regenerating,NA
Oct_22_266_BL60_stem,2022-10-25,BL60,tree,stem,NA,LGR,original,12:23:00,12:26:16,2022,10,wet,27.9,23.1,NA,NA,NA,NA,418.99555555555554,107.68,1366.9955555555557,0.46966562470564993,HM,AICc,valid,FALSE,TRUE,7.561419401044459,0.4622808747176815,0.7862080719557576,2.9218659173939563e-84,0.46966562470564993,0.7862096919073692,0.93998235227143,HM,NA,valid,FALSE,FALSE,39.85544558969047,0.7054368169852806,0.9833718682068688,3.524753633700687e-220,0.93998235227143,0.988989723354344,valid,regenerating,NA
Oct_22_265_BL60_stem,2022-10-25,BL60,tree,stem,NA,LGR,original,12:12:30,12:15:48,2022,10,wet,26.9,23.4,NA,NA,NA,NA,418.99555555555554,107.68,1366.9955555555557,0.21273828333185135,HM,AICc | Intercept,valid,FALSE,TRUE,2.8278704267408616,0.16039234052769927,0.31652536561014066,1.736199456617087e-21,0.21273828333185135,0.31853569578960594,6.566372010491024,HM,NA,valid,FALSE,FALSE,290.7820653823485,6.061353705654297,0.999383055920784,0,6.566372010491024,0.9998178880139048,valid,regenerating,NA
Oct_22_249_BL60_stem,2022-10-25,BL60,tree,stem,NA,LGR,original,13:44:15,13:47:40,2022,10,wet,28.5,23.5,NA,4,NA,NA,212.53666666666663,40.45,1160.5366666666666,0.16321935218167055,HM,AICc | Intercept,valid,FALSE,TRUE,1.324973273431127,0.16329906325279536,0.10935614637507762,3.29416888269459e-7,0.16321935218167055,0.10931296995667528,3.328509099138321,LM,RMSE | MAE | SE | AICc,valid,FALSE,TRUE,159.5518571554307,3.328509099138321,0.9915088510910388,6.475127048734814e-227,3.351517196827155,0.9913399752118792,valid,regenerating,NA
Oct_22_264_BL60_stem,2022-10-25,BL60,tree,stem,NA,LGR,original,12:03:45,12:07:12,2022,10,wet,26.9,23.4,NA,NA,NA,NA,1064.6016666666667,213.35,2012.6016666666667,2.3969621880793253,HM,AICc,valid,FALSE,TRUE,50.35361051353658,2.3633396512062914,0.9947192445631268,5.123087293326907e-247,2.3969621880793253,0.9946760658662736,7.405360581119157,HM,NA,valid,FALSE,FALSE,430.4439383943499,7.270122157644301,0.9999053713139908,0,7.405360581119157,0.9999265803762448,valid,regenerating,NA
Oct_22_268_BL60_stem,2022-10-25,BL60,tree,stem,NA,LGR,original,12:44:00,12:48:05,2022,10,wet,27.9,23.1,NA,NA,NA,NA,212.53666666666663,40.45,1160.5366666666666,0.0799786843298807,HM,AICc | Intercept,valid,FALSE,TRUE,0.9593079133488488,0.08002412139842212,0.04159399555943755,1.511291513563477e-4,0.0799786843298807,0.04157661528445855,2.5089433708979794,LM,MAE | SE | AICc | Intercept,valid,FALSE,TRUE,2.020830800085345,2.5089433708979794,0.00966441288791852,0.04414299697402133,2.504898502056258,0.0096588490890942,valid,regenerating,NA
Mar_23_311_BL60_leaves,2023-03-19,BL60,tree,leaves,NA,LGR,original,14:30:00,14:33:00,2023,3,dry,28.8,NA,NA,NA,NA,NA,2190.644,428,3138.644,0.01880165093447625,HM,AICc,valid,FALSE,TRUE,0.9102654791610648,0.01879733278395168,0.03829919280824356,4.338872304532594e-4,0.01880165093447625,0.03828414544496239,-0.03514618777883567,LM,HM.flux is NA,valid,FALSE,TRUE,17.73352774606598,-0.03514618777883567,0.5168827555432616,2.9175793226937845e-48,NA,NA,valid,regenerating,NA
Mar_23_312_BL60_leaves,2023-03-19,BL60,tree,leaves,NA,LGR,original,14:34:30,14:37:30,2023,3,dry,28.8,NA,NA,NA,NA,NA,2190.644,428,3138.644,0.01969205371324258,HM,AICc | Intercept,valid,FALSE,TRUE,0.5641212943700733,0.01970649949706388,0.01830565387526517,0.02859444452261508,0.01969205371324258,0.01829711971836889,-0.03779220374883637,LM,HM.flux is NA,valid,FALSE,TRUE,11.11080405430531,-0.03779220374883637,0.37168002011355183,8.916999757074221e-23,NA,NA,valid,regenerating,NA
Mar_23_294_SRS6_root,2023-03-10,SRS6,tree,root,NA,LGR,original,14:57:59,15:00:57,2023,3,dry,30.2,25,NA,11,NA,NA,418.99555555555554,107.68,1366.9955555555557,0.7474188335727016,HM,AICc,valid,FALSE,TRUE,29.969726802848395,0.738121822704051,0.9803035171388724,2.582444113133301e-245,0.7474188335727016,0.9802437637653348,3.653976636610161,HM,NA,valid,FALSE,FALSE,382.35625816704874,3.069552833363002,0.9977432483026072,0,3.653976636610161,0.9998659044471384,valid,healthy,NA
Mar_23_289_SRS6_stem,2023-03-10,SRS6,tree,stem,NA,LGR,original,16:08:28,16:11:28,2023,3,dry,28.3,26.3,NA,36,NA,NA,2190.644,462.19,3138.644,0.49703752111006666,HM,MAE | AICc | Intercept,valid,FALSE,TRUE,18.280317451503873,0.4950099692375512,0.96039620864048,9.449272537159874e-156,0.49703752111006666,0.9601937035331836,1.150771129378571,LM,SE | g-fact. > 2 | Intercept (LM),valid,FALSE,TRUE,45.0689996060504,1.150771129378571,0.9022315565010444,9.190718799034863e-113,2.95719883834075,0.963684413014015,valid,healthy,NA
Mar_23_290_SRS6_stem,2023-03-10,SRS6,tree,stem,NA,LGR,original,16:21:10,16:24:10,2023,3,dry,28.3,26.3,NA,36,NA,NA,2190.644,462.19,3138.644,0.16832180041831354,HM,AICc,valid,FALSE,TRUE,7.431485266704584,0.14259688715257446,0.7986008543246587,9.728907374703777e-72,0.16832180041831354,0.8005021545134418,2.4124468087076716,HM,NA,valid,FALSE,FALSE,150.90831162919872,2.2503611206315317,0.999087305000126,3.690103008888974e-292,2.4124468087076716,0.9994244932319905,valid,healthy,NA
Mar_23_291_SRS6_stem,2023-03-10,SRS6,tree,stem,NA,LGR,original,14:19:49,14:22:49,2023,3,dry,30.2,25,NA,11,NA,NA,1064.6016666666667,213.35,2012.6016666666667,0.2935367317244783,HM,NA,valid,FALSE,FALSE,10.534742995214266,0.233119837094761,0.8744660616669475,4.971268114574231e-104,0.2935367317244783,0.8778782963208379,1.8673727851306088,HM,NA,valid,FALSE,FALSE,179.97148704965082,1.7925450022255478,0.9994523840466438,0,1.8673727851306088,0.999564053122134,valid,healthy,NA
Mar_23_292_SRS6_stem,2023-03-10,SRS6,tree,stem,NA,LGR,original,14:30:39,14:33:39,2023,3,dry,30.2,25,NA,11,NA,NA,1064.6016666666667,213.35,2012.6016666666667,0.6530017089977974,HM,NA,valid,FALSE,FALSE,33.85293408147126,0.48729392521603887,0.974363992801891,1.1418597412903827e-257,0.6530017089977974,0.9802435014027702,2.8897159456931805,HM,NA,valid,FALSE,FALSE,517.5015094382212,2.5920219407148166,0.9991157055014622,0,2.8897159456931805,0.9999209678526112,valid,healthy,NA
Mar_23_296_SRS6_stem,2023-03-10,SRS6,tree,stem,NA,LGR,original,15:36:20,15:39:20,2023,3,dry,28.3,26.4,NA,32,NA,NA,2190.644,462.19,3138.644,0.05800431194010463,HM,Intercept,valid,FALSE,TRUE,7.846838199078214,0.04763492489398708,0.6799677643381006,3.390542082793787e-104,0.05800431194010463,0.6817414283663797,1.258958379967512,HM,NA,valid,FALSE,FALSE,440.7194106180765,1.134923145150463,0.9991145661301564,0,1.258958379967512,0.99985875199061,valid,healthy,NA
Mar_23_297_SRS6_stem,2023-03-10,SRS6,tree,stem,NA,LGR,original,15:48:40,15:51:40,2023,3,dry,28.3,26.4,NA,32,NA,NA,2190.644,462.19,3138.644,0.09322849066409412,HM,Intercept (LM),valid,FALSE,TRUE,5.305666450847628,0.06695358645660461,0.587433024544319,2.5840056423368182e-52,0.09322849066409412,0.5925093089275092,1.8027915925946576,HM,NA,valid,FALSE,FALSE,315.52715769892995,1.5052270276407325,0.9975341454107722,0,1.8027915925946576,0.9998190465108038,valid,healthy,NA
Mar_23_295_SRS6_stem,2023-03-10,SRS6,tree,stem,NA,LGR,original,15:20:00,15:23:00,2023,3,dry,28.3,26.4,NA,32,NA,NA,2190.644,462.19,3138.644,0.19190404236871375,HM,NA,valid,FALSE,FALSE,15.906918894815474,0.12160903753356551,0.8893255183635258,5.134872925165358e-171,0.19190404236871375,0.9020730019975396,1.364403228291707,HM,NA,valid,FALSE,FALSE,192.51381660744397,1.112086723418506,0.9964788563661792,0,1.364403228291707,0.9993391899773324,valid,healthy,NA
Mar_23_293_SRS6_stem,2023-03-10,SRS6,tree,stem,NA,LGR,original,14:44:26,14:47:32,2023,3,dry,30.2,25,NA,11,NA,NA,1064.6016666666667,213.35,2012.6016666666667,0.22989065561188415,HM,Intercept (HM),valid,FALSE,TRUE,9.365127229636403,0.13994148117632071,0.7824888273489599,1.2508185002844019e-95,0.22989065561188415,0.7954559638265205,2.1778471149831775,HM,NA,valid,FALSE,FALSE,261.2460485464359,1.8324516463157707,0.9976246724088133,0,2.1778471149831775,0.9997143945687154,valid,healthy,NA
Mar_23_247_SRS6_CWD,2023-03-11,SRS6,tree,cwd,NA,LGR,original,14:21:00,14:23:00,2023,3,dry,24.4,25.9,NA,30,NA,NA,418.99555555555554,107.68,1366.9955555555557,0.4586405617212978,HM,Intercept (HM),valid,FALSE,TRUE,31.93454766233632,0.3694789933649631,0.9660664035925808,0,0.4586405617212978,0.969283361810112,6.936447632568594,HM,NA,valid,FALSE,FALSE,802.4615265875051,6.170247765993763,0.9990107957292456,0,6.936447632568594,0.9999521352287554,valid,healthy,NA
Mar_23_249_SRS6_stem,2023-03-11,SRS6,tree,stem,NA,LGR,original,15:11:00,15:13:45,2023,3,dry,24.1,26,NA,30,NA,NA,418.99555555555554,107.68,1366.9955555555557,0.4276577373150397,HM,AICc,valid,FALSE,TRUE,8.06656306366881,0.4212894179081582,0.8401800199733277,3.401719368771582e-80,0.4276577373150397,0.8401596721869882,4.307413672584325,HM,SE | Intercept (LM),valid,FALSE,TRUE,70.13647451444461,2.1812773124680023,0.9624226935694196,7.754702511429464e-142,4.307413672584325,0.9966248755867808,valid,healthy,NA
Mar_23_253_SRS6_stem,2023-03-11,SRS6,tree,stem,NA,LGR,original,15:36:40,15:39:30,2023,3,dry,24.1,26.1,NA,32,NA,NA,418.99555555555554,107.68,1366.9955555555557,0.07648589758127129,HM,AICc,valid,FALSE,TRUE,2.5406906541647145,0.07631705037190445,0.28383383575448695,1.547712968445518e-20,0.07648589758127129,0.2837585800506426,3.847459901277743,HM,NA,valid,FALSE,FALSE,217.18720251396851,3.562052113031798,0.9992334470940624,0,3.847459901277743,0.9996444453046492,valid,healthy,NA
Mar_23_243_SRS6_CWD,2023-03-11,SRS6,tree,cwd,NA,LGR,original,14:07:00,14:10:00,2023,3,dry,25.6,25.9,NA,28,NA,NA,1064.6016666666667,213.35,2012.6016666666667,-0.01167712459496533,HM,AICc | Intercept,valid,FALSE,TRUE,4.2030014769011235,-0.01168096283238984,0.03233312951426048,3.0039432091697625e-5,-0.01167712459496533,0.03231015634957579,2.477789813972825,HM,Intercept (LM),valid,FALSE,TRUE,315.3371662796814,1.4103253600307029,0.9759528998909394,0,2.477789813972825,0.999593738370188,valid,healthy,NA
Mar_23_244_SRS6_CWD,2023-03-11,SRS6,tree,cwd,NA,LGR,original,14:31:00,14:34:00,2023,3,dry,26.1,25.8,NA,31,NA,NA,418.99555555555554,107.68,1366.9955555555557,0.08300785787182999,LM,g-fact. > 2 | Intercept,valid,FALSE,TRUE,24.975947310627618,0.08300785787182999,0.5832544626947165,1.2259869464727416e-86,0.22239650793327073,0.6209379232635659,3.928364618549835,HM,NA,valid,FALSE,FALSE,618.369896941499,3.0967472084558727,0.9959298845661736,0,3.928364618549835,0.9999183238504128,valid,healthy,NA
Mar_23_245_SRS6_CWD,2023-03-11,SRS6,tree,cwd,NA,LGR,original,14:40:00,14:43:00,2023,3,dry,25.9,25.9,NA,25,NA,NA,418.99555555555554,107.68,1366.9955555555557,0.8548283082231077,HM,AICc,valid,FALSE,TRUE,20.65335667401089,0.8481767794788517,0.960902077668886,7.849126893735022e-196,0.8548283082231077,0.9607439567350898,2.8338113749513107,HM,SE,valid,FALSE,TRUE,66.22554307613667,2.6850229975737485,0.9957388299361808,0,2.8338113749513107,0.9959463631393533,valid,healthy,NA
Mar_23_246_SRS6_CWD,2023-03-11,SRS6,tree,cwd,NA,LGR,original,14:54:00,14:57:00,2023,3,dry,24.2,25.9,NA,22,NA,NA,418.99555555555554,107.68,1366.9955555555557,0.05305492573193029,LM,g-fact. > 2 | Intercept (LM),valid,FALSE,TRUE,20.12866265860747,0.05305492573193029,0.4560820506927653,8.098066482091116e-66,0.11677614677742676,0.4794431086887064,5.303725647712931,HM,Intercept (LM),valid,FALSE,TRUE,396.1052174053904,2.7495439635883185,0.96761091119164,0,5.303725647712931,0.999742370778169,valid,healthy,NA
Mar_23_248_SRS6_stem,2023-03-11,SRS6,tree,stem,NA,LGR,original,15:05:00,15:08:00,2023,3,dry,24.1,26,NA,30,NA,NA,418.99555555555554,107.68,1366.9955555555557,0.3386340254701699,HM,AICc,valid,FALSE,TRUE,12.977595112683955,0.31090359385272953,0.8840788084762214,1.4608762292318522e-158,0.3386340254701699,0.8845263150297399,2.9778738807336564,HM,NA,valid,FALSE,FALSE,175.55840562452204,2.3221863798015456,0.9948849794519437,0,2.9778738807336564,0.9992298275259768,valid,healthy,NA
Mar_23_250_SRS6_stem,2023-03-11,SRS6,tree,stem,NA,LGR,original,15:15:00,15:18:00,2023,3,dry,24.1,26,NA,30,NA,NA,418.99555555555554,107.68,1366.9955555555557,0.07483502653530705,HM,AICc | Intercept,valid,FALSE,TRUE,3.109933087597574,0.06862692687501067,0.3064242373193867,1.652793121154373e-28,0.07483502653530705,0.3065264522470521,2.475838010014722,HM,NA,valid,FALSE,FALSE,156.7341317849002,2.0372072150390825,0.9964775643281036,0,2.475838010014722,0.9990685169766852,valid,healthy,NA
Mar_23_251_SRS6_stem,2023-03-11,SRS6,tree,stem,NA,LGR,original,15:25:00,15:28:00,2023,3,dry,24.1,26.1,NA,32,NA,NA,418.99555555555554,107.68,1366.9955555555557,0.16004298744767884,HM,Intercept,valid,FALSE,TRUE,5.941979374977144,0.0946241071130155,0.5413827644842446,2.6888617666787937e-63,0.16004298744767884,0.5500450918608032,3.4510925584336256,HM,NA,valid,FALSE,FALSE,378.0158505120631,3.11102574412202,0.9991043357272316,0,3.4510925584336256,0.9998335911226334,valid,healthy,NA
Mar_23_252_SRS6_stem,2023-03-11,SRS6,tree,stem,NA,LGR,original,15:31:00,15:34:00,2023,3,dry,24.1,26.1,NA,32,NA,NA,418.99555555555554,107.68,1366.9955555555557,0.16032332469106889,HM,Intercept (LM),valid,FALSE,TRUE,3.8490689891172463,0.09493106606416986,0.3966327947366717,1.4300703192235375e-31,0.16032332469106889,0.40733273724441266,4.1089821564733,HM,NA,valid,FALSE,FALSE,253.6789502385232,4.040469078069622,0.9997208283985312,0,4.1089821564733,0.9997364678114916,valid,healthy,NA
Mar_23_254_SRS6_stem,2023-03-11,SRS6,tree,stem,NA,LGR,original,15:50:30,15:53:30,2023,3,dry,24.2,26.2,NA,35,NA,NA,418.99555555555554,107.68,1366.9955555555557,0.21501936064661337,HM,Intercept,valid,FALSE,TRUE,6.25666092141667,0.157249097459771,0.6521016904264397,3.209330298546539e-65,0.21501936064661337,0.6578029666468095,1.7866636062372234,HM,Intercept (LM),valid,FALSE,TRUE,115.83557119033637,1.0207835557222555,0.9749355350853008,2.1933723354131535e-222,1.7866636062372234,0.9983185368638228,valid,healthy,NA
Mar_23_255_SRS6_stem,2023-03-11,SRS6,tree,stem,NA,LGR,original,15:56:00,15:59:00,2023,3,dry,24.2,26.2,NA,35,NA,NA,418.99555555555554,107.68,1366.9955555555557,0.1854374062049053,HM,Intercept,valid,FALSE,TRUE,4.3266088291974905,0.13038348554515297,0.4640174416068964,5.664058801261196e-41,0.1854374062049053,0.4680940821644045,3.897761630379746,HM,AICc,valid,FALSE,TRUE,218.43427771017883,3.8364884195929343,0.9996213321495384,0,3.897761630379746,0.9996213496413746,valid,healthy,NA
Mar_23_256_SRS6_stem,2023-03-11,SRS6,tree,stem,NA,LGR,original,16:02:00,16:05:00,2023,3,dry,24.2,26.2,NA,35,NA,NA,418.99555555555554,107.68,1366.9955555555557,0.14937329674537045,HM,AICc | Intercept,valid,FALSE,TRUE,2.9076146426131717,0.1033281613914002,0.3293050690996451,2.0698271575894915e-21,0.14937329674537045,0.3324142377088112,5.099517422697905,HM,NA,valid,FALSE,FALSE,305.9952995512643,4.431850505291162,0.9984712322327348,1.432996e-301,5.099517422697905,0.9998384874598236,valid,healthy,NA
Mar_23_257_SRS6_stem,2023-03-11,SRS6,tree,stem,NA,LGR,original,16:10:00,16:13:00,2023,3,dry,23.1,26.2,NA,35,NA,NA,1064.6016666666667,213.35,2012.6016666666667,0.4102123742125654,HM,MAE | AICc,valid,FALSE,TRUE,16.09181114731826,0.4049512601607165,0.9441732892407751,3.166393512891601e-153,0.4102123742125654,0.9440935350597754,5.616553963034684,HM,NA,valid,FALSE,FALSE,419.4839178927735,4.944701206475575,0.9987755163309524,0,5.616553963034684,0.9999077947576634,valid,healthy,NA
Mar_23_259_SRS6_stem,2023-03-11,SRS6,tree,stem,NA,LGR,original,16:20:15,16:23:15,2023,3,dry,23.1,26.2,NA,35,NA,NA,1064.6016666666667,213.35,2012.6016666666667,0.06237624255178838,LM,g-fact. > 2,valid,FALSE,TRUE,11.356930271285512,0.06237624255178838,0.3121612896620011,7.501471585389659e-25,0.16496602171228775,0.3389750807897459,3.9231490742320743,HM,NA,valid,FALSE,FALSE,175.35678867388842,3.471044504991189,0.998359177264289,0,3.9231490742320743,0.9993880441338326,valid,healthy,NA
Mar_23_221_SRS5_root,2023-03-12,SRS5,tree,root,NA,LGR,original,11:27:48,11:30:38,2023,3,dry,25.4,23.4,NA,0,NA,NA,212.53666666666663,40.45,1160.5366666666666,0.20969539910781732,HM,AICc | Intercept,valid,FALSE,TRUE,3.716011426598153,0.209329486783769,0.43522536791124333,3.3647268903213174e-37,0.20969539910781732,0.4351007296679985,1.029569184317236,HM,NA,valid,FALSE,FALSE,46.582140248519195,0.8247487069251144,0.9873631721168254,6.97297285705648e-271,1.029569184317236,0.9909058477164024,valid,healthy,NA
Mar_23_218_SRS5_stem,2023-03-12,SRS5,tree,stem,NA,LGR,original,11:06:00,11:09:00,2023,3,dry,25.4,23.4,NA,0,NA,NA,418.99555555555554,107.68,1366.9955555555557,-0.06908595409019917,HM,AICc | Intercept,valid,FALSE,TRUE,11.165588702209574,-0.06902433832428631,0.2339351278686929,4.1013639264298134e-26,-0.06908595409019917,0.23381912162593532,0.46017772052716455,HM,NA,valid,FALSE,FALSE,54.21366207102013,0.3220557138212248,0.9807890297324696,0,0.46017772052716455,0.9896045749929075,valid,healthy,NA
Mar_23_220_SRS5_stem,2023-03-12,SRS5,tree,stem,NA,LGR,original,11:18:00,11:21:00,2023,3,dry,25.4,23.4,NA,0,NA,NA,212.53666666666663,40.45,1160.5366666666666,0.0471367855665351,LM,g-fact. > 2 | Intercept,valid,FALSE,TRUE,2.2982164209819698,0.0471367855665351,0.01358086374277123,0.02221483975191061,0.11577827722245448,0.0255874687572567,1.0655589860091794,HM,NA,valid,FALSE,FALSE,59.69156406492612,0.8833874433115831,0.9916158744465808,0,1.0655589860091794,0.9940526425198482,valid,healthy,NA
Mar_23_222_SRS5_stem,2023-03-12,SRS5,tree,stem,NA,LGR,original,11:42:40,11:45:40,2023,3,dry,27.7,23.5,NA,0,NA,NA,1064.6016666666667,213.35,2012.6016666666667,0.08427038598921059,HM,AICc | Intercept,valid,FALSE,TRUE,3.83828330835739,0.06201369901238462,0.39825582603728393,4.631554496957502e-35,0.08427038598921059,0.4018993300648197,0.6442969771423351,HM,NA,valid,FALSE,FALSE,102.217870540511,0.5326490688210866,0.9955016973745328,0,0.6442969771423351,0.9980250908751191,valid,healthy,NA
Mar_23_224_SRS5_stem,2023-03-12,SRS5,tree,stem,NA,LGR,original,12:12:35,12:15:35,2023,3,dry,27.7,23.5,NA,0,NA,NA,1064.6016666666667,213.35,2012.6016666666667,0.03872389753811674,LM,g-fact. > 2 | Intercept (HM),valid,FALSE,TRUE,7.420194291687569,0.03872389753811674,0.1678550376650061,1.5636773098415168e-12,0.14515849198956357,0.2092933050273318,0.597159563570775,HM,NA,valid,FALSE,FALSE,81.85162464039936,0.5373642155171527,0.9966267202447372,0,0.597159563570775,0.9973868153435156,valid,healthy,NA
Mar_23_225_SRS5_root,2023-03-12,SRS5,tree,root,NA,LGR,original,12:28:00,12:31:00,2023,3,dry,27.7,23.5,NA,0,NA,NA,212.53666666666663,40.45,1160.5366666666666,0.14638638547565824,LM,g-fact. > 2 | Intercept,valid,FALSE,TRUE,7.298215854531564,0.14638638547565824,0.17233816930300438,3.867101026763526e-12,0.29571001478724895,0.18231731647737248,1.260093136047759,HM,SE | Intercept (LM),valid,FALSE,TRUE,46.14013215213294,0.9568565452188548,0.9864803379094425,7.235552456033937e-236,1.260093136047759,0.9916223715666722,valid,healthy,NA
Mar_23_226_SRS5_stem,2023-03-12,SRS5,tree,stem,NA,LGR,original,12:42:35,12:45:35,2023,3,dry,29,23.5,NA,0,NA,NA,1064.6016666666667,213.35,2012.6016666666667,0.15722443951506546,HM,AICc | Intercept (HM),valid,FALSE,TRUE,5.442039833806022,0.12813980211003456,0.6667114943173711,1.848028772872113e-52,0.15722443951506546,0.6688328997452486,0.49643141325312734,HM,NA,valid,FALSE,FALSE,47.62375646964774,0.4148385091731924,0.9914912077468678,1.3351956975212164e-220,0.49643141325312734,0.9936648651210832,valid,healthy,NA
Mar_23_228_SRS5_stem,2023-03-12,SRS5,tree,stem,NA,LGR,original,13:07:15,13:10:15,2023,3,dry,29,23.5,NA,0,NA,NA,1064.6016666666667,213.35,2012.6016666666667,0.0778157991776011,HM,AICc,valid,FALSE,TRUE,2.341173259238289,0.0777948994766048,0.2767039637072862,8.983878333084996e-18,0.0778157991776011,0.2766045180728255,0.5435975791786916,HM,NA,valid,FALSE,FALSE,70.90063741881352,0.4872476089659025,0.9961970193165386,1.8770680772841168e-274,0.5435975791786916,0.9970285181986714,valid,healthy,NA
Mar_23_229_SRS5_root,2023-03-12,SRS5,tree,root,NA,LGR,original,13:16:45,13:19:45,2023,3,dry,29,23.5,NA,0,NA,NA,212.53666666666663,40.45,1160.5366666666666,1.437546780553384,HM,NA,valid,FALSE,FALSE,15.940261826133698,1.197869851592009,0.943566825152844,6.636959564115894e-134,1.437546780553384,0.9458190878748428,1.342504387936153,HM,SE,valid,FALSE,TRUE,41.56960125145754,1.0747081364787918,0.9880440559898702,5.132434670881166e-205,1.342504387936153,0.9914891312362908,valid,healthy,NA
Mar_23_230_SRS5_stem,2023-03-12,SRS5,tree,stem,NA,LGR,original,13:28:09,13:31:09,2023,3,dry,29,23.6,NA,0,NA,NA,418.99555555555554,107.68,1366.9955555555557,0.14685737265785476,HM,AICc | Intercept,valid,FALSE,TRUE,2.383714788135714,0.14686741290719127,0.257231893546783,1.2789442873113643e-18,0.14685737265785476,0.25713964468788564,0.6311583877462458,HM,NA,valid,FALSE,FALSE,74.6325959318335,0.5744074734692819,0.996333581613969,1.8492309e-300,0.6311583877462458,0.9969456119923972,valid,healthy,NA
Mar_23_231_SRS5_stem,2023-03-12,SRS5,tree,stem,NA,LGR,original,13:38:57,13:41:57,2023,3,dry,29,23.6,NA,0,NA,NA,212.53666666666663,40.45,1160.5366666666666,0.23018825702936935,HM,AICc | Intercept,valid,FALSE,TRUE,2.909511483063287,0.1382280476242786,0.2987517623385276,1.0511470806700874e-20,0.23018825702936935,0.3039727626860239,1.2480148567477498,HM,NA,valid,FALSE,FALSE,54.82530748634737,1.163993360436545,0.9944789164512002,1.4097130448028953e-276,1.2480148567477498,0.9948038517812022,valid,healthy,NA
Mar_23_232_SRS5_stem,2023-03-12,SRS5,tree,stem,NA,LGR,original,13:49:59,13:52:59,2023,3,dry,29,23.6,NA,0,NA,NA,212.53666666666663,40.45,1160.5366666666666,-0.06333067390306557,HM,AICc | Intercept,valid,FALSE,TRUE,0.9052759656566028,-0.06331784479328371,0.04556937039302,3.430210697093877e-4,-0.06333067390306557,0.04555309864367884,0.24984529893891613,HM,AICc,valid,FALSE,TRUE,10.469597876583718,0.24628665374605815,0.8716328096112478,1.929731394463765e-115,0.24984529893891613,0.8715815377416399,valid,healthy,NA
Mar_23_233_SRS5_root,2023-03-12,SRS5,tree,root,NA,LGR,original,13:58:34,14:01:34,2023,3,dry,29,23.6,NA,0,NA,NA,212.53666666666663,40.45,1160.5366666666666,0.46203419197888235,HM,AICc,valid,FALSE,TRUE,6.99573110931774,0.4562272976345116,0.7757013132765603,3.2188275914549887e-74,0.46203419197888235,0.7756452899709667,0.6967533951616243,LM,SE | g-fact. > 2 | Intercept (LM),valid,FALSE,TRUE,53.64774471443065,0.6967533951616243,0.9280663810728994,4.436520201739037e-129,1.6316882160596462,0.9759101372749388,valid,healthy,NA
Mar_23_234_SRS5_stem,2023-03-12,SRS5,tree,stem,NA,LGR,original,14:35:40,14:38:40,2023,3,dry,28.3,23.7,NA,2,NA,NA,212.53666666666663,40.45,1160.5366666666666,0.2639883895749917,HM,AICc | Intercept,valid,FALSE,TRUE,3.739194550686291,0.1793487090920623,0.40356785298012954,5.040225799482423e-32,0.2639883895749917,0.4072755032496953,1.4386215645750893,HM,NA,valid,FALSE,FALSE,70.5917062929381,1.2363348634354834,0.994801796015673,3.459976778238178e-292,1.4386215645750893,0.9963670513091646,valid,healthy,NA
Mar_23_235_SRS5_stem,2023-03-12,SRS5,tree,stem,NA,LGR,original,14:45:40,14:48:40,2023,3,dry,28.3,23.7,NA,3,NA,NA,212.53666666666663,40.45,1160.5366666666666,0.27255593039960807,HM,AICc,valid,FALSE,TRUE,4.150130784556335,0.2718251722617073,0.5367555128620362,2.315937924701715e-41,0.27255593039960807,0.5366161680299232,1.4991099410537971,HM,NA,valid,FALSE,FALSE,66.12937583212768,1.3268852728803753,0.9954098580361668,5.818523284940494e-277,1.4991099410537971,0.9964148912887392,valid,healthy,NA
Mar_23_236_SRS5_stem,2023-03-12,SRS5,tree,stem,NA,LGR,original,14:54:20,14:57:20,2023,3,dry,28.3,23.7,NA,5,NA,NA,212.53666666666663,40.45,1160.5366666666666,0.06927167138110948,HM,AICc | Intercept,valid,FALSE,TRUE,1.9374799326770964,0.06924434781582171,0.14371486635133102,1.0755745242915697e-13,0.06927167138110948,0.1436661902074039,1.2609471349580263,HM,NA,valid,FALSE,FALSE,93.33151874405,1.132078944951112,0.9965349369204164,0,1.2609471349580263,0.997339433743665,valid,healthy,NA
Mar_23_237_SRS5_root,2023-03-12,SRS5,tree,root,NA,LGR,original,15:04:10,15:07:10,2023,3,dry,28.3,23.7,NA,6,NA,NA,212.53666666666663,40.45,1160.5366666666666,0.17679627086213476,LM,g-fact. > 2 | Intercept,valid,FALSE,TRUE,14.101179200725904,0.17679627086213476,0.4080560959160663,1.2137534440866287e-34,0.6451844748381059,0.4453152334558528,1.459271636486857,HM,SE,valid,FALSE,TRUE,57.723596446992424,0.95678070491365,0.9810647820319752,1.2893494293567178e-248,1.459271636486857,0.993434066838502,valid,healthy,NA
Mar_23_238_SRS5_stem,2023-03-12,SRS5,tree,stem,NA,LGR,original,15:21:20,15:24:20,2023,3,dry,28.3,23.5,NA,6,NA,NA,418.99555555555554,107.68,1366.9955555555557,0.06455924060102679,HM,AICc | Intercept,valid,FALSE,TRUE,3.3126140828685933,0.06431217453844967,0.38360755027638793,2.2463201515624145e-31,0.06455924060102679,0.38351836052538024,0.831046926772652,HM,NA,valid,FALSE,FALSE,93.12247377351456,0.7799641795240209,0.997649757774112,0,0.831046926772652,0.9979180905123192,valid,healthy,NA
Mar_23_241_SRS5_root,2023-03-12,SRS5,tree,root,NA,LGR,original,15:50:45,15:53:45,2023,3,dry,28.3,23.5,NA,9,NA,NA,212.53666666666663,40.45,1160.5366666666666,0.20338243353225657,HM,AICc | Intercept,valid,FALSE,TRUE,2.474174190150375,0.1287638804780043,0.2471016447328915,2.3645733000189365e-16,0.20338243353225657,0.2487264333470025,1.132449665104544,HM,RMSE | AICc,valid,FALSE,TRUE,48.3593168819047,1.1208920959681343,0.9938437428073088,7.105061032060699e-261,1.132449665104544,0.9937099462453728,valid,healthy,NA
Mar_23_242_SRS5_root,2023-03-12,SRS5,tree,root,NA,LGR,original,16:03:30,16:06:30,2023,3,dry,28.3,23.5,NA,10,NA,NA,212.53666666666663,40.45,1160.5366666666666,0.5772207884386925,HM,NA,valid,FALSE,FALSE,10.63250673708118,0.43171791138614457,0.8422690996984362,2.5814569588085635e-113,0.5772207884386925,0.8474361450154556,1.8345943705237515,HM,AICc,valid,FALSE,TRUE,111.12847221462064,1.8062336134393049,0.9985559357289104,0,1.8345943705237515,0.9985602120348706,valid,healthy,NA
Mar_23_227_SRS5_stem,2023-03-12,SRS5,tree,stem,NA,LGR,original,12:53:45,12:56:45,2023,3,dry,29,23.5,NA,0,NA,NA,1064.6016666666667,213.35,2012.6016666666667,0.09500798479979168,HM,AICc,valid,FALSE,TRUE,6.056888649313419,0.09476953351429183,0.6519805779857328,6.162391504013844e-74,0.09500798479979168,0.6518084817728715,0.6015310933867499,HM,NA,valid,FALSE,FALSE,100.7993042848674,0.5202526749865759,0.9964721350695962,0,0.6015310933867499,0.9979355621609166,valid,healthy,NA
Mar_23_239_SRS5_stem,2023-03-12,SRS5,tree,stem,NA,LGR,original,15:29:50,15:32:50,2023,3,dry,28.3,23.5,NA,7.5,NA,NA,418.99555555555554,107.68,1366.9955555555557,0.12726680946872182,HM,Intercept,valid,FALSE,TRUE,4.540999831077056,0.07559885548969328,0.4564363628173651,7.97185318619149e-42,0.12726680946872182,0.462150701901358,0.7228944618865862,HM,NA,valid,FALSE,FALSE,72.577246190414,0.5798172842720805,0.9928350573679882,0,0.7228944618865862,0.9960517789121794,valid,healthy,NA
Mar_23_219_SRS5_stem,2023-03-12,SRS5,tree,stem,NA,LGR,original,11:11:00,11:14:09,2023,3,dry,25.4,23.4,NA,0,NA,NA,212.53666666666663,40.45,1160.5366666666666,-0.14201303462656426,LM,SE | g-fact. > 2 | Intercept,valid,FALSE,TRUE,11.908806219009664,-0.14201303462656426,0.23875038491924683,1.34188377596586e-28,-0.44941271496767066,0.2940168333707951,0.7163653198162333,LM,RMSE | MAE | AICc,valid,FALSE,TRUE,174.0792770558498,0.7163653198162333,0.9853991320701052,0,0.7214534072086523,0.9852069107513344,valid,healthy,NA
Mar_23_223_SRS5_stem,2023-03-12,SRS5,tree,stem,NA,LGR,original,11:56:30,11:59:50,2023,3,dry,27.7,23.5,NA,0,NA,NA,1064.6016666666667,213.35,2012.6016666666667,0.1630099864928974,HM,AICc,valid,FALSE,TRUE,1.2998872871213345,0.16307707389875967,0.08267759070419445,4.3147628307366107e-7,0.1630099864928974,0.0826446502817898,0.5780406686149024,HM,NA,valid,FALSE,FALSE,66.88905029270155,0.5223602705293128,0.995089289911079,0,0.5780406686149024,0.9957798258339484,valid,healthy,NA
Mar_23_240_SRS5_stem,2023-03-12,SRS5,tree,stem,NA,LGR,original,15:37:30,15:41:00,2023,3,dry,28.3,23.5,NA,8,NA,NA,418.99555555555554,107.68,1366.9955555555557,0.165587660516575,HM,Intercept (LM),valid,FALSE,TRUE,9.905238883446932,0.09155347083968644,0.7208984259681944,2.7663215495742067e-117,0.165587660516575,0.7420152551516666,0.8840642627090441,HM,NA,valid,FALSE,FALSE,132.1244384498055,0.5877583578378412,0.9860197294148912,0,0.8840642627090441,0.9981919445078812,valid,healthy,NA
Mar_23_191_SRS5_stem,2023-03-13,SRS5,tree,stem,NA,LGR,original,10:57:52,10:59:52,2023,3,dry,26.1,24,NA,0,NA,NA,418.99555555555554,107.68,1366.9955555555557,-0.16546237515716247,HM,AICc | p-value | Intercept | nb.obs,valid,FALSE,TRUE,1.6431065486604703,-0.16548413082108904,0.03493675489900694,0.10232843769098184,-0.16546237515716247,0.03490894295929991,29.71853294565192,HM,SE | nb.obs,valid,FALSE,TRUE,21.548966703816056,17.104055057925606,0.9655377593040224,5.591650149341896e-37,29.71853294565192,0.9912545548501872,valid,healthy,NA
Mar_23_202_SRS5_CWD,2023-03-13,SRS5,tree,cwd,NA,LGR,original,13:02:30,13:05:20,2023,3,dry,24.4,24,NA,NA,NA,NA,418.99555555555554,107.68,1366.9955555555557,0.07294907557709006,HM,AICc | Intercept,valid,FALSE,TRUE,1.2048706291660205,0.04188870455152781,0.0724188634416808,4.276087852696668e-5,0.07294907557709006,0.07440669748206052,0.8121088730435541,HM,NA,valid,FALSE,FALSE,55.07264914879249,0.7068129732423932,0.9940362768497668,9.001125539264064e-236,0.8121088730435541,0.9953484055809309,valid,healthy,NA
Mar_23_190_SRS5_stem,2023-03-13,SRS5,tree,stem,NA,LGR,original,10:44:34,10:47:34,2023,3,dry,26.1,24,NA,0,NA,NA,418.99555555555554,107.68,1366.9955555555557,0.15551790448364303,LM,g-fact. > 2 | Intercept (HM),valid,FALSE,TRUE,18.52395292050585,0.15551790448364303,0.5787777157980357,1.106204716059521e-48,0.3431012192120444,0.6174722946150748,0.8384752404573549,LM,RMSE | MAE | AICc,valid,FALSE,TRUE,251.09566846038803,0.8384752404573549,0.9960661662529312,1.760336301574628e-292,0.8472228691333715,0.9959379156263696,valid,healthy,NA
Mar_23_193_SRS5_stem,2023-03-13,SRS5,tree,stem,NA,LGR,original,11:16:13,11:19:13,2023,3,dry,26.6,24.1,NA,0,NA,NA,418.99555555555554,107.68,1366.9955555555557,0.16592973277450213,HM,AICc,valid,FALSE,TRUE,4.8709618053569645,0.15648222177799223,0.5857570935260092,6.836946702754203e-52,0.16592973277450213,0.5859166530145041,1.0718840017188649,HM,NA,valid,FALSE,FALSE,73.79675710145,0.990066513372836,0.996490304235296,2.31e-305,1.0718840017188649,0.996906991187064,valid,healthy,NA
Mar_23_194_SRS5_stem,2023-03-13,SRS5,tree,stem,NA,LGR,original,11:23:37,11:26:37,2023,3,dry,26.6,24.1,NA,0,NA,NA,418.99555555555554,107.68,1366.9955555555557,0.0963314180439748,LM,g-fact. > 2 | Intercept,valid,FALSE,TRUE,12.660399875702725,0.0963314180439748,0.3930208504227476,1.342089225008002e-28,0.21304815536137292,0.4142065655221492,1.1800702623692063,HM,NA,valid,FALSE,FALSE,110.08674854506717,1.033240669181432,0.9974365382633688,1.1804e-303,1.1800702623692063,0.9986415373133216,valid,healthy,NA
Mar_23_195_SRS5_stem,2023-03-13,SRS5,tree,stem,NA,LGR,original,11:29:44,11:32:44,2023,3,dry,26.6,24.1,NA,0,NA,NA,418.99555555555554,107.68,1366.9955555555557,0.09466325649074524,HM,AICc,valid,FALSE,TRUE,2.7357834101550007,0.07878444544829344,0.31013763885257184,3.610443899647093e-21,0.09466325649074524,0.3110883873725865,0.9427504802318204,HM,NA,valid,FALSE,FALSE,80.75780303597331,0.8082391831353357,0.995868461332779,6.526759597456957e-286,0.9427504802318204,0.9975228135938836,valid,healthy,NA
Mar_23_196_SRS5_root,2023-03-13,SRS5,tree,root,NA,LGR,original,11:36:00,11:39:00,2023,3,dry,26.6,24.1,NA,0,NA,NA,418.99555555555554,107.68,1366.9955555555557,0.4588444040308952,HM,AICc,valid,FALSE,TRUE,7.759715071157298,0.4154863770971849,0.8516331326372384,9.697655793038184e-67,0.4588444040308952,0.8522288097718432,0.9905610443588224,HM,Intercept (LM),valid,FALSE,TRUE,36.64193482270532,0.6944857303198795,0.982241767833562,1.1097442636699158e-138,0.9905610443588224,0.9913262840491336,valid,healthy,NA
Mar_23_200_SRS5_CWD,2023-03-13,SRS5,tree,cwd,NA,LGR,original,12:49:04,12:52:04,2023,3,dry,25.8,NA,NA,0,NA,NA,418.99555555555554,107.68,1366.9955555555557,0.07050367658353747,HM,AICc | Intercept,valid,FALSE,TRUE,1.272950441408252,0.04472056661216538,0.07252784007803836,9.392419959269472e-6,0.07050367658353747,0.07411984786958592,0.7228628268242537,HM,NA,valid,FALSE,FALSE,59.91529917293286,0.5745144950522206,0.991452552001192,1.089254476761466e-258,0.7228628268242537,0.995166116481515,valid,healthy,NA
Mar_23_201_SRS5_CWD,2023-03-13,SRS5,tree,cwd,NA,LGR,original,12:53:50,12:56:50,2023,3,dry,24.4,24.2,NA,0,NA,NA,212.53666666666663,40.45,1160.5366666666666,0.3759028829016672,HM,AICc | Intercept,valid,FALSE,TRUE,4.812998405272969,0.30915103977056696,0.5473230814815215,4.080901014211657e-49,0.3759028829016672,0.548955894677474,2.3974503581490065,HM,NA,valid,FALSE,FALSE,116.59872664379871,2.3410169498128384,0.9986839246078169,0,2.3974503581490065,0.9987182139929212,valid,healthy,NA
Mar_23_203_SRS5_stem,2023-03-13,SRS5,tree,stem,NA,LGR,original,12:03:01,12:06:01,2023,3,dry,26.7,24.1,NA,0,NA,NA,418.99555555555554,107.68,1366.9955555555557,0.07226889871120552,LM,g-fact. > 2 | Intercept,valid,FALSE,TRUE,6.990901576766267,0.07226889871120552,0.18421599627136945,3.534104589476826e-11,0.24771028091959787,0.20925019628872063,1.1770116738918364,HM,NA,valid,FALSE,FALSE,84.06675976367157,1.070598126403105,0.9974348434574798,1.530077865142156e-275,1.1770116738918364,0.9980434780914362,valid,healthy,NA
Mar_23_204_SRS5_stem,2023-03-13,SRS5,tree,stem,NA,LGR,original,12:11:28,12:14:28,2023,3,dry,26.7,24.1,NA,0,NA,NA,418.99555555555554,107.68,1366.9955555555557,0.10152980925979815,HM,AICc | Intercept,valid,FALSE,TRUE,2.6536076689265333,0.10119087620827384,0.3406333838344501,2.008615142897565e-21,0.10152980925979815,0.34055229964954103,1.312336729179728,HM,NA,valid,FALSE,FALSE,101.93034597458718,1.2742727541346224,0.998624139369922,8.2341648850715e-294,1.312336729179728,0.9986826071472114,valid,healthy,NA
Mar_23_205_SRS5_stem,2023-03-13,SRS5,tree,stem,NA,LGR,original,12:18:21,12:21:21,2023,3,dry,26.7,24.1,NA,0,NA,NA,418.99555555555554,107.68,1366.9955555555557,0.09238491217192003,HM,AICc | Intercept,valid,FALSE,TRUE,2.27786094809121,0.09227705679866358,0.2689449369175453,4.870501851269347e-17,0.09238491217192003,0.2688624400547863,1.5096043482716868,HM,NA,valid,FALSE,FALSE,117.71555952863618,1.39100796794139,0.9984966233675482,1.46710942e-299,1.5096043482716868,0.9989539475269712,valid,healthy,NA
Mar_23_206_SRS5_stem,2023-03-13,SRS5,tree,stem,NA,LGR,original,12:26:48,12:29:48,2023,3,dry,26.7,24.1,NA,0,NA,NA,418.99555555555554,107.68,1366.9955555555557,0.08388593065023153,HM,AICc | Intercept,valid,FALSE,TRUE,2.6117952254619747,0.05027938362804391,0.21409545108785988,7.356563934753035e-18,0.08388593065023153,0.2172698087233408,0.5859601222285363,HM,NA,valid,FALSE,FALSE,50.40463721268913,0.4373233874723883,0.985368460431736,3.720560024195625e-281,0.5859601222285363,0.9913871202677772,valid,healthy,NA
Mar_23_207_SRS5_CWD,2023-03-13,SRS5,tree,cwd,NA,LGR,original,12:32:04,12:35:04,2023,3,dry,26.7,24.1,NA,0,NA,NA,212.53666666666663,40.45,1160.5366666666666,0.3520231484036757,HM,AICc | Intercept,valid,FALSE,TRUE,2.9231751386808473,0.2720628726509122,0.3299755903181376,7.260567612525406e-23,0.3520231484036757,0.33150601066363816,2.2151966178404976,LM,RMSE | SE | AICc,valid,FALSE,TRUE,304.03679367038495,2.2151966178404976,0.9973996090466816,1.994719897387e-295,2.2417099560690996,0.9973295589434338,valid,healthy,NA
Mar_23_189_SRS5_stem,2023-03-13,SRS5,tree,stem,NA,LGR,original,10:39:19,10:42:19,2023,3,dry,26.1,24,NA,0,NA,NA,418.99555555555554,107.68,1366.9955555555557,0.00765121379940938,LM,HM.flux is NA,valid,TRUE,TRUE,1.3706948861952684,0.00765121379940938,0.00288247189121826,0.17148458534601987,NA,NA,0.3799879124786434,LM,RMSE | MAE | AICc,valid,FALSE,TRUE,171.88998952324343,0.3799879124786434,0.9898154623012724,4.460480508148958e-291,0.38320018742437206,0.9896930551986636,valid,healthy,NA
Mar_23_199_SRS5_CWD,2023-03-13,SRS5,tree,cwd,NA,LGR,original,12:43:30,12:46:30,2023,3,dry,25.89,11,NA,0,NA,NA,212.53666666666663,40.45,1160.5366666666666,0.2601299237870507,HM,AICc | Intercept,valid,FALSE,TRUE,2.94473060013098,0.2594090069935793,0.3518881655172089,7.570597863266741e-26,0.2601299237870507,0.3517997671922767,2.473266664446638,HM,NA,valid,FALSE,FALSE,103.41015984864958,2.3678866225385926,0.9983588473603182,0,2.473266664446638,0.9984867009827102,valid,healthy,NA
Mar_23_192_SRS5_root,2023-03-13,SRS5,tree,root,NA,LGR,original,11:02:07,11:05:47,2023,3,dry,26.1,24,NA,0,NA,NA,212.53666666666663,40.45,1160.5366666666666,0.78762506007596,HM,NA,valid,FALSE,FALSE,5.83052661027858,0.5203771755676934,0.6822468942329716,6.683007607794006e-51,0.78762506007596,0.6926126425492336,-0.04861740436204535,HM,AICc | Intercept,valid,FALSE,TRUE,4.785300290787621,-0.04860544641082102,0.1008280867928758,3.0681770218590376e-6,-0.04861740436204535,0.10079099269510838,valid,healthy,NA
Mar_23_197_SRS5_root,2023-03-13,SRS5,tree,root,NA,LGR,original,11:45:05,11:49:05,2023,3,dry,26.6,24.1,NA,0,NA,NA,212.53666666666663,40.45,1160.5366666666666,0.65622410175402,HM,AICc | Intercept,valid,FALSE,TRUE,10.775562191045717,0.6490085831236866,0.8796523604166016,3.6983711216145564e-117,0.65622410175402,0.8795738689003727,0.2280838809572477,HM,SE | Intercept,valid,FALSE,TRUE,6.625161779725267,0.15032866220268745,0.6871968710810863,2.9853635356747165e-65,0.2280838809572477,0.6951677179203651,valid,healthy,NA
Mar_23_129_CP40_stem,2023-03-15,CP40,tree,stem,NA,LGR,original,12:13:50,12:16:50,2023,3,dry,22.2,23.1,NA,8,NA,NA,1064.6016666666667,213.35,2012.6016666666667,17.361316444434777,LM,SE | g-fact. > 2 | Intercept,valid,FALSE,TRUE,21.154181876378157,17.361316444434777,0.6392266217094977,1.0318383096785828e-57,39.89387945662992,0.6876166813628932,0.3316825406028855,HM,NA,valid,FALSE,FALSE,48.09357141215414,0.30509818783320836,0.9923573768317208,6.81597519555012e-268,0.3316825406028855,0.9928538048303766,valid,ghost,NA
Mar_23_130_CP40_stem,2023-03-15,CP40,tree,stem,NA,LGR,original,12:24:40,12:27:40,2023,3,dry,22.2,23.1,NA,8,NA,NA,1064.6016666666667,213.35,2012.6016666666667,0.8479462931338575,LM,SE | g-fact. > 2 | Intercept (LM),valid,FALSE,TRUE,3.703012030557288,0.8479462931338575,0.04802306409923396,2.6197546392653294e-4,9.006383893762008,0.14025240770310665,0.30553886544354697,LM,RMSE | MAE | AICc,valid,FALSE,TRUE,147.03841749869733,0.30553886544354697,0.9884780470255008,1.6179558873949665e-245,0.30790482614291353,0.9883312145729504,valid,ghost,NA
Mar_23_131_CP40_stem,2023-03-15,CP40,tree,stem,NA,LGR,original,12:32:00,12:35:00,2023,3,dry,22.2,23.1,NA,NA,NA,NA,1064.6016666666667,213.35,2012.6016666666667,0.04956543892496488,LM,g-fact. > 2 | Intercept,valid,FALSE,TRUE,4.339497932688601,0.04956543892496488,0.07497434989700125,2.1810143650061887e-5,0.13636343779878254,0.09550627012367474,0.4265859901717569,HM,RMSE | AICc,valid,FALSE,TRUE,44.14496516420273,0.4238400388022802,0.9931566150325664,3.0075405207634e-239,0.4265859901717569,0.9929845651413362,valid,ghost,NA
Mar_23_132_CP40_stem,2023-03-15,CP40,tree,stem,NA,LGR,original,12:48:55,12:51:55,2023,3,dry,22.2,23,NA,3,NA,NA,1064.6016666666667,213.35,2012.6016666666667,23.99788071000807,LM,SE | g-fact. > 2 | Intercept,valid,FALSE,TRUE,16.91522960279787,23.99788071000807,0.5099485433203955,2.131488343893941e-44,70.31939367877033,0.5848900471258103,0.550546699621893,HM,NA,valid,FALSE,FALSE,75.738587943797,0.4785032822334649,0.995403243848897,2.47e-305,0.550546699621893,0.9967874242145752,valid,ghost,NA
Mar_23_133_CP40_stem,2023-03-15,CP40,tree,stem,NA,LGR,original,13:01:20,13:04:20,2023,3,dry,22.2,23,NA,3,NA,NA,1064.6016666666667,213.35,2012.6016666666667,2.1954219820804326,LM,SE | g-fact. > 2 | Intercept (LM),valid,FALSE,TRUE,20.43166663234117,2.1954219820804326,0.6382881745374309,5.0445326936149014e-54,4.7187975179611765,0.676753166528043,0.29897779760987736,HM,NA,valid,FALSE,FALSE,35.649943756031504,0.2518704197139815,0.985360112431028,8.976436052618253e-218,0.29897779760987736,0.9874272240570404,valid,ghost,NA
Mar_23_134_CP40_stem,2023-03-15,CP40,tree,stem,NA,LGR,original,13:10:52,13:13:52,2023,3,dry,22.2,23,NA,3,NA,NA,1064.6016666666667,213.35,2012.6016666666667,0.31673564440716573,HM,NA,valid,FALSE,FALSE,11.455739319707815,0.15839820910404256,0.8093052571315072,1.165214334602865e-107,0.31673564440716573,0.8391385935746636,0.3750802529398969,HM,NA,valid,FALSE,FALSE,55.50727890780568,0.2911454606370165,0.9886552513761132,3.0287256919021766e-287,0.3750802529398969,0.9932632948339912,valid,ghost,NA
Mar_23_136_CP40_stem,2023-03-15,CP40,tree,stem,NA,LGR,original,10:59:55,11:02:55,2023,3,dry,22.7,22.9,NA,0,NA,NA,1064.6016666666667,213.35,2012.6016666666667,0.4542146338329355,LM,SE | g-fact. > 2 | Intercept,valid,FALSE,TRUE,6.524364178419206,0.4542146338329355,0.20828728304194932,8.919706859047674e-10,3.061262090293331,0.3769975139865932,0.4977963668726632,HM,NA,valid,FALSE,FALSE,25.44328547238139,0.4280308287127308,0.9823972515550388,7.39079503296963e-140,0.4977963668726632,0.983811953562064,valid,ghost,NA
Mar_23_137_CP40_stem,2023-03-15,CP40,tree,stem,NA,LGR,original,11:16:00,11:19:00,2023,3,dry,22.7,22.9,NA,0,NA,NA,1064.6016666666667,213.35,2012.6016666666667,-0.02541493047307965,HM,AICc | Intercept,valid,FALSE,TRUE,0.973356253055372,-0.02530467421493816,0.06276153793578765,1.3470626397939122e-4,-0.02541493047307965,0.06274818614608124,0.08455172933467489,LM,g-fact. > 2 | Intercept (LM),valid,FALSE,TRUE,28.900472272142448,0.08455172933467489,0.7981319539520303,4.0175965765858776e-75,0.2483841994071632,0.886676942340084,valid,ghost,NA
Mar_23_138_CP40_stem,2023-03-15,CP40,tree,stem,NA,LGR,original,11:22:31,11:25:31,2023,3,dry,22.7,22.9,NA,0,NA,NA,1064.6016666666667,213.35,2012.6016666666667,10.484090324276876,LM,SE | g-fact. > 2 | Intercept,valid,FALSE,TRUE,9.653207149263828,10.484090324276876,0.25382261627159053,3.923492643330968e-19,53.816159544876626,0.3800290694296298,1.3639977880340128,LM,RMSE | MAE | AICc,valid,FALSE,TRUE,644.2677058526297,1.3639977880340128,0.9993475396771624,0,1.380270003483561,0.999277950677212,valid,ghost,NA
Mar_23_139_CP40_stem,2023-03-15,CP40,tree,stem,NA,LGR,original,11:34:00,11:37:00,2023,3,dry,22.7,22.9,NA,0,NA,NA,1064.6016666666667,213.35,2012.6016666666667,0.459538479077298,LM,SE | g-fact. > 2 | Intercept,valid,FALSE,TRUE,15.490474740517104,0.459538479077298,0.4244653897044468,7.330282071360106e-41,1.2957302707119709,0.4824290943331089,0.40096640542633144,LM,RMSE | MAE | AICc,valid,FALSE,TRUE,306.584093953396,0.40096640542633144,0.9965647697901828,0,0.4053532652393488,0.9964836350669982,valid,ghost,NA
Mar_23_141_CP40_CWD,2023-03-15,CP40,tree,cwd,NA,LGR,original,13:57:40,14:00:40,2023,3,dry,22.2,23.9,NA,24,NA,NA,1064.6016666666667,213.35,2012.6016666666667,0.06117983824821873,HM,AICc | Intercept,valid,FALSE,TRUE,3.2427126381180975,0.04724624519950752,0.3391874530966531,2.0945700777001612e-27,0.06117983824821873,0.34156918155046234,0.3838429071420276,HM,AICc,valid,FALSE,TRUE,71.12144427929391,0.3781763439197162,0.9965144818827604,0,0.3838429071420276,0.996470941064251,valid,ghost,NA
Mar_23_142_CP40_CWD,2023-03-15,CP40,tree,cwd,NA,LGR,original,14:10:40,14:13:40,2023,3,dry,22.2,NA,NA,16,NA,NA,418.99555555555554,107.68,1366.9955555555557,0.30854933186120553,HM,AICc,valid,FALSE,TRUE,5.384446706669086,0.29553799324385033,0.6089728500587612,6.904929231744565e-61,0.30854933186120553,0.6090257858061667,0.5030855794100512,HM,MAE | AICc,valid,FALSE,TRUE,55.20475260477102,0.4966649010959595,0.9940906605050552,4e-291,0.5030855794100512,0.9940365584229692,valid,ghost,NA
Mar_23_143_CP40_CWD,2023-03-15,CP40,tree,cwd,NA,LGR,original,14:22:33,14:25:33,2023,3,dry,22.2,NA,NA,20,NA,NA,418.99555555555554,107.68,1366.9955555555557,0.08297653236764088,LM,SE | g-fact. > 2 | Intercept,valid,FALSE,TRUE,2.1014507585280535,0.08297653236764088,0.00874988386820352,0.03624912915930217,3.172795769886547,0.22494443200235337,0.3788644240430251,HM,NA,valid,FALSE,FALSE,50.26923075706116,0.3517673922937601,0.9897976369862188,0,0.3788644240430251,0.9901752409559852,valid,ghost,NA
Mar_23_144_CP40_stem,2023-03-15,CP40,tree,stem,NA,LGR,original,14:38:20,14:41:20,2023,3,dry,22.2,NA,NA,10,NA,NA,1064.6016666666667,213.35,2012.6016666666667,10.415515624015343,LM,SE | g-fact. > 2 | Intercept,valid,FALSE,TRUE,21.707862442963258,10.415515624015343,0.6933199510993207,2.9986200039436507e-55,25.115812119417093,0.7500802143107359,1.119734550464076,HM,NA,valid,FALSE,FALSE,97.58936724060464,1.009023607758016,0.9978067986506428,2.13255923774274e-277,1.119734550464076,0.9985511236874016,valid,ghost,NA
Mar_23_145_CP40_stem,2023-03-15,CP40,tree,stem,NA,LGR,original,14:54:02,14:57:02,2023,3,dry,22.3285714285714,NA,NA,10,NA,NA,1064.6016666666667,213.35,2012.6016666666667,0.07249716617810552,HM,AICc | Intercept,valid,FALSE,TRUE,2.9487893920152577,0.07180960858417933,0.37835839107673486,4.974377166958702e-25,0.07249716617810552,0.378320480665962,0.26985353559494785,HM,NA,valid,FALSE,FALSE,26.3256715780129,0.21774465432998377,0.9745601924307298,5.3820819389676245e-180,0.26985353559494785,0.9778853750202684,valid,ghost,NA
Mar_23_146_CP40_stem,2023-03-15,CP40,tree,stem,NA,LGR,original,15:01:00,15:04:00,2023,3,dry,22.3469387755102,NA,NA,10,NA,NA,1064.6016666666667,213.35,2012.6016666666667,0.05272345991138776,LM,g-fact. > 2 | Intercept (LM),valid,FALSE,TRUE,10.890335714196407,0.05272345991138776,0.28093541338804207,1.704941943759364e-23,0.16727729205494776,0.30596928856684347,0.4474449738497823,LM,RMSE | MAE | AICc,valid,FALSE,TRUE,288.78294004350124,0.4474449738497823,0.9964036329885316,0,0.4512711642734998,0.996281027105157,valid,ghost,NA
Mar_23_147_CP40_stem,2023-03-15,CP40,tree,stem,NA,LGR,original,15:17:03,15:20:03,2023,3,dry,22.5,NA,NA,NA,NA,NA,1064.6016666666667,213.35,2012.6016666666667,0.4048694767974881,LM,SE | g-fact. > 2 | p-value | Intercept (LM),valid,FALSE,TRUE,1.483087400933327,0.4048694767974881,0.00479436731488591,0.13932084099710096,8.914988053204766,0.07160089061023789,0.38602136377873375,HM,AICc,valid,FALSE,TRUE,44.23026595155316,0.3787166469236115,0.9920144221944932,2.3728632383678153e-262,0.38602136377873375,0.9920279838759306,valid,ghost,NA
Mar_23_135_CP40_stem,2023-03-15,CP40,tree,stem,NA,LGR,original,10:53:37,10:56:37,2023,3,dry,22.7,22.9,NA,0,NA,NA,1064.6016666666667,213.35,2012.6016666666667,15.221038452498805,LM,SE | g-fact. > 2 | Intercept,valid,FALSE,TRUE,8.008581492883305,15.221038452498805,0.1941868019128481,3.8552779193305274e-14,64.65676989392374,0.26944856217343127,1.0628893850814118,LM,RMSE | MAE | AICc,valid,FALSE,TRUE,397.8293005391696,1.0628893850814118,0.9983473074479032,0,1.0725936396912843,0.998199267192716,valid,ghost,NA
Mar_23_148_CP40_stem,2023-03-15,CP40,tree,stem,NA,LGR,original,15:22:22,15:25:22,2023,3,dry,22.5,NA,NA,NA,NA,NA,1064.6016666666667,213.35,2012.6016666666667,0.7647198106496442,LM,SE | g-fact. > 2 | Intercept,valid,FALSE,TRUE,9.421703566968713,0.7647198106496442,0.2806181205607925,5.7265206206054574e-18,3.316760615790614,0.3879296730176562,0.6001553529754824,HM,NA,valid,FALSE,FALSE,53.42356675211396,0.5797263326976428,0.99494595948211,2.0810838143657666e-259,0.6001553529754824,0.9950278137057011,valid,ghost,NA
Mar_23_140_CP40_stem,2023-03-15,CP40,tree,stem,NA,LGR,original,11:47:45,11:51:45,2023,3,dry,22.5333333333333,22.9,NA,0,NA,NA,1064.6016666666667,213.35,2012.6016666666667,0.03353099484308541,LM,g-fact. > 2 | Intercept (LM),valid,FALSE,TRUE,8.379283043975605,0.03353099484308541,0.15271513902521316,1.0228822181703554e-15,0.16415402239611018,0.21711651540003463,0.25618861052835135,HM,MAE | AICc,valid,FALSE,TRUE,63.872965702471625,0.25248774119362666,0.9941810277273676,0,0.25618861052835135,0.9941109743629772,valid,ghost,NA
Mar_23_113_BL60_stem,2023-03-16,BL60,tree,stem,NA,LGR,original,12:14:30,12:17:30,2023,3,dry,28.1,22.1,NA,0,NA,NA,212.53666666666663,40.45,1160.5366666666666,-0.06222181985936976,HM,AICc,valid,FALSE,TRUE,1.7971848052347554,-0.06229946922125713,0.06298921353758813,2.851362400727544e-6,-0.06222181985936976,0.06296218470219739,0.7053485834887167,HM,AICc,valid,FALSE,TRUE,44.421318072815865,0.6942067907463144,0.9898704522082638,2e-291,0.7053485834887167,0.9898317748612052,valid,regenerating,NA
Mar_23_114_BL60_stem,2023-03-16,BL60,tree,stem,NA,LGR,original,12:23:00,12:26:00,2023,3,dry,28.1,22.1,NA,0,NA,NA,212.53666666666663,40.45,1160.5366666666666,-0.1444614317499883,HM,AICc | Intercept,valid,FALSE,TRUE,1.9577950623277944,-0.14443496200340827,0.20500795935091745,1.896158024986787e-13,-0.1444614317499883,0.2049407426321349,1.4699513588397417,HM,SE,valid,FALSE,TRUE,47.86277792372463,1.1877978978612485,0.989905690181486,9.486616184724093e-234,1.4699513588397417,0.9929350797763616,valid,regenerating,NA
Mar_23_115_BL60_stem,2023-03-16,BL60,tree,stem,NA,LGR,original,12:52:17,12:55:17,2023,3,dry,28.1,22.1,NA,0,NA,NA,212.53666666666663,40.45,1160.5366666666666,-0.01395947243254453,HM,AICc | p-value | MDF | Intercept,valid,TRUE,TRUE,0.6733723942617408,-0.01397048613200609,0.00190634696597435,0.21300317777025177,-0.01395947243254453,0.00190457449817127,0.575111118478337,HM,AICc,valid,FALSE,TRUE,23.54409026937934,0.5515753704578805,0.9674171621071675,1.258490308107115e-218,0.575111118478337,0.9675302913025774,valid,regenerating,NA
Mar_23_117_BL60_stem,2023-03-16,BL60,tree,stem,NA,LGR,original,10:43:15,10:46:15,2023,3,dry,25.3,21.1,NA,0,NA,NA,212.53666666666663,40.45,1160.5366666666666,-0.6456105291478391,HM,AICc,valid,FALSE,TRUE,8.916420705867514,-0.6444068866771901,0.3126692437235089,1.504953089808258e-19,-0.6456105291478391,0.3124199208355224,1.2985166704573718,HM,SE | AICc,valid,FALSE,TRUE,45.984947377260895,1.2690332243703395,0.9934926909909412,2.3244328088661538e-238,1.2985166704573718,0.9935280614811368,valid,regenerating,NA
Mar_23_119_BL60_stem,2023-03-16,BL60,tree,stem,NA,LGR,original,11:09:30,11:12:30,2023,3,dry,25.3,26.2,NA,0,NA,NA,212.53666666666663,40.45,1160.5366666666666,-3.6780773707998375,LM,RMSE | SE | AICc,valid,FALSE,TRUE,18.649821246006073,-3.6780773707998375,0.6002186508935073,6.645217273327312e-48,-3.724167585336868,0.5978005946735431,1.7659952180768768,HM,SE,valid,FALSE,TRUE,47.85193945581196,1.5632022297676078,0.99232231928491,2.0278458344670005e-245,1.7659952180768768,0.9933226883793662,valid,regenerating,NA
Mar_23_121_BL60_stem,2023-03-16,BL60,tree,stem,NA,LGR,original,11:38:30,11:41:30,2023,3,dry,25.3,26.2,NA,0,NA,NA,212.53666666666663,40.45,1160.5366666666666,0.4657738251629061,HM,AICc | Intercept,valid,FALSE,TRUE,5.28169105384249,0.4645529651037142,0.6251127387782777,5.717178019304239e-58,0.4657738251629061,0.6249465013252145,3.942281403660091,HM,SE | Intercept (LM),valid,FALSE,TRUE,74.58026480305327,2.0542007410101037,0.96300579790491,8.114132860152657e-190,3.942281403660091,0.9959911715966854,valid,regenerating,NA
Mar_23_122_BL60_stem,2023-03-16,BL60,tree,stem,NA,LGR,original,13:12:00,13:15:00,2023,3,dry,28.1,21.6,NA,0,NA,NA,212.53666666666663,40.45,1160.5366666666666,-0.07170740292592925,HM,AICc | Intercept,valid,FALSE,TRUE,0.7403638217704076,-0.04124113919776471,0.01890595426812003,0.01870383862704362,-0.07170740292592925,0.02476746549764874,1.076334550013064,HM,SE | AICc,valid,FALSE,TRUE,27.492399710564406,1.0610060482777617,0.9803927061345972,1.9881544764637557e-205,1.076334550013064,0.9803432625882348,valid,regenerating,NA
Mar_23_123_BL60_stem,2023-03-16,BL60,tree,stem,NA,LGR,original,13:37:40,13:40:40,2023,3,dry,28.1,21.6,NA,0,NA,NA,212.53666666666663,40.45,1160.5366666666666,0.22102876056213364,HM,AICc | Intercept,valid,FALSE,TRUE,4.041268386523547,0.15242970132903202,0.4182803801605488,3.769732139921778e-37,0.22102876056213364,0.42216190529188735,0.7307666471150779,LM,SE | g-fact. > 2 | Intercept (LM),valid,FALSE,TRUE,73.34266177314095,0.7307666471150779,0.9473326896867033,9.30983334819323e-193,1.5563089344122556,0.988084162188014,valid,regenerating,NA
Mar_23_124_BL60_root,2023-03-16,BL60,tree,root,NA,LGR,original,13:53:12,13:56:12,2023,3,dry,28.1,21.6,NA,0,NA,NA,212.53666666666663,40.45,1160.5366666666666,-0.1277429820121418,HM,AICc | Intercept,valid,FALSE,TRUE,1.1359127394341155,-0.06433720017409973,0.05287723718564874,2.4321271314662932e-4,-0.1277429820121418,0.05813743473436428,0.6921146708108035,HM,SE,valid,FALSE,TRUE,22.069015787012727,0.4731557298172901,0.9553505671706856,1.7480305960275782e-157,0.6921146708108035,0.965477069864238,valid,regenerating,NA
Mar_23_126_BL60_stem,2023-03-16,BL60,tree,stem,NA,LGR,original,14:49:00,14:52:00,2023,3,dry,28.3,24,NA,0,NA,NA,212.53666666666663,40.45,1160.5366666666666,0.5625233752888436,HM,AICc,valid,FALSE,TRUE,8.570476013611215,0.5579759872088099,0.8069673779095723,1.6272545553831907e-101,0.5625233752888436,0.8068630788185142,1.554718002276395,LM,RMSE | SE | AICc,valid,FALSE,TRUE,99.61668168686448,1.554718002276395,0.9726510344269376,1.5977593617631526e-219,1.562551936108137,0.9724484954763948,valid,regenerating,NA
Mar_23_127_BL60_stem,2023-03-16,BL60,tree,stem,NA,LGR,original,14:54:20,14:57:20,2023,3,dry,28.3,24,NA,0,NA,NA,212.53666666666663,40.45,1160.5366666666666,-0.01396206448768451,HM,AICc | p-value | MDF | Intercept,valid,TRUE,TRUE,0.3685024807453178,-0.01397211358766067,-0.003214289885622,0.5324020003679892,-0.01396206448768451,-0.00321524707653453,3.1510283674510613,HM,SE,valid,FALSE,TRUE,33.758625120565924,1.9645715971219089,0.9698724274174624,6.53443798470277e-146,3.1510283674510613,0.9871776786295976,valid,regenerating,NA
Mar_23_120_BL60_stem,2023-03-16,BL60,tree,stem,NA,LGR,original,11:25:30,11:28:30,2023,3,dry,25.3,26.2,NA,0,NA,NA,212.53666666666663,40.45,1160.5366666666666,0.20247827568393023,LM,SE | g-fact. > 2 | Intercept (LM),valid,FALSE,TRUE,10.96855672633917,0.20247827568393023,0.30725314269548565,2.283719747398235e-23,0.9181996671784072,0.39483529729236855,2.363220488746027,HM,SE,valid,FALSE,TRUE,47.83838426871738,1.5046129387596994,0.9754042360271572,7.101560655909596e-218,2.363220488746027,0.9910635350095562,valid,regenerating,NA
Mar_23_128_BL60_stem,2023-03-16,BL60,tree,stem,NA,LGR,original,15:05:20,15:08:20,2023,3,dry,28.3,24,NA,0,NA,NA,212.53666666666663,40.45,1160.5366666666666,0.40337514848446687,LM,SE | g-fact. > 2 | Intercept,valid,FALSE,TRUE,14.597422281567486,0.40337514848446687,0.4908406292307144,3.6860840386563477e-34,0.8535858109240235,0.5163995778178854,2.540750856522521,HM,SE,valid,FALSE,TRUE,23.212952086347965,1.48534896640071,0.9457375437187564,8.999219453512939e-141,2.540750856522521,0.9682513753627192,valid,regenerating,NA
Mar_23_95_SE1_leaves,2023-03-17,SE1,tree,leaves,NA,LGR,original,11:09:00,11:12:00,2023,3,dry,26.8,NA,NA,NA,NA,NA,2190.644,351,3138.644,0.05592303420432873,HM,AICc | Intercept,valid,FALSE,TRUE,3.4884591725135663,0.03786752742979636,0.324341138587359,6.735997916490516e-30,0.05592303420432873,0.3280965364643752,-0.835645840430119,LM,SE | g-fact. > 2 | Intercept (LM),valid,FALSE,TRUE,49.766804156253464,-0.835645840430119,0.8830131728982689,1.2435584581734179e-154,-2.6216995031495545,0.9914757448120454,valid,scrub,NA
Mar_23_96_SE1_leaves,2023-03-17,SE1,tree,leaves,NA,LGR,original,11:18:00,11:21:00,2023,3,dry,27.8,NA,NA,NA,NA,NA,2190.644,351,3138.644,0.02671231927427821,HM,AICc | Intercept,valid,FALSE,TRUE,1.9970334287494296,0.01663553020887033,0.10918480328748004,6.4506383203222746e-12,0.02671231927427821,0.11145813176385312,-0.8719155201709149,LM,g-fact. > 2 | Intercept (LM),valid,FALSE,TRUE,68.43026404794003,-0.8719155201709149,0.921104925994834,6.478087152513922e-223,-2.412377238807672,0.998895763014933,valid,scrub,NA
Mar_23_97_SE1_leaves,2023-03-17,SE1,tree,leaves,NA,LGR,original,11:33:00,11:36:00,2023,3,dry,28.9,NA,NA,NA,NA,NA,2190.644,351,3138.644,0.02542544358446876,HM,AICc | Intercept,valid,FALSE,TRUE,1.4675140678533614,0.02415714732031124,0.10197023542649476,2.006704478529799e-8,0.02542544358446876,0.10199166553597672,-2.1182645231468102,HM,NA,valid,FALSE,FALSE,214.2067190554569,-1.4609072849696514,0.9894352168880816,7.0569648291360555e-283,-2.1182645231468102,0.9995340784894536,valid,scrub,NA
Mar_23_98_SE1_leaves,2023-03-17,SE1,tree,leaves,NA,LGR,original,11:43:00,11:46:00,2023,3,dry,28.0857142857143,NA,NA,NA,NA,NA,2190.644,351,3138.644,0.02322292525082661,LM,g-fact. > 2 | Intercept,valid,FALSE,TRUE,5.395013987458744,0.02322292525082661,0.09005322873943611,1.4490626970150433e-7,0.05949473999725087,0.10293046088726132,-1.849394351008864,LM,g-fact. > 2 | Intercept (LM),valid,FALSE,TRUE,62.6060342380245,-1.849394351008864,0.932421410656404,7.796828333037691e-168,-4.643382922101274,0.9988880084963668,valid,scrub,NA
Mar_23_94_SE1_leaves,2023-03-17,SE1,tree,leaves,NA,LGR,original,10:50:00,11:00:00,2023,3,dry,27.3,NA,NA,NA,NA,NA,2190.644,351,3138.644,-0.0037038986196373,HM,AICc | p-value | MDF | Intercept,valid,TRUE,TRUE,0.13044309613490293,-0.00299113545328454,-0.00376117180196278,0.6536727905580371,-0.0037038986196373,-0.00350519124531611,-1.1982774188504874,LM,g-fact. > 2 | Intercept (LM),valid,FALSE,TRUE,69.45260540374619,-1.1982774188504874,0.9577016976135256,8.338834915137402e-148,-2.472329224270086,0.9988007031531968,valid,scrub,NA
Mar_23_71_FLM30_stem,2023-03-18,FLM30,tree,stem,NA,LGR,original,10:51:00,10:54:00,2023,3,dry,26.2,NA,NA,9,NA,NA,418.99555555555554,107.68,1366.9955555555557,41.13573579222933,HM,NA,valid,FALSE,FALSE,804.1058635156144,40.42984673919645,0.9999601305550546,0,41.13573579222933,0.9999750708717656,1.2216594565036174,HM,NA,valid,FALSE,FALSE,102.74779249508556,1.1598219812959245,0.99825287315194,0,1.2216594565036174,0.9984408842520408,valid,ghost,NA
Mar_23_72_FLM30_stem,2023-03-18,FLM30,tree,stem,NA,LGR,original,10:59:30,11:02:30,2023,3,dry,26.2,NA,NA,9,NA,NA,1064.6016666666667,213.35,2012.6016666666667,3.129373430013646,HM,AICc,valid,FALSE,TRUE,89.03812149468291,3.0789093809375068,0.9982953765112084,2.014632416328053e-292,3.129373430013646,0.9982934455922632,1.2999007271798575,HM,NA,valid,FALSE,FALSE,99.06296964839166,1.2249343368708472,0.9983592942886996,3.3745805279715145e-291,1.2999007271798575,0.9985909801083024,valid,ghost,NA
Mar_23_73_FLM30_stem,2023-03-18,FLM30,tree,stem,NA,LGR,original,11:08:30,11:11:30,2023,3,dry,26.2,NA,NA,9,NA,NA,1064.6016666666667,213.35,2012.6016666666667,0.37182507864351,HM,NA,valid,FALSE,FALSE,15.283072211486711,0.31665858384919093,0.932647966583002,2.113449081339972e-143,0.37182507864351,0.9343453007462088,1.167651961349853,HM,NA,valid,FALSE,FALSE,123.73213923751936,1.0795459947413395,0.9985555486875904,0,1.167651961349853,0.998971473982667,valid,ghost,NA
Mar_23_74_FLM30_stem,2023-03-18,FLM30,tree,stem,NA,LGR,original,11:18:00,11:21:00,2023,3,dry,26.2,NA,NA,9,NA,NA,212.53666666666663,40.45,1160.5366666666666,68.15146950131387,HM,SE | Intercept (LM),valid,FALSE,TRUE,93.8404167904558,36.73715876753692,0.9684773937898016,1.5287261767790194e-139,68.15146950131387,0.9982313532947388,22.190187449066045,HM,Intercept (LM),valid,FALSE,TRUE,151.42192772550388,12.27883798013237,0.9722415338273048,1.349779321670983e-144,22.190187449066045,0.9993270148657648,valid,ghost,NA
Mar_23_75_FLM30_stem,2023-03-18,FLM30,tree,stem,NA,LGR,original,11:31:00,11:34:00,2023,3,dry,26.2,NA,NA,15,NA,NA,418.99555555555554,107.68,1366.9955555555557,2.715482813859234,HM,NA,valid,FALSE,FALSE,68.78962647514638,2.1635155405854474,0.993077251828278,8.824838114254583e-240,2.715482813859234,0.9967084021681304,1.5894480643418687,HM,NA,valid,FALSE,FALSE,131.26924596511864,1.4632567842030249,0.9986839655440818,4.298e-304,1.5894480643418687,0.9991555965735098,valid,ghost,NA
Mar_23_76_FLM30_stem,2023-03-18,FLM30,tree,stem,NA,LGR,original,11:36:30,11:39:30,2023,3,dry,26.2,NA,NA,15,NA,NA,418.99555555555554,107.68,1366.9955555555557,-0.32401707478789155,HM,AICc,valid,FALSE,TRUE,10.394518535848688,-0.322149693735572,0.882282292149529,1.3902103103094699e-108,-0.32401707478789155,0.882138203360982,2.053576112374521,HM,NA,valid,FALSE,FALSE,169.61790120768,1.7556396561535184,0.9977445211788742,2.826148204356497e-292,2.053576112374521,0.9994593327665576,valid,ghost,NA
Mar_23_77_FLM30_stem,2023-03-18,FLM30,tree,stem,NA,LGR,original,11:41:30,11:44:30,2023,3,dry,26.2,NA,NA,15,NA,NA,418.99555555555554,107.68,1366.9955555555557,0.04027545586251596,HM,AICc | Intercept,valid,FALSE,TRUE,1.356420065343585,0.04011480665454299,0.11134550419207888,1.671776451889441e-7,0.04027545586251596,0.111324422407578,2.663989078352767,HM,NA,valid,FALSE,FALSE,144.95223694509644,2.0070813695060337,0.9934306671540352,1.184299180244882e-246,2.663989078352767,0.9992277642736148,valid,ghost,NA
Mar_23_78_FLM30_stem,2023-03-18,FLM30,tree,stem,NA,LGR,original,14:06:30,14:09:30,2023,3,dry,29.7,25.7,NA,0,NA,NA,1064.6016666666667,213.35,2012.6016666666667,3.511430224575539,HM,SE,valid,FALSE,TRUE,70.0306557090975,2.9681829450632837,0.9933250029451324,0,3.511430224575539,0.9952215432101398,1.132042991842577,HM,NA,valid,FALSE,FALSE,75.54131078426347,0.8405264301455426,0.9895751150887738,0,1.132042991842577,0.9956383943114538,valid,ghost,NA
Mar_23_79_FLM30_stem,2023-03-18,FLM30,tree,stem,NA,LGR,original,13:53:15,13:56:15,2023,3,dry,29.7,25.7,NA,0,NA,NA,418.99555555555554,107.68,1366.9955555555557,0.12718847236582642,HM,Intercept (HM),valid,FALSE,TRUE,13.19664981665912,0.10688755644891944,0.8259654329135844,5.652454699629681e-204,0.12718847236582642,0.8277385874091616,2.2801934973193614,HM,NA,valid,FALSE,FALSE,501.39425983847946,1.7673435907435835,0.9952621141884224,0,2.2801934973193614,0.9998503676156748,valid,ghost,NA
Mar_23_80_FLM30_stem,2023-03-18,FLM30,tree,stem,NA,LGR,original,13:47:45,13:50:45,2023,3,dry,29.7,25.7,NA,0,NA,NA,418.99555555555554,107.68,1366.9955555555557,0.06876845678074875,LM,g-fact. > 2 | Intercept,valid,FALSE,TRUE,10.181906343461849,0.06876845678074875,0.3004971218277017,1.911477516293012e-20,0.17480897240837212,0.3202260037863557,2.0261798845479744,HM,NA,valid,FALSE,FALSE,188.1813041048074,1.6175353188687869,0.99595716676855,4.9315692370252524e-287,2.0261798845479744,0.9995285119783328,valid,ghost,NA
Mar_23_81_FLM30_stem,2023-03-18,FLM30,tree,stem,NA,LGR,original,14:23:30,14:26:30,2023,3,dry,29.5,NA,NA,NA,NA,NA,212.53666666666663,40.45,1160.5366666666666,-0.8676940203615036,HM,SE | AICc | p-value | Intercept,valid,FALSE,TRUE,0.5464226037998012,-0.8700116983509147,5.3851053249176495e-5,0.3102394674443534,-0.8676940203615036,4.0643707284959696e-5,3.4780245894985256,LM,SE | g-fact. > 2 | Intercept,valid,FALSE,TRUE,9.147092955248231,3.4780245894985256,0.12400347219680896,9.706170244410342e-19,25.461637803342768,0.21666036540598368,valid,ghost,NA
Mar_23_82_FLM30_stem,2023-03-18,FLM30,tree,stem,NA,LGR,original,12:48:00,12:51:00,2023,3,dry,27.6,25.9,NA,5,NA,NA,212.53666666666663,40.45,1160.5366666666666,16.024961216425808,HM,NA,valid,FALSE,FALSE,237.5524672201684,15.37916969959591,0.9996089092483208,0,16.024961216425808,0.9997237872745784,5.042388003805169,HM,NA,valid,FALSE,FALSE,219.3305656024093,4.817401645309191,0.9995345240879306,0,5.042388003805169,0.9996752703542168,valid,ghost,NA
Mar_23_83_FLM30_stem,2023-03-18,FLM30,tree,stem,NA,LGR,original,12:54:00,12:57:00,2023,3,dry,27.6,25.9,NA,5,NA,NA,212.53666666666663,40.45,1160.5366666666666,0.325001319805971,HM,AICc | Intercept,valid,FALSE,TRUE,5.364877051427871,0.25665172871679504,0.6001200199798693,6.900981726084782e-56,0.325001319805971,0.6029422636983182,7.136999681429566,HM,SE | Intercept (LM),valid,FALSE,TRUE,112.65938242210076,4.470046454672203,0.983171423008146,9.753322379511688e-242,7.136999681429566,0.9983491883929482,valid,ghost,NA
Mar_23_84_FLM30_stem,2023-03-18,FLM30,tree,stem,NA,LGR,original,13:00:30,13:03:30,2023,3,dry,27.6,25.9,NA,5,NA,NA,212.53666666666663,40.45,1160.5366666666666,0.4119430059860228,HM,Intercept,valid,FALSE,TRUE,7.7795096377753,0.32521143269689884,0.7411200418398638,6.741494150591009e-88,0.4119430059860228,0.7440765525721542,6.94688802330784,HM,NA,valid,FALSE,FALSE,331.60126492245485,5.822046674506524,0.9976142341779328,0,6.94688802330784,0.9998161853539907,valid,ghost,NA
Mar_23_85_FLM30_stem,2023-03-18,FLM30,tree,stem,NA,LGR,original,13:18:30,13:21:30,2023,3,dry,29.4,25.4,NA,2,NA,NA,1064.6016666666667,213.35,2012.6016666666667,6.90612901727869,HM,NA,valid,FALSE,FALSE,156.89359571050457,6.188016557649885,0.9976591606152324,0,6.90612901727869,0.9984938258662754,1.4860217520650632,HM,NA,valid,FALSE,FALSE,556.548428647112,1.0808626238387635,0.9926907360259788,0,1.4860217520650632,0.9998678699479796,valid,ghost,NA
Mar_23_88_FLM30_stem,2023-03-18,FLM30,tree,stem,NA,LGR,original,11:57:00,12:00:00,2023,3,dry,28.4,24.9,NA,5,NA,NA,418.99555555555554,107.68,1366.9955555555557,3.7893099114131017,HM,NA,valid,FALSE,FALSE,112.80973391000347,3.4015070017675915,0.9980021197959948,6.65565935416588e-291,3.7893099114131017,0.9988199287228045,1.650243172397126,HM,NA,valid,FALSE,FALSE,143.99029540011935,1.4473441639042788,0.9980546700142464,3.317886438585656e-292,1.650243172397126,0.999267141998749,valid,ghost,NA
Mar_23_89_FLM30_stem,2023-03-18,FLM30,tree,stem,NA,LGR,original,12:02:30,12:05:30,2023,3,dry,28.4,24.9,NA,5,NA,NA,418.99555555555554,107.68,1366.9955555555557,3.404900611559191,HM,NA,valid,FALSE,FALSE,124.75310864993178,2.730383337555041,0.9952714175456692,0,3.404900611559191,0.998751450928816,1.670365215225439,HM,NA,valid,FALSE,FALSE,181.25667902598215,1.343435038469633,0.9960560565092776,0,1.670365215225439,0.9994089700466818,valid,ghost,NA
Mar_23_90_FLM30_stem,2023-03-18,FLM30,tree,stem,NA,LGR,original,12:09:30,12:12:30,2023,3,dry,28.4,24.9,NA,5,NA,NA,418.99555555555554,107.68,1366.9955555555557,-0.07248882845729618,HM,AICc,valid,FALSE,TRUE,2.605477834020531,-0.07171520353647388,0.3294374970329734,1.2472133584154144e-20,-0.07248882845729618,0.3293943285347276,1.3001977487430263,HM,NA,valid,FALSE,FALSE,96.10406563857812,1.07227089760032,0.9957199170616696,7.954271504007494e-257,1.3001977487430263,0.9983811998081998,valid,ghost,NA
Mar_23_91_FLM30_stem,2023-03-18,FLM30,tree,stem,NA,LGR,original,12:19:30,12:22:30,2023,3,dry,29.1,24.6,NA,5,NA,NA,418.99555555555554,107.68,1366.9955555555557,36.46860830792972,HM,NA,valid,FALSE,FALSE,396.1708945465605,31.977293969371512,0.9987095277598972,4.9683e-303,36.46860830792972,0.9999059801461984,1.920148264890516,HM,NA,valid,FALSE,FALSE,132.86195946022625,1.563494876215833,0.9961738976065574,4.145967357974528e-268,1.920148264890516,0.9991344299388852,valid,ghost,NA
Mar_23_92_FLM30_stem,2023-03-18,FLM30,tree,stem,NA,LGR,original,12:26:00,12:29:00,2023,3,dry,29.1,24.6,NA,5,NA,NA,418.99555555555554,107.68,1366.9955555555557,-0.4084641432101427,LM,g-fact. > 2 | Intercept (HM),valid,FALSE,TRUE,40.41611624769186,-0.4084641432101427,0.861702191077508,2.425454146551651e-114,-0.9975339224128495,0.926604778794202,1.6791865551454823,HM,NA,valid,FALSE,FALSE,127.31852731297404,1.3765177086022218,0.996198185923968,4.63552e-302,1.6791865551454823,0.9988933571336396,valid,ghost,NA
Mar_23_93_FLM30_stem,2023-03-18,FLM30,tree,stem,NA,LGR,original,12:33:00,12:36:00,2023,3,dry,29.1,24.6,NA,5,NA,NA,418.99555555555554,107.68,1366.9955555555557,-0.05634842890846313,HM,AICc | Intercept,valid,FALSE,TRUE,4.601071603361192,-0.05629907077592349,0.4408443267445805,7.893001384107354e-56,-0.05634842890846313,0.44070541184546064,2.4730607836923064,HM,Intercept (LM),valid,FALSE,TRUE,182.54973280379215,1.2812228279824271,0.9666918624294988,2.6293641e-300,2.4730607836923064,0.9989250405972192,valid,ghost,NA
Mar_23_86_FLM30_stem,2023-03-18,FLM30,tree,stem,NA,LGR,original,13:29:30,13:32:30,2023,3,dry,29.4,25.4,NA,2,NA,NA,418.99555555555554,107.68,1366.9955555555557,0.03121843178646204,LM,g-fact. > 2 | Intercept,valid,FALSE,TRUE,6.551990265214597,0.03121843178646204,0.12085649008501365,2.424699986101012e-10,0.08053279415710994,0.1354067942712558,3.026019043918088,HM,NA,valid,FALSE,FALSE,358.0408073840761,2.5371008562130744,0.9976640302790708,0,3.026019043918088,0.9998370223622955,valid,ghost,NA
Mar_23_10_BL60_stem,2023-03-19,BL60,tree,stem,NA,LGR,original,11:55:25,11:58:25,2023,3,dry,26.8,22.5,NA,0,NA,NA,212.53666666666663,40.45,1160.5366666666666,0.34411006343562556,HM,AICc | Intercept,valid,FALSE,TRUE,5.744844635661176,0.3432882752021128,0.6379821526286835,3.745099558650844e-68,0.34411006343562556,0.6378056294247545,8.595974993674028,HM,SE,valid,FALSE,TRUE,295.25632064857115,8.264247748620061,0.9996774324035834,0,8.595974993674028,0.9997812755663726,valid,regenerating,NA
Mar_23_11_BL60_stem,2023-03-19,BL60,tree,stem,NA,LGR,original,12:19:10,12:22:10,2023,3,dry,26.8,22.5,NA,0,NA,NA,212.53666666666663,40.45,1160.5366666666666,0.11476676628348402,HM,AICc,valid,FALSE,TRUE,1.059491795827788,0.11451331336841385,0.07489349394236489,3.9090185142159775e-5,0.11476676628348402,0.07487473806280531,9.69465728116086,HM,SE,valid,FALSE,TRUE,228.21240623963317,9.51381685966116,0.9997252047735784,0,9.69465728116086,0.9997481417169192,valid,regenerating,NA
Mar_23_12_BL60_stem,2023-03-19,BL60,tree,stem,NA,LGR,original,12:43:20,12:46:20,2023,3,dry,26.8,NA,NA,0,NA,NA,212.53666666666663,40.45,1160.5366666666666,0.133698267524157,LM,SE | g-fact. > 2 | Intercept,valid,FALSE,TRUE,5.311240135422966,0.133698267524157,0.11422424381006736,2.766011229785641e-7,0.389744785770705,0.12403313488695056,6.70140938331249,HM,SE,valid,FALSE,TRUE,170.6359560185009,6.263825199912636,0.9992245742674944,0,6.70140938331249,0.9995315534881412,valid,regenerating,NA
Mar_23_13_BL60_root,2023-03-19,BL60,tree,root,NA,LGR,original,12:09:00,12:12:00,2023,3,dry,26.8,NA,NA,0,NA,NA,NA,NA,NA,NA,NA,NA,no_data,FALSE,FALSE,NA,NA,NA,NA,NA,NA,NA,NA,NA,no_data,FALSE,FALSE,NA,NA,NA,NA,NA,NA,no_data,regenerating,NA
Mar_23_14_BL60_stem,2023-03-19,BL60,tree,stem,NA,LGR,original,13:32:00,13:35:00,2023,3,dry,27.4,22.5,NA,0,NA,NA,212.53666666666663,40.45,1160.5366666666666,-0.12931358181689903,LM,g-fact. > 2 | Intercept (LM),valid,FALSE,TRUE,7.245393526816753,-0.12931358181689903,0.19396065998104828,7.792254283951071e-12,-0.27683922863909316,0.20365154087352833,3.8683205549424766,HM,SE,valid,FALSE,TRUE,94.42854573743092,3.1519455463285,0.9954670391840242,8.438271180960998e-252,3.8683205549424766,0.998346095841004,valid,regenerating,NA
Mar_23_15_BL60_root,2023-03-19,BL60,tree,root,NA,LGR,original,13:42:00,13:45:00,2023,3,dry,26.6,22.5,NA,0,NA,NA,42.26167197578528,127.69028473256944,990.2616719757852,3.17934273306999,HM,Intercept (LM),valid,FALSE,TRUE,52.910398899235915,1.6412123830884089,0.9606510162601172,7.150316664198992e-159,3.17934273306999,0.9933062500081862,1.3391724681283526,HM,SE,valid,FALSE,TRUE,41.261964460527125,0.9487883965130984,0.981276958890847,7.667531532020384e-195,1.3391724681283526,0.9903729927208176,valid,regenerating,NA
Mar_23_17_BL60_stem,2023-03-19,BL60,tree,stem,NA,LGR,original,09:30:30,09:33:30,2023,3,dry,26.9,21.4,NA,0,NA,NA,212.53666666666663,40.45,1160.5366666666666,1.07127179339018,HM,AICc | Intercept,valid,FALSE,TRUE,9.68862772065504,1.0646728666605023,0.8572717833263173,6.800850291230297e-108,1.07127179339018,0.8571256871029405,3.8961677918514344,HM,SE,valid,FALSE,TRUE,98.71641666218116,3.4509109703498253,0.9972848744760556,5e-307,3.8961677918514344,0.9983027267931948,valid,regenerating,NA
Mar_23_18_BL60_stem,2023-03-19,BL60,tree,stem,NA,LGR,original,10:49:50,10:52:50,2023,3,dry,26.9,21.4,NA,0,NA,NA,212.53666666666663,40.45,1160.5366666666666,0.30804961260703817,HM,SE | AICc | Intercept,valid,FALSE,TRUE,1.832660774477893,0.16260612579336592,0.16073649927821354,2.4173259288259543e-9,0.30804961260703817,0.1639519338195481,6.519617605001268,HM,SE,valid,FALSE,TRUE,139.8888354599734,6.136866859718308,0.9990929063976286,2.2090766586997236e-291,6.519617605001268,0.9993436597443626,valid,regenerating,NA
Mar_23_20_BL60_stem,2023-03-19,BL60,tree,stem,NA,LGR,original,10:32:37,10:35:37,2023,3,dry,26.9,21.4,NA,0,NA,NA,-112.18276765313196,176.3342027259292,835.8172323468681,0.6713788319969395,HM,Intercept (LM),valid,FALSE,TRUE,12.6575533134325,0.3902366265759405,0.895876457405673,1.6626106494714976e-94,0.6713788319969395,0.913600963243995,0.2045448242936407,LM,g-fact. > 2 | Intercept (LM),valid,FALSE,TRUE,50.46830770463381,0.2045448242936407,0.930897029780838,2.990187405843879e-111,0.47838538238191536,0.9879301093251648,valid,regenerating,NA
Mar_23_22_BL60_stem,2023-03-19,BL60,tree,stem,NA,LGR,original,11:14:20,11:17:20,2023,3,dry,26.9,21.9,NA,0,NA,NA,212.53666666666663,40.45,1160.5366666666666,0.27464200150987944,HM,AICc | Intercept,valid,FALSE,TRUE,5.86123235685772,0.27347530811522014,0.6330436043696088,9.130888522407282e-71,0.27464200150987944,0.632907794725296,5.520085849700898,HM,NA,valid,FALSE,FALSE,223.34450051565636,5.087139922661271,0.99912019102205,0,5.520085849700898,0.99958520912169,valid,regenerating,NA
Mar_23_23_BL60_stem,2023-03-19,BL60,tree,stem,NA,LGR,original,11:22:50,11:25:50,2023,3,dry,26.9,21.9,NA,0,NA,NA,212.53666666666663,40.45,1160.5366666666666,0.4549552239511493,HM,AICc | Intercept,valid,FALSE,TRUE,5.545695765564658,0.3572468655312517,0.6391040218423607,1.0760394892423463e-55,0.4549552239511493,0.641851208428161,8.754814272336768,HM,SE,valid,FALSE,TRUE,277.85106577792607,8.0803880401407,0.9993553122926534,0,8.754814272336768,0.9997946754835412,valid,regenerating,NA
Mar_23_24_BL60_root,2023-03-19,BL60,tree,root,NA,LGR,original,11:30:23,11:33:23,2023,3,dry,26.9,21.9,NA,0,NA,NA,212.53666666666663,40.45,1160.5366666666666,5.448621116507727,HM,Intercept (LM),valid,FALSE,TRUE,45.43282437662851,3.216599873925826,0.9716058662508704,3.985913327785838e-173,5.448621116507727,0.9914364360413904,3.349447625948859,HM,SE | Intercept (LM),valid,FALSE,TRUE,71.83879048909847,2.2079968735636166,0.9845824187776716,1.9575757633755141e-202,3.349447625948859,0.9967141998386148,valid,regenerating,NA
Mar_23_19_BL60_stem,2023-03-19,BL60,tree,stem,NA,LGR,original,09:54:30,09:57:30,2023,3,dry,26.9,21.4,NA,0,NA,NA,-68.93832455703514,164.1732232275893,879.0616754429649,4.164379556332693,HM,NA,valid,FALSE,FALSE,150.6097176785507,4.0555476739317635,0.9993221065535856,0,4.164379556332693,0.9993698575059896,1.3194271097842734,HM,NA,valid,FALSE,FALSE,121.34022715491928,0.9533920331528574,0.9911597323601128,3.4949014959188357e-231,1.3194271097842734,0.9988807153836456,valid,regenerating,NA
Mar_23_21_BL60_stem,2023-03-19,BL60,tree,stem,NA,LGR,original,11:57:40,12:00:40,2023,3,dry,26.9,21.9,NA,0,NA,NA,212.53666666666663,40.45,1160.5366666666666,0.3523355811403775,HM,SE | AICc,valid,FALSE,TRUE,6.767571044097019,0.3508368886012298,0.6918906806271021,1.466128577894383e-85,0.3523355811403775,0.6917288417886069,8.660396763302042,HM,SE,valid,FALSE,TRUE,342.09755534252236,8.287229342730775,0.9996917624700614,0,8.660396763302042,0.9998220646986222,valid,regenerating,NA
Mar_23_16_BL60_stem,2023-03-19,BL60,tree,stem,NA,LGR,original,13:41:30,13:50:30,2023,3,dry,26.6,22.5,NA,0,NA,NA,212.53666666666663,40.45,1160.5366666666666,5.730026032391321,LM,SE | g-fact. > 2 | Intercept (LM),valid,FALSE,TRUE,76.09584846828616,5.730026032391321,0.956389431012897,3.896728311183339e-181,11.71555051734422,0.9946032701471844,5.579989481558339,HM,SE | Intercept (LM),valid,FALSE,TRUE,46.875966491076255,3.2522960544927773,0.9674616195324884,7.277457423125595e-198,5.579989481558339,0.9904795147229716,valid,regenerating,NA
Oct_22_2_FLM30_stem,2022-10-15,FLM30,tree,stem,NA,LGR,rescued,13:15:37,13:20:34,2022,10,wet,NA,NA,NA,25.4,NA,NA,1064.6016666666667,213.35,2012.6016666666667,8.04237948317531,LM,RMSE | MAE | AICc,valid,FALSE,TRUE,2261.9533625465965,8.04237948317531,0.999941759692762,0,8.166806095099302,0.9999314219494116,3.3764780964181083,LM,RMSE | MAE | SE | AICc,valid,FALSE,TRUE,538.1390256167014,3.3764780964181083,0.998972026285217,0,3.4035602346481326,0.9988330409393816,valid,ghost,NA
Oct_22_3_FLM30_stem,2022-10-15,FLM30,tree,stem,NA,LGR,rescued,13:22:00,13:27:00,2022,10,wet,NA,NA,NA,25.4,NA,NA,1064.6016666666667,213.35,2012.6016666666667,1.2530778106842773,HM,NA,valid,FALSE,FALSE,64.39998413911309,1.0242691458407789,0.9923679064111092,7.155278466358707e-292,1.2530778106842773,0.99526845802615,2.674886279861919,HM,NA,valid,FALSE,FALSE,220.77879639370337,2.4071231519001843,0.998835318544179,0,2.674886279861919,0.999613822212995,valid,ghost,NA
Oct_22_4_FLM30_stem,2022-10-15,FLM30,tree,stem,NA,LGR,rescued,14:01:30,14:06:30,2022,10,wet,NA,NA,NA,25.4,NA,NA,1064.6016666666667,213.35,2012.6016666666667,2.085310553663205,LM,RMSE | MAE | AICc,valid,FALSE,TRUE,92.2837656212343,2.085310553663205,0.968054725878484,1.2165038643280294e-211,2.0918649498398896,0.9678214383135288,1.6689832282794703,LM,RMSE | MAE | AICc,valid,FALSE,TRUE,613.111092331344,1.6689832282794703,0.9992530275105692,0,1.6864291672037566,0.9991215791264672,valid,ghost,NA
Oct_22_5_FLM30_stem,2022-10-15,FLM30,tree,stem,NA,LGR,rescued,14:10:00,14:15:00,2022,10,wet,NA,NA,NA,25.4,NA,NA,1064.6016666666667,213.35,2012.6016666666667,15.67641528837983,HM,NA,valid,FALSE,FALSE,256.7700075738188,14.67639114463678,0.999488301632076,0,15.67641528837983,0.9997835892936336,5.999019676455391,HM,NA,valid,FALSE,FALSE,498.24280613214825,5.901313276804572,0.9999387239309188,0,5.999019676455391,0.9999440326969488,valid,ghost,NA
Oct_22_6_FLM30_stem,2022-10-15,FLM30,tree,stem,NA,LGR,rescued,14:19:00,14:24:00,2022,10,wet,NA,NA,NA,25.4,NA,NA,1064.6016666666667,213.35,2012.6016666666667,0.1680594079373966,LM,g-fact. > 2,valid,FALSE,TRUE,25.845270047524203,0.1680594079373966,0.6869136315415235,1.3115078966979247e-78,0.6804516691327486,0.8355933352894984,1.4110644281504527,HM,NA,valid,FALSE,FALSE,216.53837924908476,1.2656380624766663,0.9987627205479678,0,1.4110644281504527,0.9995743363533836,valid,ghost,NA
Oct_22_1_FLM30_stem,2022-10-15,FLM30,tree,stem,NA,LGR,rescued,13:01:50,13:10:30,2022,10,wet,NA,NA,NA,25.4,NA,NA,1064.6016666666667,213.35,2012.6016666666667,16.067628424962507,HM,NA,valid,FALSE,FALSE,780.6632671940998,15.6922792208835,0.9999270433893948,0,16.067628424962507,0.9999621585172824,2.093963978671449,LM,RMSE | MAE | AICc,valid,FALSE,TRUE,870.634952553226,2.093963978671449,0.9995187040332432,0,2.11710864004075,0.9993892884036852,valid,ghost,NA
Oct_22_29_SRS6_stem,2022-10-16,SRS6,tree,stem,NA,LGR,original,13:24:53,13:27:33,2022,10,wet,26.3,27.6,NA,NA,NA,NA,1064.6016666666667,213.35,2012.6016666666667,-0.3265469889061368,HM,SE | AICc | Intercept,valid,FALSE,TRUE,6.365016976739836,-0.32593630567104687,0.24921983078987864,1.4451463949397543e-26,-0.3265469889061368,0.2486612137794858,1.3287833906083446,HM,NA,valid,FALSE,FALSE,94.5959003981034,1.1053128615207877,0.9946502300806598,0,1.3287833906083446,0.9969801487617468,valid,healthy,NA
Oct_22_18_SRS6_stem,2022-10-16,SRS6,tree,stem,NA,LGR,original,12:29:30,12:32:30,2022,10,wet,27.55,27,NA,NA,NA,NA,1064.6016666666667,213.35,2012.6016666666667,12.012617372938331,HM,SE | AICc | Intercept,valid,FALSE,TRUE,2.4323241920714924,12.024664627191342,0.21387400573467452,9.568049165535152e-20,12.012617372938331,0.2137845816522742,20.742552104007228,HM,SE | Intercept (LM),valid,FALSE,TRUE,30.60062648536638,13.81023023747034,0.963222439058558,3.768893360109858e-246,20.742552104007228,0.9729322816233708,valid,healthy,NA
Oct_22_20_SRS6_stem,2022-10-16,SRS6,tree,stem,NA,LGR,original,12:51:30,12:54:30,2022,10,wet,27.3388888888889,27,NA,NA,NA,NA,418.99555555555554,107.68,1366.9955555555557,26.714264602107136,HM,SE | Intercept,valid,FALSE,TRUE,5.293474762293093,15.79023787309748,0.7139146741364938,4.498948238483849e-34,26.714264602107136,0.7403335669359121,13.24130085552614,HM,SE | AICc,valid,FALSE,TRUE,27.50033638372771,13.04698853871948,0.9898158979813604,1.3135768709461245e-119,13.24130085552614,0.9898200016500855,valid,healthy,NA
Oct_22_21_SRS6_stem,2022-10-16,SRS6,tree,stem,NA,LGR,original,12:56:00,12:59:00,2022,10,wet,27.2444444444444,27,NA,NA,NA,NA,418.99555555555554,107.68,1366.9955555555557,-0.8199174578177645,HM,NA,valid,FALSE,FALSE,16.889048096182044,-0.7296152874311536,0.9368768894599712,1.9963424357902959e-171,-0.8199174578177645,0.9377667838906084,1.3946295575520868,LM,RMSE | SE | AICc,valid,FALSE,TRUE,51.90468963104463,1.3946295575520868,0.9049090071322988,2.504824069706747e-146,1.3973630087235398,0.9046288510632248,valid,healthy,NA
Oct_22_22_SRS6_stem,2022-10-16,SRS6,tree,stem,NA,LGR,original,13:00:30,13:03:30,2022,10,wet,27.2166666666667,27,NA,NA,NA,NA,418.99555555555554,107.68,1366.9955555555557,-0.4601063875566773,HM,SE | AICc | Intercept,valid,FALSE,TRUE,2.548877376400132,-0.4598240222832228,0.38551523788543407,1.1981040996298026e-18,-0.4601063875566773,0.3853979311448318,0.27173396622938617,LM,SE | g-fact. > 2 | Intercept (LM),valid,FALSE,TRUE,17.763020629205347,0.27173396622938617,0.6642203766280965,1.7004339971778823e-39,0.8186053529376074,0.7458316910966403,valid,healthy,NA
Oct_22_25_SRS6_stem,2022-10-16,SRS6,tree,stem,NA,LGR,original,12:36:08,12:39:08,2022,10,wet,27.8,27.2,NA,NA,NA,NA,1064.6016666666667,213.35,2012.6016666666667,-0.619340999611597,HM,AICc,valid,FALSE,TRUE,15.735961128874942,-0.6137237428863981,0.9087388540793424,3.492792498970415e-208,-0.619340999611597,0.908614787217119,0.408271723075574,LM,SE | g-fact. > 2 | Intercept,valid,FALSE,TRUE,24.701347458227673,0.408271723075574,0.6054291891992689,3.361959693546478e-82,4.148589576207377,0.9635868214684656,valid,healthy,NA
Oct_22_27_SRS6_stem,2022-10-16,SRS6,tree,stem,NA,LGR,original,13:37:29,13:40:29,2022,10,wet,24.6,27.6,NA,NA,NA,NA,418.99555555555554,107.68,1366.9955555555557,3.851091488153805,HM,MAE | SE | Intercept,valid,FALSE,TRUE,4.309914300662847,2.739174214981949,0.3865968696432121,6.975551701369938e-43,3.851091488153805,0.3935729483532694,1.082612792177705,HM,NA,valid,FALSE,FALSE,87.72979079454522,0.8992721183649122,0.9942120049764648,0,1.082612792177705,0.9965543678220192,valid,healthy,NA
Oct_22_28_SRS6_stem,2022-10-16,SRS6,tree,stem,NA,LGR,original,13:42:32,13:45:32,2022,10,wet,24,27.6,NA,NA,NA,NA,418.99555555555554,107.68,1366.9955555555557,-0.34209032145533697,HM,AICc,valid,FALSE,TRUE,9.111777621618687,-0.3231483283227132,0.7631601383547043,1.6323851802997828e-125,-0.34209032145533697,0.7633242889168279,1.330386409058018,LM,RMSE | MAE | SE | AICc,valid,FALSE,TRUE,144.70928172744033,1.330386409058018,0.981485625558274,0,1.3348223147667395,0.981252258735721,valid,healthy,NA
Oct_22_30_SRS6_root,2022-10-16,SRS6,tree,root,NA,LGR,original,13:31:38,13:34:38,2022,10,wet,25.6,27.6,NA,NA,NA,NA,418.99555555555554,107.68,1366.9955555555557,-0.04071072015740318,HM,AICc | p-value | Intercept,valid,FALSE,TRUE,0.26485050066375826,-0.04099426588453594,-0.00307348838517929,0.7892233422750783,-0.04071072015740318,-0.00307516209863223,0.7392030869254383,HM,NA,valid,FALSE,FALSE,32.5372066282741,0.5379863133253311,0.9727814264193512,1.3043395803831957e-238,0.7392030869254383,0.9795665269182348,valid,healthy,NA
Oct_22_16_SRS6_stem,2022-10-16,SRS6,tree,stem,NA,LGR,original,12:14:45,12:18:00,2022,10,wet,27.8166666666667,27,NA,NA,NA,NA,1064.6016666666667,213.35,2012.6016666666667,0.6151782862087615,HM,SE | AICc | Intercept,valid,FALSE,TRUE,0.6247973769230154,0.6157511329861596,0.01455015287747718,0.0127189050099179,0.6151782862087615,0.01454267782774298,1.696081521617116,LM,SE | g-fact. > 2 | Intercept (LM),valid,FALSE,TRUE,39.21473823241145,1.696081521617116,0.8114897069707661,2.908347528650362e-131,7.572439949879274,0.9939857788048114,valid,healthy,NA
Oct_22_19_SRS6_root,2022-10-16,SRS6,tree,root,NA,LGR,original,12:38:20,12:41:40,2022,10,wet,27.5151515151515,27,NA,NA,NA,NA,212.53666666666663,40.45,1160.5366666666666,3.44713586878901,HM,SE | AICc,valid,FALSE,TRUE,1.044959103643753,3.449751395557953,0.0442390225596343,4.997154208525887e-5,3.44713586878901,0.04421959159893973,0.26192570051742564,HM,SE | AICc | Intercept,valid,FALSE,TRUE,5.264544706941097,0.2618776631685721,0.5613138471309685,2.2388619283691605e-63,0.26192570051742564,0.5611188281160686,valid,healthy,NA
Oct_22_24_SRS6_stem,2022-10-16,SRS6,tree,stem,NA,LGR,original,12:44:15,12:47:55,2022,10,wet,28.1,27.2,NA,NA,NA,NA,1064.6016666666667,213.35,2012.6016666666667,0.44218541180207704,LM,SE | g-fact. > 2 | Intercept,valid,FALSE,TRUE,5.093600838830441,0.44218541180207704,0.0445486351611466,4.880232316412486e-7,6.134644610639643,0.1805252610917769,0.9336205172031836,HM,NA,valid,FALSE,FALSE,95.72421567616664,0.7589865189075247,0.993201812395302,0,0.9336205172031836,0.9959910599187666,valid,healthy,NA
Oct_22_26_SRS6_root,2022-10-16,SRS6,tree,root,NA,LGR,original,13:07:39,13:11:31,2022,10,wet,28.8,27.2,NA,NA,NA,NA,212.53666666666663,40.45,1160.5366666666666,0.4819049975562661,LM,SE | g-fact. > 2,valid,FALSE,TRUE,3.120787430040325,0.4819049975562661,0.01694521565612605,0.00190669712833872,4.767438731341157,0.05416226165430649,1.68942666387858,HM,AICc,valid,FALSE,TRUE,93.96152957796303,1.6690557641405854,0.9964288490064908,0,1.68942666387858,0.9963686426895032,valid,healthy,NA
Oct_22_23_SRS6_stem,2022-10-16,SRS6,tree,stem,NA,LGR,original,12:58:55,13:03:57,2022,10,wet,27.8,27.2,NA,NA,NA,NA,418.99555555555554,107.68,1366.9955555555557,-0.26224085195759667,LM,SE | g-fact. > 2 | Intercept (LM),valid,FALSE,TRUE,22.829992633063007,-0.26224085195759667,0.5412025482993956,1.12658235648551e-76,-1.350477326918299,0.6652983546411316,0.38111020260245454,LM,SE | g-fact. > 2 | Intercept,valid,FALSE,TRUE,18.50120996279866,0.38111020260245454,0.43627383337858694,5.97447674313831e-57,6.5052338981239215,0.8889931134745095,valid,healthy,NA
Oct_22_17_SRS6_stem,2022-10-16,SRS6,tree,stem,NA,LGR,original,12:21:00,12:26:50,2022,10,wet,27.7563636363636,27,NA,NA,NA,NA,1064.6016666666667,213.35,2012.6016666666667,-0.0353658092423752,LM,HM.flux is NA,valid,FALSE,TRUE,0.04644078581201285,-0.0353658092423752,-0.00509098098518778,0.9630062098353804,NA,NA,17.736495625101874,LM,RMSE | MAE | SE | AICc | Intercept,valid,FALSE,TRUE,62.661535158602234,17.736495625101874,0.9522130992064808,1.3225128789726517e-131,17.76478171661865,0.9519346446350804,valid,healthy,NA
Oct_22_55_SRS6_stem,2022-10-17,SRS6,tree,stem,NA,LGR,original,12:43:00,12:45:00,2022,10,wet,25.6,NA,NA,NA,NA,NA,1064.6016666666667,213.35,2012.6016666666667,0.09434203588986435,LM,g-fact. > 2 | Intercept,valid,FALSE,TRUE,14.539041629758408,0.09434203588986435,0.4702534666992082,1.2565050530234063e-34,0.248391329310638,0.5211432986429955,1.464395924904785,HM,NA,valid,FALSE,FALSE,203.07459000218176,1.391609747359191,0.9994543204751626,0,1.464395924904785,0.9996312332497173,valid,healthy,NA
Oct_22_32_SRS6_stem,2022-10-17,SRS6,tree,stem,NA,LGR,original,14:19:00,14:22:00,2022,10,wet,27.4,NA,NA,NA,NA,NA,212.53666666666663,40.45,1160.5366666666666,0.05603178108673311,HM,AICc | Intercept,valid,FALSE,TRUE,0.9011898789255972,0.05608690868713625,0.04795731058327412,4.714031718483456e-4,0.05603178108673311,0.04793729038994798,2.4777770298725494,HM,NA,valid,FALSE,FALSE,125.31135871947632,2.3606320247256973,0.9988943945050748,0,2.4777770298725494,0.9990546690613856,valid,healthy,NA
Oct_22_33_SRS6_stem,2022-10-17,SRS6,tree,stem,NA,LGR,original,14:24:00,14:27:00,2022,10,wet,27.4,NA,NA,NA,NA,NA,212.53666666666663,40.45,1160.5366666666666,-1.575451033017934,HM,NA,valid,FALSE,FALSE,18.8213554468074,-1.205480082889206,0.9543827757245305,2.5076995573078545e-144,-1.575451033017934,0.9590349178134429,3.2413507307432905,HM,NA,valid,FALSE,FALSE,137.55447049780037,3.1211176311457973,0.9991886937558176,0,3.2413507307432905,0.9992848868563692,valid,healthy,NA
Oct_22_35_SRS6_CWD,2022-10-17,SRS6,tree,cwd,NA,LGR,original,15:06:00,15:09:00,2022,10,wet,27.4,NA,NA,NA,NA,NA,418.99555555555554,107.68,1366.9955555555557,0.764386380100944,HM,AICc,valid,FALSE,TRUE,33.4696840256452,0.7375983217488113,0.9830918076348696,2.1111085755862607e-265,0.764386380100944,0.9831737951162726,1.8585978319594807,HM,NA,valid,FALSE,FALSE,251.1896723368811,1.8282637081845965,0.9996912967648206,0,1.8585978319594807,0.9996993309615876,valid,healthy,NA
Oct_22_36_SRS6_CWD,2022-10-17,SRS6,tree,cwd,NA,LGR,original,15:15:30,15:18:30,2022,10,wet,27.4,NA,NA,NA,NA,NA,418.99555555555554,107.68,1366.9955555555557,1.163204967890418,HM,NA,valid,FALSE,FALSE,47.014696911366045,0.7707601930731688,0.9745253312905876,3.438190476066496e-291,1.163204967890418,0.9873205839586816,5.965416050333045,HM,NA,valid,FALSE,FALSE,552.4524834827328,5.05633254543384,0.9979929338618824,0,5.965416050333045,0.999916810970461,valid,healthy,NA
Oct_22_37_SRS6_CWD,2022-10-17,SRS6,tree,cwd,NA,LGR,original,15:27:00,15:30:00,2022,10,wet,27.4,NA,NA,NA,NA,NA,418.99555555555554,107.68,1366.9955555555557,0.2725807515020317,LM,SE | g-fact. > 2 | Intercept,valid,FALSE,TRUE,14.608648628108783,0.2725807515020317,0.434904003909338,3.6284241831504213e-36,1.2444388010987573,0.6087152619487646,7.5476874672236605,HM,NA,valid,FALSE,FALSE,331.40101568315947,6.720929152027973,0.998911840542465,0,7.5476874672236605,0.999834564421914,valid,healthy,NA
Oct_22_38_SRS6_stem,2022-10-17,SRS6,tree,stem,NA,LGR,original,15:42:00,15:45:00,2022,10,wet,27.4,NA,NA,NA,NA,NA,1064.6016666666667,213.35,2012.6016666666667,0.23764519504935064,HM,AICc,valid,FALSE,TRUE,17.010093983619658,0.2360767999950726,0.940797165648568,6.946906083152023e-181,0.23764519504935064,0.940632829892984,2.0750836842891607,HM,NA,valid,FALSE,FALSE,304.10613657023396,1.968451648479371,0.999608189547714,0,2.0750836842891607,0.9997978083104296,valid,healthy,NA
Oct_22_40_SRS6_stem,2022-10-17,SRS6,tree,stem,NA,LGR,original,15:55:00,15:58:00,2022,10,wet,27.4,NA,NA,NA,NA,NA,1064.6016666666667,213.35,2012.6016666666667,0.06055950502551137,HM,AICc | Intercept,valid,FALSE,TRUE,8.204975190942426,0.0605266792726002,0.7064078823627808,2.9880045094873734e-121,0.06055950502551137,0.7061798691043135,2.428832872103164,HM,NA,valid,FALSE,FALSE,785.4722276654395,2.218681059792379,0.9993940569399908,0,2.428832872103164,0.9999524658660356,valid,healthy,NA
Oct_22_41_SRS6_stem,2022-10-17,SRS6,tree,stem,NA,LGR,original,12:57:30,13:00:30,2022,10,wet,25.6,NA,NA,NA,NA,NA,418.99555555555554,107.68,1366.9955555555557,2.3864897781212338,HM,MAE | SE | Intercept (HM),valid,FALSE,TRUE,12.199661723539617,1.8565427526235403,0.9090462536829932,1.004076027408178e-104,2.3864897781212338,0.9135360758023244,3.1654284127591796,HM,NA,valid,FALSE,FALSE,244.93430236620685,3.089391259483185,0.9997491396384314,0,3.1654284127591796,0.9997895087511218,valid,healthy,NA
Oct_22_43_SRS6_stem,2022-10-17,SRS6,tree,stem,NA,LGR,original,13:12:15,13:15:15,2022,10,wet,25.6,NA,NA,NA,NA,NA,418.99555555555554,107.68,1366.9955555555557,0.16851630409668747,HM,Intercept (HM),valid,FALSE,TRUE,6.810084924337212,0.1066282755611546,0.6605078963976604,3.25699241342718e-70,0.16851630409668747,0.671722078939652,1.8604793068936216,HM,NA,valid,FALSE,FALSE,273.76437593436907,1.7709912890063852,0.9995832750219767,0,1.8604793068936216,0.9997497131464044,valid,healthy,NA
Oct_22_45_SRS6_stem,2022-10-17,SRS6,tree,stem,NA,LGR,original,13:38:00,13:41:00,2022,10,wet,25.6,NA,NA,NA,NA,NA,1064.6016666666667,213.35,2012.6016666666667,0.1505590127969208,HM,AICc | Intercept,valid,FALSE,TRUE,4.278888271912083,0.1504522409933081,0.5573621158393516,8.399191071495754e-43,0.1505590127969208,0.5571706268117875,1.983698596592667,HM,NA,valid,FALSE,FALSE,283.42105425468225,1.9199581585040104,0.999743570306378,0,1.983698596592667,0.9998160277576008,valid,healthy,NA
Oct_22_46_SRS6_stem,2022-10-17,SRS6,tree,stem,NA,LGR,original,13:43:30,13:46:30,2022,10,wet,25.6,NA,NA,NA,NA,NA,1064.6016666666667,213.35,2012.6016666666667,0.0435118914246047,LM,g-fact. > 2 | Intercept (LM),valid,FALSE,TRUE,3.686886887375184,0.0435118914246047,0.05278079303099281,2.8458872136115306e-4,0.18628017422120935,0.09889533664701966,1.97048407966082,HM,NA,valid,FALSE,FALSE,252.15338138010657,1.855405428862485,0.9995246900700356,0,1.97048407966082,0.9997707965086544,valid,healthy,NA
Oct_22_47_SRS6_root,2022-10-17,SRS6,tree,root,NA,LGR,original,14:02:00,14:05:00,2022,10,wet,26.8,NA,NA,NA,NA,NA,212.53666666666663,40.45,1160.5366666666666,0.2283660735952588,HM,AICc | Intercept,valid,FALSE,TRUE,10.992160494601476,0.22789635024751623,0.7782843805447931,6.168542051400243e-182,0.2283660735952588,0.7780733645066463,2.1708481907935924,HM,NA,valid,FALSE,FALSE,313.1212350594352,1.7111227141989966,0.9956450988299566,0,2.1708481907935924,0.9996059030739928,valid,healthy,NA
Oct_22_48_SRS6_root,2022-10-17,SRS6,tree,root,NA,LGR,original,13:56:00,13:59:00,2022,10,wet,26.7,NA,NA,NA,NA,NA,212.53666666666663,40.45,1160.5366666666666,149.36558105962308,HM,SE | Intercept (LM),valid,FALSE,TRUE,17.69890998534088,100.71642910359012,0.939264372168447,2.2985452597885187e-132,149.36558105962308,0.950868457447219,9.179331997121578,HM,SE,valid,FALSE,TRUE,340.26004735765525,8.378770398949753,0.999308813654698,0,9.179331997121578,0.9998785606220127,valid,healthy,NA
Oct_22_52_SRS6_root,2022-10-17,SRS6,tree,root,NA,LGR,original,11:52:30,11:55:30,2022,10,wet,26.1,NA,NA,NA,NA,NA,1064.6016666666667,213.35,2012.6016666666667,0.1481040595906371,HM,AICc,valid,FALSE,TRUE,4.340028902174513,0.14800273384377272,0.508055587691658,1.721447557941729e-46,0.1481040595906371,0.5078911712235605,0.28640480831870335,HM,NA,valid,FALSE,FALSE,37.67119449895722,0.1555161398145899,0.9549534772241028,3.9104078674296895e-196,0.28640480831870335,0.9834141630723606,valid,healthy,NA
Oct_22_53_SRS6_stem,2022-10-17,SRS6,tree,stem,NA,LGR,original,12:18:15,12:21:15,2022,10,wet,25.6833333333333,NA,NA,NA,NA,NA,1064.6016666666667,213.35,2012.6016666666667,0.7289277429668972,LM,MAE | SE | g-fact. > 2,valid,FALSE,TRUE,9.042292760588756,0.7289277429668972,0.2826225108641218,1.2102059209743428e-16,1.7802723561605778,0.31123418097878053,2.107373195138602,HM,NA,valid,FALSE,FALSE,239.75375708573657,2.053340002326039,0.9997260190823194,0,2.107373195138602,0.9997722116096004,valid,healthy,NA
Oct_22_54_SRS6_stem,2022-10-17,SRS6,tree,stem,NA,LGR,original,12:23:30,12:26:30,2022,10,wet,25.6138888888889,NA,NA,NA,NA,NA,1064.6016666666667,213.35,2012.6016666666667,-0.3882885080551452,LM,g-fact. > 2 | Intercept,valid,FALSE,TRUE,54.02451349929078,-0.3882885080551452,0.8387304339654131,2.9063081562008356e-224,-1.3757611789420512,0.9685044067156908,0.6487684333854646,HM,NA,valid,FALSE,FALSE,239.65390523781343,0.5069705608618206,0.9951052534486194,0,0.6487684333854646,0.9993131710590832,valid,healthy,NA
Oct_22_31_SRS6_stem,2022-10-17,SRS6,tree,stem,NA,LGR,original,14:13:00,14:17:00,2022,10,wet,27.0125,NA,NA,NA,NA,NA,212.53666666666663,40.45,1160.5366666666666,0.1896019744718083,HM,AICc | Intercept,valid,FALSE,TRUE,2.438092643343211,0.18966853786798685,0.2703350894159061,4.503092115146408e-19,0.1896019744718083,0.27023100302042,2.8349902214512026,HM,NA,valid,FALSE,FALSE,129.176829882302,2.5980231348745444,0.9985034553688872,0,2.8349902214512026,0.9990177121197598,valid,healthy,NA
Oct_22_39_SRS6_stem,2022-10-17,SRS6,tree,stem,NA,LGR,original,15:49:00,15:53:00,2022,10,wet,27.4,NA,NA,NA,NA,NA,1064.6016666666667,213.35,2012.6016666666667,0.0860747297779794,HM,AICc | Intercept,valid,FALSE,TRUE,5.100393143291703,0.06504349340511364,0.5616880404143269,4.113588065291903e-52,0.0860747297779794,0.5648694760683715,2.512394403001777,HM,NA,valid,FALSE,FALSE,436.8505810759064,2.3569522652860098,0.9996296087201916,0,2.512394403001777,0.9999054459959272,valid,healthy,NA
Oct_22_44_SRS6_stem,2022-10-17,SRS6,tree,stem,NA,LGR,original,13:24:00,13:28:00,2022,10,wet,25.6,NA,NA,NA,NA,NA,1064.6016666666667,213.35,2012.6016666666667,0.00400523899261685,LM,HM.flux is NA,valid,TRUE,TRUE,3.2609857565748093,0.00400523899261685,0.0162016131379783,0.0011749241345954,NA,NA,2.051820451374716,HM,NA,valid,FALSE,FALSE,891.5897141656801,1.9355628127955549,0.9997223632679978,0,2.051820451374716,0.9999524815000104,valid,healthy,NA
Oct_22_34_SRS6_root,2022-10-17,SRS6,tree,root,NA,LGR,original,14:35:00,14:39:00,2022,10,wet,27.3354166666667,NA,NA,NA,NA,NA,212.53666666666663,40.45,1160.5366666666666,0.10363955748980236,LM,g-fact. > 2 | Intercept,valid,FALSE,TRUE,5.9444335399967345,0.10363955748980236,0.1162616745166628,8.891751706567342e-9,0.4630448487441884,0.27603609944615526,3.104314701292417,HM,NA,valid,FALSE,FALSE,149.4707332669534,2.237193970989307,0.9915515294443262,9.125960951346948e-272,3.104314701292417,0.9991474864597858,valid,healthy,NA
Oct_22_42_SRS6_stem,2022-10-17,SRS6,tree,stem,NA,LGR,original,13:05:00,13:09:00,2022,10,wet,25.6,NA,NA,NA,NA,NA,418.99555555555554,107.68,1366.9955555555557,0.4074211018823814,HM,AICc,valid,FALSE,TRUE,4.917716138686493,0.4072777630956308,0.5825549914653678,6.946165942339754e-55,0.4074211018823814,0.5823581380676537,1.4685634872471367,HM,NA,valid,FALSE,FALSE,174.59995831132596,1.2162000921545033,0.9969146270567264,0,1.4685634872471367,0.99937583562373,valid,healthy,NA
Oct_22_49_SRS6_stem,2022-10-17,SRS6,tree,stem,NA,LGR,original,11:06:00,11:11:00,2022,10,wet,27.1,NA,NA,NA,NA,NA,1064.6016666666667,213.35,2012.6016666666667,1.2124815606273922,HM,SE,valid,FALSE,TRUE,12.964842509446765,0.7877985208427006,0.8199295392706764,1.6999199924622924e-166,1.2124815606273922,0.832395239109309,1.2338633749931158,LM,RMSE | MAE | AICc,valid,FALSE,TRUE,917.597580394281,1.2338633749931158,0.9994753250692594,0,1.2483500833056045,0.999401699053536,valid,healthy,NA
Oct_22_51_SRS6_stem,2022-10-17,SRS6,tree,stem,NA,LGR,original,11:42:00,11:47:00,2022,10,wet,26.7666666666667,NA,NA,NA,NA,NA,1064.6016666666667,213.35,2012.6016666666667,-0.0062363596864151,LM,g-fact. > 2 | Intercept,valid,FALSE,TRUE,3.716600261142732,-0.0062363596864151,0.01755670969534095,2.1767262575267637e-4,-0.02183464798634351,0.06903142125440132,1.0647960339181817,HM,NA,valid,FALSE,FALSE,727.5432458799712,0.9941553177899258,0.9995943897750268,0,1.0647960339181817,0.999912405535426,valid,healthy,NA
Oct_22_50_SRS6_stem,2022-10-17,SRS6,tree,stem,NA,LGR,original,11:13:00,11:22:00,2022,10,wet,27.0444444444444,NA,NA,NA,NA,NA,1064.6016666666667,213.35,2012.6016666666667,0.31152404259145194,LM,SE | g-fact. > 2,valid,FALSE,TRUE,3.3745404388417604,0.31152404259145194,0.03492925732099583,8.415762334214992e-4,2.650144413775497,0.08697626550065563,1.3015179575306248,HM,NA,valid,FALSE,FALSE,205.29715285325176,1.2584670512277938,0.9994894206346184,0,1.3015179575306248,0.9995652132470226,valid,healthy,NA
Oct_22_80_FLM30_stem,2022-10-18,FLM30,tree,root,NA,LGR,original,15:22:55,15:25:55,2022,10,wet,30.8,31.1,NA,18,NA,NA,212.53666666666663,40.45,1160.5366666666666,0.3753969837690227,HM,Intercept,valid,FALSE,TRUE,5.463919530733625,0.19336112742450923,0.5390306029961961,4.7476067797969535e-49,0.3753969837690227,0.5586848982918635,5.669544766723514,HM,SE,valid,FALSE,TRUE,163.45947955744546,4.028775848624645,0.9909116601714574,4.7048619401111013e-287,5.669544766723514,0.9992310514694036,valid,ghost,NA
Oct_22_79_FLM30_stem,2022-10-18,FLM30,tree,stem,NA,LGR,original,14:31:14,14:34:15,2022,10,wet,27.4,31.1,NA,18,NA,NA,212.53666666666663,40.45,1160.5366666666666,0.8070367096672059,HM,Intercept (HM),valid,FALSE,TRUE,11.514874736486387,0.43893117353042344,0.8271844879989662,8.118420231364413e-108,0.8070367096672059,0.8520827005858849,5.410395605861477,HM,SE,valid,FALSE,TRUE,181.7507188578734,4.0266312499476555,0.9931547657241456,4.637770633481403e-292,5.410395605861477,0.9993900361564296,valid,ghost,NA
Oct_22_82_FLM30_stem,2022-10-18,FLM30,tree,stem,NA,LGR,original,16:02:21,16:05:44,2022,10,wet,30.8,31.1,NA,18,NA,NA,212.53666666666663,40.45,1160.5366666666666,0.24887394822982792,HM,Intercept (LM),valid,FALSE,TRUE,3.1920810950515066,0.1396202252659233,0.3220023370893116,5.19187814153669e-23,0.24887394822982792,0.332566029522642,5.968037097687971,HM,NA,valid,FALSE,FALSE,199.8008045821545,4.001072143302424,0.9881222030239184,6.221208685825848e-242,5.968037097687971,0.9995278955572944,valid,ghost,NA
Oct_22_83_FLM30_stem,2022-10-18,FLM30,tree,stem,NA,LGR,original,16:16:59,16:20:23,2022,10,wet,30.8,31.1,NA,18,NA,NA,418.99555555555554,107.68,1366.9955555555557,0.08004074489806189,HM,AICc,valid,FALSE,TRUE,4.685219173630088,0.07934485455166217,0.5387086854457457,7.078701177086026e-52,0.08004074489806189,0.5386423932712363,3.554242321207806,HM,NA,valid,FALSE,FALSE,303.53338148736475,2.8403233388939,0.996197002808702,0,3.554242321207806,0.9997739952803888,valid,ghost,NA
Oct_22_78_FLM30_stem,2022-10-18,FLM30,tree,stem,NA,LGR,original,14:22:36,14:26:02,2022,10,wet,27.4,31.1,NA,18,NA,NA,212.53666666666663,40.45,1160.5366666666666,0.4286657263244195,HM,AICc,valid,FALSE,TRUE,6.021702646027211,0.3968904175530883,0.7104025492621429,1.080668546727995e-62,0.4286657263244195,0.7106328811738158,1.0993931049128003,HM,SE | Intercept (LM),valid,FALSE,TRUE,32.94728222420046,0.6853014043410337,0.9672542056310902,2.956854856201124e-169,1.0993931049128003,0.983958042925338,valid,ghost,NA
Oct_22_81_FLM30_root,2022-10-18,FLM30,tree,root,NA,LGR,original,15:39:32,15:43:00,2022,10,wet,30.8,31.1,NA,18,NA,NA,212.53666666666663,40.45,1160.5366666666666,0.14316508451352958,HM,AICc | Intercept,valid,FALSE,TRUE,3.3028861212805354,0.10025883727023706,0.29832453995511243,4.737996454007495e-28,0.14316508451352958,0.3012512607641121,3.5578120358811063,HM,Intercept (LM),valid,FALSE,TRUE,152.71612458338242,2.002135809205006,0.974456233712422,1.8074071988685886e-271,3.5578120358811063,0.9988214861906816,valid,ghost,NA
Oct_22_71_FLM30_stem,2022-10-18,FLM30,tree,stem,NA,LGR,original,12:48:40,12:52:22,2022,10,wet,30.8,30.5,NA,31,NA,NA,212.53666666666663,40.45,1160.5366666666666,2.6634407382059275,LM,SE | g-fact. > 2 | Intercept (LM),valid,FALSE,TRUE,65.59761719711472,2.6634407382059275,0.9283563593762696,9.392270827574806e-192,6.3400383082643765,0.9896297895090412,1.734496435824143,LM,SE | g-fact. > 2 | Intercept (LM),valid,FALSE,TRUE,71.54129229901541,1.734496435824143,0.9390731344707428,2.109910560641389e-203,4.153051674273122,0.9983542718052754,valid,ghost,NA
Oct_22_73_FLM30_stem,2022-10-18,FLM30,tree,stem,NA,LGR,original,13:15:12,13:18:57,2022,10,wet,31.4,30.8,NA,12,NA,NA,212.53666666666663,40.45,1160.5366666666666,372.0524895259087,HM,SE,valid,FALSE,TRUE,472.6010256998251,323.2105793480912,0.998540460615636,0,372.0524895259087,0.9999122143575068,5.028889592569139,HM,NA,valid,FALSE,FALSE,303.49658713647295,3.66575518761477,0.9926903229188456,3.26602951e-299,5.028889592569139,0.9997690413562208,valid,ghost,NA
Oct_22_77_FLM30_stem,2022-10-18,FLM30,tree,stem,NA,LGR,original,14:10:01,14:13:50,2022,10,wet,27.4,31.1,NA,18,NA,NA,212.53666666666663,40.45,1160.5366666666666,70.48662654277913,HM,SE,valid,FALSE,TRUE,247.8458664517228,59.672839818222755,0.9977100268343748,0,70.48662654277913,0.9996397183299656,4.874686068267562,HM,NA,valid,FALSE,FALSE,305.81398490759693,3.728037866775888,0.9946608040854376,0,4.874686068267562,0.999751658871222,valid,ghost,NA
Oct_22_68_FLM30_stem,2022-10-18,FLM30,tree,stem,NA,LGR,original,12:10:14,12:14:05,2022,10,wet,25.8,29.8,NA,15,NA,NA,212.53666666666663,40.45,1160.5366666666666,2.144034803797723,HM,NA,valid,FALSE,FALSE,61.549724546242864,1.74033332105535,0.9896162190210924,0,2.144034803797723,0.99260422830119,4.073691785593241,HM,NA,valid,FALSE,FALSE,336.23581431050115,3.528968723921006,0.9983510339942604,0,4.073691785593241,0.9997579641496176,valid,ghost,NA
Oct_22_76_FLM30_stem,2022-10-18,FLM30,tree,stem,NA,LGR,original,13:54:20,13:58:20,2022,10,wet,31.4,30.8,NA,12,NA,NA,418.99555555555554,107.68,1366.9955555555557,0.07947350276210989,HM,Intercept (LM),valid,FALSE,TRUE,2.8735387986618393,0.04190174098892852,0.2237727475601392,5.742579242548722e-20,0.07947350276210989,0.22913404344574528,2.3291602734018864,HM,NA,valid,FALSE,FALSE,169.37926848160885,1.5827463534775996,0.9886185929689184,4.15e-305,2.3291602734018864,0.9991380496420824,valid,ghost,NA
Oct_22_69_FLM30_stem,2022-10-18,FLM30,tree,stem,NA,LGR,original,12:24:46,12:28:49,2022,10,wet,25.7,29.8,NA,15,NA,NA,212.53666666666663,40.45,1160.5366666666666,0.04666590384153996,HM,AICc,valid,FALSE,TRUE,2.166175103620665,0.04649527137799627,0.13906003076224127,8.241958377775377e-17,0.04666590384153996,0.1390247073021239,4.4117170675765065,HM,NA,valid,FALSE,FALSE,439.04127970592543,4.0003386004051595,0.999194995252268,0,4.4117170675765065,0.9998439321341048,valid,ghost,NA
Oct_22_70_FLM30_stem,2022-10-18,FLM30,tree,stem,NA,LGR,original,12:38:09,12:42:39,2022,10,wet,30.6,30.2,NA,31,NA,NA,212.53666666666663,40.45,1160.5366666666666,71.64342857682055,LM,RMSE | MAE | SE | AICc,valid,FALSE,TRUE,213.1767176813918,71.64342857682055,0.9932245343849,0,71.97466371586637,0.993013095486409,5.764741541407926,HM,SE,valid,FALSE,TRUE,199.27259179281867,4.626730821116557,0.9960746425338324,0,5.764741541407926,0.9994499427326556,valid,ghost,NA
Oct_22_72_FLM30_stem,2022-10-18,FLM30,tree,stem,NA,LGR,original,12:57:24,13:02:35,2022,10,wet,31.2,30.5,NA,31,NA,NA,212.53666666666663,40.45,1160.5366666666666,0.2959500406832281,LM,SE | g-fact. > 2 | Intercept (LM),valid,FALSE,TRUE,27.32184830739528,0.2959500406832281,0.6369021454246021,1.5603630400181135e-95,1.9057617353498173,0.8762676218328245,2.734335299003511,LM,SE | g-fact. > 2 | Intercept (LM),valid,FALSE,TRUE,80.82372698859518,2.734335299003511,0.9389058361422468,1.0390605630342008e-259,6.6809861276699465,0.997579161360004,valid,ghost,NA
Oct_22_74_FLM30_stem,2022-10-18,FLM30,tree,stem,NA,LGR,original,13:30:00,13:35:20,2022,10,wet,31.4,30.8,NA,12,NA,NA,418.99555555555554,107.68,1366.9955555555557,6.64848108800273,HM,SE,valid,FALSE,TRUE,115.8426151667394,4.507176036108846,0.9872257219624828,0,6.64848108800273,0.9978522443926724,2.246009619402273,HM,NA,valid,FALSE,FALSE,359.0806497244283,1.5078058348545036,0.988379539049932,0,2.246009619402273,0.999775091491539,valid,ghost,NA
Oct_22_67_FLM30_stem,2022-10-18,FLM30,tree,stem,NA,LGR,original,11:57:48,12:03:54,2022,10,wet,26.4,29.8,NA,15,NA,NA,212.53666666666663,40.45,1160.5366666666666,27.100131535471284,LM,RMSE | MAE | SE | AICc,valid,FALSE,TRUE,2383.4538858209667,27.100131535471284,0.999935577186326,0,27.513808422142233,0.999915697057883,3.061374369990379,HM,NA,valid,FALSE,FALSE,243.89494391257017,2.5073564788818534,0.9967370811157727,0,3.061374369990379,0.9995693250321388,valid,ghost,NA
Oct_22_75_FLM30_stem,2022-10-18,FLM30,tree,stem,NA,LGR,original,13:41:37,13:50:46,2022,10,wet,31.4,30.8,NA,12,NA,NA,418.99555555555554,107.68,1366.9955555555557,0.7599211762814198,HM,NA,valid,FALSE,FALSE,57.28507822922164,0.7123744514870859,0.9924715835645692,0,0.7599211762814198,0.9927553809249102,3.8344355006988535,HM,NA,valid,FALSE,FALSE,469.26398471077454,3.2844389936189087,0.9982172354180152,0,3.8344355006988535,0.9998863479654352,valid,ghost,NA
Oct_22_133_SRS5_CWD,2022-10-19,SRS5,tree,cwd,NA,LGR,original,16:37:25,16:39:00,2022,10,wet,16.1,NA,NA,NA,NA,NA,418.99555555555554,107.68,1366.9955555555557,NA,NA,NA,no_data,FALSE,FALSE,NA,NA,NA,NA,NA,NA,NA,NA,NA,no_data,FALSE,FALSE,NA,NA,NA,NA,NA,NA,no_data,healthy,NA
Oct_22_132_SRS5_CWD,2022-10-19,SRS5,tree,cwd,NA,LGR,original,16:27:12,16:29:00,2022,10,wet,16.1,NA,NA,NA,NA,NA,418.99555555555554,107.68,1366.9955555555557,NA,NA,NA,no_data,FALSE,FALSE,NA,NA,NA,NA,NA,NA,NA,NA,NA,no_data,FALSE,FALSE,NA,NA,NA,NA,NA,NA,no_data,healthy,NA
Oct_22_116_SRS5_stem,2022-10-19,SRS5,tree,stem,NA,LGR,original,12:08:05,12:11:05,2022,10,wet,18.3,26.1,NA,20,NA,NA,1064.6016666666667,213.35,2012.6016666666667,0.0532264831942189,HM,AICc | Intercept,valid,FALSE,TRUE,2.2142604573277413,0.05088210485629455,0.23031389918092104,2.5851254656626027e-16,0.0532264831942189,0.2303395761003305,1.6706312825087275,HM,NA,valid,FALSE,FALSE,179.33250135445226,1.409745249026646,0.997500248381232,0,1.6706312825087275,0.9994657191595518,valid,healthy,NA
Oct_22_117_SRS5_stem,2022-10-19,SRS5,tree,stem,NA,LGR,original,12:16:25,12:19:25,2022,10,wet,18.3,26.1,NA,20,NA,NA,1064.6016666666667,213.35,2012.6016666666667,0.0752060414059321,HM,AICc,valid,FALSE,TRUE,4.1861214962367255,0.07520739571510826,0.4848394388210153,1.3071005039702385e-44,0.0752060414059321,0.484669042417998,1.2853774712940926,HM,NA,valid,FALSE,FALSE,227.6876595210387,1.2635055515524811,0.9996230663032744,0,1.2853774712940926,0.9996379130818872,valid,healthy,NA
Oct_22_120_SRS5_root,2022-10-19,SRS5,tree,root,NA,LGR,original,13:16:13,13:19:13,2022,10,wet,18.3,26.1,NA,20,NA,NA,212.53666666666663,40.45,1160.5366666666666,0.640307958188127,HM,Intercept (LM),valid,FALSE,TRUE,9.863407492532597,0.463811224335762,0.8256087369548378,5.445246881338168e-105,0.640307958188127,0.8313125148966422,3.082971752749359,HM,NA,valid,FALSE,FALSE,131.40052748717022,2.5724352460316107,0.9966928730545558,0,3.082971752749359,0.9989311563302284,valid,healthy,NA
Oct_22_121_SRS5_stem,2022-10-19,SRS5,tree,stem,NA,LGR,original,13:41:19,13:44:19,2022,10,wet,15.9,26.5,NA,20,NA,NA,1064.6016666666667,213.35,2012.6016666666667,0.1392889085721878,HM,NA,valid,FALSE,FALSE,10.287164427826628,0.1157536387066644,0.8136296001801816,3.983474128835953e-128,0.1392889085721878,0.8154865439491767,1.1571989894392354,HM,NA,valid,FALSE,FALSE,252.20682521867897,1.0709091381892557,0.9992277673216088,0,1.1571989894392354,0.9996429320267736,valid,healthy,NA
Oct_22_125_SRS5_stem,2022-10-19,SRS5,tree,root,NA,LGR,original,14:19:45,14:22:45,2022,10,wet,15.9,26.5,NA,20,NA,NA,1064.6016666666667,213.35,2012.6016666666667,0.2803162447468188,HM,Intercept (LM),valid,FALSE,TRUE,24.301209395245458,0.17437330119159355,0.9303772227686906,9.908918694349705e-252,0.2803162447468188,0.9460701322189022,1.100911872012292,HM,NA,valid,FALSE,FALSE,205.41490041251737,0.867403668018308,0.9952491373807484,0,1.100911872012292,0.99928196255655,valid,healthy,NA
Oct_22_128_SRS5_stem,2022-10-19,SRS5,tree,stem,NA,LGR,original,15:32:38,15:35:38,2022,10,wet,16.1,26.3,NA,20,NA,NA,418.99555555555554,107.68,1366.9955555555557,0.09210899273223667,LM,g-fact. > 2,valid,FALSE,TRUE,10.05661356065594,0.09210899273223667,0.3228765599551493,1.171323988729196e-19,0.199446595531967,0.3355049191514865,1.017374557796525,HM,NA,valid,FALSE,FALSE,90.79031000604456,0.9607537791697092,0.9981400450182052,1.5421292099791357e-287,1.017374557796525,0.9983621191138804,valid,healthy,NA
Oct_22_129_SRS5_stem,2022-10-19,SRS5,tree,stem,NA,LGR,original,15:39:20,15:42:20,2022,10,wet,16.1,26.3,NA,20,NA,NA,418.99555555555554,107.68,1366.9955555555557,0.09509923425395228,HM,AICc | Intercept,valid,FALSE,TRUE,3.4070469936772794,0.09480442150439286,0.44225585645910515,1.8289950945173704e-31,0.09509923425395228,0.4421481897712557,1.1895565079979944,HM,NA,valid,FALSE,FALSE,122.31080843498684,1.1229764236102044,0.9987761289754354,0,1.1895565079979944,0.9990009148678312,valid,healthy,NA
Oct_22_118_SRS5_stem,2022-10-19,SRS5,tree,stem,NA,LGR,original,12:26:13,12:29:25,2022,10,wet,18.3,26.1,NA,20,NA,NA,1064.6016666666667,213.35,2012.6016666666667,0.04275253197060236,LM,g-fact. > 2 | Intercept,valid,FALSE,TRUE,10.278937267911491,0.04275253197060236,0.26384680115048365,2.398760395241275e-21,0.18146971152273217,0.30912114715656935,1.382851254696927,HM,NA,valid,FALSE,FALSE,216.9884859141354,1.2391587174670775,0.9987768917967652,0,1.382851254696927,0.9995928379756928,valid,healthy,NA
Oct_22_130_SRS5_stem,2022-10-19,SRS5,tree,root,NA,LGR,original,15:16:50,15:20:05,2022,10,wet,16.1,26.3,NA,20,NA,NA,418.99555555555554,107.68,1366.9955555555557,0.31022261948023844,HM,AICc,valid,FALSE,TRUE,15.275134823980933,0.29816518038017176,0.9272033189019462,2.1110777886234497e-164,0.31022261948023844,0.9273004226342574,1.8322312658353583,HM,NA,valid,FALSE,FALSE,239.64003142110892,1.5908141634208588,0.9982849919911968,0,1.8322312658353583,0.999665279250742,valid,healthy,NA
Oct_22_131_SRS5_root,2022-10-19,SRS5,tree,root,NA,LGR,original,15:02:13,15:05:35,2022,10,wet,16.1,26.3,NA,20,NA,NA,212.53666666666663,40.45,1160.5366666666666,0.8381809108150007,HM,AICc | Intercept,valid,FALSE,TRUE,17.417093695805473,0.8091594952235645,0.9403753989862312,3.5257429864415044e-187,0.8381809108150007,0.9404512343372728,2.6761581376318024,HM,NA,valid,FALSE,FALSE,156.3082512613793,2.4492119621596413,0.9986612971198766,0,2.6761581376318024,0.999193743384566,valid,healthy,NA
Oct_22_127_SRS5_stem,2022-10-19,SRS5,tree,stem,NA,LGR,original,15:24:30,15:28:05,2022,10,wet,16.1,26.3,NA,20,NA,NA,418.99555555555554,107.68,1366.9955555555557,0.13492764275610375,HM,AICc | Intercept,valid,FALSE,TRUE,5.8839170711904165,0.1340855059941544,0.6707907175733361,7.897891932645031e-67,0.13492764275610375,0.6706941444059075,1.3902457002377222,HM,NA,valid,FALSE,FALSE,179.03652355352946,1.28392678048271,0.9990152822449532,0,1.3902457002377222,0.9994507784744054,valid,healthy,NA
Oct_22_123_SRS5_stem,2022-10-19,SRS5,tree,stem,NA,LGR,original,14:06:17,14:10:17,2022,10,wet,15.9,26.5,NA,20,NA,NA,1064.6016666666667,213.35,2012.6016666666667,0.01239762755721974,LM,g-fact. > 2 | Intercept,valid,FALSE,TRUE,5.005474015862816,0.01239762755721974,0.05541873935028862,8.296444789041636e-7,0.02575893821701049,0.06701477072687034,1.207606352024441,HM,NA,valid,FALSE,FALSE,311.28042354994193,1.0909702962354004,0.9990173153421044,0,1.207606352024441,0.9997211626012728,valid,healthy,NA
Oct_22_126_SRS5_root,2022-10-19,SRS5,tree,root,NA,LGR,original,14:49:46,14:54:00,2022,10,wet,16.1,26.3,NA,20,NA,NA,212.53666666666663,40.45,1160.5366666666666,0.40787309533857113,HM,NA,valid,FALSE,FALSE,19.07582008915979,0.32231657285994236,0.8948313327799488,1.770609466540546e-289,0.40787309533857113,0.8981773746743132,2.212107136209184,HM,NA,valid,FALSE,FALSE,312.3098811494843,1.734366353018227,0.995380159617452,0,2.212107136209184,0.999575801251547,valid,healthy,NA
Oct_22_124_SRS5_root,2022-10-19,SRS5,tree,root,NA,LGR,original,14:33:14,14:37:53,2022,10,wet,15.9,26.5,NA,20,NA,NA,212.53666666666663,40.45,1160.5366666666666,0.05595032529705709,LM,SE | g-fact. > 2 | Intercept,valid,FALSE,TRUE,9.03095674056317,0.05595032529705709,0.13172611230509113,3.15517445514911e-18,0.24319248972356944,0.267786860619988,3.2844823017167837,HM,Intercept (LM),valid,FALSE,TRUE,274.1483529354902,1.653440015500783,0.9642052021753168,0,3.2844823017167837,0.9993963791580268,valid,healthy,NA
Oct_22_122_SRS5_stem,2022-10-19,SRS5,tree,stem,NA,LGR,original,13:54:12,13:59:30,2022,10,wet,15.9,26.5,NA,20,NA,NA,1064.6016666666667,213.35,2012.6016666666667,0.03544274734303847,HM,AICc | Intercept,valid,FALSE,TRUE,3.8284185859973863,0.03539431547073233,0.367139340505676,1.1480785517922388e-41,0.03544274734303847,0.3670306945527207,1.0677177357859762,HM,NA,valid,FALSE,FALSE,265.921873203612,0.964600744902676,0.9989075790917384,0,1.0677177357859762,0.9996256661686836,valid,healthy,NA
Oct_22_119_SRS5_stem,2022-10-19,SRS5,tree,root,NA,LGR,original,12:37:49,12:43:49,2022,10,wet,18.3,26.1,NA,20,NA,NA,1064.6016666666667,213.35,2012.6016666666667,-0.04407120832882748,HM,AICc | Intercept,valid,FALSE,TRUE,14.817643331828991,-0.0440455107911679,0.3344613014492521,7.8716153902683e-42,-0.04407120832882748,0.33429467308078076,10.394999238629373,HM,NA,valid,FALSE,FALSE,635.2115928884865,7.943968158549291,0.9948602641688606,0,10.394999238629373,0.9999202936954636,valid,healthy,NA
Oct_22_135_SRS5_stem,2022-10-20,SRS5,tree,stem,NA,LGR,original,12:32:52,12:35:52,2022,10,wet,21,20,NA,3,NA,NA,1064.6016666666667,213.35,2012.6016666666667,0.0639712864096791,HM,AICc | Intercept,valid,FALSE,TRUE,5.689872840873727,0.06392565789181624,0.5671768127266752,3.9056286466393206e-73,0.0639712864096791,0.5669985520633369,1.1472861408454642,HM,NA,valid,FALSE,FALSE,248.0909971631635,1.032701585095732,0.9988011012717648,0,1.1472861408454642,0.9995768357203542,valid,healthy,NA
Oct_22_136_SRS5_stem,2022-10-20,SRS5,tree,stem,NA,LGR,original,12:42:10,12:45:10,2022,10,wet,21,20,NA,3,NA,NA,1064.6016666666667,213.35,2012.6016666666667,0.04175322119650271,HM,AICc,valid,FALSE,TRUE,2.454192858901066,0.04017615985699489,0.25114287558516823,2.6584703058243746e-19,0.04175322119650271,0.2511671491364761,0.9322475902894828,HM,NA,valid,FALSE,FALSE,136.08995916562637,0.7684756050665329,0.996328073126836,0,0.9322475902894828,0.9989665036736316,valid,healthy,NA
Oct_22_137_SRS5_stem,2022-10-20,SRS5,tree,root,NA,LGR,original,12:56:14,12:59:14,2022,10,wet,21,20,NA,3,NA,NA,1064.6016666666667,213.35,2012.6016666666667,0.4397225477375696,HM,NA,valid,FALSE,FALSE,39.208015228613334,0.3841756947241414,0.9834902941662214,1.48e-305,0.4397225477375696,0.9847486469480348,1.3520458602436745,HM,NA,valid,FALSE,FALSE,325.27610247066985,1.2615526039341922,0.999456023890899,0,1.3520458602436745,0.9997821391130556,valid,healthy,NA
Oct_22_138_SRS5_root,2022-10-20,SRS5,tree,root,NA,LGR,original,13:20:30,13:23:30,2022,10,wet,21,20,NA,3,NA,NA,212.53666666666663,40.45,1160.5366666666666,3.6308684810000553,HM,SE,valid,FALSE,TRUE,42.58941990561607,1.9788230347208335,0.9585321386828348,4.085825955160173e-260,3.6308684810000553,0.9832838015525872,6.02931908677402,HM,NA,valid,FALSE,FALSE,410.9536720310052,4.916210709284719,0.9969564034904064,0,6.02931908677402,0.9998468987564858,valid,healthy,NA
Oct_22_139_SRS5_root,2022-10-20,SRS5,tree,root,NA,LGR,original,13:33:10,13:36:10,2022,10,wet,21,20,NA,3,NA,NA,212.53666666666663,40.45,1160.5366666666666,0.42631519559171993,HM,AICc | Intercept,valid,FALSE,TRUE,11.177050196234402,0.3783101797758864,0.8405933289668321,1.95569240827213e-143,0.42631519559171993,0.8414914269467717,3.82157386976885,HM,NA,valid,FALSE,FALSE,269.6803353462148,3.2789369100558585,0.9980621801504592,0,3.82157386976885,0.999671458266928,valid,healthy,NA
Oct_22_140_SRS5_stem,2022-10-20,SRS5,tree,stem,NA,LGR,original,14:00:00,14:03:00,2022,10,wet,21.4,22.2,NA,3,NA,NA,212.53666666666663,40.45,1160.5366666666666,0.5464232334859371,HM,Intercept (HM),valid,FALSE,TRUE,18.65019066492007,0.37769926389018554,0.9010554873385258,2.09667501942521e-232,0.5464232334859371,0.910552362608458,1.3829719200594572,HM,Intercept (LM),valid,FALSE,TRUE,81.25035027929923,0.7532835593969123,0.966828143723478,0,1.3829719200594572,0.994322037875301,valid,healthy,NA
Oct_22_141_SRS5_stem,2022-10-20,SRS5,tree,stem,NA,LGR,original,14:09:50,14:12:50,2022,10,wet,21.4,22.2,NA,3,NA,NA,212.53666666666663,40.45,1160.5366666666666,0.2682747745058823,HM,AICc | Intercept,valid,FALSE,TRUE,7.037351904121027,0.2650591103530097,0.6993169665873081,1.9841949560475327e-90,0.2682747745058823,0.6992612538023834,2.60513674042901,HM,NA,valid,FALSE,FALSE,205.75861169210847,2.3038099437249175,0.9984348155848696,0,2.60513674042901,0.9994690982857454,valid,healthy,NA
Oct_22_142_SRS5_stem,2022-10-20,SRS5,tree,stem,NA,LGR,original,14:20:00,14:23:00,2022,10,wet,21.4,22.2,NA,3,NA,NA,212.53666666666663,40.45,1160.5366666666666,0.5137494039410293,HM,Intercept,valid,FALSE,TRUE,8.406318182955728,0.27835751401066006,0.7064777589858555,3.9468420345798985e-87,0.5137494039410293,0.7282059970693088,2.9079073877698964,HM,NA,valid,FALSE,FALSE,170.7710435867024,2.552257455877302,0.998108937103664,0,2.9079073877698964,0.9992669469032028,valid,healthy,NA
Oct_22_134_SRS5_stem,2022-10-20,SRS5,tree,stem,NA,LGR,original,12:21:41,12:24:50,2022,10,wet,21,20,NA,3,NA,NA,1064.6016666666667,213.35,2012.6016666666667,0.11317823590799202,HM,AICc,valid,FALSE,TRUE,5.458003151331487,0.1123962699941112,0.6352797233362558,5.907506051266946e-62,0.11317823590799202,0.6351734036925241,1.2070458175306946,HM,NA,valid,FALSE,FALSE,158.4367552098102,1.1414732359463322,0.9990944291788146,0,1.2070458175306946,0.999302825457076,valid,healthy,NA
Oct_22_188_CP40_CWD,2022-10-23,CP40,tree,cwd,NA,LGR,original,16:10:00,16:12:00,2022,10,wet,31.2,NA,NA,NA,NA,NA,212.53666666666663,40.45,1160.5366666666666,19.522884174081792,HM,SE,valid,FALSE,TRUE,107.37770683037492,15.30658446760683,0.994472493449876,8.283465148313894e-227,19.522884174081792,0.9987692087214728,10.410873081788306,HM,SE,valid,FALSE,TRUE,265.95174684790544,9.012513920008937,0.9983393732423748,8.969889808643577e-279,10.410873081788306,0.9998083473025786,valid,ghost,NA
Oct_22_176_CP40_stem,2022-10-23,CP40,tree,stem,NA,LGR,original,12:37:30,12:40:30,2022,10,wet,30.7,26.3,NA,10,NA,NA,1064.6016666666667,213.35,2012.6016666666667,15.314494752981812,HM,NA,valid,FALSE,FALSE,143.0602087348139,14.82795884692009,0.9992505383970838,0,15.314494752981812,0.9993229258105616,16.202938431043965,HM,MAE | SE,valid,FALSE,TRUE,129.1773938503459,15.830331148584207,0.999136316547564,0,16.202938431043965,0.9991735726067874,valid,ghost,NA
Oct_22_178_CP40_stem,2022-10-23,CP40,tree,stem,NA,LGR,original,13:28:00,13:31:00,2022,10,wet,30.7,NA,NA,10,NA,NA,1064.6016666666667,213.35,2012.6016666666667,79.75367362907747,HM,NA,valid,FALSE,FALSE,392.27980537186926,66.53157182000898,0.9975915119011484,0,79.75367362907747,0.9998436262238914,2.2282253935963445,HM,NA,valid,FALSE,FALSE,231.03474465824937,1.6469017449866112,0.9930887317572524,0,2.2282253935963445,0.9995233691288586,valid,ghost,NA
Oct_22_179_CP40_stem,2022-10-23,CP40,tree,stem,NA,LGR,original,13:46:30,13:49:30,2022,10,wet,30.7,NA,NA,10,NA,NA,1064.6016666666667,213.35,2012.6016666666667,3.340746588379014,HM,NA,valid,FALSE,FALSE,65.49951708336465,2.442670733446568,0.98860347820418,2.628928951570722e-239,3.340746588379014,0.9958377287377244,3.4041667568227,HM,NA,valid,FALSE,FALSE,229.8479589767664,2.357206664875024,0.990021386018665,2.3978107037957665e-246,3.4041667568227,0.9996522861385464,valid,ghost,NA
Oct_22_180_CP40_stem,2022-10-23,CP40,tree,stem,NA,LGR,original,14:13:00,14:16:00,2022,10,wet,30.7,NA,NA,10,NA,NA,1064.6016666666667,213.35,2012.6016666666667,0.2186538373326044,LM,g-fact. > 2 | Intercept (HM),valid,FALSE,TRUE,26.422055923281867,0.2186538373326044,0.7701974575093131,3.0395165119875454e-68,0.6122049554167283,0.8344438624434998,2.106478674192048,HM,NA,valid,FALSE,FALSE,183.9137781843843,1.843138546567435,0.9983579986909118,2.0812049339451405e-290,2.106478674192048,0.999587387784296,valid,ghost,NA
Oct_22_181_CP40_stem,2022-10-23,CP40,tree,stem,NA,LGR,original,14:23:00,14:26:00,2022,10,wet,30.8,25.6,NA,10,NA,NA,1064.6016666666667,213.35,2012.6016666666667,23.065852878889245,HM,MAE | SE,valid,FALSE,TRUE,207.30285894620027,22.559698389396935,0.999422474202774,0,23.065852878889245,0.9994540340952646,1.6123437471767996,HM,NA,valid,FALSE,FALSE,345.5617270226121,1.4081679924845487,0.9985312862925592,0,1.6123437471767996,0.9997921799883064,valid,ghost,NA
Oct_22_182_CP40_stem,2022-10-23,CP40,tree,stem,NA,LGR,original,14:38:10,14:41:10,2022,10,wet,30.8,36,NA,10,NA,NA,1064.6016666666667,213.35,2012.6016666666667,3.697953378821982,HM,NA,valid,FALSE,FALSE,137.89334384863307,3.546299166988935,0.9991403848367336,0,3.697953378821982,0.9992606285978152,1.431875154408141,HM,NA,valid,FALSE,FALSE,149.7760887801926,1.3541824048913569,0.9991556775869468,0,1.431875154408141,0.999368910709718,valid,ghost,NA
Oct_22_183_CP40_stem,2022-10-23,CP40,tree,stem,NA,LGR,original,14:50:00,14:53:00,2022,10,wet,30.8,32.6,NA,10,NA,NA,1064.6016666666667,213.35,2012.6016666666667,1.0598160119762747,HM,NA,valid,FALSE,FALSE,81.03067440151786,0.8686667816496579,0.9929308540646647,0,1.0598160119762747,0.995738660928691,2.1521341553057405,HM,SE,valid,FALSE,TRUE,72.85338111890982,1.54578308595936,0.9861640755084388,0,2.1521341553057405,0.9944098272044148,valid,ghost,NA
Oct_22_186_CP40_stem,2022-10-23,CP40,tree,stem,NA,LGR,original,15:45:00,15:48:00,2022,10,wet,31,NA,NA,14,NA,NA,1064.6016666666667,213.35,2012.6016666666667,0.19440775157929052,LM,SE | g-fact. > 2 | Intercept,valid,FALSE,TRUE,9.607011133152142,0.19440775157929052,0.43620155988417153,1.839587499056047e-16,1.1788662751266945,0.5915943326991635,0.24258935441144944,LM,SE | g-fact. > 2 | Intercept (LM),valid,FALSE,TRUE,12.743879616199926,0.24258935441144944,0.5776761830851072,7.348286044526443e-24,1.9094354969237533,0.8186462037865717,valid,ghost,NA
Oct_22_187_CP40_CWD,2022-10-23,CP40,tree,cwd,NA,LGR,original,16:05:00,16:08:00,2022,10,wet,30,NA,NA,NA,NA,NA,212.53666666666663,40.45,1160.5366666666666,0.532527462797645,LM,SE | g-fact. > 2 | Intercept,valid,FALSE,TRUE,14.482181838729622,0.532527462797645,0.4323991428070324,1.1818804728489112e-35,5.435561771177078,0.783813362188138,2.8608927173964314,HM,SE,valid,FALSE,TRUE,109.00815334596282,1.7931830976883083,0.9828229280984068,3.4752678085530614e-243,2.8608927173964314,0.9982217202761116,valid,ghost,NA
Oct_22_185_CP40_stem,2022-10-23,CP40,tree,stem,NA,LGR,original,15:25:30,15:28:50,2022,10,wet,31,NA,NA,14,NA,NA,1064.6016666666667,213.35,2012.6016666666667,0.02523634190819811,LM,g-fact. > 2 | Intercept,valid,FALSE,TRUE,4.017896922487618,0.02523634190819811,0.06637707925145186,8.155303443540561e-5,0.05661166629763316,0.08078351409429185,0.1522420975890383,LM,g-fact. > 2 | Intercept (LM),valid,FALSE,TRUE,45.16875222832253,0.1522420975890383,0.9054265034804804,9.428462093110372e-111,0.3096063127091291,0.9441565284080764,valid,ghost,NA
Oct_22_175_CP40_stem,2022-10-23,CP40,tree,stem,NA,LGR,original,12:31:00,12:35:00,2022,10,wet,30.7,26.3,NA,10,NA,NA,1064.6016666666667,213.35,2012.6016666666667,14.908784369079816,HM,NA,valid,FALSE,FALSE,159.4425638577584,11.790107197168508,0.9954107250642276,0,14.908784369079816,0.9991970659681018,2.2305333108221475,HM,NA,valid,FALSE,FALSE,159.94149667270344,1.805654327410838,0.9961461345650056,0,2.2305333108221475,0.9992106943334788,valid,ghost,NA
Oct_22_177_CP40_stem,2022-10-23,CP40,tree,stem,NA,LGR,original,12:44:30,12:49:00,2022,10,wet,30.7,26.3,NA,10,NA,NA,1064.6016666666667,213.35,2012.6016666666667,0.2511932980457318,HM,SE | AICc,valid,FALSE,TRUE,0.7324266002554014,0.2509629661672749,0.01769482524477028,0.00137640102180777,0.2511932980457318,0.01768747514586322,0.7216670418710845,LM,SE | g-fact. > 2 | Intercept,valid,FALSE,TRUE,4.209136533953082,0.7216670418710845,0.03120460733758079,3.0221632888081715e-5,12.02929019168186,0.0930851434236124,valid,ghost,NA
Oct_22_184_CP40_stem,2022-10-23,CP40,tree,stem,NA,LGR,original,15:04:12,15:07:12,2022,10,wet,31,NA,NA,14,NA,NA,1064.6016666666667,213.35,2012.6016666666667,17.741168170143066,HM,SE,valid,FALSE,TRUE,48.50570487389885,10.892656482283062,0.9768304406194332,1.1022173912414577e-147,17.741168170143066,0.9940699386076938,0.6671045235694276,HM,RMSE | AICc,valid,FALSE,TRUE,42.22664243188567,0.6592456656620874,0.9937940467560622,1.3208887149998455e-198,0.6671045235694276,0.9937332072676188,valid,ghost,NA
Oct_22_210_CP40_stem,2022-10-24,CP40,tree,stem,NA,LGR,original,13:07:45,13:10:45,2022,10,wet,30.5,NA,NA,5,NA,NA,1064.6016666666667,213.35,2012.6016666666667,265.8216100026281,LM,RMSE | MAE | SE | AICc,valid,FALSE,TRUE,572.9302882563733,265.8216100026281,0.9993271818234876,0,269.3879860416263,0.999246675737019,1.6154830534374651,HM,NA,valid,FALSE,FALSE,160.1994344150158,1.5124167920552778,0.9991497021329984,0,1.6154830534374651,0.99944390841131725,valid,ghost,NA
Oct_22_212_CP40_stem,2022-10-24,CP40,tree,stem,NA,LGR,original,13:20:15,13:23:15,2022,10,wet,30.5,NA,NA,5,NA,NA,1064.6016666666667,213.35,2012.6016666666667,2.4831683890364,HM,RMSE | AICc,valid,FALSE,TRUE,73.4027070192644,2.454103335069626,0.997023275725992,0,2.4831683890364,0.9969400977662756,3.586595398481937,HM,NA,valid,FALSE,FALSE,214.78062343490848,2.9191346726485325,0.9965725509251564,0,3.586595398481937,0.9996055041431076,valid,ghost,NA
Oct_22_226_CP40_CWD,2022-10-24,CP40,tree,cwd,NA,LGR,original,13:29:15,13:32:15,2022,10,wet,25.3,NA,NA,NA,NA,NA,418.99555555555554,107.68,1366.9955555555557,0.9816754546170976,LM,g-fact. > 2 | Intercept (LM),valid,FALSE,TRUE,33.87542843250044,0.9816754546170976,0.8836263502903786,3.648772474041908e-72,2.6445819527693484,0.962150266972742,58.9469508304222,HM,SE,valid,FALSE,TRUE,56.06117998038592,43.75056008535463,0.989753625037132,2.4643621748042587e-151,58.9469508304222,0.9965169496479472,valid,ghost,NA
Oct_22_227_CP40_CWD,2022-10-24,CP40,tree,cwd,NA,LGR,original,13:42:00,13:45:00,2022,10,wet,25.1,NA,NA,NA,NA,NA,418.99555555555554,107.68,1366.9955555555557,0.17235709615400835,HM,AICc,valid,FALSE,TRUE,3.6433248240667546,0.17232638452096935,0.5053539316804976,1.0751862829076686e-33,0.17235709615400835,0.5051748059291625,5.132910632966864,HM,NA,valid,FALSE,FALSE,269.15313367859886,3.784731125286781,0.9932303901606432,9.808360449727735e-227,5.132910632966864,0.9997924649970352,valid,ghost,NA
Oct_22_209_CP40_stem,2022-10-24,CP40,tree,stem,NA,LGR,original,12:45:07,12:48:10,2022,10,wet,30.8,NA,NA,10,NA,NA,1064.6016666666667,213.35,2012.6016666666667,0.10954278550243272,HM,AICc | Intercept,valid,FALSE,TRUE,2.601766730939104,0.07943904109004357,0.3145747693619587,6.1661473797345125e-18,0.10954278550243272,0.3168811592297719,6.196175754556315,HM,NA,valid,FALSE,FALSE,359.87313085903895,6.04472596867388,0.9998611351356156,0,6.196175754556315,0.999903241229422,valid,ghost,NA
Oct_22_207_CP40_stem,2022-10-24,CP40,tree,stem,NA,LGR,original,12:20:51,12:23:57,2022,10,wet,25.5,NA,NA,10,NA,NA,1064.6016666666667,213.35,2012.6016666666667,0.6642158121980434,HM,AICc,valid,FALSE,TRUE,27.526543327481804,0.6584843573220838,0.9764459244668336,6.009915014299744e-240,0.6642158121980434,0.976323975432556,6.99345654539307,HM,NA,valid,FALSE,FALSE,570.8046981084711,6.811916134538595,0.9998964813400356,0,6.99345654539307,0.9999430601155536,valid,ghost,NA
Oct_22_208_CP40_stem,2022-10-24,CP40,tree,stem,NA,LGR,original,12:32:34,12:35:40,2022,10,wet,27.6,NA,NA,10,NA,NA,1064.6016666666667,213.35,2012.6016666666667,0.16879995712776188,HM,AICc,valid,FALSE,TRUE,6.425707020117045,0.16648719116117755,0.7386519564686307,6.938501314301996e-69,0.16879995712776188,0.7386271638612705,7.467032793058734,HM,NA,valid,FALSE,FALSE,453.2478137121248,7.239532398375762,0.9998627188575608,0,7.467032793058734,0.9999283618794094,valid,ghost,NA
Oct_22_213_CP40_stem,2022-10-24,CP40,tree,stem,NA,LGR,original,11:35:09,11:38:37,2022,10,wet,28.6,NA,NA,2,NA,NA,1064.6016666666667,213.35,2012.6016666666667,116.17910521058026,HM,SE,valid,FALSE,TRUE,706.7270046775031,109.82801964632834,0.9997514925361188,0,116.17910521058026,0.9999658237796544,1.1610221273340218,HM,NA,valid,FALSE,FALSE,146.5670140179731,1.0929556939953675,0.998960124500582,0,1.1610221273340218,0.9992043276665944,valid,ghost,NA
Oct_22_215_CP40_stem,2022-10-24,CP40,tree,stem,NA,LGR,original,12:02:30,12:06:12,2022,10,wet,29.1,NA,NA,2,NA,NA,418.99555555555554,107.68,1366.9955555555557,0.01836902754796933,LM,HM.flux is NA,valid,FALSE,TRUE,2.2836924790003996,0.01836902754796933,0.01619909048668422,0.02321239848261558,NA,NA,1.519698849543638,HM,NA,valid,FALSE,FALSE,102.44162356874568,1.134561750513343,0.992244127300847,2.5769338495365535e-271,1.519698849543638,0.9982415358903544,valid,ghost,NA
Oct_22_214_CP40_stem,2022-10-24,CP40,tree,stem,NA,LGR,original,11:44:37,11:50:26,2022,10,wet,29.3,NA,NA,2,NA,NA,1064.6016666666667,213.35,2012.6016666666667,7.785586584800825,HM,NA,valid,FALSE,FALSE,383.1899966689729,6.9611574542063215,0.9989696607712992,0,7.785586584800825,0.9998315098375404,1.7159052698230954,HM,NA,valid,FALSE,FALSE,294.8496777336236,1.5634000126451464,0.9991262791039168,0,1.7159052698230954,0.9997180622533576,valid,ghost,NA
Oct_22_269_Long Pine Key_stem,2022-10-26,Long Pine Key,tree,stem,NA,LGR,original,13:46:00,13:49:00,2022,10,wet,31.2,25.1,NA,NA,NA,NA,1064.6016666666667,213.35,2012.6016666666667,0.20101595198154637,HM,NA,valid,FALSE,FALSE,9.97430382712,0.14935868950675252,0.8298720047462496,1.120113052724495e-105,0.20101595198154637,0.8355397046035554,2.474578078824081,HM,NA,valid,FALSE,FALSE,142.68753987913644,2.003911829077902,0.9960137143751068,0,2.474578078824081,0.9990773998780768,valid,NA,NA
Oct_22_271_Long Pine Key_stem,2022-10-26,Long Pine Key,tree,stem,NA,LGR,original,14:01:00,14:04:00,2022,10,wet,31.2,25.1,NA,NA,NA,NA,1064.6016666666667,213.35,2012.6016666666667,0.03010582830629506,HM,MAE | AICc | Intercept,valid,FALSE,TRUE,1.2794965037498969,0.01961779851738405,0.06545821941261665,7.80012222738689e-6,0.03010582830629506,0.06728473908447763,1.8170337085174024,HM,NA,valid,FALSE,FALSE,152.74604838185232,1.5694434167604958,0.997733263349038,0,1.8170337085174024,0.999183451121342,valid,NA,NA
Oct_22_272_Mahogany Hammock_stem,2022-10-26,Mahogany Hammock,tree,stem,NA,LGR,original,15:18:00,15:21:00,2022,10,wet,27.6,24.4,NA,NA,NA,NA,2190.644,462.19,3138.644,103.23974458533412,HM,NA,valid,FALSE,FALSE,639.2534923278486,94.7568074412272,0.999461295515515,0,103.23974458533412,0.9999656839942752,6.454256255974362,HM,NA,valid,FALSE,FALSE,466.66846550328086,5.95035031891991,0.9994827468583622,0,6.454256255974362,0.999935751700534,valid,NA,NA
Oct_22_273_Mahogany Hammock_stem,2022-10-26,Mahogany Hammock,tree,stem,NA,LGR,original,15:23:30,15:26:30,2022,10,wet,27.6,24.4,NA,NA,NA,NA,2190.644,462.19,3138.644,2.33660043267773,HM,Intercept (HM),valid,FALSE,TRUE,36.20713611445918,2.1585636877786203,0.9885343542188452,1.280327565242958e-217,2.33660043267773,0.9889906235707436,6.206435490738807,LM,RMSE | MAE | AICc,valid,FALSE,TRUE,1396.6216235488469,6.206435490738807,0.9998856863745964,0,6.299423751909134,0.9998609825618696,valid,NA,NA
Oct_22_274_Mahogany Hammock_stem,2022-10-26,Mahogany Hammock,tree,stem,NA,LGR,original,15:31:00,15:34:00,2022,10,wet,27.6,24.4,NA,NA,NA,NA,2190.644,462.19,3138.644,0.24760414474153908,LM,g-fact. > 2 | Intercept (LM),valid,FALSE,TRUE,62.01800324937207,0.24760414474153908,0.8985799468105478,1.6421445924422265e-217,0.5443185741851602,0.9503252321812928,5.764714379425888,HM,NA,valid,FALSE,FALSE,715.0962571232118,5.23916365787821,0.999322856853369,0,5.764714379425888,0.9999443457234908,valid,NA,NA
Oct_22_275_Cypress Boardwalk_stem,2022-10-26,Cypress Boardwalk,tree,stem,NA,LGR,original,17:31:30,17:34:30,2022,10,wet,29.2,NA,NA,34,NA,NA,212.53666666666663,40.45,1160.5366666666666,838.8552555477784,HM,SE | AICc,valid,FALSE,TRUE,95.27417492581084,838.8044695843286,0.9917553579462708,0,838.8552555477784,0.991761466537488,16.85063556485052,HM,NA,valid,FALSE,FALSE,659.1126375798972,11.816732887808351,0.9908943788734584,1.361645e-301,16.85063556485052,0.9999467116110458,valid,NA,NA
Oct_22_276_Cypress Boardwalk_stem,2022-10-26,Cypress Boardwalk,tree,stem,NA,LGR,original,17:40:00,17:43:00,2022,10,wet,29.2,NA,NA,34,NA,NA,418.99555555555554,107.68,1366.9955555555557,230.15480550143565,HM,NA,valid,FALSE,FALSE,585.3669755366215,196.97414865070888,0.9982873446784968,2.814158731229336e-292,230.15480550143565,0.9999560847688596,6.691365390525534,HM,SE,valid,FALSE,TRUE,173.86839781286153,5.542890664953261,0.9969752788298148,7.38477505821938e-282,6.691365390525534,0.999494646835038,valid,NA,NA
Oct_22_277_Cypress Boardwalk_stem,2022-10-26,Cypress Boardwalk,tree,stem,NA,LGR,original,17:50:30,17:53:30,2022,10,wet,29.2,NA,NA,34,NA,NA,212.53666666666663,40.45,1160.5366666666666,52.057266795695405,HM,NA,valid,FALSE,FALSE,476.4000965552358,41.55673723799816,0.9963255586147188,2.870296886574915e-232,52.057266795695405,0.9999410795927994,7.318346645389061,HM,SE,valid,FALSE,TRUE,52.779047292322794,5.6389236774653115,0.990056999571161,2.061082661005772e-191,7.318346645389061,0.9951438401964076,valid,NA,NA
Oct_22_270_Long Pine Key_stem,2022-10-26,Long Pine Key,tree,stem,NA,LGR,original,13:52:00,13:55:00,2022,10,wet,31.2,25.1,NA,NA,NA,NA,1064.6016666666667,213.35,2012.6016666666667,0.14661511464352728,LM,g-fact. > 2 | Intercept (HM),valid,FALSE,TRUE,24.238921278103973,0.14661511464352728,0.7003075982058707,1.4013402009248241e-67,0.44516979238866894,0.7843981282500547,2.397161880865952,HM,NA,valid,FALSE,FALSE,243.81062820577552,2.1832969323421465,0.9991131244039828,0,2.397161880865952,0.9997220196197067,valid,NA,NA
Mar_23_286_SRS6_stem,2023-03-10,SRS6,tree,stem,NA,LGR,original,16:19:00,16:21:00,2023,3,dry,28.3,26.3,NA,30,NA,NA,418.99555555555554,107.68,1366.9955555555557,-0.5414860851429568,HM,Intercept (HM),valid,FALSE,TRUE,5.216922347265862,-0.3633363967698423,0.6871140159427664,3.6446925496579936e-41,-0.5414860851429568,0.6957804164843749,0.5046040111692218,HM,AICc,valid,FALSE,TRUE,20.610626634300292,0.4979787648198422,0.9772869910316242,1.6062155891890375e-129,0.5046040111692218,0.977210843078837,valid,healthy,NA
Mar_23_276_SRS6_stem,2023-03-10,SRS6,tree,stem,NA,LGR,original,14:20:00,14:23:00,2023,3,dry,30.2,25.8,NA,15,NA,NA,1064.6016666666667,213.35,2012.6016666666667,0.7939416646405358,HM,AICc | Intercept,valid,FALSE,TRUE,7.7693110876081635,0.7934866242512187,0.7900067612059305,1.2978135214595015e-88,0.7939416646405358,0.7897463118210962,0.27362192737220964,HM,NA,valid,FALSE,FALSE,21.94548114597467,0.23102235373731897,0.9629664953910428,9.670687374137946e-185,0.27362192737220964,0.964911126686858,valid,healthy,NA
Mar_23_277_SRS6_stem,2023-03-10,SRS6,tree,stem,NA,LGR,original,14:39:30,14:42:30,2023,3,dry,30.2,25.8,NA,15,NA,NA,1064.6016666666667,213.35,2012.6016666666667,0.1766554300710181,HM,AICc,valid,FALSE,TRUE,3.293319927861196,0.16474577315794017,0.4579581376233059,4.361495527133618e-28,0.1766554300710181,0.4581171258149044,0.30570897228964616,HM,AICc,valid,FALSE,TRUE,16.421458845756153,0.30469842675638953,0.9565431303392355,1.1964334973937009e-135,0.30570897228964616,0.9563145139805012,valid,healthy,NA
Mar_23_278_SRS6_stem,2023-03-10,SRS6,tree,stem,NA,LGR,original,14:46:00,14:49:00,2023,3,dry,30.2,25.8,NA,15,NA,NA,1064.6016666666667,213.35,2012.6016666666667,0.6911362570507423,HM,NA,valid,FALSE,FALSE,15.39071906449658,0.5979582871060404,0.9417601859285192,7.666897683050092e-132,0.6911362570507423,0.9431434803023256,0.3897619495781885,HM,AICc,valid,FALSE,TRUE,27.81463027926787,0.3862000998840227,0.983187453571869,1.6551146117751555e-188,0.3897619495781885,0.9830438154041936,valid,healthy,NA
Mar_23_279_SRS6_root,2023-03-10,SRS6,tree,root,NA,LGR,original,15:00:00,15:03:00,2023,3,dry,30.2,25.8,NA,15,NA,NA,418.99555555555554,107.68,1366.9955555555557,0.00175397764607347,LM,HM.flux is NA,valid,TRUE,TRUE,0.11396778567545096,0.00175397764607347,-0.0046554286501963,0.9093711801794232,NA,NA,0.00981590922127354,LM,HM.flux is NA,valid,FALSE,TRUE,2.2930028848207886,0.00981590922127354,0.01959820033457249,0.02282846487614276,NA,NA,valid,healthy,NA
Mar_23_280_SRS6_stem,2023-03-10,SRS6,tree,stem,NA,LGR,original,15:16:15,15:19:15,2023,3,dry,28.3,26.4,NA,22,NA,NA,1064.6016666666667,213.35,2012.6016666666667,0.409858710677867,HM,NA,valid,FALSE,FALSE,7.147441851473974,0.21341984043051615,0.7000106619854531,5.125502108281683e-62,0.409858710677867,0.7260676421920678,0.7436299161957922,HM,AICc,valid,FALSE,TRUE,67.07040322841506,0.7261927136765831,0.9967443345461492,5.044596376112436e-287,0.7436299161957922,0.9967728665025456,valid,healthy,NA
Mar_23_281_SRS6_stem,2023-03-10,SRS6,tree,stem,NA,LGR,original,15:25:00,15:28:00,2023,3,dry,28.3,26.4,NA,22,NA,NA,1064.6016666666667,213.35,2012.6016666666667,0.29495635328029784,HM,NA,valid,FALSE,FALSE,3.4802365947514335,0.16304266594832645,0.44050301690653226,4.6667449326530605e-24,0.29495635328029784,0.4557958245390741,0.6437378568574865,HM,NA,valid,FALSE,FALSE,30.67196459537815,0.5879350196494895,0.9873319217328228,3.574228382721014e-168,0.6437378568574865,0.9878902304239288,valid,healthy,NA
Mar_23_282_SRS6_stem,2023-03-10,SRS6,tree,stem,NA,LGR,original,15:32:00,15:35:00,2023,3,dry,28.3,26.4,NA,22,NA,NA,1064.6016666666667,213.35,2012.6016666666667,0.12332314390883602,HM,AICc | Intercept,valid,FALSE,TRUE,3.5465794167642697,0.12173709390241778,0.45022078657753806,3.0713438743173726e-33,0.12332314390883602,0.4502071043332255,0.6931774616274352,HM,NA,valid,FALSE,FALSE,58.18261088218253,0.6165609787662317,0.9942996204669784,1.6009012814277736e-271,0.6931774616274352,0.9952672215345963,valid,healthy,NA
Mar_23_283_SRS6_root,2023-03-10,SRS6,tree,root,NA,LGR,original,15:44:00,15:47:00,2023,3,dry,28.3,26.4,NA,22,NA,NA,418.99555555555554,107.68,1366.9955555555557,0.6175199564701465,HM,AICc,valid,FALSE,TRUE,12.428817401667771,0.5842980308774475,0.907735230987046,1.9185686695004953e-127,0.6175199564701465,0.9079414253597828,0.7550350679540159,HM,NA,valid,FALSE,FALSE,46.15220648398294,0.7300890003214688,0.9927034483900868,8.544590313707635e-261,0.7550350679540159,0.9927803479679704,valid,healthy,NA
Mar_23_284_SRS6_stem,2023-03-10,SRS6,tree,stem,NA,LGR,original,16:02:00,16:05:00,2023,3,dry,28.3,26.3,NA,30,NA,NA,418.99555555555554,107.68,1366.9955555555557,1.3282735304567983,HM,NA,valid,FALSE,FALSE,14.113021058222689,0.9772645992358052,0.937150537744432,1.1270146924368224e-100,1.3282735304567983,0.9434088640380696,0.08568124247114763,HM,AICc | Intercept,valid,FALSE,TRUE,2.839009962200557,0.06700524569939978,0.405989304780353,1.6543594574569114e-20,0.08568124247114763,0.4075591481417269,valid,healthy,NA
Mar_23_285_SRS6_stem,2023-03-10,SRS6,tree,stem,NA,LGR,original,16:09:30,16:12:30,2023,3,dry,28.3,26.3,NA,30,NA,NA,418.99555555555554,107.68,1366.9955555555557,0.05222068773996883,HM,AICc | Intercept,valid,FALSE,TRUE,0.7645114023569013,0.04927831956917159,0.04158220183917527,0.00310328413585111,0.05222068773996883,0.04160066559699904,0.18168061424382856,HM,NA,valid,FALSE,FALSE,5.901751024095605,0.10392931364620749,0.6826183505885126,1.0705027184462401e-47,0.18168061424382856,0.6986855480240795,valid,healthy,NA
Mar_23_287_SRS6_root,2023-03-10,SRS6,tree,root,NA,LGR,original,16:27:00,16:30:00,2023,3,dry,28.3,26.3,NA,30,NA,NA,418.99555555555554,107.68,1366.9955555555557,2.8366502251074097,HM,NA,valid,FALSE,FALSE,26.93639584126194,2.368682336868581,0.984433887171656,7.561620107185994e-127,2.8366502251074097,0.9867064083343916,0.3926325774138999,HM,AICc,valid,FALSE,TRUE,12.311196153652668,0.3900157383353202,0.944336034882982,1.1793113823935336e-88,0.3926325774138999,0.9442041637433176,valid,healthy,NA
Mar_23_288_SRS6_root,2023-03-10,SRS6,tree,root,NA,LGR,original,16:33:30,16:36:30,2023,3,dry,28.3,26.3,NA,30,NA,NA,212.53666666666663,40.45,1160.5366666666666,-0.08771386701751181,HM,SE | AICc | p-value | Intercept,valid,FALSE,TRUE,0.3559586732986995,-0.08774384735842418,0.00692384122757461,0.1554327395467437,-0.08771386701751181,0.00691835959152742,0.03690113519063408,LM,HM.flux is NA,valid,FALSE,TRUE,1.8435782174383928,0.03690113519063408,0.01584412124184198,0.0672446204540137,NA,NA,valid,healthy,NA
Mar_23_262_SRS6_stem,2023-03-11,SRS6,tree,stem,NA,LGR,original,15:52:15,15:55:15,2023,3,dry,23.6,26.4,NA,20,NA,NA,2190.644,462.19,3138.644,0.01817194799697633,LM,HM.flux is NA,valid,TRUE,TRUE,1.1350350196593346,0.01817194799697633,0.00213103616683629,0.2583868804845811,NA,NA,1.1735077861288008,LM,RMSE | MAE | AICc,valid,FALSE,TRUE,175.2892883183037,1.1735077861288008,0.9956254517202742,3.6702256804803154e-160,1.1810470226152754,0.9954522407065124,valid,healthy,NA
Mar_23_263_SRS6_stem,2023-03-11,SRS6,tree,stem,NA,LGR,original,11:54:30,11:57:30,2023,3,dry,26.7,24.1,NA,NA,NA,NA,1064.6016666666667,213.35,2012.6016666666667,0.15199842730640167,HM,AICc,valid,FALSE,TRUE,2.993153298391355,0.1508978850905297,0.4356523866691081,1.7653539902267926e-24,0.15199842730640167,0.4355824069334159,1.3114011139774795,HM,NA,valid,FALSE,FALSE,62.23171824333972,1.247479803791527,0.996795888510969,6.655433294661823e-228,1.3114011139774795,0.996966194662132,valid,healthy,NA
Mar_23_264_SRS6_stem,2023-03-11,SRS6,tree,stem,NA,LGR,original,12:08:15,12:11:15,2023,3,dry,26.7,24.1,NA,NA,NA,NA,1064.6016666666667,213.35,2012.6016666666667,0.03092717579347911,LM,g-fact. > 2 | Intercept,valid,FALSE,TRUE,2.7847808226684285,0.03092717579347911,0.03087931459932147,0.00584356931027077,0.08237019361442245,0.04365605132760264,0.7655915224202714,HM,AICc,valid,FALSE,TRUE,52.133353190108735,0.7534602831599909,0.9951330537530249,3.3826764416373014e-246,0.7655915224202714,0.9951075702070972,valid,healthy,NA
Mar_23_265_SRS6_stem,2023-03-11,SRS6,tree,stem,NA,LGR,original,12:23:30,12:26:30,2023,3,dry,26.7,24.1,NA,NA,NA,NA,1064.6016666666667,213.35,2012.6016666666667,0.05322441481502438,HM,AICc | Intercept,valid,FALSE,TRUE,1.3788985292040514,0.05311642876372449,0.11749799434878085,9.095757627833228e-8,0.05322441481502438,0.11746679049395858,0.6077573525166031,HM,NA,valid,FALSE,FALSE,48.2995327765195,0.5642020146882614,0.9935021030070372,6.68942239290651e-244,0.6077573525166031,0.9938815946197392,valid,healthy,NA
Mar_23_266_SRS6_stem,2023-03-11,SRS6,tree,stem,NA,LGR,original,12:39:30,12:42:30,2023,3,dry,28.3,24,NA,NA,NA,NA,1064.6016666666667,213.35,2012.6016666666667,0.25013172304828185,HM,AICc | Intercept,valid,FALSE,TRUE,5.214911123765322,0.23433105534293672,0.6692521949084498,7.593088914938009e-52,0.25013172304828185,0.669439454749094,1.3304304603165031,HM,MAE | AICc,valid,FALSE,TRUE,68.05558120523938,1.312296918500557,0.997225891771748,7.774500387482414e-267,1.3304304603165031,0.9971904518372062,valid,healthy,NA
Mar_23_267_SRS6_stem,2023-03-11,SRS6,tree,stem,NA,LGR,original,12:51:30,12:54:30,2023,3,dry,28.3,24,NA,NA,NA,NA,1064.6016666666667,213.35,2012.6016666666667,0.2528714391802066,HM,AICc | Intercept,valid,FALSE,TRUE,4.480033957940037,0.2041002597183058,0.5934640478020314,5.426729965412169e-40,0.2528714391802066,0.5955385639237747,1.1869771603057089,HM,NA,valid,FALSE,FALSE,75.77707543704828,1.1283844382476935,0.9976423252827424,4.702531803366307e-257,1.1869771603057089,0.9978176046536272,valid,healthy,NA
Mar_23_268_SRS6_stem,2023-03-11,SRS6,tree,stem,NA,LGR,original,13:04:00,13:07:00,2023,3,dry,28.3,24,NA,NA,NA,NA,418.99555555555554,107.68,1366.9955555555557,0.8788812963713403,HM,AICc,valid,FALSE,TRUE,10.428893041367196,0.8314705595965775,0.9116968091723396,1.674218467812236e-87,0.8788812963713403,0.9118932664604852,1.256728899855614,HM,NA,valid,FALSE,FALSE,46.145270405566976,1.1789091590150222,0.994795476373222,4.0551289818191927e-187,1.256728899855614,0.9950716574633836,valid,healthy,NA
Mar_23_269_SRS6_root,2023-03-11,SRS6,tree,root,NA,LGR,original,13:31:30,13:34:30,2023,3,dry,28.3,24,NA,NA,NA,NA,212.53666666666663,40.45,1160.5366666666666,0.1032538073600483,HM,AICc | Intercept,valid,FALSE,TRUE,0.871790900419761,0.10186470771283272,0.0511019730405915,6.176094828522455e-4,0.1032538073600483,0.05109965208576927,1.2147929687214185,HM,SE,valid,FALSE,TRUE,26.053019817638624,1.0039260192778452,0.9771421227269228,2.1629238614215033e-170,1.2147929687214185,0.9796068829873796,valid,healthy,NA
Mar_23_270_SRS6_stem,2023-03-11,SRS6,tree,stem,NA,LGR,original,14:05:30,14:08:30,2023,3,dry,25.3666666666667,25.8,NA,3,NA,NA,1064.6016666666667,213.35,2012.6016666666667,0.20154174666208372,HM,AICc | Intercept,valid,FALSE,TRUE,3.4034017572781736,0.12764010894192687,0.4226814736345331,1.2566573487517803e-25,0.20154174666208372,0.4279219369151034,1.3250653710766676,LM,RMSE | MAE | AICc,valid,FALSE,TRUE,369.4557645661231,1.3250653710766676,0.99854421061203,4.825322830570724e-283,1.3422132160492428,0.9984896910959248,valid,healthy,NA
Mar_23_271_SRS6_stem,2023-03-11,SRS6,tree,stem,NA,LGR,original,14:16:00,14:19:00,2023,3,dry,25.4733333333333,25.8,NA,7,NA,NA,1064.6016666666667,213.35,2012.6016666666667,0.04314375862603174,HM,AICc | Intercept,valid,FALSE,TRUE,1.154656198645192,0.04311520642568719,0.08615230627011217,7.1969480645511605e-6,0.04314375862603174,0.08612396060133098,0.7370420727707345,HM,NA,valid,FALSE,FALSE,58.2023447177885,0.7160783856819066,0.9959524480622364,4.8692677966022334e-257,0.7370420727707345,0.9960094539578572,valid,healthy,NA
Mar_23_272_SRS6_stem,2023-03-11,SRS6,tree,stem,NA,LGR,original,14:27:30,14:30:30,2023,3,dry,25.2914285714286,25.8,NA,7,NA,NA,418.99555555555554,107.68,1366.9955555555557,0.06350811904981317,LM,g-fact. > 2 | Intercept (HM),valid,FALSE,TRUE,4.832448664642168,0.06350811904981317,0.0957887873710297,2.6005106012281387e-6,0.2237774079017067,0.11604778522122094,0.5752738357259061,HM,NA,valid,FALSE,FALSE,29.895976851104457,0.5264400949491569,0.984195965109502,2.4987877757199343e-191,0.5752738357259061,0.9847355820694124,valid,healthy,NA
Mar_23_275_SRS6_stem,2023-03-11,SRS6,tree,stem,NA,LGR,original,15:12:25,15:15:25,2023,3,dry,24.2,26,NA,22,NA,NA,2190.644,462.19,3138.644,0.0776532655564461,HM,AICc,valid,FALSE,TRUE,1.6439475726582504,0.07764510447274621,0.2158983636057753,6.766544658673481e-10,0.0776532655564461,0.21581582659308285,1.7185363881350286,HM,MAE,valid,FALSE,TRUE,61.13728957998201,1.6041662724473749,0.9970279910253916,1.9116649260873356e-195,1.7185363881350286,0.9973375977852432,valid,healthy,NA
Mar_23_274_SRS6_stem,2023-03-11,SRS6,tree,stem,NA,LGR,original,14:59:30,15:02:30,2023,3,dry,24.2,26,NA,12,NA,NA,2190.644,462.19,3138.644,0.36937212486618615,HM,AICc,valid,FALSE,TRUE,7.636456532375108,0.3513529974016218,0.8510847866381099,4.975733024174828e-67,0.36937212486618615,0.8512374824982808,2.218370716757742,LM,RMSE | MAE | AICc,valid,FALSE,TRUE,330.8015781125657,2.218370716757742,0.9985582192124716,3.6369501568808425e-225,2.2476561826170887,0.9984905134176792,valid,healthy,NA
Mar_23_273_SRS6_stem,2023-03-11,SRS6,tree,stem,NA,LGR,original,12:47:30,14:50:30,2023,3,dry,24.2,26,NA,10,NA,NA,2190.644,462.19,3138.644,0.182815909817563,HM,AICc | Intercept,valid,FALSE,TRUE,3.530587327064269,0.16130865926869717,0.5365071092161546,1.4665097970219715e-28,0.182815909817563,0.5370912343214844,0.8630917322096024,HM,NA,valid,FALSE,FALSE,56.700951757496945,0.8296008236547376,0.9967144886062944,1.4280040451974862e-199,0.8630917322096024,0.9968221720924024,valid,healthy,NA
Mar_23_213_SRS5_stem,2023-03-12,SRS5,tree,stem,NA,LGR,original,15:45:08,15:48:08,2023,3,dry,27.8,23.6,NA,5,NA,NA,2190.644,462.19,3138.644,0.02986185650418494,LM,AICc | g-fact. > 2 | Intercept,valid,FALSE,TRUE,2.944185315316904,0.02986185650418494,0.04365177412831433,0.00369974167592794,0.06702044786901258,0.04705140217034742,1.9184941057153737,LM,RMSE | MAE | AICc,valid,FALSE,TRUE,486.7543032885547,1.9184941057153737,0.9992914287267534,3.807228059285765e-265,1.9416101372301624,0.999230803909317,valid,healthy,NA
Mar_23_215_SRS5_stem,2023-03-12,SRS5,tree,stem,NA,LGR,original,16:03:00,16:06:00,2023,3,dry,28.1,23.5,NA,8,NA,NA,418.99555555555554,107.68,1366.9955555555557,0.10319378776910663,HM,AICc | Intercept,valid,FALSE,TRUE,1.1098184520356285,0.09678301182892136,0.1015518184216062,2.24705580607774e-5,0.10319378776910663,0.10159444376541849,2.0484904376470143,HM,NA,valid,FALSE,FALSE,67.22106509009672,1.8094011708151811,0.9965891335479627,2.8026212080266157e-198,2.0484904376470143,0.997653365799229,valid,healthy,NA
Mar_23_216_SRS5_stem,2023-03-12,SRS5,tree,stem,NA,LGR,original,16:08:17,16:11:17,2023,3,dry,28.1,23.5,NA,8,NA,NA,418.99555555555554,107.68,1366.9955555555557,0.09156674975088314,HM,AICc | Intercept,valid,FALSE,TRUE,0.8429971867599492,0.0915322988549276,0.06909662782097714,0.00103357383618997,0.09156674975088314,0.06907215199654548,2.1736361449115114,HM,SE,valid,FALSE,TRUE,44.99748674160801,1.7268622831638551,0.9916139292365668,2.4097759984892607e-144,2.1736361449115114,0.9951906210139808,valid,healthy,NA
Mar_23_217_SRS5_root,2023-03-12,SRS5,tree,root,NA,LGR,original,16:16:00,16:19:00,2023,3,dry,28.1,23.5,NA,8,NA,NA,418.99555555555554,107.68,1366.9955555555557,0.09788981937548046,HM,AICc | Intercept,valid,FALSE,TRUE,1.0139740023358772,0.09777645179189225,0.09460549753545576,8.452950604030318e-5,0.09788981937548046,0.09457400992817144,2.1221119192030176,HM,SE,valid,FALSE,TRUE,54.98315946032492,1.743808171452899,0.9938962134722058,8.967411212347146e-164,2.1221119192030176,0.9966452184693312,valid,healthy,NA
Mar_23_211_SRS5_stem,2023-03-12,SRS5,tree,stem,NA,LGR,original,15:28:00,15:32:00,2023,3,dry,28.3,23.7,NA,1.5,NA,NA,2190.644,462.19,3138.644,0.02876294814843797,HM,AICc | Intercept,valid,FALSE,TRUE,1.28330091449388,0.02872870344768109,0.08601805268199147,5.312810045162698e-7,0.02876294814843797,0.08599305270338864,2.345828172854735,HM,NA,valid,FALSE,FALSE,236.7682883628093,2.2934388652053004,0.9996633677590386,0,2.345828172854735,0.9996968601731296,valid,healthy,NA
Mar_23_209_SRS5_stem,2023-03-12,SRS5,tree,stem,NA,LGR,original,15:13:00,15:18:00,2023,3,dry,28.3,23.7,NA,1.5,NA,NA,2190.644,462.19,3138.644,0.08420713501370967,HM,AICc,valid,FALSE,TRUE,1.697356943631018,0.0640244080710589,0.17771478145974295,1.8565780411442294e-9,0.08420713501370967,0.17887419053389586,2.6226158893423603,HM,NA,valid,FALSE,FALSE,125.686319788446,2.2852625366781325,0.9979501475107876,4.098523702851883e-244,2.6226158893423603,0.9992349312233888,valid,healthy,NA
Mar_23_212_SRS5_stem,2023-03-12,SRS5,tree,stem,NA,LGR,original,15:38:21,15:43:21,2023,3,dry,27.8,23.6,NA,5,NA,NA,2190.644,462.19,3138.644,0.03624082947003407,HM,AICc | Intercept,valid,FALSE,TRUE,1.539764517501942,0.03606808056479476,0.1257797482072711,3.402481322297791e-9,0.03624082947003407,0.12575328641799488,0.8816833554812382,LM,RMSE | MAE | AICc,valid,FALSE,TRUE,414.8538937736311,0.8816833554812382,0.998526312036682,0,0.8933230578521396,0.998442987130802,valid,healthy,NA
Mar_23_214_SRS5_stem,2023-03-12,SRS5,tree,stem,NA,LGR,original,15:49:00,15:54:00,2023,3,dry,27.8,23.6,NA,5,NA,NA,2190.644,462.19,3138.644,0.02190176526570378,HM,AICc | p-value | Intercept,valid,FALSE,TRUE,0.4679371818675323,0.0219199719392997,0.01477637009150922,0.06586605890725063,0.02190176526570378,0.01476983090653016,4.502761282584651,LM,RMSE | MAE | AICc,valid,FALSE,TRUE,721.429459435884,4.502761282584651,0.999688833321588,1.8509159764717918e-284,4.56394447212951,0.9996146400898126,valid,healthy,NA
Mar_23_210_SRS5_stem,2023-03-12,SRS5,tree,stem,NA,LGR,original,15:21:00,15:26:00,2023,3,dry,28.3,23.7,NA,1.5,NA,NA,2190.644,462.19,3138.644,0.04779915127750959,HM,AICc | Intercept,valid,FALSE,TRUE,1.9536686574957376,0.04757340114462632,0.18575624186885664,1.6999786845512065e-13,0.04779915127750959,0.18571892440987656,2.6996975696542367,LM,RMSE | MAE | AICc,valid,FALSE,TRUE,770.5943736713918,2.6996975696542367,0.999560661935336,0,2.7379252599200568,0.9994820388463876,valid,healthy,NA
Mar_23_179_SRS5_stem,2023-03-13,SRS5,tree,stem,NA,LGR,original,14:03:00,14:05:00,2023,3,dry,27.2,24.4,NA,0,NA,NA,418.99555555555554,107.68,1366.9955555555557,0.15511698651332065,HM,AICc,valid,FALSE,TRUE,1.1403343573611695,0.15488464649868983,0.1390670374529096,1.1856200443370313e-5,0.15511698651332065,0.13902467233240234,4.0999173793495345,HM,SE,valid,FALSE,TRUE,88.6042912431288,3.8796321523960726,0.998790453325878,4.806678500269284e-180,4.0999173793495345,0.99899747658421445,valid,healthy,NA
Mar_23_170_SRS5_stem,2023-03-13,SRS5,tree,stem,NA,LGR,original,12:33:30,12:36:30,2023,3,dry,26.6,24.2,NA,1,NA,NA,1064.6016666666667,213.35,2012.6016666666667,0.25458077947825875,HM,AICc | Intercept,valid,FALSE,TRUE,3.240727339555954,0.1785048997215994,0.45033010107624005,5.9997720090898354e-24,0.25458077947825875,0.45327099382808667,1.2752924117928277,HM,NA,valid,FALSE,FALSE,71.1867312056083,1.1700521659672958,0.9973015325910668,3.168289738923202e-219,1.2752924117928277,0.997815704844596,valid,healthy,NA
Mar_23_171_SRS5_stem,2023-03-13,SRS5,tree,stem,NA,LGR,original,12:40:00,12:43:00,2023,3,dry,26.6,24.2,NA,1,NA,NA,1064.6016666666667,213.35,2012.6016666666667,0.06379213355813063,HM,AICc,valid,FALSE,TRUE,0.9312341545768336,0.06371053789999657,0.07839637556520684,2.925872496436172e-4,0.06379213355813063,0.07837276373914648,2.252494766519283,LM,RMSE | MAE | AICc,valid,FALSE,TRUE,313.15946483043365,2.252494766519283,0.9984727825031592,6.297064285014441e-212,2.2762908537485216,0.9983895913559508,valid,healthy,NA
Mar_23_172_SRS5_stem,2023-03-13,SRS5,tree,stem,NA,LGR,original,13:04:00,13:07:00,2023,3,dry,24.4,24,NA,0,NA,NA,2190.644,462.19,3138.644,0.00789413835992541,LM,HM.flux is NA,valid,TRUE,TRUE,0.6431050970450545,0.00789413835992541,-0.00436277122081518,0.5212548265876795,NA,NA,3.217754930936419,HM,NA,valid,FALSE,FALSE,124.25352833017986,2.705502779093727,0.9972539950517704,1.034685848309281e-173,3.217754930936419,0.9994037519445008,valid,healthy,NA
Mar_23_173_SRS5_root,2023-03-13,SRS5,tree,root,NA,LGR,original,13:20:30,13:23:30,2023,3,dry,25.6,24.1,NA,0,NA,NA,212.53666666666663,40.45,1160.5366666666666,0.6500652212615291,HM,SE | Intercept (HM),valid,FALSE,TRUE,3.952146420367811,0.3922701905470246,0.4838959878272824,1.7850279545976795e-30,0.6500652212615291,0.49211838199084823,6.900120761854109,HM,SE,valid,FALSE,TRUE,90.12105358870198,4.5114829048699345,0.9845129129304824,2.2222903319752878e-181,6.900120761854109,0.9980976746132616,valid,healthy,NA
Mar_23_175_SRS5_root,2023-03-13,SRS5,tree,root,NA,LGR,original,13:32:30,13:35:30,2023,3,dry,26.7,24.1,NA,0,NA,NA,212.53666666666663,40.45,1160.5366666666666,0.9065925907105478,LM,SE | g-fact. > 2 | Intercept (LM),valid,FALSE,TRUE,15.404291079860982,0.9065925907105478,0.603876580234109,5.38021601760391e-33,2.548733797677885,0.6573661817693799,4.881600312446452,HM,SE,valid,FALSE,TRUE,50.63775297026282,3.2325713922217805,0.9828843711285186,3.6809164215849574e-138,4.881600312446452,0.9953875837309146,valid,healthy,NA
Mar_23_177_SRS5_stem,2023-03-13,SRS5,tree,stem,NA,LGR,original,13:45:30,13:48:30,2023,3,dry,26.7,24.7,NA,0,NA,NA,418.99555555555554,107.68,1366.9955555555557,0.13577005074879317,HM,AICc | Intercept,valid,FALSE,TRUE,2.511415604855402,0.13361128938231534,0.31435170162017967,1.394383286692426e-19,0.13577005074879317,0.3143557447727774,3.575134114824704,HM,NA,valid,FALSE,FALSE,190.13919394959828,3.4136724841185497,0.999472608012032,0,3.575134114824704,0.9996176640402192,valid,healthy,NA
Mar_23_178_SRS5_stem,2023-03-13,SRS5,tree,stem,NA,LGR,original,13:55:00,13:58:00,2023,3,dry,27.2,24.4,NA,0,NA,NA,418.99555555555554,107.68,1366.9955555555557,0.21403639873063543,HM,AICc | Intercept,valid,FALSE,TRUE,2.6056996941371064,0.21170358936287895,0.3950665092234015,9.630124911520988e-20,0.21403639873063543,0.3950349408213122,5.674401864889539,HM,SE,valid,FALSE,TRUE,161.71910442045714,5.439867431571673,0.9994787261858492,1.046355014478257e-269,5.674401864889539,0.9995997910040254,valid,healthy,NA
Mar_23_180_SRS5_stem,2023-03-13,SRS5,tree,stem,NA,LGR,original,10:56:00,10:59:00,2023,3,dry,27.5,24,NA,0,NA,NA,1064.6016666666667,213.35,2012.6016666666667,0.13895769507695138,HM,AICc | Intercept,valid,FALSE,TRUE,2.4801737181728845,0.10989098366216044,0.33129713511247094,5.883467408147995e-17,0.13895769507695138,0.33262287486345166,1.2804873695736427,HM,NA,valid,FALSE,FALSE,71.28331944811276,1.2143266697987427,0.997612426294972,1.1798315353791549e-227,1.2804873695736427,0.9978035188098306,valid,healthy,NA
Mar_23_184_SRS5_root,2023-03-13,SRS5,tree,root,NA,LGR,original,11:36:30,11:39:30,2023,3,dry,26.6,23.9,NA,0,NA,NA,212.53666666666663,40.45,1160.5366666666666,11.24805803869238,HM,SE,valid,FALSE,TRUE,60.07160609785378,7.661875667296257,0.9849830341451382,1.9184046715939415e-185,11.24805803869238,0.9957790871747352,12.593745086887598,HM,SE,valid,FALSE,TRUE,141.99369538187608,7.831478145392356,0.9826023372126148,5.084915447335816e-179,12.593745086887598,0.999211678620038,valid,healthy,NA
Mar_23_186_SRS5_stem,2023-03-13,SRS5,tree,stem,NA,LGR,original,11:51:00,11:54:00,2023,3,dry,26.6,23.9,NA,0,NA,NA,1064.6016666666667,213.35,2012.6016666666667,-0.02939685714154977,HM,AICc | p-value | Intercept,valid,FALSE,TRUE,1.2670495015082746,-0.0294362134218921,0.01390523288163114,0.06481204962531331,-0.02939685714154977,0.01389575521848607,1.6684280612109397,HM,NA,valid,FALSE,FALSE,80.94579616615411,1.434477484581908,0.9966382495331992,4.115281478009092e-216,1.6684280612109397,0.998206140950113,valid,healthy,NA
Mar_23_187_SRS5_stem,2023-03-13,SRS5,tree,stem,NA,LGR,original,11:57:00,12:00:00,2023,3,dry,26.6,23.9,NA,0,NA,NA,1064.6016666666667,213.35,2012.6016666666667,0.04478583951010361,LM,AICc | g-fact. > 2 | Intercept (LM),valid,FALSE,TRUE,2.93025326570338,0.04478583951010361,0.04395701431446397,0.00387007942281748,0.12144641151069129,0.05352388055422652,1.696280568601779,HM,NA,valid,FALSE,FALSE,71.99284860677113,1.4847873247634606,0.9965949668284324,1.629468470014781e-204,1.696280568601779,0.997846288397371,valid,healthy,NA
Mar_23_188_SRS5_root,2023-03-13,SRS5,tree,root,NA,LGR,original,12:03:30,12:06:30,2023,3,dry,26.6,23.9,NA,0,NA,NA,212.53666666666663,40.45,1160.5366666666666,0.3063087105817442,HM,AICc,valid,FALSE,TRUE,3.7770404754200433,0.25064570341986053,0.4011129890512074,8.073113730636037e-36,0.3063087105817442,0.4023546908917759,5.14778731533293,HM,NA,valid,FALSE,FALSE,227.59655859779144,4.75522421017905,0.9991839404525978,0,5.14778731533293,0.9996160756360694,valid,healthy,NA
Mar_23_174_SRS5_stem,2023-03-13,SRS5,tree,stem,NA,LGR,original,13:27:00,13:31:00,2023,3,dry,25.8,24.1,NA,0,NA,NA,2190.644,462.19,3138.644,0.0227614824800135,HM,AICc | Intercept,valid,FALSE,TRUE,0.5518841966717786,0.02277003509301198,0.02478894378565366,0.0297975176858006,0.0227614824800135,0.02477709732448796,5.020929609091838,HM,NA,valid,FALSE,FALSE,177.64767118150422,4.692117100171996,0.9993801636230514,4.197294326158786e-241,5.020929609091838,0.9996915547092629,valid,healthy,NA
Mar_23_185_SRS5_stem,2023-03-13,SRS5,tree,stem,NA,LGR,original,11:40:00,11:49:00,2023,3,dry,26.6,23.9,NA,0,NA,NA,1064.6016666666667,213.35,2012.6016666666667,2.4007352161110034,HM,SE | Intercept (HM),valid,FALSE,TRUE,12.487493152617144,1.6506661870950057,0.9458158063382014,1.5920018850091558e-61,2.4007352161110034,0.9560364727265942,2.0813297155537067,HM,SE,valid,FALSE,TRUE,43.75164228575628,1.7943414090392966,0.995107565886725,1.2791658629582611e-110,2.0813297155537067,0.9966424966454112,valid,healthy,NA
Mar_23_169_SRS5_stem,2023-03-13,SRS5,tree,stem,NA,LGR,original,12:24:15,12:33:30,2023,3,dry,26.6,24.2,NA,1,NA,NA,1064.6016666666667,213.35,2012.6016666666667,0.2850379976316888,HM,Intercept,valid,FALSE,TRUE,3.589060335121579,0.1667249877395918,0.4401039952200625,1.9114882111064688e-26,0.2850379976316888,0.4507643837188511,1.894391387317616,HM,NA,valid,FALSE,FALSE,77.24482227252399,1.5193655221861455,0.9943564428108072,2.771624611436584e-220,1.894391387317616,0.997724453896359,valid,healthy,NA
Mar_23_161_CP40_stem,2023-03-15,CP40,tree,stem,NA,LGR,original,14:19:00,14:21:00,2023,3,dry,22.2,23.9,NA,10,NA,NA,418.99555555555554,107.68,1366.9955555555557,0.06931119285213835,LM,SE | AICc | g-fact. > 2 | Intercept,valid,FALSE,TRUE,2.7064251357027542,0.06931119285213835,0.04152140593374343,0.00761760855490163,0.1851399136522797,0.04780378966197718,0.686238889010578,HM,NA,valid,FALSE,FALSE,20.59241045464862,0.6181763266678361,0.9769513276482648,7.959640392342319e-121,0.686238889010578,0.9777056046689276,valid,ghost,NA
Mar_23_150_CP40_CWD,2023-03-15,CP40,tree,cwd,NA,LGR,original,15:14:30,15:17:30,2023,3,dry,22.5,NA,NA,22,NA,NA,418.99555555555554,107.68,1366.9955555555557,0.07621555104128486,HM,AICc | Intercept,valid,FALSE,TRUE,1.2263837989489346,0.07600408086133684,0.0928189139684018,1.9230228712706314e-6,0.07621555104128486,0.09279543878878116,0.6330229448671534,HM,NA,valid,FALSE,FALSE,34.625839075713714,0.572374154476171,0.9871038764794098,6.754897850612409e-213,0.6330229448671534,0.9877821877238696,valid,ghost,NA
Mar_23_151_CP40_CWD,2023-03-15,CP40,tree,cwd,NA,LGR,original,15:38:00,15:41:00,2023,3,dry,22.5,NA,NA,12,NA,NA,418.99555555555554,107.68,1366.9955555555557,0.4062404980794681,HM,Intercept,valid,FALSE,TRUE,4.628308293724401,0.22956348487402495,0.5658111361821767,1.7618907476500975e-36,0.4062404980794681,0.5797187350156303,0.7168670373957783,HM,AICc,valid,FALSE,TRUE,34.35427854552929,0.7072206383533665,0.9900001077046244,3.524664848929867e-192,0.7168670373957783,0.9899304976400628,valid,ghost,NA
Mar_23_154_CP40_stem,2023-03-15,CP40,tree,stem,NA,LGR,rescued,12:57:00,13:00:00,2023,3,dry,NA,23,NA,10,NA,NA,1064.6016666666667,213.35,2012.6016666666667,0.264780267297391,HM,AICc,valid,FALSE,TRUE,4.623570623923867,0.20941334286076851,0.5870366529172473,2.0319656757048695e-42,0.264780267297391,0.5891787818711692,1.696166361986213,HM,NA,valid,FALSE,FALSE,106.72089057182636,1.6425586640512373,0.998749442404128,5.246114457201182e-292,1.696166361986213,0.9988197411739854,valid,ghost,NA
Mar_23_155_CP40_stem,2023-03-15,CP40,tree,stem,NA,LGR,original,13:03:30,13:06:30,2023,3,dry,22.2,23,NA,10,NA,NA,1064.6016666666667,213.35,2012.6016666666667,0.05117822130752902,HM,AICc | Intercept,valid,FALSE,TRUE,0.8331142888898652,0.05101808038746516,0.0577504769074666,0.00105985060375811,0.05117822130752902,0.05773716375779914,1.3921705827315256,HM,RMSE | AICc,valid,FALSE,TRUE,53.900140551417934,1.3718572839170031,0.9964685273144164,3.239681934061939e-203,1.3921705827315256,0.9964375428814424,valid,ghost,NA
Mar_23_156_CP40_stem,2023-03-15,CP40,tree,stem,NA,LGR,original,13:12:00,13:15:00,2023,3,dry,22.2,23,NA,10,NA,NA,1064.6016666666667,213.35,2012.6016666666667,0.02523110874073136,HM,AICc | Intercept,valid,FALSE,TRUE,0.6673309495523732,0.01366238091018773,0.01232795038027012,0.03151022221635276,0.02523110874073136,0.01529224041823906,1.3481977372713427,HM,NA,valid,FALSE,FALSE,145.2347964651638,1.196233746345713,0.9980919789888936,0,1.3481977372713427,0.9990782862305004,valid,ghost,NA
Mar_23_157_CP40_stem,2023-03-15,CP40,tree,stem,NA,LGR,original,13:35:00,13:38:00,2023,3,dry,22.2,22.7,NA,10,NA,NA,1064.6016666666667,213.35,2012.6016666666667,0.8440127059141772,HM,AICc,valid,FALSE,TRUE,13.895468479487011,0.8354205365617895,0.9473360477685034,3.5503411749288606e-110,0.8440127059141772,0.9472131758128765,1.5333853684687355,HM,AICc,valid,FALSE,TRUE,80.3478755132104,1.507701200629597,0.9983192145658852,1.3396555109254955e-236,1.5333853684687355,0.9983300379164888,valid,ghost,NA
Mar_23_158_CP40_stem,2023-03-15,CP40,tree,stem,NA,LGR,original,13:41:00,13:44:00,2023,3,dry,22.2,22.7,NA,10,NA,NA,1064.6016666666667,213.35,2012.6016666666667,0.8799048200695342,HM,NA,valid,FALSE,FALSE,30.2852144650701,0.8146923675185597,0.9795774337880188,9.143544009773304e-245,0.8799048200695342,0.9799720476179208,1.1216838453992002,HM,NA,valid,FALSE,FALSE,112.3464232215058,1.0530239469617355,0.9982538201174864,0,1.1216838453992002,0.99852712428615,valid,ghost,NA
Mar_23_160_CP40_stem,2023-03-15,CP40,tree,stem,NA,LGR,original,14:10:00,14:13:00,2023,3,dry,22.2,23.9,NA,10,NA,NA,418.99555555555554,107.68,1366.9955555555557,0.04820807379249176,LM,SE | AICc | g-fact. > 2 | p-value | Intercept,valid,FALSE,TRUE,1.7546724707795407,0.04820807379249176,0.01065658718001194,0.0809105238784198,0.1360098478267437,0.01768101331660554,0.4852435580120004,HM,NA,valid,FALSE,FALSE,19.404760291920592,0.4188673811114305,0.9649720724098954,6.52450861401445e-142,0.4852435580120004,0.966452721040578,valid,ghost,NA
Mar_23_162_CP40_stem,2023-03-15,CP40,tree,stem,NA,LGR,original,14:24:00,14:27:00,2023,3,dry,22.2,23.9,NA,10,NA,NA,418.99555555555554,107.68,1366.9955555555557,0.09176114909613071,HM,AICc,valid,FALSE,TRUE,2.5253081777510116,0.09148450514685662,0.26154611880314904,1.507206907684372e-20,0.09176114909613071,0.26148409016951524,0.6355312848276159,HM,NA,valid,FALSE,FALSE,54.848259214424615,0.6005726973255154,0.9937235377477962,8.686083421470001e-292,0.6355312848276159,0.99394423425107,valid,ghost,NA
Mar_23_163_CP40_stem,2023-03-15,CP40,tree,stem,NA,LGR,original,14:45:00,14:48:00,2023,3,dry,22.2,23.7,NA,10,NA,NA,212.53666666666663,40.45,1160.5366666666666,19.22439325597952,HM,SE,valid,FALSE,TRUE,41.49441583667405,14.058129348785176,0.9816238830536403,3.729887500822314e-226,19.22439325597952,0.9892050419083503,1.0065645448873524,HM,SE,valid,FALSE,TRUE,23.281001228723277,0.6771413265224444,0.9540126956951086,9.319232437565855e-175,1.0065645448873524,0.9652583027637316,valid,ghost,NA
Mar_23_164_CP40_stem,2023-03-15,CP40,tree,stem,NA,LGR,original,14:53:00,14:56:00,2023,3,dry,22.2,23.7,NA,10,NA,NA,212.53666666666663,40.45,1160.5366666666666,0.2074467793758124,LM,SE | g-fact. > 2 | Intercept,valid,FALSE,TRUE,9.724021366956643,0.2074467793758124,0.24779487882228268,1.8058456935864365e-19,0.9405017933659632,0.2967305129191432,1.0845878762370051,HM,SE,valid,FALSE,TRUE,31.6436810293872,0.8263279468502837,0.9749308639128288,8.76140300209184e-229,1.0845878762370051,0.9800485572054008,valid,ghost,NA
Mar_23_165_CP40_stem,2023-03-15,CP40,tree,stem,NA,LGR,original,15:01:00,15:04:00,2023,3,dry,22.2,23.7,NA,10,NA,NA,212.53666666666663,40.45,1160.5366666666666,0.03570926238757466,LM,HM.flux is NA,valid,TRUE,TRUE,1.624060376955166,0.03570926238757466,0.00555792068533955,0.10544186019841044,NA,NA,0.5382229715682122,HM,SE,valid,FALSE,TRUE,20.491189544151048,0.483822109123232,0.9551219810280132,4.55915270250948e-199,0.5382229715682122,0.9558487732237692,valid,ghost,NA
Mar_23_166_CP40_stem,2023-03-15,CP40,tree,stem,NA,LGR,original,15:51:00,15:54:00,2023,3,dry,22.8,NA,NA,NA,NA,NA,1064.6016666666667,213.35,2012.6016666666667,23.454920192314077,HM,NA,valid,FALSE,FALSE,172.10733527972124,21.580904577670307,0.9991225112615532,3.693840302318638e-271,23.454920192314077,0.999607275680352,1.187333348284622,HM,NA,valid,FALSE,FALSE,82.95944156405595,1.151974748443467,0.9982939647271202,9.491683234244977e-246,1.187333348284622,0.9983560930619356,valid,ghost,NA
Mar_23_167_CP40_stem,2023-03-15,CP40,tree,stem,NA,LGR,original,15:57:00,16:00:00,2023,3,dry,22.8,NA,NA,NA,NA,NA,1064.6016666666667,213.35,2012.6016666666667,42.00127506020131,HM,NA,valid,FALSE,FALSE,282.4984751115909,38.52903168782777,0.999320445190626,7.109202824961403e-291,42.00127506020131,0.999839998274712,1.8011329774770206,HM,AICc,valid,FALSE,TRUE,130.42840716852217,1.7734501163409542,0.9992745228992682,3.9116077420581546e-291,1.8011329774770206,0.9992762296496058,valid,ghost,NA
Mar_23_159_CP40_stem,2023-03-15,CP40,tree,stem,NA,LGR,original,13:50:00,13:53:00,2023,3,dry,22.2,22.7,NA,10,NA,NA,1064.6016666666667,213.35,2012.6016666666667,0.2230990930684966,HM,AICc | Intercept,valid,FALSE,TRUE,5.1156952360206915,0.2220811393014921,0.667201890490677,1.4416246037304244e-51,0.2230990930684966,0.6670570310573166,1.0197488844909324,HM,MAE | AICc,valid,FALSE,TRUE,71.74873068073806,1.0038293245005845,0.9974612577171822,8.04223596143211e-271,1.0197488844909324,0.9974584599961636,valid,ghost,NA
Mar_23_168_CP40_stem,2023-03-15,CP40,tree,stem,NA,LGR,original,16:05:00,16:08:00,2023,3,dry,22.8,NA,NA,NA,NA,NA,1064.6016666666667,213.35,2012.6016666666667,4.726633953490107,HM,NA,valid,FALSE,FALSE,94.75969258461622,4.343562377504229,0.9980867656804128,6.196286056691881e-270,4.726633953490107,0.9985686573462004,1.3923244121275078,HM,NA,valid,FALSE,FALSE,76.74473579533523,1.2721299342239565,0.9972760794474334,8.031436392773401e-255,1.3923244121275078,0.9978132104635596,valid,ghost,NA
Mar_23_100_SE1_stem,2023-03-17,SE1,tree,stem,NA,LGR,original,11:18:30,11:21:30,2023,3,dry,27.3,21.7,NA,7,NA,NA,-316.04942796330306,224.97812071928905,631.9505720366969,0.00177944919472883,LM,HM.flux is NA,valid,TRUE,TRUE,0.8844174474268205,0.00177944919472883,-9.437749394751728e-4,0.3773947078554841,NA,NA,0.07320550828817753,HM,NA,valid,FALSE,FALSE,19.57161135203288,0.05039168890733879,0.9470812961811764,5.378177332667159e-149,0.07320550828817753,0.956800268478803,valid,scrub,NA
Mar_23_101_SE1_root,2023-03-17,SE1,tree,root,NA,LGR,original,11:46:15,11:49:15,2023,3,dry,27.3,21.7,NA,7,NA,NA,-9.863326398974294,145.93175398007935,938.1366736010256,0.03000490156482269,LM,g-fact. > 2 | Intercept,valid,FALSE,TRUE,4.283982280547118,0.03000490156482269,0.08792643966575597,2.9917135292526773e-5,0.0840219456437202,0.09989370448922874,0.19758597803659544,HM,NA,valid,FALSE,FALSE,17.995737014568025,0.15404829250053031,0.9578591128184952,3.009775827709897e-125,0.19758597803659544,0.9620008435861224,valid,scrub,NA
Mar_23_102_SE1_root,2023-03-17,SE1,tree,root,NA,LGR,original,11:54:00,11:57:00,2023,3,dry,28.9,21.7,NA,7,NA,NA,-90.17443500601124,170.2537129767592,857.8255649939888,0.341611463030473,HM,AICc,valid,FALSE,TRUE,8.481997246334606,0.29918753033429035,0.881426304888838,7.737834620084293e-68,0.341611463030473,0.8824749891024042,0.07161275073938586,HM,AICc | Intercept,valid,FALSE,TRUE,5.678722982993487,0.05935172746756637,0.7641588551150839,1.323297094074035e-46,0.07161275073938586,0.7660370178934348,valid,scrub,NA
Mar_23_103_SE1_stem,2023-03-17,SE1,tree,stem,NA,LGR,original,12:01:30,12:04:30,2023,3,dry,28.2,21.7,NA,10,NA,NA,-436.5160908738584,249.3000797159689,511.4839091261416,3.942440092358432e-4,LM,HM.flux is NA,valid,TRUE,TRUE,0.17630102485069876,3.942440092358432e-4,-0.00538194826371585,0.8602556993872316,NA,NA,0.05859831038212275,LM,g-fact. > 2 | Intercept,valid,FALSE,TRUE,38.884596991331165,0.05859831038212275,0.8930266923648768,1.6446862090644982e-89,0.15245775781832455,0.9645416918968768,valid,scrub,NA
Mar_23_104_SE1_root,2023-03-17,SE1,tree,root,NA,LGR,original,12:07:30,12:10:30,2023,3,dry,28.2,21.7,NA,7,NA,NA,-436.5160908738584,249.3000797159689,511.4839091261416,1.232460913914828,HM,NA,valid,FALSE,FALSE,55.786085236460806,0.9442354345640102,0.9904846572281508,3.610007010153431e-189,1.232460913914828,0.9957660756248085,0.16034514933906,HM,NA,valid,FALSE,FALSE,46.38898431463319,0.1351050825546573,0.9921150631919948,1.0156200855033211e-196,0.16034514933906,0.994154844024409,valid,scrub,NA
Mar_23_106_SE1_stem,2023-03-17,SE1,tree,stem,NA,LGR,original,09:58:00,10:01:00,2023,3,dry,26.6,20.3,NA,15,NA,NA,-290.4835889897834,319.22571183142355,657.5164110102166,-0.00385981395773625,HM,AICc | p-value,valid,FALSE,TRUE,1.4044839827411255,-0.00386167024558164,0.00704010948430944,0.11989620397008392,-0.00385981395773625,0.00703224202352958,0.06028912349480167,HM,NA,valid,FALSE,FALSE,19.074798525392055,0.04536287121051575,0.9558494088830216,4.790294750350078e-139,0.06028912349480167,0.9615752507401284,valid,scrub,NA
Mar_23_107_SE1_root,2023-03-17,SE1,tree,root,NA,LGR,original,10:10:00,10:13:00,2023,3,dry,26.6,20.3,NA,15,NA,NA,-290.4835889897834,319.22571183142355,657.5164110102166,1.0199805816078658,HM,NA,valid,FALSE,FALSE,84.70996615241575,0.6490713096329033,0.9820208164308116,1.3991667670929542e-253,1.0199805816078658,0.9969073916925818,0.1147823177890308,HM,NA,valid,FALSE,FALSE,64.60431120768091,0.1115533121477989,0.9955733403944518,0,0.1147823177890308,0.9956267383349272,valid,scrub,NA
Mar_23_108_SE1_root,2023-03-17,SE1,tree,root,NA,LGR,original,10:34:30,10:37:30,2023,3,dry,26.6,20.3,NA,15,NA,NA,58.09222703774935,121.60979498339944,1006.0922270377494,0.270651940994711,HM,AICc | Intercept,valid,FALSE,TRUE,3.7048821013690247,0.2706784349179548,0.47916082054679543,8.731367975346129e-36,0.270651940994711,0.47898845656593314,-0.16906055704017528,HM,MAE | AICc | Intercept,valid,FALSE,TRUE,18.391241874855247,-0.1671257360568228,0.9576827139821033,1.1518383657810392e-165,-0.16906055704017528,0.9570435478891466,valid,scrub,NA
Mar_23_109_SE1_stem,2023-03-17,SE1,tree,stem,NA,LGR,original,10:52:30,10:55:30,2023,3,dry,26.6,20.6,NA,10,NA,NA,-9.863326398974294,145.93175398007935,938.1366736010256,0.2645241736263223,HM,SE | AICc,valid,FALSE,TRUE,0.7331118797223004,0.2647587035959275,0.03817494001150157,0.0043370764573718,0.2645241736263223,0.03815697122241701,0.30763402314087657,HM,Intercept (LM),valid,FALSE,TRUE,20.18111777437837,0.2059184768533866,0.9552285890286264,2.8460089179950604e-126,0.30763402314087657,0.966458267367257,valid,scrub,NA
Mar_23_110_SE1_stem,2023-03-17,SE1,tree,stem,NA,LGR,original,11:00:00,11:03:00,2023,3,dry,26.6,20.6,NA,10,NA,NA,-182.84109878336167,194.5756719734391,765.1589012166384,-0.0051064328543957,LM,AICc | g-fact. > 2 | p-value | Intercept,valid,TRUE,TRUE,1.2859808069715364,-0.0051064328543957,0.00311822538687789,0.1998793449828703,-0.0102926370144552,0.01114693033835179,0.07875247498240481,HM,Intercept (LM),valid,FALSE,TRUE,8.544310917170769,0.04120788171958466,0.7807154159800971,1.1053214161253775e-70,0.07875247498240481,0.8068940402089361,valid,scrub,NA
Mar_23_111_SE1_root,2023-03-17,SE1,tree,root,NA,LGR,original,11:07:00,11:10:00,2023,3,dry,26.6,20.6,NA,10,NA,NA,-68.93832455703514,164.1732232275893,879.0616754429649,1.7724514312833308,LM,g-fact. > 2 | Intercept (LM),valid,FALSE,TRUE,52.3707861231436,1.7724514312833308,0.9320120606286336,2.3844585978490526e-118,4.465651384287488,0.995037028031288,0.4531355506584984,HM,Intercept (LM),valid,FALSE,TRUE,32.50824879928145,0.2521181851152101,0.959110033236418,2.5128105727687032e-140,0.4531355506584984,0.9847507063464572,valid,scrub,NA
Mar_23_43_FLM30_stem,2023-03-18,FLM30,tree,stem,NA,LGR,original,11:21:30,11:24:30,2023,3,dry,26.6,24,NA,0,NA,NA,1064.6016666666667,213.35,2012.6016666666667,10.961642691252734,HM,NA,valid,FALSE,FALSE,125.60953162878228,8.207535896950043,0.9932957712850784,6.46622663516409e-187,10.961642691252734,0.9992212776381684,1.6758436509562455,HM,NA,valid,FALSE,FALSE,90.85749372402464,1.4080306268273526,0.9964608317125544,1.6862637508131987e-210,1.6758436509562455,0.9985910370017018,valid,ghost,NA
Mar_23_44_FLM30_stem,2023-03-18,FLM30,tree,stem,NA,LGR,original,11:32:00,11:35:00,2023,3,dry,26.6,24,NA,0,NA,NA,1064.6016666666667,213.35,2012.6016666666667,0.16646041692297103,HM,AICc | Intercept,valid,FALSE,TRUE,3.574834994337123,0.1649295127870827,0.530090092756679,3.188166269459255e-31,0.16646041692297103,0.5300379118866934,1.7835894496914269,HM,NA,valid,FALSE,FALSE,122.54908637529806,1.741397964734957,0.9992094754871518,2.9799898642456903e-278,1.7835894496914269,0.9992438411995636,valid,ghost,NA
Mar_23_45_FLM30_stem,2023-03-18,FLM30,tree,stem,NA,LGR,original,11:39:30,11:42:30,2023,3,dry,26.6,24,NA,0,NA,NA,1064.6016666666667,213.35,2012.6016666666667,0.11893158794989687,HM,AICc | Intercept,valid,FALSE,TRUE,1.996326113036088,0.11884526904629084,0.28758730325785287,2.7356242017703946e-13,0.11893158794989687,0.28750029419483725,2.2916727244886435,HM,NA,valid,FALSE,FALSE,107.12739898018832,2.0740137216100463,0.9984240629764988,2.5073875140927267e-219,2.2916727244886435,0.9991075401472987,valid,ghost,NA
Mar_23_46_FLM30_stem,2023-03-18,FLM30,tree,stem,NA,LGR,original,11:53:05,11:56:05,2023,3,dry,26.2,24.3,NA,0,NA,NA,1064.6016666666667,213.35,2012.6016666666667,97.1336457406316,HM,SE,valid,FALSE,TRUE,338.7846544994516,91.68268208281536,0.9996925788765122,1.9927828527819796e-237,97.1336457406316,0.9999238605353128,2.047121583694485,HM,NA,valid,FALSE,FALSE,82.9209226195262,1.896085188711258,0.9983104228349868,7.633498576890379e-188,2.047121583694485,0.9987185906096356,valid,ghost,NA
Mar_23_47_FLM30_stem,2023-03-18,FLM30,tree,stem,NA,LGR,original,11:59:47,12:02:47,2023,3,dry,26.2,24.3,NA,0,NA,NA,1064.6016666666667,213.35,2012.6016666666667,0.935629067528182,HM,Intercept,valid,FALSE,TRUE,8.8360288649733,0.4827726094552214,0.8295131473607551,4.243084692362967e-60,0.935629067528182,0.8585191806170521,1.6194030329454911,HM,NA,valid,FALSE,FALSE,74.61978352587225,1.4733512313223796,0.9975956877341416,7.254784421452956e-200,1.6194030329454911,0.9982047731836352,valid,ghost,NA
Mar_23_48_FLM30_stem,2023-03-18,FLM30,tree,stem,NA,LGR,original,12:06:45,12:09:45,2023,3,dry,26.2,24.3,NA,0,NA,NA,1064.6016666666667,213.35,2012.6016666666667,0.11359795736118466,LM,g-fact. > 2 | Intercept,valid,FALSE,TRUE,9.14094518761564,0.11359795736118466,0.31929866522506034,1.5390910851048983e-16,0.2893167016049066,0.34884507226372063,1.9860614832658656,HM,NA,valid,FALSE,FALSE,110.21651230008284,1.820830872954456,0.9985161783508988,1.1467994170344178e-249,1.9860614832658656,0.9990443536161412,valid,ghost,NA
Mar_23_49_FLM30_stem,2023-03-18,FLM30,tree,stem,NA,LGR,original,10:25:40,10:28:40,2023,3,dry,29.3,23.3,NA,2,NA,NA,1064.6016666666667,213.35,2012.6016666666667,106.4233594927985,LM,RMSE | MAE | SE | AICc,valid,FALSE,TRUE,25.032931753466578,106.4233594927985,0.8097450964152062,1.0937768150049867e-54,106.66964075756783,0.8095258171854687,0.9325266062826814,HM,RMSE | AICc,valid,FALSE,TRUE,39.61103926763989,0.9223455020072496,0.9942268645554272,1.5378085898180923e-165,0.9325266062826814,0.9941186526565182,valid,ghost,NA
Mar_23_50_FLM30_stem,2023-03-18,FLM30,tree,stem,NA,LGR,original,10:33:49,10:36:49,2023,3,dry,29.3,23.3,NA,2,NA,NA,1064.6016666666667,213.35,2012.6016666666667,0.706270544079675,HM,NA,valid,FALSE,FALSE,14.02022629635642,0.6184666675620575,0.9389163804515496,1.831074374906789e-114,0.706270544079675,0.9400620493614836,2.065692352797692,HM,NA,valid,FALSE,FALSE,115.56552039532954,1.9243477933506012,0.9987494622698976,1.0787633040690183e-270,2.065692352797692,0.9990909355756412,valid,ghost,NA
Mar_23_51_FLM30_stem,2023-03-18,FLM30,tree,stem,NA,LGR,original,10:42:30,10:45:30,2023,3,dry,29.3,23.3,NA,2,NA,NA,1064.6016666666667,213.35,2012.6016666666667,0.18322566614996055,LM,g-fact. > 2 | Intercept (HM),valid,FALSE,TRUE,25.859262914801363,0.18322566614996055,0.724422665240533,5.534400938952636e-73,0.40940833740639937,0.7619827779635803,2.3956867355184177,HM,NA,valid,FALSE,FALSE,191.18083868463432,2.238615759280614,0.9992386957227992,0,2.3956867355184177,0.9995493277388376,valid,ghost,NA
Mar_23_52_FLM30_stem,2023-03-18,FLM30,tree,stem,NA,LGR,original,10:55:30,10:58:30,2023,3,dry,26.2,24.8,NA,2,NA,NA,1064.6016666666667,213.35,2012.6016666666667,5.623090462399686,LM,RMSE | MAE | AICc,valid,FALSE,TRUE,163.62224616547684,5.623090462399686,0.994206610972915,1.652514173648289e-175,5.671024315355522,0.9940764120578688,1.1484691178843598,HM,NA,valid,FALSE,FALSE,56.32428396827551,1.0295776238569283,0.9959166425379354,2.7819160975390575e-187,1.1484691178843598,0.9967425536303356,valid,ghost,NA
Mar_23_53_FLM30_stem,2023-03-18,FLM30,tree,stem,NA,LGR,original,11:03:38,11:06:38,2023,3,dry,26.2,24.8,NA,2,NA,NA,1064.6016666666667,213.35,2012.6016666666667,0.04931920088145226,LM,g-fact. > 2 | Intercept,valid,FALSE,TRUE,2.4548057340974463,0.04931920088145226,0.04118851179610305,0.01558054050352319,0.12690628495830594,0.06622217415793863,1.793840887461206,HM,SE,valid,FALSE,TRUE,50.492031277814725,1.6050259335678414,0.996091059532612,9.8358666560159e-142,1.793840887461206,0.9969556057233632,valid,ghost,NA
Mar_23_54_FLM30_stem,2023-03-18,FLM30,tree,stem,NA,LGR,original,11:12:00,11:15:00,2023,3,dry,29.1,24.8,NA,2,NA,NA,1064.6016666666667,213.35,2012.6016666666667,0.08984329843132496,LM,g-fact. > 2 | Intercept (LM),valid,FALSE,TRUE,10.83362871942592,0.08984329843132496,0.3349982426446364,2.293901180937646e-22,0.21578737927373043,0.35383177428206947,1.875822278475453,HM,NA,valid,FALSE,FALSE,138.19459782696975,1.797193343548404,0.999107968450275,0,1.875822278475453,0.999231110764348,valid,ghost,NA
Mar_23_55_FLM30_stem,2023-03-18,FLM30,tree,stem,NA,LGR,original,14:40:00,14:43:00,2023,3,dry,28.8,NA,NA,23,NA,NA,212.53666666666663,40.45,1160.5366666666666,1.624131602272619,LM,SE | g-fact. > 2 | Intercept (LM),valid,FALSE,TRUE,33.923607894066315,1.624131602272619,0.8499420966117675,2.3388659465659326e-85,4.135412158215793,0.9015932674470246,9.456557580194032,HM,SE,valid,FALSE,TRUE,179.62295107762253,8.423240025596474,0.9986594039726056,2.4518456801826176e-291,9.456557580194032,0.999583724829879,valid,ghost,NA
Mar_23_56_FLM30_stem,2023-03-18,FLM30,tree,stem,NA,LGR,original,14:45:40,14:48:40,2023,3,dry,28.4,NA,NA,8,NA,NA,212.53666666666663,40.45,1160.5366666666666,0.5158770896858038,HM,SE | AICc | Intercept,valid,FALSE,TRUE,2.707339335790976,0.5142342721774893,0.4165467614138766,1.1165460787241154e-20,0.5158770896858038,0.4164482228543714,6.820166490935956,HM,SE,valid,FALSE,TRUE,93.36951719324824,6.341449740114094,0.9984234299286197,2.512629968241743e-226,6.820166490935956,0.99879101694833206,valid,ghost,NA
Mar_23_57_FLM30_stem,2023-03-18,FLM30,tree,stem,NA,LGR,original,14:23:30,14:26:30,2023,3,dry,27.8,NA,NA,4,NA,NA,212.53666666666663,40.45,1160.5366666666666,0.6310539736404198,HM,SE | AICc,valid,FALSE,TRUE,2.672737569580627,0.6251062753921144,0.4506192868829661,1.2499274595446136e-19,0.6310539736404198,0.4505734230995503,7.375585662183985,HM,SE | AICc,valid,FALSE,TRUE,88.89397429709317,7.262389372802625,0.9989053107273004,1.9499828642380836e-203,7.375585662183985,0.9989053760493182,valid,ghost,NA
Mar_23_58_FLM30_stem,2023-03-18,FLM30,tree,stem,NA,LGR,original,14:32:10,14:35:10,2023,3,dry,27.6,27.1,NA,6,NA,NA,212.53666666666663,40.45,1160.5366666666666,1.1112078793782685,HM,SE | AICc,valid,FALSE,TRUE,5.147025812410847,1.096692483320588,0.74308706096411,7.525736209133985e-45,1.1112078793782685,0.7430314166030532,7.989651656299289,HM,SE,valid,FALSE,TRUE,102.81032527124192,7.715520013299995,0.9990436374877962,5.005453034687971e-221,7.989651656299289,0.9991258977422736,valid,ghost,NA
Mar_23_59_FLM30_stem,2023-03-18,FLM30,tree,stem,NA,LGR,original,13:27:50,13:30:50,2023,3,dry,29.4,25.8,NA,1,NA,NA,1064.6016666666667,213.35,2012.6016666666667,2.4766033909818455,HM,NA,valid,FALSE,FALSE,27.2872610841611,2.3520377963922847,0.9883129327761973,1.246128817405668e-129,2.4766033909818455,0.988504253510271,1.7902930878838343,HM,NA,valid,FALSE,FALSE,57.68906946665411,1.7091912064110022,0.9972610752248826,3.201628043158111e-171,1.7902930878838343,0.997411749322554,valid,ghost,NA
Mar_23_60_FLM30_stem,2023-03-18,FLM30,tree,stem,NA,LGR,original,13:32:45,13:35:45,2023,3,dry,29.4,25.8,NA,1,NA,NA,1064.6016666666667,213.35,2012.6016666666667,4.5492994792033015,HM,SE,valid,FALSE,TRUE,28.669864287749338,2.583084224688801,0.9637095483540224,1.211707626964248e-103,4.5492994792033015,0.986146073262222,2.7084829686570604,HM,SE,valid,FALSE,TRUE,48.53577686410211,1.7785470602850628,0.9823082076338386,1.2075029894100838e-125,2.7084829686570604,0.9954128377419866,valid,ghost,NA
Mar_23_62_FLM30_stem,2023-03-18,FLM30,tree,stem,NA,LGR,original,13:51:50,13:54:50,2023,3,dry,29.7,23.9,NA,2,NA,NA,1064.6016666666667,213.35,2012.6016666666667,31.327582668267908,HM,NA,valid,FALSE,FALSE,284.8818834900729,30.46715378289879,0.9997942151266525,0,31.327582668267908,0.9998477044838748,2.002019591099259,HM,NA,valid,FALSE,FALSE,103.32063746923212,1.7938087631553297,0.997943426956864,4.0310456862194766e-260,2.002019591099259,0.998795525629848,valid,ghost,NA
Mar_23_63_FLM30_stem,2023-03-18,FLM30,tree,stem,NA,LGR,original,13:58:00,14:01:00,2023,3,dry,29.7,23.9,NA,2,NA,NA,1064.6016666666667,213.35,2012.6016666666667,0.403971107719957,HM,AICc | Intercept,valid,FALSE,TRUE,3.6900047635447697,0.28670585842059687,0.5755404027545474,1.5070725524696882e-26,0.403971107719957,0.5803504847496888,1.9344170295990748,LM,RMSE | MAE | AICc,valid,FALSE,TRUE,274.85990820289845,1.9344170295990748,0.9982425996374426,6.114234836737685e-184,1.9542490900782088,0.9981492150202408,valid,ghost,NA
Mar_23_64_FLM30_stem,2023-03-18,FLM30,tree,stem,NA,LGR,original,14:07:35,14:10:35,2023,3,dry,29.7,23.9,NA,2,NA,NA,1064.6016666666667,213.35,2012.6016666666667,0.17473970445165585,HM,AICc | Intercept,valid,FALSE,TRUE,1.8399219488756011,0.1138375167028478,0.21452891613596192,7.755538053722114e-10,0.17473970445165585,0.21766406923195455,2.308568341115381,HM,NA,valid,FALSE,FALSE,94.96762720946438,2.091291722371456,0.9981843293456814,8.112733702194806e-212,2.308568341115381,0.9988674974723968,valid,ghost,NA
Mar_23_65_FLM30_stem,2023-03-18,FLM30,tree,stem,NA,LGR,original,12:17:00,12:20:00,2023,3,dry,29.4,25.1,NA,3,NA,NA,1064.6016666666667,213.35,2012.6016666666667,10.533548103036422,HM,SE,valid,FALSE,TRUE,47.104787937148586,6.901048984553684,0.9809101494628142,2.2694715325299318e-135,10.533548103036422,0.9946345103161912,1.1406483240501517,HM,NA,valid,FALSE,FALSE,35.87623155225465,0.7609125767931507,0.9789934424630152,3.7726723573414056e-132,1.1406483240501517,0.9908568556932646,valid,ghost,NA
Mar_23_66_FLM30_stem,2023-03-18,FLM30,tree,stem,NA,LGR,original,12:28:00,12:31:00,2023,3,dry,29.1,25.1,NA,3,NA,NA,1064.6016666666667,213.35,2012.6016666666667,0.21700093724410507,HM,SE | AICc | Intercept,valid,FALSE,TRUE,1.0635318914015714,0.21724932632557253,0.08606550894290321,3.7991024950064e-5,0.21700093724410507,0.08602184751425335,0.22672499746139588,LM,SE | g-fact. > 2 | Intercept (LM),valid,FALSE,TRUE,22.00365409902646,0.22672499746139588,0.7296728876679626,1.1610735506355127e-52,0.8714328588442596,0.8682457039129836,valid,ghost,NA
Mar_23_67_FLM30_stem,2023-03-18,FLM30,tree,stem,NA,LGR,original,12:37:13,12:40:13,2023,3,dry,29.1,25.1,NA,3,NA,NA,1064.6016666666667,213.35,2012.6016666666667,0.06929296698031204,HM,AICc,valid,FALSE,TRUE,5.201662474333151,0.06873267781002751,0.49382175889609103,2.894302625721179e-67,0.06929296698031204,0.493755106765843,1.7529304548499107,HM,NA,valid,FALSE,FALSE,350.7924541819009,1.4723269883770795,0.9976450788635576,0,1.7529304548499107,0.9997559175331364,valid,ghost,NA
Mar_23_69_FLM30_stem,2023-03-18,FLM30,tree,stem,NA,LGR,original,13:15:30,13:18:30,2023,3,dry,27.6,25.2,NA,1,NA,NA,1064.6016666666667,213.35,2012.6016666666667,0.3401729016920259,HM,Intercept (LM),valid,FALSE,TRUE,8.165443564669799,0.20644211861442524,0.7671080387936456,7.573747434343212e-77,0.3401729016920259,0.7810608290752441,3.129879480258246,HM,NA,valid,FALSE,FALSE,199.0482563833528,2.7414240628430315,0.9983810612175462,0,3.129879480258246,0.9996010422205504,valid,ghost,NA
Mar_23_70_FLM30_stem,2023-03-18,FLM30,tree,stem,NA,LGR,original,13:05:00,13:08:00,2023,3,dry,27.6,25.2,NA,1,NA,NA,1064.6016666666667,213.35,2012.6016666666667,7.079584396653634,HM,MAE | AICc,valid,FALSE,TRUE,48.886751060900984,6.978507541570404,0.9949648177700908,8.663192064857417e-223,7.079584396653634,0.9949306313737036,1.8027389540215384,HM,NA,valid,FALSE,FALSE,89.20936455760773,1.2652801179942272,0.9891165165641944,1.1890497508613005e-190,1.8027389540215384,0.9982058004240176,valid,ghost,NA
Mar_23_68_FLM30_stem,2023-03-18,FLM30,tree,stem,NA,LGR,original,12:56:00,12:59:30,2023,3,dry,27.6,25.2,NA,1,NA,NA,1064.6016666666667,213.35,2012.6016666666667,2.0919683609672006,LM,SE | g-fact. > 2 | Intercept (HM),valid,FALSE,TRUE,39.39418193247628,2.0919683609672006,0.860225288357375,1.8557585593154457e-109,4.282688879956171,0.906658533034122,1.7389183110374529,HM,NA,valid,FALSE,FALSE,119.00580362310164,1.3282600240889644,0.9934918283216504,1.1897628384551806e-276,1.7389183110374529,0.9987248448588396,valid,ghost,NA
Mar_23_61_FLM30_stem,2023-03-18,FLM30,tree,stem,NA,LGR,original,13:38:26,13:44:26,2023,3,dry,29.4,25.8,NA,1,NA,NA,1064.6016666666667,213.35,2012.6016666666667,0.1039897245897793,LM,g-fact. > 2 | Intercept,valid,FALSE,TRUE,21.0165457553352,0.1039897245897793,0.5623298202993818,1.5046967767599625e-63,0.22011251321024408,0.5892772646775787,2.2213046410221353,HM,NA,valid,FALSE,FALSE,252.31906974365853,1.6838839000105108,0.9941393542576468,0,2.2213046410221353,0.999613119157166,valid,ghost,NA
Mar_23_34_BL60_stem,2023-03-19,BL60,tree,stem,NA,LGR,original,11:07:30,11:09:30,2023,3,dry,27.3,22.8,NA,0,NA,NA,212.53666666666663,40.45,1160.5366666666666,-0.09816552717749095,HM,SE | AICc | p-value | Intercept,valid,FALSE,TRUE,0.5352698065971303,-0.06664718821345336,0.01494283830715281,0.05601147397877267,-0.09816552717749095,0.01541845108623851,6.264383733424474,HM,SE,valid,FALSE,TRUE,82.07291156290455,4.709291106170373,0.9921772006043142,1.333628165933247e-188,6.264383733424474,0.998089827149319,valid,regenerating,NA
Mar_23_26_BL60_stem,2023-03-19,BL60,tree,stem,NA,LGR,original,13:30:30,13:33:30,2023,3,dry,27.6,22.7,NA,0,NA,NA,418.99555555555554,107.68,1366.9955555555557,3.354332463997788,HM,NA,valid,FALSE,FALSE,53.124452630164996,3.223635808266298,0.99600040642709,5.517841086941477e-206,3.354332463997788,0.9961089506354116,2.835992118460804,HM,NA,valid,FALSE,FALSE,121.90323566008074,2.602722207596379,0.998730460431645,2.3975486395708923e-248,2.835992118460804,0.9992414806968972,valid,regenerating,NA
Mar_23_27_BL60_stem,2023-03-19,BL60,tree,stem,NA,LGR,original,13:36:45,13:39:45,2023,3,dry,27.6,22.6,NA,0,NA,NA,418.99555555555554,107.68,1366.9955555555557,0.0390674143834715,LM,AICc | g-fact. > 2 | Intercept,valid,FALSE,TRUE,3.077304695860881,0.0390674143834715,0.04062845385732239,0.00238307581539927,0.08681302013527131,0.044701753281851,1.3540907145560661,HM,NA,valid,FALSE,FALSE,69.76950201701719,1.0448520589071455,0.9923301166123976,1.1843855289822797e-212,1.3540907145560661,0.9970914597197036,valid,regenerating,NA
Mar_23_28_BL60_stem,2023-03-19,BL60,tree,stem,NA,LGR,original,13:49:30,13:52:30,2023,3,dry,26.6,22.7,NA,0,NA,NA,418.99555555555554,107.68,1366.9955555555557,0.16666544773083072,HM,Intercept,valid,FALSE,TRUE,5.242281986010146,0.12240982408930598,0.5487829451681892,3.29592678291546e-55,0.16666544773083072,0.5521591228147362,3.034710138479353,HM,NA,valid,FALSE,FALSE,279.0746367777359,2.590014665756536,0.9980103466708394,0,3.034710138479353,0.9997339358008236,valid,regenerating,NA
Mar_23_29_BL60_root,2023-03-19,BL60,tree,root,NA,LGR,original,11:30:30,11:33:30,2023,3,dry,26.7,9,NA,0,NA,NA,-102.25442819204028,273.62203871264876,845.7455718079598,1.5935906749883078,HM,NA,valid,FALSE,FALSE,127.23408015514822,1.2941178603191783,0.9959335181762156,6.2822794156470925e-288,1.5935906749883078,0.9989745986421446,0.7441460440728348,HM,NA,valid,FALSE,FALSE,169.15585104860207,0.5446659507915724,0.9925274041963784,2.382562436895577e-256,0.7441460440728348,0.9993911609046376,valid,regenerating,NA
Mar_23_30_BL60_stem,2023-03-19,BL60,tree,stem,NA,LGR,original,11:08:00,11:11:00,2023,3,dry,26.7,22.5,NA,0,NA,NA,212.53666666666663,40.45,1160.5366666666666,-0.14592480018441054,HM,SE | AICc | Intercept,valid,FALSE,TRUE,0.6618095424477266,-0.07705317032878578,0.0210979793144429,0.02989458318030725,-0.14592480018441054,0.02382855984807452,6.187213818804377,HM,SE,valid,FALSE,TRUE,83.51005497466599,4.495913450337225,0.9909185619809692,8.012136399310745e-181,6.187213818804377,0.9981562778259426,valid,regenerating,NA
Mar_23_31_BL60_stem,2023-03-19,BL60,tree,stem,NA,LGR,original,11:16:00,11:19:00,2023,3,dry,26.7,22.5,NA,0,NA,NA,212.53666666666663,40.45,1160.5366666666666,0.4872069883733978,HM,Intercept,valid,FALSE,TRUE,5.412234590605334,0.29587772550298613,0.5413777371570963,1.367488467819292e-52,0.4872069883733978,0.5523440800493189,3.6122665657062374,HM,SE,valid,FALSE,TRUE,98.83127074804656,2.223129030364391,0.9804539927196674,6.600508662301223e-257,3.6122665657062374,0.9975943965433256,valid,regenerating,NA
Mar_23_32_BL60_root,2023-03-19,BL60,tree,root,NA,LGR,original,11:41:00,11:44:00,2023,3,dry,27.3,22.8,NA,0,NA,NA,-102.25442819204028,273.62203871264876,845.7455718079598,2.0114327920671866,HM,NA,valid,FALSE,FALSE,193.8573820358852,1.2621968545392888,0.9835785491576876,2.349430838512609e-258,2.0114327920671866,0.9994017161263338,0.5661985468016266,HM,Intercept (LM),valid,FALSE,TRUE,130.4248521242726,0.3376411744161248,0.9793817181433784,3.593828715282159e-244,0.5661985468016266,0.9986506935346924,valid,regenerating,NA
Mar_23_33_BL60_stem,2023-03-19,BL60,tree,stem,NA,LGR,original,11:53:15,11:56:15,2023,3,dry,27.3,22.8,NA,0,NA,NA,212.53666666666663,40.45,1160.5366666666666,0.16673168940897343,HM,AICc,valid,FALSE,TRUE,1.689427192043668,0.1663200407390793,0.1968530095981735,1.9013272244423887e-10,0.16673168940897343,0.19680314668831012,2.117396079861724,HM,SE,valid,FALSE,TRUE,34.9552437688716,1.3646944351696575,0.9748215802024012,7.15275877812301e-147,2.117396079861724,0.9887008873097134,valid,regenerating,NA
Mar_23_36_BL60_stem,2023-03-19,BL60,tree,stem,NA,LGR,original,10:10:45,10:13:45,2023,3,dry,26.9,23.9,NA,0,NA,NA,212.53666666666663,40.45,1160.5366666666666,-0.5948240787227398,HM,SE | AICc,valid,FALSE,TRUE,3.4528385074404775,-0.5926479938642154,0.5466140108863364,8.327776289062947e-29,-0.5948240787227398,0.5464864483426324,2.7290318785332195,HM,SE,valid,FALSE,TRUE,43.153283972083045,2.386789700385923,0.993148368940817,6.048138552123228e-171,2.7290318785332195,0.9943921978581972,valid,regenerating,NA
Mar_23_37_BL60_stem,2023-03-19,BL60,tree,stem,NA,LGR,original,10:19:15,10:22:15,2023,3,dry,26.9,23.9,NA,0,NA,NA,212.53666666666663,40.45,1160.5366666666666,0.1070879130928107,HM,SE | AICc | p-value | Intercept,valid,FALSE,TRUE,0.5501863697388594,0.06367351985069908,0.0146353438368052,0.05393152651010134,0.1070879130928107,0.01469485630732692,2.0008272708651607,HM,SE,valid,FALSE,TRUE,31.175385018636774,1.8833861022049456,0.987462303373296,4.3555496908444146e-178,2.0008272708651607,0.987722088063766,valid,regenerating,NA
Mar_23_38_BL60_stem,2023-03-19,BL60,tree,stem,NA,LGR,rescued,10:32:30,10:35:30,2023,3,dry,27.3,23.1,NA,0,NA,NA,418.99555555555554,107.68,1366.9955555555557,2.5251992748270875,LM,fluxes are NA,valid,FALSE,TRUE,6.7168446513374045,2.5251992748270875,0.657309759762996,9.44402934754477e-7,6.4261028282491015,0.7288917000172985,3.4060193121931683,HM,fluxes are NA,valid,FALSE,TRUE,4.073668728073855,2.5391506520361,0.8977817899786704,1.3761017902041085e-12,3.4060193121931683,0.9058461343623446,valid,regenerating,NA
Mar_23_39_BL60_stem,2023-03-19,BL60,tree,stem,NA,LGR,original,10:42:00,10:45:00,2023,3,dry,27.3,23.1,NA,0,NA,NA,212.53666666666663,40.45,1160.5366666666666,-0.11967250027063124,LM,SE | g-fact. > 2 | Intercept,valid,FALSE,TRUE,3.3298020454051183,-0.11967250027063124,0.0509248598272265,0.0010469157247042,-0.3881133223816708,0.0883651095221265,4.474271073160905,HM,SE,valid,FALSE,TRUE,91.54717839520517,3.5328977454934702,0.994492262159678,2.143137533044134e-213,4.474271073160905,0.9984274746991924,valid,regenerating,NA
Mar_23_40_BL60_stem,2023-03-19,BL60,tree,stem,NA,LGR,original,12:24:30,12:27:30,2023,3,dry,26.8,23,NA,0,NA,NA,1064.6016666666667,213.35,2012.6016666666667,0.08601651667337726,HM,AICc | Intercept,valid,FALSE,TRUE,1.9760950205717915,0.08576949541083341,0.2534404164622238,3.0585044453929874e-13,0.08601651667337726,0.2533781180310344,1.1781675238316716,HM,NA,valid,FALSE,FALSE,50.24566356429605,0.9540709858056636,0.992032919209558,5.325402806312291e-190,1.1781675238316716,0.9950656222320796,valid,regenerating,NA
Mar_23_41_BL60_stem,2023-03-19,BL60,tree,stem,NA,LGR,original,12:37:30,12:40:30,2023,3,dry,26.8,23,NA,0,NA,NA,418.99555555555554,107.68,1366.9955555555557,0.10712925195807035,HM,AICc | Intercept,valid,FALSE,TRUE,2.553717102719309,0.09973987473619654,0.30568859263200043,1.0344922135258573e-19,0.10712925195807035,0.3058024360854066,3.998402793141803,HM,NA,valid,FALSE,FALSE,270.75735133488786,3.6869276452974127,0.9993468350942994,0,3.998402793141803,0.9997991596931926,valid,regenerating,NA
Mar_23_42_BL60_stem,2023-03-19,BL60,tree,stem,NA,LGR,original,12:48:00,12:51:00,2023,3,dry,26.8,23,NA,0,NA,NA,418.99555555555554,107.68,1366.9955555555557,0.0822771347310089,HM,AICc | Intercept,valid,FALSE,TRUE,4.331923784177465,0.07716878635370635,0.4300456029506527,2.696615029047262e-48,0.0822771347310089,0.43017896409311096,3.5276411362357383,HM,NA,valid,FALSE,FALSE,487.9037976120304,3.2020736196017556,0.9992441995933672,0,3.5276411362357383,0.9998942609325406,valid,regenerating,NA
Mar_23_35_BL60_stem,2023-03-19,BL60,tree,stem,NA,LGR,original,09:54:30,09:57:30,2023,3,dry,26.9,23.9,NA,0,NA,NA,418.99555555555554,107.68,1366.9955555555557,2.0879851187644647,HM,Intercept (LM),valid,FALSE,TRUE,15.296437324066686,1.673098420426914,0.958026818310898,1.1470811726833418e-93,2.0879851187644647,0.9613919307768946,1.3581692845436728,HM,SE,valid,FALSE,TRUE,32.11492944606259,1.2834708312554994,0.9914339614821104,1.4274502595702752e-139,1.3581692845436728,0.9916632035748796,valid,regenerating,NA
Mar_23_1_MI_stem,2023-03-20,MI,tree,stem,NA,LGR,original,14:44:00,14:47:00,2023,3,dry,26.8,22.3,NA,0,NA,NA,1064.6016666666667,213.35,2012.6016666666667,0.5864072916403745,HM,AICc | Intercept,valid,FALSE,TRUE,20.96350864710612,0.5532866597882415,0.9577062268560071,1.2149861698361111e-207,0.5864072916403745,0.9579232614214368,0.9932021905323736,HM,NA,valid,FALSE,FALSE,103.35986055074147,0.8595558110981687,0.9966844901863672,0,0.9932021905323736,0.9981182253084754,valid,ghost,NA
Mar_23_2_MI_stem,2023-03-20,MI,tree,stem,NA,LGR,original,14:51:00,14:54:00,2023,3,dry,26.8,22.3,NA,0,NA,NA,1064.6016666666667,213.35,2012.6016666666667,0.3667491521535619,HM,AICc | Intercept,valid,FALSE,TRUE,4.029118736692465,0.36422704776003045,0.6758348977204655,7.602211542888724e-32,0.3667491521535619,0.675726484873568,1.3708803569404808,HM,NA,valid,FALSE,FALSE,44.51394726205085,1.2114923681601315,0.994780928601436,2.6055799316830008e-141,1.3708803569404808,0.9958630870159404,valid,ghost,NA
Mar_23_3_MI_stem,2023-03-20,MI,tree,stem,NA,LGR,original,14:56:45,14:59:45,2023,3,dry,26.8,22.3,NA,0,NA,NA,418.99555555555554,107.68,1366.9955555555557,0.16167786671847348,HM,NA,valid,FALSE,FALSE,4.781684273468306,0.11868348181827076,0.5093878177188599,2.2737685731336068e-48,0.16167786671847348,0.5128834522573373,2.6327029706655876,HM,NA,valid,FALSE,FALSE,226.0890558285452,2.287862169528798,0.998270317181602,0,2.6327029706655876,0.999608824105734,valid,ghost,NA
Mar_23_5_MI_stem,2023-03-20,MI,tree,stem,NA,LGR,original,15:17:00,15:20:00,2023,3,dry,25.9,22.6,NA,1,NA,NA,418.99555555555554,107.68,1366.9955555555557,0.02022885836933891,LM,HM.flux is NA,valid,TRUE,TRUE,0.837870747208741,0.02022885836933891,-0.00221208787356275,0.4035953243120929,NA,NA,3.2559335544713615,HM,SE,valid,FALSE,TRUE,83.67095148501423,2.7279877497670495,0.9964757847593092,1.8843805900017385e-166,3.2559335544713615,0.9986784153140752,valid,ghost,NA
Mar_23_6_MI_stem,2023-03-20,MI,tree,stem,NA,LGR,original,15:11:00,15:14:00,2023,3,dry,25.9,22.6,NA,1,NA,NA,418.99555555555554,107.68,1366.9955555555557,-0.03842611529930315,HM,AICc | Intercept,valid,FALSE,TRUE,0.7728169647912922,-0.03846418282311339,0.03325087741163735,0.00456041570860858,-0.03842611529930315,0.03323434743171294,0.9510507021332252,LM,SE | g-fact. > 2 | Intercept (LM),valid,FALSE,TRUE,59.723491944863135,0.9510507021332252,0.944384049209398,2.5721486499358832e-133,2.107600612775157,0.993470050572403,valid,ghost,NA
Mar_23_7_MI_stem,2023-03-20,MI,tree,stem,NA,LGR,original,15:29:30,15:32:30,2023,3,dry,25.7,21.6,NA,0,NA,NA,418.99555555555554,107.68,1366.9955555555557,1.9145168693896404,HM,AICc,valid,FALSE,TRUE,32.46701968476855,1.8887384033338015,0.988346702732131,1.216953387535213e-192,1.9145168693896404,0.9882799250862212,2.6958736374504175,HM,NA,valid,FALSE,FALSE,135.416119255672,2.628267982152165,0.9992706392438104,3.447779800917e-295,2.6958736374504175,0.9993146237718404,valid,ghost,NA
Mar_23_8_MI_stem,2023-03-20,MI,tree,stem,NA,LGR,original,15:36:00,15:39:00,2023,3,dry,25.7,21.6,NA,0,NA,NA,418.99555555555554,107.68,1366.9955555555557,0.6707743353565745,HM,AICc | Intercept,valid,FALSE,TRUE,8.000671321169778,0.6614987500099118,0.8692974557942452,2.892262757820297e-69,0.6707743353565745,0.8692981833746667,2.8197498549595887,HM,SE,valid,FALSE,TRUE,69.89561979363417,2.191817282289075,0.9931935068354198,7.897714339273825e-167,2.8197498549595887,0.997795115869884,valid,ghost,NA
Mar_23_9_MI_stem,2023-03-20,MI,tree,stem,NA,LGR,original,15:50:00,15:53:00,2023,3,dry,25.7,21.6,NA,0,NA,NA,418.99555555555554,107.68,1366.9955555555557,0.11955496631161608,LM,SE | AICc | g-fact. > 2 | Intercept,valid,FALSE,TRUE,2.328706113694451,0.11955496631161608,0.04734250562857101,0.02216633693279864,0.3467376770565318,0.0585602384437508,1.113858569031645,LM,SE | g-fact. > 2 | Intercept (LM),valid,FALSE,TRUE,27.1796956384579,1.113858569031645,0.892347732493182,1.3977453559781793e-44,2.5926108768764076,0.9495600788170316,valid,ghost,NA
Mar_23_4_MI_stem,2023-03-20,MI,tree,stem,NA,LGR,original,15:22:00,15:25:00,2023,3,dry,25.9,22.6,NA,1,NA,NA,418.99555555555554,107.68,1366.9955555555557,0.40148236326967385,HM,Intercept (HM),valid,FALSE,TRUE,5.97266668252849,0.29331512067941284,0.6989029749096375,1.4885781520015299e-55,0.40148236326967385,0.7038444403208914,2.7871270210787027,HM,NA,valid,FALSE,FALSE,151.20195546347503,2.6443076636228104,0.999232405736726,1.8e-306,2.7871270210787027,0.9994209522447332,valid,ghost,NA
Oct_22_12_SRS6_stem,2022-10-16,SRS6,tree,stem,NA,LGR,original,13:39:25,13:42:25,2022,10,wet,27.3,26.8,NA,NA,NA,NA,418.99555555555554,107.68,1366.9955555555557,NA,NA,NA,no_data,FALSE,FALSE,NA,NA,NA,NA,NA,NA,NA,NA,NA,no_data,FALSE,FALSE,NA,NA,NA,NA,NA,NA,no_data,healthy,NA
Oct_22_14_SRS6_root,2022-10-16,SRS6,tree,root,NA,LGR,original,13:59:24,14:02:24,2022,10,wet,27.3,26.8,NA,NA,NA,NA,212.53666666666663,40.45,1160.5366666666666,NA,NA,NA,no_data,FALSE,FALSE,NA,NA,NA,NA,NA,NA,NA,NA,NA,no_data,FALSE,FALSE,NA,NA,NA,NA,NA,NA,no_data,healthy,NA
Oct_22_8_SRS6_stem,2022-10-16,SRS6,tree,stem,NA,LGR,original,13:04:05,13:07:06,2022,10,wet,26.5,26.8,NA,NA,NA,NA,1064.6016666666667,213.35,2012.6016666666667,0.7859901653717926,HM,NA,valid,FALSE,FALSE,21.526027788235744,0.5603182793172329,0.9372426250954664,2.4527884417703152e-222,0.7859901653717926,0.9442903359025828,5.991170414206856,HM,NA,valid,FALSE,FALSE,432.1020333102283,5.226492423441244,0.9985602413047764,0,5.991170414206856,0.9998667708552004,valid,healthy,NA
Oct_22_11_SRS6_stem,2022-10-16,SRS6,tree,stem,NA,LGR,original,13:32:08,13:35:09,2022,10,wet,27.3,26.8,NA,NA,NA,NA,418.99555555555554,107.68,1366.9955555555557,NA,NA,NA,no_data,FALSE,FALSE,NA,NA,NA,NA,NA,NA,NA,NA,NA,no_data,FALSE,FALSE,NA,NA,NA,NA,NA,NA,no_data,healthy,NA
Oct_22_15_SRS6_root,2022-10-16,SRS6,tree,root,NA,LGR,original,14:05:09,14:08:10,2022,10,wet,27.3,26.8,NA,NA,NA,NA,212.53666666666663,40.45,1160.5366666666666,NA,NA,NA,no_data,FALSE,FALSE,NA,NA,NA,NA,NA,NA,NA,NA,NA,no_data,FALSE,FALSE,NA,NA,NA,NA,NA,NA,no_data,healthy,NA
Oct_22_7_SRS6_stem,2022-10-16,SRS6,tree,stem,NA,LGR,original,12:57:50,13:00:51,2022,10,wet,26.5,26.8,NA,NA,NA,NA,1064.6016666666667,213.35,2012.6016666666667,5.765408844038214,HM,NA,valid,FALSE,FALSE,55.25584876078212,4.719587588471791,0.9920624085328142,1.8902273756658496e-237,5.765408844038214,0.9948816278807648,2.400283767353538,HM,SE,valid,FALSE,TRUE,88.24413738671043,2.1290425651404292,0.9970512963793314,1.2852449138412465e-285,2.400283767353538,0.9980634396317344,valid,healthy,NA
Oct_22_9_SRS6_stem,2022-10-16,SRS6,tree,stem,NA,LGR,original,13:11:06,13:14:07,2022,10,wet,26.5,26.8,NA,NA,NA,NA,1064.6016666666667,213.35,2012.6016666666667,NA,NA,NA,no_data,FALSE,FALSE,NA,NA,NA,NA,NA,NA,NA,NA,NA,no_data,FALSE,FALSE,NA,NA,NA,NA,NA,NA,no_data,healthy,NA
Oct_22_13_SRS6_stem,2022-10-16,SRS6,tree,stem,NA,LGR,original,13:49:19,13:52:20,2022,10,wet,27.3,26.8,NA,NA,NA,NA,418.99555555555554,107.68,1366.9955555555557,NA,NA,NA,no_data,FALSE,FALSE,NA,NA,NA,NA,NA,NA,NA,NA,NA,no_data,FALSE,FALSE,NA,NA,NA,NA,NA,NA,no_data,healthy,NA
Oct_22_10_SRS6_root,2022-10-16,SRS6,tree,root,NA,LGR,original,13:19:16,13:22:22,2022,10,wet,26.5,26.8,NA,NA,NA,NA,212.53666666666663,40.45,1160.5366666666666,NA,NA,NA,no_data,FALSE,FALSE,NA,NA,NA,NA,NA,NA,NA,NA,NA,no_data,FALSE,FALSE,NA,NA,NA,NA,NA,NA,no_data,healthy,NA
Oct_22_63_SRS6_stem,2022-10-17,SRS6,tree,stem,NA,LGR,original,12:14:39,12:17:38,2022,10,wet,25.6,26.8,NA,NA,NA,NA,418.99555555555554,107.68,1366.9955555555557,0.128599710108091,HM,AICc,valid,FALSE,TRUE,2.184850723233237,0.12782167138075742,0.3220413233427747,6.779906569593829e-15,0.128599710108091,0.32197586040852744,5.674312736770351,HM,NA,valid,FALSE,FALSE,207.4413125309339,5.389376788319731,0.9995791407602452,4.463317574095542e-262,5.674312736770351,0.9997645440108542,valid,healthy,NA
Oct_22_58_SRS6_stem,2022-10-17,SRS6,tree,stem,NA,LGR,original,14:34:35,14:37:35,2022,10,wet,27.4,26.9,NA,NA,NA,NA,212.53666666666663,40.45,1160.5366666666666,-0.6450597115160486,HM,SE | AICc | Intercept,valid,FALSE,TRUE,1.3878625330420813,-0.5414337995640692,0.18302633024105375,5.88886728684609e-7,-0.6450597115160486,0.18419788945239912,-25.660509082102763,HM,SE,valid,FALSE,TRUE,22.99802665316196,-15.831129920020276,0.9640866834874824,4.92560307571853e-88,-25.660509082102763,0.9824184300949288,valid,healthy,NA
Oct_22_59_SRS6_stem,2022-10-17,SRS6,tree,stem,NA,LGR,original,10:59:33,11:02:33,2022,10,wet,27.1,27.4,NA,NA,NA,NA,1064.6016666666667,213.35,2012.6016666666667,0.05912916275410427,HM,AICc,valid,FALSE,TRUE,1.6089412900457885,0.05903384233874607,0.16947844261893807,1.0122367250522532e-9,0.05912916275410427,0.16942989997166602,2.595149686000565,HM,NA,valid,FALSE,FALSE,160.56133906848495,2.552777272152573,0.999510432011132,0,2.595149686000565,0.9995173289416004,valid,healthy,NA
Oct_22_61_SRS6_stem,2022-10-17,SRS6,tree,stem,NA,LGR,original,11:09:35,11:12:35,2022,10,wet,27.1,27.4,NA,NA,NA,NA,1064.6016666666667,213.35,2012.6016666666667,0.8885081681635394,HM,NA,valid,FALSE,FALSE,19.21662809453199,0.6444105927268559,0.956060872024344,4.2257312530380295e-131,0.8885081681635394,0.9633369426734406,2.40931937041541,HM,NA,valid,FALSE,FALSE,156.4765747440768,2.228672757469829,0.999067353939852,4.6635342899085645e-290,2.40931937041541,0.9994883776584664,valid,healthy,NA
Oct_22_66_SRS6_root,2022-10-17,SRS6,tree,root,NA,LGR,original,12:42:44,12:45:45,2022,10,wet,25.6,26.8,NA,NA,NA,NA,212.53666666666663,40.45,1160.5366666666666,0.4841501917081653,HM,SE | AICc | Intercept,valid,FALSE,TRUE,1.7643251678898284,0.48476476514103434,0.20434332513118655,3.969798051949328e-11,0.4841501917081653,0.2042540396844904,5.493643123507626,HM,SE,valid,FALSE,TRUE,115.51355920084848,4.389451152782523,0.9954848618248716,1.8263321712530325e-221,5.493643123507626,0.9990195399067656,valid,healthy,NA
Oct_22_65_SRS6_stem,2022-10-17,SRS6,tree,stem,NA,LGR,original,12:29:31,12:32:32,2022,10,wet,25.6,26.8,NA,NA,NA,NA,418.99555555555554,107.68,1366.9955555555557,0.10067863357347998,HM,AICc,valid,FALSE,TRUE,2.5998896015463004,0.10028457337814976,0.33464014915099094,9.940831934163983e-21,0.10067863357347998,0.33456191719865913,4.467327882365605,HM,NA,valid,FALSE,FALSE,260.9931955186604,4.216823465970726,0.9995712543708116,0,4.467327882365605,0.9997989590917504,valid,healthy,NA
Oct_22_56_SRS6_stem,2022-10-17,SRS6,tree,stem,NA,LGR,rescued,14:20:42,14:23:44,2022,10,wet,27.4,26.9,NA,NA,NA,NA,418.99555555555554,107.68,1366.9955555555557,-4.860378861154706,HM,NA,valid,FALSE,FALSE,46.34506068329048,-3.1227831179275904,0.9793986673585858,1.192602820017737e-133,-4.860378861154706,0.9943592816009444,1.442307925585098,HM,NA,valid,FALSE,FALSE,46.06685246363107,1.0700835573604406,0.9884555146861664,2.8570500909878967e-153,1.442307925585098,0.9946457489846257,valid,healthy,NA
Oct_22_64_SRS6_stem,2022-10-17,SRS6,tree,stem,NA,LGR,original,12:21:04,12:24:10,2022,10,wet,25.6,26.8,NA,NA,NA,NA,418.99555555555554,107.68,1366.9955555555557,0.06491342159637217,HM,AICc | Intercept,valid,FALSE,TRUE,1.2532649660894644,0.06495657713797352,0.0955962331478658,1.2147539315479768e-6,0.06491342159637217,0.09555726907653228,1.0792365043264434,LM,RMSE | SE | AICc | Intercept,valid,FALSE,TRUE,21.951295361293525,1.0792365043264434,0.6802758315283705,7.555403159048162e-58,1.0826086172120362,0.6801162799962728,valid,healthy,NA
Oct_22_62_SRS6_root,2022-10-17,SRS6,tree,root,NA,LGR,original,11:27:15,11:30:30,2022,10,wet,27.1,27.4,NA,NA,NA,NA,212.53666666666663,40.45,1160.5366666666666,4.073994568617628,HM,SE | Intercept,valid,FALSE,TRUE,9.197103307575206,2.5268761754863367,0.8580019145435924,1.1232610267802368e-65,4.073994568617628,0.8777915065281191,2.3499994466504712,HM,SE,valid,FALSE,TRUE,32.178061623870086,1.5619508334353889,0.9772677982798624,2.2374346411652435e-125,2.3499994466504712,0.9890757339996348,valid,healthy,NA
Oct_22_60_SRS6_stem,2022-10-17,SRS6,tree,stem,NA,LGR,original,11:19:05,11:22:35,2022,10,wet,27.1,27.4,NA,NA,NA,NA,418.99555555555554,107.68,1366.9955555555557,0.1566155495909285,HM,AICc,valid,FALSE,TRUE,3.4861270589552613,0.15571385970245824,0.471087155209887,1.2072450534660492e-31,0.1566155495909285,0.4709952528514768,2.101300079588141,HM,NA,valid,FALSE,FALSE,142.1484098936754,1.998178611905689,0.9991385006097894,0,2.101300079588141,0.99931238048651,valid,healthy,NA
Oct_22_57_SRS6_stem,2022-10-17,SRS6,tree,stem,NA,LGR,original,14:27:08,14:30:40,2022,10,wet,27.4,26.9,NA,NA,NA,NA,418.99555555555554,107.68,1366.9955555555557,1.966791287763702,HM,NA,valid,FALSE,FALSE,35.20241471099543,1.8310209981239791,0.9907939273707592,3.29505611487437e-175,1.966791287763702,0.9911471699649892,1.442850389705788,HM,SE | Intercept,valid,FALSE,TRUE,17.091284834018136,0.900463465197296,0.9427728326939874,9.51314841189402e-108,1.442850389705788,0.9564377027876884,valid,healthy,NA
Oct_22_99_FLM30_root,2022-10-18,FLM30,tree,root,NA,LGR,original,14:27:08,14:30:05,2022,10,wet,29.9,NA,NA,13,NA,NA,212.53666666666663,40.45,1160.5366666666666,0.2665913730830112,HM,AICc | Intercept,valid,FALSE,TRUE,3.128082067013283,0.26389983203282,0.4291485954629797,5.6508054591167565e-27,0.2665913730830112,0.42910959315411745,1.5956180040061947,HM,SE,valid,FALSE,TRUE,47.839312276802254,1.479721650659653,0.9938048576832014,1.642483481015985e-228,1.5956180040061947,0.9941909888451624,valid,ghost,NA
Oct_22_84_FLM30_stem,2022-10-18,FLM30,tree,stem,NA,LGR,original,11:09:10,11:12:10,2022,10,wet,25.9,NA,NA,10,NA,NA,418.99555555555554,107.68,1366.9955555555557,29.318861825158535,HM,NA,valid,FALSE,FALSE,432.8087739057876,28.66377798064076,0.9998910802647368,0,29.318861825158535,0.9999252848898872,0.9436652561317282,LM,RMSE | SE | AICc | Intercept,valid,FALSE,TRUE,121.35845591685056,0.9436652561317282,0.9852152900342948,1.5710119276824938e-203,0.9484264688780748,0.9850373639778204,valid,ghost,NA
Oct_22_86_FLM30_stem,2022-10-18,FLM30,tree,stem,NA,LGR,original,11:32:00,11:35:00,2022,10,wet,25.9,NA,NA,10,NA,NA,418.99555555555554,107.68,1366.9955555555557,0.272007070414136,HM,AICc | Intercept,valid,FALSE,TRUE,5.6847225706089946,0.216760449059464,0.6588544451629497,8.776394170156708e-57,0.272007070414136,0.6609744901382186,2.391499347298726,HM,MAE | SE | Intercept,valid,FALSE,TRUE,45.782429871881014,2.1398190079894652,0.9917756383435276,3.7060507384742257e-246,2.391499347298726,0.9925916825235852,valid,ghost,NA
Oct_22_87_FLM30_stem,2022-10-18,FLM30,tree,stem,NA,LGR,original,11:48:10,11:51:10,2022,10,wet,29.2,NA,NA,10,NA,NA,418.99555555555554,107.68,1366.9955555555557,4.255369075501763,HM,NA,valid,FALSE,FALSE,67.95156173234545,3.358886860738293,0.9928043927846256,8.658879260497462e-236,4.255369075501763,0.9966820974507368,1.023797507157412,HM,NA,valid,FALSE,FALSE,59.999692150267165,0.9059425045878574,0.9949564193909128,1.303747151485658e-252,1.023797507157412,0.9959735677064436,valid,ghost,NA
Oct_22_91_FLM30_stem,2022-10-18,FLM30,tree,stem,NA,LGR,original,12:33:50,12:36:50,2022,10,wet,27.6,NA,NA,10,NA,NA,418.99555555555554,107.68,1366.9955555555557,0.5742265365230119,HM,SE | AICc,valid,FALSE,TRUE,2.0005258944610302,0.5739714534371988,0.2820741528782582,3.0241508140154594e-13,0.5742265365230119,0.28198045527350357,2.4107008019823506,HM,SE | AICc | Intercept,valid,FALSE,TRUE,6.804670456434467,2.3988676110993357,0.8213495158179631,3.4327976839918685e-61,2.4107008019823506,0.8211892265549848,valid,ghost,NA
Oct_22_92_FLM30_stem,2022-10-18,FLM30,tree,stem,NA,LGR,original,12:57:40,13:00:40,2022,10,wet,27.6,NA,NA,10,NA,NA,418.99555555555554,107.68,1366.9955555555557,-0.02662576775674146,HM,AICc | p-value | Intercept,valid,FALSE,TRUE,1.749114704976241,-0.02663682316377737,0.01050449767881844,0.07923148450201908,-0.02662576775674146,0.01049547956032714,4.420280595473106,LM,RMSE | MAE | SE | AICc,valid,FALSE,TRUE,732.1814576857632,4.420280595473106,0.999628930526376,0,4.479691532989407,0.9995766343543708,valid,ghost,NA
Oct_22_94_FLM30_stem,2022-10-18,FLM30,tree,stem,NA,LGR,original,13:17:30,13:20:30,2022,10,wet,30.3,NA,NA,13,NA,NA,1064.6016666666667,213.35,2012.6016666666667,0.23113782242228328,HM,AICc | Intercept,valid,FALSE,TRUE,1.6186435896283524,0.2310393361008991,0.2212549099672615,1.622704018540534e-9,0.23113782242228328,0.2211786728310282,2.259296443055441,HM,NA,valid,FALSE,FALSE,90.52088974575588,1.76442401243679,0.9943198311026866,1.4774233689576799e-161,2.259296443055441,0.9987581061859608,valid,ghost,NA
Oct_22_98_FLM30_stem,2022-10-18,FLM30,tree,stem,NA,LGR,original,14:16:00,14:19:00,2022,10,wet,29.9,NA,NA,13,NA,NA,418.99555555555554,107.68,1366.9955555555557,0.08883727318758426,LM,g-fact. > 2 | Intercept,valid,FALSE,TRUE,7.84795064072797,0.08883727318758426,0.25718512996190757,4.127955994781583e-13,0.20000764759583797,0.2719143655183155,1.9407681992090544,HM,NA,valid,FALSE,FALSE,76.36893278295582,1.639162397620827,0.99591126729875,5.9375727639161906e-210,1.9407681992090544,0.997949842753946,valid,ghost,NA
Oct_22_100_FLM30_root,2022-10-18,FLM30,tree,root,NA,LGR,original,14:33:00,14:36:00,2022,10,wet,29.9,NA,NA,13,NA,NA,212.53666666666663,40.45,1160.5366666666666,0.2367438810982782,HM,SE | AICc | Intercept,valid,FALSE,TRUE,1.0803087626318584,0.23619914428364133,0.13206170916934667,3.606653427470237e-5,0.2367438810982782,0.13202453183959295,1.5475580837433314,HM,SE | AICc,valid,FALSE,TRUE,18.5618951305678,1.4425914908197917,0.9783724119956224,5.7071601333767e-97,1.5475580837433314,0.97870790946411,valid,ghost,NA
Oct_22_101_FLM30_stem,2022-10-18,FLM30,tree,stem,NA,LGR,original,14:52:10,14:55:10,2022,10,wet,29.7,NA,NA,21,NA,NA,418.99555555555554,107.68,1366.9955555555557,11.70770068040176,HM,NA,valid,FALSE,FALSE,191.34087257325672,10.668472375322104,0.9990782598252336,2.1593695978548313e-278,11.70770068040176,0.9996716327940705,1.636714164088454,HM,NA,valid,FALSE,FALSE,88.352616384467,1.5480938499765475,0.99827777631105,1.0946442181267695e-253,1.636714164088454,0.998489880411636,valid,ghost,NA
Oct_22_103_FLM30_stem,2022-10-18,FLM30,tree,stem,NA,LGR,original,15:12:15,15:15:15,2022,10,wet,29.7,NA,NA,21,NA,NA,418.99555555555554,107.68,1366.9955555555557,0.19738711477554632,HM,AICc,valid,FALSE,TRUE,6.06682273667814,0.1951471316367886,0.710335907063579,1.188677265310889e-65,0.19738711477554632,0.7102699099741152,1.492318286244504,HM,NA,valid,FALSE,FALSE,123.54926522560376,1.456571082254279,0.9989722150944208,0,1.492318286244504,0.999012125751514,valid,ghost,NA
Oct_22_85_FLM30_stem,2022-10-18,FLM30,tree,stem,NA,LGR,original,11:19:35,11:22:35,2022,10,wet,25.9,NA,NA,10,NA,NA,418.99555555555554,107.68,1366.9955555555557,2.0990532029494253,LM,SE | g-fact. > 2 | Intercept,valid,FALSE,TRUE,17.91718729493671,2.0990532029494253,0.5479649982849237,1.813652028596696e-47,6.752405698300492,0.6407184688788198,2.9176585384542344,HM,SE,valid,FALSE,TRUE,73.11342919027699,1.9144527063666537,0.9840038802072064,2.0239593450249492e-238,2.9176585384542344,0.9962242610862264,valid,ghost,NA
Oct_22_102_FLM30_stem,2022-10-18,FLM30,tree,stem,NA,LGR,original,15:01:30,15:04:31,2022,10,wet,29.7,NA,NA,21,NA,NA,418.99555555555554,107.68,1366.9955555555557,2.2575448128595466,HM,AICc,valid,FALSE,TRUE,28.723007214210707,2.2503194583115564,0.9838683802701862,1.814641611453289e-198,2.2575448128595466,0.9836391119338196,1.4537511005308463,HM,NA,valid,FALSE,FALSE,114.4263075444161,1.3892923164704034,0.9987916193558511,1.04e-305,1.4537511005308463,0.9989295502669768,valid,ghost,NA
Oct_22_104_FLM30_stem,2022-10-18,FLM30,tree,stem,NA,LGR,original,15:26:56,15:30:07,2022,10,wet,28.8,NA,NA,12,NA,NA,418.99555555555554,107.68,1366.9955555555557,3.522592985695377,HM,SE | Intercept (HM),valid,FALSE,TRUE,10.08879121636862,2.0988909912346276,0.8556236223692893,4.27502110736659e-76,3.522592985695377,0.8788276820184497,0.7285961764564152,HM,NA,valid,FALSE,FALSE,41.46155132862003,0.6714344707772077,0.992888343015404,3.443406557702847e-191,0.7285961764564152,0.9933465723092172,valid,ghost,NA
Oct_22_95_FLM30_stem,2022-10-18,FLM30,tree,stem,NA,LGR,original,13:26:34,13:29:50,2022,10,wet,30.3,NA,NA,13,NA,NA,1064.6016666666667,213.35,2012.6016666666667,0.07244149705433903,HM,AICc | Intercept,valid,FALSE,TRUE,0.7801078045712015,0.07252286654063964,0.05800006186348194,0.00233132692089895,0.07244149705433903,0.05797256192548383,2.43434323407643,HM,SE | AICc,valid,FALSE,TRUE,59.84313021265432,2.392902902506121,0.9974995987592848,5.9633229719588785e-183,2.43434323407643,0.9975199433692242,valid,ghost,NA
Oct_22_96_FLM30_stem,2022-10-18,FLM30,tree,stem,NA,LGR,original,13:37:42,13:41:02,2022,10,wet,30.3,NA,NA,13,NA,NA,418.99555555555554,107.68,1366.9955555555557,-0.16048852373321149,HM,AICc | Intercept,valid,FALSE,TRUE,1.8598944211552175,-0.13083204911006474,0.2473617593730796,6.620527092405539e-11,-0.16048852373321149,0.24786451921504127,0.09580437534948125,LM,SE | g-fact. > 2 | Intercept,valid,FALSE,TRUE,14.77779567098946,0.09580437534948125,0.5949458747403038,7.297342255097434e-31,0.3831425222925892,0.692807273681523,valid,ghost,NA
Oct_22_90_FLM30_stem,2022-10-18,FLM30,tree,stem,NA,LGR,original,12:24:20,12:27:46,2022,10,wet,27.6,NA,NA,10,NA,NA,1064.6016666666667,213.35,2012.6016666666667,47.30580543446438,HM,SE,valid,FALSE,TRUE,76.75842219224022,41.216825909208765,0.996597277512415,3.4684405907005643e-234,47.30580543446438,0.9978449444020896,0.7554860680333517,HM,NA,valid,FALSE,FALSE,46.934969062940674,0.6416314899023232,0.9922928023124238,8.27248964360687e-201,0.7554860680333517,0.9941867541317162,valid,ghost,NA
Oct_22_97_FLM30_stem,2022-10-18,FLM30,tree,stem,NA,LGR,original,13:49:26,13:53:10,2022,10,wet,29.9,NA,NA,13,NA,NA,418.99555555555554,107.68,1366.9955555555557,0.5436962151518573,HM,SE | AICc | Intercept,valid,FALSE,TRUE,3.6196939851089422,0.5436143085141893,0.5618770250126556,3.751088110805644e-30,0.5436962151518573,0.561687494822311,0.415763007657144,HM,NA,valid,FALSE,FALSE,13.238755962234366,0.29388225994005995,0.928038018530989,7.679534974900532e-92,0.415763007657144,0.93579893011901,valid,ghost,NA
Oct_22_106_FLM30_stem,2022-10-18,FLM30,tree,stem,NA,LGR,original,15:52:25,15:56:23,2022,10,wet,28.8,NA,NA,12,NA,NA,418.99555555555554,107.68,1366.9955555555557,-0.6234590842806631,HM,Intercept,valid,FALSE,TRUE,7.618133075159438,-0.3649294637690271,0.792674812029253,1.660983318576925e-59,-0.6234590842806631,0.8107351715330844,0.756523982500378,HM,NA,valid,FALSE,FALSE,38.73665681137475,0.6040761566183452,0.9886293589703696,1.8218416389643849e-165,0.756523982500378,0.9921902997678692,valid,ghost,NA
Oct_22_93_FLM30_stem,2022-10-18,FLM30,tree,stem,NA,LGR,original,13:07:10,13:17:30,2022,10,wet,27.6,NA,NA,10,NA,NA,418.99555555555554,107.68,1366.9955555555557,0.0970969306417761,HM,AICc,valid,FALSE,TRUE,1.247855658570291,0.05838148552369063,0.08825308591123016,1.8685246492943977e-5,0.0970969306417761,0.08994645128520762,2.413512714891028,HM,NA,valid,FALSE,FALSE,106.9476050470068,1.9538648896023487,0.99572873349735,6.621457815857387e-225,2.413512714891028,0.9988555667875348,valid,ghost,NA
Oct_22_105_FLM30_stem,2022-10-18,FLM30,tree,stem,NA,LGR,original,15:36:27,15:49:57,2022,10,wet,28.8,NA,NA,12,NA,NA,418.99555555555554,107.68,1366.9955555555557,0.03548826177681953,LM,g-fact. > 2 | Intercept,valid,FALSE,TRUE,2.972994794392703,0.03548826177681953,0.03982294683575094,0.0033352254062517,0.09336155491467496,0.07929380959997367,0.8160656150211494,HM,AICc,valid,FALSE,TRUE,60.16698325454134,0.802279642985415,0.9966786851528588,3.560961492162e-235,0.8160656150211494,0.996691792366622,valid,ghost,NA
Oct_22_88_FLM30_stem,2022-10-18,FLM30,tree,stem,NA,LGR,original,11:58:25,12:21:25,2022,10,wet,29.2,NA,NA,10,NA,NA,418.99555555555554,107.68,1366.9955555555557,0.07759431295568511,HM,AICc,valid,FALSE,TRUE,1.4337893580452503,0.07756327746978042,0.13654845025259563,4.0209592399181955e-8,0.07759431295568511,0.13649764471245265,1.0921071217252467,HM,AICc,valid,FALSE,TRUE,54.648287036601,1.0662051530160142,0.9957101094521924,9.218964328416001e-238,1.0921071217252467,0.995740522545344,valid,ghost,NA
Oct_22_111_SRS5_root,2022-10-19,SRS5,tree,root,NA,LGR,original,14:01:26,14:04:15,2022,10,wet,15.4,25.6,NA,NA,NA,NA,212.53666666666663,40.45,1160.5366666666666,-0.28859019280329584,LM,SE | g-fact. > 2 | Intercept (HM),valid,FALSE,TRUE,7.631622866946951,-0.28859019280329584,0.24541783564581657,1.4348055459429144e-12,-0.7949633803351708,0.2795164569622578,-3.1392285873334025,HM,SE,valid,FALSE,TRUE,56.24709669143677,-2.6220938974255596,0.9938713102850604,9.104408210419207e-196,-3.1392285873334025,0.9961720303054252,valid,healthy,NA
Oct_22_108_SRS5_stem,2022-10-19,SRS5,tree,stem,NA,LGR,original,13:29:00,13:32:00,2022,10,wet,15.4,25.6,NA,NA,NA,NA,418.99555555555554,107.68,1366.9955555555557,0.16310324947050966,HM,AICc | Intercept,valid,FALSE,TRUE,1.1569583397155052,0.08788894630692085,0.09982124453180918,1.3210944819242365e-4,0.16310324947050966,0.1040708936460053,0.29492221316684597,HM,AICc | Intercept,valid,FALSE,TRUE,9.070201799839614,0.2933164485011259,0.9098223967477292,5.3612531908809325e-70,0.29492221316684597,0.909663644640155,valid,healthy,NA
Oct_22_110_SRS5_root,2022-10-19,SRS5,tree,root,NA,LGR,original,13:52:30,13:55:30,2022,10,wet,15.4,25.6,NA,NA,NA,NA,212.53666666666663,40.45,1160.5366666666666,0.3207750388507742,HM,AICc | Intercept,valid,FALSE,TRUE,2.3680448259883264,0.32038733191932045,0.3313342189903815,2.1112454822716125e-17,0.3207750388507742,0.3312343976878881,-0.4958702147010754,HM,SE | AICc,valid,FALSE,TRUE,10.057849820511557,-0.4443658073912559,0.8943069339549428,1.6321005891058012e-88,-0.4958702147010754,0.895038270120677,valid,healthy,NA
Oct_22_112_SRS5_root,2022-10-19,SRS5,tree,root,NA,LGR,original,14:16:01,14:19:01,2022,10,wet,15.4,25.6,NA,NA,NA,NA,212.53666666666663,40.45,1160.5366666666666,1.046670005038448,HM,SE | Intercept,valid,FALSE,TRUE,4.760228947773393,0.5785603868424701,0.614786539712996,3.4833191035199535e-35,1.046670005038448,0.6317417148873201,0.4465264018053646,HM,SE | AICc | Intercept,valid,FALSE,TRUE,7.541281240342802,0.39755375746109706,0.8415782276282741,4.023638311734757e-66,0.4465264018053646,0.8423469866233269,valid,healthy,NA
Oct_22_114_SRS5_stem,2022-10-19,SRS5,tree,stem,NA,LGR,original,14:45:58,14:49:00,2022,10,wet,18,25,NA,NA,NA,NA,418.99555555555554,107.68,1366.9955555555557,0.11514817649999576,LM,g-fact. > 2 | Intercept (LM),valid,FALSE,TRUE,7.908744964017886,0.11514817649999576,0.27409806787745805,3.820180567718318e-13,0.26732470546007003,0.29054711000145494,0.5844825660064318,HM,NA,valid,FALSE,FALSE,27.630811252363618,0.5195525304623235,0.9851058511531016,3.9582395067761956e-150,0.5844825660064318,0.986054380063414,valid,healthy,NA
Oct_22_115_SRS5_stem,2022-10-19,SRS5,tree,stem,NA,LGR,original,14:55:01,14:58:17,2022,10,wet,18,25,NA,NA,NA,NA,418.99555555555554,107.68,1366.9955555555557,0.06962485737571125,HM,AICc,valid,FALSE,TRUE,1.1712314915504325,0.06953640786164439,0.11807791874543684,6.258163055617913e-6,0.06962485737571125,0.11804263210574716,0.6820044193916137,HM,NA,valid,FALSE,FALSE,31.28585355120512,0.6336856888376476,0.989404732848531,3.4519603813186492e-155,0.6820044193916137,0.9897792016061726,valid,healthy,NA
Oct_22_109_SRS5_stem,2022-10-19,SRS5,tree,stem,NA,LGR,original,13:39:35,13:43:12,2022,10,wet,15.4,25.6,NA,NA,NA,NA,418.99555555555554,107.68,1366.9955555555557,0.03671470137657194,HM,AICc | Intercept,valid,FALSE,TRUE,0.7598266532277004,0.03333312915365027,0.0359315609647417,0.00345193630205766,0.03671470137657194,0.03595401394759245,-7.378233423661792e-4,HM,AICc | p-value | MDF | Intercept,valid,TRUE,TRUE,0.10332739553403315,-7.397987180115892e-4,-0.00465641808363437,0.8497962367351688,-7.378233423661792e-4,-0.00465676263710235,valid,healthy,NA
Oct_22_113_SRS5_stem,2022-10-19,SRS5,tree,stem,NA,LGR,original,14:33:10,14:37:10,2022,10,wet,18,25,NA,NA,NA,NA,418.99555555555554,107.68,1366.9955555555557,0.13912352695211205,HM,AICc | Intercept,valid,FALSE,TRUE,3.423415051387688,0.13902391800698363,0.4577736254021304,2.752320079726839e-31,0.13912352695211205,0.4576259685722705,0.8573829506721593,HM,RMSE | AICc,valid,FALSE,TRUE,56.27695455846239,0.8495539771707402,0.9957535002558348,3.9619849731731266e-263,0.8573829506721593,0.9956381490956135,valid,healthy,NA
Oct_22_107_SRS5_stem,2022-10-19,SRS5,tree,stem,NA,LGR,original,13:16:53,13:21:34,2022,10,wet,15.4,25.6,NA,NA,NA,NA,418.99555555555554,107.68,1366.9955555555557,0.03846247129412336,LM,AICc | g-fact. > 2 | Intercept,valid,FALSE,TRUE,4.711835532994238,0.03846247129412336,0.07994450832164002,4.134037403158264e-6,0.09349246304390424,0.08757829236663939,0.3518809351197091,HM,NA,valid,FALSE,FALSE,28.64796832993234,0.3349128917493042,0.9809881625377178,2.4976546904092787e-211,0.3518809351197091,0.9811542176073468,valid,healthy,NA
Oct_22_143_SRS5_stem,2022-10-20,SRS5,tree,stem,NA,LGR,original,14:02:30,14:05:30,2022,10,wet,16.4,21.4,NA,NA,NA,NA,418.99555555555554,107.68,1366.9955555555557,0.1044463293450056,LM,SE | g-fact. > 2 | Intercept,valid,FALSE,TRUE,5.994355299106319,0.1044463293450056,0.19306831560332727,1.5473196148720892e-8,0.3913272571147776,0.21921173019570195,-0.18491147464312105,HM,AICc | Intercept,valid,FALSE,TRUE,8.665226722406718,-0.18449922656078793,0.6726216616848875,3.3822512167148753e-37,-0.18491147464312105,0.6720092168942617,valid,healthy,NA
Oct_22_144_SRS5_stem,2022-10-20,SRS5,tree,stem,NA,LGR,original,14:16:00,14:19:00,2022,10,wet,16.4,21.4,NA,NA,NA,NA,418.99555555555554,107.68,1366.9955555555557,0.07268143267952566,HM,AICc | Intercept,valid,FALSE,TRUE,1.3599473173326313,0.04757494493841119,0.09364789621845282,2.351836003185653e-6,0.07268143267952566,0.09527258758818093,0.8506867170211959,HM,NA,valid,FALSE,FALSE,65.3807506852318,0.8285822129779885,0.9967012773646252,1.8104579638940918e-271,0.8506867170211959,0.9967484967593854,valid,healthy,NA
Oct_22_145_SRS5_stem,2022-10-20,SRS5,tree,stem,NA,LGR,original,14:24:07,14:27:07,2022,10,wet,16.4,21.4,NA,NA,NA,NA,418.99555555555554,107.68,1366.9955555555557,0.0928147206273925,LM,g-fact. > 2 | Intercept,valid,FALSE,TRUE,6.647552886227581,0.0928147206273925,0.21151855318244608,4.4584263116005904e-10,0.25491070775897223,0.2327027710454216,1.1143264729695634,HM,NA,valid,FALSE,FALSE,54.13865373703438,1.037524440143938,0.996112993050002,5.6595960004669346e-195,1.1143264729695634,0.9964575242407872,valid,healthy,NA
Oct_22_150_SRS5_stem,2022-10-20,SRS5,tree,stem,NA,LGR,original,11:57:10,12:00:10,2022,10,wet,21.1,21.3,NA,3,NA,NA,1064.6016666666667,213.35,2012.6016666666667,0.4218449854916929,HM,AICc,valid,FALSE,TRUE,7.415368695834032,0.4201379957613947,0.8436290953349933,1.417060565437566e-66,0.4218449854916929,0.8434586247981541,0.32807041228997413,HM,AICc,valid,FALSE,TRUE,17.233331782401116,0.31787854958308476,0.966267109707823,6.828506271837961e-120,0.32807041228997413,0.9663326866695634,valid,healthy,NA
Oct_22_153_SRS5_root,2022-10-20,SRS5,tree,root,NA,LGR,original,12:28:40,12:31:40,2022,10,wet,21.1,21.3,NA,3,NA,NA,212.53666666666663,40.45,1160.5366666666666,3.2193979662799563,HM,SE,valid,FALSE,TRUE,15.796651600623164,2.854469545884196,0.9603844688836294,1.4053189660492147e-106,3.2193979662799563,0.9613440114998606,1.7785990900617552,HM,SE,valid,FALSE,TRUE,26.423784367544673,1.5336961934501283,0.9840810532702382,4.4078716645902e-136,1.7785990900617552,0.9856430822715352,valid,healthy,NA
Oct_22_157_SRS5_stem,2022-10-20,SRS5,tree,stem,NA,LGR,original,13:23:50,13:26:50,2022,10,wet,19.9,21.8,NA,3,NA,NA,418.99555555555554,107.68,1366.9955555555557,0.05496421953923384,LM,AICc | g-fact. > 2 | Intercept,valid,FALSE,TRUE,2.6293081954740307,0.05496421953923384,0.0394445591410596,0.00949173743128986,0.12385237773478154,0.0466422317959051,0.6532011014061417,HM,AICc,valid,FALSE,TRUE,25.77624284218606,0.6429499226216301,0.9864642927697695,1.0254327850083556e-135,0.6532011014061417,0.9864550225019636,valid,healthy,NA
Oct_22_158_SRS5_root,2022-10-20,SRS5,tree,root,NA,LGR,original,13:39:30,13:42:30,2022,10,wet,19.9,21.8,NA,3,NA,NA,212.53666666666663,40.45,1160.5366666666666,0.23295499839212552,HM,AICc | Intercept,valid,FALSE,TRUE,1.835032280473882,0.23243470663290017,0.23383085377410584,7.307059104594318e-12,0.23295499839212552,0.2337640028932169,1.068841113419451,HM,SE | AICc,valid,FALSE,TRUE,23.988065200141364,1.0542932510971328,0.9814323863121228,6.564003972493894e-152,1.068841113419451,0.9813880217935884,valid,healthy,NA
Oct_22_159_SRS5_root,2022-10-20,SRS5,tree,root,NA,LGR,original,13:49:30,13:52:30,2022,10,wet,19.9,21.8,NA,3,NA,NA,212.53666666666663,40.45,1160.5366666666666,-0.16803653540677974,HM,AICc | Intercept,valid,FALSE,TRUE,3.8774540781696416,-0.16809037122056963,0.06240939983614413,9.007660158868927e-5,-0.16803653540677974,0.06233948859127236,-4.221053647959216,HM,SE,valid,FALSE,TRUE,113.8233936769504,-3.34207590929708,0.9948717895439824,1.4891266033514472e-257,-4.221053647959216,0.998780565012122,valid,healthy,NA
Oct_22_161_SRS5_stem,2022-10-20,SRS5,tree,stem,NA,LGR,original,15:41:48,15:44:48,2022,10,wet,18.5,22.5,NA,NA,NA,NA,418.99555555555554,107.68,1366.9955555555557,0.03617777512310518,HM,AICc | Intercept,valid,FALSE,TRUE,0.6297053220569987,0.03615929780481372,0.03251794295497046,0.01325846763001006,0.03617777512310518,0.03250497002227015,0.38325462275858097,HM,NA,valid,FALSE,FALSE,17.41649095850986,0.3442351288616296,0.9657693633563462,1.9055189625831957e-116,0.38325462275858097,0.9665813437452556,valid,healthy,NA
Oct_22_164_SRS5_CWD,2022-10-20,SRS5,tree,cwd,NA,LGR,original,16:05:05,16:08:05,2022,10,wet,18.5,22.5,NA,NA,NA,NA,212.53666666666663,40.45,1160.5366666666666,0.7112924050712912,HM,SE | AICc,valid,FALSE,TRUE,3.1301606654034693,0.6058507608964241,0.5382409654848574,2.9551692647049116e-22,0.7112924050712912,0.5393014029609553,5.165763922651682,HM,SE,valid,FALSE,TRUE,56.591258913787975,4.645488668765409,0.996682805156492,4.474490175650997e-152,5.165763922651682,0.9974786520413232,valid,healthy,NA
Oct_22_151_SRS5_stem,2022-10-20,SRS5,tree,stem,NA,LGR,original,12:11:10,12:14:11,2022,10,wet,21.1,21.3,NA,3,NA,NA,1064.6016666666667,213.35,2012.6016666666667,0.06559855841911184,HM,AICc | Intercept,valid,FALSE,TRUE,1.264986931175672,0.0653747911512195,0.1234076258949961,1.1167067580100748e-6,0.06559855841911184,0.12338115238434756,0.6211909488902906,HM,AICc,valid,FALSE,TRUE,37.82332739738936,0.6136097975967723,0.9924597113989462,9.150440074218191e-186,0.6211909488902906,0.992377513935641,valid,healthy,NA
Oct_22_156_SRS5_stem,2022-10-20,SRS5,tree,stem,NA,LGR,original,13:14:10,13:17:15,2022,10,wet,19.9,21.8,NA,3,NA,NA,1064.6016666666667,213.35,2012.6016666666667,0.12804455723569985,HM,AICc | Intercept,valid,FALSE,TRUE,1.6860068322174029,0.07521510708606272,0.17316805984079897,2.4070747885960053e-8,0.12804455723569985,0.17767615844048945,0.6916223195930413,HM,AICc,valid,FALSE,TRUE,39.93420345976556,0.6681023698502029,0.9935485792873812,2.8383901949346727e-176,0.6916223195930413,0.99362959633374,valid,healthy,NA
Oct_22_162_SRS5_stem,2022-10-20,SRS5,tree,stem,NA,LGR,original,15:49:53,15:53:13,2022,10,wet,18.5,22.5,NA,NA,NA,NA,418.99555555555554,107.68,1366.9955555555557,0.13319299491275963,HM,AICc | Intercept,valid,FALSE,TRUE,2.600397870386029,0.13279650799534037,0.3780823246848498,5.2504559618231894e-20,0.13319299491275963,0.3779852774778948,0.7934906405721234,HM,AICc,valid,FALSE,TRUE,43.50698258012997,0.7834984983516172,0.9942507116646396,3.3941817954462836e-198,0.7934906405721234,0.9941893155255728,valid,healthy,NA
Oct_22_148_SRS5_stem,2022-10-20,SRS5,tree,stem,NA,LGR,original,14:57:55,15:01:26,2022,10,wet,18.6,21.5,NA,NA,NA,NA,418.99555555555554,107.68,1366.9955555555557,0.15845409275458652,HM,AICc | Intercept,valid,FALSE,TRUE,3.4116765646003704,0.15644433449337142,0.45447763223243176,9.905442454021772e-31,0.15845409275458652,0.4544489108118393,1.051974072025884,HM,NA,valid,FALSE,FALSE,72.37676215758412,1.0092946689946007,0.9971984116894989,1.9197049263359424e-280,1.051974072025884,0.9973151648593876,valid,healthy,NA
Oct_22_163_SRS5_root,2022-10-20,SRS5,tree,root,NA,LGR,original,15:57:17,16:00:50,2022,10,wet,18.5,22.5,NA,NA,NA,NA,212.53666666666663,40.45,1160.5366666666666,0.94489754761217,HM,SE | AICc | Intercept,valid,FALSE,TRUE,2.721399040605408,0.9372317217293696,0.5915262398473256,3.058755688740131e-17,0.94489754761217,0.5914601942092532,1.6340632274780424,HM,SE | AICc,valid,FALSE,TRUE,12.591970121324923,1.5620003962049638,0.9682899411291636,3.4672606863670544e-61,1.6340632274780424,0.9684267148019254,valid,healthy,NA
Oct_22_146_SRS5_root,2022-10-20,SRS5,tree,root,NA,LGR,original,14:30:24,14:34:00,2022,10,wet,16.4,21.4,NA,NA,NA,NA,212.53666666666663,40.45,1160.5366666666666,0.36233425014739895,HM,SE | Intercept,valid,FALSE,TRUE,2.1356005344354596,0.18406161269611784,0.2008871481135608,1.701500806638786e-11,0.36233425014739895,0.20971556171856875,0.9369281830860576,HM,SE,valid,FALSE,TRUE,25.776280856644338,0.8140887077214299,0.9789693852789416,3.186755551395144e-168,0.9369281830860576,0.9802874339064968,valid,healthy,NA
Oct_22_155_SRS5_stem,2022-10-20,SRS5,tree,stem,NA,LGR,original,13:04:09,13:08:00,2022,10,wet,19.9,21.8,NA,3,NA,NA,1064.6016666666667,213.35,2012.6016666666667,0.08734761881079292,HM,AICc | Intercept,valid,FALSE,TRUE,2.105622199339147,0.08677336406672902,0.265625196845682,8.915572509653226e-15,0.08734761881079292,0.2655796465944167,0.8607319908419465,HM,AICc,valid,FALSE,TRUE,58.222027683162885,0.847870985526474,0.9964634824294896,1.6112999563587798e-237,0.8607319908419465,0.9964307048090264,valid,healthy,NA
Oct_22_149_SRS5_stem,2022-10-20,SRS5,tree,stem,NA,LGR,original,15:08:08,15:12:00,2022,10,wet,18.6,21.5,NA,NA,NA,NA,418.99555555555554,107.68,1366.9955555555557,0.11383086115041534,HM,AICc | Intercept,valid,FALSE,TRUE,2.316960704513557,0.11364528699170497,0.2852691139493806,2.5096990229723198e-17,0.11383086115041534,0.28518357654475335,2.426821906603774,LM,RMSE | MAE | AICc,valid,FALSE,TRUE,405.94569656965007,2.426821906603774,0.9987151742708494,3.2062025386216624e-291,2.4642904348399077,0.9986775488094558,valid,healthy,NA
Oct_22_160_SRS5_stem,2022-10-20,SRS5,tree,stem,NA,LGR,original,15:25:46,15:29:39,2022,10,wet,18.5,22.5,NA,NA,NA,NA,1064.6016666666667,213.35,2012.6016666666667,0.0664651879876439,LM,g-fact. > 2 | Intercept,valid,FALSE,TRUE,6.710167452619443,0.0664651879876439,0.19139698683861084,2.3004254602379028e-10,0.13746369343156584,0.20227144026021204,0.5758314335379461,HM,NA,valid,FALSE,FALSE,50.27096434941498,0.5566756347851287,0.995216734636694,8.447792753782916e-217,0.5758314335379461,0.9952948343748758,valid,healthy,NA
Oct_22_147_SRS5_stem,2022-10-20,SRS5,tree,stem,NA,LGR,original,14:51:00,14:54:56,2022,10,wet,18.6,21.5,NA,NA,NA,NA,1064.6016666666667,213.35,2012.6016666666667,0.05381589882657348,HM,AICc | Intercept,valid,FALSE,TRUE,1.4011124705793638,0.05192133237209249,0.12422046071101178,8.663688933657336e-8,0.05381589882657348,0.12422976812881958,0.6961239771851576,HM,NA,valid,FALSE,FALSE,49.19051613980563,0.6603409625858144,0.9942609534778224,2.1120462523407457e-236,0.6961239771851576,0.9944516363406988,valid,healthy,NA
Oct_22_152_SRS5_stem,2022-10-20,SRS5,tree,stem,NA,LGR,original,12:21:40,12:25:40,2022,10,wet,21.1,21.3,NA,3,NA,NA,418.99555555555554,107.68,1366.9955555555557,0.08589613401213798,HM,AICc | Intercept,valid,FALSE,TRUE,1.6233500455402743,0.08543298395439482,0.17108936443371547,8.332167225071668e-10,0.08589613401213798,0.1710553436591573,0.9830255342736866,HM,RMSE | AICc,valid,FALSE,TRUE,54.02013096494813,0.9745379516525166,0.995862585610071,9.52782068178267e-236,0.9830255342736866,0.9957415612781192,valid,healthy,NA
Oct_22_154_SRS5_root,2022-10-20,SRS5,tree,root,NA,LGR,original,12:44:24,12:48:26,2022,10,wet,21.1,21.3,NA,3,NA,NA,212.53666666666663,40.45,1160.5366666666666,2.454207351665454,HM,SE | Intercept (LM),valid,FALSE,TRUE,15.178856640648508,1.6531974282735706,0.9259257515220628,2.4264153477921818e-116,2.454207351665454,0.937159183824803,1.4161252417540555,HM,SE,valid,FALSE,TRUE,28.156940647212945,1.1615828331242748,0.9798412341458612,1.9378936192357484e-173,1.4161252417540555,0.9825028012625278,valid,healthy,NA
Oct_22_171_SRS5_stem,2022-10-21,SRS5,tree,stem,NA,LGR,original,12:33:55,12:36:55,2022,10,wet,16.8,25.7,NA,NA,NA,NA,2190.644,462.19,3138.644,NA,NA,NA,no_data,FALSE,FALSE,NA,NA,NA,NA,NA,NA,NA,NA,NA,no_data,FALSE,FALSE,NA,NA,NA,NA,NA,NA,no_data,healthy,NA
Oct_22_167_SRS5_stem,2022-10-21,SRS5,tree,stem,NA,LGR,original,11:44:55,11:48:00,2022,10,wet,17.6,26.2,NA,NA,NA,NA,418.99555555555554,107.68,1366.9955555555557,NA,NA,NA,no_data,FALSE,FALSE,NA,NA,NA,NA,NA,NA,NA,NA,NA,no_data,FALSE,FALSE,NA,NA,NA,NA,NA,NA,no_data,healthy,NA
Oct_22_169_SRS5_root,2022-10-21,SRS5,tree,root,NA,LGR,original,11:59:16,12:02:22,2022,10,wet,17.6,26.2,NA,NA,NA,NA,212.53666666666663,40.45,1160.5366666666666,NA,NA,NA,no_data,FALSE,FALSE,NA,NA,NA,NA,NA,NA,NA,NA,NA,no_data,FALSE,FALSE,NA,NA,NA,NA,NA,NA,no_data,healthy,NA
Oct_22_173_SRS5_stem,2022-10-21,SRS5,tree,stem,NA,LGR,original,12:56:32,12:59:40,2022,10,wet,16.8,25.7,NA,NA,NA,NA,1064.6016666666667,213.35,2012.6016666666667,NA,NA,NA,no_data,FALSE,FALSE,NA,NA,NA,NA,NA,NA,NA,NA,NA,no_data,FALSE,FALSE,NA,NA,NA,NA,NA,NA,no_data,healthy,NA
Oct_22_170_SRS5_stem,2022-10-21,SRS5,tree,stem,NA,LGR,original,12:16:19,12:19:31,2022,10,wet,16.8,25.7,NA,NA,NA,NA,1064.6016666666667,213.35,2012.6016666666667,NA,NA,NA,no_data,FALSE,FALSE,NA,NA,NA,NA,NA,NA,NA,NA,NA,no_data,FALSE,FALSE,NA,NA,NA,NA,NA,NA,no_data,healthy,NA
Oct_22_172_SRS5_stem,2022-10-21,SRS5,tree,stem,NA,LGR,original,12:45:04,12:48:16,2022,10,wet,16.8,25.7,NA,NA,NA,NA,1064.6016666666667,213.35,2012.6016666666667,NA,NA,NA,no_data,FALSE,FALSE,NA,NA,NA,NA,NA,NA,NA,NA,NA,no_data,FALSE,FALSE,NA,NA,NA,NA,NA,NA,no_data,healthy,NA
Oct_22_174_SRS5_root,2022-10-21,SRS5,tree,root,NA,LGR,original,13:05:05,13:08:20,2022,10,wet,16.8,25.7,NA,NA,NA,NA,212.53666666666663,40.45,1160.5366666666666,NA,NA,NA,no_data,FALSE,FALSE,NA,NA,NA,NA,NA,NA,NA,NA,NA,no_data,FALSE,FALSE,NA,NA,NA,NA,NA,NA,no_data,healthy,NA
Oct_22_168_SRS5_root,2022-10-21,SRS5,tree,root,NA,LGR,original,11:52:53,11:56:34,2022,10,wet,17.6,26.2,NA,NA,NA,NA,212.53666666666663,40.45,1160.5366666666666,NA,NA,NA,no_data,FALSE,FALSE,NA,NA,NA,NA,NA,NA,NA,NA,NA,no_data,FALSE,FALSE,NA,NA,NA,NA,NA,NA,no_data,healthy,NA
Oct_22_165_SRS5_stem,2022-10-21,SRS5,tree,stem,NA,LGR,original,11:22:49,11:27:09,2022,10,wet,17.6,26.2,NA,NA,NA,NA,418.99555555555554,107.68,1366.9955555555557,NA,NA,NA,no_data,FALSE,FALSE,NA,NA,NA,NA,NA,NA,NA,NA,NA,no_data,FALSE,FALSE,NA,NA,NA,NA,NA,NA,no_data,healthy,NA
Oct_22_166_SRS5_stem,2022-10-21,SRS5,tree,stem,NA,LGR,original,11:33:05,11:37:37,2022,10,wet,17.6,26.2,NA,NA,NA,NA,418.99555555555554,107.68,1366.9955555555557,NA,NA,NA,no_data,FALSE,FALSE,NA,NA,NA,NA,NA,NA,NA,NA,NA,no_data,FALSE,FALSE,NA,NA,NA,NA,NA,NA,no_data,healthy,NA
Oct_22_199_CP40_stem,2022-10-23,CP40,tree,stem,NA,LGR,original,15:53:41,15:56:45,2022,10,wet,27.4,26.1,NA,11,NA,NA,2190.644,462.19,3138.644,-0.12606320370756108,LM,SE | AICc | g-fact. > 2 | p-value | Intercept (LM),valid,FALSE,TRUE,0.171800388391608,-0.12606320370756108,-0.00570774213121705,0.8637988031130576,-1.5842647784535249,-0.00476616492960668,3.8862925530344143,HM,SE | AICc | p-value | Intercept,valid,FALSE,TRUE,0.44412143083308975,3.5447996835172293,0.0113592241553837,0.08691677725290338,3.8862925530344143,0.01136928780153923,valid,ghost,NA
Oct_22_200_CP40_stem,2022-10-23,CP40,tree,stem,NA,LGR,original,16:06:06,16:09:10,2022,10,wet,27.7,26.1,NA,11,NA,NA,1064.6016666666667,213.35,2012.6016666666667,0.22482825056021685,HM,SE | AICc | p-value | Intercept,valid,FALSE,TRUE,0.324343756558769,0.15825259668563726,0.00247798196981796,0.23976928875011216,0.22482825056021685,0.00254970593226688,4.236578653055022,HM,SE | AICc | Intercept,valid,FALSE,TRUE,0.5271234488553648,4.214382600470854,0.02105296424611436,0.0375856869697634,4.236578653055022,0.02104797642185552,valid,ghost,NA
Oct_22_198_CP40_stem,2022-10-23,CP40,tree,stem,NA,LGR,original,15:41:13,15:44:40,2022,10,wet,28.4,26,NA,11,NA,NA,2190.644,462.19,3138.644,15.232941344737249,HM,SE,valid,FALSE,TRUE,71.2006172708903,14.362173992407472,0.998928957359275,1.6758671607627887e-95,15.232941344737249,0.9991776350930036,1.1850249221373097,HM,SE,valid,FALSE,TRUE,20.74977311669149,1.053433944291415,0.9891273766515094,8.548713335879567e-64,1.1850249221373097,0.9901161511923338,valid,ghost,NA
Oct_22_197_CP40_stem,2022-10-23,CP40,tree,stem,NA,LGR,original,15:26:00,15:29:30,2022,10,wet,30.9,25.8,NA,12,NA,NA,2190.644,462.19,3138.644,0.8638815951233779,HM,AICc,valid,FALSE,TRUE,27.248980888168948,0.8326642924830694,0.9831172385250152,1.1402626129658514e-177,0.8638815951233779,0.9832095581058364,3.504472108656446,HM,NA,valid,FALSE,FALSE,270.8262619734456,3.3440910641925368,0.9996777973343436,0,3.504472108656446,0.9998263011069248,valid,ghost,NA
Oct_22_191_CP40_stem,2022-10-23,CP40,tree,stem,NA,LGR,original,12:40:46,12:45:00,2022,10,wet,30.1,25.6,NA,12,NA,NA,212.53666666666663,40.45,1160.5366666666666,0.05099938867203379,LM,HM.flux is NA,valid,TRUE,TRUE,0.7711530081144414,0.05099938867203379,-0.00347634212874869,0.4421841837498812,NA,NA,0.9247336874997492,HM,SE,valid,FALSE,TRUE,9.598639021500558,0.7510644970798951,0.9163818113811232,1.4603693364818126e-64,0.9247336874997492,0.9194515000770797,valid,ghost,NA
Oct_22_194_CP40_stem,2022-10-23,CP40,tree,stem,NA,LGR,original,14:04:00,14:09:00,2022,10,wet,30.8,24.7,NA,12,NA,NA,1064.6016666666667,213.35,2012.6016666666667,0.19653454338793863,HM,AICc,valid,FALSE,TRUE,8.319615780254274,0.19501871819047512,0.7813172197897791,3.06590981799138e-103,0.19653454338793863,0.7812112016811844,1.342035337385861,LM,RMSE | MAE | AICc,valid,FALSE,TRUE,674.9945891157391,1.342035337385861,0.9993266417057186,0,1.3641850486573048,0.9992952091060046,valid,ghost,NA
Oct_22_196_CP40_stem,2022-10-23,CP40,tree,stem,NA,LGR,original,15:06:30,15:11:30,2022,10,wet,29.6,24.3,NA,12,NA,NA,2190.644,462.19,3138.644,4.593060818001227,HM,NA,valid,FALSE,FALSE,245.6650694505323,4.429695812440603,0.9994834043175832,0,4.593060818001227,0.9995720827020848,2.6070450198812907,HM,NA,valid,FALSE,FALSE,336.24823981715554,2.528705027978199,0.9997094022742627,0,2.6070450198812907,0.999772188622504,valid,ghost,NA
Oct_22_190_CP40_stem,2022-10-23,CP40,tree,stem,NA,LGR,original,12:19:00,12:24:00,2022,10,wet,29.9,NA,NA,12,NA,NA,418.99555555555554,107.68,1366.9955555555557,0.11154419894366951,LM,g-fact. > 2 | Intercept,valid,FALSE,TRUE,12.192448197636374,0.11154419894366951,0.3569532669938529,1.9261070832511047e-27,0.4523762374723819,0.4111433984023454,0.11524276832851096,LM,g-fact. > 2 | Intercept (LM),valid,FALSE,TRUE,33.331828567817766,0.11524276832851096,0.8066875528769012,8.885041933841036e-97,0.2647462999259858,0.8559863254450536,valid,ghost,NA
Oct_22_193_CP40_stem,2022-10-23,CP40,tree,stem,NA,LGR,original,13:42:40,13:48:30,2022,10,wet,29.8,24.7,NA,12,NA,NA,2190.644,462.19,3138.644,1.1595448424279,HM,NA,valid,FALSE,FALSE,88.48496993356474,0.9290303510780712,0.9927807266583564,0,1.1595448424279,0.9962437770938736,1.2923737386026182,HM,NA,valid,FALSE,FALSE,195.4127621443856,0.9988885065137852,0.994579435505932,0,1.2923737386026182,0.9992145970772016,valid,ghost,NA
Oct_22_195_CP40_stem,2022-10-23,CP40,tree,stem,NA,LGR,original,14:35:00,14:42:00,2022,10,wet,28.7,25.2,NA,12,NA,NA,2190.644,462.19,3138.644,24.466082964438513,LM,RMSE | MAE | AICc,valid,FALSE,TRUE,2458.098073085227,24.466082964438513,0.9999427397903544,0,24.847912969437346,0.999918085800248,2.6534616695600897,HM,NA,valid,FALSE,FALSE,421.1954851243132,2.6102795901387443,0.9998724030709932,0,2.6534616695600897,0.9998775534499442,valid,ghost,NA
Oct_22_192_CP40_stem,2022-10-23,CP40,tree,stem,NA,LGR,original,13:20:00,13:30:00,2022,10,wet,28.6,24.3,NA,12,NA,NA,2190.644,462.19,3138.644,60.94404222532494,LM,RMSE | MAE | SE | AICc,valid,FALSE,TRUE,606.4123599719611,60.94404222532494,0.9996058495956004,3.1142556800709157e-247,61.6650942764508,0.9994941798417766,7.423950865378739,LM,RMSE | MAE | SE | AICc,valid,FALSE,TRUE,537.2648374044707,7.423950865378739,0.9994979179929836,1.1521003207057543e-239,7.523239261930527,0.9994504375184426,valid,ghost,NA
Oct_22_189_CP40_stem,2022-10-23,CP40,tree,stem,NA,LGR,original,11:22:58,11:39:20,2022,10,wet,28.3,25.3,NA,12,NA,NA,418.99555555555554,107.68,1366.9955555555557,-0.7121762890327469,HM,Intercept (HM),valid,FALSE,TRUE,14.947574356505449,-0.4780305809678545,0.9005347269868199,4.407674919077284e-146,-0.7121762890327469,0.910913875213949,0.18244992081433103,HM,Intercept (HM),valid,FALSE,TRUE,12.236134459753323,0.13229359052999928,0.8701583934353389,1.8222508313132446e-129,0.18244992081433103,0.8763965397791961,valid,ghost,NA
Oct_22_225_CP40_CWD,2022-10-24,CP40,tree,cwd,NA,LGR,original,13:24:30,13:27:00,2022,10,wet,29.7,NA,NA,NA,NA,NA,212.53666666666663,40.45,1160.5366666666666,3.741572150027934,HM,SE,valid,FALSE,TRUE,12.96329770624978,2.23031178873223,0.9166599322984778,2.423839988544588e-80,3.741572150027934,0.93558260150288,7.558500485509072,HM,SE,valid,FALSE,TRUE,87.70695230849641,6.271349369825576,0.9963003474515396,1.9795293547976578e-178,7.558500485509072,0.9987024426163406,valid,ghost,NA
Oct_22_216_CP40_stem,2022-10-24,CP40,tree,stem,NA,LGR,original,10:37:00,10:40:00,2022,10,wet,26.6,NA,NA,4.5,NA,NA,1064.6016666666667,213.35,2012.6016666666667,47.46913122024596,HM,SE,valid,FALSE,TRUE,148.90198743858846,43.338862900158496,0.9988848482717289,6.568242922799163e-268,47.46913122024596,0.9994638723977124,1.105212762644213,HM,NA,valid,FALSE,FALSE,46.330349034895065,0.7926483501439031,0.9859689597924092,6.284346395795884e-169,1.105212762644213,0.9938355138184808,valid,ghost,NA
Oct_22_218_CP40_stem,2022-10-24,CP40,tree,stem,NA,LGR,original,11:16:30,11:19:30,2022,10,wet,26.6,NA,NA,4.5,NA,NA,1064.6016666666667,213.35,2012.6016666666667,0.7314927806113541,HM,AICc,valid,FALSE,TRUE,33.09819996068032,0.7256272998835989,0.9832809833188694,8.540152042962606e-269,0.7314927806113541,0.983134914156734,1.2535268034171585,HM,NA,valid,FALSE,FALSE,142.33911926689424,1.2247231578119806,0.9990375788746884,0,1.2535268034171585,0.9990655497214852,valid,ghost,NA
Oct_22_219_CP40_stem,2022-10-24,CP40,tree,stem,NA,LGR,original,11:50:00,11:53:00,2022,10,wet,23.4,NA,NA,7,NA,NA,1064.6016666666667,213.35,2012.6016666666667,17.92671576258468,HM,NA,valid,FALSE,FALSE,262.83992059020227,14.692384188257142,0.9969755185581242,4.950083899715058e-292,17.92671576258468,0.9997599256155032,2.789137080612019,HM,NA,valid,FALSE,FALSE,160.25164612877506,2.321454854041862,0.9970005555459946,1.8407942179449845e-291,2.789137080612019,0.9993591477927904,valid,ghost,NA
Oct_22_221_CP40_stem,2022-10-24,CP40,tree,stem,NA,LGR,original,12:08:00,12:11:00,2022,10,wet,23.4,NA,NA,7,NA,NA,1064.6016666666667,213.35,2012.6016666666667,0.05867445915108013,LM,g-fact. > 2 | Intercept,valid,FALSE,TRUE,8.321988686115782,0.05867445915108013,0.20298701560489615,4.510835110459134e-15,0.3140687300507307,0.27948660641417744,4.316677973065694,HM,SE,valid,FALSE,TRUE,105.29509884908552,3.045741271998036,0.9891475603790956,1.6473432454760168e-264,4.316677973065694,0.998207276902232,valid,ghost,NA
Oct_22_222_CP40_stem,2022-10-24,CP40,tree,stem,NA,LGR,original,12:36:00,12:39:00,2022,10,wet,29.3,NA,NA,12.5,NA,NA,2190.644,462.19,3138.644,2.5691469686958266,HM,NA,valid,FALSE,FALSE,51.13643139734525,2.3433071622600714,0.9958331410951085,4.130069438336597e-171,2.5691469686958266,0.9964132242315918,5.783570551302465,HM,NA,valid,FALSE,FALSE,219.05116747737375,5.670832526442178,0.9997857139362828,1.2860548361121945e-262,5.783570551302465,0.9998108398310152,valid,ghost,NA
Oct_22_223_CP40_stem,2022-10-24,CP40,tree,stem,NA,LGR,original,12:50:00,12:53:00,2022,10,wet,29.3,NA,NA,12.5,NA,NA,2190.644,462.19,3138.644,0.9181390823852024,HM,NA,valid,FALSE,FALSE,39.80645279989672,0.8183957199033257,0.9892692085171456,1.3931419681631042e-236,0.9181390823852024,0.9901662955922153,4.725175076186629,HM,NA,valid,FALSE,FALSE,226.09692455742083,4.3509925870690775,0.9992416797074796,0,4.725175076186629,0.9996971144698366,valid,ghost,NA
Oct_22_224_CP40_stem,2022-10-24,CP40,tree,stem,NA,LGR,original,13:04:00,13:07:00,2022,10,wet,29.3,NA,NA,12.5,NA,NA,1064.6016666666667,213.35,2012.6016666666667,0.5922995478576991,HM,Intercept (LM),valid,FALSE,TRUE,8.74367019761238,0.33732569164329346,0.8108944842916251,3.267828662778709e-71,0.5922995478576991,0.8305460837813479,8.217504787526629,HM,SE,valid,FALSE,TRUE,89.79281472957621,5.5832647097822425,0.9875041244634936,6.140179213132179e-184,8.217504787526629,0.9982076732210976,valid,ghost,NA
Oct_22_217_CP40_stem,2022-10-24,CP40,tree,stem,NA,LGR,original,11:01:00,11:04:00,2022,10,wet,26.6,NA,NA,4.5,NA,NA,1064.6016666666667,213.35,2012.6016666666667,3.1593991480082577,HM,NA,valid,FALSE,FALSE,95.1473952164244,3.0859338586472886,0.9982501447950938,0,3.1593991480082577,0.9982870547705242,1.91004189602148,HM,NA,valid,FALSE,FALSE,154.11980183688314,1.7947107600886043,0.999069003874182,0,1.91004189602148,0.9993336584759704,valid,ghost,NA
Oct_22_220_CP40_stem,2022-10-24,CP40,tree,stem,NA,LGR,original,11:58:30,12:01:30,2022,10,wet,23.4,NA,NA,7,NA,NA,1064.6016666666667,213.35,2012.6016666666667,1.7102449597622351,HM,AICc,valid,FALSE,TRUE,29.86987905253583,1.6806473761935494,0.9889481151029996,9.51985623861082e-155,1.7102449597622351,0.9889686753478864,2.7551860976625275,HM,RMSE | AICc,valid,FALSE,TRUE,111.5167305927304,2.7063249886417293,0.9992175214401642,1.9021517295814054e-244,2.7551860976625275,0.9992006714000864,valid,ghost,NA
Oct_22_231_BL60_stem,2022-10-25,BL60,tree,stem,NA,LGR,original,15:13:00,15:15:30,2022,10,wet,24,24.5,NA,4,NA,NA,212.53666666666663,40.45,1160.5366666666666,706.7033986199485,HM,SE,valid,FALSE,TRUE,5.142502540933767,361.6633494813081,0.7089864982441753,5.148450064032442e-32,706.7033986199485,0.7326126278267758,34.679665454060135,LM,RMSE | MAE | SE | AICc,valid,FALSE,TRUE,548.2338330154078,34.679665454060135,0.9996241756127948,7.234611606791359e-194,35.057313711415,0.9995436254271196,valid,regenerating,NA
Oct_22_228_BL60_stem,2022-10-25,BL60,tree,stem,NA,LGR,original,14:48:00,14:51:00,2022,10,wet,23.5,24.2,NA,4,NA,NA,2190.644,462.19,3138.644,113.21832620083094,LM,RMSE | MAE | SE | AICc,valid,FALSE,TRUE,1242.4738440930182,113.21832620083094,0.999912557674971,5.207252873662339e-274,114.83969845293556,0.9998736086095016,10.380979306191948,LM,RMSE | MAE | AICc,valid,FALSE,TRUE,1592.1656160659286,10.380979306191948,0.9999467481788404,1.9304425053681498e-288,10.543959456971116,0.99993856149237,valid,regenerating,NA
Oct_22_229_BL60_stem,2022-10-25,BL60,tree,stem,NA,LGR,original,14:56:00,14:59:00,2022,10,wet,23.5,24.2,NA,4,NA,NA,212.53666666666663,40.45,1160.5366666666666,0.6415570844545738,LM,SE | g-fact. > 2 | Intercept,valid,FALSE,TRUE,12.013355532647315,0.6415570844545738,0.45308669486087594,1.5685187616122958e-24,2.0385966859212252,0.4896674799324817,11.798828190631063,HM,SE,valid,FALSE,TRUE,180.62144728015775,11.106728491140563,0.9994039942171834,1.7325832897282688e-279,11.798828190631063,0.9996560712911392,valid,regenerating,NA
Oct_22_230_BL60_stem,2022-10-25,BL60,tree,stem,NA,LGR,original,15:01:30,15:04:30,2022,10,wet,23.5,24.2,NA,4,NA,NA,212.53666666666663,40.45,1160.5366666666666,0.5377512071708332,HM,SE | AICc,valid,FALSE,TRUE,3.090792774155922,0.5360220002079455,0.5029837668837286,2.6875012181652535e-24,0.5377512071708332,0.5028567343927748,10.91847059354443,HM,SE,valid,FALSE,TRUE,148.59253302959436,10.648620258434033,0.9995269910417393,1.6000365005109332e-246,10.91847059354443,0.9995701517016689,valid,regenerating,NA
Oct_22_232_BL60_stem,2022-10-25,BL60,tree,stem,NA,LGR,original,15:23:45,15:26:45,2022,10,wet,24,24.5,NA,4,NA,NA,212.53666666666663,40.45,1160.5366666666666,0.8492238179987436,HM,SE | Intercept,valid,FALSE,TRUE,3.0710162861382515,0.4339574157235683,0.3990412504106545,5.694121811283834e-19,0.8492238179987436,0.4135844194887761,13.23660594195612,HM,SE,valid,FALSE,TRUE,214.91836868801448,12.591783965275749,0.9996089389716788,1.5629394520682071e-264,13.23660594195612,0.9997823389605136,valid,regenerating,NA
Oct_22_233_BL60_stem,2022-10-25,BL60,tree,stem,NA,LGR,original,15:32:10,15:35:10,2022,10,wet,24,24.5,NA,4,NA,NA,212.53666666666663,40.45,1160.5366666666666,0.6547263624704155,HM,SE | AICc | Intercept,valid,FALSE,TRUE,2.953606002955221,0.4442899167606287,0.4274260598448787,4.1027264675745064e-20,0.6547263624704155,0.4323078467911126,9.106158740949498,LM,RMSE | MAE | SE | AICc,valid,FALSE,TRUE,600.0878618121592,9.106158740949498,0.99958085293175,1.880683430853636e-255,9.241721696040594,0.9995496977946008,valid,regenerating,NA
Oct_22_236_BL60_stem,2022-10-25,BL60,tree,stem,NA,LGR,rescued,11:24:10,11:27:10,2022,10,wet,23,23.9,NA,NA,NA,NA,418.99555555555554,107.68,1366.9955555555557,0.2389970261596839,HM,NA,valid,FALSE,FALSE,8.787541478984165,0.1815669543759907,0.7266848138264116,4.284191694566256e-114,0.2389970261596839,0.7306743578011126,1.8126079430858295,HM,NA,valid,FALSE,FALSE,196.7017846326493,1.694061127720434,0.9990243616215104,0,1.8126079430858295,0.9993349255278976,valid,regenerating,NA
Oct_22_237_BL60_stem,2022-10-25,BL60,tree,stem,NA,LGR,rescued,11:40:15,11:43:15,2022,10,wet,23,23.9,NA,NA,NA,NA,418.99555555555554,107.68,1366.9955555555557,-0.00620436068254315,LM,MAE | SE | AICc | g-fact. > 2 | p-value | Intercept,valid,TRUE,TRUE,0.39905585865517496,-0.00620436068254315,-0.00117070754435832,0.689970727816277,-0.02786522062683894,4.2783849435878984e-4,2.7058052371204666,HM,SE,valid,FALSE,TRUE,176.0709200340459,2.471585609342808,0.9980790915111276,0,2.7058052371204666,0.9985897868302536,valid,regenerating,NA
Oct_22_239_BL60_stem,2022-10-25,BL60,tree,stem,NA,LGR,rescued,11:59:00,12:02:00,2022,10,wet,22.9,24.3,NA,4,NA,NA,418.99555555555554,107.68,1366.9955555555557,0.34014652062324263,HM,SE | AICc | Intercept,valid,FALSE,TRUE,4.898853223930914,0.3404690414198149,0.2828190716420569,3.8789621784717985e-72,0.34014652062324263,0.2827035381878156,11.30400117020974,HM,Intercept,valid,FALSE,TRUE,664.7802443563605,8.712670991514686,0.9971280695005272,0,11.30400117020974,0.9999096077661586,valid,regenerating,NA
Oct_22_240_BL60_stem,2022-10-25,BL60,tree,stem,NA,LGR,rescued,12:06:43,12:09:43,2022,10,wet,22.9,24.3,NA,4,NA,NA,418.99555555555554,107.68,1366.9955555555557,0.2816076593974469,HM,SE | AICc,valid,FALSE,TRUE,0.18115566631883415,0.28198812268990064,-0.00142230017570166,0.471969186738051,0.2816076593974469,-0.00142296364527427,3.632313244901618,HM,SE | AICc,valid,FALSE,TRUE,0.7616274093833663,3.608003845629816,0.02367855367095239,0.00257752133328546,3.632313244901618,0.02367441782432056,valid,regenerating,NA
Oct_22_241_BL60_stem,2022-10-25,BL60,tree,stem,NA,LGR,rescued,12:20:50,12:23:50,2022,10,wet,22.9,24.3,NA,4,NA,NA,418.99555555555554,107.68,1366.9955555555557,0.2313592764941311,LM,SE | AICc | g-fact. > 2,valid,FALSE,TRUE,1.5812478047015612,0.2313592764941311,0.0050601797227292,0.11489653974313226,1.821820570442803,0.00983618412557052,2.1125585443769523,HM,SE,valid,FALSE,TRUE,12.43456830142649,1.5161321223495527,0.8692781115830357,3.8362844581179207e-132,2.1125585443769523,0.8763137078742698,valid,regenerating,NA
Oct_22_242_BL60_CWD,2022-10-25,BL60,tree,cwd,NA,LGR,rescued,12:39:00,12:42:00,2022,10,wet,28.8,NA,NA,4,NA,NA,212.53666666666663,40.45,1160.5366666666666,-3.15641017113149,LM,SE | AICc | g-fact. > 2,valid,FALSE,TRUE,3.5642518909959247,-3.15641017113149,0.03262828438030718,4.161461676982448e-4,-8.666920330381927,0.03561367914509217,4.001292129993225,HM,SE | AICc,valid,FALSE,TRUE,1.9646381243305808,3.997553176174086,0.14746720353470588,6.81597014718334e-14,4.001292129993225,0.1474202900362508,valid,regenerating,NA
Oct_22_243_BL60_CWD,2022-10-25,BL60,tree,cwd,NA,LGR,rescued,12:51:00,12:54:00,2022,10,wet,23.3,NA,NA,4,NA,NA,418.99555555555554,107.68,1366.9955555555557,0.2180943007194882,HM,SE | AICc,valid,FALSE,TRUE,0.18693762894567303,0.21804964883086683,-0.0013601826923788,0.4586856178203256,0.2180943007194882,-0.00136073378386392,11.51250278481842,LM,RMSE | SE | AICc,valid,FALSE,TRUE,9.726146730549113,11.51250278481842,0.2204389573156088,7.987381825174043e-20,11.506815787582912,0.22035199046735943,valid,regenerating,NA
Oct_22_251_BL60_stem,2022-10-25,BL60,tree,stem,NA,LGR,rescued,13:38:15,13:41:15,2022,10,wet,23,24.5,NA,4,NA,NA,418.99555555555554,107.68,1366.9955555555557,7.17297805723644,HM,SE | AICc,valid,FALSE,TRUE,1.2250546801951745,7.178807010935696,0.06216280073823299,1.4820503181490206e-6,7.17297805723644,0.06213699788432347,2.363458847053048,HM,SE | AICc,valid,FALSE,TRUE,0.6371695196058208,2.3656738957494716,0.01580425311285949,0.01078069057266807,2.363458847053048,0.01579553874790917,valid,regenerating,NA
Oct_22_252_BL60_stem,2022-10-25,BL60,tree,stem,NA,LGR,rescued,13:49:30,13:52:30,2022,10,wet,23,24.5,NA,4,NA,NA,212.53666666666663,40.45,1160.5366666666666,7.554888496314146,HM,SE | AICc,valid,FALSE,TRUE,1.5590406281352462,7.525349545880419,0.14576338652973253,2.8803832145887422e-9,7.554888496314146,0.14572656439341758,6.502461504689568,HM,SE | AICc,valid,FALSE,TRUE,0.6985491907594652,5.238290910313041,0.02627228900011435,0.00918698615586968,6.502461504689568,0.02636394721848889,valid,regenerating,NA
Oct_22_253_BL60_CWD,2022-10-25,BL60,tree,cwd,NA,LGR,rescued,14:15:45,14:18:45,2022,10,wet,23,24.5,NA,4,NA,NA,418.99555555555554,107.68,1366.9955555555557,0.2240296135670313,HM,NA,valid,FALSE,FALSE,3.7523434537503495,0.14114628925345646,0.4079932037588475,5.7398577552824005e-31,0.2240296135670313,0.41498197233988343,9.16463172126386,HM,NA,valid,FALSE,FALSE,496.8577026560392,8.682317887891248,0.9997359836558632,0,9.16463172126386,0.99993384183695,valid,regenerating,NA
Oct_22_254_BL60_stem,2022-10-25,BL60,tree,stem,NA,LGR,rescued,14:29:50,14:32:50,2022,10,wet,24.1,24.3,NA,4,NA,NA,212.53666666666663,40.45,1160.5366666666666,56.00627247445376,HM,SE | AICc,valid,FALSE,TRUE,1.7466882489339568,55.606899096937575,0.08813244975694545,1.1974992773532931e-11,56.00627247445376,0.08811876814457054,-1011.5454265789368,LM,HM.flux is NA,valid,FALSE,TRUE,0.37821782862108394,-1011.5454265789368,-0.00175553309996745,0.7054332546451005,NA,NA,valid,regenerating,NA
Oct_22_255_BL60_stem,2022-10-25,BL60,tree,stem,NA,LGR,rescued,14:36:50,14:39:50,2022,10,wet,24.1,24.3,NA,4,NA,NA,212.53666666666663,40.45,1160.5366666666666,37.442595662469365,LM,RMSE | MAE | SE | AICc,valid,FALSE,TRUE,661.5936607146627,37.442595662469365,0.999623175993562,6.61927967041163e-283,37.93436490086097,0.9995360807461644,17.256176409799444,HM,SE,valid,FALSE,TRUE,274.131396636768,16.76341039424965,0.9998011748141298,1.1273666556062157e-291,17.256176409799444,0.9998590920220108,valid,regenerating,NA
Oct_22_235_BL60_stem,2022-10-25,BL60,tree,stem,NA,LGR,original,11:02:30,11:05:30,2022,10,wet,24.9,NA,NA,14,NA,NA,212.53666666666663,40.45,1160.5366666666666,0.465643436593683,LM,SE | g-fact. > 2 | Intercept (LM),valid,FALSE,TRUE,6.063644953192105,0.465643436593683,0.214476609092354,1.3506135531249182e-8,1.2031118852991003,0.2461851994574713,-12.508122952248096,HM,SE,valid,FALSE,TRUE,90.3086743714519,-11.862848338973778,0.9988496705276776,3.815111259693568e-193,-12.508122952248096,0.998966053820795,valid,regenerating,NA
Oct_22_238_BL60_stem,2022-10-25,BL60,tree,stem,NA,LGR,rescued,11:47:30,11:50:30,2022,10,wet,23,23.9,NA,NA,NA,NA,418.99555555555554,107.68,1366.9955555555557,-0.46014174404768937,HM,AICc | Intercept,valid,FALSE,TRUE,3.8770475379512823,-0.4559177321485803,0.11682306126798048,7.358172526030043e-14,-0.46014174404768937,0.11679336602789923,0.904728792332988,LM,RMSE | MAE | SE | AICc | Intercept,valid,FALSE,TRUE,124.79771026649344,0.904728792332988,0.9722802657636556,0,0.9703491548893016,0.9718434213309164,valid,regenerating,NA
Oct_22_278_SRS5_stem,2023-03-12,SRS5,tree,stem,NA,LGR,rescued,15:13:00,15:18:00,2023,3,dry,28.3,23.7,NA,1.5,NA,NA,2190.644,462.19,3138.644,0.06150498951511149,HM,AICc,valid,FALSE,TRUE,3.1906057371127496,0.0506232008941501,0.3167818709159933,6.177328625472118e-28,0.06150498951511149,0.31768051983056433,2.439286553337125,HM,NA,valid,FALSE,FALSE,221.01985781021537,2.283077014840876,0.9992862680033644,0,2.439286553337125,0.9995823114195812,valid,healthy,NA
Oct_22_279_SRS5_stem,2023-03-12,SRS5,tree,stem,NA,LGR,rescued,15:21:00,15:26:00,2023,3,dry,28.3,23.7,NA,1.5,NA,NA,2190.644,462.19,3138.644,0.0665776910780686,HM,AICc,valid,FALSE,TRUE,2.3901308057134965,0.05210327680739277,0.2273189585521883,5.977107276809581e-17,0.0665776910780686,0.2283833786791992,2.70884013399296,LM,RMSE | MAE | AICc,valid,FALSE,TRUE,966.0115650994456,2.70884013399296,0.9997118205378432,0,2.7499743044765212,0.9996912479656928,valid,healthy,NA
Oct_22_280_SRS5_stem,2023-03-12,SRS5,tree,stem,NA,LGR,rescued,15:28:00,15:32:00,2023,3,dry,28.3,23.7,NA,1.5,NA,NA,2190.644,462.19,3138.644,0.03654268765188963,HM,AICc,valid,FALSE,TRUE,2.1658675658827073,0.03009708263842784,0.1572741767243243,3.433653435713401e-15,0.03654268765188963,0.15765533567605317,2.3979195272220157,HM,NA,valid,FALSE,FALSE,407.1754322736176,2.2654451988667157,0.9996405649396916,0,2.3979195272220157,0.9998605439648484,valid,healthy,NA
Oct_22_281_SRS5_stem,2023-03-12,SRS5,tree,stem,NA,LGR,rescued,15:30:21,15:43:21,2023,3,dry,27.8,23.6,NA,5,NA,NA,2190.644,462.19,3138.644,0.03177526635816422,HM,AICc,valid,FALSE,TRUE,2.095970241524481,0.03164619515730632,0.16396375936860008,2.0142953017540524e-15,0.03177526635816422,0.16392613157600044,2.365720191458422,HM,NA,valid,FALSE,FALSE,384.15905592488457,2.2548392428985795,0.9996889299869908,0,2.365720191458422,0.9998470153642584,valid,healthy,NA
Oct_22_282_SRS5_stem,2023-03-12,SRS5,tree,stem,NA,LGR,rescued,15:45:08,15:48:08,2023,3,dry,27.8,23.6,NA,5,NA,NA,2190.644,462.19,3138.644,-0.01375752089664871,HM,AICc,valid,FALSE,TRUE,0.7826742574473596,-0.00747430787100843,0.01342394023970294,0.00903526192370975,-0.01375752089664871,0.01489055635903469,2.5446050960535596,LM,RMSE | MAE | SE | AICc,valid,FALSE,TRUE,72.95750509520614,2.5446050960535596,0.9249191336322384,1.1506381737164312e-244,2.5473766226268935,0.9246445412621244,valid,healthy,NA
Oct_22_283_SRS5_stem,2023-03-12,SRS5,tree,stem,NA,LGR,rescued,15:49:00,15:54:00,2023,3,dry,27.8,23.6,NA,5,NA,NA,2190.644,462.19,3138.644,0.03146427872526091,HM,AICc,valid,FALSE,TRUE,1.6141750897245413,0.03131299241515419,0.12420334238882558,4.2524772560928263e-10,0.03146427872526091,0.1241779294503942,4.511923324075072,LM,RMSE | MAE | AICc,valid,FALSE,TRUE,1522.0669324846765,4.511923324075072,0.9998756999509352,0,4.577713500254433,0.9998404400188712,valid,healthy,NA
Mar_22_T1_9_FLM30_stem,2022-03-21,FLM30,tree,stem,NA,LGR,original,10:34:30,10:38:34,2022,3,dry,26.6,NA,NA,NA,NA,NA,1064.6016666666667,213.35,1440.6016666666667,62.41527026204899,HM,SE | nb.obs,valid,FALSE,TRUE,44.41492209925687,41.96859705969112,0.9865649661528512,6.540744774347118e-29,62.41527026204899,0.9988132528975412,0.2319745304941953,HM,AICc | nb.obs,valid,FALSE,TRUE,18.46085632447907,0.21532021266113952,0.993768138613339,9.477542798895494e-34,0.2319745304941953,0.9941706333571644,valid,ghost,NA
Mar_22_T1_10_FLM30_stem,2022-03-21,FLM30,tree,stem,NA,LGR,original,10:41:30,10:45:30,2022,3,dry,26.8,NA,NA,NA,NA,NA,1064.6016666666667,213.35,1440.6016666666667,22.527939553764536,HM,nb.obs,valid,FALSE,TRUE,185.2685812394993,15.58889618775043,0.9895267944311544,1.8458507447246203e-36,22.527939553764536,0.99992003191104,0.46597178673754247,HM,nb.obs,valid,FALSE,TRUE,110.57113131134278,0.37844904818752273,0.996542602930098,6.94232551525375e-45,0.46597178673754247,0.9997919908853506,valid,ghost,NA
Mar_22_T1_11_FLM30_stem,2022-03-21,FLM30,tree,stem,NA,LGR,original,10:49:32,10:54:30,2022,3,dry,26.9,NA,NA,NA,NA,NA,1064.6016666666667,213.35,1440.6016666666667,0.7636723932215601,HM,Intercept (LM) | nb.obs,valid,FALSE,TRUE,21.10783862905292,0.4156334506983099,0.9650036421642156,9.379929364359923e-29,0.7636723932215601,0.9928164673555786,0.3633718498041786,HM,nb.obs,valid,FALSE,TRUE,30.821210311345578,0.27967688650506495,0.9921883147327984,8.279245899160697e-41,0.3633718498041786,0.9971076200283068,valid,ghost,NA
Mar_22_T1_12_FLM30_stem,2022-03-21,FLM30,tree,stem,NA,LGR,original,11:18:00,11:22:00,2022,3,dry,27,24.9,NA,NA,NA,NA,1064.6016666666667,213.35,1440.6016666666667,1.0004463310884335,HM,nb.obs,valid,FALSE,TRUE,26.31753930832924,0.686746533038909,0.9843096176185931,5.096254638020175e-37,1.0004463310884335,0.9956022455242453,1.724015056338657,HM,Intercept (LM) | nb.obs,valid,FALSE,TRUE,58.60409715007124,0.9689019225967423,0.9735648198295694,1.340166886668799e-32,1.724015056338657,0.999028503028752,valid,ghost,NA
Mar_22_T1_13_FLM30_stem,2022-03-21,FLM30,tree,stem,NA,LGR,original,11:40:00,11:44:00,2022,3,dry,27.1,NA,NA,NA,NA,NA,1064.6016666666667,213.35,1440.6016666666667,0.35783451405452127,HM,AICc | nb.obs,valid,FALSE,TRUE,5.650951391768828,0.3571990551867025,0.9421058461582918,2.4968538259252572e-20,0.35783451405452127,0.9418468638135348,0.5307540170656729,HM,AICc | nb.obs,valid,FALSE,TRUE,12.84197880553617,0.4824009158501522,0.9870147043427684,4.472038414772407e-30,0.5307540170656729,0.987598650714936,valid,ghost,NA
Mar_22_T1_14_FLM30_stem,2022-03-21,FLM30,tree,stem,NA,LGR,original,11:53:00,11:58:00,2022,3,dry,26.9,NA,NA,NA,NA,NA,1064.6016666666667,213.35,1440.6016666666667,0.12236037603102108,LM,g-fact. > 2 | Intercept (LM) | nb.obs,valid,FALSE,TRUE,23.249287729591504,0.12236037603102108,0.9167416349978764,8.956056903262129e-28,0.28924591228619345,0.9768940425942456,0.397065619836356,LM,g-fact. > 2 | Intercept (LM) | nb.obs,valid,FALSE,TRUE,32.149825996066184,0.397065619836356,0.954697225187358,3.98649500145753e-34,0.8096496638072004,0.996109123349528,valid,ghost,NA
Mar_22_T1_15_FLM30_stem,2022-03-21,FLM30,tree,stem,NA,LGR,original,12:19:00,12:23:00,2022,3,dry,27.5,25.2,NA,NA,NA,NA,418.99555555555554,107.68,794.9955555555555,2.2729210329208636,LM,SE | g-fact. > 2 | Intercept (LM) | nb.obs,valid,FALSE,TRUE,30.10128105967568,2.2729210329208636,0.9556535110442996,1.40646009319246e-29,4.565985731984198,0.9945714718106438,0.30977227854327066,HM,Intercept (LM) | nb.obs,valid,FALSE,TRUE,24.98199787655441,0.1670422987258586,0.9635188645099174,2.560129911850436e-31,0.30977227854327066,0.9943138186329143,valid,ghost,NA
Mar_22_T1_16_FLM30_stem,2022-03-21,FLM30,tree,stem,NA,LGR,original,12:37:00,12:47:00,2022,3,dry,28.6,NA,NA,NA,NA,NA,418.99555555555554,107.68,794.9955555555555,0.37941719120801687,HM,AICc | Intercept | nb.obs,valid,FALSE,TRUE,5.074634380186275,0.3791777948375442,0.8771086700012346,2.2089646406966997e-27,0.37941719120801687,0.8768311487027242,0.26396314258112835,LM,RMSE | MAE | AICc | Intercept | nb.obs,valid,FALSE,TRUE,25.670735976130644,0.26396314258112835,0.9202782197177016,1.1800716722648776e-32,0.2642119537339587,0.9200016815165968,valid,ghost,NA
Mar_22_T1_17_FLM30_stem,2022-03-21,FLM30,tree,stem,NA,LGR,original,12:57:00,12:07:00,2022,3,dry,28.6,NA,NA,NA,NA,NA,418.99555555555554,107.68,794.9955555555555,-0.05667461192118906,HM,AICc | nb.obs,valid,FALSE,TRUE,1.7073496340884224,-0.05667870984672518,0.5900005489496647,2.7522405070183813e-7,-0.05667461192118906,0.5898002614044354,-0.03519860145634804,LM,MAE | SE | AICc | p-value | Intercept | nb.obs,valid,FALSE,TRUE,0.958157211833649,-0.03519860145634804,-0.00273863965128828,0.34590400679041033,-0.03500184360048768,-0.00304490402986568,valid,ghost,NA
Mar_22_T1_18_FLM30_stem,2022-03-21,FLM30,tree,stem,NA,LGR,original,13:23:00,12:30:00,2022,3,dry,29.6,25.6,NA,NA,NA,NA,418.99555555555554,107.68,794.9955555555555,10.515146445087558,HM,SE | nb.obs,valid,FALSE,TRUE,19.93666402389516,6.022234994529092,0.967025896658035,1.0364101740187367e-33,10.515146445087558,0.9909172952108246,2.4960979437343913,HM,SE | nb.obs,valid,FALSE,TRUE,20.65242395878362,1.5678776781156154,0.9752675368114117,2.1298209331693444e-36,2.4960979437343913,0.9918597702003872,valid,ghost,NA
Mar_22_T1_19_FLM30_stem,2022-03-21,FLM30,tree,stem,NA,LGR,original,13:39:00,12:44:00,2022,3,dry,27.4,NA,NA,NA,NA,NA,418.99555555555554,107.68,794.9955555555555,1.3263434644394558,HM,nb.obs,valid,FALSE,TRUE,55.42362960223279,0.962284458190866,0.991134875265962,1.7000213511382586e-30,1.3263434644394558,0.9992876480987152,0.6142562772759752,HM,nb.obs,valid,FALSE,TRUE,60.74477193468682,0.5179194254332065,0.9971950042474402,1.7089336695099616e-37,0.6142562772759752,0.9994493161760274,valid,ghost,NA
Mar_22_T1_20_FLM30_stem,2022-03-21,FLM30,tree,stem,NA,LGR,original,13:48:30,13:53:00,2022,3,dry,27.6,NA,NA,NA,NA,NA,418.99555555555554,107.68,794.9955555555555,0.17374115422931527,LM,g-fact. > 2 | Intercept | nb.obs,valid,FALSE,TRUE,10.210661389850015,0.17374115422931527,0.6964742476324262,3.498529015018068e-13,0.827535703804679,0.9115588595935612,0.7041115924118242,HM,nb.obs,valid,FALSE,TRUE,67.1247327123753,0.4833919446380384,0.9887436323635534,9.910374379310438e-45,0.7041115924118242,0.99923801652197,valid,ghost,NA
Mar_22_T1_21_FLM30_stem,2022-03-21,FLM30,tree,stem,NA,LGR,original,14:03:00,14:12:00,2022,3,dry,30.6,25.8,NA,NA,NA,NA,418.99555555555554,107.68,794.9955555555555,4.96177988951816,HM,SE | Intercept (LM) | nb.obs,valid,FALSE,TRUE,12.449299100181348,2.9444696719787595,0.9578932145537078,1.6681259073534988e-33,4.96177988951816,0.9758843067062434,0.2272335825808068,LM,g-fact. > 2 | Intercept (LM) | nb.obs,valid,FALSE,TRUE,20.110364472921244,0.2272335825808068,0.8956544957262442,1.99822915365451e-24,0.7216161598674117,0.9929528555428414,valid,ghost,NA
Mar_22_T1_22_FLM30_stem,2022-03-21,FLM30,tree,stem,NA,LGR,original,14:25:00,14:35:00,2022,3,dry,29.9,25.8,NA,NA,NA,NA,418.99555555555554,107.68,794.9955555555555,-0.00457473352183123,HM,AICc | p-value | MDF | Intercept | nb.obs,valid,TRUE,TRUE,0.04607074632052563,-0.00374326295246335,-0.02553946366270798,0.8662208068882562,-0.00457473352183123,-0.02548933887551108,0.23740187350055347,LM,g-fact. > 2 | Intercept (LM) | nb.obs,valid,FALSE,TRUE,21.848696138163437,0.23740187350055347,0.9243255605063474,4.0799902804543513e-23,0.5867606571834229,0.9821216050312398,valid,ghost,NA
Mar_22_T1_23_FLM30_stem,2022-03-21,FLM30,tree,stem,NA,LGR,original,14:39:00,14:49:00,2022,3,dry,27.6,25.8,NA,NA,NA,NA,418.99555555555554,107.68,794.9955555555555,0.1421319242880353,LM,SE | g-fact. > 2 | Intercept | nb.obs,valid,FALSE,TRUE,6.91766890099501,0.1421319242880353,0.5394576964552845,2.7806469298902063e-8,1.4315150125712444,0.884580366724089,0.1510691678274435,LM,SE | g-fact. > 2 | Intercept (LM) | nb.obs,valid,FALSE,TRUE,11.421727323009971,0.1510691678274435,0.7639502635559609,5.2055357516329825e-14,0.8249957465791015,0.9685130464501454,valid,ghost,NA
Mar_22_T1_24_SRS6_stem,2022-03-22,SRS6,tree,stem,NA,LGR,original,13:58:00,14:01:51,2022,3,dry,29.3,NA,NA,NA,NA,NA,418.99555555555554,107.68,794.9955555555555,0.6181423727811957,HM,Intercept (LM) | nb.obs,valid,FALSE,TRUE,23.121676436515145,0.3529571257539861,0.9708230523310528,3.002403335270706e-23,0.6181423727811957,0.9954999140019244,0.4914168320674677,HM,Intercept (LM) | nb.obs,valid,FALSE,TRUE,39.53024783818542,0.26087168945599454,0.9666251411962896,1.975279748929369e-22,0.4914168320674677,0.9984076317218163,valid,healthy,NA
Mar_22_T1_25_SRS6_stem,2022-03-22,SRS6,tree,stem,NA,LGR,original,14:05:00,14:08:00,2022,3,dry,27.6,23.2,NA,NA,NA,NA,418.99555555555554,107.68,794.9955555555555,5.613314903211065,HM,nb.obs,valid,FALSE,TRUE,22.75275854485793,4.117952536349753,0.9890731813600994,2.8091699701369746e-24,5.613314903211065,0.9965348503987754,1.5010421429725471,HM,nb.obs,valid,FALSE,TRUE,25.781463494351904,1.0330581153004643,0.9862646230009452,3.904904844104017e-23,1.5010421429725471,0.997215370820535,valid,healthy,NA
Mar_22_T1_26_SRS6_stem,2022-03-22,SRS6,tree,stem,NA,LGR,original,14:17:30,14:22:00,2022,3,dry,28.450000000000003,NA,NA,NA,NA,NA,418.99555555555554,107.68,794.9955555555555,0.0556775061925827,HM,Intercept | nb.obs,valid,FALSE,TRUE,3.964002285431806,0.0348621227126696,0.8112276428698781,1.194183267976409e-16,0.0556775061925827,0.8235904467808309,0.613320998144399,HM,Intercept (LM) | nb.obs,valid,FALSE,TRUE,35.31513618397085,0.3348834730275257,0.9673961485394392,2.5530755084094247e-32,0.613320998144399,0.9971628924882592,valid,healthy,NA
Mar_22_T1_27_SRS6_CWD,2022-03-22,SRS6,tree,cwd,NA,LGR,original,14:34:00,12:42:00,2022,3,dry,27.916666666666668,NA,NA,NA,NA,NA,NA,NA,NA,NA,NA,NA,no_data,FALSE,FALSE,NA,NA,NA,NA,NA,NA,NA,NA,NA,no_data,FALSE,FALSE,NA,NA,NA,NA,NA,NA,no_data,healthy,NA
Mar_22_T1_28_SRS6_stem,2022-03-22,SRS6,tree,stem,NA,LGR,original,14:53:00,12:57:00,2022,3,dry,27.808333333333337,NA,NA,NA,NA,NA,418.99555555555554,107.68,794.9955555555555,0.3470537589143768,HM,nb.obs,valid,FALSE,TRUE,21.142015869634715,0.23667207589562597,0.9818568443410236,1.15256960214811e-36,0.3470537589143768,0.9930099778989144,3.762328888497114,HM,SE | nb.obs,valid,FALSE,TRUE,51.354893831515646,2.432273578371753,0.9840257870788996,9.023090673618428e-38,3.762328888497114,0.9987796971202882,valid,healthy,NA
Mar_22_T1_29_SRS6_stem,2022-03-22,SRS6,tree,stem,NA,LGR,original,15:02:00,15:06:00,2022,3,dry,27.7,NA,NA,NA,NA,NA,418.99555555555554,107.68,794.9955555555555,0.1074747903410098,LM,g-fact. > 2 | Intercept (LM) | nb.obs,valid,FALSE,TRUE,14.027384706190274,0.1074747903410098,0.8709777679008338,3.4457252504192826e-14,0.29445511403068364,0.961699723787786,0.4727523457928413,LM,g-fact. > 2 | Intercept (LM) | nb.obs,valid,FALSE,TRUE,20.44778980779377,0.4727523457928413,0.934993900972253,2.2677402926993547e-18,1.1105932665447038,0.9973107979527388,valid,healthy,NA
Mar_22_T1_30_SRS6_stem,2022-03-22,SRS6,tree,stem,NA,LGR,original,15:09:00,15:13:00,2022,3,dry,27.754166666666663,23.2,NA,NA,NA,NA,418.99555555555554,107.68,794.9955555555555,0.6264773712132479,HM,nb.obs,valid,FALSE,TRUE,50.28661633708487,0.3642312852447997,0.975909537459206,1.0313377668582168e-40,0.6264773712132479,0.998414486006282,0.9760064798301076,HM,nb.obs,valid,FALSE,TRUE,94.00434873037923,0.6651329571407439,0.988443255856128,2.2623839634997535e-48,0.9760064798301076,0.9995761838220248,valid,healthy,NA
Mar_22_T1_31_SRS6_root,2022-03-22,SRS6,tree,root,NA,LGR,original,15:20:00,12:24:00,2022,3,dry,27.754166666666663,NA,NA,NA,NA,NA,418.99555555555554,107.68,794.9955555555555,0.4773783583603557,HM,Intercept (LM) | nb.obs,valid,FALSE,TRUE,15.030933872650715,0.2724176529153382,0.9623816817952094,1.0573183209270294e-21,0.4773783583603557,0.9893048166650522,2.1192749172733287,HM,nb.obs,valid,FALSE,TRUE,140.702658936015,1.4505354643968753,0.9884232523838908,7.138615086973532e-29,2.1192749172733287,0.9998862769135114,valid,healthy,NA
Mar_22_T1_40_FLM30_stem,2022-03-23,FLM30,tree,stem,NA,LGR,original,12:35:30,12:39:30,2022,3,dry,30.6,26.2,NA,NA,NA,NA,418.99555555555554,107.68,794.9955555555555,13.406917819908506,HM,SE | nb.obs,valid,FALSE,TRUE,37.027354203571846,12.44980175239934,0.9979423707737524,3.948554293747031e-46,13.406917819908506,0.998352589696222,0.85509819559575,HM,nb.obs,valid,FALSE,TRUE,37.23308010375211,0.7384717169648499,0.9967103275458766,9.102169707525e-43,0.85509819559575,0.9983093456149734,valid,ghost,NA
Mar_22_T1_41_FLM30_stem,2022-03-23,FLM30,tree,stem,NA,LGR,original,12:50:00,12:54:00,2022,3,dry,31.9,NA,NA,NA,NA,NA,418.99555555555554,107.68,794.9955555555555,1.9540941131939156,HM,SE | AICc | nb.obs,valid,FALSE,TRUE,6.890588889749891,1.94177900864922,0.9625826498091512,9.80835520367854e-22,1.9540941131939156,0.96248528950564,0.6228769179367426,HM,nb.obs,valid,FALSE,TRUE,12.016742257178151,0.4973117667978622,0.9824298154267572,2.4629699240916727e-26,0.6228769179367426,0.985871522616448,valid,ghost,NA
Mar_22_T1_42_FLM30_stem,2022-03-23,FLM30,tree,stem,NA,LGR,original,13:02:30,13:06:30,2022,3,dry,30.5,NA,NA,NA,NA,NA,418.99555555555554,107.68,794.9955555555555,0.8297195252984388,HM,nb.obs,valid,FALSE,TRUE,18.501416484110127,0.6761468310058412,0.9886059432560538,9.419845827591355e-39,0.8297195252984388,0.9919975505481108,1.171890505585821,HM,nb.obs,valid,FALSE,TRUE,41.96350311168452,0.820011191238294,0.9887195146572816,7.786808031886558e-39,1.171890505585821,0.99831740276982,valid,ghost,NA
Mar_22_T1_43_FLM30_stem,2022-03-23,FLM30,tree,stem,NA,LGR,original,13:20:00,13:24:00,2022,3,dry,30.2,25.6,NA,NA,NA,NA,418.99555555555554,107.68,794.9955555555555,4.972051424252084,HM,nb.obs,valid,FALSE,TRUE,29.425776455364225,4.272434588908045,0.9962501689958704,7.645920288257389e-31,4.972051424252084,0.9979945766598718,0.6457409344912709,HM,nb.obs,valid,FALSE,TRUE,46.25620309841929,0.41078718160649064,0.9829567178402744,5.977371717787163e-23,0.6457409344912709,0.9990587265298104,valid,ghost,NA
Mar_22_T1_44_FLM30_stem,2022-03-23,FLM30,tree,stem,NA,LGR,original,12:27:00,13:31:00,2022,3,dry,29.8,NA,NA,NA,NA,NA,418.99555555555554,107.68,794.9955555555555,-0.2152665719003734,LM,MAE | SE | AICc | g-fact. > 2 | p-value | Intercept (HM) | nb.obs,valid,FALSE,TRUE,1.480406597279594,-0.2152665719003734,0.03946806180910567,0.14993015917093763,-2.0147668534195997,0.06782579912015396,-0.0295406137921379,LM,SE | AICc | g-fact. > 2 | p-value | Intercept | nb.obs,valid,FALSE,TRUE,0.6234214577910285,-0.0295406137921379,-0.02153485706426017,0.5380532818249049,-0.11615426417200583,-0.01463797968837044,valid,ghost,NA
Mar_22_T1_45_FLM30_stem,2022-03-23,FLM30,tree,stem,NA,LGR,original,12:33:30,12:37:30,2022,3,dry,31.4,NA,NA,NA,NA,NA,418.99555555555554,107.68,794.9955555555555,12.87953728419824,HM,SE | nb.obs,valid,FALSE,TRUE,34.54316928533451,12.30763624768804,0.998086187009181,6.439613223905897e-44,12.87953728419824,0.998242993307034,0.800234654882116,HM,nb.obs,valid,FALSE,TRUE,36.33379545250096,0.7247781140286267,0.9976278187898336,1.7959745277544187e-42,0.800234654882116,0.9983669146110128,valid,ghost,NA
Mar_22_T1_46_FLM30_stem,2022-03-23,FLM30,tree,stem,NA,LGR,original,13:52:00,13:56:00,2022,3,dry,31.3,25.8,NA,NA,NA,NA,418.99555555555554,107.68,794.9955555555555,8.74858829914397,HM,SE | Intercept (LM) | nb.obs,valid,FALSE,TRUE,55.831102499453216,4.469002356337963,0.9641942243376488,7.482344194115956e-36,8.74858829914397,0.9986599907758874,0.3775432380895675,LM,g-fact. > 2 | Intercept (LM) | nb.obs,valid,FALSE,TRUE,23.543305489056117,0.3775432380895675,0.9201712405218307,1.1651513659672429e-27,1.0252971087878906,0.9991691154039538,valid,ghost,NA
Mar_22_T1_47_FLM30_stem,2022-03-23,FLM30,tree,stem,NA,LGR,original,14:01:00,14:08:00,2022,3,dry,28.8,NA,NA,NA,NA,NA,418.99555555555554,107.68,794.9955555555555,36.63542790486645,HM,nb.obs,valid,FALSE,TRUE,93.35526739986452,21.697116079628163,0.977144502807077,6.6052875664856495e-24,36.63542790486645,0.9997339022250176,0.4072145812756427,HM,nb.obs,valid,FALSE,TRUE,36.26630450464568,0.2763784846891478,0.9862982384216544,6.579374217495986e-27,0.4072145812756427,0.9983436454598396,valid,ghost,NA
Mar_22_T1_48_FLM30_stem,2022-03-23,FLM30,tree,stem,NA,LGR,original,14:11:30,14:15:30,2022,3,dry,30.4,NA,NA,NA,NA,NA,418.99555555555554,107.68,794.9955555555555,0.39576428636213545,LM,g-fact. > 2 | Intercept (LM) | nb.obs,valid,FALSE,TRUE,21.63869464962573,0.39576428636213545,0.9211407935011204,2.479308912062309e-23,1.027300089051967,0.9932868457311288,0.5716078316745172,HM,nb.obs,valid,FALSE,TRUE,100.3112134347256,0.35019950823466744,0.9809475746278332,2.2496543337341744e-35,0.5716078316745172,0.9996799857769004,valid,ghost,NA
Mar_22_T1_49_FLM30_stem,2022-03-23,FLM30,tree,stem,NA,LGR,original,14:36:00,14:40:00,2022,3,dry,30.9,25.3,NA,NA,NA,NA,418.99555555555554,107.68,794.9955555555555,0.14391609892054583,HM,AICc | nb.obs,valid,FALSE,TRUE,1.1682200906179154,0.09427368456482343,0.2612686518613202,1.432517248198788e-4,0.14391609892054583,0.26366281074745945,2.339362516871596,HM,nb.obs,valid,FALSE,TRUE,53.11493033152481,1.420443775089556,0.9792440770055528,9.956596900822404e-40,2.339362516871596,0.9986863508827534,valid,ghost,NA
Mar_22_T1_50_FLM30_stem,2022-03-23,FLM30,tree,stem,NA,LGR,original,14:50:00,15:00:00,2022,3,dry,31,NA,NA,NA,NA,NA,418.99555555555554,107.68,794.9955555555555,0.3293906624845675,LM,g-fact. > 2 | Intercept (LM),valid,FALSE,TRUE,20.053790899574075,0.3293906624845675,0.8661354018716343,1.5312306868701944e-28,0.6914462341360582,0.911552268661623,1.4963369256500911,LM,g-fact. > 2 | Intercept (LM),valid,FALSE,TRUE,27.77671032969356,1.4963369256500911,0.9255296143781138,2.5327275837240725e-36,3.972436201337483,0.9996308435887576,valid,ghost,NA
Mar_22_T1_51_FLM30_stem,2022-03-23,FLM30,tree,stem,NA,LGR,original,15:02:00,15:12:00,2022,3,dry,31,NA,NA,NA,NA,NA,418.99555555555554,107.68,794.9955555555555,0.5563919094963151,HM,MAE | AICc | nb.obs,valid,FALSE,TRUE,10.630534793952048,0.553448294597173,0.9748678283830928,7.387539825569859e-38,0.5563919094963151,0.9747506244436352,3.2477450604653977,HM,nb.obs,valid,FALSE,TRUE,91.31152582158391,1.96999837105716,0.9802950004337084,3.091480881026337e-40,3.2477450604653977,0.9995551521018816,valid,ghost,NA
Mar_22_T1_78_BL60_stem,2022-03-24,BL60,tree,stem,NA,LGR,original,15:05:30,13:13:30,2022,3,dry,32.6,24.9,NA,NA,NA,NA,418.99555555555554,107.68,794.9955555555555,59.03539683682695,HM,SE | AICc | nb.obs,valid,FALSE,TRUE,22.244417035829297,57.94066721086228,0.9976245863150616,5.8016577801882245e-24,59.03539683682695,0.9976498644526992,16.73664237678639,HM,SE | nb.obs,valid,FALSE,TRUE,19.781931790450287,10.395558771727892,0.976961358658742,1.4272017519100082e-15,16.73664237678639,0.9962548495879642,valid,regenerating,NA
Mar_22_T1_79_BL60_stem,2022-03-24,BL60,tree,stem,NA,LGR,original,13:24:00,13:29:30,2022,3,dry,33.4,NA,NA,NA,NA,NA,418.99555555555554,107.68,794.9955555555555,0.00386700374409251,LM,HM.flux is NA,valid,TRUE,TRUE,0.49203961064063506,0.00386700374409251,-0.02150544134774379,0.6257634651060222,NA,NA,4.413604720017094,HM,Intercept (LM) | nb.obs,valid,FALSE,TRUE,92.60877977814192,2.2404490505093206,0.9621156282178308,1.1052337962145063e-26,4.413604720017094,0.9996330282895745,valid,regenerating,NA
Mar_22_T1_80_BL60_stem,2022-03-24,BL60,tree,stem,NA,LGR,original,13:35:30,13:40:30,2022,3,dry,27.3,NA,NA,NA,NA,NA,418.99555555555554,107.68,794.9955555555555,0.04196684383113617,HM,AICc | Intercept | nb.obs,valid,FALSE,TRUE,2.335237958137082,0.0418457204736977,0.6848133593708579,2.7708587070326465e-11,0.04196684383113617,0.684628435583633,5.031357858321591,HM,Intercept (LM) | nb.obs,valid,FALSE,TRUE,133.87959353308298,2.737582686097495,0.970565655456389,6.442937746202819e-31,5.031357858321591,0.9998159504072348,valid,regenerating,NA
Mar_22_T1_81_BL60_stem,2022-03-24,BL60,tree,stem,NA,LGR,original,14:00:00,14:05:00,2022,3,dry,33.9,29.6,NA,NA,NA,NA,418.99555555555554,107.68,794.9955555555555,2.6702310623795733,HM,MAE | AICc | nb.obs,valid,FALSE,TRUE,13.208432254624306,2.4831361525983264,0.9911575843092286,2.912067151893527e-23,2.6702310623795733,0.9916046403179044,9.8190303863619,HM,nb.obs,valid,FALSE,TRUE,89.46882932161115,7.914748424438316,0.9960710598185996,5.809829203255038e-27,9.8190303863619,0.9998014434278132,valid,regenerating,NA
Mar_22_T1_82_BL60_stem,2022-03-24,BL60,tree,stem,NA,LGR,original,14:07:30,14:12:30,2022,3,dry,32.4,NA,NA,NA,NA,NA,418.99555555555554,107.68,794.9955555555555,6.12579020006063,HM,SE | nb.obs,valid,FALSE,TRUE,13.630382361178825,4.183434113057426,0.9759914426397244,8.446461670383697e-23,6.12579020006063,0.9888382889558844,9.021870138078246,HM,SE | nb.obs,valid,FALSE,TRUE,65.49492754974455,7.38887614731754,0.996392072652126,1.6682301716742718e-33,9.021870138078246,0.9995524286482316,valid,regenerating,NA
Mar_22_T1_83_BL60_stem,2022-03-24,BL60,tree,stem,NA,LGR,original,14:39:00,12:44:00,2022,3,dry,33.3,NA,NA,NA,NA,NA,NA,NA,NA,NA,NA,NA,no_data,FALSE,FALSE,NA,NA,NA,NA,NA,NA,NA,NA,NA,no_data,FALSE,FALSE,NA,NA,NA,NA,NA,NA,no_data,regenerating,NA
Mar_22_T1_84_BL60_pneumatophore,2022-03-24,BL60,tree,pneumatophore,NA,LGR,original,16:41:33,NA,2022,3,dry,30.5,NA,NA,NA,NA,NA,NA,NA,NA,NA,NA,NA,no_data,FALSE,FALSE,NA,NA,NA,NA,NA,NA,NA,NA,NA,no_data,FALSE,FALSE,NA,NA,NA,NA,NA,NA,no_data,regenerating,NA
Mar_22_T1_85_BL60_pneumatophore,2022-03-24,BL60,tree,pneumatophore,NA,LGR,original,NA,NA,2022,3,dry,NA,NA,NA,NA,NA,NA,NA,NA,NA,NA,NA,NA,no_data,FALSE,FALSE,NA,NA,NA,NA,NA,NA,NA,NA,NA,no_data,FALSE,FALSE,NA,NA,NA,NA,NA,NA,no_data,regenerating,NA
Mar_22_T1_86_BL60_pneumatophore,2022-03-24,BL60,tree,pneumatophore,NA,LGR,original,NA,NA,2022,3,dry,NA,NA,NA,NA,NA,NA,NA,NA,NA,NA,NA,NA,no_data,FALSE,FALSE,NA,NA,NA,NA,NA,NA,NA,NA,NA,no_data,FALSE,FALSE,NA,NA,NA,NA,NA,NA,no_data,regenerating,NA
Mar_22_T1_1_RB10_stem,2022-03-19,RB10,tree,stem,NA,Picarro,original,08:19:00,08:28:00,2022,3,dry,29.6,NA,NA,NA,NA,NA,NA,NA,NA,NA,NA,NA,no_data,FALSE,FALSE,NA,NA,NA,NA,NA,NA,NA,NA,NA,no_data,FALSE,FALSE,NA,NA,NA,NA,NA,NA,no_data,healthy,"Timestamps corrected by -25220 seconds, CH4 focus"
Mar_22_T1_2_RB10_stem,2022-03-19,RB10,tree,stem,NA,Picarro,original,08:42:00,08:48:00,2022,3,dry,29.6,NA,NA,NA,NA,NA,NA,NA,NA,NA,NA,NA,no_data,FALSE,FALSE,NA,NA,NA,NA,NA,NA,NA,NA,NA,no_data,FALSE,FALSE,NA,NA,NA,NA,NA,NA,no_data,healthy,"Timestamps corrected by -25220 seconds, CH4 focus"
Mar_22_T1_3_RB10_root,2022-03-19,RB10,tree,root,NA,Picarro,original,09:00:00,09:05:00,2022,3,dry,29.6,NA,NA,NA,NA,NA,NA,NA,NA,NA,NA,NA,no_data,FALSE,FALSE,NA,NA,NA,NA,NA,NA,NA,NA,NA,no_data,FALSE,FALSE,NA,NA,NA,NA,NA,NA,no_data,healthy,"Timestamps corrected by -25220 seconds, CH4 focus"
Mar_22_T1_4_RB10_root,2022-03-19,RB10,tree,root,NA,Picarro,original,09:07:00,09:09:00,2022,3,dry,29.6,NA,NA,NA,NA,NA,NA,NA,NA,NA,NA,NA,no_data,FALSE,FALSE,NA,NA,NA,NA,NA,NA,NA,NA,NA,no_data,FALSE,FALSE,NA,NA,NA,NA,NA,NA,no_data,healthy,"Timestamps corrected by -25220 seconds, CH4 focus"
Mar_22_T1_5_RB10_root,2022-03-19,RB10,tree,root,NA,Picarro,original,09:12:00,09:21:00,2022,3,dry,29.6,NA,NA,NA,NA,NA,NA,NA,NA,NA,NA,NA,no_data,FALSE,FALSE,NA,NA,NA,NA,NA,NA,NA,NA,NA,no_data,FALSE,FALSE,NA,NA,NA,NA,NA,NA,no_data,healthy,"Timestamps corrected by -25220 seconds, CH4 focus"
Mar_22_T1_6_RB10_stem,2022-03-19,RB10,tree,stem,NA,Picarro,original,10:04:00,10:18:00,2022,3,dry,29.6,NA,NA,NA,NA,NA,NA,NA,NA,NA,NA,NA,no_data,FALSE,FALSE,NA,NA,NA,NA,NA,NA,NA,NA,NA,no_data,FALSE,FALSE,NA,NA,NA,NA,NA,NA,no_data,healthy,"Timestamps corrected by -25220 seconds, CH4 focus"
Mar_22_T1_7_RB10_stem,2022-03-19,RB10,tree,stem,NA,Picarro,original,10:23:00,10:33:00,2022,3,dry,29.6,NA,NA,NA,NA,NA,NA,NA,NA,NA,NA,NA,no_data,FALSE,FALSE,NA,NA,NA,NA,NA,NA,NA,NA,NA,no_data,FALSE,FALSE,NA,NA,NA,NA,NA,NA,no_data,healthy,"Timestamps corrected by -25220 seconds, CH4 focus"
Mar_22_T1_8_RB10_stem,2022-03-19,RB10,tree,stem,NA,Picarro,original,10:46:00,10:56:00,2022,3,dry,29.6,NA,NA,NA,NA,NA,NA,NA,NA,NA,NA,NA,no_data,FALSE,FALSE,NA,NA,NA,NA,NA,NA,NA,NA,NA,no_data,FALSE,FALSE,NA,NA,NA,NA,NA,NA,no_data,healthy,"Timestamps corrected by -25220 seconds, CH4 focus"
Mar_22_T1_32_SRS6_stem,2022-03-22,SRS6,tree,stem,NA,Picarro,original,11:46:00,11:56:00,2022,3,dry,25.5,23.5,NA,NA,NA,NA,418.99555555555554,107.68,759.9955555555555,0.18032117455454943,HM,NA,valid,FALSE,FALSE,19.66525414695857,0.13465003528258335,0.9596642366248008,1.243909386459141e-134,0.18032117455454943,0.965605600246525,2.0894853787514185,HM,SE,valid,FALSE,TRUE,95.86970365714126,1.7215888958726753,0.9960426301474088,1.9947684870069838e-230,2.0894853787514185,0.998570896041976,valid,healthy,"Timestamps corrected by -25220 seconds, CH4 focus"
Mar_22_T1_33_SRS6_stem,2022-03-22,SRS6,tree,stem,NA,Picarro,original,12:00:00,12:07:00,2022,3,dry,29,NA,NA,NA,NA,NA,1064.6016666666667,213.35,1405.6016666666667,0.2883799012961487,HM,NA,valid,FALSE,FALSE,26.277225567104175,0.2561141474591593,0.9828307715501332,4.397227381896591e-153,0.2883799012961487,0.98380261666033475,2.8914138636420703,LM,RMSE | SE | AICc | Intercept,valid,FALSE,TRUE,86.54151841136229,2.8914138636420703,0.977546962438294,4.0472356508802085e-143,2.9192949956454832,0.977450263487602,valid,healthy,"Timestamps corrected by -25220 seconds, CH4 focus"
Mar_22_T1_34_SRS6_stem,2022-03-22,SRS6,tree,stem,NA,Picarro,original,12:10:00,12:18:00,2022,3,dry,28.6,23.5,NA,NA,NA,NA,1064.6016666666667,213.35,1405.6016666666667,0.1789157616736671,HM,Intercept (LM),valid,FALSE,TRUE,9.803760338362869,0.11437254303023302,0.8673291056761642,6.243571300877531e-75,0.1789157616736671,0.8799081491043927,5.340028647570693,HM,SE,valid,FALSE,TRUE,256.4657834695335,4.684029926102039,0.998613287492366,2.2903720723466274e-239,5.340028647570693,0.9998275167737992,valid,healthy,"Timestamps corrected by -25220 seconds, CH4 focus"
Mar_22_T1_35_SRS6_stem,2022-03-22,SRS6,tree,stem,NA,Picarro,original,12:35:00,12:40:00,2022,3,dry,28.9,23.8,NA,NA,NA,NA,1064.6016666666667,213.35,1405.6016666666667,0.8149405558664644,HM,NA,valid,FALSE,FALSE,53.19366380623229,0.6966886072188457,0.9943485346911678,3.208389418524269e-184,0.8149405558664644,0.9960927948811508,6.168533558228557,HM,SE,valid,FALSE,TRUE,222.9262658185758,5.5044378746938,0.998873570211044,5.865528285543023e-241,6.168533558228557,0.9997813011636691,valid,healthy,"Timestamps corrected by -25220 seconds, CH4 focus"
Mar_22_T1_36_SRS6_stem,2022-03-22,SRS6,tree,stem,NA,Picarro,original,12:45:00,12:50:00,2022,3,dry,30.1,NA,NA,NA,NA,NA,1064.6016666666667,213.35,1405.6016666666667,0.36053493749724447,HM,NA,valid,FALSE,FALSE,23.01583717927964,0.32720812893845774,0.9811825703245226,6.100345774527198e-129,0.36053493749724447,0.9818081555421124,3.453157917920048,HM,SE,valid,FALSE,TRUE,99.34141921260998,3.2362135306932314,0.9987293200925732,5.598340839418708e-215,3.453157917920048,0.9990221744725328,valid,healthy,"Timestamps corrected by -25220 seconds, CH4 focus"
Mar_22_T1_37_SRS6_stem,2022-03-22,SRS6,tree,stem,NA,Picarro,original,12:55:00,13:00:00,2022,3,dry,30.3,NA,NA,NA,NA,NA,1064.6016666666667,213.35,1405.6016666666667,0.12183602869124124,HM,AICc,valid,FALSE,TRUE,9.883742407159636,0.11855483484536838,0.8999564260838885,1.2861790798717108e-86,0.12183602869124124,0.9000036518289688,3.811692268507971,HM,SE,valid,FALSE,TRUE,192.06504832607908,3.611483655804749,0.9995016240869548,3.269817740063084e-281,3.811692268507971,0.99970210664741,valid,healthy,"Timestamps corrected by -25220 seconds, CH4 focus"
Mar_22_T1_38_SRS6_stem,2022-03-22,SRS6,tree,stem,NA,Picarro,original,13:22:00,13:27:00,2022,3,dry,30.1,23.9,NA,NA,NA,NA,1064.6016666666667,213.35,1405.6016666666667,0.48158438477745663,HM,NA,valid,FALSE,FALSE,35.20490925381436,0.4191708391794371,0.98857332779393,4.5859274580344934e-173,0.48158438477745663,0.9899974472861844,3.2551935445060307,HM,SE,valid,FALSE,TRUE,274.2025125517955,2.9325270488563047,0.9990417060453896,8.592681420854608e-268,3.2551935445060307,0.9998361888869972,valid,healthy,"Timestamps corrected by -25220 seconds, CH4 focus"
Mar_22_T1_39_SRS6_stem,2022-03-22,SRS6,tree,stem,NA,Picarro,original,13:40:00,13:47:00,2022,3,dry,26,NA,NA,NA,NA,NA,1064.6016666666667,213.35,1405.6016666666667,0.24570305951055285,HM,NA,valid,FALSE,FALSE,21.015009165430406,0.20846563633748144,0.9770945740379384,6.491359596884804e-117,0.24570305951055285,0.978829068634222,4.327193241720919,HM,SE | Intercept (LM),valid,FALSE,TRUE,23.644308116998506,2.7544748334159137,0.9677921637352072,1.4996514785131902e-106,4.327193241720919,0.9808927454755446,valid,healthy,"Timestamps corrected by -25220 seconds, CH4 focus"
Mar_22_T1_52_FLM30_stem,2022-03-23,FLM30,tree,stem,NA,Picarro,original,10:16:00,10:21:00,2022,3,dry,30.6,25.2,NA,NA,NA,NA,1064.6016666666667,213.35,1405.6016666666667,23.07673592865968,HM,SE,valid,FALSE,TRUE,86.45913862691792,19.366502722413117,0.9964570651748976,3.0204977721062974e-182,23.07673592865968,0.9986222401071272,0.9108694687345136,HM,SE | Intercept (LM),valid,FALSE,TRUE,40.47505050031536,0.640448677249284,0.9846706341465892,1.7395837899477437e-135,0.9108694687345136,0.9932156023092346,valid,ghost,"Timestamps corrected by -25220 seconds, CH4 focus"
Mar_22_T1_53_FLM30_stem,2022-03-23,FLM30,tree,stem,NA,Picarro,original,10:34:00,10:40:00,2022,3,dry,30.5,NA,NA,NA,NA,NA,1064.6016666666667,213.35,1405.6016666666667,0.4970078951089279,HM,AICc,valid,FALSE,TRUE,22.74206723073631,0.4935095296855659,0.9823630983091812,5.211408658447073e-131,0.4970078951089279,0.9822090704537534,0.6906508738783222,LM,RMSE | MAE | SE | AICc | Intercept,valid,FALSE,TRUE,39.8689896054184,0.6906508738783222,0.9147728930336088,1.0411966430212692e-80,0.6918219377614918,0.9145203061834212,valid,ghost,"Timestamps corrected by -25220 seconds, CH4 focus"
Mar_22_T1_54_FLM30_stem,2022-03-23,FLM30,tree,stem,NA,Picarro,original,10:48:00,10:53:00,2022,3,dry,30.7,NA,NA,NA,NA,NA,1064.6016666666667,213.35,1405.6016666666667,0.11485677348260794,HM,AICc,valid,FALSE,TRUE,6.772022519060368,0.10076101052280592,0.8441395309507926,6.914219684974177e-51,0.11485677348260794,0.8452082756261918,1.7860958644865053,HM,SE,valid,FALSE,TRUE,110.47339031548428,1.4501856988256303,0.9961666676708748,2.8221848341364206e-148,1.7860958644865053,0.999287337870506,valid,ghost,"Timestamps corrected by -25220 seconds, CH4 focus"
Mar_22_T1_55_FLM30_stem,2022-03-23,FLM30,tree,stem,NA,Picarro,original,11:07:00,11:16:00,2022,3,dry,30.2,25.2,NA,NA,NA,NA,1064.6016666666667,213.35,1405.6016666666667,8.528449673562347,LM,MAE | SE | AICc,valid,FALSE,TRUE,51.54140214827569,8.528449673562347,0.97288896608303,3.70405601761012e-59,8.690658542133665,0.9729108303516631,1.1520845690362944,HM,SE,valid,FALSE,TRUE,12.522724404155296,0.9769544019239116,0.9668843201397552,5.512696262513313e-56,1.1520845690362944,0.9687800803434644,valid,ghost,"Timestamps corrected by -25220 seconds, CH4 focus"
Mar_22_T1_56_FLM30_stem,2022-03-23,FLM30,tree,stem,NA,Picarro,original,11:22:00,11:31:00,2022,3,dry,30.3,NA,NA,NA,NA,NA,1064.6016666666667,213.35,1405.6016666666667,3.082674557483106,HM,SE | Intercept (LM),valid,FALSE,TRUE,23.11944480155726,1.850067955904629,0.970103837212178,1.1456931259021871e-60,3.082674557483106,0.9884020805271464,0.629422418886582,HM,SE,valid,FALSE,TRUE,24.595653506545837,0.4418010937644959,0.9816157678675898,8.444277871045913e-69,0.629422418886582,0.9904044226715552,valid,ghost,"Timestamps corrected by -25220 seconds, CH4 focus"
Mar_22_T1_57_FLM30_stem,2022-03-23,FLM30,tree,stem,NA,Picarro,original,11:38:00,11:48:00,2022,3,dry,28.8,NA,NA,NA,NA,NA,1064.6016666666667,213.35,1405.6016666666667,0.1310805816329244,LM,g-fact. > 2 | Intercept (LM),valid,FALSE,TRUE,30.57382784204938,0.1310805816329244,0.8980533176558516,4.3295326524415686e-54,0.3106943214654801,0.9473394178792944,0.7212456198819547,HM,SE,valid,FALSE,TRUE,79.48805144415562,0.4897009048269002,0.987836005077216,1.3908382154154578e-102,0.7212456198819547,0.9987374552821352,valid,ghost,"Timestamps corrected by -25220 seconds, CH4 focus"
Mar_22_T1_58_FLM30_CWD,2022-03-23,FLM30,tree,cwd,NA,Picarro,original,12:14:00,12:29:00,2022,3,dry,31,NA,NA,NA,NA,NA,NA,NA,NA,NA,NA,NA,no_data,FALSE,FALSE,NA,NA,NA,NA,NA,NA,NA,NA,NA,no_data,FALSE,FALSE,NA,NA,NA,NA,NA,NA,no_data,ghost,"Timestamps corrected by -25220 seconds, CH4 focus"
Mar_22_T1_59_FLM30_pneumatophore,2022-03-23,FLM30,tree,pneumatophore,NA,Picarro,original,15:54:00,12:59:00,2022,3,dry,31,NA,NA,NA,NA,NA,NA,NA,NA,NA,NA,NA,no_data,FALSE,FALSE,NA,NA,NA,NA,NA,NA,NA,NA,NA,no_data,FALSE,FALSE,NA,NA,NA,NA,NA,NA,no_data,ghost,"Timestamps corrected by -25220 seconds, CH4 focus"
Mar_22_T1_60_FLM30_pneumatophore,2022-03-23,FLM30,tree,pneumatophore,NA,Picarro,original,13:11:00,13:16:00,2022,3,dry,30.866666666666667,NA,NA,NA,NA,NA,NA,NA,NA,NA,NA,NA,no_data,FALSE,FALSE,NA,NA,NA,NA,NA,NA,NA,NA,NA,no_data,FALSE,FALSE,NA,NA,NA,NA,NA,NA,no_data,ghost,"Timestamps corrected by -25220 seconds, CH4 focus"
Mar_22_T1_61_FLM30_pneumatophore,2022-03-23,FLM30,tree,pneumatophore,NA,Picarro,original,13:21:00,13:26:00,2022,3,dry,30.522222222222226,NA,NA,NA,NA,NA,NA,NA,NA,NA,NA,NA,no_data,FALSE,FALSE,NA,NA,NA,NA,NA,NA,NA,NA,NA,no_data,FALSE,FALSE,NA,NA,NA,NA,NA,NA,no_data,ghost,"Timestamps corrected by -25220 seconds, CH4 focus"
Mar_22_T1_62_BL60_stem,2022-03-24,BL60,tree,stem,NA,Picarro,original,13:22:00,13:26:00,2022,3,dry,30.35,NA,NA,NA,NA,NA,NA,NA,NA,NA,NA,NA,no_data,FALSE,FALSE,NA,NA,NA,NA,NA,NA,NA,NA,NA,no_data,FALSE,FALSE,NA,NA,NA,NA,NA,NA,no_data,regenerating,"Timestamps corrected by -25220 seconds, CH4 focus"
Mar_22_T1_63_BL60_stem,2022-03-24,BL60,tree,stem,NA,Picarro,original,12:32:00,13:36:00,2022,3,dry,30.8,24.5,NA,NA,NA,NA,418.99555555555554,107.68,759.9955555555555,18.996550644547035,HM,SE | nb.obs,valid,FALSE,TRUE,61.53839116097027,17.95820214467099,0.9987828919031968,1.5854159541115852e-83,18.996550644547035,0.9990106768345572,4.008323074313805,HM,SE | nb.obs,valid,FALSE,TRUE,55.37804956228015,3.78523654214091,0.9985421041963448,2.48495338547248e-81,4.008323074313805,0.9987779503678051,valid,regenerating,"Timestamps corrected by -25220 seconds, CH4 focus"
Mar_22_T1_64_BL60_stem,2022-03-24,BL60,tree,stem,NA,Picarro,original,13:40:00,13:44:00,2022,3,dry,31.47,NA,NA,NA,NA,NA,418.99555555555554,107.68,759.9955555555555,0.07690337652383086,LM,MAE | SE | AICc | g-fact. > 2 | p-value | Intercept (LM),valid,FALSE,TRUE,1.099393940921493,0.07690337652383086,0.00202179663550394,0.2741843852680843,0.4837457535986512,0.01241900218612379,-1.1503948166250006,LM,RMSE | MAE | SE | AICc | Intercept,valid,FALSE,TRUE,4.2636226192094755,-1.1503948166250006,0.1429413721665307,4.500146023512592e-5,-1.231217458098447,0.1333125105970293,valid,regenerating,"Timestamps corrected by -25220 seconds, CH4 focus"
Mar_22_T1_65_BL60_stem,2022-03-24,BL60,tree,stem,NA,Picarro,original,13:50:00,12:54:00,2022,3,dry,31.317142857142855,NA,NA,NA,NA,NA,418.99555555555554,107.68,759.9955555555555,0.3055766571908472,HM,SE | Intercept (HM),valid,FALSE,TRUE,5.038810368831218,0.20615566196889615,0.8004307031124136,1.5639250066648455e-28,0.3055766571908472,0.8101185189689132,4.163224100639433,HM,SE | Intercept,valid,FALSE,TRUE,13.490570561263656,2.2951233648707348,0.9422376603512485,5.0036405182883575e-49,4.163224100639433,0.9657297691898042,valid,regenerating,"Timestamps corrected by -25220 seconds, CH4 focus"
Mar_22_T1_66_BL60_stem,2022-03-24,BL60,tree,stem,NA,Picarro,original,14:00:00,14:05:00,2022,3,dry,30.57742857142857,NA,NA,NA,NA,NA,418.99555555555554,107.68,759.9955555555555,1.6041191052525154,HM,NA,valid,FALSE,FALSE,47.55187531487648,0.9416685010753516,0.973936193962825,4.741101445286917e-105,1.6041191052525154,0.9953319626470284,1.031673163616468,LM,SE | g-fact. > 2 | Intercept (LM),valid,FALSE,TRUE,56.90999221631554,1.031673163616468,0.9611131501035812,9.406114390115652e-94,2.0697451404370137,0.9988696380821376,valid,regenerating,"Timestamps corrected by -25220 seconds, CH4 focus"
Mar_22_T1_67_BL60_stem,2022-03-24,BL60,tree,stem,NA,Picarro,original,14:18:30,14:23:30,2022,3,dry,30.4,24.1,NA,NA,NA,NA,418.99555555555554,107.68,759.9955555555555,0.9582323090788368,HM,SE,valid,FALSE,TRUE,15.791732424724287,0.7708393776079324,0.9778807728521594,9.727046752798375e-56,0.9582323090788368,0.9812947608544736,1.841292132088634,HM,SE,valid,FALSE,TRUE,65.60072041208858,1.4496315934606323,0.99465949029760925,8.430787606485604e-76,1.841292132088634,0.998885522989283,valid,regenerating,"Timestamps corrected by -25220 seconds, CH4 focus"
Mar_22_T1_68_BL60_stem,2022-03-24,BL60,tree,stem,NA,Picarro,original,14:27:30,14:32:30,2022,3,dry,32.11548571428571,NA,NA,NA,NA,NA,418.99555555555554,107.68,759.9955555555555,3.685830318264718,HM,SE,valid,FALSE,TRUE,36.73866862582051,3.0885402638682775,0.9945938951653276,4.427984679701998e-71,3.685830318264718,0.996843035372191,3.3026632776195117,HM,SE,valid,FALSE,TRUE,52.39293076230757,2.3024510848492006,0.988562696907778,3.744194837751832e-61,3.3026632776195117,0.9983046680035036,valid,regenerating,"Timestamps corrected by -25220 seconds, CH4 focus"
Mar_22_T1_69_BL60_stem,2022-03-24,BL60,tree,stem,NA,Picarro,original,11:02:00,11:06:00,2022,3,dry,31.3,NA,NA,NA,NA,NA,418.99555555555554,107.68,759.9955555555555,0.10299402904054092,HM,Intercept (LM),valid,FALSE,TRUE,3.0088958065646185,0.05896465251105923,0.48027868416957975,1.0979002495270982e-17,0.10299402904054092,0.4929797222242046,4.310266117290035,HM,SE,valid,FALSE,TRUE,150.9900522283984,3.7611086183179183,0.9983490098107364,1.7672343513974211e-156,4.310266117290035,0.999665228653166,valid,regenerating,"Timestamps corrected by -25220 seconds, CH4 focus"
Mar_22_T1_70_BL60_stem,2022-03-24,BL60,tree,stem,NA,Picarro,original,11:10:00,11:15:00,2022,3,dry,31.3,NA,NA,NA,NA,NA,418.99555555555554,107.68,759.9955555555555,0.09150028086707793,HM,AICc,valid,FALSE,TRUE,3.729672572733376,0.0651328651937496,0.5655028940689381,5.7043690622186905e-27,0.09150028086707793,0.5711297840605273,4.003857006514049,HM,SE,valid,FALSE,TRUE,134.2330399876781,3.209318901872074,0.9958859462397732,1.0008130072440915e-166,4.003857006514049,0.9994541842494392,valid,regenerating,"Timestamps corrected by -25220 seconds, CH4 focus"
Mar_22_T1_71_BL60_stem,2022-03-24,BL60,tree,stem,NA,Picarro,original,11:42:00,11:47:00,2022,3,dry,31.3,NA,NA,NA,NA,NA,NA,NA,NA,NA,NA,NA,no_data,FALSE,FALSE,NA,NA,NA,NA,NA,NA,NA,NA,NA,no_data,FALSE,FALSE,NA,NA,NA,NA,NA,NA,no_data,regenerating,"Timestamps corrected by -25220 seconds, CH4 focus"
Mar_22_T1_72_BL60_stem,2022-03-24,BL60,tree,stem,NA,Picarro,original,11:53:00,11:58:00,2022,3,dry,30.8,NA,NA,NA,NA,NA,418.99555555555554,107.68,759.9955555555555,0.23180537985058025,HM,AICc,valid,FALSE,TRUE,4.930940751362188,0.2308975452617631,0.8502005639252219,1.5308216028496767e-29,0.23180537985058025,0.8500120585061133,2.4617392011457104,HM,SE,valid,FALSE,TRUE,70.64315268304686,2.1611990274127573,0.9978843043529128,1.4957584657614068e-91,2.4617392011457104,0.9990857597253616,valid,regenerating,"Timestamps corrected by -25220 seconds, CH4 focus"
Mar_22_T1_73_BL60_stem,2022-03-24,BL60,tree,stem,NA,Picarro,original,13:01:00,13:14:00,2022,3,dry,31.516666666666666,NA,NA,NA,NA,NA,NA,NA,NA,NA,NA,NA,no_data,FALSE,FALSE,NA,NA,NA,NA,NA,NA,NA,NA,NA,no_data,FALSE,FALSE,NA,NA,NA,NA,NA,NA,no_data,regenerating,"Timestamps corrected by -25220 seconds, CH4 focus"
Mar_22_T1_74_BL60_stem,2022-03-24,BL60,tree,stem,NA,Picarro,original,12:04:00,12:09:14,2022,3,dry,30.8,NA,NA,NA,NA,NA,418.99555555555554,107.68,759.9955555555555,0.0760114143223951,HM,AICc | Intercept,valid,FALSE,TRUE,1.8925511402445787,0.07088502589405761,0.4450239033383242,4.280331297540296e-10,0.0760114143223951,0.4452011012192493,2.9958112571776607,HM,SE,valid,FALSE,TRUE,71.88207166283941,2.579582269690674,0.9974894583332764,1.867593532733281e-86,2.9958112571776607,0.9991184523937776,valid,regenerating,"Timestamps corrected by -25220 seconds, CH4 focus"
Mar_22_T1_75_BL60_stem,2022-03-24,BL60,tree,stem,NA,Picarro,original,12:18:00,12:23:00,2022,3,dry,30.3,24.6,NA,NA,NA,NA,418.99555555555554,107.68,759.9955555555555,0.13734503788674704,HM,MAE | Intercept (HM),valid,FALSE,TRUE,3.949439117153938,0.08698441111628101,0.7357270336575547,4.394129012665885e-20,0.13734503788674704,0.7502258677652838,3.127282347148494,HM,SE,valid,FALSE,TRUE,40.31541555131407,2.1268269160959132,0.9851410901619654,1.606178951546194e-59,3.127282347148494,0.9969283372335326,valid,regenerating,"Timestamps corrected by -25220 seconds, CH4 focus"
Mar_22_T1_76_BL60_root,2022-03-24,BL60,tree,root,NA,Picarro,original,12:37:00,12:42:00,2022,3,dry,30.872222222222224,NA,NA,NA,NA,NA,NA,NA,NA,NA,NA,NA,no_data,FALSE,FALSE,NA,NA,NA,NA,NA,NA,NA,NA,NA,no_data,FALSE,FALSE,NA,NA,NA,NA,NA,NA,no_data,regenerating,"Timestamps corrected by -25220 seconds, CH4 focus"
Mar_22_T1_77_BL60_stem,2022-03-24,BL60,tree,stem,NA,Picarro,original,12:56:00,13:01:00,2022,3,dry,31.387777777777774,NA,NA,NA,NA,NA,418.99555555555554,107.68,759.9955555555555,0.25311879227277323,HM,MAE | AICc,valid,FALSE,TRUE,8.001276303988213,0.21885767338814968,0.917895229893775,6.030665562707366e-46,0.25311879227277323,0.9193792874892016,2.0812871256750034,HM,SE,valid,FALSE,TRUE,50.68934777796543,1.3989583603905718,0.9854273554560752,2.2746554172703974e-76,2.0812871256750034,0.9975540260093914,valid,regenerating,"Timestamps corrected by -25220 seconds, CH4 focus"
45003_FLM30_Water_145,2023-03-18,FLM30,surface,water,water,LGR1,original,11:03:00,NA,2023,3,dry,27.025,NA,NA,20,NA,NA,3370,324.3,4318,3.8111037880554215,HM,NA,valid,FALSE,FALSE,195.39672804853555,2.8910035946822488,0.993435040646149,0,3.8111037880554215,0.9988610423633274,0.5004426729077596,HM,NA,valid,FALSE,FALSE,65.62432379219747,0.4345367640491971,0.9891569836287216,0,0.5004426729077596,0.9905992879568782,valid,ghost,water temp = 25.6
45003_FLM30_Water_146,2023-03-18,FLM30,surface,water,water,LGR1,rescued,NA,NA,2023,3,dry,NA,NA,NA,NA,NA,NA,3370,324.3,4318,1.8787279557666032,LM,RMSE | MAE | AICc,valid,FALSE,TRUE,458.7097347584274,1.8787279557666032,0.9964105030017446,0,1.8965942240366185,0.9962694111035792,0.10173641904572428,HM,AICc,valid,FALSE,TRUE,22.693564859612682,0.1001321516663842,0.9148121822329436,0,0.10173641904572428,0.9148139871141004,valid,ghost,NA
45003_FLM30_Water_147,2023-03-18,FLM30,surface,water,water,LGR1,original,12:47:00,12:50:00,2023,3,dry,28.375,28.1,NA,NA,NA,NA,3370,324.3,4318,7.004692163104839,LM,RMSE | MAE | SE | AICc,valid,FALSE,TRUE,280.881181829715,7.004692163104839,0.9933519044087618,0,7.0358771219944,0.9931490022100116,0.39522811957345705,HM,NA,valid,FALSE,FALSE,58.89834287983773,0.3436536973831663,0.9885587025432934,0,0.39522811957345705,0.9899015596500186,valid,ghost,water temp = 30
45003_FLM30_Water_148,2023-03-18,FLM30,surface,water,water,LGR1,original,12:55:00,12:58:00,2023,3,dry,28.30909090909091,NA,NA,2,NA,NA,3370,324.3,4318,5.184121538081438,HM,NA,valid,FALSE,FALSE,77.95089346837256,5.046599638295358,0.9975828757757252,3.248854864879562e-292,5.184121538081438,0.9976309832603726,0.3247659627353386,HM,AICc,valid,FALSE,TRUE,15.09179240588312,0.3207217299451079,0.9409254861447228,1.1850601776963745e-141,0.3247659627353386,0.9408479876500124,valid,ghost,very shallow water
45003_FLM30_Water_149,2023-03-18,FLM30,surface,water,water,LGR1,original,13:01:00,13:04:00,2023,3,dry,28.363636363636363,NA,NA,17,NA,NA,3370,324.3,4318,8.307549279502554,HM,SE,valid,FALSE,TRUE,122.85001777884445,6.692506359544429,0.9943816956258376,0,8.307549279502554,0.9974547569441552,0.4931045912599374,HM,NA,valid,FALSE,FALSE,51.5961889871596,0.4750634470058268,0.9868057282924172,0,0.4931045912599374,0.9869023686139332,valid,ghost,water temp = 30.5
45003_FLM30_Water_150,2023-03-18,FLM30,surface,water,water,LGR1,original,13:05:00,13:08:00,2023,3,dry,28.39090909090909,NA,NA,25,NA,NA,3370,324.3,4318,7.895836333034574,HM,SE,valid,FALSE,TRUE,115.85701172947076,6.624009396837176,0.9952101034838444,0,7.895836333034574,0.9972163843611066,0.5027425330541611,HM,NA,valid,FALSE,FALSE,50.7526138888017,0.4737184903324946,0.986186433253576,0,0.5027425330541611,0.9864340564544252,valid,ghost,water temp = 30.7
45003_FLM30_Water_151,2023-03-18,FLM30,surface,water,water,LGR1,original,13:12:00,13:15:00,2023,3,dry,28.418181818181814,NA,NA,21,NA,NA,3370,324.3,4318,8.834723833400444,LM,RMSE | MAE | SE | AICc,valid,FALSE,TRUE,215.9511822697711,8.834723833400444,0.9940316220262396,1.56758927077e-296,8.88637823365552,0.9938469360185695,0.48237246526184174,HM,NA,valid,FALSE,FALSE,27.140821195165508,0.4090497653156029,0.972747075139376,1.6145631786402395e-220,0.48237246526184174,0.9747074265906578,valid,ghost,water temp = 30.1
45003_FLM30_Water_152,2023-03-18,FLM30,surface,water,water,LGR1,original,13:21:00,13:24:00,2023,3,dry,28.60909090909091,NA,NA,12,NA,NA,3370,324.3,4318,6.7611116567942755,HM,NA,valid,FALSE,FALSE,50.55946063702722,5.552776966628979,0.9911248265801378,2.1451591554701056e-246,6.7611116567942755,0.9936023948491092,0.39010315031383774,HM,AICc,valid,FALSE,TRUE,19.99291456790438,0.3842932601221128,0.9637235891084328,1.2581082379371214e-173,0.39010315031383774,0.9636878196311858,valid,ghost,"water temp = 31.4, near root (dead)"
45003_FLM30_Water_153,2023-03-18,FLM30,surface,water,water,LGR1,original,13:27:00,13:33:00,2023,3,dry,28.990909090909092,NA,NA,20,NA,NA,3370,324.3,4318,5.6900201154445345,LM,RMSE | SE | AICc | Intercept,valid,FALSE,TRUE,199.95166257531864,5.6900201154445345,0.9907810491764124,0,5.75777390563017,0.9907247219767664,0.4676142402787565,LM,RMSE | MAE | AICc,valid,FALSE,TRUE,178.9574541859426,0.4676142402787565,0.9885173728021304,0,0.4717152540901599,0.9883642769730788,valid,ghost,water temp = 31.3
45003_FLM30_Water_154,2023-03-18,FLM30,surface,water,water,LGR1,original,13:36:00,14:06:00,2023,3,dry,29.34,NA,NA,27,NA,NA,3370,324.3,4318,4.861084485898551,HM,NA,valid,FALSE,FALSE,180.10845153108235,4.289304922551265,0.9976669266867376,0,4.861084485898551,0.99874078309,0.6699548052135335,LM,RMSE | MAE | AICc,valid,FALSE,TRUE,367.4343381488795,0.6699548052135335,0.9954873579271776,0,0.6740790711006408,0.995313555421242,valid,ghost,water temp = 32.9
45003_FLM30_Water_155,2023-03-18,FLM30,surface,water,water,LGR1,original,14:09:00,14:19:00,2023,3,dry,29.233333333333334,NA,NA,22,NA,NA,3370,324.3,4318,5.4726282725473565,HM,NA,valid,FALSE,FALSE,188.34513667801812,5.240723880364469,0.998719470715372,0,5.4726282725473565,0.9988492848307357,0.6948096484701762,HM,NA,valid,FALSE,FALSE,147.69963875329606,0.6804560056450242,0.998132751197532,0,0.6948096484701762,0.9981516034325618,valid,ghost,water temp = 33.4
45003_FLM30_Water_156,2023-03-18,FLM30,surface,water,water,LGR1,original,14:24:00,14:39:00,2023,3,dry,28.9,NA,NA,27,NA,NA,3370,324.3,4318,7.166417904515998,HM,SE | Intercept (LM),valid,FALSE,TRUE,128.83696389927647,3.988362071706625,0.9721571035261296,0,7.166417904515998,0.9966289246389678,0.769976750669384,HM,NA,valid,FALSE,FALSE,111.42719072688494,0.54085546097906545,0.9869011433753516,0,0.769976750669384,0.9959151775374532,valid,ghost,water temp = 34.1
44854_SRS5_Soil_57,2022-10-20,SRS5,surface,soil,soil,LGR2,original,14:42:30,14:47:30,2022,10,wet,18.057142857142857,23.4,NA,0,NA,NA,38700,433.7,39648,0.20463639744154935,HM,SE | Intercept,valid,FALSE,TRUE,1.58951953911905,0.1053004490294487,0.05622714023291353,2.7302904217133674e-7,0.20463639744154935,0.06273299892238804,1.0848855114447349,HM,SE | Intercept,valid,FALSE,TRUE,34.424313683864646,0.8233611904747948,0.9685651566060004,0,1.0848855114447349,0.974106214008656,valid,healthy,NA
44854_SRS5_Soil_58,2022-10-20,SRS5,surface,soil,soil,LGR2,original,14:57:30,15:00:30,2022,10,wet,18.14,23.4,NA,1,NA,NA,38700,433.7,39648,1.7076173061631097,HM,SE | AICc,valid,FALSE,TRUE,10.95718306687473,1.6933738438850816,0.872881271696542,7.489206287004806e-126,1.7076173061631097,0.8727559488521739,0.932851972798496,HM,SE | AICc,valid,FALSE,TRUE,18.801396143347286,0.9141583646606676,0.9524894589965716,7.444014433517485e-185,0.932851972798496,0.9525162600572932,valid,healthy,NA
44854_SRS5_Soil_59,2022-10-20,SRS5,surface,soil,soil,LGR2,original,15:08:00,15:11:00,2022,10,wet,18.575000000000003,23.4,NA,0.5,NA,NA,38700,433.7,39648,0.929093747897193,HM,SE | AICc | Intercept,valid,FALSE,TRUE,4.605433878051331,0.8742769651329001,0.5648930935950711,2.7062128835346734e-47,0.929093747897193,0.5650456687926695,1.4042148683677362,HM,SE | AICc,valid,FALSE,TRUE,22.25093735833827,1.385188050238655,0.9689739821623172,9.085267062386624e-191,1.4042148683677362,0.9689034875950956,valid,healthy,NA
44854_SRS5_Soil_60,2022-10-20,SRS5,surface,soil,soil,LGR2,original,15:19:00,15:32:00,2022,10,wet,18.56,NA,NA,0,NA,NA,38700,433.7,39648,1.2487360008700288,HM,SE | AICc | Intercept,valid,FALSE,TRUE,10.543358209667076,1.158388788309608,0.8284154412359106,1.2692809422224255e-136,1.2487360008700288,0.828743545423066,1.5570515721228868,HM,SE | AICc,valid,FALSE,TRUE,44.84290763642384,1.5321512309355407,0.9890380728953132,0,1.5570515721228868,0.9890370982342376,valid,healthy,NA
44854_SRS5_Soil_61,2022-10-20,SRS5,surface,soil,soil,LGR2,original,15:30:30,15:33:00,2022,10,wet,18.52,23,NA,1,NA,NA,38700,433.7,39648,1.753887416245992,HM,SE,valid,FALSE,TRUE,13.987704448399072,1.578592859051868,0.895495683664202,1.6015775578918016e-169,1.753887416245992,0.896207339778984,1.4402818196115783,HM,SE,valid,FALSE,TRUE,33.21669281474723,1.1043458864034634,0.9736593675639474,1.383333664099564e-271,1.4402818196115783,0.9783303931485658,valid,healthy,NA
44854_SRS5_Soil_62,2022-10-20,SRS5,surface,soil,soil,LGR2,original,15:45:30,15:48:30,2022,10,wet,18.5,22.9,NA,1,NA,NA,38700,433.7,39648,1.605917951034202,HM,SE | AICc | Intercept,valid,FALSE,TRUE,8.143446854592938,1.4282604276197557,0.8048710715252443,1.056896486015176e-87,1.605917951034202,0.8056821034372511,1.0921356961512323,HM,SE | AICc,valid,FALSE,TRUE,18.309371156465303,1.0572635510198836,0.9562076995914192,6.191763817457489e-166,1.0921356961512323,0.9562808542644264,valid,healthy,NA
44854_SRS5_Soil_63,2022-10-20,SRS5,surface,soil,soil,LGR2,original,15:55:30,15:59:30,2022,10,wet,18.5,23,NA,0,NA,NA,38700,433.7,39648,1.4947094634657752,HM,SE | Intercept,valid,FALSE,TRUE,10.266694924882906,1.238251167211953,0.8216655477560668,1.4854238430164979e-123,1.4947094634657752,0.8238280901000685,1.1079467241739225,HM,SE | AICc,valid,FALSE,TRUE,30.04519819819336,1.0984754991252266,0.9778149201374458,3.1349270424914273e-270,1.1079467241739225,0.9776515035342944,valid,healthy,NA
44854_SRS5_Soil_64,2022-10-20,SRS5,surface,soil,soil,LGR2,original,16:09:45,16:12:45,2022,10,wet,18.5,22.8,NA,1,NA,NA,38700,433.7,39648,1.0688782857637733,HM,SE | AICc | Intercept,valid,FALSE,TRUE,5.907921445298415,1.0582111889728611,0.677767717353464,1.3461065790989345e-66,1.0688782857637733,0.6777113137812245,1.3828770805975306,HM,SE,valid,FALSE,TRUE,23.495298202996775,1.2300536002984137,0.968386761807374,9.233643905934227e-199,1.3828770805975306,0.9693151407881904,valid,healthy,NA
44857_CP40_Water_76,2022-10-23,CP40,surface,water,water,LGR2,original,11:28:00,11:31:00,2022,10,wet,28,26.3,NA,23,NA,NA,3370,324.3,4318,90.19999578492484,LM,RMSE | SE | AICc | Intercept,valid,FALSE,TRUE,22.40324632478621,90.19999578492484,0.6540043034014245,5.275259803694674e-63,90.2135835949048,0.6537612747431141,0.7022318823833904,HM,NA,valid,FALSE,FALSE,58.62645460551533,0.6573113592801691,0.9947564507336653,2.9218984650457323e-291,0.7022318823833904,0.9950700705318528,valid,ghost,NA
44857_CP40_Water_77,2022-10-23,CP40,surface,water,water,LGR2,original,11:42:45,11:45:45,2022,10,wet,28.34,NA,NA,23,NA,NA,3370,324.3,4318,28.81891144862577,HM,NA,valid,FALSE,FALSE,286.97894221414214,22.02033885027499,0.9947106890278984,1.4259480716253776e-227,28.81891144862577,0.9998262588486546,0.5497698566459326,HM,MAE | AICc,valid,FALSE,TRUE,37.799005708776775,0.544264447211337,0.991388457592154,1.2921761905739798e-206,0.5497698566459326,0.9912454426338756,valid,ghost,NA
44857_CP40_Water_78,2022-10-23,CP40,surface,water,water,LGR2,original,11:47:00,11:50:00,2022,10,wet,28.34,NA,NA,23,NA,NA,3370,324.3,4318,25.090376289897364,LM,RMSE | SE | AICc,valid,FALSE,TRUE,26.04917697181413,25.090376289897364,0.6658672136372326,6.476352182889e-83,25.16469616689776,0.6656878622171458,0.6170750363776364,HM,NA,valid,FALSE,FALSE,83.68901684010287,0.5642702331900801,0.9962361680580346,0,0.6170750363776364,0.9967929412166447,valid,ghost,NA
44857_CP40_Water_79,2022-10-23,CP40,surface,water,water,LGR2,original,12:01:45,12:04:45,2022,10,wet,29.18,NA,NA,23,NA,NA,3370,324.3,4318,18.653757022938738,HM,NA,valid,FALSE,FALSE,267.9884588815792,17.78306150186809,0.999652278374299,0,18.653757022938738,0.999810603978924,0.608865162498742,HM,MAE | AICc,valid,FALSE,TRUE,47.939174676851806,0.6028634728085391,0.994352522914066,2.9485877878103203e-238,0.608865162498742,0.9942318363219405,valid,ghost,NA
44857_CP40_Water_80,2022-10-23,CP40,surface,water,water,LGR2,original,12:09:00,12:14:00,2022,10,wet,29.733333333333334,NA,NA,NA,NA,NA,3370,324.3,4318,35.99491805458706,LM,SE | g-fact. > 2 | Intercept,valid,FALSE,TRUE,33.492068538743254,35.99491805458706,0.7871770804239414,1.0640273405212913e-103,162.57695408725738,0.9393002173669942,0.6416095917525667,HM,NA,valid,FALSE,FALSE,87.08832819741093,0.602247424044519,0.9971446181218632,0,0.6416095917525667,0.9974152802474786,valid,ghost,NA
44996_SRS6_Water_86,2023-03-11,SRS6,surface,water,water,LGR2,original,13:16:00,13:21:00,2023,3,dry,27.275,25.6,NA,30,NA,NA,3370,324.3,4318,1.4691041476016744,HM,NA,valid,FALSE,FALSE,165.33116575546515,1.3015590656252378,0.9975168459667112,0,1.4691041476016744,0.9985297952911132,1.5882540276286148,HM,NA,valid,FALSE,FALSE,263.5295884299217,1.4248917397587564,0.9986083249428503,0,1.5882540276286148,0.9994243376116768,valid,healthy,ebulition seems limited here
44996_SRS6_Water_87,2023-03-11,SRS6,surface,water,water,LGR2,original,13:31:00,13:37:00,2023,3,dry,28.3,25.6,NA,20,NA,NA,3370,324.3,4318,1.473956511992804,HM,NA,valid,FALSE,FALSE,172.37013197931643,1.3611989807770004,0.998309001922593,0,1.473956511992804,0.9987432350574896,1.669571363507892,HM,NA,valid,FALSE,FALSE,522.6947256839546,1.4345217811589217,0.998272326288064,0,1.669571363507892,0.9998583207108048,valid,healthy,no visible bubbles once tide has come in a bit
44996_SRS6_Water_88,2023-03-11,SRS6,surface,water,water,LGR2,original,13:45:00,13:50:00,2023,3,dry,26.950000000000003,25.7,NA,10,NA,NA,3370,324.3,4318,1.1563172519653702,HM,NA,valid,FALSE,FALSE,84.25014276035107,1.0757031285200898,0.9952069474766548,0,1.1563172519653702,0.9955671843667534,1.5129542460315306,HM,NA,valid,FALSE,FALSE,301.0926237897118,1.397435610102338,0.9992203042433456,0,1.5129542460315306,0.999650282809092,valid,healthy,???
44996_SRS6_Soil_89,2023-03-11,SRS6,surface,soil,soil,LGR2,original,11:31:00,11:35:00,2023,3,dry,26.7,24.5,NA,0,NA,NA,12300,433.7,13248,10.63532834327336,LM,RMSE | SE | AICc | Intercept,valid,FALSE,TRUE,55.9549041435424,10.63532834327336,0.8651170325704958,3.2873045938017023e-214,10.644741772124492,0.8648308924433121,2.0790104991787124,HM,NA,valid,FALSE,FALSE,169.0136026709718,1.2959958872766473,0.982592345115318,0,2.0790104991787124,0.9986722113951536,valid,healthy,NA
44996_SRS6_Soil_90,2023-03-11,SRS6,surface,soil,soil,LGR2,original,11:47:00,11:49:00,2023,3,dry,26.7,25.2,NA,0,NA,NA,12300,433.7,13248,3.3589693998097885,LM,SE | g-fact. > 2 | Intercept,valid,FALSE,TRUE,31.542685994837868,3.3589693998097885,0.753590195640397,8.687489361968179e-101,15.645923560494936,0.8966869078017302,0.7458046362171007,HM,NA,valid,FALSE,FALSE,40.76135580694643,0.5208432618292712,0.9765050739124804,3.407499650056774e-266,0.7458046362171007,0.9855061818122484,valid,healthy,NA
44996_SRS6_Soil_91,2023-03-11,SRS6,surface,soil,soil,LGR2,original,11:52:30,11:54:30,2023,3,dry,26.7,25.2,NA,0,29.98,61.9,12300,433.7,13248,2.779209765953986,HM,Intercept,valid,FALSE,TRUE,21.54907549466252,1.537078557478372,0.9354165565274958,8.630345498731204e-147,2.779209765953986,0.9584783311746632,0.5955075887691632,HM,SE,valid,FALSE,TRUE,22.127459144880703,0.5124767780550071,0.9657960128309634,2.453437716590157e-180,0.5955075887691632,0.9673367870757588,valid,healthy,NA
44996_SRS6_Soil_92,2023-03-11,SRS6,surface,soil,soil,LGR2,original,11:59:30,12:01:30,2023,3,dry,26.7,24.3,NA,0,29.98,61.5,12300,433.7,13248,4.6256697430088485,HM,Intercept (LM),valid,FALSE,TRUE,42.63960766570282,2.963273775025193,0.9754985103542017,6.174689643045536e-223,4.6256697430088485,0.9885420520519628,3.480256105021425,HM,NA,valid,FALSE,FALSE,139.30208257636448,2.8424876540357045,0.9962273330947622,0,3.480256105021425,0.9990267918210056,valid,healthy,JG
44996_SRS6_Soil_93,2023-03-11,SRS6,surface,soil,soil,LGR2,original,12:08:00,12:10:00,2023,3,dry,26.7,24.1,NA,0,29.98,69.6,12300,433.7,13248,2.634225758731205,HM,NA,valid,FALSE,FALSE,18.023010775578857,2.0580751879375483,0.956811592230258,2.1483257715558989e-128,2.634225758731205,0.9610717412076824,1.5354785918110068,HM,SE,valid,FALSE,TRUE,40.9059613832318,1.2758859131473692,0.98999457248094,3.7596805956897757e-187,1.5354785918110068,0.9924228983626892,valid,healthy,"Weather = sunny, dry, low tide"
44996_SRS6_Soil_94,2023-03-11,SRS6,surface,soil,soil,LGR2,original,12:13:00,12:15:00,2023,3,dry,27.1,24,NA,0,29.98,71.5,12300,433.7,13248,1.8304991535744133,HM,AICc,valid,FALSE,TRUE,24.05028557040651,1.800840484873897,0.9762114118926118,1.2778794262970978e-181,1.8304991535744133,0.9761875836363372,2.254839024826999,HM,SE,valid,FALSE,TRUE,79.29682317058197,1.9310912900791972,0.9959103318399108,4.0272156296694254e-266,2.254839024826999,0.9976025994856612,valid,healthy,Ebulition on flux 10 ft tide stared to time in first flush of water seems to degas sediment
44996_SRS6_Soil_95,2023-03-11,SRS6,surface,soil,soil,LGR2,original,12:20:00,12:22:00,2023,3,dry,26.52,24.3,NA,0,29.98,76.9,12300,433.7,13248,3.729011918491345,HM,NA,valid,FALSE,FALSE,36.695943029101265,3.38817357681579,0.9900732021574888,1.7555705767076772e-192,3.729011918491345,0.9907002764671106,2.707800802856613,HM,SE,valid,FALSE,TRUE,75.769009095321593,2.5346665298743636,0.9975335935555234,6.195599024741741e-250,2.707800802856613,0.9978352444276204,valid,healthy,System time = 11:38:00
44996_SRS6_Soil_96,2023-03-11,SRS6,surface,soil,soil,LGR2,original,12:25:00,12:27:00,2023,3,dry,26.84,24,NA,0,29.98,74.4,12300,433.7,13248,2.8190576822941367,HM,NA,valid,FALSE,FALSE,23.7040706014281,2.324754532683983,0.967921628416302,1.840290587722271e-187,2.8190576822941367,0.970258223885516,1.2365239946960396,HM,SE,valid,FALSE,TRUE,21.077091150260376,0.794175394022528,0.9456491986409984,4.624761287941026e-159,1.2365239946960396,0.958430009129054,valid,healthy,Real time = 11:37:00
44996_SRS6_Soil_97,2023-03-11,SRS6,surface,soil,soil,LGR2,original,12:34:00,12:56:00,2023,3,dry,27.083333333333332,23.8,NA,0,29.98,71.8,12300,433.7,13248,0.39395776535221494,HM,Intercept (LM),valid,FALSE,TRUE,7.932733059784815,0.2634745952347321,0.7008580999670382,8.316856506402571e-91,0.39395776535221494,0.7094379972947309,0.4786693487211232,HM,AICc,valid,FALSE,TRUE,38.3554458591461,0.4711925132647514,0.9856048932315298,1.45134591597e-296,0.4786693487211232,0.9856097462137648,valid,healthy,Logging frequency = 15
44996_SRS6_Soil_98,2023-03-11,SRS6,surface,soil,soil,LGR2,original,12:44:00,12:46:00,2023,3,dry,27.16,23.9,NA,0,29.97,74,12300,433.7,13248,2.992608947994275,HM,SE | Intercept,valid,FALSE,TRUE,12.795226513038424,2.4506839040695874,0.8696121406185419,6.673417070288495e-155,2.992608947994275,0.8729192947747315,0.4515792874647489,HM,RMSE | AICc,valid,FALSE,TRUE,31.76864758726031,0.4468197929090808,0.979081585608203,5.148072073803264e-291,0.4515792874647489,0.9789553652145866,valid,healthy,NA
45002_SE1_Water_144,2023-03-17,SE1,surface,water,water,LGR2,original,09:21:00,10:21:00,2023,3,dry,26.6,20.6,NA,15,NA,NA,3370,324.3,4318,1.6120419754546949,HM,Intercept (LM),valid,FALSE,TRUE,154.0137127703519,0.9814739631492264,0.9800299970200904,0,1.6120419754546949,0.997210223643514,1.743557772897078,HM,Intercept (LM),valid,FALSE,TRUE,242.24894188608425,1.1226047305032565,0.9854542310239668,0,1.743557772897078,0.9988966490842294,valid,scrub,Real time = 9:22:00
44639_RB10_Soil_11,2022-03-19,RB10,surface,soil,soil,LGR3,original,11:42:00,11:44:00,2022,3,dry,29.6,24.5,NA,NA,NA,NA,1680,182.4,2056,2.0253976614648947,HM,SE | AICc | Intercept | nb.obs,valid,FALSE,TRUE,2.1178365225486955,2.0251549236401916,0.7484431165749428,2.9828835225475094e-8,2.0253976614648947,0.7481763846775136,1.2572523483283289,HM,nb.obs,valid,FALSE,TRUE,69.49845366800969,1.1481470529843087,0.999051619445782,5.760076288946289e-35,1.2572523483283289,0.9996786032105496,valid,healthy,bare soil
44639_RB10_Soil_12,2022-03-19,RB10,surface,soil,soil,LGR3,original,11:52:30,11:54:30,2022,3,dry,29.6,24.4,NA,NA,NA,NA,1680,182.4,2056,0.04270408237635643,HM,AICc | p-value | Intercept | nb.obs,valid,FALSE,TRUE,0.32502889689142767,0.04272356795282246,0.03642399223578474,0.2245398450571439,0.04270408237635643,0.036390255809846,1.2332870409836794,HM,nb.obs,valid,FALSE,TRUE,29.05801880405104,1.0000963889442631,0.9950484276848396,6.425557826035573e-19,1.2332870409836794,0.9986414823124248,valid,healthy,bare soil
44639_RB10_Soil_13,2022-03-19,RB10,surface,soil,soil,LGR3,original,11:56:00,11:58:00,2022,3,dry,29.6,24.4,NA,NA,NA,NA,1680,182.4,2056,0.12213204875411948,LM,SE | AICc | g-fact. > 2 | Intercept | nb.obs,valid,FALSE,TRUE,4.0875034057406525,0.12213204875411948,0.4525708471137702,6.911739694689099e-4,0.5362955092640223,0.4728344500246091,1.2700099541049577,HM,nb.obs,valid,FALSE,TRUE,47.19146705585652,1.09346299216406,0.9976401872149216,2.5898849722578346e-25,1.2700099541049577,0.9994083294475032,valid,healthy,n=2
44639_RB10_Soil_14,2022-03-19,RB10,surface,soil,soil,LGR3,original,12:00:30,12:02:30,2022,3,dry,29.6,24.2,NA,NA,NA,NA,1680,182.4,2056,1.483173385925883,HM,nb.obs,valid,FALSE,TRUE,21.12011015281385,1.2768924500673726,0.9948564631023666,9.834489139781002e-26,1.483173385925883,0.9965769912930812,1.2193824017938764,HM,nb.obs,valid,FALSE,TRUE,37.60649655255139,1.0262706882034898,0.9965123647011516,1.6625085060870046e-27,1.2193824017938764,0.9989051599418576,valid,healthy,n=2
44639_RB10_Soil_15,2022-03-19,RB10,surface,soil,soil,LGR3,original,12:10:00,12:13:00,2022,3,dry,29.6,24.3,NA,NA,NA,NA,1680,182.4,2056,3.693283965628044,HM,nb.obs,valid,FALSE,TRUE,37.55630673207945,3.0309768707574185,0.9959399077622548,2.1236156758774932e-24,3.693283965628044,0.9989849299428616,1.4096871250809808,HM,nb.obs,valid,FALSE,TRUE,71.83066857162657,1.1781559180313712,0.9971541347198584,7.257612302823999e-26,1.4096871250809808,0.9997249403728344,valid,healthy,n=3
44639_RB10_Soil_16,2022-03-19,RB10,surface,soil,soil,LGR3,original,12:32:51,12:36:10,2022,3,dry,29.6,24.7,NA,NA,NA,NA,1680,182.4,2056,0.7067865205636766,HM,AICc | nb.obs,valid,FALSE,TRUE,7.777698075866143,0.7040103522915636,0.977284404335942,5.878582518349246e-19,0.7067865205636766,0.977075735389205,1.0813554480494894,HM,nb.obs,valid,FALSE,TRUE,69.86751954225626,1.0206655675779537,0.9994449195854626,6.908260474821951e-36,1.0813554480494894,0.9997008266767724,valid,healthy,bare soil
44639_RB10_Soil_17,2022-03-19,RB10,surface,soil,soil,LGR3,original,12:35:00,12:42:20,2022,3,dry,29.6,24.2,NA,NA,NA,NA,1680,182.4,2056,2.349979022963268,HM,nb.obs,valid,FALSE,TRUE,56.58833593337436,2.0651916010970863,0.9981436300039294,1.248385588663171e-38,2.349979022963268,0.9994060751028592,1.144612546006729,LM,RMSE | MAE | AICc | nb.obs,valid,FALSE,TRUE,259.7034853316598,1.144612546006729,0.9995850185340678,2.0534475683446484e-47,1.1559350201777503,0.9994952162370728,valid,healthy,"bare soil, pnew n=2"
44639_RB10_Soil_18,2022-03-19,RB10,surface,soil,soil,LGR3,original,12:44:38,12:48:03,2022,3,dry,29.6,24.2,NA,NA,NA,NA,1680,182.4,2056,0.22688913578868236,HM,AICc | nb.obs,valid,FALSE,TRUE,2.7618649285164345,0.1292365842485936,0.7846274296289444,1.1674379581317277e-8,0.22688913578868236,0.8027839250371893,1.323906636878473,HM,nb.obs,valid,FALSE,TRUE,71.30377746537934,1.2133181534404034,0.9991362675189204,7.172528887049635e-34,1.323906636878473,0.9997107849269664,valid,healthy,Bare soil
44639_RB10_Soil_19,2022-03-19,RB10,surface,soil,soil,LGR3,original,12:50:02,12:53:00,2022,3,dry,29.6,24.3,NA,NA,NA,NA,1680,182.4,2056,0.1410635624438316,LM,SE | g-fact. > 2 | Intercept (LM) | nb.obs,valid,FALSE,TRUE,2.9504591996811897,0.1410635624438316,0.28852830449685973,0.00855813022310317,1.6287853944764548,0.7746034806928624,1.1379892264364326,HM,nb.obs,valid,FALSE,TRUE,74.57181929729244,1.054224936829811,0.9993120733340904,3.9350646605268655e-30,1.1379892264364326,0.9997705165991768,valid,healthy,Bare soil
44639_RB10_Soil_20,2022-03-19,RB10,surface,soil,soil,LGR3,original,12:54:35,12:57:00,2022,3,dry,29.6,24.2,NA,NA,NA,NA,1680,182.4,2056,1.643699192635511,HM,nb.obs,valid,FALSE,TRUE,13.461910022829684,1.279294637143411,0.9880711857932084,4.710632701762868e-16,1.643699192635511,0.9935284319305266,2.2934034772342327,HM,nb.obs,valid,FALSE,TRUE,64.49024121706609,2.073944732206521,0.9989236746185712,6.858298500973595e-24,2.2934034772342327,0.9997379324300248,valid,healthy,"bare soil, pnew=N=2"
44643_FLM30_Soil_21,2022-03-23,FLM30,surface,soil,soil,LGR3,original,15:30:00,15:32:30,2022,3,dry,31,27.6,NA,NA,NA,NA,3530,324.3,3906,8.904836853314166,HM,nb.obs,valid,FALSE,TRUE,50.67612402111349,7.274303581176818,0.9962027760276492,8.772550482793171e-20,8.904836853314166,0.9995508759797714,2.7233998995324926,HM,nb.obs,valid,FALSE,TRUE,75.55053667639346,2.348816024984346,0.9980368726963816,6.221749085048616e-22,2.7233998995324926,0.9998036534289392,valid,ghost,NA
44643_FLM30_Soil_22,2022-03-23,FLM30,surface,soil,soil,LGR3,original,15:35:55,15:37:35,2022,3,dry,31,27.5,NA,NA,NA,NA,3530,324.3,3906,134.46903896848636,HM,SE | nb.obs,valid,FALSE,TRUE,18.83586866241904,84.64149660047119,0.9775292163682,8.829945695983614e-10,134.46903896848636,0.9974530530392192,6.861002447788268,HM,SE | nb.obs,valid,FALSE,TRUE,42.7954835740477,5.169096123974646,0.9923670833743432,3.970536656032958e-12,6.861002447788268,0.9995493975647552,valid,ghost,chamber slipped
44643_FLM30_Soil_23,2022-03-23,FLM30,surface,soil,soil,LGR3,original,15:39:20,15:41:20,2022,3,dry,31,26.2,NA,NA,NA,NA,3530,324.3,3906,77.65235884754529,LM,SE | g-fact. > 2 | p-value | Intercept (LM) | nb.obs,valid,FALSE,TRUE,1.6561268649504903,77.65235884754529,0.12681267688965003,0.1259145072993261,3460.047679697275,0.9642792251129604,3.329391688787231,HM,nb.obs,valid,FALSE,TRUE,42.24385569352241,2.6098099139521893,0.9944374119289902,5.80111824419561e-14,3.329391688787231,0.9995067849900368,valid,ghost,NA
44643_FLM30_Soil_24,2022-03-23,FLM30,surface,soil,soil,LGR3,original,15:42:45,15:44:45,2022,3,dry,31,26.5,NA,NA,NA,NA,3530,324.3,3906,204.1172749122205,HM,nb.obs,valid,FALSE,TRUE,155.208506870449,185.18201561894784,0.999151942235742,6.705078833842255e-17,204.1172749122205,0.9999688901193092,6.56702771288401,HM,SE | nb.obs,valid,FALSE,TRUE,31.485383493016045,5.296604550027752,0.9952219133326532,3.812367704977374e-13,6.56702771288401,0.99919376517648,valid,ghost,NA
44643_FLM30_Soil_25,2022-03-23,FLM30,surface,soil,soil,LGR3,original,15:47:05,15:49:05,2022,3,dry,31,27.7,NA,NA,NA,NA,3530,324.3,3906,64.06094174444621,HM,SE | nb.obs,valid,FALSE,TRUE,48.88267785352397,56.10421500244236,0.9981453248542168,3.355689328476859e-15,64.06094174444621,0.9996801972560804,5.2116319087736045,HM,nb.obs,valid,FALSE,TRUE,52.75336139331875,4.5599795043981866,0.9981565105617498,3.2556964985567745e-15,5.2116319087736045,0.9997252493330046,valid,ghost,NA
44643_FLM30_Soil_26,2022-03-23,FLM30,surface,soil,soil,LGR3,original,16:05:30,16:07:30,2022,3,dry,31,26.4,NA,NA,NA,NA,3530,324.3,3906,21.861253788309018,LM,RMSE | MAE | SE | AICc | nb.obs,valid,FALSE,TRUE,126.57846383952938,21.861253788309018,0.999126915674955,1.7556671218739995e-21,22.02438548469391,0.9990031018735388,3.0494317783792155,HM,AICc | nb.obs,valid,FALSE,TRUE,63.25212892668983,2.964508515356561,0.9997093491485972,1.3784483565278926e-24,3.0494317783792155,0.9997727635471124,valid,ghost,NA
44643_FLM30_Soil_27,2022-03-23,FLM30,surface,soil,soil,LGR3,original,16:09:30,16:11:30,2022,3,dry,31,27.6,NA,NA,NA,NA,3530,324.3,3906,43.35042348680485,HM,nb.obs,valid,FALSE,TRUE,46.94156694557262,29.229406500702837,0.9857281544319958,1.0365928437827907e-11,43.35042348680485,0.9995616885490456,5.119785526562285,HM,nb.obs,valid,FALSE,TRUE,86.72588468037199,4.380629157263016,0.997780187661522,3.703935519732835e-16,5.119785526562285,0.9998865675511204,valid,ghost,NA
44643_FLM30_Soil_28,2022-03-23,FLM30,surface,soil,soil,LGR3,original,16:12:45,16:14:45,2022,3,dry,31,27.5,NA,NA,NA,NA,3530,324.3,3906,13.74206275590759,HM,SE | nb.obs,valid,FALSE,TRUE,38.32585465249116,10.130179218574948,0.991256987489564,6.254800975633176e-14,13.74206275590759,0.999320138307925,4.415844511098416,HM,nb.obs,valid,FALSE,TRUE,97.00379730334284,3.586005354292346,0.9961591506182306,4.487081667035994e-16,4.415844511098416,0.999899067851066,valid,ghost,NA
44643_FLM30_Soil_29,2022-03-23,FLM30,surface,soil,soil,LGR3,original,16:16:15,16:18:15,2022,3,dry,31,27.6,NA,NA,NA,NA,3530,324.3,3906,39.24667795629772,HM,SE | nb.obs,valid,FALSE,TRUE,21.522005447537637,29.072764920031528,0.9904510258714346,1.0620053608996357e-13,39.24667795629772,0.9978749051780016,4.4212117206135355,HM,nb.obs,valid,FALSE,TRUE,86.43630035986148,3.788993583365596,0.9978683909272046,1.3102413286425009e-17,4.4212117206135355,0.9998779240423066,valid,ghost,NA
44643_FLM30_Soil_30,2022-03-23,FLM30,surface,soil,soil,LGR3,original,16:20:45,16:22:45,2022,3,dry,31,27,NA,NA,NA,NA,3530,324.3,3906,16.7902495065359,HM,SE | nb.obs,valid,FALSE,TRUE,62.79549969199168,15.07908729967725,0.9988254394240036,1.2073130357557804e-20,16.7902495065359,0.999759042278169,3.3676187224101564,HM,nb.obs,valid,FALSE,TRUE,96.94798008547346,3.1041279881243975,0.9993620602340676,2.2835141214456862e-22,3.3676187224101564,0.9999003393421504,valid,ghost,NA
44644_BL60_Soil_31,2022-03-24,BL60,surface,soil,soil,LGR3,original,15:08:30,15:10:30,2022,3,dry,32.95,23.9,NA,NA,NA,NA,3530,324.3,3906,106.14886312331436,HM,SE | nb.obs,valid,FALSE,TRUE,78.43362059617485,94.94609058606842,0.998820262177786,4.1123740684250418e-22,106.14886312331436,0.9998316725865488,22.94487991437869,HM,nb.obs,valid,FALSE,TRUE,68.14229080594069,15.315299783984202,0.9857514037826892,1.5499986090601085e-14,22.94487991437869,0.9997410070671068,valid,regenerating,NA
44644_BL60_Soil_32,2022-03-24,BL60,surface,soil,soil,LGR3,original,15:13:30,15:15:30,2022,3,dry,32.6,24.3,NA,NA,NA,NA,3530,324.3,3906,85.92384971100812,HM,nb.obs,valid,FALSE,TRUE,191.90038600110876,74.56933471378699,0.9983235451982042,1.9040849159463268e-22,85.92384971100812,0.9999696321124584,16.452003831548986,HM,nb.obs,valid,FALSE,TRUE,118.9741763107794,10.38141858995547,0.981717648910546,1.1614380022579253e-14,16.452003831548986,0.99990737857046,valid,regenerating,3 pneum
44644_BL60_Soil_33,2022-03-24,BL60,surface,soil,soil,LGR3,original,15:18:30,15:20:30,2022,3,dry,32.6,24.7,NA,NA,NA,NA,3530,324.3,3906,409.0709409269298,LM,RMSE | MAE | SE | AICc | nb.obs,valid,FALSE,TRUE,136.72070338029684,409.0709409269298,0.9991447302403136,1.2228499098000019e-24,412.1439020593792,0.9990073162446704,15.80983990643197,HM,Intercept (LM) | nb.obs,valid,FALSE,TRUE,89.48403728332173,9.25280653550917,0.9751807719348028,1.153091281175737e-13,15.80983990643197,0.9998307470326324,valid,regenerating,NA
44644_BL60_Soil_34,2022-03-24,BL60,surface,soil,soil,LGR3,original,15:23:00,15:25:00,2022,3,dry,32.6,24.1,NA,NA,NA,NA,3530,324.3,3906,78.11500074968545,LM,g-fact. > 2 | Intercept (LM) | nb.obs,valid,FALSE,TRUE,13.43228446285492,78.11500074968545,0.9276209964111386,5.345016799414065e-9,187.83110596202283,0.9992131341270588,36.40745730740779,HM,Intercept (LM) | nb.obs,valid,FALSE,TRUE,49.545287802443,21.31058458845872,0.9735396879264216,7.567751790898237e-12,36.40745730740779,0.9995107597753788,valid,regenerating,NA
44644_BL60_Soil_35,2022-03-24,BL60,surface,soil,soil,LGR3,original,15:28:30,15:30:30,2022,3,dry,32.6,24.5,NA,NA,NA,NA,3530,324.3,3906,104.6682136757519,HM,nb.obs,valid,FALSE,TRUE,166.7320543146757,86.29630137593371,0.9968172612386726,1.452422202376041e-16,104.6682136757519,0.9999666321371414,21.7132649033601,HM,nb.obs,valid,FALSE,TRUE,102.65330993081793,16.39409563777498,0.9931564063893552,1.4375525972071716e-14,21.7132649033601,0.9999077912325858,valid,regenerating,NA
44644_BL60_Soil_36,2022-03-24,BL60,surface,soil,soil,LGR3,original,15:35:00,15:37:00,2022,3,dry,32.6,24,NA,NA,NA,NA,3530,324.3,3906,84.3166793941692,LM,g-fact. > 2 | Intercept (LM) | nb.obs,valid,FALSE,TRUE,8.897325651391025,84.3166793941692,0.8865729780434646,9.37734959983126e-6,241.08344263539257,0.9994905365204836,15.93672015102571,LM,g-fact. > 2 | Intercept (LM) | nb.obs,valid,FALSE,TRUE,13.568901482657653,15.93672015102571,0.9482174128900762,2.686261987464322e-7,32.71653474218464,0.9997146086659376,valid,regenerating,5-6 pneum
44644_BL60_Soil_37,2022-03-24,BL60,surface,soil,soil,LGR3,original,15:41:30,15:42:30,2022,3,dry,32.6,24,NA,NA,NA,NA,3530,324.3,3906,40.59754412215569,HM,SE | Intercept (LM) | nb.obs,valid,FALSE,TRUE,22.542620300405837,22.226642949846333,0.9655640303578452,1.3273924013573114e-9,40.59754412215569,0.997905624708778,24.946210600273087,HM,nb.obs,valid,FALSE,TRUE,55.37465637807302,15.349073875891005,0.9782876857259296,1.045015367442982e-10,24.946210600273087,0.9996706571316238,valid,regenerating,NA
44644_BL60_Soil_38,2022-03-24,BL60,surface,soil,soil,LGR3,original,15:47:30,15:49:30,2022,3,dry,32.6,24.1,NA,NA,NA,NA,3530,324.3,3906,360.50566616831094,HM,nb.obs,valid,FALSE,TRUE,51.58518123247079,273.2209272848977,0.9927794754609888,3.728962318761207e-11,360.50566616831094,0.9997184454709762,43.150154150885285,HM,nb.obs,valid,FALSE,TRUE,72.44703310881845,31.22922239810846,0.9902758944387666,1.4248038612271058e-10,43.150154150885285,0.99985372559413,valid,regenerating,1 pneum
44644_BL60_Soil_39,2022-03-24,BL60,surface,soil,soil,LGR3,original,15:53:30,15:55:30,2022,3,dry,32.6,24.1,NA,NA,NA,NA,3530,324.3,3906,15.046133896266896,HM,Intercept (LM) | nb.obs,valid,FALSE,TRUE,43.114426239749974,8.89970064189496,0.976176433775892,1.8980453628147147e-15,15.046133896266896,0.999182705640973,10.834822465162729,HM,Intercept (LM) | nb.obs,valid,FALSE,TRUE,61.2085419134071,6.377367410177409,0.9759380226397156,2.065902647316071e-15,10.834822465162729,0.999593456048139,valid,regenerating,3 pneum
44644_BL60_Soil_40,2022-03-24,BL60,surface,soil,soil,LGR3,original,16:00:00,16:02:00,2022,3,dry,30.5,24.6,NA,NA,NA,NA,3530,324.3,3906,46.20731320845088,HM,nb.obs,valid,FALSE,TRUE,74.07573233878072,33.903069551754676,0.9915759213550644,4.4136435964060576e-15,46.20731320845088,0.9998039496850858,35.207046535313545,HM,Intercept (LM) | nb.obs,valid,FALSE,TRUE,54.6878779372891,18.61618325269907,0.9633503268700024,6.31514967741763e-11,35.207046535313545,0.9995803353246424,valid,regenerating,3 pneumataphores
44855_SRS6_Soil_65,2022-10-21,SRS6,surface,soil,soil,LGR3,original,15:01:30,15:08:00,2022,10,wet,16.8,24.2,NA,0,NA,NA,38700,433.7,39648,2.0855090612164178,HM,SE | Intercept,valid,FALSE,TRUE,13.902728533761394,1.5501716940635497,0.8296323099541387,4.792675398496522e-206,2.0855090612164178,0.8346503743823209,1.6395919479628815,HM,SE,valid,FALSE,TRUE,40.44820207693077,1.3929111391012132,0.9766037869365588,0,1.6395919479628815,0.9784840886342844,valid,healthy,NA
44855_SRS6_Soil_66,2022-10-21,SRS6,surface,soil,soil,LGR3,original,15:14:30,15:17:30,2022,10,wet,16.8,23.8,NA,NA,NA,NA,38700,433.7,39648,2.1977416918060526,LM,SE | g-fact. > 2 | Intercept (HM),valid,FALSE,TRUE,25.44575597807833,2.1977416918060526,0.7038606490544812,8.53668378064489e-74,5.223690447272761,0.7449403466043838,1.9673155929296215,HM,SE | Intercept (LM),valid,FALSE,TRUE,17.703152583690137,1.57783226997065,0.940054905090548,7.365437659656648e-168,1.9673155929296215,0.943329691486293,valid,healthy,NA
44855_SRS6_Soil_67,2022-10-21,SRS6,surface,soil,soil,LGR3,original,15:23:00,15:26:00,2022,10,wet,16.8,24.1,NA,NA,NA,NA,38700,433.7,39648,23.19551052413162,HM,SE,valid,FALSE,TRUE,45.27282141474229,18.922850346162683,0.9905390011698134,1.5223715280361038e-200,23.19551052413162,0.9933769282573012,3.3660156449949152,HM,SE | AICc,valid,FALSE,TRUE,24.093486496405554,3.254805176992555,0.978726305005896,4.6975118699804026e-166,3.3660156449949152,0.9788013422444348,valid,healthy,NA
44855_SRS6_Soil_68,2022-10-21,SRS6,surface,soil,soil,LGR3,original,15:30:30,15:32:30,2022,10,wet,16.8,24.2,NA,NA,NA,NA,38700,433.7,39648,28.95900012107941,HM,SE,valid,FALSE,TRUE,36.1775458821036,25.26507139686827,0.9907420244646008,9.921954551732211e-160,28.95900012107941,0.992049498832774,5.095366627508339,HM,SE | AICc,valid,FALSE,TRUE,21.680504269393232,4.963336347463586,0.9792681071506903,1.3602057350347747e-132,5.095366627508339,0.9793073612195836,valid,healthy,NA
44855_SRS6_Soil_69,2022-10-21,SRS6,surface,soil,soil,LGR3,original,15:38:00,15:40:00,2022,10,wet,16.8,23.4,NA,NA,NA,NA,38700,433.7,39648,13.23137899304335,HM,SE,valid,FALSE,TRUE,18.796772062504303,8.750483277505529,0.948394092965354,5.9824092461817976e-120,13.23137899304335,0.9616714074933308,3.266283050125496,HM,SE,valid,FALSE,TRUE,15.16600798508357,2.5590771065477766,0.942078323623171,2.324172851263832e-115,3.266283050125496,0.9462640038484008,valid,healthy,NA
44855_SRS6_Soil_70,2022-10-21,SRS6,surface,soil,soil,LGR3,original,15:45:30,15:47:30,2022,10,wet,16.8,23.5,NA,NA,NA,NA,38700,433.7,39648,24.956553111493765,HM,SE,valid,FALSE,TRUE,51.03004291956164,22.507041059778523,0.9942696635631246,6.942945033090534e-222,24.956553111493765,0.9950128149291037,3.7933127608264217,HM,SE | AICc,valid,FALSE,TRUE,27.65008260560837,3.738417359953095,0.9839702204283074,4.2171433936970376e-178,3.7933127608264217,0.9839381259108452,valid,healthy,NA
44855_SRS6_Soil_71,2022-10-21,SRS6,surface,soil,soil,LGR3,original,15:52:30,15:54:30,2022,10,wet,16.8,23.5,NA,NA,NA,NA,38700,433.7,39648,13.593670406689183,HM,SE | AICc,valid,FALSE,TRUE,23.41019465500348,13.363579299205664,0.9823905211418532,3.290739029143926e-137,13.593670406689183,0.982392837511883,9.03293145551048,HM,SE,valid,FALSE,TRUE,39.107233970487,8.10416481565008,0.9925161345022414,7.949305604749691e-166,9.03293145551048,0.9933224539819454,valid,healthy,NA
44855_SRS6_Soil_72,2022-10-21,SRS6,surface,soil,soil,LGR3,original,16:00:00,16:02:00,2022,10,wet,16.8,23.3,NA,NA,NA,NA,38700,433.7,39648,2.575111547050151,HM,SE | AICc | Intercept,valid,FALSE,TRUE,4.109131307080847,2.5569577896854576,0.6237717093592259,8.561610711610675e-36,2.575111547050151,0.6236697284700825,1.2205514456388344,HM,SE | AICc,valid,FALSE,TRUE,5.194278243325134,0.9948376140969916,0.7038698087799362,4.380572703622431e-44,1.2205514456388344,0.7062461359106205,valid,healthy,NA
44855_SRS6_Soil_73,2022-10-21,SRS6,surface,soil,soil,LGR3,original,16:08:45,16:11:45,2022,10,wet,16.8,23.7,NA,NA,NA,NA,38700,433.7,39648,11.958335621935896,HM,SE,valid,FALSE,TRUE,22.825554899078067,8.481548787432848,0.9621151320473632,1.865752106615527e-151,11.958335621935896,0.9707760446271572,2.207354267971462,HM,SE | AICc,valid,FALSE,TRUE,15.682251337007925,2.0974014404439636,0.947189754033792,2.6345234931089556e-136,2.207354267971462,0.9473643410873313,valid,healthy,NA
44855_SRS6_Soil_74,2022-10-21,SRS6,surface,soil,soil,LGR3,original,16:15:45,16:17:45,2022,10,wet,16.8,23.4,NA,NA,NA,NA,38700,433.7,39648,2.6686539896838224,HM,SE | AICc,valid,FALSE,TRUE,3.725052446395455,2.630205765347689,0.6077066581899857,2.9816196514161756e-30,2.6686539896838224,0.6076897772421017,1.6725157620969742,HM,SE | Intercept,valid,FALSE,TRUE,5.143941126504615,1.1811584361283862,0.7091153895509272,2.5979910274289206e-39,1.6725157620969742,0.7157896611697809,valid,healthy,NA
44855_SRS6_Soil_75,2022-10-21,SRS6,surface,soil,soil,LGR3,original,NA,NA,2022,10,wet,NA,NA,NA,NA,NA,NA,38700,433.7,39648,NA,NA,NA,no_data,FALSE,FALSE,NA,NA,NA,NA,NA,NA,NA,NA,NA,no_data,FALSE,FALSE,NA,NA,NA,NA,NA,NA,no_data,healthy,NA
44997_SRS5_Soil_99,2023-03-12,SRS5,surface,soil,soil,LGR3,original,11:20:00,11:27:00,2023,3,dry,25.86,23.9,NA,0,1016,65.5,12300,433.7,13248,-0.06643176219668126,HM,AICc | Intercept,valid,FALSE,TRUE,1.2253064638281022,-0.06651482569554032,0.02815247753089511,0.00248798646390618,-0.06643176219668126,0.02813788405769657,0.4606075545799336,HM,SE | AICc,valid,FALSE,TRUE,17.6680143266838,0.45848160751073275,0.945803170433438,2.6720477951284078e-183,0.4606075545799336,0.9456235933262028,valid,healthy,"windy, 7 mph gusts"
44997_SRS5_Soil_100,2023-03-12,SRS5,surface,soil,soil,LGR3,original,11:30:00,11:32:00,2023,3,dry,26.166666666666664,23,NA,0,1016.1,68.2,12300,433.7,13248,0.07407532031498022,LM,HM.flux is NA,valid,TRUE,TRUE,1.2655628279031983,0.07407532031498022,0.00404873962158991,0.2076718497862308,NA,NA,1.999305916932016,HM,SE | Intercept (LM),valid,FALSE,TRUE,20.56745847571653,1.2483283332767623,0.95796246023736,2.802890884686869e-103,1.999305916932016,0.9733145638327516,valid,healthy,"windy, 7 mph gusts"
44997_SRS5_Soil_101,2023-03-12,SRS5,surface,soil,soil,LGR3,original,11:36:01,11:38:00,2023,3,dry,26.32,23.5,NA,0,NA,NA,12300,433.7,13248,0.13011701913107887,LM,SE | g-fact. > 2 | Intercept,valid,FALSE,TRUE,5.504578562292566,0.13011701913107887,0.10270011753109498,9.011055813842757e-8,0.4973797751412458,0.13882393442074126,0.7214780804760424,HM,SE | AICc,valid,FALSE,TRUE,22.16230337468424,0.7144518548348228,0.9682813297075304,2.5473988323673335e-193,0.7214780804760424,0.968167222141922,valid,healthy,"windy, 7 mph gusts"
44997_SRS5_Soil_102,2023-03-12,SRS5,surface,soil,soil,LGR3,original,11:52:00,11:54:00,2023,3,dry,27.125,23.7,NA,0,NA,NA,12300,433.7,13248,0.02549225131684001,LM,HM.flux is NA,valid,TRUE,TRUE,0.780122322555135,0.02549225131684001,-0.0017121366125965,0.4361279767654259,NA,NA,0.7124097813845802,HM,SE | AICc,valid,FALSE,TRUE,15.584316200087136,0.7100618443141711,0.9441435361517428,4.836260827544448e-145,0.7124097813845802,0.9439242152877338,valid,healthy,"windy, 7 mph gusts"
44997_SRS5_Soil_103,2023-03-12,SRS5,surface,soil,soil,LGR3,original,12:02:00,12:05:00,2023,3,dry,27.7,23.5,NA,0,1016.2,68.6,12300,433.7,13248,0.1928829084673972,HM,AICc,valid,FALSE,TRUE,2.242259875854676,0.1926514888892142,0.22650698324359653,4.094152669852504e-17,0.1928829084673972,0.22644129055955095,0.6615233181658239,HM,SE | AICc,valid,FALSE,TRUE,22.614978474953,0.6538827649981818,0.967777965283765,3.831274039362574e-205,0.6615233181658239,0.967693726764299,valid,healthy,"windy, 7 mph gusts"
44997_SRS5_Soil_104,2023-03-12,SRS5,surface,soil,soil,LGR3,original,12:11:00,12:13:00,2023,3,dry,27.7,23.5,NA,0,1015.8,73.3,12300,433.7,13248,0.0322878328225561,LM,HM.flux is NA,valid,TRUE,TRUE,0.4403095849193374,0.0322878328225561,-0.00579140057498039,0.6603968461561862,NA,NA,0.9559684152986626,HM,SE | AICc,valid,FALSE,TRUE,11.045192059576877,0.8698485532889687,0.9293930967901528,4.204459500575732e-82,0.9559684152986626,0.9299902126891818,valid,healthy,"windy, 7 mph gusts"
44997_SRS5_Soil_105,2023-03-12,SRS5,surface,soil,soil,LGR3,original,12:19:00,12:21:00,2023,3,dry,28.025,23.5,NA,0,1016,70.4,12300,433.7,13248,1.616391637580712,HM,SE | Intercept (HM),valid,FALSE,TRUE,6.415910460295479,1.1377356901324545,0.6914637481637815,3.7293418291760367e-62,1.616391637580712,0.7005111006252454,1.048239612392372,LM,MAE | SE | AICc,valid,FALSE,TRUE,100.56654470995475,1.048239612392372,0.9771950488614578,3.73789913115636e-195,1.0541506531115628,0.9770055099629072,valid,healthy,"windy, 7 mph gusts"
44997_SRS5_Soil_106,2023-03-12,SRS5,surface,soil,soil,LGR3,original,12:26:30,12:28:30,2023,3,dry,28.22,23.6,NA,0,1016,75.2,12300,433.7,13248,0.18661982924778808,HM,AICc | Intercept,valid,FALSE,TRUE,1.416636659726214,0.18664678826560344,0.11119710119494476,3.9539632204941796e-8,0.18661982924778808,0.11115846203779034,0.8814201434315174,HM,SE,valid,FALSE,TRUE,18.974897773899965,0.7068953358046411,0.9508937784205738,1.5823183314411672e-164,0.8814201434315174,0.9542249642323908,valid,healthy,"windy, 7 mph gusts"
44997_SRS5_Soil_107,2023-03-12,SRS5,surface,soil,soil,LGR3,original,12:36:00,12:38:00,2023,3,dry,28.35,23.5,NA,0,1017.3,74.9,12300,433.7,13248,0.04153452462913602,LM,HM.flux is NA,valid,TRUE,TRUE,0.6580199289947865,0.04153452462913602,-0.00357886194990353,0.5114829345647889,NA,NA,1.1645726919007566,HM,SE,valid,FALSE,TRUE,13.142128723322632,0.9780280245091656,0.9390475858326092,4.1033272116463e-98,1.1645726919007566,0.9409880754528812,valid,healthy,"windy, 7 mph gusts"
44997_SRS5_Soil_108,2023-03-12,SRS5,surface,soil,soil,LGR3,original,12:46:00,12:48:00,2023,3,dry,28.675,23.5,NA,1,1015.3,69.8,12300,433.7,13248,-0.10716061709103009,LM,SE | g-fact. > 2 | Intercept,valid,FALSE,TRUE,2.5511438373256743,-0.10716061709103009,0.02629172151334302,0.01147350605081777,-0.31526991913999675,0.04405257349485914,0.9794748473400264,LM,MAE | SE | AICc,valid,FALSE,TRUE,92.23506576552744,0.9794748473400264,0.9765794713934404,1.1224772084361215e-167,0.9940022640041728,0.9765374738670844,valid,healthy,"windy, 7 mph gusts"
44997_SRS5_Soil_109,2023-03-12,SRS5,surface,soil,soil,LGR3,original,12:54:00,12:56:00,2023,3,dry,28.74,23.4,NA,1,1016.4,92.6,12300,433.7,13248,0.744866502153264,HM,Intercept,valid,FALSE,TRUE,6.083156666447638,0.5101139729448164,0.6522954849119549,1.1947416219445316e-60,0.744866502153264,0.6588780837933531,0.8943537021967913,HM,SE,valid,FALSE,TRUE,27.56363690034282,0.8147199411650254,0.9778827747559892,2.750918282809261e-213,0.8943537021967913,0.9784635876177912,valid,healthy,"windy, 7 mph gusts"
44997_SRS5_Soil_110,2023-03-12,SRS5,surface,soil,soil,LGR3,original,13:03:30,13:05:30,2023,3,dry,29,23.3,NA,0.5,NA,NA,12300,433.7,13248,1.5032666554237497,HM,SE | AICc | Intercept,valid,FALSE,TRUE,4.890427300596927,1.211225012356014,0.7039052525242273,1.4275220976765032e-39,1.5032666554237497,0.7061911492718035,5.199836258811662,HM,SE | Intercept (LM),valid,FALSE,TRUE,40.607174716003904,2.773935319962787,0.9637542700434736,2.1073112063119223e-104,5.199836258811662,0.9928634332042092,valid,healthy,"windy, 7 mph gusts"
44997_SRS5_Soil_111,2023-03-12,SRS5,surface,soil,soil,LGR3,original,13:09:00,13:11:00,2023,3,dry,29,24.8,NA,1,1014.8,71.8,12300,433.7,13248,0.3719820191024188,HM,SE | AICc | Intercept,valid,FALSE,TRUE,1.510367203987965,0.2231814348194863,0.12432756235059884,3.152007134448701e-7,0.3719820191024188,0.12593584894894894,0.8936350469466584,HM,SE | AICc,valid,FALSE,TRUE,19.30942467724166,0.8842059453545696,0.9687316740234552,3.8649415544905346e-145,0.8936350469466584,0.9686250568252548,valid,healthy,"windy, 7 mph gusts"
44997_SRS5_Soil_112,2023-03-12,SRS5,surface,soil,soil,LGR3,original,13:15:30,13:17:30,2023,3,dry,29,23.5,NA,0,1015.1,72.3,12300,433.7,13248,0.09350619176518542,HM,AICc | Intercept,valid,FALSE,TRUE,0.727759906334218,0.09341220638068118,0.0341338674072732,0.00402770610643218,0.09350619176518542,0.03412253694527412,1.2133128218804836,HM,SE,valid,FALSE,TRUE,16.426457805881405,0.9226148872861336,0.942426738082066,2.288538473721767e-132,1.2133128218804836,0.947096530803722,valid,healthy,"windy, 7 mph gusts"
44997_SRS5_Soil_113,2023-03-12,SRS5,surface,soil,soil,LGR3,original,13:25:30,13:27:30,2023,3,dry,29,23.1,NA,2,1015.9,70.6,12300,433.7,13248,0.2617392342665462,HM,AICc | Intercept,valid,FALSE,TRUE,2.702211183494179,0.26127244620827533,0.32462116612835334,1.902008916456648e-22,0.2617392342665462,0.3245283810313898,0.8096940329479649,HM,SE | AICc | Intercept,valid,FALSE,TRUE,8.289482086014164,0.7327679132487208,0.8119495403680814,2.8328802311271843e-89,0.8096940329479649,0.8125291978444849,valid,healthy,"windy, 7 mph gusts"
44997_SRS5_Soil_114,2023-03-12,SRS5,surface,soil,soil,LGR3,original,13:41:00,13:43:00,2023,3,dry,29,23.4,NA,0,1015,69.3,12300,433.7,13248,0.1802692590589279,HM,SE | AICc | Intercept,valid,FALSE,TRUE,1.0542774734681624,0.18002085835112974,0.08374856661473229,3.650948499359111e-5,0.1802692590589279,0.0837209562559631,0.9476927981850188,HM,SE | AICc,valid,FALSE,TRUE,16.37422703448733,0.8771486194632169,0.956842931679506,9.695761022900523e-128,0.9476927981850188,0.9572216535921017,valid,healthy,"windy, 7 mph gusts"
44997_SRS5_Water_115,2023-03-12,SRS5,surface,water,water,LGR3,original,13:53:30,14:03:30,2023,3,dry,29,NA,25.9,NA,NA,NA,3370,324.3,4318,0.7133004029067103,HM,Intercept (LM),valid,FALSE,TRUE,37.01980922145399,0.43366932842209366,0.9531333091545536,0,0.7133004029067103,0.9689224569590564,1.1793896477037558,HM,Intercept (LM),valid,FALSE,TRUE,136.2812984648785,0.7912352994956589,0.986860189232581,0,1.1793896477037558,0.9977359960889732,valid,healthy,NA
44997_SRS5_Water_116,2023-03-12,SRS5,surface,water,water,LGR3,original,14:13:00,14:18:00,2023,3,dry,28.766666666666666,NA,25.9,NA,NA,NA,3370,324.3,4318,1.2485017772300393,HM,NA,valid,FALSE,FALSE,26.481743181719903,0.9711513876401864,0.9656007902338404,3.478344277242779e-226,1.2485017772300393,0.9698473937038568,1.8631133454440665,HM,NA,valid,FALSE,FALSE,140.95701944987206,1.5417041276025123,0.9964367804409467,0,1.8631133454440665,0.99893490742471,valid,healthy,NA
44997_SRS5_Water_117,2023-03-12,SRS5,surface,water,water,LGR3,original,14:24:00,14:29:00,2023,3,dry,28.533333333333335,NA,25.9,10,NA,NA,3370,324.3,4318,0.3024855853508839,HM,AICc,valid,FALSE,TRUE,11.059232170709976,0.2685720033765736,0.8190876301582475,2.71126484931715e-152,0.3024855853508839,0.8198764379572252,0.9415717370693368,HM,NA,valid,FALSE,FALSE,109.01135030797198,0.9045077385066552,0.9977208189424328,0,0.9415717370693368,0.9978300219591734,valid,healthy,NA
44997_SRS5_Water_118,2023-03-12,SRS5,surface,water,water,LGR3,original,14:34:00,14:39:00,2023,3,dry,28.3,NA,25.7,12,NA,NA,3370,324.3,4318,0.24857241684542888,HM,Intercept,valid,FALSE,TRUE,10.990062825472275,0.20525100116369463,0.7848329498171116,8.568955335089571e-161,0.24857241684542888,0.7868407554513397,1.0781181711728156,HM,NA,valid,FALSE,FALSE,169.36195863885996,0.9942080786305252,0.9984729985043862,0,1.0781181711728156,0.998920100794917,valid,healthy,NA
44997_SRS5_Water_119,2023-03-12,SRS5,surface,water,water,LGR3,original,14:48:00,14:53:00,2023,3,dry,28.3,NA,25.5,6,NA,NA,3370,324.3,4318,0.21708693178715815,HM,AICc,valid,FALSE,TRUE,16.062780192067176,0.21510539364834355,0.8791918326985124,1.0684949680112193e-261,0.21708693178715815,0.8790738797848102,1.0434715409432231,HM,NA,valid,FALSE,FALSE,214.25870626124845,1.0191738403962514,0.9991843721176288,0,1.0434715409432231,0.9992213987069374,valid,healthy,NA
45000_CP40_Water_120,2023-03-15,CP40,surface,water,water,LGR3,original,11:00:00,11:15:00,2023,3,dry,22.7,NA,23.7,NA,NA,NA,3370,324.3,4318,2.6503097894434093,HM,NA,valid,FALSE,FALSE,107.75224901301236,2.60711407201461,0.9969556101971428,0,2.6503097894434093,0.9969687937781276,0.4888531301641614,HM,MAE | AICc,valid,FALSE,TRUE,89.57989692324844,0.481328142677693,0.9956940165381264,0,0.4888531301641614,0.9956249504119308,valid,ghost,???
45000_CP40_Water_121,2023-03-15,CP40,surface,water,water,LGR3,original,11:20:00,11:25:00,2023,3,dry,22.7,NA,23.7,NA,NA,NA,3370,324.3,4318,3.5892129817018503,HM,NA,valid,FALSE,FALSE,73.98347010733141,2.85651139609389,0.9919106997773968,0,3.5892129817018503,0.9954922799094702,0.7399794492104591,HM,Intercept (LM),valid,FALSE,TRUE,44.98235621119109,0.6106892131208953,0.9856294688826106,0,0.7399794492104591,0.9881030105679456,valid,ghost,JG & JP
45000_CP40_Water_122,2023-03-15,CP40,surface,water,water,LGR3,original,11:31:00,11:35:00,2023,3,dry,22.7,NA,23.7,NA,NA,NA,3370,324.3,4318,121.79256994225705,LM,SE | g-fact. > 2 | Intercept,valid,FALSE,TRUE,16.743073253688262,121.79256994225705,0.43151140801815246,3.75060646235574e-47,2526.9003207976857,0.9172385265433488,0.3327177795562547,HM,Intercept (LM),valid,FALSE,TRUE,29.33713618039631,0.23667684709099804,0.9611550682649906,3.5797012891132244e-261,0.3327177795562547,0.9690452413818536,valid,ghost,"Plot center, ebulition possible due to sediment disruption"
45000_CP40_Water_123,2023-03-15,CP40,surface,water,water,LGR3,original,11:40:00,11:45:00,2023,3,dry,22.7,NA,23.7,NA,NA,NA,3370,324.3,4318,9.428797957658848,LM,SE | g-fact. > 2 | Intercept (LM),valid,FALSE,TRUE,58.891863831605214,9.428797957658848,0.9215895148837742,8.73295756718177e-165,25.04015434990233,0.9857386341892852,0.21224247492825865,HM,AICc,valid,FALSE,TRUE,20.49390186857433,0.2096633759110847,0.9576838049084296,3.600658417284542e-204,0.21224247492825865,0.9576103175397824,valid,ghost,Real time = 11:04
45000_CP40_Water_124,2023-03-15,CP40,surface,water,water,LGR3,original,11:48:30,11:53:30,2023,3,dry,22.2,NA,23.7,NA,NA,NA,3370,324.3,4318,6.087914996573328,HM,Intercept (LM),valid,FALSE,TRUE,59.66249940346065,3.5762901803754987,0.9736460768737898,1.2508654320948892e-199,6.087914996573328,0.9943625386380448,0.05680987932744675,LM,SE | g-fact. > 2 | Intercept,valid,FALSE,TRUE,16.28120025434062,0.05680987932744675,0.512694663721628,4.014272602386091e-41,0.14503616004572115,0.5549980103081698,valid,ghost,Logging frequency = 15
45000_CP40_Water_125,2023-03-15,CP40,surface,water,water,LGR3,original,12:00:00,12:05:00,2023,3,dry,22.2,NA,23.7,NA,NA,NA,3370,324.3,4318,2.942744488036672,HM,NA,valid,FALSE,FALSE,36.69936053965756,2.780372504162848,0.9911463898947248,5.55405551861844e-189,2.942744488036672,0.9913577190311392,0.16159702898416822,LM,SE | g-fact. > 2 | Intercept (LM),valid,FALSE,TRUE,9.629954868631073,0.16159702898416822,0.3339061071312375,5.3431635779262736e-18,3.5387286152187594,0.888816282423754,valid,ghost,NA
45000_CP40_Water_126,2023-03-15,CP40,surface,water,water,LGR3,original,12:11:00,12:16:00,2023,3,dry,22.2,NA,23.7,NA,NA,NA,3370,324.3,4318,3.722922533404868,HM,NA,valid,FALSE,FALSE,84.06887831066565,2.780960549852152,0.9902369610159836,0,3.722922533404868,0.99588755365661,0.14465329884365452,HM,NA,valid,FALSE,FALSE,17.22744591219949,0.10472493069349184,0.9029336541149304,6.186927672799656e-207,0.14465329884365452,0.9092989433524952,valid,ghost,23.4 C water temp
45000_CP40_Water_127,2023-03-15,CP40,surface,water,water,LGR3,original,12:20:00,12:21:45,2023,3,dry,22.2,NA,23.7,NA,NA,NA,3370,324.3,4318,4.990951303753422,HM,SE | AICc,valid,FALSE,TRUE,6.944455282496978,4.24344508737581,0.6743498471652051,3.4215637212869715e-79,4.990951303753422,0.6758886254459261,0.2118349582644792,HM,SE | AICc,valid,FALSE,TRUE,1.9243351204506325,0.21144949684914116,0.14156245131112943,2.363629935276743e-12,0.2118349582644792,0.14151468237095044,valid,ghost,NA
45000_CP40_Water_128,2023-03-15,CP40,surface,water,water,LGR3,original,12:24:00,12:27:00,2023,3,dry,22.2,NA,23.7,NA,NA,NA,3370,324.3,4318,2.264860303734137,LM,SE | g-fact. > 2 | Intercept,valid,FALSE,TRUE,7.339286797207279,2.264860303734137,0.19094182057364484,3.964656689641923e-12,11.273214891726216,0.2858454218943859,0.23568890511351,HM,AICc,valid,FALSE,TRUE,11.900786261591938,0.2222604489628002,0.9075503425095396,1.6976614455850623e-117,0.23568890511351,0.907763348004872,valid,ghost,NA
45000_CP40_Water_129,2023-03-15,CP40,surface,water,water,LGR3,original,12:30:30,12:33:30,2023,3,dry,22.2,NA,23.7,NA,NA,NA,3370,324.3,4318,5.484896351290752,LM,MAE | SE | g-fact. > 2 | Intercept,valid,FALSE,TRUE,17.82511395472508,5.484896351290752,0.5272455698525762,3.6041202002532095e-48,11.804592400403717,0.5674999052794123,0.32879372027307585,HM,NA,valid,FALSE,FALSE,22.67988307482556,0.3048983244969568,0.9648563008723507,5.058264864476075e-208,0.32879372027307585,0.9652132290347748,valid,ghost,NA
45000_CP40_Water_130,2023-03-15,CP40,surface,water,water,LGR3,original,15:47:00,15:50:00,2023,3,dry,22.65,NA,23.7,NA,NA,NA,3370,324.3,4318,32.920400285510155,HM,SE,valid,FALSE,TRUE,206.66034477897423,30.380606985198597,0.9991989819439964,0,32.920400285510155,0.9996498259177272,1.7005813589798522,HM,NA,valid,FALSE,FALSE,123.2495816221204,1.637712606374051,0.9989402419924908,0,1.7005813589798522,0.9990366839170558,valid,ghost,NA
45000_CP40_Water_131,2023-03-15,CP40,surface,water,water,LGR3,original,16:16:00,16:19:00,2023,3,dry,22.8,NA,23.7,NA,NA,NA,3370,324.3,4318,4.855903363444211,HM,NA,valid,FALSE,FALSE,71.18943199878382,4.604864168823625,0.9972354402355438,7.18906946389388e-262,4.855903363444211,0.9974233542151896,0.2231548802040683,HM,AICc,valid,FALSE,TRUE,10.501742382472262,0.2222072350273412,0.8964260129815242,4.00281265575237e-102,0.2231548802040683,0.8962373984797006,valid,ghost,NA
45001_BL60_Soil_132,2023-03-16,BL60,surface,soil,soil,LGR3,original,12:36:00,12:39:00,2023,3,dry,28.1,20.8,NA,0,NA,NA,12300,433.7,13248,5.866186633344924,HM,SE | Intercept (LM),valid,FALSE,TRUE,64.78538162370249,3.119892617898152,0.9621379936557768,4.073105757002368e-288,5.866186633344924,0.9921008131303476,17.438922191789636,HM,NA,valid,FALSE,FALSE,577.4175796627155,12.758369655328684,0.9929889412684336,0,17.438922191789636,0.9999121660136308,valid,regenerating,NA
45001_BL60_Soil_133,2023-03-16,BL60,surface,soil,soil,LGR3,original,12:51:30,12:54:30,2023,3,dry,28.1,20.8,NA,0,1022.7,66.5,12300,433.7,13248,10.869527684230142,HM,NA,valid,FALSE,FALSE,91.01013937377108,9.797485248964264,0.9975108809041958,2.4104863923286545e-287,10.869527684230142,0.998249498610748,15.818008304046362,HM,SE,valid,FALSE,TRUE,251.25253284003304,12.638771687002988,0.9962584133554552,5.820804869993997e-268,15.818008304046362,0.99975619570456,valid,regenerating,Bear Lake
45001_BL60_Soil_134,2023-03-16,BL60,surface,soil,soil,LGR3,original,13:01:00,13:04:00,2023,3,dry,28.1,21.2,NA,0,1022.7,64.5,12300,433.7,13248,19.863594857921928,HM,SE,valid,FALSE,TRUE,327.3909493966192,18.818122672664007,0.99955494303484,0,19.863594857921928,0.9997560090484494,5.202882025450813,HM,NA,valid,FALSE,FALSE,245.80130909273555,4.678048346323303,0.9987718108243402,0,5.202882025450813,0.999556055467824,valid,regenerating,JG & JP
45001_BL60_Soil_135,2023-03-16,BL60,surface,soil,soil,LGR3,original,13:15:00,13:18:00,2023,3,dry,28.1,21.9,NA,0,1022.7,66.4,12300,433.7,13248,2.4015863901813503,HM,AICc,valid,FALSE,TRUE,23.214154030385355,2.377881549428888,0.9740155701025957,3.822673145998495e-182,2.4015863901813503,0.9739199007553424,5.228940686263406,HM,SE,valid,FALSE,TRUE,129.33354320879403,4.669758008442624,0.9982138488548364,3.9799538624e-297,5.228940686263406,0.9990925552013982,valid,regenerating,System time = 12:50
45001_BL60_Soil_136,2023-03-16,BL60,surface,soil,soil,LGR3,original,13:23:30,13:26:30,2023,3,dry,28.1,21.9,NA,0,1022.6,63.8,12300,433.7,13248,3.184592829789162,HM,SE,valid,FALSE,TRUE,19.629144359966872,2.6311438198598935,0.9642684735595763,4.404207648951315e-141,3.184592829789162,0.9667340564635508,3.912683764407443,LM,RMSE | MAE | SE | AICc,valid,FALSE,TRUE,340.9772145935142,3.912683764407443,0.9983427425525953,4.0265479170974555e-269,3.973842611197711,0.998316676834462,valid,regenerating,Real time = 12:31
45001_BL60_Soil_137,2023-03-16,BL60,surface,soil,soil,LGR3,original,14:00:00,14:07:00,2023,3,dry,28.1,21.8,NA,0,NA,NA,25600,433.7,26548,3.0773312261421766,HM,NA,valid,FALSE,FALSE,90.04913117311052,2.904757135756277,0.9939063356866382,0,3.0773312261421766,0.9941295205486044,4.089942429830879,HM,NA,valid,FALSE,FALSE,300.2628937894077,3.941735419739961,0.9993829159666328,0,4.089942429830879,0.9994745971127208,valid,regenerating,Logging frequency = 1 sec
45001_BL60_Soil_138,2023-03-16,BL60,surface,soil,soil,LGR3,original,14:15:30,14:18:30,2023,3,dry,28.1,21.8,NA,0,1022.1,46,25600,433.7,26548,17.425652099387218,HM,SE,valid,FALSE,TRUE,43.670384091056086,11.204255647222954,0.9775228961975326,7.246526840168828e-182,17.425652099387218,0.991253896455043,3.673605881905974,LM,RMSE | SE | AICc,valid,FALSE,TRUE,181.1619383954161,3.673605881905974,0.9933711990612216,1.1308372104564399e-239,3.726444467275679,0.993332927938654,valid,regenerating,"Weather = sunny, low 80s, light breeze"
45001_BL60_Soil_139,2023-03-16,BL60,surface,soil,soil,LGR3,original,14:23:00,14:26:00,2023,3,dry,28.200000000000003,21.7,NA,0,1021.9,46.4,25600,433.7,26548,2.4926042041151324,HM,SE | AICc,valid,FALSE,TRUE,14.69942677699557,2.461972957341688,0.9290102695497746,1.4077441570586302e-151,2.4926042041151324,0.9289555948793172,5.725550204208432,LM,RMSE | MAE | SE | AICc,valid,FALSE,TRUE,349.0262298742818,5.725550204208432,0.9978620456162578,0,5.803938965979132,0.9978203037147292,valid,regenerating,NA
45001_BL60_Soil_140,2023-03-16,BL60,surface,soil,soil,LGR3,original,14:51:00,14:54:00,2023,3,dry,28.3,21.6,NA,0,1021.6,53.6,25600,433.7,26548,65.14931375737713,HM,SE,valid,FALSE,TRUE,160.34863266619595,43.4441376994944,0.987248297154918,2.0315530585962903e-250,65.14931375737713,0.9992217174059564,4.746741294393842,HM,SE | AICc,valid,FALSE,TRUE,69.74556254192733,4.663409906973475,0.9965808553401856,0,4.746741294393842,0.9965844686061855,valid,regenerating,NA
45001_BL60_Soil_141,2023-03-16,BL60,surface,soil,soil,LGR3,original,15:02:00,15:05:00,2023,3,dry,28.3,21.6,NA,0,1021.6,46,25600,433.7,26548,271.0720083832925,HM,SE,valid,FALSE,TRUE,98.27541361447902,245.05962497677905,0.9979682936910028,2.7888661471247925e-259,271.0720083832925,0.9986777764351408,4.829726817276744,HM,SE,valid,FALSE,TRUE,44.20660561206794,4.364121760073059,0.9927654152315432,1.3177287344013475e-206,4.829726817276744,0.9934975743422026,valid,regenerating,NA
45001_BL60_Soil_142,2023-03-16,BL60,surface,soil,soil,LGR3,original,15:15:00,15:18:00,2023,3,dry,28.3,22.1,NA,0,1021.5,47.5,25600,433.7,26548,52.91704913202886,HM,SE,valid,FALSE,TRUE,92.44267311578184,36.71123471954929,0.9890007128510342,2.3976612647826302e-183,52.91704913202886,0.99838536657348,5.694540754937642,HM,SE,valid,FALSE,TRUE,53.16912431974859,4.853244431683888,0.9938181620487916,1.7018029726275924e-206,5.694540754937642,0.9955755240336184,valid,regenerating,NA
45001_BL60_Soil_143,2023-03-16,BL60,surface,soil,soil,LGR3,original,15:25:00,15:28:00,2023,3,dry,28.3,NA,NA,0,NA,NA,25600,433.7,26548,14.78999853772258,LM,SE | g-fact. > 2 | Intercept (LM),valid,FALSE,TRUE,85.44641744338854,14.78999853772258,0.9587606680308622,5.525158728484615e-219,29.940347711079013,0.9957171063037416,5.061477239770524,HM,SE,valid,FALSE,TRUE,103.30274697768536,4.430534505784887,0.9967752045958588,0,5.061477239770524,0.9980065249644888,valid,regenerating,NA
45005_MI_Soil_157,2023-03-20,MI,surface,soil,soil,LGR3,original,13:25:00,13:27:00,2023,3,dry,26.8,22.3,NA,0,NA,NA,12300,433.7,13248,-1.4406487776138002,LM,RMSE | SE | AICc | Intercept,valid,FALSE,TRUE,7.69543359814368,-1.4406487776138002,0.18353116324018215,2.996689558476284e-13,-1.4448426128854288,0.18271348590377856,-1.521599192316159,HM,MAE | SE,valid,FALSE,TRUE,22.451592711483663,-1.4154932010217487,0.967149344763017,1.3192613532493423e-193,-1.521599192316159,0.9675348135329116,valid,ghost,NA
45005_MI_Soil_158,2023-03-20,MI,surface,soil,soil,LGR3,original,13:31:00,13:33:00,2023,3,dry,26.8,21.3,NA,0,1022.9,63.2,12300,433.7,13248,3.5043055925345614,HM,SE,valid,FALSE,TRUE,19.831093077218373,3.162642861373508,0.9672229453729524,6.530796989790951e-147,3.5043055925345614,0.9679600510024096,-0.8848370507308637,HM,SE,valid,FALSE,TRUE,16.36545584073493,-0.8054312490381577,0.9532492299674434,7.15176967155189e-132,-0.8848370507308637,0.953829115518124,valid,ghost,NA
45005_MI_Soil_159,2023-03-20,MI,surface,soil,soil,LGR3,original,13:36:30,13:38:30,2023,3,dry,26.8,22,NA,0,1023.61,62.5,12300,433.7,13248,3.693156419801299,HM,SE,valid,FALSE,TRUE,21.4348172865958,3.144770479134572,0.9686022176994732,1.6614845723122913e-155,3.693156419801299,0.9704347040189648,-0.8784764419041422,HM,SE | AICc,valid,FALSE,TRUE,17.753972726202964,-0.8115265801081346,0.9586455520881272,2.656305577127135e-143,-0.8784764419041422,0.9590533425013196,valid,ghost,N 25°55.9150 / W 81°39.7026
45005_MI_Soil_160,2023-03-20,MI,surface,soil,soil,LGR3,original,13:43:00,13:45:00,2023,3,dry,26.8,23.1,NA,0,1022.9,51.3,12300,433.7,13248,3.1988150123108654,HM,AICc,valid,FALSE,TRUE,30.009169277467677,3.144987365863797,0.9822324027566708,4.840964904071677e-228,3.1988150123108654,0.9822148598695456,-0.4198785435476608,HM,SE | AICc,valid,FALSE,TRUE,11.15614152871755,-0.3787767503267209,0.8790157423974339,1.5089089577261936e-120,-0.4198785435476608,0.8796181010814244,valid,ghost,JG & AS
45005_MI_Soil_161,2023-03-20,MI,surface,soil,soil,LGR3,original,13:50:00,13:52:00,2023,3,dry,26.8,21,NA,0,1022.7,61.6,12300,433.7,13248,1.4564353336479068,HM,SE | AICc | Intercept,valid,FALSE,TRUE,9.03861354269046,1.455611323766336,0.7988536772812828,1.782830111181804e-116,1.4564353336479068,0.7986004685919522,-0.4922209081798753,LM,MAE | SE | AICc | Intercept,valid,FALSE,TRUE,28.149125840607983,-0.4922209081798753,0.7063478775246018,1.6833105697244315e-89,-0.4993631036121832,0.7054331311471616,valid,ghost,Weather = sunny
45005_MI_Soil_162,2023-03-20,MI,surface,soil,soil,LGR3,original,13:55:00,13:57:00,2023,3,dry,26.8,23.5,NA,0.2,1022.7,58.2,12300,433.7,13248,2.497492050695694,HM,NA,valid,FALSE,FALSE,18.222199294301905,2.04415104103587,0.9552507348926248,3.4805057264817506e-143,2.497492050695694,0.9578337494080316,-0.6730278303629746,HM,SE,valid,FALSE,TRUE,12.607310987872191,-0.514712692595671,0.9085310641632964,9.961669504210531e-111,-0.6730278303629746,0.9132791039365652,valid,ghost,System time = 13:25:00
45005_MI_Soil_163,2023-03-20,MI,surface,soil,soil,LGR3,original,14:00:30,14:02:30,2023,3,dry,26.8,21.9,NA,0,1022.5,51.1,12300,433.7,13248,2.209459447665213,HM,SE | AICc | Intercept (HM),valid,FALSE,TRUE,7.961807391743312,1.9013451991308172,0.8607532449999324,2.5852104636999877e-66,2.209459447665213,0.8620173560713972,-0.6160325948063186,LM,RMSE | SE | AICc,valid,FALSE,TRUE,30.61625631312898,-0.6160325948063186,0.8611309231503714,2.1083257442145064e-66,-0.621515756999001,0.8609149876967894,valid,ghost,Real time = 13:06:00
45005_MI_Soil_164,2023-03-20,MI,surface,soil,soil,LGR3,original,14:06:00,14:08:00,2023,3,dry,26.8,21.7,NA,0,1022.6,45.5,12300,433.7,13248,1.2769146400750868,LM,SE | g-fact. > 2 | Intercept (LM),valid,FALSE,TRUE,8.375198702138068,1.2769146400750868,0.2940494775449761,2.273414696974304e-14,4.732231189845404,0.37544575017405446,-0.1101732198220448,HM,AICc,valid,FALSE,TRUE,4.599038028781808,-0.11004426650293422,0.2185583253516916,1.1401983003920596e-10,-0.1101732198220448,0.21842753743022617,valid,ghost,NA
45005_MI_Soil_165,2023-03-20,MI,surface,soil,soil,LGR3,original,14:11:00,14:13:00,2023,3,dry,26.8,21.7,NA,0,1022.5,48,12300,433.7,13248,1.2805163460955773,HM,SE | Intercept,valid,FALSE,TRUE,6.2370562593528005,0.9640586536207396,0.7486665593666477,1.4021643531105163e-54,1.2805163460955773,0.7535158674836095,-0.17520098415990012,HM,SE | AICc,valid,FALSE,TRUE,2.953202880714666,-0.17439678761453478,0.43900995177574154,5.901971689705763e-24,-0.17520098415990012,0.4389141143713783,valid,ghost,NA
45005_MI_Soil_166,2023-03-20,MI,surface,soil,soil,LGR3,original,14:16:00,14:18:00,2023,3,dry,26.8,21.9,NA,0,1022.4,52.1,12300,433.7,13248,-0.15341772790097025,HM,AICc | p-value | Intercept,valid,FALSE,TRUE,0.759669147236405,-0.1538932911085425,-0.00145599959998032,0.39273582507214255,-0.15341772790097025,-0.00147066099715886,-0.34519347262752365,HM,SE | AICc | Intercept,valid,FALSE,TRUE,6.357298781215686,-0.34327068928284576,0.7684363702743604,6.250172838573143e-60,-0.34519347262752365,0.7680717864783396,valid,ghost,NA
45005_MI_Soil_167,2023-03-20,MI,surface,soil,soil,LGR3,original,14:21:30,14:23:30,2023,3,dry,26.8,21.2,NA,0,1022.5,44.4,12300,433.7,13248,2.0635863373575414,HM,SE | AICc,valid,FALSE,TRUE,7.847340571960732,1.735926886937866,0.8544819999621686,7.06187568565477e-65,2.0635863373575414,0.8561522568981688,-0.49047072711888423,HM,SE | AICc,valid,FALSE,TRUE,7.069179558185424,-0.4870697198562803,0.8398530275005185,9.391487620375572e-62,-0.49047072711888423,0.8397227201603016,valid,ghost,NA
45007_BL60_Water_168,2023-03-16,BL60,surface,water,water,LGR3,rescued,15:08:30,15:10:30,2023,3,dry,26.7,23.9,NA,NA,NA,NA,3370,324.3,4318,0.8164056218304612,LM,SE | g-fact. > 2 | p-value | Intercept,valid,FALSE,TRUE,1.0633012113376172,0.8164056218304612,4.440531665921288e-4,0.28852088755731475,40.820976407033065,0.05861257081332738,0.13434440459905236,LM,SE | g-fact. > 2 | p-value | Intercept,valid,FALSE,TRUE,1.8595068681109916,0.13434440459905236,0.00829044325769512,0.06395751010015187,6.232797505920152,0.19860551293843343,valid,regenerating,3 pneum
45007_BL60_Water_169,2023-03-16,BL60,surface,water,water,LGR3,rescued,15:13:30,15:15:30,2023,3,dry,26.7,24.3,NA,NA,NA,NA,3370,324.3,4318,16.169306775329876,HM,SE | Intercept (LM),valid,FALSE,TRUE,100.398728804449,8.888421842225085,0.9727295140495944,1.001621541154349e-190,16.169306775329876,0.9980293812153856,1.2134706659875314,HM,SE | Intercept,valid,FALSE,TRUE,44.46284007704409,1.0546062286682507,0.9951420539363968,5.1567542142789794e-281,1.2134706659875314,0.9958459480118336,valid,regenerating,RDA & FMA
45007_BL60_Water_170,2023-03-16,BL60,surface,water,water,LGR3,rescued,15:18:30,15:20:30,2023,3,dry,26.7,24.7,NA,NA,NA,NA,3370,324.3,4318,6.51949721642627,HM,Intercept (LM),valid,FALSE,TRUE,69.14085432263137,3.381775351333142,0.9638864071100168,8.577211343996348e-208,6.51949721642627,0.9949974139517012,1.4700265688206546,HM,SE | Intercept,valid,FALSE,TRUE,28.628663105530677,0.9766863674987564,0.9965199634831012,0,1.4700265688206546,0.9976423240418398,valid,regenerating,LGR3 time = 15:20
45007_BL60_Water_171,2023-03-16,BL60,surface,water,water,LGR3,rescued,15:23:00,15:25:00,2023,3,dry,26.7,24.1,NA,NA,NA,NA,3370,324.3,4318,3.939717382792908,LM,g-fact. > 2 | Intercept (LM),valid,FALSE,TRUE,82.06892006592881,3.939717382792908,0.9585783285887406,9.134561091520871e-203,8.08492773265872,0.9963601163422688,1.2058410889895566,HM,NA,valid,FALSE,FALSE,91.27632018634404,1.0108888800440523,0.9957651056011532,0,1.2058410889895566,0.9977676706560324,valid,regenerating,Real time = 15: 16
45007_BL60_Water_172,2023-03-22,BL60,surface,water,water,LGR3,original,15:28:30,15:30:30,2023,3,dry,26.7,24.5,NA,NA,NA,NA,3370,324.3,4318,NA,NA,NA,no_data,FALSE,FALSE,NA,NA,NA,NA,NA,NA,NA,NA,NA,no_data,FALSE,FALSE,NA,NA,NA,NA,NA,NA,no_data,regenerating,NA
45007_BL60_Water_173,2023-03-22,BL60,surface,water,water,LGR3,original,15:35:00,15:37:00,2023,3,dry,26.7,24,NA,NA,NA,NA,3370,324.3,4318,NA,NA,NA,no_data,FALSE,FALSE,NA,NA,NA,NA,NA,NA,NA,NA,NA,no_data,FALSE,FALSE,NA,NA,NA,NA,NA,NA,no_data,regenerating,5 pneum
45007_BL60_Water_174,2023-03-22,BL60,surface,water,water,LGR3,original,15:41:30,15:42:30,2023,3,dry,26.7,24,NA,NA,NA,NA,3370,324.3,4318,NA,NA,NA,no_data,FALSE,FALSE,NA,NA,NA,NA,NA,NA,NA,NA,NA,no_data,FALSE,FALSE,NA,NA,NA,NA,NA,NA,no_data,regenerating,NA
45007_BL60_Water_175,2023-03-22,BL60,surface,water,water,LGR3,original,15:47:30,15:49:30,2023,3,dry,26.7,24.1,NA,NA,NA,NA,3370,324.3,4318,NA,NA,NA,no_data,FALSE,FALSE,NA,NA,NA,NA,NA,NA,NA,NA,NA,no_data,FALSE,FALSE,NA,NA,NA,NA,NA,NA,no_data,regenerating,1 pneum
45007_BL60_Water_176,2023-03-22,BL60,surface,water,water,LGR3,original,15:53:30,15:55:30,2023,3,dry,26.7,24.1,NA,NA,NA,NA,3370,324.3,4318,NA,NA,NA,no_data,FALSE,FALSE,NA,NA,NA,NA,NA,NA,NA,NA,NA,no_data,FALSE,FALSE,NA,NA,NA,NA,NA,NA,no_data,regenerating,3 pneum
45007_BL60_Water_177,2023-03-22,BL60,surface,water,water,LGR3,original,16:00:00,16:02:00,2023,3,dry,28.3,24.6,NA,NA,NA,NA,3370,324.3,4318,NA,NA,NA,no_data,FALSE,FALSE,NA,NA,NA,NA,NA,NA,NA,NA,NA,no_data,FALSE,FALSE,NA,NA,NA,NA,NA,NA,no_data,regenerating,3 pneum
44638_MI_Soil_1,2022-03-18,MI,surface,soil,soil,Picarro,original,13:30:00,13:44:00,2022,3,dry,25.6,26.5,NA,NA,NA,NA,3530,324.3,3871,5.765868481854479,HM,NA,valid,FALSE,FALSE,249.12782972843584,4.960881291465231,0.9980522543232648,9.858504307950186e-283,5.765868481854479,0.9997577287153948,2.557681955629116,HM,SE,valid,FALSE,TRUE,226.0311021284236,2.233741859900476,0.9983258684364956,1.5466305465925323e-289,2.557681955629116,0.999707743489084,valid,ghost,"system time 13:45:00, real time 15:50:00"
44638_MI_Soil_2,2022-03-18,MI,surface,soil,soil,Picarro,original,13:50:00,13:52:00,2022,3,dry,25.6,26.7,NA,NA,NA,NA,3530,324.3,3871,6.736417369503082,HM,SE | AICc | nb.obs,valid,FALSE,TRUE,27.901053728718693,6.633237688548143,0.9972857437297356,3.812856199273688e-44,6.736417369503082,0.9972882775589632,4.073303508391733,HM,SE | AICc | nb.obs,valid,FALSE,TRUE,28.044440078057864,3.9649796724387,0.9972472631024276,4.809907116056624e-44,4.073303508391733,0.9972987099150192,valid,ghost,red
44638_MI_Soil_3,2022-03-18,MI,surface,soil,soil,Picarro,original,13:54:00,13:56:00,2022,3,dry,25.6,27,NA,NA,NA,NA,3530,324.3,3871,5.154361486953451,HM,SE | nb.obs,valid,FALSE,TRUE,54.09698673956029,4.378176240115703,0.9965969155856864,2.923538569428109e-72,5.154361486953451,0.9985993379635916,3.7351167514308954,HM,SE | nb.obs,valid,FALSE,TRUE,64.42840656659823,3.206484294015497,0.9972713144157958,5.3959939447976775e-75,3.7351167514308954,0.9990171898309606,valid,ghost,red
44638_MI_Soil_4,2022-03-18,MI,surface,soil,soil,Picarro,original,14:00:00,14:02:00,2022,3,dry,26.6,27,NA,NA,NA,NA,3530,324.3,3871,5.60362420217869,LM,RMSE | MAE | SE | AICc,valid,FALSE,TRUE,164.05724403400404,5.60362420217869,0.9964088409133656,2.2165100878788318e-119,5.638530164549983,0.9962326483347088,2.589754113433802,HM,SE,valid,FALSE,TRUE,100.14717913139756,2.284756627090878,0.9982445169446078,2.661081181977201e-134,2.589754113433802,0.99935272077206,valid,ghost,red
44638_MI_Soil_5,2022-03-18,MI,surface,soil,soil,Picarro,original,14:12:00,14:14:00,2022,3,dry,26.6,26.6,NA,NA,NA,NA,3530,324.3,3871,2.5602344708408724,HM,SE | AICc | nb.obs,valid,FALSE,TRUE,21.17330830434227,2.5358229265805137,0.994531072897847,8.243180483145801e-45,2.5602344708408724,0.9944331077165804,2.536275641407475,LM,RMSE | SE | AICc | nb.obs,valid,FALSE,TRUE,139.8837739019426,2.536275641407475,0.9980107590384902,3.7180298989285285e-53,2.57140449901637,0.9979704698308228,valid,ghost,red
44638_MI_Soil_6,2022-03-18,MI,surface,soil,soil,Picarro,original,14:16:00,14:18:30,2022,3,dry,26.6,27.6,NA,NA,NA,NA,3530,324.3,3871,2.7865183171113186,HM,SE | AICc | nb.obs,valid,FALSE,TRUE,23.410189404448573,2.7081703260766594,0.9959142115099592,3.253395320239566e-41,2.7865183171113186,0.9959748285151714,4.087831362644475,HM,MAE | SE | nb.obs,valid,FALSE,TRUE,28.3707023514567,3.8573810484572153,0.9969639340357912,2.4222020993437473e-43,4.087831362644475,0.9972137107679374,valid,ghost,white
44638_MI_Soil_7,2022-03-18,MI,surface,soil,soil,Picarro,original,14:23:00,14:25:00,2022,3,dry,26.6,27.5,NA,NA,NA,NA,3530,324.3,3871,2.0633654331060276,HM,NA,valid,FALSE,FALSE,44.82659302685937,1.8606828567793952,0.9971056867655754,4.39200078213222e-78,2.0633654331060276,0.9979029928274102,6.251040791675387,HM,SE,valid,FALSE,TRUE,72.57393299065193,4.815248416921646,0.9939142808761724,2.11990362668146e-68,6.251040791675387,0.9991367514324,valid,ghost,white
44638_MI_Soil_8,2022-03-18,MI,surface,soil,soil,Picarro,original,14:34:00,14:36:00,2022,3,dry,26.6,27.6,NA,NA,NA,NA,3530,324.3,3871,1.9011447860968895,HM,SE | nb.obs,valid,FALSE,TRUE,12.713564382304153,1.211344140250755,0.9688028337370062,2.114737201519152e-27,1.9011447860968895,0.9832210754754482,5.137818117655721,HM,SE | nb.obs,valid,FALSE,TRUE,26.566583931335945,3.7486374609910738,0.9889941417375896,4.254053513413288e-35,5.137818117655721,0.9963467337376506,valid,ghost,white
44638_MI_Soil_9,2022-03-18,MI,surface,soil,soil,Picarro,original,14:39:00,14:41:00,2022,3,dry,26.6,28.1,NA,NA,NA,NA,3530,324.3,3871,2.199671682656972,HM,SE | AICc | nb.obs,valid,FALSE,TRUE,7.192704718688082,2.1927661075778735,0.9775040548940918,1.1651625787605373e-15,2.199671682656972,0.9772808857970312,5.256588298575752,LM,RMSE | SE | AICc | nb.obs,valid,FALSE,TRUE,39.50676493007201,5.256588298575752,0.9885915993755006,3.6128201063431724e-18,5.2909131073767,0.9884442413153524,valid,ghost,white
44638_MI_Soil_10,2022-03-18,MI,surface,soil,soil,Picarro,original,14:44:00,14:46:00,2022,3,dry,26.6,27.6,NA,NA,NA,NA,3530,324.3,3871,2.233935798385401,HM,SE | AICc | nb.obs,valid,FALSE,TRUE,12.207544831821554,2.20537897887969,0.987153472130052,3.415401146189845e-29,2.233935798385401,0.9870978365078228,4.196859358300208,HM,SE | nb.obs,valid,FALSE,TRUE,24.543649594733782,3.648627774408698,0.9950365759631432,3.4939567374535784e-35,4.196859358300208,0.9965535871496478,valid,ghost,white
44851_SRS6_Soil_41,2022-10-17,SRS6,surface,soil,soil,Picarro,original,08:55:47,08:59:00,2022,10,wet,27.1,27.2,NA,0.7,NA,NA,1680,182.4,2593,7.151524882312733,LM,RMSE | SE | AICc,valid,FALSE,TRUE,100.10098853666013,7.151524882312733,0.993849942513982,2.2604743049682628e-69,7.191500152430889,0.9936630568093934,4.2018318025866765,LM,SE | g-fact. > 2 | Intercept,valid,FALSE,TRUE,5.339259769146717,4.2018318025866765,0.3073220945625995,1.455671304428508e-6,40.45427049164108,0.6948029130983605,valid,healthy,NA
44851_SRS6_Soil_42,2022-10-17,SRS6,surface,soil,soil,Picarro,original,09:09:00,09:12:10,2022,10,wet,27.1,27.1,NA,0,NA,NA,1680,182.4,2593,2.035208082792962,HM,SE | Intercept,valid,FALSE,TRUE,12.616554582468291,1.3497660905160438,0.9594019273417788,1.1466164164033163e-43,2.035208082792962,0.97118386024594,-0.7386821004682439,LM,RMSE | MAE | SE | AICc,valid,FALSE,TRUE,50.90204231386892,-0.7386821004682439,0.976989973179308,4.5500925188297e-51,-0.7551127053345628,0.9759687087705848,valid,healthy,NA
44851_SRS6_Soil_43,2022-10-17,SRS6,surface,soil,soil,Picarro,original,09:18:18,09:21:18,2022,10,wet,27.1,27,NA,0.5,NA,NA,1680,182.4,2593,12.170748828746303,HM,SE | nb.obs,valid,FALSE,TRUE,31.848727540401452,8.34793115060769,0.9853395645987296,3.508028067302891e-54,12.170748828746303,0.995704852324654,8.5926135798603,LM,SE | g-fact. > 2 | Intercept | nb.obs,valid,FALSE,TRUE,6.897645929063981,8.5926135798603,0.4453875200340355,4.711207713089611e-9,65.2871306383651,0.798078451990406,valid,healthy,NA
44851_SRS6_Soil_44,2022-10-17,SRS6,surface,soil,soil,Picarro,original,09:44:10,09:47:10,2022,10,wet,27.1,27.2,NA,0,NA,NA,1680,182.4,2593,15.478073711098492,HM,SE | nb.obs,valid,FALSE,TRUE,13.60768870018641,11.459047292477305,0.9807699256915166,2.210944732119399e-28,15.478073711098492,0.987379285771174,2.4290129700398726,HM,SE | nb.obs,valid,FALSE,TRUE,11.353456685175347,1.690946767588098,0.9709075258559584,1.359772224573307e-25,2.4290129700398726,0.9814503956236282,valid,healthy,NA
44851_SRS6_Soil_45,2022-10-17,SRS6,surface,soil,soil,Picarro,original,09:50:30,09:53:30,2022,10,wet,27.1,27.1,NA,0,NA,NA,1680,182.4,2593,11.77509475300089,HM,SE | AICc | nb.obs,valid,FALSE,TRUE,31.86977699525023,11.601727548163938,0.9963955253840444,2.5292692348596385e-70,11.77509475300089,0.9963955438690786,0.1743764850326882,LM,SE | g-fact. > 2 | p-value | Intercept | nb.obs,valid,FALSE,TRUE,0.8047679214334283,0.1743764850326882,-0.00622000448403348,0.4243572380936243,12.529337479311051,0.38403701447439553,valid,healthy,NA
44851_SRS6_Soil_46,2022-10-17,SRS6,surface,soil,soil,Picarro,original,11:51:35,11:55:35,2022,10,wet,26.1,27,NA,0,NA,NA,1680,182.4,2593,3.2471965271574565,HM,SE | AICc | Intercept | nb.obs,valid,FALSE,TRUE,12.676284085431972,3.218737267115902,0.9872038795851036,4.4458351282513456e-32,3.2471965271574565,0.9870998275232332,-2.4873934719931543,HM,SE | AICc | Intercept | nb.obs,valid,FALSE,TRUE,2.224992911214797,-2.287026507731915,0.6903891670238167,7.201159752006314e-10,-2.4873934719931543,0.6908821316013636,valid,healthy,NA
44851_SRS6_Soil_47,2022-10-17,SRS6,surface,soil,soil,Picarro,original,10:30:40,10:33:40,2022,10,wet,27.1,26.8,NA,0,NA,NA,1680,182.4,2593,18.244969511578415,HM,SE | nb.obs,valid,FALSE,TRUE,45.75292545445993,17.580699184840515,0.9982575320825732,1.251431902267649e-73,18.244969511578415,0.9983573120831404,1.3423333129149624,LM,SE | g-fact. > 2 | Intercept | nb.obs,valid,FALSE,TRUE,13.51300319720817,1.3423333129149624,0.7740847301806129,1.2064278816396986e-18,5.475749925899914,0.9561924298288486,valid,healthy,NA
44851_SRS6_Soil_48,2022-10-17,SRS6,surface,soil,soil,Picarro,original,10:56:20,11:00:20,2022,10,wet,27.1,26.8,NA,1,NA,NA,1680,182.4,2593,146.9711802499161,HM,SE | AICc | nb.obs,valid,FALSE,TRUE,2.0272994648552936,114.57677361474413,0.866892260166251,1.6457876896926074e-4,146.9711802499161,0.8710311166917487,0.42669806859720943,HM,SE | AICc | p-value | Intercept | nb.obs,valid,FALSE,TRUE,0.3815577591373849,0.4272692933958974,0.14237552864783076,0.1708893374820908,0.42669806859720943,0.142270500256918,valid,healthy,NA
44851_SRS6_Soil_49,2022-10-17,SRS6,surface,soil,soil,Picarro,original,11:06:00,11:09:00,2022,10,wet,27.1,26.5,NA,0,NA,NA,1680,182.4,2593,3.3377940064440113,HM,SE | AICc | nb.obs,valid,FALSE,TRUE,8.48140960834175,3.3165066794880698,0.9745475448432334,4.429750220870103e-24,3.3377940064440113,0.97438374531242,0.4396571347847816,LM,SE | g-fact. > 2 | Intercept (LM) | nb.obs,valid,FALSE,TRUE,10.789144385977735,0.4396571347847816,0.799176787192687,1.7534961877419282e-11,1.7589037600734467,0.9750769133986475,valid,healthy,NA
44851_SRS6_Soil_50,2022-10-17,SRS6,surface,soil,soil,Picarro,original,11:39:20,11:42:20,2022,10,wet,27.1,26.5,NA,0,NA,NA,1680,182.4,2593,16.178493000254846,HM,SE | AICc | nb.obs,valid,FALSE,TRUE,8.274737608077446,14.419213459874772,0.975497820756872,3.050668122195648e-20,16.178493000254846,0.976614249799767,-2.4826971059396508,LM,SE | g-fact. > 2 | Intercept (HM) | nb.obs,valid,FALSE,TRUE,13.386363367612269,-2.4826971059396508,0.8813025468568042,2.4204276346740867e-12,-5.271874920592317,0.9393207411923148,valid,healthy,NA
44852_FLM30_Water_51,2022-10-18,FLM30,surface,water,water,Picarro,original,08:57:00,09:02:00,2022,10,wet,25.9,NA,NA,10,NA,NA,3370,324.3,4283,12.80561219956108,LM,RMSE | MAE | SE | AICc,valid,FALSE,TRUE,124.18473404738972,12.80561219956108,0.9866281486759622,4.493252718335765e-197,12.95071059010118,0.9865597350711528,0.6161810351945856,LM,RMSE | MAE | SE | AICc | Intercept,valid,FALSE,TRUE,92.39668608546891,0.6161810351945856,0.9761010316282062,7.6272566612918555e-171,0.6185361628811086,0.9758889964382405,valid,ghost,System time = 9:23:00
44852_FLM30_Water_52,2022-10-18,FLM30,surface,water,water,Picarro,original,11:23:00,11:28:00,2022,10,wet,26.725,NA,NA,10,NA,NA,3370,324.3,4283,12.463655009633282,HM,SE,valid,FALSE,TRUE,60.580081474514586,11.8979854580773,0.9978267303740402,1.6055620403932845e-152,12.463655009633282,0.9979761297417518,0.32507816562495373,HM,SE,valid,FALSE,TRUE,23.692208843988865,0.2850277061747677,0.9851907887860176,1.97905025232358e-105,0.32507816562495373,0.9863629242957876,valid,ghost,NA
44852_FLM30_Water_53,2022-10-18,FLM30,surface,water,water,Picarro,original,12:06:00,12:11:00,2022,10,wet,27.357142857142858,NA,NA,10,NA,NA,3370,324.3,4283,13.79745411648802,HM,SE,valid,FALSE,TRUE,45.27014043226035,8.91483898790924,0.9833139233232728,1.6753323703270915e-61,13.79745411648802,0.9973724004549216,0.40474431062567534,HM,SE,valid,FALSE,TRUE,24.27734709641197,0.38056694002758434,0.9921235720844814,1.9971639840451917e-72,0.40474431062567534,0.9923985429675212,valid,ghost,NA
44854_SRS5_Water_54,2022-10-20,SRS5,surface,water,water,Picarro,rescued,12:50:00,12:55:00,2022,10,wet,20.788888888888888,NA,NA,9,NA,NA,3370,324.3,4283,1.083882649017893,HM,NA,valid,FALSE,FALSE,12.514479384638696,0.7028466689441638,0.9028914941256566,7.57247031039362e-97,1.083882649017893,0.915267790937126,0.5684092599828697,HM,NA,valid,FALSE,FALSE,23.356264746329913,0.507368563084112,0.9767642697653178,6.15899294190861e-155,0.5684092599828697,0.9776139660787176,valid,healthy,NA
44854_SRS5_Water_55,2022-10-20,SRS5,surface,water,water,Picarro,rescued,13:01:00,13:05:00,2022,10,wet,20.6,NA,NA,6,NA,NA,3370,324.3,4283,0.12923269153985317,HM,AICc,valid,FALSE,TRUE,2.3158947889757924,0.10905103883478494,0.262051128621706,2.5891449800257015e-16,0.12923269153985317,0.26266331429253875,1.1916024104269147,LM,RMSE | MAE | AICc,valid,FALSE,TRUE,280.0937523314715,1.1916024104269147,0.9972162379401732,9.573269543494812e-281,1.208018816230347,0.9971574017063404,valid,healthy,NA
44854_SRS5_Water_56,2022-10-20,SRS5,surface,water,water,Picarro,rescued,13:11:00,13:20:00,2022,10,wet,20.522222222222226,NA,NA,12,NA,NA,3370,324.3,4283,0.1085458350617071,LM,g-fact. > 2,valid,FALSE,TRUE,9.006493445682304,0.1085458350617071,0.27615392322285914,1.3468755872345882e-16,0.21773383723749004,0.2853406947089495,0.9579274157248155,HM,AICc,valid,FALSE,TRUE,57.193690048004584,0.935124240645154,0.9959099938296736,8.927903323507996e-252,0.9579274157248155,0.9959487543867598,valid,healthy,NA
44859_BL60_Water_81,2022-10-25,BL60,surface,water,water,Picarro,original,10:56:00,10:59:00,2022,10,wet,24.771428571428572,24.2,NA,14,NA,NA,3370,324.3,4283,66.55008846916569,HM,NA,valid,FALSE,FALSE,130.3538550618562,40.81461951379447,0.981373961828659,2.1063237662128135e-102,66.55008846916569,0.999447744725016,2.8261319884751037,HM,SE | Intercept (HM),valid,FALSE,TRUE,35.115164616176365,2.183675176692355,0.988055269858252,1.353097854679124e-113,2.8261319884751037,0.993172002754356,valid,regenerating,NA
44859_BL60_Water_82,2022-10-25,BL60,surface,water,water,Picarro,original,11:13:00,11:19:00,2022,10,wet,24.9,24.3,NA,15,NA,NA,3370,324.3,4283,24.247867658596796,HM,SE,valid,FALSE,TRUE,84.1450717707263,22.539700053867563,0.9985996735031496,5.093291938993501e-159,24.247867658596796,0.9989695351558352,1.8844867512542576,HM,SE,valid,FALSE,TRUE,64.707070757449,1.708870717221496,0.9975828745164362,5.572599723529808e-146,1.8844867512542576,0.9982376900597024,valid,regenerating,NA
44859_BL60_Water_83,2022-10-25,BL60,surface,water,water,Picarro,original,11:28:30,11:32:00,2022,10,wet,24.944444444444443,24.3,NA,14,NA,NA,3370,324.3,4283,40.982857731357555,LM,RMSE | MAE | SE | AICc,valid,FALSE,TRUE,156.21651240108272,40.982857731357555,0.9975880562923464,7.801961698894247e-78,41.26290811573461,0.9974289218661732,2.2110270001978503,LM,RMSE | MAE | SE | AICc,valid,FALSE,TRUE,183.76992168474817,2.2110270001978503,0.9982559540849604,6.435723454378803e-82,2.233585063059249,0.9981454877101406,valid,regenerating,NA
44859_BL60_Water_84,2022-10-25,BL60,surface,water,water,Picarro,original,11:57:30,12:01:30,2022,10,wet,24.96,NA,NA,14,NA,NA,3370,324.3,4283,23.535493088306207,LM,RMSE | MAE | SE | AICc | nb.obs,valid,FALSE,TRUE,155.36166992151362,23.535493088306207,0.9979327097407314,1.1679494842679828e-67,23.748406808049214,0.9978015348287618,1.4220012744909212,LM,MAE | SE | AICc | nb.obs,valid,FALSE,TRUE,132.09773251172973,1.4220012744909212,0.997142663231104,3.245676789312224e-64,1.4679005347906278,0.9972112795420272,valid,regenerating,NA
44859_BL60_Soil_85,2022-10-25,BL60,surface,soil,soil,Picarro,original,12:33:00,12:29:00,2022,10,wet,26.02,NA,NA,0,NA,NA,25600,433.7,26513,8.182957930280054,HM,SE | AICc | nb.obs,valid,FALSE,TRUE,12.936978941781684,8.109367185685281,0.9898951356960194,1.091617395772995e-27,8.182957930280054,0.9897831532190408,2.3947548632300832,HM,SE | AICc | nb.obs,valid,FALSE,TRUE,7.070780986309905,2.1736135910891656,0.9643284744587112,1.4602426925545386e-20,2.3947548632300832,0.9650036624069172,valid,regenerating,NA
