flux_id,date,plot,surface,chamber_id,start_time,end_time,year,month,time_period,air_temp,soil_temp_c,water_temp_c,water_depth_cm,pressure_start,rh_start,Diameter_cm,Height_cm,chamber_volume_cm3,surface_area_cm2,total_system_volume_cm3,CH4_best.flux,CH4_quality.check,CH4_LM.flux,CH4_LM.r2,CH4_LM.p.val,CH4_HM.flux,CH4_HM.r2,CO2_best.flux,CO2_quality.check,CO2_LM.flux,CO2_LM.r2,CO2_LM.p.val,CO2_HM.flux,CO2_HM.r2,analyzer_id,measurement_type,measurement_category,notes
Mar_22_T1_1_RB10_stem,3/19/22,RB10,NA,NA,08:19:00,08:28:00,NA,NA,March_2022,29.6,NA,NA,NA,NA,NA,NA,NA,NA,NA,NA,NA,NA,NA,NA,NA,NA,NA,NA,NA,NA,NA,NA,NA,NA,NA,NA,standard,"Timestamps corrected by -25220 seconds, CH4 focus"
Mar_22_T1_2_RB10_stem,3/19/22,RB10,NA,NA,08:42:00,08:48:00,NA,NA,March_2022,29.6,NA,NA,NA,NA,NA,NA,NA,NA,NA,NA,NA,NA,NA,NA,NA,NA,NA,NA,NA,NA,NA,NA,NA,NA,NA,NA,standard,"Timestamps corrected by -25220 seconds, CH4 focus"
Mar_22_T1_3_RB10_root,3/19/22,RB10,NA,NA,09:00:00,09:05:00,NA,NA,March_2022,29.6,NA,NA,NA,NA,NA,NA,NA,NA,NA,NA,NA,NA,NA,NA,NA,NA,NA,NA,NA,NA,NA,NA,NA,NA,NA,NA,standard,"Timestamps corrected by -25220 seconds, CH4 focus"
Mar_22_T1_4_RB10_root,3/19/22,RB10,NA,NA,09:07:00,09:09:00,NA,NA,March_2022,29.6,NA,NA,NA,NA,NA,NA,NA,NA,NA,NA,NA,NA,NA,NA,NA,NA,NA,NA,NA,NA,NA,NA,NA,NA,NA,NA,standard,"Timestamps corrected by -25220 seconds, CH4 focus"
Mar_22_T1_5_RB10_root,3/19/22,RB10,NA,NA,09:12:00,09:21:00,NA,NA,March_2022,29.6,NA,NA,NA,NA,NA,NA,NA,NA,NA,NA,NA,NA,NA,NA,NA,NA,NA,NA,NA,NA,NA,NA,NA,NA,NA,NA,standard,"Timestamps corrected by -25220 seconds, CH4 focus"
Mar_22_T1_6_RB10_stem,3/19/22,RB10,NA,NA,10:04:00,10:18:00,NA,NA,March_2022,29.6,NA,NA,NA,NA,NA,NA,NA,NA,NA,NA,NA,NA,NA,NA,NA,NA,NA,NA,NA,NA,NA,NA,NA,NA,NA,NA,standard,"Timestamps corrected by -25220 seconds, CH4 focus"
Mar_22_T1_7_RB10_stem,3/19/22,RB10,NA,NA,10:23:00,10:33:00,NA,NA,March_2022,29.6,NA,NA,NA,NA,NA,NA,NA,NA,NA,NA,NA,NA,NA,NA,NA,NA,NA,NA,NA,NA,NA,NA,NA,NA,NA,NA,standard,"Timestamps corrected by -25220 seconds, CH4 focus"
Mar_22_T1_8_RB10_stem,3/19/22,RB10,NA,NA,10:46:00,10:56:00,NA,NA,March_2022,29.6,NA,NA,NA,NA,NA,NA,NA,NA,NA,NA,NA,NA,NA,NA,NA,NA,NA,NA,NA,NA,NA,NA,NA,NA,NA,NA,standard,"Timestamps corrected by -25220 seconds, CH4 focus"
Mar_22_T1_32_SRS6_stem,3/22/22,SRS6,NA,NA,11:46:00,11:56:00,NA,NA,March_2022,25.5,NA,NA,NA,NA,NA,NA,NA,418.99555555555554,107.68,759.9955555555555,0.18032117455454943,NA,0.13465003528258335,0.9596642366248008,1.243909386459141e-134,0.18032117455454943,0.965605600246525,2.0894853787514185,SE,1.7215888958726753,0.9960426301474088,1.9947684870069838e-230,2.0894853787514185,0.998570896041976,NA,NA,standard,"Timestamps corrected by -25220 seconds, CH4 focus"
Mar_22_T1_33_SRS6_stem,3/22/22,SRS6,NA,NA,12:00:00,12:07:00,NA,NA,March_2022,29,NA,NA,NA,NA,NA,NA,NA,1064.6016666666667,213.35,1405.6016666666667,0.2883799012961487,NA,0.2561141474591593,0.9828307715501332,4.397227381896591e-153,0.2883799012961487,0.98380261666033475,2.8914138636420703,RMSE | SE | AICc | Intercept,2.8914138636420703,0.977546962438294,4.0472356508802085e-143,2.9192949956454832,0.977450263487602,NA,NA,standard,"Timestamps corrected by -25220 seconds, CH4 focus"
Mar_22_T1_34_SRS6_stem,3/22/22,SRS6,NA,NA,12:10:00,12:18:00,NA,NA,March_2022,28.6,NA,NA,NA,NA,NA,NA,NA,1064.6016666666667,213.35,1405.6016666666667,0.1789157616736671,Intercept (LM),0.11437254303023302,0.8673291056761642,6.243571300877531e-75,0.1789157616736671,0.8799081491043927,5.340028647570693,SE,4.684029926102039,0.998613287492366,2.2903720723466274e-239,5.340028647570693,0.9998275167737992,NA,NA,standard,"Timestamps corrected by -25220 seconds, CH4 focus"
Mar_22_T1_35_SRS6_stem,3/22/22,SRS6,NA,NA,12:35:00,12:40:00,NA,NA,March_2022,28.9,NA,NA,NA,NA,NA,NA,NA,1064.6016666666667,213.35,1405.6016666666667,0.8149405558664644,NA,0.6966886072188457,0.9943485346911678,3.208389418524269e-184,0.8149405558664644,0.9960927948811508,6.168533558228557,SE,5.5044378746938,0.998873570211044,5.865528285543023e-241,6.168533558228557,0.9997813011636691,NA,NA,standard,"Timestamps corrected by -25220 seconds, CH4 focus"
Mar_22_T1_36_SRS6_stem,3/22/22,SRS6,NA,NA,12:45:00,12:50:00,NA,NA,March_2022,30.1,NA,NA,NA,NA,NA,NA,NA,1064.6016666666667,213.35,1405.6016666666667,0.36053493749724447,NA,0.32720812893845774,0.9811825703245226,6.100345774527198e-129,0.36053493749724447,0.9818081555421124,3.453157917920048,SE,3.2362135306932314,0.9987293200925732,5.598340839418708e-215,3.453157917920048,0.9990221744725328,NA,NA,standard,"Timestamps corrected by -25220 seconds, CH4 focus"
Mar_22_T1_37_SRS6_stem,3/22/22,SRS6,NA,NA,12:55:00,13:00:00,NA,NA,March_2022,30.3,NA,NA,NA,NA,NA,NA,NA,1064.6016666666667,213.35,1405.6016666666667,0.12183602869124124,AICc,0.11855483484536838,0.8999564260838885,1.2861790798717108e-86,0.12183602869124124,0.9000036518289688,3.811692268507971,SE,3.611483655804749,0.9995016240869548,3.269817740063084e-281,3.811692268507971,0.99970210664741,NA,NA,standard,"Timestamps corrected by -25220 seconds, CH4 focus"
Mar_22_T1_38_SRS6_stem,3/22/22,SRS6,NA,NA,13:22:00,13:27:00,NA,NA,March_2022,30.1,NA,NA,NA,NA,NA,NA,NA,1064.6016666666667,213.35,1405.6016666666667,0.48158438477745663,NA,0.4191708391794371,0.98857332779393,4.5859274580344934e-173,0.48158438477745663,0.9899974472861844,3.2551935445060307,SE,2.9325270488563047,0.9990417060453896,8.592681420854608e-268,3.2551935445060307,0.9998361888869972,NA,NA,standard,"Timestamps corrected by -25220 seconds, CH4 focus"
Mar_22_T1_39_SRS6_stem,3/22/22,SRS6,NA,NA,13:40:00,13:47:00,NA,NA,March_2022,26,NA,NA,NA,NA,NA,NA,NA,1064.6016666666667,213.35,1405.6016666666667,0.24570305951055285,NA,0.20846563633748144,0.9770945740379384,6.491359596884804e-117,0.24570305951055285,0.978829068634222,4.327193241720919,SE | Intercept (LM),2.7544748334159137,0.9677921637352072,1.4996514785131902e-106,4.327193241720919,0.9808927454755446,NA,NA,standard,"Timestamps corrected by -25220 seconds, CH4 focus"
Mar_22_T1_52_FLM30_stem,3/23/22,FLM30,NA,NA,10:16:00,10:21:00,NA,NA,March_2022,30.6,NA,NA,NA,NA,NA,NA,NA,1064.6016666666667,213.35,1405.6016666666667,23.07673592865968,SE,19.366502722413117,0.9964570651748976,3.0204977721062974e-182,23.07673592865968,0.9986222401071272,0.9108694687345136,SE | Intercept (LM),0.640448677249284,0.9846706341465892,1.7395837899477437e-135,0.9108694687345136,0.9932156023092346,NA,NA,standard,"Timestamps corrected by -25220 seconds, CH4 focus"
Mar_22_T1_53_FLM30_stem,3/23/22,FLM30,NA,NA,10:34:00,10:40:00,NA,NA,March_2022,30.5,NA,NA,NA,NA,NA,NA,NA,1064.6016666666667,213.35,1405.6016666666667,0.4970078951089279,AICc,0.4935095296855659,0.9823630983091812,5.211408658447073e-131,0.4970078951089279,0.9822090704537534,0.6906508738783222,RMSE | MAE | SE | AICc | Intercept,0.6906508738783222,0.9147728930336088,1.0411966430212692e-80,0.6918219377614918,0.9145203061834212,NA,NA,standard,"Timestamps corrected by -25220 seconds, CH4 focus"
Mar_22_T1_54_FLM30_stem,3/23/22,FLM30,NA,NA,10:48:00,10:53:00,NA,NA,March_2022,30.7,NA,NA,NA,NA,NA,NA,NA,1064.6016666666667,213.35,1405.6016666666667,0.11485677348260794,AICc,0.10076101052280592,0.8441395309507926,6.914219684974177e-51,0.11485677348260794,0.8452082756261918,1.7860958644865053,SE,1.4501856988256303,0.9961666676708748,2.8221848341364206e-148,1.7860958644865053,0.999287337870506,NA,NA,standard,"Timestamps corrected by -25220 seconds, CH4 focus"
Mar_22_T1_55_FLM30_stem,3/23/22,FLM30,NA,NA,11:07:00,11:16:00,NA,NA,March_2022,30.2,NA,NA,NA,NA,NA,NA,NA,1064.6016666666667,213.35,1405.6016666666667,8.528449673562347,MAE | SE | AICc,8.528449673562347,0.97288896608303,3.70405601761012e-59,8.690658542133665,0.9729108303516631,1.1520845690362944,SE,0.9769544019239116,0.9668843201397552,5.512696262513313e-56,1.1520845690362944,0.9687800803434644,NA,NA,standard,"Timestamps corrected by -25220 seconds, CH4 focus"
Mar_22_T1_56_FLM30_stem,3/23/22,FLM30,NA,NA,11:22:00,11:31:00,NA,NA,March_2022,30.3,NA,NA,NA,NA,NA,NA,NA,1064.6016666666667,213.35,1405.6016666666667,3.082674557483106,SE | Intercept (LM),1.850067955904629,0.970103837212178,1.1456931259021871e-60,3.082674557483106,0.9884020805271464,0.629422418886582,SE,0.4418010937644959,0.9816157678675898,8.444277871045913e-69,0.629422418886582,0.9904044226715552,NA,NA,standard,"Timestamps corrected by -25220 seconds, CH4 focus"
Mar_22_T1_57_FLM30_stem,3/23/22,FLM30,NA,NA,11:38:00,11:48:00,NA,NA,March_2022,28.8,NA,NA,NA,NA,NA,NA,NA,1064.6016666666667,213.35,1405.6016666666667,0.1310805816329244,g-fact. > 2 | Intercept (LM),0.1310805816329244,0.8980533176558516,4.3295326524415686e-54,0.3106943214654801,0.9473394178792944,0.7212456198819547,SE,0.4897009048269002,0.987836005077216,1.3908382154154578e-102,0.7212456198819547,0.9987374552821352,NA,NA,standard,"Timestamps corrected by -25220 seconds, CH4 focus"
Mar_22_T1_58_FLM30_CWD,3/23/22,FLM30,NA,NA,12:14:00,12:29:00,NA,NA,March_2022,31,NA,NA,NA,NA,NA,NA,NA,NA,NA,NA,NA,NA,NA,NA,NA,NA,NA,NA,NA,NA,NA,NA,NA,NA,NA,NA,standard,"Timestamps corrected by -25220 seconds, CH4 focus"
Mar_22_T1_59_FLM30_pneumatophore,3/23/22,FLM30,NA,NA,15:54:00,12:59:00,NA,NA,March_2022,31,NA,NA,NA,NA,NA,NA,NA,NA,NA,NA,NA,NA,NA,NA,NA,NA,NA,NA,NA,NA,NA,NA,NA,NA,NA,NA,standard,"Timestamps corrected by -25220 seconds, CH4 focus"
Mar_22_T1_60_FLM30_pneumatophore,3/23/22,FLM30,NA,NA,13:11:00,13:16:00,NA,NA,March_2022,30.866666666666667,NA,NA,NA,NA,NA,NA,NA,NA,NA,NA,NA,NA,NA,NA,NA,NA,NA,NA,NA,NA,NA,NA,NA,NA,NA,NA,standard,"Timestamps corrected by -25220 seconds, CH4 focus"
Mar_22_T1_61_FLM30_pneumatophore,3/23/22,FLM30,NA,NA,13:21:00,13:26:00,NA,NA,March_2022,30.522222222222226,NA,NA,NA,NA,NA,NA,NA,NA,NA,NA,NA,NA,NA,NA,NA,NA,NA,NA,NA,NA,NA,NA,NA,NA,NA,NA,standard,"Timestamps corrected by -25220 seconds, CH4 focus"
Mar_22_T1_62_BL60_stem,3/24/22,BL60,NA,NA,13:22:00,13:26:00,NA,NA,March_2022,30.35,NA,NA,NA,NA,NA,NA,NA,NA,NA,NA,NA,NA,NA,NA,NA,NA,NA,NA,NA,NA,NA,NA,NA,NA,NA,NA,standard,"Timestamps corrected by -25220 seconds, CH4 focus"
Mar_22_T1_63_BL60_stem,3/24/22,BL60,NA,NA,12:32:00,13:36:00,NA,NA,March_2022,30.8,NA,NA,NA,NA,NA,NA,NA,418.99555555555554,107.68,759.9955555555555,18.996550644547035,SE | nb.obs,17.95820214467099,0.9987828919031968,1.5854159541115852e-83,18.996550644547035,0.9990106768345572,4.008323074313805,SE | nb.obs,3.78523654214091,0.9985421041963448,2.48495338547248e-81,4.008323074313805,0.9987779503678051,NA,NA,standard,"Timestamps corrected by -25220 seconds, CH4 focus"
Mar_22_T1_64_BL60_stem,3/24/22,BL60,NA,NA,13:40:00,13:44:00,NA,NA,March_2022,31.47,NA,NA,NA,NA,NA,NA,NA,418.99555555555554,107.68,759.9955555555555,0.07690337652383086,MAE | SE | AICc | g-fact. > 2 | p-value | Intercept (LM),0.07690337652383086,0.00202179663550394,0.2741843852680843,0.4837457535986512,0.01241900218612379,-1.1503948166250006,RMSE | MAE | SE | AICc | Intercept,-1.1503948166250006,0.1429413721665307,4.500146023512592e-5,-1.231217458098447,0.1333125105970293,NA,NA,standard,"Timestamps corrected by -25220 seconds, CH4 focus"
Mar_22_T1_65_BL60_stem,3/24/22,BL60,NA,NA,13:50:00,12:54:00,NA,NA,March_2022,31.317142857142855,NA,NA,NA,NA,NA,NA,NA,418.99555555555554,107.68,759.9955555555555,0.3055766571908472,SE | Intercept (HM),0.20615566196889615,0.8004307031124136,1.5639250066648455e-28,0.3055766571908472,0.8101185189689132,4.163224100639433,SE | Intercept,2.2951233648707348,0.9422376603512485,5.0036405182883575e-49,4.163224100639433,0.9657297691898042,NA,NA,standard,"Timestamps corrected by -25220 seconds, CH4 focus"
Mar_22_T1_66_BL60_stem,3/24/22,BL60,NA,NA,14:00:00,14:05:00,NA,NA,March_2022,30.57742857142857,NA,NA,NA,NA,NA,NA,NA,418.99555555555554,107.68,759.9955555555555,1.6041191052525154,NA,0.9416685010753516,0.973936193962825,4.741101445286917e-105,1.6041191052525154,0.9953319626470284,1.031673163616468,SE | g-fact. > 2 | Intercept (LM),1.031673163616468,0.9611131501035812,9.406114390115652e-94,2.0697451404370137,0.9988696380821376,NA,NA,standard,"Timestamps corrected by -25220 seconds, CH4 focus"
Mar_22_T1_67_BL60_stem,3/24/22,BL60,NA,NA,14:18:30,14:23:30,NA,NA,March_2022,30.4,NA,NA,NA,NA,NA,NA,NA,418.99555555555554,107.68,759.9955555555555,0.9582323090788368,SE,0.7708393776079324,0.9778807728521594,9.727046752798375e-56,0.9582323090788368,0.9812947608544736,1.841292132088634,SE,1.4496315934606323,0.99465949029760925,8.430787606485604e-76,1.841292132088634,0.998885522989283,NA,NA,standard,"Timestamps corrected by -25220 seconds, CH4 focus"
Mar_22_T1_68_BL60_stem,3/24/22,BL60,NA,NA,14:27:30,14:32:30,NA,NA,March_2022,32.11548571428571,NA,NA,NA,NA,NA,NA,NA,418.99555555555554,107.68,759.9955555555555,3.685830318264718,SE,3.0885402638682775,0.9945938951653276,4.427984679701998e-71,3.685830318264718,0.996843035372191,3.3026632776195117,SE,2.3024510848492006,0.988562696907778,3.744194837751832e-61,3.3026632776195117,0.9983046680035036,NA,NA,standard,"Timestamps corrected by -25220 seconds, CH4 focus"
Mar_22_T1_69_BL60_stem,3/24/22,BL60,NA,NA,11:02:00,11:06:00,NA,NA,March_2022,31.3,NA,NA,NA,NA,NA,NA,NA,418.99555555555554,107.68,759.9955555555555,0.10299402904054092,Intercept (LM),0.05896465251105923,0.48027868416957975,1.0979002495270982e-17,0.10299402904054092,0.4929797222242046,4.310266117290035,SE,3.7611086183179183,0.9983490098107364,1.7672343513974211e-156,4.310266117290035,0.999665228653166,NA,NA,standard,"Timestamps corrected by -25220 seconds, CH4 focus"
Mar_22_T1_70_BL60_stem,3/24/22,BL60,NA,NA,11:10:00,11:15:00,NA,NA,March_2022,31.3,NA,NA,NA,NA,NA,NA,NA,418.99555555555554,107.68,759.9955555555555,0.09150028086707793,AICc,0.0651328651937496,0.5655028940689381,5.7043690622186905e-27,0.09150028086707793,0.5711297840605273,4.003857006514049,SE,3.209318901872074,0.9958859462397732,1.0008130072440915e-166,4.003857006514049,0.9994541842494392,NA,NA,standard,"Timestamps corrected by -25220 seconds, CH4 focus"
Mar_22_T1_71_BL60_stem,3/24/22,BL60,NA,NA,11:42:00,11:47:00,NA,NA,March_2022,31.3,NA,NA,NA,NA,NA,NA,NA,NA,NA,NA,NA,NA,NA,NA,NA,NA,NA,NA,NA,NA,NA,NA,NA,NA,NA,NA,standard,"Timestamps corrected by -25220 seconds, CH4 focus"
Mar_22_T1_72_BL60_stem,3/24/22,BL60,NA,NA,11:53:00,11:58:00,NA,NA,March_2022,30.8,NA,NA,NA,NA,NA,NA,NA,418.99555555555554,107.68,759.9955555555555,0.23180537985058025,AICc,0.2308975452617631,0.8502005639252219,1.5308216028496767e-29,0.23180537985058025,0.8500120585061133,2.4617392011457104,SE,2.1611990274127573,0.9978843043529128,1.4957584657614068e-91,2.4617392011457104,0.9990857597253616,NA,NA,standard,"Timestamps corrected by -25220 seconds, CH4 focus"
Mar_22_T1_73_BL60_stem,3/24/22,BL60,NA,NA,13:01:00,13:14:00,NA,NA,March_2022,31.516666666666666,NA,NA,NA,NA,NA,NA,NA,NA,NA,NA,NA,NA,NA,NA,NA,NA,NA,NA,NA,NA,NA,NA,NA,NA,NA,NA,standard,"Timestamps corrected by -25220 seconds, CH4 focus"
Mar_22_T1_74_BL60_stem,3/24/22,BL60,NA,NA,12:04:00,12:09:14,NA,NA,March_2022,30.8,NA,NA,NA,NA,NA,NA,NA,418.99555555555554,107.68,759.9955555555555,0.0760114143223951,AICc | Intercept,0.07088502589405761,0.4450239033383242,4.280331297540296e-10,0.0760114143223951,0.4452011012192493,2.9958112571776607,SE,2.579582269690674,0.9974894583332764,1.867593532733281e-86,2.9958112571776607,0.9991184523937776,NA,NA,standard,"Timestamps corrected by -25220 seconds, CH4 focus"
Mar_22_T1_75_BL60_stem,3/24/22,BL60,NA,NA,12:18:00,12:23:00,NA,NA,March_2022,30.3,NA,NA,NA,NA,NA,NA,NA,418.99555555555554,107.68,759.9955555555555,0.13734503788674704,MAE | Intercept (HM),0.08698441111628101,0.7357270336575547,4.394129012665885e-20,0.13734503788674704,0.7502258677652838,3.127282347148494,SE,2.1268269160959132,0.9851410901619654,1.606178951546194e-59,3.127282347148494,0.9969283372335326,NA,NA,standard,"Timestamps corrected by -25220 seconds, CH4 focus"
Mar_22_T1_76_BL60_root,3/24/22,BL60,NA,NA,12:37:00,12:42:00,NA,NA,March_2022,30.872222222222224,NA,NA,NA,NA,NA,NA,NA,NA,NA,NA,NA,NA,NA,NA,NA,NA,NA,NA,NA,NA,NA,NA,NA,NA,NA,NA,standard,"Timestamps corrected by -25220 seconds, CH4 focus"
Mar_22_T1_77_BL60_stem,3/24/22,BL60,NA,NA,12:56:00,13:01:00,NA,NA,March_2022,31.387777777777774,NA,NA,NA,NA,NA,NA,NA,418.99555555555554,107.68,759.9955555555555,0.25311879227277323,MAE | AICc,0.21885767338814968,0.917895229893775,6.030665562707366e-46,0.25311879227277323,0.9193792874892016,2.0812871256750034,SE,1.3989583603905718,0.9854273554560752,2.2746554172703974e-76,2.0812871256750034,0.9975540260093914,NA,NA,standard,"Timestamps corrected by -25220 seconds, CH4 focus"
Mar_23_286_SRS6_stem,3/10/23,SRS6,NA,NA,16:19:00,16:21:00,NA,NA,March_2023,28.3,NA,NA,NA,NA,NA,NA,NA,418.99555555555554,107.68,1366.9955555555557,-0.5414860851429568,Intercept (HM),-0.3633363967698423,0.6871140159427664,3.6446925496579936e-41,-0.5414860851429568,0.6957804164843749,0.5046040111692218,AICc,0.4979787648198422,0.9772869910316242,1.6062155891890375e-129,0.5046040111692218,0.977210843078837,LGR3,NA,standard,NA
Mar_23_276_SRS6_stem,3/10/23,SRS6,NA,NA,14:20:00,14:23:00,NA,NA,March_2023,30.2,NA,NA,NA,NA,NA,NA,NA,1064.6016666666667,213.35,2012.6016666666667,0.7939416646405358,AICc | Intercept,0.7934866242512187,0.7900067612059305,1.2978135214595015e-88,0.7939416646405358,0.7897463118210962,0.27362192737220964,NA,0.23102235373731897,0.9629664953910428,9.670687374137946e-185,0.27362192737220964,0.964911126686858,LGR3,NA,standard,NA
Mar_23_277_SRS6_stem,3/10/23,SRS6,NA,NA,14:39:30,14:42:30,NA,NA,March_2023,30.2,NA,NA,NA,NA,NA,NA,NA,1064.6016666666667,213.35,2012.6016666666667,0.1766554300710181,AICc,0.16474577315794017,0.4579581376233059,4.361495527133618e-28,0.1766554300710181,0.4581171258149044,0.30570897228964616,AICc,0.30469842675638953,0.9565431303392355,1.1964334973937009e-135,0.30570897228964616,0.9563145139805012,LGR3,NA,standard,NA
Mar_23_278_SRS6_stem,3/10/23,SRS6,NA,NA,14:46:00,14:49:00,NA,NA,March_2023,30.2,NA,NA,NA,NA,NA,NA,NA,1064.6016666666667,213.35,2012.6016666666667,0.6911362570507423,NA,0.5979582871060404,0.9417601859285192,7.666897683050092e-132,0.6911362570507423,0.9431434803023256,0.3897619495781885,AICc,0.3862000998840227,0.983187453571869,1.6551146117751555e-188,0.3897619495781885,0.9830438154041936,LGR3,NA,standard,NA
Mar_23_279_SRS6_root,3/10/23,SRS6,NA,NA,15:00:00,15:03:00,NA,NA,March_2023,30.2,NA,NA,NA,NA,NA,NA,NA,418.99555555555554,107.68,1366.9955555555557,0.00175397764607347,HM.flux is NA,0.00175397764607347,-0.0046554286501963,0.9093711801794232,NA,NA,0.00981590922127354,HM.flux is NA,0.00981590922127354,0.01959820033457249,0.02282846487614276,NA,NA,LGR3,NA,standard,NA
Mar_23_280_SRS6_stem,3/10/23,SRS6,NA,NA,15:16:15,15:19:15,NA,NA,March_2023,28.3,NA,NA,NA,NA,NA,NA,NA,1064.6016666666667,213.35,2012.6016666666667,0.409858710677867,NA,0.21341984043051615,0.7000106619854531,5.125502108281683e-62,0.409858710677867,0.7260676421920678,0.7436299161957922,AICc,0.7261927136765831,0.9967443345461492,5.044596376112436e-287,0.7436299161957922,0.9967728665025456,LGR3,NA,standard,NA
Mar_23_281_SRS6_stem,3/10/23,SRS6,NA,NA,15:25:00,15:28:00,NA,NA,March_2023,28.3,NA,NA,NA,NA,NA,NA,NA,1064.6016666666667,213.35,2012.6016666666667,0.29495635328029784,NA,0.16304266594832645,0.44050301690653226,4.6667449326530605e-24,0.29495635328029784,0.4557958245390741,0.6437378568574865,NA,0.5879350196494895,0.9873319217328228,3.574228382721014e-168,0.6437378568574865,0.9878902304239288,LGR3,NA,standard,NA
Mar_23_282_SRS6_stem,3/10/23,SRS6,NA,NA,15:32:00,15:35:00,NA,NA,March_2023,28.3,NA,NA,NA,NA,NA,NA,NA,1064.6016666666667,213.35,2012.6016666666667,0.12332314390883602,AICc | Intercept,0.12173709390241778,0.45022078657753806,3.0713438743173726e-33,0.12332314390883602,0.4502071043332255,0.6931774616274352,NA,0.6165609787662317,0.9942996204669784,1.6009012814277736e-271,0.6931774616274352,0.9952672215345963,LGR3,NA,standard,NA
Mar_23_283_SRS6_root,3/10/23,SRS6,NA,NA,15:44:00,15:47:00,NA,NA,March_2023,28.3,NA,NA,NA,NA,NA,NA,NA,418.99555555555554,107.68,1366.9955555555557,0.6175199564701465,AICc,0.5842980308774475,0.907735230987046,1.9185686695004953e-127,0.6175199564701465,0.9079414253597828,0.7550350679540159,NA,0.7300890003214688,0.9927034483900868,8.544590313707635e-261,0.7550350679540159,0.9927803479679704,LGR3,NA,standard,NA
Mar_23_284_SRS6_stem,3/10/23,SRS6,NA,NA,16:02:00,16:05:00,NA,NA,March_2023,28.3,NA,NA,NA,NA,NA,NA,NA,418.99555555555554,107.68,1366.9955555555557,1.3282735304567983,NA,0.9772645992358052,0.937150537744432,1.1270146924368224e-100,1.3282735304567983,0.9434088640380696,0.08568124247114763,AICc | Intercept,0.06700524569939978,0.405989304780353,1.6543594574569114e-20,0.08568124247114763,0.4075591481417269,LGR3,NA,standard,NA
Mar_23_285_SRS6_stem,3/10/23,SRS6,NA,NA,16:09:30,16:12:30,NA,NA,March_2023,28.3,NA,NA,NA,NA,NA,NA,NA,418.99555555555554,107.68,1366.9955555555557,0.05222068773996883,AICc | Intercept,0.04927831956917159,0.04158220183917527,0.00310328413585111,0.05222068773996883,0.04160066559699904,0.18168061424382856,NA,0.10392931364620749,0.6826183505885126,1.0705027184462401e-47,0.18168061424382856,0.6986855480240795,LGR3,NA,standard,NA
Mar_23_287_SRS6_root,3/10/23,SRS6,NA,NA,16:27:00,16:30:00,NA,NA,March_2023,28.3,NA,NA,NA,NA,NA,NA,NA,418.99555555555554,107.68,1366.9955555555557,2.8366502251074097,NA,2.368682336868581,0.984433887171656,7.561620107185994e-127,2.8366502251074097,0.9867064083343916,0.3926325774138999,AICc,0.3900157383353202,0.944336034882982,1.1793113823935336e-88,0.3926325774138999,0.9442041637433176,LGR3,NA,standard,NA
Mar_23_288_SRS6_root,3/10/23,SRS6,NA,NA,16:33:30,16:36:30,NA,NA,March_2023,28.3,NA,NA,NA,NA,NA,NA,NA,212.53666666666663,40.45,1160.5366666666666,-0.08771386701751181,SE | AICc | p-value | Intercept,-0.08774384735842418,0.00692384122757461,0.1554327395467437,-0.08771386701751181,0.00691835959152742,0.03690113519063408,HM.flux is NA,0.03690113519063408,0.01584412124184198,0.0672446204540137,NA,NA,LGR3,NA,standard,NA
Mar_23_262_SRS6_stem,3/11/23,SRS6,NA,NA,15:52:15,15:55:15,NA,NA,March_2023,23.6,NA,NA,NA,NA,NA,NA,NA,2190.644,462.19,3138.644,0.01817194799697633,HM.flux is NA,0.01817194799697633,0.00213103616683629,0.2583868804845811,NA,NA,1.1735077861288008,RMSE | MAE | AICc,1.1735077861288008,0.9956254517202742,3.6702256804803154e-160,1.1810470226152754,0.9954522407065124,LGR3,NA,standard,NA
Mar_23_263_SRS6_stem,3/11/23,SRS6,NA,NA,11:54:30,11:57:30,NA,NA,March_2023,26.7,NA,NA,NA,NA,NA,NA,NA,1064.6016666666667,213.35,2012.6016666666667,0.15199842730640167,AICc,0.1508978850905297,0.4356523866691081,1.7653539902267926e-24,0.15199842730640167,0.4355824069334159,1.3114011139774795,NA,1.247479803791527,0.996795888510969,6.655433294661823e-228,1.3114011139774795,0.996966194662132,LGR3,NA,standard,NA
Mar_23_264_SRS6_stem,3/11/23,SRS6,NA,NA,12:08:15,12:11:15,NA,NA,March_2023,26.7,NA,NA,NA,NA,NA,NA,NA,1064.6016666666667,213.35,2012.6016666666667,0.03092717579347911,g-fact. > 2 | Intercept,0.03092717579347911,0.03087931459932147,0.00584356931027077,0.08237019361442245,0.04365605132760264,0.7655915224202714,AICc,0.7534602831599909,0.9951330537530249,3.3826764416373014e-246,0.7655915224202714,0.9951075702070972,LGR3,NA,standard,NA
Mar_23_265_SRS6_stem,3/11/23,SRS6,NA,NA,12:23:30,12:26:30,NA,NA,March_2023,26.7,NA,NA,NA,NA,NA,NA,NA,1064.6016666666667,213.35,2012.6016666666667,0.05322441481502438,AICc | Intercept,0.05311642876372449,0.11749799434878085,9.095757627833228e-8,0.05322441481502438,0.11746679049395858,0.6077573525166031,NA,0.5642020146882614,0.9935021030070372,6.68942239290651e-244,0.6077573525166031,0.9938815946197392,LGR3,NA,standard,NA
Mar_23_266_SRS6_stem,3/11/23,SRS6,NA,NA,12:39:30,12:42:30,NA,NA,March_2023,28.3,NA,NA,NA,NA,NA,NA,NA,1064.6016666666667,213.35,2012.6016666666667,0.25013172304828185,AICc | Intercept,0.23433105534293672,0.6692521949084498,7.593088914938009e-52,0.25013172304828185,0.669439454749094,1.3304304603165031,MAE | AICc,1.312296918500557,0.997225891771748,7.774500387482414e-267,1.3304304603165031,0.9971904518372062,LGR3,NA,standard,NA
Mar_23_267_SRS6_stem,3/11/23,SRS6,NA,NA,12:51:30,12:54:30,NA,NA,March_2023,28.3,NA,NA,NA,NA,NA,NA,NA,1064.6016666666667,213.35,2012.6016666666667,0.2528714391802066,AICc | Intercept,0.2041002597183058,0.5934640478020314,5.426729965412169e-40,0.2528714391802066,0.5955385639237747,1.1869771603057089,NA,1.1283844382476935,0.9976423252827424,4.702531803366307e-257,1.1869771603057089,0.9978176046536272,LGR3,NA,standard,NA
Mar_23_268_SRS6_stem,3/11/23,SRS6,NA,NA,13:04:00,13:07:00,NA,NA,March_2023,28.3,NA,NA,NA,NA,NA,NA,NA,418.99555555555554,107.68,1366.9955555555557,0.8788812963713403,AICc,0.8314705595965775,0.9116968091723396,1.674218467812236e-87,0.8788812963713403,0.9118932664604852,1.256728899855614,NA,1.1789091590150222,0.994795476373222,4.0551289818191927e-187,1.256728899855614,0.9950716574633836,LGR3,NA,standard,NA
Mar_23_269_SRS6_root,3/11/23,SRS6,NA,NA,13:31:30,13:34:30,NA,NA,March_2023,28.3,NA,NA,NA,NA,NA,NA,NA,212.53666666666663,40.45,1160.5366666666666,0.1032538073600483,AICc | Intercept,0.10186470771283272,0.0511019730405915,6.176094828522455e-4,0.1032538073600483,0.05109965208576927,1.2147929687214185,SE,1.0039260192778452,0.9771421227269228,2.1629238614215033e-170,1.2147929687214185,0.9796068829873796,LGR3,NA,standard,NA
Mar_23_270_SRS6_stem,3/11/23,SRS6,NA,NA,14:05:30,14:08:30,NA,NA,March_2023,25.3666666666667,NA,NA,NA,NA,NA,NA,NA,1064.6016666666667,213.35,2012.6016666666667,0.20154174666208372,AICc | Intercept,0.12764010894192687,0.4226814736345331,1.2566573487517803e-25,0.20154174666208372,0.4279219369151034,1.3250653710766676,RMSE | MAE | AICc,1.3250653710766676,0.99854421061203,4.825322830570724e-283,1.3422132160492428,0.9984896910959248,LGR3,NA,standard,NA
Mar_23_271_SRS6_stem,3/11/23,SRS6,NA,NA,14:16:00,14:19:00,NA,NA,March_2023,25.4733333333333,NA,NA,NA,NA,NA,NA,NA,1064.6016666666667,213.35,2012.6016666666667,0.04314375862603174,AICc | Intercept,0.04311520642568719,0.08615230627011217,7.1969480645511605e-6,0.04314375862603174,0.08612396060133098,0.7370420727707345,NA,0.7160783856819066,0.9959524480622364,4.8692677966022334e-257,0.7370420727707345,0.9960094539578572,LGR3,NA,standard,NA
Mar_23_272_SRS6_stem,3/11/23,SRS6,NA,NA,14:27:30,14:30:30,NA,NA,March_2023,25.2914285714286,NA,NA,NA,NA,NA,NA,NA,418.99555555555554,107.68,1366.9955555555557,0.06350811904981317,g-fact. > 2 | Intercept (HM),0.06350811904981317,0.0957887873710297,2.6005106012281387e-6,0.2237774079017067,0.11604778522122094,0.5752738357259061,NA,0.5264400949491569,0.984195965109502,2.4987877757199343e-191,0.5752738357259061,0.9847355820694124,LGR3,NA,standard,NA
Mar_23_275_SRS6_stem,3/11/23,SRS6,NA,NA,15:12:25,15:15:25,NA,NA,March_2023,24.2,NA,NA,NA,NA,NA,NA,NA,2190.644,462.19,3138.644,0.0776532655564461,AICc,0.07764510447274621,0.2158983636057753,6.766544658673481e-10,0.0776532655564461,0.21581582659308285,1.7185363881350286,MAE,1.6041662724473749,0.9970279910253916,1.9116649260873356e-195,1.7185363881350286,0.9973375977852432,LGR3,NA,standard,NA
Mar_23_274_SRS6_stem,3/11/23,SRS6,NA,NA,14:59:30,15:02:30,NA,NA,March_2023,24.2,NA,NA,NA,NA,NA,NA,NA,2190.644,462.19,3138.644,0.36937212486618615,AICc,0.3513529974016218,0.8510847866381099,4.975733024174828e-67,0.36937212486618615,0.8512374824982808,2.218370716757742,RMSE | MAE | AICc,2.218370716757742,0.9985582192124716,3.6369501568808425e-225,2.2476561826170887,0.9984905134176792,LGR3,NA,standard,NA
Mar_23_273_SRS6_stem,3/11/23,SRS6,NA,NA,12:47:30,14:50:30,NA,NA,March_2023,24.2,NA,NA,NA,NA,NA,NA,NA,2190.644,462.19,3138.644,0.182815909817563,AICc | Intercept,0.16130865926869717,0.5365071092161546,1.4665097970219715e-28,0.182815909817563,0.5370912343214844,0.8630917322096024,NA,0.8296008236547376,0.9967144886062944,1.4280040451974862e-199,0.8630917322096024,0.9968221720924024,LGR3,NA,standard,NA
Mar_23_213_SRS5_stem,3/12/23,SRS5,NA,NA,15:45:08,15:48:08,NA,NA,March_2023,27.8,NA,NA,NA,NA,NA,NA,NA,2190.644,462.19,3138.644,0.02986185650418494,AICc | g-fact. > 2 | Intercept,0.02986185650418494,0.04365177412831433,0.00369974167592794,0.06702044786901258,0.04705140217034742,1.9184941057153737,RMSE | MAE | AICc,1.9184941057153737,0.9992914287267534,3.807228059285765e-265,1.9416101372301624,0.999230803909317,LGR3,NA,standard,NA
Mar_23_215_SRS5_stem,3/12/23,SRS5,NA,NA,16:03:00,16:06:00,NA,NA,March_2023,28.1,NA,NA,NA,NA,NA,NA,NA,418.99555555555554,107.68,1366.9955555555557,0.10319378776910663,AICc | Intercept,0.09678301182892136,0.1015518184216062,2.24705580607774e-5,0.10319378776910663,0.10159444376541849,2.0484904376470143,NA,1.8094011708151811,0.9965891335479627,2.8026212080266157e-198,2.0484904376470143,0.997653365799229,LGR3,NA,standard,NA
Mar_23_216_SRS5_stem,3/12/23,SRS5,NA,NA,16:08:17,16:11:17,NA,NA,March_2023,28.1,NA,NA,NA,NA,NA,NA,NA,418.99555555555554,107.68,1366.9955555555557,0.09156674975088314,AICc | Intercept,0.0915322988549276,0.06909662782097714,0.00103357383618997,0.09156674975088314,0.06907215199654548,2.1736361449115114,SE,1.7268622831638551,0.9916139292365668,2.4097759984892607e-144,2.1736361449115114,0.9951906210139808,LGR3,NA,standard,NA
Mar_23_217_SRS5_root,3/12/23,SRS5,NA,NA,16:16:00,16:19:00,NA,NA,March_2023,28.1,NA,NA,NA,NA,NA,NA,NA,418.99555555555554,107.68,1366.9955555555557,0.09788981937548046,AICc | Intercept,0.09777645179189225,0.09460549753545576,8.452950604030318e-5,0.09788981937548046,0.09457400992817144,2.1221119192030176,SE,1.743808171452899,0.9938962134722058,8.967411212347146e-164,2.1221119192030176,0.9966452184693312,LGR3,NA,standard,NA
Mar_23_211_SRS5_stem,3/12/23,SRS5,NA,NA,15:28:00,15:32:00,NA,NA,March_2023,28.3,NA,NA,NA,NA,NA,NA,NA,2190.644,462.19,3138.644,0.02876294814843797,AICc | Intercept,0.02872870344768109,0.08601805268199147,5.312810045162698e-7,0.02876294814843797,0.08599305270338864,2.345828172854735,NA,2.2934388652053004,0.9996633677590386,0,2.345828172854735,0.9996968601731296,LGR3,NA,standard,NA
Mar_23_209_SRS5_stem,3/12/23,SRS5,NA,NA,15:13:00,15:18:00,NA,NA,March_2023,28.3,NA,NA,NA,NA,NA,NA,NA,2190.644,462.19,3138.644,0.08420713501370967,AICc,0.0640244080710589,0.17771478145974295,1.8565780411442294e-9,0.08420713501370967,0.17887419053389586,2.6226158893423603,NA,2.2852625366781325,0.9979501475107876,4.098523702851883e-244,2.6226158893423603,0.9992349312233888,LGR3,NA,standard,NA
Mar_23_212_SRS5_stem,3/12/23,SRS5,NA,NA,15:38:21,15:43:21,NA,NA,March_2023,27.8,NA,NA,NA,NA,NA,NA,NA,2190.644,462.19,3138.644,0.03624082947003407,AICc | Intercept,0.03606808056479476,0.1257797482072711,3.402481322297791e-9,0.03624082947003407,0.12575328641799488,0.8816833554812382,RMSE | MAE | AICc,0.8816833554812382,0.998526312036682,0,0.8933230578521396,0.998442987130802,LGR3,NA,standard,NA
Mar_23_214_SRS5_stem,3/12/23,SRS5,NA,NA,15:49:00,15:54:00,NA,NA,March_2023,27.8,NA,NA,NA,NA,NA,NA,NA,2190.644,462.19,3138.644,0.02190176526570378,AICc | p-value | Intercept,0.0219199719392997,0.01477637009150922,0.06586605890725063,0.02190176526570378,0.01476983090653016,4.502761282584651,RMSE | MAE | AICc,4.502761282584651,0.999688833321588,1.8509159764717918e-284,4.56394447212951,0.9996146400898126,LGR3,NA,standard,NA
Mar_23_210_SRS5_stem,3/12/23,SRS5,NA,NA,15:21:00,15:26:00,NA,NA,March_2023,28.3,NA,NA,NA,NA,NA,NA,NA,2190.644,462.19,3138.644,0.04779915127750959,AICc | Intercept,0.04757340114462632,0.18575624186885664,1.6999786845512065e-13,0.04779915127750959,0.18571892440987656,2.6996975696542367,RMSE | MAE | AICc,2.6996975696542367,0.999560661935336,0,2.7379252599200568,0.9994820388463876,LGR3,NA,standard,NA
Mar_23_179_SRS5_stem,3/13/23,SRS5,NA,NA,14:03:00,14:05:00,NA,NA,March_2023,27.2,NA,NA,NA,NA,NA,NA,NA,418.99555555555554,107.68,1366.9955555555557,0.15511698651332065,AICc,0.15488464649868983,0.1390670374529096,1.1856200443370313e-5,0.15511698651332065,0.13902467233240234,4.0999173793495345,SE,3.8796321523960726,0.998790453325878,4.806678500269284e-180,4.0999173793495345,0.99899747658421445,LGR3,NA,standard,NA
Mar_23_170_SRS5_stem,3/13/23,SRS5,NA,NA,12:33:30,12:36:30,NA,NA,March_2023,26.6,NA,NA,NA,NA,NA,NA,NA,1064.6016666666667,213.35,2012.6016666666667,0.25458077947825875,AICc | Intercept,0.1785048997215994,0.45033010107624005,5.9997720090898354e-24,0.25458077947825875,0.45327099382808667,1.2752924117928277,NA,1.1700521659672958,0.9973015325910668,3.168289738923202e-219,1.2752924117928277,0.997815704844596,LGR3,NA,standard,NA
Mar_23_171_SRS5_stem,3/13/23,SRS5,NA,NA,12:40:00,12:43:00,NA,NA,March_2023,26.6,NA,NA,NA,NA,NA,NA,NA,1064.6016666666667,213.35,2012.6016666666667,0.06379213355813063,AICc,0.06371053789999657,0.07839637556520684,2.925872496436172e-4,0.06379213355813063,0.07837276373914648,2.252494766519283,RMSE | MAE | AICc,2.252494766519283,0.9984727825031592,6.297064285014441e-212,2.2762908537485216,0.9983895913559508,LGR3,NA,standard,NA
Mar_23_172_SRS5_stem,3/13/23,SRS5,NA,NA,13:04:00,13:07:00,NA,NA,March_2023,24.4,NA,NA,NA,NA,NA,NA,NA,2190.644,462.19,3138.644,0.00789413835992541,HM.flux is NA,0.00789413835992541,-0.00436277122081518,0.5212548265876795,NA,NA,3.217754930936419,NA,2.705502779093727,0.9972539950517704,1.034685848309281e-173,3.217754930936419,0.9994037519445008,LGR3,NA,standard,NA
Mar_23_173_SRS5_root,3/13/23,SRS5,NA,NA,13:20:30,13:23:30,NA,NA,March_2023,25.6,NA,NA,NA,NA,NA,NA,NA,212.53666666666663,40.45,1160.5366666666666,0.6500652212615291,SE | Intercept (HM),0.3922701905470246,0.4838959878272824,1.7850279545976795e-30,0.6500652212615291,0.49211838199084823,6.900120761854109,SE,4.5114829048699345,0.9845129129304824,2.2222903319752878e-181,6.900120761854109,0.9980976746132616,LGR3,NA,standard,NA
Mar_23_175_SRS5_root,3/13/23,SRS5,NA,NA,13:32:30,13:35:30,NA,NA,March_2023,26.7,NA,NA,NA,NA,NA,NA,NA,212.53666666666663,40.45,1160.5366666666666,0.9065925907105478,SE | g-fact. > 2 | Intercept (LM),0.9065925907105478,0.603876580234109,5.38021601760391e-33,2.548733797677885,0.6573661817693799,4.881600312446452,SE,3.2325713922217805,0.9828843711285186,3.6809164215849574e-138,4.881600312446452,0.9953875837309146,LGR3,NA,standard,NA
Mar_23_177_SRS5_stem,3/13/23,SRS5,NA,NA,13:45:30,13:48:30,NA,NA,March_2023,26.7,NA,NA,NA,NA,NA,NA,NA,418.99555555555554,107.68,1366.9955555555557,0.13577005074879317,AICc | Intercept,0.13361128938231534,0.31435170162017967,1.394383286692426e-19,0.13577005074879317,0.3143557447727774,3.575134114824704,NA,3.4136724841185497,0.999472608012032,0,3.575134114824704,0.9996176640402192,LGR3,NA,standard,NA
Mar_23_178_SRS5_stem,3/13/23,SRS5,NA,NA,13:55:00,13:58:00,NA,NA,March_2023,27.2,NA,NA,NA,NA,NA,NA,NA,418.99555555555554,107.68,1366.9955555555557,0.21403639873063543,AICc | Intercept,0.21170358936287895,0.3950665092234015,9.630124911520988e-20,0.21403639873063543,0.3950349408213122,5.674401864889539,SE,5.439867431571673,0.9994787261858492,1.046355014478257e-269,5.674401864889539,0.9995997910040254,LGR3,NA,standard,NA
Mar_23_180_SRS5_stem,3/13/23,SRS5,NA,NA,10:56:00,10:59:00,NA,NA,March_2023,27.5,NA,NA,NA,NA,NA,NA,NA,1064.6016666666667,213.35,2012.6016666666667,0.13895769507695138,AICc | Intercept,0.10989098366216044,0.33129713511247094,5.883467408147995e-17,0.13895769507695138,0.33262287486345166,1.2804873695736427,NA,1.2143266697987427,0.997612426294972,1.1798315353791549e-227,1.2804873695736427,0.9978035188098306,LGR3,NA,standard,NA
Mar_23_184_SRS5_root,3/13/23,SRS5,NA,NA,11:36:30,11:39:30,NA,NA,March_2023,26.6,NA,NA,NA,NA,NA,NA,NA,212.53666666666663,40.45,1160.5366666666666,11.24805803869238,SE,7.661875667296257,0.9849830341451382,1.9184046715939415e-185,11.24805803869238,0.9957790871747352,12.593745086887598,SE,7.831478145392356,0.9826023372126148,5.084915447335816e-179,12.593745086887598,0.999211678620038,LGR3,NA,standard,NA
Mar_23_186_SRS5_stem,3/13/23,SRS5,NA,NA,11:51:00,11:54:00,NA,NA,March_2023,26.6,NA,NA,NA,NA,NA,NA,NA,1064.6016666666667,213.35,2012.6016666666667,-0.02939685714154977,AICc | p-value | Intercept,-0.0294362134218921,0.01390523288163114,0.06481204962531331,-0.02939685714154977,0.01389575521848607,1.6684280612109397,NA,1.434477484581908,0.9966382495331992,4.115281478009092e-216,1.6684280612109397,0.998206140950113,LGR3,NA,standard,NA
Mar_23_187_SRS5_stem,3/13/23,SRS5,NA,NA,11:57:00,12:00:00,NA,NA,March_2023,26.6,NA,NA,NA,NA,NA,NA,NA,1064.6016666666667,213.35,2012.6016666666667,0.04478583951010361,AICc | g-fact. > 2 | Intercept (LM),0.04478583951010361,0.04395701431446397,0.00387007942281748,0.12144641151069129,0.05352388055422652,1.696280568601779,NA,1.4847873247634606,0.9965949668284324,1.629468470014781e-204,1.696280568601779,0.997846288397371,LGR3,NA,standard,NA
Mar_23_188_SRS5_root,3/13/23,SRS5,NA,NA,12:03:30,12:06:30,NA,NA,March_2023,26.6,NA,NA,NA,NA,NA,NA,NA,212.53666666666663,40.45,1160.5366666666666,0.3063087105817442,AICc,0.25064570341986053,0.4011129890512074,8.073113730636037e-36,0.3063087105817442,0.4023546908917759,5.14778731533293,NA,4.75522421017905,0.9991839404525978,0,5.14778731533293,0.9996160756360694,LGR3,NA,standard,NA
Mar_23_174_SRS5_stem,3/13/23,SRS5,NA,NA,13:27:00,13:31:00,NA,NA,March_2023,25.8,NA,NA,NA,NA,NA,NA,NA,2190.644,462.19,3138.644,0.0227614824800135,AICc | Intercept,0.02277003509301198,0.02478894378565366,0.0297975176858006,0.0227614824800135,0.02477709732448796,5.020929609091838,NA,4.692117100171996,0.9993801636230514,4.197294326158786e-241,5.020929609091838,0.9996915547092629,LGR3,NA,standard,NA
Mar_23_185_SRS5_stem,3/13/23,SRS5,NA,NA,11:40:00,11:49:00,NA,NA,March_2023,26.6,NA,NA,NA,NA,NA,NA,NA,1064.6016666666667,213.35,2012.6016666666667,2.4007352161110034,SE | Intercept (HM),1.6506661870950057,0.9458158063382014,1.5920018850091558e-61,2.4007352161110034,0.9560364727265942,2.0813297155537067,SE,1.7943414090392966,0.995107565886725,1.2791658629582611e-110,2.0813297155537067,0.9966424966454112,LGR3,NA,standard,NA
Mar_23_169_SRS5_stem,3/13/23,SRS5,NA,NA,12:24:15,12:33:30,NA,NA,March_2023,26.6,NA,NA,NA,NA,NA,NA,NA,1064.6016666666667,213.35,2012.6016666666667,0.2850379976316888,Intercept,0.1667249877395918,0.4401039952200625,1.9114882111064688e-26,0.2850379976316888,0.4507643837188511,1.894391387317616,NA,1.5193655221861455,0.9943564428108072,2.771624611436584e-220,1.894391387317616,0.997724453896359,LGR3,NA,standard,NA
Mar_23_161_CP40_stem,3/15/23,CP40,NA,NA,14:19:00,14:21:00,NA,NA,March_2023,22.2,NA,NA,NA,NA,NA,NA,NA,418.99555555555554,107.68,1366.9955555555557,0.06931119285213835,SE | AICc | g-fact. > 2 | Intercept,0.06931119285213835,0.04152140593374343,0.00761760855490163,0.1851399136522797,0.04780378966197718,0.686238889010578,NA,0.6181763266678361,0.9769513276482648,7.959640392342319e-121,0.686238889010578,0.9777056046689276,LGR3,NA,standard,NA
Mar_23_150_CP40_CWD,3/15/23,CP40,NA,NA,15:14:30,15:17:30,NA,NA,March_2023,22.5,NA,NA,NA,NA,NA,NA,NA,418.99555555555554,107.68,1366.9955555555557,0.07621555104128486,AICc | Intercept,0.07600408086133684,0.0928189139684018,1.9230228712706314e-6,0.07621555104128486,0.09279543878878116,0.6330229448671534,NA,0.572374154476171,0.9871038764794098,6.754897850612409e-213,0.6330229448671534,0.9877821877238696,LGR3,NA,standard,NA
Mar_23_151_CP40_CWD,3/15/23,CP40,NA,NA,15:38:00,15:41:00,NA,NA,March_2023,22.5,NA,NA,NA,NA,NA,NA,NA,418.99555555555554,107.68,1366.9955555555557,0.4062404980794681,Intercept,0.22956348487402495,0.5658111361821767,1.7618907476500975e-36,0.4062404980794681,0.5797187350156303,0.7168670373957783,AICc,0.7072206383533665,0.9900001077046244,3.524664848929867e-192,0.7168670373957783,0.9899304976400628,LGR3,NA,standard,NA
Mar_23_154_CP40_stem,3/15/23,CP40,NA,NA,12:57:00,13:00:00,NA,NA,March_2023,NA,NA,NA,NA,NA,NA,NA,NA,1064.6016666666667,213.35,2012.6016666666667,NA,NA,NA,NA,NA,NA,NA,NA,NA,NA,NA,NA,NA,NA,LGR3,NA,standard,NA
Mar_23_155_CP40_stem,3/15/23,CP40,NA,NA,13:03:30,13:06:30,NA,NA,March_2023,22.2,NA,NA,NA,NA,NA,NA,NA,1064.6016666666667,213.35,2012.6016666666667,0.05117822130752902,AICc | Intercept,0.05101808038746516,0.0577504769074666,0.00105985060375811,0.05117822130752902,0.05773716375779914,1.3921705827315256,RMSE | AICc,1.3718572839170031,0.9964685273144164,3.239681934061939e-203,1.3921705827315256,0.9964375428814424,LGR3,NA,standard,NA
Mar_23_156_CP40_stem,3/15/23,CP40,NA,NA,13:12:00,13:15:00,NA,NA,March_2023,22.2,NA,NA,NA,NA,NA,NA,NA,1064.6016666666667,213.35,2012.6016666666667,0.02523110874073136,AICc | Intercept,0.01366238091018773,0.01232795038027012,0.03151022221635276,0.02523110874073136,0.01529224041823906,1.3481977372713427,NA,1.196233746345713,0.9980919789888936,0,1.3481977372713427,0.9990782862305004,LGR3,NA,standard,NA
Mar_23_157_CP40_stem,3/15/23,CP40,NA,NA,13:35:00,13:38:00,NA,NA,March_2023,22.2,NA,NA,NA,NA,NA,NA,NA,1064.6016666666667,213.35,2012.6016666666667,0.8440127059141772,AICc,0.8354205365617895,0.9473360477685034,3.5503411749288606e-110,0.8440127059141772,0.9472131758128765,1.5333853684687355,AICc,1.507701200629597,0.9983192145658852,1.3396555109254955e-236,1.5333853684687355,0.9983300379164888,LGR3,NA,standard,NA
Mar_23_158_CP40_stem,3/15/23,CP40,NA,NA,13:41:00,13:44:00,NA,NA,March_2023,22.2,NA,NA,NA,NA,NA,NA,NA,1064.6016666666667,213.35,2012.6016666666667,0.8799048200695342,NA,0.8146923675185597,0.9795774337880188,9.143544009773304e-245,0.8799048200695342,0.9799720476179208,1.1216838453992002,NA,1.0530239469617355,0.9982538201174864,0,1.1216838453992002,0.99852712428615,LGR3,NA,standard,NA
Mar_23_160_CP40_stem,3/15/23,CP40,NA,NA,14:10:00,14:13:00,NA,NA,March_2023,22.2,NA,NA,NA,NA,NA,NA,NA,418.99555555555554,107.68,1366.9955555555557,0.04820807379249176,SE | AICc | g-fact. > 2 | p-value | Intercept,0.04820807379249176,0.01065658718001194,0.0809105238784198,0.1360098478267437,0.01768101331660554,0.4852435580120004,NA,0.4188673811114305,0.9649720724098954,6.52450861401445e-142,0.4852435580120004,0.966452721040578,LGR3,NA,standard,NA
Mar_23_162_CP40_stem,3/15/23,CP40,NA,NA,14:24:00,14:27:00,NA,NA,March_2023,22.2,NA,NA,NA,NA,NA,NA,NA,418.99555555555554,107.68,1366.9955555555557,0.09176114909613071,AICc,0.09148450514685662,0.26154611880314904,1.507206907684372e-20,0.09176114909613071,0.26148409016951524,0.6355312848276159,NA,0.6005726973255154,0.9937235377477962,8.686083421470001e-292,0.6355312848276159,0.99394423425107,LGR3,NA,standard,NA
Mar_23_163_CP40_stem,3/15/23,CP40,NA,NA,14:45:00,14:48:00,NA,NA,March_2023,22.2,NA,NA,NA,NA,NA,NA,NA,212.53666666666663,40.45,1160.5366666666666,19.22439325597952,SE,14.058129348785176,0.9816238830536403,3.729887500822314e-226,19.22439325597952,0.9892050419083503,1.0065645448873524,SE,0.6771413265224444,0.9540126956951086,9.319232437565855e-175,1.0065645448873524,0.9652583027637316,LGR3,NA,standard,NA
Mar_23_164_CP40_stem,3/15/23,CP40,NA,NA,14:53:00,14:56:00,NA,NA,March_2023,22.2,NA,NA,NA,NA,NA,NA,NA,212.53666666666663,40.45,1160.5366666666666,0.2074467793758124,SE | g-fact. > 2 | Intercept,0.2074467793758124,0.24779487882228268,1.8058456935864365e-19,0.9405017933659632,0.2967305129191432,1.0845878762370051,SE,0.8263279468502837,0.9749308639128288,8.76140300209184e-229,1.0845878762370051,0.9800485572054008,LGR3,NA,standard,NA
Mar_23_165_CP40_stem,3/15/23,CP40,NA,NA,15:01:00,15:04:00,NA,NA,March_2023,22.2,NA,NA,NA,NA,NA,NA,NA,212.53666666666663,40.45,1160.5366666666666,0.03570926238757466,HM.flux is NA,0.03570926238757466,0.00555792068533955,0.10544186019841044,NA,NA,0.5382229715682122,SE,0.483822109123232,0.9551219810280132,4.55915270250948e-199,0.5382229715682122,0.9558487732237692,LGR3,NA,standard,NA
Mar_23_166_CP40_stem,3/15/23,CP40,NA,NA,15:51:00,15:54:00,NA,NA,March_2023,22.8,NA,NA,NA,NA,NA,NA,NA,1064.6016666666667,213.35,2012.6016666666667,23.454920192314077,NA,21.580904577670307,0.9991225112615532,3.693840302318638e-271,23.454920192314077,0.999607275680352,1.187333348284622,NA,1.151974748443467,0.9982939647271202,9.491683234244977e-246,1.187333348284622,0.9983560930619356,LGR3,NA,standard,NA
Mar_23_167_CP40_stem,3/15/23,CP40,NA,NA,15:57:00,16:00:00,NA,NA,March_2023,22.8,NA,NA,NA,NA,NA,NA,NA,1064.6016666666667,213.35,2012.6016666666667,42.00127506020131,NA,38.52903168782777,0.999320445190626,7.109202824961403e-291,42.00127506020131,0.999839998274712,1.8011329774770206,AICc,1.7734501163409542,0.9992745228992682,3.9116077420581546e-291,1.8011329774770206,0.9992762296496058,LGR3,NA,standard,NA
Mar_23_159_CP40_stem,3/15/23,CP40,NA,NA,13:50:00,13:53:00,NA,NA,March_2023,22.2,NA,NA,NA,NA,NA,NA,NA,1064.6016666666667,213.35,2012.6016666666667,0.2230990930684966,AICc | Intercept,0.2220811393014921,0.667201890490677,1.4416246037304244e-51,0.2230990930684966,0.6670570310573166,1.0197488844909324,MAE | AICc,1.0038293245005845,0.9974612577171822,8.04223596143211e-271,1.0197488844909324,0.9974584599961636,LGR3,NA,standard,NA
Mar_23_168_CP40_stem,3/15/23,CP40,NA,NA,16:05:00,16:08:00,NA,NA,March_2023,22.8,NA,NA,NA,NA,NA,NA,NA,1064.6016666666667,213.35,2012.6016666666667,4.726633953490107,NA,4.343562377504229,0.9980867656804128,6.196286056691881e-270,4.726633953490107,0.9985686573462004,1.3923244121275078,NA,1.2721299342239565,0.9972760794474334,8.031436392773401e-255,1.3923244121275078,0.9978132104635596,LGR3,NA,standard,NA
Mar_23_100_SE1_stem,3/17/23,SE1,NA,NA,11:18:30,11:21:30,NA,NA,March_2023,27.3,NA,NA,NA,NA,NA,NA,NA,-316.04942796330306,224.97812071928905,631.9505720366969,0.00177944919472883,HM.flux is NA,0.00177944919472883,-9.437749394751728e-4,0.3773947078554841,NA,NA,0.07320550828817753,NA,0.05039168890733879,0.9470812961811764,5.378177332667159e-149,0.07320550828817753,0.956800268478803,LGR3,NA,standard,NA
Mar_23_101_SE1_root,3/17/23,SE1,NA,NA,11:46:15,11:49:15,NA,NA,March_2023,27.3,NA,NA,NA,NA,NA,NA,NA,-9.863326398974294,145.93175398007935,938.1366736010256,0.03000490156482269,g-fact. > 2 | Intercept,0.03000490156482269,0.08792643966575597,2.9917135292526773e-5,0.0840219456437202,0.09989370448922874,0.19758597803659544,NA,0.15404829250053031,0.9578591128184952,3.009775827709897e-125,0.19758597803659544,0.9620008435861224,LGR3,NA,standard,NA
Mar_23_102_SE1_root,3/17/23,SE1,NA,NA,11:54:00,11:57:00,NA,NA,March_2023,28.9,NA,NA,NA,NA,NA,NA,NA,-90.17443500601124,170.2537129767592,857.8255649939888,0.341611463030473,AICc,0.29918753033429035,0.881426304888838,7.737834620084293e-68,0.341611463030473,0.8824749891024042,0.07161275073938586,AICc | Intercept,0.05935172746756637,0.7641588551150839,1.323297094074035e-46,0.07161275073938586,0.7660370178934348,LGR3,NA,standard,NA
Mar_23_103_SE1_stem,3/17/23,SE1,NA,NA,12:01:30,12:04:30,NA,NA,March_2023,28.2,NA,NA,NA,NA,NA,NA,NA,-436.5160908738584,249.3000797159689,511.4839091261416,3.942440092358432e-4,HM.flux is NA,3.942440092358432e-4,-0.00538194826371585,0.8602556993872316,NA,NA,0.05859831038212275,g-fact. > 2 | Intercept,0.05859831038212275,0.8930266923648768,1.6446862090644982e-89,0.15245775781832455,0.9645416918968768,LGR3,NA,standard,NA
Mar_23_104_SE1_root,3/17/23,SE1,NA,NA,12:07:30,12:10:30,NA,NA,March_2023,28.2,NA,NA,NA,NA,NA,NA,NA,-436.5160908738584,249.3000797159689,511.4839091261416,1.232460913914828,NA,0.9442354345640102,0.9904846572281508,3.610007010153431e-189,1.232460913914828,0.9957660756248085,0.16034514933906,NA,0.1351050825546573,0.9921150631919948,1.0156200855033211e-196,0.16034514933906,0.994154844024409,LGR3,NA,standard,NA
Mar_23_106_SE1_stem,3/17/23,SE1,NA,NA,09:58:00,10:01:00,NA,NA,March_2023,26.6,NA,NA,NA,NA,NA,NA,NA,-290.4835889897834,319.22571183142355,657.5164110102166,-0.00385981395773625,AICc | p-value,-0.00386167024558164,0.00704010948430944,0.11989620397008392,-0.00385981395773625,0.00703224202352958,0.06028912349480167,NA,0.04536287121051575,0.9558494088830216,4.790294750350078e-139,0.06028912349480167,0.9615752507401284,LGR3,NA,standard,NA
Mar_23_107_SE1_root,3/17/23,SE1,NA,NA,10:10:00,10:13:00,NA,NA,March_2023,26.6,NA,NA,NA,NA,NA,NA,NA,-290.4835889897834,319.22571183142355,657.5164110102166,1.0199805816078658,NA,0.6490713096329033,0.9820208164308116,1.3991667670929542e-253,1.0199805816078658,0.9969073916925818,0.1147823177890308,NA,0.1115533121477989,0.9955733403944518,0,0.1147823177890308,0.9956267383349272,LGR3,NA,standard,NA
Mar_23_108_SE1_root,3/17/23,SE1,NA,NA,10:34:30,10:37:30,NA,NA,March_2023,26.6,NA,NA,NA,NA,NA,NA,NA,58.09222703774935,121.60979498339944,1006.0922270377494,0.270651940994711,AICc | Intercept,0.2706784349179548,0.47916082054679543,8.731367975346129e-36,0.270651940994711,0.47898845656593314,-0.16906055704017528,MAE | AICc | Intercept,-0.1671257360568228,0.9576827139821033,1.1518383657810392e-165,-0.16906055704017528,0.9570435478891466,LGR3,NA,standard,NA
Mar_23_109_SE1_stem,3/17/23,SE1,NA,NA,10:52:30,10:55:30,NA,NA,March_2023,26.6,NA,NA,NA,NA,NA,NA,NA,-9.863326398974294,145.93175398007935,938.1366736010256,0.2645241736263223,SE | AICc,0.2647587035959275,0.03817494001150157,0.0043370764573718,0.2645241736263223,0.03815697122241701,0.30763402314087657,Intercept (LM),0.2059184768533866,0.9552285890286264,2.8460089179950604e-126,0.30763402314087657,0.966458267367257,LGR3,NA,standard,NA
Mar_23_110_SE1_stem,3/17/23,SE1,NA,NA,11:00:00,11:03:00,NA,NA,March_2023,26.6,NA,NA,NA,NA,NA,NA,NA,-182.84109878336167,194.5756719734391,765.1589012166384,-0.0051064328543957,AICc | g-fact. > 2 | p-value | Intercept,-0.0051064328543957,0.00311822538687789,0.1998793449828703,-0.0102926370144552,0.01114693033835179,0.07875247498240481,Intercept (LM),0.04120788171958466,0.7807154159800971,1.1053214161253775e-70,0.07875247498240481,0.8068940402089361,LGR3,NA,standard,NA
Mar_23_111_SE1_root,3/17/23,SE1,NA,NA,11:07:00,11:10:00,NA,NA,March_2023,26.6,NA,NA,NA,NA,NA,NA,NA,-68.93832455703514,164.1732232275893,879.0616754429649,1.7724514312833308,g-fact. > 2 | Intercept (LM),1.7724514312833308,0.9320120606286336,2.3844585978490526e-118,4.465651384287488,0.995037028031288,0.4531355506584984,Intercept (LM),0.2521181851152101,0.959110033236418,2.5128105727687032e-140,0.4531355506584984,0.9847507063464572,LGR3,NA,standard,NA
Mar_23_43_FLM30_stem,3/18/23,FLM30,NA,NA,11:21:30,11:24:30,NA,NA,March_2023,26.6,NA,NA,NA,NA,NA,NA,NA,1064.6016666666667,213.35,2012.6016666666667,10.961642691252734,NA,8.207535896950043,0.9932957712850784,6.46622663516409e-187,10.961642691252734,0.9992212776381684,1.6758436509562455,NA,1.4080306268273526,0.9964608317125544,1.6862637508131987e-210,1.6758436509562455,0.9985910370017018,LGR3,NA,standard,NA
Mar_23_44_FLM30_stem,3/18/23,FLM30,NA,NA,11:32:00,11:35:00,NA,NA,March_2023,26.6,NA,NA,NA,NA,NA,NA,NA,1064.6016666666667,213.35,2012.6016666666667,0.16646041692297103,AICc | Intercept,0.1649295127870827,0.530090092756679,3.188166269459255e-31,0.16646041692297103,0.5300379118866934,1.7835894496914269,NA,1.741397964734957,0.9992094754871518,2.9799898642456903e-278,1.7835894496914269,0.9992438411995636,LGR3,NA,standard,NA
Mar_23_45_FLM30_stem,3/18/23,FLM30,NA,NA,11:39:30,11:42:30,NA,NA,March_2023,26.6,NA,NA,NA,NA,NA,NA,NA,1064.6016666666667,213.35,2012.6016666666667,0.11893158794989687,AICc | Intercept,0.11884526904629084,0.28758730325785287,2.7356242017703946e-13,0.11893158794989687,0.28750029419483725,2.2916727244886435,NA,2.0740137216100463,0.9984240629764988,2.5073875140927267e-219,2.2916727244886435,0.9991075401472987,LGR3,NA,standard,NA
Mar_23_46_FLM30_stem,3/18/23,FLM30,NA,NA,11:53:05,11:56:05,NA,NA,March_2023,26.2,NA,NA,NA,NA,NA,NA,NA,1064.6016666666667,213.35,2012.6016666666667,97.1336457406316,SE,91.68268208281536,0.9996925788765122,1.9927828527819796e-237,97.1336457406316,0.9999238605353128,2.047121583694485,NA,1.896085188711258,0.9983104228349868,7.633498576890379e-188,2.047121583694485,0.9987185906096356,LGR3,NA,standard,NA
Mar_23_47_FLM30_stem,3/18/23,FLM30,NA,NA,11:59:47,12:02:47,NA,NA,March_2023,26.2,NA,NA,NA,NA,NA,NA,NA,1064.6016666666667,213.35,2012.6016666666667,0.935629067528182,Intercept,0.4827726094552214,0.8295131473607551,4.243084692362967e-60,0.935629067528182,0.8585191806170521,1.6194030329454911,NA,1.4733512313223796,0.9975956877341416,7.254784421452956e-200,1.6194030329454911,0.9982047731836352,LGR3,NA,standard,NA
Mar_23_48_FLM30_stem,3/18/23,FLM30,NA,NA,12:06:45,12:09:45,NA,NA,March_2023,26.2,NA,NA,NA,NA,NA,NA,NA,1064.6016666666667,213.35,2012.6016666666667,0.11359795736118466,g-fact. > 2 | Intercept,0.11359795736118466,0.31929866522506034,1.5390910851048983e-16,0.2893167016049066,0.34884507226372063,1.9860614832658656,NA,1.820830872954456,0.9985161783508988,1.1467994170344178e-249,1.9860614832658656,0.9990443536161412,LGR3,NA,standard,NA
Mar_23_49_FLM30_stem,3/18/23,FLM30,NA,NA,10:25:40,10:28:40,NA,NA,March_2023,29.3,NA,NA,NA,NA,NA,NA,NA,1064.6016666666667,213.35,2012.6016666666667,106.4233594927985,RMSE | MAE | SE | AICc,106.4233594927985,0.8097450964152062,1.0937768150049867e-54,106.66964075756783,0.8095258171854687,0.9325266062826814,RMSE | AICc,0.9223455020072496,0.9942268645554272,1.5378085898180923e-165,0.9325266062826814,0.9941186526565182,LGR3,NA,standard,NA
Mar_23_50_FLM30_stem,3/18/23,FLM30,NA,NA,10:33:49,10:36:49,NA,NA,March_2023,29.3,NA,NA,NA,NA,NA,NA,NA,1064.6016666666667,213.35,2012.6016666666667,0.706270544079675,NA,0.6184666675620575,0.9389163804515496,1.831074374906789e-114,0.706270544079675,0.9400620493614836,2.065692352797692,NA,1.9243477933506012,0.9987494622698976,1.0787633040690183e-270,2.065692352797692,0.9990909355756412,LGR3,NA,standard,NA
Mar_23_51_FLM30_stem,3/18/23,FLM30,NA,NA,10:42:30,10:45:30,NA,NA,March_2023,29.3,NA,NA,NA,NA,NA,NA,NA,1064.6016666666667,213.35,2012.6016666666667,0.18322566614996055,g-fact. > 2 | Intercept (HM),0.18322566614996055,0.724422665240533,5.534400938952636e-73,0.40940833740639937,0.7619827779635803,2.3956867355184177,NA,2.238615759280614,0.9992386957227992,0,2.3956867355184177,0.9995493277388376,LGR3,NA,standard,NA
Mar_23_52_FLM30_stem,3/18/23,FLM30,NA,NA,10:55:30,10:58:30,NA,NA,March_2023,26.2,NA,NA,NA,NA,NA,NA,NA,1064.6016666666667,213.35,2012.6016666666667,5.623090462399686,RMSE | MAE | AICc,5.623090462399686,0.994206610972915,1.652514173648289e-175,5.671024315355522,0.9940764120578688,1.1484691178843598,NA,1.0295776238569283,0.9959166425379354,2.7819160975390575e-187,1.1484691178843598,0.9967425536303356,LGR3,NA,standard,NA
Mar_23_53_FLM30_stem,3/18/23,FLM30,NA,NA,11:03:38,11:06:38,NA,NA,March_2023,26.2,NA,NA,NA,NA,NA,NA,NA,1064.6016666666667,213.35,2012.6016666666667,0.04931920088145226,g-fact. > 2 | Intercept,0.04931920088145226,0.04118851179610305,0.01558054050352319,0.12690628495830594,0.06622217415793863,1.793840887461206,SE,1.6050259335678414,0.996091059532612,9.8358666560159e-142,1.793840887461206,0.9969556057233632,LGR3,NA,standard,NA
Mar_23_54_FLM30_stem,3/18/23,FLM30,NA,NA,11:12:00,11:15:00,NA,NA,March_2023,29.1,NA,NA,NA,NA,NA,NA,NA,1064.6016666666667,213.35,2012.6016666666667,0.08984329843132496,g-fact. > 2 | Intercept (LM),0.08984329843132496,0.3349982426446364,2.293901180937646e-22,0.21578737927373043,0.35383177428206947,1.875822278475453,NA,1.797193343548404,0.999107968450275,0,1.875822278475453,0.999231110764348,LGR3,NA,standard,NA
Mar_23_55_FLM30_stem,3/18/23,FLM30,NA,NA,14:40:00,14:43:00,NA,NA,March_2023,28.8,NA,NA,NA,NA,NA,NA,NA,212.53666666666663,40.45,1160.5366666666666,1.624131602272619,SE | g-fact. > 2 | Intercept (LM),1.624131602272619,0.8499420966117675,2.3388659465659326e-85,4.135412158215793,0.9015932674470246,9.456557580194032,SE,8.423240025596474,0.9986594039726056,2.4518456801826176e-291,9.456557580194032,0.999583724829879,LGR3,NA,standard,NA
Mar_23_56_FLM30_stem,3/18/23,FLM30,NA,NA,14:45:40,14:48:40,NA,NA,March_2023,28.4,NA,NA,NA,NA,NA,NA,NA,212.53666666666663,40.45,1160.5366666666666,0.5158770896858038,SE | AICc | Intercept,0.5142342721774893,0.4165467614138766,1.1165460787241154e-20,0.5158770896858038,0.4164482228543714,6.820166490935956,SE,6.341449740114094,0.9984234299286197,2.512629968241743e-226,6.820166490935956,0.99879101694833206,LGR3,NA,standard,NA
Mar_23_57_FLM30_stem,3/18/23,FLM30,NA,NA,14:23:30,14:26:30,NA,NA,March_2023,27.8,NA,NA,NA,NA,NA,NA,NA,212.53666666666663,40.45,1160.5366666666666,0.6310539736404198,SE | AICc,0.6251062753921144,0.4506192868829661,1.2499274595446136e-19,0.6310539736404198,0.4505734230995503,7.375585662183985,SE | AICc,7.262389372802625,0.9989053107273004,1.9499828642380836e-203,7.375585662183985,0.9989053760493182,LGR3,NA,standard,NA
Mar_23_58_FLM30_stem,3/18/23,FLM30,NA,NA,14:32:10,14:35:10,NA,NA,March_2023,27.6,NA,NA,NA,NA,NA,NA,NA,212.53666666666663,40.45,1160.5366666666666,1.1112078793782685,SE | AICc,1.096692483320588,0.74308706096411,7.525736209133985e-45,1.1112078793782685,0.7430314166030532,7.989651656299289,SE,7.715520013299995,0.9990436374877962,5.005453034687971e-221,7.989651656299289,0.9991258977422736,LGR3,NA,standard,NA
Mar_23_59_FLM30_stem,3/18/23,FLM30,NA,NA,13:27:50,13:30:50,NA,NA,March_2023,29.4,NA,NA,NA,NA,NA,NA,NA,1064.6016666666667,213.35,2012.6016666666667,2.4766033909818455,NA,2.3520377963922847,0.9883129327761973,1.246128817405668e-129,2.4766033909818455,0.988504253510271,1.7902930878838343,NA,1.7091912064110022,0.9972610752248826,3.201628043158111e-171,1.7902930878838343,0.997411749322554,LGR3,NA,standard,NA
Mar_23_60_FLM30_stem,3/18/23,FLM30,NA,NA,13:32:45,13:35:45,NA,NA,March_2023,29.4,NA,NA,NA,NA,NA,NA,NA,1064.6016666666667,213.35,2012.6016666666667,4.5492994792033015,SE,2.583084224688801,0.9637095483540224,1.211707626964248e-103,4.5492994792033015,0.986146073262222,2.7084829686570604,SE,1.7785470602850628,0.9823082076338386,1.2075029894100838e-125,2.7084829686570604,0.9954128377419866,LGR3,NA,standard,NA
Mar_23_62_FLM30_stem,3/18/23,FLM30,NA,NA,13:51:50,13:54:50,NA,NA,March_2023,29.7,NA,NA,NA,NA,NA,NA,NA,1064.6016666666667,213.35,2012.6016666666667,31.327582668267908,NA,30.46715378289879,0.9997942151266525,0,31.327582668267908,0.9998477044838748,2.002019591099259,NA,1.7938087631553297,0.997943426956864,4.0310456862194766e-260,2.002019591099259,0.998795525629848,LGR3,NA,standard,NA
Mar_23_63_FLM30_stem,3/18/23,FLM30,NA,NA,13:58:00,14:01:00,NA,NA,March_2023,29.7,NA,NA,NA,NA,NA,NA,NA,1064.6016666666667,213.35,2012.6016666666667,0.403971107719957,AICc | Intercept,0.28670585842059687,0.5755404027545474,1.5070725524696882e-26,0.403971107719957,0.5803504847496888,1.9344170295990748,RMSE | MAE | AICc,1.9344170295990748,0.9982425996374426,6.114234836737685e-184,1.9542490900782088,0.9981492150202408,LGR3,NA,standard,NA
Mar_23_64_FLM30_stem,3/18/23,FLM30,NA,NA,14:07:35,14:10:35,NA,NA,March_2023,29.7,NA,NA,NA,NA,NA,NA,NA,1064.6016666666667,213.35,2012.6016666666667,0.17473970445165585,AICc | Intercept,0.1138375167028478,0.21452891613596192,7.755538053722114e-10,0.17473970445165585,0.21766406923195455,2.308568341115381,NA,2.091291722371456,0.9981843293456814,8.112733702194806e-212,2.308568341115381,0.9988674974723968,LGR3,NA,standard,NA
Mar_23_65_FLM30_stem,3/18/23,FLM30,NA,NA,12:17:00,12:20:00,NA,NA,March_2023,29.4,NA,NA,NA,NA,NA,NA,NA,1064.6016666666667,213.35,2012.6016666666667,10.533548103036422,SE,6.901048984553684,0.9809101494628142,2.2694715325299318e-135,10.533548103036422,0.9946345103161912,1.1406483240501517,NA,0.7609125767931507,0.9789934424630152,3.7726723573414056e-132,1.1406483240501517,0.9908568556932646,LGR3,NA,standard,NA
Mar_23_66_FLM30_stem,3/18/23,FLM30,NA,NA,12:28:00,12:31:00,NA,NA,March_2023,29.1,NA,NA,NA,NA,NA,NA,NA,1064.6016666666667,213.35,2012.6016666666667,0.21700093724410507,SE | AICc | Intercept,0.21724932632557253,0.08606550894290321,3.7991024950064e-5,0.21700093724410507,0.08602184751425335,0.22672499746139588,SE | g-fact. > 2 | Intercept (LM),0.22672499746139588,0.7296728876679626,1.1610735506355127e-52,0.8714328588442596,0.8682457039129836,LGR3,NA,standard,NA
Mar_23_67_FLM30_stem,3/18/23,FLM30,NA,NA,12:37:13,12:40:13,NA,NA,March_2023,29.1,NA,NA,NA,NA,NA,NA,NA,1064.6016666666667,213.35,2012.6016666666667,0.06929296698031204,AICc,0.06873267781002751,0.49382175889609103,2.894302625721179e-67,0.06929296698031204,0.493755106765843,1.7529304548499107,NA,1.4723269883770795,0.9976450788635576,0,1.7529304548499107,0.9997559175331364,LGR3,NA,standard,NA
Mar_23_69_FLM30_stem,3/18/23,FLM30,NA,NA,13:15:30,13:18:30,NA,NA,March_2023,27.6,NA,NA,NA,NA,NA,NA,NA,1064.6016666666667,213.35,2012.6016666666667,0.3401729016920259,Intercept (LM),0.20644211861442524,0.7671080387936456,7.573747434343212e-77,0.3401729016920259,0.7810608290752441,3.129879480258246,NA,2.7414240628430315,0.9983810612175462,0,3.129879480258246,0.9996010422205504,LGR3,NA,standard,NA
Mar_23_70_FLM30_stem,3/18/23,FLM30,NA,NA,13:05:00,13:08:00,NA,NA,March_2023,27.6,NA,NA,NA,NA,NA,NA,NA,1064.6016666666667,213.35,2012.6016666666667,7.079584396653634,MAE | AICc,6.978507541570404,0.9949648177700908,8.663192064857417e-223,7.079584396653634,0.9949306313737036,1.8027389540215384,NA,1.2652801179942272,0.9891165165641944,1.1890497508613005e-190,1.8027389540215384,0.9982058004240176,LGR3,NA,standard,NA
Mar_23_68_FLM30_stem,3/18/23,FLM30,NA,NA,12:56:00,12:59:30,NA,NA,March_2023,27.6,NA,NA,NA,NA,NA,NA,NA,1064.6016666666667,213.35,2012.6016666666667,2.0919683609672006,SE | g-fact. > 2 | Intercept (HM),2.0919683609672006,0.860225288357375,1.8557585593154457e-109,4.282688879956171,0.906658533034122,1.7389183110374529,NA,1.3282600240889644,0.9934918283216504,1.1897628384551806e-276,1.7389183110374529,0.9987248448588396,LGR3,NA,standard,NA
Mar_23_61_FLM30_stem,3/18/23,FLM30,NA,NA,13:38:26,13:44:26,NA,NA,March_2023,29.4,NA,NA,NA,NA,NA,NA,NA,1064.6016666666667,213.35,2012.6016666666667,0.1039897245897793,g-fact. > 2 | Intercept,0.1039897245897793,0.5623298202993818,1.5046967767599625e-63,0.22011251321024408,0.5892772646775787,2.2213046410221353,NA,1.6838839000105108,0.9941393542576468,0,2.2213046410221353,0.999613119157166,LGR3,NA,standard,NA
Mar_23_34_BL60_stem,3/19/23,BL60,NA,NA,11:07:30,11:09:30,NA,NA,March_2023,27.3,NA,NA,NA,NA,NA,NA,NA,212.53666666666663,40.45,1160.5366666666666,-0.09816552717749095,SE | AICc | p-value | Intercept,-0.06664718821345336,0.01494283830715281,0.05601147397877267,-0.09816552717749095,0.01541845108623851,6.264383733424474,SE,4.709291106170373,0.9921772006043142,1.333628165933247e-188,6.264383733424474,0.998089827149319,LGR3,NA,standard,NA
Mar_23_26_BL60_stem,3/19/23,BL60,NA,NA,13:30:30,13:33:30,NA,NA,March_2023,27.6,NA,NA,NA,NA,NA,NA,NA,418.99555555555554,107.68,1366.9955555555557,3.354332463997788,NA,3.223635808266298,0.99600040642709,5.517841086941477e-206,3.354332463997788,0.9961089506354116,2.835992118460804,NA,2.602722207596379,0.998730460431645,2.3975486395708923e-248,2.835992118460804,0.9992414806968972,LGR3,NA,standard,NA
Mar_23_27_BL60_stem,3/19/23,BL60,NA,NA,13:36:45,13:39:45,NA,NA,March_2023,27.6,NA,NA,NA,NA,NA,NA,NA,418.99555555555554,107.68,1366.9955555555557,0.0390674143834715,AICc | g-fact. > 2 | Intercept,0.0390674143834715,0.04062845385732239,0.00238307581539927,0.08681302013527131,0.044701753281851,1.3540907145560661,NA,1.0448520589071455,0.9923301166123976,1.1843855289822797e-212,1.3540907145560661,0.9970914597197036,LGR3,NA,standard,NA
Mar_23_28_BL60_stem,3/19/23,BL60,NA,NA,13:49:30,13:52:30,NA,NA,March_2023,26.6,NA,NA,NA,NA,NA,NA,NA,418.99555555555554,107.68,1366.9955555555557,0.16666544773083072,Intercept,0.12240982408930598,0.5487829451681892,3.29592678291546e-55,0.16666544773083072,0.5521591228147362,3.034710138479353,NA,2.590014665756536,0.9980103466708394,0,3.034710138479353,0.9997339358008236,LGR3,NA,standard,NA
Mar_23_29_BL60_root,3/19/23,BL60,NA,NA,11:30:30,11:33:30,NA,NA,March_2023,26.7,NA,NA,NA,NA,NA,NA,NA,-102.25442819204028,273.62203871264876,845.7455718079598,1.5935906749883078,NA,1.2941178603191783,0.9959335181762156,6.2822794156470925e-288,1.5935906749883078,0.9989745986421446,0.7441460440728348,NA,0.5446659507915724,0.9925274041963784,2.382562436895577e-256,0.7441460440728348,0.9993911609046376,LGR3,NA,standard,NA
Mar_23_30_BL60_stem,3/19/23,BL60,NA,NA,11:08:00,11:11:00,NA,NA,March_2023,26.7,NA,NA,NA,NA,NA,NA,NA,212.53666666666663,40.45,1160.5366666666666,-0.14592480018441054,SE | AICc | Intercept,-0.07705317032878578,0.0210979793144429,0.02989458318030725,-0.14592480018441054,0.02382855984807452,6.187213818804377,SE,4.495913450337225,0.9909185619809692,8.012136399310745e-181,6.187213818804377,0.9981562778259426,LGR3,NA,standard,NA
Mar_23_31_BL60_stem,3/19/23,BL60,NA,NA,11:16:00,11:19:00,NA,NA,March_2023,26.7,NA,NA,NA,NA,NA,NA,NA,212.53666666666663,40.45,1160.5366666666666,0.4872069883733978,Intercept,0.29587772550298613,0.5413777371570963,1.367488467819292e-52,0.4872069883733978,0.5523440800493189,3.6122665657062374,SE,2.223129030364391,0.9804539927196674,6.600508662301223e-257,3.6122665657062374,0.9975943965433256,LGR3,NA,standard,NA
Mar_23_32_BL60_root,3/19/23,BL60,NA,NA,11:41:00,11:44:00,NA,NA,March_2023,27.3,NA,NA,NA,NA,NA,NA,NA,-102.25442819204028,273.62203871264876,845.7455718079598,2.0114327920671866,NA,1.2621968545392888,0.9835785491576876,2.349430838512609e-258,2.0114327920671866,0.9994017161263338,0.5661985468016266,Intercept (LM),0.3376411744161248,0.9793817181433784,3.593828715282159e-244,0.5661985468016266,0.9986506935346924,LGR3,NA,standard,NA
Mar_23_33_BL60_stem,3/19/23,BL60,NA,NA,11:53:15,11:56:15,NA,NA,March_2023,27.3,NA,NA,NA,NA,NA,NA,NA,212.53666666666663,40.45,1160.5366666666666,0.16673168940897343,AICc,0.1663200407390793,0.1968530095981735,1.9013272244423887e-10,0.16673168940897343,0.19680314668831012,2.117396079861724,SE,1.3646944351696575,0.9748215802024012,7.15275877812301e-147,2.117396079861724,0.9887008873097134,LGR3,NA,standard,NA
Mar_23_36_BL60_stem,3/19/23,BL60,NA,NA,10:10:45,10:13:45,NA,NA,March_2023,26.9,NA,NA,NA,NA,NA,NA,NA,212.53666666666663,40.45,1160.5366666666666,-0.5948240787227398,SE | AICc,-0.5926479938642154,0.5466140108863364,8.327776289062947e-29,-0.5948240787227398,0.5464864483426324,2.7290318785332195,SE,2.386789700385923,0.993148368940817,6.048138552123228e-171,2.7290318785332195,0.9943921978581972,LGR3,NA,standard,NA
Mar_23_37_BL60_stem,3/19/23,BL60,NA,NA,10:19:15,10:22:15,NA,NA,March_2023,26.9,NA,NA,NA,NA,NA,NA,NA,212.53666666666663,40.45,1160.5366666666666,0.1070879130928107,SE | AICc | p-value | Intercept,0.06367351985069908,0.0146353438368052,0.05393152651010134,0.1070879130928107,0.01469485630732692,2.0008272708651607,SE,1.8833861022049456,0.987462303373296,4.3555496908444146e-178,2.0008272708651607,0.987722088063766,LGR3,NA,standard,NA
Mar_23_38_BL60_stem,3/19/23,BL60,NA,NA,10:32:30,10:35:30,NA,NA,March_2023,27.3,NA,NA,NA,NA,NA,NA,NA,418.99555555555554,107.68,1366.9955555555557,NA,fluxes are NA,NA,NA,NA,NA,NA,NA,fluxes are NA,NA,NA,NA,NA,NA,LGR3,NA,standard,NA
Mar_23_39_BL60_stem,3/19/23,BL60,NA,NA,10:42:00,10:45:00,NA,NA,March_2023,27.3,NA,NA,NA,NA,NA,NA,NA,212.53666666666663,40.45,1160.5366666666666,-0.11967250027063124,SE | g-fact. > 2 | Intercept,-0.11967250027063124,0.0509248598272265,0.0010469157247042,-0.3881133223816708,0.0883651095221265,4.474271073160905,SE,3.5328977454934702,0.994492262159678,2.143137533044134e-213,4.474271073160905,0.9984274746991924,LGR3,NA,standard,NA
Mar_23_40_BL60_stem,3/19/23,BL60,NA,NA,12:24:30,12:27:30,NA,NA,March_2023,26.8,NA,NA,NA,NA,NA,NA,NA,1064.6016666666667,213.35,2012.6016666666667,0.08601651667337726,AICc | Intercept,0.08576949541083341,0.2534404164622238,3.0585044453929874e-13,0.08601651667337726,0.2533781180310344,1.1781675238316716,NA,0.9540709858056636,0.992032919209558,5.325402806312291e-190,1.1781675238316716,0.9950656222320796,LGR3,NA,standard,NA
Mar_23_41_BL60_stem,3/19/23,BL60,NA,NA,12:37:30,12:40:30,NA,NA,March_2023,26.8,NA,NA,NA,NA,NA,NA,NA,418.99555555555554,107.68,1366.9955555555557,0.10712925195807035,AICc | Intercept,0.09973987473619654,0.30568859263200043,1.0344922135258573e-19,0.10712925195807035,0.3058024360854066,3.998402793141803,NA,3.6869276452974127,0.9993468350942994,0,3.998402793141803,0.9997991596931926,LGR3,NA,standard,NA
Mar_23_42_BL60_stem,3/19/23,BL60,NA,NA,12:48:00,12:51:00,NA,NA,March_2023,26.8,NA,NA,NA,NA,NA,NA,NA,418.99555555555554,107.68,1366.9955555555557,0.0822771347310089,AICc | Intercept,0.07716878635370635,0.4300456029506527,2.696615029047262e-48,0.0822771347310089,0.43017896409311096,3.5276411362357383,NA,3.2020736196017556,0.9992441995933672,0,3.5276411362357383,0.9998942609325406,LGR3,NA,standard,NA
Mar_23_35_BL60_stem,3/19/23,BL60,NA,NA,09:54:30,09:57:30,NA,NA,March_2023,26.9,NA,NA,NA,NA,NA,NA,NA,418.99555555555554,107.68,1366.9955555555557,2.0879851187644647,Intercept (LM),1.673098420426914,0.958026818310898,1.1470811726833418e-93,2.0879851187644647,0.9613919307768946,1.3581692845436728,SE,1.2834708312554994,0.9914339614821104,1.4274502595702752e-139,1.3581692845436728,0.9916632035748796,LGR3,NA,standard,NA
Mar_23_1_MI_stem,3/20/23,MI,NA,NA,14:44:00,14:47:00,NA,NA,March_2023,26.8,NA,NA,NA,NA,NA,NA,NA,1064.6016666666667,213.35,2012.6016666666667,0.5864072916403745,AICc | Intercept,0.5532866597882415,0.9577062268560071,1.2149861698361111e-207,0.5864072916403745,0.9579232614214368,0.9932021905323736,NA,0.8595558110981687,0.9966844901863672,0,0.9932021905323736,0.9981182253084754,LGR3,NA,standard,NA
Mar_23_2_MI_stem,3/20/23,MI,NA,NA,14:51:00,14:54:00,NA,NA,March_2023,26.8,NA,NA,NA,NA,NA,NA,NA,1064.6016666666667,213.35,2012.6016666666667,0.3667491521535619,AICc | Intercept,0.36422704776003045,0.6758348977204655,7.602211542888724e-32,0.3667491521535619,0.675726484873568,1.3708803569404808,NA,1.2114923681601315,0.994780928601436,2.6055799316830008e-141,1.3708803569404808,0.9958630870159404,LGR3,NA,standard,NA
Mar_23_3_MI_stem,3/20/23,MI,NA,NA,14:56:45,14:59:45,NA,NA,March_2023,26.8,NA,NA,NA,NA,NA,NA,NA,418.99555555555554,107.68,1366.9955555555557,0.16167786671847348,NA,0.11868348181827076,0.5093878177188599,2.2737685731336068e-48,0.16167786671847348,0.5128834522573373,2.6327029706655876,NA,2.287862169528798,0.998270317181602,0,2.6327029706655876,0.999608824105734,LGR3,NA,standard,NA
Mar_23_5_MI_stem,3/20/23,MI,NA,NA,15:17:00,15:20:00,NA,NA,March_2023,25.9,NA,NA,NA,NA,NA,NA,NA,418.99555555555554,107.68,1366.9955555555557,0.02022885836933891,HM.flux is NA,0.02022885836933891,-0.00221208787356275,0.4035953243120929,NA,NA,3.2559335544713615,SE,2.7279877497670495,0.9964757847593092,1.8843805900017385e-166,3.2559335544713615,0.9986784153140752,LGR3,NA,standard,NA
Mar_23_6_MI_stem,3/20/23,MI,NA,NA,15:11:00,15:14:00,NA,NA,March_2023,25.9,NA,NA,NA,NA,NA,NA,NA,418.99555555555554,107.68,1366.9955555555557,-0.03842611529930315,AICc | Intercept,-0.03846418282311339,0.03325087741163735,0.00456041570860858,-0.03842611529930315,0.03323434743171294,0.9510507021332252,SE | g-fact. > 2 | Intercept (LM),0.9510507021332252,0.944384049209398,2.5721486499358832e-133,2.107600612775157,0.993470050572403,LGR3,NA,standard,NA
Mar_23_7_MI_stem,3/20/23,MI,NA,NA,15:29:30,15:32:30,NA,NA,March_2023,25.7,NA,NA,NA,NA,NA,NA,NA,418.99555555555554,107.68,1366.9955555555557,1.9145168693896404,AICc,1.8887384033338015,0.988346702732131,1.216953387535213e-192,1.9145168693896404,0.9882799250862212,2.6958736374504175,NA,2.628267982152165,0.9992706392438104,3.447779800917e-295,2.6958736374504175,0.9993146237718404,LGR3,NA,standard,NA
Mar_23_8_MI_stem,3/20/23,MI,NA,NA,15:36:00,15:39:00,NA,NA,March_2023,25.7,NA,NA,NA,NA,NA,NA,NA,418.99555555555554,107.68,1366.9955555555557,0.6707743353565745,AICc | Intercept,0.6614987500099118,0.8692974557942452,2.892262757820297e-69,0.6707743353565745,0.8692981833746667,2.8197498549595887,SE,2.191817282289075,0.9931935068354198,7.897714339273825e-167,2.8197498549595887,0.997795115869884,LGR3,NA,standard,NA
Mar_23_9_MI_stem,3/20/23,MI,NA,NA,15:50:00,15:53:00,NA,NA,March_2023,25.7,NA,NA,NA,NA,NA,NA,NA,418.99555555555554,107.68,1366.9955555555557,0.11955496631161608,SE | AICc | g-fact. > 2 | Intercept,0.11955496631161608,0.04734250562857101,0.02216633693279864,0.3467376770565318,0.0585602384437508,1.113858569031645,SE | g-fact. > 2 | Intercept (LM),1.113858569031645,0.892347732493182,1.3977453559781793e-44,2.5926108768764076,0.9495600788170316,LGR3,NA,standard,NA
Mar_23_4_MI_stem,3/20/23,MI,NA,NA,15:22:00,15:25:00,NA,NA,March_2023,25.9,NA,NA,NA,NA,NA,NA,NA,418.99555555555554,107.68,1366.9955555555557,0.40148236326967385,Intercept (HM),0.29331512067941284,0.6989029749096375,1.4885781520015299e-55,0.40148236326967385,0.7038444403208914,2.7871270210787027,NA,2.6443076636228104,0.999232405736726,1.8e-306,2.7871270210787027,0.9994209522447332,LGR3,NA,standard,NA
Oct_22_12_SRS6_stem,10/16/22,SRS6,NA,NA,13:39:25,13:42:25,NA,NA,Oct_2022,27.3,NA,NA,NA,NA,NA,NA,NA,418.99555555555554,107.68,1366.9955555555557,NA,NA,NA,NA,NA,NA,NA,NA,NA,NA,NA,NA,NA,NA,LGR3,NA,standard,NA
Oct_22_14_SRS6_root,10/16/22,SRS6,NA,NA,13:59:24,14:02:24,NA,NA,Oct_2022,27.3,NA,NA,NA,NA,NA,NA,NA,212.53666666666663,40.45,1160.5366666666666,NA,NA,NA,NA,NA,NA,NA,NA,NA,NA,NA,NA,NA,NA,LGR3,NA,standard,NA
Oct_22_8_SRS6_stem,10/16/22,SRS6,NA,NA,13:04:05,13:07:06,NA,NA,Oct_2022,26.5,NA,NA,NA,NA,NA,NA,NA,1064.6016666666667,213.35,2012.6016666666667,0.7859901653717926,NA,0.5603182793172329,0.9372426250954664,2.4527884417703152e-222,0.7859901653717926,0.9442903359025828,5.991170414206856,NA,5.226492423441244,0.9985602413047764,0,5.991170414206856,0.9998667708552004,LGR3,NA,standard,NA
Oct_22_11_SRS6_stem,10/16/22,SRS6,NA,NA,13:32:08,13:35:09,NA,NA,Oct_2022,27.3,NA,NA,NA,NA,NA,NA,NA,418.99555555555554,107.68,1366.9955555555557,NA,NA,NA,NA,NA,NA,NA,NA,NA,NA,NA,NA,NA,NA,LGR3,NA,standard,NA
Oct_22_15_SRS6_root,10/16/22,SRS6,NA,NA,14:05:09,14:08:10,NA,NA,Oct_2022,27.3,NA,NA,NA,NA,NA,NA,NA,212.53666666666663,40.45,1160.5366666666666,NA,NA,NA,NA,NA,NA,NA,NA,NA,NA,NA,NA,NA,NA,LGR3,NA,standard,NA
Oct_22_7_SRS6_stem,10/16/22,SRS6,NA,NA,12:57:50,13:00:51,NA,NA,Oct_2022,26.5,NA,NA,NA,NA,NA,NA,NA,1064.6016666666667,213.35,2012.6016666666667,5.765408844038214,NA,4.719587588471791,0.9920624085328142,1.8902273756658496e-237,5.765408844038214,0.9948816278807648,2.400283767353538,SE,2.1290425651404292,0.9970512963793314,1.2852449138412465e-285,2.400283767353538,0.9980634396317344,LGR3,NA,standard,NA
Oct_22_9_SRS6_stem,10/16/22,SRS6,NA,NA,13:11:06,13:14:07,NA,NA,Oct_2022,26.5,NA,NA,NA,NA,NA,NA,NA,1064.6016666666667,213.35,2012.6016666666667,NA,NA,NA,NA,NA,NA,NA,NA,NA,NA,NA,NA,NA,NA,LGR3,NA,standard,NA
Oct_22_13_SRS6_stem,10/16/22,SRS6,NA,NA,13:49:19,13:52:20,NA,NA,Oct_2022,27.3,NA,NA,NA,NA,NA,NA,NA,418.99555555555554,107.68,1366.9955555555557,NA,NA,NA,NA,NA,NA,NA,NA,NA,NA,NA,NA,NA,NA,LGR3,NA,standard,NA
Oct_22_10_SRS6_root,10/16/22,SRS6,NA,NA,13:19:16,13:22:22,NA,NA,Oct_2022,26.5,NA,NA,NA,NA,NA,NA,NA,212.53666666666663,40.45,1160.5366666666666,NA,NA,NA,NA,NA,NA,NA,NA,NA,NA,NA,NA,NA,NA,LGR3,NA,standard,NA
Oct_22_63_SRS6_stem,10/17/22,SRS6,NA,NA,12:14:39,12:17:38,NA,NA,Oct_2022,25.6,NA,NA,NA,NA,NA,NA,NA,418.99555555555554,107.68,1366.9955555555557,0.128599710108091,AICc,0.12782167138075742,0.3220413233427747,6.779906569593829e-15,0.128599710108091,0.32197586040852744,5.674312736770351,NA,5.389376788319731,0.9995791407602452,4.463317574095542e-262,5.674312736770351,0.9997645440108542,LGR3,NA,standard,NA
Oct_22_58_SRS6_stem,10/17/22,SRS6,NA,NA,14:34:35,14:37:35,NA,NA,Oct_2022,27.4,NA,NA,NA,NA,NA,NA,NA,212.53666666666663,40.45,1160.5366666666666,-0.6450597115160486,SE | AICc | Intercept,-0.5414337995640692,0.18302633024105375,5.88886728684609e-7,-0.6450597115160486,0.18419788945239912,-25.660509082102763,SE,-15.831129920020276,0.9640866834874824,4.92560307571853e-88,-25.660509082102763,0.9824184300949288,LGR3,NA,standard,NA
Oct_22_59_SRS6_stem,10/17/22,SRS6,NA,NA,10:59:33,11:02:33,NA,NA,Oct_2022,27.1,NA,NA,NA,NA,NA,NA,NA,1064.6016666666667,213.35,2012.6016666666667,0.05912916275410427,AICc,0.05903384233874607,0.16947844261893807,1.0122367250522532e-9,0.05912916275410427,0.16942989997166602,2.595149686000565,NA,2.552777272152573,0.999510432011132,0,2.595149686000565,0.9995173289416004,LGR3,NA,standard,NA
Oct_22_61_SRS6_stem,10/17/22,SRS6,NA,NA,11:09:35,11:12:35,NA,NA,Oct_2022,27.1,NA,NA,NA,NA,NA,NA,NA,1064.6016666666667,213.35,2012.6016666666667,0.8885081681635394,NA,0.6444105927268559,0.956060872024344,4.2257312530380295e-131,0.8885081681635394,0.9633369426734406,2.40931937041541,NA,2.228672757469829,0.999067353939852,4.6635342899085645e-290,2.40931937041541,0.9994883776584664,LGR3,NA,standard,NA
Oct_22_66_SRS6_root,10/17/22,SRS6,NA,NA,12:42:44,12:45:45,NA,NA,Oct_2022,25.6,NA,NA,NA,NA,NA,NA,NA,212.53666666666663,40.45,1160.5366666666666,0.4841501917081653,SE | AICc | Intercept,0.48476476514103434,0.20434332513118655,3.969798051949328e-11,0.4841501917081653,0.2042540396844904,5.493643123507626,SE,4.389451152782523,0.9954848618248716,1.8263321712530325e-221,5.493643123507626,0.9990195399067656,LGR3,NA,standard,NA
Oct_22_65_SRS6_stem,10/17/22,SRS6,NA,NA,12:29:31,12:32:32,NA,NA,Oct_2022,25.6,NA,NA,NA,NA,NA,NA,NA,418.99555555555554,107.68,1366.9955555555557,0.10067863357347998,AICc,0.10028457337814976,0.33464014915099094,9.940831934163983e-21,0.10067863357347998,0.33456191719865913,4.467327882365605,NA,4.216823465970726,0.9995712543708116,0,4.467327882365605,0.9997989590917504,LGR3,NA,standard,NA
Oct_22_56_SRS6_stem,10/17/22,SRS6,NA,NA,14:20:42,14:23:44,NA,NA,Oct_2022,27.4,NA,NA,NA,NA,NA,NA,NA,418.99555555555554,107.68,1366.9955555555557,NA,NA,NA,NA,NA,NA,NA,NA,NA,NA,NA,NA,NA,NA,LGR3,NA,standard,NA
Oct_22_64_SRS6_stem,10/17/22,SRS6,NA,NA,12:21:04,12:24:10,NA,NA,Oct_2022,25.6,NA,NA,NA,NA,NA,NA,NA,418.99555555555554,107.68,1366.9955555555557,0.06491342159637217,AICc | Intercept,0.06495657713797352,0.0955962331478658,1.2147539315479768e-6,0.06491342159637217,0.09555726907653228,1.0792365043264434,RMSE | SE | AICc | Intercept,1.0792365043264434,0.6802758315283705,7.555403159048162e-58,1.0826086172120362,0.6801162799962728,LGR3,NA,standard,NA
Oct_22_62_SRS6_root,10/17/22,SRS6,NA,NA,11:27:15,11:30:30,NA,NA,Oct_2022,27.1,NA,NA,NA,NA,NA,NA,NA,212.53666666666663,40.45,1160.5366666666666,4.073994568617628,SE | Intercept,2.5268761754863367,0.8580019145435924,1.1232610267802368e-65,4.073994568617628,0.8777915065281191,2.3499994466504712,SE,1.5619508334353889,0.9772677982798624,2.2374346411652435e-125,2.3499994466504712,0.9890757339996348,LGR3,NA,standard,NA
Oct_22_60_SRS6_stem,10/17/22,SRS6,NA,NA,11:19:05,11:22:35,NA,NA,Oct_2022,27.1,NA,NA,NA,NA,NA,NA,NA,418.99555555555554,107.68,1366.9955555555557,0.1566155495909285,AICc,0.15571385970245824,0.471087155209887,1.2072450534660492e-31,0.1566155495909285,0.4709952528514768,2.101300079588141,NA,1.998178611905689,0.9991385006097894,0,2.101300079588141,0.99931238048651,LGR3,NA,standard,NA
Oct_22_57_SRS6_stem,10/17/22,SRS6,NA,NA,14:27:08,14:30:40,NA,NA,Oct_2022,27.4,NA,NA,NA,NA,NA,NA,NA,418.99555555555554,107.68,1366.9955555555557,1.966791287763702,NA,1.8310209981239791,0.9907939273707592,3.29505611487437e-175,1.966791287763702,0.9911471699649892,1.442850389705788,SE | Intercept,0.900463465197296,0.9427728326939874,9.51314841189402e-108,1.442850389705788,0.9564377027876884,LGR3,NA,standard,NA
Oct_22_99_FLM30_root,10/18/22,FLM30,NA,NA,14:27:08,14:30:05,NA,NA,Oct_2022,29.9,NA,NA,NA,NA,NA,NA,NA,212.53666666666663,40.45,1160.5366666666666,0.2665913730830112,AICc | Intercept,0.26389983203282,0.4291485954629797,5.6508054591167565e-27,0.2665913730830112,0.42910959315411745,1.5956180040061947,SE,1.479721650659653,0.9938048576832014,1.642483481015985e-228,1.5956180040061947,0.9941909888451624,LGR3,NA,standard,NA
Oct_22_84_FLM30_stem,10/18/22,FLM30,NA,NA,11:09:10,11:12:10,NA,NA,Oct_2022,25.9,NA,NA,NA,NA,NA,NA,NA,418.99555555555554,107.68,1366.9955555555557,29.318861825158535,NA,28.66377798064076,0.9998910802647368,0,29.318861825158535,0.9999252848898872,0.9436652561317282,RMSE | SE | AICc | Intercept,0.9436652561317282,0.9852152900342948,1.5710119276824938e-203,0.9484264688780748,0.9850373639778204,LGR3,NA,standard,NA
Oct_22_86_FLM30_stem,10/18/22,FLM30,NA,NA,11:32:00,11:35:00,NA,NA,Oct_2022,25.9,NA,NA,NA,NA,NA,NA,NA,418.99555555555554,107.68,1366.9955555555557,0.272007070414136,AICc | Intercept,0.216760449059464,0.6588544451629497,8.776394170156708e-57,0.272007070414136,0.6609744901382186,2.391499347298726,MAE | SE | Intercept,2.1398190079894652,0.9917756383435276,3.7060507384742257e-246,2.391499347298726,0.9925916825235852,LGR3,NA,standard,NA
Oct_22_87_FLM30_stem,10/18/22,FLM30,NA,NA,11:48:10,11:51:10,NA,NA,Oct_2022,29.2,NA,NA,NA,NA,NA,NA,NA,418.99555555555554,107.68,1366.9955555555557,4.255369075501763,NA,3.358886860738293,0.9928043927846256,8.658879260497462e-236,4.255369075501763,0.9966820974507368,1.023797507157412,NA,0.9059425045878574,0.9949564193909128,1.303747151485658e-252,1.023797507157412,0.9959735677064436,LGR3,NA,standard,NA
Oct_22_91_FLM30_stem,10/18/22,FLM30,NA,NA,12:33:50,12:36:50,NA,NA,Oct_2022,27.6,NA,NA,NA,NA,NA,NA,NA,418.99555555555554,107.68,1366.9955555555557,0.5742265365230119,SE | AICc,0.5739714534371988,0.2820741528782582,3.0241508140154594e-13,0.5742265365230119,0.28198045527350357,2.4107008019823506,SE | AICc | Intercept,2.3988676110993357,0.8213495158179631,3.4327976839918685e-61,2.4107008019823506,0.8211892265549848,LGR3,NA,standard,NA
Oct_22_92_FLM30_stem,10/18/22,FLM30,NA,NA,12:57:40,13:00:40,NA,NA,Oct_2022,27.6,NA,NA,NA,NA,NA,NA,NA,418.99555555555554,107.68,1366.9955555555557,-0.02662576775674146,AICc | p-value | Intercept,-0.02663682316377737,0.01050449767881844,0.07923148450201908,-0.02662576775674146,0.01049547956032714,4.420280595473106,RMSE | MAE | SE | AICc,4.420280595473106,0.999628930526376,0,4.479691532989407,0.9995766343543708,LGR3,NA,standard,NA
Oct_22_94_FLM30_stem,10/18/22,FLM30,NA,NA,13:17:30,13:20:30,NA,NA,Oct_2022,30.3,NA,NA,NA,NA,NA,NA,NA,1064.6016666666667,213.35,2012.6016666666667,0.23113782242228328,AICc | Intercept,0.2310393361008991,0.2212549099672615,1.622704018540534e-9,0.23113782242228328,0.2211786728310282,2.259296443055441,NA,1.76442401243679,0.9943198311026866,1.4774233689576799e-161,2.259296443055441,0.9987581061859608,LGR3,NA,standard,NA
Oct_22_98_FLM30_stem,10/18/22,FLM30,NA,NA,14:16:00,14:19:00,NA,NA,Oct_2022,29.9,NA,NA,NA,NA,NA,NA,NA,418.99555555555554,107.68,1366.9955555555557,0.08883727318758426,g-fact. > 2 | Intercept,0.08883727318758426,0.25718512996190757,4.127955994781583e-13,0.20000764759583797,0.2719143655183155,1.9407681992090544,NA,1.639162397620827,0.99591126729875,5.9375727639161906e-210,1.9407681992090544,0.997949842753946,LGR3,NA,standard,NA
Oct_22_100_FLM30_root,10/18/22,FLM30,NA,NA,14:33:00,14:36:00,NA,NA,Oct_2022,29.9,NA,NA,NA,NA,NA,NA,NA,212.53666666666663,40.45,1160.5366666666666,0.2367438810982782,SE | AICc | Intercept,0.23619914428364133,0.13206170916934667,3.606653427470237e-5,0.2367438810982782,0.13202453183959295,1.5475580837433314,SE | AICc,1.4425914908197917,0.9783724119956224,5.7071601333767e-97,1.5475580837433314,0.97870790946411,LGR3,NA,standard,NA
Oct_22_101_FLM30_stem,10/18/22,FLM30,NA,NA,14:52:10,14:55:10,NA,NA,Oct_2022,29.7,NA,NA,NA,NA,NA,NA,NA,418.99555555555554,107.68,1366.9955555555557,11.70770068040176,NA,10.668472375322104,0.9990782598252336,2.1593695978548313e-278,11.70770068040176,0.9996716327940705,1.636714164088454,NA,1.5480938499765475,0.99827777631105,1.0946442181267695e-253,1.636714164088454,0.998489880411636,LGR3,NA,standard,NA
Oct_22_103_FLM30_stem,10/18/22,FLM30,NA,NA,15:12:15,15:15:15,NA,NA,Oct_2022,29.7,NA,NA,NA,NA,NA,NA,NA,418.99555555555554,107.68,1366.9955555555557,0.19738711477554632,AICc,0.1951471316367886,0.710335907063579,1.188677265310889e-65,0.19738711477554632,0.7102699099741152,1.492318286244504,NA,1.456571082254279,0.9989722150944208,0,1.492318286244504,0.999012125751514,LGR3,NA,standard,NA
Oct_22_85_FLM30_stem,10/18/22,FLM30,NA,NA,11:19:35,11:22:35,NA,NA,Oct_2022,25.9,NA,NA,NA,NA,NA,NA,NA,418.99555555555554,107.68,1366.9955555555557,2.0990532029494253,SE | g-fact. > 2 | Intercept,2.0990532029494253,0.5479649982849237,1.813652028596696e-47,6.752405698300492,0.6407184688788198,2.9176585384542344,SE,1.9144527063666537,0.9840038802072064,2.0239593450249492e-238,2.9176585384542344,0.9962242610862264,LGR3,NA,standard,NA
Oct_22_102_FLM30_stem,10/18/22,FLM30,NA,NA,15:01:30,15:04:31,NA,NA,Oct_2022,29.7,NA,NA,NA,NA,NA,NA,NA,418.99555555555554,107.68,1366.9955555555557,2.2575448128595466,AICc,2.2503194583115564,0.9838683802701862,1.814641611453289e-198,2.2575448128595466,0.9836391119338196,1.4537511005308463,NA,1.3892923164704034,0.9987916193558511,1.04e-305,1.4537511005308463,0.9989295502669768,LGR3,NA,standard,NA
Oct_22_104_FLM30_stem,10/18/22,FLM30,NA,NA,15:26:56,15:30:07,NA,NA,Oct_2022,28.8,NA,NA,NA,NA,NA,NA,NA,418.99555555555554,107.68,1366.9955555555557,3.522592985695377,SE | Intercept (HM),2.0988909912346276,0.8556236223692893,4.27502110736659e-76,3.522592985695377,0.8788276820184497,0.7285961764564152,NA,0.6714344707772077,0.992888343015404,3.443406557702847e-191,0.7285961764564152,0.9933465723092172,LGR3,NA,standard,NA
Oct_22_95_FLM30_stem,10/18/22,FLM30,NA,NA,13:26:34,13:29:50,NA,NA,Oct_2022,30.3,NA,NA,NA,NA,NA,NA,NA,1064.6016666666667,213.35,2012.6016666666667,0.07244149705433903,AICc | Intercept,0.07252286654063964,0.05800006186348194,0.00233132692089895,0.07244149705433903,0.05797256192548383,2.43434323407643,SE | AICc,2.392902902506121,0.9974995987592848,5.9633229719588785e-183,2.43434323407643,0.9975199433692242,LGR3,NA,standard,NA
Oct_22_96_FLM30_stem,10/18/22,FLM30,NA,NA,13:37:42,13:41:02,NA,NA,Oct_2022,30.3,NA,NA,NA,NA,NA,NA,NA,418.99555555555554,107.68,1366.9955555555557,-0.16048852373321149,AICc | Intercept,-0.13083204911006474,0.2473617593730796,6.620527092405539e-11,-0.16048852373321149,0.24786451921504127,0.09580437534948125,SE | g-fact. > 2 | Intercept,0.09580437534948125,0.5949458747403038,7.297342255097434e-31,0.3831425222925892,0.692807273681523,LGR3,NA,standard,NA
Oct_22_90_FLM30_stem,10/18/22,FLM30,NA,NA,12:24:20,12:27:46,NA,NA,Oct_2022,27.6,NA,NA,NA,NA,NA,NA,NA,1064.6016666666667,213.35,2012.6016666666667,47.30580543446438,SE,41.216825909208765,0.996597277512415,3.4684405907005643e-234,47.30580543446438,0.9978449444020896,0.7554860680333517,NA,0.6416314899023232,0.9922928023124238,8.27248964360687e-201,0.7554860680333517,0.9941867541317162,LGR3,NA,standard,NA
Oct_22_97_FLM30_stem,10/18/22,FLM30,NA,NA,13:49:26,13:53:10,NA,NA,Oct_2022,29.9,NA,NA,NA,NA,NA,NA,NA,418.99555555555554,107.68,1366.9955555555557,0.5436962151518573,SE | AICc | Intercept,0.5436143085141893,0.5618770250126556,3.751088110805644e-30,0.5436962151518573,0.561687494822311,0.415763007657144,NA,0.29388225994005995,0.928038018530989,7.679534974900532e-92,0.415763007657144,0.93579893011901,LGR3,NA,standard,NA
Oct_22_106_FLM30_stem,10/18/22,FLM30,NA,NA,15:52:25,15:56:23,NA,NA,Oct_2022,28.8,NA,NA,NA,NA,NA,NA,NA,418.99555555555554,107.68,1366.9955555555557,-0.6234590842806631,Intercept,-0.3649294637690271,0.792674812029253,1.660983318576925e-59,-0.6234590842806631,0.8107351715330844,0.756523982500378,NA,0.6040761566183452,0.9886293589703696,1.8218416389643849e-165,0.756523982500378,0.9921902997678692,LGR3,NA,standard,NA
Oct_22_93_FLM30_stem,10/18/22,FLM30,NA,NA,13:07:10,13:17:30,NA,NA,Oct_2022,27.6,NA,NA,NA,NA,NA,NA,NA,418.99555555555554,107.68,1366.9955555555557,0.0970969306417761,AICc,0.05838148552369063,0.08825308591123016,1.8685246492943977e-5,0.0970969306417761,0.08994645128520762,2.413512714891028,NA,1.9538648896023487,0.99572873349735,6.621457815857387e-225,2.413512714891028,0.9988555667875348,LGR3,NA,standard,NA
Oct_22_105_FLM30_stem,10/18/22,FLM30,NA,NA,15:36:27,15:49:57,NA,NA,Oct_2022,28.8,NA,NA,NA,NA,NA,NA,NA,418.99555555555554,107.68,1366.9955555555557,0.03548826177681953,g-fact. > 2 | Intercept,0.03548826177681953,0.03982294683575094,0.0033352254062517,0.09336155491467496,0.07929380959997367,0.8160656150211494,AICc,0.802279642985415,0.9966786851528588,3.560961492162e-235,0.8160656150211494,0.996691792366622,LGR3,NA,standard,NA
Oct_22_88_FLM30_stem,10/18/22,FLM30,NA,NA,11:58:25,12:21:25,NA,NA,Oct_2022,29.2,NA,NA,NA,NA,NA,NA,NA,418.99555555555554,107.68,1366.9955555555557,0.07759431295568511,AICc,0.07756327746978042,0.13654845025259563,4.0209592399181955e-8,0.07759431295568511,0.13649764471245265,1.0921071217252467,AICc,1.0662051530160142,0.9957101094521924,9.218964328416001e-238,1.0921071217252467,0.995740522545344,LGR3,NA,standard,NA
Oct_22_111_SRS5_root,10/19/22,SRS5,NA,NA,14:01:26,14:04:15,NA,NA,Oct_2022,15.4,NA,NA,NA,NA,NA,NA,NA,212.53666666666663,40.45,1160.5366666666666,-0.28859019280329584,SE | g-fact. > 2 | Intercept (HM),-0.28859019280329584,0.24541783564581657,1.4348055459429144e-12,-0.7949633803351708,0.2795164569622578,-3.1392285873334025,SE,-2.6220938974255596,0.9938713102850604,9.104408210419207e-196,-3.1392285873334025,0.9961720303054252,LGR3,NA,standard,NA
Oct_22_108_SRS5_stem,10/19/22,SRS5,NA,NA,13:29:00,13:32:00,NA,NA,Oct_2022,15.4,NA,NA,NA,NA,NA,NA,NA,418.99555555555554,107.68,1366.9955555555557,0.16310324947050966,AICc | Intercept,0.08788894630692085,0.09982124453180918,1.3210944819242365e-4,0.16310324947050966,0.1040708936460053,0.29492221316684597,AICc | Intercept,0.2933164485011259,0.9098223967477292,5.3612531908809325e-70,0.29492221316684597,0.909663644640155,LGR3,NA,standard,NA
Oct_22_110_SRS5_root,10/19/22,SRS5,NA,NA,13:52:30,13:55:30,NA,NA,Oct_2022,15.4,NA,NA,NA,NA,NA,NA,NA,212.53666666666663,40.45,1160.5366666666666,0.3207750388507742,AICc | Intercept,0.32038733191932045,0.3313342189903815,2.1112454822716125e-17,0.3207750388507742,0.3312343976878881,-0.4958702147010754,SE | AICc,-0.4443658073912559,0.8943069339549428,1.6321005891058012e-88,-0.4958702147010754,0.895038270120677,LGR3,NA,standard,NA
Oct_22_112_SRS5_root,10/19/22,SRS5,NA,NA,14:16:01,14:19:01,NA,NA,Oct_2022,15.4,NA,NA,NA,NA,NA,NA,NA,212.53666666666663,40.45,1160.5366666666666,1.046670005038448,SE | Intercept,0.5785603868424701,0.614786539712996,3.4833191035199535e-35,1.046670005038448,0.6317417148873201,0.4465264018053646,SE | AICc | Intercept,0.39755375746109706,0.8415782276282741,4.023638311734757e-66,0.4465264018053646,0.8423469866233269,LGR3,NA,standard,NA
Oct_22_114_SRS5_stem,10/19/22,SRS5,NA,NA,14:45:58,14:49:00,NA,NA,Oct_2022,18,NA,NA,NA,NA,NA,NA,NA,418.99555555555554,107.68,1366.9955555555557,0.11514817649999576,g-fact. > 2 | Intercept (LM),0.11514817649999576,0.27409806787745805,3.820180567718318e-13,0.26732470546007003,0.29054711000145494,0.5844825660064318,NA,0.5195525304623235,0.9851058511531016,3.9582395067761956e-150,0.5844825660064318,0.986054380063414,LGR3,NA,standard,NA
Oct_22_115_SRS5_stem,10/19/22,SRS5,NA,NA,14:55:01,14:58:17,NA,NA,Oct_2022,18,NA,NA,NA,NA,NA,NA,NA,418.99555555555554,107.68,1366.9955555555557,0.06962485737571125,AICc,0.06953640786164439,0.11807791874543684,6.258163055617913e-6,0.06962485737571125,0.11804263210574716,0.6820044193916137,NA,0.6336856888376476,0.989404732848531,3.4519603813186492e-155,0.6820044193916137,0.9897792016061726,LGR3,NA,standard,NA
Oct_22_109_SRS5_stem,10/19/22,SRS5,NA,NA,13:39:35,13:43:12,NA,NA,Oct_2022,15.4,NA,NA,NA,NA,NA,NA,NA,418.99555555555554,107.68,1366.9955555555557,0.03671470137657194,AICc | Intercept,0.03333312915365027,0.0359315609647417,0.00345193630205766,0.03671470137657194,0.03595401394759245,-7.378233423661792e-4,AICc | p-value | MDF | Intercept,-7.397987180115892e-4,-0.00465641808363437,0.8497962367351688,-7.378233423661792e-4,-0.00465676263710235,LGR3,NA,standard,NA
Oct_22_113_SRS5_stem,10/19/22,SRS5,NA,NA,14:33:10,14:37:10,NA,NA,Oct_2022,18,NA,NA,NA,NA,NA,NA,NA,418.99555555555554,107.68,1366.9955555555557,0.13912352695211205,AICc | Intercept,0.13902391800698363,0.4577736254021304,2.752320079726839e-31,0.13912352695211205,0.4576259685722705,0.8573829506721593,RMSE | AICc,0.8495539771707402,0.9957535002558348,3.9619849731731266e-263,0.8573829506721593,0.9956381490956135,LGR3,NA,standard,NA
Oct_22_107_SRS5_stem,10/19/22,SRS5,NA,NA,13:16:53,13:21:34,NA,NA,Oct_2022,15.4,NA,NA,NA,NA,NA,NA,NA,418.99555555555554,107.68,1366.9955555555557,0.03846247129412336,AICc | g-fact. > 2 | Intercept,0.03846247129412336,0.07994450832164002,4.134037403158264e-6,0.09349246304390424,0.08757829236663939,0.3518809351197091,NA,0.3349128917493042,0.9809881625377178,2.4976546904092787e-211,0.3518809351197091,0.9811542176073468,LGR3,NA,standard,NA
Oct_22_143_SRS5_stem,10/20/22,SRS5,NA,NA,14:02:30,14:05:30,NA,NA,Oct_2022,16.4,NA,NA,NA,NA,NA,NA,NA,418.99555555555554,107.68,1366.9955555555557,0.1044463293450056,SE | g-fact. > 2 | Intercept,0.1044463293450056,0.19306831560332727,1.5473196148720892e-8,0.3913272571147776,0.21921173019570195,-0.18491147464312105,AICc | Intercept,-0.18449922656078793,0.6726216616848875,3.3822512167148753e-37,-0.18491147464312105,0.6720092168942617,LGR3,NA,standard,NA
Oct_22_144_SRS5_stem,10/20/22,SRS5,NA,NA,14:16:00,14:19:00,NA,NA,Oct_2022,16.4,NA,NA,NA,NA,NA,NA,NA,418.99555555555554,107.68,1366.9955555555557,0.07268143267952566,AICc | Intercept,0.04757494493841119,0.09364789621845282,2.351836003185653e-6,0.07268143267952566,0.09527258758818093,0.8506867170211959,NA,0.8285822129779885,0.9967012773646252,1.8104579638940918e-271,0.8506867170211959,0.9967484967593854,LGR3,NA,standard,NA
Oct_22_145_SRS5_stem,10/20/22,SRS5,NA,NA,14:24:07,14:27:07,NA,NA,Oct_2022,16.4,NA,NA,NA,NA,NA,NA,NA,418.99555555555554,107.68,1366.9955555555557,0.0928147206273925,g-fact. > 2 | Intercept,0.0928147206273925,0.21151855318244608,4.4584263116005904e-10,0.25491070775897223,0.2327027710454216,1.1143264729695634,NA,1.037524440143938,0.996112993050002,5.6595960004669346e-195,1.1143264729695634,0.9964575242407872,LGR3,NA,standard,NA
Oct_22_150_SRS5_stem,10/20/22,SRS5,NA,NA,11:57:10,12:00:10,NA,NA,Oct_2022,21.1,NA,NA,NA,NA,NA,NA,NA,1064.6016666666667,213.35,2012.6016666666667,0.4218449854916929,AICc,0.4201379957613947,0.8436290953349933,1.417060565437566e-66,0.4218449854916929,0.8434586247981541,0.32807041228997413,AICc,0.31787854958308476,0.966267109707823,6.828506271837961e-120,0.32807041228997413,0.9663326866695634,LGR3,NA,standard,NA
Oct_22_153_SRS5_root,10/20/22,SRS5,NA,NA,12:28:40,12:31:40,NA,NA,Oct_2022,21.1,NA,NA,NA,NA,NA,NA,NA,212.53666666666663,40.45,1160.5366666666666,3.2193979662799563,SE,2.854469545884196,0.9603844688836294,1.4053189660492147e-106,3.2193979662799563,0.9613440114998606,1.7785990900617552,SE,1.5336961934501283,0.9840810532702382,4.4078716645902e-136,1.7785990900617552,0.9856430822715352,LGR3,NA,standard,NA
Oct_22_157_SRS5_stem,10/20/22,SRS5,NA,NA,13:23:50,13:26:50,NA,NA,Oct_2022,19.9,NA,NA,NA,NA,NA,NA,NA,418.99555555555554,107.68,1366.9955555555557,0.05496421953923384,AICc | g-fact. > 2 | Intercept,0.05496421953923384,0.0394445591410596,0.00949173743128986,0.12385237773478154,0.0466422317959051,0.6532011014061417,AICc,0.6429499226216301,0.9864642927697695,1.0254327850083556e-135,0.6532011014061417,0.9864550225019636,LGR3,NA,standard,NA
Oct_22_158_SRS5_root,10/20/22,SRS5,NA,NA,13:39:30,13:42:30,NA,NA,Oct_2022,19.9,NA,NA,NA,NA,NA,NA,NA,212.53666666666663,40.45,1160.5366666666666,0.23295499839212552,AICc | Intercept,0.23243470663290017,0.23383085377410584,7.307059104594318e-12,0.23295499839212552,0.2337640028932169,1.068841113419451,SE | AICc,1.0542932510971328,0.9814323863121228,6.564003972493894e-152,1.068841113419451,0.9813880217935884,LGR3,NA,standard,NA
Oct_22_159_SRS5_root,10/20/22,SRS5,NA,NA,13:49:30,13:52:30,NA,NA,Oct_2022,19.9,NA,NA,NA,NA,NA,NA,NA,212.53666666666663,40.45,1160.5366666666666,-0.16803653540677974,AICc | Intercept,-0.16809037122056963,0.06240939983614413,9.007660158868927e-5,-0.16803653540677974,0.06233948859127236,-4.221053647959216,SE,-3.34207590929708,0.9948717895439824,1.4891266033514472e-257,-4.221053647959216,0.998780565012122,LGR3,NA,standard,NA
Oct_22_161_SRS5_stem,10/20/22,SRS5,NA,NA,15:41:48,15:44:48,NA,NA,Oct_2022,18.5,NA,NA,NA,NA,NA,NA,NA,418.99555555555554,107.68,1366.9955555555557,0.03617777512310518,AICc | Intercept,0.03615929780481372,0.03251794295497046,0.01325846763001006,0.03617777512310518,0.03250497002227015,0.38325462275858097,NA,0.3442351288616296,0.9657693633563462,1.9055189625831957e-116,0.38325462275858097,0.9665813437452556,LGR3,NA,standard,NA
Oct_22_164_SRS5_CWD,10/20/22,SRS5,NA,NA,16:05:05,16:08:05,NA,NA,Oct_2022,18.5,NA,NA,NA,NA,NA,NA,NA,212.53666666666663,40.45,1160.5366666666666,0.7112924050712912,SE | AICc,0.6058507608964241,0.5382409654848574,2.9551692647049116e-22,0.7112924050712912,0.5393014029609553,5.165763922651682,SE,4.645488668765409,0.996682805156492,4.474490175650997e-152,5.165763922651682,0.9974786520413232,LGR3,NA,standard,NA
Oct_22_151_SRS5_stem,10/20/22,SRS5,NA,NA,12:11:10,12:14:11,NA,NA,Oct_2022,21.1,NA,NA,NA,NA,NA,NA,NA,1064.6016666666667,213.35,2012.6016666666667,0.06559855841911184,AICc | Intercept,0.0653747911512195,0.1234076258949961,1.1167067580100748e-6,0.06559855841911184,0.12338115238434756,0.6211909488902906,AICc,0.6136097975967723,0.9924597113989462,9.150440074218191e-186,0.6211909488902906,0.992377513935641,LGR3,NA,standard,NA
Oct_22_156_SRS5_stem,10/20/22,SRS5,NA,NA,13:14:10,13:17:15,NA,NA,Oct_2022,19.9,NA,NA,NA,NA,NA,NA,NA,1064.6016666666667,213.35,2012.6016666666667,0.12804455723569985,AICc | Intercept,0.07521510708606272,0.17316805984079897,2.4070747885960053e-8,0.12804455723569985,0.17767615844048945,0.6916223195930413,AICc,0.6681023698502029,0.9935485792873812,2.8383901949346727e-176,0.6916223195930413,0.99362959633374,LGR3,NA,standard,NA
Oct_22_162_SRS5_stem,10/20/22,SRS5,NA,NA,15:49:53,15:53:13,NA,NA,Oct_2022,18.5,NA,NA,NA,NA,NA,NA,NA,418.99555555555554,107.68,1366.9955555555557,0.13319299491275963,AICc | Intercept,0.13279650799534037,0.3780823246848498,5.2504559618231894e-20,0.13319299491275963,0.3779852774778948,0.7934906405721234,AICc,0.7834984983516172,0.9942507116646396,3.3941817954462836e-198,0.7934906405721234,0.9941893155255728,LGR3,NA,standard,NA
Oct_22_148_SRS5_stem,10/20/22,SRS5,NA,NA,14:57:55,15:01:26,NA,NA,Oct_2022,18.6,NA,NA,NA,NA,NA,NA,NA,418.99555555555554,107.68,1366.9955555555557,0.15845409275458652,AICc | Intercept,0.15644433449337142,0.45447763223243176,9.905442454021772e-31,0.15845409275458652,0.4544489108118393,1.051974072025884,NA,1.0092946689946007,0.9971984116894989,1.9197049263359424e-280,1.051974072025884,0.9973151648593876,LGR3,NA,standard,NA
Oct_22_163_SRS5_root,10/20/22,SRS5,NA,NA,15:57:17,16:00:50,NA,NA,Oct_2022,18.5,NA,NA,NA,NA,NA,NA,NA,212.53666666666663,40.45,1160.5366666666666,0.94489754761217,SE | AICc | Intercept,0.9372317217293696,0.5915262398473256,3.058755688740131e-17,0.94489754761217,0.5914601942092532,1.6340632274780424,SE | AICc,1.5620003962049638,0.9682899411291636,3.4672606863670544e-61,1.6340632274780424,0.9684267148019254,LGR3,NA,standard,NA
Oct_22_146_SRS5_root,10/20/22,SRS5,NA,NA,14:30:24,14:34:00,NA,NA,Oct_2022,16.4,NA,NA,NA,NA,NA,NA,NA,212.53666666666663,40.45,1160.5366666666666,0.36233425014739895,SE | Intercept,0.18406161269611784,0.2008871481135608,1.701500806638786e-11,0.36233425014739895,0.20971556171856875,0.9369281830860576,SE,0.8140887077214299,0.9789693852789416,3.186755551395144e-168,0.9369281830860576,0.9802874339064968,LGR3,NA,standard,NA
Oct_22_155_SRS5_stem,10/20/22,SRS5,NA,NA,13:04:09,13:08:00,NA,NA,Oct_2022,19.9,NA,NA,NA,NA,NA,NA,NA,1064.6016666666667,213.35,2012.6016666666667,0.08734761881079292,AICc | Intercept,0.08677336406672902,0.265625196845682,8.915572509653226e-15,0.08734761881079292,0.2655796465944167,0.8607319908419465,AICc,0.847870985526474,0.9964634824294896,1.6112999563587798e-237,0.8607319908419465,0.9964307048090264,LGR3,NA,standard,NA
Oct_22_149_SRS5_stem,10/20/22,SRS5,NA,NA,15:08:08,15:12:00,NA,NA,Oct_2022,18.6,NA,NA,NA,NA,NA,NA,NA,418.99555555555554,107.68,1366.9955555555557,0.11383086115041534,AICc | Intercept,0.11364528699170497,0.2852691139493806,2.5096990229723198e-17,0.11383086115041534,0.28518357654475335,2.426821906603774,RMSE | MAE | AICc,2.426821906603774,0.9987151742708494,3.2062025386216624e-291,2.4642904348399077,0.9986775488094558,LGR3,NA,standard,NA
Oct_22_160_SRS5_stem,10/20/22,SRS5,NA,NA,15:25:46,15:29:39,NA,NA,Oct_2022,18.5,NA,NA,NA,NA,NA,NA,NA,1064.6016666666667,213.35,2012.6016666666667,0.0664651879876439,g-fact. > 2 | Intercept,0.0664651879876439,0.19139698683861084,2.3004254602379028e-10,0.13746369343156584,0.20227144026021204,0.5758314335379461,NA,0.5566756347851287,0.995216734636694,8.447792753782916e-217,0.5758314335379461,0.9952948343748758,LGR3,NA,standard,NA
Oct_22_147_SRS5_stem,10/20/22,SRS5,NA,NA,14:51:00,14:54:56,NA,NA,Oct_2022,18.6,NA,NA,NA,NA,NA,NA,NA,1064.6016666666667,213.35,2012.6016666666667,0.05381589882657348,AICc | Intercept,0.05192133237209249,0.12422046071101178,8.663688933657336e-8,0.05381589882657348,0.12422976812881958,0.6961239771851576,NA,0.6603409625858144,0.9942609534778224,2.1120462523407457e-236,0.6961239771851576,0.9944516363406988,LGR3,NA,standard,NA
Oct_22_152_SRS5_stem,10/20/22,SRS5,NA,NA,12:21:40,12:25:40,NA,NA,Oct_2022,21.1,NA,NA,NA,NA,NA,NA,NA,418.99555555555554,107.68,1366.9955555555557,0.08589613401213798,AICc | Intercept,0.08543298395439482,0.17108936443371547,8.332167225071668e-10,0.08589613401213798,0.1710553436591573,0.9830255342736866,RMSE | AICc,0.9745379516525166,0.995862585610071,9.52782068178267e-236,0.9830255342736866,0.9957415612781192,LGR3,NA,standard,NA
Oct_22_154_SRS5_root,10/20/22,SRS5,NA,NA,12:44:24,12:48:26,NA,NA,Oct_2022,21.1,NA,NA,NA,NA,NA,NA,NA,212.53666666666663,40.45,1160.5366666666666,2.454207351665454,SE | Intercept (LM),1.6531974282735706,0.9259257515220628,2.4264153477921818e-116,2.454207351665454,0.937159183824803,1.4161252417540555,SE,1.1615828331242748,0.9798412341458612,1.9378936192357484e-173,1.4161252417540555,0.9825028012625278,LGR3,NA,standard,NA
Oct_22_171_SRS5_stem,10/21/22,SRS5,NA,NA,12:33:55,12:36:55,NA,NA,Oct_2022,16.8,NA,NA,NA,NA,NA,NA,NA,2190.644,462.19,3138.644,NA,NA,NA,NA,NA,NA,NA,NA,NA,NA,NA,NA,NA,NA,LGR3,NA,standard,NA
Oct_22_167_SRS5_stem,10/21/22,SRS5,NA,NA,11:44:55,11:48:00,NA,NA,Oct_2022,17.6,NA,NA,NA,NA,NA,NA,NA,418.99555555555554,107.68,1366.9955555555557,NA,NA,NA,NA,NA,NA,NA,NA,NA,NA,NA,NA,NA,NA,LGR3,NA,standard,NA
Oct_22_169_SRS5_root,10/21/22,SRS5,NA,NA,11:59:16,12:02:22,NA,NA,Oct_2022,17.6,NA,NA,NA,NA,NA,NA,NA,212.53666666666663,40.45,1160.5366666666666,NA,NA,NA,NA,NA,NA,NA,NA,NA,NA,NA,NA,NA,NA,LGR3,NA,standard,NA
Oct_22_173_SRS5_stem,10/21/22,SRS5,NA,NA,12:56:32,12:59:40,NA,NA,Oct_2022,16.8,NA,NA,NA,NA,NA,NA,NA,1064.6016666666667,213.35,2012.6016666666667,NA,NA,NA,NA,NA,NA,NA,NA,NA,NA,NA,NA,NA,NA,LGR3,NA,standard,NA
Oct_22_170_SRS5_stem,10/21/22,SRS5,NA,NA,12:16:19,12:19:31,NA,NA,Oct_2022,16.8,NA,NA,NA,NA,NA,NA,NA,1064.6016666666667,213.35,2012.6016666666667,NA,NA,NA,NA,NA,NA,NA,NA,NA,NA,NA,NA,NA,NA,LGR3,NA,standard,NA
Oct_22_172_SRS5_stem,10/21/22,SRS5,NA,NA,12:45:04,12:48:16,NA,NA,Oct_2022,16.8,NA,NA,NA,NA,NA,NA,NA,1064.6016666666667,213.35,2012.6016666666667,NA,NA,NA,NA,NA,NA,NA,NA,NA,NA,NA,NA,NA,NA,LGR3,NA,standard,NA
Oct_22_174_SRS5_root,10/21/22,SRS5,NA,NA,13:05:05,13:08:20,NA,NA,Oct_2022,16.8,NA,NA,NA,NA,NA,NA,NA,212.53666666666663,40.45,1160.5366666666666,NA,NA,NA,NA,NA,NA,NA,NA,NA,NA,NA,NA,NA,NA,LGR3,NA,standard,NA
Oct_22_168_SRS5_root,10/21/22,SRS5,NA,NA,11:52:53,11:56:34,NA,NA,Oct_2022,17.6,NA,NA,NA,NA,NA,NA,NA,212.53666666666663,40.45,1160.5366666666666,NA,NA,NA,NA,NA,NA,NA,NA,NA,NA,NA,NA,NA,NA,LGR3,NA,standard,NA
Oct_22_165_SRS5_stem,10/21/22,SRS5,NA,NA,11:22:49,11:27:09,NA,NA,Oct_2022,17.6,NA,NA,NA,NA,NA,NA,NA,418.99555555555554,107.68,1366.9955555555557,NA,NA,NA,NA,NA,NA,NA,NA,NA,NA,NA,NA,NA,NA,LGR3,NA,standard,NA
Oct_22_166_SRS5_stem,10/21/22,SRS5,NA,NA,11:33:05,11:37:37,NA,NA,Oct_2022,17.6,NA,NA,NA,NA,NA,NA,NA,418.99555555555554,107.68,1366.9955555555557,NA,NA,NA,NA,NA,NA,NA,NA,NA,NA,NA,NA,NA,NA,LGR3,NA,standard,NA
Oct_22_199_CP40_stem,10/23/22,CP40,NA,NA,15:53:41,15:56:45,NA,NA,Oct_2022,27.4,NA,NA,NA,NA,NA,NA,NA,2190.644,462.19,3138.644,-0.12606320370756108,SE | AICc | g-fact. > 2 | p-value | Intercept (LM),-0.12606320370756108,-0.00570774213121705,0.8637988031130576,-1.5842647784535249,-0.00476616492960668,3.8862925530344143,SE | AICc | p-value | Intercept,3.5447996835172293,0.0113592241553837,0.08691677725290338,3.8862925530344143,0.01136928780153923,LGR3,NA,standard,NA
Oct_22_200_CP40_stem,10/23/22,CP40,NA,NA,16:06:06,16:09:10,NA,NA,Oct_2022,27.7,NA,NA,NA,NA,NA,NA,NA,1064.6016666666667,213.35,2012.6016666666667,0.22482825056021685,SE | AICc | p-value | Intercept,0.15825259668563726,0.00247798196981796,0.23976928875011216,0.22482825056021685,0.00254970593226688,4.236578653055022,SE | AICc | Intercept,4.214382600470854,0.02105296424611436,0.0375856869697634,4.236578653055022,0.02104797642185552,LGR3,NA,standard,NA
Oct_22_198_CP40_stem,10/23/22,CP40,NA,NA,15:41:13,15:44:40,NA,NA,Oct_2022,28.4,NA,NA,NA,NA,NA,NA,NA,2190.644,462.19,3138.644,15.232941344737249,SE,14.362173992407472,0.998928957359275,1.6758671607627887e-95,15.232941344737249,0.9991776350930036,1.1850249221373097,SE,1.053433944291415,0.9891273766515094,8.548713335879567e-64,1.1850249221373097,0.9901161511923338,LGR3,NA,standard,NA
Oct_22_197_CP40_stem,10/23/22,CP40,NA,NA,15:26:00,15:29:30,NA,NA,Oct_2022,30.9,NA,NA,NA,NA,NA,NA,NA,2190.644,462.19,3138.644,0.8638815951233779,AICc,0.8326642924830694,0.9831172385250152,1.1402626129658514e-177,0.8638815951233779,0.9832095581058364,3.504472108656446,NA,3.3440910641925368,0.9996777973343436,0,3.504472108656446,0.9998263011069248,LGR3,NA,standard,NA
Oct_22_191_CP40_stem,10/23/22,CP40,NA,NA,12:40:46,12:45:00,NA,NA,Oct_2022,30.1,NA,NA,NA,NA,NA,NA,NA,212.53666666666663,40.45,1160.5366666666666,0.05099938867203379,HM.flux is NA,0.05099938867203379,-0.00347634212874869,0.4421841837498812,NA,NA,0.9247336874997492,SE,0.7510644970798951,0.9163818113811232,1.4603693364818126e-64,0.9247336874997492,0.9194515000770797,LGR3,NA,standard,NA
Oct_22_194_CP40_stem,10/23/22,CP40,NA,NA,14:04:00,14:09:00,NA,NA,Oct_2022,30.8,NA,NA,NA,NA,NA,NA,NA,1064.6016666666667,213.35,2012.6016666666667,0.19653454338793863,AICc,0.19501871819047512,0.7813172197897791,3.06590981799138e-103,0.19653454338793863,0.7812112016811844,1.342035337385861,RMSE | MAE | AICc,1.342035337385861,0.9993266417057186,0,1.3641850486573048,0.9992952091060046,LGR3,NA,standard,NA
Oct_22_196_CP40_stem,10/23/22,CP40,NA,NA,15:06:30,15:11:30,NA,NA,Oct_2022,29.6,NA,NA,NA,NA,NA,NA,NA,2190.644,462.19,3138.644,4.593060818001227,NA,4.429695812440603,0.9994834043175832,0,4.593060818001227,0.9995720827020848,2.6070450198812907,NA,2.528705027978199,0.9997094022742627,0,2.6070450198812907,0.999772188622504,LGR3,NA,standard,NA
Oct_22_190_CP40_stem,10/23/22,CP40,NA,NA,12:19:00,12:24:00,NA,NA,Oct_2022,29.9,NA,NA,NA,NA,NA,NA,NA,418.99555555555554,107.68,1366.9955555555557,0.11154419894366951,g-fact. > 2 | Intercept,0.11154419894366951,0.3569532669938529,1.9261070832511047e-27,0.4523762374723819,0.4111433984023454,0.11524276832851096,g-fact. > 2 | Intercept (LM),0.11524276832851096,0.8066875528769012,8.885041933841036e-97,0.2647462999259858,0.8559863254450536,LGR3,NA,standard,NA
Oct_22_193_CP40_stem,10/23/22,CP40,NA,NA,13:42:40,13:48:30,NA,NA,Oct_2022,29.8,NA,NA,NA,NA,NA,NA,NA,2190.644,462.19,3138.644,1.1595448424279,NA,0.9290303510780712,0.9927807266583564,0,1.1595448424279,0.9962437770938736,1.2923737386026182,NA,0.9988885065137852,0.994579435505932,0,1.2923737386026182,0.9992145970772016,LGR3,NA,standard,NA
Oct_22_195_CP40_stem,10/23/22,CP40,NA,NA,14:35:00,14:42:00,NA,NA,Oct_2022,28.7,NA,NA,NA,NA,NA,NA,NA,2190.644,462.19,3138.644,24.466082964438513,RMSE | MAE | AICc,24.466082964438513,0.9999427397903544,0,24.847912969437346,0.999918085800248,2.6534616695600897,NA,2.6102795901387443,0.9998724030709932,0,2.6534616695600897,0.9998775534499442,LGR3,NA,standard,NA
Oct_22_192_CP40_stem,10/23/22,CP40,NA,NA,13:20:00,13:30:00,NA,NA,Oct_2022,28.6,NA,NA,NA,NA,NA,NA,NA,2190.644,462.19,3138.644,60.94404222532494,RMSE | MAE | SE | AICc,60.94404222532494,0.9996058495956004,3.1142556800709157e-247,61.6650942764508,0.9994941798417766,7.423950865378739,RMSE | MAE | SE | AICc,7.423950865378739,0.9994979179929836,1.1521003207057543e-239,7.523239261930527,0.9994504375184426,LGR3,NA,standard,NA
Oct_22_189_CP40_stem,10/23/22,CP40,NA,NA,11:22:58,11:39:20,NA,NA,Oct_2022,28.3,NA,NA,NA,NA,NA,NA,NA,418.99555555555554,107.68,1366.9955555555557,-0.7121762890327469,Intercept (HM),-0.4780305809678545,0.9005347269868199,4.407674919077284e-146,-0.7121762890327469,0.910913875213949,0.18244992081433103,Intercept (HM),0.13229359052999928,0.8701583934353389,1.8222508313132446e-129,0.18244992081433103,0.8763965397791961,LGR3,NA,standard,NA
Oct_22_225_CP40_CWD,10/24/22,CP40,NA,NA,13:24:30,13:27:00,NA,NA,Oct_2022,29.7,NA,NA,NA,NA,NA,NA,NA,212.53666666666663,40.45,1160.5366666666666,3.741572150027934,SE,2.23031178873223,0.9166599322984778,2.423839988544588e-80,3.741572150027934,0.93558260150288,7.558500485509072,SE,6.271349369825576,0.9963003474515396,1.9795293547976578e-178,7.558500485509072,0.9987024426163406,LGR3,NA,standard,NA
Oct_22_216_CP40_stem,10/24/22,CP40,NA,NA,10:37:00,10:40:00,NA,NA,Oct_2022,26.6,NA,NA,NA,NA,NA,NA,NA,1064.6016666666667,213.35,2012.6016666666667,47.46913122024596,SE,43.338862900158496,0.9988848482717289,6.568242922799163e-268,47.46913122024596,0.9994638723977124,1.105212762644213,NA,0.7926483501439031,0.9859689597924092,6.284346395795884e-169,1.105212762644213,0.9938355138184808,LGR3,NA,standard,NA
Oct_22_218_CP40_stem,10/24/22,CP40,NA,NA,11:16:30,11:19:30,NA,NA,Oct_2022,26.6,NA,NA,NA,NA,NA,NA,NA,1064.6016666666667,213.35,2012.6016666666667,0.7314927806113541,AICc,0.7256272998835989,0.9832809833188694,8.540152042962606e-269,0.7314927806113541,0.983134914156734,1.2535268034171585,NA,1.2247231578119806,0.9990375788746884,0,1.2535268034171585,0.9990655497214852,LGR3,NA,standard,NA
Oct_22_219_CP40_stem,10/24/22,CP40,NA,NA,11:50:00,11:53:00,NA,NA,Oct_2022,23.4,NA,NA,NA,NA,NA,NA,NA,1064.6016666666667,213.35,2012.6016666666667,17.92671576258468,NA,14.692384188257142,0.9969755185581242,4.950083899715058e-292,17.92671576258468,0.9997599256155032,2.789137080612019,NA,2.321454854041862,0.9970005555459946,1.8407942179449845e-291,2.789137080612019,0.9993591477927904,LGR3,NA,standard,NA
Oct_22_221_CP40_stem,10/24/22,CP40,NA,NA,12:08:00,12:11:00,NA,NA,Oct_2022,23.4,NA,NA,NA,NA,NA,NA,NA,1064.6016666666667,213.35,2012.6016666666667,0.05867445915108013,g-fact. > 2 | Intercept,0.05867445915108013,0.20298701560489615,4.510835110459134e-15,0.3140687300507307,0.27948660641417744,4.316677973065694,SE,3.045741271998036,0.9891475603790956,1.6473432454760168e-264,4.316677973065694,0.998207276902232,LGR3,NA,standard,NA
Oct_22_222_CP40_stem,10/24/22,CP40,NA,NA,12:36:00,12:39:00,NA,NA,Oct_2022,29.3,NA,NA,NA,NA,NA,NA,NA,2190.644,462.19,3138.644,2.5691469686958266,NA,2.3433071622600714,0.9958331410951085,4.130069438336597e-171,2.5691469686958266,0.9964132242315918,5.783570551302465,NA,5.670832526442178,0.9997857139362828,1.2860548361121945e-262,5.783570551302465,0.9998108398310152,LGR3,NA,standard,NA
Oct_22_223_CP40_stem,10/24/22,CP40,NA,NA,12:50:00,12:53:00,NA,NA,Oct_2022,29.3,NA,NA,NA,NA,NA,NA,NA,2190.644,462.19,3138.644,0.9181390823852024,NA,0.8183957199033257,0.9892692085171456,1.3931419681631042e-236,0.9181390823852024,0.9901662955922153,4.725175076186629,NA,4.3509925870690775,0.9992416797074796,0,4.725175076186629,0.9996971144698366,LGR3,NA,standard,NA
Oct_22_224_CP40_stem,10/24/22,CP40,NA,NA,13:04:00,13:07:00,NA,NA,Oct_2022,29.3,NA,NA,NA,NA,NA,NA,NA,1064.6016666666667,213.35,2012.6016666666667,0.5922995478576991,Intercept (LM),0.33732569164329346,0.8108944842916251,3.267828662778709e-71,0.5922995478576991,0.8305460837813479,8.217504787526629,SE,5.5832647097822425,0.9875041244634936,6.140179213132179e-184,8.217504787526629,0.9982076732210976,LGR3,NA,standard,NA
Oct_22_217_CP40_stem,10/24/22,CP40,NA,NA,11:01:00,11:04:00,NA,NA,Oct_2022,26.6,NA,NA,NA,NA,NA,NA,NA,1064.6016666666667,213.35,2012.6016666666667,3.1593991480082577,NA,3.0859338586472886,0.9982501447950938,0,3.1593991480082577,0.9982870547705242,1.91004189602148,NA,1.7947107600886043,0.999069003874182,0,1.91004189602148,0.9993336584759704,LGR3,NA,standard,NA
Oct_22_220_CP40_stem,10/24/22,CP40,NA,NA,11:58:30,12:01:30,NA,NA,Oct_2022,23.4,NA,NA,NA,NA,NA,NA,NA,1064.6016666666667,213.35,2012.6016666666667,1.7102449597622351,AICc,1.6806473761935494,0.9889481151029996,9.51985623861082e-155,1.7102449597622351,0.9889686753478864,2.7551860976625275,RMSE | AICc,2.7063249886417293,0.9992175214401642,1.9021517295814054e-244,2.7551860976625275,0.9992006714000864,LGR3,NA,standard,NA
Oct_22_231_BL60_stem,10/25/22,BL60,NA,NA,15:13:00,15:15:30,NA,NA,Oct_2022,24,NA,NA,NA,NA,NA,NA,NA,212.53666666666663,40.45,1160.5366666666666,706.7033986199485,SE,361.6633494813081,0.7089864982441753,5.148450064032442e-32,706.7033986199485,0.7326126278267758,34.679665454060135,RMSE | MAE | SE | AICc,34.679665454060135,0.9996241756127948,7.234611606791359e-194,35.057313711415,0.9995436254271196,LGR3,NA,standard,NA
Oct_22_228_BL60_stem,10/25/22,BL60,NA,NA,14:48:00,14:51:00,NA,NA,Oct_2022,23.5,NA,NA,NA,NA,NA,NA,NA,2190.644,462.19,3138.644,113.21832620083094,RMSE | MAE | SE | AICc,113.21832620083094,0.999912557674971,5.207252873662339e-274,114.83969845293556,0.9998736086095016,10.380979306191948,RMSE | MAE | AICc,10.380979306191948,0.9999467481788404,1.9304425053681498e-288,10.543959456971116,0.99993856149237,LGR3,NA,standard,NA
Oct_22_229_BL60_stem,10/25/22,BL60,NA,NA,14:56:00,14:59:00,NA,NA,Oct_2022,23.5,NA,NA,NA,NA,NA,NA,NA,212.53666666666663,40.45,1160.5366666666666,0.6415570844545738,SE | g-fact. > 2 | Intercept,0.6415570844545738,0.45308669486087594,1.5685187616122958e-24,2.0385966859212252,0.4896674799324817,11.798828190631063,SE,11.106728491140563,0.9994039942171834,1.7325832897282688e-279,11.798828190631063,0.9996560712911392,LGR3,NA,standard,NA
Oct_22_230_BL60_stem,10/25/22,BL60,NA,NA,15:01:30,15:04:30,NA,NA,Oct_2022,23.5,NA,NA,NA,NA,NA,NA,NA,212.53666666666663,40.45,1160.5366666666666,0.5377512071708332,SE | AICc,0.5360220002079455,0.5029837668837286,2.6875012181652535e-24,0.5377512071708332,0.5028567343927748,10.91847059354443,SE,10.648620258434033,0.9995269910417393,1.6000365005109332e-246,10.91847059354443,0.9995701517016689,LGR3,NA,standard,NA
Oct_22_232_BL60_stem,10/25/22,BL60,NA,NA,15:23:45,15:26:45,NA,NA,Oct_2022,24,NA,NA,NA,NA,NA,NA,NA,212.53666666666663,40.45,1160.5366666666666,0.8492238179987436,SE | Intercept,0.4339574157235683,0.3990412504106545,5.694121811283834e-19,0.8492238179987436,0.4135844194887761,13.23660594195612,SE,12.591783965275749,0.9996089389716788,1.5629394520682071e-264,13.23660594195612,0.9997823389605136,LGR3,NA,standard,NA
Oct_22_233_BL60_stem,10/25/22,BL60,NA,NA,15:32:10,15:35:10,NA,NA,Oct_2022,24,NA,NA,NA,NA,NA,NA,NA,212.53666666666663,40.45,1160.5366666666666,0.6547263624704155,SE | AICc | Intercept,0.4442899167606287,0.4274260598448787,4.1027264675745064e-20,0.6547263624704155,0.4323078467911126,9.106158740949498,RMSE | MAE | SE | AICc,9.106158740949498,0.99958085293175,1.880683430853636e-255,9.241721696040594,0.9995496977946008,LGR3,NA,standard,NA
Oct_22_236_BL60_stem,10/25/22,BL60,NA,NA,11:24:10,11:27:10,NA,NA,Oct_2022,23,NA,NA,NA,NA,NA,NA,NA,418.99555555555554,107.68,1366.9955555555557,NA,NA,NA,NA,NA,NA,NA,NA,NA,NA,NA,NA,NA,NA,LGR3,NA,standard,NA
Oct_22_237_BL60_stem,10/25/22,BL60,NA,NA,11:40:15,11:43:15,NA,NA,Oct_2022,23,NA,NA,NA,NA,NA,NA,NA,418.99555555555554,107.68,1366.9955555555557,NA,NA,NA,NA,NA,NA,NA,NA,NA,NA,NA,NA,NA,NA,LGR3,NA,standard,NA
Oct_22_239_BL60_stem,10/25/22,BL60,NA,NA,11:59:00,12:02:00,NA,NA,Oct_2022,22.9,NA,NA,NA,NA,NA,NA,NA,418.99555555555554,107.68,1366.9955555555557,NA,NA,NA,NA,NA,NA,NA,NA,NA,NA,NA,NA,NA,NA,LGR3,NA,standard,NA
Oct_22_240_BL60_stem,10/25/22,BL60,NA,NA,12:06:43,12:09:43,NA,NA,Oct_2022,22.9,NA,NA,NA,NA,NA,NA,NA,418.99555555555554,107.68,1366.9955555555557,NA,NA,NA,NA,NA,NA,NA,NA,NA,NA,NA,NA,NA,NA,LGR3,NA,standard,NA
Oct_22_241_BL60_stem,10/25/22,BL60,NA,NA,12:20:50,12:23:50,NA,NA,Oct_2022,22.9,NA,NA,NA,NA,NA,NA,NA,418.99555555555554,107.68,1366.9955555555557,NA,NA,NA,NA,NA,NA,NA,NA,NA,NA,NA,NA,NA,NA,LGR3,NA,standard,NA
Oct_22_242_BL60_CWD,10/25/22,BL60,NA,NA,12:39:00,12:42:00,NA,NA,Oct_2022,28.8,NA,NA,NA,NA,NA,NA,NA,212.53666666666663,40.45,1160.5366666666666,NA,NA,NA,NA,NA,NA,NA,NA,NA,NA,NA,NA,NA,NA,LGR3,NA,standard,NA
Oct_22_243_BL60_CWD,10/25/22,BL60,NA,NA,12:51:00,12:54:00,NA,NA,Oct_2022,23.3,NA,NA,NA,NA,NA,NA,NA,418.99555555555554,107.68,1366.9955555555557,NA,NA,NA,NA,NA,NA,NA,NA,NA,NA,NA,NA,NA,NA,LGR3,NA,standard,NA
Oct_22_251_BL60_stem,10/25/22,BL60,NA,NA,13:38:15,13:41:15,NA,NA,Oct_2022,23,NA,NA,NA,NA,NA,NA,NA,418.99555555555554,107.68,1366.9955555555557,NA,NA,NA,NA,NA,NA,NA,NA,NA,NA,NA,NA,NA,NA,LGR3,NA,standard,NA
Oct_22_252_BL60_stem,10/25/22,BL60,NA,NA,13:49:30,13:52:30,NA,NA,Oct_2022,23,NA,NA,NA,NA,NA,NA,NA,212.53666666666663,40.45,1160.5366666666666,NA,NA,NA,NA,NA,NA,NA,NA,NA,NA,NA,NA,NA,NA,LGR3,NA,standard,NA
Oct_22_253_BL60_CWD,10/25/22,BL60,NA,NA,14:15:45,14:18:45,NA,NA,Oct_2022,23,NA,NA,NA,NA,NA,NA,NA,418.99555555555554,107.68,1366.9955555555557,NA,NA,NA,NA,NA,NA,NA,NA,NA,NA,NA,NA,NA,NA,LGR3,NA,standard,NA
Oct_22_254_BL60_stem,10/25/22,BL60,NA,NA,14:29:50,14:32:50,NA,NA,Oct_2022,24.1,NA,NA,NA,NA,NA,NA,NA,212.53666666666663,40.45,1160.5366666666666,NA,NA,NA,NA,NA,NA,NA,NA,NA,NA,NA,NA,NA,NA,LGR3,NA,standard,NA
Oct_22_255_BL60_stem,10/25/22,BL60,NA,NA,14:36:50,14:39:50,NA,NA,Oct_2022,24.1,NA,NA,NA,NA,NA,NA,NA,212.53666666666663,40.45,1160.5366666666666,NA,NA,NA,NA,NA,NA,NA,NA,NA,NA,NA,NA,NA,NA,LGR3,NA,standard,NA
Oct_22_235_BL60_stem,10/25/22,BL60,NA,NA,11:02:30,11:05:30,NA,NA,Oct_2022,24.9,NA,NA,NA,NA,NA,NA,NA,212.53666666666663,40.45,1160.5366666666666,0.465643436593683,SE | g-fact. > 2 | Intercept (LM),0.465643436593683,0.214476609092354,1.3506135531249182e-8,1.2031118852991003,0.2461851994574713,-12.508122952248096,SE,-11.862848338973778,0.9988496705276776,3.815111259693568e-193,-12.508122952248096,0.998966053820795,LGR3,NA,standard,NA
Oct_22_238_BL60_stem,10/25/22,BL60,NA,NA,11:47:30,11:50:30,NA,NA,Oct_2022,23,NA,NA,NA,NA,NA,NA,NA,418.99555555555554,107.68,1366.9955555555557,NA,NA,NA,NA,NA,NA,NA,NA,NA,NA,NA,NA,NA,NA,LGR3,NA,standard,NA
Oct_22_278_SRS5_stem,3/12/23,SRS5,NA,NA,15:13:00,15:18:00,NA,NA,March_2023,28.3,NA,NA,NA,NA,NA,NA,NA,2190.644,462.19,3138.644,NA,NA,NA,NA,NA,NA,NA,NA,NA,NA,NA,NA,NA,NA,LGR3,NA,standard,NA
Oct_22_279_SRS5_stem,3/12/23,SRS5,NA,NA,15:21:00,15:26:00,NA,NA,March_2023,28.3,NA,NA,NA,NA,NA,NA,NA,2190.644,462.19,3138.644,NA,NA,NA,NA,NA,NA,NA,NA,NA,NA,NA,NA,NA,NA,LGR3,NA,standard,NA
Oct_22_280_SRS5_stem,3/12/23,SRS5,NA,NA,15:28:00,15:32:00,NA,NA,March_2023,28.3,NA,NA,NA,NA,NA,NA,NA,2190.644,462.19,3138.644,NA,NA,NA,NA,NA,NA,NA,NA,NA,NA,NA,NA,NA,NA,LGR3,NA,standard,NA
Oct_22_281_SRS5_stem,3/12/23,SRS5,NA,NA,15:30:21,15:43:21,NA,NA,March_2023,27.8,NA,NA,NA,NA,NA,NA,NA,2190.644,462.19,3138.644,NA,NA,NA,NA,NA,NA,NA,NA,NA,NA,NA,NA,NA,NA,LGR3,NA,standard,NA
Oct_22_282_SRS5_stem,3/12/23,SRS5,NA,NA,15:45:08,15:48:08,NA,NA,March_2023,27.8,NA,NA,NA,NA,NA,NA,NA,2190.644,462.19,3138.644,NA,NA,NA,NA,NA,NA,NA,NA,NA,NA,NA,NA,NA,NA,LGR3,NA,standard,NA
Oct_22_283_SRS5_stem,3/12/23,SRS5,NA,NA,15:49:00,15:54:00,NA,NA,March_2023,27.8,NA,NA,NA,NA,NA,NA,NA,2190.644,462.19,3138.644,NA,NA,NA,NA,NA,NA,NA,NA,NA,NA,NA,NA,NA,NA,LGR3,NA,standard,NA
Mar_22_T1_9_FLM30_stem,3/21/22,FLM30,NA,NA,10:34:30,10:38:34,NA,NA,March_2022,26.6,NA,NA,NA,NA,NA,NA,NA,1064.6016666666667,213.35,1440.6016666666667,62.41527026204899,SE | nb.obs,41.96859705969112,0.9865649661528512,6.540744774347118e-29,62.41527026204899,0.9988132528975412,0.2319745304941953,AICc | nb.obs,0.21532021266113952,0.993768138613339,9.477542798895494e-34,0.2319745304941953,0.9941706333571644,LGR3,NA,additional,NA
Mar_22_T1_10_FLM30_stem,3/21/22,FLM30,NA,NA,10:41:30,10:45:30,NA,NA,March_2022,26.8,NA,NA,NA,NA,NA,NA,NA,1064.6016666666667,213.35,1440.6016666666667,22.527939553764536,nb.obs,15.58889618775043,0.9895267944311544,1.8458507447246203e-36,22.527939553764536,0.99992003191104,0.46597178673754247,nb.obs,0.37844904818752273,0.996542602930098,6.94232551525375e-45,0.46597178673754247,0.9997919908853506,LGR3,NA,additional,NA
Mar_22_T1_11_FLM30_stem,3/21/22,FLM30,NA,NA,10:49:32,10:54:30,NA,NA,March_2022,26.9,NA,NA,NA,NA,NA,NA,NA,1064.6016666666667,213.35,1440.6016666666667,0.7636723932215601,Intercept (LM) | nb.obs,0.4156334506983099,0.9650036421642156,9.379929364359923e-29,0.7636723932215601,0.9928164673555786,0.3633718498041786,nb.obs,0.27967688650506495,0.9921883147327984,8.279245899160697e-41,0.3633718498041786,0.9971076200283068,LGR3,NA,additional,NA
Mar_22_T1_12_FLM30_stem,3/21/22,FLM30,NA,NA,11:18:00,11:22:00,NA,NA,March_2022,27,NA,NA,NA,NA,NA,NA,NA,1064.6016666666667,213.35,1440.6016666666667,1.0004463310884335,nb.obs,0.686746533038909,0.9843096176185931,5.096254638020175e-37,1.0004463310884335,0.9956022455242453,1.724015056338657,Intercept (LM) | nb.obs,0.9689019225967423,0.9735648198295694,1.340166886668799e-32,1.724015056338657,0.999028503028752,LGR3,NA,additional,NA
Mar_22_T1_13_FLM30_stem,3/21/22,FLM30,NA,NA,11:40:00,11:44:00,NA,NA,March_2022,27.1,NA,NA,NA,NA,NA,NA,NA,1064.6016666666667,213.35,1440.6016666666667,0.35783451405452127,AICc | nb.obs,0.3571990551867025,0.9421058461582918,2.4968538259252572e-20,0.35783451405452127,0.9418468638135348,0.5307540170656729,AICc | nb.obs,0.4824009158501522,0.9870147043427684,4.472038414772407e-30,0.5307540170656729,0.987598650714936,LGR3,NA,additional,NA
Mar_22_T1_14_FLM30_stem,3/21/22,FLM30,NA,NA,11:53:00,11:58:00,NA,NA,March_2022,26.9,NA,NA,NA,NA,NA,NA,NA,1064.6016666666667,213.35,1440.6016666666667,0.12236037603102108,g-fact. > 2 | Intercept (LM) | nb.obs,0.12236037603102108,0.9167416349978764,8.956056903262129e-28,0.28924591228619345,0.9768940425942456,0.397065619836356,g-fact. > 2 | Intercept (LM) | nb.obs,0.397065619836356,0.954697225187358,3.98649500145753e-34,0.8096496638072004,0.996109123349528,LGR3,NA,additional,NA
Mar_22_T1_15_FLM30_stem,3/21/22,FLM30,NA,NA,12:19:00,12:23:00,NA,NA,March_2022,27.5,NA,NA,NA,NA,NA,NA,NA,418.99555555555554,107.68,794.9955555555555,2.2729210329208636,SE | g-fact. > 2 | Intercept (LM) | nb.obs,2.2729210329208636,0.9556535110442996,1.40646009319246e-29,4.565985731984198,0.9945714718106438,0.30977227854327066,Intercept (LM) | nb.obs,0.1670422987258586,0.9635188645099174,2.560129911850436e-31,0.30977227854327066,0.9943138186329143,LGR3,NA,additional,NA
Mar_22_T1_16_FLM30_stem,3/21/22,FLM30,NA,NA,12:37:00,12:47:00,NA,NA,March_2022,28.6,NA,NA,NA,NA,NA,NA,NA,418.99555555555554,107.68,794.9955555555555,0.37941719120801687,AICc | Intercept | nb.obs,0.3791777948375442,0.8771086700012346,2.2089646406966997e-27,0.37941719120801687,0.8768311487027242,0.26396314258112835,RMSE | MAE | AICc | Intercept | nb.obs,0.26396314258112835,0.9202782197177016,1.1800716722648776e-32,0.2642119537339587,0.9200016815165968,LGR3,NA,additional,NA
Mar_22_T1_17_FLM30_stem,3/21/22,FLM30,NA,NA,12:57:00,12:07:00,NA,NA,March_2022,28.6,NA,NA,NA,NA,NA,NA,NA,418.99555555555554,107.68,794.9955555555555,-0.05667461192118906,AICc | nb.obs,-0.05667870984672518,0.5900005489496647,2.7522405070183813e-7,-0.05667461192118906,0.5898002614044354,-0.03519860145634804,MAE | SE | AICc | p-value | Intercept | nb.obs,-0.03519860145634804,-0.00273863965128828,0.34590400679041033,-0.03500184360048768,-0.00304490402986568,LGR3,NA,additional,NA
Mar_22_T1_18_FLM30_stem,3/21/22,FLM30,NA,NA,13:23:00,12:30:00,NA,NA,March_2022,29.6,NA,NA,NA,NA,NA,NA,NA,418.99555555555554,107.68,794.9955555555555,10.515146445087558,SE | nb.obs,6.022234994529092,0.967025896658035,1.0364101740187367e-33,10.515146445087558,0.9909172952108246,2.4960979437343913,SE | nb.obs,1.5678776781156154,0.9752675368114117,2.1298209331693444e-36,2.4960979437343913,0.9918597702003872,LGR3,NA,additional,NA
Mar_22_T1_19_FLM30_stem,3/21/22,FLM30,NA,NA,13:39:00,12:44:00,NA,NA,March_2022,27.4,NA,NA,NA,NA,NA,NA,NA,418.99555555555554,107.68,794.9955555555555,1.3263434644394558,nb.obs,0.962284458190866,0.991134875265962,1.7000213511382586e-30,1.3263434644394558,0.9992876480987152,0.6142562772759752,nb.obs,0.5179194254332065,0.9971950042474402,1.7089336695099616e-37,0.6142562772759752,0.9994493161760274,LGR3,NA,additional,NA
Mar_22_T1_20_FLM30_stem,3/21/22,FLM30,NA,NA,13:48:30,13:53:00,NA,NA,March_2022,27.6,NA,NA,NA,NA,NA,NA,NA,418.99555555555554,107.68,794.9955555555555,0.17374115422931527,g-fact. > 2 | Intercept | nb.obs,0.17374115422931527,0.6964742476324262,3.498529015018068e-13,0.827535703804679,0.9115588595935612,0.7041115924118242,nb.obs,0.4833919446380384,0.9887436323635534,9.910374379310438e-45,0.7041115924118242,0.99923801652197,LGR3,NA,additional,NA
Mar_22_T1_21_FLM30_stem,3/21/22,FLM30,NA,NA,14:03:00,14:12:00,NA,NA,March_2022,30.6,NA,NA,NA,NA,NA,NA,NA,418.99555555555554,107.68,794.9955555555555,4.96177988951816,SE | Intercept (LM) | nb.obs,2.9444696719787595,0.9578932145537078,1.6681259073534988e-33,4.96177988951816,0.9758843067062434,0.2272335825808068,g-fact. > 2 | Intercept (LM) | nb.obs,0.2272335825808068,0.8956544957262442,1.99822915365451e-24,0.7216161598674117,0.9929528555428414,LGR3,NA,additional,NA
Mar_22_T1_22_FLM30_stem,3/21/22,FLM30,NA,NA,14:25:00,14:35:00,NA,NA,March_2022,29.9,NA,NA,NA,NA,NA,NA,NA,418.99555555555554,107.68,794.9955555555555,-0.00457473352183123,AICc | p-value | MDF | Intercept | nb.obs,-0.00374326295246335,-0.02553946366270798,0.8662208068882562,-0.00457473352183123,-0.02548933887551108,0.23740187350055347,g-fact. > 2 | Intercept (LM) | nb.obs,0.23740187350055347,0.9243255605063474,4.0799902804543513e-23,0.5867606571834229,0.9821216050312398,LGR3,NA,additional,NA
Mar_22_T1_23_FLM30_stem,3/21/22,FLM30,NA,NA,14:39:00,14:49:00,NA,NA,March_2022,27.6,NA,NA,NA,NA,NA,NA,NA,418.99555555555554,107.68,794.9955555555555,0.1421319242880353,SE | g-fact. > 2 | Intercept | nb.obs,0.1421319242880353,0.5394576964552845,2.7806469298902063e-8,1.4315150125712444,0.884580366724089,0.1510691678274435,SE | g-fact. > 2 | Intercept (LM) | nb.obs,0.1510691678274435,0.7639502635559609,5.2055357516329825e-14,0.8249957465791015,0.9685130464501454,LGR3,NA,additional,NA
Mar_22_T1_24_SRS6_stem,3/22/22,SRS6,NA,NA,13:58:00,14:01:51,NA,NA,March_2022,29.3,NA,NA,NA,NA,NA,NA,NA,418.99555555555554,107.68,794.9955555555555,0.6181423727811957,Intercept (LM) | nb.obs,0.3529571257539861,0.9708230523310528,3.002403335270706e-23,0.6181423727811957,0.9954999140019244,0.4914168320674677,Intercept (LM) | nb.obs,0.26087168945599454,0.9666251411962896,1.975279748929369e-22,0.4914168320674677,0.9984076317218163,LGR3,NA,additional,NA
Mar_22_T1_25_SRS6_stem,3/22/22,SRS6,NA,NA,14:05:00,14:08:00,NA,NA,March_2022,27.6,NA,NA,NA,NA,NA,NA,NA,418.99555555555554,107.68,794.9955555555555,5.613314903211065,nb.obs,4.117952536349753,0.9890731813600994,2.8091699701369746e-24,5.613314903211065,0.9965348503987754,1.5010421429725471,nb.obs,1.0330581153004643,0.9862646230009452,3.904904844104017e-23,1.5010421429725471,0.997215370820535,LGR3,NA,additional,NA
Mar_22_T1_26_SRS6_stem,3/22/22,SRS6,NA,NA,14:17:30,14:22:00,NA,NA,March_2022,28.450000000000003,NA,NA,NA,NA,NA,NA,NA,418.99555555555554,107.68,794.9955555555555,0.0556775061925827,Intercept | nb.obs,0.0348621227126696,0.8112276428698781,1.194183267976409e-16,0.0556775061925827,0.8235904467808309,0.613320998144399,Intercept (LM) | nb.obs,0.3348834730275257,0.9673961485394392,2.5530755084094247e-32,0.613320998144399,0.9971628924882592,LGR3,NA,additional,NA
Mar_22_T1_27_SRS6_CWD,3/22/22,SRS6,NA,NA,14:34:00,12:42:00,NA,NA,March_2022,27.916666666666668,NA,NA,NA,NA,NA,NA,NA,NA,NA,NA,NA,NA,NA,NA,NA,NA,NA,NA,NA,NA,NA,NA,NA,NA,LGR3,NA,additional,NA
Mar_22_T1_28_SRS6_stem,3/22/22,SRS6,NA,NA,14:53:00,12:57:00,NA,NA,March_2022,27.808333333333337,NA,NA,NA,NA,NA,NA,NA,418.99555555555554,107.68,794.9955555555555,0.3470537589143768,nb.obs,0.23667207589562597,0.9818568443410236,1.15256960214811e-36,0.3470537589143768,0.9930099778989144,3.762328888497114,SE | nb.obs,2.432273578371753,0.9840257870788996,9.023090673618428e-38,3.762328888497114,0.9987796971202882,LGR3,NA,additional,NA
Mar_22_T1_29_SRS6_stem,3/22/22,SRS6,NA,NA,15:02:00,15:06:00,NA,NA,March_2022,27.7,NA,NA,NA,NA,NA,NA,NA,418.99555555555554,107.68,794.9955555555555,0.1074747903410098,g-fact. > 2 | Intercept (LM) | nb.obs,0.1074747903410098,0.8709777679008338,3.4457252504192826e-14,0.29445511403068364,0.961699723787786,0.4727523457928413,g-fact. > 2 | Intercept (LM) | nb.obs,0.4727523457928413,0.934993900972253,2.2677402926993547e-18,1.1105932665447038,0.9973107979527388,LGR3,NA,additional,NA
Mar_22_T1_30_SRS6_stem,3/22/22,SRS6,NA,NA,15:09:00,15:13:00,NA,NA,March_2022,27.754166666666663,NA,NA,NA,NA,NA,NA,NA,418.99555555555554,107.68,794.9955555555555,0.6264773712132479,nb.obs,0.3642312852447997,0.975909537459206,1.0313377668582168e-40,0.6264773712132479,0.998414486006282,0.9760064798301076,nb.obs,0.6651329571407439,0.988443255856128,2.2623839634997535e-48,0.9760064798301076,0.9995761838220248,LGR3,NA,additional,NA
Mar_22_T1_31_SRS6_root,3/22/22,SRS6,NA,NA,15:20:00,12:24:00,NA,NA,March_2022,27.754166666666663,NA,NA,NA,NA,NA,NA,NA,418.99555555555554,107.68,794.9955555555555,0.4773783583603557,Intercept (LM) | nb.obs,0.2724176529153382,0.9623816817952094,1.0573183209270294e-21,0.4773783583603557,0.9893048166650522,2.1192749172733287,nb.obs,1.4505354643968753,0.9884232523838908,7.138615086973532e-29,2.1192749172733287,0.9998862769135114,LGR3,NA,additional,NA
Mar_22_T1_40_FLM30_stem,3/23/22,FLM30,NA,NA,12:35:30,12:39:30,NA,NA,March_2022,30.6,NA,NA,NA,NA,NA,NA,NA,418.99555555555554,107.68,794.9955555555555,13.406917819908506,SE | nb.obs,12.44980175239934,0.9979423707737524,3.948554293747031e-46,13.406917819908506,0.998352589696222,0.85509819559575,nb.obs,0.7384717169648499,0.9967103275458766,9.102169707525e-43,0.85509819559575,0.9983093456149734,LGR3,NA,additional,NA
Mar_22_T1_41_FLM30_stem,3/23/22,FLM30,NA,NA,12:50:00,12:54:00,NA,NA,March_2022,31.9,NA,NA,NA,NA,NA,NA,NA,418.99555555555554,107.68,794.9955555555555,1.9540941131939156,SE | AICc | nb.obs,1.94177900864922,0.9625826498091512,9.80835520367854e-22,1.9540941131939156,0.96248528950564,0.6228769179367426,nb.obs,0.4973117667978622,0.9824298154267572,2.4629699240916727e-26,0.6228769179367426,0.985871522616448,LGR3,NA,additional,NA
Mar_22_T1_42_FLM30_stem,3/23/22,FLM30,NA,NA,13:02:30,13:06:30,NA,NA,March_2022,30.5,NA,NA,NA,NA,NA,NA,NA,418.99555555555554,107.68,794.9955555555555,0.8297195252984388,nb.obs,0.6761468310058412,0.9886059432560538,9.419845827591355e-39,0.8297195252984388,0.9919975505481108,1.171890505585821,nb.obs,0.820011191238294,0.9887195146572816,7.786808031886558e-39,1.171890505585821,0.99831740276982,LGR3,NA,additional,NA
Mar_22_T1_43_FLM30_stem,3/23/22,FLM30,NA,NA,13:20:00,13:24:00,NA,NA,March_2022,30.2,NA,NA,NA,NA,NA,NA,NA,418.99555555555554,107.68,794.9955555555555,4.972051424252084,nb.obs,4.272434588908045,0.9962501689958704,7.645920288257389e-31,4.972051424252084,0.9979945766598718,0.6457409344912709,nb.obs,0.41078718160649064,0.9829567178402744,5.977371717787163e-23,0.6457409344912709,0.9990587265298104,LGR3,NA,additional,NA
Mar_22_T1_44_FLM30_stem,3/23/22,FLM30,NA,NA,12:27:00,13:31:00,NA,NA,March_2022,29.8,NA,NA,NA,NA,NA,NA,NA,418.99555555555554,107.68,794.9955555555555,-0.2152665719003734,MAE | SE | AICc | g-fact. > 2 | p-value | Intercept (HM) | nb.obs,-0.2152665719003734,0.03946806180910567,0.14993015917093763,-2.0147668534195997,0.06782579912015396,-0.0295406137921379,SE | AICc | g-fact. > 2 | p-value | Intercept | nb.obs,-0.0295406137921379,-0.02153485706426017,0.5380532818249049,-0.11615426417200583,-0.01463797968837044,LGR3,NA,additional,NA
Mar_22_T1_45_FLM30_stem,3/23/22,FLM30,NA,NA,12:33:30,12:37:30,NA,NA,March_2022,31.4,NA,NA,NA,NA,NA,NA,NA,418.99555555555554,107.68,794.9955555555555,12.87953728419824,SE | nb.obs,12.30763624768804,0.998086187009181,6.439613223905897e-44,12.87953728419824,0.998242993307034,0.800234654882116,nb.obs,0.7247781140286267,0.9976278187898336,1.7959745277544187e-42,0.800234654882116,0.9983669146110128,LGR3,NA,additional,NA
Mar_22_T1_46_FLM30_stem,3/23/22,FLM30,NA,NA,13:52:00,13:56:00,NA,NA,March_2022,31.3,NA,NA,NA,NA,NA,NA,NA,418.99555555555554,107.68,794.9955555555555,8.74858829914397,SE | Intercept (LM) | nb.obs,4.469002356337963,0.9641942243376488,7.482344194115956e-36,8.74858829914397,0.9986599907758874,0.3775432380895675,g-fact. > 2 | Intercept (LM) | nb.obs,0.3775432380895675,0.9201712405218307,1.1651513659672429e-27,1.0252971087878906,0.9991691154039538,LGR3,NA,additional,NA
Mar_22_T1_47_FLM30_stem,3/23/22,FLM30,NA,NA,14:01:00,14:08:00,NA,NA,March_2022,28.8,NA,NA,NA,NA,NA,NA,NA,418.99555555555554,107.68,794.9955555555555,36.63542790486645,nb.obs,21.697116079628163,0.977144502807077,6.6052875664856495e-24,36.63542790486645,0.9997339022250176,0.4072145812756427,nb.obs,0.2763784846891478,0.9862982384216544,6.579374217495986e-27,0.4072145812756427,0.9983436454598396,LGR3,NA,additional,NA
Mar_22_T1_48_FLM30_stem,3/23/22,FLM30,NA,NA,14:11:30,14:15:30,NA,NA,March_2022,30.4,NA,NA,NA,NA,NA,NA,NA,418.99555555555554,107.68,794.9955555555555,0.39576428636213545,g-fact. > 2 | Intercept (LM) | nb.obs,0.39576428636213545,0.9211407935011204,2.479308912062309e-23,1.027300089051967,0.9932868457311288,0.5716078316745172,nb.obs,0.35019950823466744,0.9809475746278332,2.2496543337341744e-35,0.5716078316745172,0.9996799857769004,LGR3,NA,additional,NA
Mar_22_T1_49_FLM30_stem,3/23/22,FLM30,NA,NA,14:36:00,14:40:00,NA,NA,March_2022,30.9,NA,NA,NA,NA,NA,NA,NA,418.99555555555554,107.68,794.9955555555555,0.14391609892054583,AICc | nb.obs,0.09427368456482343,0.2612686518613202,1.432517248198788e-4,0.14391609892054583,0.26366281074745945,2.339362516871596,nb.obs,1.420443775089556,0.9792440770055528,9.956596900822404e-40,2.339362516871596,0.9986863508827534,LGR3,NA,additional,NA
Mar_22_T1_50_FLM30_stem,3/23/22,FLM30,NA,NA,14:50:00,15:00:00,NA,NA,March_2022,31,NA,NA,NA,NA,NA,NA,NA,418.99555555555554,107.68,794.9955555555555,0.3293906624845675,g-fact. > 2 | Intercept (LM),0.3293906624845675,0.8661354018716343,1.5312306868701944e-28,0.6914462341360582,0.911552268661623,1.4963369256500911,g-fact. > 2 | Intercept (LM),1.4963369256500911,0.9255296143781138,2.5327275837240725e-36,3.972436201337483,0.9996308435887576,LGR3,NA,additional,NA
Mar_22_T1_51_FLM30_stem,3/23/22,FLM30,NA,NA,15:02:00,15:12:00,NA,NA,March_2022,31,NA,NA,NA,NA,NA,NA,NA,418.99555555555554,107.68,794.9955555555555,0.5563919094963151,MAE | AICc | nb.obs,0.553448294597173,0.9748678283830928,7.387539825569859e-38,0.5563919094963151,0.9747506244436352,3.2477450604653977,nb.obs,1.96999837105716,0.9802950004337084,3.091480881026337e-40,3.2477450604653977,0.9995551521018816,LGR3,NA,additional,NA
Mar_22_T1_78_BL60_stem,3/24/22,BL60,NA,NA,15:05:30,13:13:30,NA,NA,March_2022,32.6,NA,NA,NA,NA,NA,NA,NA,418.99555555555554,107.68,794.9955555555555,59.03539683682695,SE | AICc | nb.obs,57.94066721086228,0.9976245863150616,5.8016577801882245e-24,59.03539683682695,0.9976498644526992,16.73664237678639,SE | nb.obs,10.395558771727892,0.976961358658742,1.4272017519100082e-15,16.73664237678639,0.9962548495879642,LGR3,NA,additional,NA
Mar_22_T1_79_BL60_stem,3/24/22,BL60,NA,NA,13:24:00,13:29:30,NA,NA,March_2022,33.4,NA,NA,NA,NA,NA,NA,NA,418.99555555555554,107.68,794.9955555555555,0.00386700374409251,HM.flux is NA,0.00386700374409251,-0.02150544134774379,0.6257634651060222,NA,NA,4.413604720017094,Intercept (LM) | nb.obs,2.2404490505093206,0.9621156282178308,1.1052337962145063e-26,4.413604720017094,0.9996330282895745,LGR3,NA,additional,NA
Mar_22_T1_80_BL60_stem,3/24/22,BL60,NA,NA,13:35:30,13:40:30,NA,NA,March_2022,27.3,NA,NA,NA,NA,NA,NA,NA,418.99555555555554,107.68,794.9955555555555,0.04196684383113617,AICc | Intercept | nb.obs,0.0418457204736977,0.6848133593708579,2.7708587070326465e-11,0.04196684383113617,0.684628435583633,5.031357858321591,Intercept (LM) | nb.obs,2.737582686097495,0.970565655456389,6.442937746202819e-31,5.031357858321591,0.9998159504072348,LGR3,NA,additional,NA
Mar_22_T1_81_BL60_stem,3/24/22,BL60,NA,NA,14:00:00,14:05:00,NA,NA,March_2022,33.9,NA,NA,NA,NA,NA,NA,NA,418.99555555555554,107.68,794.9955555555555,2.6702310623795733,MAE | AICc | nb.obs,2.4831361525983264,0.9911575843092286,2.912067151893527e-23,2.6702310623795733,0.9916046403179044,9.8190303863619,nb.obs,7.914748424438316,0.9960710598185996,5.809829203255038e-27,9.8190303863619,0.9998014434278132,LGR3,NA,additional,NA
Mar_22_T1_82_BL60_stem,3/24/22,BL60,NA,NA,14:07:30,14:12:30,NA,NA,March_2022,32.4,NA,NA,NA,NA,NA,NA,NA,418.99555555555554,107.68,794.9955555555555,6.12579020006063,SE | nb.obs,4.183434113057426,0.9759914426397244,8.446461670383697e-23,6.12579020006063,0.9888382889558844,9.021870138078246,SE | nb.obs,7.38887614731754,0.996392072652126,1.6682301716742718e-33,9.021870138078246,0.9995524286482316,LGR3,NA,additional,NA
Mar_22_T1_83_BL60_stem,3/24/22,BL60,NA,NA,14:39:00,12:44:00,NA,NA,March_2022,33.3,NA,NA,NA,NA,NA,NA,NA,NA,NA,NA,NA,NA,NA,NA,NA,NA,NA,NA,NA,NA,NA,NA,NA,NA,LGR3,NA,additional,NA
Mar_22_T1_84_BL60_pneumatophore,3/24/22,BL60,NA,NA,16:41:33,NA,NA,NA,March_2022,30.5,NA,NA,NA,NA,NA,NA,NA,NA,NA,NA,NA,NA,NA,NA,NA,NA,NA,NA,NA,NA,NA,NA,NA,NA,LGR3,NA,additional,NA
Mar_22_T1_85_BL60_pneumatophore,3/24/22,BL60,NA,NA,NA,NA,NA,NA,March_2022,NA,NA,NA,NA,NA,NA,NA,NA,NA,NA,NA,NA,NA,NA,NA,NA,NA,NA,NA,NA,NA,NA,NA,NA,NA,LGR3,NA,additional,NA
Mar_22_T1_86_BL60_pneumatophore,3/24/22,BL60,NA,NA,NA,NA,NA,NA,March_2022,NA,NA,NA,NA,NA,NA,NA,NA,NA,NA,NA,NA,NA,NA,NA,NA,NA,NA,NA,NA,NA,NA,NA,NA,NA,LGR3,NA,additional,NA
Mar_23_294_SRS6_root,3/10/23,SRS6,NA,NA,14:57:59,15:00:57,NA,NA,March_2023,30.2,NA,NA,NA,NA,NA,NA,NA,418.99555555555554,107.68,1366.9955555555557,0.7474188335727016,AICc,0.738121822704051,0.9803035171388724,2.582444113133301e-245,0.7474188335727016,0.9802437637653348,3.653976636610161,NA,3.069552833363002,0.9977432483026072,0,3.653976636610161,0.9998659044471384,LGR2,NA,standard,NA
Mar_23_289_SRS6_stem,3/10/23,SRS6,NA,NA,16:08:28,16:11:28,NA,NA,March_2023,28.3,NA,NA,NA,NA,NA,NA,NA,2190.644,462.19,3138.644,0.49703752111006666,MAE | AICc | Intercept,0.4950099692375512,0.96039620864048,9.449272537159874e-156,0.49703752111006666,0.9601937035331836,1.150771129378571,SE | g-fact. > 2 | Intercept (LM),1.150771129378571,0.9022315565010444,9.190718799034863e-113,2.95719883834075,0.963684413014015,LGR2,NA,standard,NA
Mar_23_290_SRS6_stem,3/10/23,SRS6,NA,NA,16:21:10,16:24:10,NA,NA,March_2023,28.3,NA,NA,NA,NA,NA,NA,NA,2190.644,462.19,3138.644,0.16832180041831354,AICc,0.14259688715257446,0.7986008543246587,9.728907374703777e-72,0.16832180041831354,0.8005021545134418,2.4124468087076716,NA,2.2503611206315317,0.999087305000126,3.690103008888974e-292,2.4124468087076716,0.9994244932319905,LGR2,NA,standard,NA
Mar_23_291_SRS6_stem,3/10/23,SRS6,NA,NA,14:19:49,14:22:49,NA,NA,March_2023,30.2,NA,NA,NA,NA,NA,NA,NA,1064.6016666666667,213.35,2012.6016666666667,0.2935367317244783,NA,0.233119837094761,0.8744660616669475,4.971268114574231e-104,0.2935367317244783,0.8778782963208379,1.8673727851306088,NA,1.7925450022255478,0.9994523840466438,0,1.8673727851306088,0.999564053122134,LGR2,NA,standard,NA
Mar_23_292_SRS6_stem,3/10/23,SRS6,NA,NA,14:30:39,14:33:39,NA,NA,March_2023,30.2,NA,NA,NA,NA,NA,NA,NA,1064.6016666666667,213.35,2012.6016666666667,0.6530017089977974,NA,0.48729392521603887,0.974363992801891,1.1418597412903827e-257,0.6530017089977974,0.9802435014027702,2.8897159456931805,NA,2.5920219407148166,0.9991157055014622,0,2.8897159456931805,0.9999209678526112,LGR2,NA,standard,NA
Mar_23_296_SRS6_stem,3/10/23,SRS6,NA,NA,15:36:20,15:39:20,NA,NA,March_2023,28.3,NA,NA,NA,NA,NA,NA,NA,2190.644,462.19,3138.644,0.05800431194010463,Intercept,0.04763492489398708,0.6799677643381006,3.390542082793787e-104,0.05800431194010463,0.6817414283663797,1.258958379967512,NA,1.134923145150463,0.9991145661301564,0,1.258958379967512,0.99985875199061,LGR2,NA,standard,NA
Mar_23_297_SRS6_stem,3/10/23,SRS6,NA,NA,15:48:40,15:51:40,NA,NA,March_2023,28.3,NA,NA,NA,NA,NA,NA,NA,2190.644,462.19,3138.644,0.09322849066409412,Intercept (LM),0.06695358645660461,0.587433024544319,2.5840056423368182e-52,0.09322849066409412,0.5925093089275092,1.8027915925946576,NA,1.5052270276407325,0.9975341454107722,0,1.8027915925946576,0.9998190465108038,LGR2,NA,standard,NA
Mar_23_295_SRS6_stem,3/10/23,SRS6,NA,NA,15:20:00,15:23:00,NA,NA,March_2023,28.3,NA,NA,NA,NA,NA,NA,NA,2190.644,462.19,3138.644,0.19190404236871375,NA,0.12160903753356551,0.8893255183635258,5.134872925165358e-171,0.19190404236871375,0.9020730019975396,1.364403228291707,NA,1.112086723418506,0.9964788563661792,0,1.364403228291707,0.9993391899773324,LGR2,NA,standard,NA
Mar_23_293_SRS6_stem,3/10/23,SRS6,NA,NA,14:44:26,14:47:32,NA,NA,March_2023,30.2,NA,NA,NA,NA,NA,NA,NA,1064.6016666666667,213.35,2012.6016666666667,0.22989065561188415,Intercept (HM),0.13994148117632071,0.7824888273489599,1.2508185002844019e-95,0.22989065561188415,0.7954559638265205,2.1778471149831775,NA,1.8324516463157707,0.9976246724088133,0,2.1778471149831775,0.9997143945687154,LGR2,NA,standard,NA
Mar_23_247_SRS6_CWD,3/11/23,SRS6,NA,NA,14:21:00,14:23:00,NA,NA,March_2023,24.4,NA,NA,NA,NA,NA,NA,NA,418.99555555555554,107.68,1366.9955555555557,0.4586405617212978,Intercept (HM),0.3694789933649631,0.9660664035925808,0,0.4586405617212978,0.969283361810112,6.936447632568594,NA,6.170247765993763,0.9990107957292456,0,6.936447632568594,0.9999521352287554,LGR2,NA,standard,NA
Mar_23_249_SRS6_stem,3/11/23,SRS6,NA,NA,15:11:00,15:13:45,NA,NA,March_2023,24.1,NA,NA,NA,NA,NA,NA,NA,418.99555555555554,107.68,1366.9955555555557,0.4276577373150397,AICc,0.4212894179081582,0.8401800199733277,3.401719368771582e-80,0.4276577373150397,0.8401596721869882,4.307413672584325,SE | Intercept (LM),2.1812773124680023,0.9624226935694196,7.754702511429464e-142,4.307413672584325,0.9966248755867808,LGR2,NA,standard,NA
Mar_23_253_SRS6_stem,3/11/23,SRS6,NA,NA,15:36:40,15:39:30,NA,NA,March_2023,24.1,NA,NA,NA,NA,NA,NA,NA,418.99555555555554,107.68,1366.9955555555557,0.07648589758127129,AICc,0.07631705037190445,0.28383383575448695,1.547712968445518e-20,0.07648589758127129,0.2837585800506426,3.847459901277743,NA,3.562052113031798,0.9992334470940624,0,3.847459901277743,0.9996444453046492,LGR2,NA,standard,NA
Mar_23_243_SRS6_CWD,3/11/23,SRS6,NA,NA,14:07:00,14:10:00,NA,NA,March_2023,25.6,NA,NA,NA,NA,NA,NA,NA,1064.6016666666667,213.35,2012.6016666666667,-0.01167712459496533,AICc | Intercept,-0.01168096283238984,0.03233312951426048,3.0039432091697625e-5,-0.01167712459496533,0.03231015634957579,2.477789813972825,Intercept (LM),1.4103253600307029,0.9759528998909394,0,2.477789813972825,0.999593738370188,LGR2,NA,standard,NA
Mar_23_244_SRS6_CWD,3/11/23,SRS6,NA,NA,14:31:00,14:34:00,NA,NA,March_2023,26.1,NA,NA,NA,NA,NA,NA,NA,418.99555555555554,107.68,1366.9955555555557,0.08300785787182999,g-fact. > 2 | Intercept,0.08300785787182999,0.5832544626947165,1.2259869464727416e-86,0.22239650793327073,0.6209379232635659,3.928364618549835,NA,3.0967472084558727,0.9959298845661736,0,3.928364618549835,0.9999183238504128,LGR2,NA,standard,NA
Mar_23_245_SRS6_CWD,3/11/23,SRS6,NA,NA,14:40:00,14:43:00,NA,NA,March_2023,25.9,NA,NA,NA,NA,NA,NA,NA,418.99555555555554,107.68,1366.9955555555557,0.8548283082231077,AICc,0.8481767794788517,0.960902077668886,7.849126893735022e-196,0.8548283082231077,0.9607439567350898,2.8338113749513107,SE,2.6850229975737485,0.9957388299361808,0,2.8338113749513107,0.9959463631393533,LGR2,NA,standard,NA
Mar_23_246_SRS6_CWD,3/11/23,SRS6,NA,NA,14:54:00,14:57:00,NA,NA,March_2023,24.2,NA,NA,NA,NA,NA,NA,NA,418.99555555555554,107.68,1366.9955555555557,0.05305492573193029,g-fact. > 2 | Intercept (LM),0.05305492573193029,0.4560820506927653,8.098066482091116e-66,0.11677614677742676,0.4794431086887064,5.303725647712931,Intercept (LM),2.7495439635883185,0.96761091119164,0,5.303725647712931,0.999742370778169,LGR2,NA,standard,NA
Mar_23_248_SRS6_stem,3/11/23,SRS6,NA,NA,15:05:00,15:08:00,NA,NA,March_2023,24.1,NA,NA,NA,NA,NA,NA,NA,418.99555555555554,107.68,1366.9955555555557,0.3386340254701699,AICc,0.31090359385272953,0.8840788084762214,1.4608762292318522e-158,0.3386340254701699,0.8845263150297399,2.9778738807336564,NA,2.3221863798015456,0.9948849794519437,0,2.9778738807336564,0.9992298275259768,LGR2,NA,standard,NA
Mar_23_250_SRS6_stem,3/11/23,SRS6,NA,NA,15:15:00,15:18:00,NA,NA,March_2023,24.1,NA,NA,NA,NA,NA,NA,NA,418.99555555555554,107.68,1366.9955555555557,0.07483502653530705,AICc | Intercept,0.06862692687501067,0.3064242373193867,1.652793121154373e-28,0.07483502653530705,0.3065264522470521,2.475838010014722,NA,2.0372072150390825,0.9964775643281036,0,2.475838010014722,0.9990685169766852,LGR2,NA,standard,NA
Mar_23_251_SRS6_stem,3/11/23,SRS6,NA,NA,15:25:00,15:28:00,NA,NA,March_2023,24.1,NA,NA,NA,NA,NA,NA,NA,418.99555555555554,107.68,1366.9955555555557,0.16004298744767884,Intercept,0.0946241071130155,0.5413827644842446,2.6888617666787937e-63,0.16004298744767884,0.5500450918608032,3.4510925584336256,NA,3.11102574412202,0.9991043357272316,0,3.4510925584336256,0.9998335911226334,LGR2,NA,standard,NA
Mar_23_252_SRS6_stem,3/11/23,SRS6,NA,NA,15:31:00,15:34:00,NA,NA,March_2023,24.1,NA,NA,NA,NA,NA,NA,NA,418.99555555555554,107.68,1366.9955555555557,0.16032332469106889,Intercept (LM),0.09493106606416986,0.3966327947366717,1.4300703192235375e-31,0.16032332469106889,0.40733273724441266,4.1089821564733,NA,4.040469078069622,0.9997208283985312,0,4.1089821564733,0.9997364678114916,LGR2,NA,standard,NA
Mar_23_254_SRS6_stem,3/11/23,SRS6,NA,NA,15:50:30,15:53:30,NA,NA,March_2023,24.2,NA,NA,NA,NA,NA,NA,NA,418.99555555555554,107.68,1366.9955555555557,0.21501936064661337,Intercept,0.157249097459771,0.6521016904264397,3.209330298546539e-65,0.21501936064661337,0.6578029666468095,1.7866636062372234,Intercept (LM),1.0207835557222555,0.9749355350853008,2.1933723354131535e-222,1.7866636062372234,0.9983185368638228,LGR2,NA,standard,NA
Mar_23_255_SRS6_stem,3/11/23,SRS6,NA,NA,15:56:00,15:59:00,NA,NA,March_2023,24.2,NA,NA,NA,NA,NA,NA,NA,418.99555555555554,107.68,1366.9955555555557,0.1854374062049053,Intercept,0.13038348554515297,0.4640174416068964,5.664058801261196e-41,0.1854374062049053,0.4680940821644045,3.897761630379746,AICc,3.8364884195929343,0.9996213321495384,0,3.897761630379746,0.9996213496413746,LGR2,NA,standard,NA
Mar_23_256_SRS6_stem,3/11/23,SRS6,NA,NA,16:02:00,16:05:00,NA,NA,March_2023,24.2,NA,NA,NA,NA,NA,NA,NA,418.99555555555554,107.68,1366.9955555555557,0.14937329674537045,AICc | Intercept,0.1033281613914002,0.3293050690996451,2.0698271575894915e-21,0.14937329674537045,0.3324142377088112,5.099517422697905,NA,4.431850505291162,0.9984712322327348,1.432996e-301,5.099517422697905,0.9998384874598236,LGR2,NA,standard,NA
Mar_23_257_SRS6_stem,3/11/23,SRS6,NA,NA,16:10:00,16:13:00,NA,NA,March_2023,23.1,NA,NA,NA,NA,NA,NA,NA,1064.6016666666667,213.35,2012.6016666666667,0.4102123742125654,MAE | AICc,0.4049512601607165,0.9441732892407751,3.166393512891601e-153,0.4102123742125654,0.9440935350597754,5.616553963034684,NA,4.944701206475575,0.9987755163309524,0,5.616553963034684,0.9999077947576634,LGR2,NA,standard,NA
Mar_23_259_SRS6_stem,3/11/23,SRS6,NA,NA,16:20:15,16:23:15,NA,NA,March_2023,23.1,NA,NA,NA,NA,NA,NA,NA,1064.6016666666667,213.35,2012.6016666666667,0.06237624255178838,g-fact. > 2,0.06237624255178838,0.3121612896620011,7.501471585389659e-25,0.16496602171228775,0.3389750807897459,3.9231490742320743,NA,3.471044504991189,0.998359177264289,0,3.9231490742320743,0.9993880441338326,LGR2,NA,standard,NA
Mar_23_221_SRS5_root,3/12/23,SRS5,NA,NA,11:27:48,11:30:38,NA,NA,March_2023,25.4,NA,NA,NA,NA,NA,NA,NA,212.53666666666663,40.45,1160.5366666666666,0.20969539910781732,AICc | Intercept,0.209329486783769,0.43522536791124333,3.3647268903213174e-37,0.20969539910781732,0.4351007296679985,1.029569184317236,NA,0.8247487069251144,0.9873631721168254,6.97297285705648e-271,1.029569184317236,0.9909058477164024,LGR2,NA,standard,NA
Mar_23_218_SRS5_stem,3/12/23,SRS5,NA,NA,11:06:00,11:09:00,NA,NA,March_2023,25.4,NA,NA,NA,NA,NA,NA,NA,418.99555555555554,107.68,1366.9955555555557,-0.06908595409019917,AICc | Intercept,-0.06902433832428631,0.2339351278686929,4.1013639264298134e-26,-0.06908595409019917,0.23381912162593532,0.46017772052716455,NA,0.3220557138212248,0.9807890297324696,0,0.46017772052716455,0.9896045749929075,LGR2,NA,standard,NA
Mar_23_220_SRS5_stem,3/12/23,SRS5,NA,NA,11:18:00,11:21:00,NA,NA,March_2023,25.4,NA,NA,NA,NA,NA,NA,NA,212.53666666666663,40.45,1160.5366666666666,0.0471367855665351,g-fact. > 2 | Intercept,0.0471367855665351,0.01358086374277123,0.02221483975191061,0.11577827722245448,0.0255874687572567,1.0655589860091794,NA,0.8833874433115831,0.9916158744465808,0,1.0655589860091794,0.9940526425198482,LGR2,NA,standard,NA
Mar_23_222_SRS5_stem,3/12/23,SRS5,NA,NA,11:42:40,11:45:40,NA,NA,March_2023,27.7,NA,NA,NA,NA,NA,NA,NA,1064.6016666666667,213.35,2012.6016666666667,0.08427038598921059,AICc | Intercept,0.06201369901238462,0.39825582603728393,4.631554496957502e-35,0.08427038598921059,0.4018993300648197,0.6442969771423351,NA,0.5326490688210866,0.9955016973745328,0,0.6442969771423351,0.9980250908751191,LGR2,NA,standard,NA
Mar_23_224_SRS5_stem,3/12/23,SRS5,NA,NA,12:12:35,12:15:35,NA,NA,March_2023,27.7,NA,NA,NA,NA,NA,NA,NA,1064.6016666666667,213.35,2012.6016666666667,0.03872389753811674,g-fact. > 2 | Intercept (HM),0.03872389753811674,0.1678550376650061,1.5636773098415168e-12,0.14515849198956357,0.2092933050273318,0.597159563570775,NA,0.5373642155171527,0.9966267202447372,0,0.597159563570775,0.9973868153435156,LGR2,NA,standard,NA
Mar_23_225_SRS5_root,3/12/23,SRS5,NA,NA,12:28:00,12:31:00,NA,NA,March_2023,27.7,NA,NA,NA,NA,NA,NA,NA,212.53666666666663,40.45,1160.5366666666666,0.14638638547565824,g-fact. > 2 | Intercept,0.14638638547565824,0.17233816930300438,3.867101026763526e-12,0.29571001478724895,0.18231731647737248,1.260093136047759,SE | Intercept (LM),0.9568565452188548,0.9864803379094425,7.235552456033937e-236,1.260093136047759,0.9916223715666722,LGR2,NA,standard,NA
Mar_23_226_SRS5_stem,3/12/23,SRS5,NA,NA,12:42:35,12:45:35,NA,NA,March_2023,29,NA,NA,NA,NA,NA,NA,NA,1064.6016666666667,213.35,2012.6016666666667,0.15722443951506546,AICc | Intercept (HM),0.12813980211003456,0.6667114943173711,1.848028772872113e-52,0.15722443951506546,0.6688328997452486,0.49643141325312734,NA,0.4148385091731924,0.9914912077468678,1.3351956975212164e-220,0.49643141325312734,0.9936648651210832,LGR2,NA,standard,NA
Mar_23_228_SRS5_stem,3/12/23,SRS5,NA,NA,13:07:15,13:10:15,NA,NA,March_2023,29,NA,NA,NA,NA,NA,NA,NA,1064.6016666666667,213.35,2012.6016666666667,0.0778157991776011,AICc,0.0777948994766048,0.2767039637072862,8.983878333084996e-18,0.0778157991776011,0.2766045180728255,0.5435975791786916,NA,0.4872476089659025,0.9961970193165386,1.8770680772841168e-274,0.5435975791786916,0.9970285181986714,LGR2,NA,standard,NA
Mar_23_229_SRS5_root,3/12/23,SRS5,NA,NA,13:16:45,13:19:45,NA,NA,March_2023,29,NA,NA,NA,NA,NA,NA,NA,212.53666666666663,40.45,1160.5366666666666,1.437546780553384,NA,1.197869851592009,0.943566825152844,6.636959564115894e-134,1.437546780553384,0.9458190878748428,1.342504387936153,SE,1.0747081364787918,0.9880440559898702,5.132434670881166e-205,1.342504387936153,0.9914891312362908,LGR2,NA,standard,NA
Mar_23_230_SRS5_stem,3/12/23,SRS5,NA,NA,13:28:09,13:31:09,NA,NA,March_2023,29,NA,NA,NA,NA,NA,NA,NA,418.99555555555554,107.68,1366.9955555555557,0.14685737265785476,AICc | Intercept,0.14686741290719127,0.257231893546783,1.2789442873113643e-18,0.14685737265785476,0.25713964468788564,0.6311583877462458,NA,0.5744074734692819,0.996333581613969,1.8492309e-300,0.6311583877462458,0.9969456119923972,LGR2,NA,standard,NA
Mar_23_231_SRS5_stem,3/12/23,SRS5,NA,NA,13:38:57,13:41:57,NA,NA,March_2023,29,NA,NA,NA,NA,NA,NA,NA,212.53666666666663,40.45,1160.5366666666666,0.23018825702936935,AICc | Intercept,0.1382280476242786,0.2987517623385276,1.0511470806700874e-20,0.23018825702936935,0.3039727626860239,1.2480148567477498,NA,1.163993360436545,0.9944789164512002,1.4097130448028953e-276,1.2480148567477498,0.9948038517812022,LGR2,NA,standard,NA
Mar_23_232_SRS5_stem,3/12/23,SRS5,NA,NA,13:49:59,13:52:59,NA,NA,March_2023,29,NA,NA,NA,NA,NA,NA,NA,212.53666666666663,40.45,1160.5366666666666,-0.06333067390306557,AICc | Intercept,-0.06331784479328371,0.04556937039302,3.430210697093877e-4,-0.06333067390306557,0.04555309864367884,0.24984529893891613,AICc,0.24628665374605815,0.8716328096112478,1.929731394463765e-115,0.24984529893891613,0.8715815377416399,LGR2,NA,standard,NA
Mar_23_233_SRS5_root,3/12/23,SRS5,NA,NA,13:58:34,14:01:34,NA,NA,March_2023,29,NA,NA,NA,NA,NA,NA,NA,212.53666666666663,40.45,1160.5366666666666,0.46203419197888235,AICc,0.4562272976345116,0.7757013132765603,3.2188275914549887e-74,0.46203419197888235,0.7756452899709667,0.6967533951616243,SE | g-fact. > 2 | Intercept (LM),0.6967533951616243,0.9280663810728994,4.436520201739037e-129,1.6316882160596462,0.9759101372749388,LGR2,NA,standard,NA
Mar_23_234_SRS5_stem,3/12/23,SRS5,NA,NA,14:35:40,14:38:40,NA,NA,March_2023,28.3,NA,NA,NA,NA,NA,NA,NA,212.53666666666663,40.45,1160.5366666666666,0.2639883895749917,AICc | Intercept,0.1793487090920623,0.40356785298012954,5.040225799482423e-32,0.2639883895749917,0.4072755032496953,1.4386215645750893,NA,1.2363348634354834,0.994801796015673,3.459976778238178e-292,1.4386215645750893,0.9963670513091646,LGR2,NA,standard,NA
Mar_23_235_SRS5_stem,3/12/23,SRS5,NA,NA,14:45:40,14:48:40,NA,NA,March_2023,28.3,NA,NA,NA,NA,NA,NA,NA,212.53666666666663,40.45,1160.5366666666666,0.27255593039960807,AICc,0.2718251722617073,0.5367555128620362,2.315937924701715e-41,0.27255593039960807,0.5366161680299232,1.4991099410537971,NA,1.3268852728803753,0.9954098580361668,5.818523284940494e-277,1.4991099410537971,0.9964148912887392,LGR2,NA,standard,NA
Mar_23_236_SRS5_stem,3/12/23,SRS5,NA,NA,14:54:20,14:57:20,NA,NA,March_2023,28.3,NA,NA,NA,NA,NA,NA,NA,212.53666666666663,40.45,1160.5366666666666,0.06927167138110948,AICc | Intercept,0.06924434781582171,0.14371486635133102,1.0755745242915697e-13,0.06927167138110948,0.1436661902074039,1.2609471349580263,NA,1.132078944951112,0.9965349369204164,0,1.2609471349580263,0.997339433743665,LGR2,NA,standard,NA
Mar_23_237_SRS5_root,3/12/23,SRS5,NA,NA,15:04:10,15:07:10,NA,NA,March_2023,28.3,NA,NA,NA,NA,NA,NA,NA,212.53666666666663,40.45,1160.5366666666666,0.17679627086213476,g-fact. > 2 | Intercept,0.17679627086213476,0.4080560959160663,1.2137534440866287e-34,0.6451844748381059,0.4453152334558528,1.459271636486857,SE,0.95678070491365,0.9810647820319752,1.2893494293567178e-248,1.459271636486857,0.993434066838502,LGR2,NA,standard,NA
Mar_23_238_SRS5_stem,3/12/23,SRS5,NA,NA,15:21:20,15:24:20,NA,NA,March_2023,28.3,NA,NA,NA,NA,NA,NA,NA,418.99555555555554,107.68,1366.9955555555557,0.06455924060102679,AICc | Intercept,0.06431217453844967,0.38360755027638793,2.2463201515624145e-31,0.06455924060102679,0.38351836052538024,0.831046926772652,NA,0.7799641795240209,0.997649757774112,0,0.831046926772652,0.9979180905123192,LGR2,NA,standard,NA
Mar_23_241_SRS5_root,3/12/23,SRS5,NA,NA,15:50:45,15:53:45,NA,NA,March_2023,28.3,NA,NA,NA,NA,NA,NA,NA,212.53666666666663,40.45,1160.5366666666666,0.20338243353225657,AICc | Intercept,0.1287638804780043,0.2471016447328915,2.3645733000189365e-16,0.20338243353225657,0.2487264333470025,1.132449665104544,RMSE | AICc,1.1208920959681343,0.9938437428073088,7.105061032060699e-261,1.132449665104544,0.9937099462453728,LGR2,NA,standard,NA
Mar_23_242_SRS5_root,3/12/23,SRS5,NA,NA,16:03:30,16:06:30,NA,NA,March_2023,28.3,NA,NA,NA,NA,NA,NA,NA,212.53666666666663,40.45,1160.5366666666666,0.5772207884386925,NA,0.43171791138614457,0.8422690996984362,2.5814569588085635e-113,0.5772207884386925,0.8474361450154556,1.8345943705237515,AICc,1.8062336134393049,0.9985559357289104,0,1.8345943705237515,0.9985602120348706,LGR2,NA,standard,NA
Mar_23_227_SRS5_stem,3/12/23,SRS5,NA,NA,12:53:45,12:56:45,NA,NA,March_2023,29,NA,NA,NA,NA,NA,NA,NA,1064.6016666666667,213.35,2012.6016666666667,0.09500798479979168,AICc,0.09476953351429183,0.6519805779857328,6.162391504013844e-74,0.09500798479979168,0.6518084817728715,0.6015310933867499,NA,0.5202526749865759,0.9964721350695962,0,0.6015310933867499,0.9979355621609166,LGR2,NA,standard,NA
Mar_23_239_SRS5_stem,3/12/23,SRS5,NA,NA,15:29:50,15:32:50,NA,NA,March_2023,28.3,NA,NA,NA,NA,NA,NA,NA,418.99555555555554,107.68,1366.9955555555557,0.12726680946872182,Intercept,0.07559885548969328,0.4564363628173651,7.97185318619149e-42,0.12726680946872182,0.462150701901358,0.7228944618865862,NA,0.5798172842720805,0.9928350573679882,0,0.7228944618865862,0.9960517789121794,LGR2,NA,standard,NA
Mar_23_219_SRS5_stem,3/12/23,SRS5,NA,NA,11:11:00,11:14:09,NA,NA,March_2023,25.4,NA,NA,NA,NA,NA,NA,NA,212.53666666666663,40.45,1160.5366666666666,-0.14201303462656426,SE | g-fact. > 2 | Intercept,-0.14201303462656426,0.23875038491924683,1.34188377596586e-28,-0.44941271496767066,0.2940168333707951,0.7163653198162333,RMSE | MAE | AICc,0.7163653198162333,0.9853991320701052,0,0.7214534072086523,0.9852069107513344,LGR2,NA,standard,NA
Mar_23_223_SRS5_stem,3/12/23,SRS5,NA,NA,11:56:30,11:59:50,NA,NA,March_2023,27.7,NA,NA,NA,NA,NA,NA,NA,1064.6016666666667,213.35,2012.6016666666667,0.1630099864928974,AICc,0.16307707389875967,0.08267759070419445,4.3147628307366107e-7,0.1630099864928974,0.0826446502817898,0.5780406686149024,NA,0.5223602705293128,0.995089289911079,0,0.5780406686149024,0.9957798258339484,LGR2,NA,standard,NA
Mar_23_240_SRS5_stem,3/12/23,SRS5,NA,NA,15:37:30,15:41:00,NA,NA,March_2023,28.3,NA,NA,NA,NA,NA,NA,NA,418.99555555555554,107.68,1366.9955555555557,0.165587660516575,Intercept (LM),0.09155347083968644,0.7208984259681944,2.7663215495742067e-117,0.165587660516575,0.7420152551516666,0.8840642627090441,NA,0.5877583578378412,0.9860197294148912,0,0.8840642627090441,0.9981919445078812,LGR2,NA,standard,NA
Mar_23_191_SRS5_stem,3/13/23,SRS5,NA,NA,10:57:52,10:59:52,NA,NA,March_2023,26.1,NA,NA,NA,NA,NA,NA,NA,418.99555555555554,107.68,1366.9955555555557,-0.16546237515716247,AICc | p-value | Intercept | nb.obs,-0.16548413082108904,0.03493675489900694,0.10232843769098184,-0.16546237515716247,0.03490894295929991,29.71853294565192,SE | nb.obs,17.104055057925606,0.9655377593040224,5.591650149341896e-37,29.71853294565192,0.9912545548501872,LGR2,NA,standard,NA
Mar_23_202_SRS5_CWD,3/13/23,SRS5,NA,NA,13:02:30,13:05:20,NA,NA,March_2023,24.4,NA,NA,NA,NA,NA,NA,NA,418.99555555555554,107.68,1366.9955555555557,0.07294907557709006,AICc | Intercept,0.04188870455152781,0.0724188634416808,4.276087852696668e-5,0.07294907557709006,0.07440669748206052,0.8121088730435541,NA,0.7068129732423932,0.9940362768497668,9.001125539264064e-236,0.8121088730435541,0.9953484055809309,LGR2,NA,standard,NA
Mar_23_190_SRS5_stem,3/13/23,SRS5,NA,NA,10:44:34,10:47:34,NA,NA,March_2023,26.1,NA,NA,NA,NA,NA,NA,NA,418.99555555555554,107.68,1366.9955555555557,0.15551790448364303,g-fact. > 2 | Intercept (HM),0.15551790448364303,0.5787777157980357,1.106204716059521e-48,0.3431012192120444,0.6174722946150748,0.8384752404573549,RMSE | MAE | AICc,0.8384752404573549,0.9960661662529312,1.760336301574628e-292,0.8472228691333715,0.9959379156263696,LGR2,NA,standard,NA
Mar_23_193_SRS5_stem,3/13/23,SRS5,NA,NA,11:16:13,11:19:13,NA,NA,March_2023,26.6,NA,NA,NA,NA,NA,NA,NA,418.99555555555554,107.68,1366.9955555555557,0.16592973277450213,AICc,0.15648222177799223,0.5857570935260092,6.836946702754203e-52,0.16592973277450213,0.5859166530145041,1.0718840017188649,NA,0.990066513372836,0.996490304235296,2.31e-305,1.0718840017188649,0.996906991187064,LGR2,NA,standard,NA
Mar_23_194_SRS5_stem,3/13/23,SRS5,NA,NA,11:23:37,11:26:37,NA,NA,March_2023,26.6,NA,NA,NA,NA,NA,NA,NA,418.99555555555554,107.68,1366.9955555555557,0.0963314180439748,g-fact. > 2 | Intercept,0.0963314180439748,0.3930208504227476,1.342089225008002e-28,0.21304815536137292,0.4142065655221492,1.1800702623692063,NA,1.033240669181432,0.9974365382633688,1.1804e-303,1.1800702623692063,0.9986415373133216,LGR2,NA,standard,NA
Mar_23_195_SRS5_stem,3/13/23,SRS5,NA,NA,11:29:44,11:32:44,NA,NA,March_2023,26.6,NA,NA,NA,NA,NA,NA,NA,418.99555555555554,107.68,1366.9955555555557,0.09466325649074524,AICc,0.07878444544829344,0.31013763885257184,3.610443899647093e-21,0.09466325649074524,0.3110883873725865,0.9427504802318204,NA,0.8082391831353357,0.995868461332779,6.526759597456957e-286,0.9427504802318204,0.9975228135938836,LGR2,NA,standard,NA
Mar_23_196_SRS5_root,3/13/23,SRS5,NA,NA,11:36:00,11:39:00,NA,NA,March_2023,26.6,NA,NA,NA,NA,NA,NA,NA,418.99555555555554,107.68,1366.9955555555557,0.4588444040308952,AICc,0.4154863770971849,0.8516331326372384,9.697655793038184e-67,0.4588444040308952,0.8522288097718432,0.9905610443588224,Intercept (LM),0.6944857303198795,0.982241767833562,1.1097442636699158e-138,0.9905610443588224,0.9913262840491336,LGR2,NA,standard,NA
Mar_23_200_SRS5_CWD,3/13/23,SRS5,NA,NA,12:49:04,12:52:04,NA,NA,March_2023,25.8,NA,NA,NA,NA,NA,NA,NA,418.99555555555554,107.68,1366.9955555555557,0.07050367658353747,AICc | Intercept,0.04472056661216538,0.07252784007803836,9.392419959269472e-6,0.07050367658353747,0.07411984786958592,0.7228628268242537,NA,0.5745144950522206,0.991452552001192,1.089254476761466e-258,0.7228628268242537,0.995166116481515,LGR2,NA,standard,NA
Mar_23_201_SRS5_CWD,3/13/23,SRS5,NA,NA,12:53:50,12:56:50,NA,NA,March_2023,24.4,NA,NA,NA,NA,NA,NA,NA,212.53666666666663,40.45,1160.5366666666666,0.3759028829016672,AICc | Intercept,0.30915103977056696,0.5473230814815215,4.080901014211657e-49,0.3759028829016672,0.548955894677474,2.3974503581490065,NA,2.3410169498128384,0.9986839246078169,0,2.3974503581490065,0.9987182139929212,LGR2,NA,standard,NA
Mar_23_203_SRS5_stem,3/13/23,SRS5,NA,NA,12:03:01,12:06:01,NA,NA,March_2023,26.7,NA,NA,NA,NA,NA,NA,NA,418.99555555555554,107.68,1366.9955555555557,0.07226889871120552,g-fact. > 2 | Intercept,0.07226889871120552,0.18421599627136945,3.534104589476826e-11,0.24771028091959787,0.20925019628872063,1.1770116738918364,NA,1.070598126403105,0.9974348434574798,1.530077865142156e-275,1.1770116738918364,0.9980434780914362,LGR2,NA,standard,NA
Mar_23_204_SRS5_stem,3/13/23,SRS5,NA,NA,12:11:28,12:14:28,NA,NA,March_2023,26.7,NA,NA,NA,NA,NA,NA,NA,418.99555555555554,107.68,1366.9955555555557,0.10152980925979815,AICc | Intercept,0.10119087620827384,0.3406333838344501,2.008615142897565e-21,0.10152980925979815,0.34055229964954103,1.312336729179728,NA,1.2742727541346224,0.998624139369922,8.2341648850715e-294,1.312336729179728,0.9986826071472114,LGR2,NA,standard,NA
Mar_23_205_SRS5_stem,3/13/23,SRS5,NA,NA,12:18:21,12:21:21,NA,NA,March_2023,26.7,NA,NA,NA,NA,NA,NA,NA,418.99555555555554,107.68,1366.9955555555557,0.09238491217192003,AICc | Intercept,0.09227705679866358,0.2689449369175453,4.870501851269347e-17,0.09238491217192003,0.2688624400547863,1.5096043482716868,NA,1.39100796794139,0.9984966233675482,1.46710942e-299,1.5096043482716868,0.9989539475269712,LGR2,NA,standard,NA
Mar_23_206_SRS5_stem,3/13/23,SRS5,NA,NA,12:26:48,12:29:48,NA,NA,March_2023,26.7,NA,NA,NA,NA,NA,NA,NA,418.99555555555554,107.68,1366.9955555555557,0.08388593065023153,AICc | Intercept,0.05027938362804391,0.21409545108785988,7.356563934753035e-18,0.08388593065023153,0.2172698087233408,0.5859601222285363,NA,0.4373233874723883,0.985368460431736,3.720560024195625e-281,0.5859601222285363,0.9913871202677772,LGR2,NA,standard,NA
Mar_23_207_SRS5_CWD,3/13/23,SRS5,NA,NA,12:32:04,12:35:04,NA,NA,March_2023,26.7,NA,NA,NA,NA,NA,NA,NA,212.53666666666663,40.45,1160.5366666666666,0.3520231484036757,AICc | Intercept,0.2720628726509122,0.3299755903181376,7.260567612525406e-23,0.3520231484036757,0.33150601066363816,2.2151966178404976,RMSE | SE | AICc,2.2151966178404976,0.9973996090466816,1.994719897387e-295,2.2417099560690996,0.9973295589434338,LGR2,NA,standard,NA
Mar_23_189_SRS5_stem,3/13/23,SRS5,NA,NA,10:39:19,10:42:19,NA,NA,March_2023,26.1,NA,NA,NA,NA,NA,NA,NA,418.99555555555554,107.68,1366.9955555555557,0.00765121379940938,HM.flux is NA,0.00765121379940938,0.00288247189121826,0.17148458534601987,NA,NA,0.3799879124786434,RMSE | MAE | AICc,0.3799879124786434,0.9898154623012724,4.460480508148958e-291,0.38320018742437206,0.9896930551986636,LGR2,NA,standard,NA
Mar_23_199_SRS5_CWD,3/13/23,SRS5,NA,NA,12:43:30,12:46:30,NA,NA,March_2023,25.89,NA,NA,NA,NA,NA,NA,NA,212.53666666666663,40.45,1160.5366666666666,0.2601299237870507,AICc | Intercept,0.2594090069935793,0.3518881655172089,7.570597863266741e-26,0.2601299237870507,0.3517997671922767,2.473266664446638,NA,2.3678866225385926,0.9983588473603182,0,2.473266664446638,0.9984867009827102,LGR2,NA,standard,NA
Mar_23_192_SRS5_root,3/13/23,SRS5,NA,NA,11:02:07,11:05:47,NA,NA,March_2023,26.1,NA,NA,NA,NA,NA,NA,NA,212.53666666666663,40.45,1160.5366666666666,0.78762506007596,NA,0.5203771755676934,0.6822468942329716,6.683007607794006e-51,0.78762506007596,0.6926126425492336,-0.04861740436204535,AICc | Intercept,-0.04860544641082102,0.1008280867928758,3.0681770218590376e-6,-0.04861740436204535,0.10079099269510838,LGR2,NA,standard,NA
Mar_23_197_SRS5_root,3/13/23,SRS5,NA,NA,11:45:05,11:49:05,NA,NA,March_2023,26.6,NA,NA,NA,NA,NA,NA,NA,212.53666666666663,40.45,1160.5366666666666,0.65622410175402,AICc | Intercept,0.6490085831236866,0.8796523604166016,3.6983711216145564e-117,0.65622410175402,0.8795738689003727,0.2280838809572477,SE | Intercept,0.15032866220268745,0.6871968710810863,2.9853635356747165e-65,0.2280838809572477,0.6951677179203651,LGR2,NA,standard,NA
Mar_23_129_CP40_stem,3/15/23,CP40,NA,NA,12:13:50,12:16:50,NA,NA,March_2023,22.2,NA,NA,NA,NA,NA,NA,NA,1064.6016666666667,213.35,2012.6016666666667,17.361316444434777,SE | g-fact. > 2 | Intercept,17.361316444434777,0.6392266217094977,1.0318383096785828e-57,39.89387945662992,0.6876166813628932,0.3316825406028855,NA,0.30509818783320836,0.9923573768317208,6.81597519555012e-268,0.3316825406028855,0.9928538048303766,LGR2,NA,standard,NA
Mar_23_130_CP40_stem,3/15/23,CP40,NA,NA,12:24:40,12:27:40,NA,NA,March_2023,22.2,NA,NA,NA,NA,NA,NA,NA,1064.6016666666667,213.35,2012.6016666666667,0.8479462931338575,SE | g-fact. > 2 | Intercept (LM),0.8479462931338575,0.04802306409923396,2.6197546392653294e-4,9.006383893762008,0.14025240770310665,0.30553886544354697,RMSE | MAE | AICc,0.30553886544354697,0.9884780470255008,1.6179558873949665e-245,0.30790482614291353,0.9883312145729504,LGR2,NA,standard,NA
Mar_23_131_CP40_stem,3/15/23,CP40,NA,NA,12:32:00,12:35:00,NA,NA,March_2023,22.2,NA,NA,NA,NA,NA,NA,NA,1064.6016666666667,213.35,2012.6016666666667,0.04956543892496488,g-fact. > 2 | Intercept,0.04956543892496488,0.07497434989700125,2.1810143650061887e-5,0.13636343779878254,0.09550627012367474,0.4265859901717569,RMSE | AICc,0.4238400388022802,0.9931566150325664,3.0075405207634e-239,0.4265859901717569,0.9929845651413362,LGR2,NA,standard,NA
Mar_23_132_CP40_stem,3/15/23,CP40,NA,NA,12:48:55,12:51:55,NA,NA,March_2023,22.2,NA,NA,NA,NA,NA,NA,NA,1064.6016666666667,213.35,2012.6016666666667,23.99788071000807,SE | g-fact. > 2 | Intercept,23.99788071000807,0.5099485433203955,2.131488343893941e-44,70.31939367877033,0.5848900471258103,0.550546699621893,NA,0.4785032822334649,0.995403243848897,2.47e-305,0.550546699621893,0.9967874242145752,LGR2,NA,standard,NA
Mar_23_133_CP40_stem,3/15/23,CP40,NA,NA,13:01:20,13:04:20,NA,NA,March_2023,22.2,NA,NA,NA,NA,NA,NA,NA,1064.6016666666667,213.35,2012.6016666666667,2.1954219820804326,SE | g-fact. > 2 | Intercept (LM),2.1954219820804326,0.6382881745374309,5.0445326936149014e-54,4.7187975179611765,0.676753166528043,0.29897779760987736,NA,0.2518704197139815,0.985360112431028,8.976436052618253e-218,0.29897779760987736,0.9874272240570404,LGR2,NA,standard,NA
Mar_23_134_CP40_stem,3/15/23,CP40,NA,NA,13:10:52,13:13:52,NA,NA,March_2023,22.2,NA,NA,NA,NA,NA,NA,NA,1064.6016666666667,213.35,2012.6016666666667,0.31673564440716573,NA,0.15839820910404256,0.8093052571315072,1.165214334602865e-107,0.31673564440716573,0.8391385935746636,0.3750802529398969,NA,0.2911454606370165,0.9886552513761132,3.0287256919021766e-287,0.3750802529398969,0.9932632948339912,LGR2,NA,standard,NA
Mar_23_136_CP40_stem,3/15/23,CP40,NA,NA,10:59:55,11:02:55,NA,NA,March_2023,22.7,NA,NA,NA,NA,NA,NA,NA,1064.6016666666667,213.35,2012.6016666666667,0.4542146338329355,SE | g-fact. > 2 | Intercept,0.4542146338329355,0.20828728304194932,8.919706859047674e-10,3.061262090293331,0.3769975139865932,0.4977963668726632,NA,0.4280308287127308,0.9823972515550388,7.39079503296963e-140,0.4977963668726632,0.983811953562064,LGR2,NA,standard,NA
Mar_23_137_CP40_stem,3/15/23,CP40,NA,NA,11:16:00,11:19:00,NA,NA,March_2023,22.7,NA,NA,NA,NA,NA,NA,NA,1064.6016666666667,213.35,2012.6016666666667,-0.02541493047307965,AICc | Intercept,-0.02530467421493816,0.06276153793578765,1.3470626397939122e-4,-0.02541493047307965,0.06274818614608124,0.08455172933467489,g-fact. > 2 | Intercept (LM),0.08455172933467489,0.7981319539520303,4.0175965765858776e-75,0.2483841994071632,0.886676942340084,LGR2,NA,standard,NA
Mar_23_138_CP40_stem,3/15/23,CP40,NA,NA,11:22:31,11:25:31,NA,NA,March_2023,22.7,NA,NA,NA,NA,NA,NA,NA,1064.6016666666667,213.35,2012.6016666666667,10.484090324276876,SE | g-fact. > 2 | Intercept,10.484090324276876,0.25382261627159053,3.923492643330968e-19,53.816159544876626,0.3800290694296298,1.3639977880340128,RMSE | MAE | AICc,1.3639977880340128,0.9993475396771624,0,1.380270003483561,0.999277950677212,LGR2,NA,standard,NA
Mar_23_139_CP40_stem,3/15/23,CP40,NA,NA,11:34:00,11:37:00,NA,NA,March_2023,22.7,NA,NA,NA,NA,NA,NA,NA,1064.6016666666667,213.35,2012.6016666666667,0.459538479077298,SE | g-fact. > 2 | Intercept,0.459538479077298,0.4244653897044468,7.330282071360106e-41,1.2957302707119709,0.4824290943331089,0.40096640542633144,RMSE | MAE | AICc,0.40096640542633144,0.9965647697901828,0,0.4053532652393488,0.9964836350669982,LGR2,NA,standard,NA
Mar_23_141_CP40_CWD,3/15/23,CP40,NA,NA,13:57:40,14:00:40,NA,NA,March_2023,22.2,NA,NA,NA,NA,NA,NA,NA,1064.6016666666667,213.35,2012.6016666666667,0.06117983824821873,AICc | Intercept,0.04724624519950752,0.3391874530966531,2.0945700777001612e-27,0.06117983824821873,0.34156918155046234,0.3838429071420276,AICc,0.3781763439197162,0.9965144818827604,0,0.3838429071420276,0.996470941064251,LGR2,NA,standard,NA
Mar_23_142_CP40_CWD,3/15/23,CP40,NA,NA,14:10:40,14:13:40,NA,NA,March_2023,22.2,NA,NA,NA,NA,NA,NA,NA,418.99555555555554,107.68,1366.9955555555557,0.30854933186120553,AICc,0.29553799324385033,0.6089728500587612,6.904929231744565e-61,0.30854933186120553,0.6090257858061667,0.5030855794100512,MAE | AICc,0.4966649010959595,0.9940906605050552,4e-291,0.5030855794100512,0.9940365584229692,LGR2,NA,standard,NA
Mar_23_143_CP40_CWD,3/15/23,CP40,NA,NA,14:22:33,14:25:33,NA,NA,March_2023,22.2,NA,NA,NA,NA,NA,NA,NA,418.99555555555554,107.68,1366.9955555555557,0.08297653236764088,SE | g-fact. > 2 | Intercept,0.08297653236764088,0.00874988386820352,0.03624912915930217,3.172795769886547,0.22494443200235337,0.3788644240430251,NA,0.3517673922937601,0.9897976369862188,0,0.3788644240430251,0.9901752409559852,LGR2,NA,standard,NA
Mar_23_144_CP40_stem,3/15/23,CP40,NA,NA,14:38:20,14:41:20,NA,NA,March_2023,22.2,NA,NA,NA,NA,NA,NA,NA,1064.6016666666667,213.35,2012.6016666666667,10.415515624015343,SE | g-fact. > 2 | Intercept,10.415515624015343,0.6933199510993207,2.9986200039436507e-55,25.115812119417093,0.7500802143107359,1.119734550464076,NA,1.009023607758016,0.9978067986506428,2.13255923774274e-277,1.119734550464076,0.9985511236874016,LGR2,NA,standard,NA
Mar_23_145_CP40_stem,3/15/23,CP40,NA,NA,14:54:02,14:57:02,NA,NA,March_2023,22.3285714285714,NA,NA,NA,NA,NA,NA,NA,1064.6016666666667,213.35,2012.6016666666667,0.07249716617810552,AICc | Intercept,0.07180960858417933,0.37835839107673486,4.974377166958702e-25,0.07249716617810552,0.378320480665962,0.26985353559494785,NA,0.21774465432998377,0.9745601924307298,5.3820819389676245e-180,0.26985353559494785,0.9778853750202684,LGR2,NA,standard,NA
Mar_23_146_CP40_stem,3/15/23,CP40,NA,NA,15:01:00,15:04:00,NA,NA,March_2023,22.3469387755102,NA,NA,NA,NA,NA,NA,NA,1064.6016666666667,213.35,2012.6016666666667,0.05272345991138776,g-fact. > 2 | Intercept (LM),0.05272345991138776,0.28093541338804207,1.704941943759364e-23,0.16727729205494776,0.30596928856684347,0.4474449738497823,RMSE | MAE | AICc,0.4474449738497823,0.9964036329885316,0,0.4512711642734998,0.996281027105157,LGR2,NA,standard,NA
Mar_23_147_CP40_stem,3/15/23,CP40,NA,NA,15:17:03,15:20:03,NA,NA,March_2023,22.5,NA,NA,NA,NA,NA,NA,NA,1064.6016666666667,213.35,2012.6016666666667,0.4048694767974881,SE | g-fact. > 2 | p-value | Intercept (LM),0.4048694767974881,0.00479436731488591,0.13932084099710096,8.914988053204766,0.07160089061023789,0.38602136377873375,AICc,0.3787166469236115,0.9920144221944932,2.3728632383678153e-262,0.38602136377873375,0.9920279838759306,LGR2,NA,standard,NA
Mar_23_135_CP40_stem,3/15/23,CP40,NA,NA,10:53:37,10:56:37,NA,NA,March_2023,22.7,NA,NA,NA,NA,NA,NA,NA,1064.6016666666667,213.35,2012.6016666666667,15.221038452498805,SE | g-fact. > 2 | Intercept,15.221038452498805,0.1941868019128481,3.8552779193305274e-14,64.65676989392374,0.26944856217343127,1.0628893850814118,RMSE | MAE | AICc,1.0628893850814118,0.9983473074479032,0,1.0725936396912843,0.998199267192716,LGR2,NA,standard,NA
Mar_23_148_CP40_stem,3/15/23,CP40,NA,NA,15:22:22,15:25:22,NA,NA,March_2023,22.5,NA,NA,NA,NA,NA,NA,NA,1064.6016666666667,213.35,2012.6016666666667,0.7647198106496442,SE | g-fact. > 2 | Intercept,0.7647198106496442,0.2806181205607925,5.7265206206054574e-18,3.316760615790614,0.3879296730176562,0.6001553529754824,NA,0.5797263326976428,0.99494595948211,2.0810838143657666e-259,0.6001553529754824,0.9950278137057011,LGR2,NA,standard,NA
Mar_23_140_CP40_stem,3/15/23,CP40,NA,NA,11:47:45,11:51:45,NA,NA,March_2023,22.5333333333333,NA,NA,NA,NA,NA,NA,NA,1064.6016666666667,213.35,2012.6016666666667,0.03353099484308541,g-fact. > 2 | Intercept (LM),0.03353099484308541,0.15271513902521316,1.0228822181703554e-15,0.16415402239611018,0.21711651540003463,0.25618861052835135,MAE | AICc,0.25248774119362666,0.9941810277273676,0,0.25618861052835135,0.9941109743629772,LGR2,NA,standard,NA
Mar_23_113_BL60_stem,3/16/23,BL60,NA,NA,12:14:30,12:17:30,NA,NA,March_2023,28.1,NA,NA,NA,NA,NA,NA,NA,212.53666666666663,40.45,1160.5366666666666,-0.06222181985936976,AICc,-0.06229946922125713,0.06298921353758813,2.851362400727544e-6,-0.06222181985936976,0.06296218470219739,0.7053485834887167,AICc,0.6942067907463144,0.9898704522082638,2e-291,0.7053485834887167,0.9898317748612052,LGR2,NA,standard,NA
Mar_23_114_BL60_stem,3/16/23,BL60,NA,NA,12:23:00,12:26:00,NA,NA,March_2023,28.1,NA,NA,NA,NA,NA,NA,NA,212.53666666666663,40.45,1160.5366666666666,-0.1444614317499883,AICc | Intercept,-0.14443496200340827,0.20500795935091745,1.896158024986787e-13,-0.1444614317499883,0.2049407426321349,1.4699513588397417,SE,1.1877978978612485,0.989905690181486,9.486616184724093e-234,1.4699513588397417,0.9929350797763616,LGR2,NA,standard,NA
Mar_23_115_BL60_stem,3/16/23,BL60,NA,NA,12:52:17,12:55:17,NA,NA,March_2023,28.1,NA,NA,NA,NA,NA,NA,NA,212.53666666666663,40.45,1160.5366666666666,-0.01395947243254453,AICc | p-value | MDF | Intercept,-0.01397048613200609,0.00190634696597435,0.21300317777025177,-0.01395947243254453,0.00190457449817127,0.575111118478337,AICc,0.5515753704578805,0.9674171621071675,1.258490308107115e-218,0.575111118478337,0.9675302913025774,LGR2,NA,standard,NA
Mar_23_117_BL60_stem,3/16/23,BL60,NA,NA,10:43:15,10:46:15,NA,NA,March_2023,25.3,NA,NA,NA,NA,NA,NA,NA,212.53666666666663,40.45,1160.5366666666666,-0.6456105291478391,AICc,-0.6444068866771901,0.3126692437235089,1.504953089808258e-19,-0.6456105291478391,0.3124199208355224,1.2985166704573718,SE | AICc,1.2690332243703395,0.9934926909909412,2.3244328088661538e-238,1.2985166704573718,0.9935280614811368,LGR2,NA,standard,NA
Mar_23_119_BL60_stem,3/16/23,BL60,NA,NA,11:09:30,11:12:30,NA,NA,March_2023,25.3,NA,NA,NA,NA,NA,NA,NA,212.53666666666663,40.45,1160.5366666666666,-3.6780773707998375,RMSE | SE | AICc,-3.6780773707998375,0.6002186508935073,6.645217273327312e-48,-3.724167585336868,0.5978005946735431,1.7659952180768768,SE,1.5632022297676078,0.99232231928491,2.0278458344670005e-245,1.7659952180768768,0.9933226883793662,LGR2,NA,standard,NA
Mar_23_121_BL60_stem,3/16/23,BL60,NA,NA,11:38:30,11:41:30,NA,NA,March_2023,25.3,NA,NA,NA,NA,NA,NA,NA,212.53666666666663,40.45,1160.5366666666666,0.4657738251629061,AICc | Intercept,0.4645529651037142,0.6251127387782777,5.717178019304239e-58,0.4657738251629061,0.6249465013252145,3.942281403660091,SE | Intercept (LM),2.0542007410101037,0.96300579790491,8.114132860152657e-190,3.942281403660091,0.9959911715966854,LGR2,NA,standard,NA
Mar_23_122_BL60_stem,3/16/23,BL60,NA,NA,13:12:00,13:15:00,NA,NA,March_2023,28.1,NA,NA,NA,NA,NA,NA,NA,212.53666666666663,40.45,1160.5366666666666,-0.07170740292592925,AICc | Intercept,-0.04124113919776471,0.01890595426812003,0.01870383862704362,-0.07170740292592925,0.02476746549764874,1.076334550013064,SE | AICc,1.0610060482777617,0.9803927061345972,1.9881544764637557e-205,1.076334550013064,0.9803432625882348,LGR2,NA,standard,NA
Mar_23_123_BL60_stem,3/16/23,BL60,NA,NA,13:37:40,13:40:40,NA,NA,March_2023,28.1,NA,NA,NA,NA,NA,NA,NA,212.53666666666663,40.45,1160.5366666666666,0.22102876056213364,AICc | Intercept,0.15242970132903202,0.4182803801605488,3.769732139921778e-37,0.22102876056213364,0.42216190529188735,0.7307666471150779,SE | g-fact. > 2 | Intercept (LM),0.7307666471150779,0.9473326896867033,9.30983334819323e-193,1.5563089344122556,0.988084162188014,LGR2,NA,standard,NA
Mar_23_124_BL60_root,3/16/23,BL60,NA,NA,13:53:12,13:56:12,NA,NA,March_2023,28.1,NA,NA,NA,NA,NA,NA,NA,212.53666666666663,40.45,1160.5366666666666,-0.1277429820121418,AICc | Intercept,-0.06433720017409973,0.05287723718564874,2.4321271314662932e-4,-0.1277429820121418,0.05813743473436428,0.6921146708108035,SE,0.4731557298172901,0.9553505671706856,1.7480305960275782e-157,0.6921146708108035,0.965477069864238,LGR2,NA,standard,NA
Mar_23_126_BL60_stem,3/16/23,BL60,NA,NA,14:49:00,14:52:00,NA,NA,March_2023,28.3,NA,NA,NA,NA,NA,NA,NA,212.53666666666663,40.45,1160.5366666666666,0.5625233752888436,AICc,0.5579759872088099,0.8069673779095723,1.6272545553831907e-101,0.5625233752888436,0.8068630788185142,1.554718002276395,RMSE | SE | AICc,1.554718002276395,0.9726510344269376,1.5977593617631526e-219,1.562551936108137,0.9724484954763948,LGR2,NA,standard,NA
Mar_23_127_BL60_stem,3/16/23,BL60,NA,NA,14:54:20,14:57:20,NA,NA,March_2023,28.3,NA,NA,NA,NA,NA,NA,NA,212.53666666666663,40.45,1160.5366666666666,-0.01396206448768451,AICc | p-value | MDF | Intercept,-0.01397211358766067,-0.003214289885622,0.5324020003679892,-0.01396206448768451,-0.00321524707653453,3.1510283674510613,SE,1.9645715971219089,0.9698724274174624,6.53443798470277e-146,3.1510283674510613,0.9871776786295976,LGR2,NA,standard,NA
Mar_23_120_BL60_stem,3/16/23,BL60,NA,NA,11:25:30,11:28:30,NA,NA,March_2023,25.3,NA,NA,NA,NA,NA,NA,NA,212.53666666666663,40.45,1160.5366666666666,0.20247827568393023,SE | g-fact. > 2 | Intercept (LM),0.20247827568393023,0.30725314269548565,2.283719747398235e-23,0.9181996671784072,0.39483529729236855,2.363220488746027,SE,1.5046129387596994,0.9754042360271572,7.101560655909596e-218,2.363220488746027,0.9910635350095562,LGR2,NA,standard,NA
Mar_23_128_BL60_stem,3/16/23,BL60,NA,NA,15:05:20,15:08:20,NA,NA,March_2023,28.3,NA,NA,NA,NA,NA,NA,NA,212.53666666666663,40.45,1160.5366666666666,0.40337514848446687,SE | g-fact. > 2 | Intercept,0.40337514848446687,0.4908406292307144,3.6860840386563477e-34,0.8535858109240235,0.5163995778178854,2.540750856522521,SE,1.48534896640071,0.9457375437187564,8.999219453512939e-141,2.540750856522521,0.9682513753627192,LGR2,NA,standard,NA
Mar_23_95_SE1_leaves,3/17/23,SE1,NA,NA,11:09:00,11:12:00,NA,NA,March_2023,26.8,NA,NA,NA,NA,NA,NA,NA,2190.644,351,3138.644,0.05592303420432873,AICc | Intercept,0.03786752742979636,0.324341138587359,6.735997916490516e-30,0.05592303420432873,0.3280965364643752,-0.835645840430119,SE | g-fact. > 2 | Intercept (LM),-0.835645840430119,0.8830131728982689,1.2435584581734179e-154,-2.6216995031495545,0.9914757448120454,LGR2,NA,standard,NA
Mar_23_96_SE1_leaves,3/17/23,SE1,NA,NA,11:18:00,11:21:00,NA,NA,March_2023,27.8,NA,NA,NA,NA,NA,NA,NA,2190.644,351,3138.644,0.02671231927427821,AICc | Intercept,0.01663553020887033,0.10918480328748004,6.4506383203222746e-12,0.02671231927427821,0.11145813176385312,-0.8719155201709149,g-fact. > 2 | Intercept (LM),-0.8719155201709149,0.921104925994834,6.478087152513922e-223,-2.412377238807672,0.998895763014933,LGR2,NA,standard,NA
Mar_23_97_SE1_leaves,3/17/23,SE1,NA,NA,11:33:00,11:36:00,NA,NA,March_2023,28.9,NA,NA,NA,NA,NA,NA,NA,2190.644,351,3138.644,0.02542544358446876,AICc | Intercept,0.02415714732031124,0.10197023542649476,2.006704478529799e-8,0.02542544358446876,0.10199166553597672,-2.1182645231468102,NA,-1.4609072849696514,0.9894352168880816,7.0569648291360555e-283,-2.1182645231468102,0.9995340784894536,LGR2,NA,standard,NA
Mar_23_98_SE1_leaves,3/17/23,SE1,NA,NA,11:43:00,11:46:00,NA,NA,March_2023,28.0857142857143,NA,NA,NA,NA,NA,NA,NA,2190.644,351,3138.644,0.02322292525082661,g-fact. > 2 | Intercept,0.02322292525082661,0.09005322873943611,1.4490626970150433e-7,0.05949473999725087,0.10293046088726132,-1.849394351008864,g-fact. > 2 | Intercept (LM),-1.849394351008864,0.932421410656404,7.796828333037691e-168,-4.643382922101274,0.9988880084963668,LGR2,NA,standard,NA
Mar_23_94_SE1_leaves,3/17/23,SE1,NA,NA,10:50:00,11:00:00,NA,NA,March_2023,27.3,NA,NA,NA,NA,NA,NA,NA,2190.644,351,3138.644,-0.0037038986196373,AICc | p-value | MDF | Intercept,-0.00299113545328454,-0.00376117180196278,0.6536727905580371,-0.0037038986196373,-0.00350519124531611,-1.1982774188504874,g-fact. > 2 | Intercept (LM),-1.1982774188504874,0.9577016976135256,8.338834915137402e-148,-2.472329224270086,0.9988007031531968,LGR2,NA,standard,NA
Mar_23_71_FLM30_stem,3/18/23,FLM30,NA,NA,10:51:00,10:54:00,NA,NA,March_2023,26.2,NA,NA,NA,NA,NA,NA,NA,418.99555555555554,107.68,1366.9955555555557,41.13573579222933,NA,40.42984673919645,0.9999601305550546,0,41.13573579222933,0.9999750708717656,1.2216594565036174,NA,1.1598219812959245,0.99825287315194,0,1.2216594565036174,0.9984408842520408,LGR2,NA,standard,NA
Mar_23_72_FLM30_stem,3/18/23,FLM30,NA,NA,10:59:30,11:02:30,NA,NA,March_2023,26.2,NA,NA,NA,NA,NA,NA,NA,1064.6016666666667,213.35,2012.6016666666667,3.129373430013646,AICc,3.0789093809375068,0.9982953765112084,2.014632416328053e-292,3.129373430013646,0.9982934455922632,1.2999007271798575,NA,1.2249343368708472,0.9983592942886996,3.3745805279715145e-291,1.2999007271798575,0.9985909801083024,LGR2,NA,standard,NA
Mar_23_73_FLM30_stem,3/18/23,FLM30,NA,NA,11:08:30,11:11:30,NA,NA,March_2023,26.2,NA,NA,NA,NA,NA,NA,NA,1064.6016666666667,213.35,2012.6016666666667,0.37182507864351,NA,0.31665858384919093,0.932647966583002,2.113449081339972e-143,0.37182507864351,0.9343453007462088,1.167651961349853,NA,1.0795459947413395,0.9985555486875904,0,1.167651961349853,0.998971473982667,LGR2,NA,standard,NA
Mar_23_74_FLM30_stem,3/18/23,FLM30,NA,NA,11:18:00,11:21:00,NA,NA,March_2023,26.2,NA,NA,NA,NA,NA,NA,NA,212.53666666666663,40.45,1160.5366666666666,68.15146950131387,SE | Intercept (LM),36.73715876753692,0.9684773937898016,1.5287261767790194e-139,68.15146950131387,0.9982313532947388,22.190187449066045,Intercept (LM),12.27883798013237,0.9722415338273048,1.349779321670983e-144,22.190187449066045,0.9993270148657648,LGR2,NA,standard,NA
Mar_23_75_FLM30_stem,3/18/23,FLM30,NA,NA,11:31:00,11:34:00,NA,NA,March_2023,26.2,NA,NA,NA,NA,NA,NA,NA,418.99555555555554,107.68,1366.9955555555557,2.715482813859234,NA,2.1635155405854474,0.993077251828278,8.824838114254583e-240,2.715482813859234,0.9967084021681304,1.5894480643418687,NA,1.4632567842030249,0.9986839655440818,4.298e-304,1.5894480643418687,0.9991555965735098,LGR2,NA,standard,NA
Mar_23_76_FLM30_stem,3/18/23,FLM30,NA,NA,11:36:30,11:39:30,NA,NA,March_2023,26.2,NA,NA,NA,NA,NA,NA,NA,418.99555555555554,107.68,1366.9955555555557,-0.32401707478789155,AICc,-0.322149693735572,0.882282292149529,1.3902103103094699e-108,-0.32401707478789155,0.882138203360982,2.053576112374521,NA,1.7556396561535184,0.9977445211788742,2.826148204356497e-292,2.053576112374521,0.9994593327665576,LGR2,NA,standard,NA
Mar_23_77_FLM30_stem,3/18/23,FLM30,NA,NA,11:41:30,11:44:30,NA,NA,March_2023,26.2,NA,NA,NA,NA,NA,NA,NA,418.99555555555554,107.68,1366.9955555555557,0.04027545586251596,AICc | Intercept,0.04011480665454299,0.11134550419207888,1.671776451889441e-7,0.04027545586251596,0.111324422407578,2.663989078352767,NA,2.0070813695060337,0.9934306671540352,1.184299180244882e-246,2.663989078352767,0.9992277642736148,LGR2,NA,standard,NA
Mar_23_78_FLM30_stem,3/18/23,FLM30,NA,NA,14:06:30,14:09:30,NA,NA,March_2023,29.7,NA,NA,NA,NA,NA,NA,NA,1064.6016666666667,213.35,2012.6016666666667,3.511430224575539,SE,2.9681829450632837,0.9933250029451324,0,3.511430224575539,0.9952215432101398,1.132042991842577,NA,0.8405264301455426,0.9895751150887738,0,1.132042991842577,0.9956383943114538,LGR2,NA,standard,NA
Mar_23_79_FLM30_stem,3/18/23,FLM30,NA,NA,13:53:15,13:56:15,NA,NA,March_2023,29.7,NA,NA,NA,NA,NA,NA,NA,418.99555555555554,107.68,1366.9955555555557,0.12718847236582642,Intercept (HM),0.10688755644891944,0.8259654329135844,5.652454699629681e-204,0.12718847236582642,0.8277385874091616,2.2801934973193614,NA,1.7673435907435835,0.9952621141884224,0,2.2801934973193614,0.9998503676156748,LGR2,NA,standard,NA
Mar_23_80_FLM30_stem,3/18/23,FLM30,NA,NA,13:47:45,13:50:45,NA,NA,March_2023,29.7,NA,NA,NA,NA,NA,NA,NA,418.99555555555554,107.68,1366.9955555555557,0.06876845678074875,g-fact. > 2 | Intercept,0.06876845678074875,0.3004971218277017,1.911477516293012e-20,0.17480897240837212,0.3202260037863557,2.0261798845479744,NA,1.6175353188687869,0.99595716676855,4.9315692370252524e-287,2.0261798845479744,0.9995285119783328,LGR2,NA,standard,NA
Mar_23_81_FLM30_stem,3/18/23,FLM30,NA,NA,14:23:30,14:26:30,NA,NA,March_2023,29.5,NA,NA,NA,NA,NA,NA,NA,212.53666666666663,40.45,1160.5366666666666,-0.8676940203615036,SE | AICc | p-value | Intercept,-0.8700116983509147,5.3851053249176495e-5,0.3102394674443534,-0.8676940203615036,4.0643707284959696e-5,3.4780245894985256,SE | g-fact. > 2 | Intercept,3.4780245894985256,0.12400347219680896,9.706170244410342e-19,25.461637803342768,0.21666036540598368,LGR2,NA,standard,NA
Mar_23_82_FLM30_stem,3/18/23,FLM30,NA,NA,12:48:00,12:51:00,NA,NA,March_2023,27.6,NA,NA,NA,NA,NA,NA,NA,212.53666666666663,40.45,1160.5366666666666,16.024961216425808,NA,15.37916969959591,0.9996089092483208,0,16.024961216425808,0.9997237872745784,5.042388003805169,NA,4.817401645309191,0.9995345240879306,0,5.042388003805169,0.9996752703542168,LGR2,NA,standard,NA
Mar_23_83_FLM30_stem,3/18/23,FLM30,NA,NA,12:54:00,12:57:00,NA,NA,March_2023,27.6,NA,NA,NA,NA,NA,NA,NA,212.53666666666663,40.45,1160.5366666666666,0.325001319805971,AICc | Intercept,0.25665172871679504,0.6001200199798693,6.900981726084782e-56,0.325001319805971,0.6029422636983182,7.136999681429566,SE | Intercept (LM),4.470046454672203,0.983171423008146,9.753322379511688e-242,7.136999681429566,0.9983491883929482,LGR2,NA,standard,NA
Mar_23_84_FLM30_stem,3/18/23,FLM30,NA,NA,13:00:30,13:03:30,NA,NA,March_2023,27.6,NA,NA,NA,NA,NA,NA,NA,212.53666666666663,40.45,1160.5366666666666,0.4119430059860228,Intercept,0.32521143269689884,0.7411200418398638,6.741494150591009e-88,0.4119430059860228,0.7440765525721542,6.94688802330784,NA,5.822046674506524,0.9976142341779328,0,6.94688802330784,0.9998161853539907,LGR2,NA,standard,NA
Mar_23_85_FLM30_stem,3/18/23,FLM30,NA,NA,13:18:30,13:21:30,NA,NA,March_2023,29.4,NA,NA,NA,NA,NA,NA,NA,1064.6016666666667,213.35,2012.6016666666667,6.90612901727869,NA,6.188016557649885,0.9976591606152324,0,6.90612901727869,0.9984938258662754,1.4860217520650632,NA,1.0808626238387635,0.9926907360259788,0,1.4860217520650632,0.9998678699479796,LGR2,NA,standard,NA
Mar_23_88_FLM30_stem,3/18/23,FLM30,NA,NA,11:57:00,12:00:00,NA,NA,March_2023,28.4,NA,NA,NA,NA,NA,NA,NA,418.99555555555554,107.68,1366.9955555555557,3.7893099114131017,NA,3.4015070017675915,0.9980021197959948,6.65565935416588e-291,3.7893099114131017,0.9988199287228045,1.650243172397126,NA,1.4473441639042788,0.9980546700142464,3.317886438585656e-292,1.650243172397126,0.999267141998749,LGR2,NA,standard,NA
Mar_23_89_FLM30_stem,3/18/23,FLM30,NA,NA,12:02:30,12:05:30,NA,NA,March_2023,28.4,NA,NA,NA,NA,NA,NA,NA,418.99555555555554,107.68,1366.9955555555557,3.404900611559191,NA,2.730383337555041,0.9952714175456692,0,3.404900611559191,0.998751450928816,1.670365215225439,NA,1.343435038469633,0.9960560565092776,0,1.670365215225439,0.9994089700466818,LGR2,NA,standard,NA
Mar_23_90_FLM30_stem,3/18/23,FLM30,NA,NA,12:09:30,12:12:30,NA,NA,March_2023,28.4,NA,NA,NA,NA,NA,NA,NA,418.99555555555554,107.68,1366.9955555555557,-0.07248882845729618,AICc,-0.07171520353647388,0.3294374970329734,1.2472133584154144e-20,-0.07248882845729618,0.3293943285347276,1.3001977487430263,NA,1.07227089760032,0.9957199170616696,7.954271504007494e-257,1.3001977487430263,0.9983811998081998,LGR2,NA,standard,NA
Mar_23_91_FLM30_stem,3/18/23,FLM30,NA,NA,12:19:30,12:22:30,NA,NA,March_2023,29.1,NA,NA,NA,NA,NA,NA,NA,418.99555555555554,107.68,1366.9955555555557,36.46860830792972,NA,31.977293969371512,0.9987095277598972,4.9683e-303,36.46860830792972,0.9999059801461984,1.920148264890516,NA,1.563494876215833,0.9961738976065574,4.145967357974528e-268,1.920148264890516,0.9991344299388852,LGR2,NA,standard,NA
Mar_23_92_FLM30_stem,3/18/23,FLM30,NA,NA,12:26:00,12:29:00,NA,NA,March_2023,29.1,NA,NA,NA,NA,NA,NA,NA,418.99555555555554,107.68,1366.9955555555557,-0.4084641432101427,g-fact. > 2 | Intercept (HM),-0.4084641432101427,0.861702191077508,2.425454146551651e-114,-0.9975339224128495,0.926604778794202,1.6791865551454823,NA,1.3765177086022218,0.996198185923968,4.63552e-302,1.6791865551454823,0.9988933571336396,LGR2,NA,standard,NA
Mar_23_93_FLM30_stem,3/18/23,FLM30,NA,NA,12:33:00,12:36:00,NA,NA,March_2023,29.1,NA,NA,NA,NA,NA,NA,NA,418.99555555555554,107.68,1366.9955555555557,-0.05634842890846313,AICc | Intercept,-0.05629907077592349,0.4408443267445805,7.893001384107354e-56,-0.05634842890846313,0.44070541184546064,2.4730607836923064,Intercept (LM),1.2812228279824271,0.9666918624294988,2.6293641e-300,2.4730607836923064,0.9989250405972192,LGR2,NA,standard,NA
Mar_23_86_FLM30_stem,3/18/23,FLM30,NA,NA,13:29:30,13:32:30,NA,NA,March_2023,29.4,NA,NA,NA,NA,NA,NA,NA,418.99555555555554,107.68,1366.9955555555557,0.03121843178646204,g-fact. > 2 | Intercept,0.03121843178646204,0.12085649008501365,2.424699986101012e-10,0.08053279415710994,0.1354067942712558,3.026019043918088,NA,2.5371008562130744,0.9976640302790708,0,3.026019043918088,0.9998370223622955,LGR2,NA,standard,NA
Mar_23_10_BL60_stem,3/19/23,BL60,NA,NA,11:55:25,11:58:25,NA,NA,March_2023,26.8,NA,NA,NA,NA,NA,NA,NA,212.53666666666663,40.45,1160.5366666666666,0.34411006343562556,AICc | Intercept,0.3432882752021128,0.6379821526286835,3.745099558650844e-68,0.34411006343562556,0.6378056294247545,8.595974993674028,SE,8.264247748620061,0.9996774324035834,0,8.595974993674028,0.9997812755663726,LGR2,NA,standard,NA
Mar_23_11_BL60_stem,3/19/23,BL60,NA,NA,12:19:10,12:22:10,NA,NA,March_2023,26.8,NA,NA,NA,NA,NA,NA,NA,212.53666666666663,40.45,1160.5366666666666,0.11476676628348402,AICc,0.11451331336841385,0.07489349394236489,3.9090185142159775e-5,0.11476676628348402,0.07487473806280531,9.69465728116086,SE,9.51381685966116,0.9997252047735784,0,9.69465728116086,0.9997481417169192,LGR2,NA,standard,NA
Mar_23_12_BL60_stem,3/19/23,BL60,NA,NA,12:43:20,12:46:20,NA,NA,March_2023,26.8,NA,NA,NA,NA,NA,NA,NA,212.53666666666663,40.45,1160.5366666666666,0.133698267524157,SE | g-fact. > 2 | Intercept,0.133698267524157,0.11422424381006736,2.766011229785641e-7,0.389744785770705,0.12403313488695056,6.70140938331249,SE,6.263825199912636,0.9992245742674944,0,6.70140938331249,0.9995315534881412,LGR2,NA,standard,NA
Mar_23_13_BL60_root,3/19/23,BL60,NA,NA,12:09:00,12:12:00,NA,NA,March_2023,26.8,NA,NA,NA,NA,NA,NA,NA,NA,NA,NA,NA,NA,NA,NA,NA,NA,NA,NA,NA,NA,NA,NA,NA,NA,LGR2,NA,standard,NA
Mar_23_14_BL60_stem,3/19/23,BL60,NA,NA,13:32:00,13:35:00,NA,NA,March_2023,27.4,NA,NA,NA,NA,NA,NA,NA,212.53666666666663,40.45,1160.5366666666666,-0.12931358181689903,g-fact. > 2 | Intercept (LM),-0.12931358181689903,0.19396065998104828,7.792254283951071e-12,-0.27683922863909316,0.20365154087352833,3.8683205549424766,SE,3.1519455463285,0.9954670391840242,8.438271180960998e-252,3.8683205549424766,0.998346095841004,LGR2,NA,standard,NA
Mar_23_15_BL60_root,3/19/23,BL60,NA,NA,13:42:00,13:45:00,NA,NA,March_2023,26.6,NA,NA,NA,NA,NA,NA,NA,42.26167197578528,127.69028473256944,990.2616719757852,3.17934273306999,Intercept (LM),1.6412123830884089,0.9606510162601172,7.150316664198992e-159,3.17934273306999,0.9933062500081862,1.3391724681283526,SE,0.9487883965130984,0.981276958890847,7.667531532020384e-195,1.3391724681283526,0.9903729927208176,LGR2,NA,standard,NA
Mar_23_17_BL60_stem,3/19/23,BL60,NA,NA,09:30:30,09:33:30,NA,NA,March_2023,26.9,NA,NA,NA,NA,NA,NA,NA,212.53666666666663,40.45,1160.5366666666666,1.07127179339018,AICc | Intercept,1.0646728666605023,0.8572717833263173,6.800850291230297e-108,1.07127179339018,0.8571256871029405,3.8961677918514344,SE,3.4509109703498253,0.9972848744760556,5e-307,3.8961677918514344,0.9983027267931948,LGR2,NA,standard,NA
Mar_23_18_BL60_stem,3/19/23,BL60,NA,NA,10:49:50,10:52:50,NA,NA,March_2023,26.9,NA,NA,NA,NA,NA,NA,NA,212.53666666666663,40.45,1160.5366666666666,0.30804961260703817,SE | AICc | Intercept,0.16260612579336592,0.16073649927821354,2.4173259288259543e-9,0.30804961260703817,0.1639519338195481,6.519617605001268,SE,6.136866859718308,0.9990929063976286,2.2090766586997236e-291,6.519617605001268,0.9993436597443626,LGR2,NA,standard,NA
Mar_23_20_BL60_stem,3/19/23,BL60,NA,NA,10:32:37,10:35:37,NA,NA,March_2023,26.9,NA,NA,NA,NA,NA,NA,NA,-112.18276765313196,176.3342027259292,835.8172323468681,0.6713788319969395,Intercept (LM),0.3902366265759405,0.895876457405673,1.6626106494714976e-94,0.6713788319969395,0.913600963243995,0.2045448242936407,g-fact. > 2 | Intercept (LM),0.2045448242936407,0.930897029780838,2.990187405843879e-111,0.47838538238191536,0.9879301093251648,LGR2,NA,standard,NA
Mar_23_22_BL60_stem,3/19/23,BL60,NA,NA,11:14:20,11:17:20,NA,NA,March_2023,26.9,NA,NA,NA,NA,NA,NA,NA,212.53666666666663,40.45,1160.5366666666666,0.27464200150987944,AICc | Intercept,0.27347530811522014,0.6330436043696088,9.130888522407282e-71,0.27464200150987944,0.632907794725296,5.520085849700898,NA,5.087139922661271,0.99912019102205,0,5.520085849700898,0.99958520912169,LGR2,NA,standard,NA
Mar_23_23_BL60_stem,3/19/23,BL60,NA,NA,11:22:50,11:25:50,NA,NA,March_2023,26.9,NA,NA,NA,NA,NA,NA,NA,212.53666666666663,40.45,1160.5366666666666,0.4549552239511493,AICc | Intercept,0.3572468655312517,0.6391040218423607,1.0760394892423463e-55,0.4549552239511493,0.641851208428161,8.754814272336768,SE,8.0803880401407,0.9993553122926534,0,8.754814272336768,0.9997946754835412,LGR2,NA,standard,NA
Mar_23_24_BL60_root,3/19/23,BL60,NA,NA,11:30:23,11:33:23,NA,NA,March_2023,26.9,NA,NA,NA,NA,NA,NA,NA,212.53666666666663,40.45,1160.5366666666666,5.448621116507727,Intercept (LM),3.216599873925826,0.9716058662508704,3.985913327785838e-173,5.448621116507727,0.9914364360413904,3.349447625948859,SE | Intercept (LM),2.2079968735636166,0.9845824187776716,1.9575757633755141e-202,3.349447625948859,0.9967141998386148,LGR2,NA,standard,NA
Mar_23_19_BL60_stem,3/19/23,BL60,NA,NA,09:54:30,09:57:30,NA,NA,March_2023,26.9,NA,NA,NA,NA,NA,NA,NA,-68.93832455703514,164.1732232275893,879.0616754429649,4.164379556332693,NA,4.0555476739317635,0.9993221065535856,0,4.164379556332693,0.9993698575059896,1.3194271097842734,NA,0.9533920331528574,0.9911597323601128,3.4949014959188357e-231,1.3194271097842734,0.9988807153836456,LGR2,NA,standard,NA
Mar_23_21_BL60_stem,3/19/23,BL60,NA,NA,11:57:40,12:00:40,NA,NA,March_2023,26.9,NA,NA,NA,NA,NA,NA,NA,212.53666666666663,40.45,1160.5366666666666,0.3523355811403775,SE | AICc,0.3508368886012298,0.6918906806271021,1.466128577894383e-85,0.3523355811403775,0.6917288417886069,8.660396763302042,SE,8.287229342730775,0.9996917624700614,0,8.660396763302042,0.9998220646986222,LGR2,NA,standard,NA
Mar_23_16_BL60_stem,3/19/23,BL60,NA,NA,13:41:30,13:50:30,NA,NA,March_2023,26.6,NA,NA,NA,NA,NA,NA,NA,212.53666666666663,40.45,1160.5366666666666,5.730026032391321,SE | g-fact. > 2 | Intercept (LM),5.730026032391321,0.956389431012897,3.896728311183339e-181,11.71555051734422,0.9946032701471844,5.579989481558339,SE | Intercept (LM),3.2522960544927773,0.9674616195324884,7.277457423125595e-198,5.579989481558339,0.9904795147229716,LGR2,NA,standard,NA
Oct_22_2_FLM30_stem,10/15/22,FLM30,NA,NA,13:15:37,13:20:34,NA,NA,Oct_2022,NA,NA,NA,NA,NA,NA,NA,NA,1064.6016666666667,213.35,2012.6016666666667,NA,NA,NA,NA,NA,NA,NA,NA,NA,NA,NA,NA,NA,NA,LGR2,NA,standard,NA
Oct_22_3_FLM30_stem,10/15/22,FLM30,NA,NA,13:22:00,13:27:00,NA,NA,Oct_2022,NA,NA,NA,NA,NA,NA,NA,NA,1064.6016666666667,213.35,2012.6016666666667,NA,NA,NA,NA,NA,NA,NA,NA,NA,NA,NA,NA,NA,NA,LGR2,NA,standard,NA
Oct_22_4_FLM30_stem,10/15/22,FLM30,NA,NA,14:01:30,14:06:30,NA,NA,Oct_2022,NA,NA,NA,NA,NA,NA,NA,NA,1064.6016666666667,213.35,2012.6016666666667,NA,NA,NA,NA,NA,NA,NA,NA,NA,NA,NA,NA,NA,NA,LGR2,NA,standard,NA
Oct_22_5_FLM30_stem,10/15/22,FLM30,NA,NA,14:10:00,14:15:00,NA,NA,Oct_2022,NA,NA,NA,NA,NA,NA,NA,NA,1064.6016666666667,213.35,2012.6016666666667,NA,NA,NA,NA,NA,NA,NA,NA,NA,NA,NA,NA,NA,NA,LGR2,NA,standard,NA
Oct_22_6_FLM30_stem,10/15/22,FLM30,NA,NA,14:19:00,14:24:00,NA,NA,Oct_2022,NA,NA,NA,NA,NA,NA,NA,NA,1064.6016666666667,213.35,2012.6016666666667,NA,NA,NA,NA,NA,NA,NA,NA,NA,NA,NA,NA,NA,NA,LGR2,NA,standard,NA
Oct_22_1_FLM30_stem,10/15/22,FLM30,NA,NA,13:01:50,13:10:30,NA,NA,Oct_2022,NA,NA,NA,NA,NA,NA,NA,NA,1064.6016666666667,213.35,2012.6016666666667,NA,NA,NA,NA,NA,NA,NA,NA,NA,NA,NA,NA,NA,NA,LGR2,NA,standard,NA
Oct_22_29_SRS6_stem,10/16/22,SRS6,NA,NA,13:24:53,13:27:33,NA,NA,Oct_2022,26.3,NA,NA,NA,NA,NA,NA,NA,1064.6016666666667,213.35,2012.6016666666667,-0.3265469889061368,SE | AICc | Intercept,-0.32593630567104687,0.24921983078987864,1.4451463949397543e-26,-0.3265469889061368,0.2486612137794858,1.3287833906083446,NA,1.1053128615207877,0.9946502300806598,0,1.3287833906083446,0.9969801487617468,LGR2,NA,standard,NA
Oct_22_18_SRS6_stem,10/16/22,SRS6,NA,NA,12:29:30,12:32:30,NA,NA,Oct_2022,27.55,NA,NA,NA,NA,NA,NA,NA,1064.6016666666667,213.35,2012.6016666666667,12.012617372938331,SE | AICc | Intercept,12.024664627191342,0.21387400573467452,9.568049165535152e-20,12.012617372938331,0.2137845816522742,20.742552104007228,SE | Intercept (LM),13.81023023747034,0.963222439058558,3.768893360109858e-246,20.742552104007228,0.9729322816233708,LGR2,NA,standard,NA
Oct_22_20_SRS6_stem,10/16/22,SRS6,NA,NA,12:51:30,12:54:30,NA,NA,Oct_2022,27.3388888888889,NA,NA,NA,NA,NA,NA,NA,418.99555555555554,107.68,1366.9955555555557,26.714264602107136,SE | Intercept,15.79023787309748,0.7139146741364938,4.498948238483849e-34,26.714264602107136,0.7403335669359121,13.24130085552614,SE | AICc,13.04698853871948,0.9898158979813604,1.3135768709461245e-119,13.24130085552614,0.9898200016500855,LGR2,NA,standard,NA
Oct_22_21_SRS6_stem,10/16/22,SRS6,NA,NA,12:56:00,12:59:00,NA,NA,Oct_2022,27.2444444444444,NA,NA,NA,NA,NA,NA,NA,418.99555555555554,107.68,1366.9955555555557,-0.8199174578177645,NA,-0.7296152874311536,0.9368768894599712,1.9963424357902959e-171,-0.8199174578177645,0.9377667838906084,1.3946295575520868,RMSE | SE | AICc,1.3946295575520868,0.9049090071322988,2.504824069706747e-146,1.3973630087235398,0.9046288510632248,LGR2,NA,standard,NA
Oct_22_22_SRS6_stem,10/16/22,SRS6,NA,NA,13:00:30,13:03:30,NA,NA,Oct_2022,27.2166666666667,NA,NA,NA,NA,NA,NA,NA,418.99555555555554,107.68,1366.9955555555557,-0.4601063875566773,SE | AICc | Intercept,-0.4598240222832228,0.38551523788543407,1.1981040996298026e-18,-0.4601063875566773,0.3853979311448318,0.27173396622938617,SE | g-fact. > 2 | Intercept (LM),0.27173396622938617,0.6642203766280965,1.7004339971778823e-39,0.8186053529376074,0.7458316910966403,LGR2,NA,standard,NA
Oct_22_25_SRS6_stem,10/16/22,SRS6,NA,NA,12:36:08,12:39:08,NA,NA,Oct_2022,27.8,NA,NA,NA,NA,NA,NA,NA,1064.6016666666667,213.35,2012.6016666666667,-0.619340999611597,AICc,-0.6137237428863981,0.9087388540793424,3.492792498970415e-208,-0.619340999611597,0.908614787217119,0.408271723075574,SE | g-fact. > 2 | Intercept,0.408271723075574,0.6054291891992689,3.361959693546478e-82,4.148589576207377,0.9635868214684656,LGR2,NA,standard,NA
Oct_22_27_SRS6_stem,10/16/22,SRS6,NA,NA,13:37:29,13:40:29,NA,NA,Oct_2022,24.6,NA,NA,NA,NA,NA,NA,NA,418.99555555555554,107.68,1366.9955555555557,3.851091488153805,MAE | SE | Intercept,2.739174214981949,0.3865968696432121,6.975551701369938e-43,3.851091488153805,0.3935729483532694,1.082612792177705,NA,0.8992721183649122,0.9942120049764648,0,1.082612792177705,0.9965543678220192,LGR2,NA,standard,NA
Oct_22_28_SRS6_stem,10/16/22,SRS6,NA,NA,13:42:32,13:45:32,NA,NA,Oct_2022,24,NA,NA,NA,NA,NA,NA,NA,418.99555555555554,107.68,1366.9955555555557,-0.34209032145533697,AICc,-0.3231483283227132,0.7631601383547043,1.6323851802997828e-125,-0.34209032145533697,0.7633242889168279,1.330386409058018,RMSE | MAE | SE | AICc,1.330386409058018,0.981485625558274,0,1.3348223147667395,0.981252258735721,LGR2,NA,standard,NA
Oct_22_30_SRS6_root,10/16/22,SRS6,NA,NA,13:31:38,13:34:38,NA,NA,Oct_2022,25.6,NA,NA,NA,NA,NA,NA,NA,418.99555555555554,107.68,1366.9955555555557,-0.04071072015740318,AICc | p-value | Intercept,-0.04099426588453594,-0.00307348838517929,0.7892233422750783,-0.04071072015740318,-0.00307516209863223,0.7392030869254383,NA,0.5379863133253311,0.9727814264193512,1.3043395803831957e-238,0.7392030869254383,0.9795665269182348,LGR2,NA,standard,NA
Oct_22_16_SRS6_stem,10/16/22,SRS6,NA,NA,12:14:45,12:18:00,NA,NA,Oct_2022,27.8166666666667,NA,NA,NA,NA,NA,NA,NA,1064.6016666666667,213.35,2012.6016666666667,0.6151782862087615,SE | AICc | Intercept,0.6157511329861596,0.01455015287747718,0.0127189050099179,0.6151782862087615,0.01454267782774298,1.696081521617116,SE | g-fact. > 2 | Intercept (LM),1.696081521617116,0.8114897069707661,2.908347528650362e-131,7.572439949879274,0.9939857788048114,LGR2,NA,standard,NA
Oct_22_19_SRS6_root,10/16/22,SRS6,NA,NA,12:38:20,12:41:40,NA,NA,Oct_2022,27.5151515151515,NA,NA,NA,NA,NA,NA,NA,212.53666666666663,40.45,1160.5366666666666,3.44713586878901,SE | AICc,3.449751395557953,0.0442390225596343,4.997154208525887e-5,3.44713586878901,0.04421959159893973,0.26192570051742564,SE | AICc | Intercept,0.2618776631685721,0.5613138471309685,2.2388619283691605e-63,0.26192570051742564,0.5611188281160686,LGR2,NA,standard,NA
Oct_22_24_SRS6_stem,10/16/22,SRS6,NA,NA,12:44:15,12:47:55,NA,NA,Oct_2022,28.1,NA,NA,NA,NA,NA,NA,NA,1064.6016666666667,213.35,2012.6016666666667,0.44218541180207704,SE | g-fact. > 2 | Intercept,0.44218541180207704,0.0445486351611466,4.880232316412486e-7,6.134644610639643,0.1805252610917769,0.9336205172031836,NA,0.7589865189075247,0.993201812395302,0,0.9336205172031836,0.9959910599187666,LGR2,NA,standard,NA
Oct_22_26_SRS6_root,10/16/22,SRS6,NA,NA,13:07:39,13:11:31,NA,NA,Oct_2022,28.8,NA,NA,NA,NA,NA,NA,NA,212.53666666666663,40.45,1160.5366666666666,0.4819049975562661,SE | g-fact. > 2,0.4819049975562661,0.01694521565612605,0.00190669712833872,4.767438731341157,0.05416226165430649,1.68942666387858,AICc,1.6690557641405854,0.9964288490064908,0,1.68942666387858,0.9963686426895032,LGR2,NA,standard,NA
Oct_22_23_SRS6_stem,10/16/22,SRS6,NA,NA,12:58:55,13:03:57,NA,NA,Oct_2022,27.8,NA,NA,NA,NA,NA,NA,NA,418.99555555555554,107.68,1366.9955555555557,-0.26224085195759667,SE | g-fact. > 2 | Intercept (LM),-0.26224085195759667,0.5412025482993956,1.12658235648551e-76,-1.350477326918299,0.6652983546411316,0.38111020260245454,SE | g-fact. > 2 | Intercept,0.38111020260245454,0.43627383337858694,5.97447674313831e-57,6.5052338981239215,0.8889931134745095,LGR2,NA,standard,NA
Oct_22_17_SRS6_stem,10/16/22,SRS6,NA,NA,12:21:00,12:26:50,NA,NA,Oct_2022,27.7563636363636,NA,NA,NA,NA,NA,NA,NA,1064.6016666666667,213.35,2012.6016666666667,-0.0353658092423752,HM.flux is NA,-0.0353658092423752,-0.00509098098518778,0.9630062098353804,NA,NA,17.736495625101874,RMSE | MAE | SE | AICc | Intercept,17.736495625101874,0.9522130992064808,1.3225128789726517e-131,17.76478171661865,0.9519346446350804,LGR2,NA,standard,NA
Oct_22_55_SRS6_stem,10/17/22,SRS6,NA,NA,12:43:00,12:45:00,NA,NA,Oct_2022,25.6,NA,NA,NA,NA,NA,NA,NA,1064.6016666666667,213.35,2012.6016666666667,0.09434203588986435,g-fact. > 2 | Intercept,0.09434203588986435,0.4702534666992082,1.2565050530234063e-34,0.248391329310638,0.5211432986429955,1.464395924904785,NA,1.391609747359191,0.9994543204751626,0,1.464395924904785,0.9996312332497173,LGR2,NA,standard,NA
Oct_22_32_SRS6_stem,10/17/22,SRS6,NA,NA,14:19:00,14:22:00,NA,NA,Oct_2022,27.4,NA,NA,NA,NA,NA,NA,NA,212.53666666666663,40.45,1160.5366666666666,0.05603178108673311,AICc | Intercept,0.05608690868713625,0.04795731058327412,4.714031718483456e-4,0.05603178108673311,0.04793729038994798,2.4777770298725494,NA,2.3606320247256973,0.9988943945050748,0,2.4777770298725494,0.9990546690613856,LGR2,NA,standard,NA
Oct_22_33_SRS6_stem,10/17/22,SRS6,NA,NA,14:24:00,14:27:00,NA,NA,Oct_2022,27.4,NA,NA,NA,NA,NA,NA,NA,212.53666666666663,40.45,1160.5366666666666,-1.575451033017934,NA,-1.205480082889206,0.9543827757245305,2.5076995573078545e-144,-1.575451033017934,0.9590349178134429,3.2413507307432905,NA,3.1211176311457973,0.9991886937558176,0,3.2413507307432905,0.9992848868563692,LGR2,NA,standard,NA
Oct_22_35_SRS6_CWD,10/17/22,SRS6,NA,NA,15:06:00,15:09:00,NA,NA,Oct_2022,27.4,NA,NA,NA,NA,NA,NA,NA,418.99555555555554,107.68,1366.9955555555557,0.764386380100944,AICc,0.7375983217488113,0.9830918076348696,2.1111085755862607e-265,0.764386380100944,0.9831737951162726,1.8585978319594807,NA,1.8282637081845965,0.9996912967648206,0,1.8585978319594807,0.9996993309615876,LGR2,NA,standard,NA
Oct_22_36_SRS6_CWD,10/17/22,SRS6,NA,NA,15:15:30,15:18:30,NA,NA,Oct_2022,27.4,NA,NA,NA,NA,NA,NA,NA,418.99555555555554,107.68,1366.9955555555557,1.163204967890418,NA,0.7707601930731688,0.9745253312905876,3.438190476066496e-291,1.163204967890418,0.9873205839586816,5.965416050333045,NA,5.05633254543384,0.9979929338618824,0,5.965416050333045,0.999916810970461,LGR2,NA,standard,NA
Oct_22_37_SRS6_CWD,10/17/22,SRS6,NA,NA,15:27:00,15:30:00,NA,NA,Oct_2022,27.4,NA,NA,NA,NA,NA,NA,NA,418.99555555555554,107.68,1366.9955555555557,0.2725807515020317,SE | g-fact. > 2 | Intercept,0.2725807515020317,0.434904003909338,3.6284241831504213e-36,1.2444388010987573,0.6087152619487646,7.5476874672236605,NA,6.720929152027973,0.998911840542465,0,7.5476874672236605,0.999834564421914,LGR2,NA,standard,NA
Oct_22_38_SRS6_stem,10/17/22,SRS6,NA,NA,15:42:00,15:45:00,NA,NA,Oct_2022,27.4,NA,NA,NA,NA,NA,NA,NA,1064.6016666666667,213.35,2012.6016666666667,0.23764519504935064,AICc,0.2360767999950726,0.940797165648568,6.946906083152023e-181,0.23764519504935064,0.940632829892984,2.0750836842891607,NA,1.968451648479371,0.999608189547714,0,2.0750836842891607,0.9997978083104296,LGR2,NA,standard,NA
Oct_22_40_SRS6_stem,10/17/22,SRS6,NA,NA,15:55:00,15:58:00,NA,NA,Oct_2022,27.4,NA,NA,NA,NA,NA,NA,NA,1064.6016666666667,213.35,2012.6016666666667,0.06055950502551137,AICc | Intercept,0.0605266792726002,0.7064078823627808,2.9880045094873734e-121,0.06055950502551137,0.7061798691043135,2.428832872103164,NA,2.218681059792379,0.9993940569399908,0,2.428832872103164,0.9999524658660356,LGR2,NA,standard,NA
Oct_22_41_SRS6_stem,10/17/22,SRS6,NA,NA,12:57:30,13:00:30,NA,NA,Oct_2022,25.6,NA,NA,NA,NA,NA,NA,NA,418.99555555555554,107.68,1366.9955555555557,2.3864897781212338,MAE | SE | Intercept (HM),1.8565427526235403,0.9090462536829932,1.004076027408178e-104,2.3864897781212338,0.9135360758023244,3.1654284127591796,NA,3.089391259483185,0.9997491396384314,0,3.1654284127591796,0.9997895087511218,LGR2,NA,standard,NA
Oct_22_43_SRS6_stem,10/17/22,SRS6,NA,NA,13:12:15,13:15:15,NA,NA,Oct_2022,25.6,NA,NA,NA,NA,NA,NA,NA,418.99555555555554,107.68,1366.9955555555557,0.16851630409668747,Intercept (HM),0.1066282755611546,0.6605078963976604,3.25699241342718e-70,0.16851630409668747,0.671722078939652,1.8604793068936216,NA,1.7709912890063852,0.9995832750219767,0,1.8604793068936216,0.9997497131464044,LGR2,NA,standard,NA
Oct_22_45_SRS6_stem,10/17/22,SRS6,NA,NA,13:38:00,13:41:00,NA,NA,Oct_2022,25.6,NA,NA,NA,NA,NA,NA,NA,1064.6016666666667,213.35,2012.6016666666667,0.1505590127969208,AICc | Intercept,0.1504522409933081,0.5573621158393516,8.399191071495754e-43,0.1505590127969208,0.5571706268117875,1.983698596592667,NA,1.9199581585040104,0.999743570306378,0,1.983698596592667,0.9998160277576008,LGR2,NA,standard,NA
Oct_22_46_SRS6_stem,10/17/22,SRS6,NA,NA,13:43:30,13:46:30,NA,NA,Oct_2022,25.6,NA,NA,NA,NA,NA,NA,NA,1064.6016666666667,213.35,2012.6016666666667,0.0435118914246047,g-fact. > 2 | Intercept (LM),0.0435118914246047,0.05278079303099281,2.8458872136115306e-4,0.18628017422120935,0.09889533664701966,1.97048407966082,NA,1.855405428862485,0.9995246900700356,0,1.97048407966082,0.9997707965086544,LGR2,NA,standard,NA
Oct_22_47_SRS6_root,10/17/22,SRS6,NA,NA,14:02:00,14:05:00,NA,NA,Oct_2022,26.8,NA,NA,NA,NA,NA,NA,NA,212.53666666666663,40.45,1160.5366666666666,0.2283660735952588,AICc | Intercept,0.22789635024751623,0.7782843805447931,6.168542051400243e-182,0.2283660735952588,0.7780733645066463,2.1708481907935924,NA,1.7111227141989966,0.9956450988299566,0,2.1708481907935924,0.9996059030739928,LGR2,NA,standard,NA
Oct_22_48_SRS6_root,10/17/22,SRS6,NA,NA,13:56:00,13:59:00,NA,NA,Oct_2022,26.7,NA,NA,NA,NA,NA,NA,NA,212.53666666666663,40.45,1160.5366666666666,149.36558105962308,SE | Intercept (LM),100.71642910359012,0.939264372168447,2.2985452597885187e-132,149.36558105962308,0.950868457447219,9.179331997121578,SE,8.378770398949753,0.999308813654698,0,9.179331997121578,0.9998785606220127,LGR2,NA,standard,NA
Oct_22_52_SRS6_root,10/17/22,SRS6,NA,NA,11:52:30,11:55:30,NA,NA,Oct_2022,26.1,NA,NA,NA,NA,NA,NA,NA,1064.6016666666667,213.35,2012.6016666666667,0.1481040595906371,AICc,0.14800273384377272,0.508055587691658,1.721447557941729e-46,0.1481040595906371,0.5078911712235605,0.28640480831870335,NA,0.1555161398145899,0.9549534772241028,3.9104078674296895e-196,0.28640480831870335,0.9834141630723606,LGR2,NA,standard,NA
Oct_22_53_SRS6_stem,10/17/22,SRS6,NA,NA,12:18:15,12:21:15,NA,NA,Oct_2022,25.6833333333333,NA,NA,NA,NA,NA,NA,NA,1064.6016666666667,213.35,2012.6016666666667,0.7289277429668972,MAE | SE | g-fact. > 2,0.7289277429668972,0.2826225108641218,1.2102059209743428e-16,1.7802723561605778,0.31123418097878053,2.107373195138602,NA,2.053340002326039,0.9997260190823194,0,2.107373195138602,0.9997722116096004,LGR2,NA,standard,NA
Oct_22_54_SRS6_stem,10/17/22,SRS6,NA,NA,12:23:30,12:26:30,NA,NA,Oct_2022,25.6138888888889,NA,NA,NA,NA,NA,NA,NA,1064.6016666666667,213.35,2012.6016666666667,-0.3882885080551452,g-fact. > 2 | Intercept,-0.3882885080551452,0.8387304339654131,2.9063081562008356e-224,-1.3757611789420512,0.9685044067156908,0.6487684333854646,NA,0.5069705608618206,0.9951052534486194,0,0.6487684333854646,0.9993131710590832,LGR2,NA,standard,NA
Oct_22_31_SRS6_stem,10/17/22,SRS6,NA,NA,14:13:00,14:17:00,NA,NA,Oct_2022,27.0125,NA,NA,NA,NA,NA,NA,NA,212.53666666666663,40.45,1160.5366666666666,0.1896019744718083,AICc | Intercept,0.18966853786798685,0.2703350894159061,4.503092115146408e-19,0.1896019744718083,0.27023100302042,2.8349902214512026,NA,2.5980231348745444,0.9985034553688872,0,2.8349902214512026,0.9990177121197598,LGR2,NA,standard,NA
Oct_22_39_SRS6_stem,10/17/22,SRS6,NA,NA,15:49:00,15:53:00,NA,NA,Oct_2022,27.4,NA,NA,NA,NA,NA,NA,NA,1064.6016666666667,213.35,2012.6016666666667,0.0860747297779794,AICc | Intercept,0.06504349340511364,0.5616880404143269,4.113588065291903e-52,0.0860747297779794,0.5648694760683715,2.512394403001777,NA,2.3569522652860098,0.9996296087201916,0,2.512394403001777,0.9999054459959272,LGR2,NA,standard,NA
Oct_22_44_SRS6_stem,10/17/22,SRS6,NA,NA,13:24:00,13:28:00,NA,NA,Oct_2022,25.6,NA,NA,NA,NA,NA,NA,NA,1064.6016666666667,213.35,2012.6016666666667,0.00400523899261685,HM.flux is NA,0.00400523899261685,0.0162016131379783,0.0011749241345954,NA,NA,2.051820451374716,NA,1.9355628127955549,0.9997223632679978,0,2.051820451374716,0.9999524815000104,LGR2,NA,standard,NA
Oct_22_34_SRS6_root,10/17/22,SRS6,NA,NA,14:35:00,14:39:00,NA,NA,Oct_2022,27.3354166666667,NA,NA,NA,NA,NA,NA,NA,212.53666666666663,40.45,1160.5366666666666,0.10363955748980236,g-fact. > 2 | Intercept,0.10363955748980236,0.1162616745166628,8.891751706567342e-9,0.4630448487441884,0.27603609944615526,3.104314701292417,NA,2.237193970989307,0.9915515294443262,9.125960951346948e-272,3.104314701292417,0.9991474864597858,LGR2,NA,standard,NA
Oct_22_42_SRS6_stem,10/17/22,SRS6,NA,NA,13:05:00,13:09:00,NA,NA,Oct_2022,25.6,NA,NA,NA,NA,NA,NA,NA,418.99555555555554,107.68,1366.9955555555557,0.4074211018823814,AICc,0.4072777630956308,0.5825549914653678,6.946165942339754e-55,0.4074211018823814,0.5823581380676537,1.4685634872471367,NA,1.2162000921545033,0.9969146270567264,0,1.4685634872471367,0.99937583562373,LGR2,NA,standard,NA
Oct_22_49_SRS6_stem,10/17/22,SRS6,NA,NA,11:06:00,11:11:00,NA,NA,Oct_2022,27.1,NA,NA,NA,NA,NA,NA,NA,1064.6016666666667,213.35,2012.6016666666667,1.2124815606273922,SE,0.7877985208427006,0.8199295392706764,1.6999199924622924e-166,1.2124815606273922,0.832395239109309,1.2338633749931158,RMSE | MAE | AICc,1.2338633749931158,0.9994753250692594,0,1.2483500833056045,0.999401699053536,LGR2,NA,standard,NA
Oct_22_51_SRS6_stem,10/17/22,SRS6,NA,NA,11:42:00,11:47:00,NA,NA,Oct_2022,26.7666666666667,NA,NA,NA,NA,NA,NA,NA,1064.6016666666667,213.35,2012.6016666666667,-0.0062363596864151,g-fact. > 2 | Intercept,-0.0062363596864151,0.01755670969534095,2.1767262575267637e-4,-0.02183464798634351,0.06903142125440132,1.0647960339181817,NA,0.9941553177899258,0.9995943897750268,0,1.0647960339181817,0.999912405535426,LGR2,NA,standard,NA
Oct_22_50_SRS6_stem,10/17/22,SRS6,NA,NA,11:13:00,11:22:00,NA,NA,Oct_2022,27.0444444444444,NA,NA,NA,NA,NA,NA,NA,1064.6016666666667,213.35,2012.6016666666667,0.31152404259145194,SE | g-fact. > 2,0.31152404259145194,0.03492925732099583,8.415762334214992e-4,2.650144413775497,0.08697626550065563,1.3015179575306248,NA,1.2584670512277938,0.9994894206346184,0,1.3015179575306248,0.9995652132470226,LGR2,NA,standard,NA
Oct_22_80_FLM30_stem,10/18/22,FLM30,NA,NA,15:22:55,15:25:55,NA,NA,Oct_2022,30.8,NA,NA,NA,NA,NA,NA,NA,212.53666666666663,40.45,1160.5366666666666,0.3753969837690227,Intercept,0.19336112742450923,0.5390306029961961,4.7476067797969535e-49,0.3753969837690227,0.5586848982918635,5.669544766723514,SE,4.028775848624645,0.9909116601714574,4.7048619401111013e-287,5.669544766723514,0.9992310514694036,LGR2,NA,standard,NA
Oct_22_79_FLM30_stem,10/18/22,FLM30,NA,NA,14:31:14,14:34:15,NA,NA,Oct_2022,27.4,NA,NA,NA,NA,NA,NA,NA,212.53666666666663,40.45,1160.5366666666666,0.8070367096672059,Intercept (HM),0.43893117353042344,0.8271844879989662,8.118420231364413e-108,0.8070367096672059,0.8520827005858849,5.410395605861477,SE,4.0266312499476555,0.9931547657241456,4.637770633481403e-292,5.410395605861477,0.9993900361564296,LGR2,NA,standard,NA
Oct_22_82_FLM30_stem,10/18/22,FLM30,NA,NA,16:02:21,16:05:44,NA,NA,Oct_2022,30.8,NA,NA,NA,NA,NA,NA,NA,212.53666666666663,40.45,1160.5366666666666,0.24887394822982792,Intercept (LM),0.1396202252659233,0.3220023370893116,5.19187814153669e-23,0.24887394822982792,0.332566029522642,5.968037097687971,NA,4.001072143302424,0.9881222030239184,6.221208685825848e-242,5.968037097687971,0.9995278955572944,LGR2,NA,standard,NA
Oct_22_83_FLM30_stem,10/18/22,FLM30,NA,NA,16:16:59,16:20:23,NA,NA,Oct_2022,30.8,NA,NA,NA,NA,NA,NA,NA,418.99555555555554,107.68,1366.9955555555557,0.08004074489806189,AICc,0.07934485455166217,0.5387086854457457,7.078701177086026e-52,0.08004074489806189,0.5386423932712363,3.554242321207806,NA,2.8403233388939,0.996197002808702,0,3.554242321207806,0.9997739952803888,LGR2,NA,standard,NA
Oct_22_78_FLM30_stem,10/18/22,FLM30,NA,NA,14:22:36,14:26:02,NA,NA,Oct_2022,27.4,NA,NA,NA,NA,NA,NA,NA,212.53666666666663,40.45,1160.5366666666666,0.4286657263244195,AICc,0.3968904175530883,0.7104025492621429,1.080668546727995e-62,0.4286657263244195,0.7106328811738158,1.0993931049128003,SE | Intercept (LM),0.6853014043410337,0.9672542056310902,2.956854856201124e-169,1.0993931049128003,0.983958042925338,LGR2,NA,standard,NA
Oct_22_81_FLM30_root,10/18/22,FLM30,NA,NA,15:39:32,15:43:00,NA,NA,Oct_2022,30.8,NA,NA,NA,NA,NA,NA,NA,212.53666666666663,40.45,1160.5366666666666,0.14316508451352958,AICc | Intercept,0.10025883727023706,0.29832453995511243,4.737996454007495e-28,0.14316508451352958,0.3012512607641121,3.5578120358811063,Intercept (LM),2.002135809205006,0.974456233712422,1.8074071988685886e-271,3.5578120358811063,0.9988214861906816,LGR2,NA,standard,NA
Oct_22_71_FLM30_stem,10/18/22,FLM30,NA,NA,12:48:40,12:52:22,NA,NA,Oct_2022,30.8,NA,NA,NA,NA,NA,NA,NA,212.53666666666663,40.45,1160.5366666666666,2.6634407382059275,SE | g-fact. > 2 | Intercept (LM),2.6634407382059275,0.9283563593762696,9.392270827574806e-192,6.3400383082643765,0.9896297895090412,1.734496435824143,SE | g-fact. > 2 | Intercept (LM),1.734496435824143,0.9390731344707428,2.109910560641389e-203,4.153051674273122,0.9983542718052754,LGR2,NA,standard,NA
Oct_22_73_FLM30_stem,10/18/22,FLM30,NA,NA,13:15:12,13:18:57,NA,NA,Oct_2022,31.4,NA,NA,NA,NA,NA,NA,NA,212.53666666666663,40.45,1160.5366666666666,372.0524895259087,SE,323.2105793480912,0.998540460615636,0,372.0524895259087,0.9999122143575068,5.028889592569139,NA,3.66575518761477,0.9926903229188456,3.26602951e-299,5.028889592569139,0.9997690413562208,LGR2,NA,standard,NA
Oct_22_77_FLM30_stem,10/18/22,FLM30,NA,NA,14:10:01,14:13:50,NA,NA,Oct_2022,27.4,NA,NA,NA,NA,NA,NA,NA,212.53666666666663,40.45,1160.5366666666666,70.48662654277913,SE,59.672839818222755,0.9977100268343748,0,70.48662654277913,0.9996397183299656,4.874686068267562,NA,3.728037866775888,0.9946608040854376,0,4.874686068267562,0.999751658871222,LGR2,NA,standard,NA
Oct_22_68_FLM30_stem,10/18/22,FLM30,NA,NA,12:10:14,12:14:05,NA,NA,Oct_2022,25.8,NA,NA,NA,NA,NA,NA,NA,212.53666666666663,40.45,1160.5366666666666,2.144034803797723,NA,1.74033332105535,0.9896162190210924,0,2.144034803797723,0.99260422830119,4.073691785593241,NA,3.528968723921006,0.9983510339942604,0,4.073691785593241,0.9997579641496176,LGR2,NA,standard,NA
Oct_22_76_FLM30_stem,10/18/22,FLM30,NA,NA,13:54:20,13:58:20,NA,NA,Oct_2022,31.4,NA,NA,NA,NA,NA,NA,NA,418.99555555555554,107.68,1366.9955555555557,0.07947350276210989,Intercept (LM),0.04190174098892852,0.2237727475601392,5.742579242548722e-20,0.07947350276210989,0.22913404344574528,2.3291602734018864,NA,1.5827463534775996,0.9886185929689184,4.15e-305,2.3291602734018864,0.9991380496420824,LGR2,NA,standard,NA
Oct_22_69_FLM30_stem,10/18/22,FLM30,NA,NA,12:24:46,12:28:49,NA,NA,Oct_2022,25.7,NA,NA,NA,NA,NA,NA,NA,212.53666666666663,40.45,1160.5366666666666,0.04666590384153996,AICc,0.04649527137799627,0.13906003076224127,8.241958377775377e-17,0.04666590384153996,0.1390247073021239,4.4117170675765065,NA,4.0003386004051595,0.999194995252268,0,4.4117170675765065,0.9998439321341048,LGR2,NA,standard,NA
Oct_22_70_FLM30_stem,10/18/22,FLM30,NA,NA,12:38:09,12:42:39,NA,NA,Oct_2022,30.6,NA,NA,NA,NA,NA,NA,NA,212.53666666666663,40.45,1160.5366666666666,71.64342857682055,RMSE | MAE | SE | AICc,71.64342857682055,0.9932245343849,0,71.97466371586637,0.993013095486409,5.764741541407926,SE,4.626730821116557,0.9960746425338324,0,5.764741541407926,0.9994499427326556,LGR2,NA,standard,NA
Oct_22_72_FLM30_stem,10/18/22,FLM30,NA,NA,12:57:24,13:02:35,NA,NA,Oct_2022,31.2,NA,NA,NA,NA,NA,NA,NA,212.53666666666663,40.45,1160.5366666666666,0.2959500406832281,SE | g-fact. > 2 | Intercept (LM),0.2959500406832281,0.6369021454246021,1.5603630400181135e-95,1.9057617353498173,0.8762676218328245,2.734335299003511,SE | g-fact. > 2 | Intercept (LM),2.734335299003511,0.9389058361422468,1.0390605630342008e-259,6.6809861276699465,0.997579161360004,LGR2,NA,standard,NA
Oct_22_74_FLM30_stem,10/18/22,FLM30,NA,NA,13:30:00,13:35:20,NA,NA,Oct_2022,31.4,NA,NA,NA,NA,NA,NA,NA,418.99555555555554,107.68,1366.9955555555557,6.64848108800273,SE,4.507176036108846,0.9872257219624828,0,6.64848108800273,0.9978522443926724,2.246009619402273,NA,1.5078058348545036,0.988379539049932,0,2.246009619402273,0.999775091491539,LGR2,NA,standard,NA
Oct_22_67_FLM30_stem,10/18/22,FLM30,NA,NA,11:57:48,12:03:54,NA,NA,Oct_2022,26.4,NA,NA,NA,NA,NA,NA,NA,212.53666666666663,40.45,1160.5366666666666,27.100131535471284,RMSE | MAE | SE | AICc,27.100131535471284,0.999935577186326,0,27.513808422142233,0.999915697057883,3.061374369990379,NA,2.5073564788818534,0.9967370811157727,0,3.061374369990379,0.9995693250321388,LGR2,NA,standard,NA
Oct_22_75_FLM30_stem,10/18/22,FLM30,NA,NA,13:41:37,13:50:46,NA,NA,Oct_2022,31.4,NA,NA,NA,NA,NA,NA,NA,418.99555555555554,107.68,1366.9955555555557,0.7599211762814198,NA,0.7123744514870859,0.9924715835645692,0,0.7599211762814198,0.9927553809249102,3.8344355006988535,NA,3.2844389936189087,0.9982172354180152,0,3.8344355006988535,0.9998863479654352,LGR2,NA,standard,NA
Oct_22_133_SRS5_CWD,10/19/22,SRS5,NA,NA,16:37:25,16:39:00,NA,NA,Oct_2022,16.1,NA,NA,NA,NA,NA,NA,NA,418.99555555555554,107.68,1366.9955555555557,NA,NA,NA,NA,NA,NA,NA,NA,NA,NA,NA,NA,NA,NA,LGR2,NA,standard,NA
Oct_22_132_SRS5_CWD,10/19/22,SRS5,NA,NA,16:27:12,16:29:00,NA,NA,Oct_2022,16.1,NA,NA,NA,NA,NA,NA,NA,418.99555555555554,107.68,1366.9955555555557,NA,NA,NA,NA,NA,NA,NA,NA,NA,NA,NA,NA,NA,NA,LGR2,NA,standard,NA
Oct_22_116_SRS5_stem,10/19/22,SRS5,NA,NA,12:08:05,12:11:05,NA,NA,Oct_2022,18.3,NA,NA,NA,NA,NA,NA,NA,1064.6016666666667,213.35,2012.6016666666667,0.0532264831942189,AICc | Intercept,0.05088210485629455,0.23031389918092104,2.5851254656626027e-16,0.0532264831942189,0.2303395761003305,1.6706312825087275,NA,1.409745249026646,0.997500248381232,0,1.6706312825087275,0.9994657191595518,LGR2,NA,standard,NA
Oct_22_117_SRS5_stem,10/19/22,SRS5,NA,NA,12:16:25,12:19:25,NA,NA,Oct_2022,18.3,NA,NA,NA,NA,NA,NA,NA,1064.6016666666667,213.35,2012.6016666666667,0.0752060414059321,AICc,0.07520739571510826,0.4848394388210153,1.3071005039702385e-44,0.0752060414059321,0.484669042417998,1.2853774712940926,NA,1.2635055515524811,0.9996230663032744,0,1.2853774712940926,0.9996379130818872,LGR2,NA,standard,NA
Oct_22_120_SRS5_root,10/19/22,SRS5,NA,NA,13:16:13,13:19:13,NA,NA,Oct_2022,18.3,NA,NA,NA,NA,NA,NA,NA,212.53666666666663,40.45,1160.5366666666666,0.640307958188127,Intercept (LM),0.463811224335762,0.8256087369548378,5.445246881338168e-105,0.640307958188127,0.8313125148966422,3.082971752749359,NA,2.5724352460316107,0.9966928730545558,0,3.082971752749359,0.9989311563302284,LGR2,NA,standard,NA
Oct_22_121_SRS5_stem,10/19/22,SRS5,NA,NA,13:41:19,13:44:19,NA,NA,Oct_2022,15.9,NA,NA,NA,NA,NA,NA,NA,1064.6016666666667,213.35,2012.6016666666667,0.1392889085721878,NA,0.1157536387066644,0.8136296001801816,3.983474128835953e-128,0.1392889085721878,0.8154865439491767,1.1571989894392354,NA,1.0709091381892557,0.9992277673216088,0,1.1571989894392354,0.9996429320267736,LGR2,NA,standard,NA
Oct_22_125_SRS5_stem,10/19/22,SRS5,NA,NA,14:19:45,14:22:45,NA,NA,Oct_2022,15.9,NA,NA,NA,NA,NA,NA,NA,1064.6016666666667,213.35,2012.6016666666667,0.2803162447468188,Intercept (LM),0.17437330119159355,0.9303772227686906,9.908918694349705e-252,0.2803162447468188,0.9460701322189022,1.100911872012292,NA,0.867403668018308,0.9952491373807484,0,1.100911872012292,0.99928196255655,LGR2,NA,standard,NA
Oct_22_128_SRS5_stem,10/19/22,SRS5,NA,NA,15:32:38,15:35:38,NA,NA,Oct_2022,16.1,NA,NA,NA,NA,NA,NA,NA,418.99555555555554,107.68,1366.9955555555557,0.09210899273223667,g-fact. > 2,0.09210899273223667,0.3228765599551493,1.171323988729196e-19,0.199446595531967,0.3355049191514865,1.017374557796525,NA,0.9607537791697092,0.9981400450182052,1.5421292099791357e-287,1.017374557796525,0.9983621191138804,LGR2,NA,standard,NA
Oct_22_129_SRS5_stem,10/19/22,SRS5,NA,NA,15:39:20,15:42:20,NA,NA,Oct_2022,16.1,NA,NA,NA,NA,NA,NA,NA,418.99555555555554,107.68,1366.9955555555557,0.09509923425395228,AICc | Intercept,0.09480442150439286,0.44225585645910515,1.8289950945173704e-31,0.09509923425395228,0.4421481897712557,1.1895565079979944,NA,1.1229764236102044,0.9987761289754354,0,1.1895565079979944,0.9990009148678312,LGR2,NA,standard,NA
Oct_22_118_SRS5_stem,10/19/22,SRS5,NA,NA,12:26:13,12:29:25,NA,NA,Oct_2022,18.3,NA,NA,NA,NA,NA,NA,NA,1064.6016666666667,213.35,2012.6016666666667,0.04275253197060236,g-fact. > 2 | Intercept,0.04275253197060236,0.26384680115048365,2.398760395241275e-21,0.18146971152273217,0.30912114715656935,1.382851254696927,NA,1.2391587174670775,0.9987768917967652,0,1.382851254696927,0.9995928379756928,LGR2,NA,standard,NA
Oct_22_130_SRS5_stem,10/19/22,SRS5,NA,NA,15:16:50,15:20:05,NA,NA,Oct_2022,16.1,NA,NA,NA,NA,NA,NA,NA,418.99555555555554,107.68,1366.9955555555557,0.31022261948023844,AICc,0.29816518038017176,0.9272033189019462,2.1110777886234497e-164,0.31022261948023844,0.9273004226342574,1.8322312658353583,NA,1.5908141634208588,0.9982849919911968,0,1.8322312658353583,0.999665279250742,LGR2,NA,standard,NA
Oct_22_131_SRS5_root,10/19/22,SRS5,NA,NA,15:02:13,15:05:35,NA,NA,Oct_2022,16.1,NA,NA,NA,NA,NA,NA,NA,212.53666666666663,40.45,1160.5366666666666,0.8381809108150007,AICc | Intercept,0.8091594952235645,0.9403753989862312,3.5257429864415044e-187,0.8381809108150007,0.9404512343372728,2.6761581376318024,NA,2.4492119621596413,0.9986612971198766,0,2.6761581376318024,0.999193743384566,LGR2,NA,standard,NA
Oct_22_127_SRS5_stem,10/19/22,SRS5,NA,NA,15:24:30,15:28:05,NA,NA,Oct_2022,16.1,NA,NA,NA,NA,NA,NA,NA,418.99555555555554,107.68,1366.9955555555557,0.13492764275610375,AICc | Intercept,0.1340855059941544,0.6707907175733361,7.897891932645031e-67,0.13492764275610375,0.6706941444059075,1.3902457002377222,NA,1.28392678048271,0.9990152822449532,0,1.3902457002377222,0.9994507784744054,LGR2,NA,standard,NA
Oct_22_123_SRS5_stem,10/19/22,SRS5,NA,NA,14:06:17,14:10:17,NA,NA,Oct_2022,15.9,NA,NA,NA,NA,NA,NA,NA,1064.6016666666667,213.35,2012.6016666666667,0.01239762755721974,g-fact. > 2 | Intercept,0.01239762755721974,0.05541873935028862,8.296444789041636e-7,0.02575893821701049,0.06701477072687034,1.207606352024441,NA,1.0909702962354004,0.9990173153421044,0,1.207606352024441,0.9997211626012728,LGR2,NA,standard,NA
Oct_22_126_SRS5_root,10/19/22,SRS5,NA,NA,14:49:46,14:54:00,NA,NA,Oct_2022,16.1,NA,NA,NA,NA,NA,NA,NA,212.53666666666663,40.45,1160.5366666666666,0.40787309533857113,NA,0.32231657285994236,0.8948313327799488,1.770609466540546e-289,0.40787309533857113,0.8981773746743132,2.212107136209184,NA,1.734366353018227,0.995380159617452,0,2.212107136209184,0.999575801251547,LGR2,NA,standard,NA
Oct_22_124_SRS5_root,10/19/22,SRS5,NA,NA,14:33:14,14:37:53,NA,NA,Oct_2022,15.9,NA,NA,NA,NA,NA,NA,NA,212.53666666666663,40.45,1160.5366666666666,0.05595032529705709,SE | g-fact. > 2 | Intercept,0.05595032529705709,0.13172611230509113,3.15517445514911e-18,0.24319248972356944,0.267786860619988,3.2844823017167837,Intercept (LM),1.653440015500783,0.9642052021753168,0,3.2844823017167837,0.9993963791580268,LGR2,NA,standard,NA
Oct_22_122_SRS5_stem,10/19/22,SRS5,NA,NA,13:54:12,13:59:30,NA,NA,Oct_2022,15.9,NA,NA,NA,NA,NA,NA,NA,1064.6016666666667,213.35,2012.6016666666667,0.03544274734303847,AICc | Intercept,0.03539431547073233,0.367139340505676,1.1480785517922388e-41,0.03544274734303847,0.3670306945527207,1.0677177357859762,NA,0.964600744902676,0.9989075790917384,0,1.0677177357859762,0.9996256661686836,LGR2,NA,standard,NA
Oct_22_119_SRS5_stem,10/19/22,SRS5,NA,NA,12:37:49,12:43:49,NA,NA,Oct_2022,18.3,NA,NA,NA,NA,NA,NA,NA,1064.6016666666667,213.35,2012.6016666666667,-0.04407120832882748,AICc | Intercept,-0.0440455107911679,0.3344613014492521,7.8716153902683e-42,-0.04407120832882748,0.33429467308078076,10.394999238629373,NA,7.943968158549291,0.9948602641688606,0,10.394999238629373,0.9999202936954636,LGR2,NA,standard,NA
Oct_22_135_SRS5_stem,10/20/22,SRS5,NA,NA,12:32:52,12:35:52,NA,NA,Oct_2022,21,NA,NA,NA,NA,NA,NA,NA,1064.6016666666667,213.35,2012.6016666666667,0.0639712864096791,AICc | Intercept,0.06392565789181624,0.5671768127266752,3.9056286466393206e-73,0.0639712864096791,0.5669985520633369,1.1472861408454642,NA,1.032701585095732,0.9988011012717648,0,1.1472861408454642,0.9995768357203542,LGR2,NA,standard,NA
Oct_22_136_SRS5_stem,10/20/22,SRS5,NA,NA,12:42:10,12:45:10,NA,NA,Oct_2022,21,NA,NA,NA,NA,NA,NA,NA,1064.6016666666667,213.35,2012.6016666666667,0.04175322119650271,AICc,0.04017615985699489,0.25114287558516823,2.6584703058243746e-19,0.04175322119650271,0.2511671491364761,0.9322475902894828,NA,0.7684756050665329,0.996328073126836,0,0.9322475902894828,0.9989665036736316,LGR2,NA,standard,NA
Oct_22_137_SRS5_stem,10/20/22,SRS5,NA,NA,12:56:14,12:59:14,NA,NA,Oct_2022,21,NA,NA,NA,NA,NA,NA,NA,1064.6016666666667,213.35,2012.6016666666667,0.4397225477375696,NA,0.3841756947241414,0.9834902941662214,1.48e-305,0.4397225477375696,0.9847486469480348,1.3520458602436745,NA,1.2615526039341922,0.999456023890899,0,1.3520458602436745,0.9997821391130556,LGR2,NA,standard,NA
Oct_22_138_SRS5_root,10/20/22,SRS5,NA,NA,13:20:30,13:23:30,NA,NA,Oct_2022,21,NA,NA,NA,NA,NA,NA,NA,212.53666666666663,40.45,1160.5366666666666,3.6308684810000553,SE,1.9788230347208335,0.9585321386828348,4.085825955160173e-260,3.6308684810000553,0.9832838015525872,6.02931908677402,NA,4.916210709284719,0.9969564034904064,0,6.02931908677402,0.9998468987564858,LGR2,NA,standard,NA
Oct_22_139_SRS5_root,10/20/22,SRS5,NA,NA,13:33:10,13:36:10,NA,NA,Oct_2022,21,NA,NA,NA,NA,NA,NA,NA,212.53666666666663,40.45,1160.5366666666666,0.42631519559171993,AICc | Intercept,0.3783101797758864,0.8405933289668321,1.95569240827213e-143,0.42631519559171993,0.8414914269467717,3.82157386976885,NA,3.2789369100558585,0.9980621801504592,0,3.82157386976885,0.999671458266928,LGR2,NA,standard,NA
Oct_22_140_SRS5_stem,10/20/22,SRS5,NA,NA,14:00:00,14:03:00,NA,NA,Oct_2022,21.4,NA,NA,NA,NA,NA,NA,NA,212.53666666666663,40.45,1160.5366666666666,0.5464232334859371,Intercept (HM),0.37769926389018554,0.9010554873385258,2.09667501942521e-232,0.5464232334859371,0.910552362608458,1.3829719200594572,Intercept (LM),0.7532835593969123,0.966828143723478,0,1.3829719200594572,0.994322037875301,LGR2,NA,standard,NA
Oct_22_141_SRS5_stem,10/20/22,SRS5,NA,NA,14:09:50,14:12:50,NA,NA,Oct_2022,21.4,NA,NA,NA,NA,NA,NA,NA,212.53666666666663,40.45,1160.5366666666666,0.2682747745058823,AICc | Intercept,0.2650591103530097,0.6993169665873081,1.9841949560475327e-90,0.2682747745058823,0.6992612538023834,2.60513674042901,NA,2.3038099437249175,0.9984348155848696,0,2.60513674042901,0.9994690982857454,LGR2,NA,standard,NA
Oct_22_142_SRS5_stem,10/20/22,SRS5,NA,NA,14:20:00,14:23:00,NA,NA,Oct_2022,21.4,NA,NA,NA,NA,NA,NA,NA,212.53666666666663,40.45,1160.5366666666666,0.5137494039410293,Intercept,0.27835751401066006,0.7064777589858555,3.9468420345798985e-87,0.5137494039410293,0.7282059970693088,2.9079073877698964,NA,2.552257455877302,0.998108937103664,0,2.9079073877698964,0.9992669469032028,LGR2,NA,standard,NA
Oct_22_134_SRS5_stem,10/20/22,SRS5,NA,NA,12:21:41,12:24:50,NA,NA,Oct_2022,21,NA,NA,NA,NA,NA,NA,NA,1064.6016666666667,213.35,2012.6016666666667,0.11317823590799202,AICc,0.1123962699941112,0.6352797233362558,5.907506051266946e-62,0.11317823590799202,0.6351734036925241,1.2070458175306946,NA,1.1414732359463322,0.9990944291788146,0,1.2070458175306946,0.999302825457076,LGR2,NA,standard,NA
Oct_22_188_CP40_CWD,10/23/22,CP40,NA,NA,16:10:00,16:12:00,NA,NA,Oct_2022,31.2,NA,NA,NA,NA,NA,NA,NA,212.53666666666663,40.45,1160.5366666666666,19.522884174081792,SE,15.30658446760683,0.994472493449876,8.283465148313894e-227,19.522884174081792,0.9987692087214728,10.410873081788306,SE,9.012513920008937,0.9983393732423748,8.969889808643577e-279,10.410873081788306,0.9998083473025786,LGR2,NA,standard,NA
Oct_22_176_CP40_stem,10/23/22,CP40,NA,NA,12:37:30,12:40:30,NA,NA,Oct_2022,30.7,NA,NA,NA,NA,NA,NA,NA,1064.6016666666667,213.35,2012.6016666666667,15.314494752981812,NA,14.82795884692009,0.9992505383970838,0,15.314494752981812,0.9993229258105616,16.202938431043965,MAE | SE,15.830331148584207,0.999136316547564,0,16.202938431043965,0.9991735726067874,LGR2,NA,standard,NA
Oct_22_178_CP40_stem,10/23/22,CP40,NA,NA,13:28:00,13:31:00,NA,NA,Oct_2022,30.7,NA,NA,NA,NA,NA,NA,NA,1064.6016666666667,213.35,2012.6016666666667,79.75367362907747,NA,66.53157182000898,0.9975915119011484,0,79.75367362907747,0.9998436262238914,2.2282253935963445,NA,1.6469017449866112,0.9930887317572524,0,2.2282253935963445,0.9995233691288586,LGR2,NA,standard,NA
Oct_22_179_CP40_stem,10/23/22,CP40,NA,NA,13:46:30,13:49:30,NA,NA,Oct_2022,30.7,NA,NA,NA,NA,NA,NA,NA,1064.6016666666667,213.35,2012.6016666666667,3.340746588379014,NA,2.442670733446568,0.98860347820418,2.628928951570722e-239,3.340746588379014,0.9958377287377244,3.4041667568227,NA,2.357206664875024,0.990021386018665,2.3978107037957665e-246,3.4041667568227,0.9996522861385464,LGR2,NA,standard,NA
Oct_22_180_CP40_stem,10/23/22,CP40,NA,NA,14:13:00,14:16:00,NA,NA,Oct_2022,30.7,NA,NA,NA,NA,NA,NA,NA,1064.6016666666667,213.35,2012.6016666666667,0.2186538373326044,g-fact. > 2 | Intercept (HM),0.2186538373326044,0.7701974575093131,3.0395165119875454e-68,0.6122049554167283,0.8344438624434998,2.106478674192048,NA,1.843138546567435,0.9983579986909118,2.0812049339451405e-290,2.106478674192048,0.999587387784296,LGR2,NA,standard,NA
Oct_22_181_CP40_stem,10/23/22,CP40,NA,NA,14:23:00,14:26:00,NA,NA,Oct_2022,30.8,NA,NA,NA,NA,NA,NA,NA,1064.6016666666667,213.35,2012.6016666666667,23.065852878889245,MAE | SE,22.559698389396935,0.999422474202774,0,23.065852878889245,0.9994540340952646,1.6123437471767996,NA,1.4081679924845487,0.9985312862925592,0,1.6123437471767996,0.9997921799883064,LGR2,NA,standard,NA
Oct_22_182_CP40_stem,10/23/22,CP40,NA,NA,14:38:10,14:41:10,NA,NA,Oct_2022,30.8,NA,NA,NA,NA,NA,NA,NA,1064.6016666666667,213.35,2012.6016666666667,3.697953378821982,NA,3.546299166988935,0.9991403848367336,0,3.697953378821982,0.9992606285978152,1.431875154408141,NA,1.3541824048913569,0.9991556775869468,0,1.431875154408141,0.999368910709718,LGR2,NA,standard,NA
Oct_22_183_CP40_stem,10/23/22,CP40,NA,NA,14:50:00,14:53:00,NA,NA,Oct_2022,30.8,NA,NA,NA,NA,NA,NA,NA,1064.6016666666667,213.35,2012.6016666666667,1.0598160119762747,NA,0.8686667816496579,0.9929308540646647,0,1.0598160119762747,0.995738660928691,2.1521341553057405,SE,1.54578308595936,0.9861640755084388,0,2.1521341553057405,0.9944098272044148,LGR2,NA,standard,NA
Oct_22_186_CP40_stem,10/23/22,CP40,NA,NA,15:45:00,15:48:00,NA,NA,Oct_2022,31,NA,NA,NA,NA,NA,NA,NA,1064.6016666666667,213.35,2012.6016666666667,0.19440775157929052,SE | g-fact. > 2 | Intercept,0.19440775157929052,0.43620155988417153,1.839587499056047e-16,1.1788662751266945,0.5915943326991635,0.24258935441144944,SE | g-fact. > 2 | Intercept (LM),0.24258935441144944,0.5776761830851072,7.348286044526443e-24,1.9094354969237533,0.8186462037865717,LGR2,NA,standard,NA
Oct_22_187_CP40_CWD,10/23/22,CP40,NA,NA,16:05:00,16:08:00,NA,NA,Oct_2022,30,NA,NA,NA,NA,NA,NA,NA,212.53666666666663,40.45,1160.5366666666666,0.532527462797645,SE | g-fact. > 2 | Intercept,0.532527462797645,0.4323991428070324,1.1818804728489112e-35,5.435561771177078,0.783813362188138,2.8608927173964314,SE,1.7931830976883083,0.9828229280984068,3.4752678085530614e-243,2.8608927173964314,0.9982217202761116,LGR2,NA,standard,NA
Oct_22_185_CP40_stem,10/23/22,CP40,NA,NA,15:25:30,15:28:50,NA,NA,Oct_2022,31,NA,NA,NA,NA,NA,NA,NA,1064.6016666666667,213.35,2012.6016666666667,0.02523634190819811,g-fact. > 2 | Intercept,0.02523634190819811,0.06637707925145186,8.155303443540561e-5,0.05661166629763316,0.08078351409429185,0.1522420975890383,g-fact. > 2 | Intercept (LM),0.1522420975890383,0.9054265034804804,9.428462093110372e-111,0.3096063127091291,0.9441565284080764,LGR2,NA,standard,NA
Oct_22_175_CP40_stem,10/23/22,CP40,NA,NA,12:31:00,12:35:00,NA,NA,Oct_2022,30.7,NA,NA,NA,NA,NA,NA,NA,1064.6016666666667,213.35,2012.6016666666667,14.908784369079816,NA,11.790107197168508,0.9954107250642276,0,14.908784369079816,0.9991970659681018,2.2305333108221475,NA,1.805654327410838,0.9961461345650056,0,2.2305333108221475,0.9992106943334788,LGR2,NA,standard,NA
Oct_22_177_CP40_stem,10/23/22,CP40,NA,NA,12:44:30,12:49:00,NA,NA,Oct_2022,30.7,NA,NA,NA,NA,NA,NA,NA,1064.6016666666667,213.35,2012.6016666666667,0.2511932980457318,SE | AICc,0.2509629661672749,0.01769482524477028,0.00137640102180777,0.2511932980457318,0.01768747514586322,0.7216670418710845,SE | g-fact. > 2 | Intercept,0.7216670418710845,0.03120460733758079,3.0221632888081715e-5,12.02929019168186,0.0930851434236124,LGR2,NA,standard,NA
Oct_22_184_CP40_stem,10/23/22,CP40,NA,NA,15:04:12,15:07:12,NA,NA,Oct_2022,31,NA,NA,NA,NA,NA,NA,NA,1064.6016666666667,213.35,2012.6016666666667,17.741168170143066,SE,10.892656482283062,0.9768304406194332,1.1022173912414577e-147,17.741168170143066,0.9940699386076938,0.6671045235694276,RMSE | AICc,0.6592456656620874,0.9937940467560622,1.3208887149998455e-198,0.6671045235694276,0.9937332072676188,LGR2,NA,standard,NA
Oct_22_210_CP40_stem,10/24/22,CP40,NA,NA,13:07:45,13:10:45,NA,NA,Oct_2022,30.5,NA,NA,NA,NA,NA,NA,NA,1064.6016666666667,213.35,2012.6016666666667,265.8216100026281,RMSE | MAE | SE | AICc,265.8216100026281,0.9993271818234876,0,269.3879860416263,0.999246675737019,1.6154830534374651,NA,1.5124167920552778,0.9991497021329984,0,1.6154830534374651,0.99944390841131725,LGR2,NA,standard,NA
Oct_22_212_CP40_stem,10/24/22,CP40,NA,NA,13:20:15,13:23:15,NA,NA,Oct_2022,30.5,NA,NA,NA,NA,NA,NA,NA,1064.6016666666667,213.35,2012.6016666666667,2.4831683890364,RMSE | AICc,2.454103335069626,0.997023275725992,0,2.4831683890364,0.9969400977662756,3.586595398481937,NA,2.9191346726485325,0.9965725509251564,0,3.586595398481937,0.9996055041431076,LGR2,NA,standard,NA
Oct_22_226_CP40_CWD,10/24/22,CP40,NA,NA,13:29:15,13:32:15,NA,NA,Oct_2022,25.3,NA,NA,NA,NA,NA,NA,NA,418.99555555555554,107.68,1366.9955555555557,0.9816754546170976,g-fact. > 2 | Intercept (LM),0.9816754546170976,0.8836263502903786,3.648772474041908e-72,2.6445819527693484,0.962150266972742,58.9469508304222,SE,43.75056008535463,0.989753625037132,2.4643621748042587e-151,58.9469508304222,0.9965169496479472,LGR2,NA,standard,NA
Oct_22_227_CP40_CWD,10/24/22,CP40,NA,NA,13:42:00,13:45:00,NA,NA,Oct_2022,25.1,NA,NA,NA,NA,NA,NA,NA,418.99555555555554,107.68,1366.9955555555557,0.17235709615400835,AICc,0.17232638452096935,0.5053539316804976,1.0751862829076686e-33,0.17235709615400835,0.5051748059291625,5.132910632966864,NA,3.784731125286781,0.9932303901606432,9.808360449727735e-227,5.132910632966864,0.9997924649970352,LGR2,NA,standard,NA
Oct_22_209_CP40_stem,10/24/22,CP40,NA,NA,12:45:07,12:48:10,NA,NA,Oct_2022,30.8,NA,NA,NA,NA,NA,NA,NA,1064.6016666666667,213.35,2012.6016666666667,0.10954278550243272,AICc | Intercept,0.07943904109004357,0.3145747693619587,6.1661473797345125e-18,0.10954278550243272,0.3168811592297719,6.196175754556315,NA,6.04472596867388,0.9998611351356156,0,6.196175754556315,0.999903241229422,LGR2,NA,standard,NA
Oct_22_207_CP40_stem,10/24/22,CP40,NA,NA,12:20:51,12:23:57,NA,NA,Oct_2022,25.5,NA,NA,NA,NA,NA,NA,NA,1064.6016666666667,213.35,2012.6016666666667,0.6642158121980434,AICc,0.6584843573220838,0.9764459244668336,6.009915014299744e-240,0.6642158121980434,0.976323975432556,6.99345654539307,NA,6.811916134538595,0.9998964813400356,0,6.99345654539307,0.9999430601155536,LGR2,NA,standard,NA
Oct_22_208_CP40_stem,10/24/22,CP40,NA,NA,12:32:34,12:35:40,NA,NA,Oct_2022,27.6,NA,NA,NA,NA,NA,NA,NA,1064.6016666666667,213.35,2012.6016666666667,0.16879995712776188,AICc,0.16648719116117755,0.7386519564686307,6.938501314301996e-69,0.16879995712776188,0.7386271638612705,7.467032793058734,NA,7.239532398375762,0.9998627188575608,0,7.467032793058734,0.9999283618794094,LGR2,NA,standard,NA
Oct_22_213_CP40_stem,10/24/22,CP40,NA,NA,11:35:09,11:38:37,NA,NA,Oct_2022,28.6,NA,NA,NA,NA,NA,NA,NA,1064.6016666666667,213.35,2012.6016666666667,116.17910521058026,SE,109.82801964632834,0.9997514925361188,0,116.17910521058026,0.9999658237796544,1.1610221273340218,NA,1.0929556939953675,0.998960124500582,0,1.1610221273340218,0.9992043276665944,LGR2,NA,standard,NA
Oct_22_215_CP40_stem,10/24/22,CP40,NA,NA,12:02:30,12:06:12,NA,NA,Oct_2022,29.1,NA,NA,NA,NA,NA,NA,NA,418.99555555555554,107.68,1366.9955555555557,0.01836902754796933,HM.flux is NA,0.01836902754796933,0.01619909048668422,0.02321239848261558,NA,NA,1.519698849543638,NA,1.134561750513343,0.992244127300847,2.5769338495365535e-271,1.519698849543638,0.9982415358903544,LGR2,NA,standard,NA
Oct_22_214_CP40_stem,10/24/22,CP40,NA,NA,11:44:37,11:50:26,NA,NA,Oct_2022,29.3,NA,NA,NA,NA,NA,NA,NA,1064.6016666666667,213.35,2012.6016666666667,7.785586584800825,NA,6.9611574542063215,0.9989696607712992,0,7.785586584800825,0.9998315098375404,1.7159052698230954,NA,1.5634000126451464,0.9991262791039168,0,1.7159052698230954,0.9997180622533576,LGR2,NA,standard,NA
Oct_22_269_Long Pine Key_stem,10/26/22,Long Pine Key,NA,NA,13:46:00,13:49:00,NA,NA,Oct_2022,31.2,NA,NA,NA,NA,NA,NA,NA,1064.6016666666667,213.35,2012.6016666666667,0.20101595198154637,NA,0.14935868950675252,0.8298720047462496,1.120113052724495e-105,0.20101595198154637,0.8355397046035554,2.474578078824081,NA,2.003911829077902,0.9960137143751068,0,2.474578078824081,0.9990773998780768,LGR2,NA,standard,NA
Oct_22_271_Long Pine Key_stem,10/26/22,Long Pine Key,NA,NA,14:01:00,14:04:00,NA,NA,Oct_2022,31.2,NA,NA,NA,NA,NA,NA,NA,1064.6016666666667,213.35,2012.6016666666667,0.03010582830629506,MAE | AICc | Intercept,0.01961779851738405,0.06545821941261665,7.80012222738689e-6,0.03010582830629506,0.06728473908447763,1.8170337085174024,NA,1.5694434167604958,0.997733263349038,0,1.8170337085174024,0.999183451121342,LGR2,NA,standard,NA
Oct_22_272_Mahogany Hammock_stem,10/26/22,Mahogany Hammock,NA,NA,15:18:00,15:21:00,NA,NA,Oct_2022,27.6,NA,NA,NA,NA,NA,NA,NA,2190.644,462.19,3138.644,103.23974458533412,NA,94.7568074412272,0.999461295515515,0,103.23974458533412,0.9999656839942752,6.454256255974362,NA,5.95035031891991,0.9994827468583622,0,6.454256255974362,0.999935751700534,LGR2,NA,standard,NA
Oct_22_273_Mahogany Hammock_stem,10/26/22,Mahogany Hammock,NA,NA,15:23:30,15:26:30,NA,NA,Oct_2022,27.6,NA,NA,NA,NA,NA,NA,NA,2190.644,462.19,3138.644,2.33660043267773,Intercept (HM),2.1585636877786203,0.9885343542188452,1.280327565242958e-217,2.33660043267773,0.9889906235707436,6.206435490738807,RMSE | MAE | AICc,6.206435490738807,0.9998856863745964,0,6.299423751909134,0.9998609825618696,LGR2,NA,standard,NA
Oct_22_274_Mahogany Hammock_stem,10/26/22,Mahogany Hammock,NA,NA,15:31:00,15:34:00,NA,NA,Oct_2022,27.6,NA,NA,NA,NA,NA,NA,NA,2190.644,462.19,3138.644,0.24760414474153908,g-fact. > 2 | Intercept (LM),0.24760414474153908,0.8985799468105478,1.6421445924422265e-217,0.5443185741851602,0.9503252321812928,5.764714379425888,NA,5.23916365787821,0.999322856853369,0,5.764714379425888,0.9999443457234908,LGR2,NA,standard,NA
Oct_22_275_Cypress Boardwalk_stem,10/26/22,Cypress Boardwalk,NA,NA,17:31:30,17:34:30,NA,NA,Oct_2022,29.2,NA,NA,NA,NA,NA,NA,NA,212.53666666666663,40.45,1160.5366666666666,838.8552555477784,SE | AICc,838.8044695843286,0.9917553579462708,0,838.8552555477784,0.991761466537488,16.85063556485052,NA,11.816732887808351,0.9908943788734584,1.361645e-301,16.85063556485052,0.9999467116110458,LGR2,NA,standard,NA
Oct_22_276_Cypress Boardwalk_stem,10/26/22,Cypress Boardwalk,NA,NA,17:40:00,17:43:00,NA,NA,Oct_2022,29.2,NA,NA,NA,NA,NA,NA,NA,418.99555555555554,107.68,1366.9955555555557,230.15480550143565,NA,196.97414865070888,0.9982873446784968,2.814158731229336e-292,230.15480550143565,0.9999560847688596,6.691365390525534,SE,5.542890664953261,0.9969752788298148,7.38477505821938e-282,6.691365390525534,0.999494646835038,LGR2,NA,standard,NA
Oct_22_277_Cypress Boardwalk_stem,10/26/22,Cypress Boardwalk,NA,NA,17:50:30,17:53:30,NA,NA,Oct_2022,29.2,NA,NA,NA,NA,NA,NA,NA,212.53666666666663,40.45,1160.5366666666666,52.057266795695405,NA,41.55673723799816,0.9963255586147188,2.870296886574915e-232,52.057266795695405,0.9999410795927994,7.318346645389061,SE,5.6389236774653115,0.990056999571161,2.061082661005772e-191,7.318346645389061,0.9951438401964076,LGR2,NA,standard,NA
Oct_22_270_Long Pine Key_stem,10/26/22,Long Pine Key,NA,NA,13:52:00,13:55:00,NA,NA,Oct_2022,31.2,NA,NA,NA,NA,NA,NA,NA,1064.6016666666667,213.35,2012.6016666666667,0.14661511464352728,g-fact. > 2 | Intercept (HM),0.14661511464352728,0.7003075982058707,1.4013402009248241e-67,0.44516979238866894,0.7843981282500547,2.397161880865952,NA,2.1832969323421465,0.9991131244039828,0,2.397161880865952,0.9997220196197067,LGR2,NA,standard,NA
Mar_23_309_BL60_leaves,3/19/23,BL60,NA,NA,13:39:00,13:40:00,NA,NA,March_2023,28.3,NA,NA,NA,NA,NA,NA,NA,2190.644,212,3138.644,0.07066799542628237,AICc | Intercept,0.07046585834833459,0.0915669726812436,7.155512398781806e-7,0.07066799542628237,0.09154454099851228,-2.9396512435868996,RMSE | MAE | SE | AICc,-2.9396512435868996,0.9975225395552452,9e-307,-3.447396262579792,0.9961563003503114,LGR1,NA,standard,NA
Mar_23_306_BL60_leaves,3/19/23,BL60,NA,NA,13:09:00,13:11:00,NA,NA,March_2023,27.8,NA,NA,NA,NA,NA,NA,NA,2190.644,428,3138.644,-0.01618458011477975,AICc | p-value | MDF | Intercept,-0.01033735763116805,-0.00361187795101392,0.491995944606316,-0.01618458011477975,-0.00219909416859853,-1.3294013022328632,NA,-1.1705086588091205,0.9926793998338584,6.099624879063863e-157,-1.3294013022328632,0.9937715644131644,LGR1,NA,standard,NA
Mar_23_298_BL60_leaves,3/19/23,BL60,NA,NA,10:00:00,10:03:00,NA,NA,March_2023,26.9,NA,NA,NA,NA,NA,NA,NA,2190.644,428,3138.644,0.00400245782321616,HM.flux is NA,0.00400245782321616,0.00143029042778097,0.1787910664818903,NA,NA,-0.959210756109229,RMSE | MAE | SE | AICc,-0.959210756109229,0.9978771972722384,0,-1.1641339610826402,0.9932854671898038,LGR1,NA,standard,NA
Mar_23_301_BL60_leaves,3/19/23,BL60,NA,NA,11:28:00,11:31:00,NA,NA,March_2023,26.9,NA,NA,NA,NA,NA,NA,NA,2190.644,428,3138.644,-0.01334504031260862,AICc | p-value | Intercept,-0.01097254280721834,0.00407247401419508,0.15374908741635104,-0.01334504031260862,0.0040988183724302,-1.489618675182263,Intercept (LM),-0.9564974347410616,0.9833584850460976,4.866452066970523e-229,-1.489618675182263,0.9970842503578728,LGR1,NA,standard,NA
Mar_23_303_BL60_leaves,3/19/23,BL60,NA,NA,12:26:00,12:29:00,NA,NA,March_2023,27.3,NA,NA,NA,NA,NA,NA,NA,2190.644,428,3138.644,0.00788390800664379,HM.flux is NA,0.00788390800664379,-0.00136971705295252,0.4044615810661151,NA,NA,0.2630983165137844,NA,0.17566467040079278,0.9164790816279148,8.506103892002804e-121,0.2630983165137844,0.9292925814888692,LGR1,NA,standard,NA
Mar_23_304_BL60_leaves,3/19/23,BL60,NA,NA,12:45:00,12:48:00,NA,NA,March_2023,27.2,NA,NA,NA,NA,NA,NA,NA,2190.644,134,3138.644,0.0249597125779382,AICc | Intercept,0.02497323946522708,0.0097927982395074,0.02701848886312806,0.0249597125779382,0.00978822773194476,-5.1828184101329535,SE,-4.1901772414442355,0.9964094952372284,0,-5.1828184101329535,0.9993067162113084,LGR1,NA,standard,NA
Mar_23_305_BL60_leaves,3/19/23,BL60,NA,NA,12:50:30,12:53:30,NA,NA,March_2023,26.8,NA,NA,NA,NA,NA,NA,NA,2190.644,134,3138.644,-0.00720618529231516,AICc | p-value | MDF | Intercept,-0.00563560047615824,-0.00459873072915217,0.8536519338206245,-0.00720618529231516,-0.00452919449283251,0.5606807734893257,SE | AICc,0.5545673782768789,0.9448046652460635,2.726342651655782e-134,0.5606807734893257,0.9447062109365189,LGR1,NA,standard,NA
Mar_23_307_BL60_leaves,3/19/23,BL60,NA,NA,13:26:00,13:29:00,NA,NA,March_2023,27.3125,NA,NA,NA,NA,NA,NA,NA,2190.644,212,3138.644,0.06744031183433079,g-fact. > 2 | Intercept,0.06744031183433079,0.08598707890379342,1.974423873929114e-6,0.2683062392681954,0.12294223359941792,-4.616874801226017,SE,-3.716992778777105,0.9962881431126168,4.268969234701222e-292,-4.616874801226017,0.9994740236658716,LGR1,NA,standard,NA
Mar_23_308_BL60_leaves,3/19/23,BL60,NA,NA,13:32:30,13:35:30,NA,NA,March_2023,27.3125,NA,NA,NA,NA,NA,NA,NA,2190.644,212,3138.644,0.0249739275073683,HM.flux is NA,0.0249739275073683,0.00330673274902848,0.19637175275775692,NA,NA,0.9564020124975962,SE,0.8154403640954673,0.98793067167508,7.31561054027571e-198,0.9564020124975962,0.9896726652304816,LGR1,NA,standard,NA
Mar_23_299_BL60_leaves,3/19/23,BL60,NA,NA,10:40:00,10:43:00,NA,NA,March_2023,26.8,NA,NA,NA,NA,NA,NA,NA,2190.644,428,3138.644,0.00640311428646614,HM.flux is NA,0.00640311428646614,0.00217923585874046,0.1983536339124077,NA,NA,-0.16099237018630214,RMSE | AICc,-0.15829303974296266,0.958450485991847,7.20060777938059e-211,-0.16099237018630214,0.9581927995000468,LGR1,NA,standard,NA
Mar_23_302_BL60_leaves,3/19/23,BL60,NA,NA,12:21:00,12:24:00,NA,NA,March_2023,27.2,NA,NA,NA,NA,NA,NA,NA,2190.644,428,3138.644,0.00655666223877614,HM.flux is NA,0.00655666223877614,-0.00253783658586503,0.5003473979510922,NA,NA,-1.966168545383473,RMSE | MAE | SE | AICc,-1.966168545383473,0.9985271934851504,3.2470539443223375e-291,-2.3481903238084505,0.9973291243463271,LGR1,NA,standard,NA
Mar_23_300_BL60_leaves,3/19/23,BL60,NA,NA,11:16:00,11:20:00,NA,NA,March_2023,26.8,NA,NA,NA,NA,NA,NA,NA,2190.644,428,3138.644,-0.02521553450529741,g-fact. > 2 | Intercept,-0.02521553450529741,0.03158637483957649,0.00226030867963425,-0.07978289714228341,0.04175566603854308,-0.2707929282263174,RMSE | AICc,-0.2639966369144503,0.9747636251543306,5.5756715984710474e-210,-0.2707929282263174,0.9743676111297032,LGR1,NA,standard,NA
Oct_22_206_CP40_stem,10/23/22,CP40,NA,NA,12:33:32,12:36:32,NA,NA,Oct_2022,29.7,NA,NA,NA,NA,NA,NA,NA,1064.6016666666667,213.35,2012.6016666666667,1.4892481037075291,SE | AICc | Intercept,1.4695941772781924,0.7455740029413161,1.7270637687299054e-90,1.4892481037075291,0.7454916767452006,-0.04382791099588239,AICc | Intercept,-0.04369684579289063,0.4563859531169212,2.0269594292065938e-41,-0.04382791099588239,0.4562004769197085,LGR1,NA,standard,NA
Oct_22_203_CP40_stem,10/23/22,CP40,NA,NA,11:50:59,11:54:07,NA,NA,Oct_2022,27.9,NA,NA,NA,NA,NA,NA,NA,1064.6016666666667,213.35,2012.6016666666667,2.063803891033839,AICc,1.985234899063244,0.9899953413916608,3.6029172022860686e-202,2.063803891033839,0.9900964139959416,1.4249506637631644,SE | AICc,1.3100024110735555,0.9547183750846896,1.3689451978472899e-136,1.4249506637631644,0.9551780133822236,LGR1,NA,standard,NA
Oct_22_205_CP40_stem,10/23/22,CP40,NA,NA,12:18:21,12:21:39,NA,NA,Oct_2022,29.7,NA,NA,NA,NA,NA,NA,NA,2190.644,462.19,3138.644,7.355450351730046,RMSE | MAE | AICc,7.355450351730046,0.9992363898329126,0,7.4394767489627744,0.9991484105623544,0.6353002296027965,RMSE | AICc,0.6283397235729683,0.9953981662315946,6.212823875034899e-250,0.6353002296027965,0.995306150339736,LGR1,NA,standard,NA
Oct_22_202_CP40_stem,10/23/22,CP40,NA,NA,11:34:40,11:38:33,NA,NA,Oct_2022,27.9,NA,NA,NA,NA,NA,NA,NA,1064.6016666666667,213.35,2012.6016666666667,13.334360615721932,NA,12.486966187476568,0.999540177072913,0,13.334360615721932,0.999833823749784,2.0559878741522706,NA,1.8928491660070768,0.9988414929445744,0,2.0559878741522706,0.999311328204412,LGR1,NA,standard,NA
Oct_22_201_CP40_stem,10/23/22,CP40,NA,NA,11:18:47,11:23:01,NA,NA,Oct_2022,27.9,NA,NA,NA,NA,NA,NA,NA,1064.6016666666667,213.35,2012.6016666666667,25.211227713364107,SE,19.07088089030582,0.9707173472208984,3.6351878231632064e-216,25.211227713364107,0.9767929544239484,1.6219488618606872,NA,1.333256501411193,0.995412855028121,0,1.6219488618606872,0.9981160485294154,LGR1,NA,standard,NA
Oct_22_204_CP40_stem,10/23/22,CP40,NA,NA,12:02:20,12:08:50,NA,NA,Oct_2022,29.7,NA,NA,NA,NA,NA,NA,NA,2190.644,462.19,3138.644,60.3213663924238,SE,58.31977355340451,0.9998115254933756,0,60.3213663924238,0.9998887433995688,2.546036007001891,NA,2.4336087603700176,0.999302792831839,4.0630167327e-297,2.546036007001891,0.9994410424972394,LGR1,NA,standard,NA
Oct_22_256_BL60_stem,10/25/22,BL60,NA,NA,10:46:15,10:48:00,NA,NA,Oct_2022,24.8,NA,NA,NA,NA,NA,NA,NA,212.53666666666663,40.45,1160.5366666666666,93.7209281663173,RMSE | MAE | SE | AICc,93.7209281663173,0.9996942134739216,0,94.92407030246572,0.9995992493108996,12.661526248735012,SE,12.437516342833511,0.9994103723367024,0,12.661526248735012,0.9994302372057982,LGR1,NA,standard,NA
Oct_22_244_BL60_stem,10/25/22,BL60,NA,NA,12:58:00,13:01:00,NA,NA,Oct_2022,24.8,NA,NA,NA,NA,NA,NA,NA,212.53666666666663,40.45,1160.5366666666666,0.3822821950891474,SE | g-fact. > 2 | Intercept,0.3822821950891474,0.295722176534014,3.0803776047829655e-17,0.8524784737862835,0.31394974063681247,1.4276213309986654,MAE | SE | AICc,1.4276213309986654,0.9547610191519528,2.643209642470557e-137,1.435936234330551,0.9546001844001772,LGR1,NA,standard,NA
Oct_22_250_BL60_stem,10/25/22,BL60,NA,NA,13:52:30,13:55:30,NA,NA,Oct_2022,28.5,NA,NA,NA,NA,NA,NA,NA,212.53666666666663,40.45,1160.5366666666666,7.81025411314396,SE | g-fact. > 2 | Intercept,7.81025411314396,0.8153433636535374,1.8678472375358125e-78,31.533354744333423,0.9696934181560392,3.5569389799160738,SE | g-fact. > 2 | Intercept (LM),3.5569389799160738,0.9499935472475513,1.71967068052102e-137,7.838301852717414,0.9968739597785716,LGR1,NA,standard,NA
Oct_22_258_BL60_stem,10/25/22,BL60,NA,NA,10:58:09,11:01:09,NA,NA,Oct_2022,24.8,NA,NA,NA,NA,NA,NA,NA,212.53666666666663,40.45,1160.5366666666666,-0.19686488326930313,AICc | Intercept,-0.19692217790638353,0.033858322289674,0.0063324193469593,-0.19686488326930313,0.03381448175100776,5.78010444417821,SE,3.7259805045829864,0.9793601183499384,1.363470023780586e-160,5.78010444417821,0.9937181142311564,LGR1,NA,standard,NA
Oct_22_260_BL60_stem,10/25/22,BL60,NA,NA,11:18:00,11:21:00,NA,NA,Oct_2022,26.3,NA,NA,NA,NA,NA,NA,NA,212.53666666666663,40.45,1160.5366666666666,16.97259921572968,SE,14.904022072378034,0.9961679182702884,2.325574205435763e-258,16.97259921572968,0.997378856499136,9.820737201747022,SE,7.473694797959399,0.9541460151658548,4.341508758289821e-144,9.820737201747022,0.9592287391195122,LGR1,NA,standard,NA
Oct_22_261_BL60_stem,10/25/22,BL60,NA,NA,11:26:30,11:29:30,NA,NA,Oct_2022,26.3,NA,NA,NA,NA,NA,NA,NA,212.53666666666663,40.45,1160.5366666666666,0.6199671159818735,SE | g-fact. > 2 | Intercept,0.6199671159818735,0.575593097286963,2.0572345492637614e-43,1.4365081442362695,0.6216768763501299,4.25950221134332,SE,3.433856394001958,0.8353243670021966,3.9443275632074624e-89,4.25950221134332,0.8381830682994467,LGR1,NA,standard,NA
Oct_22_262_BL60_stem,10/25/22,BL60,NA,NA,11:38:30,11:41:30,NA,NA,Oct_2022,26.3,NA,NA,NA,NA,NA,NA,NA,212.53666666666663,40.45,1160.5366666666666,0.2308904618122504,SE | g-fact. > 2 | Intercept,0.2308904618122504,0.18713744843388855,1.3211258635238756e-15,0.8974469332811316,0.21546639614281304,1.3740946835062222,SE | Intercept (LM),0.8021264873554237,0.9474540948840456,9.481294078270519e-197,1.3740946835062222,0.9662401855363948,LGR1,NA,standard,NA
Oct_22_263_BL60_stem,10/25/22,BL60,NA,NA,11:55:00,11:58:00,NA,NA,Oct_2022,26.9,NA,NA,NA,NA,NA,NA,NA,1064.6016666666667,213.35,2012.6016666666667,73.29192168487644,SE,62.69427487316928,0.9977565516373892,1.1208958875743305e-224,73.29192168487644,0.9994078696471635,9.188261244360875,SE,7.950754684215282,0.9981078941852708,6.854171174425425e-231,9.188261244360875,0.999536939181133,LGR1,NA,standard,NA
Oct_22_267_BL60_stem,10/25/22,BL60,NA,NA,12:33:45,12:36:45,NA,NA,Oct_2022,27.9,NA,NA,NA,NA,NA,NA,NA,212.53666666666663,40.45,1160.5366666666666,0.29825939463730416,SE | AICc,0.29844309301379784,0.11665677521578566,4.527735861178657e-6,0.29825939463730416,0.11661155244871756,5.042750973375803,SE,3.0705339469708903,0.9738106831580352,2.8428012407925994e-130,5.042750973375803,0.9918700483225896,LGR1,NA,standard,NA
Oct_22_245_BL60_stem,10/25/22,BL60,NA,NA,13:08:25,13:11:25,NA,NA,Oct_2022,24.8,NA,NA,NA,NA,NA,NA,NA,212.53666666666663,40.45,1160.5366666666666,0.17694695514082195,SE | AICc | Intercept,0.17669345735991196,0.06764988784290205,1.0527210594237245e-4,0.17694695514082195,0.06762835517720744,2.225908487757597,SE,1.9830385640639248,0.98976237675261,3.634195521045445e-202,2.225908487757597,0.990670785381482,LGR1,NA,standard,NA
Oct_22_257_BL60_stem,10/25/22,BL60,NA,NA,10:50:24,10:53:25,NA,NA,Oct_2022,24.8,NA,NA,NA,NA,NA,NA,NA,212.53666666666663,40.45,1160.5366666666666,93.69174487791194,RMSE | MAE | SE | AICc,93.69174487791194,0.9996718807481988,0,94.9012828536458,0.999571324123858,12.65293780407485,SE,12.436063831398034,0.999356740163102,2.2781838054e-297,12.65293780407485,0.9993723268956282,LGR1,NA,standard,NA
Oct_22_248_BL60_stem,10/25/22,BL60,NA,NA,13:35:50,13:38:54,NA,NA,Oct_2022,28.5,NA,NA,NA,NA,NA,NA,NA,212.53666666666663,40.45,1160.5366666666666,0.5039798720096599,SE | g-fact. > 2 | Intercept (LM),0.5039798720096599,0.40903121285687005,7.5906668605809375e-25,1.490261571921458,0.46442392097461305,5.283301688884161,SE,4.06512685178892,0.9925717127497145,4.214440520338396e-215,5.283301688884161,0.9974846211685544,LGR1,NA,standard,NA
Oct_22_246_BL60_stem,10/25/22,BL60,NA,NA,13:14:00,13:17:06,NA,NA,Oct_2022,24.8,NA,NA,NA,NA,NA,NA,NA,212.53666666666663,40.45,1160.5366666666666,-0.09308315096558543,SE | AICc | Intercept,-0.0931354085342482,0.01652462460487724,0.04367942333333026,-0.09308315096558543,0.01651623237148214,1.7293342415735524,SE | Intercept (LM),1.2310241238269324,0.9616954387633038,3.2375624545698808e-133,1.7293342415735524,0.9698365022334068,LGR1,NA,standard,NA
Oct_22_259_BL60_stem,10/25/22,BL60,NA,NA,11:06:50,11:09:56,NA,NA,Oct_2022,24.8,NA,NA,NA,NA,NA,NA,NA,212.53666666666663,40.45,1160.5366666666666,0.2064706461251385,SE | AICc | Intercept,0.20657235502515256,0.06925764211147611,6.7191137831948e-5,0.2064706461251385,0.06922903105654588,6.184113046743035,SE,5.285708558398563,0.9961458666200572,2.903802120258474e-253,6.184113046743035,0.9978526043105456,LGR1,NA,standard,NA
Oct_22_247_BL60_stem,10/25/22,BL60,NA,NA,13:21:18,13:24:32,NA,NA,Oct_2022,24.8,NA,NA,NA,NA,NA,NA,NA,212.53666666666663,40.45,1160.5366666666666,13.20348940260857,SE,12.420416439958952,0.9972105813864868,6.29386097625153e-282,13.20348940260857,0.9974645633167016,5.482516992304233,SE,4.537262179189323,0.9960107354592737,6.504157992960827e-265,5.482516992304233,0.9985040195589244,LGR1,NA,standard,NA
Oct_22_266_BL60_stem,10/25/22,BL60,NA,NA,12:23:00,12:26:16,NA,NA,Oct_2022,27.9,NA,NA,NA,NA,NA,NA,NA,418.99555555555554,107.68,1366.9955555555557,0.46966562470564993,AICc,0.4622808747176815,0.7862080719557576,2.9218659173939563e-84,0.46966562470564993,0.7862096919073692,0.93998235227143,NA,0.7054368169852806,0.9833718682068688,3.524753633700687e-220,0.93998235227143,0.988989723354344,LGR1,NA,standard,NA
Oct_22_265_BL60_stem,10/25/22,BL60,NA,NA,12:12:30,12:15:48,NA,NA,Oct_2022,26.9,NA,NA,NA,NA,NA,NA,NA,418.99555555555554,107.68,1366.9955555555557,0.21273828333185135,AICc | Intercept,0.16039234052769927,0.31652536561014066,1.736199456617087e-21,0.21273828333185135,0.31853569578960594,6.566372010491024,NA,6.061353705654297,0.999383055920784,0,6.566372010491024,0.9998178880139048,LGR1,NA,standard,NA
Oct_22_249_BL60_stem,10/25/22,BL60,NA,NA,13:44:15,13:47:40,NA,NA,Oct_2022,28.5,NA,NA,NA,NA,NA,NA,NA,212.53666666666663,40.45,1160.5366666666666,0.16321935218167055,AICc | Intercept,0.16329906325279536,0.10935614637507762,3.29416888269459e-7,0.16321935218167055,0.10931296995667528,3.328509099138321,RMSE | MAE | SE | AICc,3.328509099138321,0.9915088510910388,6.475127048734814e-227,3.351517196827155,0.9913399752118792,LGR1,NA,standard,NA
Oct_22_264_BL60_stem,10/25/22,BL60,NA,NA,12:03:45,12:07:12,NA,NA,Oct_2022,26.9,NA,NA,NA,NA,NA,NA,NA,1064.6016666666667,213.35,2012.6016666666667,2.3969621880793253,AICc,2.3633396512062914,0.9947192445631268,5.123087293326907e-247,2.3969621880793253,0.9946760658662736,7.405360581119157,NA,7.270122157644301,0.9999053713139908,0,7.405360581119157,0.9999265803762448,LGR1,NA,standard,NA
Oct_22_268_BL60_stem,10/25/22,BL60,NA,NA,12:44:00,12:48:05,NA,NA,Oct_2022,27.9,NA,NA,NA,NA,NA,NA,NA,212.53666666666663,40.45,1160.5366666666666,0.0799786843298807,AICc | Intercept,0.08002412139842212,0.04159399555943755,1.511291513563477e-4,0.0799786843298807,0.04157661528445855,2.5089433708979794,MAE | SE | AICc | Intercept,2.5089433708979794,0.00966441288791852,0.04414299697402133,2.504898502056258,0.0096588490890942,LGR1,NA,standard,NA
Mar_23_311_BL60_leaves,3/19/23,BL60,NA,NA,14:30:00,14:33:00,NA,NA,March_2023,28.8,NA,NA,NA,NA,NA,NA,NA,2190.644,428,3138.644,0.01880165093447625,AICc,0.01879733278395168,0.03829919280824356,4.338872304532594e-4,0.01880165093447625,0.03828414544496239,-0.03514618777883567,HM.flux is NA,-0.03514618777883567,0.5168827555432616,2.9175793226937845e-48,NA,NA,LGR1,NA,standard,NA
Mar_23_312_BL60_leaves,3/19/23,BL60,NA,NA,14:34:30,14:37:30,NA,NA,March_2023,28.8,NA,NA,NA,NA,NA,NA,NA,2190.644,428,3138.644,0.01969205371324258,AICc | Intercept,0.01970649949706388,0.01830565387526517,0.02859444452261508,0.01969205371324258,0.01829711971836889,-0.03779220374883637,HM.flux is NA,-0.03779220374883637,0.37168002011355183,8.916999757074221e-23,NA,NA,LGR1,NA,standard,NA
NA,10/1/22,SRS5,NA,NA,NA,NA,2022,10,NA,NA,NA,NA,NA,NA,NA,NA,NA,NA,NA,NA,NA,NA,NA,NA,NA,NA,NA,NA,NA,NA,NA,NA,NA,NA,NA,NA,rescued,NA
NA,10/1/22,SRS5,NA,NA,NA,NA,2022,10,NA,NA,NA,NA,NA,NA,NA,NA,NA,NA,NA,NA,NA,NA,NA,NA,NA,NA,NA,NA,NA,NA,NA,NA,NA,NA,NA,NA,rescued,NA
NA,10/1/22,SRS5,NA,NA,NA,NA,2022,10,NA,NA,NA,NA,NA,NA,NA,NA,NA,NA,NA,NA,NA,NA,NA,NA,NA,NA,NA,NA,NA,NA,NA,NA,NA,NA,NA,NA,rescued,NA
NA,3/1/23,FLM30,NA,NA,NA,NA,2023,3,NA,NA,NA,NA,NA,NA,NA,NA,NA,NA,NA,NA,NA,NA,NA,NA,NA,NA,NA,NA,NA,NA,NA,NA,NA,NA,NA,NA,rescued,NA
NA,10/1/22,O,NA,NA,NA,NA,2022,10,NA,NA,NA,NA,NA,NA,NA,NA,NA,NA,NA,NA,NA,NA,NA,NA,NA,NA,NA,NA,NA,NA,NA,NA,NA,NA,NA,NA,rescued,NA
NA,10/1/22,O,NA,NA,NA,NA,2022,10,NA,NA,NA,NA,NA,NA,NA,NA,NA,NA,NA,NA,NA,NA,NA,NA,NA,NA,NA,NA,NA,NA,NA,NA,NA,NA,NA,NA,rescued,NA
NA,10/1/22,O,NA,NA,NA,NA,2022,10,NA,NA,NA,NA,NA,NA,NA,NA,NA,NA,NA,NA,NA,NA,NA,NA,NA,NA,NA,NA,NA,NA,NA,NA,NA,NA,NA,NA,rescued,NA
NA,10/1/22,O,NA,NA,NA,NA,2022,10,NA,NA,NA,NA,NA,NA,NA,NA,NA,NA,NA,NA,NA,NA,NA,NA,NA,NA,NA,NA,NA,NA,NA,NA,NA,NA,NA,NA,rescued,NA
NA,10/1/22,O,NA,NA,NA,NA,2022,10,NA,NA,NA,NA,NA,NA,NA,NA,NA,NA,NA,NA,NA,NA,NA,NA,NA,NA,NA,NA,NA,NA,NA,NA,NA,NA,NA,NA,rescued,NA
NA,10/1/22,O,NA,NA,NA,NA,2022,10,NA,NA,NA,NA,NA,NA,NA,NA,NA,NA,NA,NA,NA,NA,NA,NA,NA,NA,NA,NA,NA,NA,NA,NA,NA,NA,NA,NA,rescued,NA
NA,3/1/23,CP40,NA,NA,NA,NA,2023,3,NA,NA,NA,NA,NA,NA,NA,NA,NA,NA,NA,NA,NA,NA,NA,NA,NA,NA,NA,NA,NA,NA,NA,NA,NA,NA,NA,NA,rescued,NA
NA,3/1/23,BL60,NA,NA,NA,NA,2023,3,NA,NA,NA,NA,NA,NA,NA,NA,NA,NA,NA,NA,NA,NA,NA,NA,NA,NA,NA,NA,NA,NA,NA,NA,NA,NA,NA,NA,rescued,NA
NA,10/1/22,BL60,NA,NA,NA,NA,2022,10,NA,NA,NA,NA,NA,NA,NA,NA,NA,NA,NA,NA,NA,NA,NA,NA,NA,NA,NA,NA,NA,NA,NA,NA,NA,NA,NA,NA,rescued,NA
NA,10/1/22,BL60,NA,NA,NA,NA,2022,10,NA,NA,NA,NA,NA,NA,NA,NA,NA,NA,NA,NA,NA,NA,NA,NA,NA,NA,NA,NA,NA,NA,NA,NA,NA,NA,NA,NA,rescued,NA
NA,10/1/22,BL60,NA,NA,NA,NA,2022,10,NA,NA,NA,NA,NA,NA,NA,NA,NA,NA,NA,NA,NA,NA,NA,NA,NA,NA,NA,NA,NA,NA,NA,NA,NA,NA,NA,NA,rescued,NA
NA,10/1/22,BL60,NA,NA,NA,NA,2022,10,NA,NA,NA,NA,NA,NA,NA,NA,NA,NA,NA,NA,NA,NA,NA,NA,NA,NA,NA,NA,NA,NA,NA,NA,NA,NA,NA,NA,rescued,NA
NA,10/1/22,BL60,NA,NA,NA,NA,2022,10,NA,NA,NA,NA,NA,NA,NA,NA,NA,NA,NA,NA,NA,NA,NA,NA,NA,NA,NA,NA,NA,NA,NA,NA,NA,NA,NA,NA,rescued,NA
NA,10/1/22,BL60,NA,NA,NA,NA,2022,10,NA,NA,NA,NA,NA,NA,NA,NA,NA,NA,NA,NA,NA,NA,NA,NA,NA,NA,NA,NA,NA,NA,NA,NA,NA,NA,NA,NA,rescued,NA
NA,10/1/22,BL60,NA,NA,NA,NA,2022,10,NA,NA,NA,NA,NA,NA,NA,NA,NA,NA,NA,NA,NA,NA,NA,NA,NA,NA,NA,NA,NA,NA,NA,NA,NA,NA,NA,NA,rescued,NA
NA,10/1/22,BL60,NA,NA,NA,NA,2022,10,NA,NA,NA,NA,NA,NA,NA,NA,NA,NA,NA,NA,NA,NA,NA,NA,NA,NA,NA,NA,NA,NA,NA,NA,NA,NA,NA,NA,rescued,NA
NA,10/1/22,BL60,NA,NA,NA,NA,2022,10,NA,NA,NA,NA,NA,NA,NA,NA,NA,NA,NA,NA,NA,NA,NA,NA,NA,NA,NA,NA,NA,NA,NA,NA,NA,NA,NA,NA,rescued,NA
NA,10/1/22,BL60,NA,NA,NA,NA,2022,10,NA,NA,NA,NA,NA,NA,NA,NA,NA,NA,NA,NA,NA,NA,NA,NA,NA,NA,NA,NA,NA,NA,NA,NA,NA,NA,NA,NA,rescued,NA
NA,10/1/22,SRS5,NA,NA,NA,NA,2022,10,NA,NA,NA,NA,NA,NA,NA,NA,NA,NA,NA,NA,NA,NA,NA,NA,NA,NA,NA,NA,NA,NA,NA,NA,NA,NA,NA,NA,rescued,NA
NA,10/1/22,SRS5,NA,NA,NA,NA,2022,10,NA,NA,NA,NA,NA,NA,NA,NA,NA,NA,NA,NA,NA,NA,NA,NA,NA,NA,NA,NA,NA,NA,NA,NA,NA,NA,NA,NA,rescued,NA
NA,10/1/22,SRS5,NA,NA,NA,NA,2022,10,NA,NA,NA,NA,NA,NA,NA,NA,NA,NA,NA,NA,NA,NA,NA,NA,NA,NA,NA,NA,NA,NA,NA,NA,NA,NA,NA,NA,rescued,NA
NA,10/1/22,SRS5,NA,NA,NA,NA,2022,10,NA,NA,NA,NA,NA,NA,NA,NA,NA,NA,NA,NA,NA,NA,NA,NA,NA,NA,NA,NA,NA,NA,NA,NA,NA,NA,NA,NA,rescued,NA
NA,10/1/22,SRS5,NA,NA,NA,NA,2022,10,NA,NA,NA,NA,NA,NA,NA,NA,NA,NA,NA,NA,NA,NA,NA,NA,NA,NA,NA,NA,NA,NA,NA,NA,NA,NA,NA,NA,rescued,NA
NA,10/1/22,SRS5,NA,NA,NA,NA,2022,10,NA,NA,NA,NA,NA,NA,NA,NA,NA,NA,NA,NA,NA,NA,NA,NA,NA,NA,NA,NA,NA,NA,NA,NA,NA,NA,NA,NA,rescued,NA
NA,10/1/22,SRS6,NA,NA,NA,NA,2022,10,NA,NA,NA,NA,NA,NA,NA,NA,NA,NA,NA,NA,NA,NA,NA,NA,NA,NA,NA,NA,NA,NA,NA,NA,NA,NA,NA,NA,rescued,NA
NA,10/1/22,SRS5,NA,NA,NA,NA,2022,10,NA,NA,NA,NA,NA,NA,NA,NA,NA,NA,NA,NA,NA,NA,NA,NA,NA,NA,NA,NA,NA,NA,NA,NA,NA,NA,NA,NA,rescued,NA
NA,10/1/22,SRS5,NA,NA,NA,NA,2022,10,NA,NA,NA,NA,NA,NA,NA,NA,NA,NA,NA,NA,NA,NA,NA,NA,NA,NA,NA,NA,NA,NA,NA,NA,NA,NA,NA,NA,rescued,NA
NA,10/1/22,SRS5,NA,NA,NA,NA,2022,10,NA,NA,NA,NA,NA,NA,NA,NA,NA,NA,NA,NA,NA,NA,NA,NA,NA,NA,NA,NA,NA,NA,NA,NA,NA,NA,NA,NA,rescued,NA
NA,3/1/23,FLM30,NA,NA,NA,NA,2023,3,NA,NA,NA,NA,NA,NA,NA,NA,NA,NA,NA,NA,NA,NA,NA,NA,NA,NA,NA,NA,NA,NA,NA,NA,NA,NA,NA,NA,rescued,NA
NA,10/1/22,O,NA,NA,NA,NA,2022,10,NA,NA,NA,NA,NA,NA,NA,NA,NA,NA,NA,NA,NA,NA,NA,NA,NA,NA,NA,NA,NA,NA,NA,NA,NA,NA,NA,NA,rescued,NA
NA,10/1/22,O,NA,NA,NA,NA,2022,10,NA,NA,NA,NA,NA,NA,NA,NA,NA,NA,NA,NA,NA,NA,NA,NA,NA,NA,NA,NA,NA,NA,NA,NA,NA,NA,NA,NA,rescued,NA
NA,10/1/22,O,NA,NA,NA,NA,2022,10,NA,NA,NA,NA,NA,NA,NA,NA,NA,NA,NA,NA,NA,NA,NA,NA,NA,NA,NA,NA,NA,NA,NA,NA,NA,NA,NA,NA,rescued,NA
NA,10/1/22,O,NA,NA,NA,NA,2022,10,NA,NA,NA,NA,NA,NA,NA,NA,NA,NA,NA,NA,NA,NA,NA,NA,NA,NA,NA,NA,NA,NA,NA,NA,NA,NA,NA,NA,rescued,NA
NA,10/1/22,O,NA,NA,NA,NA,2022,10,NA,NA,NA,NA,NA,NA,NA,NA,NA,NA,NA,NA,NA,NA,NA,NA,NA,NA,NA,NA,NA,NA,NA,NA,NA,NA,NA,NA,rescued,NA
NA,10/1/22,O,NA,NA,NA,NA,2022,10,NA,NA,NA,NA,NA,NA,NA,NA,NA,NA,NA,NA,NA,NA,NA,NA,NA,NA,NA,NA,NA,NA,NA,NA,NA,NA,NA,NA,rescued,NA
NA,3/1/23,CP40,NA,NA,NA,NA,2023,3,NA,NA,NA,NA,NA,NA,NA,NA,NA,NA,NA,NA,NA,NA,NA,NA,NA,NA,NA,NA,NA,NA,NA,NA,NA,NA,NA,NA,rescued,NA
NA,3/1/23,BL60,NA,NA,NA,NA,2023,3,NA,NA,NA,NA,NA,NA,NA,NA,NA,NA,NA,NA,NA,NA,NA,NA,NA,NA,NA,NA,NA,NA,NA,NA,NA,NA,NA,NA,rescued,NA
NA,10/1/22,BL60,NA,NA,NA,NA,2022,10,NA,NA,NA,NA,NA,NA,NA,NA,NA,NA,NA,NA,NA,NA,NA,NA,NA,NA,NA,NA,NA,NA,NA,NA,NA,NA,NA,NA,rescued,NA
NA,10/1/22,BL60,NA,NA,NA,NA,2022,10,NA,NA,NA,NA,NA,NA,NA,NA,NA,NA,NA,NA,NA,NA,NA,NA,NA,NA,NA,NA,NA,NA,NA,NA,NA,NA,NA,NA,rescued,NA
NA,10/1/22,BL60,NA,NA,NA,NA,2022,10,NA,NA,NA,NA,NA,NA,NA,NA,NA,NA,NA,NA,NA,NA,NA,NA,NA,NA,NA,NA,NA,NA,NA,NA,NA,NA,NA,NA,rescued,NA
NA,10/1/22,BL60,NA,NA,NA,NA,2022,10,NA,NA,NA,NA,NA,NA,NA,NA,NA,NA,NA,NA,NA,NA,NA,NA,NA,NA,NA,NA,NA,NA,NA,NA,NA,NA,NA,NA,rescued,NA
NA,10/1/22,BL60,NA,NA,NA,NA,2022,10,NA,NA,NA,NA,NA,NA,NA,NA,NA,NA,NA,NA,NA,NA,NA,NA,NA,NA,NA,NA,NA,NA,NA,NA,NA,NA,NA,NA,rescued,NA
NA,10/1/22,BL60,NA,NA,NA,NA,2022,10,NA,NA,NA,NA,NA,NA,NA,NA,NA,NA,NA,NA,NA,NA,NA,NA,NA,NA,NA,NA,NA,NA,NA,NA,NA,NA,NA,NA,rescued,NA
NA,10/1/22,BL60,NA,NA,NA,NA,2022,10,NA,NA,NA,NA,NA,NA,NA,NA,NA,NA,NA,NA,NA,NA,NA,NA,NA,NA,NA,NA,NA,NA,NA,NA,NA,NA,NA,NA,rescued,NA
NA,10/1/22,BL60,NA,NA,NA,NA,2022,10,NA,NA,NA,NA,NA,NA,NA,NA,NA,NA,NA,NA,NA,NA,NA,NA,NA,NA,NA,NA,NA,NA,NA,NA,NA,NA,NA,NA,rescued,NA
NA,10/1/22,BL60,NA,NA,NA,NA,2022,10,NA,NA,NA,NA,NA,NA,NA,NA,NA,NA,NA,NA,NA,NA,NA,NA,NA,NA,NA,NA,NA,NA,NA,NA,NA,NA,NA,NA,rescued,NA
NA,10/1/22,BL60,NA,NA,NA,NA,2022,10,NA,NA,NA,NA,NA,NA,NA,NA,NA,NA,NA,NA,NA,NA,NA,NA,NA,NA,NA,NA,NA,NA,NA,NA,NA,NA,NA,NA,rescued,NA
NA,10/1/22,SRS5,NA,NA,NA,NA,2022,10,NA,NA,NA,NA,NA,NA,NA,NA,NA,NA,NA,NA,NA,NA,NA,NA,NA,NA,NA,NA,NA,NA,NA,NA,NA,NA,NA,NA,rescued,NA
NA,10/1/22,SRS5,NA,NA,NA,NA,2022,10,NA,NA,NA,NA,NA,NA,NA,NA,NA,NA,NA,NA,NA,NA,NA,NA,NA,NA,NA,NA,NA,NA,NA,NA,NA,NA,NA,NA,rescued,NA
NA,10/1/22,SRS5,NA,NA,NA,NA,2022,10,NA,NA,NA,NA,NA,NA,NA,NA,NA,NA,NA,NA,NA,NA,NA,NA,NA,NA,NA,NA,NA,NA,NA,NA,NA,NA,NA,NA,rescued,NA
NA,10/1/22,SRS5,NA,NA,NA,NA,2022,10,NA,NA,NA,NA,NA,NA,NA,NA,NA,NA,NA,NA,NA,NA,NA,NA,NA,NA,NA,NA,NA,NA,NA,NA,NA,NA,NA,NA,rescued,NA
NA,10/1/22,SRS5,NA,NA,NA,NA,2022,10,NA,NA,NA,NA,NA,NA,NA,NA,NA,NA,NA,NA,NA,NA,NA,NA,NA,NA,NA,NA,NA,NA,NA,NA,NA,NA,NA,NA,rescued,NA
NA,10/1/22,SRS5,NA,NA,NA,NA,2022,10,NA,NA,NA,NA,NA,NA,NA,NA,NA,NA,NA,NA,NA,NA,NA,NA,NA,NA,NA,NA,NA,NA,NA,NA,NA,NA,NA,NA,rescued,NA
NA,10/1/22,SRS6,NA,NA,NA,NA,2022,10,NA,NA,NA,NA,NA,NA,NA,NA,NA,NA,NA,NA,NA,NA,NA,NA,NA,NA,NA,NA,NA,NA,NA,NA,NA,NA,NA,NA,rescued,NA
