flux_id,date,plot,measurement_type,component,surface_type,analyzer_source,data_source,start_time,end_time,year,month,season,air_temp,soil_temp,water_temp,water_depth,pressure_start,rh_start,chamber_volume_cm3,surface_area_cm2,total_system_volume_cm3,CH4_best.flux,CH4_model,CH4_quality.check,CH4_flux_status,CH4_below_MDF,CH4_flagged,CH4_SNR,CH4_LM.flux,CH4_LM.r2,CH4_LM.p.val,CH4_HM.flux,CH4_HM.r2,CO2_best.flux,CO2_model,CO2_quality.check,CO2_flux_status,CO2_below_MDF,CO2_flagged,CO2_SNR,CO2_LM.flux,CO2_LM.r2,CO2_LM.p.val,CO2_HM.flux,CO2_HM.r2,CH4_ebull_flux,CH4_diffusive_flux,CH4_ebullitive_fraction,CH4_n_ebull_events,ebullition_reprocessed,flux_status,disturbance_level,notes
44638_MI_Soil_1,2022-03-18,MI,surface,soil,soil,Picarro,rebuild fit (stage 03),13:30:00,13:44:00,2022,3,dry,28.637166665,26.5,NA,NA,NA,NA,1130.4,182.4,1471.4,3.8393321633821,HM,NA,valid,FALSE,FALSE,207.17968304440583,3.32151788415549,0.998214460508021,7.895136531591749e-141,3.8393321633821,0.999827109282319,1.70590323852407,HM,SE,valid,FALSE,FALSE,185.9118423436628,1.49313657149471,0.998440367941437,1.3162477354129095e-146,1.70590323852407,0.999784870261655,0,NA,0,0,FALSE,valid,ghost,"system time 13:45:00, real time 15:50:00"
44638_MI_Soil_2,2022-03-18,MI,surface,soil,soil,Picarro,rebuild fit (stage 03),13:50:00,13:52:00,2022,3,dry,28.906277778333333,26.7,NA,NA,NA,NA,1130.4,182.4,1471.4,4.43640598553198,LM,SE | AICc | nb.obs,valid,FALSE,FALSE,208.4752871543967,4.43640598553198,0.999631988973514,2.19012270076317e-27,4.5020646581001,0.999636516486828,2.6397059960414,LM,SE | nb.obs,valid,FALSE,FALSE,216.03362969487213,2.6397059960414,0.999635869376029,3.73758354835035e-29,2.76366470139924,0.999799348013751,0,NA,0,0,FALSE,valid,ghost,red
44638_MI_Soil_3,2022-03-18,MI,surface,soil,soil,Picarro,rebuild fit (stage 03),13:54:00,13:56:00,2022,3,dry,28.945700001,27,NA,NA,NA,NA,1130.4,182.4,1471.4,2.92354921267717,LM,SE,valid,FALSE,FALSE,105.95001875654772,2.92354921267717,0.997511643724405,6.52109428780777e-37,3.41288163698026,0.999392320656401,2.12767725294549,LM,SE,valid,FALSE,FALSE,115.81244383299628,2.12767725294549,0.997916592869927,5.92751638829089e-38,2.49083291141998,0.999861068021178,0,NA,0,0,FALSE,valid,ghost,red
44638_MI_Soil_4,2022-03-18,MI,surface,soil,soil,Picarro,rebuild fit (stage 03),14:00:00,14:02:00,2022,3,dry,29.004833335,27,NA,NA,NA,NA,1130.4,182.4,1471.4,3.76366927026811,LM,RMSE | MAE | SE | AICc,valid,FALSE,TRUE,122.11373188946494,3.76366927026811,0.996791178862282,1.77209380481583e-60,3.78714420895688,0.996619688615634,1.73034636125158,HM,SE,valid,FALSE,FALSE,102.02349556958228,1.53228056663572,0.998609490954084,5.171068853802358e-69,1.73034636125158,0.999687977158151,0,NA,0,0,FALSE,valid,ghost,red
44638_MI_Soil_5,2022-03-18,MI,surface,soil,soil,Picarro,rebuild fit (stage 03),14:12:00,14:14:00,2022,3,dry,29.123100003,26.6,NA,NA,NA,NA,1130.4,182.4,1471.4,1.70001064455985,LM,SE | AICc | nb.obs,valid,FALSE,FALSE,65.4649730115389,1.70001064455985,0.995816544442336,7.13099300380322e-22,1.71452010885045,0.995688125010958,1.69786836411599,LM,RMSE | MAE | SE | AICc,valid,FALSE,FALSE,279.97865564893556,1.69786836411599,0.999757671778951,3.2856854760598193e-34,1.72025106990513,0.999715224572447,0,NA,0,0,FALSE,valid,ghost,red
44638_MI_Soil_6,2022-03-18,MI,surface,soil,soil,Picarro,rebuild fit (stage 03),14:16:00,14:18:30,2022,3,dry,29.149488891999997,27.6,NA,NA,NA,NA,1130.4,182.4,1471.4,1.81836041655424,LM,SE | AICc | nb.obs,valid,FALSE,FALSE,94.6458125858606,1.81836041655424,0.998216839122404,3.0247925418975197e-22,1.85095363027721,0.998241243109457,2.58553285038006,LM,SE | nb.obs,valid,FALSE,FALSE,149.2566307408254,2.58553285038006,0.999237447364168,1.38281567512465e-26,2.78536393727001,0.999686099869506,0,NA,0,0,FALSE,valid,ghost,white
44638_MI_Soil_7,2022-03-18,MI,surface,soil,soil,Picarro,rebuild fit (stage 03),14:23:00,14:25:00,2022,3,dry,29.127244446,27.5,NA,NA,NA,NA,1130.4,182.4,1471.4,1.38294483082575,HM,NA,valid,FALSE,FALSE,36.03400637718492,1.2523732226865,0.997673027878174,1.24927215396337e-38,1.38294483082575,0.998443939950272,4.13535126108576,HM,NA,valid,FALSE,FALSE,166.04110356722873,3.21358800148715,0.994816652839622,9.26158994248902e-34,4.13535126108576,0.999921117251554,0,NA,0,0,FALSE,valid,ghost,white
44638_MI_Soil_8,2022-03-18,MI,surface,soil,soil,Picarro,rebuild fit (stage 03),14:34:00,14:36:00,2022,3,dry,29.092288888,27.6,NA,NA,NA,NA,1130.4,182.4,1471.4,0.800406696404251,LM,SE | nb.obs,valid,FALSE,FALSE,23.952961173260007,0.800406696404251,0.971173943351992,5.8351377697978206e-14,1.21199372445523,0.984070314183682,2.46089070912191,LM,SE | nb.obs,valid,FALSE,TRUE,44.23968991011429,2.46089070912191,0.991887025568138,2.6107134999566902e-17,3.2614650111353,0.998239191631991,0,NA,0,0,FALSE,valid,ghost,white
44638_MI_Soil_9,2022-03-18,MI,surface,soil,soil,Picarro,rebuild fit (stage 03),14:39:00,14:41:00,2022,3,dry,29.076399998,28.1,NA,NA,NA,NA,1130.4,182.4,1471.4,1.4830742601553,LM,SE | AICc | nb.obs,valid,FALSE,FALSE,26.508012305698504,1.4830742601553,0.987335975237995,4.410622947979e-9,1.48893432368679,0.987127302219354,3.56960273505548,LM,RMSE | MAE | SE | AICc | nb.obs,valid,FALSE,TRUE,46.467007937464814,3.56960273505548,0.996306866678781,5.58970916734788e-10,3.58537441611043,0.996116472900823,0,NA,0,0,FALSE,valid,ghost,white
44638_MI_Soil_10,2022-03-18,MI,surface,soil,soil,Picarro,rebuild fit (stage 03),14:44:00,14:46:00,2022,3,dry,29.060511108,27.6,NA,NA,NA,NA,1130.4,182.4,1471.4,1.48834298332967,LM,SE | AICc | nb.obs,valid,FALSE,FALSE,31.19762796468804,1.48834298332967,0.987808492549632,4.3544072014189195e-12,1.49815284912182,0.987668788542493,2.43880541385253,LM,SE | nb.obs,valid,FALSE,FALSE,84.34266305066082,2.43880541385253,0.997895529283821,2.3646045099921998e-20,2.72109770878148,0.998906944279376,0,NA,0,0,FALSE,valid,ghost,white
44639_RB10_Soil_11,2022-03-19,RB10,surface,soil,soil,LGR3,rebuild fit (stage 03),11:42:00,11:44:00,2022,3,dry,27.769766667,24.5,NA,NA,NA,NA,1680,182.4,2014,1.99302293785602,LM,SE | AICc | Intercept,valid,FALSE,TRUE,8.294428003581427,1.99302293785602,0.746689179926797,3.22299496411039e-8,1.99323286463928,0.746423160987345,1.13118788118351,LM,NA,valid,FALSE,FALSE,156.82420151977627,1.13118788118351,0.999065642005037,4.889482363522059e-35,1.23044488399305,0.999600817869444,0,NA,0,0,FALSE,valid,healthy,bare soil
44639_RB10_Soil_12,2022-03-19,RB10,surface,soil,soil,LGR3,rebuild fit (stage 03),11:52:30,11:54:30,2022,3,dry,27.99275,24.4,NA,NA,NA,NA,1680,182.4,2014,0.0517279863176109,LM,AICc | p-value | Intercept | nb.obs,valid,TRUE,FALSE,1.3928110204907784,0.0517279863176109,0.0589665923276192,0.185401511268891,0.0517378777504398,0.058927592349676,0.968283148342895,LM,nb.obs,valid,FALSE,FALSE,65.10533270846668,0.968283148342895,0.996472833354413,8.79008449955299e-19,1.13099986019209,0.998489052579983,0,NA,0,0,FALSE,valid,healthy,bare soil
44639_RB10_Soil_13,2022-03-19,RB10,surface,soil,soil,LGR3,rebuild fit (stage 03),11:56:00,11:58:00,2022,3,dry,28.0589,24.4,NA,NA,NA,NA,1680,182.4,2014,0.102619821302352,LM,SE | g-fact. > 2 | Intercept | nb.obs,valid,FALSE,FALSE,3.3448464542887044,0.102619821302352,0.361430326278462,0.00383953324737167,0.58724344024822706,0.496238116012601,1.08315720321575,LM,nb.obs,valid,FALSE,FALSE,78.9102486950483,1.08315720321575,0.997117152605276,3.00847096005111e-23,1.28055064118647,0.999384755790872,0,NA,0,0,FALSE,valid,healthy,n=2
44639_RB10_Soil_14,2022-03-19,RB10,surface,soil,soil,LGR3,rebuild fit (stage 03),12:00:30,12:02:30,2022,3,dry,28.14395,24.2,NA,NA,NA,NA,1680,182.4,2014,1.24219775296871,LM,NA,valid,FALSE,FALSE,66.45380395173503,1.24219775296871,0.9952661206157,6.125892627218549e-25,1.38864387235684,0.996220175160384,1.00312315075177,LM,NA,valid,FALSE,FALSE,78.5232249159056,1.00312315075177,0.99660518094693,2.20247585184758e-26,1.18260351100195,0.998793804420813,0,NA,0,0,FALSE,valid,healthy,n=2
44639_RB10_Soil_15,2022-03-19,RB10,surface,soil,soil,LGR3,rebuild fit (stage 03),12:10:00,12:13:00,2022,3,dry,28.3235,24.3,NA,NA,NA,NA,1680,182.4,2014,2.93628510841931,LM,NA,valid,FALSE,FALSE,75.79769675900961,2.93628510841931,0.996703272364912,5.2517499259682104e-24,3.44607472164352,0.998691824721354,1.1460632146794,LM,NA,valid,FALSE,FALSE,90.41424012295576,1.1460632146794,0.99768087206703,2.21461043314203e-25,1.34474596994889,0.999720892423002,0,NA,0,0,FALSE,valid,healthy,n=3
44639_RB10_Soil_16,2022-03-19,RB10,surface,soil,soil,LGR3,rebuild fit (stage 03),12:32:51,12:36:10,2022,3,dry,28.84064833135,24.7,NA,NA,NA,NA,1680,182.4,2014,0.676480762106622,LM,AICc,valid,FALSE,TRUE,26.3213556177441,0.676480762106622,0.971902761203564,2.05513225487409e-16,0.678428886799712,0.971673229475374,1.00115800760857,LM,NA,valid,FALSE,FALSE,180.29435228689175,1.00115800760857,0.999385089365317,3.45982855132472e-32,1.0608336307327,0.999647144669584,0,NA,0,0,FALSE,valid,healthy,bare soil
44639_RB10_Soil_17,2022-03-19,RB10,surface,soil,soil,LGR3,rebuild fit (stage 03),12:35:00,12:42:20,2022,3,dry,28.891555553333333,24.2,NA,NA,NA,NA,1680,182.4,2014,2.02807705660503,LM,NA,valid,FALSE,FALSE,113.59073853840862,2.02807705660503,0.997988838870543,1.90189495884508e-35,2.32311092625196,0.999414681352264,1.12143952502207,LM,RMSE | MAE | AICc,valid,FALSE,TRUE,229.1394655546315,1.12143952502207,0.999505043720355,4.6547109873639785e-43,1.13199454067808,0.999406561237023,0,NA,0,0,FALSE,valid,healthy,"bare soil, pnew n=2"
44639_RB10_Soil_18,2022-03-19,RB10,surface,soil,soil,LGR3,rebuild fit (stage 03),12:44:38,12:48:03,2022,3,dry,29.11965147818889,24.2,NA,NA,NA,NA,1680,182.4,2014,0.118751954658578,LM,g-fact. > 2 | Intercept (HM),valid,FALSE,FALSE,7.328637747851904,0.118751954658578,0.724930618921334,6.00676178338494e-7,0.323304823508647,0.795253797720629,1.1910148138528,LM,NA,valid,FALSE,FALSE,199.48530224598915,1.1910148138528,0.999497656364579,5.06790084673188e-33,1.26093219040586,0.999746849065045,0,NA,0,0,FALSE,valid,healthy,Bare soil
44639_RB10_Soil_19,2022-03-19,RB10,surface,soil,soil,LGR3,rebuild fit (stage 03),12:50:02,12:53:00,2022,3,dry,29.158309626855555,24.3,NA,NA,NA,NA,1680,182.4,2014,0.101034547359086,LM,SE | g-fact. > 2 | Intercept (LM) | nb.obs,valid,FALSE,FALSE,2.1956373111015695,0.101034547359086,0.175099880597275,0.0422858889349538,0.838242152126047,0.607195558352772,1.02653496628929,LM,nb.obs,valid,FALSE,FALSE,202.2950859663223,1.02653496628929,0.999560335471677,3.43514408997967e-30,1.0784740376977,0.999752207565194,0,NA,0,0,FALSE,valid,healthy,Bare soil
44639_RB10_Soil_20,2022-03-19,RB10,surface,soil,soil,LGR3,rebuild fit (stage 03),12:54:35,12:57:00,2022,3,dry,29.18540740513889,24.2,NA,NA,NA,NA,1680,182.4,2014,1.2619931108855,LM,nb.obs,valid,FALSE,FALSE,36.42239069650062,1.2619931108855,0.988073858317561,4.70271795673876e-16,1.62150186371774,0.993531589233296,2.04589424278084,LM,nb.obs,valid,FALSE,FALSE,121.90301599248284,2.04589424278084,0.998924394791142,6.82395440487038e-24,2.26239692143874,0.999738674585553,0,NA,0,0,FALSE,valid,healthy,"bare soil, pnew=N=2"
Mar_22_T1_9_FLM30_stem,2022-03-21,FLM30,tree,stem,NA,LGR3,rebuild fit (stage 03),10:34:30,10:38:34,2022,3,dry,23.237349999,NA,NA,NA,NA,NA,1106.6016666666667,213.35,1440.6016666666667,63.0303569936923,HM,SE,valid,FALSE,TRUE,45.490882224063235,42.5215854725084,0.986885408112248,4.60835294499121e-29,63.0303569936923,0.998873602614448,0.234012566576987,HM,AICc,valid,FALSE,FALSE,18.70858003945706,0.21814675776399,0.993991207684711,5.58609260605484e-34,0.234012566576987,0.994347076544795,0,NA,0,0,FALSE,valid,ghost,NA
Mar_22_T1_10_FLM30_stem,2022-03-21,FLM30,tree,stem,NA,LGR3,rebuild fit (stage 03),10:41:30,10:45:30,2022,3,dry,23.504672219666663,NA,NA,NA,NA,NA,1106.6016666666667,213.35,1440.6016666666667,22.3520633094807,HM,NA,valid,FALSE,TRUE,168.01407996672648,15.7068203634179,0.990290991129936,5.197508249520439e-35,22.3520633094807,0.999908386216025,0.465036942287504,HM,NA,valid,FALSE,FALSE,93.68731475432467,0.382440246365027,0.996841760586684,4.644545051302499e-43,0.465036942287504,0.999726947500088,0,NA,0,0,FALSE,valid,ghost,NA
Mar_22_T1_11_FLM30_stem,2022-03-21,FLM30,tree,stem,NA,LGR3,rebuild fit (stage 03),10:49:32,10:54:30,2022,3,dry,23.745823701377777,NA,NA,NA,NA,NA,1106.6016666666667,213.35,1440.6016666666667,0.772796991336268,HM,NA,valid,FALSE,FALSE,20.316181374445737,0.425893231696234,0.965873535202018,3.2297699732386e-28,0.772796991336268,0.992478045655933,0.369262935893089,HM,NA,valid,FALSE,FALSE,29.30661418059697,0.28394070789213,0.991910638472425,1.78102044905254e-39,0.369262935893089,0.996875666047885,0,NA,0,0,FALSE,valid,ghost,NA
Mar_22_T1_12_FLM30_stem,2022-03-21,FLM30,tree,stem,NA,LGR3,rebuild fit (stage 03),11:18:00,11:22:00,2022,3,dry,24.41066667,24.9,NA,NA,NA,NA,1106.6016666666667,213.35,1440.6016666666667,1.03411353546749,HM,NA,valid,FALSE,FALSE,27.765535521546013,0.690196344631263,0.983082018962005,1.7254479745545398e-35,1.03411353546749,0.996087690220389,1.69357378931416,HM,Intercept (LM),valid,FALSE,TRUE,55.55032803951213,0.960903523676183,0.974414713445596,4.48613547828062e-32,1.69357378931416,0.998947414893127,0,NA,0,0,FALSE,valid,ghost,NA
Mar_22_T1_13_FLM30_stem,2022-03-21,FLM30,tree,stem,NA,LGR3,rebuild fit (stage 03),11:40:00,11:44:00,2022,3,dry,24.858000003333338,NA,NA,NA,NA,NA,1106.6016666666667,213.35,1440.6016666666667,0.354874744837201,HM,AICc,valid,FALSE,TRUE,5.0517565770176756,0.3543701639514,0.932440154785146,3.89411339471653e-18,0.354874744837201,0.932179873639869,0.518815752333795,HM,AICc,valid,FALSE,FALSE,12.251887024403244,0.476258139137844,0.986763939627668,4.6596446274577e-28,0.518815752333795,0.987236622829831,0,NA,0,0,FALSE,valid,ghost,NA
Mar_22_T1_14_FLM30_stem,2022-03-21,FLM30,tree,stem,NA,LGR3,rebuild fit (stage 03),11:53:00,11:58:00,2022,3,dry,25.148733336666663,NA,NA,NA,NA,NA,1106.6016666666667,213.35,1440.6016666666667,0.123085449524646,LM,g-fact. > 2 | Intercept (LM),valid,FALSE,FALSE,23.24845631910905,0.123085449524646,0.916736180941999,8.97017303520582e-28,0.291327488360445,0.976963275038363,0.399419078140115,LM,g-fact. > 2 | Intercept (LM),valid,FALSE,FALSE,32.14872791868926,0.399419078140115,0.954694276404644,3.9927330443794e-34,0.81567084895703,0.996228596731234,0,NA,0,0,FALSE,valid,ghost,NA
Mar_22_T1_15_FLM30_stem,2022-03-21,FLM30,tree,stem,NA,LGR3,rebuild fit (stage 03),12:19:00,12:23:00,2022,3,dry,25.773600003333332,25.2,NA,NA,NA,NA,460.99555555555554,107.68,794.9955555555555,2.30911762384312,LM,SE | g-fact. > 2 | Intercept (LM),valid,FALSE,TRUE,29.326853139910252,2.30911762384312,0.954447694867027,1.15695782965134e-28,4.67789917789795,0.994916152030773,0.315808730927312,HM,Intercept (LM),valid,FALSE,FALSE,24.88205363500545,0.169767463711417,0.962899289011917,1.90099698668422e-30,0.315808730927312,0.994395471407326,0,NA,0,0,FALSE,valid,ghost,NA
Mar_22_T1_16_FLM30_stem,2022-03-21,FLM30,tree,stem,NA,LGR3,rebuild fit (stage 03),12:37:00,12:47:00,2022,3,dry,26.245800003333333,NA,NA,NA,NA,NA,460.99555555555554,107.68,794.9955555555555,0.378211159775224,HM,AICc | Intercept,valid,FALSE,TRUE,4.895101410334617,0.378083628343001,0.871052815676749,2.39453127967568e-26,0.378211159775224,0.870777150292398,0.263689010366214,LM,RMSE | MAE | AICc | Intercept,valid,FALSE,TRUE,24.853778422108046,0.263689010366214,0.916754668909727,1.38781171759489e-31,0.263928733300194,0.916477977813251,0,NA,0,0,FALSE,valid,ghost,NA
Mar_22_T1_17_FLM30_stem,2022-03-21,FLM30,tree,stem,NA,LGR3,rebuild fit (stage 03),12:57:00,13:07:00,2022,3,dry,26.673133334,NA,NA,NA,NA,NA,460.99555555555554,107.68,794.9955555555555,-0.0583349650065539,LM,AICc | Intercept,valid,FALSE,TRUE,5.9158832610849315,-0.0583349650065539,0.548370103570847,2.64140531772901e-6,-0.0583960023804713,0.548129231615678,-0.0327919320300434,LM,SE | AICc | p-value | Intercept,valid,FALSE,TRUE,0.782431892547572,-0.0327919320300434,-0.0140445336819199,0.440769453646277,-0.0325654192711184,-0.0142826403702656,0,NA,0,0,FALSE,valid,ghost,NA
Mar_22_T1_18_FLM30_stem,2022-03-21,FLM30,tree,stem,NA,LGR3,rebuild fit (stage 03),13:23:00,13:30:00,2022,3,dry,27.042444442,25.6,NA,NA,NA,NA,460.99555555555554,107.68,794.9955555555555,10.8615528972189,HM,SE,valid,FALSE,TRUE,20.276854327960425,6.10698028649537,0.965371528318017,1.61567767684032e-32,10.8615528972189,0.991345493647044,2.58111587343689,HM,SE,valid,FALSE,TRUE,21.13881445474472,1.58697955337346,0.97379729707977,4.610701971550979e-35,2.58111587343689,0.99232707556146,0,NA,0,0,FALSE,valid,ghost,NA
Mar_22_T1_19_FLM30_stem,2022-03-21,FLM30,tree,stem,NA,LGR3,rebuild fit (stage 03),13:39:00,13:44:00,2022,3,dry,27.128666666,NA,NA,NA,NA,NA,460.99555555555554,107.68,794.9955555555555,1.32617442197173,HM,NA,valid,FALSE,FALSE,57.23925347885718,0.963690780120973,0.991309165737433,1.28733814550936e-30,1.32617442197173,0.999334885673788,0.613780909358925,HM,NA,valid,FALSE,FALSE,63.906901321906545,0.518663929608475,0.9973209100975,8.98403884651167e-38,0.613780909358925,0.99950456856874,0,NA,0,0,FALSE,valid,ghost,NA
Mar_22_T1_20_FLM30_stem,2022-03-21,FLM30,tree,stem,NA,LGR3,rebuild fit (stage 03),13:48:30,13:53:00,2022,3,dry,27.1547,NA,NA,NA,NA,NA,460.99555555555554,107.68,794.9955555555555,0.174061544925609,LM,g-fact. > 2 | Intercept,valid,FALSE,FALSE,10.219756599403842,0.174061544925609,0.696854221856239,3.40258625556898e-13,0.830433513319079,0.912495201648873,0.705089580799221,HM,NA,valid,FALSE,FALSE,68.7313261906711,0.484165422269874,0.988785202632457,9.1354742172663e-45,0.705089580799221,0.999272690740702,0,NA,0,0,FALSE,valid,ghost,NA
Mar_22_T1_21_FLM30_stem,2022-03-21,FLM30,tree,stem,NA,LGR3,rebuild fit (stage 03),14:03:00,14:12:00,2022,3,dry,27.1286,25.8,NA,NA,NA,NA,460.99555555555554,107.68,794.9955555555555,5.01996183720684,HM,SE | Intercept (LM),valid,FALSE,TRUE,12.323233274251995,2.97818983677523,0.957400640737388,2.1802477246952e-33,5.01996183720684,0.975394723443564,0.22986163048456,LM,g-fact. > 2 | Intercept (LM),valid,FALSE,FALSE,20.082968413840373,0.22986163048456,0.895398778237594,2.11423079269514e-24,0.730803047932091,0.992744594544852,0,NA,0,0,FALSE,valid,ghost,NA
Mar_22_T1_22_FLM30_stem,2022-03-21,FLM30,tree,stem,NA,LGR3,rebuild fit (stage 03),14:25:00,14:35:00,2022,3,dry,27.16288889,25.8,NA,NA,NA,NA,460.99555555555554,107.68,794.9955555555555,-0.0183298784628225,HM,AICc | p-value | Intercept,valid,TRUE,FALSE,0.21325060298696555,-0.0183378819895948,-0.00762841730729069,0.404100349107056,-0.0183298784628225,-0.00763540381295713,0.24060778846237801,LM,g-fact. > 2 | Intercept (LM),valid,FALSE,FALSE,20.852656603177433,0.24060778846237801,0.919463070278789,4.7680351367421e-22,0.61963016788924,0.984319709681716,0,NA,0,0,FALSE,valid,ghost,NA
Mar_22_T1_23_FLM30_stem,2022-03-21,FLM30,tree,stem,NA,LGR3,rebuild fit (stage 03),14:39:00,14:49:00,2022,3,dry,27.241133335999997,25.8,NA,NA,NA,NA,460.99555555555554,107.68,794.9955555555555,0.128929992493527,LM,SE | g-fact. > 2 | Intercept (LM),valid,FALSE,FALSE,6.4426173258037736,0.128929992493527,0.509479155299459,1.40939813235168e-7,1.44869455041154,0.864938404244131,0.141431158425092,LM,SE | g-fact. > 2 | Intercept (LM),valid,FALSE,FALSE,11.272973290352247,0.141431158425092,0.763750832585725,1.10282109869723e-13,0.768182559482852,0.961535155944062,0,NA,0,0,FALSE,valid,ghost,NA
Mar_22_T1_24_SRS6_stem,2022-03-22,SRS6,tree,stem,NA,LGR3,rebuild fit (stage 03),13:58:00,14:01:51,2022,3,dry,27.61376667,NA,NA,NA,NA,NA,460.99555555555554,107.68,794.9955555555555,0.349563437387009,LM,Intercept (LM),valid,FALSE,FALSE,31.01677487801381,0.349563437387009,0.972673186469347,4.55231647238682e-22,0.590004402996693,0.994788543213976,0.2595866477647,LM,Intercept (LM),valid,FALSE,FALSE,30.98134806721235,0.2595866477647,0.972612304116315,4.68607366242689e-22,0.457037969097675,0.998212347990961,0,NA,0,0,FALSE,valid,healthy,NA
Mar_22_T1_25_SRS6_stem,2022-03-22,SRS6,tree,stem,NA,LGR3,rebuild fit (stage 03),14:05:00,14:08:00,2022,3,dry,27.66066667,23.2,NA,NA,NA,NA,460.99555555555554,107.68,794.9955555555555,4.16793405994279,LM,SE,valid,FALSE,TRUE,44.85612037133936,4.16793405994279,0.988692628182837,4.00479877413025e-23,5.68948265707856,0.996279958991376,1.04805073515047,LM,NA,valid,FALSE,TRUE,40.37907615627373,1.04805073515047,0.986081438062957,3.94133279658858e-22,1.5210397966169,0.997039789976892,0,NA,0,0,FALSE,valid,healthy,NA
Mar_22_T1_26_SRS6_stem,2022-03-22,SRS6,tree,stem,NA,LGR3,rebuild fit (stage 03),14:17:30,14:22:00,2022,3,dry,27.720500003333335,NA,NA,NA,NA,NA,460.99555555555554,107.68,794.9955555555555,0.0547151292780844,HM,AICc | Intercept,valid,FALSE,FALSE,3.802543883855336,0.0354643358222476,0.806680042144894,4.49017696114707e-16,0.0547151292780844,0.816892529134321,0.60995696503062,HM,NA,valid,FALSE,FALSE,34.437414241553896,0.341069134577745,0.969725401468613,3.24700315335842e-32,0.60995696503062,0.997113083632521,0,NA,0,0,FALSE,valid,healthy,NA
Mar_22_T1_28_SRS6_stem,2022-03-22,SRS6,tree,stem,NA,LGR3,rebuild fit (stage 03),14:53:00,14:57:00,2022,3,dry,27.595000003333332,NA,NA,NA,NA,NA,460.99555555555554,107.68,794.9955555555555,0.34151897955571,HM,NA,valid,FALSE,FALSE,19.9257835481369,0.234584217808515,0.981620486841405,1.11547718130678e-35,0.34151897955571,0.992341868758689,3.6752807836096,HM,SE,valid,FALSE,TRUE,48.09175599440174,2.4052079743857,0.984696976376593,3.12949691146951e-37,3.6752807836096,0.998647789050933,0,NA,0,0,FALSE,valid,healthy,NA
Mar_22_T1_29_SRS6_stem,2022-03-22,SRS6,tree,stem,NA,LGR3,rebuild fit (stage 03),15:02:00,15:06:00,2022,3,dry,27.54250000333333,NA,NA,NA,NA,NA,460.99555555555554,107.68,794.9955555555555,0.11061519192389,LM,g-fact. > 2 | Intercept (LM),valid,FALSE,FALSE,13.883648249045818,0.11061519192389,0.872585801844027,8.23848864233788e-14,0.295304773177399,0.960211465545217,0.487249551466925,LM,g-fact. > 2 | Intercept (LM),valid,FALSE,FALSE,21.108316494927944,0.487249551466925,0.940748404998413,2.5842710047733893e-18,1.10085038730163,0.997412658443992,0,NA,0,0,FALSE,valid,healthy,NA
Mar_22_T1_30_SRS6_stem,2022-03-22,SRS6,tree,stem,NA,LGR3,rebuild fit (stage 03),15:09:00,15:13:00,2022,3,dry,27.50166667,23.2,NA,NA,NA,NA,460.99555555555554,107.68,794.9955555555555,0.620850175175343,HM,Intercept (LM),valid,FALSE,FALSE,47.79635942273694,0.363887645412862,0.976527711419034,2.40430553042863e-39,0.620850175175343,0.998318971518401,0.944737602618938,HM,NA,valid,FALSE,FALSE,104.91785525834878,0.663249261685721,0.990168678607653,4.84691789909212e-48,0.944737602618938,0.999677494194813,0,NA,0,0,FALSE,valid,healthy,NA
Mar_22_T1_31_SRS6_root,2022-03-22,SRS6,tree,root,NA,LGR3,rebuild fit (stage 03),15:20:00,15:24:00,2022,3,dry,27.524555558333333,NA,NA,NA,NA,NA,460.99555555555554,107.68,794.9955555555555,0.478785106258294,HM,Intercept (LM),valid,FALSE,FALSE,15.159355510183778,0.27263453946517,0.962537768163972,9.97456437443259e-22,0.478785106258294,0.989514654183565,2.12418312205463,HM,NA,valid,FALSE,TRUE,157.27024076107836,1.45157697018045,0.988423467919519,7.13675391962802e-29,2.12418312205463,0.999909278627172,0,NA,0,0,FALSE,valid,healthy,NA
Mar_22_T1_32_SRS6_stem,2022-03-22,SRS6,tree,stem,NA,Picarro,rebuild fit (stage 03),11:46:00,11:56:00,2022,3,dry,26.363833333333332,23.5,NA,NA,NA,NA,460.99555555555554,107.68,801.9955555555555,0.194361271487872,HM,NA,valid,FALSE,FALSE,12.682986690891376,0.144043007901909,0.954293832368203,6.527526463484499e-55,0.194361271487872,0.961379379571549,2.20134545356186,HM,SE,valid,FALSE,FALSE,73.6372964383808,1.80974348508498,0.996195707393221,6.191660463036908e-134,2.20134545356186,0.998669300911896,0,NA,0,0,FALSE,valid,healthy,NA
Mar_22_T1_33_SRS6_stem,2022-03-22,SRS6,tree,stem,NA,Picarro,rebuild fit (stage 03),12:00:00,12:07:00,2022,3,dry,26.7535,NA,NA,NA,NA,NA,1106.6016666666667,213.35,1447.601666666667,0.300014169639139,HM,NA,valid,FALSE,FALSE,17.983093334686508,0.265756593635961,0.983339385183548,3.1352770393228e-72,0.300014169639139,0.984338257465811,3.23916732371111,HM,SE | Intercept,valid,FALSE,FALSE,31.88193312782277,3.07325760146569,0.993992438652048,7.301711737630719e-101,3.23916732371111,0.99419252862401,0,NA,0,0,FALSE,valid,healthy,NA
Mar_22_T1_34_SRS6_stem,2022-03-22,SRS6,tree,stem,NA,Picarro,rebuild fit (stage 03),12:10:00,12:18:00,2022,3,dry,27.03183333333333,23.5,NA,NA,NA,NA,1106.6016666666667,213.35,1447.601666666667,0.176420309459734,HM,Intercept,valid,FALSE,FALSE,6.285537347512532,0.118831992123913,0.860124448215463,4.01804372942793e-33,0.176420309459734,0.870305309282783,5.52714252961274,HM,SE,valid,FALSE,FALSE,242.32258745177964,4.84884177186768,0.998696909347778,2.12194258808395e-130,5.52714252961274,0.999897797537206,0,NA,0,0,FALSE,valid,healthy,NA
Mar_22_T1_35_SRS6_stem,2022-03-22,SRS6,tree,stem,NA,Picarro,rebuild fit (stage 03),12:35:00,12:40:00,2022,3,dry,27.482333333333333,23.8,NA,NA,NA,NA,1106.6016666666667,213.35,1447.601666666667,0.828894928496843,HM,NA,valid,FALSE,FALSE,34.9638524212269,0.722854739139588,0.994513297405842,1.7343303677414198e-84,0.828894928496843,0.99587638727088,5.69347321208979,HM,SE | AICc,valid,FALSE,TRUE,237.13619918960484,5.6930551343511,0.998909304519372,2.18279990132189e-129,5.69347321208979,0.998910508999885,0,NA,0,0,FALSE,valid,healthy,NA
Mar_22_T1_36_SRS6_stem,2022-03-22,SRS6,tree,stem,NA,Picarro,rebuild fit (stage 03),12:45:00,12:50:00,2022,3,dry,27.638,NA,NA,NA,NA,NA,1106.6016666666667,213.35,1447.601666666667,0.37776867345755,HM,NA,valid,FALSE,FALSE,15.441295556014124,0.339893693823617,0.980252545298462,4.73700828693865e-59,0.37776867345755,0.981019819845677,3.6613796974777,HM,SE,valid,FALSE,FALSE,128.29175463535393,3.37683775730837,0.999232014048036,6.72662243503423e-122,3.6613796974777,0.999689448749276,0,NA,0,0,FALSE,valid,healthy,NA
Mar_22_T1_37_SRS6_stem,2022-03-22,SRS6,tree,stem,NA,Picarro,rebuild fit (stage 03),12:55:00,13:00:00,2022,3,dry,27.557666666666663,NA,NA,NA,NA,NA,1106.6016666666667,213.35,1447.601666666667,0.12473630889225,HM,AICc,valid,FALSE,FALSE,6.3113830607818375,0.122524369410221,0.884047532286393,5.52083533176182e-38,0.12473630889225,0.884068408727481,3.98667873168748,HM,SE,valid,FALSE,FALSE,169.84025726763238,3.75615913463251,0.999567973638751,9.781051274356766e-152,3.98667873168748,0.999805348962214,0,NA,0,0,FALSE,valid,healthy,NA
Mar_22_T1_38_SRS6_stem,2022-03-22,SRS6,tree,stem,NA,Picarro,rebuild fit (stage 03),13:22:00,13:27:00,2022,3,dry,27.427255556333332,23.9,NA,NA,NA,NA,1106.6016666666667,213.35,1447.601666666667,0.502064668615332,HM,NA,valid,FALSE,FALSE,24.36234387977869,0.435422218621264,0.988474454340896,1.93474510054745e-82,0.502064668615332,0.990002048799535,3.37159171596354,HM,SE,valid,FALSE,FALSE,293.1243975004405,3.05242845473271,0.999195893409866,9.924619724724087e-140,3.37159171596354,0.999927086822138,0,NA,0,0,FALSE,valid,healthy,NA
Mar_22_T1_39_SRS6_stem,2022-03-22,SRS6,tree,stem,NA,Picarro,rebuild fit (stage 03),13:40:00,13:47:00,2022,3,dry,27.505055558333332,NA,NA,NA,NA,NA,1106.6016666666667,213.35,1447.601666666667,0.251226643468512,HM,NA,valid,FALSE,FALSE,14.057616079108994,0.215500060432398,0.976604128468154,1.72501508556226e-52,0.251226643468512,0.978191886870387,4.19659031241043,HM,SE | Intercept,valid,FALSE,FALSE,17.299825266166145,2.79105933144027,0.970853084565387,1.49845127819996e-59,4.19659031241043,0.98148415840809,0,NA,0,0,FALSE,valid,healthy,NA
Mar_22_T1_44_FLM30_stem,2022-03-23,FLM30,tree,stem,NA,LGR3,rebuild fit (stage 03),12:27:00,12:31:00,2022,3,dry,28.057866668,NA,NA,NA,NA,NA,460.99555555555554,107.68,794.9955555555555,-0.216437289091476,LM,MAE | SE | AICc | g-fact. > 2 | p-value | Intercept (HM),valid,FALSE,TRUE,1.47635831070783,-0.216437289091476,0.0390870943447681,0.151006693429292,-2.04476283520158,0.0678656310354172,-0.0297694179340722,LM,SE | AICc | g-fact. > 2 | p-value | Intercept,valid,FALSE,TRUE,0.6232645952750477,-0.0297694179340722,-0.0215418944076173,0.538154863862523,-0.117822997228685,-0.0145904424359355,0,NA,0,0,FALSE,valid,ghost,NA
Mar_22_T1_40_FLM30_stem,2022-03-23,FLM30,tree,stem,NA,LGR3,rebuild fit (stage 03),12:35:30,12:39:30,2022,3,dry,28.267438891166663,26.2,NA,NA,NA,NA,460.99555555555554,107.68,794.9955555555555,13.5763291004312,HM,SE,valid,FALSE,TRUE,37.095367217362096,12.5947886294344,0.997945012360551,3.86573553788446e-46,13.5763291004312,0.998363729730741,0.86611281132428,HM,NA,valid,FALSE,FALSE,36.61864519133991,0.747045354099579,0.996640392829035,1.2879536951726699e-42,0.86611281132428,0.998257432752157,0,NA,0,0,FALSE,valid,ghost,NA
Mar_22_T1_41_FLM30_stem,2022-03-23,FLM30,tree,stem,NA,LGR3,rebuild fit (stage 03),12:50:00,12:54:00,2022,3,dry,28.562444446666667,NA,NA,NA,NA,NA,460.99555555555554,107.68,794.9955555555555,1.95686940197422,LM,RMSE | SE | AICc,valid,FALSE,TRUE,23.9201628842515,1.95686940197422,0.954862647506802,3.1269408904676195e-19,1.96772455514722,0.954694383815832,0.49308112726138,LM,NA,valid,FALSE,FALSE,39.309441453261776,0.49308112726138,0.982816034718105,1.08935595799296e-24,0.58726888235337,0.984923764697048,0,NA,0,0,FALSE,valid,ghost,NA
Mar_22_T1_42_FLM30_stem,2022-03-23,FLM30,tree,stem,NA,LGR3,rebuild fit (stage 03),13:02:30,13:06:30,2022,3,dry,28.714388888333332,NA,NA,NA,NA,NA,460.99555555555554,107.68,794.9955555555555,0.827918731248664,HM,NA,valid,FALSE,FALSE,17.59831530955162,0.677441229756094,0.988136517540736,1.88781285222543e-37,0.827918731248664,0.991418772353758,1.12555380479621,HM,NA,valid,FALSE,FALSE,43.83083813340882,0.813676724901668,0.990585606212806,2.61635024104749e-39,1.12555380479621,0.998521128921317,0,NA,0,0,FALSE,valid,ghost,NA
Mar_22_T1_43_FLM30_stem,2022-03-23,FLM30,tree,stem,NA,LGR3,rebuild fit (stage 03),13:20:00,13:24:00,2022,3,dry,28.949888886666667,25.6,NA,NA,NA,NA,460.99555555555554,107.68,794.9955555555555,4.29891586063364,LM,NA,valid,FALSE,TRUE,81.32240227912366,4.29891586063364,0.996233426388881,8.06585043135781e-31,4.9745235511363,0.997839848347245,0.413388054529963,LM,NA,valid,FALSE,FALSE,38.27695557327557,0.413388054529963,0.983211618771679,4.988012395325569e-23,0.647228072682631,0.998930484564646,0,NA,0,0,FALSE,valid,ghost,NA
Mar_22_T1_45_FLM30_stem,2022-03-23,FLM30,tree,stem,NA,LGR3,rebuild fit (stage 03),13:33:30,13:37:30,2022,3,dry,29.175488889666667,NA,NA,NA,NA,NA,460.99555555555554,107.68,794.9955555555555,0.55391127905865,LM,g-fact. > 2 | Intercept (LM),valid,FALSE,FALSE,13.436000548631672,0.55391127905865,0.886434418090937,4.40496765736987e-12,1.28610342584506,0.944625248711627,0.467012314064119,LM,SE | g-fact. > 2 | Intercept (LM),valid,FALSE,FALSE,12.739641730519512,0.467012314064119,0.875202461020746,1.24993157160455e-11,1.27684400547875,0.965946034305327,0,NA,0,0,FALSE,valid,ghost,NA
Mar_22_T1_46_FLM30_stem,2022-03-23,FLM30,tree,stem,NA,LGR3,rebuild fit (stage 03),13:52:00,13:56:00,2022,3,dry,29.423744446999997,25.8,NA,NA,NA,NA,460.99555555555554,107.68,794.9955555555555,8.50171998528446,HM,SE | Intercept (LM),valid,FALSE,TRUE,52.55700470912221,4.42200884107447,0.966171882170706,1.08086744657418e-35,8.50171998528446,0.99853950150242,0.369704519463054,LM,g-fact. > 2 | Intercept (LM),valid,FALSE,FALSE,23.79750319148856,0.369704519463054,0.923242904840788,1.68784629570562e-27,0.987466590622559,0.999032097467153,0,NA,0,0,FALSE,valid,ghost,NA
Mar_22_T1_47_FLM30_stem,2022-03-23,FLM30,tree,stem,NA,LGR3,rebuild fit (stage 03),14:01:00,14:08:00,2022,3,dry,29.495844446,NA,NA,NA,NA,NA,460.99555555555554,107.68,794.9955555555555,21.738972707352,LM,NA,valid,FALSE,TRUE,34.33655074327386,21.738972707352,0.976782723157486,8.16661251041488e-24,36.9139672528782,0.999768275301569,0.276924475188782,LM,NA,valid,FALSE,FALSE,44.46342148153511,0.276924475188782,0.986027912113349,8.566119756413969e-27,0.410221433205492,0.998355456962897,0,NA,0,0,FALSE,valid,ghost,NA
Mar_22_T1_48_FLM30_stem,2022-03-23,FLM30,tree,stem,NA,LGR3,rebuild fit (stage 03),14:11:30,14:15:30,2022,3,dry,29.5799611115,NA,NA,NA,NA,NA,460.99555555555554,107.68,794.9955555555555,0.406741977332977,LM,g-fact. > 2 | Intercept (LM),valid,FALSE,FALSE,21.627733265084736,0.406741977332977,0.92288813909981,5.837643626618969e-23,1.0416801872914,0.993242565367771,0.576003467469274,HM,NA,valid,FALSE,FALSE,99.07810183207712,0.357345067001311,0.981880566209901,6.35730488086638e-35,0.576003467469274,0.999681377578865,0,NA,0,0,FALSE,valid,ghost,NA
Mar_22_T1_49_FLM30_stem,2022-03-23,FLM30,tree,stem,NA,LGR3,rebuild fit (stage 03),14:36:00,14:40:00,2022,3,dry,29.5135,25.3,NA,NA,NA,NA,460.99555555555554,107.68,794.9955555555555,0.146725165550879,HM,AICc,valid,FALSE,FALSE,1.1720392792326015,0.0955702946614018,0.262046950015665,1.3972610236538e-4,0.146725165550879,0.264523736411198,2.37282503421407,HM,NA,valid,FALSE,TRUE,53.212386138556504,1.43790851798544,0.979106216397504,1.15565435366212e-39,2.37282503421407,0.998690424702891,0,NA,0,0,FALSE,valid,ghost,NA
Mar_22_T1_50_FLM30_stem,2022-03-23,FLM30,tree,stem,NA,LGR3,rebuild fit (stage 03),14:50:00,15:00:00,2022,3,dry,29.432555555,NA,NA,NA,NA,NA,460.99555555555554,107.68,794.9955555555555,0.33684734353163,LM,g-fact. > 2 | Intercept (LM),valid,FALSE,FALSE,20.06844069529473,0.33684734353163,0.866305047203379,1.4730016821730096e-28,0.706240089761203,0.911643224734598,1.53009019343496,LM,g-fact. > 2 | Intercept (LM),valid,FALSE,TRUE,27.783291038885327,1.53009019343496,0.925562289948463,2.4990097681940297e-36,4.05915834513876,0.999634077646225,0,NA,0,0,FALSE,valid,ghost,NA
Mar_22_T1_51_FLM30_stem,2022-03-23,FLM30,tree,stem,NA,LGR3,rebuild fit (stage 03),15:02:00,15:12:00,2022,3,dry,29.335488887,NA,NA,NA,NA,NA,460.99555555555554,107.68,794.9955555555555,0.568920227260458,HM,AICc,valid,FALSE,FALSE,10.686496817184713,0.56592264834807,0.975105324932389,5.96582338009273e-38,0.568920227260458,0.974988049733822,3.32303479446099,HM,NA,valid,FALSE,TRUE,88.7126804835131,2.01407515669878,0.980209595144828,3.4075706417834e-40,3.32303479446099,0.999528434031609,0,NA,0,0,FALSE,valid,ghost,NA
44643_FLM30_Soil_21,2022-03-23,FLM30,surface,soil,soil,LGR3,rebuild fit (stage 03),15:30:00,15:32:30,2022,3,dry,29.1475,27.6,NA,NA,NA,NA,1130.4,182.4,1464.4,4.85154188416304,LM,nb.obs,valid,FALSE,FALSE,91.25242119236738,4.85154188416304,0.998201655030501,7.867105242940781e-21,5.58045957969646,0.999819692782898,1.57747721493853,LM,nb.obs,valid,FALSE,FALSE,118.62351277445258,1.57747721493853,0.998935077702466,2.00816389075327e-22,1.75449052658039,0.999849936521344,0,NA,0,0,FALSE,valid,ghost,NA
44643_FLM30_Soil_22,2022-03-23,FLM30,surface,soil,soil,LGR3,rebuild fit (stage 03),15:35:55,15:37:35,2022,3,dry,29.11482685316667,27.5,NA,NA,NA,NA,1130.4,182.4,1464.4,58.2823412851204,LM,SE | nb.obs,valid,FALSE,TRUE,21.54081845690369,58.2823412851204,0.980932477904436,2.27190814076413e-8,89.5244902141734,0.99807444010982,3.52523102526666,LM,SE | nb.obs,valid,FALSE,TRUE,46.31076127595835,3.52523102526666,0.995819177207093,5.2232598535308e-11,4.30208341540393,0.99946285422358,0,NA,0,0,FALSE,valid,ghost,chamber slipped
44643_FLM30_Soil_23,2022-03-23,FLM30,surface,soil,soil,LGR3,rebuild fit (stage 03),15:39:20,15:41:20,2022,3,dry,29.095959261333338,26.2,NA,NA,NA,NA,1130.4,182.4,1464.4,8.00517653962062,LM,SE | g-fact. > 2 | p-value | Intercept (LM) | nb.obs,valid,FALSE,TRUE,0.5480699414672585,8.00517653962062,-0.0752248132984152,0.596973259689677,857.512854681631,0.733234927104622,1.76374958318845,LM,nb.obs,valid,FALSE,FALSE,58.16263787124059,1.76374958318845,0.997051792766568,6.61231934371371e-13,2.08381716038955,0.999510571911612,0,NA,0,0,FALSE,valid,ghost,NA
44643_FLM30_Soil_24,2022-03-23,FLM30,surface,soil,soil,LGR3,rebuild fit (stage 03),15:42:45,15:44:45,2022,3,dry,29.0770916695,26.5,NA,NA,NA,NA,1130.4,182.4,1464.4,127.257694465093,LM,nb.obs,valid,FALSE,TRUE,113.95372485551933,127.257694465093,0.999153549780414,6.64176584618406e-17,140.25578071289,0.999968750812706,3.63984587625376,LM,SE | nb.obs,valid,FALSE,FALSE,47.88986211887654,3.63984587625376,0.995224530280169,3.8019352249051e-13,4.51245061885865,0.999192602786684,0,NA,0,0,FALSE,valid,ghost,NA
44643_FLM30_Soil_25,2022-03-23,FLM30,surface,soil,soil,LGR3,rebuild fit (stage 03),15:47:05,15:49:05,2022,3,dry,29.05869444777778,27.7,NA,NA,NA,NA,1130.4,182.4,1464.4,38.5871174206344,LM,SE | nb.obs,valid,FALSE,TRUE,76.96866388266156,38.5871174206344,0.998146329883418,3.3466058350376805e-15,44.0585658257878,0.99968085323005,3.13624288328162,LM,nb.obs,valid,FALSE,FALSE,77.1972216727633,3.13624288328162,0.998157271595297,3.2489809861903604e-15,3.5843551654978,0.999725673245217,0,NA,0,0,FALSE,valid,ghost,NA
44643_FLM30_Soil_26,2022-03-23,FLM30,surface,soil,soil,LGR3,rebuild fit (stage 03),16:05:30,16:07:30,2022,3,dry,29.005900003333338,26.4,NA,NA,NA,NA,1130.4,182.4,1464.4,14.9122575631001,LM,RMSE | MAE | SE | AICc | nb.obs,valid,FALSE,TRUE,144.70209688927113,14.9122575631001,0.999379495507147,7.96738132516295e-21,15.0346568070539,0.999269468288836,2.0364403104136,LM,nb.obs,valid,FALSE,FALSE,179.69619127560154,2.0364403104136,0.99959755707711,5.92972165349514e-22,2.13374869318827,0.999776201787692,0,NA,0,0,FALSE,valid,ghost,NA
44643_FLM30_Soil_27,2022-03-23,FLM30,surface,soil,soil,LGR3,rebuild fit (stage 03),16:09:30,16:11:30,2022,3,dry,28.994433336666667,27.6,NA,NA,NA,NA,1130.4,182.4,1464.4,19.4659288056399,LM,nb.obs,valid,FALSE,TRUE,32.339788513498725,19.4659288056399,0.990520085790419,1.2706094634376002e-10,26.7736903357405,0.999786431131367,2.95674644707977,LM,nb.obs,valid,FALSE,FALSE,76.19061405168331,2.95674644707977,0.998280016531289,5.84797175454106e-14,3.39038026862354,0.999947978150634,0,NA,0,0,FALSE,valid,ghost,NA
44643_FLM30_Soil_28,2022-03-23,FLM30,surface,soil,soil,LGR3,rebuild fit (stage 03),16:12:45,16:14:45,2022,3,dry,28.98511667,27.5,NA,NA,NA,NA,1130.4,182.4,1464.4,6.77697194484818,LM,nb.obs,valid,FALSE,TRUE,47.90444293664606,6.77697194484818,0.995227425608868,3.79041960619579e-13,8.49414638389124,0.999763296321104,2.42761528524908,LM,nb.obs,valid,FALSE,FALSE,66.76803267291012,2.42761528524908,0.997538032002816,1.38342167716332e-14,2.86477365839146,0.99994199253136,0,NA,0,0,FALSE,valid,ghost,NA
44643_FLM30_Soil_29,2022-03-23,FLM30,surface,soil,soil,LGR3,rebuild fit (stage 03),16:16:15,16:18:15,2022,3,dry,28.972083336666667,27.6,NA,NA,NA,NA,1130.4,182.4,1464.4,19.2403964901811,LM,SE | nb.obs,valid,FALSE,TRUE,56.691209406169705,19.2403964901811,0.996587977065522,7.07552909592883e-14,23.0403844380965,0.999381549816755,2.581088524597,LM,nb.obs,valid,FALSE,FALSE,103.21891562089156,2.581088524597,0.998968506327917,1.78500630359801e-16,2.86045778239409,0.99988839796653906,0,NA,0,0,FALSE,valid,ghost,NA
44643_FLM30_Soil_30,2022-03-23,FLM30,surface,soil,soil,LGR3,rebuild fit (stage 03),16:20:45,16:22:45,2022,3,dry,28.948383336666662,27,NA,NA,NA,NA,1130.4,182.4,1464.4,10.4136086786099,LM,nb.obs,valid,FALSE,FALSE,95.37863496563426,10.4136086786099,0.99857285345524,1.17976673698207e-18,11.7567172879418,0.999798581034486,2.14156048139073,LM,nb.obs,valid,FALSE,FALSE,125.5121146857921,2.14156048139073,0.99917540387793,4.38862865659514e-20,2.35148206511456,0.999907187090378,0,NA,0,0,FALSE,valid,ghost,NA
Mar_22_T1_52_FLM30_stem,2022-03-23,FLM30,tree,stem,NA,Picarro,rebuild fit (stage 03),10:16:00,10:21:00,2022,3,dry,25.853111114333338,25.2,NA,NA,NA,NA,1106.6016666666667,213.35,1447.601666666667,23.7733198711542,HM,SE,valid,FALSE,TRUE,59.637120591661095,20.1822921865627,0.996607311139276,3.02616274767345e-103,23.7733198711542,0.998439420649621,0.944197842622144,HM,SE | Intercept (LM),valid,FALSE,FALSE,27.937843586878103,0.667555699453593,0.984355976364737,5.28442157040972e-57,0.944197842622144,0.99357001361165,0,NA,0,0,FALSE,valid,ghost,NA
Mar_22_T1_53_FLM30_stem,2022-03-23,FLM30,tree,stem,NA,Picarro,rebuild fit (stage 03),10:34:00,10:40:00,2022,3,dry,26.275111112333335,NA,NA,NA,NA,NA,1106.6016666666667,213.35,1447.601666666667,0.521654969432234,HM,AICc,valid,FALSE,FALSE,15.073208791201935,0.518038254924707,0.980951996198645,4.02110614033453e-56,0.521654969432234,0.980805184308996,0.733911715130701,LM,RMSE | MAE | SE | AICc | Intercept,valid,FALSE,TRUE,30.976029134281223,0.733911715130701,0.921192813912401,1.14449217912842e-46,0.735376610850098,0.92093757533152,0,NA,0,0,FALSE,valid,ghost,NA
Mar_22_T1_54_FLM30_stem,2022-03-23,FLM30,tree,stem,NA,Picarro,rebuild fit (stage 03),10:48:00,10:53:00,2022,3,dry,26.5859,NA,NA,NA,NA,NA,1106.6016666666667,213.35,1447.601666666667,0.122678041172501,HM,AICc,valid,FALSE,FALSE,4.600516139486326,0.10640274109891,0.838359137963035,4.85576340352451e-24,0.122678041172501,0.839677919494575,1.85231641342878,HM,SE,valid,FALSE,FALSE,84.78208322070199,1.51482886167723,0.996469144713934,1.00734423264295e-76,1.85231641342878,0.999392676989334,0,NA,0,0,FALSE,valid,ghost,NA
Mar_22_T1_55_FLM30_stem,2022-03-23,FLM30,tree,stem,NA,Picarro,rebuild fit (stage 03),11:07:00,11:16:00,2022,3,dry,26.920933333333338,25.2,NA,NA,NA,NA,1106.6016666666667,213.35,1447.601666666667,8.77291887394486,LM,MAE | SE | AICc,valid,FALSE,TRUE,42.245139020795335,8.77291887394486,0.971672179152903,2.33507453109466e-41,8.93783089639486,0.971669800207866,1.02652483052028,LM,RMSE | MAE | SE | AICc,valid,FALSE,TRUE,16.58314641555028,1.02652483052028,0.931972943251827,9.30658909315704e-13,1.03321064906445,0.931865411165251,0,NA,0,0,FALSE,valid,ghost,NA
Mar_22_T1_56_FLM30_stem,2022-03-23,FLM30,tree,stem,NA,Picarro,rebuild fit (stage 03),11:22:00,11:31:00,2022,3,dry,27.190022223,NA,NA,NA,NA,NA,1106.6016666666667,213.35,1447.601666666667,3.148084687419,HM,SE | Intercept (LM),valid,FALSE,TRUE,16.06366658590231,1.94730070488751,0.971964426686994,9.354979741092979e-30,3.148084687419,0.988647562592147,0.636762591387744,HM,SE,valid,FALSE,FALSE,17.58675422103766,0.455583913980277,0.982333460278563,3.9292624088836695e-35,0.636762591387744,0.990506270230916,0,NA,0,0,FALSE,valid,ghost,NA
Mar_22_T1_57_FLM30_stem,2022-03-23,FLM30,tree,stem,NA,Picarro,rebuild fit (stage 03),11:38:00,11:48:00,2022,3,dry,27.482644447,NA,NA,NA,NA,NA,1106.6016666666667,213.35,1447.601666666667,0.132943606032002,LM,g-fact. > 2,valid,FALSE,FALSE,20.568960782086187,0.132943606032002,0.894086197070875,9.41496050320281e-26,0.310104664625757,0.941207408812364,0.736636066271567,HM,SE,valid,FALSE,FALSE,62.432959864986785,0.504728648436521,0.988290649535045,4.37690566666993e-53,0.736636066271567,0.998953248094856,0,NA,0,0,FALSE,valid,ghost,NA
Mar_22_T1_78_BL60_stem,2022-03-24,BL60,tree,stem,NA,LGR3,rebuild fit (stage 03),13:05:30,13:13:30,2022,3,dry,28.800066666666662,24.9,NA,NA,NA,NA,460.99555555555554,107.68,794.9955555555555,0.0780743545014778,LM,g-fact. > 2 | Intercept (LM),valid,FALSE,FALSE,18.207527142899217,0.0780743545014778,0.875501316091011,1.17256949667251e-22,0.229102693033981,0.972173733392901,7.51022514093321,HM,Intercept (LM),valid,FALSE,TRUE,495.36037026708846,4.2259114802811,0.974294703834332,1.94625737096021e-38,7.51022514093321,0.999984055086263,0,NA,0,0,FALSE,valid,regenerating,NA
Mar_22_T1_79_BL60_stem,2022-03-24,BL60,tree,stem,NA,LGR3,rebuild fit (stage 03),13:24:00,13:29:30,2022,3,dry,29.160900001,NA,NA,NA,NA,NA,460.99555555555554,107.68,794.9955555555555,0.00631385374764304,LM,MAE | AICc | g-fact. > 2 | p-value | Intercept,valid,TRUE,FALSE,0.74111392069204,0.00631385374764304,-0.01304660081906,0.463712678487803,0.0136500323194412,0.00588421753230761,4.48611498916968,HM,Intercept (LM),valid,FALSE,TRUE,94.73710382962813,2.28277444281175,0.962523164100169,4.79248153090288e-26,4.48611498916968,0.999659213484166,0,NA,0,0,FALSE,valid,regenerating,NA
Mar_22_T1_80_BL60_stem,2022-03-24,BL60,tree,stem,NA,LGR3,rebuild fit (stage 03),13:35:30,13:40:30,2022,3,dry,29.191438891166666,NA,NA,NA,NA,NA,460.99555555555554,107.68,794.9955555555555,0.0427079948299252,HM,AICc | Intercept,valid,FALSE,FALSE,2.3398669074935197,0.0425894634346004,0.685755190006389,2.6160896934707494e-11,0.0427079948299252,0.685575302050598,5.10917116726737,HM,Intercept (LM),valid,FALSE,TRUE,149.60511832830295,2.78455791705887,0.970681781495306,5.9764169892926095e-31,5.10917116726737,0.99985231832366706,0,NA,0,0,FALSE,valid,regenerating,NA
Mar_22_T1_81_BL60_stem,2022-03-24,BL60,tree,stem,NA,LGR3,rebuild fit (stage 03),14:00:00,14:05:00,2022,3,dry,29.43616667,29.6,NA,NA,NA,NA,460.99555555555554,107.68,794.9955555555555,2.63006662821342,LM,RMSE | AICc,valid,FALSE,TRUE,60.15446419394491,2.63006662821342,0.994228486491904,4.44724081397153e-24,2.66517360760645,0.994194247257345,8.30494475821653,LM,NA,valid,FALSE,TRUE,78.5770593495576,8.30494475821653,0.996609816812714,2.1725792614691e-26,10.1587749085783,0.999842580274935,0,NA,0,0,FALSE,valid,regenerating,NA
Mar_22_T1_82_BL60_stem,2022-03-24,BL60,tree,stem,NA,LGR3,rebuild fit (stage 03),14:07:30,14:12:30,2022,3,dry,29.545916669999997,NA,NA,NA,NA,NA,460.99555555555554,107.68,794.9955555555555,4.42371998692988,LM,SE,valid,FALSE,TRUE,34.47687446457064,4.42371998692988,0.978577112430737,1.33619132294771e-22,6.22705168442935,0.98887319587322,7.71787264990381,LM,SE,valid,FALSE,TRUE,89.89456405509549,7.71787264990381,0.996792513319751,6.50718705906219e-33,9.31887899164333,0.999603151305769,0,NA,0,0,FALSE,valid,regenerating,NA
44644_BL60_Soil_31,2022-03-24,BL60,surface,soil,soil,LGR3,rebuild fit (stage 03),15:08:30,15:10:30,2022,3,dry,29.660250003333335,23.9,NA,NA,NA,NA,1130.4,182.4,1464.4,65.1064233880983,LM,SE | nb.obs,valid,FALSE,TRUE,145.1614146115556,65.1064233880983,0.999336015886672,2.96186557891004e-22,70.8579016035607,0.999921072410281,10.2551017149859,LM,nb.obs,valid,FALSE,TRUE,35.866290831080256,10.2551017149859,0.98922572318445,2.18694774614367e-14,14.5919265821126,0.999935652712785,0,NA,0,0,FALSE,valid,regenerating,NA
44644_BL60_Soil_32,2022-03-24,BL60,surface,soil,soil,LGR3,rebuild fit (stage 03),15:13:30,15:15:30,2022,3,dry,29.68441667,24.3,NA,NA,NA,NA,1130.4,182.4,1464.4,51.7042989284005,LM,nb.obs,valid,FALSE,TRUE,93.10219997158826,51.7042989284005,0.998272291701633,5.94270700621919e-21,59.739801210619,0.99999078855205,7.32005058444227,LM,nb.obs,valid,FALSE,TRUE,28.90149319995243,7.32005058444227,0.982338322615282,6.97852817460724e-14,11.4948530051138,0.999920206870735,0,NA,0,0,FALSE,valid,regenerating,3 pneum
44644_BL60_Soil_33,2022-03-24,BL60,surface,soil,soil,LGR3,rebuild fit (stage 03),15:18:30,15:20:30,2022,3,dry,29.672922225166666,24.7,NA,NA,NA,NA,1130.4,182.4,1464.4,283.284354004175,LM,RMSE | MAE | SE | AICc | nb.obs,valid,FALSE,TRUE,136.75500440345272,283.284354004175,0.999145158821847,1.21826133310613e-24,285.412354731843,0.999007759614882,6.40762740460437,LM,Intercept (LM) | nb.obs,valid,FALSE,TRUE,25.09280238067908,6.40762740460437,0.975180276192905,1.15326427367827e-13,10.9483388141414,0.999831338411139,0,NA,0,0,FALSE,valid,regenerating,NA
44644_BL60_Soil_34,2022-03-24,BL60,surface,soil,soil,LGR3,rebuild fit (stage 03),15:23:00,15:25:00,2022,3,dry,29.648822224666667,24.1,NA,NA,NA,NA,1130.4,182.4,1464.4,52.4602800929857,LM,g-fact. > 2 | Intercept (LM) | nb.obs,valid,FALSE,TRUE,15.99681011090056,52.4602800929857,0.955039005165047,5.7791013581039605e-9,105.27292281421,0.99973570207823,14.5826630484809,LM,nb.obs,valid,FALSE,TRUE,27.968908511964493,14.5826630484809,0.984872552639839,1.4283161849379399e-11,21.9774666812169,0.999906414785974,0,NA,0,0,FALSE,valid,regenerating,NA
44644_BL60_Soil_35,2022-03-24,BL60,surface,soil,soil,LGR3,rebuild fit (stage 03),15:28:30,15:30:30,2022,3,dry,29.6193666685,24.5,NA,NA,NA,NA,1130.4,182.4,1464.4,60.2576424626727,LM,nb.obs,valid,FALSE,TRUE,58.834895501008624,60.2576424626727,0.996544321389751,4.22732861515623e-15,73.5375745561538,0.999990946779135,11.512089796401,LM,nb.obs,valid,FALSE,TRUE,41.09781136315794,11.512089796401,0.992941301895973,2.15143080292038e-13,15.2727543762553,0.99995255681067,0,NA,0,0,FALSE,valid,regenerating,NA
44644_BL60_Soil_36,2022-03-24,BL60,surface,soil,soil,LGR3,rebuild fit (stage 03),15:35:00,15:37:00,2022,3,dry,29.584555556666665,24,NA,NA,NA,NA,1130.4,182.4,1464.4,54.9701709612449,LM,g-fact. > 2 | Intercept (LM) | nb.obs,valid,FALSE,TRUE,9.839533533704412,54.9701709612449,0.922940921088638,2.37994313310442e-5,129.623448321419,0.999672577705987,10.5981452227054,LM,Intercept (LM) | nb.obs,valid,FALSE,TRUE,15.016155277504115,10.5981452227054,0.965589176083157,1.39490165285382e-6,18.8713588406688,0.999765952923865,0,NA,0,0,FALSE,valid,regenerating,5-6 pneum
44644_BL60_Soil_37,2022-03-24,BL60,surface,soil,soil,LGR3,rebuild fit (stage 03),15:41:30,15:42:30,2022,3,dry,29.549744444833333,24,NA,NA,NA,NA,1130.4,182.4,1464.4,14.5201385289771,LM,SE | nb.obs,valid,FALSE,TRUE,22.634481069210903,14.5201385289771,0.980817911602277,3.04083278507108e-9,22.7352525144383,0.99930301312847,10.2584104379358,LM,nb.obs,valid,FALSE,TRUE,25.991398434962743,10.2584104379358,0.985391921090392,8.91023056296348e-10,15.229744543798,0.999899805741592,0,NA,0,0,FALSE,valid,regenerating,NA
44644_BL60_Soil_38,2022-03-24,BL60,surface,soil,soil,LGR3,rebuild fit (stage 03),15:47:30,15:49:30,2022,3,dry,29.4980277775,24.1,NA,NA,NA,NA,1130.4,182.4,1464.4,184.287021466376,LM,nb.obs,valid,FALSE,TRUE,41.74586843005757,184.287021466376,0.995427834675304,1.18049404453767e-9,229.090770608081,0.999965269862221,21.128555770543,LM,nb.obs,valid,FALSE,TRUE,34.38327866842651,21.128555770543,0.993272845987706,4.56422083705802e-9,27.4862623768876,0.999973636799602,0,NA,0,0,FALSE,valid,regenerating,1 pneum
44644_BL60_Soil_39,2022-03-24,BL60,surface,soil,soil,LGR3,rebuild fit (stage 03),15:53:30,15:55:30,2022,3,dry,29.4188944435,24.1,NA,NA,NA,NA,1130.4,182.4,1464.4,6.25912679590489,LM,SE | Intercept (LM) | nb.obs,valid,FALSE,TRUE,26.550056126840847,6.25912679590489,0.976418543667312,1.16777633950949e-14,10.547295126477,0.999133195448911,4.49306892561974,LM,Intercept (LM) | nb.obs,valid,FALSE,TRUE,26.7782711153009,4.49306892561974,0.976810036541922,1.02122782201823e-14,7.55714571089194,0.99952083283285,0,NA,0,0,FALSE,valid,regenerating,3 pneum
44644_BL60_Soil_40,2022-03-24,BL60,surface,soil,soil,LGR3,rebuild fit (stage 03),16:00:00,16:02:00,2022,3,dry,29.333166665,24.6,NA,NA,NA,NA,1130.4,182.4,1464.4,22.818329786746,LM,nb.obs,valid,FALSE,TRUE,46.36980393444546,22.818329786746,0.994447424389687,5.743898003158512e-14,29.3257746873113,0.999925436040656,12.3482165903449,LM,nb.obs,valid,FALSE,TRUE,21.244218531401597,12.3482165903449,0.974043779743193,2.7944463696103005e-10,21.0463518073311,0.999805759175482,0,NA,0,0,FALSE,valid,regenerating,3 pneumataphores
Mar_22_T1_69_BL60_stem,2022-03-24,BL60,tree,stem,NA,Picarro,rebuild fit (stage 03),11:02:00,11:06:00,2022,3,dry,27.6084,NA,NA,NA,NA,NA,460.99555555555554,107.68,801.9955555555555,0.10985955883498601,HM,SE | AICc | Intercept,valid,FALSE,FALSE,2.0046407666642527,0.0623063725473124,0.467576470191123,1.92439490291582e-8,0.10985955883498601,0.481150317913436,4.56642479693968,HM,SE,valid,FALSE,TRUE,146.582079350281,4.00623039824755,0.998627958309332,2.24887597462567e-86,4.56642479693968,0.999816560178585,0,NA,0,0,FALSE,valid,regenerating,NA
Mar_22_T1_70_BL60_stem,2022-03-24,BL60,tree,stem,NA,Picarro,rebuild fit (stage 03),11:10:00,11:15:00,2022,3,dry,27.578,NA,NA,NA,NA,NA,460.99555555555554,107.68,801.9955555555555,0.0850465196021998,HM,AICc | Intercept,valid,FALSE,FALSE,2.2425941938929728,0.0661544067576863,0.511873625029448,1.2885390000588899e-11,0.0850465196021998,0.514814432443778,4.30628231066774,HM,SE,valid,FALSE,FALSE,118.77886304976772,3.45715380869756,0.996124163322683,1.4025950874081296e-87,4.30628231066774,0.999643801731608,0,NA,0,0,FALSE,valid,regenerating,NA
Mar_22_T1_72_BL60_stem,2022-03-24,BL60,tree,stem,NA,Picarro,rebuild fit (stage 03),11:53:00,11:58:00,2022,3,dry,28.209822221333333,NA,NA,NA,NA,NA,460.99555555555554,107.68,801.9955555555555,0.249670051158622,LM,RMSE | SE | AICc,valid,FALSE,FALSE,12.906474310002125,0.249670051158622,0.84230103475596,8.85386426913967e-14,0.250549258907552,0.842104753362722,2.61121074103155,HM,SE,valid,FALSE,FALSE,80.24957426912209,2.31279416054681,0.99852159153179,6.39429689832024e-50,2.61121074103155,0.999627179212448,0,NA,0,0,FALSE,valid,regenerating,NA
Mar_22_T1_74_BL60_stem,2022-03-24,BL60,tree,stem,NA,Picarro,rebuild fit (stage 03),12:04:00,12:09:14,2022,3,dry,28.12157777566667,NA,NA,NA,NA,NA,460.99555555555554,107.68,801.9955555555555,0.0789001765708145,HM,SE | AICc | Intercept,valid,FALSE,TRUE,1.2229300464861272,0.0734140722707927,0.411362994596931,4.57581114211736e-5,0.0789001765708145,0.411550479328197,3.16406251976617,HM,SE,valid,FALSE,FALSE,87.26394045862324,2.75250677521209,0.998182910181011,1.2092944150992698e-45,3.16406251976617,0.999692233939841,0,NA,0,0,FALSE,valid,regenerating,NA
Mar_22_T1_75_BL60_stem,2022-03-24,BL60,tree,stem,NA,Picarro,rebuild fit (stage 03),12:18:00,12:23:00,2022,3,dry,28.037299997,24.6,NA,NA,NA,NA,460.99555555555554,107.68,801.9955555555555,0.0988415881235711,LM,MAE | SE | AICc | Intercept,valid,FALSE,FALSE,8.851101822938022,0.0988415881235711,0.734199038513592,1.8188864743156102e-9,0.144866865100097,0.744355867782308,3.37390755443233,HM,SE,valid,FALSE,TRUE,27.87715174502314,2.20368765370779,0.98282572075458,6.3739258134324095e-31,3.37390755443233,0.99673502124023,0,NA,0,0,FALSE,valid,regenerating,NA
Mar_22_T1_63_BL60_stem,2022-03-24,BL60,tree,stem,NA,Picarro,rebuild fit (stage 03),12:32:00,12:36:00,2022,3,dry,28.055811109666667,24.5,NA,NA,NA,NA,460.99555555555554,107.68,801.9955555555555,19.1993730818372,LM,SE,valid,FALSE,TRUE,260.46985882318523,19.1993730818372,0.99960218379352,5.931335440004799e-46,20.3352131165613,0.99984931834493,4.04447200152686,LM,SE,valid,FALSE,TRUE,220.8466739466651,4.04447200152686,0.999446712771146,4.32184263704984e-44,4.32332971509003,0.999780961153991,0,NA,0,0,FALSE,valid,regenerating,NA
Mar_22_T1_77_BL60_stem,2022-03-24,BL60,tree,stem,NA,Picarro,rebuild fit (stage 03),12:56:00,13:01:00,2022,3,dry,28.463133333333335,NA,NA,NA,NA,NA,460.99555555555554,107.68,801.9955555555555,0.27015075097162,HM,MAE | AICc,valid,FALSE,FALSE,5.484572051024558,0.233919610771542,0.914170510704541,1.29760167741276e-22,0.27015075097162,0.915679436675322,2.21912784686285,HM,SE,valid,FALSE,FALSE,41.257603714872154,1.47815921577323,0.984998306056808,2.12320776470686e-37,2.21912784686285,0.998161013953108,0,NA,0,0,FALSE,valid,regenerating,NA
Mar_22_T1_64_BL60_stem,2022-03-24,BL60,tree,stem,NA,Picarro,rebuild fit (stage 03),13:40:00,13:44:00,2022,3,dry,29.203388891666663,NA,NA,NA,NA,NA,460.99555555555554,107.68,801.9955555555555,0.0843601074866022,LM,MAE | SE | AICc | Intercept,valid,FALSE,FALSE,3.176728670768078,0.0843601074866022,0.274740487610475,0.00420595714741362,0.0844526224667212,0.274655517382749,5.08809513613323,HM,SE,valid,FALSE,FALSE,69.01613691121204,4.15370199097805,0.996651744603451,2.0381727146331397e-36,5.08809513613323,0.999593629265568,0,NA,0,0,FALSE,valid,regenerating,NA
Mar_22_T1_65_BL60_stem,2022-03-24,BL60,tree,stem,NA,Picarro,rebuild fit (stage 03),13:50:00,13:54:00,2022,3,dry,29.289833336666664,NA,NA,NA,NA,NA,460.99555555555554,107.68,801.9955555555555,0.190482678056979,LM,SE | AICc | Intercept,valid,FALSE,TRUE,5.111704109709834,0.190482678056979,0.53320122690403,4.60624298342205e-5,0.314417663105406,0.547939624169788,2.12956391511823,LM,SE,valid,FALSE,FALSE,111.79672333716098,2.12956391511823,0.998163013496678,8.29763270592072e-32,2.41379251509831,0.99939694036481,0,NA,0,0,FALSE,valid,regenerating,NA
Mar_22_T1_66_BL60_stem,2022-03-24,BL60,tree,stem,NA,Picarro,rebuild fit (stage 03),14:00:00,14:05:00,2022,3,dry,29.43616667,NA,NA,NA,NA,NA,460.99555555555554,107.68,801.9955555555555,1.63991460907312,HM,SE,valid,FALSE,FALSE,30.76903035849704,0.990999951751185,0.976023975022015,1.56324193375801e-50,1.63991460907312,0.995014007263555,2.17363917213825,HM,SE | Intercept (LM),valid,FALSE,FALSE,78.37904833440554,1.09657385075589,0.959584463243528,6.30460063756327e-48,2.17363917213825,0.998993363058121,0,NA,0,0,FALSE,valid,regenerating,NA
Mar_22_T1_67_BL60_stem,2022-03-24,BL60,tree,stem,NA,Picarro,rebuild fit (stage 03),14:18:30,14:23:30,2022,3,dry,29.642950003333333,24.1,NA,NA,NA,NA,460.99555555555554,107.68,801.9955555555555,1.01278235128948,HM,SE,valid,FALSE,TRUE,10.471395141676885,0.816050086708703,0.976498818652857,2.18260994277873e-25,1.01278235128948,0.98005690982717,1.88575952851726,HM,SE,valid,FALSE,FALSE,60.999765418728344,1.52856946412954,0.996058812950588,2.90378561087101e-40,1.88575952851726,0.999372155754435,0,NA,0,0,FALSE,valid,regenerating,NA
Mar_22_T1_68_BL60_stem,2022-03-24,BL60,tree,stem,NA,Picarro,rebuild fit (stage 03),14:27:30,14:32:30,2022,3,dry,29.610250003333334,NA,NA,NA,NA,NA,460.99555555555554,107.68,801.9955555555555,3.91475048831395,HM,SE,valid,FALSE,TRUE,28.598931690678313,3.27971431034637,0.995083456312116,3.0447164944593697e-35,3.91475048831395,0.997440099897081,3.54747516680228,HM,SE,valid,FALSE,TRUE,56.30739635706395,2.45125807578683,0.988574752522567,6.234726005639819e-30,3.54747516680228,0.999277036820731,0,NA,0,0,FALSE,valid,regenerating,NA
Oct_22_1_FLM30_stem,2022-10-15,FLM30,tree,stem,NA,LGR2,rebuild fit (stage 03),13:01:50,13:10:30,2022,10,wet,27.846407407,NA,NA,25.4,NA,NA,1106.6016666666667,213.35,2012.601666666667,15.9041863872756,HM,NA,valid,FALSE,TRUE,826.7235288297511,15.5212214066314,0.999926301776392,0,15.9041863872756,0.999966230007199,2.07064466487515,LM,RMSE | MAE | AICc,valid,FALSE,TRUE,886.7143605578531,2.07064466487515,0.999537263914244,0,2.09350303039492,0.999409582182891,0,NA,0,0,FALSE,valid,ghost,NA
Oct_22_2_FLM30_stem,2022-10-15,FLM30,tree,stem,NA,LGR2,rebuild fit (stage 03),13:15:37,13:20:34,2022,10,wet,28.173788515322222,NA,NA,25.4,NA,NA,1106.6016666666667,213.35,2012.601666666667,8.07328984839923,HM,NA,valid,FALSE,FALSE,536.7417785004142,7.94831211098667,0.999933731512431,0,8.07328984839923,0.999934972086089,3.33906492679811,LM,RMSE | MAE | SE | AICc,valid,FALSE,TRUE,571.2785048116258,3.33906492679811,0.999090784398593,0,3.3671949482385,0.998954922265653,0,NA,0,0,FALSE,valid,ghost,NA
Oct_22_3_FLM30_stem,2022-10-15,FLM30,tree,stem,NA,LGR2,rebuild fit (stage 03),13:22:00,13:27:00,2022,10,wet,28.261311109333334,NA,NA,25.4,NA,NA,1106.6016666666667,213.35,2012.601666666667,1.24220381642642,HM,NA,valid,FALSE,FALSE,65.24463937373417,1.01136781386226,0.992397643085139,4.11828530000645e-293,1.24220381642642,0.995397603886498,2.65098345525937,HM,NA,valid,FALSE,TRUE,243.26245825338015,2.37678932945611,0.998852975341035,0,2.65098345525937,0.999682518833855,0,NA,0,0,FALSE,valid,ghost,NA
Oct_22_4_FLM30_stem,2022-10-15,FLM30,tree,stem,NA,LGR2,rebuild fit (stage 03),14:01:30,14:06:30,2022,10,wet,28.178650001500003,NA,NA,25.4,NA,NA,1106.6016666666667,213.35,2012.601666666667,2.06437549391353,HM,AICc,valid,FALSE,TRUE,22.834762626761695,2.05796702908621,0.967551589289119,1.0848725329838097e-210,2.06437549391353,0.967318289862534,1.64749748429441,LM,RMSE | MAE | AICc,valid,FALSE,TRUE,599.6139457594012,1.64749748429441,0.99921904700438,0,1.66440160024084,0.999084658599836,0,NA,0,0,FALSE,valid,ghost,NA
Oct_22_5_FLM30_stem,2022-10-15,FLM30,tree,stem,NA,LGR2,rebuild fit (stage 03),14:10:00,14:15:00,2022,10,wet,27.973611111666667,NA,NA,25.4,NA,NA,1106.6016666666667,213.35,2012.601666666667,15.6864229386099,HM,NA,valid,FALSE,FALSE,264.05451735638957,14.5117854978106,0.999379210177944,0,15.6864229386099,0.999794232521546,5.97472076549396,HM,NA,valid,FALSE,FALSE,483.1317771120247,5.83320562442369,0.999901364932823,0,5.97472076549396,0.999940153891451,0,NA,0,0,FALSE,valid,ghost,NA
Oct_22_6_FLM30_stem,2022-10-15,FLM30,tree,stem,NA,LGR2,rebuild fit (stage 03),14:19:00,14:24:00,2022,10,wet,27.84011111066667,NA,NA,25.4,NA,NA,1106.6016666666667,213.35,2012.601666666667,0.165895778284591,LM,g-fact. > 2 | Intercept,valid,FALSE,FALSE,25.55965979274241,0.165895778284591,0.683536423873927,2.11767333903847e-77,0.679866593868276,0.835413512050929,1.39009964918775,HM,NA,valid,FALSE,FALSE,206.06020715866657,1.24991720960796,0.998747804671064,0,1.39009964918775,0.999530329358255,0,NA,0,0,FALSE,valid,ghost,NA
Oct_22_24_SRS6_stem,2022-10-16,SRS6,tree,stem,NA,LGR2,rebuild fit (stage 03),12:44:15,12:47:55,2022,10,wet,27.29657500325,27.2,NA,NA,NA,NA,1106.6016666666667,213.35,2012.601666666667,1.98744352006824,HM,NA,valid,FALSE,FALSE,53.295638544574444,1.81560249286011,0.994387204959842,1.12433437003209e-248,1.98744352006824,0.994942242530223,1.35957530498664,HM,NA,valid,FALSE,FALSE,71.25628217753743,0.859510015335856,0.981974817647077,3.4457884022927e-193,1.35957530498664,0.996643420382769,0,NA,0,0,FALSE,valid,healthy,NA
Oct_22_23_SRS6_stem,2022-10-16,SRS6,tree,stem,NA,LGR2,rebuild fit (stage 03),12:58:55,13:03:57,2022,10,wet,26.483325003333334,27.2,NA,NA,NA,NA,460.99555555555554,107.68,1366.9955555555557,-0.10031381387884,LM,SE | g-fact. > 2 | Intercept,valid,FALSE,TRUE,6.149141097983931,-0.10031381387884,0.12790275240234,3.0650798880419502e-9,-1.06523158532703,0.35862326730896,0.00804441623338807,LM,MAE | SE | g-fact. > 2 | p-value | Intercept,valid,TRUE,TRUE,1.8188818755274951,0.00804441623338807,0.00911273435676496,0.0701258027168893,0.0229287320050838,0.0339831817116654,0,NA,0,0,FALSE,valid,healthy,NA
Oct_22_26_SRS6_root,2022-10-16,SRS6,tree,root,NA,LGR2,rebuild fit (stage 03),13:07:39,13:11:31,2022,10,wet,25.97417167,27.2,NA,NA,NA,NA,254.53666666666663,40.45,1160.5366666666664,1.58246200864657,HM,AICc,valid,FALSE,FALSE,18.41366977953834,1.56807350314049,0.958798588575766,3.4225413313212587e-162,1.58246200864657,0.958686327712457,1.78494615205341,HM,SE,valid,FALSE,FALSE,53.92434584571372,1.69870942102978,0.994734704140023,2.1303359482389196e-265,1.78494615205341,0.99489564461468,0,NA,0,0,FALSE,valid,healthy,NA
Oct_22_29_SRS6_stem,2022-10-16,SRS6,tree,stem,NA,LGR2,rebuild fit (stage 03),13:24:53,13:27:33,2022,10,wet,25.9985429641,27.6,NA,NA,NA,NA,1106.6016666666667,213.35,2012.601666666667,0.0918769403356944,LM,SE | g-fact. > 2 | Intercept (LM),valid,FALSE,FALSE,5.125045018034217,0.0918769403356944,0.137117398857213,8.58295176359899e-7,0.636671629395615,0.295243885252463,1.50216775444994,HM,NA,valid,FALSE,FALSE,44.36346671832189,1.18607164933888,0.990642830362796,2.0317964862187492e-162,1.50216775444994,0.994335531595923,0,NA,0,0,FALSE,valid,healthy,NA
Oct_22_30_SRS6_root,2022-10-16,SRS6,tree,root,NA,LGR2,rebuild fit (stage 03),13:31:38,13:34:38,2022,10,wet,26.3078429626,27.6,NA,NA,NA,NA,460.99555555555554,107.68,1366.9955555555557,2.46750311122784,HM,NA,valid,FALSE,FALSE,30.205496345014325,1.97999398810531,0.982068395584983,3.2918232205317395e-167,2.46750311122784,0.985650496569694,0.552373945738659,LM,MAE | SE | g-fact. > 2 | Intercept,valid,FALSE,FALSE,27.772208627154424,0.552373945738659,0.802144220459478,1.25473655142415e-68,1.34942757740629,0.834504210970169,0,NA,0,0,FALSE,valid,healthy,NA
Oct_22_27_SRS6_stem,2022-10-16,SRS6,tree,stem,NA,LGR2,rebuild fit (stage 03),13:37:29,13:40:29,2022,10,wet,26.5759029613,27.6,NA,NA,NA,NA,460.99555555555554,107.68,1366.9955555555557,2.7103078583501,HM,SE | AICc | Intercept,valid,FALSE,TRUE,3.4623218660292756,2.7114442709413,0.513395739777526,5.0352322847707e-30,2.7103078583501,0.513201554815746,1.78911817768062,HM,NA,valid,FALSE,FALSE,55.364264176695634,1.0640346426575,0.97648983773252,6.177635992711709e-148,1.78911817768062,0.995333071777318,0,NA,0,0,FALSE,valid,healthy,NA
Oct_22_28_SRS6_stem,2022-10-16,SRS6,tree,stem,NA,LGR2,rebuild fit (stage 03),13:42:32,13:45:32,2022,10,wet,26.807305182399997,27.6,NA,NA,NA,NA,460.99555555555554,107.68,1366.9955555555557,-0.441073871445329,HM,Intercept,valid,FALSE,FALSE,5.885420615532356,-0.318095358014025,0.717731391961707,2.90588749252274e-51,-0.441073871445329,0.723317204053326,1.2458395869262,LM,RMSE | SE | AICc,valid,FALSE,TRUE,99.83335071852136,1.2458395869262,0.982258487740971,7.028265908916429e-159,1.25215194829264,0.982061087274881,0,NA,0,0,FALSE,valid,healthy,NA
Oct_22_16_SRS6_stem,2022-10-16,SRS6,tree,stem,NA,LGR3,rebuild fit (stage 03),12:14:45,12:18:00,2022,10,wet,27.371838888916667,27,NA,NA,NA,NA,1106.6016666666667,213.35,2012.601666666667,-0.0121482735873629,HM,AICc | p-value | MDF | Intercept,valid,TRUE,FALSE,0.2594188161005513,-0.00752744683295507,-0.00225791997239622,0.454886239648879,-0.0121482735873629,-1.6162728382007e-4,1.82299265254288,HM,SE,valid,FALSE,FALSE,56.24120501077582,1.60167838987139,0.994735829092145,3.2435958512039688e-223,1.82299265254288,0.995891506605764,0,NA,0,0,FALSE,valid,healthy,NA
Oct_22_17_SRS6_stem,2022-10-16,SRS6,tree,stem,NA,LGR3,rebuild fit (stage 03),12:21:00,12:26:50,2022,10,wet,27.355733334,27,NA,NA,NA,NA,1106.6016666666667,213.35,2012.601666666667,0.237651228320775,LM,g-fact. > 2 | Intercept (LM),valid,FALSE,FALSE,42.73406736412624,0.237651228320775,0.838709723180365,6.053827792352309e-141,0.636153880112316,0.905096993486414,1.08303213845843,HM,SE,valid,FALSE,TRUE,33.18919241374584,0.774109842738208,0.969421714785472,2.32670210624261e-267,1.08303213845843,0.977110412682388,0,NA,0,0,FALSE,valid,healthy,NA
Oct_22_18_SRS6_stem,2022-10-16,SRS6,tree,stem,NA,LGR3,rebuild fit (stage 03),12:29:30,12:32:30,2022,10,wet,27.334105557166662,27,NA,NA,NA,NA,1106.6016666666667,213.35,2012.601666666667,0.780561350588171,HM,AICc,valid,FALSE,FALSE,21.061879561464465,0.76742094292161,0.974949500183397,1.8107067538361e-145,0.780561350588171,0.9749482114729772,2.098080279731,HM,NA,valid,FALSE,FALSE,128.97196909116187,1.86095639123594,0.998282295776581,1.2207072224462199e-249,2.098080279731,0.999279296446436,0,NA,0,0,FALSE,valid,healthy,NA
Oct_22_19_SRS6_root,2022-10-16,SRS6,tree,root,NA,LGR3,rebuild fit (stage 03),12:38:20,12:41:40,2022,10,wet,27.311629632222225,27,NA,NA,NA,NA,254.53666666666663,40.45,1160.5366666666664,5.35402124698149,HM,NA,valid,FALSE,FALSE,50.24169169676951,4.04552671191319,0.988787885330604,3.202145244079999e-197,5.35402124698149,0.994310021058621,6.27262386095377,HM,SE,valid,FALSE,FALSE,157.83847744839127,5.11214459825745,0.996489997885079,1.16349902764915e-247,6.27262386095377,0.999440611318468,0,NA,0,0,FALSE,valid,healthy,NA
Oct_22_20_SRS6_stem,2022-10-16,SRS6,tree,stem,NA,LGR3,rebuild fit (stage 03),12:51:30,12:54:30,2022,10,wet,26.91571667,27,NA,NA,NA,NA,460.99555555555554,107.68,1366.9955555555557,0.219902590385659,LM,SE | g-fact. > 2 | Intercept,valid,FALSE,FALSE,7.10399956692641,0.219902590385659,0.215572821501765,2.7640657284043895e-11,4.32637388089898,0.653807214210426,2.49738043571013,HM,NA,valid,FALSE,FALSE,116.44620030625236,2.42052815076543,0.999086314033564,3.5472083407169495e-274,2.49738043571013,0.999153882271809,0,NA,0,0,FALSE,valid,healthy,NA
Oct_22_21_SRS6_stem,2022-10-16,SRS6,tree,stem,NA,LGR3,rebuild fit (stage 03),12:56:00,12:59:00,2022,10,wet,26.65336667,27,NA,NA,NA,NA,460.99555555555554,107.68,1366.9955555555557,7.02333953419777,HM,NA,valid,FALSE,FALSE,72.11243828683577,6.2928007088123,0.996857238192519,3.7017963419229285e-226,7.02333953419777,0.99770978020574,3.24626849850234,HM,NA,valid,FALSE,FALSE,115.65987469690384,2.83703148968768,0.997812097715193,3.0997794965067694e-240,3.24626849850234,0.999097598112207,0,NA,0,0,FALSE,valid,healthy,NA
Oct_22_22_SRS6_stem,2022-10-16,SRS6,tree,stem,NA,LGR3,rebuild fit (stage 03),13:00:30,13:03:30,2022,10,wet,26.39101667,27,NA,NA,NA,NA,460.99555555555554,107.68,1366.9955555555557,0.781107902853922,HM,AICc,valid,FALSE,FALSE,13.13857748325721,0.724943984340804,0.936349351061765,1.2944004133786997e-108,0.781107902853922,0.936668707523047,7.83922581920488,HM,NA,valid,FALSE,FALSE,351.2183907687589,6.8585347254523,0.998657621196787,8.724690310206619e-258,7.83922581920488,0.999902653540655,0,NA,0,0,FALSE,valid,healthy,NA
Oct_22_49_SRS6_stem,2022-10-17,SRS6,tree,stem,NA,LGR2,rebuild fit (stage 03),11:06:00,11:11:00,2022,10,wet,26.790533331,NA,NA,NA,NA,NA,1106.6016666666667,213.35,2012.601666666667,0.901374928589843,HM,NA,valid,FALSE,FALSE,60.595768960115905,0.8487274437403,0.994485305099435,0,0.901374928589843,0.994733545860243,1.21908298173664,LM,RMSE | MAE | AICc,valid,FALSE,TRUE,474.29334444167046,1.21908298173664,0.998663731441791,0,1.22983326296404,0.99854612332764,0,NA,0,0,FALSE,valid,healthy,NA
Oct_22_50_SRS6_stem,2022-10-17,SRS6,tree,stem,NA,LGR2,rebuild fit (stage 03),11:13:00,11:22:00,2022,10,wet,26.720377774666662,NA,NA,NA,NA,NA,1106.6016666666667,213.35,2012.601666666667,-1.17543866892145,LM,SE | g-fact. > 2 | Intercept (HM),valid,FALSE,TRUE,22.777351087556383,-1.17543866892145,0.488586517367991,4.95846292580039e-81,-4.88165046620424,0.612575293351284,-1.0160210965858,LM,SE | g-fact. > 2 | Intercept,valid,FALSE,TRUE,15.270188344524817,-1.0160210965858,0.299903229184007,4.922582050636898e-44,-6.34754041984934,0.481440672266229,0,NA,0,0,FALSE,valid,healthy,NA
Oct_22_52_SRS6_root,2022-10-17,SRS6,tree,root,NA,LGR2,rebuild fit (stage 03),11:52:30,11:55:30,2022,10,wet,26.54116667,NA,NA,NA,NA,NA,1106.6016666666667,213.35,2012.601666666667,0.233780227825237,HM,Intercept,valid,FALSE,FALSE,5.2209012437771225,0.128775935716436,0.624450850676792,3.9007567214494696e-40,0.233780227825237,0.647551033985683,0.240145173354742,HM,NA,valid,FALSE,FALSE,20.931955417554576,0.199267412017,0.970058550904177,1.5533567940127495e-138,0.240145173354742,0.972501911497661,0,NA,0,0,FALSE,valid,healthy,NA
Oct_22_53_SRS6_stem,2022-10-17,SRS6,tree,stem,NA,LGR2,rebuild fit (stage 03),12:18:15,12:21:15,2022,10,wet,26.411100003333335,NA,NA,NA,NA,NA,1106.6016666666667,213.35,2012.601666666667,0.982089552794586,HM,AICc,valid,FALSE,TRUE,30.83312421393627,0.975293726510952,0.98845716003355,1.2819983774997998e-174,0.982089552794586,0.988288735752515,2.08204918182645,HM,MAE,valid,FALSE,FALSE,194.6043341377895,2.04791806714892,0.999693283021419,7.57376455524189e-293,2.08204918182645,0.999701004050733,0,NA,0,0,FALSE,valid,healthy,NA
Oct_22_55_SRS6_stem,2022-10-17,SRS6,tree,stem,NA,LGR2,rebuild fit (stage 03),12:43:00,12:45:00,2022,10,wet,26.711400003333335,NA,NA,NA,NA,NA,1106.6016666666667,213.35,2012.601666666667,0.0630016298146895,LM,g-fact. > 2 | Intercept,valid,TRUE,FALSE,4.683953238727671,0.0630016298146895,0.149632053025182,7.59151906139143e-6,0.189547302962429,0.213997371525875,1.48728156650607,HM,NA,valid,FALSE,FALSE,72.08646431907441,1.35631119036183,0.997901390412611,4.3980378908322796e-160,1.48728156650607,0.998493215461998,0,NA,0,0,FALSE,valid,healthy,NA
Oct_22_41_SRS6_stem,2022-10-17,SRS6,tree,stem,NA,LGR2,rebuild fit (stage 03),12:57:30,13:00:30,2022,10,wet,27.145250003333334,NA,NA,NA,NA,NA,460.99555555555554,107.68,1366.9955555555557,1.98413077112201,HM,AICc,valid,FALSE,FALSE,37.29175373481917,1.95838523317896,0.991974063910266,1.02908140533546e-189,1.98413077112201,0.991890385178259,3.23026068205843,HM,NA,valid,FALSE,FALSE,208.20020519999255,3.0906801370243,0.999601478777135,1.99000578878378e-293,3.23026068205843,0.99973347924254,0,NA,0,0,FALSE,valid,healthy,NA
Oct_22_42_SRS6_stem,2022-10-17,SRS6,tree,stem,NA,LGR2,rebuild fit (stage 03),13:05:00,13:09:00,2022,10,wet,27.391000003333335,NA,NA,NA,NA,NA,460.99555555555554,107.68,1366.9955555555557,0.316772292378688,HM,MAE | AICc | Intercept,valid,FALSE,TRUE,9.125125388968057,0.315983259656132,0.847002861059734,1.26130167756649e-99,0.316772292378688,0.846772138405663,1.43960607625502,HM,NA,valid,FALSE,FALSE,145.12375940209552,1.22084548725251,0.997339355558302,6.05468322577186e-293,1.43960607625502,0.999225538890288,0,NA,0,0,FALSE,valid,healthy,NA
Oct_22_43_SRS6_stem,2022-10-17,SRS6,tree,stem,NA,LGR2,rebuild fit (stage 03),13:12:15,13:15:15,2022,10,wet,27.628558336666668,NA,NA,NA,NA,NA,460.99555555555554,107.68,1366.9955555555557,0.115979116770097,HM,AICc | Intercept,valid,FALSE,FALSE,3.217179531960527,0.11531764424303,0.475867800727102,4.03345336236175e-27,0.115979116770097,0.475782060754286,1.82098306438731,HM,RMSE | AICc,valid,FALSE,FALSE,134.16124553534638,1.79277670340172,0.999379384111253,3.28205073990639e-289,1.82098306438731,0.999367803071245,0,NA,0,0,FALSE,valid,healthy,NA
Oct_22_44_SRS6_stem,2022-10-17,SRS6,tree,stem,NA,LGR2,rebuild fit (stage 03),13:24:00,13:28:00,2022,10,wet,27.807366668,NA,NA,NA,NA,NA,1106.6016666666667,213.35,2012.601666666667,0.0326842885306085,LM,g-fact. > 2 | Intercept,valid,TRUE,FALSE,6.862660182997571,0.0326842885306085,0.161121032929285,5.7638447260422186e-11,0.0932721977457603,0.18877560290387,2.08985563550765,HM,NA,valid,FALSE,FALSE,321.67305702800536,1.9978919472729,0.999713133746781,0,2.08985563550765,0.999851220992416,0,NA,0,0,FALSE,valid,healthy,NA
Oct_22_45_SRS6_stem,2022-10-17,SRS6,tree,stem,NA,LGR2,rebuild fit (stage 03),13:38:00,13:41:00,2022,10,wet,27.945344442666663,NA,NA,NA,NA,NA,1106.6016666666667,213.35,2012.601666666667,0.191465851596947,HM,Intercept,valid,FALSE,FALSE,4.558404149320252,0.103652940893644,0.566364117722656,1.5914764445805596e-34,0.191465851596947,0.580918468274223,1.98906839284346,HM,NA,valid,FALSE,FALSE,192.04928177031343,1.89620581124976,0.9995306567384,4.53807691856481e-293,1.98906839284346,0.999686215121016,0,NA,0,0,FALSE,valid,healthy,NA
Oct_22_46_SRS6_stem,2022-10-17,SRS6,tree,stem,NA,LGR2,rebuild fit (stage 03),13:43:30,13:46:30,2022,10,wet,27.999549997,NA,NA,NA,NA,NA,1106.6016666666667,213.35,2012.601666666667,0.166560050028502,HM,Intercept (LM),valid,FALSE,FALSE,3.500086699219477,0.0889140263693484,0.433045933650799,4.7644155669884704e-24,0.166560050028502,0.447980895104086,1.98852475645657,HM,NA,valid,FALSE,FALSE,191.55311798884992,1.85427271111332,0.999344904438901,4.1473508382088593e-287,1.98852475645657,0.999681075217856,0,NA,0,0,FALSE,valid,healthy,NA
Oct_22_48_SRS6_root,2022-10-17,SRS6,tree,root,NA,LGR2,rebuild fit (stage 03),13:56:00,13:59:00,2022,10,wet,28.025822221333332,NA,NA,NA,NA,NA,254.53666666666663,40.45,1160.5366666666664,125.767128417439,HM,NA,valid,FALSE,TRUE,919.8660342090964,106.328131441233,0.998012310320086,5.7674936013701e-244,125.767128417439,0.999985491861083,9.08184487149905,HM,NA,valid,FALSE,FALSE,267.2483080775626,8.36428218249764,0.999368867570436,1.47666944359972e-288,9.08184487149905,0.999835151459869,0,NA,0,0,FALSE,valid,healthy,NA
Oct_22_47_SRS6_root,2022-10-17,SRS6,tree,root,NA,LGR2,rebuild fit (stage 03),14:02:00,14:05:00,2022,10,wet,28.032088889333338,NA,NA,NA,NA,NA,254.53666666666663,40.45,1160.5366666666664,0.0514356241729043,HM,AICc | MDF | Intercept,valid,TRUE,FALSE,0.6830183830074199,0.0514302839563441,0.0331447335008566,0.00810046382779475,0.0514356241729043,0.0331358242364636,2.15744498285981,HM,NA,valid,FALSE,FALSE,75.6640695999297,1.99807035249665,0.997551759633553,7.266501720465537e-236,2.15744498285981,0.997952704389912,0,NA,0,0,FALSE,valid,healthy,NA
Oct_22_31_SRS6_stem,2022-10-17,SRS6,tree,stem,NA,LGR2,rebuild fit (stage 03),14:13:00,14:17:00,2022,10,wet,28.043577780666663,NA,NA,NA,NA,NA,254.53666666666663,40.45,1160.5366666666664,0.160095994094363,HM,AICc,valid,FALSE,TRUE,1.9302654422695185,0.160185378263099,0.194871485153238,3.89848911863448e-13,0.160095994094363,0.194794590346766,2.82372033975987,HM,NA,valid,FALSE,FALSE,118.16939154538102,2.59131407685655,0.998377900862597,0,2.82372033975987,0.998876158239177,0,NA,0,0,FALSE,valid,healthy,NA
Oct_22_32_SRS6_stem,2022-10-17,SRS6,tree,stem,NA,LGR2,rebuild fit (stage 03),14:19:00,14:22:00,2022,10,wet,28.022244447333332,NA,NA,NA,NA,NA,254.53666666666663,40.45,1160.5366666666664,0.0774902780023333,HM,AICc | Intercept,valid,TRUE,TRUE,0.9135229386773156,0.0775560315031851,0.0633315366107365,3.7093173720247e-4,0.0774902780023333,0.0633049454960447,2.40479044540885,HM,NA,valid,FALSE,FALSE,88.34377025931089,2.33148184462079,0.998466454813179,4.77018767334816e-254,2.40479044540885,0.998531354834176,0,NA,0,0,FALSE,valid,healthy,NA
Oct_22_34_SRS6_root,2022-10-17,SRS6,tree,root,NA,LGR2,rebuild fit (stage 03),14:35:00,14:39:00,2022,10,wet,27.928555556666662,NA,NA,NA,NA,NA,254.53666666666663,40.45,1160.5366666666664,0.0671664302982831,LM,g-fact. > 2 | Intercept,valid,TRUE,FALSE,3.971020007242847,0.0671664302982831,0.0579701611383269,9.47343302789015e-5,0.188979328418159,0.118832183672972,2.95701192723925,HM,NA,valid,FALSE,FALSE,130.72515705282714,2.21315475618453,0.993039638756251,4.9157311698831596e-260,2.95701192723925,0.998988275452591,0,NA,0,0,FALSE,valid,healthy,NA
Oct_22_35_SRS6_CWD,2022-10-17,SRS6,tree,cwd,NA,LGR2,rebuild fit (stage 03),15:06:00,15:09:00,2022,10,wet,28.013266669,NA,NA,NA,NA,NA,460.99555555555554,107.68,1366.9955555555557,0.973509752219693,HM,Intercept (HM),valid,FALSE,FALSE,21.52214037764564,0.756445760596257,0.968585852325811,1.1425920085721198e-136,0.973509752219693,0.9731570461427,1.85818814536886,HM,MAE | AICc,valid,FALSE,FALSE,127.685137022842,1.82929420738282,0.999317273355248,1.6734132180957397e-285,1.85818814536886,0.999302166433784,0,NA,0,0,FALSE,valid,healthy,NA
Oct_22_36_SRS6_CWD,2022-10-17,SRS6,tree,cwd,NA,LGR2,rebuild fit (stage 03),15:15:30,15:18:30,2022,10,wet,28.070577781,NA,NA,NA,NA,NA,460.99555555555554,107.68,1366.9955555555557,0.916295319501428,HM,AICc,valid,FALSE,TRUE,21.684372437832145,0.907519657793586,0.976575906715776,4.4488168152282386e-148,0.916295319501428,0.976438569997516,5.7199798996015,HM,NA,valid,FALSE,FALSE,349.5340016817824,5.38388470101613,0.999652969339709,8.34373398017403e-293,5.7199798996015,0.999904654913879,0,NA,0,0,FALSE,valid,healthy,NA
Oct_22_37_SRS6_CWD,2022-10-17,SRS6,tree,cwd,NA,LGR2,rebuild fit (stage 03),15:27:00,15:30:00,2022,10,wet,27.976533334,NA,NA,NA,NA,NA,460.99555555555554,107.68,1366.9955555555557,0.644995248865675,HM,AICc | Intercept,valid,FALSE,FALSE,6.473520553926162,0.631350540334699,0.78548596873352206,5.95803328859023e-62,0.644995248865675,0.785523086547156,7.1718580772963,HM,NA,valid,FALSE,FALSE,216.6244945245375,6.8597879251606,0.999620408647478,2.55419999588514e-293,7.1718580772963,0.999753766504958,0,NA,0,0,FALSE,valid,healthy,NA
Oct_22_38_SRS6_stem,2022-10-17,SRS6,tree,stem,NA,LGR2,rebuild fit (stage 03),15:42:00,15:45:00,2022,10,wet,27.853866664,NA,NA,NA,NA,NA,1106.6016666666667,213.35,2012.601666666667,0.204771443246643,HM,AICc,valid,FALSE,TRUE,7.637625436473517,0.203859283936335,0.83764140697904,8.583768180951041e-73,0.204771443246643,0.837459159085227,2.02635625517195,HM,NA,valid,FALSE,FALSE,191.3525265454508,1.96794443765859,0.999628934061398,3.34438251510097e-293,2.02635625517195,0.999686871050211,0,NA,0,0,FALSE,valid,healthy,NA
Oct_22_39_SRS6_stem,2022-10-17,SRS6,tree,stem,NA,LGR2,rebuild fit (stage 03),15:49:00,15:53:00,2022,10,wet,27.742444442,NA,NA,NA,NA,NA,1106.6016666666667,213.35,2012.601666666667,0.113265438839289,HM,Intercept,valid,FALSE,FALSE,4.4505696215771335,0.0669069139124386,0.496190617875253,1.16378444115323e-37,0.113265438839289,0.507162759176172,2.51187449869632,HM,NA,valid,FALSE,FALSE,390.6011493951829,2.36025381502682,0.999632690515056,0,2.51187449869632,0.999898237092583,0,NA,0,0,FALSE,valid,healthy,NA
Oct_22_40_SRS6_stem,2022-10-17,SRS6,tree,stem,NA,LGR2,rebuild fit (stage 03),15:55:00,15:58:00,2022,10,wet,27.61211111,NA,NA,NA,NA,NA,1106.6016666666667,213.35,2012.601666666667,0.015512220823511,HM,AICc | MDF | Intercept,valid,TRUE,TRUE,0.5833646326408388,0.0155237737629905,0.0236568604322619,0.0217210969313263,0.015512220823511,0.0236478414364377,2.44231272500548,HM,NA,valid,FALSE,FALSE,241.5635207942381,2.32808192364862,0.999644785225724,6.72026344702987e-293,2.44231272500548,0.999801632316363,0,NA,0,0,FALSE,valid,healthy,NA
Oct_22_59_SRS6_stem,2022-10-17,SRS6,tree,stem,NA,LGR3,rebuild fit (stage 03),10:59:33,11:02:33,2022,10,wet,26.85517666505,27.4,NA,NA,NA,NA,1106.6016666666667,213.35,2012.601666666667,0.0590268974458978,HM,AICc | Intercept,valid,TRUE,FALSE,1.5924077282256022,0.0589322823323787,0.167887522678195,1.3476024392642602e-9,0.0590268974458978,0.167842508115635,2.60631527861626,HM,NA,valid,FALSE,FALSE,163.35330069081428,2.5431603307937,0.999492650923532,1.97626258336499e-293,2.60631527861626,0.999533421831479,0,NA,0,0,FALSE,valid,healthy,NA
Oct_22_61_SRS6_stem,2022-10-17,SRS6,tree,stem,NA,LGR3,rebuild fit (stage 03),11:09:35,11:12:35,2022,10,wet,26.75462036763889,27.4,NA,NA,NA,NA,1106.6016666666667,213.35,2012.601666666667,0.898199046695241,HM,NA,valid,FALSE,FALSE,19.079078709716025,0.640240170797906,0.954825673086563,2.7778041210987395e-129,0.898199046695241,0.962901090917478,2.41290408383601,HM,NA,valid,FALSE,FALSE,150.57307241929036,2.2172981604178,0.998960073509858,4.5033104116637095e-284,2.41290408383601,0.999451612325221,0,NA,0,0,FALSE,valid,healthy,NA
Oct_22_60_SRS6_stem,2022-10-17,SRS6,tree,stem,NA,LGR3,rebuild fit (stage 03),11:19:05,11:22:35,2022,10,wet,26.68635925683333,27.4,NA,NA,NA,NA,460.99555555555554,107.68,1366.9955555555557,0.156026812984118,HM,AICc,valid,FALSE,FALSE,3.480722694240451,0.155126505649041,0.471399853371279,1.13285454602793e-31,0.156026812984118,0.471308171654254,2.08840387172604,HM,NA,valid,FALSE,TRUE,142.51183368715604,1.99001043817722,0.99916153918216,0,2.08840387172604,0.999320024629656,0,NA,0,0,FALSE,valid,healthy,NA
Oct_22_62_SRS6_root,2022-10-17,SRS6,tree,root,NA,LGR3,rebuild fit (stage 03),11:27:15,11:30:30,2022,10,wet,26.6584111105,27.4,NA,NA,NA,NA,254.53666666666663,40.45,1160.5366666666664,4.08163008832779,HM,SE | Intercept,valid,FALSE,FALSE,9.170480288370294,2.53333224111929,0.857333800571345,4.2445186207548e-65,4.08163008832779,0.877195848485491,2.36979315443223,HM,SE,valid,FALSE,FALSE,32.257744436303774,1.56033386892782,0.976606889213893,1.25976000364012e-123,2.36979315443223,0.989083350536383,0,NA,0,0,FALSE,valid,healthy,NA
Oct_22_63_SRS6_stem,2022-10-17,SRS6,tree,stem,NA,LGR3,rebuild fit (stage 03),12:14:39,12:17:38,2022,10,wet,26.374303336666667,26.8,NA,NA,NA,NA,460.99555555555554,107.68,1366.9955555555557,0.12763500872727301,HM,AICc | Intercept,valid,TRUE,FALSE,2.133030341341723,0.127079061940369,0.31649744669293,1.5527965200845e-14,0.12763500872727301,0.316441125007749,5.63016127203389,HM,NA,valid,FALSE,FALSE,204.7465697859708,5.37318633452313,0.999613202222068,3.42807378792747e-263,5.63016127203389,0.999763657484839,0,NA,0,0,FALSE,valid,healthy,NA
Oct_22_64_SRS6_stem,2022-10-17,SRS6,tree,stem,NA,LGR3,rebuild fit (stage 03),12:21:04,12:24:10,2022,10,wet,26.445275558888888,26.8,NA,NA,NA,NA,460.99555555555554,107.68,1366.9955555555557,0.0645916961816792,HM,AICc | Intercept,valid,TRUE,TRUE,1.2398458805502801,0.0646495889539242,0.0948395515428365,1.41051334596392e-6,0.0645916961816792,0.0948004168828508,1.07593606344332,HM,SE | AICc | Intercept,valid,FALSE,TRUE,5.449924122116514,1.07250801176717,0.677466323207019,3.5749325800734797e-57,1.07593606344332,0.677308904344499,0,NA,0,0,FALSE,valid,healthy,NA
Oct_22_65_SRS6_stem,2022-10-17,SRS6,tree,stem,NA,LGR3,rebuild fit (stage 03),12:29:31,12:32:32,2022,10,wet,26.547802225555557,26.8,NA,NA,NA,NA,460.99555555555554,107.68,1366.9955555555557,0.100112669001204,HM,AICc,valid,FALSE,FALSE,2.5865598654205524,0.099758529897856,0.332579307176863,1.69775841772573e-20,0.100112669001204,0.332505138972477,4.3763504104558,HM,NA,valid,FALSE,FALSE,261.95009737231936,4.18511205395982,0.999664824443124,0,4.3763504104558,0.999801789743518,0,NA,0,0,FALSE,valid,healthy,NA
Oct_22_66_SRS6_root,2022-10-17,SRS6,tree,root,NA,LGR3,rebuild fit (stage 03),12:42:44,12:45:45,2022,10,wet,26.70816444777778,26.8,NA,NA,NA,NA,254.53666666666663,40.45,1160.5366666666664,0.472707032452532,HM,SE | AICc | Intercept,valid,FALSE,TRUE,1.7179536133711033,0.473168575273884,0.198936805459886,8.480641024016879e-11,0.472707032452532,0.19884823820072,5.51716291360024,HM,SE,valid,FALSE,FALSE,114.63362904186464,4.35723080477042,0.995049448051201,1.4252189516691996e-216,5.51716291360024,0.998998603202659,0,NA,0,0,FALSE,valid,healthy,NA
Oct_22_57_SRS6_stem,2022-10-17,SRS6,tree,stem,NA,LGR3,rebuild fit (stage 03),14:27:08,14:30:40,2022,10,wet,27.974619261244445,26.9,NA,NA,NA,NA,460.99555555555554,107.68,1366.9955555555557,1.89366851837599,HM,NA,valid,FALSE,FALSE,34.454896579471836,1.81205102515315,0.990753998214126,4.9652288665319e-174,1.89366851837599,0.990889029262721,1.28241080331744,HM,SE | Intercept,valid,FALSE,FALSE,18.21291913799493,0.879659783902061,0.953920891384716,4.43609750692784e-115,1.28241080331744,0.962908190065435,0,NA,0,0,FALSE,valid,healthy,NA
Oct_22_58_SRS6_stem,2022-10-17,SRS6,tree,stem,NA,LGR3,rebuild fit (stage 03),14:34:35,14:37:35,2022,10,wet,27.93099537152778,26.9,NA,NA,NA,NA,254.53666666666663,40.45,1160.5366666666664,-0.643115634990699,HM,SE | AICc | Intercept,valid,FALSE,TRUE,1.3877830844637538,-0.539753934812317,0.182985227849072,5.90710812969377e-7,-0.643115634990699,0.184158024691194,-25.5812410619689,HM,SE,valid,FALSE,TRUE,22.991681007913453,-15.7836661581904,0.964081715910476,4.96631828680514e-88,-25.5812410619689,0.982408583523079,0,NA,0,0,FALSE,valid,healthy,NA
44851_SRS6_Soil_41,2022-10-17,SRS6,surface,soil,soil,Picarro,rebuild fit (stage 03),08:55:47,08:59:00,2022,10,wet,25.72858092498889,27.2,NA,0.7,NA,NA,1680,182.4,2593,7.20869899263815,LM,RMSE | MAE | SE | AICc,valid,FALSE,TRUE,71.35155282890187,7.20869899263815,0.994334879524828,3.21487602430051e-33,7.24987586480704,0.994139819034369,4.82572279085479,LM,SE | g-fact. > 2 | Intercept,valid,FALSE,TRUE,4.381217974235239,4.82572279085479,0.369855555942061,1.327147777543e-4,38.6756906604026,0.733832937956518,0,NA,0,0,FALSE,valid,healthy,NA
44851_SRS6_Soil_42,2022-10-17,SRS6,surface,soil,soil,Picarro,rebuild fit (stage 03),09:09:00,09:12:10,2022,10,wet,25.944600002,27.1,NA,0,NA,NA,1680,182.4,2593,2.06754130502899,HM,SE | Intercept,valid,FALSE,TRUE,8.75543187896968,1.35101839776495,0.958984664532631,3.55264307899933e-21,2.06754130502899,0.971865566906214,-0.745823001313072,LM,RMSE | MAE | SE | AICc,valid,FALSE,TRUE,33.60738361325266,-0.745823001313072,0.974103467148008,8.926069845219538e-25,-0.76161549173563,0.973002329637301,0,NA,0,0,FALSE,valid,healthy,NA
44851_SRS6_Soil_43,2022-10-17,SRS6,surface,soil,soil,Picarro,rebuild fit (stage 03),09:18:18,09:21:18,2022,10,wet,26.0730633363,27,NA,0.5,NA,NA,1680,182.4,2593,8.32377120835112,LM,SE,valid,FALSE,FALSE,43.10418925153118,8.32377120835112,0.985145662281692,1.95862008152e-26,12.2166478941147,0.996516046460634,9.2004770619212,LM,SE | g-fact. > 2 | Intercept,valid,FALSE,TRUE,5.148145120855197,9.2004770619212,0.476668775652714,2.04580779640696e-5,61.1907532403958,0.815931234224764,0,NA,0,0,FALSE,valid,healthy,NA
44851_SRS6_Soil_44,2022-10-17,SRS6,surface,soil,soil,Picarro,rebuild fit (stage 03),09:44:10,09:47:10,2022,10,wet,26.311324074166667,27.2,NA,0,NA,NA,1680,182.4,2593,11.353840656493,LM,SE | nb.obs,valid,FALSE,TRUE,28.872125918946953,11.353840656493,0.982302968227558,7.07700629051696e-14,14.9842434653946,0.988451485391775,1.71379966394934,LM,SE | nb.obs,valid,FALSE,FALSE,22.965071501284847,1.71379966394934,0.972293775067892,1.63831505793361e-12,2.48432250379332,0.98458368558519,0,NA,0,0,FALSE,valid,healthy,NA
44851_SRS6_Soil_45,2022-10-17,SRS6,surface,soil,soil,Picarro,rebuild fit (stage 03),09:50:30,09:53:30,2022,10,wet,26.41323333333333,27.1,NA,0,NA,NA,1680,182.4,2593,11.6755219138098,LM,SE | AICc,valid,FALSE,TRUE,106.42883562637954,11.6755219138098,0.997621794291321,7.39448256571306e-36,12.0523922601588,0.997700651439264,-7.5838363828215e-4,LM,SE | AICc | g-fact. < 0.5 | p-value | MDF | Intercept,valid,TRUE,TRUE,0.00239926217696752,-7.5838363828215e-4,-0.0384613085438574,0.998103982009212,-7.96970570337351e-5,-0.038461463146563,0,NA,0,0,FALSE,valid,healthy,NA
44851_SRS6_Soil_47,2022-10-17,SRS6,surface,soil,soil,Picarro,rebuild fit (stage 03),10:30:40,10:33:40,2022,10,wet,26.920733333333335,26.8,NA,0,NA,NA,1680,182.4,2593,17.5087066552007,LM,SE,valid,FALSE,FALSE,191.81326939538337,17.5087066552007,0.99932095343586,9.49493555825895e-40,18.1774901410604,0.999428557921463,1.34364406483342,LM,SE | g-fact. > 2 | Intercept,valid,FALSE,FALSE,9.178177577232535,1.34364406483342,0.769029508340589,2.55290726384987e-9,5.42889285447348,0.958448689103117,0,NA,0,0,FALSE,valid,healthy,NA
44851_SRS6_Soil_48,2022-10-17,SRS6,surface,soil,soil,Picarro,rebuild fit (stage 03),10:56:20,11:00:20,2022,10,wet,26.887414813555555,26.8,NA,1,NA,NA,1680,182.4,2593,118.714741191228,LM,SE | AICc | nb.obs,valid,FALSE,TRUE,6.921724863504468,118.714741191228,0.921430409826894,0.00618187937359116,140.842952364173,0.92391442022489,NA,NA,NA,no_data,FALSE,FALSE,NA,NA,NA,NA,NA,NA,0,NA,0,0,FALSE,valid,healthy,NA
44851_SRS6_Soil_49,2022-10-17,SRS6,surface,soil,soil,Picarro,rebuild fit (stage 03),11:06:00,11:09:00,2022,10,wet,26.790533331,26.5,NA,0,NA,NA,1680,182.4,2593,3.36072812790876,LM,SE | AICc | nb.obs,valid,FALSE,TRUE,21.5818913089593,3.36072812790876,0.972790710237966,5.7249290154349485e-11,3.38159505247231,0.97263182446599,0.34911819669011,LM,SE | g-fact. > 2 | Intercept (LM) | nb.obs,valid,FALSE,FALSE,6.635957087198705,0.34911819669011,0.754540661313488,1.62274934144976e-5,1.5780921791581,0.980008606161385,0,NA,0,0,FALSE,valid,healthy,NA
44851_SRS6_Soil_50,2022-10-17,SRS6,surface,soil,soil,Picarro,rebuild fit (stage 03),11:39:20,11:42:20,2022,10,wet,26.61705926133333,26.5,NA,0,NA,NA,1680,182.4,2593,14.4179799310581,LM,SE | AICc | nb.obs,valid,FALSE,TRUE,21.731340557072755,14.4179799310581,0.977190312358882,9.51744553863496e-10,16.0823196967811,0.978332978219186,-2.64494058064806,LM,SE | g-fact. > 2 | Intercept (LM) | nb.obs,valid,FALSE,TRUE,8.927968570560033,-2.64494058064806,0.887271402343883,9.11773082591506e-6,-6.309202643954,0.97288805206304,0,NA,0,0,FALSE,valid,healthy,NA
44851_SRS6_Soil_46,2022-10-17,SRS6,surface,soil,soil,Picarro,rebuild fit (stage 03),11:51:35,11:55:35,2022,10,wet,26.54807222555555,27,NA,0,NA,NA,1680,182.4,2593,3.25395966672558,LM,MAE | SE | AICc | nb.obs,valid,FALSE,TRUE,45.71791188276788,3.25395966672558,0.99287115314185,1.21279602259965e-16,3.40313730581123,0.993031967272447,-2.65342080726295,LM,SE | AICc | Intercept | nb.obs,valid,FALSE,TRUE,7.514323692515234,-2.65342080726295,0.787128516123799,2.81700563809552e-6,-4.63685623474028,0.821523169253618,0,NA,0,0,FALSE,valid,healthy,NA
Oct_22_67_FLM30_stem,2022-10-18,FLM30,tree,stem,NA,LGR2,rebuild fit (stage 03),11:57:48,12:03:54,2022,10,wet,27.930342221733333,29.8,NA,15,NA,NA,254.53666666666663,40.45,1160.5366666666664,26.8481663352803,LM,RMSE | MAE | AICc,valid,FALSE,FALSE,2454.0476809525235,26.8481663352803,0.999939064037449,0,27.273368439682798,0.999923461924039,3.07677085927072,HM,NA,valid,FALSE,FALSE,249.31572000918217,2.50970807458697,0.996692453717796,0,3.07677085927072,0.999591694867216,0,NA,0,0,FALSE,valid,ghost,NA
Oct_22_68_FLM30_stem,2022-10-18,FLM30,tree,stem,NA,LGR2,rebuild fit (stage 03),12:10:14,12:14:05,2022,10,wet,27.959491483755556,29.8,NA,15,NA,NA,254.53666666666663,40.45,1160.5366666666664,1.70641052472829,HM,AICc,valid,FALSE,TRUE,25.29814328206235,1.69271101643072,0.97791991789622,1.17163208842807e-192,1.70641052472829,0.977789051173502,3.708827808185,HM,NA,valid,FALSE,FALSE,153.78661698746512,3.44194976390253,0.99898732846695,0,3.708827808185,0.999364507155975,0,NA,0,0,FALSE,valid,ghost,NA
Oct_22_69_FLM30_stem,2022-10-18,FLM30,tree,stem,NA,LGR2,rebuild fit (stage 03),12:24:46,12:28:49,2022,10,wet,27.970992225555555,29.8,NA,15,NA,NA,254.53666666666663,40.45,1160.5366666666664,0.0447245789500772,HM,AICc | Intercept,valid,TRUE,FALSE,0.8449445609376044,0.0447423220199091,0.0406808419946842,8.9850800295384e-4,0.0447245789500772,0.0406701580727187,3.93574921822794,HM,NA,valid,FALSE,FALSE,208.32861434208348,3.84631417967506,0.999616373456442,0,3.93574921822794,0.999645004583501,0,NA,0,0,FALSE,valid,ghost,NA
Oct_22_70_FLM30_stem,2022-10-18,FLM30,tree,stem,NA,LGR2,rebuild fit (stage 03),12:38:09,12:42:39,2022,10,wet,27.97143833666667,30.2,NA,31,NA,NA,254.53666666666663,40.45,1160.5366666666664,70.1948286048435,LM,RMSE | MAE | SE | AICc,valid,FALSE,TRUE,187.75645022576097,70.1948286048435,0.992398966734068,2.8114043575195493e-287,70.492190543605,0.99218641813459,5.744689802993,HM,SE,valid,FALSE,FALSE,173.1715226063543,4.73325794656923,0.996820644987341,0,5.744689802993,0.999379874857037,0,NA,0,0,FALSE,valid,ghost,NA
Oct_22_71_FLM30_stem,2022-10-18,FLM30,tree,stem,NA,LGR2,rebuild fit (stage 03),12:48:40,12:52:22,2022,10,wet,27.95329259511111,30.5,NA,31,NA,NA,254.53666666666663,40.45,1160.5366666666664,2.06660953172037,LM,SE | g-fact. > 2 | Intercept (LM),valid,FALSE,FALSE,42.598752867411825,2.06660953172037,0.890506668549485,8.099739829645999e-109,6.00492905413434,0.980645208530823,1.33879079273911,LM,SE | g-fact. > 2 | Intercept (LM),valid,FALSE,FALSE,64.51993765844907,1.33879079273911,0.949142750650571,8.47153042678361e-146,2.93721407074652,0.996459121678836,0,NA,0,0,FALSE,valid,ghost,NA
Oct_22_72_FLM30_stem,2022-10-18,FLM30,tree,stem,NA,LGR2,rebuild fit (stage 03),12:57:24,13:02:35,2022,10,wet,27.909528889466667,30.5,NA,31,NA,NA,254.53666666666663,40.45,1160.5366666666664,0.183730736814847,LM,SE | g-fact. > 2 | Intercept,valid,FALSE,FALSE,14.545910178211356,0.183730736814847,0.402966234072273,6.31772293613228e-37,1.50845222010608,0.637599927251436,2.28701391969381,LM,SE | g-fact. > 2 | Intercept (LM),valid,FALSE,FALSE,81.3469843802532,2.28701391969381,0.954967516235995,1.1792264166750999e-211,4.78022566428918,0.993380384533881,0,NA,0,0,FALSE,valid,ghost,NA
Oct_22_73_FLM30_stem,2022-10-18,FLM30,tree,stem,NA,LGR2,rebuild fit (stage 03),13:15:12,13:18:57,2022,10,wet,27.820942218933336,30.8,NA,12,NA,NA,254.53666666666663,40.45,1160.5366666666664,371.862067331412,HM,NA,valid,FALSE,TRUE,687.2333273777645,326.121433514696,0.998768230233008,0,371.862067331412,0.999968111807193,4.69560980638699,HM,NA,valid,FALSE,FALSE,201.86297247601064,3.65072814338944,0.995124427014383,3.71183558893008e-261,4.69560980638699,0.99960881517817,0,NA,0,0,FALSE,valid,ghost,NA
Oct_22_74_FLM30_stem,2022-10-18,FLM30,tree,stem,NA,LGR2,rebuild fit (stage 03),13:30:00,13:35:20,2022,10,wet,27.792,30.8,NA,12,NA,NA,460.99555555555554,107.68,1366.9955555555557,6.18084974552497,HM,NA,valid,FALSE,FALSE,84.27184396844254,4.39979058177648,0.988747592106594,4.06427345485628e-293,6.18084974552497,0.99669050965794,2.09028347413361,HM,NA,valid,FALSE,FALSE,275.23321145832125,1.47972419287877,0.991148452291119,0,2.09028347413361,0.999688061517577,0,NA,0,0,FALSE,valid,ghost,NA
Oct_22_75_FLM30_stem,2022-10-18,FLM30,tree,stem,NA,LGR2,rebuild fit (stage 03),13:41:37,13:50:46,2022,10,wet,27.769282965544445,30.8,NA,12,NA,NA,460.99555555555554,107.68,1366.9955555555557,0.0936374624645065,LM,SE | g-fact. > 2 | Intercept,valid,FALSE,TRUE,2.1183957494419,0.0936374624645065,0.00628977068454706,0.0345893555763269,2.37438674882424,0.057976448886569,-1.57264641385195,LM,RMSE | MAE | SE | AICc | Intercept,valid,FALSE,TRUE,13.307730641385776,-1.57264641385195,0.242190505486996,3.1470564634258996e-35,-1.63280850801957,0.219567908113122,0,NA,0,0,FALSE,valid,ghost,NA
Oct_22_76_FLM30_stem,2022-10-18,FLM30,tree,stem,NA,LGR2,rebuild fit (stage 03),13:54:20,13:58:20,2022,10,wet,27.746903706,30.8,NA,12,NA,NA,460.99555555555554,107.68,1366.9955555555557,0.0319863982821364,HM,AICc | Intercept,valid,TRUE,FALSE,1.1934793003230504,0.0319373163331117,0.0827100924900597,3.38254584704496e-6,0.0319863982821364,0.0826857231907748,1.62090009758463,HM,NA,valid,FALSE,FALSE,104.16761318230776,1.39349988242384,0.996967699719777,3.69847321957024e-293,1.62090009758463,0.99850732702569,0,NA,0,0,FALSE,valid,ghost,NA
Oct_22_77_FLM30_stem,2022-10-18,FLM30,tree,stem,NA,LGR2,rebuild fit (stage 03),14:10:01,14:13:50,2022,10,wet,27.72041629685,31.1,NA,18,NA,NA,254.53666666666663,40.45,1160.5366666666664,70.3137613639824,HM,SE,valid,FALSE,TRUE,177.4863082798231,59.7320842966147,0.997646158780604,7.74329379949315e-293,70.3137613639824,0.999506111149911,4.51066042095263,HM,NA,valid,FALSE,FALSE,187.1700509731253,3.72545156763024,0.996992461291644,1.05329315458265e-289,4.51066042095263,0.999549871300815,0,NA,0,0,FALSE,valid,ghost,NA
Oct_22_78_FLM30_stem,2022-10-18,FLM30,tree,stem,NA,LGR2,rebuild fit (stage 03),14:22:36,14:26:02,2022,10,wet,27.7075244436,31.1,NA,18,NA,NA,254.53666666666663,40.45,1160.5366666666664,0.414986548455407,HM,AICc | Intercept,valid,FALSE,FALSE,5.071354339295081,0.358835980075692,0.647859983630273,1.4447849238089e-48,0.414986548455407,0.648724164831401,1.0037580152202,HM,SE,valid,FALSE,FALSE,28.503872609810557,0.684902193856083,0.970484222930635,5.198548683447048e-159,1.0037580152202,0.981285818356322,0,NA,0,0,FALSE,valid,ghost,NA
Oct_22_79_FLM30_stem,2022-10-18,FLM30,tree,stem,NA,LGR2,rebuild fit (stage 03),14:31:14,14:34:15,2022,10,wet,27.702440368566663,31.1,NA,18,NA,NA,254.53666666666663,40.45,1160.5366666666664,0.717284055798206,HM,NA,valid,FALSE,FALSE,6.176685205679135,0.475040316220988,0.723900971090237,2.09796480273803e-52,0.717284055798206,0.733962529521607,4.54051317758997,HM,SE,valid,FALSE,FALSE,109.0119862698732,4.02055221228675,0.997945317471315,5.065462960438459e-244,4.54051317758997,0.998985166447724,0,NA,0,0,FALSE,valid,ghost,NA
Oct_22_80_FLM30_stem,2022-10-18,FLM30,tree,root,NA,LGR2,rebuild fit (stage 03),15:22:55,15:25:55,2022,10,wet,27.597060183611113,31.1,NA,18,NA,NA,254.53666666666663,40.45,1160.5366666666664,0.148046782569743,LM,SE | g-fact. > 2 | Intercept (LM),valid,TRUE,FALSE,7.397032927402512,0.148046782569743,0.229834823652099,5.19255615458186e-12,0.407023787316828,0.255891929677027,4.38217076130998,HM,SE,valid,FALSE,FALSE,100.11094440965562,3.60689923508085,0.996105685296301,7.994214164128017e-218,4.38217076130998,0.998760734525749,0,NA,0,0,FALSE,valid,ghost,NA
Oct_22_81_FLM30_root,2022-10-18,FLM30,tree,root,NA,LGR2,rebuild fit (stage 03),15:39:32,15:43:00,2022,10,wet,27.523023705822222,31.1,NA,18,NA,NA,254.53666666666663,40.45,1160.5366666666664,0.134743857742822,LM,SE | g-fact. > 2 | Intercept,valid,TRUE,FALSE,7.745646956780231,0.134743857742822,0.220959317064199,4.17422765752174e-13,0.417251683187998,0.256879288410388,2.62241916054711,HM,SE,valid,FALSE,FALSE,54.25627005919041,1.66318190532131,0.979915465468925,7.539476847779328e-178,2.62241916054711,0.994544236436846,0,NA,0,0,FALSE,valid,ghost,NA
Oct_22_82_FLM30_stem,2022-10-18,FLM30,tree,stem,NA,LGR2,rebuild fit (stage 03),16:02:21,16:05:44,2022,10,wet,27.571343888366663,31.1,NA,18,NA,NA,254.53666666666663,40.45,1160.5366666666664,0.276290207782288,HM,Intercept,valid,FALSE,FALSE,2.708181858622749,0.16750242653142,0.303242596864674,8.616468397603628e-18,0.276290207782288,0.311516675747151,5.82829824270233,HM,SE,valid,FALSE,FALSE,151.82929118242637,4.17500441637591,0.991388846483557,9.444091223366796e-211,5.82829824270233,0.999352139004694,0,NA,0,0,FALSE,valid,ghost,NA
Oct_22_83_FLM30_stem,2022-10-18,FLM30,tree,stem,NA,LGR2,rebuild fit (stage 03),16:16:59,16:20:23,2022,10,wet,27.62113795985,31.1,NA,18,NA,NA,460.99555555555554,107.68,1366.9955555555557,0.0941057093192116,HM,AICc | Intercept,valid,FALSE,FALSE,2.726197145036247,0.0786650233626802,0.344354857921596,1.40773277010861e-20,0.0941057093192116,0.344974861800519,3.40202509582682,HM,NA,valid,FALSE,FALSE,225.6604336148924,2.78779000102707,0.996930576708291,2.9374091246770103e-257,3.40202509582682,0.999722916803001,0,NA,0,0,FALSE,valid,ghost,NA
Oct_22_84_FLM30_stem,2022-10-18,FLM30,tree,stem,NA,LGR3,rebuild fit (stage 03),11:09:10,11:12:10,2022,10,wet,27.934027781111112,NA,NA,10,NA,NA,460.99555555555554,107.68,1366.9955555555557,29.2952659205865,HM,NA,valid,FALSE,TRUE,439.5537637538371,28.3028447671139,0.999846547587766,0,29.2952659205865,0.99992731395726,0.931497246713651,LM,RMSE | MAE | SE | AICc | Intercept,valid,FALSE,TRUE,121.16985436623057,0.931497246713651,0.9852360229632,1.11051148939053e-202,0.936489526442372,0.985056248372865,0,NA,0,0,FALSE,valid,ghost,NA
Oct_22_85_FLM30_stem,2022-10-18,FLM30,tree,stem,NA,LGR3,rebuild fit (stage 03),11:19:35,11:22:35,2022,10,wet,27.939587965277777,NA,NA,10,NA,NA,460.99555555555554,107.68,1366.9955555555557,2.07330224816435,LM,SE | g-fact. > 2 | Intercept,valid,FALSE,FALSE,17.947082472633674,2.07330224816435,0.54879336705116,1.42390554867513e-47,6.67113497436933,0.641160817159091,2.87514271432884,HM,SE,valid,FALSE,FALSE,70.4911864415514,1.88946731284542,0.983918943020835,4.061278816000649e-238,2.87514271432884,0.995958329680092,0,NA,0,0,FALSE,valid,ghost,NA
Oct_22_86_FLM30_stem,2022-10-18,FLM30,tree,stem,NA,LGR3,rebuild fit (stage 03),11:32:00,11:35:00,2022,10,wet,27.920411110666667,NA,NA,10,NA,NA,460.99555555555554,107.68,1366.9955555555557,0.267744539500699,HM,AICc | Intercept,valid,FALSE,FALSE,5.669460883687864,0.213838046020655,0.658955022331083,8.47814372805412e-57,0.267744539500699,0.66101692463149,2.35128146552104,HM,MAE | SE | Intercept,valid,FALSE,FALSE,45.33900356299202,2.11076019305683,0.991729087599643,7.17322301907878e-246,2.35128146552104,0.992491287626804,0,NA,0,0,FALSE,valid,ghost,NA
Oct_22_87_FLM30_stem,2022-10-18,FLM30,tree,stem,NA,LGR3,rebuild fit (stage 03),11:48:10,11:51:10,2022,10,wet,27.907757404777776,NA,NA,10,NA,NA,460.99555555555554,107.68,1366.9955555555557,4.19655692006105,HM,NA,valid,FALSE,FALSE,67.1258538114859,3.35160907550679,0.993120216597879,7.850584462056859e-237,4.19655692006105,0.996624384827523,1.00747523058714,HM,NA,valid,FALSE,FALSE,59.205380574558696,0.903939728683194,0.995098239754798,8.33322086873102e-253,1.00747523058714,0.99589896346479,0,NA,0,0,FALSE,valid,ghost,NA
Oct_22_88_FLM30_stem,2022-10-18,FLM30,tree,stem,NA,LGR3,rebuild fit (stage 03),11:58:25,12:21:25,2022,10,wet,27.93178796261111,NA,NA,10,NA,NA,460.99555555555554,107.68,1366.9955555555557,0.0742301649757159,HM,AICc | Intercept,valid,TRUE,TRUE,1.368188399573299,0.0742102194343469,0.127117435116264,1.31307927249877e-7,0.0742301649757159,0.127072394547272,1.09031511847686,HM,AICc,valid,FALSE,FALSE,53.367494563168776,1.06270506987196,0.995533157541244,7.717539446529878e-235,1.09031511847686,0.995576663340802,0,NA,0,0,FALSE,valid,ghost,NA
Oct_22_90_FLM30_stem,2022-10-18,FLM30,tree,stem,NA,LGR3,rebuild fit (stage 03),12:24:20,12:27:46,2022,10,wet,27.970977781111113,NA,NA,10,NA,NA,1106.6016666666667,213.35,2012.601666666667,47.5691474030136,HM,SE,valid,FALSE,TRUE,74.68924178224809,40.8227222913841,0.99618777509418,2.4540153716087896e-228,47.5691474030136,0.99772362074281,0.756462481041615,HM,NA,valid,FALSE,FALSE,46.45532534024659,0.636214321460433,0.991957167407719,5.08557228015501e-198,0.756462481041615,0.994080269547765,0,NA,0,0,FALSE,valid,ghost,NA
Oct_22_91_FLM30_stem,2022-10-18,FLM30,tree,stem,NA,LGR3,rebuild fit (stage 03),12:33:50,12:36:50,2022,10,wet,27.97129444777778,NA,NA,10,NA,NA,460.99555555555554,107.68,1366.9955555555557,0.48204697670329,HM,SE | AICc,valid,FALSE,FALSE,2.55508693088624,0.480823345308078,0.395966094886147,5.08215286175285e-19,0.48204697670329,0.395853356245787,2.40937633466512,LM,RMSE | SE | AICc | Intercept,valid,FALSE,FALSE,27.350400900145903,2.40937633466512,0.826335978488364,2.11912204675491e-61,2.4211310429983,0.826168736650675,0,NA,0,0,FALSE,valid,ghost,NA
Oct_22_92_FLM30_stem,2022-10-18,FLM30,tree,stem,NA,LGR3,rebuild fit (stage 03),12:57:40,13:00:40,2022,10,wet,27.908192593111114,NA,NA,10,NA,NA,460.99555555555554,107.68,1366.9955555555557,-0.0262739101623733,HM,AICc | p-value | Intercept,valid,TRUE,TRUE,1.461686046043748,-0.0262870288606712,0.0100045147142549,0.0847827976671631,-0.0262739101623733,0.00999550434199514,4.40043871347003,LM,RMSE | MAE | AICc,valid,FALSE,TRUE,753.3875057579276,4.40043871347003,0.999651279319017,0,4.46302614770842,0.999610420098027,0,NA,0,0,FALSE,valid,ghost,NA
Oct_22_93_FLM30_stem,2022-10-18,FLM30,tree,stem,NA,LGR3,rebuild fit (stage 03),13:07:10,13:17:30,2022,10,wet,27.860587035444446,NA,NA,10,NA,NA,460.99555555555554,107.68,1366.9955555555557,0.110797775946083,HM,AICc,valid,TRUE,FALSE,1.2492930494759054,0.0554399230208153,0.0808550107824475,4.3341520579145e-5,0.110797775946083,0.0841666379528153,2.42686953899564,HM,NA,valid,FALSE,FALSE,106.6064342585048,1.93980798661272,0.995300399379424,7.719260208768028e-220,2.42686953899564,0.998842706349541,0,NA,0,0,FALSE,valid,ghost,NA
Oct_22_94_FLM30_stem,2022-10-18,FLM30,tree,stem,NA,LGR3,rebuild fit (stage 03),13:17:30,13:20:30,2022,10,wet,27.81644444166667,NA,NA,13,NA,NA,1106.6016666666667,213.35,2012.601666666667,0.245536356948908,HM,AICc | Intercept,valid,FALSE,TRUE,1.7394548178885982,0.245325057451479,0.250600478520395,1.34627039251744e-10,0.245536356948908,0.250519641454458,2.22684195952165,HM,NA,valid,FALSE,FALSE,93.26221220738418,1.75961829005672,0.994871881442803,2.041183108275469e-162,2.22684195952165,0.998857825775272,0,NA,0,0,FALSE,valid,ghost,NA
Oct_22_95_FLM30_stem,2022-10-18,FLM30,tree,stem,NA,LGR3,rebuild fit (stage 03),13:26:34,13:29:50,2022,10,wet,27.79871407331111,NA,NA,13,NA,NA,1106.6016666666667,213.35,2012.601666666667,0.0696001126836226,HM,AICc | Intercept,valid,TRUE,TRUE,0.7462853056375,0.0696786705155771,0.0527475014709572,0.00366236510527032,0.0696001126836226,0.0527220578391009,2.4512217931502,HM,SE,valid,FALSE,FALSE,61.84554986384055,2.38948593014666,0.997643883427543,1.9811993521543592e-183,2.4512217931502,0.997690703827615,0,NA,0,0,FALSE,valid,ghost,NA
Oct_22_96_FLM30_stem,2022-10-18,FLM30,tree,stem,NA,LGR3,rebuild fit (stage 03),13:37:42,13:41:02,2022,10,wet,27.776942223933336,NA,NA,13,NA,NA,460.99555555555554,107.68,1366.9955555555557,-0.161503229187625,HM,AICc | Intercept,valid,FALSE,FALSE,1.8598471774463512,-0.131701919816588,0.247379588443511,6.60878929890671e-11,-0.161503229187625,0.247880389481171,0.0964385153476401,LM,SE | g-fact. > 2 | Intercept,valid,FALSE,FALSE,14.77800401680361,0.0964385153476401,0.594952641544099,7.288347299627539e-31,0.385662737659085,0.692802249432857,0,NA,0,0,FALSE,valid,ghost,NA
Oct_22_97_FLM30_stem,2022-10-18,FLM30,tree,stem,NA,LGR3,rebuild fit (stage 03),13:49:26,13:53:10,2022,10,wet,27.7551792621,NA,NA,13,NA,NA,460.99555555555554,107.68,1366.9955555555557,0.549707371287273,HM,SE | AICc | Intercept,valid,FALSE,TRUE,3.5533827839306795,0.549630912491131,0.560981147042503,6.672050011024489e-30,0.549707371287273,0.560797021298944,0.416420846991218,HM,NA,valid,FALSE,FALSE,12.875191485453453,0.29447729873265,0.926796283556956,1.0914277711170996e-90,0.416420846991218,0.934328919055035,0,NA,0,0,FALSE,valid,ghost,NA
Oct_22_98_FLM30_stem,2022-10-18,FLM30,tree,stem,NA,LGR3,rebuild fit (stage 03),14:16:00,14:19:00,2022,10,wet,27.711411111,NA,NA,13,NA,NA,460.99555555555554,107.68,1366.9955555555557,0.0892030481565973,LM,g-fact. > 2 | Intercept,valid,TRUE,FALSE,7.81971253393556,0.0892030481565973,0.256879972966826,4.9792201628777e-13,0.199609236510883,0.271227654980676,1.94832605557498,HM,NA,valid,FALSE,FALSE,79.10055378518348,1.63689044772179,0.995946077499019,4.44488022989849e-209,1.94832605557498,0.99810072297892,0,NA,0,0,FALSE,valid,ghost,NA
Oct_22_99_FLM30_root,2022-10-18,FLM30,tree,root,NA,LGR3,rebuild fit (stage 03),14:27:08,14:30:05,2022,10,wet,27.704854813466667,NA,NA,13,NA,NA,254.53666666666663,40.45,1160.5366666666664,0.267159679472202,HM,AICc | Intercept,valid,FALSE,FALSE,3.1153375939470127,0.264715394573915,0.427505320142396,1.00700485558631e-26,0.267159679472202,0.42746689685529,1.61197250623619,HM,SE,valid,FALSE,FALSE,47.82410716145741,1.48062208451687,0.993671561264833,1.8347869426955295e-226,1.61197250623619,0.994165065628189,0,NA,0,0,FALSE,valid,ghost,NA
Oct_22_100_FLM30_root,2022-10-18,FLM30,tree,root,NA,LGR3,rebuild fit (stage 03),14:33:00,14:36:00,2022,10,wet,27.701399998,NA,NA,13,NA,NA,254.53666666666663,40.45,1160.5366666666664,1.88919124178718,HM,SE | AICc | Intercept,valid,FALSE,TRUE,3.136106197689894,1.88443298766112,0.463910404092793,3.0747120008958396e-26,1.88919124178718,0.463782107884424,-0.424626806701602,LM,MAE | SE | AICc | Intercept,valid,FALSE,TRUE,6.089664803238375,-0.424626806701602,0.166990677267749,6.735065269681051e-9,-0.425510691443429,0.166285357085545,0,NA,0,0,FALSE,valid,ghost,NA
Oct_22_101_FLM30_stem,2022-10-18,FLM30,tree,stem,NA,LGR3,rebuild fit (stage 03),14:52:10,14:55:10,2022,10,wet,27.679522218888888,NA,NA,21,NA,NA,460.99555555555554,107.68,1366.9955555555557,11.771470114046,HM,NA,valid,FALSE,FALSE,191.63984494969267,10.7143920462363,0.999064746290821,2.66235182498868e-276,11.771470114046,0.999673925321695,1.64745277447006,HM,NA,valid,FALSE,FALSE,88.2071919022386,1.55401295682104,0.998255481646842,8.471511353212699e-252,1.64745277447006,0.998489545910043,0,NA,0,0,FALSE,valid,ghost,NA
Oct_22_102_FLM30_stem,2022-10-18,FLM30,tree,stem,NA,LGR3,rebuild fit (stage 03),15:01:30,15:04:31,2022,10,wet,27.66023333,NA,NA,21,NA,NA,460.99555555555554,107.68,1366.9955555555557,2.25637610252964,HM,AICc,valid,FALSE,TRUE,29.162260560533085,2.24899655691586,0.984319311247871,6.5124983781813e-199,2.25637610252964,0.984092861250044,1.47311769984043,HM,NA,valid,FALSE,FALSE,115.06093850650711,1.39018983584579,0.998704832292617,5.74612970456487e-293,1.47311769984043,0.998932723667361,0,NA,0,0,FALSE,valid,ghost,NA
Oct_22_103_FLM30_stem,2022-10-18,FLM30,tree,stem,NA,LGR3,rebuild fit (stage 03),15:12:15,15:15:15,2022,10,wet,27.638016663333335,NA,NA,21,NA,NA,460.99555555555554,107.68,1366.9955555555557,0.196849325099289,HM,AICc,valid,FALSE,FALSE,6.051512184277944,0.194699471704983,0.709978049758121,1.37544657458529e-65,0.196849325099289,0.709908565911618,1.48246061754527,HM,NA,valid,FALSE,FALSE,124.638220878316,1.45362101996984,0.999009802340596,0,1.48246061754527,0.999034499965194,0,NA,0,0,FALSE,valid,ghost,NA
Oct_22_104_FLM30_stem,2022-10-18,FLM30,tree,stem,NA,LGR3,rebuild fit (stage 03),15:26:56,15:30:07,2022,10,wet,27.57916370302222,NA,NA,12,NA,NA,460.99555555555554,107.68,1366.9955555555557,3.52902144455412,HM,SE | Intercept (HM),valid,FALSE,FALSE,10.043902005873466,2.09942920629013,0.854358064767867,2.4232060077543094e-75,3.52902144455412,0.877826155432122,0.734881336074052,HM,NA,valid,FALSE,FALSE,41.08652549915998,0.668997878159203,0.992573963181831,1.8034687092979e-188,0.734881336074052,0.993185213679848,0,NA,0,0,FALSE,valid,ghost,NA
Oct_22_105_FLM30_stem,2022-10-18,FLM30,tree,stem,NA,LGR3,rebuild fit (stage 03),15:36:27,15:49:57,2022,10,wet,27.5367616681,NA,NA,12,NA,NA,460.99555555555554,107.68,1366.9955555555557,0.0363165548695488,LM,g-fact. > 2 | Intercept,valid,TRUE,FALSE,3.0333711129541197,0.0363165548695488,0.0418006345339661,0.00276221085778719,0.0965097356214788,0.0824809121497116,0.81658377893158,HM,AICc,valid,FALSE,FALSE,59.68593326490176,0.797538587682211,0.996624480636948,2.8147444090611894e-233,0.81658377893158,0.996658993539483,0,NA,0,0,FALSE,valid,ghost,NA
Oct_22_106_FLM30_stem,2022-10-18,FLM30,tree,stem,NA,LGR3,rebuild fit (stage 03),15:52:25,15:56:23,2022,10,wet,27.529734260944444,NA,NA,12,NA,NA,460.99555555555554,107.68,1366.9955555555557,-0.6307481150927,HM,Intercept,valid,FALSE,FALSE,7.5714597605430205,-0.363347873934752,0.788879203655343,1.668172559199e-58,-0.6307481150927,0.808151959434284,0.763493041345451,HM,NA,valid,FALSE,FALSE,38.46810756503721,0.601513949119853,0.988030171117522,1.2483703684821696e-162,0.763493041345451,0.992053438004037,0,NA,0,0,FALSE,valid,ghost,NA
44852_FLM30_Water_51,2022-10-18,FLM30,surface,water,water,Picarro,rebuild fit (stage 03),08:57:00,09:02:00,2022,10,wet,26.403733332,NA,NA,10,NA,NA,3370,324.3,4283,13.57185615367409,LM,RMSE | MAE | SE | AICc,valid,FALSE,FALSE,93.6843098923137,12.6844639541232,0.986741397208526,8.524836579067159e-98,12.8227354305946,0.98667188269285,0.4636046111990243,LM,RMSE | MAE | SE | AICc | Intercept,valid,FALSE,TRUE,51.931664107547434,0.614615476858439,0.978525592387287,5.98256068129271e-88,0.617240494256002,0.978317234508481,0,13.57185615367409,0,3,TRUE,valid,ghost,System time = 9:23:00
44852_FLM30_Water_52,2022-10-18,FLM30,surface,water,water,Picarro,rebuild fit (stage 03),11:23:00,11:28:00,2022,10,wet,27.934311112666663,NA,NA,10,NA,NA,3370,324.3,4283,13.21021983334272,HM,SE | AICc,valid,FALSE,FALSE,48.334623700784995,11.7680817525354,0.998116995537169,1.7375826351670798e-75,12.1115615527834,0.998175892786427,0.3192328059265267,HM,SE,valid,FALSE,FALSE,16.336088415553284,0.281721427990955,0.984792438296235,6.67388857025327e-52,0.319232805926527,0.985878205666134,0,13.21021983334272,0,1,TRUE,valid,ghost,NA
44852_FLM30_Water_53,2022-10-18,FLM30,surface,water,water,Picarro,rebuild fit (stage 03),12:06:00,12:11:00,2022,10,wet,27.949566668,NA,NA,10,NA,NA,3370,324.3,4283,17.26740768608053,HM,SE,valid,FALSE,FALSE,43.639103861777635,8.75678523469717,0.984691443063667,6.435266223532309e-30,13.2374155250658,0.997729870054746,0.40423520039335226,HM,SE | AICc,valid,FALSE,FALSE,17.601899151001856,0.37894688339214,0.992599620079876,6.94520684465434e-36,0.407939825764357,0.993007927814073,0,17.26740768608053,0,0,TRUE,valid,ghost,NA
Picarro_2022-10-18_FLM30_P01,2022-10-18,FLM30,surface,water,water,Picarro,unlogged placement (stage 04),15:49:50,15:55:05,2022,10,wet,26.403733332,NA,NA,NA,NA,NA,3370,324.3,4283,39.119525197510434,NA,NA,valid,FALSE,FALSE,NA,NA,NA,NA,NA,NA,0.23744343793593856,NA,NA,valid,FALSE,FALSE,NA,NA,NA,NA,NA,NA,0,39.119525197510434,0,0,TRUE,valid,ghost,"unlogged placement: Separate placement ~08:50 local: CH4 rises to a lift at 15:55:05, ambient between, then water 51 is placed at 15:57:30. Not on the field sheet."
Oct_22_116_SRS5_stem,2022-10-19,SRS5,tree,stem,NA,LGR2,rebuild fit (stage 03),12:08:05,12:11:05,2022,10,wet,20.60309073997222,26.1,NA,20,NA,NA,1106.6016666666667,213.35,2012.601666666667,0.0429139629615749,HM,AICc | Intercept,valid,TRUE,TRUE,1.1358825296064552,0.0429092189578411,0.0982463296489583,1.030311954004e-5,0.0429139629615749,0.0982100531485518,1.53358254640999,HM,NA,valid,FALSE,FALSE,123.31850317159638,1.35012221485714,0.998084973999406,2.0578172530313498e-245,1.53358254640999,0.999208968550795,0,NA,0,0,FALSE,valid,healthy,NA
Oct_22_117_SRS5_stem,2022-10-19,SRS5,tree,stem,NA,LGR2,rebuild fit (stage 03),12:16:25,12:19:25,2022,10,wet,20.59796203719444,26.1,NA,20,NA,NA,1106.6016666666667,213.35,2012.601666666667,0.0940816911876786,HM,AICc,valid,FALSE,TRUE,2.5689436579644953,0.0941257207310341,0.365931313194974,1.1528676596115e-19,0.0940816911876786,0.365794673947249,1.25368375992452,LM,RMSE | MAE | AICc,valid,FALSE,TRUE,440.205289556422,1.25368375992452,0.999071972149014,1.42979155895407e-273,1.26983007931266,0.999016574180744,0,NA,0,0,FALSE,valid,healthy,NA
Oct_22_118_SRS5_stem,2022-10-19,SRS5,tree,stem,NA,LGR2,rebuild fit (stage 03),12:26:13,12:29:25,2022,10,wet,20.459346482727774,26.1,NA,20,NA,NA,1106.6016666666667,213.35,2012.601666666667,0.026602709200928,HM,AICc | Intercept,valid,TRUE,FALSE,0.9083402336602387,0.0265813796633073,0.0595365200560094,3.6793730694169e-4,0.026602709200928,0.0595157425091991,1.33141954835143,HM,NA,valid,FALSE,FALSE,113.88679759141392,1.22223216516477,0.998532502359908,8.968729152636257e-273,1.33141954835143,0.99903116216084,0,NA,0,0,FALSE,valid,healthy,NA
Oct_22_119_SRS5_stem,2022-10-19,SRS5,tree,root,NA,LGR2,rebuild fit (stage 03),12:37:49,12:43:49,2022,10,wet,20.29527092846111,26.1,NA,20,NA,NA,1106.6016666666667,213.35,2012.601666666667,-0.0903435617430703,HM,AICc | Intercept,valid,FALSE,FALSE,7.255037462882083,-0.0898837886305645,0.699615206009145,5.336230527067289e-96,-0.0903435617430703,0.699466808947371,8.38689238712277,HM,NA,valid,FALSE,TRUE,1147.3500160353342,7.03449403676844,0.997834955080767,0,8.38689238712277,0.999981329660288,0,NA,0,0,FALSE,valid,healthy,NA
Oct_22_120_SRS5_root,2022-10-19,SRS5,tree,root,NA,LGR2,rebuild fit (stage 03),13:16:13,13:19:13,2022,10,wet,19.3473870401,26.1,NA,20,NA,NA,254.53666666666663,40.45,1160.5366666666664,0.428301312108914,HM,AICc | Intercept,valid,FALSE,FALSE,4.430416416236542,0.407511402579902,0.62787506706603,1.71379974252002e-40,0.428301312108914,0.628003468236325,2.81499155483564,HM,SE,valid,FALSE,FALSE,68.83064995654235,2.51325501443926,0.996593687101487,4.995269921642769e-223,2.81499155483564,0.99748213461529,0,NA,0,0,FALSE,valid,healthy,NA
Oct_22_121_SRS5_stem,2022-10-19,SRS5,tree,stem,NA,LGR2,rebuild fit (stage 03),13:41:19,13:44:19,2022,10,wet,18.8258648123,26.5,NA,20,NA,NA,1106.6016666666667,213.35,2012.601666666667,0.147065116777008,HM,AICc | Intercept,valid,FALSE,FALSE,4.0659399629404245,0.120797734271124,0.567957295816458,1.143243370247e-34,0.147065116777008,0.569370608454312,1.10678628546124,HM,AICc,valid,FALSE,FALSE,106.90547187843627,1.08848657026486,0.998993767085341,1.9957058529019904e-270,1.10678628546124,0.999003772146104,0,NA,0,0,FALSE,valid,healthy,NA
Oct_22_122_SRS5_stem,2022-10-19,SRS5,tree,stem,NA,LGR2,rebuild fit (stage 03),13:54:12,13:59:30,2022,10,wet,18.641284442133333,26.5,NA,20,NA,NA,1106.6016666666667,213.35,2012.601666666667,0.0425276612653927,HM,AICc,valid,FALSE,FALSE,3.3406245719113987,0.0421183861056984,0.35600880742887703,1.84556038798833e-32,0.0425276612653927,0.355970250535613,1.05099242327421,HM,NA,valid,FALSE,FALSE,206.69136693971345,0.949496602427701,0.998794202894593,0,1.05099242327421,0.999508146475164,0,NA,0,0,FALSE,valid,healthy,NA
Oct_22_123_SRS5_stem,2022-10-19,SRS5,tree,stem,NA,LGR2,rebuild fit (stage 03),14:06:17,14:10:17,2022,10,wet,18.499372406438887,26.5,NA,20,NA,NA,1106.6016666666667,213.35,2012.601666666667,0.0176622815573325,HM,AICc | p-value | Intercept,valid,TRUE,FALSE,0.6381800223522656,0.010175772775939,0.0103545419867234,0.062179511263626,0.0176622815573325,0.0185767741600829,1.12892582217655,HM,NA,valid,FALSE,FALSE,141.80921690210926,1.07104038175335,0.999043882655503,0,1.12892582217655,0.999232078352216,0,NA,0,0,FALSE,valid,healthy,NA
Oct_22_125_SRS5_stem,2022-10-19,SRS5,tree,root,NA,LGR2,rebuild fit (stage 03),14:19:45,14:22:45,2022,10,wet,18.40977222275,26.5,NA,20,NA,NA,1106.6016666666667,213.35,2012.601666666667,0.143272518832541,HM,AICc | Intercept,valid,FALSE,FALSE,5.152950634847547,0.142666071104058,0.700757115738113,5.4725282815606194e-49,0.143272518832541,0.700599878213725,0.768290887986694,HM,NA,valid,FALSE,FALSE,75.09152824502928,0.742551261907549,0.997886262744881,1.4154046154160295e-241,0.768290887986694,0.997965034513627,0,NA,0,0,FALSE,valid,healthy,NA
Oct_22_124_SRS5_root,2022-10-19,SRS5,tree,root,NA,LGR2,rebuild fit (stage 03),14:33:14,14:37:53,2022,10,wet,18.446027409433334,26.5,NA,20,NA,NA,254.53666666666663,40.45,1160.5366666666664,-0.0466680371600624,HM,AICc | Intercept,valid,TRUE,TRUE,0.9542172540363796,-0.0467134180524945,0.0453195471510894,1.962556348158e-4,-0.0466680371600624,0.0452995307792258,2.1021071618587,HM,NA,valid,FALSE,FALSE,94.70383747821172,1.42664988822026,0.986888205550787,6.61669362484614e-264,2.1021071618587,0.997663686985166,0,NA,0,0,FALSE,valid,healthy,NA
Oct_22_126_SRS5_root,2022-10-19,SRS5,tree,root,NA,LGR2,rebuild fit (stage 03),14:49:46,14:54:00,2022,10,wet,18.527822594866667,26.3,NA,20,NA,NA,254.53666666666663,40.45,1160.5366666666664,0.367961657345369,HM,AICc,valid,FALSE,FALSE,5.141596130296906,0.31723290131307,0.604106303888343,3.03839067434573e-53,0.367961657345369,0.605119391658278,1.77235443012685,HM,NA,valid,FALSE,FALSE,87.81241130372716,1.53289315864604,0.996319231356831,2.27697519730011e-293,1.77235443012685,0.997776815385217,0,NA,0,0,FALSE,valid,healthy,NA
Oct_22_131_SRS5_root,2022-10-19,SRS5,tree,root,NA,LGR2,rebuild fit (stage 03),15:02:13,15:05:35,2022,10,wet,18.658824258766668,26.3,NA,20,NA,NA,254.53666666666663,40.45,1160.5366666666664,0.820847170456975,HM,AICc,valid,FALSE,FALSE,10.074574652232869,0.81018323743843,0.888420344662459,6.930683493299649e-98,0.820847170456975,0.888335748677615,2.46576508731216,HM,SE,valid,FALSE,FALSE,87.96612883042522,2.36411318798639,0.998207691077923,3.17372947119957e-278,2.46576508731216,0.998329506089047,0,NA,0,0,FALSE,valid,healthy,NA
Oct_22_130_SRS5_stem,2022-10-19,SRS5,tree,root,NA,LGR2,rebuild fit (stage 03),15:16:50,15:20:05,2022,10,wet,18.787303700777777,26.3,NA,20,NA,NA,460.99555555555554,107.68,1366.9955555555557,0.295568997226871,HM,AICc | Intercept,valid,FALSE,FALSE,8.62827567984235,0.290832446886335,0.857801350871834,2.5380983624834894e-84,0.295568997226871,0.857785469477468,1.67792859536657,HM,NA,valid,FALSE,FALSE,136.01231784769942,1.52373098538816,0.998668863481493,3.89732728194098e-281,1.67792859536657,0.999306346870989,0,NA,0,0,FALSE,valid,healthy,NA
Oct_22_127_SRS5_stem,2022-10-19,SRS5,tree,stem,NA,LGR2,rebuild fit (stage 03),15:24:30,15:28:05,2022,10,wet,18.762088887666668,26.3,NA,20,NA,NA,460.99555555555554,107.68,1366.9955555555557,0.154808659220506,HM,AICc,valid,FALSE,FALSE,4.592359778364431,0.142885645693038,0.599296503921635,1.3515756310941498e-44,0.154808659220506,0.5995791176445,1.33054490559811,HM,NA,valid,FALSE,FALSE,127.85610248716384,1.25918241515372,0.998944453575125,1.07607497664223e-293,1.33054490559811,0.999152340508637,0,NA,0,0,FALSE,valid,healthy,NA
Oct_22_128_SRS5_stem,2022-10-19,SRS5,tree,stem,NA,LGR2,rebuild fit (stage 03),15:32:38,15:35:38,2022,10,wet,18.735339259844444,26.3,NA,20,NA,NA,460.99555555555554,107.68,1366.9955555555557,0.110194292356043,HM,AICc | Intercept,valid,FALSE,FALSE,2.250991339079052,0.101628658088736,0.29823050651258,1.11505544954447e-15,0.110194292356043,0.298298940711879,0.988085480742512,HM,NA,valid,FALSE,FALSE,71.4889498426346,0.952523218572897,0.997661387785122,1.2039936166742901e-237,0.988085480742512,0.997753054795401,0,NA,0,0,FALSE,valid,healthy,NA
Oct_22_129_SRS5_stem,2022-10-19,SRS5,tree,stem,NA,LGR2,rebuild fit (stage 03),15:39:20,15:42:20,2022,10,wet,18.71330370577778,26.3,NA,20,NA,NA,460.99555555555554,107.68,1366.9955555555557,0.103500959593901,HM,AICc | Intercept,valid,FALSE,FALSE,2.551330940828481,0.103286411346152,0.363748366338706,1.5725718319532098e-19,0.103500959593901,0.36365453988248,1.14801893244142,HM,NA,valid,FALSE,FALSE,84.81675670866234,1.10602456925389,0.998306422447828,3.44176697301793e-250,1.14801893244142,0.998401563864209,0,NA,0,0,FALSE,valid,healthy,NA
Oct_22_107_SRS5_stem,2022-10-19,SRS5,tree,stem,NA,LGR3,rebuild fit (stage 03),13:16:53,13:21:34,2022,10,wet,19.3335351881,25.6,NA,NA,NA,NA,460.99555555555554,107.68,1366.9955555555557,0.0378173158325499,LM,AICc | g-fact. > 2 | Intercept,valid,TRUE,FALSE,4.710422388775548,0.0378173158325499,0.0798982987038839,4.16039216644568e-6,0.091835165119384,0.0876168132735443,0.346836988410674,HM,NA,valid,FALSE,FALSE,28.600443259327097,0.329384607448103,0.980981429610244,2.60745964408788e-211,0.346836988410674,0.981161265466401,0,NA,0,0,FALSE,valid,healthy,NA
Oct_22_108_SRS5_stem,2022-10-19,SRS5,tree,stem,NA,LGR3,rebuild fit (stage 03),13:29:00,13:32:00,2022,10,wet,19.081777778,25.6,NA,NA,NA,NA,460.99555555555554,107.68,1366.9955555555557,0.14972864476206801,HM,AICc,valid,TRUE,FALSE,1.165384888716682,0.090643499298678,0.107485802540332,7.80430811389479e-5,0.14972864476206801,0.110270428859692,0.2911406726163,HM,AICc | Intercept,valid,FALSE,FALSE,8.98667993586715,0.289516901378737,0.907980647447094,6.60937355112843e-69,0.2911406726163,0.907825888404818,0,NA,0,0,FALSE,valid,healthy,NA
Oct_22_109_SRS5_stem,2022-10-19,SRS5,tree,stem,NA,LGR3,rebuild fit (stage 03),13:39:35,13:43:12,2022,10,wet,18.8618796275,25.6,NA,NA,NA,NA,460.99555555555554,107.68,1366.9955555555557,0.0394515722348025,HM,AICc,valid,TRUE,TRUE,0.7773208226505873,0.0332775271268413,0.0364900617380136,0.0032990965923382,0.0394515722348025,0.0365600856275009,-0.0010446751983905,HM,AICc | p-value | MDF | Intercept,valid,TRUE,TRUE,0.1163848631448091,-0.00104643742963885,-0.00449811670070521,0.787203993677145,-0.0010446751983905,-0.00449863933608952,0,NA,0,0,FALSE,valid,healthy,NA
Oct_22_110_SRS5_root,2022-10-19,SRS5,tree,root,NA,LGR3,rebuild fit (stage 03),13:52:30,13:55:30,2022,10,wet,18.6612499975,25.6,NA,NA,NA,NA,254.53666666666663,40.45,1160.5366666666664,0.308356630864795,HM,AICc | Intercept,valid,FALSE,TRUE,2.299607278558722,0.308083388060703,0.319944589259535,1.16371682330508e-16,0.308356630864795,0.319842426477043,-0.47604276657772,HM,SE | AICc | Intercept,valid,FALSE,TRUE,9.851421013557124,-0.435623757432695,0.892531171449381,2.18345713793765e-87,-0.47604276657772,0.893005475448809,0,NA,0,0,FALSE,valid,healthy,NA
Oct_22_111_SRS5_root,2022-10-19,SRS5,tree,root,NA,LGR3,rebuild fit (stage 03),14:01:26,14:04:15,2022,10,wet,18.556332961455553,25.6,NA,NA,NA,NA,254.53666666666663,40.45,1160.5366666666664,-0.299065453006822,LM,SE | g-fact. > 2 | Intercept (HM),valid,FALSE,TRUE,8.175026547702542,-0.299065453006822,0.273349531056667,5.91563176887707e-14,-0.741688275609758,0.301259296990828,-3.09183952852572,HM,SE,valid,FALSE,TRUE,56.217966755009805,-2.58065803570023,0.993918838988273,5.9243876649019686e-195,-3.09183952852572,0.99621373966142,0,NA,0,0,FALSE,valid,healthy,NA
Oct_22_112_SRS5_root,2022-10-19,SRS5,tree,root,NA,LGR3,rebuild fit (stage 03),14:16:01,14:19:01,2022,10,wet,18.399733703816665,25.6,NA,NA,NA,NA,254.53666666666663,40.45,1160.5366666666664,1.0569152959464,HM,SE | Intercept,valid,FALSE,FALSE,4.743052240811008,0.569914048697966,0.608999298857347,1.8506730770430699e-34,1.0569152959464,0.627689473282223,0.440050958445765,HM,SE | AICc | Intercept,valid,FALSE,FALSE,7.525119641532834,0.394296521661208,0.841264307776571,1.18712215836977e-65,0.440050958445765,0.841951481208779,0,NA,0,0,FALSE,valid,healthy,NA
Oct_22_113_SRS5_stem,2022-10-19,SRS5,tree,stem,NA,LGR3,rebuild fit (stage 03),14:33:10,14:37:10,2022,10,wet,18.44584815016667,25,NA,NA,NA,NA,460.99555555555554,107.68,1366.9955555555557,0.139864209703382,HM,AICc,valid,FALSE,TRUE,3.439986197251425,0.139783888623312,0.460623726983593,2.09724888676911e-31,0.139864209703382,0.460479383779619,0.852578878814942,HM,RMSE | AICc,valid,FALSE,TRUE,54.78857039110678,0.845527657962718,0.995531376851265,1.62013839327743e-259,0.852578878814942,0.995407991949309,0,NA,0,0,FALSE,valid,healthy,NA
Oct_22_114_SRS5_stem,2022-10-19,SRS5,tree,stem,NA,LGR3,rebuild fit (stage 03),14:45:58,14:49:00,2022,10,wet,18.48783815126667,25,NA,NA,NA,NA,460.99555555555554,107.68,1366.9955555555557,0.11371088803942,LM,g-fact. > 2 | Intercept,valid,TRUE,FALSE,7.764453544179254,0.11371088803942,0.267918138370774,8.99387631261528e-13,0.256178596954372,0.28293874775374,0.568121592927374,HM,NA,valid,FALSE,FALSE,27.32592712498615,0.516040289343135,0.985265211192715,1.36844106838911e-149,0.568121592927374,0.985900866915833,0,NA,0,0,FALSE,valid,healthy,NA
Oct_22_115_SRS5_stem,2022-10-19,SRS5,tree,stem,NA,LGR3,rebuild fit (stage 03),14:55:01,14:58:17,2022,10,wet,18.58306426036667,25,NA,NA,NA,NA,460.99555555555554,107.68,1366.9955555555557,0.0691944556389385,HM,AICc | Intercept,valid,TRUE,FALSE,1.1573214354171777,0.0690957543834663,0.11575504356113,8.25412430614342e-6,0.0691944556389385,0.115718799171647,0.669016757970083,HM,NA,valid,FALSE,FALSE,30.96427124765526,0.63053935521643,0.989396113779262,3.5818651262919887e-154,0.669016757970083,0.989640852301582,0,NA,0,0,FALSE,valid,healthy,NA
Oct_22_134_SRS5_stem,2022-10-20,SRS5,tree,stem,NA,LGR2,rebuild fit (stage 03),12:21:41,12:24:50,2022,10,wet,22.761436484072224,20,NA,3,NA,NA,1106.6016666666667,213.35,2012.601666666667,0.139212333665386,HM,AICc | Intercept,valid,FALSE,FALSE,3.584979602323703,0.127103266178925,0.507087154424656,6.490489378745399e-31,0.139212333665386,0.507336846523847,1.18795939044368,HM,NA,valid,FALSE,FALSE,104.99777333378258,1.12426033306284,0.998685953132587,4.982109613684899e-273,1.18795939044368,0.998894828258892,0,NA,0,0,FALSE,valid,healthy,NA
Oct_22_135_SRS5_stem,2022-10-20,SRS5,tree,stem,NA,LGR2,rebuild fit (stage 03),12:32:52,12:35:52,2022,10,wet,22.930056297644445,20,NA,3,NA,NA,1106.6016666666667,213.35,2012.601666666667,0.194436797406128,HM,Intercept,valid,FALSE,FALSE,4.3702762190428075,0.11056033107273,0.549756474871148,4.6657122140916796e-33,0.194436797406128,0.565240949340891,1.16688732458307,HM,NA,valid,FALSE,FALSE,107.54538880094466,1.02361811648183,0.997757152971645,2.85372802420336e-239,1.16688732458307,0.998958019930307,0,NA,0,0,FALSE,valid,healthy,NA
Oct_22_136_SRS5_stem,2022-10-20,SRS5,tree,stem,NA,LGR2,rebuild fit (stage 03),12:42:10,12:45:10,2022,10,wet,23.070279629944444,20,NA,3,NA,NA,1106.6016666666667,213.35,2012.601666666667,0.0480479595593117,HM,AICc | Intercept,valid,TRUE,FALSE,1.2463103153243933,0.038768830925062,0.105362624357561,4.91865789535229e-6,0.0480479595593117,0.105682562921262,0.828397724129188,HM,NA,valid,FALSE,FALSE,69.56436332108306,0.72816231706935,0.996368862017903,1.5239377337538594e-220,0.828397724129188,0.997516271677205,0,NA,0,0,FALSE,valid,healthy,NA
Oct_22_137_SRS5_stem,2022-10-20,SRS5,tree,root,NA,LGR2,rebuild fit (stage 03),12:56:14,12:59:14,2022,10,wet,23.19363036912222,20,NA,3,NA,NA,1106.6016666666667,213.35,2012.601666666667,0.505155304891688,HM,NA,valid,FALSE,FALSE,15.364931796054158,0.366516543928921,0.940415420634591,8.82996190701057e-112,0.505155304891688,0.947082016161467,1.26920529946663,HM,NA,valid,FALSE,FALSE,115.18723165413934,1.21844019208969,0.999017119516065,2.43998842228523e-271,1.26920529946663,0.99913118467412,0,NA,0,0,FALSE,valid,healthy,NA
Oct_22_138_SRS5_root,2022-10-20,SRS5,tree,root,NA,LGR2,rebuild fit (stage 03),13:20:30,13:23:30,2022,10,wet,23.396899996666665,20,NA,3,NA,NA,254.53666666666663,40.45,1160.5366666666664,2.60712908865501,LM,SE | g-fact. > 2 | Intercept (HM),valid,FALSE,FALSE,43.071860687299015,2.60712908865501,0.911512484656053,2.10898513161299e-96,5.91475202809377,0.962217488104898,5.93127306143019,HM,SE,valid,FALSE,FALSE,164.4177464532838,5.32071423797098,0.99874150251465,9.89506147395681e-262,5.93127306143019,0.999558919665728,0,NA,0,0,FALSE,valid,healthy,NA
Oct_22_139_SRS5_root,2022-10-20,SRS5,tree,root,NA,LGR2,rebuild fit (stage 03),13:33:10,13:36:10,2022,10,wet,23.554811107777777,20,NA,3,NA,NA,254.53666666666663,40.45,1160.5366666666664,0.383603346929559,HM,AICc,valid,FALSE,FALSE,4.254075386960573,0.37778548497254,0.612978732615255,5.81647284156251e-39,0.383603346929559,0.612961633347181,3.36459986874359,HM,NA,valid,FALSE,FALSE,96.23850521679522,3.12691884745075,0.998364481213566,1.51664583387098e-251,3.36459986874359,0.998735533591939,0,NA,0,0,FALSE,valid,healthy,NA
Oct_22_140_SRS5_stem,2022-10-20,SRS5,tree,stem,NA,LGR2,rebuild fit (stage 03),14:00:00,14:03:00,2022,10,wet,23.783666665,22.2,NA,3,NA,NA,254.53666666666663,40.45,1160.5366666666664,0.23930643313735,LM,SE | g-fact. > 2 | Intercept,valid,FALSE,FALSE,10.481256341040362,0.23930643313735,0.376853725198198,2.40032986958618e-20,0.481414207005302,0.38976109446043,0.52511326020934,HM,AICc,valid,FALSE,TRUE,16.522425061237154,0.487780014438953,0.958447005423564,8.557218917051919e-126,0.52511326020934,0.95880141072613,0,NA,0,0,FALSE,valid,healthy,NA
Oct_22_141_SRS5_stem,2022-10-20,SRS5,tree,stem,NA,LGR2,rebuild fit (stage 03),14:09:50,14:12:50,2022,10,wet,23.83698518461111,22.2,NA,3,NA,NA,254.53666666666663,40.45,1160.5366666666664,0.323316533922002,HM,AICc | Intercept,valid,FALSE,FALSE,2.6915458980814795,0.240271851993153,0.352209543138915,7.97822067109666e-19,0.323316533922002,0.354865967720751,2.27085133880297,HM,NA,valid,FALSE,FALSE,77.63784526828903,2.1525131121772,0.997883819304469,1.5695943354736996e-241,2.27085133880297,0.998077500935987,0,NA,0,0,FALSE,valid,healthy,NA
Oct_22_142_SRS5_stem,2022-10-20,SRS5,tree,stem,NA,LGR2,rebuild fit (stage 03),14:20:00,14:23:00,2022,10,wet,23.86738888833333,22.2,NA,3,NA,NA,254.53666666666663,40.45,1160.5366666666664,0.477798288498584,HM,NA,valid,FALSE,FALSE,3.263599294999967,0.256798522559099,0.403966761929678,4.3321274391419985e-22,0.477798288498584,0.413579163899836,2.49914023774869,HM,NA,valid,FALSE,FALSE,89.3419253210565,2.4401165239785,0.998538642140086,6.37367995010158e-256,2.49914023774869,0.998568799939721,0,NA,0,0,FALSE,valid,healthy,NA
44854_SRS5_Soil_57,2022-10-20,SRS5,surface,soil,soil,LGR2,rebuild fit (stage 03),14:42:30,14:47:30,2022,10,wet,23.878138885833337,23.4,NA,0,NA,NA,38700,433.7,39606,0.199584843492959,HM,SE | Intercept,valid,TRUE,FALSE,1.590055014502894,0.102780964406843,0.0562426297979267,2.72011356751672e-7,0.199584843492959,0.0626913888420692,1.05582955193442,HM,SE | Intercept,valid,FALSE,FALSE,34.43801228325049,0.803613934829995,0.968708636139647,0,1.05582955193442,0.974135200106863,0,NA,0,0,FALSE,valid,healthy,NA
44854_SRS5_Soil_58,2022-10-20,SRS5,surface,soil,soil,LGR2,rebuild fit (stage 03),14:57:30,15:00:30,2022,10,wet,23.875722221666667,23.4,NA,1,NA,NA,38700,433.7,39606,1.66662425814269,HM,SE | AICc,valid,FALSE,FALSE,10.92125656614069,1.65264006300624,0.872609138143383,1.00616284467398e-125,1.66662425814269,0.872484147218519,0.912876688211456,HM,SE | AICc,valid,FALSE,FALSE,18.807958181670077,0.892391053772161,0.952669612128155,4.4063471889365496e-185,0.912876688211456,0.952698007464764,0,NA,0,0,FALSE,valid,healthy,NA
44854_SRS5_Soil_59,2022-10-20,SRS5,surface,soil,soil,LGR2,rebuild fit (stage 03),15:08:00,15:11:00,2022,10,wet,23.872688890666662,23.4,NA,0.5,NA,NA,38700,433.7,39606,0.905053774518587,HM,SE | AICc | Intercept,valid,FALSE,FALSE,4.596751178849682,0.854648723500862,0.565205578893573,2.47310538698445e-47,0.905053774518587,0.565339668806627,1.3722952413424,HM,SE | AICc,valid,FALSE,FALSE,22.21108141174534,1.35371192226356,0.968965686258316,9.39405490502476e-191,1.3722952413424,0.968887001154291,0,NA,0,0,FALSE,valid,healthy,NA
44854_SRS5_Soil_60,2022-10-20,SRS5,surface,soil,soil,LGR2,rebuild fit (stage 03),15:19:00,15:32:00,2022,10,wet,23.873333336666665,NA,NA,0,NA,NA,38700,433.7,39606,1.22320384750904,HM,SE | AICc | Intercept,valid,FALSE,FALSE,10.468636558941338,1.13280210690442,0.827068920795603,1.20610577186734e-135,1.22320384750904,0.827410617033377,1.52567014068933,HM,SE | AICc,valid,FALSE,FALSE,44.843995068806045,1.50067485630538,0.989113918419403,0,1.52567014068933,0.989097320233667,0,NA,0,0,FALSE,valid,healthy,NA
44854_SRS5_Soil_61,2022-10-20,SRS5,surface,soil,soil,LGR2,rebuild fit (stage 03),15:30:30,15:33:00,2022,10,wet,23.881000003333337,23,NA,1,NA,NA,38700,433.7,39606,1.71922251709627,HM,SE,valid,FALSE,FALSE,13.980157602568646,1.54438549587506,0.895605574723045,1.33849452965775e-169,1.71922251709627,0.896340087822603,1.41253185065338,HM,SE,valid,FALSE,FALSE,33.116789384285106,1.08026667771827,0.973510247871248,3.62221431173662e-271,1.41253185065338,0.978246865149077,0,NA,0,0,FALSE,valid,healthy,NA
44854_SRS5_Soil_62,2022-10-20,SRS5,surface,soil,soil,LGR2,rebuild fit (stage 03),15:45:30,15:48:30,2022,10,wet,23.889255558833337,22.9,NA,1,NA,NA,38700,433.7,39606,1.58175930826146,HM,SE | AICc | Intercept,valid,FALSE,FALSE,8.112233755983818,1.40521472790808,0.803832698102573,1.02620380427243e-86,1.58175930826146,0.804658664625432,1.0538679114132,HM,SE | AICc,valid,FALSE,FALSE,18.214169036094457,1.03733013143043,0.95627555804506,1.1795833227781795e-164,1.0538679114132,0.956270843968882,0,NA,0,0,FALSE,valid,healthy,NA
44854_SRS5_Soil_63,2022-10-20,SRS5,surface,soil,soil,LGR2,rebuild fit (stage 03),15:55:30,15:59:30,2022,10,wet,23.8610333355,23,NA,0,NA,NA,38700,433.7,39606,1.50417111685325,HM,SE,valid,FALSE,FALSE,10.333359171228135,1.21580335478186,0.822998344202407,1.04809364689017e-123,1.50417111685325,0.825731867971927,1.08223368015039,HM,SE | AICc,valid,FALSE,TRUE,29.775337522418635,1.07400135127452,0.977674328288585,5.847636159069841e-269,1.08223368015039,0.977530949321341,0,NA,0,0,FALSE,valid,healthy,NA
44854_SRS5_Soil_64,2022-10-20,SRS5,surface,soil,soil,LGR2,rebuild fit (stage 03),16:09:45,16:12:45,2022,10,wet,23.82081666725,22.8,NA,1,NA,NA,38700,433.7,39606,1.04483103688887,HM,SE | AICc | Intercept,valid,FALSE,FALSE,5.906376339051843,1.03499499356377,0.677819145366226,1.31820365050013e-66,1.04483103688887,0.677758064633195,1.34098579393657,HM,SE,valid,FALSE,FALSE,23.439671708581027,1.20308946406517,0.968495881482357,5.8699265163114885e-199,1.34098579393657,0.969291172478434,0,NA,0,0,FALSE,valid,healthy,NA
Oct_22_150_SRS5_stem,2022-10-20,SRS5,tree,stem,NA,LGR3,rebuild fit (stage 03),11:57:10,12:00:10,2022,10,wet,21.99469074011111,21.3,NA,3,NA,NA,1106.6016666666667,213.35,2012.601666666667,0.418789158829116,HM,AICc,valid,FALSE,TRUE,7.227581764303644,0.416935146242719,0.839391203671753,7.55928840381781e-65,0.418789158829116,0.839209368379842,0.326696491741742,HM,AICc,valid,FALSE,FALSE,16.823232580464513,0.315422328996699,0.965235328600479,2.2024735757187096e-117,0.326696491741742,0.965315328099193,0,NA,0,0,FALSE,valid,healthy,NA
Oct_22_151_SRS5_stem,2022-10-20,SRS5,tree,stem,NA,LGR3,rebuild fit (stage 03),12:11:10,12:14:11,2022,10,wet,22.51751296544445,21.3,NA,3,NA,NA,1106.6016666666667,213.35,2012.601666666667,0.0655701465424132,HM,AICc | Intercept,valid,TRUE,FALSE,1.267034591841293,0.0653027109853255,0.123412917386628,1.1161026870804e-6,0.0655701465424132,0.12338500003197,0.620494314034932,HM,AICc,valid,FALSE,FALSE,37.82997499726341,0.61292126595682,0.992461559555105,8.95844756771106e-186,0.620494314034932,0.992379378190557,0,NA,0,0,FALSE,valid,healthy,NA
Oct_22_152_SRS5_stem,2022-10-20,SRS5,tree,stem,NA,LGR3,rebuild fit (stage 03),12:21:40,12:25:40,2022,10,wet,22.76118518777778,21.3,NA,3,NA,NA,460.99555555555554,107.68,1366.9955555555557,0.083172064832138,HM,AICc | Intercept,valid,TRUE,FALSE,1.5733298598277294,0.0826978307249255,0.163669468220671,2.23221849776622e-9,0.083172064832138,0.163647699267774,0.96419557552446,LM,RMSE | MAE | AICc,valid,FALSE,TRUE,215.5433317630459,0.96419557552446,0.995798853153364,6.592352765891687e-234,0.973442169381495,0.995657298485176,0,NA,0,0,FALSE,valid,healthy,NA
Oct_22_153_SRS5_root,2022-10-20,SRS5,tree,root,NA,LGR3,rebuild fit (stage 03),12:28:40,12:31:40,2022,10,wet,22.866729631444446,21.3,NA,3,NA,NA,254.53666666666663,40.45,1160.5366666666664,3.1637868274182,HM,SE,valid,FALSE,FALSE,15.500896077918997,2.83126559598063,0.959878122078692,9.08578805518973e-105,3.1637868274182,0.960680990460753,1.71148095195636,HM,SE,valid,FALSE,FALSE,25.76592798736395,1.5145157526888,0.98427188389592,1.14879231533065e-134,1.71148095195636,0.985326837249685,0,NA,0,0,FALSE,valid,healthy,NA
Oct_22_154_SRS5_root,2022-10-20,SRS5,tree,root,NA,LGR3,rebuild fit (stage 03),12:44:24,12:48:26,2022,10,wet,23.1039533334,21.3,NA,3,NA,NA,254.53666666666663,40.45,1160.5366666666664,2.42687663412033,HM,SE | Intercept (LM),valid,FALSE,FALSE,15.175442821928083,1.63367966538954,0.92627601359552,1.5030779562117095e-116,2.42687663412033,0.937453722926637,1.39855135061356,HM,SE,valid,FALSE,FALSE,28.040146137322765,1.14764989377612,0.979835539726036,1.9939763109533797e-173,1.39855135061356,0.982460229806896,0,NA,0,0,FALSE,valid,healthy,NA
Oct_22_155_SRS5_stem,2022-10-20,SRS5,tree,stem,NA,LGR3,rebuild fit (stage 03),13:04:09,13:08:00,2022,10,wet,23.250454442316663,21.8,NA,3,NA,NA,1106.6016666666667,213.35,2012.601666666667,0.0848319860582094,HM,AICc | Intercept,valid,FALSE,FALSE,2.065019375643373,0.0844288705288737,0.258128081097879,2.78880612180971e-14,0.0848319860582094,0.258076506882106,0.846281718968553,HM,RMSE | AICc,valid,FALSE,FALSE,58.735906130007514,0.834919402145841,0.996560998537427,1.8806198798462696e-237,0.846281718968553,0.99649497843464,0,NA,0,0,FALSE,valid,healthy,NA
Oct_22_156_SRS5_stem,2022-10-20,SRS5,tree,stem,NA,LGR3,rebuild fit (stage 03),13:14:10,13:17:15,2022,10,wet,23.32235184861111,21.8,NA,3,NA,NA,1106.6016666666667,213.35,2012.601666666667,0.113961936142513,HM,AICc | Intercept (HM),valid,FALSE,FALSE,1.6051127253290067,0.0728596575121792,0.1655329482918,5.60084786811788e-8,0.113961936142513,0.16866667485257,0.672761968274538,HM,AICc,valid,FALSE,FALSE,39.05303430195439,0.659302725872488,0.993398849358971,2.17182296913698e-174,0.672761968274538,0.993425211708102,0,NA,0,0,FALSE,valid,healthy,NA
Oct_22_157_SRS5_stem,2022-10-20,SRS5,tree,stem,NA,LGR3,rebuild fit (stage 03),13:23:50,13:26:50,2022,10,wet,23.438455552222223,21.8,NA,3,NA,NA,460.99555555555554,107.68,1366.9955555555557,0.0543908631962659,LM,AICc | g-fact. > 2 | Intercept,valid,TRUE,FALSE,2.629227584547659,0.0543908631962659,0.0394418344231235,0.0094938887707561,0.122558248317543,0.0466395619531378,0.646331626984022,HM,AICc,valid,FALSE,FALSE,25.77020467635222,0.636260491747819,0.98646054731994,1.04592175272304e-135,0.646331626984022,0.986451219853286,0,NA,0,0,FALSE,valid,healthy,NA
Oct_22_158_SRS5_root,2022-10-20,SRS5,tree,root,NA,LGR3,rebuild fit (stage 03),13:39:30,13:42:30,2022,10,wet,23.633766663333333,21.8,NA,3,NA,NA,254.53666666666663,40.45,1160.5366666666664,0.230113184448572,HM,AICc | Intercept,valid,TRUE,FALSE,1.8241416795626184,0.229637445460776,0.231290754062365,1.1184229140533398e-11,0.230113184448572,0.231227279595488,1.05668236977896,HM,SE | AICc,valid,FALSE,FALSE,23.883562480940043,1.04138193820055,0.981219822737953,1.2860107652252395e-150,1.05668236977896,0.981180876309285,0,NA,0,0,FALSE,valid,healthy,NA
Oct_22_159_SRS5_root,2022-10-20,SRS5,tree,root,NA,LGR3,rebuild fit (stage 03),13:49:30,13:52:30,2022,10,wet,23.726733330499997,21.8,NA,3,NA,NA,254.53666666666663,40.45,1160.5366666666664,-0.16509840252524,HM,AICc | Intercept,valid,TRUE,TRUE,3.968929586706684,-0.165150297875211,0.0624834706035731,8.92423657237786e-5,-0.16509840252524,0.0624137893381477,-4.13552131284349,HM,SE,valid,FALSE,TRUE,114.76417805281548,-3.28202610487183,0.995007601524524,7.467783309335908e-259,-4.13552131284349,0.998807370400088,0,NA,0,0,FALSE,valid,healthy,NA
Oct_22_143_SRS5_stem,2022-10-20,SRS5,tree,stem,NA,LGR3,rebuild fit (stage 03),14:02:30,14:05:30,2022,10,wet,23.797222220833333,21.4,NA,NA,NA,NA,460.99555555555554,107.68,1366.9955555555557,0.103579108228252,LM,SE | g-fact. > 2 | Intercept (LM),valid,TRUE,TRUE,6.013450368126393,0.103579108228252,0.196256256051616,1.44341448303587e-8,0.366069455799538,0.217697162097255,-0.182290426788584,HM,AICc | Intercept,valid,FALSE,TRUE,9.32452796743626,-0.181874851060516,0.691546382253082,1.45312124075327e-38,-0.182290426788584,0.690944708771442,0,NA,0,0,FALSE,valid,healthy,NA
Oct_22_144_SRS5_stem,2022-10-20,SRS5,tree,stem,NA,LGR3,rebuild fit (stage 03),14:16:00,14:19:00,2022,10,wet,23.865477777666666,21.4,NA,NA,NA,NA,460.99555555555554,107.68,1366.9955555555557,0.0742193595253903,HM,AICc | Intercept,valid,TRUE,FALSE,1.3805345778001976,0.0477905341823655,0.0972727443056844,1.66554324328917e-6,0.0742193595253903,0.0989866043457905,0.836082074646138,HM,NA,valid,FALSE,FALSE,64.06378030251888,0.80578888587426,0.996554754888187,5.8948742697710084e-267,0.836082074646138,0.99664755458374,0,NA,0,0,FALSE,valid,healthy,NA
Oct_22_145_SRS5_stem,2022-10-20,SRS5,tree,stem,NA,LGR3,rebuild fit (stage 03),14:24:07,14:27:07,2022,10,wet,23.869355739727776,21.4,NA,NA,NA,NA,460.99555555555554,107.68,1366.9955555555557,0.0879579364468136,LM,g-fact. > 2 | Intercept,valid,TRUE,FALSE,6.444627126278716,0.0879579364468136,0.202127220256129,1.31804540775429e-9,0.219538637714581,0.219082509211283,1.05685119048958,HM,NA,valid,FALSE,FALSE,53.87825922502623,1.00550899079088,0.996293317118548,2.0855694378076094e-195,1.05685119048958,0.996461905299462,0,NA,0,0,FALSE,valid,healthy,NA
Oct_22_146_SRS5_root,2022-10-20,SRS5,tree,root,NA,LGR3,rebuild fit (stage 03),14:30:24,14:34:00,2022,10,wet,23.872357776066668,21.4,NA,NA,NA,NA,254.53666666666663,40.45,1160.5366666666664,0.182246260086373,LM,SE | g-fact. > 2 | Intercept,valid,TRUE,FALSE,7.243395475448206,0.182246260086373,0.206307150270019,9.63932921137403e-12,0.392334141899323,0.217599680664443,0.89528081556392,HM,SE,valid,FALSE,FALSE,25.415444881243555,0.78926445542246,0.978869577409569,3.5122134418789285e-167,0.89528081556392,0.979928895259988,0,NA,0,0,FALSE,valid,healthy,NA
Oct_22_147_SRS5_stem,2022-10-20,SRS5,tree,stem,NA,LGR3,rebuild fit (stage 03),14:51:00,14:54:56,2022,10,wet,23.877599998,21.5,NA,NA,NA,NA,1106.6016666666667,213.35,2012.601666666667,0.0531425214431479,HM,AICc | Intercept,valid,TRUE,FALSE,1.3932182205891392,0.0507541957034539,0.122631925008058,1.12674209716326e-7,0.0531425214431479,0.122647499697582,0.690146262096522,HM,NA,valid,FALSE,TRUE,48.80390005310379,0.645476697703281,0.994029444046483,1.70835304123101e-233,0.690146262096522,0.994338044720023,0,NA,0,0,FALSE,valid,healthy,NA
Oct_22_148_SRS5_stem,2022-10-20,SRS5,tree,stem,NA,LGR3,rebuild fit (stage 03),14:57:55,15:01:26,2022,10,wet,23.87560185138889,21.5,NA,NA,NA,NA,460.99555555555554,107.68,1366.9955555555557,0.157905965089133,HM,AICc | Intercept,valid,FALSE,FALSE,3.375172090654595,0.150668916879194,0.44710550545938,5.8132543434848894e-30,0.157905965089133,0.447166961774884,1.03343919337493,HM,NA,valid,FALSE,FALSE,71.79294130910506,0.985249200599806,0.997135197478713,4.09213315231603e-278,1.03343919337493,0.997289375790255,0,NA,0,0,FALSE,valid,healthy,NA
Oct_22_149_SRS5_stem,2022-10-20,SRS5,tree,stem,NA,LGR3,rebuild fit (stage 03),15:08:08,15:12:00,2022,10,wet,23.872650372177777,21.5,NA,NA,NA,NA,460.99555555555554,107.68,1366.9955555555557,0.110418345838322,HM,AICc | Intercept,valid,FALSE,TRUE,2.2805784298443252,0.110266021802516,0.279512170722177,6.975829152077271e-17,0.110418345838322,0.27942839463432,2.37155377765953,LM,RMSE | MAE | AICc,valid,FALSE,TRUE,406.6554774292562,2.37155377765953,0.99872568146252,3.78568612037261e-293,2.40918846757595,0.998656780511862,0,NA,0,0,FALSE,valid,healthy,NA
Oct_22_160_SRS5_stem,2022-10-20,SRS5,tree,stem,NA,LGR3,rebuild fit (stage 03),15:25:46,15:29:39,2022,10,wet,23.87784444777778,22.5,NA,NA,NA,NA,1106.6016666666667,213.35,2012.601666666667,0.0641404409030212,LM,g-fact. > 2 | Intercept,valid,TRUE,FALSE,6.578450779741955,0.0641404409030212,0.186011784122821,4.78608910419706e-10,0.137469738371339,0.197951981077985,0.558563922036435,HM,NA,valid,FALSE,FALSE,49.63086185065357,0.542995962420114,0.995185596909723,2.2249392259777392e-215,0.558563922036435,0.995239448451605,0,NA,0,0,FALSE,valid,healthy,NA
Oct_22_161_SRS5_stem,2022-10-20,SRS5,tree,stem,NA,LGR3,rebuild fit (stage 03),15:41:48,15:44:48,2022,10,wet,23.88853333666667,22.5,NA,NA,NA,NA,460.99555555555554,107.68,1366.9955555555557,0.0344501214131397,HM,AICc | Intercept,valid,TRUE,FALSE,0.5978954291968561,0.034367590855358,0.0296091106845187,0.0178862109193452,0.0344501214131397,0.0295970291984344,0.364205263497922,HM,AICc,valid,FALSE,FALSE,17.439214193008198,0.33688419660493,0.9673332401987,1.52850648714895e-116,0.364205263497922,0.967750915889023,0,NA,0,0,FALSE,valid,healthy,NA
Oct_22_162_SRS5_stem,2022-10-20,SRS5,tree,stem,NA,LGR3,rebuild fit (stage 03),15:49:53,15:53:13,2022,10,wet,23.876884817605557,22.5,NA,NA,NA,NA,460.99555555555554,107.68,1366.9955555555557,0.131233787059231,HM,AICc | Intercept,valid,FALSE,FALSE,2.598073938367966,0.130854407836143,0.37904012236737,5.83152358489315e-20,0.131233787059231,0.378936027805564,0.776752216753195,HM,AICc,valid,FALSE,FALSE,43.59220046595826,0.765325681025306,0.99425353422653,4.301477101734669e-197,0.776752216753195,0.994210785556654,0,NA,0,0,FALSE,valid,healthy,NA
Oct_22_163_SRS5_root,2022-10-20,SRS5,tree,root,NA,LGR3,rebuild fit (stage 03),15:57:17,16:00:50,2022,10,wet,23.85600037233889,22.5,NA,NA,NA,NA,254.53666666666663,40.45,1160.5366666666664,0.928304776902831,HM,SE | AICc | Intercept,valid,FALSE,FALSE,2.720748369132959,0.920488559832399,0.591532364851876,3.0569296422291e-17,0.928304776902831,0.591464576873928,1.6048297109592,HM,SE | AICc,valid,FALSE,FALSE,12.593503322806702,1.5340890399544,0.968290903050503,3.46310688652523e-61,1.6048297109592,0.968427575818712,0,NA,0,0,FALSE,valid,healthy,NA
Oct_22_164_SRS5_CWD,2022-10-20,SRS5,tree,cwd,NA,LGR3,rebuild fit (stage 03),16:05:05,16:08:05,2022,10,wet,23.83398703813889,22.5,NA,NA,NA,NA,254.53666666666663,40.45,1160.5366666666664,0.698708849372708,HM,SE | AICc,valid,FALSE,FALSE,3.130040476359046,0.595160683466234,0.538247867981201,2.9524797825319697e-22,0.698708849372708,0.539308014657471,5.07506637137827,HM,SE,valid,FALSE,FALSE,56.583898005904075,4.56348705561665,0.996680881482945,4.6342192063604086e-152,5.07506637137827,0.997478072424767,0,NA,0,0,FALSE,valid,healthy,NA
44855_SRS6_Soil_65,2022-10-21,SRS6,surface,soil,soil,LGR3,rebuild fit (stage 03),15:01:30,15:08:00,2022,10,wet,25.4320833315,24.2,NA,0,NA,NA,38700,433.7,39606,1.97381312650148,HM,SE | Intercept (LM),valid,FALSE,FALSE,13.767059669666777,1.49345731377975,0.828984202899838,7.682697968046528e-205,1.97381312650148,0.833435467086707,1.57735287458211,HM,SE | Intercept (LM),valid,FALSE,FALSE,40.13903037262729,1.34627855188203,0.976490856081555,0,1.57735287458211,0.97826830876463,0,NA,0,0,FALSE,valid,healthy,NA
44855_SRS6_Soil_66,2022-10-21,SRS6,surface,soil,soil,LGR3,rebuild fit (stage 03),15:14:30,15:17:30,2022,10,wet,25.4660277745,23.8,NA,NA,NA,NA,38700,433.7,39606,2.11952337940945,LM,SE | g-fact. > 2 | Intercept (LM),valid,FALSE,FALSE,25.068226004218147,2.11952337940945,0.699136172882521,2.43987381968779e-72,5.08901040629236,0.741468564862519,1.86798551551418,HM,SE | Intercept (LM),valid,FALSE,FALSE,17.483854826028708,1.52252568990472,0.939479371558535,4.4599367083248884e-166,1.86798551551418,0.942324341813041,0,NA,0,0,FALSE,valid,healthy,NA
44855_SRS6_Soil_67,2022-10-21,SRS6,surface,soil,soil,LGR3,rebuild fit (stage 03),15:23:00,15:26:00,2022,10,wet,25.457555554,24.1,NA,NA,NA,NA,38700,433.7,39606,22.1419989356533,HM,SE,valid,FALSE,FALSE,44.55293317023208,18.2489910463594,0.990682415809224,3.5387476530324496e-200,22.1419989356533,0.993230946741852,3.2188797484655,HM,SE | AICc,valid,FALSE,FALSE,23.80543027351497,3.14174791828683,0.978454133708496,1.1153645827382195e-164,3.2188797484655,0.978493078118167,0,NA,0,0,FALSE,valid,healthy,NA
44855_SRS6_Soil_68,2022-10-21,SRS6,surface,soil,soil,LGR3,rebuild fit (stage 03),15:30:30,15:32:30,2022,10,wet,25.448388889,24.2,NA,NA,NA,NA,38700,433.7,39606,28.1275171574057,HM,SE,valid,FALSE,FALSE,36.173703745586266,24.5353483065204,0.990737010077963,1.0347213820932197e-159,28.1275171574057,0.992047829121897,4.94602009201611,HM,SE | AICc,valid,FALSE,FALSE,21.678790199909784,4.81999900590535,0.979270159742091,1.3498069140942796e-132,4.94602009201611,0.979310200725804,0,NA,0,0,FALSE,valid,healthy,NA
44855_SRS6_Soil_69,2022-10-21,SRS6,surface,soil,soil,LGR3,rebuild fit (stage 03),15:38:00,15:40:00,2022,10,wet,25.439222224,23.4,NA,NA,NA,NA,38700,433.7,39606,12.7391518177361,HM,SE,valid,FALSE,FALSE,18.89906507954649,8.47952944311165,0.949731408386574,2.4197413263562795e-120,12.7391518177361,0.962474535373648,3.17074523645007,HM,SE,valid,FALSE,FALSE,15.04307993755583,2.47058004681867,0.941420288046462,2.7079557038472693e-114,3.17074523645007,0.945769865307961,0,NA,0,0,FALSE,valid,healthy,NA
44855_SRS6_Soil_70,2022-10-21,SRS6,surface,soil,soil,LGR3,rebuild fit (stage 03),15:45:30,15:47:30,2022,10,wet,25.428744447666663,23.5,NA,NA,NA,NA,38700,433.7,39606,23.8778189805511,HM,SE,valid,FALSE,FALSE,50.39200349870575,21.6999283963556,0.994312680108943,4.410519560611288e-221,23.8778189805511,0.994945199288517,3.65802720265452,HM,SE | AICc,valid,FALSE,FALSE,27.377483505173995,3.60620630240421,0.983793060059525,9.75252532001165e-177,3.65802720265452,0.983746510401059,0,NA,0,0,FALSE,valid,healthy,NA
44855_SRS6_Soil_71,2022-10-21,SRS6,surface,soil,soil,LGR3,rebuild fit (stage 03),15:52:30,15:54:30,2022,10,wet,25.401833335,23.5,NA,NA,NA,NA,38700,433.7,39606,13.2063907099592,HM,SE | AICc,valid,FALSE,FALSE,23.408791799149657,12.9823335077373,0.982389934277449,3.299195227562729e-137,13.2063907099592,0.982392626436132,8.77665779419434,HM,SE,valid,FALSE,FALSE,39.1029886234973,7.87295415744595,0.992513201298463,8.192829044343558e-166,8.77665779419434,0.993321796391358,0,NA,0,0,FALSE,valid,healthy,NA
44855_SRS6_Soil_72,2022-10-21,SRS6,surface,soil,soil,LGR3,rebuild fit (stage 03),16:00:00,16:02:00,2022,10,wet,25.373,23.3,NA,NA,NA,NA,38700,433.7,39606,2.47086705389795,HM,SE | AICc,valid,FALSE,FALSE,4.007021640437891,2.44502190515895,0.615981136698108,1.15135020971383e-34,2.47086705389795,0.61591614596705,1.19339201751289,HM,SE | AICc,valid,FALSE,FALSE,5.081818429333426,0.959472213258281,0.697209360102384,8.571891600216718e-43,1.19339201751289,0.699875787773657,0,NA,0,0,FALSE,valid,healthy,NA
44855_SRS6_Soil_73,2022-10-21,SRS6,surface,soil,soil,LGR3,rebuild fit (stage 03),16:08:45,16:11:45,2022,10,wet,25.339361109166667,23.7,NA,NA,NA,NA,38700,433.7,39606,11.5465601139603,HM,SE,valid,FALSE,FALSE,22.65816915795249,8.19998507102873,0.962147048988663,8.798308744560609e-151,11.5465601139603,0.970662149193398,2.13262592708087,HM,SE | AICc,valid,FALSE,FALSE,15.525458500404538,2.02402440256148,0.94667100935482,3.1923939838891296e-135,2.13262592708087,0.946852021315566,0,NA,0,0,FALSE,valid,healthy,NA
44855_SRS6_Soil_74,2022-10-21,SRS6,surface,soil,soil,LGR3,rebuild fit (stage 03),16:15:45,16:17:45,2022,10,wet,25.31460833,23.4,NA,NA,NA,NA,38700,433.7,39606,2.69685972931206,HM,SE | AICc | Intercept,valid,FALSE,FALSE,3.6544451762966057,2.46572379008889,0.593869343424888,8.31819635866037e-29,2.69685972931206,0.594199545909553,1.47487572336454,HM,SE | AICc,valid,FALSE,FALSE,4.878549558208597,1.1211180412868,0.7012202223184,5.66345402168022e-38,1.47487572336454,0.705334235212393,0,NA,0,0,FALSE,valid,healthy,NA
Oct_22_201_CP40_stem,2022-10-23,CP40,tree,stem,NA,LGR1,rebuild fit (stage 03),11:18:47,11:23:01,2022,10,wet,24.77306851893889,26.3,NA,11,NA,NA,1106.6016666666667,213.35,2012.601666666667,25.3117983871093,HM,SE,valid,FALSE,TRUE,28.374981958124547,19.2943684164503,0.970125802841168,1.98882150581063e-213,25.3117983871093,0.975924136798468,1.62921390970646,HM,NA,valid,FALSE,FALSE,97.03290902377825,1.34703654183581,0.995400855935389,0,1.62921390970646,0.997972901714306,0,NA,0,0,FALSE,valid,ghost,NA
Oct_22_202_CP40_stem,2022-10-23,CP40,tree,stem,NA,LGR1,rebuild fit (stage 03),11:34:40,11:38:33,2022,10,wet,25.00425926144445,26.3,NA,11,NA,NA,1106.6016666666667,213.35,2012.601666666667,13.5316957237585,HM,NA,valid,FALSE,FALSE,291.81063374692286,12.6212502622142,0.999489505833797,0,13.5316957237585,0.999822313553219,2.08537816467553,HM,NA,valid,FALSE,FALSE,143.56569213995303,1.91337394982474,0.99874742205229206,0,2.08537816467553,0.99926034834076,0,NA,0,0,FALSE,valid,ghost,NA
Oct_22_203_CP40_stem,2022-10-23,CP40,tree,stem,NA,LGR1,rebuild fit (stage 03),11:50:59,11:54:07,2022,10,wet,25.318610003333333,26.3,NA,11,NA,NA,1106.6016666666667,213.35,2012.601666666667,2.12253375689676,HM,NA,valid,FALSE,FALSE,35.89075707213332,2.00178688699495,0.989831960228355,1.8099038435526594e-200,2.12253375689676,0.990065386751266,1.45817194846897,HM,SE,valid,FALSE,FALSE,16.692971925753575,1.3224297836896,0.954210768778334,1.95587302630784e-135,1.45817194846897,0.954837424990674,0,NA,0,0,FALSE,valid,ghost,NA
Oct_22_204_CP40_stem,2022-10-23,CP40,tree,stem,NA,LGR1,rebuild fit (stage 03),12:02:20,12:08:50,2022,10,wet,25.629600003333337,26.3,NA,11,NA,NA,2232.644,462.19,3138.644,60.6324578364082,HM,SE,valid,FALSE,TRUE,387.4725253074212,59.2838584527604,0.999883223434953,0,60.6324578364082,0.999916729048473,2.56622408256152,HM,NA,valid,FALSE,FALSE,155.76641417611694,2.47501105324737,0.99939249907602,2.12028074286513e-293,2.56622408256152,0.999481355322756,0,NA,0,0,FALSE,valid,ghost,NA
Oct_22_205_CP40_stem,2022-10-23,CP40,tree,stem,NA,LGR1,rebuild fit (stage 03),12:18:21,12:21:39,2022,10,wet,26.01824389185,26.3,NA,11,NA,NA,2232.644,462.19,3138.644,7.460206265751,LM,RMSE | MAE | AICc,valid,FALSE,TRUE,541.2468243610838,7.460206265751,0.999276843002789,0,7.54707997227588,0.999204291234209,0.644467662787913,HM,AICc,valid,FALSE,TRUE,53.24816087952565,0.637242795691916,0.995382873188347,1.30276453541285e-248,0.644467662787913,0.995305561130614,0,NA,0,0,FALSE,valid,ghost,NA
Oct_22_206_CP40_stem,2022-10-23,CP40,tree,stem,NA,LGR1,rebuild fit (stage 03),12:33:32,12:36:32,2022,10,wet,26.2066859272,26.3,NA,11,NA,NA,1106.6016666666667,213.35,2012.601666666667,1.49146568231293,HM,SE | AICc | Intercept,valid,FALSE,TRUE,7.315405451773381,1.46957840025352,0.741055098903641,9.1680828403978e-89,1.49146568231293,0.74099633092241,-0.044412459065511,HM,AICc | Intercept,valid,FALSE,TRUE,5.30656637538644,-0.0442796365829846,0.455374326051588,4.92689498690464e-41,-0.044412459065511,0.455204807014692,0,NA,0,0,FALSE,valid,ghost,NA
LGR2_2022-10-23_CP40_P01,2022-10-23,CP40,surface,water,water,LGR2,unlogged placement (stage 04),11:23:24,11:26:07,2022,10,wet,24.90722222366667,26.3,NA,NA,NA,NA,3370,324.3,4276,59.29200871886957,NA,NA,valid,FALSE,FALSE,NA,NA,NA,NA,NA,NA,0.8951510279160976,NA,NA,valid,FALSE,FALSE,NA,NA,NA,NA,NA,NA,2.9422269385595174,56.34978178031005,0.04962265576985182,1,TRUE,valid,ghost,"unlogged placement: Separate floating-chamber placement: linear CH4 rise (r2 0.99) from the start of the LGR2 record to a chamber lift, then water 76 is placed at 11:27. Not on the field sheet. Legacy times were shifted by the wrong -1091 s offset; analyzer clock is ~field time."
44857_CP40_Water_76,2022-10-23,CP40,surface,water,water,LGR2,rebuild fit (stage 03),11:28:00,11:31:00,2022,10,wet,24.90722222366667,26.3,NA,23,NA,NA,3370,324.3,4276,134.4689876344486,LM,RMSE | SE | AICc | Intercept,valid,FALSE,TRUE,33.18064420758244,89.9351752935616,0.651413378558876,4.07478066478286e-62,89.94758959119,0.651171024689555,0.6894707126229633,HM,NA,valid,FALSE,FALSE,55.971699543317975,0.660462995366085,0.994518754035367,1.86212217430437e-291,0.703768477899252,0.994811587295103,85.84518501615476,48.62380261829386,0.6384013632163519,1,TRUE,valid,ghost,NA
44857_CP40_Water_77,2022-10-23,CP40,surface,water,water,LGR2,rebuild fit (stage 03),11:42:45,11:45:45,2022,10,wet,25.12191666975,NA,NA,23,NA,NA,3370,324.3,4276,29.196983527859803,HM,NA,valid,FALSE,FALSE,254.66707394438112,22.0918942118954,0.994644232142824,6.724317386510839e-226,28.9642607851109,0.999778062089738,0.5455777823397124,LM,RMSE | MAE | AICc,valid,FALSE,TRUE,149.44345811704042,0.544704189460576,0.991183888180367,1.4100841445571799e-204,0.549706091192906,0.991065809851608,0,29.196983527859803,0,0,TRUE,valid,ghost,NA
44857_CP40_Water_78,2022-10-23,CP40,surface,water,water,LGR2,rebuild fit (stage 03),11:47:00,11:50:00,2022,10,wet,25.20946667,NA,NA,23,NA,NA,3370,324.3,4276,25.199952108061144,LM,RMSE | SE | AICc,valid,FALSE,TRUE,25.866404980996435,25.1999521080611,0.663380200170035,3.93628898190748e-82,25.2748696659838,0.663200381187585,0.6214171886328115,HM,NA,valid,FALSE,FALSE,83.07589620646598,0.567001997659157,0.996212722685915,0,0.621417188632811,0.996789247033151,0,25.199952108061144,0,0,TRUE,valid,ghost,NA
44857_CP40_Water_79,2022-10-23,CP40,surface,water,water,LGR2,rebuild fit (stage 03),12:01:45,12:04:45,2022,10,wet,25.61361667,NA,NA,23,NA,NA,3370,324.3,4276,18.587540502627757,HM,NA,valid,FALSE,FALSE,300.9731655579378,17.9210407782,0.99973451267619,0,18.6779017338006,0.999852227952354,0.6110108386951857,HM,MAE | AICc,valid,FALSE,TRUE,47.49177046307625,0.607504063976152,0.99431247924842,6.19180031743963e-238,0.613341638714239,0.994186457917169,0,18.587540502627757,0,0,TRUE,valid,ghost,NA
44857_CP40_Water_80,2022-10-23,CP40,surface,water,water,LGR2,rebuild fit (stage 03),12:09:00,12:14:00,2022,10,wet,25.81226667,NA,NA,NA,NA,NA,3370,324.3,4276,37.65721551327968,LM,SE | g-fact. > 2 | Intercept,valid,FALSE,FALSE,34.517030708285866,36.4095254483349,0.785984087879654,2.47659988403043e-103,165.503302295611,0.939216157786218,0.6540650402224728,HM,NA,valid,FALSE,FALSE,87.04180255535061,0.609626820592759,0.997086210934696,0,0.652971064425233,0.997403655358045,14.855399491565558,22.80181602171412,0.3944901206603249,1,TRUE,valid,ghost,NA
Oct_22_175_CP40_stem,2022-10-23,CP40,tree,stem,NA,LGR2,rebuild fit (stage 03),12:31:00,12:35:00,2022,10,wet,26.175244446,26.3,NA,10,NA,NA,1106.6016666666667,213.35,2012.601666666667,16.1449970518923,HM,NA,valid,FALSE,FALSE,125.225645795838,12.5443633524462,0.994560901589082,7.80240876571938e-273,16.1449970518923,0.99891628668658194,2.40398938989489,HM,NA,valid,FALSE,FALSE,125.50793725177238,1.91471459059407,0.995403915916523,1.41886909573755e-281,2.40398938989489,0.998933525612223,0,NA,0,0,FALSE,valid,ghost,NA
Oct_22_176_CP40_stem,2022-10-23,CP40,tree,stem,NA,LGR2,rebuild fit (stage 03),12:37:30,12:40:30,2022,10,wet,26.2559166675,26.3,NA,10,NA,NA,1106.6016666666667,213.35,2012.601666666667,15.420984021908,LM,RMSE | MAE | AICc,valid,FALSE,FALSE,429.6013028289414,15.420984021908,0.999025637956218,1.11955195406452e-271,15.6527727206359,0.999001143646075,16.4567088306736,LM,RMSE | MAE | SE | AICc,valid,FALSE,TRUE,414.8998443255482,16.4567088306736,0.998955436985407,5.6654958411938e-269,16.6628303261233,0.99889997623227,0,NA,0,0,FALSE,valid,ghost,NA
Oct_22_177_CP40_stem,2022-10-23,CP40,tree,stem,NA,LGR2,rebuild fit (stage 03),12:44:30,12:49:00,2022,10,wet,26.3427944445,26.3,NA,10,NA,NA,1106.6016666666667,213.35,2012.601666666667,0.310727272332341,LM,g-fact. > 2 | Intercept (LM),valid,FALSE,FALSE,41.33640865136485,0.310727272332341,0.863041289801853,8.71603279582625e-119,0.789673505424148,0.915933905078019,4.0911703060868,HM,SE,valid,FALSE,FALSE,91.58997995062518,3.08011384515632,0.992245269526748,3.6499532498758686e-287,4.0911703060868,0.9976831300241,0,NA,0,0,FALSE,valid,ghost,NA
Oct_22_178_CP40_stem,2022-10-23,CP40,tree,stem,NA,LGR2,rebuild fit (stage 03),13:28:00,13:31:00,2022,10,wet,26.56968888933333,NA,NA,10,NA,NA,1106.6016666666667,213.35,2012.601666666667,84.6025913316567,HM,SE,valid,FALSE,TRUE,287.72644304914985,75.5103864410105,0.998963333370137,8.947127086179209e-268,84.6025913316567,0.99985634069882,2.19940845478743,HM,NA,valid,FALSE,FALSE,103.67456430627333,1.97821136174891,0.998127276120921,6.458689383987228e-245,2.19940845478743,0.998898714440981,0,NA,0,0,FALSE,valid,ghost,NA
Oct_22_179_CP40_stem,2022-10-23,CP40,tree,stem,NA,LGR2,rebuild fit (stage 03),13:46:30,13:49:30,2022,10,wet,26.7560666635,NA,NA,10,NA,NA,1106.6016666666667,213.35,2012.601666666667,3.61063664368048,HM,NA,valid,FALSE,FALSE,44.814125206924274,2.63528601124767,0.986258447695098,7.042399155572957e-168,3.61063664368048,0.993530928677291,3.16396896949901,HM,NA,valid,FALSE,FALSE,158.55262793073692,2.44385855341726,0.994809825931659,1.6288566278272095e-205,3.16396896949901,0.999493415117734,0,NA,0,0,FALSE,valid,ghost,NA
Oct_22_180_CP40_stem,2022-10-23,CP40,tree,stem,NA,LGR2,rebuild fit (stage 03),14:13:00,14:16:00,2022,10,wet,26.998688888666667,NA,NA,10,NA,NA,1106.6016666666667,213.35,2012.601666666667,0.29076345000275,LM,g-fact. > 2 | Intercept (LM),valid,FALSE,FALSE,26.319975350994987,0.29076345000275,0.793516656853462,1.94923453950121e-63,0.818409970270148,0.863432666068862,2.24329542107582,HM,NA,valid,FALSE,FALSE,141.53394254932144,1.96521970497545,0.998179926017742,2.1713123794362903e-247,2.24329542107582,0.999397835313562,0,NA,0,0,FALSE,valid,ghost,NA
Oct_22_181_CP40_stem,2022-10-23,CP40,tree,stem,NA,LGR2,rebuild fit (stage 03),14:23:00,14:26:00,2022,10,wet,27.040466666666667,25.6,NA,10,NA,NA,1106.6016666666667,213.35,2012.601666666667,22.3997112475214,LM,RMSE | MAE | SE | AICc,valid,FALSE,TRUE,567.041124483543,22.3997112475214,0.999440498072161,3.0670837706490997e-291,22.6779514950679,0.999334095189903,1.8275201914216,HM,NA,valid,FALSE,FALSE,111.67550945418266,1.58752325985275,0.997671849846468,8.060187000170329e-238,1.8275201914216,0.999029365236277,0,NA,0,0,FALSE,valid,ghost,NA
Oct_22_182_CP40_stem,2022-10-23,CP40,tree,stem,NA,LGR2,rebuild fit (stage 03),14:38:10,14:41:10,2022,10,wet,27.084955555555556,36,NA,10,NA,NA,1106.6016666666667,213.35,2012.601666666667,3.81000725433937,HM,NA,valid,FALSE,FALSE,102.93191190576064,3.65492465471306,0.998792988583883,2.35391232645911e-263,3.81000725433937,0.998911790947102,1.48645396113466,HM,NA,valid,FALSE,FALSE,111.9294458482468,1.39581800144795,0.998797862531646,1.63876198567038e-263,1.48645396113466,0.999069731973656,0,NA,0,0,FALSE,valid,ghost,NA
Oct_22_183_CP40_stem,2022-10-23,CP40,tree,stem,NA,LGR2,rebuild fit (stage 03),14:50:00,14:53:00,2022,10,wet,27.076555555,32.6,NA,10,NA,NA,1106.6016666666667,213.35,2012.601666666667,1.00087829488161,HM,AICc,valid,FALSE,FALSE,25.484615802409404,0.947246776637086,0.982221844630914,8.453833055311778e-159,1.00087829488161,0.98242580572344,1.75385524437326,LM,RMSE | MAE | SE | AICc,valid,FALSE,FALSE,91.73417273474584,1.75385524437326,0.979055545060998,1.9886789476311493e-152,1.77057938490723,0.978941174012734,0,NA,0,0,FALSE,valid,ghost,NA
Oct_22_184_CP40_stem,2022-10-23,CP40,tree,stem,NA,LGR2,rebuild fit (stage 03),15:04:12,15:07:12,2022,10,wet,26.9957733312,NA,NA,14,NA,NA,1106.6016666666667,213.35,2012.601666666667,20.0305530757897,HM,SE,valid,FALSE,TRUE,55.68355986185966,12.5934613157258,0.979844874569223,6.38578421167972e-154,20.0305530757897,0.995492184091842,0.897400538979272,HM,MAE | SE | Intercept,valid,FALSE,FALSE,21.31309264157935,0.72387640938699,0.970269413167938,8.251244435566987e-139,0.897400538979272,0.973096414207631,0,NA,0,0,FALSE,valid,ghost,NA
Oct_22_185_CP40_stem,2022-10-23,CP40,tree,stem,NA,LGR2,rebuild fit (stage 03),15:25:30,15:28:50,2022,10,wet,26.84403333,NA,NA,14,NA,NA,1106.6016666666667,213.35,2012.601666666667,0.0328659250409169,LM,AICc | g-fact. > 2 | Intercept,valid,TRUE,FALSE,4.721433343492197,0.0328659250409169,0.0962165073409219,4.41222602517185e-6,0.068865932549747,0.10172260626976,0.334291180027267,HM,Intercept (LM),valid,FALSE,FALSE,17.707542732717414,0.173122314737194,0.916783355389515,1.30272482827725e-109,0.334291180027267,0.948996268151743,0,NA,0,0,FALSE,valid,ghost,NA
Oct_22_186_CP40_stem,2022-10-23,CP40,tree,stem,NA,LGR2,rebuild fit (stage 03),15:45:00,15:48:00,2022,10,wet,26.67633333,NA,NA,14,NA,NA,1106.6016666666667,213.35,2012.601666666667,0.0711270676690916,LM,SE | g-fact. > 2 | Intercept (LM),valid,FALSE,FALSE,4.046541088095797,0.0711270676690916,0.0786924179601727,7.72304701518248e-5,0.535769927005111,0.272266014922744,0.146003950305834,LM,SE | g-fact. > 2 | Intercept,valid,FALSE,FALSE,6.384754840128154,0.146003950305834,0.180943598032404,1.43158276612845e-9,2.09652405923895,0.569202926607131,0,NA,0,0,FALSE,valid,ghost,NA
Oct_22_187_CP40_CWD,2022-10-23,CP40,tree,cwd,NA,LGR2,rebuild fit (stage 03),16:05:00,16:08:00,2022,10,wet,26.46011111,NA,NA,NA,NA,NA,254.53666666666663,40.45,1160.5366666666664,0.377164175541938,LM,SE | g-fact. > 2 | Intercept,valid,FALSE,FALSE,7.391330399248477,0.377164175541938,0.229556834856665,5.36603934411125e-12,4.78900787373757,0.594875241622755,2.39959167995185,HM,SE,valid,FALSE,FALSE,58.898685935455354,1.82612332972719,0.991049868383806,1.77425943570344e-185,2.39959167995185,0.996295516486891,0,NA,0,0,FALSE,valid,ghost,NA
Oct_22_188_CP40_CWD,2022-10-23,CP40,tree,cwd,NA,LGR2,rebuild fit (stage 03),16:10:00,16:12:00,2022,10,wet,26.406055555,NA,NA,NA,NA,NA,254.53666666666663,40.45,1160.5366666666664,19.1008886407766,HM,SE,valid,FALSE,FALSE,52.14135183880406,16.6642607255305,0.995714067589813,8.71825957652533e-142,19.1008886407766,0.997060374700547,10.4777300030037,HM,SE,valid,FALSE,FALSE,141.8792389538361,9.54895207313453,0.999010771757402,2.3526110434951798e-179,10.4777300030037,0.999610395689905,0,NA,0,0,FALSE,valid,ghost,NA
Oct_22_189_CP40_stem,2022-10-23,CP40,tree,stem,NA,LGR3,rebuild fit (stage 03),11:22:58,11:39:20,2022,10,wet,24.833959260144443,25.3,NA,12,NA,NA,460.99555555555554,107.68,1366.9955555555557,-0.721904534622887,HM,Intercept (HM),valid,FALSE,FALSE,14.90852392341973,-0.486704537963229,0.900772854081174,3.124440767506129e-146,-0.721904534622887,0.910870363020259,0.184825465499049,HM,Intercept (HM),valid,FALSE,FALSE,12.196343333844576,0.134679124034422,0.870194424479745,1.7510668409586395e-129,0.184825465499049,0.876208448483803,0,NA,0,0,FALSE,valid,ghost,NA
Oct_22_190_CP40_stem,2022-10-23,CP40,tree,stem,NA,LGR3,rebuild fit (stage 03),12:19:00,12:24:00,2022,10,wet,26.026311114,NA,NA,12,NA,NA,460.99555555555554,107.68,1366.9955555555557,0.113280078913578,LM,g-fact. > 2 | Intercept,valid,FALSE,FALSE,12.187472508770364,0.113280078913578,0.356764649903411,2.00293991102241e-27,0.461842882851332,0.410931765992736,0.117091166466369,LM,g-fact. > 2 | Intercept (LM),valid,FALSE,FALSE,33.36787455015282,0.117091166466369,0.8070247422477,7.04871523203539e-97,0.269269225190748,0.856142956001565,0,NA,0,0,FALSE,valid,ghost,NA
Oct_22_191_CP40_stem,2022-10-23,CP40,tree,stem,NA,LGR3,rebuild fit (stage 03),12:40:46,12:45:00,2022,10,wet,26.2964596301,25.6,NA,12,NA,NA,254.53666666666663,40.45,1160.5366666666664,0.0910580653347445,HM,SE | AICc | p-value | Intercept,valid,TRUE,FALSE,0.2632090215929544,0.0615479363228442,-0.00157254016831998,0.367693797422292,0.0910580653347445,-5.1446509211028e-4,0.940822041079199,HM,SE,valid,FALSE,FALSE,9.574197112388283,0.767406765178525,0.916043973616491,6.39668972285539e-64,0.940822041079199,0.919014834019309,0,NA,0,0,FALSE,valid,ghost,NA
Oct_22_192_CP40_stem,2022-10-23,CP40,tree,stem,NA,LGR3,rebuild fit (stage 03),13:20:00,13:30:00,2022,10,wet,26.488444446666666,24.3,NA,12,NA,NA,2232.644,462.19,3138.644,61.4912803188164,LM,RMSE | MAE | SE | AICc,valid,FALSE,TRUE,783.8784987634577,61.4912803188164,0.999765704593662,1.10989257013831e-261,62.1937038632579,0.999689921574788,7.49294813456982,LM,RMSE | MAE | SE | AICc,valid,FALSE,TRUE,546.1284309666299,7.49294813456982,0.999517425254503,3.03453495652646e-239,7.60939580426714,0.999500456684898,0,NA,0,0,FALSE,valid,ghost,NA
Oct_22_193_CP40_stem,2022-10-23,CP40,tree,stem,NA,LGR3,rebuild fit (stage 03),13:42:40,13:48:30,2022,10,wet,26.718637034222223,24.7,NA,12,NA,NA,2232.644,462.19,3138.644,1.17758878429759,HM,NA,valid,FALSE,FALSE,87.67037065767981,0.942647249353271,0.992701968472675,0,1.17758878429759,0.996192867862034,1.31005172266331,HM,NA,valid,FALSE,FALSE,190.83649523365793,1.01384217092518,0.994598181457598,0,1.31005172266331,0.999181350519724,0,NA,0,0,FALSE,valid,ghost,NA
Oct_22_194_CP40_stem,2022-10-23,CP40,tree,stem,NA,LGR3,rebuild fit (stage 03),14:04:00,14:09:00,2022,10,wet,26.916288887666667,24.7,NA,12,NA,NA,1106.6016666666667,213.35,2012.601666666667,0.200197091905979,HM,AICc,valid,FALSE,FALSE,8.303912334897083,0.198653337246299,0.78126718779611,3.1752188114324296e-103,0.200197091905979,0.781160684886763,1.36709286436175,LM,RMSE | MAE | AICc,valid,FALSE,FALSE,676.504079670333,1.36709286436175,0.999329641203736,0,1.38912610113478,0.999296313371496,0,NA,0,0,FALSE,valid,ghost,NA
Oct_22_195_CP40_stem,2022-10-23,CP40,tree,stem,NA,LGR3,rebuild fit (stage 03),14:35:00,14:42:00,2022,10,wet,27.075666666666667,25.2,NA,12,NA,NA,2232.644,462.19,3138.644,24.7234370657204,LM,RMSE | MAE | AICc,valid,FALSE,TRUE,2574.418595843815,24.7234370657204,0.999947947919375,0,25.1113079374132,0.999924543127131,2.68184293567601,HM,NA,valid,FALSE,TRUE,447.0205923154805,2.63811689272993,0.999885402825759,0,2.68184293567601,0.999891062731736,0,NA,0,0,FALSE,valid,ghost,NA
Oct_22_196_CP40_stem,2022-10-23,CP40,tree,stem,NA,LGR3,rebuild fit (stage 03),15:06:30,15:11:30,2022,10,wet,26.9826888865,24.3,NA,12,NA,NA,2232.644,462.19,3138.644,4.66270026974848,HM,NA,valid,FALSE,FALSE,244.5271211892105,4.49538446652805,0.999477665544451,0,4.66270026974848,0.999568162888506,2.64697793730137,HM,NA,valid,FALSE,TRUE,333.519880523396,2.56608999884413,0.999703338167097,0,2.64697793730137,0.999768459433376,0,NA,0,0,FALSE,valid,ghost,NA
Oct_22_197_CP40_stem,2022-10-23,CP40,tree,stem,NA,LGR3,rebuild fit (stage 03),15:26:00,15:29:30,2022,10,wet,26.83973333,25.8,NA,12,NA,NA,2232.644,462.19,3138.644,0.86724024977559,HM,AICc,valid,FALSE,FALSE,26.866891713260653,0.849684080342762,0.982882093624092,3.4366787608531e-176,0.86724024977559,0.982908198353098,3.52396865236833,HM,NA,valid,FALSE,FALSE,277.56328665778,3.41381546957047,0.99976778832512,0,3.52396865236833,0.999836141381303,0,NA,0,0,FALSE,valid,ghost,NA
Oct_22_198_CP40_stem,2022-10-23,CP40,tree,stem,NA,LGR3,rebuild fit (stage 03),15:41:13,15:44:40,2022,10,wet,26.708869996666664,26,NA,11,NA,NA,2232.644,462.19,3138.644,15.4929478236762,HM,SE,valid,FALSE,FALSE,70.02251699763121,14.6875516706192,0.998960776136704,2.0266377508204e-94,15.4929478236762,0.999165128751389,1.20917196142058,HM,SE,valid,FALSE,FALSE,20.14498127149796,1.07737223756299,0.988740116334066,2.4460938959412197e-62,1.20917196142058,0.989691047981145,0,NA,0,0,FALSE,valid,ghost,NA
Oct_22_200_CP40_stem,2022-10-23,CP40,tree,stem,NA,LGR3,rebuild fit (stage 03),16:06:06,16:09:10,2022,10,wet,26.4482188879,26.1,NA,11,NA,NA,1106.6016666666667,213.35,2012.601666666667,0.477018164969675,HM,SE | AICc | Intercept,valid,FALSE,FALSE,1.9186084721914485,0.314614219759403,0.373458639740425,1.69455195253164e-9,0.477018164969675,0.377667217520026,7.88784413530892,HM,SE,valid,FALSE,FALSE,75.65150870983405,7.45831036726582,0.998909268923779,1.50616883270379e-114,7.88784413530892,0.999126327760122,0,NA,0,0,FALSE,valid,ghost,NA
Oct_22_213_CP40_stem,2022-10-24,CP40,tree,stem,NA,LGR2,rebuild fit (stage 03),11:35:09,11:38:37,2022,10,wet,25.709625003333333,NA,NA,2,NA,NA,1106.6016666666667,213.35,2012.601666666667,118.591928995795,HM,SE,valid,FALSE,TRUE,400.8668092552178,113.532739438106,0.99978592945255,0,118.591928995795,0.999916987345653,1.1605137847592,HM,NA,valid,FALSE,FALSE,114.09559877651157,1.12220492121917,0.998904806430218,1.30120920677864e-293,1.1605137847592,0.998981335837765,0,NA,0,0,FALSE,valid,ghost,NA
Oct_22_214_CP40_stem,2022-10-24,CP40,tree,stem,NA,LGR2,rebuild fit (stage 03),11:44:37,11:50:26,2022,10,wet,25.749069447777774,NA,NA,2,NA,NA,1106.6016666666667,213.35,2012.601666666667,8.15174107604948,HM,NA,valid,FALSE,FALSE,347.27375909832193,7.26393742683637,0.998901391344848,0,8.15174107604948,0.999807537318965,1.79947796478824,HM,NA,valid,FALSE,FALSE,273.1847982932561,1.62915684440172,0.999022119225799,0,1.79947796478824,0.999691417946485,0,NA,0,0,FALSE,valid,ghost,NA
Oct_22_215_CP40_stem,2022-10-24,CP40,tree,stem,NA,LGR2,rebuild fit (stage 03),12:02:30,12:06:12,2022,10,wet,26.113694445833335,NA,NA,2,NA,NA,460.99555555555554,107.68,1366.9955555555557,0.0156252597007415,HM,AICc | p-value | MDF | Intercept,valid,TRUE,FALSE,0.32551273806261527,0.0111525167378415,0.00118805164143387,0.262103452155188,0.0156252597007415,0.00220710129657276,1.98017213929376,HM,Intercept (LM),valid,FALSE,FALSE,90.12517845008983,1.35811236164862,0.988024210249938,1.4715873847693796e-214,1.98017213929376,0.997953711433486,0,NA,0,0,FALSE,valid,ghost,NA
Oct_22_207_CP40_stem,2022-10-24,CP40,tree,stem,NA,LGR2,rebuild fit (stage 03),12:20:51,12:23:57,2022,10,wet,26.48213500065,NA,NA,10,NA,NA,1106.6016666666667,213.35,2012.601666666667,0.685214893760045,HM,NA,valid,FALSE,FALSE,14.87140584526861,0.612286530691623,0.946284847491389,1.25012050631633e-119,0.685214893760045,0.947095509807653,7.09215167519573,HM,NA,valid,FALSE,FALSE,281.96952905595543,6.9628839759697,0.999830506289324,0,7.09215167519573,0.999851787761687,0,NA,0,0,FALSE,valid,ghost,NA
Oct_22_208_CP40_stem,2022-10-24,CP40,tree,stem,NA,LGR2,rebuild fit (stage 03),12:32:34,12:35:40,2022,10,wet,26.700715927877777,NA,NA,10,NA,NA,1106.6016666666667,213.35,2012.601666666667,0.210566664413446,HM,AICc | Intercept,valid,FALSE,FALSE,5.050735747969791,0.175608578016399,0.664424546210885,5.94058875125043e-46,0.210566664413446,0.665867220654959,7.63030822518753,HM,NA,valid,FALSE,TRUE,491.5456531112277,7.42462131230135,0.999900137698616,0,7.63030822518753,0.999951007185577,0,NA,0,0,FALSE,valid,ghost,NA
Oct_22_209_CP40_stem,2022-10-24,CP40,tree,stem,NA,LGR2,rebuild fit (stage 03),12:45:07,12:48:10,2022,10,wet,26.93315667,NA,NA,10,NA,NA,1106.6016666666667,213.35,2012.601666666667,0.0966024908472453,HM,AICc,valid,FALSE,FALSE,2.1022679205216077,0.0750533892247438,0.249496037311261,3.18502616978523e-13,0.0966024908472453,0.250835500312538,6.40985018668105,HM,NA,valid,FALSE,FALSE,392.9038062917325,6.25026030560774,0.999881242742988,0,6.40985018668105,0.999924617938199,0,NA,0,0,FALSE,valid,ghost,NA
Oct_22_210_CP40_stem,2022-10-24,CP40,tree,stem,NA,LGR2,rebuild fit (stage 03),13:07:45,13:10:45,2022,10,wet,27.02821667,NA,NA,5,NA,NA,1106.6016666666667,213.35,2012.601666666667,273.416623615685,LM,RMSE | MAE | SE | AICc,valid,FALSE,TRUE,522.5389421217017,273.416623615685,0.999341204632065,6.865589748557159e-287,277.911764232371,0.999320655321774,1.65857274078803,HM,NA,valid,FALSE,FALSE,128.8407142971331,1.57406186733914,0.999115829360355,1.8772968675159898e-275,1.65857274078803,0.999301425404786,0,NA,0,0,FALSE,valid,ghost,NA
Oct_22_212_CP40_stem,2022-10-24,CP40,tree,stem,NA,LGR2,rebuild fit (stage 03),13:20:15,13:23:15,2022,10,wet,27.09005000275,NA,NA,5,NA,NA,1106.6016666666667,213.35,2012.601666666667,2.91164583150045,HM,NA,valid,FALSE,FALSE,59.971505909922186,2.63698902508287,0.996009575640393,7.086402805364098e-217,2.91164583150045,0.996709371289182,3.50701155935852,HM,NA,valid,FALSE,FALSE,240.6580531336368,2.92448618630392,0.997464707290677,1.6573788148421294e-234,3.50701155935852,0.999786668862697,0,NA,0,0,FALSE,valid,ghost,NA
Oct_22_226_CP40_CWD,2022-10-24,CP40,tree,cwd,NA,LGR2,rebuild fit (stage 03),13:29:15,13:32:15,2022,10,wet,27.14385000175,NA,NA,NA,NA,NA,460.99555555555554,107.68,1366.9955555555557,0.448546055639919,LM,g-fact. > 2 | Intercept (LM),valid,FALSE,FALSE,28.755264813080966,0.448546055639919,0.821049575768508,5.24781156038667e-69,1.33375036161261,0.891497489322956,51.4182861457698,HM,SE,valid,FALSE,TRUE,95.73043604052228,33.172129816236,0.984973972931409,2.4499082653239093e-165,51.4182861457698,0.998486977761994,0,NA,0,0,FALSE,valid,ghost,NA
Oct_22_227_CP40_CWD,2022-10-24,CP40,tree,cwd,NA,LGR2,rebuild fit (stage 03),13:42:00,13:45:00,2022,10,wet,27.220066667,NA,NA,NA,NA,NA,460.99555555555554,107.68,1366.9955555555557,0.152580515768848,HM,AICc | Intercept,valid,FALSE,TRUE,2.828698277081501,0.152543001725402,0.412983609611489,1.0954234603957e-22,0.152580515768848,0.412842497276278,4.93566424563761,HM,NA,valid,FALSE,FALSE,234.85858723870743,3.83034575220215,0.995220854015029,7.265050495087828e-210,4.93566424563761,0.999768232525255,0,NA,0,0,FALSE,valid,ghost,NA
Oct_22_216_CP40_stem,2022-10-24,CP40,tree,stem,NA,LGR3,rebuild fit (stage 03),10:37:00,10:40:00,2022,10,wet,24.582511112666666,NA,NA,4.5,NA,NA,1106.6016666666667,213.35,2012.601666666667,49.1287085817054,HM,SE,valid,FALSE,TRUE,143.99138152056693,44.3050480661232,0.998679323871895,7.4116963480855e-260,49.1287085817054,0.999426526419467,1.14727790630806,HM,NA,valid,FALSE,FALSE,45.53741794517346,0.810305909145,0.984968228666449,2.53517243599129e-165,1.14727790630806,0.99360659706778,0,NA,0,0,FALSE,valid,ghost,NA
Oct_22_217_CP40_stem,2022-10-24,CP40,tree,stem,NA,LGR3,rebuild fit (stage 03),11:01:00,11:04:00,2022,10,wet,25.243933336666668,NA,NA,4.5,NA,NA,1106.6016666666667,213.35,2012.601666666667,3.21867002599649,HM,AICc,valid,FALSE,FALSE,93.9175309813692,3.1659765850489,0.998247032165992,0,3.21867002599649,0.998254010859346,1.94423020413227,HM,NA,valid,FALSE,FALSE,158.23688042396216,1.84233397225632,0.999175184084501,0,1.94423020413227,0.999372511540266,0,NA,0,0,FALSE,valid,ghost,NA
Oct_22_218_CP40_stem,2022-10-24,CP40,tree,stem,NA,LGR3,rebuild fit (stage 03),11:16:30,11:19:30,2022,10,wet,25.631916670000003,NA,NA,4.5,NA,NA,1106.6016666666667,213.35,2012.601666666667,0.750586238251476,HM,AICc,valid,FALSE,TRUE,33.03588187221386,0.744903037552495,0.98320069092542,1.0465195925760299e-266,0.750586238251476,0.983067553115845,1.28063143362573,HM,NA,valid,FALSE,FALSE,142.16436980173555,1.25786683500426,0.999044778212203,0,1.28063143362573,0.999065247889233,0,NA,0,0,FALSE,valid,ghost,NA
Oct_22_219_CP40_stem,2022-10-24,CP40,tree,stem,NA,LGR3,rebuild fit (stage 03),11:50:00,11:53:00,2022,10,wet,25.854388891666662,NA,NA,7,NA,NA,1106.6016666666667,213.35,2012.601666666667,18.0919649340778,HM,NA,valid,FALSE,FALSE,258.7752632423261,14.8758144026558,0.997079141544936,7.8141400136189e-294,18.0919649340778,0.999753716980149,2.8146283405836,HM,NA,valid,FALSE,FALSE,160.48182715365547,2.35044112671935,0.997107225200773,2.47494012668073e-293,2.8146283405836,0.999364576612211,0,NA,0,0,FALSE,valid,ghost,NA
Oct_22_220_CP40_stem,2022-10-24,CP40,tree,stem,NA,LGR3,rebuild fit (stage 03),11:58:30,12:01:30,2022,10,wet,26.0307166685,NA,NA,7,NA,NA,1106.6016666666667,213.35,2012.601666666667,1.74083213032961,HM,AICc,valid,FALSE,FALSE,29.86783806450476,1.71065493015517,0.988946402418853,9.635624676264639e-155,1.74083213032961,0.988967132953087,2.80442470061922,HM,RMSE | AICc,valid,FALSE,FALSE,111.5576777151054,2.75464871014487,0.999217938329811,1.82470356544732e-244,2.80442470061922,0.999201247709878,0,NA,0,0,FALSE,valid,ghost,NA
Oct_22_221_CP40_stem,2022-10-24,CP40,tree,stem,NA,LGR3,rebuild fit (stage 03),12:08:00,12:11:00,2022,10,wet,26.22778888966667,NA,NA,7,NA,NA,1106.6016666666667,213.35,2012.601666666667,0.0593201103062357,LM,g-fact. > 2 | Intercept,valid,FALSE,FALSE,8.318660569263752,0.0593201103062357,0.202855730472306,4.61253548597508e-15,0.319120024238175,0.279653590168614,4.38235209304838,HM,SE,valid,FALSE,FALSE,106.5289043087048,3.08007318902005,0.989043452424463,5.89310941190018e-264,4.38235209304838,0.998252099215922,0,NA,0,0,FALSE,valid,ghost,NA
Oct_22_222_CP40_stem,2022-10-24,CP40,tree,stem,NA,LGR3,rebuild fit (stage 03),12:36:00,12:39:00,2022,10,wet,26.764766669,NA,NA,12.5,NA,NA,2232.644,462.19,3138.644,2.65435693753796,HM,NA,valid,FALSE,FALSE,51.13064556913558,2.42169459135076,0.995835270185912,3.9828827586568083e-171,2.65435693753796,0.996412011852724,5.9746341099903,HM,NA,valid,FALSE,TRUE,218.9031953960241,5.86052606002355,0.99978612608266,1.12174999477899e-262,5.9746341099903,0.99981056262859,0,NA,0,0,FALSE,valid,ghost,NA
Oct_22_223_CP40_stem,2022-10-24,CP40,tree,stem,NA,LGR3,rebuild fit (stage 03),12:50:00,12:53:00,2022,10,wet,26.95366667,NA,NA,12.5,NA,NA,2232.644,462.19,3138.644,0.946273045786045,HM,NA,valid,FALSE,FALSE,39.37530310097798,0.841354608429823,0.988989583508012,2.71363499027344e-233,0.946273045786045,0.98993913773398,4.84413577789283,HM,NA,valid,FALSE,TRUE,275.484287453122,4.47010504947871,0.99935814222753,0,4.84413577789283,0.999796165068448,0,NA,0,0,FALSE,valid,ghost,NA
Oct_22_224_CP40_stem,2022-10-24,CP40,tree,stem,NA,LGR3,rebuild fit (stage 03),13:04:00,13:07:00,2022,10,wet,27.01246667,NA,NA,12.5,NA,NA,1106.6016666666667,213.35,2012.601666666667,0.612534275043189,HM,Intercept (LM),valid,FALSE,FALSE,8.689946880381724,0.346488564085211,0.80901218141071,1.93275948471252e-70,0.612534275043189,0.829071127211863,8.53179292495311,HM,SE,valid,FALSE,FALSE,87.41426287587542,5.72500914932016,0.986694325361738,2.14675506657019e-180,8.53179292495311,0.998108779034491,0,NA,0,0,FALSE,valid,ghost,NA
Oct_22_225_CP40_CWD,2022-10-24,CP40,tree,cwd,NA,LGR3,rebuild fit (stage 03),13:24:30,13:27:00,2022,10,wet,27.115455557833332,NA,NA,NA,NA,NA,254.53666666666663,40.45,1160.5366666666664,3.82299929836011,HM,SE | Intercept (HM),valid,FALSE,FALSE,12.87208416437894,2.29469505314964,0.91631912971379,1.13048386503082e-79,3.82299929836011,0.934816955896389,7.59381483103144,HM,SE,valid,FALSE,FALSE,89.47132945966071,6.44189505398093,0.996887995186147,1.2740009648561797e-182,7.59381483103144,0.998766669841498,0,NA,0,0,FALSE,valid,ghost,NA
Oct_22_257_BL60_stem,2022-10-25,BL60,tree,stem,NA,LGR1,rebuild fit (stage 03),10:50:24,10:53:25,2022,10,wet,24.7826266688,23.3,NA,NA,NA,NA,254.53666666666663,40.45,1160.5366666666664,93.5589251797417,LM,RMSE | MAE | SE | AICc,valid,FALSE,TRUE,958.6812945746648,93.5589251797417,0.999787873750686,0,94.6842374678233,0.999717792522409,12.7737647243736,HM,SE,valid,FALSE,FALSE,137.92330192732354,12.4220630630414,0.999295331415346,6.24564183208841e-293,12.7737647243736,0.999347921397203,0,NA,0,0,FALSE,valid,regenerating,NA
Oct_22_258_BL60_stem,2022-10-25,BL60,tree,stem,NA,LGR1,rebuild fit (stage 03),10:58:09,11:01:09,2022,10,wet,24.9734488893,23.3,NA,NA,NA,NA,254.53666666666663,40.45,1160.5366666666664,-0.206420963732329,HM,AICc | Intercept,valid,TRUE,TRUE,2.871390713259033,-0.206475282416295,0.0374990269172352,0.00437109128801437,-0.206420963732329,0.0374518274534612,5.71858973503368,HM,SE,valid,FALSE,FALSE,48.39772656965499,3.71253145000568,0.97999922179931,5.024252492336329e-161,5.71858973503368,0.993865112137102,0,NA,0,0,FALSE,valid,regenerating,NA
Oct_22_259_BL60_stem,2022-10-25,BL60,tree,stem,NA,LGR1,rebuild fit (stage 03),11:06:50,11:09:56,2022,10,wet,25.187251850333332,23.3,NA,NA,NA,NA,254.53666666666663,40.45,1160.5366666666664,0.205591241199727,HM,SE | AICc | Intercept,valid,TRUE,TRUE,1.012648909515217,0.205700921754253,0.069202965640509,6.76253064355266e-5,0.205591241199727,0.0691748894220313,6.15414839639281,HM,SE,valid,FALSE,FALSE,80.6424606568511,5.26538636811606,0.996158002098285,2.09181973806182e-253,6.15414839639281,0.997826994931165,0,NA,0,0,FALSE,valid,regenerating,NA
Oct_22_260_BL60_stem,2022-10-25,BL60,tree,stem,NA,LGR1,rebuild fit (stage 03),11:18:00,11:21:00,2022,10,wet,25.448366664,23.2,NA,NA,NA,NA,254.53666666666663,40.45,1160.5366666666664,17.1256726542878,HM,SE,valid,FALSE,FALSE,72.8612891244176,14.9154924887001,0.995948565214037,1.33737455074859e-254,17.1256726542878,0.997324027584677,9.93828159820537,HM,SE,valid,FALSE,FALSE,18.847562324257492,7.47483710831467,0.953228507775937,1.64407291139868e-142,9.93828159820537,0.95879414686315,0,NA,0,0,FALSE,valid,regenerating,NA
Oct_22_261_BL60_stem,2022-10-25,BL60,tree,stem,NA,LGR1,rebuild fit (stage 03),11:26:30,11:29:30,2022,10,wet,25.61846111033333,25.7,NA,NA,NA,NA,254.53666666666663,40.45,1160.5366666666664,0.624950242109209,LM,SE | g-fact. > 2 | Intercept,valid,FALSE,FALSE,17.442443460926906,0.624950242109209,0.577335134605683,2.0060289608080993e-43,1.48183591234522,0.626095558538866,4.19842639308183,HM,SE,valid,FALSE,FALSE,8.846495896490888,3.43422970425187,0.833254949728554,3.87681366990086e-88,4.19842639308183,0.83574561586908,0,NA,0,0,FALSE,valid,regenerating,NA
Oct_22_262_BL60_stem,2022-10-25,BL60,tree,stem,NA,LGR1,rebuild fit (stage 03),11:38:30,11:41:30,2022,10,wet,25.858594446333335,NA,NA,NA,NA,NA,254.53666666666663,40.45,1160.5366666666664,0.230554979977163,LM,SE | g-fact. > 2 | Intercept,valid,FALSE,FALSE,8.438634143684313,0.230554979977163,0.187123073359151,1.3247302439843101e-15,0.899413760323998,0.215463808381983,1.37222729007821,HM,SE | Intercept (LM),valid,FALSE,FALSE,26.399826602026497,0.80096750978768,0.947397766924197,1.1158520138060099e-196,1.37222729007821,0.96606828817,0,NA,0,0,FALSE,valid,regenerating,NA
Oct_22_263_BL60_stem,2022-10-25,BL60,tree,stem,NA,LGR1,rebuild fit (stage 03),11:55:00,11:58:00,2022,10,wet,26.33066667,23.4,NA,NA,NA,NA,1106.6016666666667,213.35,2012.601666666667,74.3434933282169,HM,SE,valid,FALSE,TRUE,152.40354223103247,62.7024055859652,0.997515063072102,1.2100298654601298e-219,74.3434933282169,0.99950609524175,9.30549898724876,HM,SE,valid,FALSE,TRUE,166.61050114403687,7.95509780533066,0.997888700203088,1.4921069677236396e-225,9.30549898724876,0.999589376869588,0,NA,0,0,FALSE,valid,regenerating,NA
Oct_22_264_BL60_stem,2022-10-25,BL60,tree,stem,NA,LGR1,rebuild fit (stage 03),12:03:45,12:07:12,2022,10,wet,26.62991667,23.4,NA,NA,NA,NA,1106.6016666666667,213.35,2012.601666666667,2.40502422240258,HM,AICc,valid,FALSE,FALSE,50.64706937474499,2.36496492842797,0.994760683831372,3.04153021504867e-246,2.40502422240258,0.994726210374906,7.49645986906464,HM,NA,valid,FALSE,FALSE,450.6042711222539,7.26946332074883,0.999868179171438,0,7.49645986906464,0.999932525056524,0,NA,0,0,FALSE,valid,regenerating,NA
Oct_22_265_BL60_stem,2022-10-25,BL60,tree,stem,NA,LGR1,rebuild fit (stage 03),12:12:30,12:15:48,2022,10,wet,26.92916667,23.4,NA,NA,NA,NA,460.99555555555554,107.68,1366.9955555555557,0.192807466524393,HM,AICc | Intercept,valid,FALSE,FALSE,2.710296894436995,0.158894759443326,0.308954825035955,9.36402208790205e-21,0.192807466524393,0.309884132582377,6.47938006292421,HM,NA,valid,FALSE,FALSE,299.22564397835555,6.05415708736205,0.999515439464829,0,6.47938006292421,0.999829699241269,0,NA,0,0,FALSE,valid,regenerating,NA
Oct_22_266_BL60_stem,2022-10-25,BL60,tree,stem,NA,LGR1,rebuild fit (stage 03),12:23:00,12:26:16,2022,10,wet,27.112888891333338,23.1,NA,NA,NA,NA,460.99555555555554,107.68,1366.9955555555557,0.471466970744332,HM,AICc,valid,FALSE,FALSE,7.506765782531071,0.462890199885437,0.783968655267692,2.26082238366322e-83,0.471466970744332,0.783987110631837,0.948742366583891,HM,NA,valid,FALSE,FALSE,39.76386216591097,0.707028666519117,0.983017777086144,3.58182100490626e-218,0.948742366583891,0.988926304399188,0,NA,0,0,FALSE,valid,regenerating,NA
Oct_22_267_BL60_stem,2022-10-25,BL60,tree,stem,NA,LGR1,rebuild fit (stage 03),12:33:45,12:36:45,2022,10,wet,27.24487500125,23.1,NA,NA,NA,NA,254.53666666666663,40.45,1160.5366666666664,0.298394976497312,HM,SE | AICc | Intercept,valid,TRUE,TRUE,1.1739686703567829,0.298600920229909,0.114379041653579,5.99461220991585e-6,0.298394976497312,0.114334507754257,5.01628975069186,HM,SE,valid,FALSE,FALSE,39.4683621112892,3.07412222438447,0.974212674404663,5.071683510327999e-130,5.01628975069186,0.991860679446014,0,NA,0,0,FALSE,valid,regenerating,NA
Oct_22_268_BL60_stem,2022-10-25,BL60,tree,stem,NA,LGR1,rebuild fit (stage 03),12:44:00,12:48:05,2022,10,wet,27.37072222233333,23.1,NA,NA,NA,NA,254.53666666666663,40.45,1160.5366666666664,0.0790165971921394,HM,AICc | Intercept,valid,TRUE,TRUE,0.9407859019343722,0.0790640146853529,0.0401537479179973,2.0292155293125e-4,0.0790165971921394,0.0401370740531581,2.52948529698659,LM,RMSE | MAE | SE | AICc | Intercept,valid,FALSE,TRUE,2.0148176242330553,2.52948529698659,0.00964957685496237,0.044778579327127,2.52672265230638,0.00964357990788323,0,NA,0,0,FALSE,valid,regenerating,NA
Oct_22_244_BL60_stem,2022-10-25,BL60,tree,stem,NA,LGR1,rebuild fit (stage 03),12:58:00,13:01:00,2022,10,wet,27.294022223666666,23.4,NA,4,NA,NA,254.53666666666663,40.45,1160.5366666666664,0.377437322031105,LM,SE | g-fact. > 2 | Intercept,valid,FALSE,FALSE,9.270999167041555,0.377437322031105,0.296048096115469,2.93882001716168e-17,0.843231735037954,0.314251004846037,1.40871422491751,LM,MAE | SE | AICc,valid,FALSE,TRUE,65.24839243314024,1.40871422491751,0.954691784079386,3.08243615587937e-137,1.41687744290916,0.954530673843778,0,NA,0,0,FALSE,valid,regenerating,NA
Oct_22_245_BL60_stem,2022-10-25,BL60,tree,stem,NA,LGR1,rebuild fit (stage 03),13:08:25,13:11:25,2022,10,wet,27.22272592852778,23.4,NA,4,NA,NA,254.53666666666663,40.45,1160.5366666666664,0.182673069356431,HM,SE | AICc | Intercept,valid,TRUE,FALSE,1.0255552125463547,0.182273950322263,0.0727924167473002,6.09433490664945e-5,0.182673069356431,0.0727709523707891,2.18684971658755,HM,SE,valid,FALSE,FALSE,37.45797809317109,1.96593875699981,0.989834949604207,1.7677269418546294e-201,2.18684971658755,0.990608883783316,0,NA,0,0,FALSE,valid,regenerating,NA
Oct_22_246_BL60_stem,2022-10-25,BL60,tree,stem,NA,LGR1,rebuild fit (stage 03),13:14:00,13:17:06,2022,10,wet,27.184511114333333,23.4,NA,4,NA,NA,254.53666666666663,40.45,1160.5366666666664,-0.0940583869067105,HM,SE | AICc | Intercept,valid,TRUE,FALSE,0.526047378647366,-0.0941008858717639,0.0171065385831308,0.0413691664650059,-0.0940583869067105,0.0170974974347828,1.66149630293707,HM,SE,valid,FALSE,FALSE,20.70477828219968,1.2131309792104,0.962440096687532,2.7240144078635396e-133,1.66149630293707,0.969446202684026,0,NA,0,0,FALSE,valid,regenerating,NA
Oct_22_247_BL60_stem,2022-10-25,BL60,tree,stem,NA,LGR1,rebuild fit (stage 03),13:21:18,13:24:32,2022,10,wet,27.13734667,23.4,NA,4,NA,NA,254.53666666666663,40.45,1160.5366666666664,13.1124142242369,HM,SE,valid,FALSE,FALSE,73.86940706092903,12.3052533250462,0.9971440434439,2.92564899801784e-278,13.1124142242369,0.997419264457842,5.43434463893354,HM,SE,valid,FALSE,FALSE,100.15226000699091,4.49382951655422,0.995983386191055,3.43749246721882e-262,5.43434463893354,0.998505577410399,0,NA,0,0,FALSE,valid,regenerating,NA
Oct_22_248_BL60_stem,2022-10-25,BL60,tree,stem,NA,LGR1,rebuild fit (stage 03),13:35:50,13:38:54,2022,10,wet,27.044333336666668,23.5,NA,4,NA,NA,254.53666666666663,40.45,1160.5366666666664,0.500759512494393,LM,SE | g-fact. > 2 | Intercept,valid,FALSE,FALSE,11.67081341042376,0.500759512494393,0.403355331034707,2.57950912755316e-24,1.46607706689824,0.457069966740373,5.21810948561014,HM,SE,valid,FALSE,FALSE,75.71142891280458,4.06074769734381,0.993053844621387,6.172094545071977e-217,5.21810948561014,0.997532917264911,0,NA,0,0,FALSE,valid,regenerating,NA
Oct_22_249_BL60_stem,2022-10-25,BL60,tree,stem,NA,LGR1,rebuild fit (stage 03),13:44:15,13:47:40,2022,10,wet,26.99046667,23.5,NA,4,NA,NA,254.53666666666663,40.45,1160.5366666666664,0.161098351477803,HM,AICc | Intercept,valid,TRUE,TRUE,1.295023667862106,0.161187330198258,0.105600659571015,5.59659611817583e-7,0.161098351477803,0.105558982850789,3.32885729447416,LM,RMSE | MAE | SE | AICc,valid,FALSE,TRUE,158.8601333289115,3.32885729447416,0.991474328886851,1.0916518068032498e-225,3.35121542943183,0.991308377472306,0,NA,0,0,FALSE,valid,regenerating,NA
Oct_22_250_BL60_stem,2022-10-25,BL60,tree,stem,NA,LGR1,rebuild fit (stage 03),13:52:30,13:55:30,2022,10,wet,27.07866667,23.5,NA,4,NA,NA,254.53666666666663,40.45,1160.5366666666664,7.80332611416543,LM,SE | g-fact. > 2 | Intercept,valid,FALSE,FALSE,30.32200512109939,7.80332611416543,0.8153448495331,4.35351408540023e-78,31.4576600367871,0.970024040599618,3.55522787332192,LM,SE | g-fact. > 2 | Intercept (LM),valid,FALSE,FALSE,63.87062650387683,3.55522787332192,0.951475077363676,3.42618486491136e-138,7.70955257656691,0.996759248193228,0,NA,0,0,FALSE,valid,regenerating,NA
Oct_22_235_BL60_stem,2022-10-25,BL60,tree,stem,NA,LGR3,rebuild fit (stage 03),11:02:30,11:05:30,2022,10,wet,25.080555554999997,NA,NA,14,NA,NA,254.53666666666663,40.45,1160.5366666666664,0.472482707068368,LM,SE | g-fact. > 2 | Intercept (LM),valid,FALSE,TRUE,6.063920528563589,0.472482707068368,0.214492346043621,1.34881107132517e-8,1.22084510111444,0.246206210466746,-12.6912993877524,HM,SE,valid,FALSE,TRUE,90.32552650324288,-12.0366462362455,0.99884719983487,4.3860505809848e-193,-12.6912993877524,0.998964679921916,0,NA,0,0,FALSE,valid,regenerating,NA
Oct_22_236_BL60_stem,2022-10-25,BL60,tree,stem,NA,LGR3,rebuild fit (stage 03),11:24:10,11:27:10,2022,10,wet,25.57176851722222,23.9,NA,NA,NA,NA,460.99555555555554,107.68,1366.9955555555557,0.241034872169147,HM,NA,valid,FALSE,FALSE,8.756516242501021,0.182739390772562,0.725440377885432,2.01876957388799e-113,0.241034872169147,0.729487364176572,1.82878227393721,HM,NA,valid,FALSE,TRUE,199.2718211341844,1.7040047481317,0.999012178059997,0,1.82878227393721,0.999351823435817,0,NA,0,0,FALSE,valid,regenerating,NA
Oct_22_237_BL60_stem,2022-10-25,BL60,tree,stem,NA,LGR3,rebuild fit (stage 03),11:40:15,11:43:15,2022,10,wet,25.893613891166662,23.9,NA,NA,NA,NA,460.99555555555554,107.68,1366.9955555555557,0.160931783820329,HM,AICc | Intercept,valid,FALSE,FALSE,2.745159942182262,0.159594483545819,0.388156481049266,8.0861341693867085e-22,0.160931783820329,0.388109302215003,2.86948556680923,HM,SE,valid,FALSE,FALSE,36.721201294229026,2.38718264032453,0.988145284669086,2.6574030820284e-181,2.86948556680923,0.990562156136975,0,NA,0,0,FALSE,valid,regenerating,NA
Oct_22_238_BL60_stem,2022-10-25,BL60,tree,stem,NA,LGR3,rebuild fit (stage 03),11:47:30,11:50:30,2022,10,wet,26.07416667,23.9,NA,NA,NA,NA,460.99555555555554,107.68,1366.9955555555557,0.139026494660692,LM,g-fact. > 2 | Intercept,valid,FALSE,FALSE,8.791518657685891,0.139026494660692,0.297672766645871,1.1982883273036601e-15,0.304708671745648,0.312794317995977,1.38717263328537,HM,NA,valid,FALSE,FALSE,42.02587996730803,1.08900571397842,0.988677584216275,2.44537206983278e-176,1.38717263328537,0.99285195203969,0,NA,0,0,FALSE,valid,regenerating,NA
Oct_22_239_BL60_stem,2022-10-25,BL60,tree,stem,NA,LGR3,rebuild fit (stage 03),11:59:00,12:02:00,2022,10,wet,26.46746667,24.3,NA,4,NA,NA,460.99555555555554,107.68,1366.9955555555557,3.9264704237045,HM,NA,valid,FALSE,FALSE,39.127445750966,2.3772967883674,0.971544174608168,1.6324837532150497e-140,3.9264704237045,0.990769740983646,11.3865647105436,HM,NA,valid,FALSE,FALSE,300.2925508072414,9.34918165765358,0.997144415226348,6.9772196249338675e-230,11.3865647105436,0.999861936994429,0,NA,0,0,FALSE,valid,regenerating,NA
Oct_22_240_BL60_stem,2022-10-25,BL60,tree,stem,NA,LGR3,rebuild fit (stage 03),12:06:43,12:09:43,2022,10,wet,26.73137667,24.3,NA,4,NA,NA,460.99555555555554,107.68,1366.9955555555557,-0.0297761494621978,HM,AICc | p-value | Intercept,valid,TRUE,FALSE,0.4477438603339424,-0.0297616347738194,0.0117907610920391,0.0848802586528277,-0.0297761494621978,0.0117884062841274,8.58765570298073,HM,NA,valid,FALSE,FALSE,269.44776449498653,7.53342381854042,0.998654803192896,6.71948128684057e-242,8.58765570298073,0.999844938192007,0,NA,0,0,FALSE,valid,regenerating,NA
Oct_22_241_BL60_stem,2022-10-25,BL60,tree,stem,NA,LGR3,rebuild fit (stage 03),12:20:50,12:23:50,2022,10,wet,27.086287039722222,24.3,NA,4,NA,NA,460.99555555555554,107.68,1366.9955555555557,-0.307075601189662,HM,AICc | Intercept,valid,FALSE,FALSE,2.917616353225736,-0.30628920983591,0.47916830627598,1.65844732723448e-22,-0.307075601189662,0.479053084682937,2.54764364710304,HM,SE,valid,FALSE,FALSE,52.97083430743161,1.95617673800571,0.99120552124451,3.640968067890519e-151,2.54764364710304,0.996295349233585,0,NA,0,0,FALSE,valid,regenerating,NA
Oct_22_242_BL60_CWD,2022-10-25,BL60,tree,cwd,NA,LGR3,rebuild fit (stage 03),12:39:00,12:42:00,2022,10,wet,27.309333334,NA,NA,4,NA,NA,254.53666666666663,40.45,1160.5366666666664,-2.46961880686273,HM,AICc,valid,FALSE,TRUE,20.60690193589461,-2.44952480660527,0.941637744350432,5.053772598341899e-107,-2.46961880686273,0.941318866197699,4.86276954591578,HM,SE,valid,FALSE,FALSE,57.85832781462363,3.26587008632961,0.984580309183023,3.625039081701479e-156,4.86276954591578,0.996141430106534,0,NA,0,0,FALSE,valid,regenerating,NA
Oct_22_243_BL60_CWD,2022-10-25,BL60,tree,cwd,NA,LGR3,rebuild fit (stage 03),12:51:00,12:54:00,2022,10,wet,27.341933334,NA,NA,4,NA,NA,460.99555555555554,107.68,1366.9955555555557,0.173291563157965,HM,AICc | Intercept,valid,FALSE,FALSE,2.285995789704185,0.151518575224767,0.318616130382034,1.73910372401512e-15,0.173291563157965,0.319035228028263,5.95370717872306,HM,NA,valid,FALSE,FALSE,231.31530910298216,5.7649388256616,0.999733667564335,1.78161581233997e-293,5.95370717872306,0.999804360631189,0,NA,0,0,FALSE,valid,regenerating,NA
Oct_22_251_BL60_stem,2022-10-25,BL60,tree,stem,NA,LGR3,rebuild fit (stage 03),13:38:15,13:41:15,2022,10,wet,27.02886667,24.5,NA,4,NA,NA,460.99555555555554,107.68,1366.9955555555557,14.5109619959787,LM,MAE | SE | AICc | Intercept,valid,FALSE,TRUE,8.447201022985288,14.5109619959787,0.290297876893782,1.24448463641561e-14,14.4992784267828,0.290175283598744,3.20759867503332,LM,MAE | SE | AICc | Intercept,valid,FALSE,TRUE,2.3345280565549396,3.20759867503332,0.0252197241773272,0.0207299964355066,3.20376038257746,0.0252058703006851,0,NA,0,0,FALSE,valid,regenerating,NA
Oct_22_252_BL60_stem,2022-10-25,BL60,tree,stem,NA,LGR3,rebuild fit (stage 03),13:49:30,13:52:30,2022,10,wet,27.04146667,24.5,NA,4,NA,NA,254.53666666666663,40.45,1160.5366666666664,0.448770318961626,HM,SE | AICc | Intercept,valid,FALSE,TRUE,1.097374369861112,0.449096119101609,0.144192427009666,2.99762825041321e-5,0.448770318961626,0.14413384986712,5.337299265565,HM,SE,valid,FALSE,FALSE,30.840734643187513,4.44385210525429,0.990073288843048,3.19834252691602e-108,5.337299265565,0.992303151004421,0,NA,0,0,FALSE,valid,regenerating,NA
Oct_22_253_BL60_CWD,2022-10-25,BL60,tree,cwd,NA,LGR3,rebuild fit (stage 03),14:15:45,14:18:45,2022,10,wet,27.3500583365,24.5,NA,4,NA,NA,460.99555555555554,107.68,1366.9955555555557,0.231242504015794,HM,Intercept,valid,FALSE,FALSE,3.721577045663404,0.144055532859552,0.403387828606346,2.5983679433571096e-30,0.231242504015794,0.410696388084707,9.2522744487077,HM,NA,valid,FALSE,FALSE,533.878091461144,8.84314289174926,0.999803723250334,0,9.2522744487077,0.999943069839735,0,NA,0,0,FALSE,valid,regenerating,NA
Oct_22_254_BL60_stem,2022-10-25,BL60,tree,stem,NA,LGR3,rebuild fit (stage 03),14:29:50,14:32:50,2022,10,wet,27.20719074077778,24.3,NA,4,NA,NA,254.53666666666663,40.45,1160.5366666666664,107.79499191323,LM,RMSE | MAE | SE | AICc,valid,FALSE,TRUE,1811.4497130566335,107.79499191323,0.999925950576988,0,109.271186856991,0.999880945632938,15.6787210266746,HM,SE,valid,FALSE,FALSE,420.9214634807641,15.1050426634384,0.999817643682623,0,15.6787210266746,0.999912362527164,0,NA,0,0,FALSE,valid,regenerating,NA
Oct_22_255_BL60_stem,2022-10-25,BL60,tree,stem,NA,LGR3,rebuild fit (stage 03),14:36:50,14:39:50,2022,10,wet,27.136179628111112,24.3,NA,4,NA,NA,254.53666666666663,40.45,1160.5366666666664,37.9321273184134,LM,RMSE | MAE | SE | AICc,valid,FALSE,TRUE,734.1328953378311,37.9321273184134,0.999695797246511,9.04809495266616e-289,38.3892661764289,0.999626511276806,17.5818227016448,HM,SE,valid,FALSE,FALSE,303.7205342751277,16.9886725859752,0.999805945908782,1.10776122927385e-293,17.5818227016448,0.999886387479473,0,NA,0,0,FALSE,valid,regenerating,NA
Oct_22_228_BL60_stem,2022-10-25,BL60,tree,stem,NA,LGR3,rebuild fit (stage 03),14:48:00,14:51:00,2022,10,wet,27.028299997,24.2,NA,4,NA,NA,2232.644,462.19,3138.644,115.24845953614,LM,RMSE | MAE | SE | AICc,valid,FALSE,TRUE,1248.789294737279,115.24845953614,0.999913439815222,2.6398090791496497e-274,116.88644619872,0.999875620380335,10.5671176414365,LM,RMSE | MAE | AICc,valid,FALSE,FALSE,1592.7308675334891,10.5671176414365,0.999946785977243,1.8407542806374094e-288,10.7350097443215,0.999939121181665,0,NA,0,0,FALSE,valid,regenerating,NA
Oct_22_229_BL60_stem,2022-10-25,BL60,tree,stem,NA,LGR3,rebuild fit (stage 03),14:56:00,14:59:00,2022,10,wet,26.961544442333334,24.2,NA,4,NA,NA,254.53666666666663,40.45,1160.5366666666664,0.634355817323586,LM,SE | g-fact. > 2 | Intercept,valid,FALSE,FALSE,11.754011659135072,0.634355817323586,0.443648008245552,9.27974995251274e-24,1.80768918741601,0.473019681297894,11.8206940511931,HM,SE,valid,FALSE,FALSE,184.5825856809107,11.2170076552963,0.99948649535901,2.08903542204245e-283,11.8206940511931,0.99967464254684,0,NA,0,0,FALSE,valid,regenerating,NA
Oct_22_230_BL60_stem,2022-10-25,BL60,tree,stem,NA,LGR3,rebuild fit (stage 03),15:01:30,15:04:30,2022,10,wet,26.9156499985,24.2,NA,4,NA,NA,254.53666666666663,40.45,1160.5366666666664,0.54501115057656,HM,SE | AICc,valid,FALSE,FALSE,3.018682671155404,0.543507110207474,0.496719180628783,1.35798849608579e-23,0.54501115057656,0.496595929727758,10.972938284787,HM,SE,valid,FALSE,FALSE,149.44034535851276,10.7207232862869,0.99955714713104,2.8708510552194596e-245,10.972938284787,0.999584552286299,0,NA,0,0,FALSE,valid,regenerating,NA
Oct_22_231_BL60_stem,2022-10-25,BL60,tree,stem,NA,LGR3,rebuild fit (stage 03),15:13:00,15:15:30,2022,10,wet,26.81968888866667,24.5,NA,4,NA,NA,254.53666666666663,40.45,1160.5366666666664,720.01262340362,HM,SE,valid,FALSE,TRUE,5.142221252930088,368.420599375056,0.708975216302862,5.1596788047694805e-32,720.01262340362,0.73260913806553,35.3278860760923,LM,RMSE | MAE | SE | AICc,valid,FALSE,TRUE,548.0131000031578,35.3278860760923,0.999623872871959,7.56830244026141e-194,35.7127247345332,0.99954335053342,0,NA,0,0,FALSE,valid,regenerating,NA
Oct_22_232_BL60_stem,2022-10-25,BL60,tree,stem,NA,LGR3,rebuild fit (stage 03),15:23:45,15:26:45,2022,10,wet,26.757305554583333,24.5,NA,4,NA,NA,254.53666666666663,40.45,1160.5366666666664,0.847536924406916,HM,SE | Intercept (LM),valid,FALSE,FALSE,3.051022283964814,0.449156613084741,0.406349640913143,3.73013988027755e-19,0.847536924406916,0.418659977068018,13.3041884723094,HM,SE,valid,FALSE,FALSE,222.8321949042332,12.7066520960656,0.999656817828748,1.96706874445468e-265,13.3041884723094,0.999801873230856,0,NA,0,0,FALSE,valid,regenerating,NA
Oct_22_233_BL60_stem,2022-10-25,BL60,tree,stem,NA,LGR3,rebuild fit (stage 03),15:32:10,15:35:10,2022,10,wet,26.713351849944445,24.5,NA,4,NA,NA,254.53666666666663,40.45,1160.5366666666664,0.641057113151275,HM,SE | AICc | Intercept (HM),valid,FALSE,FALSE,2.945116903035624,0.456690860996602,0.433062035292196,2.5870170794118094e-20,0.641057113151275,0.436719858321004,9.35798466583256,HM,SE | AICc,valid,FALSE,FALSE,151.53368427952682,9.21257308660156,0.999582976305856,6.31334748094339e-254,9.35798466583256,0.999586563077753,0,NA,0,0,FALSE,valid,regenerating,NA
44859_BL60_Water_81,2022-10-25,BL60,surface,water,water,Picarro,rebuild fit (stage 03),10:56:00,10:59:00,2022,10,wet,24.920511112,24.2,NA,14,NA,NA,3370,324.3,4283,59.924363326677465,HM,NA,valid,FALSE,TRUE,116.13651559332617,39.8617922333358,0.982178328787448,2.81678782322594e-55,65.7117616931514,0.999713531621212,2.8723298141994285,HM,SE,valid,FALSE,FALSE,25.895680068070348,2.23271818962216,0.988043622936609,6.48984835566653e-51,2.87232981419943,0.993737805775881,0,59.924363326677465,0,0,TRUE,valid,regenerating,NA
44859_BL60_Water_82,2022-10-25,BL60,surface,water,water,Picarro,rebuild fit (stage 03),11:13:00,11:19:00,2022,10,wet,25.339088886,24.3,NA,15,NA,NA,3370,324.3,4283,38.86968785057931,HM,SE,valid,FALSE,TRUE,114.62756550361516,22.4771943459967,0.998902067935717,3.1372531396061094e-89,24.0463310535946,0.999220961073556,2.157277607196509,HM,SE,valid,FALSE,FALSE,54.190208970116565,1.70570214324812,0.997977315433031,1.53755525749267e-66,1.85196965459288,0.998464841612465,8.625321201536412,30.2443666490429,0.2219035366245644,1,TRUE,valid,regenerating,NA
44859_BL60_Water_83,2022-10-25,BL60,surface,water,water,Picarro,rebuild fit (stage 03),11:28:30,11:32:00,2022,10,wet,25.658483333,24.3,NA,14,NA,NA,3370,324.3,4283,43.165195359008166,LM,RMSE | MAE | SE | AICc,valid,FALSE,TRUE,135.1758492286765,40.7672807398397,0.99828491807478,4.28741583322424e-39,41.0366511763965,0.998119409633885,1.999734281985332,LM,RMSE | MAE | SE | AICc,valid,FALSE,TRUE,164.59714960344388,2.20442641868743,0.999119888886068,1.53046031216166e-44,2.22737042052266,0.99899879677745,2.2217952909400296,40.94340006806814,0.05147191556672434,0,TRUE,valid,regenerating,NA
44859_BL60_Water_84,2022-10-25,BL60,surface,water,water,Picarro,rebuild fit (stage 03),11:57:30,12:01:30,2022,10,wet,26.41616667,NA,NA,14,NA,NA,3370,324.3,4283,22.89746315420292,LM,RMSE | MAE | SE | AICc,valid,FALSE,TRUE,160.77678913377406,23.3948997541263,0.999074365324739,3.90859090319909e-38,23.6021536229419,0.998945938810844,1.4951290550242018,LM,SE | AICc,valid,FALSE,FALSE,141.4777340037125,1.40801296246471,0.998649741854065,1.00890390543289e-34,1.42897325203924,0.998650402153612,0.1401154746668105,22.75734767953611,0.00611925756679694,0,TRUE,valid,regenerating,NA
44859_BL60_Soil_85,2022-10-25,BL60,surface,soil,soil,Picarro,rebuild fit (stage 03),12:33:00,NA,2022,10,wet,27.235666668,NA,NA,0,NA,NA,25600,433.7,26513,8.15405237577279,LM,SE | AICc | nb.obs,valid,FALSE,FALSE,41.857190833017,8.15405237577279,0.993193514353763,1.76106527274476e-13,8.21402428531342,0.993069088651827,2.12447480736651,LM,SE | AICc | nb.obs,valid,FALSE,FALSE,20.420191736168917,2.12447480736651,0.967440665249523,2.92134605099488e-11,2.22468941332279,0.967605772756785,0,NA,0,0,FALSE,valid,regenerating,NA
Picarro_2022-10-25_BL60_P02,2022-10-25,BL60,surface,water,water,Picarro,unlogged placement (stage 04),18:01:52,18:03:55,2022,10,wet,24.920511112,24.2,NA,NA,NA,NA,3370,324.3,4283,119.4165924078438,NA,NA,valid,FALSE,FALSE,NA,NA,NA,NA,NA,NA,1.7679084959715103,NA,NA,valid,FALSE,FALSE,NA,NA,NA,NA,NA,NA,0,119.4165924078438,0,0,TRUE,valid,regenerating,"unlogged placement: Short (2 min, ~24 obs at 5 s) placement between water 81 and 82; CH4 and CO2 rise together from ambient. Linear fit only (<30 obs). Low confidence: the decline after it is gradual, not a clean lift."
Oct_22_269_Long Pine Key_stem,2022-10-26,Long Pine Key,tree,stem,NA,LGR2,rebuild fit (stage 03),13:46:00,13:49:00,2022,10,wet,27.03444444133333,25.1,NA,NA,NA,NA,1106.6016666666667,213.35,2012.601666666667,0.168604148293669,HM,AICc,valid,FALSE,FALSE,5.4170972218223845,0.167627127497619,0.7213350091221,9.17890213256595e-52,0.168604148293669,0.721211316987686,2.63684874322334,HM,NA,valid,FALSE,FALSE,117.94393551067772,2.14134061484471,0.995996927644227,9.406618004008918e-217,2.63684874322334,0.999101198135195,0,NA,0,0,FALSE,valid,NA,NA
Oct_22_270_Long Pine Key_stem,2022-10-26,Long Pine Key,tree,stem,NA,LGR2,rebuild fit (stage 03),13:52:00,13:55:00,2022,10,wet,27.053111109333333,25.1,NA,NA,NA,NA,1106.6016666666667,213.35,2012.601666666667,0.355053169239185,HM,Intercept,valid,FALSE,FALSE,7.107486008823146,0.211891917426207,0.761673867360108,7.468343567285941e-58,0.355053169239185,0.778664280301509,2.35379645866802,HM,NA,valid,FALSE,FALSE,202.4628288382215,2.29980337984702,0.999695627463094,6.6560731315304e-294,2.35379645866802,0.999721192568805,0,NA,0,0,FALSE,valid,NA,NA
Oct_22_271_Long Pine Key_stem,2022-10-26,Long Pine Key,tree,stem,NA,LGR2,rebuild fit (stage 03),14:01:00,14:04:00,2022,10,wet,27.081111111333332,25.1,NA,NA,NA,NA,1106.6016666666667,213.35,2012.601666666667,0.0246318033681961,HM,AICc | Intercept,valid,TRUE,TRUE,0.694760733965411,0.0246460125665552,0.0364361933763349,0.00577294490433672,0.0246318033681961,0.0364196145944301,2.12521617271388,HM,NA,valid,FALSE,FALSE,129.51332208168668,1.677534950847,0.99527465452381,2.637422301687789e-210,2.12521617271388,0.99924447023176,0,NA,0,0,FALSE,valid,NA,NA
Oct_22_272_Mahogany Hammock_stem,2022-10-26,Mahogany Hammock,tree,stem,NA,LGR2,rebuild fit (stage 03),15:18:00,15:21:00,2022,10,wet,27.038366667,24.4,NA,NA,NA,NA,2232.644,462.19,3138.644,101.246580407295,HM,SE,valid,FALSE,TRUE,623.2404088893958,96.6059317080829,0.999819536995651,0,101.246580407295,0.999970207124978,6.36567304364512,HM,NA,valid,FALSE,TRUE,421.66642318779094,6.06751852334766,0.999777482808055,0,6.36567304364512,0.999934882522304,0,NA,0,0,FALSE,valid,NA,NA
Oct_22_273_Mahogany Hammock_stem,2022-10-26,Mahogany Hammock,tree,stem,NA,LGR2,rebuild fit (stage 03),15:23:30,15:26:30,2022,10,wet,26.996872223166665,24.4,NA,NA,NA,NA,2232.644,462.19,3138.644,2.62598101180291,HM,NA,valid,FALSE,FALSE,43.878397340801556,2.32124002094803,0.992740233210902,1.29568348105276e-193,2.62598101180291,0.993797803769576,6.28866863096401,LM,RMSE | MAE | AICc,valid,FALSE,TRUE,972.0208840450164,6.28866863096401,0.999809524501185,0,6.36734980699475,0.999746010089153,0,NA,0,0,FALSE,valid,NA,NA
Oct_22_274_Mahogany Hammock_stem,2022-10-26,Mahogany Hammock,tree,stem,NA,LGR2,rebuild fit (stage 03),15:31:00,15:34:00,2022,10,wet,26.940288890666668,24.4,NA,NA,NA,NA,2232.644,462.19,3138.644,0.326239452399895,HM,AICc | Intercept,valid,FALSE,TRUE,9.375289569750755,0.324916218006969,0.886095898461386,1.394555074387e-86,0.326239452399895,0.885893901215341,6.08694846506953,HM,NA,valid,FALSE,TRUE,269.8879044658558,5.63819842344821,0.999435576682695,6.71625807630919e-293,6.08694846506953,0.999838804391908,0,NA,0,0,FALSE,valid,NA,NA
Oct_22_275_Cypress Boardwalk_stem,2022-10-26,Cypress Boardwalk,tree,stem,NA,LGR2,rebuild fit (stage 03),17:31:30,17:34:30,2022,10,wet,26.2767,NA,NA,34,NA,NA,254.53666666666663,40.45,1160.5366666666664,1185.01831180088,HM,NA,valid,FALSE,TRUE,1177.2412172511058,975.684683546588,0.99734183230718,1.14565817172975e-232,1185.01831180088,0.999991028731951,17.2798332328982,HM,NA,valid,FALSE,FALSE,318.02963100894965,13.815280653463,0.996369388852908,1.5042749328723393e-220,17.2798332328982,0.999875367073352,0,NA,0,0,FALSE,valid,NA,NA
Oct_22_276_Cypress Boardwalk_stem,2022-10-26,Cypress Boardwalk,tree,stem,NA,LGR2,rebuild fit (stage 03),17:40:00,17:43:00,2022,10,wet,26.212666666666667,NA,NA,34,NA,NA,460.99555555555554,107.68,1366.9955555555557,229.093748750414,HM,NA,valid,FALSE,TRUE,1250.9600438039952,201.615227852621,0.998859577788804,1.46549705225322e-265,229.093748750414,0.999992305749945,6.62479429284569,HM,SE,valid,FALSE,FALSE,126.3558722221378,5.74808516236315,0.997798455096878,5.406923814442038e-240,6.62479429284569,0.999241213679093,0,NA,0,0,FALSE,valid,NA,NA
Oct_22_277_Cypress Boardwalk_stem,2022-10-26,Cypress Boardwalk,tree,stem,NA,LGR2,rebuild fit (stage 03),17:50:30,17:53:30,2022,10,wet,26.090544443833338,NA,NA,34,NA,NA,254.53666666666663,40.45,1160.5366666666664,52.8191745033891,HM,NA,valid,FALSE,FALSE,458.39288540778733,42.218905171591,0.99639398082971,8.18736781293437e-221,52.8191745033891,0.999939990657322,7.43935897368043,HM,SE,valid,FALSE,FALSE,49.93693279284495,5.74700472096613,0.98990905323722,8.174029169073888e-181,7.43935897368043,0.99488848069558,0,NA,0,0,FALSE,valid,NA,NA
Mar_23_291_SRS6_stem,2023-03-10,SRS6,tree,stem,NA,LGR2,rebuild fit (stage 03),14:19:49,14:22:49,2023,3,dry,26.184510738477776,25,NA,11,NA,NA,1106.6016666666667,213.35,2012.601666666667,0.323176412639366,HM,Intercept,valid,FALSE,FALSE,8.67303747495852,0.252483178540062,0.851106539073601,3.6737833960350797e-76,0.323176412639366,0.855010915829987,1.87182339448049,HM,NA,valid,FALSE,FALSE,158.35047232760695,1.83491350341695,0.999523258525618,1.8398761852806e-294,1.87182339448049,0.999545241448637,0,NA,0,0,FALSE,valid,healthy,NA
Mar_23_292_SRS6_stem,2023-03-10,SRS6,tree,stem,NA,LGR2,rebuild fit (stage 03),14:30:39,14:33:39,2023,3,dry,26.187158889033338,25,NA,11,NA,NA,1106.6016666666667,213.35,2012.601666666667,0.779275585894211,HM,NA,valid,FALSE,FALSE,17.06480598059818,0.53431686294254,0.945523744238891,2.8898141517646e-115,0.779275585894211,0.955620433080031,2.83359909382251,HM,NA,valid,FALSE,FALSE,248.7104052072448,2.67888610226708,0.999596160254568,6.51870217493053e-293,2.83359909382251,0.999812112077892,0,NA,0,0,FALSE,valid,healthy,NA
Mar_23_293_SRS6_stem,2023-03-10,SRS6,tree,stem,NA,LGR2,rebuild fit (stage 03),14:44:26,14:47:32,2023,3,dry,26.19052815135555,25,NA,11,NA,NA,1106.6016666666667,213.35,2012.601666666667,0.192960647682915,HM,Intercept (HM),valid,FALSE,FALSE,4.704238339226488,0.130536627168383,0.603887525858853,2.8620571624619e-39,0.192960647682915,0.610795313288868,2.10723035082129,HM,NA,valid,FALSE,TRUE,163.93087748260336,1.86151735740944,0.998474080680627,1.06709113408154e-262,2.10723035082129,0.999538073455165,0,NA,0,0,FALSE,valid,healthy,NA
Mar_23_294_SRS6_root,2023-03-10,SRS6,tree,root,NA,LGR2,rebuild fit (stage 03),14:57:59,15:00:57,2023,3,dry,26.17335555888889,25,NA,11,NA,NA,460.99555555555554,107.68,1366.9955555555557,0.765230346900723,HM,AICc,valid,FALSE,FALSE,14.568845995605663,0.757916708428491,0.950122417752383,9.741534675420159e-117,0.765230346900723,0.950015073893963,3.43963389161119,HM,NA,valid,FALSE,FALSE,184.28900056273605,3.07139273136502,0.998770423753937,2.88920067541972e-258,3.43963389161119,0.999653940704643,0,NA,0,0,FALSE,valid,healthy,NA
Mar_23_295_SRS6_stem,2023-03-10,SRS6,tree,stem,NA,LGR2,rebuild fit (stage 03),15:20:00,15:23:00,2023,3,dry,26.158444446666667,26.4,NA,32,NA,NA,2232.644,462.19,3138.644,0.103121260561239,HM,AICc | Intercept,valid,FALSE,FALSE,4.471920207014224,0.102580049851795,0.637981967520522,1.44640563067844e-41,0.103121260561239,0.637855491549858,1.15372771318533,HM,NA,valid,FALSE,FALSE,79.91326064767433,1.05067975748092,0.99756117184633,5.14757749925866e-236,1.15372771318533,0.99814923594714,0,NA,0,0,FALSE,valid,healthy,NA
Mar_23_296_SRS6_stem,2023-03-10,SRS6,tree,stem,NA,LGR2,rebuild fit (stage 03),15:36:20,15:39:20,2023,3,dry,26.183851850444444,26.4,NA,32,NA,NA,2232.644,462.19,3138.644,0.0550014457226474,HM,AICc,valid,FALSE,FALSE,2.453132374650017,0.0547699636352491,0.344779678817274,2.23667627046912e-18,0.0550014457226474,0.344704238059292,1.25038014525484,HM,NA,valid,FALSE,FALSE,132.94257321053001,1.20837152034508,0.99926969908373,6.94920700315012e-283,1.25038014525484,0.99934965549412,0,NA,0,0,FALSE,valid,healthy,NA
Mar_23_297_SRS6_stem,2023-03-10,SRS6,tree,stem,NA,LGR2,rebuild fit (stage 03),15:48:40,15:51:40,2023,3,dry,26.176351849333333,26.4,NA,32,NA,NA,2232.644,462.19,3138.644,0.0654500516311429,HM,AICc | Intercept,valid,FALSE,FALSE,2.871994704442518,0.0652595444745192,0.420212029102418,3.58390521229862e-23,0.0654500516311429,0.420106758821486,2.81026962241485,HM,SE | Intercept,valid,FALSE,FALSE,21.561073672220367,1.80218231986658,0.958422658244172,9.01791519866314e-126,2.81026962241485,0.970913323283083,0,NA,0,0,FALSE,valid,healthy,NA
Mar_23_289_SRS6_stem,2023-03-10,SRS6,tree,stem,NA,LGR2,rebuild fit (stage 03),16:08:28,16:11:28,2023,3,dry,26.063051853733334,26.3,NA,36,NA,NA,2232.644,462.19,3138.644,0.468229069123959,HM,AICc,valid,FALSE,TRUE,11.869210697434744,0.467270219029755,0.925987728918518,2.38483603930102e-103,0.468229069123959,0.92571919820803406,1.61199490122538,LM,SE | g-fact. > 2 | Intercept (LM),valid,FALSE,TRUE,38.31434190925254,1.61199490122538,0.890709620611486,3.43667908234097e-88,4.62991159573578,0.965264126843508,0,NA,0,0,FALSE,valid,healthy,NA
Mar_23_290_SRS6_stem,2023-03-10,SRS6,tree,stem,NA,LGR2,rebuild fit (stage 03),16:21:10,16:24:10,2023,3,dry,25.971674076722223,26.3,NA,36,NA,NA,2232.644,462.19,3138.644,0.149677235981493,HM,AICc | Intercept,valid,FALSE,FALSE,6.2811111193829126,0.148488546576703,0.776586891202628,2.2775288618475295e-60,0.149677235981493,0.776483968135493,2.37660898708321,HM,NA,valid,FALSE,FALSE,127.961100235305,2.2907049365542,0.999204876722918,1.40416702984634e-279,2.37660898708321,0.999297335159451,0,NA,0,0,FALSE,valid,healthy,NA
Mar_23_276_SRS6_stem,2023-03-10,SRS6,tree,stem,NA,LGR3,rebuild fit (stage 03),14:20:00,14:23:00,2023,3,dry,26.184555553333333,25.8,NA,15,NA,NA,1106.6016666666667,213.35,2012.601666666667,0.807954841759414,HM,AICc | Intercept,valid,FALSE,TRUE,7.742676386802438,0.807498139948861,0.790206868275526,5.49896009743282e-88,0.807954841759414,0.789948316749395,0.276734599429611,HM,NA,valid,FALSE,FALSE,21.590808480685503,0.23397614632995,0.962311513738296,2.4092039960277492e-182,0.276734599429611,0.964219887821525,0,NA,0,0,FALSE,valid,healthy,NA
Mar_23_277_SRS6_stem,2023-03-10,SRS6,tree,stem,NA,LGR3,rebuild fit (stage 03),14:39:30,14:42:30,2023,3,dry,26.18932222433333,25.8,NA,15,NA,NA,1106.6016666666667,213.35,2012.601666666667,0.183881458430193,HM,AICc,valid,FALSE,FALSE,3.2824999879783614,0.166163069788659,0.452505447745744,1.58510161214381e-27,0.183881458430193,0.45284366052783,0.309313582179379,HM,AICc,valid,FALSE,TRUE,16.42137034751764,0.308263991187682,0.956547126692054,5.70261749741036e-135,0.309313582179379,0.956327138652534,0,NA,0,0,FALSE,valid,healthy,NA
Mar_23_278_SRS6_stem,2023-03-10,SRS6,tree,stem,NA,LGR3,rebuild fit (stage 03),14:46:00,14:49:00,2023,3,dry,26.189333336666664,25.8,NA,15,NA,NA,1106.6016666666667,213.35,2012.601666666667,0.704494008346226,HM,NA,valid,FALSE,FALSE,15.274201252239187,0.604280757898096,0.941017588627578,1.19737401013268e-130,0.704494008346226,0.942563050964119,0.393595880591504,HM,RMSE | AICc,valid,FALSE,TRUE,27.68178466050361,0.39002562594871,0.983165532164215,1.4661838150702e-187,0.393595880591504,0.983034303679224,0,NA,0,0,FALSE,valid,healthy,NA
Mar_23_279_SRS6_root,2023-03-10,SRS6,tree,root,NA,LGR3,rebuild fit (stage 03),15:00:00,15:03:00,2023,3,dry,26.17066667,25.8,NA,15,NA,NA,460.99555555555554,107.68,1366.9955555555557,0.00273560609385441,HM,AICc | p-value | MDF | Intercept,valid,TRUE,TRUE,0.0416777733776839,0.00234700962209235,-0.00465669026762439,0.882249005484696,0.00273560609385441,-0.00463325157148686,0.00915260978982366,HM,AICc,valid,TRUE,TRUE,0.5160749263437947,0.00914924727630005,0.0156213334266843,0.0382519983165731,0.00915260978982366,0.0156202210891216,0,NA,0,0,FALSE,valid,healthy,NA
Mar_23_280_SRS6_stem,2023-03-10,SRS6,tree,stem,NA,LGR3,rebuild fit (stage 03),15:16:15,15:19:15,2023,3,dry,26.152611114166668,26.4,NA,22,NA,NA,1106.6016666666667,213.35,2012.601666666667,0.425644869564629,HM,NA,valid,FALSE,FALSE,7.180377407209879,0.212856142202854,0.694994737871691,6.232090054010951e-61,0.425644869564629,0.725118334401195,0.754669680440962,HM,NA,valid,FALSE,FALSE,67.36203617258279,0.730130500376819,0.996717807113232,2.23478620299987e-285,0.754669680440962,0.996791337086275,0,NA,0,0,FALSE,valid,healthy,NA
Mar_23_281_SRS6_stem,2023-03-10,SRS6,tree,stem,NA,LGR3,rebuild fit (stage 03),15:25:00,15:28:00,2023,3,dry,26.16622222333333,26.4,NA,22,NA,NA,1106.6016666666667,213.35,2012.601666666667,0.293240454269935,HM,Intercept,valid,FALSE,FALSE,3.4358933936899754,0.163964820617554,0.435791901914007,1.3043602414620499e-23,0.293240454269935,0.4504577440134,0.641174823419705,HM,NA,valid,FALSE,FALSE,30.26086769762026,0.592006711032428,0.987231540719664,6.328600373148998e-167,0.641174823419705,0.987664986328405,0,NA,0,0,FALSE,valid,healthy,NA
Mar_23_282_SRS6_stem,2023-03-10,SRS6,tree,stem,NA,LGR3,rebuild fit (stage 03),15:32:00,15:35:00,2023,3,dry,26.177111110666665,26.4,NA,22,NA,NA,1106.6016666666667,213.35,2012.601666666667,0.124005539576133,HM,AICc | Intercept,valid,FALSE,FALSE,3.547153651404173,0.122350605493339,0.451391502353821,2.37511916314415e-33,0.124005539576133,0.451378030226743,0.696591114717748,HM,NA,valid,FALSE,FALSE,58.48936123853202,0.618889509415752,0.994357773714666,4.67691353037131e-272,0.696591114717748,0.995336697029764,0,NA,0,0,FALSE,valid,healthy,NA
Mar_23_283_SRS6_root,2023-03-10,SRS6,tree,root,NA,LGR3,rebuild fit (stage 03),15:44:00,15:47:00,2023,3,dry,26.195777774666663,26.4,NA,22,NA,NA,460.99555555555554,107.68,1366.9955555555557,0.621881235531139,HM,AICc,valid,FALSE,FALSE,12.389257686083216,0.58869730094153,0.907498758883181,8.617244213254499e-127,0.621881235531139,0.907700894584864,0.765639294104698,HM,NA,valid,FALSE,FALSE,46.052282667435634,0.734067816286393,0.992621816637551,3.83070992220537e-259,0.765639294104698,0.992742821957472,0,NA,0,0,FALSE,valid,healthy,NA
Mar_23_284_SRS6_stem,2023-03-10,SRS6,tree,stem,NA,LGR3,rebuild fit (stage 03),16:02:00,16:05:00,2023,3,dry,26.100055556,26.3,NA,30,NA,NA,460.99555555555554,107.68,1366.9955555555557,1.29574607856709,HM,NA,valid,FALSE,FALSE,13.895641988089755,0.978465890799608,0.937101269478724,4.806756112642739e-100,1.29574607856709,0.94237417328876,0.0810493383645726,HM,AICc | Intercept,valid,FALSE,FALSE,2.7596693803929457,0.066797688004075,0.398823249673763,5.7699542073701e-20,0.0810493383645726,0.399785836511145,0,NA,0,0,FALSE,valid,healthy,NA
Mar_23_285_SRS6_stem,2023-03-10,SRS6,tree,stem,NA,LGR3,rebuild fit (stage 03),16:09:30,16:12:30,2023,3,dry,26.057138891,26.3,NA,30,NA,NA,460.99555555555554,107.68,1366.9955555555557,0.0563362738534025,HM,AICc | Intercept,valid,TRUE,FALSE,0.7483157544500111,0.0475077039322543,0.0377207172723579,0.00474694434791787,0.0563362738534025,0.0378788700096055,0.181745393814453,HM,NA,valid,FALSE,FALSE,5.851095392174241,0.104744642794482,0.682351855158142,2.0569852783496902e-47,0.181745393814453,0.697723025780192,0,NA,0,0,FALSE,valid,healthy,NA
Mar_23_286_SRS6_stem,2023-03-10,SRS6,tree,stem,NA,LGR3,rebuild fit (stage 03),16:19:00,16:21:00,2023,3,dry,25.990644447333334,26.3,NA,30,NA,NA,460.99555555555554,107.68,1366.9955555555557,-0.544720439380319,HM,Intercept,valid,FALSE,FALSE,5.169366198349266,-0.365552568842529,0.685176545917977,1.05291273237767e-40,-0.544720439380319,0.69373637201564,0.505140283603897,HM,MAE | AICc,valid,FALSE,FALSE,20.43307987382289,0.49796379861652,0.977098275578357,2.0221477174206696e-128,0.505140283603897,0.977052402478174,0,NA,0,0,FALSE,valid,healthy,NA
Mar_23_287_SRS6_root,2023-03-10,SRS6,tree,root,NA,LGR3,rebuild fit (stage 03),16:27:00,16:30:00,2023,3,dry,25.920600002,26.3,NA,30,NA,NA,460.99555555555554,107.68,1366.9955555555557,2.82493987191325,HM,NA,valid,FALSE,FALSE,26.35983235777189,2.3847831355578,0.984640162864519,2.4389329520424695e-126,2.82493987191325,0.986603257560833,0.397746621533637,HM,AICc,valid,FALSE,FALSE,12.04627949729036,0.394739841214757,0.943541926124544,1.3243525103296593e-87,0.397746621533637,0.943399403323088,0,NA,0,0,FALSE,valid,healthy,NA
Mar_23_288_SRS6_root,2023-03-10,SRS6,tree,root,NA,LGR3,rebuild fit (stage 03),16:33:30,16:36:30,2023,3,dry,25.863688890166667,26.3,NA,30,NA,NA,254.53666666666663,40.45,1160.5366666666664,-0.0885936282772601,HM,SE | AICc | p-value | Intercept,valid,TRUE,TRUE,0.3635065769549838,-0.088668645118854,0.00692749828822681,0.155377139971365,-0.0885936282772601,0.00692239461342337,0.0372996279806281,HM,SE | AICc | p-value,valid,TRUE,TRUE,0.46110925537855146,0.0372882433485291,0.0158479556959269,0.0672211469767255,0.0372996279806281,0.0158431322840588,0,NA,0,0,FALSE,valid,healthy,NA
44996_SRS6_Soil_89,2023-03-11,SRS6,surface,soil,soil,LGR2,rebuild fit (stage 03),11:31:00,11:35:00,2023,3,dry,25.929599996666667,24.5,NA,0,NA,NA,12300,433.7,13206,10.6061991168086,LM,RMSE | MAE | SE | AICc | Intercept,valid,FALSE,TRUE,55.56102333143732,10.6061991168086,0.863942812043006,1.9995408847660693e-212,10.6149504829506,0.863669926581435,2.06730870221793,HM,NA,valid,FALSE,FALSE,170.06457813270347,1.29103166821645,0.982709171374769,0,2.06730870221793,0.998693220137221,0,NA,0,0,FALSE,valid,healthy,NA
44996_SRS6_Soil_90,2023-03-11,SRS6,surface,soil,soil,LGR2,rebuild fit (stage 03),11:47:00,11:49:00,2023,3,dry,26.041644441333332,25.2,NA,0,NA,NA,12300,433.7,13206,3.32976202909316,LM,SE | g-fact. > 2 | Intercept,valid,FALSE,TRUE,31.22428915658305,3.32976202909316,0.750376803891373,1.42365402240837e-99,15.8191435806153,0.894933075992651,0.744190106357696,HM,NA,valid,FALSE,FALSE,40.23762800717575,0.518263803201772,0.97630442491592,8.792473444739141e-265,0.744190106357696,0.985329905573429,0,NA,0,0,FALSE,valid,healthy,NA
44996_SRS6_Soil_91,2023-03-11,SRS6,surface,soil,soil,LGR2,rebuild fit (stage 03),11:52:30,11:54:30,2023,3,dry,26.1084999975,25.2,NA,0,29.98,61.9,12300,433.7,13206,2.75761659858221,HM,Intercept,valid,FALSE,FALSE,21.40404420567534,1.52978166123546,0.935510631958671,7.229161032778398e-147,2.75761659858221,0.958160421528343,0.589936063110601,HM,SE,valid,FALSE,FALSE,22.10693957476867,0.510075755538679,0.96601421436618,1.12726738503781e-180,0.589936063110601,0.967451004830978,0,NA,0,0,FALSE,valid,healthy,NA
44996_SRS6_Soil_92,2023-03-11,SRS6,surface,soil,soil,LGR2,rebuild fit (stage 03),11:59:30,12:01:30,2023,3,dry,26.193588887166666,24.3,NA,0,29.98,61.5,12300,433.7,13206,4.54308403588887,HM,Intercept (LM),valid,FALSE,FALSE,43.44486265189003,2.93968267149889,0.976368552180523,1.850665589148379e-223,4.54308403588887,0.989001148724442,3.45159848536531,HM,NA,valid,FALSE,FALSE,145.66848603019827,2.82647205830401,0.996354260532961,0,3.45159848536531,0.999111423700311,0,NA,0,0,FALSE,valid,healthy,JG
44996_SRS6_Soil_93,2023-03-11,SRS6,surface,soil,soil,LGR2,rebuild fit (stage 03),12:08:00,12:10:00,2023,3,dry,26.296911110333333,24.1,NA,0,29.98,69.6,12300,433.7,13206,2.55795250411919,HM,NA,valid,FALSE,FALSE,17.731090663996323,2.03994295377872,0.956791858011292,1.0810596890558e-127,2.55795250411919,0.960371230298103,1.50035724360562,HM,SE,valid,FALSE,FALSE,40.18992066673591,1.26638366586929,0.990210734043724,5.05237006768733e-187,1.50035724360562,0.992243491142433,0,NA,0,0,FALSE,valid,healthy,"Weather = sunny, dry, low tide"
44996_SRS6_Soil_94,2023-03-11,SRS6,surface,soil,soil,LGR2,rebuild fit (stage 03),12:13:00,12:15:00,2023,3,dry,26.35768888866667,24,NA,0,29.98,71.5,12300,433.7,13206,1.81923172417416,HM,AICc,valid,FALSE,FALSE,23.848387742990894,1.79055011921161,0.975942273166525,4.430404506549469e-181,1.81923172417416,0.975915903028433,2.24091374487586,HM,SE,valid,FALSE,FALSE,79.73000749311053,1.92038445037825,0.995977325057801,6.491717270741279e-267,2.24091374487586,0.997641322184766,0,NA,0,0,FALSE,valid,healthy,Ebulition on flux 10 ft tide stared to time in first flush of water seems to degas sediment
44996_SRS6_Soil_95,2023-03-11,SRS6,surface,soil,soil,LGR2,rebuild fit (stage 03),12:20:00,12:22:00,2023,3,dry,26.417944445,24.3,NA,0,29.98,76.9,12300,433.7,13206,3.68993392277633,HM,NA,valid,FALSE,FALSE,36.339117279124174,3.35994508363349,0.990030449805165,2.65180858480048e-191,3.68993392277633,0.990624387253054,2.67121205503124,HM,SE,valid,FALSE,FALSE,75.25012558719447,2.51487369918106,0.997584993436331,1.70945438467172e-249,2.67121205503124,0.997833732637679,0,NA,0,0,FALSE,valid,healthy,System time = 11:38:00
44996_SRS6_Soil_96,2023-03-11,SRS6,surface,soil,soil,LGR2,rebuild fit (stage 03),12:25:00,12:27:00,2023,3,dry,26.45388889,24,NA,0,29.98,74.4,12300,433.7,13206,2.8440147727329,HM,NA,valid,FALSE,FALSE,23.577885832948265,2.30809176022427,0.967216804542508,1.5084335166811098e-185,2.8440147727329,0.969953837215423,1.24453843167133,HM,SE,valid,FALSE,FALSE,20.911162495848863,0.789584127921583,0.944406355487888,3.2457532064223694e-157,1.24453843167133,0.957865676605482,0,NA,0,0,FALSE,valid,healthy,Real time = 11:37:00
44996_SRS6_Soil_97,2023-03-11,SRS6,surface,soil,soil,LGR2,rebuild fit (stage 03),12:34:00,12:56:00,2023,3,dry,26.518588891,23.8,NA,0,29.98,71.8,12300,433.7,13206,0.393440972659197,HM,Intercept (LM),valid,FALSE,FALSE,7.931735556510553,0.262521158742558,0.701165059117266,6.990574703350048e-91,0.393440972659197,0.709812428000139,0.47722046827243,HM,AICc,valid,FALSE,FALSE,38.32985925577891,0.46939005724538,0.985625939677003,1.13338935635117e-293,0.47722046827243,0.985634170963291,0,NA,0,0,FALSE,valid,healthy,Logging frequency = 15
44996_SRS6_Soil_98,2023-03-11,SRS6,surface,soil,soil,LGR2,rebuild fit (stage 03),12:44:00,12:46:00,2023,3,dry,26.590477781,23.9,NA,0,29.97,74,12300,433.7,13206,2.96959130868663,HM,SE | Intercept,valid,FALSE,FALSE,12.794133483390166,2.44437187270138,0.870035450580993,1.0576636482935997e-154,2.96959130868663,0.873182061967474,0.448489940147212,HM,AICc,valid,FALSE,TRUE,31.750690945729485,0.444246887923049,0.97903974634413,5.026624275866768e-291,0.448489940147212,0.978928640242118,0,NA,0,0,FALSE,valid,healthy,NA
44996_SRS6_Water_86,2023-03-11,SRS6,surface,water,water,LGR2,rebuild fit (stage 03),13:16:00,13:21:00,2023,3,dry,26.754600003333337,25.6,NA,30,NA,NA,3370,324.3,4276,1.468434850703212,HM,NA,valid,FALSE,FALSE,166.4372564358389,1.2858688624128,0.997493133708553,0,1.45347959685647,0.998527524014875,1.5813034355268698,HM,NA,valid,FALSE,FALSE,266.0329851985649,1.40776036725895,0.99861215003305,0,1.5696104234959,0.99943017164652,0,1.468434850703212,0,0,TRUE,valid,healthy,ebulition seems limited here
44996_SRS6_Water_87,2023-03-11,SRS6,surface,water,water,LGR2,rebuild fit (stage 03),13:31:00,13:37:00,2023,3,dry,26.873600003333333,25.6,NA,20,NA,NA,3370,324.3,4276,1.4577658964702187,HM,NA,valid,FALSE,FALSE,171.5147753617073,1.34838862094288,0.99831848950924,0,1.45808040336145,0.998736876377497,1.6530509814663872,HM,NA,valid,FALSE,FALSE,524.7461337044039,1.42098584507529,0.998295244576297,0,1.65242894028038,0.999859896928727,0,1.4577658964702187,0,0,TRUE,valid,healthy,no visible bubbles once tide has come in a bit
44996_SRS6_Water_88,2023-03-11,SRS6,surface,water,water,LGR2,rebuild fit (stage 03),13:45:00,13:50:00,2023,3,dry,26.98466667,25.7,NA,10,NA,NA,3370,324.3,4276,1.1331665219688214,HM,NA,valid,FALSE,FALSE,84.35318408074379,1.06049253896226,0.99527793002832,0,1.13720840902385,0.99561408871769,1.487390246423113,HM,NA,valid,FALSE,FALSE,309.79986981278046,1.3776567338737,0.999264032229296,0,1.4883007716316,0.999670386739828,0,1.1331665219688214,0,0,TRUE,valid,healthy,???
Mar_23_243_SRS6_CWD,2023-03-11,SRS6,tree,cwd,NA,LGR2,rebuild fit (stage 03),14:07:00,14:10:00,2023,3,dry,26.849733336666667,25.9,NA,28,NA,NA,1106.6016666666667,213.35,2012.601666666667,-0.016125208887045,HM,AICc | Intercept,valid,TRUE,TRUE,5.99945409361323,-0.0161274310932734,0.0643906744876481,3.45447137617567e-9,-0.016125208887045,0.064346078766627,2.43712907772005,HM,Intercept (LM),valid,FALSE,FALSE,301.11658917213816,1.35784167587711,0.97389614510157,0,2.43712907772005,0.999540597446081,0,NA,0,0,FALSE,valid,healthy,NA
Mar_23_247_SRS6_CWD,2023-03-11,SRS6,tree,cwd,NA,LGR2,rebuild fit (stage 03),14:21:00,14:23:00,2023,3,dry,26.799000002,25.9,NA,30,NA,NA,460.99555555555554,107.68,1366.9955555555557,0.645534608326646,HM,NA,valid,FALSE,FALSE,5.610104279234201,0.49244685733064,0.780730737081908,3.07213846518982e-41,0.645534608326646,0.784716184464426,7.08131957115845,HM,SE,valid,FALSE,FALSE,74.87829690984407,6.81344027843067,0.998526177855684,1.4784571222559194e-170,7.08131957115845,0.998628641020753,0,NA,0,0,FALSE,valid,healthy,NA
Mar_23_244_SRS6_CWD,2023-03-11,SRS6,tree,cwd,NA,LGR2,rebuild fit (stage 03),14:31:00,14:34:00,2023,3,dry,26.796222222,25.8,NA,31,NA,NA,460.99555555555554,107.68,1366.9955555555557,0.148889183608883,LM,g-fact. > 2 | Intercept,valid,FALSE,FALSE,11.53399767310416,0.148889183608883,0.423138167670094,2.2711184194068799e-23,0.598844069352747,0.502470934680741,3.75122509771834,HM,NA,valid,FALSE,FALSE,234.7649194997763,3.49323720311829,0.999438207371139,4.42119167955279e-293,3.75122509771834,0.99978754879541,0,NA,0,0,FALSE,valid,healthy,NA
Mar_23_245_SRS6_CWD,2023-03-11,SRS6,tree,cwd,NA,LGR2,rebuild fit (stage 03),14:40:00,14:43:00,2023,3,dry,26.79372222,25.9,NA,25,NA,NA,460.99555555555554,107.68,1366.9955555555557,0.830426018737941,HM,MAE | AICc,valid,FALSE,TRUE,9.575361761251322,0.829172588361006,0.890458810294233,4.21985984685844e-88,0.830426018737941,0.890200464426413,2.76247180955274,LM,RMSE | MAE | SE | AICc,valid,FALSE,TRUE,133.14313141603603,2.76247180955274,0.989947555485327,5.80546841808842e-181,2.77441099489126,0.989729363253405,0,NA,0,0,FALSE,valid,healthy,NA
Mar_23_246_SRS6_CWD,2023-03-11,SRS6,tree,cwd,NA,LGR2,rebuild fit (stage 03),14:54:00,14:57:00,2023,3,dry,26.74703333,25.9,NA,22,NA,NA,460.99555555555554,107.68,1366.9955555555557,0.106729219798926,HM,AICc | Intercept,valid,FALSE,FALSE,1.8856650805337936,0.0771990481103659,0.206576370125737,7.823346048811029e-11,0.106729219798926,0.208860340513228,3.92884516010033,HM,NA,valid,FALSE,FALSE,208.9133110292957,2.974445010181,0.994170494232592,3.834007513774399e-202,3.92884516010033,0.999703854297155,0,NA,0,0,FALSE,valid,healthy,NA
Mar_23_248_SRS6_stem,2023-03-11,SRS6,tree,stem,NA,LGR2,rebuild fit (stage 03),15:05:00,15:08:00,2023,3,dry,26.691666663333333,26,NA,30,NA,NA,460.99555555555554,107.68,1366.9955555555557,0.312971502487355,HM,AICc,valid,FALSE,FALSE,4.924528752791142,0.310222265798104,0.680839350009475,1.77420709201059e-46,0.312971502487355,0.680740487872186,3.03279915590204,HM,SE,valid,FALSE,FALSE,66.5135635639849,2.39986692759653,0.993439457738068,1.49925718640729e-197,3.03279915590204,0.997144566456698,0,NA,0,0,FALSE,valid,healthy,NA
Mar_23_249_SRS6_stem,2023-03-11,SRS6,tree,stem,NA,LGR2,rebuild fit (stage 03),15:11:00,15:13:45,2023,3,dry,26.661466663333332,26,NA,30,NA,NA,460.99555555555554,107.68,1366.9955555555557,0.484355268031654,HM,AICc,valid,FALSE,FALSE,6.484169814022812,0.43800123756348,0.793321376438875,3.0259601668727502e-58,0.484355268031654,0.793881489613631,3.5194900673637,HM,SE | Intercept (LM),valid,FALSE,FALSE,54.778624042482825,2.07897899543807,0.974860348706897,2.5837739189066598e-133,3.5194900673637,0.995614263399035,0,NA,0,0,FALSE,valid,healthy,NA
Mar_23_250_SRS6_stem,2023-03-11,SRS6,tree,stem,NA,LGR2,rebuild fit (stage 03),15:15:00,15:18:00,2023,3,dry,26.64133333,26,NA,30,NA,NA,460.99555555555554,107.68,1366.9955555555557,0.14693872732072,HM,AICc | Intercept,valid,FALSE,FALSE,2.126918272921117,0.0937479563691437,0.23814936964305,1.93312398723362e-12,0.14693872732072,0.24164344183217,2.58356265135948,HM,SE,valid,FALSE,FALSE,67.05636585985314,2.22773788103874,0.99571704943589,3.98368185368009e-214,2.58356265135948,0.997302578741522,0,NA,0,0,FALSE,valid,healthy,NA
Mar_23_251_SRS6_stem,2023-03-11,SRS6,tree,stem,NA,LGR2,rebuild fit (stage 03),15:25:00,15:28:00,2023,3,dry,26.596666663333338,26.1,NA,32,NA,NA,460.99555555555554,107.68,1366.9955555555557,0.104456801081336,HM,AICc,valid,FALSE,FALSE,1.5227359781890506,0.0720522208843535,0.141395770112909,1.08986700344486e-7,0.104456801081336,0.142579735073226,3.36719355147432,HM,NA,valid,FALSE,FALSE,194.03835522976615,3.0914114033025,0.999184764356393,1.3133515995345899e-278,3.36719355147432,0.999686817363646,0,NA,0,0,FALSE,valid,healthy,NA
Mar_23_252_SRS6_stem,2023-03-11,SRS6,tree,stem,NA,LGR2,rebuild fit (stage 03),15:31:00,15:34:00,2023,3,dry,26.569866663333332,26.1,NA,32,NA,NA,460.99555555555554,107.68,1366.9955555555557,0.161829177185394,HM,AICc,valid,FALSE,FALSE,2.645296411101536,0.131104080682854,0.354797458049822,5.556402357335008e-19,0.161829177185394,0.35611362699368,4.02020957052512,LM,RMSE | MAE | AICc,valid,FALSE,TRUE,575.4732546993976,4.02020957052512,0.999456765314658,2.18705954688757e-293,4.08459160796506,0.999395543320678,0,NA,0,0,FALSE,valid,healthy,NA
Mar_23_253_SRS6_stem,2023-03-11,SRS6,tree,stem,NA,LGR2,rebuild fit (stage 03),15:36:40,15:39:30,2023,3,dry,26.544555552222224,26.1,NA,32,NA,NA,460.99555555555554,107.68,1366.9955555555557,0.0443149750888068,HM,AICc | Intercept,valid,TRUE,FALSE,0.8197126203989962,0.0441957677716389,0.0541002613019818,0.00128353358998375,0.0443149750888068,0.0540842646519499,3.66245675567508,HM,RMSE | AICc,valid,FALSE,FALSE,127.1366776401358,3.60661591426629,0.999343521104997,4.22806833878245e-271,3.66245675567508,0.999335151020002,0,NA,0,0,FALSE,valid,healthy,NA
Mar_23_254_SRS6_stem,2023-03-11,SRS6,tree,stem,NA,LGR2,rebuild fit (stage 03),15:50:30,15:53:30,2023,3,dry,26.469138886166668,26.2,NA,35,NA,NA,460.99555555555554,107.68,1366.9955555555557,0.179424329541208,HM,AICc | Intercept,valid,FALSE,FALSE,3.5382461741791467,0.178895250905625,0.524403005897493,6.43001868241479e-31,0.179424329541208,0.524268644581489,1.83539096312288,HM,NA,valid,FALSE,FALSE,68.067941481564,1.304399429333,0.988803460054494,8.99024500663548e-177,1.83539096312288,0.997135959730917,0,NA,0,0,FALSE,valid,healthy,NA
Mar_23_255_SRS6_stem,2023-03-11,SRS6,tree,stem,NA,LGR2,rebuild fit (stage 03),15:56:00,15:59:00,2023,3,dry,26.430944442333335,26.2,NA,35,NA,NA,460.99555555555554,107.68,1366.9955555555557,0.149603910660803,HM,AICc | Intercept,valid,FALSE,FALSE,2.7149498596808654,0.1430323752243,0.387194173142918,5.299440052179e-21,0.149603910660803,0.387253027707635,3.77740475935217,LM,RMSE | MAE | SE | AICc,valid,FALSE,TRUE,360.446117078762,3.77740475935217,0.998616453073866,4.76006867910433e-258,3.81131570093585,0.998466602239082,0,NA,0,0,FALSE,valid,healthy,NA
Mar_23_256_SRS6_stem,2023-03-11,SRS6,tree,stem,NA,LGR2,rebuild fit (stage 03),16:02:00,16:05:00,2023,3,dry,26.389277776333333,26.2,NA,35,NA,NA,460.99555555555554,107.68,1366.9955555555557,0.127916648787903,HM,AICc | Intercept,valid,FALSE,FALSE,2.063119920091345,0.10288744146541,0.249013017782449,5.235190105366e-13,0.127916648787903,0.249791194912267,4.90881295955288,HM,NA,valid,FALSE,FALSE,217.30345539054673,4.45649616930626,0.999102611773262,7.084328279835097e-275,4.90881295955288,0.999748876652471,0,NA,0,0,FALSE,valid,healthy,NA
Mar_23_257_SRS6_stem,2023-03-11,SRS6,tree,stem,NA,LGR2,rebuild fit (stage 03),16:10:00,16:13:00,2023,3,dry,26.333722221666665,26.2,NA,35,NA,NA,1106.6016666666667,213.35,2012.601666666667,0.438056193300815,HM,AICc,valid,FALSE,FALSE,10.893862378790184,0.394018660500199,0.90802156021255,6.742997836586859e-95,0.438056193300815,0.908720887064544,5.5180157014195,HM,NA,valid,FALSE,FALSE,294.3237716449013,5.03314278712624,0.999277804704436,2.55923384558475e-283,5.5180157014195,0.999863423789121,0,NA,0,0,FALSE,valid,healthy,NA
Mar_23_259_SRS6_stem,2023-03-11,SRS6,tree,stem,NA,LGR2,rebuild fit (stage 03),16:20:15,16:23:15,2023,3,dry,26.26983333275,26.2,NA,35,NA,NA,1106.6016666666667,213.35,2012.601666666667,0.0772226658736806,LM,g-fact. > 2 | Intercept,valid,FALSE,FALSE,7.744327226120114,0.0772226658736806,0.2467818902991,6.85603268759248e-13,0.156605398094751,0.260217443967303,3.5875826799561,HM,SE,valid,FALSE,FALSE,88.21435829976203,3.45301459253651,0.998423267370373,5.72857996182963e-253,3.5875826799561,0.998521992428968,0,NA,0,0,FALSE,valid,healthy,NA
Mar_23_263_SRS6_stem,2023-03-11,SRS6,tree,stem,NA,LGR3,rebuild fit (stage 03),11:54:30,11:57:30,2023,3,dry,26.132811108833337,24.1,NA,NA,NA,NA,1106.6016666666667,213.35,2012.601666666667,0.15302270712296,HM,AICc,valid,FALSE,FALSE,3.0012511133074207,0.152195031442841,0.440006096771025,1.16802130299327e-24,0.15302270712296,0.439924348872244,1.31695932147423,HM,NA,valid,FALSE,FALSE,62.02425108333224,1.24159404417013,0.996731161917923,7.13280595441322e-226,1.31695932147423,0.996966400016936,0,NA,0,0,FALSE,valid,healthy,NA
Mar_23_264_SRS6_stem,2023-03-11,SRS6,tree,stem,NA,LGR3,rebuild fit (stage 03),12:08:15,12:11:15,2023,3,dry,26.29994999925,24.1,NA,NA,NA,NA,1106.6016666666667,213.35,2012.601666666667,0.037737684280867,LM,g-fact. > 2 | Intercept,valid,TRUE,FALSE,3.5092624832250054,0.037737684280867,0.0511258874548012,5.5021142317314e-4,0.110770157276051,0.0638872392052955,0.752065599784797,LM,RMSE | MAE | AICc,valid,FALSE,FALSE,204.54320048022944,0.752065599784797,0.995005579021537,1.04108830805138e-242,0.765039543026133,0.9949617725757,0,NA,0,0,FALSE,valid,healthy,NA
Mar_23_265_SRS6_stem,2023-03-11,SRS6,tree,stem,NA,LGR3,rebuild fit (stage 03),12:23:30,12:26:30,2023,3,dry,26.4431055565,24.1,NA,NA,NA,NA,1106.6016666666667,213.35,2012.601666666667,0.0538378959295615,HM,AICc | Intercept,valid,TRUE,FALSE,1.37797142806957,0.0537245055568896,0.117569751207834,1.02550969800043e-7,0.0538378959295615,0.117538862081736,0.604159246111798,HM,NA,valid,FALSE,FALSE,47.18928942936781,0.56329926221064,0.993282089338503,3.964245921028138e-240,0.604159246111798,0.993622023002615,0,NA,0,0,FALSE,valid,healthy,NA
Mar_23_266_SRS6_stem,2023-03-11,SRS6,tree,stem,NA,LGR3,rebuild fit (stage 03),12:39:30,12:42:30,2023,3,dry,26.5581277805,24,NA,NA,NA,NA,1106.6016666666667,213.35,2012.601666666667,0.259395907128187,HM,AICc | Intercept,valid,FALSE,FALSE,5.216897742782883,0.23388127598364,0.664528815030422,5.7216247107646e-51,0.259395907128187,0.665009957229818,1.33730555202038,HM,MAE | AICc,valid,FALSE,FALSE,66.89308811097705,1.31761986386941,0.997106700580613,1.12718642695972e-263,1.33730555202038,0.997084925574325,0,NA,0,0,FALSE,valid,healthy,NA
Mar_23_267_SRS6_stem,2023-03-11,SRS6,tree,stem,NA,LGR3,rebuild fit (stage 03),12:51:30,12:54:30,2023,3,dry,26.62995000333333,24,NA,NA,NA,NA,1106.6016666666667,213.35,2012.601666666667,0.259592340570337,HM,AICc | Intercept,valid,FALSE,FALSE,4.485763910724799,0.205909055312266,0.59289563981005,9.769177408616208e-40,0.259592340570337,0.595308412680027,1.17753846776438,HM,NA,valid,FALSE,FALSE,74.2542225278529,1.13219541455848,0.997647017663112,8.01156361879425e-256,1.17753846776438,0.997752564681472,0,NA,0,0,FALSE,valid,healthy,NA
Mar_23_268_SRS6_stem,2023-03-11,SRS6,tree,stem,NA,LGR3,rebuild fit (stage 03),13:04:00,13:07:00,2023,3,dry,26.692033336666665,24,NA,NA,NA,NA,460.99555555555554,107.68,1366.9955555555557,0.863512632773614,HM,AICc,valid,FALSE,FALSE,10.241839552992277,0.832519307046686,0.909928080229272,2.79207844762898e-86,0.863512632773614,0.910013713164603,1.24811029682071,HM,NA,valid,FALSE,FALSE,45.865059063089944,1.18234176520375,0.994854607832087,2.24731734119033e-186,1.24811029682071,0.995053151894089,0,NA,0,0,FALSE,valid,healthy,NA
Mar_23_269_SRS6_root,2023-03-11,SRS6,tree,root,NA,LGR3,rebuild fit (stage 03),13:31:30,13:34:30,2023,3,dry,26.87756667,24,NA,NA,NA,NA,254.53666666666663,40.45,1160.5366666666664,0.10211435252499,HM,AICc | Intercept,valid,TRUE,FALSE,0.8587330042162753,0.101161389468124,0.0495899499606092,7.5625177951449e-4,0.10211435252499,0.0495852002329464,1.19624435856074,HM,SE,valid,FALSE,FALSE,25.6875206539745,1.00353962447967,0.977084947120774,1.85039278278836e-169,1.19624435856074,0.979183667787725,0,NA,0,0,FALSE,valid,healthy,NA
Mar_23_270_SRS6_stem,2023-03-11,SRS6,tree,stem,NA,LGR3,rebuild fit (stage 03),14:05:30,14:08:30,2023,3,dry,26.858933336666663,25.8,NA,3,NA,NA,1106.6016666666667,213.35,2012.601666666667,0.214707697270397,HM,Intercept,valid,FALSE,FALSE,3.4805475284460177,0.127813717744077,0.425490686641485,1.02219450833306e-25,0.214707697270397,0.43223398270038,1.31261700129908,LM,RMSE | MAE | AICc,valid,FALSE,TRUE,356.032308544883,1.31261700129908,0.998440404294975,1.12092531878152e-278,1.32781573129318,0.998365637917042,0,NA,0,0,FALSE,valid,healthy,NA
Mar_23_271_SRS6_stem,2023-03-11,SRS6,tree,stem,NA,LGR3,rebuild fit (stage 03),14:16:00,14:19:00,2023,3,dry,26.800388891999997,25.8,NA,7,NA,NA,1106.6016666666667,213.35,2012.601666666667,0.0422104621904865,HM,AICc | Intercept,valid,TRUE,FALSE,1.1260748680273198,0.0421519601058554,0.0831980793132293,1.12852140721068e-5,0.0422104621904865,0.0831715305064438,0.724994479612712,HM,AICc,valid,FALSE,FALSE,57.25130865758929,0.711194693021468,0.995897991443355,4.95070736447065e-254,0.724994479612712,0.995919690096855,0,NA,0,0,FALSE,valid,healthy,NA
Mar_23_272_SRS6_stem,2023-03-11,SRS6,tree,stem,NA,LGR3,rebuild fit (stage 03),14:27:30,14:30:30,2023,3,dry,26.797194445,25.8,NA,7,NA,NA,460.99555555555554,107.68,1366.9955555555557,0.0628358253815738,LM,g-fact. > 2 | Intercept,valid,TRUE,FALSE,4.791539089267974,0.0628358253815738,0.0946670095740997,3.13586163954663e-6,0.220821963811065,0.115434847255859,0.563416333870291,HM,NA,valid,FALSE,FALSE,29.6039064210581,0.520299545813987,0.984158884509211,2.5453514571196095e-190,0.563416333870291,0.984591650345462,0,NA,0,0,FALSE,valid,healthy,NA
Mar_23_273_SRS6_stem,2023-03-11,SRS6,tree,stem,NA,LGR3,rebuild fit (stage 03),14:47:30,14:50:30,2023,3,dry,26.779749996666663,26,NA,10,NA,NA,2232.644,462.19,3138.644,1.02292422292638,HM,Intercept (HM),valid,FALSE,FALSE,12.36995068519012,0.767744000371886,0.915962343623044,2.0773659483375494e-98,1.02292422292638,0.921764541042066,4.51450641159794,HM,SE,valid,FALSE,TRUE,25.68002453535056,3.42078286552836,0.975778124815986,8.916492752216457e-147,4.51450641159794,0.980772684705725,0,NA,0,0,FALSE,valid,healthy,NA
Mar_23_274_SRS6_stem,2023-03-11,SRS6,tree,stem,NA,LGR3,rebuild fit (stage 03),14:59:30,15:02:30,2023,3,dry,26.719349996666665,26,NA,12,NA,NA,2232.644,462.19,3138.644,0.366145871499381,HM,AICc,valid,FALSE,FALSE,7.636726596949797,0.348317862308796,0.85109412041395,4.95128394326847e-67,0.366145871499381,0.851246224404428,2.19919353386686,LM,RMSE | MAE | AICc,valid,FALSE,TRUE,330.59250496248825,2.19919353386686,0.998556397585185,4.015914480928759e-225,2.22820120191411,0.998488565564404,0,NA,0,0,FALSE,valid,healthy,NA
Mar_23_275_SRS6_stem,2023-03-11,SRS6,tree,stem,NA,LGR3,rebuild fit (stage 03),15:12:25,15:15:25,2023,3,dry,26.654336107777777,26,NA,22,NA,NA,2232.644,462.19,3138.644,0.0710468852725127,HM,AICc | Intercept,valid,TRUE,TRUE,1.573703578134784,0.0710346691504669,0.201386840339196,3.18884937147182e-9,0.0710468852725127,0.201315246337066,1.7234869073718,HM,NA,valid,FALSE,FALSE,62.35885822268365,1.57942006031998,0.996922592493329,4.97261500712913e-193,1.7234869073718,0.99742415964762,0,NA,0,0,FALSE,valid,healthy,NA
Mar_23_262_SRS6_stem,2023-03-11,SRS6,tree,stem,NA,LGR3,rebuild fit (stage 03),15:52:15,15:55:15,2023,3,dry,26.456986108583333,26.4,NA,20,NA,NA,2232.644,462.19,3138.644,0.0286273337150992,HM,MAE | AICc | p-value | Intercept,valid,TRUE,FALSE,0.3200247690459399,0.0179915837452806,0.00213215116782139,0.258359081383047,0.0286273337150992,0.0022897793689115,1.16179128569898,LM,RMSE | MAE | AICc,valid,FALSE,TRUE,175.23962344607003,1.16179128569898,0.995622983195791,3.81160856432162e-160,1.16925223938887,0.995449726560842,0,NA,0,0,FALSE,valid,healthy,NA
Mar_23_218_SRS5_stem,2023-03-12,SRS5,tree,stem,NA,LGR2,rebuild fit (stage 03),11:06:00,11:09:00,2023,3,dry,23.883900001,23.4,NA,0,NA,NA,460.99555555555554,107.68,1366.9955555555557,0.135749114064534,HM,AICc | Intercept,valid,FALSE,FALSE,2.7988942393172467,0.134810172694469,0.406882746302365,2.7833817422156e-22,0.135749114064534,0.406798087246469,0.404763116231435,HM,Intercept (LM),valid,FALSE,FALSE,19.77828845701531,0.372636689421968,0.970327090119938,6.934696859638207e-139,0.404763116231435,0.970768098145425,0,NA,0,0,FALSE,valid,healthy,NA
Mar_23_219_SRS5_stem,2023-03-12,SRS5,tree,stem,NA,LGR2,rebuild fit (stage 03),11:11:00,11:14:09,2023,3,dry,23.973955556,23.4,NA,0,NA,NA,254.53666666666663,40.45,1160.5366666666664,0.224687451932236,HM,AICc | Intercept,valid,FALSE,FALSE,1.5870371824751923,0.123452966150263,0.129205513158357,2.10289416460177e-7,0.224687451932236,0.135809221540477,0.825528818697638,LM,RMSE | SE | AICc,valid,FALSE,TRUE,81.81728499626519,0.825528818697638,0.97253732590277,6.244353478297348e-149,0.829162153347459,0.972353484387051,0,NA,0,0,FALSE,valid,healthy,NA
Mar_23_220_SRS5_stem,2023-03-12,SRS5,tree,stem,NA,LGR2,rebuild fit (stage 03),11:18:00,11:21:00,2023,3,dry,24.122566667,23.4,NA,0,NA,NA,254.53666666666663,40.45,1160.5366666666664,0.159510907548668,HM,AICc,valid,TRUE,FALSE,1.46274398653949,0.15935362277906,0.155181021137128,2.4547696240665e-8,0.159510907548668,0.155129086822848,1.01509975366057,HM,NA,valid,FALSE,FALSE,29.139128542493474,0.955549916593416,0.986221880810532,1.0443016294578997e-168,1.01509975366057,0.986465568988055,0,NA,0,0,FALSE,valid,healthy,NA
Mar_23_221_SRS5_root,2023-03-12,SRS5,tree,root,NA,LGR2,rebuild fit (stage 03),11:27:48,11:30:38,2023,3,dry,24.372684445866668,23.4,NA,0,NA,NA,254.53666666666663,40.45,1160.5366666666664,0.276590719282231,HM,AICc | Intercept,valid,FALSE,TRUE,2.18630753625659,0.276513953198034,0.308584509079658,2.27628423735917e-15,0.276590719282231,0.308475473402419,1.06703035364271,HM,SE,valid,FALSE,FALSE,23.912151386541417,0.844537035508274,0.97567907454396,9.993438696837718e-138,1.06703035364271,0.979619244413405,0,NA,0,0,FALSE,valid,healthy,NA
Mar_23_222_SRS5_stem,2023-03-12,SRS5,tree,stem,NA,LGR2,rebuild fit (stage 03),11:42:40,11:45:40,2023,3,dry,24.75211481788889,23.5,NA,0,NA,NA,1106.6016666666667,213.35,2012.601666666667,0.0594826949944684,HM,AICc | Intercept,valid,TRUE,TRUE,1.6181540655284223,0.0594933706236133,0.184963184064704,9.12447503127929e-10,0.0594826949944684,0.184897528665258,0.644931771545063,HM,NA,valid,FALSE,FALSE,50.12517965533901,0.583939090642067,0.994602028480621,3.927874393401989e-205,0.644931771545063,0.995296102340117,0,NA,0,0,FALSE,valid,healthy,NA
Mar_23_223_SRS5_stem,2023-03-12,SRS5,tree,stem,NA,LGR2,rebuild fit (stage 03),11:56:30,11:59:50,2023,3,dry,25.130088889666663,23.5,NA,0,NA,NA,1106.6016666666667,213.35,2012.601666666667,0.0515199740389999,HM,AICc | Intercept,valid,TRUE,TRUE,1.5313901566807002,0.0515465732478583,0.154470370694896,4.71637764713852e-9,0.0515199740389999,0.154412547771038,0.627406323238475,LM,SE | g-fact. > 2 | Intercept (LM),valid,FALSE,FALSE,62.172109688464424,0.627406323238475,0.950791889034555,2.5339927454156295e-132,1.28891289715402,0.983844668310937,0,NA,0,0,FALSE,valid,healthy,NA
Mar_23_224_SRS5_stem,2023-03-12,SRS5,tree,stem,NA,LGR2,rebuild fit (stage 03),12:12:35,12:15:35,2023,3,dry,25.575418515722223,23.5,NA,0,NA,NA,1106.6016666666667,213.35,2012.601666666667,0.0381151138951439,LM,g-fact. > 2 | Intercept,valid,TRUE,FALSE,4.292617323438303,0.0381151138951439,0.0882686012184873,2.88813964388099e-5,0.100409161853369,0.111126356329318,0.603538311328616,HM,NA,valid,FALSE,FALSE,45.93974039185928,0.543141316082866,0.993637173165878,9.691956265820468e-199,0.603538311328616,0.994387648013677,0,NA,0,0,FALSE,valid,healthy,NA
Mar_23_225_SRS5_root,2023-03-12,SRS5,tree,root,NA,LGR2,rebuild fit (stage 03),12:28:00,12:31:00,2023,3,dry,25.861022220333332,23.5,NA,0,NA,NA,254.53666666666663,40.45,1160.5366666666664,0.220382796088455,HM,AICc | Intercept,valid,FALSE,FALSE,1.7144595838188863,0.163132597579912,0.178753155143661,1.8283324069745902e-9,0.220382796088455,0.179945244715308,1.21861508244029,HM,SE,valid,FALSE,FALSE,30.6572966401691,0.97479947450215,0.983329728844294,2.6657659555615692e-161,1.21861508244029,0.986766164150064,0,NA,0,0,FALSE,valid,healthy,NA
Mar_23_226_SRS5_stem,2023-03-12,SRS5,tree,stem,NA,LGR2,rebuild fit (stage 03),12:42:35,12:45:35,2023,3,dry,26.106346296027777,23.5,NA,0,NA,NA,1106.6016666666667,213.35,2012.601666666667,0.144770037591412,HM,AICc | Intercept,valid,FALSE,FALSE,4.533280544900219,0.142657331707339,0.642912994391193,4.222646017026919e-42,0.144770037591412,0.642889259119761,0.541470199389353,HM,NA,valid,FALSE,FALSE,42.62142719660088,0.435786749122717,0.989856215762325,1.30449212621297e-180,0.541470199389353,0.993128719757978,0,NA,0,0,FALSE,valid,healthy,NA
Mar_23_227_SRS5_stem,2023-03-12,SRS5,tree,stem,NA,LGR2,rebuild fit (stage 03),12:53:45,12:56:45,2023,3,dry,26.32015277875,23.5,NA,0,NA,NA,1106.6016666666667,213.35,2012.601666666667,0.0827723412985766,HM,AICc | Intercept,valid,FALSE,FALSE,2.100205134991073,0.0812265484661696,0.275896990625358,1.90989430872837e-14,0.0827723412985766,0.275894789417783,0.742206419251968,HM,NA,valid,FALSE,FALSE,43.40372471368167,0.595860181245852,0.990161117770575,8.494173807606417e-182,0.742206419251968,0.993364693464689,0,NA,0,0,FALSE,valid,healthy,NA
Mar_23_228_SRS5_stem,2023-03-12,SRS5,tree,stem,NA,LGR2,rebuild fit (stage 03),13:07:15,13:10:15,2023,3,dry,26.58730278025,23.5,NA,0,NA,NA,1106.6016666666667,213.35,2012.601666666667,0.0467849454809932,HM,AICc,valid,TRUE,FALSE,1.218743724279192,0.0467523369930748,0.111967461872769,2.46766020586812e-6,0.0467849454809932,0.111928588575424,0.54648539505395,HM,NA,valid,FALSE,FALSE,54.02550314118306,0.495160653056462,0.995274558922801,2.642202344810829e-210,0.54648539505395,0.995948748527956,0,NA,0,0,FALSE,valid,healthy,NA
Mar_23_229_SRS5_root,2023-03-12,SRS5,tree,root,NA,LGR2,rebuild fit (stage 03),13:16:45,13:19:45,2023,3,dry,26.76781111425,23.5,NA,0,NA,NA,254.53666666666663,40.45,1160.5366666666664,1.34360697505442,HM,AICc,valid,FALSE,FALSE,12.327630480043174,1.2375183772096,0.927629823271815,3.198776549799619e-104,1.34360697505442,0.928055525597322,1.31018909463752,HM,SE,valid,FALSE,FALSE,34.1749248063131,1.09550667483065,0.987325140369684,5.94977475358345e-172,1.31018909463752,0.989542565797586,0,NA,0,0,FALSE,valid,healthy,NA
Mar_23_230_SRS5_stem,2023-03-12,SRS5,tree,stem,NA,LGR2,rebuild fit (stage 03),13:28:09,13:31:09,2023,3,dry,26.94463777965,23.6,NA,0,NA,NA,460.99555555555554,107.68,1366.9955555555557,0.0862769231501927,LM,g-fact. > 2 | Intercept (LM),valid,FALSE,FALSE,8.022670110239085,0.0862769231501927,0.26036482766897,1.31161640847091e-13,0.208210534573512,0.273466516776683,0.604629556159027,HM,AICc,valid,FALSE,FALSE,43.620104396700654,0.595287716997141,0.994058565236085,2.1033468996088993e-201,0.604629556159027,0.994051003022155,0,NA,0,0,FALSE,valid,healthy,NA
Mar_23_231_SRS5_stem,2023-03-12,SRS5,tree,stem,NA,LGR2,rebuild fit (stage 03),13:38:57,13:41:57,2023,3,dry,27.11215777845,23.6,NA,0,NA,NA,254.53666666666663,40.45,1160.5366666666664,0.150824894837254,LM,SE | g-fact. > 2 | Intercept (LM),valid,TRUE,FALSE,7.3033531119678,0.150824894837254,0.225269858970658,8.89518925972904e-12,0.349388181466962,0.241854395953654,1.24564865435744,HM,SE,valid,FALSE,FALSE,35.05310888268472,1.18273607445173,0.990466404806502,5.0569064585968886e-183,1.24564865435744,0.990648552966355,0,NA,0,0,FALSE,valid,healthy,NA
Mar_23_232_SRS5_stem,2023-03-12,SRS5,tree,stem,NA,LGR2,rebuild fit (stage 03),13:49:59,13:52:59,2023,3,dry,27.25145907462778,23.6,NA,0,NA,NA,254.53666666666663,40.45,1160.5366666666664,-0.0377813528285634,HM,AICc | p-value | MDF | Intercept,valid,TRUE,FALSE,0.32677618605172515,-0.037824374333525,0.00305847355198041,0.214437075653097,-0.0377813528285634,0.00305650433222171,0.245837930876316,HM,SE | AICc,valid,FALSE,TRUE,6.217272302982037,0.245111273580534,0.773564478543874,7.59637165414359e-60,0.245837930876316,0.773357389529875,0,NA,0,0,FALSE,valid,healthy,NA
Mar_23_233_SRS5_root,2023-03-12,SRS5,tree,root,NA,LGR2,rebuild fit (stage 03),13:58:34,14:01:34,2023,3,dry,27.329758149655554,23.6,NA,0,NA,NA,254.53666666666663,40.45,1160.5366666666664,0.708152303773816,HM,Intercept,valid,FALSE,FALSE,5.508088699194262,0.467868836593202,0.678075236342983,3.84634248651229e-46,0.708152303773816,0.687829493315013,1.43357362845536,HM,SE | Intercept,valid,FALSE,FALSE,17.61381651495501,0.955009788351765,0.944347700354271,1.9558039983386398e-114,1.43357362845536,0.957745376659921,0,NA,0,0,FALSE,valid,healthy,NA
Mar_23_234_SRS5_stem,2023-03-12,SRS5,tree,stem,NA,LGR2,rebuild fit (stage 03),14:35:40,14:38:40,2023,3,dry,27.52582222555555,23.7,NA,2,NA,NA,254.53666666666663,40.45,1160.5366666666664,0.228475800995394,LM,SE | g-fact. > 2 | Intercept,valid,FALSE,FALSE,9.810629043106047,0.228475800995394,0.346045338786841,1.87797115948824e-18,0.53474318762808,0.367153731097288,1.21723885086985,LM,RMSE | SE | AICc | Intercept,valid,FALSE,TRUE,59.770192409342116,1.21723885086985,0.952018882802148,3.3470114497523186e-120,1.22323117461302,0.951831844170846,0,NA,0,0,FALSE,valid,healthy,NA
Mar_23_235_SRS5_stem,2023-03-12,SRS5,tree,stem,NA,LGR2,rebuild fit (stage 03),14:45:40,14:48:40,2023,3,dry,27.543274077333333,23.7,NA,3,NA,NA,254.53666666666663,40.45,1160.5366666666664,0.354479822368376,LM,SE | g-fact. > 2 | Intercept,valid,FALSE,FALSE,14.097762062496866,0.354479822368376,0.523490461204308,7.639893803412579e-31,0.839438649029374,0.559010048748028,2.14680393545412,HM,SE,valid,FALSE,FALSE,48.12878067756198,1.63195818958852,0.989028940182153,1.45535147786955e-177,2.14680393545412,0.994458037914515,0,NA,0,0,FALSE,valid,healthy,NA
Mar_23_236_SRS5_stem,2023-03-12,SRS5,tree,stem,NA,LGR2,rebuild fit (stage 03),14:54:20,14:57:20,2023,3,dry,27.499170372666665,23.7,NA,5,NA,NA,254.53666666666663,40.45,1160.5366666666664,0.0629053941045844,LM,SE | g-fact. > 2 | Intercept,valid,TRUE,FALSE,2.3288677098516435,0.0629053941045844,0.0239862158441566,0.0209828736881085,0.129964196793604,0.0407178647725703,1.16719099921071,HM,SE | AICc,valid,FALSE,TRUE,31.49213364779143,1.15654342571116,0.988784148641673,1.04895896258615e-176,1.16719099921071,0.988687339014126,0,NA,0,0,FALSE,valid,healthy,NA
Mar_23_237_SRS5_root,2023-03-12,SRS5,tree,root,NA,LGR2,rebuild fit (stage 03),15:04:10,15:07:10,2023,3,dry,27.449129630833333,23.7,NA,6,NA,NA,254.53666666666663,40.45,1160.5366666666664,0.334442542238897,LM,SE | g-fact. > 2 | Intercept (HM),valid,FALSE,FALSE,14.219450011328954,0.334442542238897,0.52779794657223,3.37597271899872e-31,0.777506724667175,0.559911102475738,1.44815606539366,HM,SE | Intercept (HM),valid,FALSE,FALSE,28.561998073798843,1.16727877261962,0.981346475356017,6.244326839666989e-157,1.44815606539366,0.984835909089886,0,NA,0,0,FALSE,valid,healthy,NA
Mar_23_238_SRS5_stem,2023-03-12,SRS5,tree,stem,NA,LGR2,rebuild fit (stage 03),15:21:20,15:24:20,2023,3,dry,27.373944444444444,23.5,NA,6,NA,NA,460.99555555555554,107.68,1366.9955555555557,0.063774746836835,LM,g-fact. > 2 | Intercept (LM),valid,TRUE,FALSE,6.5088956166990455,0.063774746836835,0.18686596016237,7.36737750998028e-10,0.188665034647194,0.205131081142979,1.03610152650035,HM,NA,valid,FALSE,FALSE,52.4948611296425,0.837869166978857,0.992420262125441,6.152314731007899e-192,1.03610152650035,0.995470022661196,0,NA,0,0,FALSE,valid,healthy,NA
Mar_23_239_SRS5_stem,2023-03-12,SRS5,tree,stem,NA,LGR2,rebuild fit (stage 03),15:29:50,15:32:50,2023,3,dry,27.347027777777775,23.5,NA,7.5,NA,NA,460.99555555555554,107.68,1366.9955555555557,0.11784402499416,LM,g-fact. > 2 | Intercept (LM),valid,FALSE,FALSE,11.539721485964431,0.11784402499416,0.423382158301911,2.18612799569378e-23,0.303517614425476,0.455121268072151,0.883252931695444,HM,NA,valid,FALSE,FALSE,48.92222746760111,0.663048883394163,0.98874850666412,1.39344629975474e-176,0.883252931695444,0.994605815740494,0,NA,0,0,FALSE,valid,healthy,NA
Mar_23_240_SRS5_stem,2023-03-12,SRS5,tree,stem,NA,LGR2,rebuild fit (stage 03),15:37:30,15:41:00,2023,3,dry,27.32275,23.5,NA,8,NA,NA,460.99555555555554,107.68,1366.9955555555557,0.115103961840994,HM,AICc | Intercept,valid,FALSE,FALSE,3.725216954879314,0.114300017552285,0.511119928149754,1.54591115655091e-34,0.115103961840994,0.51104030474642,0.810413175666834,HM,NA,valid,FALSE,FALSE,50.94037902604125,0.699669285396472,0.993070097119903,7.624187224258639e-228,0.810413175666834,0.994568821429486,0,NA,0,0,FALSE,valid,healthy,NA
Mar_23_241_SRS5_root,2023-03-12,SRS5,tree,root,NA,LGR2,rebuild fit (stage 03),15:50:45,15:53:45,2023,3,dry,27.30008611175,23.5,NA,9,NA,NA,254.53666666666663,40.45,1160.5366666666664,0.0672118931844949,HM,AICc | Intercept,valid,TRUE,FALSE,0.8273881714365735,0.0670807842354285,0.0522423858437892,0.00114794639131436,0.0672118931844949,0.0522257262983673,1.12477024727952,HM,AICc,valid,FALSE,FALSE,34.350108296485985,1.1114216167814,0.99053032547337,2.76938306143534e-183,1.12477024727952,0.990460321467876,0,NA,0,0,FALSE,valid,healthy,NA
Mar_23_242_SRS5_root,2023-03-12,SRS5,tree,root,NA,LGR2,rebuild fit (stage 03),16:03:30,16:06:30,2023,3,dry,27.3024944465,23.5,NA,10,NA,NA,254.53666666666663,40.45,1160.5366666666664,0.454264597163659,HM,AICc | Intercept,valid,FALSE,FALSE,4.785633482388426,0.387374737868282,0.650129798596512,6.754872801747229e-43,0.454264597163659,0.651246862625963,1.87315830499182,HM,NA,valid,FALSE,FALSE,56.60746244160444,1.8088920254671501,0.996339990541806,3.0960265085288987e-220,1.87315830499182,0.996422682457702,0,NA,0,0,FALSE,valid,healthy,NA
44997_SRS5_Soil_99,2023-03-12,SRS5,surface,soil,soil,LGR3,rebuild fit (stage 03),11:20:00,11:27:00,2023,3,dry,24.173611111666663,23.9,NA,0,1016,65.5,12300,433.7,13206,-0.066415229786133,HM,AICc | Intercept,valid,TRUE,TRUE,2.8012167438287587,-0.0665340108668902,0.0275629814906154,0.0028200935705977,-0.066415229786133,0.0275495430579299,0.460988542402835,HM,SE | AICc,valid,FALSE,TRUE,17.51219294663534,0.458626690482197,0.945052961231133,3.486277570998579e-181,0.460988542402835,0.944860125628287,0,NA,0,0,FALSE,valid,healthy,"windy, 7 mph gusts"
44997_SRS5_Soil_100,2023-03-12,SRS5,surface,soil,soil,LGR3,rebuild fit (stage 03),11:30:00,11:32:00,2023,3,dry,24.428833335,23,NA,0,1016.1,68.2,12300,433.7,13206,0.0744144210866064,HM,SE | AICc | p-value | MDF | Intercept,valid,TRUE,FALSE,0.3217300771380441,0.0744062775447955,0.00404978111847654,0.207649919790253,0.0744144210866064,0.00404760175105112,2.00801800535797,HM,SE | Intercept (LM),valid,FALSE,FALSE,20.566769221246854,1.25384804643058,0.957966371630618,2.7837813485780396e-103,2.00801800535797,0.973313747318605,0,NA,0,0,FALSE,valid,healthy,"windy, 7 mph gusts"
44997_SRS5_Soil_101,2023-03-12,SRS5,surface,soil,soil,LGR3,rebuild fit (stage 03),11:36:01,11:38:00,2023,3,dry,24.582392039372223,23.5,NA,0,NA,NA,12300,433.7,13206,0.138154536155454,LM,SE | g-fact. > 2 | Intercept,valid,TRUE,FALSE,5.823037547810881,0.138154536155454,0.114698071854164,1.74630569553759e-8,0.55621477306856,0.153432584742976,0.721217646722857,HM,SE | AICc,valid,FALSE,FALSE,21.864239573066175,0.714474297070399,0.967720891588295,7.393411968003219e-191,0.721217646722857,0.967627606372978,0,NA,0,0,FALSE,valid,healthy,"windy, 7 mph gusts"
44997_SRS5_Soil_102,2023-03-12,SRS5,surface,soil,soil,LGR3,rebuild fit (stage 03),11:52:00,11:54:00,2023,3,dry,25.00548889066667,23.7,NA,0,NA,NA,12300,433.7,13206,0.0254089041731338,HM,AICc | p-value | MDF | Intercept,valid,TRUE,TRUE,0.2766139239073281,0.0254440893044406,-0.00172001465829608,0.436805611933662,0.0254089041731338,-0.0017208950790748,0.712105799567324,HM,SE | AICc,valid,FALSE,TRUE,15.559277828173776,0.709780226401864,0.944179631470288,4.4925956125062185e-145,0.712105799567324,0.943960030063114,0,NA,0,0,FALSE,valid,healthy,"windy, 7 mph gusts"
44997_SRS5_Soil_103,2023-03-12,SRS5,surface,soil,soil,LGR3,rebuild fit (stage 03),12:02:00,12:05:00,2023,3,dry,25.282377777333338,23.5,NA,0,1016.2,68.6,12300,433.7,13206,0.192404122454144,HM,AICc | Intercept,valid,TRUE,TRUE,2.21058483676487,0.19213080418142,0.221493894836363,1.28424594125106e-16,0.192404122454144,0.221425820674767,0.662524881134822,HM,SE | AICc,valid,FALSE,FALSE,22.359942384594135,0.654247690616516,0.967045948976485,2.47738912934814e-202,0.662524881134822,0.966955953389009,0,NA,0,0,FALSE,valid,healthy,"windy, 7 mph gusts"
44997_SRS5_Soil_104,2023-03-12,SRS5,surface,soil,soil,LGR3,rebuild fit (stage 03),12:11:00,12:13:00,2023,3,dry,25.531577775333332,23.5,NA,0,1015.8,73.3,12300,433.7,13206,0.0169156242152002,HM,SE | AICc | p-value | MDF | Intercept,valid,TRUE,FALSE,0.06061526486424763,0.0169466908234374,-0.00685993402548224,0.8183215153221,0.0169156242152002,-0.0068602915199194,0.939298645923279,HM,SE | AICc,valid,FALSE,FALSE,10.850837300027056,0.86851719070118,0.927889260883164,6.80358023813754e-81,0.939298645923279,0.92830083999811,0,NA,0,0,FALSE,valid,healthy,"windy, 7 mph gusts"
44997_SRS5_Soil_105,2023-03-12,SRS5,surface,soil,soil,LGR3,rebuild fit (stage 03),12:19:00,12:21:00,2023,3,dry,25.709622219333333,23.5,NA,0,1016,70.4,12300,433.7,13206,1.61991418462969,HM,SE | Intercept (HM),valid,FALSE,FALSE,6.4311960968993995,1.1387188998252,0.693284088880017,1.85827137593472e-62,1.61991418462969,0.702375564619259,1.04781835632033,LM,MAE | SE | AICc,valid,FALSE,TRUE,100.74760698402348,1.04781835632033,0.977275093045901,2.47276997305647e-195,1.05372621022584,0.97708625220365,0,NA,0,0,FALSE,valid,healthy,"windy, 7 mph gusts"
44997_SRS5_Soil_106,2023-03-12,SRS5,surface,soil,soil,LGR3,rebuild fit (stage 03),12:26:30,12:28:30,2023,3,dry,25.83578888683333,23.6,NA,0,1016,75.2,12300,433.7,13206,0.190557864686252,HM,AICc | Intercept,valid,TRUE,TRUE,1.4249730705325985,0.190584814843401,0.11330975156692,3.30378241118998e-8,0.190557864686252,0.113269015050154,0.877799238699343,HM,SE,valid,FALSE,FALSE,18.73041626580871,0.709022219783356,0.950144117005171,2.0864620413196892e-162,0.877799238699343,0.953279872657233,0,NA,0,0,FALSE,valid,healthy,"windy, 7 mph gusts"
44997_SRS5_Soil_107,2023-03-12,SRS5,surface,soil,soil,LGR3,rebuild fit (stage 03),12:36:00,12:38:00,2023,3,dry,25.995599999,23.5,NA,0,1017.3,74.9,12300,433.7,13206,0.0488441221507968,HM,SE | AICc | p-value | MDF,valid,TRUE,FALSE,0.19282851535818157,0.0487667926401669,-0.00263434191098888,0.445558671254997,0.0488441221507968,-0.0026351205973969,1.14905816351388,HM,SE | Intercept,valid,FALSE,FALSE,12.966342878140958,0.978200666513679,0.938236981593665,4.70547143414316e-97,1.14905816351388,0.939888188523748,0,NA,0,0,FALSE,valid,healthy,"windy, 7 mph gusts"
44997_SRS5_Soil_108,2023-03-12,SRS5,surface,soil,soil,LGR3,rebuild fit (stage 03),12:46:00,12:48:00,2023,3,dry,26.166788889,23.5,NA,1,1015.3,69.8,12300,433.7,13206,-0.10648208522285,LM,SE | g-fact. > 2 | Intercept,valid,TRUE,FALSE,2.5036803734468003,-0.10648208522285,0.0252962785049146,0.0130826429570338,-0.312055524201026,0.0431106674186382,0.996885005022841,HM,SE | AICc,valid,FALSE,FALSE,23.061188283462993,0.980407655901731,0.976418540844566,1.4684478116694694e-166,0.996885005022841,0.976415996129696,0,NA,0,0,FALSE,valid,healthy,"windy, 7 mph gusts"
44997_SRS5_Soil_109,2023-03-12,SRS5,surface,soil,soil,LGR3,rebuild fit (stage 03),12:54:00,12:56:00,2023,3,dry,26.325100001,23.4,NA,1,1016.4,92.6,12300,433.7,13206,0.772052654773645,HM,Intercept,valid,FALSE,FALSE,6.114501723813326,0.514215696589438,0.651645379477748,4.37117489264856e-60,0.772052654773645,0.659204380921802,0.895863046334367,HM,SE,valid,FALSE,FALSE,27.36010469031052,0.816445498610155,0.977623615240141,5.45145241332542e-211,0.895863046334367,0.978202194230262,0,NA,0,0,FALSE,valid,healthy,"windy, 7 mph gusts"
44997_SRS5_Soil_110,2023-03-12,SRS5,surface,soil,soil,LGR3,rebuild fit (stage 03),13:03:30,13:05:30,2023,3,dry,26.5130944465,23.3,NA,0.5,NA,NA,12300,433.7,13206,1.41158096844829,HM,SE | AICc,valid,FALSE,FALSE,4.750646720801046,1.20186507122786,0.698228904710835,1.00810187459654e-38,1.41158096844829,0.699502308921564,5.07148028447008,HM,SE | Intercept (LM),valid,FALSE,FALSE,39.92660076051199,2.76475438133796,0.965357213539128,4.57484323623939e-105,5.07148028447008,0.992674641995268,0,NA,0,0,FALSE,valid,healthy,"windy, 7 mph gusts"
44997_SRS5_Soil_111,2023-03-12,SRS5,surface,soil,soil,LGR3,rebuild fit (stage 03),13:09:00,13:11:00,2023,3,dry,26.621933336,24.8,NA,1,1014.8,71.8,12300,433.7,13206,0.405877211976527,HM,SE | AICc | Intercept,valid,FALSE,FALSE,1.533074074170328,0.224717656337438,0.124542704198421,3.29637113931322e-7,0.405877211976527,0.126658609395251,0.892369653354641,HM,SE | AICc | Intercept,valid,FALSE,FALSE,19.12164979722013,0.883703347838707,0.968379718415942,6.31230114966162e-144,0.892369653354641,0.968275540554147,0,NA,0,0,FALSE,valid,healthy,"windy, 7 mph gusts"
44997_SRS5_Soil_112,2023-03-12,SRS5,surface,soil,soil,LGR3,rebuild fit (stage 03),13:15:30,13:17:30,2023,3,dry,26.7484222255,23.5,NA,0,1015.1,72.3,12300,433.7,13206,0.0988159902198696,HM,AICc | Intercept,valid,TRUE,FALSE,0.7658274540945421,0.0985915487923502,0.0380882105915524,0.00256741769160523,0.0988159902198696,0.0380772261973764,1.20434471575002,HM,SE,valid,FALSE,FALSE,16.313326847060477,0.923070946714454,0.942250908296317,1.3149673196747396e-131,1.20434471575002,0.946648426229245,0,NA,0,0,FALSE,valid,healthy,"windy, 7 mph gusts"
44997_SRS5_Soil_113,2023-03-12,SRS5,surface,soil,soil,LGR3,rebuild fit (stage 03),13:25:30,13:27:30,2023,3,dry,26.9035333355,23.1,NA,2,1015.9,70.6,12300,433.7,13206,0.265064057625114,HM,AICc | Intercept,valid,FALSE,TRUE,2.724926995143286,0.264681515985674,0.328911129647742,1.07614566485098e-22,0.265064057625114,0.328815295390425,0.82286635858804,HM,SE | AICc | Intercept,valid,FALSE,FALSE,8.275000043841697,0.731919682969133,0.810101501068066,2.10869953760255e-88,0.82286635858804,0.810906798478526,0,NA,0,0,FALSE,valid,healthy,"windy, 7 mph gusts"
44997_SRS5_Soil_114,2023-03-12,SRS5,surface,soil,soil,LGR3,rebuild fit (stage 03),13:41:00,13:43:00,2023,3,dry,27.143955556,23.4,NA,0,1015,69.3,12300,433.7,13206,0.18276126682024,HM,SE | AICc | Intercept,valid,TRUE,FALSE,1.0653961934900171,0.182555423593512,0.0846850115544988,3.46526560138845e-5,0.18276126682024,0.0846566606360302,0.965562633067466,HM,SE,valid,FALSE,FALSE,16.366971153251225,0.876616473953885,0.956090877549114,2.27464972817729e-126,0.965562633067466,0.956692408594149,0,NA,0,0,FALSE,valid,healthy,"windy, 7 mph gusts"
44997_SRS5_Water_115,2023-03-12,SRS5,surface,water,water,LGR3,rebuild fit (stage 03),13:53:30,14:03:30,2023,3,dry,27.283538889833338,NA,25.9,NA,NA,NA,3370,324.3,4276,0.8446349662134262,HM,Intercept (LM),valid,FALSE,FALSE,44.06406559517144,0.429792604177752,0.952799551261023,0,0.70956483219818,0.968882507874987,1.3196193308915094,HM,Intercept (LM),valid,FALSE,FALSE,153.16992919716566,0.784641297571868,0.986797579916524,0,1.17010608315205,0.997720495160446,0,0.8446349662134262,0,0,TRUE,valid,healthy,NA
44997_SRS5_Water_116,2023-03-12,SRS5,surface,water,water,LGR3,rebuild fit (stage 03),14:13:00,14:18:00,2023,3,dry,27.461422225333333,NA,25.9,NA,NA,NA,3370,324.3,4276,1.240473078898132,HM,NA,valid,FALSE,FALSE,26.296318223466525,0.96086852599064,0.965197460568307,1.11154000844113e-224,1.2403097486904,0.969565685920458,1.8499635379430732,HM,NA,valid,FALSE,FALSE,138.89707853139268,1.52549095635143,0.996331099450791,0,1.84964267432944,0.998908600144575,0,1.240473078898132,0,0,TRUE,valid,healthy,NA
44997_SRS5_Water_117,2023-03-12,SRS5,surface,water,water,LGR3,rebuild fit (stage 03),14:24:00,14:29:00,2023,3,dry,27.49976667,NA,25.9,10,NA,NA,3370,324.3,4276,0.2984847997709009,HM,AICc,valid,FALSE,FALSE,11.066856107857328,0.265453583327577,0.819195954338519,2.40214664286236e-152,0.298484799770901,0.819964351932353,0.9292456637178108,HM,NA,valid,FALSE,FALSE,110.48501294465136,0.893974923837943,0.997784504142935,0,0.929245663717811,0.997886015244339,0,0.2984847997709009,0,0,TRUE,valid,healthy,NA
44997_SRS5_Water_118,2023-03-12,SRS5,surface,water,water,LGR3,rebuild fit (stage 03),14:34:00,14:39:00,2023,3,dry,27.522100003333335,NA,25.7,12,NA,NA,3370,324.3,4276,0.23867442783014012,HM,Intercept,valid,FALSE,FALSE,10.877398489629654,0.202668076183126,0.784747281233075,4.38506776356185e-160,0.23867442783014,0.786205490739161,1.0651002706953812,HM,NA,valid,FALSE,FALSE,168.30109750115864,0.981818421300523,0.998457964272558,0,1.06510027069538,0.998910143765723,0,0.23867442783014012,0,0,TRUE,valid,healthy,NA
44997_SRS5_Water_119,2023-03-12,SRS5,surface,water,water,LGR3,rebuild fit (stage 03),14:48:00,14:53:00,2023,3,dry,27.531400003,NA,25.5,6,NA,NA,3370,324.3,4276,0.2186407917216047,HM,AICc,valid,FALSE,FALSE,16.35568935923728,0.212572790755669,0.878933456309361,5.6211516345524605e-261,0.214497113957943,0.878811002780373,1.0597582695888492,HM,NA,valid,FALSE,FALSE,220.1067698892571,1.00624883214045,0.999181353130903,0,1.03051108625403,0.999219364460172,0,0.2186407917216047,0,0,TRUE,valid,healthy,NA
Mar_23_209_SRS5_stem,2023-03-12,SRS5,tree,stem,NA,LGR3,rebuild fit (stage 03),15:13:00,15:18:00,2023,3,dry,27.404177778,23.7,NA,1.5,NA,NA,2232.644,462.19,3138.644,0.0920055676706396,HM,AICc | Intercept,valid,FALSE,FALSE,1.6966901702525976,0.0620539777477565,0.168301187973719,5.829004702412811e-9,0.0920055676706396,0.170771335614342,2.65919086532856,HM,NA,valid,FALSE,FALSE,131.7985244007818,2.2806389911454,0.997681026592217,5.660191614940429e-238,2.65919086532856,0.999298564782376,0,NA,0,0,FALSE,valid,healthy,NA
Mar_23_210_SRS5_stem,2023-03-12,SRS5,tree,stem,NA,LGR3,rebuild fit (stage 03),15:21:00,15:26:00,2023,3,dry,27.375,23.7,NA,1.5,NA,NA,2232.644,462.19,3138.644,0.0476755941605822,HM,AICc | Intercept,valid,TRUE,FALSE,1.9492453999964208,0.0474509139756925,0.185788085925405,1.69122083045e-13,0.0476755941605822,0.185750574585662,2.69259917519175,LM,RMSE | MAE | AICc,valid,FALSE,TRUE,827.7893876004188,2.69259917519175,0.999619253373012,0,2.73107957766353,0.999541413191912,0,NA,0,0,FALSE,valid,healthy,NA
Mar_23_211_SRS5_stem,2023-03-12,SRS5,tree,stem,NA,LGR3,rebuild fit (stage 03),15:28:00,15:32:00,2023,3,dry,27.352833333333333,23.7,NA,1.5,NA,NA,2232.644,462.19,3138.644,0.0291967544626122,HM,AICc | Intercept,valid,TRUE,FALSE,1.2889393255358177,0.0291579097449,0.087091037838245,4.95842220377786e-7,0.0291967544626122,0.0870653792742097,2.33423463137406,HM,NA,valid,FALSE,FALSE,238.15373664721795,2.28850658311684,0.99967920558854,0,2.33423463137406,0.999701118668962,0,NA,0,0,FALSE,valid,healthy,NA
Mar_23_212_SRS5_stem,2023-03-12,SRS5,tree,stem,NA,LGR3,rebuild fit (stage 03),15:38:21,15:43:21,2023,3,dry,27.320058333333332,23.6,NA,5,NA,NA,2232.644,462.19,3138.644,0.0366199351009083,HM,AICc,valid,TRUE,FALSE,1.532931215758434,0.0364356774823823,0.126362284882542,3.58528326010023e-9,0.0366199351009083,0.126337885811323,0.878412477872554,LM,RMSE | MAE | AICc,valid,FALSE,TRUE,416.45201463016355,0.878412477872554,0.998549082894836,0,0.889244095261347,0.998486557973074,0,NA,0,0,FALSE,valid,healthy,NA
Mar_23_213_SRS5_stem,2023-03-12,SRS5,tree,stem,NA,LGR3,rebuild fit (stage 03),15:45:08,15:48:08,2023,3,dry,27.2990251852,23.6,NA,5,NA,NA,2232.644,462.19,3138.644,0.0299041847505038,LM,AICc | g-fact. > 2 | Intercept,valid,TRUE,FALSE,2.944214699165761,0.0299041847505038,0.0436527159189256,0.00369940805045979,0.0671322600065846,0.0470546085917144,1.92119548096198,LM,RMSE | MAE | AICc,valid,FALSE,TRUE,486.8243836095868,1.92119548096198,0.999291632569367,3.71684967147066e-265,1.94484115008871,0.999229488120702,0,NA,0,0,FALSE,valid,healthy,NA
Mar_23_214_SRS5_stem,2023-03-12,SRS5,tree,stem,NA,LGR3,rebuild fit (stage 03),15:49:00,15:54:00,2023,3,dry,27.299755556,23.6,NA,5,NA,NA,2232.644,462.19,3138.644,0.0229516894317234,HM,AICc | p-value,valid,TRUE,FALSE,0.4814546876683906,0.0229300436112091,0.016453328916666,0.0564087202324275,0.0229516894317234,0.01644561355579,4.49124092180329,LM,RMSE | MAE | AICc,valid,FALSE,TRUE,634.7846203157492,4.49124092180329,0.999600606920182,4.952882392325208e-274,4.53998638347222,0.999519521076611,0,NA,0,0,FALSE,valid,healthy,NA
Mar_23_215_SRS5_stem,2023-03-12,SRS5,tree,stem,NA,LGR3,rebuild fit (stage 03),16:03:00,16:06:00,2023,3,dry,27.302400002,23.5,NA,8,NA,NA,460.99555555555554,107.68,1366.9955555555557,0.0951497554111367,HM,AICc | Intercept,valid,TRUE,FALSE,1.0599514787981708,0.0942988454461416,0.0956389600181756,4.09423212335065e-5,0.0951497554111367,0.095631568597147,2.00247132673613,HM,NA,valid,FALSE,FALSE,66.22193857252049,1.80329425738214,0.996842308424465,1.0872821612858598e-199,2.00247132673613,0.997605631003944,0,NA,0,0,FALSE,valid,healthy,NA
Mar_23_216_SRS5_stem,2023-03-12,SRS5,tree,stem,NA,LGR3,rebuild fit (stage 03),16:08:17,16:11:17,2023,3,dry,27.30339796555,23.5,NA,8,NA,NA,460.99555555555554,107.68,1366.9955555555557,0.0941108824238783,HM,AICc | Intercept,valid,TRUE,FALSE,0.8467072982647651,0.0940461370034191,0.0712003139300224,9.4750381311968e-4,0.0941108824238783,0.0711762810962556,2.12844784699826,HM,SE,valid,FALSE,FALSE,42.09952240957518,1.7113669422373,0.991506132032203,6.85575530183893e-142,2.12844784699826,0.994658547596929,0,NA,0,0,FALSE,valid,healthy,NA
Mar_23_217_SRS5_root,2023-03-12,SRS5,tree,root,NA,LGR3,rebuild fit (stage 03),16:16:00,16:19:00,2023,3,dry,27.302155558666666,23.5,NA,8,NA,NA,460.99555555555554,107.68,1366.9955555555557,0.0980824653553216,HM,AICc | Intercept,valid,TRUE,FALSE,1.014794104490702,0.0980042485892428,0.0946031870587218,8.45461153347128e-5,0.0980824653553216,0.0945718414116875,2.12708569584517,HM,SE,valid,FALSE,FALSE,54.98783962681423,1.74789139609661,0.99389695443337,8.888287394470846e-164,2.12708569584517,0.996645935255867,0,NA,0,0,FALSE,valid,healthy,NA
Mar_23_189_SRS5_stem,2023-03-13,SRS5,tree,stem,NA,LGR2,rebuild fit (stage 03),10:39:19,10:42:19,2023,3,dry,25.9367796317,24,NA,0,NA,NA,460.99555555555554,107.68,1366.9955555555557,0.0443536615306374,HM,AICc | Intercept,valid,TRUE,FALSE,0.6451973734807158,0.0271542260389555,0.0229304367528974,0.0234450185942408,0.0443536615306374,0.0231531802577397,0.41192139271845,HM,AICc,valid,FALSE,TRUE,23.140597110854085,0.408522129349835,0.97939206466324,4.6654809848181685e-153,0.41192139271845,0.979258895423624,0,NA,0,0,FALSE,valid,healthy,NA
Mar_23_190_SRS5_stem,2023-03-13,SRS5,tree,stem,NA,LGR2,rebuild fit (stage 03),10:44:34,10:47:34,2023,3,dry,25.982862966200003,24,NA,0,NA,NA,460.99555555555554,107.68,1366.9955555555557,0.331850036198402,HM,Intercept,valid,FALSE,FALSE,5.097932380060655,0.223343696444416,0.648699153152148,9.743145024092259e-43,0.331850036198402,0.655169422116944,0.902404391828097,HM,NA,valid,FALSE,FALSE,39.88147286309139,0.827340268213126,0.992133130825113,1.7152331141816e-190,0.902404391828097,0.992633079188152,0,NA,0,0,FALSE,valid,healthy,NA
Mar_23_191_SRS5_stem,2023-03-13,SRS5,tree,stem,NA,LGR2,rebuild fit (stage 03),10:57:52,10:59:52,2023,3,dry,26.074302964866668,24,NA,0,NA,NA,460.99555555555554,107.68,1366.9955555555557,-0.131192155151126,LM,SE | g-fact. > 2 | Intercept,valid,FALSE,TRUE,4.893913295758567,-0.131192155151126,0.161678925283436,3.16342334385883e-6,-0.486890126920663,0.226562079764069,-2.12585309566025,LM,RMSE | MAE | SE | AICc | Intercept,valid,FALSE,TRUE,3.615676749885712,-2.12585309566025,0.092109791512292,4.4184288084069e-4,-2.10143187296077,0.0873193246878141,0,NA,0,0,FALSE,valid,healthy,NA
Mar_23_192_SRS5_root,2023-03-13,SRS5,tree,root,NA,LGR2,rebuild fit (stage 03),11:02:07,11:05:47,2023,3,dry,26.103250186616663,24,NA,0,NA,NA,254.53666666666663,40.45,1160.5366666666664,0.76225363702065,HM,Intercept,valid,FALSE,TRUE,6.560460104294429,0.498185627028583,0.707269622095843,1.46820789947142e-60,0.76225363702065,0.71833661950813,-0.01780761517636,HM,AICc | p-value | MDF | Intercept,valid,TRUE,TRUE,0.7152690384856359,-0.0178234096062136,0.0124327812848202,0.0534735101549614,-0.01780761517636,0.0124285957697267,0,NA,0,0,FALSE,valid,healthy,NA
Mar_23_193_SRS5_stem,2023-03-13,SRS5,tree,stem,NA,LGR2,rebuild fit (stage 03),11:16:13,11:19:13,2023,3,dry,26.19152722222222,24.1,NA,0,NA,NA,460.99555555555554,107.68,1366.9955555555557,0.194389338907961,HM,AICc | Intercept (HM),valid,FALSE,FALSE,3.0338184259295606,0.168472016448785,0.428818982784218,9.30631798442826e-24,0.194389338907961,0.429607554637837,0.999188450397709,HM,AICc,valid,FALSE,TRUE,46.024398731429294,0.979473449805194,0.99461376124286,3.2327984226023293e-205,0.999188450397709,0.994639021456437,0,NA,0,0,FALSE,valid,healthy,NA
Mar_23_194_SRS5_stem,2023-03-13,SRS5,tree,stem,NA,LGR2,rebuild fit (stage 03),11:23:37,11:26:37,2023,3,dry,26.194733888888887,24.1,NA,0,NA,NA,460.99555555555554,107.68,1366.9955555555557,0.097745503576911,LM,g-fact. > 2 | Intercept,valid,FALSE,FALSE,8.706292384331709,0.097745503576911,0.293562262547401,2.0335226656704804e-15,0.218309081473816,0.310725144727144,1.13618580710739,HM,NA,valid,FALSE,FALSE,73.07654260815077,1.03708211645553,0.997221288757593,6.066583870007849e-231,1.13618580710739,0.997790285522703,0,NA,0,0,FALSE,valid,healthy,NA
Mar_23_195_SRS5_stem,2023-03-13,SRS5,tree,stem,NA,LGR2,rebuild fit (stage 03),11:29:44,11:32:44,2023,3,dry,26.197384444444445,24.1,NA,0,NA,NA,460.99555555555554,107.68,1366.9955555555557,0.0857035024816621,HM,AICc | Intercept,valid,TRUE,FALSE,1.8584628385508593,0.085600176166397,0.230895508129736,4.5801421680086e-12,0.0857035024816621,0.230821263059704,0.927076540611352,HM,NA,valid,FALSE,FALSE,55.146274219084944,0.838751888318832,0.995419166068686,1.6363701147258296e-211,0.927076540611352,0.996108190552057,0,NA,0,0,FALSE,valid,healthy,NA
Mar_23_196_SRS5_root,2023-03-13,SRS5,tree,root,NA,LGR2,rebuild fit (stage 03),11:36:00,11:39:00,2023,3,dry,26.2001,24.1,NA,0,NA,NA,460.99555555555554,107.68,1366.9955555555557,0.415147403187007,HM,AICc,valid,FALSE,FALSE,9.194006688002837,0.411680001706716,0.881746983803715,3.99857687368563e-85,0.415147403187007,0.88162908246785,0.564013717326684,LM,RMSE | MAE | SE | AICc | Intercept,valid,FALSE,TRUE,39.739173694121746,0.564013717326684,0.897622663695008,9.877577728098476e-91,0.564663490334092,0.897364339896048,0,NA,0,0,FALSE,valid,healthy,NA
Mar_23_197_SRS5_root,2023-03-13,SRS5,tree,root,NA,LGR2,rebuild fit (stage 03),11:45:05,11:49:05,2023,3,dry,26.204383333333332,24.1,NA,0,NA,NA,254.53666666666663,40.45,1160.5366666666664,0.666010219987367,HM,AICc,valid,FALSE,FALSE,10.032132124378624,0.648661621192286,0.868275428373722,2.118541471522839e-107,0.666010219987367,0.868317737821639,0.181712196060363,LM,SE | g-fact. > 2 | Intercept,valid,FALSE,TRUE,23.31076472046744,0.181712196060363,0.693248301192966,1.75793522783785e-63,0.600639830456909,0.765499977545913,0,NA,0,0,FALSE,valid,healthy,NA
Mar_23_203_SRS5_stem,2023-03-13,SRS5,tree,stem,NA,LGR2,rebuild fit (stage 03),12:03:01,12:06:01,2023,3,dry,26.286876666666664,24.1,NA,0,NA,NA,460.99555555555554,107.68,1366.9955555555557,0.181619604204006,HM,AICc | Intercept,valid,FALSE,FALSE,2.2178777979313646,0.0985176413543555,0.23803426957962,1.95988179385874e-12,0.181619604204006,0.24494638612039701,1.1922679503984699,HM,NA,valid,FALSE,FALSE,70.87426740241048,1.10472008300365,0.997269761979184,1.25572218658234e-231,1.1922679503984699,0.997668257568328,0,NA,0,0,FALSE,valid,healthy,NA
Mar_23_204_SRS5_stem,2023-03-13,SRS5,tree,stem,NA,LGR2,rebuild fit (stage 03),12:11:28,12:14:28,2023,3,dry,26.325746666666667,24.1,NA,0,NA,NA,460.99555555555554,107.68,1366.9955555555557,0.106548041857304,HM,AICc,valid,FALSE,FALSE,2.124143372193337,0.106281416273724,0.282615011755603,8.19922602331085e-15,0.106548041857304,0.282541296018051,1.29032689838846,HM,AICc,valid,FALSE,FALSE,74.4553757894088,1.27031142248839,0.99795936696403,6.064011481970758e-243,1.29032689838846,0.997949965139656,0,NA,0,0,FALSE,valid,healthy,NA
Mar_23_205_SRS5_stem,2023-03-13,SRS5,tree,stem,NA,LGR2,rebuild fit (stage 03),12:18:21,12:21:21,2023,3,dry,26.393329444816665,24.1,NA,0,NA,NA,460.99555555555554,107.68,1366.9955555555557,0.0815214683513397,HM,AICc | Intercept,valid,TRUE,FALSE,1.417154445729597,0.0814420597257441,0.147015116385246,5.95014241475406e-8,0.0815214683513397,0.146966830317064,1.49369952913235,HM,NA,valid,FALSE,FALSE,86.71017762413109,1.40210410958405,0.998174569073331,2.8246061976337303e-247,1.49369952913235,0.998450194768211,0,NA,0,0,FALSE,valid,healthy,NA
Mar_23_206_SRS5_stem,2023-03-13,SRS5,tree,stem,NA,LGR2,rebuild fit (stage 03),12:26:48,12:29:48,2023,3,dry,26.522802223533333,24.1,NA,0,NA,NA,460.99555555555554,107.68,1366.9955555555557,0.0346026284510156,HM,AICc | Intercept,valid,TRUE,FALSE,0.7340023424590595,0.0343221750597075,0.0402048319677507,0.00392245065821967,0.0346026284510156,0.0402003924596344,0.426370800154574,HM,AICc,valid,FALSE,FALSE,20.53856888162576,0.422574121652657,0.973903092084952,7.058789185555278e-144,0.426370800154574,0.973805385893426,0,NA,0,0,FALSE,valid,healthy,NA
Mar_23_207_SRS5_CWD,2023-03-13,SRS5,tree,cwd,NA,LGR2,rebuild fit (stage 03),12:32:04,12:35:04,2023,3,dry,26.603499261155555,24.1,NA,0,NA,NA,254.53666666666663,40.45,1160.5366666666664,0.29594810623492,HM,SE | AICc | Intercept,valid,FALSE,FALSE,1.850117978764045,0.294055242736274,0.228843926144152,5.83760291326394e-12,0.29594810623492,0.228798071697123,2.20794348170305,LM,RMSE | MAE | SE | AICc,valid,FALSE,FALSE,188.14127699431188,2.20794348170305,0.994940429115608,1.1956994670379699e-207,2.23419131859685,0.994870698413376,0,NA,0,0,FALSE,valid,healthy,NA
Mar_23_199_SRS5_CWD,2023-03-13,SRS5,tree,cwd,NA,LGR2,rebuild fit (stage 03),12:43:30,12:46:30,2023,3,dry,26.7786833365,11,NA,0,NA,NA,254.53666666666663,40.45,1160.5366666666664,0.241420177284533,HM,AICc | Intercept,valid,FALSE,FALSE,1.6677918092729451,0.240528085033053,0.1938367157988,3.35220467944738e-10,0.241420177284533,0.193793905730157,2.44285094053239,HM,SE,valid,FALSE,FALSE,68.70005798717538,2.38678272261538,0.997551218766388,7.41159358052379e-236,2.44285094053239,0.997583746298932,0,NA,0,0,FALSE,valid,healthy,NA
Mar_23_200_SRS5_CWD,2023-03-13,SRS5,tree,cwd,NA,LGR2,rebuild fit (stage 03),12:49:04,12:52:04,2023,3,dry,26.83898963251111,NA,NA,0,NA,NA,460.99555555555554,107.68,1366.9955555555557,0.0668369917925149,HM,AICc | Intercept,valid,TRUE,TRUE,1.0302904907465027,0.066810186413204,0.08155073428211,5.76116812562797e-5,0.0668369917925149,0.0815219550158693,0.683192613022014,HM,NA,valid,FALSE,FALSE,36.99436458939723,0.594598185968233,0.989906077567921,8.392611643678438e-181,0.683192613022014,0.991230497783741,0,NA,0,0,FALSE,valid,healthy,NA
Mar_23_201_SRS5_CWD,2023-03-13,SRS5,tree,cwd,NA,LGR2,rebuild fit (stage 03),12:53:50,12:56:50,2023,3,dry,26.88273703938889,24.2,NA,0,NA,NA,254.53666666666663,40.45,1160.5366666666664,0.305805242136395,HM,AICc | Intercept,valid,FALSE,FALSE,2.4011337280692624,0.303872898092561,0.334936845619687,8.61313515172619e-18,0.305805242136395,0.334879762090401,2.3403219993295,HM,SE | AICc,valid,FALSE,FALSE,56.93863205707545,2.3092166848757,0.996559028056171,1.2361222343134395e-222,2.3403219993295,0.996504616555179,0,NA,0,0,FALSE,valid,healthy,NA
Mar_23_202_SRS5_CWD,2023-03-13,SRS5,tree,cwd,NA,LGR2,rebuild fit (stage 03),13:02:30,13:05:20,2023,3,dry,26.96227777916667,24,NA,NA,NA,NA,460.99555555555554,107.68,1366.9955555555557,0.0460492855790344,HM,AICc | Intercept,valid,TRUE,FALSE,0.761518971292449,0.0399222474201966,0.0427156457658172,0.00385671158207755,0.0460492855790344,0.0428197034243286,0.779630165940471,HM,NA,valid,FALSE,FALSE,37.91677163354545,0.699806770295385,0.991436494893282,7.61620403335313e-177,0.779630165940471,0.992223411209331,0,NA,0,0,FALSE,valid,healthy,NA
Mar_23_180_SRS5_stem,2023-03-13,SRS5,tree,stem,NA,LGR3,rebuild fit (stage 03),10:56:00,10:59:00,2023,3,dry,26.061588891,24,NA,0,NA,NA,1106.6016666666667,213.35,2012.601666666667,0.147053865586942,HM,AICc | Intercept,valid,FALSE,FALSE,2.467676258458556,0.108675786757288,0.32271520626833,2.17353447244334e-16,0.147053865586942,0.324949469815984,1.29407047923319,HM,NA,valid,FALSE,FALSE,71.42762950399506,1.21568184218347,0.997555551155716,1.8125334874759396e-225,1.29407047923319,0.997819677362463,0,NA,0,0,FALSE,valid,healthy,NA
Mar_23_184_SRS5_root,2023-03-13,SRS5,tree,root,NA,LGR3,rebuild fit (stage 03),11:36:30,11:39:30,2023,3,dry,26.200316666666662,23.9,NA,0,NA,NA,254.53666666666663,40.45,1160.5366666666664,11.20093289424,HM,SE,valid,FALSE,FALSE,59.7280288461274,7.65107337579649,0.985255524763585,2.5141167945500895e-185,11.20093289424,0.995781214012826,12.5616938974338,HM,SE,valid,FALSE,FALSE,139.81884056363,7.82109553608438,0.982839465832225,9.79622510943163e-179,12.5616938974338,0.999196023715185,0,NA,0,0,FALSE,valid,healthy,NA
Mar_23_185_SRS5_stem,2023-03-13,SRS5,tree,stem,NA,LGR3,rebuild fit (stage 03),11:40:00,11:49:00,2023,3,dry,26.201833333333333,23.9,NA,0,NA,NA,1106.6016666666667,213.35,2012.601666666667,0.149761731269411,HM,AICc | Intercept,valid,FALSE,FALSE,3.5021664884974557,0.140524557798083,0.462271982381121,2.0466777003208198e-31,0.149761731269411,0.46242949126804,1.38688116768587,HM,SE | AICc | Intercept,valid,FALSE,FALSE,26.742577860218923,1.36791242538792,0.981071438443645,5.314658834058879e-190,1.38688116768587,0.981029210257112,0,NA,0,0,FALSE,valid,healthy,NA
Mar_23_186_SRS5_stem,2023-03-13,SRS5,tree,stem,NA,LGR3,rebuild fit (stage 03),11:51:00,11:54:00,2023,3,dry,26.2316,23.9,NA,0,NA,NA,1106.6016666666667,213.35,2012.601666666667,-0.0295096919716923,HM,AICc | p-value | Intercept,valid,TRUE,TRUE,1.145346272978763,-0.0295410803512684,0.0139106662223107,0.0647747297184992,-0.0295096919716923,0.0139010653279362,1.67435876959242,HM,NA,valid,FALSE,FALSE,80.91241468469121,1.43938644813903,0.996634410196671,4.542335719906428e-216,1.67435876959242,0.998204803128153,0,NA,0,0,FALSE,valid,healthy,NA
Mar_23_187_SRS5_stem,2023-03-13,SRS5,tree,stem,NA,LGR3,rebuild fit (stage 03),11:57:00,12:00:00,2023,3,dry,26.2592,23.9,NA,0,NA,NA,1106.6016666666667,213.35,2012.601666666667,0.0445328713105548,LM,AICc | g-fact. > 2 | Intercept,valid,TRUE,FALSE,2.8735762243829748,0.0445328713105548,0.0423773621842808,0.00459956848984252,0.120703779125509,0.0518191497656537,1.68794782237738,HM,NA,valid,FALSE,FALSE,70.39933454794289,1.48681424948585,0.996666088321425,5.01379597398091e-204,1.68794782237738,0.997791203485078,0,NA,0,0,FALSE,valid,healthy,NA
Mar_23_188_SRS5_root,2023-03-13,SRS5,tree,root,NA,LGR3,rebuild fit (stage 03),12:03:30,12:06:30,2023,3,dry,26.2891,23.9,NA,0,NA,NA,254.53666666666663,40.45,1160.5366666666664,0.306458798654809,HM,AICc,valid,FALSE,FALSE,3.77314405986849,0.2502179480193,0.401230650939851,7.83521521099371e-36,0.306458798654809,0.402493413710481,5.15167996316,HM,NA,valid,FALSE,FALSE,226.44260787640096,4.7463491679609104,0.999154671820381,0,5.15167996316,0.999613139332738,0,NA,0,0,FALSE,valid,healthy,NA
Mar_23_169_SRS5_stem,2023-03-13,SRS5,tree,stem,NA,LGR3,rebuild fit (stage 03),12:24:15,12:33:30,2023,3,dry,26.483730556583332,24.2,NA,1,NA,NA,1106.6016666666667,213.35,2012.601666666667,0.271494263281471,HM,Intercept (HM),valid,FALSE,FALSE,3.4983107259259647,0.16517661340471,0.433333347723097,8.230548518145e-26,0.271494263281471,0.442441848784758,1.8728075433722,HM,NA,valid,FALSE,FALSE,76.73645375800494,1.51812736807179,0.994657335174159,1.86981122778149e-221,1.8728075433722,0.997713920795043,0,NA,0,0,FALSE,valid,healthy,NA
Mar_23_170_SRS5_stem,2023-03-13,SRS5,tree,stem,NA,LGR3,rebuild fit (stage 03),12:33:30,12:36:30,2023,3,dry,26.625461113166665,24.2,NA,1,NA,NA,1106.6016666666667,213.35,2012.601666666667,0.273026940440626,HM,AICc | Intercept,valid,FALSE,FALSE,3.302780106890552,0.179700163405869,0.451548730624491,6.72687109992352e-24,0.273026940440626,0.45559467091855,1.25862753403642,HM,NA,valid,FALSE,FALSE,70.35092401236682,1.16821110422358,0.997391424118368,3.5529138469036885e-219,1.25862753403642,0.997778469854517,0,NA,0,0,FALSE,valid,healthy,NA
Mar_23_171_SRS5_stem,2023-03-13,SRS5,tree,stem,NA,LGR3,rebuild fit (stage 03),12:40:00,12:43:00,2023,3,dry,26.72505555833333,24.2,NA,1,NA,NA,1106.6016666666667,213.35,2012.601666666667,0.0635218628257493,HM,AICc | Intercept,valid,TRUE,FALSE,0.9137276530732404,0.0634507018323513,0.0762256834246589,3.6790052227996e-4,0.0635218628257493,0.0762007655639902,2.25265455231057,LM,RMSE | MAE | AICc,valid,FALSE,TRUE,295.13522143604763,2.25265455231057,0.998292318225963,6.2825536268907e-207,2.27606752696488,0.998195744146333,0,NA,0,0,FALSE,valid,healthy,NA
Mar_23_172_SRS5_stem,2023-03-13,SRS5,tree,stem,NA,LGR3,rebuild fit (stage 03),13:04:00,13:07:00,2023,3,dry,26.976044445666663,24,NA,0,NA,NA,2232.644,462.19,3138.644,0.0121976581970679,HM,AICc | p-value | MDF | Intercept,valid,TRUE,FALSE,0.20889940782743935,0.00881493193003071,-0.00365567030930602,0.475561172290925,0.0121976581970679,-0.00284827527679732,3.12943024913143,HM,NA,valid,FALSE,FALSE,113.11966814978608,2.67670492145559,0.99753330712236,1.58139420316329e-175,3.12943024913143,0.999288844962865,0,NA,0,0,FALSE,valid,healthy,NA
Mar_23_173_SRS5_root,2023-03-13,SRS5,tree,root,NA,LGR3,rebuild fit (stage 03),13:20:30,13:23:30,2023,3,dry,27.17312777716667,24.1,NA,0,NA,NA,254.53666666666663,40.45,1160.5366666666664,0.685395875783369,HM,SE | Intercept,valid,FALSE,FALSE,3.8992490640061375,0.390289369326516,0.47581120514545,1.60758283761221e-29,0.685395875783369,0.485824395428388,6.90624179286366,HM,SE,valid,FALSE,FALSE,87.15924605993003,4.49497415070287,0.984273308845597,6.4940208158351e-179,6.90624179286366,0.998012517869619,0,NA,0,0,FALSE,valid,healthy,NA
Mar_23_174_SRS5_stem,2023-03-13,SRS5,tree,stem,NA,LGR3,rebuild fit (stage 03),13:27:00,13:31:00,2023,3,dry,27.286733332,24.1,NA,0,NA,NA,2232.644,462.19,3138.644,0.0230355177329302,HM,AICc | Intercept,valid,TRUE,FALSE,0.5448297276990015,0.0230394186324952,0.0251559764614095,0.0292759092917652,0.0230355177329302,0.0251445009748793,4.92428637593509,HM,NA,valid,FALSE,TRUE,196.69212250264383,4.66937176981283,0.999559253235365,1.86100842217852e-250,4.92428637593509,0.999751483683109,0,NA,0,0,FALSE,valid,healthy,NA
Mar_23_175_SRS5_root,2023-03-13,SRS5,tree,root,NA,LGR3,rebuild fit (stage 03),13:32:30,13:35:30,2023,3,dry,27.38286110916667,24.1,NA,0,NA,NA,254.53666666666663,40.45,1160.5366666666664,0.891823453755915,LM,SE | g-fact. > 2 | Intercept (HM),valid,FALSE,FALSE,14.909992756565286,0.891823453755915,0.591245568787119,1.50053254337372e-31,2.5908083020234,0.647467058094236,4.80868645178108,HM,SE,valid,FALSE,FALSE,49.78420457760193,3.21046596170571,0.983391870155417,2.19689317241958e-137,4.80868645178108,0.995324678082242,0,NA,0,0,FALSE,valid,healthy,NA
Mar_23_177_SRS5_stem,2023-03-13,SRS5,tree,stem,NA,LGR3,rebuild fit (stage 03),13:45:30,13:48:30,2023,3,dry,27.601772219,24.7,NA,0,NA,NA,460.99555555555554,107.68,1366.9955555555557,0.137160138849262,HM,AICc | Intercept,valid,FALSE,FALSE,2.5078334624780467,0.134006087161156,0.313204132685899,2.02202556499934e-19,0.137160138849262,0.313214732524207,3.52390893971224,HM,NA,valid,FALSE,FALSE,190.6363895509838,3.40879269134045,0.999547415458701,0,3.52390893971224,0.999622633625697,0,NA,0,0,FALSE,valid,healthy,NA
Mar_23_178_SRS5_stem,2023-03-13,SRS5,tree,stem,NA,LGR3,rebuild fit (stage 03),13:55:00,13:58:00,2023,3,dry,27.61011111,24.4,NA,0,NA,NA,460.99555555555554,107.68,1366.9955555555557,0.221367789661486,HM,AICc,valid,FALSE,FALSE,2.655423551698538,0.21499005966564,0.402073903078423,4.79246669301183e-20,0.221367789661486,0.402096357134417,5.56828722932113,HM,NA,valid,FALSE,FALSE,163.3765227075889,5.42701998026257,0.999566523312334,1.4939994512084798e-274,5.56828722932113,0.999611533177663,0,NA,0,0,FALSE,valid,healthy,NA
Mar_23_179_SRS5_stem,2023-03-13,SRS5,tree,stem,NA,LGR3,rebuild fit (stage 03),14:03:00,14:05:00,2023,3,dry,27.617133334,24.4,NA,0,NA,NA,460.99555555555554,107.68,1366.9955555555557,0.149383416848173,HM,AICc,valid,TRUE,FALSE,1.0924115506314278,0.149082645630388,0.12851805535125,2.77096459648555e-5,0.149383416848173,0.128482090808452,4.18115510081683,HM,SE,valid,FALSE,FALSE,89.11987091812514,3.87255669052049,0.998589907116307,1.4899829508871998e-174,4.18115510081683,0.998996556093291,0,NA,0,0,FALSE,valid,healthy,NA
Mar_23_135_CP40_stem,2023-03-15,CP40,tree,stem,NA,LGR2,rebuild fit (stage 03),10:53:37,10:56:37,2023,3,dry,19.637808149566663,22.9,NA,0,NA,NA,1106.6016666666667,213.35,2012.601666666667,27.5815504909105,LM,RMSE | MAE | SE | AICc,valid,FALSE,TRUE,487.7273671352315,27.5815504909105,0.999243878445617,1.55766995775682e-281,27.8878426820632,0.999148093099705,1.04502402102231,LM,RMSE | MAE | AICc,valid,FALSE,TRUE,278.89884402052013,1.04502402102231,0.997691229014627,3.814558465658169e-238,1.05611422160448,0.997607111836219,0,NA,0,0,FALSE,valid,ghost,NA
Mar_23_136_CP40_stem,2023-03-15,CP40,tree,stem,NA,LGR2,rebuild fit (stage 03),10:59:55,11:02:55,2023,3,dry,19.770248148166665,22.9,NA,0,NA,NA,1106.6016666666667,213.35,2012.601666666667,1.05079748217698,HM,AICc,valid,FALSE,FALSE,30.403220396224352,1.03309980820098,0.987870013436875,1.1653829863004798e-173,1.05079748217698,0.98781859235101,0.854405529239145,HM,Intercept,valid,FALSE,FALSE,24.700325904911647,0.641562394370277,0.97265291326989,4.65398233349673e-142,0.854405529239145,0.979170500589507,0,NA,0,0,FALSE,valid,ghost,NA
Mar_23_137_CP40_stem,2023-03-15,CP40,tree,stem,NA,LGR2,rebuild fit (stage 03),11:16:00,11:19:00,2023,3,dry,20.093688885666666,22.9,NA,0,NA,NA,1106.6016666666667,213.35,2012.601666666667,-0.025486170504296,HM,AICc | Intercept,valid,TRUE,FALSE,0.7360280388409011,-0.0242539199316563,0.0395481831133823,0.00419530615533362,-0.025486170504296,0.0395624093515717,0.103128654296265,LM,g-fact. > 2,valid,FALSE,FALSE,32.76520510299175,0.103128654296265,0.856294153102972,1.53254517481302e-77,0.219325300827495,0.897038268244375,0,NA,0,0,FALSE,valid,ghost,NA
Mar_23_138_CP40_stem,2023-03-15,CP40,tree,stem,NA,LGR2,rebuild fit (stage 03),11:22:31,11:25:31,2023,3,dry,20.135105923427776,22.9,NA,0,NA,NA,1106.6016666666667,213.35,2012.601666666667,22.7594199755229,HM,NA,valid,FALSE,FALSE,211.1438298123787,19.8994575710892,0.998462655742106,5.95262816751419e-254,22.7594199755229,0.999729201696506,1.37620408270642,LM,RMSE | MAE | AICc,valid,FALSE,TRUE,395.51949784588646,1.37620408270642,0.998850682176138,2.93766546952863e-265,1.38908393810625,0.998739260895944,0,NA,0,0,FALSE,valid,ghost,NA
Mar_23_139_CP40_stem,2023-03-15,CP40,tree,stem,NA,LGR2,rebuild fit (stage 03),11:34:00,11:37:00,2023,3,dry,20.208088887666666,22.9,NA,0,NA,NA,1106.6016666666667,213.35,2012.601666666667,0.3510336749931,HM,AICc | Intercept,valid,FALSE,TRUE,5.131897754581287,0.351120631031137,0.699721862576046,7.46003609871575e-49,0.3510336749931,0.699479328913347,-0.0234857574324086,LM,SE | g-fact. > 2 | Intercept,valid,FALSE,TRUE,3.593276534959753,-0.0234857574324086,0.0620683391206249,4.2189529739322e-4,-0.162063710015029,0.268956196068437,0,NA,0,0,FALSE,valid,ghost,NA
Mar_23_140_CP40_stem,2023-03-15,CP40,tree,stem,NA,LGR2,rebuild fit (stage 03),11:47:45,11:51:45,2023,3,dry,20.317111111416665,22.9,NA,0,NA,NA,1106.6016666666667,213.35,2012.601666666667,0.0398666979486886,LM,g-fact. > 2 | Intercept,valid,TRUE,FALSE,7.296954213457568,0.0398666979486886,0.178772719448187,4.3246573577752986e-12,0.136265119607166,0.226082622580643,0.303569300065848,HM,NA,valid,FALSE,FALSE,36.2891079921502,0.248222255660136,0.984747349057094,2.562450673682179e-219,0.303569300065848,0.987544400498556,0,NA,0,0,FALSE,valid,ghost,NA
Mar_23_129_CP40_stem,2023-03-15,CP40,tree,stem,NA,LGR2,rebuild fit (stage 03),12:13:50,12:16:50,2023,3,dry,20.68807407727778,23.1,NA,8,NA,NA,1106.6016666666667,213.35,2012.601666666667,24.6299720375008,HM,NA,valid,FALSE,TRUE,193.42861808056517,22.0073558445101,0.998806535286256,8.571893451190341e-264,24.6299720375008,0.999680636552554,0.32509335011674,HM,AICc,valid,FALSE,FALSE,32.16070581356936,0.320017956555481,0.989118847296789,6.96793857652676e-178,0.32509335011674,0.989105546782146,0,NA,0,0,FALSE,valid,ghost,NA
Mar_23_130_CP40_stem,2023-03-15,CP40,tree,stem,NA,LGR2,rebuild fit (stage 03),12:24:40,12:27:40,2023,3,dry,20.71594444777778,23.1,NA,8,NA,NA,1106.6016666666667,213.35,2012.601666666667,4.05366651008541,HM,SE,valid,FALSE,FALSE,20.201745426562248,2.25800589285051,0.941094729873863,1.3069455157893802e-111,4.05366651008541,0.965286184768903,0.312925324143588,HM,AICc,valid,FALSE,TRUE,25.237547402989215,0.311144978334072,0.98281326938179,3.129557342181839e-159,0.312925324143588,0.982628523192725,0,NA,0,0,FALSE,valid,ghost,NA
Mar_23_131_CP40_stem,2023-03-15,CP40,tree,stem,NA,LGR2,rebuild fit (stage 03),12:32:00,12:35:00,2023,3,dry,20.724500003333333,23.1,NA,NA,NA,NA,1106.6016666666667,213.35,2012.601666666667,0.120386027577737,HM,AICc | Intercept,valid,FALSE,TRUE,3.1949162809004927,0.120314655306696,0.473976954961851,5.57807173864753e-27,0.120386027577737,0.473826526470861,0.426724421026355,LM,RMSE | MAE | AICc,valid,FALSE,TRUE,131.9478840063768,0.426724421026355,0.989766475138402,2.86959320174648e-180,0.42900618100058,0.989571176509636,0,NA,0,0,FALSE,valid,ghost,NA
Mar_23_132_CP40_stem,2023-03-15,CP40,tree,stem,NA,LGR2,rebuild fit (stage 03),12:48:55,12:51:55,2023,3,dry,20.73614167,23,NA,3,NA,NA,1106.6016666666667,213.35,2012.601666666667,36.5812386504213,HM,NA,valid,FALSE,TRUE,385.2163964149101,34.1896717259411,0.999606610277728,6.23889130724341e-293,36.5812386504213,0.999921230069452,0.50576023573457,HM,AICc,valid,FALSE,FALSE,42.87280078612197,0.498615535254975,0.993894784713411,2.3983345407342894e-200,0.50576023573457,0.993848671736749,0,NA,0,0,FALSE,valid,ghost,NA
Mar_23_133_CP40_stem,2023-03-15,CP40,tree,stem,NA,LGR2,rebuild fit (stage 03),13:01:20,13:04:20,2023,3,dry,20.72496667,23,NA,3,NA,NA,1106.6016666666667,213.35,2012.601666666667,3.34255209016165,HM,NA,valid,FALSE,FALSE,92.79936136623624,2.76145130896465,0.996022047669456,5.3548480578836e-217,3.34255209016165,0.998560773866196,0.325387341578918,HM,NA,valid,FALSE,FALSE,25.521856761725928,0.275842469089078,0.979697455963484,1.2260548938474596e-153,0.325387341578918,0.981523836664347,0,NA,0,0,FALSE,valid,ghost,NA
Mar_23_134_CP40_stem,2023-03-15,CP40,tree,stem,NA,LGR2,rebuild fit (stage 03),13:10:52,13:13:52,2023,3,dry,20.71638667,23,NA,3,NA,NA,1106.6016666666667,213.35,2012.601666666667,0.334568602185142,HM,Intercept,valid,FALSE,FALSE,6.4879742236009434,0.200561941393019,0.731291651083414,3.5129270162236e-53,0.334568602185142,0.745785542827729,0.359592619563566,HM,NA,valid,FALSE,FALSE,30.532462561817475,0.323466601904584,0.986603842997057,8.432849852054307e-170,0.359592619563566,0.987380598688205,0,NA,0,0,FALSE,valid,ghost,NA
Mar_23_141_CP40_CWD,2023-03-15,CP40,tree,cwd,NA,LGR2,rebuild fit (stage 03),13:57:40,14:00:40,2023,3,dry,21.30771111111111,23.9,NA,24,NA,NA,1106.6016666666667,213.35,2012.601666666667,0.0948156352893005,HM,AICc | Intercept (LM),valid,FALSE,FALSE,2.749552873150569,0.0761074304129011,0.371458338981543,5.22833765485217e-20,0.0948156352893005,0.373156143962431,0.389733605988332,HM,NA,valid,FALSE,FALSE,37.099616128195784,0.372860634437469,0.991540418874967,1.14261818037124e-187,0.389733605988332,0.991672333574636,0,NA,0,0,FALSE,valid,ghost,NA
Mar_23_142_CP40_CWD,2023-03-15,CP40,tree,cwd,NA,LGR2,rebuild fit (stage 03),14:10:40,14:13:40,2023,3,dry,21.532177777777775,NA,NA,16,NA,NA,460.99555555555554,107.68,1366.9955555555557,0.197094321837858,LM,SE | g-fact. > 2 | Intercept,valid,FALSE,FALSE,12.06076720253792,0.197094321837858,0.445235666456015,6.720167247162749e-25,1.10486319904712,0.536715387469953,0.496840147650276,HM,AICc,valid,FALSE,FALSE,29.006278677303325,0.488864701731127,0.986702358903565,4.355619262615688e-170,0.496840147650276,0.986639518349069,0,NA,0,0,FALSE,valid,ghost,NA
Mar_23_143_CP40_CWD,2023-03-15,CP40,tree,cwd,NA,LGR2,rebuild fit (stage 03),14:22:33,14:25:33,2023,3,dry,21.64307222138333,NA,NA,20,NA,NA,460.99555555555554,107.68,1366.9955555555557,-1.32524838474648,HM,AICc | Intercept,valid,FALSE,FALSE,18.870778171764364,-1.3087889928168,0.969087260128983,2.70628955889811e-137,-1.32524838474648,0.969047102708105,0.325958004927578,HM,AICc | Intercept,valid,FALSE,FALSE,15.129247017687318,0.321661918660824,0.952645779057732,1.03115317664012e-120,0.325958004927578,0.952647302064563,0,NA,0,0,FALSE,valid,ghost,NA
Mar_23_144_CP40_stem,2023-03-15,CP40,tree,stem,NA,LGR2,rebuild fit (stage 03),14:38:20,14:41:20,2023,3,dry,21.71848147888889,NA,NA,10,NA,NA,1106.6016666666667,213.35,2012.601666666667,17.4602484486603,HM,NA,valid,FALSE,FALSE,124.14513811476463,13.1138653374861,0.993155411901413,6.65910155016472e-196,17.4602484486603,0.999158781560785,1.18638805299522,HM,NA,valid,FALSE,FALSE,76.21089586866948,1.03675890419803,0.996695317251189,3.320363663430219e-224,1.18638805299522,0.997924241096219,0,NA,0,0,FALSE,valid,ghost,NA
Mar_23_145_CP40_stem,2023-03-15,CP40,tree,stem,NA,LGR2,rebuild fit (stage 03),14:54:02,14:57:02,2023,3,dry,21.750433702377777,NA,NA,10,NA,NA,1106.6016666666667,213.35,2012.601666666667,0.0695876982887175,HM,AICc,valid,FALSE,FALSE,2.0504529261745783,0.0693235551962656,0.26797781815027,5.1258052066783504e-14,0.0695876982887175,0.267918575507682,0.289354306862307,HM,NA,valid,FALSE,FALSE,20.154875865258024,0.225782536125199,0.965088307807408,1.4515973855824598e-132,0.289354306862307,0.969561008361969,0,NA,0,0,FALSE,valid,ghost,NA
Mar_23_146_CP40_stem,2023-03-15,CP40,tree,stem,NA,LGR2,rebuild fit (stage 03),15:01:00,15:04:00,2023,3,dry,21.750511111333335,NA,NA,10,NA,NA,1106.6016666666667,213.35,2012.601666666667,0.0732397493840449,LM,g-fact. > 2 | Intercept,valid,FALSE,FALSE,6.98689264274615,0.0732397493840449,0.209890977983133,5.3390619584904295e-11,0.34372448429962,0.264582888006122,0.437224903905025,HM,RMSE | AICc,valid,FALSE,TRUE,34.84252987252054,0.433525305742666,0.990870665834298,1.04621825239337e-184,0.437224903905025,0.990744938338446,0,NA,0,0,FALSE,valid,ghost,NA
Mar_23_147_CP40_stem,2023-03-15,CP40,tree,stem,NA,LGR2,rebuild fit (stage 03),15:17:03,15:20:03,2023,3,dry,21.718048891766667,NA,NA,NA,NA,NA,1106.6016666666667,213.35,2012.601666666667,2.19558991620502,LM,SE | g-fact. > 2,valid,FALSE,FALSE,51.08599188155242,2.19558991620502,0.93545561255188,1.13485167439368e-108,4.46279421094099,0.974077953925186,0.387114584065615,HM,AICc,valid,FALSE,FALSE,26.898514735115747,0.383152772903739,0.984635069727653,1.8036758876737395e-164,0.387114584065615,0.984546223538213,0,NA,0,0,FALSE,valid,ghost,NA
Mar_23_148_CP40_stem,2023-03-15,CP40,tree,stem,NA,LGR2,rebuild fit (stage 03),15:22:22,15:25:22,2023,3,dry,21.63345481651111,NA,NA,NA,NA,NA,1106.6016666666667,213.35,2012.601666666667,1.23920024953512,HM,AICc,valid,FALSE,TRUE,23.144722375121994,1.23403485246,0.979544707804069,2.398203155504179e-153,1.23920024953512,0.979330411218678,0.564742362187639,HM,AICc | Intercept,valid,FALSE,TRUE,25.79147099644067,0.561400360366262,0.98343129466753,1.5426199082059096e-161,0.564742362187639,0.983262347156208,0,NA,0,0,FALSE,valid,ghost,NA
Mar_23_166_CP40_stem,2023-03-15,CP40,tree,stem,NA,LGR2,rebuild fit (stage 03),15:51:00,15:54:00,2023,3,dry,21.230799998,NA,NA,NA,NA,NA,1106.6016666666667,213.35,2012.601666666667,23.3926370956975,HM,NA,valid,FALSE,TRUE,184.32568388510552,21.6598324604222,0.999253579658956,3.267659162053719e-274,23.3926370956975,0.999664034037945,1.18207959133388,HM,NA,valid,FALSE,FALSE,81.75652058312735,1.15454443676697,0.998301990910008,3.71244056673792e-243,1.18207959133388,0.998339597227348,0,NA,0,0,FALSE,valid,ghost,NA
Mar_23_167_CP40_stem,2023-03-15,CP40,tree,stem,NA,LGR2,rebuild fit (stage 03),15:57:00,16:00:00,2023,3,dry,21.188266666,NA,NA,NA,NA,NA,1106.6016666666667,213.35,2012.601666666667,41.9884045916242,HM,NA,valid,FALSE,TRUE,358.66092572455176,38.7024689622831,0.999442064475279,3.868022253741e-295,41.9884045916242,0.999901409491348,1.80949593786832,HM,MAE | AICc,valid,FALSE,FALSE,136.21954198510883,1.78139167845451,0.999349253123525,1.08747257596363e-293,1.80949593786832,0.999339243123836,0,NA,0,0,FALSE,valid,ghost,NA
Mar_23_168_CP40_stem,2023-03-15,CP40,tree,stem,NA,LGR2,rebuild fit (stage 03),16:05:00,16:08:00,2023,3,dry,21.131555556666665,NA,NA,NA,NA,NA,1106.6016666666667,213.35,2012.601666666667,4.82921036617623,HM,NA,valid,FALSE,FALSE,94.95153004257509,4.3825122254676,0.997918857562433,5.40362692385653e-265,4.82921036617623,0.998562733302904,1.42528263472911,HM,NA,valid,FALSE,FALSE,79.1622428383009,1.28288739631026,0.997184597690983,3.92853997757274e-252,1.42528263472911,0.997925204900059,0,NA,0,0,FALSE,valid,ghost,NA
45000_CP40_Water_131,2023-03-15,CP40,surface,water,water,LGR2,rebuild fit (stage 03),16:16:00,16:19:00,2023,3,dry,21.034655558666667,NA,23.7,NA,NA,NA,3370,324.3,4276,4.878626898146151,HM,NA,valid,FALSE,FALSE,73.6219104801307,4.59473978664256,0.997409316900767,1.93871452495378e-263,4.7579038081359,0.997490972934239,0.2218675731211974,LM,RMSE | MAE | AICc,valid,FALSE,TRUE,41.477357615638816,0.221867573121197,0.894401258071964,8.82076924251209e-101,0.222779247166999,0.894205277239164,0.12072309001025512,4.757903808135896,0.02474530078455665,1,TRUE,valid,ghost,NA
45000_CP40_Water_120,2023-03-15,CP40,surface,water,water,LGR3,rebuild fit (stage 03),11:00:00,11:15:00,2023,3,dry,19.772,NA,23.7,NA,NA,NA,3370,324.3,4276,2.526687893874421,HM,NA,valid,FALSE,FALSE,102.3308526683146,2.61402453128186,0.996975031172323,0,2.66459999153775,0.996987448853926,0.7677294411210424,HM,MAE | AICc,valid,FALSE,TRUE,140.1752867612057,0.482594459198962,0.995669370380696,0,0.488758443787047,0.99561576035557,0,2.526687893874421,0,0,TRUE,valid,ghost,???
45000_CP40_Water_121,2023-03-15,CP40,surface,water,water,LGR3,rebuild fit (stage 03),11:20:00,11:25:00,2023,3,dry,20.119111108333332,NA,23.7,NA,NA,NA,3370,324.3,4276,3.567799688507539,HM,NA,valid,FALSE,FALSE,72.63104551617334,2.85652729102342,0.991799197487002,0,3.58765236052683,0.995377151186374,0.7417634318998575,HM,Intercept (LM),valid,FALSE,FALSE,44.78519715816593,0.610750480662172,0.985477704391954,0,0.738917628868581,0.98791755142618,0,3.567799688507539,0,0,TRUE,valid,ghost,JG & JP
45000_CP40_Water_123,2023-03-15,CP40,surface,water,water,LGR3,rebuild fit (stage 03),11:40:00,11:45:00,2023,3,dry,20.246222221666667,NA,23.7,NA,NA,NA,3370,324.3,4276,9.59418717126808,LM,SE | g-fact. > 2 | Intercept (LM),valid,FALSE,FALSE,60.83885977643001,9.38769640765694,0.923613488876778,2.452488482565709e-165,24.6096447070955,0.986600197864955,0.21157313578117928,HM,AICc,valid,FALSE,FALSE,20.193249400893464,0.209579144684291,0.956951041159512,1.0473778795477897e-201,0.212149159783618,0.956887989972847,0,9.59418717126808,0,0,TRUE,valid,ghost,Real time = 11:04
45000_CP40_Water_124,2023-03-15,CP40,surface,water,water,LGR3,rebuild fit (stage 03),11:48:30,11:53:30,2023,3,dry,20.327777778166663,NA,23.7,NA,NA,NA,3370,324.3,4276,7.131194652157793,HM,Intercept (LM),valid,FALSE,FALSE,70.45100484505942,3.56625308086373,0.974057359705129,1.75078335660076e-200,6.05363148640956,0.994419473239989,0.05667062487007339,LM,SE | g-fact. > 2 | Intercept,valid,FALSE,FALSE,16.300226851493534,0.0566706248700734,0.513280479407318,3.45194768961038e-41,0.144478043677643,0.555232610259432,1.0775631657482376,6.0536314864095555,0.15110556061208946,2,TRUE,valid,ghost,Logging frequency = 15
45000_CP40_Water_125,2023-03-15,CP40,surface,water,water,LGR3,rebuild fit (stage 03),12:00:00,12:05:00,2023,3,dry,20.491333335,NA,23.7,NA,NA,NA,3370,324.3,4276,2.9591605673398327,HM,NA,valid,FALSE,FALSE,37.0902214355968,2.77952899899406,0.99124239921995,2.20640646653051e-188,2.95916056733983,0.991501577393087,0.16236600052791003,LM,SE | g-fact. > 2 | Intercept (LM),valid,FALSE,FALSE,9.593374043851531,0.16236600052791,0.333413474452926,7.02350464025458e-18,3.54659662053353,0.888739157152494,0,2.9591605673398327,0,0,TRUE,valid,ghost,NA
45000_CP40_Water_126,2023-03-15,CP40,surface,water,water,LGR3,rebuild fit (stage 03),12:11:00,12:16:00,2023,3,dry,20.64777778066667,NA,23.7,NA,NA,NA,3370,324.3,4276,3.679179449007926,HM,NA,valid,FALSE,FALSE,84.3546505427505,2.76762792131491,0.990562187852137,0,3.67917944900793,0.99593939521789,0.14403275221807169,HM,Intercept (HM),valid,FALSE,FALSE,17.123427060340227,0.104333438094073,0.902207278726918,8.934673241880849e-206,0.144032752218072,0.908531900936585,0,3.679179449007926,0,0,TRUE,valid,ghost,23.4 C water temp
45000_CP40_Water_127,2023-03-15,CP40,surface,water,water,LGR3,rebuild fit (stage 03),12:20:00,12:21:45,2023,3,dry,20.710500003333333,NA,23.7,NA,NA,NA,3370,324.3,4276,5.297985392307181,HM,SE | AICc,valid,FALSE,FALSE,21.217482520201127,4.99509014746875,0.98575992159811,1.37965186192126e-91,5.27299934176528,0.985966820572385,0.02924581488826693,HM,SE | AICc | p-value | Intercept,valid,TRUE,TRUE,0.4477521389336007,0.0278391414640655,0.0123517651600162,0.138984108287073,0.0278278316704904,0.0123426851246844,0,5.297985392307181,0,0,TRUE,valid,ghost,NA
45000_CP40_Water_128,2023-03-15,CP40,surface,water,water,LGR3,rebuild fit (stage 03),12:24:00,12:27:00,2023,3,dry,20.71516667,NA,23.7,NA,NA,NA,3370,324.3,4276,4.841908599433777,LM,SE | g-fact. > 2 | Intercept (LM),valid,FALSE,FALSE,16.5218253757647,2.42415145722161,0.232956714818572,1.23673646898245e-14,10.7064732402964,0.324331983792477,0.22984294527633015,HM,AICc | Intercept,valid,FALSE,FALSE,11.394467712202903,0.22124404496713,0.905117342224462,3.25899211062596e-115,0.237000021195609,0.905414695941738,0,4.841908599433777,0,0,TRUE,valid,ghost,NA
45000_CP40_Water_129,2023-03-15,CP40,surface,water,water,LGR3,rebuild fit (stage 03),12:30:30,12:33:30,2023,3,dry,20.722750003333335,NA,23.7,NA,NA,NA,3370,324.3,4276,7.609818308056427,LM,MAE | SE | g-fact. > 2 | Intercept,valid,FALSE,FALSE,24.838113981916948,5.46824984712742,0.527890763365362,2.9690250181603297e-48,11.8036112772199,0.568394589497641,0.3604649965425143,HM,NA,valid,FALSE,FALSE,24.754063484120262,0.303756936636546,0.964655805384146,1.1314584421572299e-207,0.329655547123362,0.96507395493482,0,7.609818308056427,0,0,TRUE,valid,ghost,NA
Mar_23_154_CP40_stem,2023-03-15,CP40,tree,stem,NA,LGR3,rebuild fit (stage 03),12:57:00,13:00:00,2023,3,dry,20.72886667,23,NA,10,NA,NA,1106.6016666666667,213.35,2012.601666666667,0.280319657675446,HM,AICc,valid,FALSE,FALSE,4.6706503885127475,0.214000799349663,0.588684071637352,2.08441005433882e-42,0.280319657675446,0.591491426302569,1.70335740026761,HM,NA,valid,FALSE,FALSE,106.95798441021644,1.6651705060991,0.998811474822982,7.30043831699636e-293,1.70335740026761,0.99883647507942,0,NA,0,0,FALSE,valid,ghost,NA
Mar_23_155_CP40_stem,2023-03-15,CP40,tree,stem,NA,LGR3,rebuild fit (stage 03),13:03:30,13:06:30,2023,3,dry,20.72301667,23,NA,10,NA,NA,1106.6016666666667,213.35,2012.601666666667,0.0536374149638105,HM,AICc | Intercept,valid,TRUE,FALSE,0.8618439075824326,0.053311483706726,0.0618336698230341,7.4792820091285e-4,0.0536374149638105,0.0618221495774999,1.40091263572107,HM,RMSE | AICc,valid,FALSE,FALSE,52.9199897194398,1.3788449332276,0.996375022317559,4.60103500350458e-201,1.40091263572107,0.996307804845114,0,NA,0,0,FALSE,valid,ghost,NA
Mar_23_156_CP40_stem,2023-03-15,CP40,tree,stem,NA,LGR3,rebuild fit (stage 03),13:12:00,13:15:00,2023,3,dry,20.71536667,23,NA,10,NA,NA,1106.6016666666667,213.35,2012.601666666667,0.0240994922693442,HM,AICc | Intercept,valid,TRUE,FALSE,0.641583213414922,0.0132101736428176,0.0110375865369874,0.0396700288453853,0.0240994922693442,0.0140615176553441,1.34974984908579,HM,NA,valid,FALSE,FALSE,147.00499641022853,1.20378173489719,0.998193592355611,0,1.34974984908579,0.999101441857565,0,NA,0,0,FALSE,valid,ghost,NA
Mar_23_157_CP40_stem,2023-03-15,CP40,tree,stem,NA,LGR3,rebuild fit (stage 03),13:35:00,13:38:00,2023,3,dry,20.963555556666662,22.7,NA,10,NA,NA,1106.6016666666667,213.35,2012.601666666667,0.849427271935047,HM,AICc,valid,FALSE,FALSE,13.694621587684798,0.842230758133267,0.946326770146092,7.647996430545459e-109,0.849427271935047,0.946215736810526,1.54328503952458,HM,MAE | AICc,valid,FALSE,FALSE,79.2483712054457,1.51945713318847,0.998313978252869,4.256004211630618e-235,1.54328503952458,0.998300258812778,0,NA,0,0,FALSE,valid,ghost,NA
Mar_23_158_CP40_stem,2023-03-15,CP40,tree,stem,NA,LGR3,rebuild fit (stage 03),13:41:00,13:44:00,2023,3,dry,21.038822222666667,22.7,NA,10,NA,NA,1106.6016666666667,213.35,2012.601666666667,0.887527251510605,HM,NA,valid,FALSE,FALSE,29.89291293191486,0.818072431566744,0.979088638586912,1.3073412948707695e-241,0.887527251510605,0.979532099564588,1.12994610572129,HM,NA,valid,FALSE,FALSE,110.37513268555544,1.05806647429123,0.998184964513117,0,1.12994610572129,0.998481602032509,0,NA,0,0,FALSE,valid,ghost,NA
Mar_23_159_CP40_stem,2023-03-15,CP40,tree,stem,NA,LGR3,rebuild fit (stage 03),13:50:00,13:53:00,2023,3,dry,21.17533333333333,22.7,NA,10,NA,NA,1106.6016666666667,213.35,2012.601666666667,0.225254464979719,HM,AICc | Intercept,valid,FALSE,FALSE,5.096686271196625,0.224283128137392,0.665979614136089,3.65749935225894e-51,0.225254464979719,0.665841415508424,1.02420522490489,HM,MAE | AICc,valid,FALSE,FALSE,71.81857057324228,1.00932084366647,0.997504933033445,2.67830125499965e-270,1.02420522490489,0.997470802894601,0,NA,0,0,FALSE,valid,ghost,NA
Mar_23_160_CP40_stem,2023-03-15,CP40,tree,stem,NA,LGR3,rebuild fit (stage 03),14:10:00,14:13:00,2023,3,dry,21.520666666666667,23.9,NA,10,NA,NA,460.99555555555554,107.68,1366.9955555555557,0.0220448322852814,LM,AICc | g-fact. > 2 | p-value | Intercept,valid,TRUE,FALSE,0.9481347274314218,0.0220448322852814,-5.2652994413215e-4,0.344258930778081,0.047239217520871,0.0041323904175542,0.489905340341701,HM,NA,valid,FALSE,FALSE,19.233367798045492,0.41986285394534,0.964405663224065,1.6176942116221996e-140,0.489905340341701,0.966026128104196,0,NA,0,0,FALSE,valid,ghost,NA
Mar_23_161_CP40_stem,2023-03-15,CP40,tree,stem,NA,LGR3,rebuild fit (stage 03),14:19:00,14:21:00,2023,3,dry,21.626111110666667,23.9,NA,10,NA,NA,460.99555555555554,107.68,1366.9955555555557,0.0698751824835866,LM,SE | AICc | g-fact. > 2 | Intercept,valid,TRUE,FALSE,2.7065425758083888,0.0698751824835866,0.0415254117026462,0.00761504296333239,0.186649779969865,0.0478109727127205,0.691597603292228,HM,NA,valid,FALSE,FALSE,20.594343887582703,0.623184571950326,0.976963588549405,7.658380497672278e-121,0.691597603292228,0.977713566741736,0,NA,0,0,FALSE,valid,ghost,NA
Mar_23_162_CP40_stem,2023-03-15,CP40,tree,stem,NA,LGR3,rebuild fit (stage 03),14:24:00,14:27:00,2023,3,dry,21.649999999,23.9,NA,10,NA,NA,460.99555555555554,107.68,1366.9955555555557,0.0918550490813746,HM,AICc,valid,FALSE,FALSE,2.4803922585128633,0.0915519379340574,0.256849442677258,5.018947292271459e-20,0.0918550490813746,0.256787109682474,0.639281565310633,HM,NA,valid,FALSE,FALSE,53.864715372232375,0.602253501503536,0.993539491733596,7.94221110709664e-293,0.639281565310633,0.993784226411153,0,NA,0,0,FALSE,valid,ghost,NA
Mar_23_163_CP40_stem,2023-03-15,CP40,tree,stem,NA,LGR3,rebuild fit (stage 03),14:45:00,14:48:00,2023,3,dry,21.75033333,23.7,NA,10,NA,NA,254.53666666666663,40.45,1160.5366666666664,19.0894148442063,HM,SE,valid,FALSE,FALSE,40.87021318086957,14.1226365383722,0.98191861590443,2.5718258534370896e-225,19.0894148442063,0.988973645174572,1.00061362218986,HM,SE,valid,FALSE,FALSE,22.96691424782447,0.679857471510402,0.953903044527997,2.7595921506855997e-173,1.00061362218986,0.964617502010361,0,NA,0,0,FALSE,valid,ghost,NA
Mar_23_164_CP40_stem,2023-03-15,CP40,tree,stem,NA,LGR3,rebuild fit (stage 03),14:53:00,14:56:00,2023,3,dry,21.750422220666668,23.7,NA,10,NA,NA,254.53666666666663,40.45,1160.5366666666664,0.207831666687268,LM,SE | g-fact. > 2 | Intercept,valid,FALSE,FALSE,9.719877093294626,0.207831666687268,0.247634305711427,1.86179820556291e-19,0.9476530107114,0.296653881130414,1.08778117104363,HM,SE,valid,FALSE,FALSE,31.53838578882538,0.828104803278042,0.97488156876167,1.1569229600634e-228,1.08778117104363,0.979993182778032,0,NA,0,0,FALSE,valid,ghost,NA
Mar_23_165_CP40_stem,2023-03-15,CP40,tree,stem,NA,LGR3,rebuild fit (stage 03),15:01:00,15:04:00,2023,3,dry,21.750511111333335,23.7,NA,10,NA,NA,254.53666666666663,40.45,1160.5366666666664,0.0667928256710685,HM,AICc | p-value | Intercept,valid,TRUE,FALSE,0.5117974809636469,0.0399072514820058,0.00754699423976035,0.0741031768346341,0.0667928256710685,0.00784823083232467,0.544828313603118,HM,SE | Intercept (HM),valid,FALSE,FALSE,20.30580007714275,0.484337100617761,0.954313701861767,1.3570827468917496e-196,0.544828313603118,0.955202002075206,0,NA,0,0,FALSE,valid,ghost,NA
Mar_23_150_CP40_CWD,2023-03-15,CP40,tree,cwd,NA,LGR3,rebuild fit (stage 03),15:14:30,15:17:30,2023,3,dry,21.750661114333333,NA,NA,22,NA,NA,460.99555555555554,107.68,1366.9955555555557,0.0755917789423984,HM,AICc | Intercept,valid,TRUE,FALSE,1.2029731075391816,0.0753758900943746,0.08995848322727,2.9089743312308302e-06,0.0755917789423984,0.0899370680392664,0.637726607045206,HM,NA,valid,FALSE,FALSE,34.27620831294925,0.573944061092412,0.98686963143653506,4.39727982191165e-211,0.637726607045206,0.987606888317115,0,NA,0,0,FALSE,valid,ghost,NA
Mar_23_151_CP40_CWD,2023-03-15,CP40,tree,cwd,NA,LGR3,rebuild fit (stage 03),15:38:00,15:41:00,2023,3,dry,21.384711109333335,NA,NA,12,NA,NA,460.99555555555554,107.68,1366.9955555555557,0.433009621848174,HM,Intercept,valid,FALSE,FALSE,4.733355760246455,0.23303411871705,0.569440079431357,1.20909789479018e-36,0.433009621848174,0.585771907709084,0.717797487709226,HM,MAE | AICc,valid,FALSE,FALSE,34.10490100167683,0.70944420914433,0.989895034533506,9.490134332373899e-191,0.717797487709226,0.989796790435701,0,NA,0,0,FALSE,valid,ghost,NA
45000_CP40_Water_130,2023-03-15,CP40,surface,water,water,LGR3,rebuild fit (stage 03),15:47:00,15:50:00,2023,3,dry,21.259155552666662,NA,23.7,NA,NA,NA,3370,324.3,4276,6.232632906698059,HM,SE,valid,FALSE,FALSE,37.196262306417566,3.64843687005487,0.96828425090247,2.6875412309865295e-136,6.23263290669806,0.989654885929988,0.30254620028919965,HM,AICc,valid,FALSE,FALSE,12.919224644702863,0.300395645370071,0.936521116537842,2.55671600340199e-109,0.3025462002892,0.936392151127066,0,6.232632906698059,0,0,TRUE,valid,ghost,NA
Mar_23_117_BL60_stem,2023-03-16,BL60,tree,stem,NA,LGR2,rebuild fit (stage 03),10:43:15,10:46:15,2023,3,dry,19.219283336666667,21.1,NA,0,NA,NA,254.53666666666663,40.45,1160.5366666666664,-0.374980153130473,HM,AICc | Intercept,valid,FALSE,TRUE,3.78920051725537,-0.374222857831575,0.55918403398317,6.9632862276236e-34,-0.374980153130473,0.5590285716978,1.45883783242398,HM,SE,valid,FALSE,FALSE,35.81910000061884,1.32584447243578,0.990236952815881,4.249632026585369e-182,1.45883783242398,0.990844960382681,0,NA,0,0,FALSE,valid,regenerating,NA
Mar_23_120_BL60_stem,2023-03-16,BL60,tree,stem,NA,LGR2,rebuild fit (stage 03),11:25:30,11:28:30,2023,3,dry,20.61356667,26.2,NA,0,NA,NA,254.53666666666663,40.45,1160.5366666666664,0.572410849244122,HM,SE | AICc | Intercept,valid,FALSE,FALSE,3.432542300418477,0.397795124886007,0.460138624121511,5.781389384185989e-26,0.572410849244122,0.465662439066499,1.80193649256939,LM,RMSE | MAE | SE | AICc,valid,FALSE,TRUE,139.4738607794726,1.80193649256939,0.990831275408659,1.5380837783967797e-184,1.81469004241272,0.990676692778675,0,NA,0,0,FALSE,valid,regenerating,NA
Mar_23_121_BL60_stem,2023-03-16,BL60,tree,stem,NA,LGR2,rebuild fit (stage 03),11:38:30,11:41:30,2023,3,dry,20.966300003333338,26.2,NA,0,NA,NA,254.53666666666663,40.45,1160.5366666666664,0.210603787806195,HM,SE | AICc | Intercept,valid,FALSE,FALSE,1.3920450781461933,0.209455215202834,0.142177642607528,1.00204035726168e-7,0.210603787806195,0.142155564772754,3.672247091156,HM,SE,valid,FALSE,FALSE,51.07856934623338,2.74842985025976,0.988755932828021,1.31348697987983e-176,3.672247091156,0.995042399287797,0,NA,0,0,FALSE,valid,regenerating,NA
Mar_23_113_BL60_stem,2023-03-16,BL60,tree,stem,NA,LGR2,rebuild fit (stage 03),12:14:30,12:17:30,2023,3,dry,22.108955552333335,22.1,NA,0,NA,NA,254.53666666666663,40.45,1160.5366666666664,0.125271962540786,HM,AICc | Intercept,valid,TRUE,FALSE,1.1271223458537476,0.124898795030541,0.0967245235124711,1.20623619852187e-5,0.125271962540786,0.0967029209583029,0.680147334181964,HM,SE | AICc,valid,FALSE,FALSE,19.0138055398823,0.667673300789349,0.969397085542118,1.09842244330903e-137,0.680147334181964,0.969415275968635,0,NA,0,0,FALSE,valid,regenerating,NA
Mar_23_114_BL60_stem,2023-03-16,BL60,tree,stem,NA,LGR2,rebuild fit (stage 03),12:23:00,12:26:00,2023,3,dry,22.333688887333334,22.1,NA,0,NA,NA,254.53666666666663,40.45,1160.5366666666664,-0.09588887965407,HM,AICc | Intercept,valid,TRUE,TRUE,0.9030372106716782,-0.0959699565860426,0.0555810462994223,8.1698903300371e-4,-0.09588887965407,0.0555554468602505,1.87607615039554,HM,SE | Intercept (LM),valid,FALSE,FALSE,42.461477005080624,1.27501080238144,0.981718208406397,1.0303439367434096e-157,1.87607615039554,0.992527137395185,0,NA,0,0,FALSE,valid,regenerating,NA
Mar_23_115_BL60_stem,2023-03-16,BL60,tree,stem,NA,LGR2,rebuild fit (stage 03),12:52:17,12:55:17,2023,3,dry,22.983627225555555,22.1,NA,0,NA,NA,254.53666666666663,40.45,1160.5366666666664,0.0703036585159147,LM,g-fact. > 2 | Intercept,valid,TRUE,FALSE,2.894734646059294,0.0703036585159147,0.0393825837161663,0.00426708663907118,0.141380968661556,0.05572202851648,0.883150505810472,HM,SE | Intercept (LM),valid,FALSE,FALSE,15.946561023796905,0.530734145299898,0.926563864224877,1.1845966601696e-103,0.883150505810472,0.946737840723825,0,NA,0,0,FALSE,valid,regenerating,NA
Mar_23_122_BL60_stem,2023-03-16,BL60,tree,stem,NA,LGR2,rebuild fit (stage 03),13:12:00,13:15:00,2023,3,dry,23.19196667,21.6,NA,0,NA,NA,254.53666666666663,40.45,1160.5366666666664,-0.119860036731583,LM,SE | g-fact. > 2 | Intercept,valid,TRUE,FALSE,4.804130896270526,-0.119860036731583,0.109262222300525,3.2746485144621e-6,-0.305301664659424,0.124138664335814,0.985286184216367,HM,SE | AICc | Intercept,valid,FALSE,FALSE,19.4200083436498,0.972057192077464,0.970742166396287,1.9650685516771e-139,0.985286184216367,0.970717760679433,0,NA,0,0,FALSE,valid,regenerating,NA
Mar_23_123_BL60_stem,2023-03-16,BL60,tree,stem,NA,LGR2,rebuild fit (stage 03),13:37:40,13:40:40,2023,3,dry,23.582051852666662,21.6,NA,0,NA,NA,254.53666666666663,40.45,1160.5366666666664,0.148540303146978,HM,AICc | Intercept,valid,TRUE,FALSE,1.619304326475532,0.147988713403,0.184859939008378,9.23087510820244e-10,0.148540303146978,0.184816276215929,1.63966663193204,HM,SE,valid,FALSE,FALSE,29.27374059886308,1.10129307891679,0.972523065481171,7.11170269434364e-142,1.63966663193204,0.984326295402774,0,NA,0,0,FALSE,valid,regenerating,NA
Mar_23_124_BL60_root,2023-03-16,BL60,tree,root,NA,LGR2,rebuild fit (stage 03),13:53:12,13:56:12,2023,3,dry,23.83248,21.6,NA,0,NA,NA,254.53666666666663,40.45,1160.5366666666664,-0.127668384369048,HM,AICc | Intercept,valid,TRUE,FALSE,1.2644529493508618,-0.127310939375042,0.119587658269536,1.10847127663814e-6,-0.127668384369048,0.119555475497368,0.707335043838906,HM,SE,valid,FALSE,FALSE,17.09273576972805,0.567639648344142,0.955395207071543,4.87249756015421e-123,0.707335043838906,0.958693423799923,0,NA,0,0,FALSE,valid,regenerating,NA
Mar_23_126_BL60_stem,2023-03-16,BL60,tree,stem,NA,LGR2,rebuild fit (stage 03),14:49:00,14:52:00,2023,3,dry,24.520911108666667,24,NA,0,NA,NA,254.53666666666663,40.45,1160.5366666666664,0.377311533850583,LM,SE | g-fact. > 2 | Intercept (LM),valid,FALSE,FALSE,15.118879211394647,0.377311533850583,0.558369469955817,8.22016013882985e-34,0.974622338506809,0.606685222956841,1.56577432823395,HM,SE,valid,FALSE,FALSE,44.68623931347442,1.2703054438097101,0.990758904165811,3.1088337206157196e-184,1.56577432823395,0.993768685241995,0,NA,0,0,FALSE,valid,regenerating,NA
Mar_23_127_BL60_stem,2023-03-16,BL60,tree,stem,NA,LGR2,rebuild fit (stage 03),14:54:20,14:57:20,2023,3,dry,24.489681480222224,24,NA,0,NA,NA,254.53666666666663,40.45,1160.5366666666664,0.0831437185542992,LM,SE | g-fact. > 2 | Intercept,valid,TRUE,FALSE,3.2161241256885367,0.0831437185542992,0.0493465939967827,0.00154201286003418,0.176756297547021,0.0639082885476756,2.41880241792771,HM,SE,valid,FALSE,FALSE,24.386488724406384,2.13777739889203,0.979001219032232,2.5076440454038393e-152,2.41880241792771,0.980189959952897,0,NA,0,0,FALSE,valid,regenerating,NA
Mar_23_128_BL60_stem,2023-03-16,BL60,tree,stem,NA,LGR2,rebuild fit (stage 03),15:05:20,15:08:20,2023,3,dry,24.425270371555555,24,NA,0,NA,NA,254.53666666666663,40.45,1160.5366666666664,0.764377118282192,HM,SE | Intercept,valid,FALSE,FALSE,4.313687127144346,0.513666825317015,0.569680577011977,7.98274086855778e-35,0.764377118282192,0.575926214311393,2.32163852664678,HM,SE,valid,FALSE,TRUE,17.682987963286614,1.71377081238776,0.952426358015896,1.5597745533756198e-120,2.32163852664678,0.959840009891373,0,NA,0,0,FALSE,valid,regenerating,NA
45001_BL60_Soil_132,2023-03-16,BL60,surface,soil,soil,LGR3,rebuild fit (stage 03),12:36:00,12:39:00,2023,3,dry,22.672266668,20.8,NA,0,NA,NA,12300,433.7,13206,5.93335238467427,HM,SE | Intercept (LM),valid,FALSE,FALSE,64.42224650981996,3.17372900011856,0.962562339769646,2.1869406375001598e-288,5.93335238467427,0.992032186942049,17.7140293507595,HM,NA,valid,FALSE,FALSE,589.2091585112895,12.9953353027083,0.993115568588619,0,17.7140293507595,0.99991589662427,0,NA,0,0,FALSE,valid,regenerating,NA
45001_BL60_Soil_133,2023-03-16,BL60,surface,soil,soil,LGR3,rebuild fit (stage 03),12:51:30,12:54:30,2023,3,dry,22.975350003333332,20.8,NA,0,1022.7,66.5,12300,433.7,13206,10.9190268938173,HM,NA,valid,FALSE,FALSE,88.83884591393867,9.95377049024535,0.997594002455005,1.1946855682916098e-287,10.9190268938173,0.998179665390073,15.8567296326648,HM,SE,valid,FALSE,FALSE,238.6957440057623,12.8309401118686,0.99662448501647,1.27453463043686e-271,15.8567296326648,0.999732547079226,0,NA,0,0,FALSE,valid,regenerating,Bear Lake
45001_BL60_Soil_134,2023-03-16,BL60,surface,soil,soil,LGR3,rebuild fit (stage 03),13:01:00,13:04:00,2023,3,dry,23.075733336666666,21.2,NA,0,1022.7,64.5,12300,433.7,13206,20.1417330354245,HM,SE,valid,FALSE,FALSE,329.5753636808948,19.1404729728693,0.999583797200201,0,20.1417330354245,0.999761714125564,5.2818873035466,HM,NA,valid,FALSE,FALSE,240.04587153905055,4.75779454565264,0.998784910797794,0,5.2818873035466,0.999538966751067,0,NA,0,0,FALSE,valid,regenerating,JG & JP
45001_BL60_Soil_135,2023-03-16,BL60,surface,soil,soil,LGR3,rebuild fit (stage 03),13:15:00,13:18:00,2023,3,dry,23.22366667,21.9,NA,0,1022.7,66.4,12300,433.7,13206,2.44277238018435,HM,AICc,valid,FALSE,FALSE,22.998900879535142,2.41433312925983,0.973760742406928,7.160750951077658e-181,2.44277238018435,0.973650011847738,5.34339643250091,HM,SE,valid,FALSE,FALSE,126.19254658404452,4.73938921879349,0.998069211173122,6.25433499820426e-293,5.34339643250091,0.999051951689772,0,NA,0,0,FALSE,valid,regenerating,System time = 12:50
45001_BL60_Soil_136,2023-03-16,BL60,surface,soil,soil,LGR3,rebuild fit (stage 03),13:23:30,13:26:30,2023,3,dry,23.3580611135,21.9,NA,0,1022.6,63.8,12300,433.7,13206,3.25529451918178,HM,SE,valid,FALSE,FALSE,19.50264653460127,2.68635788364777,0.963817083112255,7.748931008784978e-140,3.25529451918178,0.966326998986446,3.98940134695901,LM,MAE | SE | AICc,valid,FALSE,FALSE,338.51745819446677,3.98940134695901,0.998327308470067,2.4035129040487e-267,4.05162423425713,0.998311433344682,0,NA,0,0,FALSE,valid,regenerating,Real time = 12:31
45001_BL60_Soil_137,2023-03-16,BL60,surface,soil,soil,LGR3,rebuild fit (stage 03),14:00:00,14:07:00,2023,3,dry,23.944000000000003,21.8,NA,0,NA,NA,25600,433.7,26506,3.12227243809789,HM,NA,valid,FALSE,FALSE,89.81790621078528,2.94709135665708,0.993888869680346,0,3.12227243809789,0.994112050498753,4.14674015400813,HM,NA,valid,FALSE,FALSE,300.1269915359064,3.99872742314402,0.999386584134029,0,4.14674015400813,0.999475410913967,0,NA,0,0,FALSE,valid,regenerating,Logging frequency = 1 sec
45001_BL60_Soil_138,2023-03-16,BL60,surface,soil,soil,LGR3,rebuild fit (stage 03),14:15:30,14:18:30,2023,3,dry,24.1959055555,21.8,NA,0,1022.1,46,25600,433.7,26506,17.4611707754432,HM,SE,valid,FALSE,FALSE,43.87866983414763,11.3540304419456,0.978292082632264,1.1074690512249497e-182,17.4611707754432,0.991374283836241,3.72553897390759,LM,MAE | SE | AICc,valid,FALSE,FALSE,178.36880220151633,3.72553897390759,0.993194396723587,2.4213255036563e-237,3.77137727321246,0.993137584641598,0,NA,0,0,FALSE,valid,regenerating,"Weather = sunny, low 80s, light breeze"
45001_BL60_Soil_139,2023-03-16,BL60,surface,soil,soil,LGR3,rebuild fit (stage 03),14:23:00,14:26:00,2023,3,dry,24.284488888,21.7,NA,0,1021.9,46.4,25600,433.7,26506,2.5254035283324,HM,SE | AICc,valid,FALSE,FALSE,14.670143428972064,2.49482331876905,0.929001728670148,1.4299402020500996e-151,2.5254035283324,0.92894402446216,5.80218016554758,LM,RMSE | MAE | SE | AICc,valid,FALSE,FALSE,355.0176083642911,5.80218016554758,0.997933450820215,0,5.8815388741485,0.997886758271567,0,NA,0,0,FALSE,valid,regenerating,NA
45001_BL60_Soil_140,2023-03-16,BL60,surface,soil,soil,LGR3,rebuild fit (stage 03),14:51:00,14:54:00,2023,3,dry,24.509199998,21.6,NA,0,1021.6,53.6,25600,433.7,26506,65.7682170745468,HM,SE,valid,FALSE,FALSE,163.3063641234568,44.0123361027526,0.987556641609396,8.225379523811029e-252,65.7682170745468,0.999253316874956,4.8062653689059,HM,SE | AICc,valid,FALSE,FALSE,71.01170371443672,4.72399919749747,0.996721536321092,0,4.8062653689059,0.996713063003983,0,NA,0,0,FALSE,valid,regenerating,NA
45001_BL60_Soil_141,2023-03-16,BL60,surface,soil,soil,LGR3,rebuild fit (stage 03),15:02:00,15:05:00,2023,3,dry,24.444788889333335,21.6,NA,0,1021.6,46,25600,433.7,26506,274.729970683019,HM,SE,valid,FALSE,TRUE,96.44673095704935,249.289942262716,0.997996644908779,1.63247455935613e-258,274.729970683019,0.998649104968735,4.89972350734958,HM,SE,valid,FALSE,FALSE,43.322875636746296,4.44034870644013,0.992651495204527,6.8532067882350385e-205,4.89972350734958,0.993336125741443,0,NA,0,0,FALSE,valid,regenerating,NA
45001_BL60_Soil_142,2023-03-16,BL60,surface,soil,soil,LGR3,rebuild fit (stage 03),15:15:00,15:18:00,2023,3,dry,24.36866667,22.1,NA,0,1021.5,47.5,25600,433.7,26506,54.4145585946749,HM,SE,valid,FALSE,FALSE,93.22832062019236,37.2398181826041,0.988197226023042,1.50471600695843e-179,54.4145585946749,0.998402932387108,5.85614345934053,HM,SE,valid,FALSE,FALSE,53.29561206482449,4.92110237414672,0.993462467042993,3.7313075010037294e-203,5.85614345934053,0.995566169749014,0,NA,0,0,FALSE,valid,regenerating,NA
45001_BL60_Soil_143,2023-03-16,BL60,surface,soil,soil,LGR3,rebuild fit (stage 03),15:25:00,15:28:00,2023,3,dry,24.340222223333335,NA,NA,0,NA,NA,25600,433.7,26506,14.9583975014842,LM,SE | g-fact. > 2 | Intercept (LM),valid,FALSE,FALSE,84.78133893173437,14.9583975014842,0.958265972261771,1.7513315764417193e-217,30.5758901584625,0.995647689552112,5.1484549562429,HM,SE,valid,FALSE,FALSE,101.83410324314708,4.48968285421012,0.9966980615784932,0,5.1484549562429,0.997980310625583,0,NA,0,0,FALSE,valid,regenerating,NA
45002_SE1_Water_144,2023-03-17,SE1,surface,water,water,LGR2,rebuild fit (stage 03),09:21:00,NA,2023,3,dry,18.303933336,20.6,NA,15,NA,NA,3370,324.3,4276,1.6148127221672612,HM,Intercept (LM),valid,FALSE,FALSE,150.85928855902364,1.00034276250082,0.979989590886265,0,1.64307197567091,0.997188340928187,1.8021454105757713,HM,Intercept (LM),valid,FALSE,FALSE,244.71395641423075,1.14419307721847,0.985424489900358,0,1.77726499701954,0.998886974678747,0,1.6148127221672612,0,0,TRUE,valid,scrub,Real time = 9:22:00
Mar_23_94_SE1_leaves,2023-03-17,SE1,tree,leaves,NA,LGR2,rebuild fit (stage 03),10:50:00,11:00:00,2023,3,dry,21.99116667,NA,NA,NA,NA,NA,2232.644,351,3138.644,0.0027719835539915,HM,AICc | p-value | MDF | Intercept,valid,TRUE,TRUE,0.456177185735399,0.00277312479254202,0.00326252553270023,0.0971724387206205,0.0027719835539915,0.00326108291451499,-0.537793424366556,LM,SE | g-fact. > 2 | Intercept,valid,FALSE,FALSE,30.993136733103103,-0.537793424366556,0.640752436644688,1.09402815007161e-121,-3.76343316088582,0.95261179223008,0,NA,0,0,FALSE,valid,scrub,NA
Mar_23_95_SE1_leaves,2023-03-17,SE1,tree,leaves,NA,LGR2,rebuild fit (stage 03),11:09:00,11:12:00,2023,3,dry,22.75306667,NA,NA,NA,NA,NA,2232.644,351,3138.644,0.00668705581156782,HM,AICc | p-value | MDF | Intercept,valid,TRUE,TRUE,0.38661509729369464,0.00669010657204215,-0.00199070333786056,0.423911023584926,0.00668705581156782,-0.0019920260845514,-0.841919431492635,LM,RMSE | MAE | SE | AICc | Intercept,valid,FALSE,TRUE,7.185706395149875,-0.841919431492635,0.21954396472805,1.74014392328292e-11,-0.84827673121769,0.211473863337119,0,NA,0,0,FALSE,valid,scrub,NA
Mar_23_96_SE1_leaves,2023-03-17,SE1,tree,leaves,NA,LGR2,rebuild fit (stage 03),11:18:00,11:21:00,2023,3,dry,23.083500003,NA,NA,NA,NA,NA,2232.644,351,3138.644,-0.111379927785887,LM,g-fact. > 2 | Intercept (HM),valid,FALSE,FALSE,11.737389654456738,-0.111379927785887,0.431757717593747,5.8458848373303e-24,-0.327910311763338,0.485899646414906,11.20624256177,HM,SE | Intercept (HM),valid,FALSE,TRUE,10.947333778361386,6.31208695230256,0.867693129818627,9.33810540614585e-81,11.20624256177,0.890752882216712,0,NA,0,0,FALSE,valid,scrub,NA
Mar_23_97_SE1_leaves,2023-03-17,SE1,tree,leaves,NA,LGR2,rebuild fit (stage 03),11:33:00,11:36:00,2023,3,dry,23.532666668,NA,NA,NA,NA,NA,2232.644,351,3138.644,-0.00219360121740116,HM,AICc | p-value | MDF | Intercept,valid,TRUE,FALSE,0.08076326394244913,-0.00219792723203849,-0.00511825814367817,0.773069319184394,-0.00219360121740116,-0.00511907853219373,-0.0606142545104107,HM,SE | AICc | p-value | Intercept,valid,FALSE,TRUE,0.16777725764884052,-0.0618232957925133,-0.00406556839260008,0.603197674311418,-0.0606142545104107,-0.00409947663199905,0,NA,0,0,FALSE,valid,scrub,NA
Mar_23_98_SE1_leaves,2023-03-17,SE1,tree,leaves,NA,LGR2,rebuild fit (stage 03),11:43:00,11:46:00,2023,3,dry,23.832111111333333,NA,NA,NA,NA,NA,2232.644,351,3138.644,-0.0107367269861024,HM,AICc | p-value | MDF,valid,TRUE,FALSE,0.3420397287372736,-0.0107385607080584,0.00392997973243991,0.192638126285269,-0.0107367269861024,0.00392742608688268,0.460014385645077,HM,SE | AICc | Intercept,valid,FALSE,TRUE,1.949061630545176,0.459723194923114,0.248401841086499,5.63707003383129e-13,0.460014385645077,0.248320157765639,0,NA,0,0,FALSE,valid,scrub,NA
Mar_23_106_SE1_stem,2023-03-17,SE1,tree,stem,NA,LGR3,rebuild fit (stage 03),09:58:00,10:01:00,2023,3,dry,19.854922223666662,20.3,NA,15,NA,NA,351.02606821205336,125.67941410685968,1257.0260682120531,-0.0187544858621591,HM,AICc | p-value | Intercept,valid,TRUE,TRUE,1.500542979684304,-0.0187625751693033,0.00627506347300588,0.132997263148821,-0.0187544858621591,0.00626764047278883,0.29577569390465003,HM,NA,valid,FALSE,FALSE,18.85738586533726,0.225696106521013,0.955746091461784,2.89076437403476e-138,0.29577569390465003,0.960947542164389,0,NA,0,0,FALSE,valid,scrub,NA
Mar_23_107_SE1_root,2023-03-17,SE1,tree,root,NA,LGR3,rebuild fit (stage 03),10:10:00,10:13:00,2023,3,dry,20.38838889166667,20.3,NA,15,NA,NA,351.02606821205336,125.67941410685968,1257.0260682120531,5.04132779054521,HM,NA,valid,FALSE,FALSE,82.709591928003,3.22143230214153,0.982074925417969,5.074745665806599e-252,5.04132779054521,0.996769204710796,0.569678123737689,HM,NA,valid,FALSE,FALSE,64.73481223304218,0.553469444794868,0.995608148073624,0,0.569678123737689,0.995663054402576,0,NA,0,0,FALSE,valid,scrub,NA
Mar_23_108_SE1_root,2023-03-17,SE1,tree,root,NA,LGR3,rebuild fit (stage 03),10:34:30,10:37:30,2023,3,dry,21.37766667,20.3,NA,15,NA,NA,230.59773064631244,47.877872040708446,1136.5977306463124,0.793593051557095,HM,SE | AICc,valid,FALSE,TRUE,3.671909034553325,0.793671646074291,0.47478722803552,4.5358564789467e-35,0.793593051557095,0.474614250622216,-0.494893734845937,HM,SE | AICc,valid,FALSE,TRUE,18.16748890918372,-0.489259196185427,0.95699086084195,1.85322162050006e-163,-0.494893734845937,0.956358202747048,0,NA,0,0,FALSE,valid,scrub,NA
Mar_23_109_SE1_stem,2023-03-17,SE1,tree,stem,NA,LGR3,rebuild fit (stage 03),10:52:30,10:55:30,2023,3,dry,22.09141667,20.6,NA,10,NA,NA,220.06459879735655,57.45344644885014,1126.064598797357,0.48177772405904,HM,SE | AICc,valid,FALSE,TRUE,0.5756132912476907,0.482066021531563,0.0226200798840637,0.0229778845559773,0.48177772405904,0.0226079937570071,0.953363419064455,HM,SE | Intercept (LM),valid,FALSE,FALSE,19.981573448383138,0.636830121806779,0.954917863069109,2.53996341576477e-125,0.953363419064455,0.96616332704649,0,NA,0,0,FALSE,valid,scrub,NA
Mar_23_110_SE1_stem,2023-03-17,SE1,tree,stem,NA,LGR3,rebuild fit (stage 03),11:00:00,11:03:00,2023,3,dry,22.39216667,20.6,NA,10,NA,NA,193.25299045455984,76.60459526513351,1099.25299045456,-0.0225388612554312,LM,g-fact. > 2 | p-value | Intercept,valid,TRUE,FALSE,1.531796188620092,-0.0225388612554312,0.00643144540502938,0.127099543606636,-0.0476031568330825,0.0172152753360689,0.290307281476867,HM,SE | Intercept (LM),valid,FALSE,FALSE,8.541484325555032,0.153996157252126,0.782608993919085,9.63107333348069e-71,0.290307281476867,0.807655154015955,0,NA,0,0,FALSE,valid,scrub,NA
Mar_23_111_SE1_root,2023-03-17,SE1,tree,root,NA,LGR3,rebuild fit (stage 03),11:07:00,11:10:00,2023,3,dry,22.67286667,20.6,NA,10,NA,NA,210.9079557695711,64.6351272549564,1116.9079557695711,5.80559029023208,LM,SE | g-fact. > 2 | Intercept (LM),valid,FALSE,FALSE,51.61380861621281,5.80559029023208,0.930467850517712,8.477050868249517e-117,14.766458268376,0.994980900435966,1.493132619566,HM,SE | Intercept (LM),valid,FALSE,FALSE,32.36093869300826,0.826325425302341,0.958524148093154,5.0962699693219584e-139,1.493132619566,0.984634457307701,0,NA,0,0,FALSE,valid,scrub,NA
Mar_23_100_SE1_stem,2023-03-17,SE1,tree,stem,NA,LGR3,rebuild fit (stage 03),11:18:30,11:21:30,2023,3,dry,23.098472225166667,21.7,NA,7,NA,NA,172.6056581370043,88.57406327531064,1078.6056581370044,0.00954982293988705,HM,AICc | p-value | MDF | Intercept,valid,TRUE,FALSE,0.22978949672225676,0.00781597432234542,-0.00107963704906555,0.386431102043935,0.00954982293988705,-0.0010239599528683,0.32377379037154,HM,NA,valid,FALSE,FALSE,19.250531119551592,0.221537670045274,0.945540526194436,2.6927336363718093e-146,0.32377379037154,0.955647553973544,0,NA,0,0,FALSE,valid,scrub,NA
Mar_23_101_SE1_root,2023-03-17,SE1,tree,root,NA,LGR3,rebuild fit (stage 03),11:46:15,11:49:15,2023,3,dry,23.926166666666667,21.7,NA,7,NA,NA,220.06459879735655,57.45344644885014,1126.064598797357,0.0936169097041363,LM,SE | g-fact. > 2 | Intercept (LM),valid,TRUE,FALSE,4.275082276446593,0.0936169097041363,0.0880204450532123,3.11011139181949e-5,0.265887382779827,0.101204132517001,0.612407958856563,HM,NA,valid,FALSE,FALSE,17.87277445533165,0.476979077417426,0.957624668450681,2.40929428584233e-124,0.612407958856563,0.961780513868109,0,NA,0,0,FALSE,valid,scrub,NA
Mar_23_102_SE1_root,2023-03-17,SE1,tree,root,NA,LGR3,rebuild fit (stage 03),11:54:00,11:57:00,2023,3,dry,24.138,21.7,NA,7,NA,NA,207.6163520667724,67.02902085699182,1113.6163520667724,1.17204637066296,HM,AICc,valid,FALSE,FALSE,8.441464448460529,0.998234647690462,0.878902815842865,9.9663159564661e-67,1.17204637066296,0.880456249691601,0.238454649710103,HM,SE | AICc | Intercept,valid,FALSE,FALSE,5.64728825600104,0.199583919715054,0.763858510757742,2.9917311733384403e-46,0.238454649710103,0.765528000421896,0,NA,0,0,FALSE,valid,scrub,NA
Mar_23_103_SE1_stem,2023-03-17,SE1,tree,stem,NA,LGR3,rebuild fit (stage 03),12:01:30,12:04:30,2023,3,dry,24.343,21.7,NA,10,NA,NA,153.93328804112804,98.1496376834523,1059.933288041128,9.2676884060338e-4,HM,AICc | p-value | MDF | Intercept,valid,TRUE,FALSE,0.0270137175597837,9.3276863515418e-4,-0.00555287124144344,0.938330468481529,9.2676884060338e-4,-0.00555340971700446,0.311860445367926,LM,SE | g-fact. > 2 | Intercept (LM),valid,FALSE,FALSE,38.878568791100186,0.311860445367926,0.893525334999025,3.318375273939839e-89,0.806342568671981,0.964357088945965,0,NA,0,0,FALSE,valid,scrub,NA
Mar_23_104_SE1_root,2023-03-17,SE1,tree,root,NA,LGR3,rebuild fit (stage 03),12:07:30,12:10:30,2023,3,dry,24.507,21.7,NA,7,NA,NA,153.93328804112804,98.1496376834523,1059.933288041128,6.45029115091716,HM,NA,valid,FALSE,FALSE,53.97267290160926,5.0233618506547,0.990849643656795,1.01541197676745e-189,6.45029115091716,0.995518279162261,0.840958810763724,HM,NA,valid,FALSE,FALSE,45.55915385270224,0.719246104670775,0.992288538849771,1.4811864388984599e-196,0.840958810763724,0.993991765078394,0,NA,0,0,FALSE,valid,scrub,NA
45003_FLM30_Water_145,2023-03-18,FLM30,surface,water,water,LGR1,rebuild fit (stage 03),11:03:00,NA,2023,3,dry,25.140800002,NA,NA,20,NA,NA,3370,324.3,4276,3.857383525782134,HM,NA,valid,FALSE,FALSE,199.14568206264545,2.87375755196389,0.993452300095286,0,3.78592899518826,0.998860467097967,0.4549262210921142,HM,NA,valid,FALSE,FALSE,59.8970425797492,0.431930647462769,0.989110293156869,0,0.49711672215468,0.990541114026993,0.01064743214493229,3.8467360936372015,0.00276027314208363,1,TRUE,valid,ghost,water temp = 25.6
LGR1_2023-03-18_FLM30_P09,2023-03-18,FLM30,surface,water,water,LGR1,unlogged placement (stage 04),12:24:24,12:28:01,2023,3,dry,26.868088888666662,28.1,NA,NA,NA,NA,3370,324.3,4276,9.794337680332296,NA,NA,valid,FALSE,FALSE,NA,NA,NA,NA,NA,NA,0.1842402056042448,NA,NA,valid,FALSE,FALSE,NA,NA,NA,NA,NA,NA,0,9.794337680332296,0,0,TRUE,valid,ghost,unlogged placement: Short separate placement after the 11:01-12:21 run ends and before the 12:34 placement (water 147); lifts on both sides. Not on the field sheet.
LGR1_2023-03-18_FLM30_P10,2023-03-18,FLM30,surface,water,water,LGR1,unlogged placement (stage 04),12:28:45,12:32:49,2023,3,dry,26.868088888666662,28.1,NA,NA,NA,NA,3370,324.3,4276,13.678276028138391,NA,NA,valid,FALSE,FALSE,NA,NA,NA,NA,NA,NA,0.28394689019276936,NA,NA,valid,FALSE,FALSE,NA,NA,NA,NA,NA,NA,0,13.678276028138391,0,0,TRUE,valid,ghost,"unlogged placement: Second short separate placement, 12:28:45-12:32:49; lifts on both sides. Not on the field sheet."
45003_FLM30_Water_147,2023-03-18,FLM30,surface,water,water,LGR1,rebuild fit (stage 03),12:47:00,12:50:00,2023,3,dry,26.868088888666662,28.1,NA,NA,NA,NA,3370,324.3,4276,6.972776625655201,LM,RMSE | MAE | SE | AICc,valid,FALSE,TRUE,286.0908242730186,6.94684170334231,0.993566947523204,0,6.97665160803535,0.993374218648547,0.325616397538198,HM,NA,valid,FALSE,FALSE,48.57513978594823,0.341076226215285,0.988458137278708,0,0.392397690178227,0.989809258870384,0,6.972776625655201,0,0,TRUE,valid,ghost,water temp = 30
45003_FLM30_Water_148,2023-03-18,FLM30,surface,water,water,LGR1,rebuild fit (stage 03),12:55:00,12:58:00,2023,3,dry,26.820444443333333,NA,NA,2,NA,NA,3370,324.3,4276,5.120974576213312,HM,AICc,valid,FALSE,FALSE,77.11416304891821,5.01884820635591,0.997572516705084,2.18423340274063e-293,5.10603762946483,0.997587618921981,0.31977745020309795,HM,AICc,valid,FALSE,FALSE,14.777002676895815,0.318101241857298,0.939533594021843,2.7695052870518293e-139,0.321868892655375,0.939456509084418,0,5.120974576213312,0,0,TRUE,valid,ghost,very shallow water
45003_FLM30_Water_149,2023-03-18,FLM30,surface,water,water,LGR1,rebuild fit (stage 03),13:01:00,13:04:00,2023,3,dry,26.784711109333333,NA,NA,17,NA,NA,3370,324.3,4276,8.322998503390096,HM,SE,valid,FALSE,FALSE,126.04659947186452,6.64325157491288,0.994426904819651,0,8.25542827519898,0.997540684081219,0.48651599389681094,HM,NA,valid,FALSE,FALSE,51.108950771372406,0.471646554007317,0.986708221936964,0,0.489119672815816,0.986800479037107,0,8.322998503390096,0,0,TRUE,valid,ghost,water temp = 30.5
45003_FLM30_Water_151,2023-03-18,FLM30,surface,water,water,LGR1,rebuild fit (stage 03),13:12:00,13:15:00,2023,3,dry,26.719199997,NA,NA,21,NA,NA,3370,324.3,4276,8.758746599333383,LM,RMSE | MAE | SE | AICc,valid,FALSE,TRUE,214.37443681278032,8.77563501725479,0.993967181833516,7.01233374028221e-293,8.8260032688738,0.993785549187572,0.4593206846736021,HM,NA,valid,FALSE,FALSE,25.97991688595358,0.406335976153452,0.972789909991891,1.2964252936173794e-220,0.479208060866199,0.974739153163213,0,8.758746599333383,0,0,TRUE,valid,ghost,water temp = 30.1
45003_FLM30_Water_152,2023-03-18,FLM30,surface,water,water,LGR1,rebuild fit (stage 03),13:21:00,13:24:00,2023,3,dry,26.831866664,NA,NA,12,NA,NA,3370,324.3,4276,7.57436719839559,HM,NA,valid,FALSE,FALSE,56.8761202731724,5.52224555217758,0.990890503505271,5.00567580432438e-244,6.80964530950537,0.993714561979979,0.4384077837125675,HM,AICc,valid,FALSE,FALSE,22.44013080700961,0.381786257609304,0.963312897914341,2.5134423413672596e-172,0.38842365456846,0.963305346887887,0.22835720689879996,7.34600999149679,0.03014868449303208,1,TRUE,valid,ghost,"water temp = 31.4, near root (dead)"
45003_FLM30_Water_153,2023-03-18,FLM30,surface,water,water,LGR1,rebuild fit (stage 03),13:27:00,13:33:00,2023,3,dry,26.962399998,NA,NA,20,NA,NA,3370,324.3,4276,5.231012859846996,LM,RMSE | MAE | SE | AICc | Intercept,valid,FALSE,TRUE,192.9749947958875,5.64394003045812,0.991514300077621,0,5.70454926206164,0.991444322636347,0.46175699372336926,HM,MAE | AICc,valid,FALSE,TRUE,43.62519305631198,0.464880535933426,0.988381249003981,0,0.468477789236876,0.988243891731521,0,5.231012859846996,0,0,TRUE,valid,ghost,water temp = 31.3
45003_FLM30_Water_154,2023-03-18,FLM30,surface,water,water,LGR1,rebuild fit (stage 03),13:36:00,14:06:00,2023,3,dry,27.158199999,NA,NA,27,NA,NA,3370,324.3,4276,4.865001041419341,HM,NA,valid,FALSE,FALSE,180.786406128776,4.26624920628651,0.99767817422009,0,4.83361024062204,0.998743200148852,0.6615906111845314,LM,RMSE | MAE | AICc,valid,FALSE,TRUE,366.24595682458533,0.666532541218676,0.995539518157051,0,0.670620107454912,0.995366799707374,0,4.865001041419341,0,0,TRUE,valid,ghost,water temp = 32.9
45003_FLM30_Water_155,2023-03-18,FLM30,surface,water,water,LGR1,rebuild fit (stage 03),14:09:00,14:19:00,2023,3,dry,27.7036,NA,NA,22,NA,NA,3370,324.3,4276,5.254419060377278,HM,NA,valid,FALSE,FALSE,185.4236258950893,5.1996275751906,0.998773931891481,0,5.41389141272543,0.998886752908717,0.6915901757790197,HM,NA,valid,FALSE,FALSE,147.67618713008972,0.674988622697825,0.998118177550021,0,0.687662592838785,0.998137771158195,0,5.254419060377278,0,0,TRUE,valid,ghost,water temp = 33.4
45003_FLM30_Water_156,2023-03-18,FLM30,surface,water,water,LGR1,rebuild fit (stage 03),14:24:00,14:39:00,2023,3,dry,27.671399999,NA,NA,27,NA,NA,3370,324.3,4276,7.802963889303084,HM,SE | Intercept (LM),valid,FALSE,FALSE,140.3141736355238,3.95234637010835,0.972080907632109,0,7.10222541339047,0.996567140886699,0.7456307019086486,HM,NA,valid,FALSE,FALSE,108.75429726606232,0.535988223596117,0.986885730563979,0,0.763051741281203,0.995902697979249,0.02956475016346733,7.773399139139617,0.00378891285194809,1,TRUE,valid,ghost,water temp = 34.1
Mar_23_71_FLM30_stem,2023-03-18,FLM30,tree,stem,NA,LGR2,rebuild fit (stage 03),10:51:00,10:54:00,2023,3,dry,24.890933334,NA,NA,9,NA,NA,460.99555555555554,107.68,1366.9955555555557,41.5562413097383,HM,NA,valid,FALSE,TRUE,578.9838487970479,40.7906545357135,0.999943898180819,0,41.5562413097383,0.999965961339482,1.20447984241568,HM,AICc,valid,FALSE,TRUE,65.78061365971834,1.18603696908688,0.9973833006504,2.80472997210315e-233,1.20447984241568,0.99737490672648,0,NA,0,0,FALSE,valid,ghost,NA
Mar_23_72_FLM30_stem,2023-03-18,FLM30,tree,stem,NA,LGR2,rebuild fit (stage 03),10:59:30,11:02:30,2023,3,dry,25.06792222383333,NA,NA,9,NA,NA,1106.6016666666667,213.35,2012.601666666667,3.12805065073676,HM,MAE | AICc,valid,FALSE,FALSE,66.8272944509369,3.07917113007403,0.99746245029855,1.7947729578754094e-234,3.12805065073676,0.997456488775153,1.36080170727001,HM,NA,valid,FALSE,FALSE,101.95176240975208,1.21925431085101,0.99803545705442,2.02157880396049e-244,1.36080170727001,0.998852967586357,0,NA,0,0,FALSE,valid,ghost,NA
Mar_23_73_FLM30_stem,2023-03-18,FLM30,tree,stem,NA,LGR2,rebuild fit (stage 03),11:08:30,11:11:30,2023,3,dry,25.255322224833336,NA,NA,9,NA,NA,1106.6016666666667,213.35,2012.601666666667,0.424526516390032,HM,Intercept,valid,FALSE,FALSE,10.262139803325091,0.318574393737137,0.884861812438201,3.66096014934399e-86,0.424526516390032,0.890140661705916,1.14568664867619,HM,NA,valid,FALSE,FALSE,82.22671143441555,1.069537598195,0.997952658614887,8.13449264332758e-243,1.14568664867619,0.998272229507882,0,NA,0,0,FALSE,valid,ghost,NA
Mar_23_74_FLM30_stem,2023-03-18,FLM30,tree,stem,NA,LGR2,rebuild fit (stage 03),11:18:00,11:21:00,2023,3,dry,25.451033336,NA,NA,9,NA,NA,254.53666666666663,40.45,1160.5366666666664,69.1183895901109,HM,SE,valid,FALSE,FALSE,100.010775522763,45.1722874222799,0.984906720132319,3.6538095614104093e-165,69.1183895901109,0.998621333164884,25.3752018077086,HM,SE | Intercept (LM),valid,FALSE,FALSE,85.12363169577031,15.3294435812268,0.979199177413185,1.07413255525367e-152,25.3752018077086,0.998033420430133,0,NA,0,0,FALSE,valid,ghost,NA
Mar_23_75_FLM30_stem,2023-03-18,FLM30,tree,stem,NA,LGR2,rebuild fit (stage 03),11:31:00,11:34:00,2023,3,dry,25.712622222,NA,NA,15,NA,NA,460.99555555555554,107.68,1366.9955555555557,2.71563214575772,HM,NA,valid,FALSE,FALSE,50.69657316769792,2.25303247420058,0.992802715305022,5.9772796141494e-194,2.71563214575772,0.995203047734769,1.59393380592981,HM,NA,valid,FALSE,FALSE,101.02082537646426,1.49005805839827,0.998544198526203,4.532293449023169e-256,1.59393380592981,0.998855859369322,0,NA,0,0,FALSE,valid,ghost,NA
Mar_23_77_FLM30_stem,2023-03-18,FLM30,tree,stem,NA,LGR2,rebuild fit (stage 03),11:41:30,11:44:30,2023,3,dry,25.923905553,NA,NA,15,NA,NA,460.99555555555554,107.68,1366.9955555555557,0.0641667645959003,HM,AICc | Intercept,valid,TRUE,FALSE,1.3086313196966688,0.0512857646207304,0.114492826148474,1.89382471338433e-6,0.0641667645959003,0.115310137030377,2.66958640100928,HM,NA,valid,FALSE,FALSE,130.3331081949095,2.03297628409237,0.993901275426825,2.1805333027362398e-200,2.66958640100928,0.999241257065739,0,NA,0,0,FALSE,valid,ghost,NA
Mar_23_88_FLM30_stem,2023-03-18,FLM30,tree,stem,NA,LGR2,rebuild fit (stage 03),11:57:00,12:00:00,2023,3,dry,26.19713333,24.9,NA,5,NA,NA,460.99555555555554,107.68,1366.9955555555557,3.76060248501581,HM,NA,valid,FALSE,FALSE,81.62772294611027,3.4630410247119,0.997760977314477,2.44950278224814e-239,3.76060248501581,0.998235829596391,1.62363229837682,HM,NA,valid,FALSE,FALSE,110.36303348023692,1.48038806388554,0.998438604638285,2.38836642929258e-253,1.62363229837682,0.999029413681885,0,NA,0,0,FALSE,valid,ghost,NA
Mar_23_89_FLM30_stem,2023-03-18,FLM30,tree,stem,NA,LGR2,rebuild fit (stage 03),12:02:30,12:05:30,2023,3,dry,26.29008333,24.9,NA,5,NA,NA,460.99555555555554,107.68,1366.9955555555557,3.25370369781705,HM,NA,valid,FALSE,FALSE,68.63317027426068,2.92051509838124,0.996645396556552,1.2704804893451193e-223,3.25370369781705,0.997474572391332,1.60246888786769,HM,NA,valid,FALSE,FALSE,97.15496744617994,1.41736212640561,0.997679043123349,6.110308842759739e-238,1.60246888786769,0.998729024075189,0,NA,0,0,FALSE,valid,ghost,NA
Mar_23_90_FLM30_stem,2023-03-18,FLM30,tree,stem,NA,LGR2,rebuild fit (stage 03),12:09:30,12:12:30,2023,3,dry,26.40838333,24.9,NA,5,NA,NA,460.99555555555554,107.68,1366.9955555555557,-0.0729334156612834,HM,AICc,valid,TRUE,FALSE,1.9466129345381944,-0.069006401968295,0.242681131828497,1.12338121373177e-12,-0.0729334156612834,0.242735923611105,1.29511524961812,HM,NA,valid,FALSE,FALSE,76.56856976798812,1.1207194220778,0.996451322678125,1.95018569751342e-221,1.29511524961812,0.997933540113834,0,NA,0,0,FALSE,valid,ghost,NA
Mar_23_91_FLM30_stem,2023-03-18,FLM30,tree,stem,NA,LGR2,rebuild fit (stage 03),12:19:30,12:22:30,2023,3,dry,26.5581333305,24.6,NA,5,NA,NA,460.99555555555554,107.68,1366.9955555555557,36.3055808392605,HM,NA,valid,FALSE,TRUE,341.5504460344236,33.0258492400062,0.999273843961633,4.17541829946441e-283,36.3055808392605,0.999898438993413,1.9167537382975,HM,NA,valid,FALSE,FALSE,103.03434559299144,1.63888620487767,0.997118123106942,1.5846410229401993e-229,1.9167537382975,0.998851053972832,0,NA,0,0,FALSE,valid,ghost,NA
Mar_23_92_FLM30_stem,2023-03-18,FLM30,tree,stem,NA,LGR2,rebuild fit (stage 03),12:26:00,12:29:00,2023,3,dry,26.640177775666668,24.6,NA,5,NA,NA,460.99555555555554,107.68,1366.9955555555557,-0.726734225268737,HM,Intercept (HM),valid,FALSE,FALSE,12.927987071671453,-0.550748581135351,0.923097440487816,7.36448604303376e-102,-0.726734225268737,0.928196224228408,1.63991401508109,HM,NA,valid,FALSE,FALSE,73.01633206507036,1.43530975778893,0.996539552404333,2.0485335640118095e-222,1.63991401508109,0.997740659414801,0,NA,0,0,FALSE,valid,ghost,NA
Mar_23_93_FLM30_stem,2023-03-18,FLM30,tree,stem,NA,LGR2,rebuild fit (stage 03),12:33:00,12:36:00,2023,3,dry,26.728533332,24.6,NA,5,NA,NA,460.99555555555554,107.68,1366.9955555555557,-0.0652309265379274,HM,AICc | Intercept,valid,FALSE,TRUE,4.512362415619914,-0.0650773040422992,0.464309551389751,1.01388709610238e-52,-0.0652309265379274,0.464195816851185,2.19237427583412,HM,Intercept (LM),valid,FALSE,FALSE,131.6120171272838,1.20602698783675,0.971956440243841,8.432282648508618e-292,2.19237427583412,0.998231536183835,0,NA,0,0,FALSE,valid,ghost,NA
Mar_23_82_FLM30_stem,2023-03-18,FLM30,tree,stem,NA,LGR2,rebuild fit (stage 03),12:48:00,12:51:00,2023,3,dry,26.862133333,25.9,NA,5,NA,NA,254.53666666666663,40.45,1160.5366666666664,15.7353104806123,HM,NA,valid,FALSE,FALSE,151.1516757803909,15.3515658590619,0.999457694750828,1.87629331384774e-293,15.7353104806123,0.999499371612936,4.90792297861116,HM,NA,valid,FALSE,FALSE,149.48335524857376,4.78296423746573,0.99944251648659,2.21947208873453e-293,4.90792297861116,0.999487854749417,0,NA,0,0,FALSE,valid,ghost,NA
Mar_23_83_FLM30_stem,2023-03-18,FLM30,tree,stem,NA,LGR2,rebuild fit (stage 03),12:54:00,12:57:00,2023,3,dry,26.826399999,25.9,NA,5,NA,NA,254.53666666666663,40.45,1160.5366666666664,0.291306104710497,HM,AICc | Intercept,valid,FALSE,FALSE,3.4444085471872956,0.289344321161022,0.510344955255522,8.83497157915493e-30,0.291306104710497,0.510253564856228,6.6592730054873,HM,SE | Intercept (LM),valid,FALSE,FALSE,79.5086907644538,4.64756485949606,0.988819291226842,7.920826507129529e-177,6.6592730054873,0.997882068165979,0,NA,0,0,FALSE,valid,ghost,NA
Mar_23_84_FLM30_stem,2023-03-18,FLM30,tree,stem,NA,LGR2,rebuild fit (stage 03),13:00:30,13:03:30,2023,3,dry,26.787688887166667,25.9,NA,5,NA,NA,254.53666666666663,40.45,1160.5366666666664,0.397479687855908,HM,AICc | Intercept,valid,FALSE,FALSE,4.370855433929201,0.371090625369869,0.619234666402757,1.34611787732966e-39,0.397479687855908,0.619435540773583,6.80948326531069,HM,SE,valid,FALSE,FALSE,169.50415735253253,6.32823628187615,0.999222074054565,1.98382881951715e-280,6.80948326531069,0.999592117226111,0,NA,0,0,FALSE,valid,ghost,NA
Mar_23_85_FLM30_stem,2023-03-18,FLM30,tree,stem,NA,LGR2,rebuild fit (stage 03),13:18:30,13:21:30,2023,3,dry,26.777477774833333,25.4,NA,2,NA,NA,1106.6016666666667,213.35,2012.601666666667,7.01691746082765,HM,NA,valid,FALSE,FALSE,171.22888157905956,6.44462356657288,0.999096815543778,1.2605199599325395e-274,7.01691746082765,0.999597977766534,1.3981382855227,HM,NA,valid,FALSE,FALSE,122.36401167582592,1.27910315115494,0.998667249557896,1.67366917103365e-259,1.3981382855227,0.999211565668356,0,NA,0,0,FALSE,valid,ghost,NA
Mar_23_86_FLM30_stem,2023-03-18,FLM30,tree,stem,NA,LGR2,rebuild fit (stage 03),13:29:30,13:32:30,2023,3,dry,27.016788887166665,25.4,NA,2,NA,NA,460.99555555555554,107.68,1366.9955555555557,0.0384785294515037,LM,AICc | g-fact. > 2 | Intercept,valid,TRUE,FALSE,3.698358819667955,0.0384785294515037,0.06579821956673,2.8845322981396e-4,0.0784862039631889,0.0720482436786065,2.85666462231201,HM,NA,valid,FALSE,FALSE,182.34079675567153,2.59742460463163,0.999019290630142,2.0018551522352e-271,2.85666462231201,0.999643701852101,0,NA,0,0,FALSE,valid,ghost,NA
Mar_23_80_FLM30_stem,2023-03-18,FLM30,tree,stem,NA,LGR2,rebuild fit (stage 03),13:47:45,13:50:45,2023,3,dry,27.394058333333337,25.7,NA,0,NA,NA,460.99555555555554,107.68,1366.9955555555557,0.0733131539785854,LM,g-fact. > 2 | Intercept (LM),valid,TRUE,FALSE,6.639925981055785,0.0733131539785854,0.193145718625399,3.62533814291025e-10,0.219363250450501,0.209350315559586,2.01402153682916,HM,NA,valid,FALSE,FALSE,128.342092041127,1.68275573705535,0.996976774234599,1.1511384811369995e-227,2.01402153682916,0.999250887769014,0,NA,0,0,FALSE,valid,ghost,NA
Mar_23_79_FLM30_stem,2023-03-18,FLM30,tree,stem,NA,LGR2,rebuild fit (stage 03),13:53:15,13:56:15,2023,3,dry,27.474175,25.7,NA,0,NA,NA,460.99555555555554,107.68,1366.9955555555557,0.102117380197142,HM,AICc | Intercept,valid,FALSE,FALSE,2.6572714526300873,0.101116481711037,0.381531329019022,1.21571988886632e-20,0.102117380197142,0.381486679541094,2.18322041360022,HM,NA,valid,FALSE,FALSE,135.38066218578678,2.02818547890879,0.998986060084875,3.9507030435788905e-270,2.18322041360022,0.999360685954548,0,NA,0,0,FALSE,valid,ghost,NA
Mar_23_78_FLM30_stem,2023-03-18,FLM30,tree,stem,NA,LGR2,rebuild fit (stage 03),14:06:30,14:09:30,2023,3,dry,27.667183333333337,25.7,NA,0,NA,NA,1106.6016666666667,213.35,2012.601666666667,2.99491409333013,HM,AICc,valid,FALSE,FALSE,43.30739746010966,2.94822510367954,0.993966870350872,8.283697085638539e-201,2.99491409333013,0.993963267563561,1.11885017843076,HM,NA,valid,FALSE,FALSE,32.79891592852033,0.829391497828389,0.981191927185505,1.3068714017744194e-156,1.11885017843076,0.988008122969318,0,NA,0,0,FALSE,valid,ghost,NA
Mar_23_81_FLM30_stem,2023-03-18,FLM30,tree,stem,NA,LGR2,rebuild fit (stage 03),14:23:30,14:26:30,2023,3,dry,27.6780444435,NA,NA,NA,NA,NA,254.53666666666663,40.45,1160.5366666666664,2.19622602199184,HM,AICc,valid,FALSE,TRUE,27.714341626456054,2.18062953571494,0.981220457595236,4.5846896165374495e-205,2.19622602199184,0.981031365060796,7.49569294141237,HM,SE,valid,FALSE,FALSE,284.34772685847463,7.27772269323332,0.999755324650185,0,7.49569294141237,0.999814227128993,0,NA,0,0,FALSE,valid,ghost,NA
Mar_23_49_FLM30_stem,2023-03-18,FLM30,tree,stem,NA,LGR3,rebuild fit (stage 03),10:25:40,10:28:40,2023,3,dry,23.976125923777776,23.3,NA,2,NA,NA,1106.6016666666667,213.35,2012.601666666667,108.782283582842,LM,RMSE | MAE | SE | AICc,valid,FALSE,TRUE,25.031194528757375,108.782283582842,0.809723701356829,1.1028064957235e-54,109.033533603343,0.809504415989806,0.953217791538351,HM,RMSE | AICc,valid,FALSE,TRUE,39.62016288033968,0.942803516189138,0.994229920459103,1.4795018719616695e-165,0.953217791538351,0.994121781018672,0,NA,0,0,FALSE,valid,ghost,NA
Mar_23_50_FLM30_stem,2023-03-18,FLM30,tree,stem,NA,LGR3,rebuild fit (stage 03),10:33:49,10:36:49,2023,3,dry,24.30909870246111,23.3,NA,2,NA,NA,1106.6016666666667,213.35,2012.601666666667,0.711790282023592,HM,NA,valid,FALSE,FALSE,13.820049075634032,0.625813649727765,0.938045882622873,2.7320904415403496e-113,0.711790282023592,0.939111176217396,2.06333201435299,HM,NA,valid,FALSE,FALSE,114.90405315169797,1.94497374167654,0.998859601668653,6.336220737481808e-273,2.06333201435299,0.99909474931715,0,NA,0,0,FALSE,valid,ghost,NA
Mar_23_51_FLM30_stem,2023-03-18,FLM30,tree,stem,NA,LGR3,rebuild fit (stage 03),10:42:30,10:45:30,2023,3,dry,24.66386111083333,23.3,NA,2,NA,NA,1106.6016666666667,213.35,2012.601666666667,0.185893530048562,LM,g-fact. > 2 | Intercept (LM),valid,FALSE,FALSE,25.723572559405586,0.185893530048562,0.723104546532038,1.92889072182167e-72,0.42173036173184,0.761678593076411,2.40500860843551,HM,NA,valid,FALSE,FALSE,184.7837594037603,2.26803051583513,0.999290329109054,0,2.40500860843551,0.999521820314689,0,NA,0,0,FALSE,valid,ghost,NA
Mar_23_52_FLM30_stem,2023-03-18,FLM30,tree,stem,NA,LGR3,rebuild fit (stage 03),10:55:30,10:58:30,2023,3,dry,24.9846333345,24.8,NA,2,NA,NA,1106.6016666666667,213.35,2012.601666666667,5.65834289568125,HM,AICc,valid,FALSE,TRUE,40.950316987567504,5.61058073208681,0.994373687139252,3.06035759760124e-174,5.65834289568125,0.994242459707611,1.12783920678544,HM,NA,valid,FALSE,FALSE,54.956046790015584,1.02810676090497,0.996066652366937,3.91382705412114e-186,1.12783920678544,0.996655144868373,0,NA,0,0,FALSE,valid,ghost,NA
Mar_23_53_FLM30_stem,2023-03-18,FLM30,tree,stem,NA,LGR3,rebuild fit (stage 03),11:03:38,11:06:38,2023,3,dry,25.15398740947778,24.8,NA,2,NA,NA,1106.6016666666667,213.35,2012.601666666667,0.0496499188843242,LM,g-fact. > 2 | Intercept,valid,TRUE,FALSE,2.454922475350421,0.0496499188843242,0.0411929950726538,0.015575759516475,0.127755167820344,0.0662268761005865,1.80625996950841,HM,SE,valid,FALSE,FALSE,50.51114856833181,1.61571399895723,0.996088588603228,1.02030663819668e-141,1.80625996950841,0.99695731538807,0,NA,0,0,FALSE,valid,ghost,NA
Mar_23_54_FLM30_stem,2023-03-18,FLM30,tree,stem,NA,LGR3,rebuild fit (stage 03),11:12:00,11:15:00,2023,3,dry,25.328200003000003,24.8,NA,2,NA,NA,1106.6016666666667,213.35,2012.601666666667,0.0911956083979115,LM,g-fact. > 2 | Intercept,valid,FALSE,FALSE,10.699430260758476,0.0911956083979115,0.331343539382818,6.5049414695223e-22,0.214621020029302,0.349047617218139,1.88958850554105,HM,NA,valid,FALSE,FALSE,139.76513287056508,1.81883587545926,0.999152192036301,0,1.88958850554105,0.99925099374943,0,NA,0,0,FALSE,valid,ghost,NA
Mar_23_43_FLM30_stem,2023-03-18,FLM30,tree,stem,NA,LGR3,rebuild fit (stage 03),11:21:30,11:24:30,2023,3,dry,25.521461113,24,NA,0,NA,NA,1106.6016666666667,213.35,2012.601666666667,10.7596475667455,HM,NA,valid,FALSE,FALSE,131.73392973898956,8.20120713010429,0.994064887177194,2.6721794007666896e-190,10.7596475667455,0.999298639491879,1.65207630092699,HM,NA,valid,FALSE,FALSE,92.7143028493979,1.40851828676837,0.996865449944913,9.9614352527358e-214,1.65207630092699,0.998657796028061,0,NA,0,0,FALSE,valid,ghost,NA
Mar_23_44_FLM30_stem,2023-03-18,FLM30,tree,stem,NA,LGR3,rebuild fit (stage 03),11:32:00,11:35:00,2023,3,dry,25.732744444,24,NA,0,NA,NA,1106.6016666666667,213.35,2012.601666666667,0.168607527817566,HM,AICc | Intercept,valid,FALSE,FALSE,3.62390014179846,0.167471416741673,0.538481056521906,9.39539035114255e-32,0.168607527817566,0.538406244127803,1.80261511707982,HM,NA,valid,FALSE,FALSE,122.16431821441486,1.74105560735815,0.999156405935869,3.3404131159628595e-274,1.80261511707982,0.999238465611902,0,NA,0,0,FALSE,valid,ghost,NA
Mar_23_45_FLM30_stem,2023-03-18,FLM30,tree,stem,NA,LGR3,rebuild fit (stage 03),11:39:30,11:42:30,2023,3,dry,25.883661109,24,NA,0,NA,NA,1106.6016666666667,213.35,2012.601666666667,0.118215664425924,HM,AICc | Intercept,valid,FALSE,TRUE,1.9668525226375144,0.118099053211569,0.28137530660022,6.40924995752262e-13,0.118215664425924,0.281283261136775,2.2556680223973,HM,NA,valid,FALSE,FALSE,107.45521772045451,2.07172287688223,0.998622894562079,1.957928381175729e-222,2.2556680223973,0.999120611646785,0,NA,0,0,FALSE,valid,ghost,NA
Mar_23_46_FLM30_stem,2023-03-18,FLM30,tree,stem,NA,LGR3,rebuild fit (stage 03),11:53:05,11:56:05,2023,3,dry,26.130941663333335,24.3,NA,0,NA,NA,1106.6016666666667,213.35,2012.601666666667,97.4656782253877,HM,SE,valid,FALSE,TRUE,339.04497601526856,91.9856518104468,0.999691724821636,2.3998564474068997e-237,97.4656782253877,0.999923961233072,2.05411528830535,HM,NA,valid,FALSE,FALSE,82.92037823053697,1.90235021981656,0.998308859987052,8.121322053991929e-188,2.05411528830535,0.998718302411341,0,NA,0,0,FALSE,valid,ghost,NA
Mar_23_47_FLM30_stem,2023-03-18,FLM30,tree,stem,NA,LGR3,rebuild fit (stage 03),11:59:47,12:02:47,2023,3,dry,26.244171663333333,24.3,NA,0,NA,NA,1106.6016666666667,213.35,2012.601666666667,0.938557612688039,HM,Intercept,valid,FALSE,FALSE,8.836699087344488,0.484262152712975,0.829509826087542,4.2493383610455495e-60,0.938557612688039,0.85852237824664,1.62450875582672,HM,NA,valid,FALSE,FALSE,74.60249510818335,1.47789862171539,0.997593768167634,7.705359469328188e-200,1.62450875582672,0.998203750817833,0,NA,0,0,FALSE,valid,ghost,NA
Mar_23_48_FLM30_stem,2023-03-18,FLM30,tree,stem,NA,LGR3,rebuild fit (stage 03),12:06:45,12:09:45,2023,3,dry,26.36190833,24.3,NA,0,NA,NA,1106.6016666666667,213.35,2012.601666666667,0.11709238759146,LM,g-fact. > 2 | Intercept (HM),valid,FALSE,FALSE,9.548996427433115,0.11709238759146,0.34007921594909,1.22328993379959e-17,0.273427905685346,0.36411466028018,1.97845116923986,HM,NA,valid,FALSE,FALSE,112.35598122956368,1.81149160299788,0.99855288799656,3.376848860979999e-249,1.97845116923986,0.999091092319244,0,NA,0,0,FALSE,valid,ghost,NA
Mar_23_65_FLM30_stem,2023-03-18,FLM30,tree,stem,NA,LGR3,rebuild fit (stage 03),12:17:00,12:20:00,2023,3,dry,26.526577774666663,25.1,NA,3,NA,NA,1106.6016666666667,213.35,2012.601666666667,10.4879077102106,HM,SE,valid,FALSE,FALSE,48.57739542445543,6.92679337498,0.981830877730645,3.661406562954989e-136,10.4879077102106,0.995004207364342,1.13554340462648,HM,NA,valid,FALSE,FALSE,36.21296202198955,0.763724432186808,0.979774554855335,1.4110201000937998e-132,1.13554340462648,0.99111455788916,0,NA,0,0,FALSE,valid,ghost,NA
Mar_23_66_FLM30_stem,2023-03-18,FLM30,tree,stem,NA,LGR3,rebuild fit (stage 03),12:28:00,12:31:00,2023,3,dry,26.665422220333333,25.1,NA,3,NA,NA,1106.6016666666667,213.35,2012.601666666667,0.201936109430366,HM,SE | AICc | Intercept,valid,FALSE,TRUE,1.0136326296510862,0.202177832610012,0.0757165075590562,1.1386240469431e-4,0.201936109430366,0.0756794074862883,0.228894693080876,LM,SE | g-fact. > 2 | Intercept (LM),valid,FALSE,FALSE,21.862603845276855,0.228894693080876,0.72823325541184,3.58668759962516e-52,0.882186852523245,0.867653816358948,0,NA,0,0,FALSE,valid,ghost,NA
Mar_23_67_FLM30_stem,2023-03-18,FLM30,tree,stem,NA,LGR3,rebuild fit (stage 03),12:37:13,12:40:13,2023,3,dry,26.781757036172223,25.1,NA,3,NA,NA,1106.6016666666667,213.35,2012.601666666667,0.069644356488406,HM,AICc,valid,FALSE,FALSE,5.204276025971214,0.069086238072839,0.493787485314308,2.9378388641840502e-67,0.069644356488406,0.493720669793239,1.76206617484129,HM,NA,valid,FALSE,FALSE,353.8550091871259,1.47995274706158,0.997646428447068,0,1.76206617484129,0.999759844071835,0,NA,0,0,FALSE,valid,ghost,NA
Mar_23_68_FLM30_stem,2023-03-18,FLM30,tree,stem,NA,LGR3,rebuild fit (stage 03),12:56:00,12:59:30,2023,3,dry,26.814488887666663,25.2,NA,1,NA,NA,1106.6016666666667,213.35,2012.601666666667,2.09229750230115,LM,SE | g-fact. > 2 | Intercept (HM),valid,FALSE,FALSE,39.614289722300825,2.09229750230115,0.861560656316224,5.55866587956475e-110,4.290234178895,0.908044248039717,1.73821915153145,HM,NA,valid,FALSE,FALSE,120.104630223603,1.32748466991307,0.993553211630478,3.62193781879425e-277,1.73821915153145,0.998753717494682,0,NA,0,0,FALSE,valid,ghost,NA
Mar_23_70_FLM30_stem,2023-03-18,FLM30,tree,stem,NA,LGR3,rebuild fit (stage 03),13:05:00,13:08:00,2023,3,dry,26.760888886666667,25.2,NA,1,NA,NA,1106.6016666666667,213.35,2012.601666666667,7.09005288966941,HM,AICc,valid,FALSE,FALSE,50.920460395165186,6.9848929712781,0.995363079028351,4.679543571902188e-225,7.09005288966941,0.995339887925092,1.82043085914926,HM,NA,valid,FALSE,FALSE,88.41996595840861,1.26705373345947,0.988616420627975,8.343546326582059e-188,1.82043085914926,0.998171281487903,0,NA,0,0,FALSE,valid,ghost,NA
Mar_23_69_FLM30_stem,2023-03-18,FLM30,tree,stem,NA,LGR3,rebuild fit (stage 03),13:15:30,13:18:30,2023,3,dry,26.712211107833333,25.2,NA,1,NA,NA,1106.6016666666667,213.35,2012.601666666667,0.333607307675102,HM,Intercept (HM),valid,FALSE,FALSE,8.061397376395396,0.206098491476634,0.76505178034191,4.423851481472319e-76,0.333607307675102,0.778026184424728,3.09940906068834,HM,NA,valid,FALSE,FALSE,208.93834993310733,2.74412086561001,0.998607159320603,0,3.09940906068834,0.999639884931328,0,NA,0,0,FALSE,valid,ghost,NA
Mar_23_59_FLM30_stem,2023-03-18,FLM30,tree,stem,NA,LGR3,rebuild fit (stage 03),13:27:50,13:30:50,2023,3,dry,26.980529627722223,25.8,NA,1,NA,NA,1106.6016666666667,213.35,2012.601666666667,2.50550148129731,HM,NA,valid,FALSE,FALSE,27.08789743445809,2.34464847978972,0.988206708245892,1.9346928914133294e-127,2.50550148129731,0.98852250980222,1.79642288974844,HM,NA,valid,FALSE,FALSE,57.98677926987828,1.70823769393413,0.997317402875904,3.05134636604771e-169,1.79642288974844,0.997492960119322,0,NA,0,0,FALSE,valid,ghost,NA
Mar_23_60_FLM30_stem,2023-03-18,FLM30,tree,stem,NA,LGR3,rebuild fit (stage 03),13:32:45,13:35:45,2023,3,dry,27.087494443083333,25.8,NA,1,NA,NA,1106.6016666666667,213.35,2012.601666666667,4.6477511573707,HM,SE,valid,FALSE,FALSE,29.029664396339008,2.60795994218757,0.9628298923023,3.41461029325853e-102,4.6477511573707,0.986478658805037,2.73981547667822,HM,SE,valid,FALSE,FALSE,48.32821196426243,1.80015495501058,0.982257836993895,1.11170431807606e-124,2.73981547667822,0.995392776715008,0,NA,0,0,FALSE,valid,ghost,NA
Mar_23_61_FLM30_stem,2023-03-18,FLM30,tree,stem,NA,LGR3,rebuild fit (stage 03),13:38:26,13:44:26,2023,3,dry,27.21113851778889,25.8,NA,1,NA,NA,1106.6016666666667,213.35,2012.601666666667,0.104583923466373,LM,g-fact. > 2 | Intercept,valid,FALSE,FALSE,21.021874029980705,0.104583923466373,0.562454873322379,1.43277923781668e-63,0.221829136950916,0.589432778397651,2.23583792116267,HM,NA,valid,FALSE,FALSE,253.7819231528608,1.69331772794354,0.994138634140976,0,2.23583792116267,0.999618721554754,0,NA,0,0,FALSE,valid,ghost,NA
Mar_23_62_FLM30_stem,2023-03-18,FLM30,tree,stem,NA,LGR3,rebuild fit (stage 03),13:51:50,13:54:50,2023,3,dry,27.45353888888889,23.9,NA,2,NA,NA,1106.6016666666667,213.35,2012.601666666667,31.433331552464,HM,NA,valid,FALSE,FALSE,294.1891588005917,30.54951713051,0.99980319571566,0,31.433331552464,0.999858730875942,2.00593709911225,HM,NA,valid,FALSE,FALSE,106.49838727518004,1.80041068331145,0.99806322690846,2.8887404205923102e-261,2.00593709911225,0.998879811919127,0,NA,0,0,FALSE,valid,ghost,NA
Mar_23_63_FLM30_stem,2023-03-18,FLM30,tree,stem,NA,LGR3,rebuild fit (stage 03),13:58:00,14:01:00,2023,3,dry,27.543366666666667,23.9,NA,2,NA,NA,1106.6016666666667,213.35,2012.601666666667,0.414608751944634,HM,AICc | Intercept,valid,FALSE,FALSE,3.6711200478430137,0.287681657213779,0.569950026122372,5.496519498743299e-26,0.414608751944634,0.575455886978007,1.94065753567917,LM,RMSE | MAE | AICc,valid,FALSE,TRUE,284.25067091065546,1.94065753567917,0.998368949294807,1.1043792975560698e-184,1.96617534850251,0.998279712374291,0,NA,0,0,FALSE,valid,ghost,NA
Mar_23_64_FLM30_stem,2023-03-18,FLM30,tree,stem,NA,LGR3,rebuild fit (stage 03),14:07:35,14:10:35,2023,3,dry,27.68296388888889,23.9,NA,2,NA,NA,1106.6016666666667,213.35,2012.601666666667,0.171498543715899,HM,AICc | Intercept,valid,FALSE,FALSE,1.8216373036209443,0.115294117822312,0.21576370944912,7.76797717981587e-10,0.171498543715899,0.218395017898983,2.33529744733392,HM,NA,valid,FALSE,FALSE,95.51531875464865,2.09300649104259,0.998055507038771,3.49596337441181e-208,2.33529744733392,0.998888420974647,0,NA,0,0,FALSE,valid,ghost,NA
Mar_23_57_FLM30_stem,2023-03-18,FLM30,tree,stem,NA,LGR3,rebuild fit (stage 03),14:23:30,14:26:30,2023,3,dry,27.6780444435,NA,NA,4,NA,NA,254.53666666666663,40.45,1160.5366666666664,0.640605052424309,HM,SE | AICc,valid,FALSE,FALSE,2.7176843315788344,0.636241306122624,0.460827549381723,4.7210019618001496e-20,0.640605052424309,0.460750985957455,7.42185097295842,HM,SE,valid,FALSE,FALSE,90.13031974569324,7.2350035409553,0.998890238298993,1.4888975096896e-201,7.42185097295842,0.998934808650524,0,NA,0,0,FALSE,valid,ghost,NA
Mar_23_58_FLM30_stem,2023-03-18,FLM30,tree,stem,NA,LGR3,rebuild fit (stage 03),14:32:10,14:35:10,2023,3,dry,27.562874072166668,27.1,NA,6,NA,NA,254.53666666666663,40.45,1160.5366666666664,1.12560459881754,HM,SE | AICc,valid,FALSE,FALSE,5.119597578233937,1.08525933667686,0.73791227855024,6.283398114425308e-44,1.12560459881754,0.737977788666745,8.12836130412275,HM,SE,valid,FALSE,FALSE,102.98662867394737,7.71609174308608,0.998932401325373,4.47933114033003e-216,8.12836130412275,0.999118669094011,0,NA,0,0,FALSE,valid,ghost,NA
Mar_23_55_FLM30_stem,2023-03-18,FLM30,tree,stem,NA,LGR3,rebuild fit (stage 03),14:40:00,14:43:00,2023,3,dry,27.458777775,NA,NA,23,NA,NA,254.53666666666663,40.45,1160.5366666666664,1.62464116971147,LM,SE | g-fact. > 2 | Intercept (LM),valid,FALSE,FALSE,33.78386437144422,1.62464116971147,0.849517586314986,8.04189233713889e-85,4.08978843798321,0.899612873081504,9.3546285488582,HM,SE,valid,FALSE,FALSE,179.09180848536272,8.45407437205122,0.998875096964907,1.48081296157584e-293,9.3546285488582,0.999584482979323,0,NA,0,0,FALSE,valid,ghost,NA
Mar_23_56_FLM30_stem,2023-03-18,FLM30,tree,stem,NA,LGR3,rebuild fit (stage 03),14:45:40,14:48:40,2023,3,dry,27.38948888555555,NA,NA,8,NA,NA,254.53666666666663,40.45,1160.5366666666664,0.514161681448045,HM,SE | AICc | Intercept,valid,FALSE,FALSE,2.6283239455400493,0.512253265544772,0.406542581219975,7.46243591032557e-20,0.514161681448045,0.406447684627539,6.76125176346691,HM,SE,valid,FALSE,FALSE,92.4341424459876,6.33181465862522,0.998497139526817,3.650532185360138e-225,6.76125176346691,0.998793081829355,0,NA,0,0,FALSE,valid,ghost,NA
Mar_23_298_BL60_leaves,2023-03-19,BL60,tree,leaves,NA,LGR1,rebuild fit (stage 03),10:00:00,10:03:00,2023,3,dry,22.295333335,NA,NA,NA,NA,NA,2232.644,428,3138.644,0.00383766848941919,HM,AICc | p-value | MDF | Intercept,valid,TRUE,TRUE,0.3873621250538922,0.00384202642801182,0.0010814144795499,0.204629379061562,0.00383766848941919,0.0010803040852061,-0.973596563250638,LM,RMSE | MAE | SE | AICc,valid,FALSE,TRUE,521.3678573280258,-0.973596563250638,0.997922092295383,0,-1.18226721208508,0.993350219389334,0,NA,0,0,FALSE,valid,regenerating,NA
Mar_23_299_BL60_leaves,2023-03-19,BL60,tree,leaves,NA,LGR1,rebuild fit (stage 03),10:40:00,10:43:00,2023,3,dry,22.583944441666667,NA,NA,NA,NA,NA,2232.644,428,3138.644,0.00647836343818347,HM,AICc | p-value | MDF | Intercept,valid,TRUE,TRUE,0.3811666914803325,0.00648432068875766,0.00216578920566313,0.198905555851474,0.00647836343818347,0.00216385463494462,-0.163213738755329,HM,MAE | AICc,valid,FALSE,TRUE,20.85807561620816,-0.160480552416979,0.958250741340144,1.4856610522491997e-210,-0.163213738755329,0.957997674911531,0,NA,0,0,FALSE,valid,regenerating,NA
Mar_23_300_BL60_leaves,2023-03-19,BL60,tree,leaves,NA,LGR1,rebuild fit (stage 03),11:16:00,11:20:00,2023,3,dry,22.824788889,NA,NA,NA,NA,NA,2232.644,428,3138.644,-0.0267563238352452,LM,g-fact. > 2 | Intercept,valid,TRUE,FALSE,3.208537602434431,-0.0267563238352452,0.0346436664821075,0.0015028258919003,-0.0902108628531269,0.0486738290024142,-0.273803421792546,HM,RMSE | AICc,valid,FALSE,TRUE,24.792817620481102,-0.266980511415174,0.974281180749777,2.55244314681472e-207,-0.273803421792546,0.973883916182241,0,NA,0,0,FALSE,valid,regenerating,NA
Mar_23_301_BL60_leaves,2023-03-19,BL60,tree,leaves,NA,LGR1,rebuild fit (stage 03),11:28:00,11:31:00,2023,3,dry,22.822255557,NA,NA,NA,NA,NA,2232.644,428,3138.644,-0.0154179243470448,HM,AICc | p-value | Intercept,valid,TRUE,FALSE,0.3565376280470435,-0.00984027935146395,0.00231645085076226,0.208188596317513,-0.0154179243470448,0.00254857381888207,-1.52277171442118,HM,Intercept (LM),valid,FALSE,FALSE,81.61924407636562,-0.970696039639294,0.982903845171335,1.1592505300599899e-226,-1.52277171442118,0.997046336587145,0,NA,0,0,FALSE,valid,regenerating,NA
Mar_23_302_BL60_leaves,2023-03-19,BL60,tree,leaves,NA,LGR1,rebuild fit (stage 03),12:21:00,12:24:00,2023,3,dry,22.766266666,NA,NA,NA,NA,NA,2232.644,428,3138.644,0.00687897061171127,HM,AICc | p-value | MDF | Intercept,valid,TRUE,FALSE,0.17497087139938344,0.00687870229274963,-0.00249278669824138,0.493572413927705,0.00687897061171127,-0.00249355849814159,-1.99987789731725,LM,RMSE | MAE | SE | AICc,valid,FALSE,FALSE,356.45438260307736,-1.99987789731725,0.998326415562826,1.69289705162158e-293,-2.38816201717479,0.997234380434291,0,NA,0,0,FALSE,valid,regenerating,NA
Mar_23_303_BL60_leaves,2023-03-19,BL60,tree,leaves,NA,LGR1,rebuild fit (stage 03),12:26:00,12:29:00,2023,3,dry,22.737322221,NA,NA,NA,NA,NA,2232.644,428,3138.644,0.0105663865197248,HM,AICc | p-value | MDF | Intercept,valid,TRUE,FALSE,0.23542924784983849,0.00858225028362008,-9.4991320190218e-4,0.374708294716409,0.0105663865197248,-9.1151142355205e-4,0.265375507885934,HM,NA,valid,FALSE,FALSE,14.915369200841097,0.179149346528488,0.918495529268303,2.0283204991199797e-121,0.265375507885934,0.930488718614551,0,NA,0,0,FALSE,valid,regenerating,NA
Mar_23_304_BL60_leaves,2023-03-19,BL60,tree,leaves,NA,LGR1,rebuild fit (stage 03),12:45:00,12:48:00,2023,3,dry,22.62733333,NA,NA,NA,NA,NA,2232.644,134,3138.644,0.0253952994876973,HM,AICc | Intercept,valid,TRUE,FALSE,0.5596861294107556,0.0254035237979548,0.00974009216059091,0.0275057149422292,0.0253952994876973,0.00973536739817371,-5.26256434559756,HM,SE,valid,FALSE,FALSE,205.48946702047553,-4.25728197605278,0.996407317349159,0,-5.26256434559756,0.99934940353051,0,NA,0,0,FALSE,valid,regenerating,NA
Mar_23_305_BL60_leaves,2023-03-19,BL60,tree,leaves,NA,LGR1,rebuild fit (stage 03),12:50:30,12:53:30,2023,3,dry,22.69021666333333,NA,NA,NA,NA,NA,2232.644,134,3138.644,-0.00671130709842037,HM,AICc | p-value | MDF | Intercept,valid,TRUE,FALSE,0.05144188993165125,-0.005262303129015,-0.00464743230350595,0.86597648611895806,-0.00671130709842037,-0.00458777105319053,0.567045837959653,HM,SE | AICc,valid,FALSE,FALSE,14.973896048291117,0.561634294684868,0.944351223785955,2.735784126218199e-133,0.567045837959653,0.944258655393058,0,NA,0,0,FALSE,valid,regenerating,NA
Mar_23_306_BL60_leaves,2023-03-19,BL60,tree,leaves,NA,LGR1,rebuild fit (stage 03),13:09:00,13:11:00,2023,3,dry,22.90173333,NA,NA,NA,NA,NA,2232.644,428,3138.644,-0.0165117122477727,HM,AICc | p-value | MDF | Intercept,valid,TRUE,FALSE,0.21975086037141944,-0.0105338233511145,-0.00367699827729173,0.494645573771947,-0.0165117122477727,-0.00225784456646316,-1.35439151177157,HM,NA,valid,FALSE,FALSE,39.85681826660243,-1.18645243680625,0.992740406864897,3.9159934934261893e-156,-1.35439151177157,0.993909633904524,0,NA,0,0,FALSE,valid,regenerating,NA
Mar_23_307_BL60_leaves,2023-03-19,BL60,tree,leaves,NA,LGR1,rebuild fit (stage 03),13:26:00,13:29:00,2023,3,dry,23.273199996666666,NA,NA,NA,NA,NA,2232.644,212,3138.644,0.0702692091269519,LM,g-fact. > 2 | Intercept,valid,TRUE,FALSE,4.983644062190321,0.0702692091269519,0.0903464450939548,1.19814162383967e-6,0.281844385532614,0.124778205981696,-4.67558296039679,HM,SE,valid,FALSE,FALSE,163.86773147539554,-3.76596039902529,0.99613637168619,1.387924606796e-290,-4.67558296039679,0.999377581616278,0,NA,0,0,FALSE,valid,regenerating,NA
Mar_23_308_BL60_leaves,2023-03-19,BL60,tree,leaves,NA,LGR1,rebuild fit (stage 03),13:32:30,13:35:30,2023,3,dry,23.452166663333333,NA,NA,NA,NA,NA,2232.644,212,3138.644,0.0243906530095927,HM,AICc | p-value | MDF | Intercept,valid,TRUE,FALSE,0.32988651300689087,0.024408891199461,0.00260398626929959,0.217152488182284,0.0243906530095927,0.00260147723876281,0.97524417106669,HM,SE,valid,FALSE,FALSE,36.57454419987526,0.828314695498973,0.987894965404346,9.00951367027008e-197,0.97524417106669,0.989736371922285,0,NA,0,0,FALSE,valid,regenerating,NA
Mar_23_309_BL60_leaves,2023-03-19,BL60,tree,leaves,NA,LGR1,rebuild fit (stage 03),13:39:00,13:40:00,2023,3,dry,23.63113333,NA,NA,NA,NA,NA,2232.644,212,3138.644,0.0733492517197317,HM,AICc | Intercept,valid,TRUE,FALSE,1.2955389007148037,0.0731718193979098,0.0949545769161696,4.68283544836216e-7,0.0733492517197317,0.0949305072752794,-2.98438939281042,LM,RMSE | MAE | SE | AICc,valid,FALSE,FALSE,312.3747214515691,-2.98438939281042,0.997485252838008,1.12548154122636e-293,-3.49713976409645,0.996318482806369,0,NA,0,0,FALSE,valid,regenerating,NA
Mar_23_311_BL60_leaves,2023-03-19,BL60,tree,leaves,NA,LGR1,rebuild fit (stage 03),14:30:00,14:33:00,2023,3,dry,23.885166665,NA,NA,NA,NA,NA,2232.644,428,3138.644,0.00545368381767529,HM,AICc | p-value | MDF | Intercept,valid,TRUE,FALSE,0.11120964378690644,0.00461171501998724,-0.00462336581029588,0.675142958454294,0.00545368381767529,-0.00458482443576469,-0.0415198463556918,LM,HM.flux is NA,valid,FALSE,FALSE,11.511887124808988,-0.0415198463556918,0.42355410177303,2.81066761198473e-23,NA,NA,0,NA,0,0,FALSE,valid,regenerating,NA
Mar_23_312_BL60_leaves,2023-03-19,BL60,tree,leaves,NA,LGR1,rebuild fit (stage 03),14:34:30,14:37:30,2023,3,dry,23.8863166655,NA,NA,NA,NA,NA,2232.644,428,3138.644,0.0813526705999554,HM,AICc,valid,TRUE,FALSE,0.6706220798097932,0.0814030796164947,0.0634781166234886,0.00850162592636473,0.0813526705999554,0.0634519609929991,-0.0331232098335695,LM,HM.flux is NA,valid,TRUE,FALSE,3.0849535135999138,-0.0331232098335695,0.0847313980094899,0.00269641154013929,NA,NA,0,NA,0,0,FALSE,valid,regenerating,NA
Mar_23_17_BL60_stem,2023-03-19,BL60,tree,stem,NA,LGR2,rebuild fit (stage 03),09:30:30,09:33:30,2023,3,dry,22.140955555666668,21.4,NA,0,NA,NA,254.53666666666663,40.45,1160.5366666666664,0.912409113146654,HM,SE | AICc,valid,FALSE,TRUE,5.092311148447608,0.910856503678151,0.696195675508433,2.12617302645625e-48,0.912409113146654,0.696010742138793,4.07729579292622,HM,SE | Intercept,valid,FALSE,FALSE,49.07085001492952,3.75488265012465,0.994676753452219,1.12799678068285e-205,4.07729579292622,0.995133106213032,0,NA,0,0,FALSE,valid,regenerating,NA
Mar_23_19_BL60_stem,2023-03-19,BL60,tree,stem,NA,LGR2,rebuild fit (stage 03),09:54:30,09:57:30,2023,3,dry,22.24888889116667,21.4,NA,0,NA,NA,210.9079557695711,64.6351272549564,1116.9079557695711,15.1049978671432,HM,SE,valid,FALSE,TRUE,83.27197948035703,13.6253735164966,0.997578687454549,2.7004306743383983e-236,15.1049978671432,0.998287304691641,4.31574701760051,HM,SE,valid,FALSE,FALSE,102.14511411618268,3.46382902511478,0.995404054678991,2.19733931723151e-211,4.31574701760051,0.998795427882619,0,NA,0,0,FALSE,valid,regenerating,NA
Mar_23_20_BL60_stem,2023-03-19,BL60,tree,stem,NA,LGR2,rebuild fit (stage 03),10:32:37,10:35:37,2023,3,dry,22.536116849894444,21.4,NA,0,NA,NA,204.2050536838719,69.42291445902725,1110.205053683872,1.54496923024581,LM,SE | g-fact. > 2 | Intercept (LM),valid,FALSE,FALSE,37.90543119363555,1.54496923024581,0.88860156049101,1.9021336099504392e-87,3.48184205274541,0.930562264788839,1.57459830309752,HM,SE | Intercept (LM),valid,FALSE,FALSE,36.6025168642053,0.835098494851591,0.957433227832086,7.40422374922026e-125,1.57459830309752,0.988901808838776,0,NA,0,0,FALSE,valid,regenerating,NA
Mar_23_18_BL60_stem,2023-03-19,BL60,tree,stem,NA,LGR2,rebuild fit (stage 03),10:49:50,10:52:50,2023,3,dry,22.64995184905555,21.4,NA,0,NA,NA,254.53666666666663,40.45,1160.5366666666664,0.178589596578665,LM,SE | g-fact. > 2 | Intercept,valid,TRUE,FALSE,5.84276826474961,0.178589596578665,0.155476494246911,2.37705612299394e-8,0.652397384397854,0.183889503880545,6.50493920112689,HM,SE,valid,FALSE,FALSE,118.71862434633329,6.30457513962986,0.999119227975434,1.32995379318108e-275,6.50493920112689,0.999186008625655,0,NA,0,0,FALSE,valid,regenerating,NA
Mar_23_22_BL60_stem,2023-03-19,BL60,tree,stem,NA,LGR2,rebuild fit (stage 03),11:14:20,11:17:20,2023,3,dry,22.82036296288889,21.9,NA,0,NA,NA,254.53666666666663,40.45,1160.5366666666664,0.242761196123016,HM,AICc,valid,FALSE,FALSE,2.139694094616642,0.242390992571688,0.284796287981536,6.22054746185506e-15,0.242761196123016,0.284711805107501,5.67884045541768,HM,SE,valid,FALSE,TRUE,131.78997880292346,5.31148310469137,0.99902163151924,1.61637689976943e-271,5.67884045541768,0.999327520726731,0,NA,0,0,FALSE,valid,regenerating,NA
Mar_23_23_BL60_stem,2023-03-19,BL60,tree,stem,NA,LGR2,rebuild fit (stage 03),11:22:50,11:25:50,2023,3,dry,22.823346297166665,21.9,NA,0,NA,NA,254.53666666666663,40.45,1160.5366666666664,0.479126488250796,HM,AICc | Intercept (LM),valid,FALSE,FALSE,3.845725124639885,0.366738233057153,0.530975304069462,1.8395305482546799e-31,0.479126488250796,0.533562063631595,8.84794641837825,HM,SE,valid,FALSE,FALSE,181.8322079480121,8.24492747283852,0.999303853354239,9.55495289555939e-285,8.84794641837825,0.999645983090929,0,NA,0,0,FALSE,valid,regenerating,NA
Mar_23_24_BL60_root,2023-03-19,BL60,tree,root,NA,LGR2,rebuild fit (stage 03),11:30:23,11:33:23,2023,3,dry,22.821752409116662,21.9,NA,0,NA,NA,254.53666666666663,40.45,1160.5366666666664,4.9394803277664,HM,SE | Intercept (LM),valid,FALSE,FALSE,32.17755457241521,3.18595147103052,0.973171905302639,8.37452378880609e-143,4.9394803277664,0.986764519147818,2.83721063032389,HM,SE,valid,FALSE,FALSE,59.7622522402087,2.17983733407409,0.991617008126437,5.062630716244909e-188,2.83721063032389,0.996416800998462,0,NA,0,0,FALSE,valid,regenerating,NA
Mar_23_10_BL60_stem,2023-03-19,BL60,tree,stem,NA,LGR2,rebuild fit (stage 03),11:55:25,11:58:25,2023,3,dry,22.812532409583337,22.5,NA,0,NA,NA,254.53666666666663,40.45,1160.5366666666664,0.256619580352178,LM,SE | g-fact. > 2 | Intercept (HM),valid,FALSE,FALSE,8.290069257860509,0.256619580352178,0.273388558974776,2.61396149947086e-14,0.978788466808501,0.326583338355244,8.93995400153838,HM,SE,valid,FALSE,TRUE,163.07973949175994,8.62001228978945,0.9994763089653,8.23570671074183e-293,8.93995400153838,0.999567302877686,0,NA,0,0,FALSE,valid,regenerating,NA
Mar_23_11_BL60_stem,2023-03-19,BL60,tree,stem,NA,LGR2,rebuild fit (stage 03),12:19:10,12:22:10,2023,3,dry,22.776879629166665,22.5,NA,0,NA,NA,254.53666666666663,40.45,1160.5366666666664,0.193976567977484,HM,SE | AICc | Intercept,valid,TRUE,FALSE,1.1129942941641149,0.118404751777884,0.0736479453849748,1.2942191986545e-4,0.193976567977484,0.0755282142463225,9.7734225815389,LM,RMSE | SE | AICc,valid,FALSE,FALSE,906.5325314199785,9.7734225815389,0.99978101661601,0,9.92991037162147,0.999776652318299,0,NA,0,0,FALSE,valid,regenerating,NA
Mar_23_12_BL60_stem,2023-03-19,BL60,tree,stem,NA,LGR2,rebuild fit (stage 03),12:43:20,12:46:20,2023,3,dry,22.636981478333333,NA,NA,0,NA,NA,254.53666666666663,40.45,1160.5366666666664,0.187516207265066,LM,SE | g-fact. > 2 | Intercept,valid,TRUE,FALSE,5.595413259416117,0.187516207265066,0.144115093505167,8.13490003561027e-8,0.717135777493988,0.169988934974163,7.18935977593078,HM,SE,valid,FALSE,FALSE,159.84369468824343,6.52115230389576,0.998882235415808,2.43197317307722e-266,7.18935977593078,0.999535903602745,0,NA,0,0,FALSE,valid,regenerating,NA
Mar_23_14_BL60_stem,2023-03-19,BL60,tree,stem,NA,LGR2,rebuild fit (stage 03),13:32:00,13:35:00,2023,3,dry,23.438399996666664,22.5,NA,0,NA,NA,254.53666666666663,40.45,1160.5366666666664,-0.246992551822465,HM,AICc | Intercept,valid,FALSE,FALSE,2.0104633109469088,-0.172699597357417,0.226463842846364,7.729195607448139e-12,-0.246992551822465,0.228266691977269,4.31932447111492,HM,SE,valid,FALSE,FALSE,91.46443624390872,3.40408109434258,0.994445013727862,5.113063803117009e-204,4.31932447111492,0.99848482403043,0,NA,0,0,FALSE,valid,regenerating,NA
Mar_23_16_BL60_stem,2023-03-19,BL60,tree,stem,NA,LGR2,rebuild fit (stage 03),13:41:30,13:50:30,2023,3,dry,23.69996666333333,22.5,NA,0,NA,NA,254.53666666666663,40.45,1160.5366666666664,-1.57298904354448,HM,AICc | Intercept,valid,FALSE,FALSE,11.06069717852978,-1.55185413296608,0.891455336668602,1.61387511451368e-115,-1.57298904354448,0.891395752662694,5.64430955997987,HM,SE | Intercept (HM),valid,FALSE,FALSE,26.589972454088148,4.22301541044417,0.970480930004591,5.530245880976788e-182,5.64430955997987,0.976487498019508,0,NA,0,0,FALSE,valid,regenerating,NA
Mar_23_15_BL60_root,2023-03-19,BL60,tree,root,NA,LGR2,rebuild fit (stage 03),13:42:00,13:45:00,2023,3,dry,23.71373333,22.5,NA,0,NA,NA,228.14398970422613,50.27176564274387,1134.143989704226,9.59270445987791,HM,SE,valid,FALSE,FALSE,38.82541788011285,5.33023173639837,0.964512159234534,6.283478374991838e-132,9.59270445987791,0.990297801170733,3.34408226124734,HM,SE,valid,FALSE,FALSE,35.40155866852004,3.08612592753658,0.990240638952878,4.1083954794857587e-182,3.34408226124734,0.990699937221141,0,NA,0,0,FALSE,valid,regenerating,NA
Mar_23_35_BL60_stem,2023-03-19,BL60,tree,stem,NA,LGR3,rebuild fit (stage 03),09:54:30,09:57:30,2023,3,dry,22.24888889116667,23.9,NA,0,NA,NA,460.99555555555554,107.68,1366.9955555555557,2.13325335986142,HM,Intercept (LM),valid,FALSE,FALSE,15.297464829823074,1.70949188434044,0.958030408005345,1.14057351288678e-93,2.13325335986142,0.9613937046092,1.38758353050101,HM,SE,valid,FALSE,FALSE,32.11318358214762,1.3113862522076,0.991433393161408,1.4337622697828395e-139,1.38758353050101,0.991661901917695,0,NA,0,0,FALSE,valid,regenerating,NA
Mar_23_36_BL60_stem,2023-03-19,BL60,tree,stem,NA,LGR3,rebuild fit (stage 03),10:10:45,10:13:45,2023,3,dry,22.386111111583332,23.9,NA,0,NA,NA,254.53666666666663,40.45,1160.5366666666664,-0.601062952880782,HM,SE | AICc,valid,FALSE,FALSE,3.404290964229608,-0.598700615817453,0.540435160027446,3.56166979847428e-28,-0.601062952880782,0.540309349883533,2.8220175848774,HM,SE,valid,FALSE,FALSE,42.86051360384126,2.42280277511252,0.992652697905877,1.6447756743665798e-167,2.8220175848774,0.994279571066725,0,NA,0,0,FALSE,valid,regenerating,NA
Mar_23_37_BL60_stem,2023-03-19,BL60,tree,stem,NA,LGR3,rebuild fit (stage 03),10:19:15,10:22:15,2023,3,dry,22.449530555083335,23.9,NA,0,NA,NA,254.53666666666663,40.45,1160.5366666666664,0.121650915614502,HM,SE | AICc | Intercept,valid,TRUE,FALSE,0.5928897207431917,0.0691335166795316,0.0169844053768115,0.0419299889554716,0.121650915614502,0.0176810037962587,2.00985954296517,HM,MAE | SE,valid,FALSE,FALSE,30.53689459851409,1.91810622338209,0.98725367660923,1.7804759011860497e-176,2.00985954296517,0.987408506884031,0,NA,0,0,FALSE,valid,regenerating,NA
Mar_23_38_BL60_stem,2023-03-19,BL60,tree,stem,NA,LGR3,rebuild fit (stage 03),10:32:30,10:35:30,2023,3,dry,22.53536110916667,23.1,NA,0,NA,NA,460.99555555555554,107.68,1366.9955555555557,2.43278533899953,LM,SE | g-fact. > 2 | Intercept (HM),valid,FALSE,TRUE,5.950950545808556,2.43278533899953,0.610024615717293,6.60568807698984e-6,5.86536297316736,0.674007694110947,2.5867215648521,LM,MAE | SE | AICc | Intercept (HM),valid,FALSE,TRUE,12.99538891122211,2.5867215648521,0.884137444694184,1.65218914481219e-11,3.53719025795748,0.893600130507853,0,NA,0,0,FALSE,valid,regenerating,NA
Mar_23_39_BL60_stem,2023-03-19,BL60,tree,stem,NA,LGR3,rebuild fit (stage 03),10:42:00,10:45:00,2023,3,dry,22.596899997,23.1,NA,0,NA,NA,254.53666666666663,40.45,1160.5366666666664,-0.127407012167135,LM,SE | g-fact. > 2,valid,TRUE,FALSE,3.458314314871441,-0.127407012167135,0.0553644204858227,6.7378871967079e-4,-0.42156316558063,0.0937947335397104,4.60845235494888,HM,SE,valid,FALSE,FALSE,91.97506132035022,3.60590776102797,0.994178099103465,5.0385908835011686e-210,4.60845235494888,0.998438920483649,0,NA,0,0,FALSE,valid,regenerating,NA
Mar_23_30_BL60_stem,2023-03-19,BL60,tree,stem,NA,LGR3,rebuild fit (stage 03),11:08:00,11:11:00,2023,3,dry,22.77631111033333,22.5,NA,0,NA,NA,254.53666666666663,40.45,1160.5366666666664,-0.159187031263865,HM,SE | AICc | Intercept,valid,TRUE,FALSE,0.6928171107894392,-0.081732502035088,0.0230028354276937,0.0248840343116412,-0.159187031263865,0.0265131569252322,6.17750451240283,HM,SE,valid,FALSE,FALSE,80.84067333287362,4.56027156898365,0.991535263747778,1.8565159114739198e-182,6.17750451240283,0.998057193618855,0,NA,0,0,FALSE,valid,regenerating,NA
Mar_23_31_BL60_stem,2023-03-19,BL60,tree,stem,NA,LGR3,rebuild fit (stage 03),11:16:00,11:19:00,2023,3,dry,22.824788889,22.5,NA,0,NA,NA,254.53666666666663,40.45,1160.5366666666664,0.495771876511705,HM,Intercept,valid,FALSE,FALSE,5.404621798606826,0.301390277677707,0.541792247451665,1.19467068726821e-52,0.495771876511705,0.552666558105682,3.67510473424042,HM,SE,valid,FALSE,FALSE,97.5946887080532,2.2638214350307,0.980570455537594,2.70914123662114e-257,3.67510473424042,0.99754315058788,0,NA,0,0,FALSE,valid,regenerating,NA
Mar_23_29_BL60_root,2023-03-19,BL60,tree,root,NA,LGR3,rebuild fit (stage 03),11:30:30,11:33:30,2023,3,dry,22.8217277795,9,NA,0,NA,NA,380.20164648686006,107.725212091594,1286.20164648686,6.34197318787585,HM,NA,valid,FALSE,FALSE,126.41919210112772,5.09974294263122,0.995604775335713,1.02848044875888e-282,6.34197318787585,0.998957848888632,2.96180058926887,HM,NA,valid,FALSE,FALSE,170.996020519233,2.14665736448946,0.992059734321343,3.78949652724892e-252,2.96180058926887,0.99940220171682,0,NA,0,0,FALSE,valid,regenerating,NA
Mar_23_32_BL60_root,2023-03-19,BL60,tree,root,NA,LGR3,rebuild fit (stage 03),11:41:00,11:44:00,2023,3,dry,22.819511113999997,22.8,NA,0,NA,NA,380.20164648686006,107.725212091594,1286.20164648686,7.91966614116356,HM,NA,valid,FALSE,FALSE,191.79953675819516,4.9835269809089,0.983840931104581,2.32860221626362e-259,7.91966614116356,0.99939146112434,2.2296015032535,HM,Intercept (LM),valid,FALSE,FALSE,125.63197388911972,1.33306892092465,0.979586306279839,8.590759101504127e-245,2.2296015032535,0.998552228670898,0,NA,0,0,FALSE,valid,regenerating,NA
Mar_23_33_BL60_stem,2023-03-19,BL60,tree,stem,NA,LGR3,rebuild fit (stage 03),11:53:15,11:56:15,2023,3,dry,22.81380833575,22.8,NA,0,NA,NA,254.53666666666663,40.45,1160.5366666666664,0.170238069804894,HM,AICc,valid,TRUE,FALSE,1.6709258670044926,0.169794711040186,0.193570574395276,3.09444964348342e-10,0.170238069804894,0.193519969189403,2.1777702421881,HM,SE,valid,FALSE,FALSE,35.253296027874114,1.40132242423992,0.974824843584013,4.467811034445948e-146,2.1777702421881,0.988877898499446,0,NA,0,0,FALSE,valid,regenerating,NA
Mar_23_34_BL60_stem,2023-03-19,BL60,tree,stem,NA,LGR3,rebuild fit (stage 03),12:07:30,12:09:30,2023,3,dry,22.8054166675,22.8,NA,0,NA,NA,254.53666666666663,40.45,1160.5366666666664,0.189863107812547,HM,SE | AICc | p-value | Intercept,valid,TRUE,FALSE,0.5680992548000368,0.107056970639411,0.0227054486252286,0.0547302301145623,0.189863107812547,0.0242978054326787,1.73568835640784,HM,SE | AICc,valid,FALSE,TRUE,12.33528714981883,1.72835984869687,0.953244918869501,1.50966030938162e-80,1.73568835640784,0.953040220429035,0,NA,0,0,FALSE,valid,regenerating,NA
Mar_23_40_BL60_stem,2023-03-19,BL60,tree,stem,NA,LGR3,rebuild fit (stage 03),12:24:30,12:27:30,2023,3,dry,22.7460055545,23,NA,0,NA,NA,1106.6016666666667,213.35,2012.601666666667,0.0879771706230623,HM,AICc | Intercept,valid,TRUE,FALSE,1.9586090843189763,0.0877009649241446,0.251150060235791,4.68153792417377e-13,0.0879771706230623,0.251086725065202,1.21470184720109,HM,NA,valid,FALSE,TRUE,50.05616210666525,0.975227313132285,0.991745860752355,1.39681760949589e-187,1.21470184720109,0.995030333182267,0,NA,0,0,FALSE,valid,regenerating,NA
Mar_23_41_BL60_stem,2023-03-19,BL60,tree,stem,NA,LGR3,rebuild fit (stage 03),12:37:30,12:40:30,2023,3,dry,22.6707499975,23,NA,0,NA,NA,460.99555555555554,107.68,1366.9955555555557,0.109020891442775,HM,AICc | Intercept,valid,TRUE,FALSE,2.550255597651717,0.102003458527846,0.306033823752491,9.779138133798949e-20,0.109020891442775,0.306132741086882,4.05658429575018,HM,NA,valid,FALSE,FALSE,277.87116115270885,3.76867955413718,0.999439710397154,0,4.05658429575018,0.999810373519592,0,NA,0,0,FALSE,valid,regenerating,NA
Mar_23_42_BL60_stem,2023-03-19,BL60,tree,stem,NA,LGR3,rebuild fit (stage 03),12:48:00,12:51:00,2023,3,dry,22.66163333,23,NA,0,NA,NA,460.99555555555554,107.68,1366.9955555555557,0.083220943919777,HM,AICc | Intercept,valid,FALSE,FALSE,4.266174118349519,0.0789119359541761,0.42714342710305,9.347678240497e-48,0.083220943919777,0.427234203613111,3.61387743342963,HM,NA,valid,FALSE,FALSE,502.48191831720567,3.28131775280401,0.999263640889458,0,3.61387743342963,0.999901632524688,0,NA,0,0,FALSE,valid,regenerating,NA
Mar_23_26_BL60_stem,2023-03-19,BL60,tree,stem,NA,LGR3,rebuild fit (stage 03),13:30:30,13:33:30,2023,3,dry,23.397099996666665,22.7,NA,0,NA,NA,460.99555555555554,107.68,1366.9955555555557,3.42762874711458,HM,NA,valid,FALSE,FALSE,51.83688612516679,3.30112385990606,0.995893620709435,1.26932990318199e-202,3.42762874711458,0.995989620920449,2.89069356553227,HM,NA,valid,FALSE,FALSE,121.60652509884876,2.66300829734865,0.998790774472313,3.18425264504476e-247,2.89069356553227,0.999252608756622,0,NA,0,0,FALSE,valid,regenerating,NA
Mar_23_27_BL60_stem,2023-03-19,BL60,tree,stem,NA,LGR3,rebuild fit (stage 03),13:36:45,13:39:45,2023,3,dry,23.56918333,22.6,NA,0,NA,NA,460.99555555555554,107.68,1366.9955555555557,0.0389461073672581,LM,AICc | g-fact. > 2 | Intercept,valid,TRUE,FALSE,2.9642334653615507,0.0389461073672581,0.0376556097322344,0.00340680309287278,0.0839279759865208,0.0407858464303253,1.36347792015641,HM,NA,valid,FALSE,FALSE,69.30367730472925,1.07046908196078,0.992931806335789,4.1640039362558285e-215,1.36347792015641,0.997083378467682,0,NA,0,0,FALSE,valid,regenerating,NA
Mar_23_28_BL60_stem,2023-03-19,BL60,tree,stem,NA,LGR3,rebuild fit (stage 03),13:49:30,13:52:30,2023,3,dry,23.80908333,22.7,NA,0,NA,NA,460.99555555555554,107.68,1366.9955555555557,0.163543226638651,HM,AICc,valid,FALSE,FALSE,5.118782417378375,0.12366018494324,0.540743371135209,1.09096822884454e-53,0.163543226638651,0.543547046330467,3.09421892257246,HM,NA,valid,FALSE,FALSE,281.29683705090616,2.64775222139129,0.998056398219502,0,3.09421892257246,0.999738401633179,0,NA,0,0,FALSE,valid,regenerating,NA
45005_MI_Soil_157,2023-03-20,MI,surface,soil,soil,LGR3,rebuild fit (stage 03),13:25:00,13:27:00,2023,3,dry,20.982444443333332,22.3,NA,0,NA,NA,12300,433.7,13206,2.42759996360809,HM,SE | AICc,valid,FALSE,TRUE,9.497030260314366,2.24956745209636,0.906347671246946,1.32777171356688e-74,2.42759996360809,0.906697933153453,-1.40438544209865,HM,SE | AICc,valid,FALSE,TRUE,17.249039189070306,-1.38017630971964,0.970719107411548,3.2410803539108904e-110,-1.40438544209865,0.970565304055786,0,NA,0,0,FALSE,valid,ghost,NA
45005_MI_Soil_158,2023-03-20,MI,surface,soil,soil,LGR3,rebuild fit (stage 03),13:31:00,13:33:00,2023,3,dry,21.097711111333332,21.3,NA,0,1022.9,63.2,12300,433.7,13206,4.68806715335407,HM,SE | AICc | Intercept,valid,FALSE,TRUE,12.244922850122666,4.66197605571993,0.95213579790917,1.31231835239682e-80,4.68806715335407,0.951959900297631,0.261147738232643,HM,SE | AICc,valid,FALSE,FALSE,2.6733424475669247,0.260622380949676,0.484137343731143,4.95115133836983e-19,0.261147738232643,0.484001778950819,0,NA,0,0,FALSE,valid,ghost,NA
45005_MI_Soil_159,2023-03-20,MI,surface,soil,soil,LGR3,rebuild fit (stage 03),13:36:30,13:38:30,2023,3,dry,21.203372223666666,22,NA,0,1023.61,62.5,12300,433.7,13206,3.82817394413774,HM,SE,valid,FALSE,TRUE,21.37071951815084,3.25453061280847,0.968668657782781,7.580910603964729e-155,3.82817394413774,0.970523640285041,-0.919830645055473,HM,SE,valid,FALSE,TRUE,17.55869728104811,-0.837279125638897,0.957716685764485,1.2486483024737098e-141,-0.919830645055473,0.958288314411616,0,NA,0,0,FALSE,valid,ghost,N 25°55.9150 / W 81°39.7026
45005_MI_Soil_160,2023-03-20,MI,surface,soil,soil,LGR3,rebuild fit (stage 03),13:43:00,13:45:00,2023,3,dry,21.328244447333333,23.1,NA,0,1022.9,51.3,12300,433.7,13206,3.30676275343921,HM,AICc,valid,FALSE,TRUE,29.621367419799935,3.25434782350325,0.981854616821243,4.042666753478778e-225,3.30676275343921,0.981828499767651,-0.431764743320138,HM,SE | AICc | Intercept,valid,FALSE,TRUE,10.98638138916317,-0.391330519766404,0.876427961660252,1.8825455859177493e-118,-0.431764743320138,0.87697947206055,0,NA,0,0,FALSE,valid,ghost,JG & AS
45005_MI_Soil_161,2023-03-20,MI,surface,soil,soil,LGR3,rebuild fit (stage 03),13:50:00,13:52:00,2023,3,dry,21.493055558333335,21,NA,0,1022.7,61.6,12300,433.7,13206,3.84297372222435,HM,SE | Intercept (LM),valid,FALSE,FALSE,6.7998235568523056,2.21667455448883,0.807441329011672,1.32949832027848e-44,3.84297372222435,0.825821156548544,0.210494576341785,HM,SE | AICc | Intercept,valid,FALSE,FALSE,1.9023839821873276,0.209809553441485,0.32017145157587,8.14968496369051e-12,0.210494576341785,0.320092960470337,0,NA,0,0,FALSE,valid,ghost,Weather = sunny
45005_MI_Soil_162,2023-03-20,MI,surface,soil,soil,LGR3,rebuild fit (stage 03),13:55:00,13:57:00,2023,3,dry,21.619444446666662,23.5,NA,0.2,1022.7,58.2,12300,433.7,13206,2.58233187223779,HM,NA,valid,FALSE,TRUE,18.12754841204848,2.11556397452379,0.955117362669976,4.75044597268155e-143,2.58233187223779,0.95765095192417,-0.696511245509329,HM,SE,valid,FALSE,TRUE,12.570976585728632,-0.532740874167576,0.90856383549227,9.59536472120416e-111,-0.696511245509329,0.913263773997796,0,NA,0,0,FALSE,valid,ghost,System time = 13:25:00
45005_MI_Soil_163,2023-03-20,MI,surface,soil,soil,LGR3,rebuild fit (stage 03),14:00:30,14:02:30,2023,3,dry,21.758472223833333,21.9,NA,0,1022.5,51.1,12300,433.7,13206,2.40451598432169,HM,SE | Intercept,valid,FALSE,TRUE,8.029834635594439,1.95822845197259,0.858234260389384,2.64694755795767e-65,2.40451598432169,0.860687388793494,-0.644016744850689,HM,SE | AICc,valid,FALSE,TRUE,7.68655028388424,-0.638364167807244,0.858752844527838,2.01393130806074e-65,-0.644016744850689,0.85855995075776,0,NA,0,0,FALSE,valid,ghost,Real time = 13:06:00
45005_MI_Soil_164,2023-03-20,MI,surface,soil,soil,LGR3,rebuild fit (stage 03),14:06:00,14:08:00,2023,3,dry,21.897500001,21.7,NA,0,1022.6,45.5,12300,433.7,13206,1.31644759454331,LM,SE | g-fact. > 2 | Intercept,valid,FALSE,TRUE,8.19641564177322,1.31644759454331,0.286274247468085,6.74718408319851e-14,4.95645870770386,0.366670303722587,-0.115433475990416,HM,AICc | Intercept,valid,FALSE,TRUE,6.642141232276386,-0.115296608560531,0.217226502495232,1.49157930431525e-10,-0.115433475990416,0.217095427297024,0,NA,0,0,FALSE,valid,ghost,NA
45005_MI_Soil_165,2023-03-20,MI,surface,soil,soil,LGR3,rebuild fit (stage 03),14:11:00,14:13:00,2023,3,dry,22.023888889333332,21.7,NA,0,1022.5,48,12300,433.7,13206,1.35027110807498,HM,SE | Intercept,valid,FALSE,TRUE,6.234323511700407,1.00112312202238,0.748184715202881,3.31448027681954e-54,1.35027110807498,0.753521291808714,-0.180235161835247,HM,SE | AICc | Intercept,valid,FALSE,TRUE,2.90706054883718,-0.179541808946626,0.432579549200534,2.14514466731896e-23,-0.180235161835247,0.432484892289337,0,NA,0,0,FALSE,valid,ghost,NA
45005_MI_Soil_166,2023-03-20,MI,surface,soil,soil,LGR3,rebuild fit (stage 03),14:16:00,14:18:00,2023,3,dry,22.148777777666663,21.9,NA,0,1022.4,52.1,12300,433.7,13206,2.43108334834514,HM,SE | AICc,valid,FALSE,TRUE,8.087143905658271,2.12208210210776,0.879196463677485,3.38576908805623e-62,2.43108334834514,0.880300294873556,-0.302950193027924,LM,RMSE | SE | AICc | Intercept,valid,FALSE,TRUE,12.592062353927435,-0.302950193027924,0.544135973445711,2.55847523620222e-24,-0.303924926345459,0.544000451743122,0,NA,0,0,FALSE,valid,ghost,NA
45005_MI_Soil_167,2023-03-20,MI,surface,soil,soil,LGR3,rebuild fit (stage 03),14:21:30,14:23:30,2023,3,dry,22.279555554833333,21.2,NA,0,1022.5,44.4,12300,433.7,13206,2.1487315279704,HM,SE | AICc,valid,FALSE,TRUE,7.847117337814646,1.80751915361655,0.854487560245075,7.0416441689866e-65,2.1487315279704,0.856158085556792,-0.510701091219262,HM,SE | AICc,valid,FALSE,TRUE,7.062190303161658,-0.507158209795639,0.83986180972492,9.35289197565699e-62,-0.510701091219262,0.839731362585051,0,NA,0,0,FALSE,valid,ghost,NA
Mar_23_1_MI_stem,2023-03-20,MI,tree,stem,NA,LGR3,rebuild fit (stage 03),14:44:00,14:47:00,2023,3,dry,22.814555552333335,22.3,NA,0,NA,NA,1106.6016666666667,213.35,2012.601666666667,0.608750771622134,HM,AICc | Intercept,valid,FALSE,FALSE,20.889873189109885,0.573195004960421,0.957379089923652,1.86565138232996e-206,0.608750771622134,0.95761300098606,1.02687630502024,HM,NA,valid,FALSE,FALSE,103.42129324115216,0.891692186368694,0.996753628663898,0,1.02687630502024,0.998125079405221,0,NA,0,0,FALSE,valid,ghost,NA
Mar_23_2_MI_stem,2023-03-20,MI,tree,stem,NA,LGR3,rebuild fit (stage 03),14:51:00,14:54:00,2023,3,dry,22.94693333,22.3,NA,0,NA,NA,1106.6016666666667,213.35,2012.601666666667,0.382604628680845,HM,AICc | Intercept,valid,FALSE,FALSE,4.0292714789102355,0.379887141593317,0.67585499492547,7.57340620352851e-32,0.382604628680845,0.675745308598146,1.43017628254492,HM,NA,valid,FALSE,FALSE,44.52018232690642,1.26355956337011,0.994776384220974,2.74765733083543e-141,1.43017628254492,0.995863370760339,0,NA,0,0,FALSE,valid,ghost,NA
Mar_23_3_MI_stem,2023-03-20,MI,tree,stem,NA,LGR3,rebuild fit (stage 03),14:56:45,14:59:45,2023,3,dry,23.05100833,22.3,NA,0,NA,NA,460.99555555555554,107.68,1366.9955555555557,0.168402750545951,HM,Intercept,valid,FALSE,FALSE,4.732620570734947,0.122646759174211,0.50299218925943,3.2021182703037803e-47,0.168402750545951,0.506685135379413,2.72567769061,HM,NA,valid,FALSE,FALSE,236.05500402215745,2.37164782312228,0.998313731047579,0,2.72567769061,0.999641136973105,0,NA,0,0,FALSE,valid,ghost,NA
Mar_23_6_MI_stem,2023-03-20,MI,tree,stem,NA,LGR3,rebuild fit (stage 03),15:11:00,15:14:00,2023,3,dry,23.30893333,22.6,NA,1,NA,NA,460.99555555555554,107.68,1366.9955555555557,-0.0368502387314063,HM,AICc | Intercept,valid,TRUE,TRUE,0.7658374358750776,-0.0368844846249565,0.0282335241046625,0.0084382396422048,-0.0368502387314063,0.028220368872856,0.985011629390445,LM,SE | g-fact. > 2 | Intercept (LM),valid,FALSE,FALSE,59.479669789962195,0.985011629390445,0.944204642070941,1.5284195944963797e-132,2.19156639663325,0.993641909006651,0,NA,0,0,FALSE,valid,ghost,NA
Mar_23_5_MI_stem,2023-03-20,MI,tree,stem,NA,LGR3,rebuild fit (stage 03),15:17:00,15:20:00,2023,3,dry,23.392555552666668,22.6,NA,1,NA,NA,460.99555555555554,107.68,1366.9955555555557,0.0210273047330813,HM,AICc | p-value | MDF | Intercept,valid,TRUE,FALSE,0.20948718600797053,0.0209920985769668,-0.00221256788580848,0.403616873276891,0.0210273047330813,-0.00221351680448634,3.37931972798869,HM,SE,valid,FALSE,FALSE,83.70159248126015,2.83104277769657,0.996474305101122,1.9381312816394195e-166,3.37931972798869,0.998679443801183,0,NA,0,0,FALSE,valid,ghost,NA
Mar_23_4_MI_stem,2023-03-20,MI,tree,stem,NA,LGR3,rebuild fit (stage 03),15:22:00,15:25:00,2023,3,dry,23.420611109333333,22.6,NA,1,NA,NA,460.99555555555554,107.68,1366.9955555555557,0.417381822413801,HM,Intercept,valid,FALSE,FALSE,5.948745740259145,0.303938993875541,0.697126300197725,4.96175223661091e-55,0.417381822413801,0.702163201047015,2.84691272088528,HM,NA,valid,FALSE,FALSE,152.07194933336822,2.73356560832304,0.999319768175858,0,2.84691272088528,0.999432569244781,0,NA,0,0,FALSE,valid,ghost,NA
Mar_23_7_MI_stem,2023-03-20,MI,tree,stem,NA,LGR3,rebuild fit (stage 03),15:29:30,15:32:30,2023,3,dry,23.462694444333337,21.6,NA,0,NA,NA,460.99555555555554,107.68,1366.9955555555557,1.97050010698818,HM,AICc,valid,FALSE,FALSE,32.26054014296699,1.94222904928754,0.988211148909714,3.51078386014666e-191,1.97050010698818,0.988176860843148,2.81071536737164,HM,NA,valid,FALSE,FALSE,136.55969290916406,2.70707175576101,0.999228127999448,3.29811810183894e-293,2.81071536737164,0.999324687355857,0,NA,0,0,FALSE,valid,ghost,NA
Mar_23_8_MI_stem,2023-03-20,MI,tree,stem,NA,LGR3,rebuild fit (stage 03),15:36:00,15:39:00,2023,3,dry,23.499166668,21.6,NA,0,NA,NA,460.99555555555554,107.68,1366.9955555555557,0.695380573768054,HM,AICc | Intercept,valid,FALSE,FALSE,7.9435332164386,0.681931748162598,0.867250583482342,2.59742522893126e-68,0.695380573768054,0.867273932436254,2.9423185776386,HM,SE,valid,FALSE,FALSE,67.73870545472296,2.2602093829554,0.992541436998307,9.601956153371956e-163,2.9423185776386,0.997639175690477,0,NA,0,0,FALSE,valid,ghost,NA
Mar_23_9_MI_stem,2023-03-20,MI,tree,stem,NA,LGR3,rebuild fit (stage 03),15:50:00,15:53:00,2023,3,dry,23.55588889166667,21.6,NA,0,NA,NA,460.99555555555554,107.68,1366.9955555555557,0.216383201845424,HM,SE | AICc | Intercept,valid,TRUE,FALSE,0.6068062311217713,0.108205731706975,0.0347018845293142,0.0452761145467596,0.216383201845424,0.0362177355239047,1.13667064703198,LM,SE | g-fact. > 2 | Intercept (LM),valid,FALSE,FALSE,27.349080631864524,1.13667064703198,0.89567996284484,3.39167214636734e-44,2.53683608695493,0.947980423806767,0,NA,0,0,FALSE,valid,ghost,NA
