flux_id,date,plot,measurement_type,component,surface_type,analyzer_source,data_source,start_time,end_time,year,month,season,air_temp,soil_temp,water_temp,water_depth,pressure_start,rh_start,chamber_volume_cm3,surface_area_cm2,total_system_volume_cm3,CH4_best.flux,CH4_model,CH4_quality.check,CH4_flux_status,CH4_below_MDF,CH4_flagged,CH4_SNR,CH4_LM.flux,CH4_LM.r2,CH4_LM.p.val,CH4_HM.flux,CH4_HM.r2,CO2_best.flux,CO2_model,CO2_quality.check,CO2_flux_status,CO2_below_MDF,CO2_flagged,CO2_SNR,CO2_LM.flux,CO2_LM.r2,CO2_LM.p.val,CO2_HM.flux,CO2_HM.r2,CH4_ebull_flux,CH4_diffusive_flux,CH4_ebullitive_fraction,CH4_n_ebull_events,ebullition_reprocessed,flux_status,disturbance_level,notes
Mar_22_T1_9_FLM30_stem,2022-03-21,FLM30,tree,stem,NA,LGR3,rebuild fit (stage 03),10:34:30,10:38:34,2022,3,dry,23.237349999,NA,NA,NA,NA,NA,1106.6016666666667,213.35,1440.6016666666667,63.0303575313847,HM,SE,valid,FALSE,TRUE,45.490889291428495,42.5215854725084,0.986885408112248,4.60835294499121e-29,63.0303575313847,0.998873602614448,0.234012566576987,HM,AICc,valid,FALSE,FALSE,18.70858003945706,0.21814675776399,0.993991207684711,5.58609260605484e-34,0.234012566576987,0.994347076544795,0,NA,0,0,FALSE,valid,ghost,NA
Mar_22_T1_10_FLM30_stem,2022-03-21,FLM30,tree,stem,NA,LGR3,rebuild fit (stage 03),10:41:30,10:45:30,2022,3,dry,23.504672219666663,NA,NA,NA,NA,NA,1106.6016666666667,213.35,1440.6016666666667,22.3520633221611,HM,NA,valid,FALSE,TRUE,168.01406239723613,15.7068203634179,0.990290991129936,5.19750824952051e-35,22.3520633221611,0.999908386216025,0.465036942287504,HM,NA,valid,FALSE,FALSE,93.68731475432467,0.382440246365027,0.996841760586684,4.644545051302499e-43,0.465036942287504,0.999726947500088,0,NA,0,0,FALSE,valid,ghost,NA
Mar_22_T1_11_FLM30_stem,2022-03-21,FLM30,tree,stem,NA,LGR3,rebuild fit (stage 03),10:49:32,10:54:30,2022,3,dry,23.745823701377777,NA,NA,NA,NA,NA,1106.6016666666667,213.35,1440.6016666666667,0.772796918572928,HM,NA,valid,FALSE,FALSE,20.316182722022344,0.425893231696234,0.965873535202016,3.22976997323947e-28,0.772796918572928,0.992478045655945,0.369262935893089,HM,NA,valid,FALSE,FALSE,29.30661418059697,0.28394070789213,0.991910638472425,1.78102044905254e-39,0.369262935893089,0.996875666047885,0,NA,0,0,FALSE,valid,ghost,NA
Mar_22_T1_12_FLM30_stem,2022-03-21,FLM30,tree,stem,NA,LGR3,rebuild fit (stage 03),11:18:00,11:22:00,2022,3,dry,24.41066667,24.9,NA,NA,NA,NA,1106.6016666666667,213.35,1440.6016666666667,1.03411355922716,HM,NA,valid,FALSE,FALSE,27.765538552157977,0.690196344631262,0.983082018962005,1.72544797455506e-35,1.03411355922716,0.996087690220392,1.69357378931416,HM,Intercept (LM),valid,FALSE,TRUE,55.55032803951213,0.960903523676183,0.974414713445596,4.48613547828062e-32,1.69357378931416,0.998947414893127,0,NA,0,0,FALSE,valid,ghost,NA
Mar_22_T1_13_FLM30_stem,2022-03-21,FLM30,tree,stem,NA,LGR3,rebuild fit (stage 03),11:40:00,11:44:00,2022,3,dry,24.858000003333338,NA,NA,NA,NA,NA,1106.6016666666667,213.35,1440.6016666666667,0.354876285024907,HM,AICc,valid,FALSE,TRUE,5.050041978828592,0.354370163951399,0.932440154785146,3.89411339471686e-18,0.354876285024907,0.932179934241837,0.518815752333795,HM,AICc,valid,FALSE,FALSE,12.251887024403244,0.476258139137844,0.986763939627668,4.6596446274577e-28,0.518815752333795,0.987236622829831,0,NA,0,0,FALSE,valid,ghost,NA
Mar_22_T1_14_FLM30_stem,2022-03-21,FLM30,tree,stem,NA,LGR3,rebuild fit (stage 03),11:53:00,11:58:00,2022,3,dry,25.148733336666663,NA,NA,NA,NA,NA,1106.6016666666667,213.35,1440.6016666666667,0.123085449524644,LM,g-fact. > 2 | Intercept (LM),valid,FALSE,FALSE,23.248456319109813,0.123085449524644,0.916736180942015,8.97017303519139e-28,0.291327302949893,0.976963275038319,0.399419078140115,LM,g-fact. > 2 | Intercept (LM),valid,FALSE,FALSE,32.14872791868926,0.399419078140115,0.954694276404644,3.9927330443794e-34,0.81567084895703,0.996228596731234,0,NA,0,0,FALSE,valid,ghost,NA
Mar_22_T1_15_FLM30_stem,2022-03-21,FLM30,tree,stem,NA,LGR3,rebuild fit (stage 03),12:19:00,12:23:00,2022,3,dry,25.773600003333332,25.2,NA,NA,NA,NA,460.99555555555554,107.68,794.9955555555555,2.30911762384312,LM,SE | g-fact. > 2 | Intercept (LM),valid,FALSE,TRUE,29.326853139910252,2.30911762384312,0.954447694867027,1.15695782965136e-28,4.67789922304049,0.994916152030773,0.315808730927312,HM,Intercept (LM),valid,FALSE,FALSE,24.88205363500545,0.169767463711417,0.962899289011917,1.90099698668422e-30,0.315808730927312,0.994395471407326,0,NA,0,0,FALSE,valid,ghost,NA
Mar_22_T1_16_FLM30_stem,2022-03-21,FLM30,tree,stem,NA,LGR3,rebuild fit (stage 03),12:37:00,12:47:00,2022,3,dry,26.245800003333333,NA,NA,NA,NA,NA,460.99555555555554,107.68,794.9955555555555,0.378298841550707,HM,AICc | Intercept,valid,FALSE,TRUE,4.886155892699711,0.378083628343,0.871052815676749,2.3945312796757994e-26,0.378298841550707,0.870776119508802,0.263689010366214,LM,RMSE | MAE | AICc | Intercept,valid,FALSE,TRUE,24.853778422108046,0.263689010366214,0.916754668909727,1.38781171759489e-31,0.263928733300194,0.916477977813251,0,NA,0,0,FALSE,valid,ghost,NA
Mar_22_T1_17_FLM30_stem,2022-03-21,FLM30,tree,stem,NA,LGR3,rebuild fit (stage 03),12:57:00,13:07:00,2022,3,dry,26.673133334,NA,NA,NA,NA,NA,460.99555555555554,107.68,794.9955555555555,-0.058334965006554,LM,AICc | Intercept,valid,FALSE,TRUE,5.915883261084894,-0.058334965006554,0.548370103570844,2.64140531772928e-6,-0.0583958975990221,0.548129021421837,-0.0327919320300434,LM,SE | AICc | p-value | Intercept,valid,FALSE,TRUE,0.782431892547572,-0.0327919320300434,-0.0140445336819199,0.440769453646277,-0.0325654192711184,-0.0142826403702656,0,NA,0,0,FALSE,valid,ghost,NA
Mar_22_T1_18_FLM30_stem,2022-03-21,FLM30,tree,stem,NA,LGR3,rebuild fit (stage 03),13:23:00,13:30:00,2022,3,dry,27.042444442,25.6,NA,NA,NA,NA,460.99555555555554,107.68,794.9955555555555,10.8615528972189,HM,SE,valid,FALSE,TRUE,20.276854327960425,6.10698028649537,0.965371528318017,1.61567767684032e-32,10.8615528972189,0.991345493647044,2.58111587343689,HM,SE,valid,FALSE,TRUE,21.13881445474472,1.58697955337346,0.97379729707977,4.610701971550979e-35,2.58111587343689,0.99232707556146,0,NA,0,0,FALSE,valid,ghost,NA
Mar_22_T1_19_FLM30_stem,2022-03-21,FLM30,tree,stem,NA,LGR3,rebuild fit (stage 03),13:39:00,13:44:00,2022,3,dry,27.128666666,NA,NA,NA,NA,NA,460.99555555555554,107.68,794.9955555555555,1.32617436464106,HM,NA,valid,FALSE,FALSE,57.239250088389895,0.963690780120972,0.991309165737433,1.2873381455095598e-30,1.32617436464106,0.999334885673787,0.613780909358925,HM,NA,valid,FALSE,FALSE,63.906901321906545,0.518663929608475,0.9973209100975,8.98403884651167e-38,0.613780909358925,0.99950456856874,0,NA,0,0,FALSE,valid,ghost,NA
Mar_22_T1_20_FLM30_stem,2022-03-21,FLM30,tree,stem,NA,LGR3,rebuild fit (stage 03),13:48:30,13:53:00,2022,3,dry,27.1547,NA,NA,NA,NA,NA,460.99555555555554,107.68,794.9955555555555,0.174061544925609,LM,g-fact. > 2 | Intercept,valid,FALSE,FALSE,10.219756599403905,0.174061544925609,0.696854221856241,3.4025862555684797e-13,0.830433373134392,0.912495201648147,0.705089580799221,HM,NA,valid,FALSE,FALSE,68.7313261906711,0.484165422269874,0.988785202632457,9.1354742172663e-45,0.705089580799221,0.999272690740702,0,NA,0,0,FALSE,valid,ghost,NA
Mar_22_T1_21_FLM30_stem,2022-03-21,FLM30,tree,stem,NA,LGR3,rebuild fit (stage 03),14:03:00,14:12:00,2022,3,dry,27.1286,25.8,NA,NA,NA,NA,460.99555555555554,107.68,794.9955555555555,5.0199612625815,HM,SE | Intercept (LM),valid,FALSE,TRUE,12.323231923758224,2.97818983677523,0.957400640737388,2.1802477246952e-33,5.0199612625815,0.975394723443611,0.22986163048456,LM,g-fact. > 2 | Intercept (LM),valid,FALSE,FALSE,20.082968413840373,0.22986163048456,0.895398778237594,2.11423079269514e-24,0.730803047932091,0.992744594544852,0,NA,0,0,FALSE,valid,ghost,NA
Mar_22_T1_22_FLM30_stem,2022-03-21,FLM30,tree,stem,NA,LGR3,rebuild fit (stage 03),14:25:00,14:35:00,2022,3,dry,27.16288889,25.8,NA,NA,NA,NA,460.99555555555554,107.68,794.9955555555555,-0.0183456946806052,HM,AICc | p-value | Intercept,valid,TRUE,FALSE,0.21378366735264823,-0.0183378819895944,-0.00762841730728891,0.40410034910707,-0.0183456946806052,-0.00763621786168378,0.24060778846237801,LM,g-fact. > 2 | Intercept (LM),valid,FALSE,FALSE,20.852656603177433,0.24060778846237801,0.919463070278789,4.7680351367421e-22,0.61963016788924,0.984319709681716,0,NA,0,0,FALSE,valid,ghost,NA
Mar_22_T1_23_FLM30_stem,2022-03-21,FLM30,tree,stem,NA,LGR3,rebuild fit (stage 03),14:39:00,14:49:00,2022,3,dry,27.241133335999997,25.8,NA,NA,NA,NA,460.99555555555554,107.68,794.9955555555555,0.128929992493527,LM,SE | g-fact. > 2 | Intercept (LM),valid,FALSE,FALSE,6.4426173258038055,0.128929992493527,0.509479155299457,1.40939813235167e-7,1.44869380638605,0.864938404244686,0.141431158425092,LM,SE | g-fact. > 2 | Intercept (LM),valid,FALSE,FALSE,11.272973290352247,0.141431158425092,0.763750832585725,1.10282109869723e-13,0.768182559482852,0.961535155944062,0,NA,0,0,FALSE,valid,ghost,NA
Mar_22_T1_24_SRS6_stem,2022-03-22,SRS6,tree,stem,NA,LGR3,rebuild fit (stage 03),13:58:00,14:01:51,2022,3,dry,27.61376667,NA,NA,NA,NA,NA,460.99555555555554,107.68,794.9955555555555,0.349563437387004,LM,Intercept (LM),valid,FALSE,FALSE,31.01677487801639,0.349563437387004,0.972673186469358,4.552316472376938e-22,0.590004476102504,0.994788543213976,0.2595866477647,LM,Intercept (LM),valid,FALSE,FALSE,30.98134806721235,0.2595866477647,0.972612304116315,4.68607366242689e-22,0.457037969097675,0.998212347990961,0,NA,0,0,FALSE,valid,healthy,NA
Mar_22_T1_25_SRS6_stem,2022-03-22,SRS6,tree,stem,NA,LGR3,rebuild fit (stage 03),14:05:00,14:08:00,2022,3,dry,27.66066667,23.2,NA,NA,NA,NA,460.99555555555554,107.68,794.9955555555555,4.16793405994279,LM,SE,valid,FALSE,TRUE,44.856120371339266,4.16793405994279,0.988692628182837,4.004798774130419e-23,5.68948245829309,0.996279958991376,1.04805073515047,LM,NA,valid,FALSE,TRUE,40.37907615627373,1.04805073515047,0.986081438062957,3.94133279658858e-22,1.5210397966169,0.997039789976892,0,NA,0,0,FALSE,valid,healthy,NA
Mar_22_T1_26_SRS6_stem,2022-03-22,SRS6,tree,stem,NA,LGR3,rebuild fit (stage 03),14:17:30,14:22:00,2022,3,dry,27.720500003333335,NA,NA,NA,NA,NA,460.99555555555554,107.68,794.9955555555555,0.054714891613609,HM,AICc | Intercept,valid,FALSE,FALSE,3.8025474858091055,0.0354643358222475,0.806680042144888,4.490176961150059e-16,0.054714891613609,0.816892529133727,0.60995696503062,HM,NA,valid,FALSE,FALSE,34.437414241553896,0.341069134577745,0.969725401468613,3.24700315335842e-32,0.60995696503062,0.997113083632521,0,NA,0,0,FALSE,valid,healthy,NA
Mar_22_T1_28_SRS6_stem,2022-03-22,SRS6,tree,stem,NA,LGR3,rebuild fit (stage 03),14:53:00,14:57:00,2022,3,dry,27.595000003333332,NA,NA,NA,NA,NA,460.99555555555554,107.68,794.9955555555555,0.341519006158542,HM,NA,valid,FALSE,FALSE,19.92579118443997,0.234584217808515,0.981620486841405,1.11547718130703e-35,0.341519006158542,0.992341868758689,3.6752807836096,HM,SE,valid,FALSE,TRUE,48.09175599440174,2.4052079743857,0.984696976376593,3.12949691146951e-37,3.6752807836096,0.998647789050933,0,NA,0,0,FALSE,valid,healthy,NA
Mar_22_T1_29_SRS6_stem,2022-03-22,SRS6,tree,stem,NA,LGR3,rebuild fit (stage 03),15:02:00,15:06:00,2022,3,dry,27.54250000333333,NA,NA,NA,NA,NA,460.99555555555554,107.68,794.9955555555555,0.110615191923891,LM,g-fact. > 2 | Intercept (LM),valid,FALSE,FALSE,13.883648249045544,0.110615191923891,0.872585801844018,8.2384886423427e-14,0.295304794119104,0.960211465545138,0.487249551466925,LM,g-fact. > 2 | Intercept (LM),valid,FALSE,FALSE,21.108316494927944,0.487249551466925,0.940748404998413,2.5842710047733893e-18,1.10085038730163,0.997412658443992,0,NA,0,0,FALSE,valid,healthy,NA
Mar_22_T1_30_SRS6_stem,2022-03-22,SRS6,tree,stem,NA,LGR3,rebuild fit (stage 03),15:09:00,15:13:00,2022,3,dry,27.50166667,23.2,NA,NA,NA,NA,460.99555555555554,107.68,794.9955555555555,0.620850125929808,HM,Intercept (LM),valid,FALSE,FALSE,47.79632574008174,0.363887645412862,0.976527711419034,2.40430553042829e-39,0.620850125929808,0.998318971518401,0.944737602618938,HM,NA,valid,FALSE,FALSE,104.91785525834878,0.663249261685721,0.990168678607653,4.84691789909212e-48,0.944737602618938,0.999677494194813,0,NA,0,0,FALSE,valid,healthy,NA
Mar_22_T1_31_SRS6_root,2022-03-22,SRS6,tree,root,NA,LGR3,rebuild fit (stage 03),15:20:00,15:24:00,2022,3,dry,27.524555558333333,NA,NA,NA,NA,NA,460.99555555555554,107.68,794.9955555555555,0.478784849691314,HM,Intercept (LM),valid,FALSE,FALSE,15.159363032249855,0.272634539465168,0.962537768163973,9.97456437443209e-22,0.478784849691314,0.989514654183617,2.12418312205463,HM,NA,valid,FALSE,TRUE,157.27024076107836,1.45157697018045,0.988423467919519,7.13675391962802e-29,2.12418312205463,0.999909278627172,0,NA,0,0,FALSE,valid,healthy,NA
Mar_22_T1_32_SRS6_stem,2022-03-22,SRS6,tree,stem,NA,Picarro,rebuild fit (stage 03),11:46:00,11:56:00,2022,3,dry,26.363833333333332,23.5,NA,NA,NA,NA,460.99555555555554,107.68,801.9955555555555,0.194361089487493,HM,NA,valid,FALSE,FALSE,12.68299094978236,0.144043007901909,0.954293832368203,6.527526463483569e-55,0.194361089487493,0.961379379571454,2.20134545356186,HM,SE,valid,FALSE,FALSE,73.6372964383808,1.80974348508498,0.996195707393221,6.191660463036908e-134,2.20134545356186,0.998669300911896,0,NA,0,0,FALSE,valid,healthy,NA
Mar_22_T1_33_SRS6_stem,2022-03-22,SRS6,tree,stem,NA,Picarro,rebuild fit (stage 03),12:00:00,12:07:00,2022,3,dry,26.7535,NA,NA,NA,NA,NA,1106.6016666666667,213.35,1447.601666666667,0.30001393418413,HM,NA,valid,FALSE,FALSE,17.983109358727074,0.265756593635962,0.983339385183549,3.13527703932022e-72,0.30001393418413,0.984338257465804,3.23916732371111,HM,SE | Intercept,valid,FALSE,FALSE,31.88193312782277,3.07325760146569,0.993992438652048,7.301711737630719e-101,3.23916732371111,0.99419252862401,0,NA,0,0,FALSE,valid,healthy,NA
Mar_22_T1_34_SRS6_stem,2022-03-22,SRS6,tree,stem,NA,Picarro,rebuild fit (stage 03),12:10:00,12:18:00,2022,3,dry,27.03183333333333,23.5,NA,NA,NA,NA,1106.6016666666667,213.35,1447.601666666667,0.176420398405307,HM,Intercept,valid,FALSE,FALSE,6.2855310834948535,0.118831992123914,0.860124448215464,4.01804372942655e-33,0.176420398405307,0.870305309282774,5.52714252961274,HM,SE,valid,FALSE,FALSE,242.32258745177964,4.84884177186768,0.998696909347778,2.12194258808395e-130,5.52714252961274,0.999897797537206,0,NA,0,0,FALSE,valid,healthy,NA
Mar_22_T1_35_SRS6_stem,2022-03-22,SRS6,tree,stem,NA,Picarro,rebuild fit (stage 03),12:35:00,12:40:00,2022,3,dry,27.482333333333333,23.8,NA,NA,NA,NA,1106.6016666666667,213.35,1447.601666666667,0.828894977778918,HM,NA,valid,FALSE,FALSE,34.963829311022536,0.722854739139586,0.994513297405843,1.7343303677377698e-84,0.828894977778918,0.995876387270879,5.69347321208979,HM,SE | AICc,valid,FALSE,TRUE,237.13619918960484,5.6930551343511,0.998909304519372,2.18279990132189e-129,5.69347321208979,0.998910508999885,0,NA,0,0,FALSE,valid,healthy,NA
Mar_22_T1_36_SRS6_stem,2022-03-22,SRS6,tree,stem,NA,Picarro,rebuild fit (stage 03),12:45:00,12:50:00,2022,3,dry,27.638,NA,NA,NA,NA,NA,1106.6016666666667,213.35,1447.601666666667,0.377768231699906,HM,NA,valid,FALSE,FALSE,15.441249828503096,0.339893693823617,0.980252545298462,4.73700828693744e-59,0.377768231699906,0.981019819845637,3.6613796974777,HM,SE,valid,FALSE,FALSE,128.29175463535393,3.37683775730837,0.999232014048036,6.72662243503423e-122,3.6613796974777,0.999689448749276,0,NA,0,0,FALSE,valid,healthy,NA
Mar_22_T1_37_SRS6_stem,2022-03-22,SRS6,tree,stem,NA,Picarro,rebuild fit (stage 03),12:55:00,13:00:00,2022,3,dry,27.557666666666663,NA,NA,NA,NA,NA,1106.6016666666667,213.35,1447.601666666667,0.124757980975757,HM,AICc,valid,FALSE,FALSE,6.3119641621773255,0.122524369410221,0.884047532286394,5.52083533176182e-38,0.124757980975757,0.884068401186046,3.98667873168748,HM,SE,valid,FALSE,FALSE,169.84025726763238,3.75615913463251,0.999567973638751,9.781051274356766e-152,3.98667873168748,0.999805348962214,0,NA,0,0,FALSE,valid,healthy,NA
Mar_22_T1_38_SRS6_stem,2022-03-22,SRS6,tree,stem,NA,Picarro,rebuild fit (stage 03),13:22:00,13:27:00,2022,3,dry,27.427255556333332,23.9,NA,NA,NA,NA,1106.6016666666667,213.35,1447.601666666667,0.502064450692447,HM,NA,valid,FALSE,FALSE,24.362356670797613,0.435422218621263,0.988474454340896,1.9347451005485492e-82,0.502064450692447,0.990002048799538,3.37159171596354,HM,SE,valid,FALSE,FALSE,293.1243975004405,3.05242845473271,0.999195893409866,9.924619724724087e-140,3.37159171596354,0.999927086822138,0,NA,0,0,FALSE,valid,healthy,NA
Mar_22_T1_39_SRS6_stem,2022-03-22,SRS6,tree,stem,NA,Picarro,rebuild fit (stage 03),13:40:00,13:47:00,2022,3,dry,27.505055558333332,NA,NA,NA,NA,NA,1106.6016666666667,213.35,1447.601666666667,0.251226200930404,HM,NA,valid,FALSE,FALSE,14.057650485696074,0.215500060432398,0.976604128468154,1.72501508556197e-52,0.251226200930404,0.978191886870379,4.19659031241043,HM,SE | Intercept,valid,FALSE,FALSE,17.299825266166145,2.79105933144027,0.970853084565387,1.49845127819996e-59,4.19659031241043,0.98148415840809,0,NA,0,0,FALSE,valid,healthy,NA
Mar_22_T1_44_FLM30_stem,2022-03-23,FLM30,tree,stem,NA,LGR3,rebuild fit (stage 03),12:27:00,12:31:00,2022,3,dry,28.057866668,NA,NA,NA,NA,NA,460.99555555555554,107.68,794.9955555555555,-0.216437289091479,LM,MAE | SE | AICc | g-fact. > 2 | p-value | Intercept (HM),valid,FALSE,TRUE,1.4763583107078504,-0.216437289091479,0.0390870943447703,0.151006693429286,-2.04475833859326,0.0678656310853287,-0.0297694179340722,LM,SE | AICc | g-fact. > 2 | p-value | Intercept,valid,FALSE,TRUE,0.6232645952750477,-0.0297694179340722,-0.0215418944076173,0.538154863862523,-0.117822997228685,-0.0145904424359355,0,NA,0,0,FALSE,valid,ghost,NA
Mar_22_T1_40_FLM30_stem,2022-03-23,FLM30,tree,stem,NA,LGR3,rebuild fit (stage 03),12:35:30,12:39:30,2022,3,dry,28.267438891166663,26.2,NA,NA,NA,NA,460.99555555555554,107.68,794.9955555555555,13.5763232197022,HM,SE,valid,FALSE,TRUE,37.09544811127076,12.5947886294344,0.997945012360551,3.86573553788452e-46,13.5763232197022,0.998363729730728,0.86611281132428,HM,NA,valid,FALSE,FALSE,36.61864519133991,0.747045354099579,0.996640392829035,1.2879536951726699e-42,0.86611281132428,0.998257432752157,0,NA,0,0,FALSE,valid,ghost,NA
Mar_22_T1_41_FLM30_stem,2022-03-23,FLM30,tree,stem,NA,LGR3,rebuild fit (stage 03),12:50:00,12:54:00,2022,3,dry,28.562444446666667,NA,NA,NA,NA,NA,460.99555555555554,107.68,794.9955555555555,1.95686940197422,LM,RMSE | SE | AICc,valid,FALSE,TRUE,23.9201628842515,1.95686940197422,0.954862647506802,3.12694089046757e-19,1.96771667913161,0.954694386785631,0.49308112726138,LM,NA,valid,FALSE,FALSE,39.309441453261776,0.49308112726138,0.982816034718105,1.08935595799296e-24,0.58726888235337,0.984923764697048,0,NA,0,0,FALSE,valid,ghost,NA
Mar_22_T1_42_FLM30_stem,2022-03-23,FLM30,tree,stem,NA,LGR3,rebuild fit (stage 03),13:02:30,13:06:30,2022,3,dry,28.714388888333332,NA,NA,NA,NA,NA,460.99555555555554,107.68,794.9955555555555,0.827918823465291,HM,NA,valid,FALSE,FALSE,17.59832562769103,0.677441229756094,0.988136517540736,1.8878128522253702e-37,0.827918823465291,0.991418772353768,1.12555380479621,HM,NA,valid,FALSE,FALSE,43.83083813340882,0.813676724901668,0.990585606212806,2.61635024104749e-39,1.12555380479621,0.998521128921317,0,NA,0,0,FALSE,valid,ghost,NA
Mar_22_T1_43_FLM30_stem,2022-03-23,FLM30,tree,stem,NA,LGR3,rebuild fit (stage 03),13:20:00,13:24:00,2022,3,dry,28.949888886666667,25.6,NA,NA,NA,NA,460.99555555555554,107.68,794.9955555555555,4.29891586063363,LM,NA,valid,FALSE,TRUE,81.32240227912578,4.29891586063363,0.996233426388881,8.065850431352539e-31,4.97452445727545,0.997839848347247,0.413388054529963,LM,NA,valid,FALSE,FALSE,38.27695557327557,0.413388054529963,0.983211618771679,4.988012395325569e-23,0.647228072682631,0.998930484564646,0,NA,0,0,FALSE,valid,ghost,NA
Mar_22_T1_45_FLM30_stem,2022-03-23,FLM30,tree,stem,NA,LGR3,rebuild fit (stage 03),13:33:30,13:37:30,2022,3,dry,29.175488889666667,NA,NA,NA,NA,NA,460.99555555555554,107.68,794.9955555555555,0.55391127905865,LM,g-fact. > 2 | Intercept (LM),valid,FALSE,FALSE,13.436000548631672,0.55391127905865,0.886434418090936,4.40496765736976e-12,1.28610310000053,0.944625248711629,0.467012314064119,LM,SE | g-fact. > 2 | Intercept (LM),valid,FALSE,FALSE,12.739641730519512,0.467012314064119,0.875202461020746,1.24993157160455e-11,1.27684400547875,0.965946034305327,0,NA,0,0,FALSE,valid,ghost,NA
Mar_22_T1_46_FLM30_stem,2022-03-23,FLM30,tree,stem,NA,LGR3,rebuild fit (stage 03),13:52:00,13:56:00,2022,3,dry,29.423744446999997,25.8,NA,NA,NA,NA,460.99555555555554,107.68,794.9955555555555,8.50172000849271,HM,SE | Intercept (LM),valid,FALSE,TRUE,52.557004982897745,4.42200884107447,0.966171882170706,1.08086744657417e-35,8.50172000849271,0.99853950150242,0.369704519463054,LM,g-fact. > 2 | Intercept (LM),valid,FALSE,FALSE,23.79750319148856,0.369704519463054,0.923242904840788,1.68784629570562e-27,0.987466590622559,0.999032097467153,0,NA,0,0,FALSE,valid,ghost,NA
Mar_22_T1_47_FLM30_stem,2022-03-23,FLM30,tree,stem,NA,LGR3,rebuild fit (stage 03),14:01:00,14:08:00,2022,3,dry,29.495844446,NA,NA,NA,NA,NA,460.99555555555554,107.68,794.9955555555555,21.738972707352,LM,NA,valid,FALSE,TRUE,34.33655074327386,21.738972707352,0.976782723157486,8.166612510415e-24,36.9139671940627,0.999768275301569,0.276924475188782,LM,NA,valid,FALSE,FALSE,44.46342148153511,0.276924475188782,0.986027912113349,8.566119756413969e-27,0.410221433205492,0.998355456962897,0,NA,0,0,FALSE,valid,ghost,NA
Mar_22_T1_48_FLM30_stem,2022-03-23,FLM30,tree,stem,NA,LGR3,rebuild fit (stage 03),14:11:30,14:15:30,2022,3,dry,29.5799611115,NA,NA,NA,NA,NA,460.99555555555554,107.68,794.9955555555555,0.406741977332979,LM,g-fact. > 2 | Intercept (LM),valid,FALSE,FALSE,21.62773326508438,0.406741977332979,0.922888139099807,5.837643626622089e-23,1.04168013641691,0.993242565367771,0.576003467469274,HM,NA,valid,FALSE,FALSE,99.07810183207712,0.357345067001311,0.981880566209901,6.35730488086638e-35,0.576003467469274,0.999681377578865,0,NA,0,0,FALSE,valid,ghost,NA
Mar_22_T1_49_FLM30_stem,2022-03-23,FLM30,tree,stem,NA,LGR3,rebuild fit (stage 03),14:36:00,14:40:00,2022,3,dry,29.5135,25.3,NA,NA,NA,NA,460.99555555555554,107.68,794.9955555555555,0.146721923859026,HM,AICc,valid,FALSE,FALSE,1.1720399524625489,0.0955702946614003,0.262046950015677,1.3972610236541e-4,0.146721923859026,0.264523736307251,2.37282503421407,HM,NA,valid,FALSE,TRUE,53.212386138556504,1.43790851798544,0.979106216397504,1.15565435366212e-39,2.37282503421407,0.998690424702891,0,NA,0,0,FALSE,valid,ghost,NA
Mar_22_T1_50_FLM30_stem,2022-03-23,FLM30,tree,stem,NA,LGR3,rebuild fit (stage 03),14:50:00,15:00:00,2022,3,dry,29.432555555,NA,NA,NA,NA,NA,460.99555555555554,107.68,794.9955555555555,0.336847343531629,LM,g-fact. > 2 | Intercept (LM),valid,FALSE,FALSE,20.068440695294665,0.336847343531629,0.866305047203378,1.4730016821731399e-28,0.706240105744674,0.911643224734525,1.53009019343496,LM,g-fact. > 2 | Intercept (LM),valid,FALSE,TRUE,27.783291038885327,1.53009019343496,0.925562289948463,2.4990097681940297e-36,4.05915834513876,0.999634077646225,0,NA,0,0,FALSE,valid,ghost,NA
Mar_22_T1_51_FLM30_stem,2022-03-23,FLM30,tree,stem,NA,LGR3,rebuild fit (stage 03),15:02:00,15:12:00,2022,3,dry,29.335488887,NA,NA,NA,NA,NA,460.99555555555554,107.68,794.9955555555555,0.568925573972601,HM,AICc,valid,FALSE,FALSE,10.683954690997412,0.56592264834807,0.975105324932389,5.96582338009214e-38,0.568925573972601,0.974988020714923,3.32303479446099,HM,NA,valid,FALSE,TRUE,88.7126804835131,2.01407515669878,0.980209595144828,3.4075706417834e-40,3.32303479446099,0.999528434031609,0,NA,0,0,FALSE,valid,ghost,NA
Mar_22_T1_52_FLM30_stem,2022-03-23,FLM30,tree,stem,NA,Picarro,rebuild fit (stage 03),10:16:00,10:21:00,2022,3,dry,25.853111114333338,25.2,NA,NA,NA,NA,1106.6016666666667,213.35,1447.601666666667,23.7733196857401,HM,SE,valid,FALSE,TRUE,59.637095469077614,20.1822921865627,0.996607311139276,3.02616274767362e-103,23.7733196857401,0.998439420649621,0.944197842622144,HM,SE | Intercept (LM),valid,FALSE,FALSE,27.937843586878103,0.667555699453593,0.984355976364737,5.28442157040972e-57,0.944197842622144,0.99357001361165,0,NA,0,0,FALSE,valid,ghost,NA
Mar_22_T1_53_FLM30_stem,2022-03-23,FLM30,tree,stem,NA,Picarro,rebuild fit (stage 03),10:34:00,10:40:00,2022,3,dry,26.275111112333335,NA,NA,NA,NA,NA,1106.6016666666667,213.35,1447.601666666667,0.521656544432957,HM,AICc,valid,FALSE,FALSE,15.071063266544895,0.518038254924707,0.980951996198645,4.02110614033384e-56,0.521656544432957,0.980805168432962,0.733911715130701,LM,RMSE | MAE | SE | AICc | Intercept,valid,FALSE,TRUE,30.976029134281223,0.733911715130701,0.921192813912401,1.14449217912842e-46,0.735376610850098,0.92093757533152,0,NA,0,0,FALSE,valid,ghost,NA
Mar_22_T1_54_FLM30_stem,2022-03-23,FLM30,tree,stem,NA,Picarro,rebuild fit (stage 03),10:48:00,10:53:00,2022,3,dry,26.5859,NA,NA,NA,NA,NA,1106.6016666666667,213.35,1447.601666666667,0.122678452097354,HM,AICc,valid,FALSE,FALSE,4.600523482989294,0.10640274109891,0.838359137963036,4.8557634035239905e-24,0.122678452097354,0.83967791949398,1.85231641342878,HM,SE,valid,FALSE,FALSE,84.78208322070199,1.51482886167723,0.996469144713934,1.00734423264295e-76,1.85231641342878,0.999392676989334,0,NA,0,0,FALSE,valid,ghost,NA
Mar_22_T1_55_FLM30_stem,2022-03-23,FLM30,tree,stem,NA,Picarro,rebuild fit (stage 03),11:07:00,11:16:00,2022,3,dry,26.920933333333338,25.2,NA,NA,NA,NA,1106.6016666666667,213.35,1447.601666666667,8.77291887394486,LM,MAE | SE | AICc,valid,FALSE,TRUE,42.245139020795335,8.77291887394486,0.971672179152903,2.33507453109466e-41,8.93786641008507,0.971669798158245,1.02652483052028,LM,RMSE | MAE | SE | AICc,valid,FALSE,TRUE,16.58314641555028,1.02652483052028,0.931972943251827,9.30658909315704e-13,1.03321064906445,0.931865411165251,0,NA,0,0,FALSE,valid,ghost,NA
Mar_22_T1_56_FLM30_stem,2022-03-23,FLM30,tree,stem,NA,Picarro,rebuild fit (stage 03),11:22:00,11:31:00,2022,3,dry,27.190022223,NA,NA,NA,NA,NA,1106.6016666666667,213.35,1447.601666666667,3.148084687419,HM,SE | Intercept (LM),valid,FALSE,TRUE,16.06366658590231,1.94730070488751,0.971964426686994,9.354979741092979e-30,3.148084687419,0.988647562592147,0.636762591387744,HM,SE,valid,FALSE,FALSE,17.58675422103766,0.455583913980277,0.982333460278563,3.9292624088836695e-35,0.636762591387744,0.990506270230916,0,NA,0,0,FALSE,valid,ghost,NA
Mar_22_T1_57_FLM30_stem,2022-03-23,FLM30,tree,stem,NA,Picarro,rebuild fit (stage 03),11:38:00,11:48:00,2022,3,dry,27.482644447,NA,NA,NA,NA,NA,1106.6016666666667,213.35,1447.601666666667,0.132943606032003,LM,g-fact. > 2,valid,FALSE,FALSE,20.568960782086148,0.132943606032003,0.894086197070872,9.41496050320281e-26,0.310104772452104,0.941207408812451,0.736636066271567,HM,SE,valid,FALSE,FALSE,62.432959864986785,0.504728648436521,0.988290649535045,4.37690566666993e-53,0.736636066271567,0.998953248094856,0,NA,0,0,FALSE,valid,ghost,NA
Mar_22_T1_78_BL60_stem,2022-03-24,BL60,tree,stem,NA,LGR3,rebuild fit (stage 03),13:05:30,13:13:30,2022,3,dry,28.800066666666662,24.9,NA,NA,NA,NA,460.99555555555554,107.68,794.9955555555555,0.078074354501478,LM,g-fact. > 2 | Intercept (LM),valid,FALSE,FALSE,18.20752714289956,0.078074354501478,0.875501316091014,1.17256949667161e-22,0.229102412945667,0.972173733393067,7.51022514093321,HM,Intercept (LM),valid,FALSE,TRUE,495.36037026708846,4.2259114802811,0.974294703834332,1.94625737096021e-38,7.51022514093321,0.999984055086263,0,NA,0,0,FALSE,valid,regenerating,NA
Mar_22_T1_79_BL60_stem,2022-03-24,BL60,tree,stem,NA,LGR3,rebuild fit (stage 03),13:24:00,13:29:30,2022,3,dry,29.160900001,NA,NA,NA,NA,NA,460.99555555555554,107.68,794.9955555555555,0.00631385374764231,LM,MAE | AICc | g-fact. > 2 | p-value | Intercept,valid,TRUE,FALSE,0.7411139206919543,0.00631385374764231,-0.0130466008190706,0.463712678487854,0.0136500320600163,0.00588421753239876,4.48611498916968,HM,Intercept (LM),valid,FALSE,TRUE,94.73710382962813,2.28277444281175,0.962523164100169,4.79248153090288e-26,4.48611498916968,0.999659213484166,0,NA,0,0,FALSE,valid,regenerating,NA
Mar_22_T1_80_BL60_stem,2022-03-24,BL60,tree,stem,NA,LGR3,rebuild fit (stage 03),13:35:30,13:40:30,2022,3,dry,29.191438891166666,NA,NA,NA,NA,NA,460.99555555555554,107.68,794.9955555555555,0.0427118392856682,HM,AICc | Intercept,valid,FALSE,FALSE,2.338441193260298,0.0425894634346013,0.685755190006406,2.61608969346829e-11,0.0427118392856682,0.685570123212746,5.10917116726737,HM,Intercept (LM),valid,FALSE,TRUE,149.60511832830295,2.78455791705887,0.970681781495306,5.9764169892926095e-31,5.10917116726737,0.99985231832366706,0,NA,0,0,FALSE,valid,regenerating,NA
Mar_22_T1_81_BL60_stem,2022-03-24,BL60,tree,stem,NA,LGR3,rebuild fit (stage 03),14:00:00,14:05:00,2022,3,dry,29.43616667,29.6,NA,NA,NA,NA,460.99555555555554,107.68,794.9955555555555,2.63006662821343,LM,RMSE | AICc,valid,FALSE,TRUE,60.15446419394692,2.63006662821343,0.994228486491904,4.4472408139689404e-24,2.66517814900398,0.994194246421774,8.30494475821653,LM,NA,valid,FALSE,TRUE,78.5770593495576,8.30494475821653,0.996609816812714,2.1725792614691e-26,10.1587749085783,0.999842580274935,0,NA,0,0,FALSE,valid,regenerating,NA
Mar_22_T1_82_BL60_stem,2022-03-24,BL60,tree,stem,NA,LGR3,rebuild fit (stage 03),14:07:30,14:12:30,2022,3,dry,29.545916669999997,NA,NA,NA,NA,NA,460.99555555555554,107.68,794.9955555555555,4.42371998692988,LM,SE,valid,FALSE,TRUE,34.47687446457064,4.42371998692988,0.978577112430737,1.33619132294773e-22,6.22705179074944,0.988873195873223,7.71787264990381,LM,SE,valid,FALSE,TRUE,89.89456405509549,7.71787264990381,0.996792513319751,6.50718705906219e-33,9.31887899164333,0.999603151305769,0,NA,0,0,FALSE,valid,regenerating,NA
Mar_22_T1_69_BL60_stem,2022-03-24,BL60,tree,stem,NA,Picarro,rebuild fit (stage 03),11:02:00,11:06:00,2022,3,dry,27.6084,NA,NA,NA,NA,NA,460.99555555555554,107.68,801.9955555555555,0.109861716776969,HM,SE | AICc | Intercept,valid,FALSE,FALSE,2.00464649989398,0.0623063725473123,0.467576470191121,1.92439490291624e-8,0.109861716776969,0.481150317921504,4.56642479693968,HM,SE,valid,FALSE,TRUE,146.582079350281,4.00623039824755,0.998627958309332,2.24887597462567e-86,4.56642479693968,0.999816560178585,0,NA,0,0,FALSE,valid,regenerating,NA
Mar_22_T1_70_BL60_stem,2022-03-24,BL60,tree,stem,NA,Picarro,rebuild fit (stage 03),11:10:00,11:15:00,2022,3,dry,27.578,NA,NA,NA,NA,NA,460.99555555555554,107.68,801.9955555555555,0.085043610066928,HM,AICc | Intercept,valid,FALSE,FALSE,2.2425666681055287,0.0661544067576865,0.511873625029451,1.2885390000587498e-11,0.085043610066928,0.514814432289145,4.30628231066774,HM,SE,valid,FALSE,FALSE,118.77886304976772,3.45715380869756,0.996124163322683,1.4025950874081296e-87,4.30628231066774,0.999643801731608,0,NA,0,0,FALSE,valid,regenerating,NA
Mar_22_T1_72_BL60_stem,2022-03-24,BL60,tree,stem,NA,Picarro,rebuild fit (stage 03),11:53:00,11:58:00,2022,3,dry,28.209822221333333,NA,NA,NA,NA,NA,460.99555555555554,107.68,801.9955555555555,0.249670051158623,LM,RMSE | SE | AICc,valid,FALSE,FALSE,12.906474310002244,0.249670051158623,0.842301034755961,8.85386426913799e-14,0.25054839779329,0.842104850991964,2.61121074103155,HM,SE,valid,FALSE,FALSE,80.24957426912209,2.31279416054681,0.99852159153179,6.39429689832024e-50,2.61121074103155,0.999627179212448,0,NA,0,0,FALSE,valid,regenerating,NA
Mar_22_T1_74_BL60_stem,2022-03-24,BL60,tree,stem,NA,Picarro,rebuild fit (stage 03),12:04:00,12:09:14,2022,3,dry,28.12157777566667,NA,NA,NA,NA,NA,460.99555555555554,107.68,801.9955555555555,0.0788945088016577,HM,SE | AICc | Intercept,valid,FALSE,TRUE,1.2229315021200855,0.0734140722707926,0.411362994596931,4.5758111421171e-5,0.0788945088016577,0.411550478952368,3.16406251976617,HM,SE,valid,FALSE,FALSE,87.26394045862324,2.75250677521209,0.998182910181011,1.2092944150992698e-45,3.16406251976617,0.999692233939841,0,NA,0,0,FALSE,valid,regenerating,NA
Mar_22_T1_75_BL60_stem,2022-03-24,BL60,tree,stem,NA,Picarro,rebuild fit (stage 03),12:18:00,12:23:00,2022,3,dry,28.037299997,24.6,NA,NA,NA,NA,460.99555555555554,107.68,801.9955555555555,0.098841588123571,LM,MAE | SE | AICc | Intercept,valid,FALSE,FALSE,8.851101822938013,0.098841588123571,0.734199038513588,1.81888647431568e-9,0.144867146651148,0.744355867784532,3.37390755443233,HM,SE,valid,FALSE,TRUE,27.87715174502314,2.20368765370779,0.98282572075458,6.3739258134324095e-31,3.37390755443233,0.99673502124023,0,NA,0,0,FALSE,valid,regenerating,NA
Mar_22_T1_63_BL60_stem,2022-03-24,BL60,tree,stem,NA,Picarro,rebuild fit (stage 03),12:32:00,12:36:00,2022,3,dry,28.055811109666667,24.5,NA,NA,NA,NA,460.99555555555554,107.68,801.9955555555555,19.1993730818372,LM,SE,valid,FALSE,TRUE,260.46985882318523,19.1993730818372,0.99960218379352,5.93133544000472e-46,20.3352131442907,0.99984931834493,4.04447200152686,LM,SE,valid,FALSE,TRUE,220.8466739466651,4.04447200152686,0.999446712771146,4.32184263704984e-44,4.32332971509003,0.999780961153991,0,NA,0,0,FALSE,valid,regenerating,NA
Mar_22_T1_77_BL60_stem,2022-03-24,BL60,tree,stem,NA,Picarro,rebuild fit (stage 03),12:56:00,13:01:00,2022,3,dry,28.463133333333335,NA,NA,NA,NA,NA,460.99555555555554,107.68,801.9955555555555,0.270148685127844,HM,MAE | AICc,valid,FALSE,FALSE,5.484576083280638,0.233919610771542,0.91417051070454,1.29760167741275e-22,0.270148685127844,0.915679436673924,2.21912784686285,HM,SE,valid,FALSE,FALSE,41.257603714872154,1.47815921577323,0.984998306056808,2.12320776470686e-37,2.21912784686285,0.998161013953108,0,NA,0,0,FALSE,valid,regenerating,NA
Mar_22_T1_64_BL60_stem,2022-03-24,BL60,tree,stem,NA,Picarro,rebuild fit (stage 03),13:40:00,13:44:00,2022,3,dry,29.203388891666663,NA,NA,NA,NA,NA,460.99555555555554,107.68,801.9955555555555,0.0843601074866025,LM,MAE | SE | AICc | Intercept,valid,FALSE,FALSE,3.1767286707681133,0.0843601074866025,0.274740487610475,0.00420595714741338,0.0844423087418319,0.274654990057371,5.08809513613323,HM,SE,valid,FALSE,FALSE,69.01613691121204,4.15370199097805,0.996651744603451,2.0381727146331397e-36,5.08809513613323,0.999593629265568,0,NA,0,0,FALSE,valid,regenerating,NA
Mar_22_T1_65_BL60_stem,2022-03-24,BL60,tree,stem,NA,Picarro,rebuild fit (stage 03),13:50:00,13:54:00,2022,3,dry,29.289833336666664,NA,NA,NA,NA,NA,460.99555555555554,107.68,801.9955555555555,0.19048267805698,LM,SE | AICc | Intercept,valid,FALSE,TRUE,5.111704109709887,0.19048267805698,0.533201226904027,4.60624298342146e-5,0.314416608104895,0.547939624191486,2.12956391511823,LM,SE,valid,FALSE,FALSE,111.79672333716098,2.12956391511823,0.998163013496678,8.29763270592072e-32,2.41379251509831,0.99939694036481,0,NA,0,0,FALSE,valid,regenerating,NA
Mar_22_T1_66_BL60_stem,2022-03-24,BL60,tree,stem,NA,Picarro,rebuild fit (stage 03),14:00:00,14:05:00,2022,3,dry,29.43616667,NA,NA,NA,NA,NA,460.99555555555554,107.68,801.9955555555555,1.63991467183666,HM,SE,valid,FALSE,FALSE,30.769018051708866,0.990999951751185,0.976023975022015,1.56324193375797e-50,1.63991467183666,0.995014007263555,2.17363917213825,HM,SE | Intercept (LM),valid,FALSE,FALSE,78.37904833440554,1.09657385075589,0.959584463243528,6.30460063756327e-48,2.17363917213825,0.998993363058121,0,NA,0,0,FALSE,valid,regenerating,NA
Mar_22_T1_67_BL60_stem,2022-03-24,BL60,tree,stem,NA,Picarro,rebuild fit (stage 03),14:18:30,14:23:30,2022,3,dry,29.642950003333333,24.1,NA,NA,NA,NA,460.99555555555554,107.68,801.9955555555555,1.01278262507778,HM,SE,valid,FALSE,TRUE,10.471397673000292,0.816050086708704,0.976498818652857,2.1826099427788003e-25,1.01278262507778,0.98005690982716,1.88575952851726,HM,SE,valid,FALSE,FALSE,60.999765418728344,1.52856946412954,0.996058812950588,2.90378561087101e-40,1.88575952851726,0.999372155754435,0,NA,0,0,FALSE,valid,regenerating,NA
Mar_22_T1_68_BL60_stem,2022-03-24,BL60,tree,stem,NA,Picarro,rebuild fit (stage 03),14:27:30,14:32:30,2022,3,dry,29.610250003333334,NA,NA,NA,NA,NA,460.99555555555554,107.68,801.9955555555555,3.91475059977791,HM,SE,valid,FALSE,TRUE,28.59893768541798,3.27971431034637,0.995083456312116,3.04471649445881e-35,3.91475059977791,0.997440099897082,3.54747516680228,HM,SE,valid,FALSE,TRUE,56.30739635706395,2.45125807578683,0.988574752522567,6.234726005639819e-30,3.54747516680228,0.999277036820731,0,NA,0,0,FALSE,valid,regenerating,NA
Oct_22_1_FLM30_stem,2022-10-15,FLM30,tree,stem,NA,LGR2,rebuild fit (stage 03),13:01:50,13:10:30,2022,10,wet,27.846407407,NA,NA,25.4,NA,NA,1106.6016666666667,213.35,2012.601666666667,15.9041849723048,HM,NA,valid,FALSE,TRUE,826.7233554690459,15.5212214066314,0.999926301776392,0,15.9041849723048,0.99996623000777,2.07064466487515,LM,RMSE | MAE | AICc,valid,FALSE,TRUE,886.7143605578531,2.07064466487515,0.999537263914244,0,2.09350303039492,0.999409582182891,0,NA,0,0,FALSE,valid,ghost,NA
Oct_22_2_FLM30_stem,2022-10-15,FLM30,tree,stem,NA,LGR2,rebuild fit (stage 03),13:15:37,13:20:34,2022,10,wet,28.173788515322222,NA,NA,25.4,NA,NA,1106.6016666666667,213.35,2012.601666666667,8.07328936924599,HM,NA,valid,FALSE,FALSE,536.7390271616129,7.94831211098667,0.999933731512431,0,8.07328936924599,0.999934972132856,3.33906492679811,LM,RMSE | MAE | SE | AICc,valid,FALSE,TRUE,571.2785048116258,3.33906492679811,0.999090784398593,0,3.3671949482385,0.998954922265653,0,NA,0,0,FALSE,valid,ghost,NA
Oct_22_3_FLM30_stem,2022-10-15,FLM30,tree,stem,NA,LGR2,rebuild fit (stage 03),13:22:00,13:27:00,2022,10,wet,28.261311109333334,NA,NA,25.4,NA,NA,1106.6016666666667,213.35,2012.601666666667,1.24220388659998,HM,NA,valid,FALSE,FALSE,65.24460259260117,1.01136781386226,0.992397643085139,4.11828530000833e-293,1.24220388659998,0.9953976038865,2.65098345525937,HM,NA,valid,FALSE,TRUE,243.26245825338015,2.37678932945611,0.998852975341035,0,2.65098345525937,0.999682518833855,0,NA,0,0,FALSE,valid,ghost,NA
Oct_22_4_FLM30_stem,2022-10-15,FLM30,tree,stem,NA,LGR2,rebuild fit (stage 03),14:01:30,14:06:30,2022,10,wet,28.178650001500003,NA,NA,25.4,NA,NA,1106.6016666666667,213.35,2012.601666666667,2.064372785268,HM,AICc,valid,FALSE,TRUE,22.83902795066643,2.05796702908621,0.967551589289119,1.0848725329838696e-210,2.064372785268,0.967318297687217,1.64749748429441,LM,RMSE | MAE | AICc,valid,FALSE,TRUE,599.6139457594012,1.64749748429441,0.99921904700438,0,1.66440160024084,0.999084658599836,0,NA,0,0,FALSE,valid,ghost,NA
Oct_22_5_FLM30_stem,2022-10-15,FLM30,tree,stem,NA,LGR2,rebuild fit (stage 03),14:10:00,14:15:00,2022,10,wet,27.973611111666667,NA,NA,25.4,NA,NA,1106.6016666666667,213.35,2012.601666666667,15.6864230527571,HM,NA,valid,FALSE,FALSE,264.05452174722285,14.5117854978106,0.999379210177944,0,15.6864230527571,0.999794232521546,5.97472076549396,HM,NA,valid,FALSE,FALSE,483.1317771120247,5.83320562442369,0.999901364932823,0,5.97472076549396,0.999940153891451,0,NA,0,0,FALSE,valid,ghost,NA
Oct_22_6_FLM30_stem,2022-10-15,FLM30,tree,stem,NA,LGR2,rebuild fit (stage 03),14:19:00,14:24:00,2022,10,wet,27.84011111066667,NA,NA,25.4,NA,NA,1106.6016666666667,213.35,2012.601666666667,0.165895778284591,LM,g-fact. > 2 | Intercept,valid,FALSE,FALSE,25.55965979274245,0.165895778284591,0.683536423873928,2.1176733390375697e-77,0.679866607540546,0.835413512050997,1.39009964918775,HM,NA,valid,FALSE,FALSE,206.06020715866657,1.24991720960796,0.998747804671064,0,1.39009964918775,0.999530329358255,0,NA,0,0,FALSE,valid,ghost,NA
Oct_22_24_SRS6_stem,2022-10-16,SRS6,tree,stem,NA,LGR2,rebuild fit (stage 03),12:44:15,12:47:55,2022,10,wet,27.29657500325,27.2,NA,NA,NA,NA,1106.6016666666667,213.35,2012.601666666667,1.98744305102343,HM,NA,valid,FALSE,FALSE,53.29562713881146,1.81560249286011,0.994387204959842,1.12433437003183e-248,1.98744305102343,0.99494224253023,1.35957530498664,HM,NA,valid,FALSE,FALSE,71.25628217753743,0.859510015335856,0.981974817647077,3.4457884022927e-193,1.35957530498664,0.996643420382769,0,NA,0,0,FALSE,valid,healthy,NA
Oct_22_23_SRS6_stem,2022-10-16,SRS6,tree,stem,NA,LGR2,rebuild fit (stage 03),12:58:55,13:03:57,2022,10,wet,26.483325003333334,27.2,NA,NA,NA,NA,460.99555555555554,107.68,1366.9955555555557,-0.10031381387884,LM,SE | g-fact. > 2 | Intercept,valid,FALSE,TRUE,6.149141097983893,-0.10031381387884,0.127902752402338,3.06507988804208e-9,-1.06523158640898,0.358623267309016,0.00804441623338807,LM,MAE | SE | g-fact. > 2 | p-value | Intercept,valid,TRUE,TRUE,1.8188818755274951,0.00804441623338807,0.00911273435676496,0.0701258027168893,0.0229287320050838,0.0339831817116654,0,NA,0,0,FALSE,valid,healthy,NA
Oct_22_26_SRS6_root,2022-10-16,SRS6,tree,root,NA,LGR2,rebuild fit (stage 03),13:07:39,13:11:31,2022,10,wet,25.97417167,27.2,NA,NA,NA,NA,254.53666666666663,40.45,1160.5366666666664,1.58245428050745,HM,AICc,valid,FALSE,FALSE,18.413671537164237,1.56807350314049,0.958798588575766,3.4225413313228183e-162,1.58245428050745,0.958686352246574,1.78494615205341,HM,SE,valid,FALSE,FALSE,53.92434584571372,1.69870942102978,0.994734704140023,2.1303359482389196e-265,1.78494615205341,0.99489564461468,0,NA,0,0,FALSE,valid,healthy,NA
Oct_22_29_SRS6_stem,2022-10-16,SRS6,tree,stem,NA,LGR2,rebuild fit (stage 03),13:24:53,13:27:33,2022,10,wet,25.9985429641,27.6,NA,NA,NA,NA,1106.6016666666667,213.35,2012.601666666667,0.0918769403356939,LM,SE | g-fact. > 2 | Intercept (LM),valid,FALSE,FALSE,5.125045018034217,0.0918769403356939,0.13711739885721,8.58295176359886e-7,0.636671627912533,0.295243885252583,1.50216775444994,HM,NA,valid,FALSE,FALSE,44.36346671832189,1.18607164933888,0.990642830362796,2.0317964862187492e-162,1.50216775444994,0.994335531595923,0,NA,0,0,FALSE,valid,healthy,NA
Oct_22_30_SRS6_root,2022-10-16,SRS6,tree,root,NA,LGR2,rebuild fit (stage 03),13:31:38,13:34:38,2022,10,wet,26.3078429626,27.6,NA,NA,NA,NA,460.99555555555554,107.68,1366.9955555555557,2.46750177239935,HM,NA,valid,FALSE,FALSE,30.20551643803826,1.97999398810531,0.982068395584983,3.2918232205336193e-167,2.46750177239935,0.985650496569504,0.552373945738659,LM,MAE | SE | g-fact. > 2 | Intercept,valid,FALSE,FALSE,27.772208627154424,0.552373945738659,0.802144220459478,1.25473655142415e-68,1.34942757740629,0.834504210970169,0,NA,0,0,FALSE,valid,healthy,NA
Oct_22_27_SRS6_stem,2022-10-16,SRS6,tree,stem,NA,LGR2,rebuild fit (stage 03),13:37:29,13:40:29,2022,10,wet,26.5759029613,27.6,NA,NA,NA,NA,460.99555555555554,107.68,1366.9955555555557,2.71031594052999,HM,SE | AICc | Intercept,valid,FALSE,TRUE,3.4649293129625405,2.7114442709413,0.513395739777526,5.0352322847704896e-30,2.71031594052999,0.513201444702166,1.78911817768062,HM,NA,valid,FALSE,FALSE,55.364264176695634,1.0640346426575,0.97648983773252,6.177635992711709e-148,1.78911817768062,0.995333071777318,0,NA,0,0,FALSE,valid,healthy,NA
Oct_22_28_SRS6_stem,2022-10-16,SRS6,tree,stem,NA,LGR2,rebuild fit (stage 03),13:42:32,13:45:32,2022,10,wet,26.807305182399997,27.6,NA,NA,NA,NA,460.99555555555554,107.68,1366.9955555555557,-0.441072696995649,HM,Intercept,valid,FALSE,FALSE,5.885419628567294,-0.318095358014026,0.717731391961707,2.90588749252328e-51,-0.441072696995649,0.723317204052951,1.2458395869262,LM,RMSE | SE | AICc,valid,FALSE,TRUE,99.83335071852136,1.2458395869262,0.982258487740971,7.028265908916429e-159,1.25215194829264,0.982061087274881,0,NA,0,0,FALSE,valid,healthy,NA
Oct_22_16_SRS6_stem,2022-10-16,SRS6,tree,stem,NA,LGR3,rebuild fit (stage 03),12:14:45,12:18:00,2022,10,wet,27.371838888916667,27,NA,NA,NA,NA,1106.6016666666667,213.35,2012.601666666667,-0.012148273940462,HM,AICc | p-value | MDF | Intercept,valid,TRUE,FALSE,0.25936986517463906,-0.00752744683295515,-0.00225791997240221,0.454886239648873,-0.012148273940462,-1.6162728380519e-4,1.82299265254288,HM,SE,valid,FALSE,FALSE,56.24120501077582,1.60167838987139,0.994735829092145,3.2435958512039688e-223,1.82299265254288,0.995891506605764,0,NA,0,0,FALSE,valid,healthy,NA
Oct_22_17_SRS6_stem,2022-10-16,SRS6,tree,stem,NA,LGR3,rebuild fit (stage 03),12:21:00,12:26:50,2022,10,wet,27.355733334,27,NA,NA,NA,NA,1106.6016666666667,213.35,2012.601666666667,0.237651228320776,LM,g-fact. > 2 | Intercept (LM),valid,FALSE,FALSE,42.73406736412642,0.237651228320776,0.838709723180366,6.05382779235197e-141,0.63615374109513,0.905096993486425,1.08303213845843,HM,SE,valid,FALSE,TRUE,33.18919241374584,0.774109842738208,0.969421714785472,2.32670210624261e-267,1.08303213845843,0.977110412682388,0,NA,0,0,FALSE,valid,healthy,NA
Oct_22_18_SRS6_stem,2022-10-16,SRS6,tree,stem,NA,LGR3,rebuild fit (stage 03),12:29:30,12:32:30,2022,10,wet,27.334105557166662,27,NA,NA,NA,NA,1106.6016666666667,213.35,2012.601666666667,0.780559430327728,HM,AICc,valid,FALSE,FALSE,21.06267765826527,0.767420942921611,0.974949500183396,1.810706753836e-145,0.780559430327728,0.974948213696448,2.098080279731,HM,NA,valid,FALSE,FALSE,128.97196909116187,1.86095639123594,0.998282295776581,1.2207072224462199e-249,2.098080279731,0.999279296446436,0,NA,0,0,FALSE,valid,healthy,NA
Oct_22_19_SRS6_root,2022-10-16,SRS6,tree,root,NA,LGR3,rebuild fit (stage 03),12:38:20,12:41:40,2022,10,wet,27.311629632222225,27,NA,NA,NA,NA,254.53666666666663,40.45,1160.5366666666664,5.35402114679311,HM,NA,valid,FALSE,FALSE,50.24169452332607,4.04552671191319,0.988787885330604,3.202145244082e-197,5.35402114679311,0.994310021058621,6.27262386095377,HM,SE,valid,FALSE,FALSE,157.83847744839127,5.11214459825745,0.996489997885079,1.16349902764915e-247,6.27262386095377,0.999440611318468,0,NA,0,0,FALSE,valid,healthy,NA
Oct_22_20_SRS6_stem,2022-10-16,SRS6,tree,stem,NA,LGR3,rebuild fit (stage 03),12:51:30,12:54:30,2022,10,wet,26.91571667,27,NA,NA,NA,NA,460.99555555555554,107.68,1366.9955555555557,0.219902590385659,LM,SE | g-fact. > 2 | Intercept,valid,FALSE,FALSE,7.103999566926387,0.219902590385659,0.215572821501761,2.76406572840479e-11,4.32637387638709,0.65380721421051,2.49738043571013,HM,NA,valid,FALSE,FALSE,116.44620030625236,2.42052815076543,0.999086314033564,3.5472083407169495e-274,2.49738043571013,0.999153882271809,0,NA,0,0,FALSE,valid,healthy,NA
Oct_22_21_SRS6_stem,2022-10-16,SRS6,tree,stem,NA,LGR3,rebuild fit (stage 03),12:56:00,12:59:00,2022,10,wet,26.65336667,27,NA,NA,NA,NA,460.99555555555554,107.68,1366.9955555555557,7.02333946227154,HM,NA,valid,FALSE,FALSE,72.11246345066438,6.2928007088123,0.996857238192519,3.7017963419229285e-226,7.02333946227154,0.99770978020574,3.24626849850234,HM,NA,valid,FALSE,FALSE,115.65987469690384,2.83703148968768,0.997812097715193,3.0997794965067694e-240,3.24626849850234,0.999097598112207,0,NA,0,0,FALSE,valid,healthy,NA
Oct_22_22_SRS6_stem,2022-10-16,SRS6,tree,stem,NA,LGR3,rebuild fit (stage 03),13:00:30,13:03:30,2022,10,wet,26.39101667,27,NA,NA,NA,NA,460.99555555555554,107.68,1366.9955555555557,0.781108308698641,HM,AICc,valid,FALSE,FALSE,13.138559413097552,0.724943984340804,0.936349351061765,1.29440041337918e-108,0.781108308698641,0.936668707523124,7.83922581920488,HM,NA,valid,FALSE,FALSE,351.2183907687589,6.8585347254523,0.998657621196787,8.724690310206619e-258,7.83922581920488,0.999902653540655,0,NA,0,0,FALSE,valid,healthy,NA
Oct_22_49_SRS6_stem,2022-10-17,SRS6,tree,stem,NA,LGR2,rebuild fit (stage 03),11:06:00,11:11:00,2022,10,wet,26.790533331,NA,NA,NA,NA,NA,1106.6016666666667,213.35,2012.601666666667,0.90137440770547,HM,NA,valid,FALSE,FALSE,60.59556884512245,0.848727443740297,0.994485305099436,0,0.90137440770547,0.99473354586025,1.21908298173664,LM,RMSE | MAE | AICc,valid,FALSE,TRUE,474.29334444167046,1.21908298173664,0.998663731441791,0,1.22983326296404,0.99854612332764,0,NA,0,0,FALSE,valid,healthy,NA
Oct_22_50_SRS6_stem,2022-10-17,SRS6,tree,stem,NA,LGR2,rebuild fit (stage 03),11:13:00,11:22:00,2022,10,wet,26.720377774666662,NA,NA,NA,NA,NA,1106.6016666666667,213.35,2012.601666666667,-1.17543866892145,LM,SE | g-fact. > 2 | Intercept (HM),valid,FALSE,TRUE,22.777351087556383,-1.17543866892145,0.488586517367991,4.95846292579996e-81,-4.88165017824715,0.612575293350461,-1.0160210965858,LM,SE | g-fact. > 2 | Intercept,valid,FALSE,TRUE,15.270188344524817,-1.0160210965858,0.299903229184007,4.922582050636898e-44,-6.34754041984934,0.481440672266229,0,NA,0,0,FALSE,valid,healthy,NA
Oct_22_52_SRS6_root,2022-10-17,SRS6,tree,root,NA,LGR2,rebuild fit (stage 03),11:52:30,11:55:30,2022,10,wet,26.54116667,NA,NA,NA,NA,NA,1106.6016666666667,213.35,2012.601666666667,0.233776205763845,HM,Intercept,valid,FALSE,FALSE,5.2209292996417345,0.128775935716436,0.624450850676788,3.900756721450359e-40,0.233776205763845,0.647551034184833,0.240145173354742,HM,NA,valid,FALSE,FALSE,20.931955417554576,0.199267412017,0.970058550904177,1.5533567940127495e-138,0.240145173354742,0.972501911497661,0,NA,0,0,FALSE,valid,healthy,NA
Oct_22_53_SRS6_stem,2022-10-17,SRS6,tree,stem,NA,LGR2,rebuild fit (stage 03),12:18:15,12:21:15,2022,10,wet,26.411100003333335,NA,NA,NA,NA,NA,1106.6016666666667,213.35,2012.601666666667,0.982089961557564,HM,AICc,valid,FALSE,TRUE,30.834801270864627,0.975293726510952,0.98845716003355,1.28199837750089e-174,0.982089961557564,0.988288726604267,2.08204918182645,HM,MAE,valid,FALSE,FALSE,194.6043341377895,2.04791806714892,0.999693283021419,7.57376455524189e-293,2.08204918182645,0.999701004050733,0,NA,0,0,FALSE,valid,healthy,NA
Oct_22_55_SRS6_stem,2022-10-17,SRS6,tree,stem,NA,LGR2,rebuild fit (stage 03),12:43:00,12:45:00,2022,10,wet,26.711400003333335,NA,NA,NA,NA,NA,1106.6016666666667,213.35,2012.601666666667,0.0630016298146909,LM,g-fact. > 2 | Intercept,valid,TRUE,FALSE,4.6839532387277405,0.0630016298146909,0.14963205302519,7.59151906138867e-6,0.189547302142475,0.213997371525744,1.48728156650607,HM,NA,valid,FALSE,FALSE,72.08646431907441,1.35631119036183,0.997901390412611,4.3980378908322796e-160,1.48728156650607,0.998493215461998,0,NA,0,0,FALSE,valid,healthy,NA
Oct_22_41_SRS6_stem,2022-10-17,SRS6,tree,stem,NA,LGR2,rebuild fit (stage 03),12:57:30,13:00:30,2022,10,wet,27.145250003333334,NA,NA,NA,NA,NA,460.99555555555554,107.68,1366.9955555555557,1.98413272039598,HM,AICc,valid,FALSE,FALSE,37.29048158539675,1.95838523317896,0.991974063910266,1.02908140533364e-189,1.98413272039598,0.991890381928052,3.23026068205843,HM,NA,valid,FALSE,FALSE,208.20020519999255,3.0906801370243,0.999601478777135,1.99000578878378e-293,3.23026068205843,0.99973347924254,0,NA,0,0,FALSE,valid,healthy,NA
Oct_22_42_SRS6_stem,2022-10-17,SRS6,tree,stem,NA,LGR2,rebuild fit (stage 03),13:05:00,13:09:00,2022,10,wet,27.391000003333335,NA,NA,NA,NA,NA,460.99555555555554,107.68,1366.9955555555557,0.316773327281533,HM,MAE | AICc | Intercept,valid,FALSE,TRUE,9.119977703610422,0.315983259656132,0.847002861059734,1.26130167756746e-99,0.316773327281533,0.846772129403135,1.43960607625502,HM,NA,valid,FALSE,FALSE,145.12375940209552,1.22084548725251,0.997339355558302,6.05468322577186e-293,1.43960607625502,0.999225538890288,0,NA,0,0,FALSE,valid,healthy,NA
Oct_22_43_SRS6_stem,2022-10-17,SRS6,tree,stem,NA,LGR2,rebuild fit (stage 03),13:12:15,13:15:15,2022,10,wet,27.628558336666668,NA,NA,NA,NA,NA,460.99555555555554,107.68,1366.9955555555557,0.115981831888034,HM,AICc | Intercept,valid,FALSE,FALSE,3.2145890824130925,0.11531764424303,0.475867800727095,4.03345336236723e-27,0.115981831888034,0.475782080649154,1.82098306438731,HM,RMSE | AICc,valid,FALSE,FALSE,134.16124553534638,1.79277670340172,0.999379384111253,3.28205073990639e-289,1.82098306438731,0.999367803071245,0,NA,0,0,FALSE,valid,healthy,NA
Oct_22_44_SRS6_stem,2022-10-17,SRS6,tree,stem,NA,LGR2,rebuild fit (stage 03),13:24:00,13:28:00,2022,10,wet,27.807366668,NA,NA,NA,NA,NA,1106.6016666666667,213.35,2012.601666666667,0.0326842885306085,LM,g-fact. > 2 | Intercept,valid,TRUE,FALSE,6.862660182997628,0.0326842885306085,0.161121032929287,5.7638447260406295e-11,0.0932721976058655,0.188775602903891,2.08985563550765,HM,NA,valid,FALSE,FALSE,321.67305702800536,1.9978919472729,0.999713133746781,0,2.08985563550765,0.999851220992416,0,NA,0,0,FALSE,valid,healthy,NA
Oct_22_45_SRS6_stem,2022-10-17,SRS6,tree,stem,NA,LGR2,rebuild fit (stage 03),13:38:00,13:41:00,2022,10,wet,27.945344442666663,NA,NA,NA,NA,NA,1106.6016666666667,213.35,2012.601666666667,0.19146672470553,HM,Intercept,valid,FALSE,FALSE,4.5584105435222115,0.103652940893644,0.566364117722659,1.59147644458008e-34,0.19146672470553,0.580918468264552,1.98906839284346,HM,NA,valid,FALSE,FALSE,192.04928177031343,1.89620581124976,0.9995306567384,4.53807691856481e-293,1.98906839284346,0.999686215121016,0,NA,0,0,FALSE,valid,healthy,NA
Oct_22_46_SRS6_stem,2022-10-17,SRS6,tree,stem,NA,LGR2,rebuild fit (stage 03),13:43:30,13:46:30,2022,10,wet,27.999549997,NA,NA,NA,NA,NA,1106.6016666666667,213.35,2012.601666666667,0.166563022288997,HM,Intercept (LM),valid,FALSE,FALSE,3.500103079379537,0.0889140263693431,0.433045933650765,4.7644155670091304e-24,0.166563022288997,0.447980895037222,1.98852475645657,HM,NA,valid,FALSE,FALSE,191.55311798884992,1.85427271111332,0.999344904438901,4.1473508382088593e-287,1.98852475645657,0.999681075217856,0,NA,0,0,FALSE,valid,healthy,NA
Oct_22_48_SRS6_root,2022-10-17,SRS6,tree,root,NA,LGR2,rebuild fit (stage 03),13:56:00,13:59:00,2022,10,wet,28.025822221333332,NA,NA,NA,NA,NA,254.53666666666663,40.45,1160.5366666666664,125.767128327277,HM,NA,valid,FALSE,TRUE,919.8657762012436,106.328131441233,0.998012310320086,5.7674936013701e-244,125.767128327277,0.999985491861084,9.08184487149905,HM,NA,valid,FALSE,FALSE,267.2483080775626,8.36428218249764,0.999368867570436,1.47666944359972e-288,9.08184487149905,0.999835151459869,0,NA,0,0,FALSE,valid,healthy,NA
Oct_22_47_SRS6_root,2022-10-17,SRS6,tree,root,NA,LGR2,rebuild fit (stage 03),14:02:00,14:05:00,2022,10,wet,28.032088889333338,NA,NA,NA,NA,NA,254.53666666666663,40.45,1160.5366666666664,0.0514606574943506,HM,AICc | MDF | Intercept,valid,TRUE,FALSE,0.6690274410339491,0.051430283956334,0.0331447335007689,0.00810046382780873,0.0514606574943506,0.0331350341013864,2.15744498285981,HM,NA,valid,FALSE,FALSE,75.6640695999297,1.99807035249665,0.997551759633553,7.266501720465537e-236,2.15744498285981,0.997952704389912,0,NA,0,0,FALSE,valid,healthy,NA
Oct_22_31_SRS6_stem,2022-10-17,SRS6,tree,stem,NA,LGR2,rebuild fit (stage 03),14:13:00,14:17:00,2022,10,wet,28.043577780666663,NA,NA,NA,NA,NA,254.53666666666663,40.45,1160.5366666666664,0.160097778774641,HM,AICc,valid,FALSE,TRUE,1.9168851169953849,0.160185378263099,0.194871485153239,3.89848911863517e-13,0.160097778774641,0.194791943229531,2.82372033975987,HM,NA,valid,FALSE,FALSE,118.16939154538102,2.59131407685655,0.998377900862597,0,2.82372033975987,0.998876158239177,0,NA,0,0,FALSE,valid,healthy,NA
Oct_22_32_SRS6_stem,2022-10-17,SRS6,tree,stem,NA,LGR2,rebuild fit (stage 03),14:19:00,14:22:00,2022,10,wet,28.022244447333332,NA,NA,NA,NA,NA,254.53666666666663,40.45,1160.5366666666664,0.077504883580411,HM,AICc | Intercept,valid,TRUE,TRUE,0.9150943650948008,0.0775560315031834,0.063331536610711,3.7093173720262e-4,0.077504883580411,0.0633026705360198,2.40479044540885,HM,NA,valid,FALSE,FALSE,88.34377025931089,2.33148184462079,0.998466454813179,4.77018767334816e-254,2.40479044540885,0.998531354834176,0,NA,0,0,FALSE,valid,healthy,NA
Oct_22_34_SRS6_root,2022-10-17,SRS6,tree,root,NA,LGR2,rebuild fit (stage 03),14:35:00,14:39:00,2022,10,wet,27.928555556666662,NA,NA,NA,NA,NA,254.53666666666663,40.45,1160.5366666666664,0.0671664302982828,LM,g-fact. > 2 | Intercept,valid,TRUE,FALSE,3.971020007242876,0.0671664302982828,0.0579701611383256,9.47343302788991e-5,0.188979328746944,0.118832183672986,2.95701192723925,HM,NA,valid,FALSE,FALSE,130.72515705282714,2.21315475618453,0.993039638756251,4.9157311698831596e-260,2.95701192723925,0.998988275452591,0,NA,0,0,FALSE,valid,healthy,NA
Oct_22_35_SRS6_CWD,2022-10-17,SRS6,tree,cwd,NA,LGR2,rebuild fit (stage 03),15:06:00,15:09:00,2022,10,wet,28.013266669,NA,NA,NA,NA,NA,460.99555555555554,107.68,1366.9955555555557,0.973509750481567,HM,Intercept (HM),valid,FALSE,FALSE,21.522129698655483,0.756445760596257,0.96858585232581,1.1425920085762696e-136,0.973509750481567,0.973157046142704,1.85818814536886,HM,MAE | AICc,valid,FALSE,FALSE,127.685137022842,1.82929420738282,0.999317273355248,1.6734132180957397e-285,1.85818814536886,0.999302166433784,0,NA,0,0,FALSE,valid,healthy,NA
Oct_22_36_SRS6_CWD,2022-10-17,SRS6,tree,cwd,NA,LGR2,rebuild fit (stage 03),15:15:30,15:18:30,2022,10,wet,28.070577781,NA,NA,NA,NA,NA,460.99555555555554,107.68,1366.9955555555557,0.91633760886671,HM,AICc,valid,FALSE,TRUE,21.684108228012665,0.907519657793586,0.976575906715776,4.4488168152284894e-148,0.91633760886671,0.976438253616475,5.7199798996015,HM,NA,valid,FALSE,FALSE,349.5340016817824,5.38388470101613,0.999652969339709,8.34373398017403e-293,5.7199798996015,0.999904654913879,0,NA,0,0,FALSE,valid,healthy,NA
Oct_22_37_SRS6_CWD,2022-10-17,SRS6,tree,cwd,NA,LGR2,rebuild fit (stage 03),15:27:00,15:30:00,2022,10,wet,27.976533334,NA,NA,NA,NA,NA,460.99555555555554,107.68,1366.9955555555557,0.645016570173974,HM,AICc | Intercept,valid,FALSE,FALSE,6.473596246152961,0.631350540334698,0.785485968733521,5.9580332885920895e-62,0.645016570173974,0.785523086414868,7.1718580772963,HM,NA,valid,FALSE,FALSE,216.6244945245375,6.8597879251606,0.999620408647478,2.55419999588514e-293,7.1718580772963,0.999753766504958,0,NA,0,0,FALSE,valid,healthy,NA
Oct_22_38_SRS6_stem,2022-10-17,SRS6,tree,stem,NA,LGR2,rebuild fit (stage 03),15:42:00,15:45:00,2022,10,wet,27.853866664,NA,NA,NA,NA,NA,1106.6016666666667,213.35,2012.601666666667,0.204772185727342,HM,AICc,valid,FALSE,TRUE,7.640614012581152,0.203859283936335,0.837641406979038,8.583768180956421e-73,0.204772185727342,0.837459087595258,2.02635625517195,HM,NA,valid,FALSE,FALSE,191.3525265454508,1.96794443765859,0.999628934061398,3.34438251510097e-293,2.02635625517195,0.999686871050211,0,NA,0,0,FALSE,valid,healthy,NA
Oct_22_39_SRS6_stem,2022-10-17,SRS6,tree,stem,NA,LGR2,rebuild fit (stage 03),15:49:00,15:53:00,2022,10,wet,27.742444442,NA,NA,NA,NA,NA,1106.6016666666667,213.35,2012.601666666667,0.113265884646311,HM,Intercept,valid,FALSE,FALSE,4.45056192712031,0.0669069139124383,0.49619061787525,1.16378444115422e-37,0.113265884646311,0.507162759171597,2.51187449869632,HM,NA,valid,FALSE,FALSE,390.6011493951829,2.36025381502682,0.999632690515056,0,2.51187449869632,0.999898237092583,0,NA,0,0,FALSE,valid,healthy,NA
Oct_22_40_SRS6_stem,2022-10-17,SRS6,tree,stem,NA,LGR2,rebuild fit (stage 03),15:55:00,15:58:00,2022,10,wet,27.61211111,NA,NA,NA,NA,NA,1106.6016666666667,213.35,2012.601666666667,0.0155106252558085,HM,AICc | MDF | Intercept,valid,TRUE,TRUE,0.5915956232879531,0.0155237737629899,0.0236568604322606,0.0217210969313321,0.0155106252558085,0.023648013411786,2.44231272500548,HM,NA,valid,FALSE,FALSE,241.5635207942381,2.32808192364862,0.999644785225724,6.72026344702987e-293,2.44231272500548,0.999801632316363,0,NA,0,0,FALSE,valid,healthy,NA
Oct_22_59_SRS6_stem,2022-10-17,SRS6,tree,stem,NA,LGR3,rebuild fit (stage 03),10:59:33,11:02:33,2022,10,wet,26.85517666505,27.4,NA,NA,NA,NA,1106.6016666666667,213.35,2012.601666666667,0.0590379698080188,HM,AICc | Intercept,valid,TRUE,FALSE,1.5924682810240869,0.0589322823323797,0.167887522678194,1.3476024392635302e-9,0.0590379698080188,0.167840979995446,2.60631527861626,HM,NA,valid,FALSE,FALSE,163.35330069081428,2.5431603307937,0.999492650923532,1.97626258336499e-293,2.60631527861626,0.999533421831479,0,NA,0,0,FALSE,valid,healthy,NA
Oct_22_61_SRS6_stem,2022-10-17,SRS6,tree,stem,NA,LGR3,rebuild fit (stage 03),11:09:35,11:12:35,2022,10,wet,26.75462036763889,27.4,NA,NA,NA,NA,1106.6016666666667,213.35,2012.601666666667,0.898197969896855,HM,NA,valid,FALSE,FALSE,19.079085047159182,0.640240170797905,0.954825673086563,2.777804121099529e-129,0.898197969896855,0.962901090917485,2.41290408383601,HM,NA,valid,FALSE,FALSE,150.57307241929036,2.2172981604178,0.998960073509858,4.5033104116637095e-284,2.41290408383601,0.999451612325221,0,NA,0,0,FALSE,valid,healthy,NA
Oct_22_60_SRS6_stem,2022-10-17,SRS6,tree,stem,NA,LGR3,rebuild fit (stage 03),11:19:05,11:22:35,2022,10,wet,26.68635925683333,27.4,NA,NA,NA,NA,460.99555555555554,107.68,1366.9955555555557,0.156029205017324,HM,AICc,valid,FALSE,FALSE,3.480092292211391,0.155126505649036,0.471399853371259,1.13285454603229e-31,0.156029205017324,0.471308082669702,2.08840387172604,HM,NA,valid,FALSE,TRUE,142.51183368715604,1.99001043817722,0.99916153918216,0,2.08840387172604,0.999320024629656,0,NA,0,0,FALSE,valid,healthy,NA
Oct_22_62_SRS6_root,2022-10-17,SRS6,tree,root,NA,LGR3,rebuild fit (stage 03),11:27:15,11:30:30,2022,10,wet,26.6584111105,27.4,NA,NA,NA,NA,254.53666666666663,40.45,1160.5366666666664,4.08162732957259,HM,SE | Intercept,valid,FALSE,FALSE,9.170468894638669,2.53333224111928,0.857333800571341,4.24451862076072e-65,4.08162732957259,0.877195848480753,2.36979315443223,HM,SE,valid,FALSE,FALSE,32.257744436303774,1.56033386892782,0.976606889213893,1.25976000364012e-123,2.36979315443223,0.989083350536383,0,NA,0,0,FALSE,valid,healthy,NA
Oct_22_63_SRS6_stem,2022-10-17,SRS6,tree,stem,NA,LGR3,rebuild fit (stage 03),12:14:39,12:17:38,2022,10,wet,26.374303336666667,26.8,NA,NA,NA,NA,460.99555555555554,107.68,1366.9955555555557,0.127634446621181,HM,AICc | Intercept,valid,TRUE,FALSE,2.13261485739984,0.127079061940369,0.316497446692926,1.55279652008509e-14,0.127634446621181,0.316440769886328,5.63016127203389,HM,NA,valid,FALSE,FALSE,204.7465697859708,5.37318633452313,0.999613202222068,3.42807378792747e-263,5.63016127203389,0.999763657484839,0,NA,0,0,FALSE,valid,healthy,NA
Oct_22_64_SRS6_stem,2022-10-17,SRS6,tree,stem,NA,LGR3,rebuild fit (stage 03),12:21:04,12:24:10,2022,10,wet,26.445275558888888,26.8,NA,NA,NA,NA,460.99555555555554,107.68,1366.9955555555557,0.0646041019560444,HM,AICc | Intercept,valid,TRUE,TRUE,1.2418967994725838,0.064649588953925,0.0948395515428379,1.4105133459635e-6,0.0646041019560444,0.094800940338278,1.07593606344332,HM,SE | AICc | Intercept,valid,FALSE,TRUE,5.449924122116514,1.07250801176717,0.677466323207019,3.5749325800734797e-57,1.07593606344332,0.677308904344499,0,NA,0,0,FALSE,valid,healthy,NA
Oct_22_65_SRS6_stem,2022-10-17,SRS6,tree,stem,NA,LGR3,rebuild fit (stage 03),12:29:31,12:32:32,2022,10,wet,26.547802225555557,26.8,NA,NA,NA,NA,460.99555555555554,107.68,1366.9955555555557,0.100131845768258,HM,AICc,valid,FALSE,FALSE,2.588322151638484,0.0997585298978559,0.332579307176872,1.69775841772524e-20,0.100131845768258,0.332504204856283,4.3763504104558,HM,NA,valid,FALSE,FALSE,261.95009737231936,4.18511205395982,0.999664824443124,0,4.3763504104558,0.999801789743518,0,NA,0,0,FALSE,valid,healthy,NA
Oct_22_66_SRS6_root,2022-10-17,SRS6,tree,root,NA,LGR3,rebuild fit (stage 03),12:42:44,12:45:45,2022,10,wet,26.70816444777778,26.8,NA,NA,NA,NA,254.53666666666663,40.45,1160.5366666666664,0.472695983668942,HM,SE | AICc | Intercept,valid,FALSE,TRUE,1.7324774036365178,0.473168575273883,0.198936805459887,8.480641024017419e-11,0.472695983668942,0.198848152883985,5.51716291360024,HM,SE,valid,FALSE,FALSE,114.63362904186464,4.35723080477042,0.995049448051201,1.4252189516691996e-216,5.51716291360024,0.998998603202659,0,NA,0,0,FALSE,valid,healthy,NA
Oct_22_57_SRS6_stem,2022-10-17,SRS6,tree,stem,NA,LGR3,rebuild fit (stage 03),14:27:08,14:30:40,2022,10,wet,27.974619261244445,26.9,NA,NA,NA,NA,460.99555555555554,107.68,1366.9955555555557,1.89367195424291,HM,NA,valid,FALSE,FALSE,34.455269356835196,1.81205102515315,0.990753998214126,4.96522886654235e-174,1.89367195424291,0.99088902926259,1.28241080331744,HM,SE | Intercept,valid,FALSE,FALSE,18.21291913799493,0.879659783902061,0.953920891384716,4.43609750692784e-115,1.28241080331744,0.962908190065435,0,NA,0,0,FALSE,valid,healthy,NA
Oct_22_58_SRS6_stem,2022-10-17,SRS6,tree,stem,NA,LGR3,rebuild fit (stage 03),14:34:35,14:37:35,2022,10,wet,27.93099537152778,26.9,NA,NA,NA,NA,254.53666666666663,40.45,1160.5366666666664,-0.64315558013907,HM,SE | AICc | Intercept,valid,FALSE,TRUE,1.387820588147273,-0.539753934812319,0.182985227849072,5.90710812969339e-7,-0.64315558013907,0.184158025277333,-25.5812410619689,HM,SE,valid,FALSE,TRUE,22.991681007913453,-15.7836661581904,0.964081715910476,4.96631828680514e-88,-25.5812410619689,0.982408583523079,0,NA,0,0,FALSE,valid,healthy,NA
Oct_22_67_FLM30_stem,2022-10-18,FLM30,tree,stem,NA,LGR2,rebuild fit (stage 03),11:57:48,12:03:54,2022,10,wet,27.930342221733333,29.8,NA,15,NA,NA,254.53666666666663,40.45,1160.5366666666664,26.8481663352803,LM,RMSE | MAE | AICc,valid,FALSE,FALSE,2454.047680952501,26.8481663352803,0.999939064037449,0,27.2733646768027,0.999923462097646,3.07677085927072,HM,NA,valid,FALSE,FALSE,249.31572000918217,2.50970807458697,0.996692453717796,0,3.07677085927072,0.999591694867216,0,NA,0,0,FALSE,valid,ghost,NA
Oct_22_68_FLM30_stem,2022-10-18,FLM30,tree,stem,NA,LGR2,rebuild fit (stage 03),12:10:14,12:14:05,2022,10,wet,27.959491483755556,29.8,NA,15,NA,NA,254.53666666666663,40.45,1160.5366666666664,1.70641062837558,HM,AICc,valid,FALSE,TRUE,25.297612411989466,1.69271101643072,0.97791991789622,1.17163208842853e-192,1.70641062837558,0.977789050130431,3.708827808185,HM,NA,valid,FALSE,FALSE,153.78661698746512,3.44194976390253,0.99898732846695,0,3.708827808185,0.999364507155975,0,NA,0,0,FALSE,valid,ghost,NA
Oct_22_69_FLM30_stem,2022-10-18,FLM30,tree,stem,NA,LGR2,rebuild fit (stage 03),12:24:46,12:28:49,2022,10,wet,27.970992225555555,29.8,NA,15,NA,NA,254.53666666666663,40.45,1160.5366666666664,0.044750926183232,HM,AICc | Intercept,valid,TRUE,FALSE,0.8450228126846233,0.0447423220199083,0.0406808419946804,8.9850800295399e-4,0.044750926183232,0.0406689862145091,3.93574921822794,HM,NA,valid,FALSE,FALSE,208.32861434208348,3.84631417967506,0.999616373456442,0,3.93574921822794,0.999645004583501,0,NA,0,0,FALSE,valid,ghost,NA
Oct_22_70_FLM30_stem,2022-10-18,FLM30,tree,stem,NA,LGR2,rebuild fit (stage 03),12:38:09,12:42:39,2022,10,wet,27.97143833666667,30.2,NA,31,NA,NA,254.53666666666663,40.45,1160.5366666666664,70.1948286048435,LM,RMSE | MAE | SE | AICc,valid,FALSE,TRUE,187.75645022576097,70.1948286048435,0.992398966734068,2.8114043575195493e-287,70.4921757586638,0.992186427606637,5.744689802993,HM,SE,valid,FALSE,FALSE,173.1715226063543,4.73325794656923,0.996820644987341,0,5.744689802993,0.999379874857037,0,NA,0,0,FALSE,valid,ghost,NA
Oct_22_71_FLM30_stem,2022-10-18,FLM30,tree,stem,NA,LGR2,rebuild fit (stage 03),12:48:40,12:52:22,2022,10,wet,27.95329259511111,30.5,NA,31,NA,NA,254.53666666666663,40.45,1160.5366666666664,2.06660953172037,LM,SE | g-fact. > 2 | Intercept (LM),valid,FALSE,FALSE,42.598752867411825,2.06660953172037,0.890506668549485,8.099739829643459e-109,6.00492982494071,0.98064520853080706,1.33879079273911,LM,SE | g-fact. > 2 | Intercept (LM),valid,FALSE,FALSE,64.51993765844907,1.33879079273911,0.949142750650571,8.47153042678361e-146,2.93721407074652,0.996459121678836,0,NA,0,0,FALSE,valid,ghost,NA
Oct_22_72_FLM30_stem,2022-10-18,FLM30,tree,stem,NA,LGR2,rebuild fit (stage 03),12:57:24,13:02:35,2022,10,wet,27.909528889466667,30.5,NA,31,NA,NA,254.53666666666663,40.45,1160.5366666666664,0.183730736814848,LM,SE | g-fact. > 2 | Intercept,valid,FALSE,FALSE,14.54591017821132,0.183730736814848,0.402966234072272,6.31772293613309e-37,1.50845222102649,0.637599927251317,2.28701391969381,LM,SE | g-fact. > 2 | Intercept (LM),valid,FALSE,FALSE,81.3469843802532,2.28701391969381,0.954967516235995,1.1792264166750999e-211,4.78022566428918,0.993380384533881,0,NA,0,0,FALSE,valid,ghost,NA
Oct_22_73_FLM30_stem,2022-10-18,FLM30,tree,stem,NA,LGR2,rebuild fit (stage 03),13:15:12,13:18:57,2022,10,wet,27.820942218933336,30.8,NA,12,NA,NA,254.53666666666663,40.45,1160.5366666666664,371.862067498012,HM,NA,valid,FALSE,TRUE,687.233193981536,326.121433514696,0.998768230233008,0,371.862067498012,0.999968111807193,4.69560980638699,HM,NA,valid,FALSE,FALSE,201.86297247601064,3.65072814338944,0.995124427014383,3.71183558893008e-261,4.69560980638699,0.99960881517817,0,NA,0,0,FALSE,valid,ghost,NA
Oct_22_74_FLM30_stem,2022-10-18,FLM30,tree,stem,NA,LGR2,rebuild fit (stage 03),13:30:00,13:35:20,2022,10,wet,27.792,30.8,NA,12,NA,NA,460.99555555555554,107.68,1366.9955555555557,6.18084969516264,HM,NA,valid,FALSE,FALSE,84.27186288246581,4.39979058177648,0.988747592106594,4.06427345485628e-293,6.18084969516264,0.996690509657941,2.09028347413361,HM,NA,valid,FALSE,FALSE,275.23321145832125,1.47972419287877,0.991148452291119,0,2.09028347413361,0.999688061517577,0,NA,0,0,FALSE,valid,ghost,NA
Oct_22_75_FLM30_stem,2022-10-18,FLM30,tree,stem,NA,LGR2,rebuild fit (stage 03),13:41:37,13:50:46,2022,10,wet,27.769282965544445,30.8,NA,12,NA,NA,460.99555555555554,107.68,1366.9955555555557,0.0936374624645062,LM,SE | g-fact. > 2 | Intercept,valid,FALSE,TRUE,2.1183957494418935,0.0936374624645062,0.00628977068454717,0.0345893555763275,2.37439097338526,0.0579764488693827,-1.57264641385195,LM,RMSE | MAE | SE | AICc | Intercept,valid,FALSE,TRUE,13.307730641385776,-1.57264641385195,0.242190505486996,3.1470564634258996e-35,-1.63280850801957,0.219567908113122,0,NA,0,0,FALSE,valid,ghost,NA
Oct_22_76_FLM30_stem,2022-10-18,FLM30,tree,stem,NA,LGR2,rebuild fit (stage 03),13:54:20,13:58:20,2022,10,wet,27.746903706,30.8,NA,12,NA,NA,460.99555555555554,107.68,1366.9955555555557,0.0319843615156007,HM,AICc | Intercept,valid,TRUE,FALSE,1.1904439282891106,0.0319373163331104,0.0827100924900549,3.38254584704708e-6,0.0319843615156007,0.0826848856759802,1.62090009758463,HM,NA,valid,FALSE,FALSE,104.16761318230776,1.39349988242384,0.996967699719777,3.69847321957024e-293,1.62090009758463,0.99850732702569,0,NA,0,0,FALSE,valid,ghost,NA
Oct_22_77_FLM30_stem,2022-10-18,FLM30,tree,stem,NA,LGR2,rebuild fit (stage 03),14:10:01,14:13:50,2022,10,wet,27.72041629685,31.1,NA,18,NA,NA,254.53666666666663,40.45,1160.5366666666664,70.3137613639824,HM,SE,valid,FALSE,TRUE,177.4863082798231,59.7320842966147,0.997646158780604,7.74329379949315e-293,70.3137613639824,0.999506111149911,4.51066042095263,HM,NA,valid,FALSE,FALSE,187.1700509731253,3.72545156763024,0.996992461291644,1.05329315458265e-289,4.51066042095263,0.999549871300815,0,NA,0,0,FALSE,valid,ghost,NA
Oct_22_78_FLM30_stem,2022-10-18,FLM30,tree,stem,NA,LGR2,rebuild fit (stage 03),14:22:36,14:26:02,2022,10,wet,27.7075244436,31.1,NA,18,NA,NA,254.53666666666663,40.45,1160.5366666666664,0.41498397623191,HM,AICc | Intercept,valid,FALSE,FALSE,5.071304098242326,0.358835980075692,0.64785998363027,1.44478492380962e-48,0.41498397623191,0.648724164835914,1.0037580152202,HM,SE,valid,FALSE,FALSE,28.503872609810557,0.684902193856083,0.970484222930635,5.198548683447048e-159,1.0037580152202,0.981285818356322,0,NA,0,0,FALSE,valid,ghost,NA
Oct_22_79_FLM30_stem,2022-10-18,FLM30,tree,stem,NA,LGR2,rebuild fit (stage 03),14:31:14,14:34:15,2022,10,wet,27.702440368566663,31.1,NA,18,NA,NA,254.53666666666663,40.45,1160.5366666666664,0.717276793248489,HM,NA,valid,FALSE,FALSE,6.176650196122359,0.475040316220992,0.72390097109024,2.09796480273764e-52,0.717276793248489,0.73396252952926,4.54051317758997,HM,SE,valid,FALSE,FALSE,109.0119862698732,4.02055221228675,0.997945317471315,5.065462960438459e-244,4.54051317758997,0.998985166447724,0,NA,0,0,FALSE,valid,ghost,NA
Oct_22_80_FLM30_stem,2022-10-18,FLM30,tree,root,NA,LGR2,rebuild fit (stage 03),15:22:55,15:25:55,2022,10,wet,27.597060183611113,31.1,NA,18,NA,NA,254.53666666666663,40.45,1160.5366666666664,0.148046782569743,LM,SE | g-fact. > 2 | Intercept (LM),valid,TRUE,FALSE,7.397032927402512,0.148046782569743,0.229834823652093,5.19255615458195e-12,0.407019704532938,0.255891929608376,4.38217076130998,HM,SE,valid,FALSE,FALSE,100.11094440965562,3.60689923508085,0.996105685296301,7.994214164128017e-218,4.38217076130998,0.998760734525749,0,NA,0,0,FALSE,valid,ghost,NA
Oct_22_81_FLM30_root,2022-10-18,FLM30,tree,root,NA,LGR2,rebuild fit (stage 03),15:39:32,15:43:00,2022,10,wet,27.523023705822222,31.1,NA,18,NA,NA,254.53666666666663,40.45,1160.5366666666664,0.134743857742822,LM,SE | g-fact. > 2 | Intercept,valid,TRUE,FALSE,7.745646956780231,0.134743857742822,0.220959317064199,4.17422765752238e-13,0.417261058010174,0.256879288705888,2.62241916054711,HM,SE,valid,FALSE,FALSE,54.25627005919041,1.66318190532131,0.979915465468925,7.539476847779328e-178,2.62241916054711,0.994544236436846,0,NA,0,0,FALSE,valid,ghost,NA
Oct_22_82_FLM30_stem,2022-10-18,FLM30,tree,stem,NA,LGR2,rebuild fit (stage 03),16:02:21,16:05:44,2022,10,wet,27.571343888366663,31.1,NA,18,NA,NA,254.53666666666663,40.45,1160.5366666666664,0.276285512004437,HM,Intercept,valid,FALSE,FALSE,2.7081720426144757,0.167502426531422,0.303242596864682,8.616468397597129e-18,0.276285512004437,0.311516675607054,5.82829824270233,HM,SE,valid,FALSE,FALSE,151.82929118242637,4.17500441637591,0.991388846483557,9.444091223366796e-211,5.82829824270233,0.999352139004694,0,NA,0,0,FALSE,valid,ghost,NA
Oct_22_83_FLM30_stem,2022-10-18,FLM30,tree,stem,NA,LGR2,rebuild fit (stage 03),16:16:59,16:20:23,2022,10,wet,27.62113795985,31.1,NA,18,NA,NA,460.99555555555554,107.68,1366.9955555555557,0.0941036906175904,HM,AICc | Intercept,valid,FALSE,FALSE,2.7262432861192756,0.0786650233626799,0.344354857921585,1.40773277010949e-20,0.0941036906175904,0.344974861891621,3.40202509582682,HM,NA,valid,FALSE,FALSE,225.6604336148924,2.78779000102707,0.996930576708291,2.9374091246770103e-257,3.40202509582682,0.999722916803001,0,NA,0,0,FALSE,valid,ghost,NA
Oct_22_84_FLM30_stem,2022-10-18,FLM30,tree,stem,NA,LGR3,rebuild fit (stage 03),11:09:10,11:12:10,2022,10,wet,27.934027781111112,NA,NA,10,NA,NA,460.99555555555554,107.68,1366.9955555555557,29.2952661211259,HM,NA,valid,FALSE,TRUE,439.5532163901557,28.3028447671139,0.999846547587766,0,29.2952661211259,0.99992731395726,0.931497246713651,LM,RMSE | MAE | SE | AICc | Intercept,valid,FALSE,TRUE,121.16985436623057,0.931497246713651,0.9852360229632,1.11051148939053e-202,0.936489526442372,0.985056248372865,0,NA,0,0,FALSE,valid,ghost,NA
Oct_22_85_FLM30_stem,2022-10-18,FLM30,tree,stem,NA,LGR3,rebuild fit (stage 03),11:19:35,11:22:35,2022,10,wet,27.939587965277777,NA,NA,10,NA,NA,460.99555555555554,107.68,1366.9955555555557,2.07330224816435,LM,SE | g-fact. > 2 | Intercept,valid,FALSE,FALSE,17.947082472633674,2.07330224816435,0.548793367051159,1.42390554867529e-47,6.67113643321851,0.641160817156826,2.87514271432884,HM,SE,valid,FALSE,FALSE,70.4911864415514,1.88946731284542,0.983918943020835,4.061278816000649e-238,2.87514271432884,0.995958329680092,0,NA,0,0,FALSE,valid,ghost,NA
Oct_22_86_FLM30_stem,2022-10-18,FLM30,tree,stem,NA,LGR3,rebuild fit (stage 03),11:32:00,11:35:00,2022,10,wet,27.920411110666667,NA,NA,10,NA,NA,460.99555555555554,107.68,1366.9955555555557,0.267741506171736,HM,AICc | Intercept,valid,FALSE,FALSE,5.669438244597217,0.213838046020655,0.658955022331083,8.47814372805219e-57,0.267741506171736,0.661016924638204,2.35128146552104,HM,MAE | SE | Intercept,valid,FALSE,FALSE,45.33900356299202,2.11076019305683,0.991729087599643,7.17322301907878e-246,2.35128146552104,0.992491287626804,0,NA,0,0,FALSE,valid,ghost,NA
Oct_22_87_FLM30_stem,2022-10-18,FLM30,tree,stem,NA,LGR3,rebuild fit (stage 03),11:48:10,11:51:10,2022,10,wet,27.907757404777776,NA,NA,10,NA,NA,460.99555555555554,107.68,1366.9955555555557,4.19655745023451,HM,NA,valid,FALSE,FALSE,67.1258564729537,3.35160907550679,0.993120216597879,7.850584462055957e-237,4.19655745023451,0.996624384827523,1.00747523058714,HM,NA,valid,FALSE,FALSE,59.205380574558696,0.903939728683194,0.995098239754798,8.33322086873102e-253,1.00747523058714,0.99589896346479,0,NA,0,0,FALSE,valid,ghost,NA
Oct_22_88_FLM30_stem,2022-10-18,FLM30,tree,stem,NA,LGR3,rebuild fit (stage 03),11:58:25,12:21:25,2022,10,wet,27.93178796261111,NA,NA,10,NA,NA,460.99555555555554,107.68,1366.9955555555557,0.0742306730397327,HM,AICc | Intercept,valid,TRUE,TRUE,1.371191962555458,0.074210219434343,0.127117435116268,1.31307927250052e-7,0.0742306730397327,0.127072310408432,1.09031511847686,HM,AICc,valid,FALSE,FALSE,53.367494563168776,1.06270506987196,0.995533157541244,7.717539446529878e-235,1.09031511847686,0.995576663340802,0,NA,0,0,FALSE,valid,ghost,NA
Oct_22_90_FLM30_stem,2022-10-18,FLM30,tree,stem,NA,LGR3,rebuild fit (stage 03),12:24:20,12:27:46,2022,10,wet,27.970977781111113,NA,NA,10,NA,NA,1106.6016666666667,213.35,2012.601666666667,47.5691481095453,HM,SE,valid,FALSE,TRUE,74.68925742877974,40.8227222913841,0.99618777509418,2.4540153716085095e-228,47.5691481095453,0.99772362074281,0.756462481041615,HM,NA,valid,FALSE,FALSE,46.45532534024659,0.636214321460433,0.991957167407719,5.08557228015501e-198,0.756462481041615,0.994080269547765,0,NA,0,0,FALSE,valid,ghost,NA
Oct_22_91_FLM30_stem,2022-10-18,FLM30,tree,stem,NA,LGR3,rebuild fit (stage 03),12:33:50,12:36:50,2022,10,wet,27.97129444777778,NA,NA,10,NA,NA,460.99555555555554,107.68,1366.9955555555557,0.482040913304159,HM,SE | AICc,valid,FALSE,FALSE,2.55398737068905,0.480823345308082,0.395966094886158,5.0821528617487695e-19,0.482040913304159,0.395853376783121,2.40937633466512,LM,RMSE | SE | AICc | Intercept,valid,FALSE,FALSE,27.350400900145903,2.40937633466512,0.826335978488364,2.11912204675491e-61,2.4211310429983,0.826168736650675,0,NA,0,0,FALSE,valid,ghost,NA
Oct_22_92_FLM30_stem,2022-10-18,FLM30,tree,stem,NA,LGR3,rebuild fit (stage 03),12:57:40,13:00:40,2022,10,wet,27.908192593111114,NA,NA,10,NA,NA,460.99555555555554,107.68,1366.9955555555557,-0.0262771730698127,HM,AICc | p-value | Intercept,valid,TRUE,TRUE,1.7045248615551016,-0.0262870288606712,0.010004514714253,0.0847827976671623,-0.0262771730698127,0.00999563784760771,4.40043871347003,LM,RMSE | MAE | AICc,valid,FALSE,TRUE,753.3875057579276,4.40043871347003,0.999651279319017,0,4.46302614770842,0.999610420098027,0,NA,0,0,FALSE,valid,ghost,NA
Oct_22_93_FLM30_stem,2022-10-18,FLM30,tree,stem,NA,LGR3,rebuild fit (stage 03),13:07:10,13:17:30,2022,10,wet,27.860587035444446,NA,NA,10,NA,NA,460.99555555555554,107.68,1366.9955555555557,0.110794907593402,HM,AICc,valid,TRUE,FALSE,1.249291358970634,0.0554399230208158,0.0808550107824537,4.33415205791403e-5,0.110794907593402,0.0841666379720243,2.42686953899564,HM,NA,valid,FALSE,FALSE,106.6064342585048,1.93980798661272,0.995300399379424,7.719260208768028e-220,2.42686953899564,0.998842706349541,0,NA,0,0,FALSE,valid,ghost,NA
Oct_22_94_FLM30_stem,2022-10-18,FLM30,tree,stem,NA,LGR3,rebuild fit (stage 03),13:17:30,13:20:30,2022,10,wet,27.81644444166667,NA,NA,13,NA,NA,1106.6016666666667,213.35,2012.601666666667,0.245540913376031,HM,AICc | Intercept,valid,FALSE,TRUE,1.7381982595440129,0.24532505745148,0.250600478520392,1.34627039251741e-10,0.245540913376031,0.250522065727414,2.22684195952165,HM,NA,valid,FALSE,FALSE,93.26221220738418,1.75961829005672,0.994871881442803,2.041183108275469e-162,2.22684195952165,0.998857825775272,0,NA,0,0,FALSE,valid,ghost,NA
Oct_22_95_FLM30_stem,2022-10-18,FLM30,tree,stem,NA,LGR3,rebuild fit (stage 03),13:26:34,13:29:50,2022,10,wet,27.79871407331111,NA,NA,13,NA,NA,1106.6016666666667,213.35,2012.601666666667,0.0696049790054342,HM,AICc | Intercept,valid,TRUE,TRUE,0.7625609155546729,0.0696786705155765,0.052747501470951,0.00366236510527073,0.0696049790054342,0.0527231393717597,2.4512217931502,HM,SE,valid,FALSE,FALSE,61.84554986384055,2.38948593014666,0.997643883427543,1.9811993521543592e-183,2.4512217931502,0.997690703827615,0,NA,0,0,FALSE,valid,ghost,NA
Oct_22_96_FLM30_stem,2022-10-18,FLM30,tree,stem,NA,LGR3,rebuild fit (stage 03),13:37:42,13:41:02,2022,10,wet,27.776942223933336,NA,NA,13,NA,NA,460.99555555555554,107.68,1366.9955555555557,-0.161495557252131,HM,AICc | Intercept,valid,FALSE,FALSE,1.8598215861389111,-0.131701919816589,0.24737958844351,6.60878929890504e-11,-0.161495557252131,0.247880389792438,0.0964385153476401,LM,SE | g-fact. > 2 | Intercept,valid,FALSE,FALSE,14.77800401680361,0.0964385153476401,0.594952641544099,7.288347299627539e-31,0.385662737659085,0.692802249432857,0,NA,0,0,FALSE,valid,ghost,NA
Oct_22_97_FLM30_stem,2022-10-18,FLM30,tree,stem,NA,LGR3,rebuild fit (stage 03),13:49:26,13:53:10,2022,10,wet,27.7551792621,NA,NA,13,NA,NA,460.99555555555554,107.68,1366.9955555555557,0.549822211055812,HM,SE | AICc | Intercept,valid,FALSE,TRUE,3.555491025268528,0.54963091249113,0.560981147042502,6.67205001102458e-30,0.549822211055812,0.560796582757589,0.416420846991218,HM,NA,valid,FALSE,FALSE,12.875191485453453,0.29447729873265,0.926796283556956,1.0914277711170996e-90,0.416420846991218,0.934328919055035,0,NA,0,0,FALSE,valid,ghost,NA
Oct_22_98_FLM30_stem,2022-10-18,FLM30,tree,stem,NA,LGR3,rebuild fit (stage 03),14:16:00,14:19:00,2022,10,wet,27.711411111,NA,NA,13,NA,NA,460.99555555555554,107.68,1366.9955555555557,0.0892030481565967,LM,g-fact. > 2 | Intercept,valid,TRUE,FALSE,7.819712533935507,0.0892030481565967,0.256879972966829,4.97922016287981e-13,0.199603623931321,0.271227654976202,1.94832605557498,HM,NA,valid,FALSE,FALSE,79.10055378518348,1.63689044772179,0.995946077499019,4.44488022989849e-209,1.94832605557498,0.99810072297892,0,NA,0,0,FALSE,valid,ghost,NA
Oct_22_99_FLM30_root,2022-10-18,FLM30,tree,root,NA,LGR3,rebuild fit (stage 03),14:27:08,14:30:05,2022,10,wet,27.704854813466667,NA,NA,13,NA,NA,254.53666666666663,40.45,1160.5366666666664,0.267152194320343,HM,AICc | Intercept,valid,FALSE,FALSE,3.1155580750313647,0.264715394573916,0.427505320142396,1.00700485558543e-26,0.267152194320343,0.427467319655916,1.61197250623619,HM,SE,valid,FALSE,FALSE,47.82410716145741,1.48062208451687,0.993671561264833,1.8347869426955295e-226,1.61197250623619,0.994165065628189,0,NA,0,0,FALSE,valid,ghost,NA
Oct_22_100_FLM30_root,2022-10-18,FLM30,tree,root,NA,LGR3,rebuild fit (stage 03),14:33:00,14:36:00,2022,10,wet,27.701399998,NA,NA,13,NA,NA,254.53666666666663,40.45,1160.5366666666664,1.88883372301663,HM,SE | AICc | Intercept,valid,FALSE,TRUE,3.136403444300097,1.88443298766112,0.463910404092798,3.07471200089413e-26,1.88883372301663,0.463782501544587,-0.424626806701602,LM,MAE | SE | AICc | Intercept,valid,FALSE,TRUE,6.089664803238375,-0.424626806701602,0.166990677267749,6.735065269681051e-9,-0.425510691443429,0.166285357085545,0,NA,0,0,FALSE,valid,ghost,NA
Oct_22_101_FLM30_stem,2022-10-18,FLM30,tree,stem,NA,LGR3,rebuild fit (stage 03),14:52:10,14:55:10,2022,10,wet,27.679522218888888,NA,NA,21,NA,NA,460.99555555555554,107.68,1366.9955555555557,11.7714704908427,HM,NA,valid,FALSE,FALSE,191.63991538712395,10.7143920462363,0.999064746290821,2.66235182498838e-276,11.7714704908427,0.999673925321695,1.64745277447006,HM,NA,valid,FALSE,FALSE,88.2071919022386,1.55401295682104,0.998255481646842,8.471511353212699e-252,1.64745277447006,0.998489545910043,0,NA,0,0,FALSE,valid,ghost,NA
Oct_22_102_FLM30_stem,2022-10-18,FLM30,tree,stem,NA,LGR3,rebuild fit (stage 03),15:01:30,15:04:31,2022,10,wet,27.66023333,NA,NA,21,NA,NA,460.99555555555554,107.68,1366.9955555555557,2.2563748727228,HM,AICc,valid,FALSE,TRUE,29.163592692287224,2.24899655691586,0.984319311247871,6.512498378180558e-199,2.2563748727228,0.984092853752299,1.47311769984043,HM,NA,valid,FALSE,FALSE,115.06093850650711,1.39018983584579,0.998704832292617,5.74612970456487e-293,1.47311769984043,0.998932723667361,0,NA,0,0,FALSE,valid,ghost,NA
Oct_22_103_FLM30_stem,2022-10-18,FLM30,tree,stem,NA,LGR3,rebuild fit (stage 03),15:12:15,15:15:15,2022,10,wet,27.638016663333335,NA,NA,21,NA,NA,460.99555555555554,107.68,1366.9955555555557,0.196849133462401,HM,AICc,valid,FALSE,FALSE,6.052159788444822,0.194699471704983,0.709978049758126,1.37544657458341e-65,0.196849133462401,0.709908552150938,1.48246061754527,HM,NA,valid,FALSE,FALSE,124.638220878316,1.45362101996984,0.999009802340596,0,1.48246061754527,0.999034499965194,0,NA,0,0,FALSE,valid,ghost,NA
Oct_22_104_FLM30_stem,2022-10-18,FLM30,tree,stem,NA,LGR3,rebuild fit (stage 03),15:26:56,15:30:07,2022,10,wet,27.57916370302222,NA,NA,12,NA,NA,460.99555555555554,107.68,1366.9955555555557,3.52901903069444,HM,SE | Intercept (HM),valid,FALSE,FALSE,10.043899103191146,2.09942920629012,0.854358064767866,2.4232060077545893e-75,3.52901903069444,0.87782615542844,0.734881336074052,HM,NA,valid,FALSE,FALSE,41.08652549915998,0.668997878159203,0.992573963181831,1.8034687092979e-188,0.734881336074052,0.993185213679848,0,NA,0,0,FALSE,valid,ghost,NA
Oct_22_105_FLM30_stem,2022-10-18,FLM30,tree,stem,NA,LGR3,rebuild fit (stage 03),15:36:27,15:49:57,2022,10,wet,27.5367616681,NA,NA,12,NA,NA,460.99555555555554,107.68,1366.9955555555557,0.0363165548695477,LM,g-fact. > 2 | Intercept,valid,TRUE,FALSE,3.0333711129540273,0.0363165548695477,0.0418006345339745,0.00276221085778784,0.0965097358249483,0.0824809121497064,0.81658377893158,HM,AICc,valid,FALSE,FALSE,59.68593326490176,0.797538587682211,0.996624480636948,2.8147444090611894e-233,0.81658377893158,0.996658993539483,0,NA,0,0,FALSE,valid,ghost,NA
Oct_22_106_FLM30_stem,2022-10-18,FLM30,tree,stem,NA,LGR3,rebuild fit (stage 03),15:52:25,15:56:23,2022,10,wet,27.529734260944444,NA,NA,12,NA,NA,460.99555555555554,107.68,1366.9955555555557,-0.63074776558051,HM,Intercept,valid,FALSE,FALSE,7.571465761575568,-0.363347873934752,0.788879203655342,1.6681725591990998e-58,-0.63074776558051,0.808151959433403,0.763493041345451,HM,NA,valid,FALSE,FALSE,38.46810756503721,0.601513949119853,0.988030171117522,1.2483703684821696e-162,0.763493041345451,0.992053438004037,0,NA,0,0,FALSE,valid,ghost,NA
Oct_22_116_SRS5_stem,2022-10-19,SRS5,tree,stem,NA,LGR2,rebuild fit (stage 03),12:08:05,12:11:05,2022,10,wet,20.60309073997222,26.1,NA,20,NA,NA,1106.6016666666667,213.35,2012.601666666667,0.0428989864290054,HM,AICc | Intercept,valid,TRUE,TRUE,1.1342161904611368,0.0429092189578412,0.0982463296489525,1.03031195400408e-5,0.0428989864290054,0.0982110921437118,1.53358254640999,HM,NA,valid,FALSE,FALSE,123.31850317159638,1.35012221485714,0.998084973999406,2.0578172530313498e-245,1.53358254640999,0.999208968550795,0,NA,0,0,FALSE,valid,healthy,NA
Oct_22_117_SRS5_stem,2022-10-19,SRS5,tree,stem,NA,LGR2,rebuild fit (stage 03),12:16:25,12:19:25,2022,10,wet,20.59796203719444,26.1,NA,20,NA,NA,1106.6016666666667,213.35,2012.601666666667,0.0941090228683923,HM,AICc,valid,FALSE,TRUE,2.563458306649225,0.0941257207310336,0.365931313194973,1.15286765961209e-19,0.0941090228683923,0.36579239822356,1.25368375992452,LM,RMSE | MAE | AICc,valid,FALSE,TRUE,440.205289556422,1.25368375992452,0.999071972149014,1.42979155895407e-273,1.26983007931266,0.999016574180744,0,NA,0,0,FALSE,valid,healthy,NA
Oct_22_118_SRS5_stem,2022-10-19,SRS5,tree,stem,NA,LGR2,rebuild fit (stage 03),12:26:13,12:29:25,2022,10,wet,20.459346482727774,26.1,NA,20,NA,NA,1106.6016666666667,213.35,2012.601666666667,0.0266030423729435,HM,AICc | Intercept,valid,TRUE,FALSE,0.9113290502746204,0.0265813796633073,0.0595365200560131,3.6793730694169e-4,0.0266030423729435,0.0595177449429674,1.33141954835143,HM,NA,valid,FALSE,FALSE,113.88679759141392,1.22223216516477,0.998532502359908,8.968729152636257e-273,1.33141954835143,0.99903116216084,0,NA,0,0,FALSE,valid,healthy,NA
Oct_22_119_SRS5_stem,2022-10-19,SRS5,tree,root,NA,LGR2,rebuild fit (stage 03),12:37:49,12:43:49,2022,10,wet,20.29527092846111,26.1,NA,20,NA,NA,1106.6016666666667,213.35,2012.601666666667,-0.0903445321025737,HM,AICc | Intercept,valid,FALSE,FALSE,7.253587023948682,-0.0898837886305641,0.699615206009147,5.33623052706836e-96,-0.0903445321025737,0.699466881066653,8.38689238712277,HM,NA,valid,FALSE,TRUE,1147.3500160353342,7.03449403676844,0.997834955080767,0,8.38689238712277,0.999981329660288,0,NA,0,0,FALSE,valid,healthy,NA
Oct_22_120_SRS5_root,2022-10-19,SRS5,tree,root,NA,LGR2,rebuild fit (stage 03),13:16:13,13:19:13,2022,10,wet,19.3473870401,26.1,NA,20,NA,NA,254.53666666666663,40.45,1160.5366666666664,0.428236620191533,HM,AICc | Intercept,valid,FALSE,FALSE,4.429937924769919,0.407511402579904,0.627875067066032,1.7137997425203699e-40,0.428236620191533,0.628003468793793,2.81499155483564,HM,SE,valid,FALSE,FALSE,68.83064995654235,2.51325501443926,0.996593687101487,4.995269921642769e-223,2.81499155483564,0.99748213461529,0,NA,0,0,FALSE,valid,healthy,NA
Oct_22_121_SRS5_stem,2022-10-19,SRS5,tree,stem,NA,LGR2,rebuild fit (stage 03),13:41:19,13:44:19,2022,10,wet,18.8258648123,26.5,NA,20,NA,NA,1106.6016666666667,213.35,2012.601666666667,0.14706645879162,HM,AICc | Intercept,valid,FALSE,FALSE,4.065893118958944,0.120797734271124,0.567957295816451,1.14324337024711e-34,0.14706645879162,0.569370608463853,1.10678628546124,HM,AICc,valid,FALSE,FALSE,106.90547187843627,1.08848657026486,0.998993767085341,1.9957058529019904e-270,1.10678628546124,0.999003772146104,0,NA,0,0,FALSE,valid,healthy,NA
Oct_22_122_SRS5_stem,2022-10-19,SRS5,tree,stem,NA,LGR2,rebuild fit (stage 03),13:54:12,13:59:30,2022,10,wet,18.641284442133333,26.5,NA,20,NA,NA,1106.6016666666667,213.35,2012.601666666667,0.0425579973457062,HM,AICc,valid,FALSE,FALSE,3.340624527139763,0.0421183861056983,0.356008807428879,1.84556038798833e-32,0.0425579973457062,0.355967375346858,1.05099242327421,HM,NA,valid,FALSE,FALSE,206.69136693971345,0.949496602427701,0.998794202894593,0,1.05099242327421,0.999508146475164,0,NA,0,0,FALSE,valid,healthy,NA
Oct_22_123_SRS5_stem,2022-10-19,SRS5,tree,stem,NA,LGR2,rebuild fit (stage 03),14:06:17,14:10:17,2022,10,wet,18.499372406438887,26.5,NA,20,NA,NA,1106.6016666666667,213.35,2012.601666666667,0.0176622814383203,HM,AICc | p-value | Intercept,valid,TRUE,FALSE,0.6381841042931998,0.0101757727759387,0.010354541986722,0.0621795112636322,0.0176622814383203,0.0185767741600816,1.12892582217655,HM,NA,valid,FALSE,FALSE,141.80921690210926,1.07104038175335,0.999043882655503,0,1.12892582217655,0.999232078352216,0,NA,0,0,FALSE,valid,healthy,NA
Oct_22_125_SRS5_stem,2022-10-19,SRS5,tree,root,NA,LGR2,rebuild fit (stage 03),14:19:45,14:22:45,2022,10,wet,18.40977222275,26.5,NA,20,NA,NA,1106.6016666666667,213.35,2012.601666666667,0.143275178943536,HM,AICc | Intercept,valid,FALSE,FALSE,5.150294223354404,0.142666071104057,0.700757115738113,5.47252828156155e-49,0.143275178943536,0.700599460776293,0.768290887986694,HM,NA,valid,FALSE,FALSE,75.09152824502928,0.742551261907549,0.997886262744881,1.4154046154160295e-241,0.768290887986694,0.997965034513627,0,NA,0,0,FALSE,valid,healthy,NA
Oct_22_124_SRS5_root,2022-10-19,SRS5,tree,root,NA,LGR2,rebuild fit (stage 03),14:33:14,14:37:53,2022,10,wet,18.446027409433334,26.5,NA,20,NA,NA,254.53666666666663,40.45,1160.5366666666664,-0.0466858357044788,HM,AICc | Intercept,valid,TRUE,TRUE,1.010301506553584,-0.0467134180524943,0.0453195471510907,1.9625563481582e-4,-0.0466858357044788,0.0452999473851515,2.1021071618587,HM,NA,valid,FALSE,FALSE,94.70383747821172,1.42664988822026,0.986888205550787,6.61669362484614e-264,2.1021071618587,0.997663686985166,0,NA,0,0,FALSE,valid,healthy,NA
Oct_22_126_SRS5_root,2022-10-19,SRS5,tree,root,NA,LGR2,rebuild fit (stage 03),14:49:46,14:54:00,2022,10,wet,18.527822594866667,26.3,NA,20,NA,NA,254.53666666666663,40.45,1160.5366666666664,0.367962733183127,HM,AICc,valid,FALSE,FALSE,5.141607003179297,0.317232901313068,0.604106303888338,3.0383906743514e-53,0.367962733183127,0.605119391652468,1.77235443012685,HM,NA,valid,FALSE,FALSE,87.81241130372716,1.53289315864604,0.996319231356831,2.27697519730011e-293,1.77235443012685,0.997776815385217,0,NA,0,0,FALSE,valid,healthy,NA
Oct_22_131_SRS5_root,2022-10-19,SRS5,tree,root,NA,LGR2,rebuild fit (stage 03),15:02:13,15:05:35,2022,10,wet,18.658824258766668,26.3,NA,20,NA,NA,254.53666666666663,40.45,1160.5366666666664,0.820830145516199,HM,AICc,valid,FALSE,FALSE,10.075345000531664,0.810183237438429,0.888420344662459,6.930683493300239e-98,0.820830145516199,0.888335739595445,2.46576508731216,HM,SE,valid,FALSE,FALSE,87.96612883042522,2.36411318798639,0.998207691077923,3.17372947119957e-278,2.46576508731216,0.998329506089047,0,NA,0,0,FALSE,valid,healthy,NA
Oct_22_130_SRS5_stem,2022-10-19,SRS5,tree,root,NA,LGR2,rebuild fit (stage 03),15:16:50,15:20:05,2022,10,wet,18.787303700777777,26.3,NA,20,NA,NA,460.99555555555554,107.68,1366.9955555555557,0.295756816574162,HM,AICc | Intercept,valid,FALSE,FALSE,8.630632361587129,0.290832446886335,0.857801350871834,2.5380983624830597e-84,0.295756816574162,0.857784208595067,1.67792859536657,HM,NA,valid,FALSE,FALSE,136.01231784769942,1.52373098538816,0.998668863481493,3.89732728194098e-281,1.67792859536657,0.999306346870989,0,NA,0,0,FALSE,valid,healthy,NA
Oct_22_127_SRS5_stem,2022-10-19,SRS5,tree,stem,NA,LGR2,rebuild fit (stage 03),15:24:30,15:28:05,2022,10,wet,18.762088887666668,26.3,NA,20,NA,NA,460.99555555555554,107.68,1366.9955555555557,0.154801884901378,HM,AICc,valid,FALSE,FALSE,4.5924853163024295,0.142885645693038,0.599296503921631,1.35157563109393e-44,0.154801884901378,0.59957911760716,1.33054490559811,HM,NA,valid,FALSE,FALSE,127.85610248716384,1.25918241515372,0.998944453575125,1.07607497664223e-293,1.33054490559811,0.999152340508637,0,NA,0,0,FALSE,valid,healthy,NA
Oct_22_128_SRS5_stem,2022-10-19,SRS5,tree,stem,NA,LGR2,rebuild fit (stage 03),15:32:38,15:35:38,2022,10,wet,18.735339259844444,26.3,NA,20,NA,NA,460.99555555555554,107.68,1366.9955555555557,0.110135593476581,HM,AICc | Intercept,valid,FALSE,FALSE,2.2508530938852473,0.101628658088736,0.298230506512571,1.1150554495447802e-15,0.110135593476581,0.298298939861547,0.988085480742512,HM,NA,valid,FALSE,FALSE,71.4889498426346,0.952523218572897,0.997661387785122,1.2039936166742901e-237,0.988085480742512,0.997753054795401,0,NA,0,0,FALSE,valid,healthy,NA
Oct_22_129_SRS5_stem,2022-10-19,SRS5,tree,stem,NA,LGR2,rebuild fit (stage 03),15:39:20,15:42:20,2022,10,wet,18.71330370577778,26.3,NA,20,NA,NA,460.99555555555554,107.68,1366.9955555555557,0.103472105645536,HM,AICc | Intercept,valid,FALSE,FALSE,2.553009783240359,0.103286411346152,0.363748366338701,1.5725718319529098e-19,0.103472105645536,0.363655981387967,1.14801893244142,HM,NA,valid,FALSE,FALSE,84.81675670866234,1.10602456925389,0.998306422447828,3.44176697301793e-250,1.14801893244142,0.998401563864209,0,NA,0,0,FALSE,valid,healthy,NA
Oct_22_107_SRS5_stem,2022-10-19,SRS5,tree,stem,NA,LGR3,rebuild fit (stage 03),13:16:53,13:21:34,2022,10,wet,19.3335351881,25.6,NA,NA,NA,NA,460.99555555555554,107.68,1366.9955555555557,0.0378173158325501,LM,AICc | g-fact. > 2 | Intercept,valid,TRUE,FALSE,4.710422388775561,0.0378173158325501,0.0798982987038944,4.16039216644546e-6,0.0918351648451445,0.087616813273604,0.346836988410674,HM,NA,valid,FALSE,FALSE,28.600443259327097,0.329384607448103,0.980981429610244,2.60745964408788e-211,0.346836988410674,0.981161265466401,0,NA,0,0,FALSE,valid,healthy,NA
Oct_22_108_SRS5_stem,2022-10-19,SRS5,tree,stem,NA,LGR3,rebuild fit (stage 03),13:29:00,13:32:00,2022,10,wet,19.081777778,25.6,NA,NA,NA,NA,460.99555555555554,107.68,1366.9955555555557,0.149718838212803,HM,AICc,valid,TRUE,FALSE,1.1653767899945209,0.0906434992986776,0.107485802540329,7.80430811389448e-5,0.149718838212803,0.110270428683706,0.2911406726163,HM,AICc | Intercept,valid,FALSE,FALSE,8.98667993586715,0.289516901378737,0.907980647447094,6.60937355112843e-69,0.2911406726163,0.907825888404818,0,NA,0,0,FALSE,valid,healthy,NA
Oct_22_109_SRS5_stem,2022-10-19,SRS5,tree,stem,NA,LGR3,rebuild fit (stage 03),13:39:35,13:43:12,2022,10,wet,18.8618796275,25.6,NA,NA,NA,NA,460.99555555555554,107.68,1366.9955555555557,0.0394654250770874,HM,AICc,valid,TRUE,TRUE,0.7774119137429338,0.0332775271268413,0.0364900617380136,0.00329909659233829,0.0394654250770874,0.0365600851022875,-0.0010446751983905,HM,AICc | p-value | MDF | Intercept,valid,TRUE,TRUE,0.1163848631448091,-0.00104643742963885,-0.00449811670070521,0.787203993677145,-0.0010446751983905,-0.00449863933608952,0,NA,0,0,FALSE,valid,healthy,NA
Oct_22_110_SRS5_root,2022-10-19,SRS5,tree,root,NA,LGR3,rebuild fit (stage 03),13:52:30,13:55:30,2022,10,wet,18.6612499975,25.6,NA,NA,NA,NA,254.53666666666663,40.45,1160.5366666666664,0.308406243142683,HM,AICc | Intercept,valid,FALSE,TRUE,2.3013249308320005,0.308083388060702,0.319944589259528,1.16371682330544e-16,0.308406243142683,0.319843451111025,-0.47604276657772,HM,SE | AICc | Intercept,valid,FALSE,TRUE,9.851421013557124,-0.435623757432695,0.892531171449381,2.18345713793765e-87,-0.47604276657772,0.893005475448809,0,NA,0,0,FALSE,valid,healthy,NA
Oct_22_111_SRS5_root,2022-10-19,SRS5,tree,root,NA,LGR3,rebuild fit (stage 03),14:01:26,14:04:15,2022,10,wet,18.556332961455553,25.6,NA,NA,NA,NA,254.53666666666663,40.45,1160.5366666666664,-0.299065453006824,LM,SE | g-fact. > 2 | Intercept (HM),valid,FALSE,TRUE,8.175026547702574,-0.299065453006824,0.273349531056669,5.91563176887724e-14,-0.741686672855501,0.301259296948915,-3.09183952852572,HM,SE,valid,FALSE,TRUE,56.217966755009805,-2.58065803570023,0.993918838988273,5.9243876649019686e-195,-3.09183952852572,0.99621373966142,0,NA,0,0,FALSE,valid,healthy,NA
Oct_22_112_SRS5_root,2022-10-19,SRS5,tree,root,NA,LGR3,rebuild fit (stage 03),14:16:01,14:19:01,2022,10,wet,18.399733703816665,25.6,NA,NA,NA,NA,254.53666666666663,40.45,1160.5366666666664,1.05693310236803,HM,SE | Intercept,valid,FALSE,FALSE,4.743083890380487,0.569914048697965,0.608999298857348,1.85067307704257e-34,1.05693310236803,0.627689473290277,0.440050958445765,HM,SE | AICc | Intercept,valid,FALSE,FALSE,7.525119641532834,0.394296521661208,0.841264307776571,1.18712215836977e-65,0.440050958445765,0.841951481208779,0,NA,0,0,FALSE,valid,healthy,NA
Oct_22_113_SRS5_stem,2022-10-19,SRS5,tree,stem,NA,LGR3,rebuild fit (stage 03),14:33:10,14:37:10,2022,10,wet,18.44584815016667,25,NA,NA,NA,NA,460.99555555555554,107.68,1366.9955555555557,0.139875329340751,HM,AICc,valid,FALSE,TRUE,3.44038485028131,0.139783888623311,0.460623726983577,2.09724888676923e-31,0.139875329340751,0.460479886956911,0.852578878814942,HM,RMSE | AICc,valid,FALSE,TRUE,54.78857039110678,0.845527657962718,0.995531376851265,1.62013839327743e-259,0.852578878814942,0.995407991949309,0,NA,0,0,FALSE,valid,healthy,NA
Oct_22_114_SRS5_stem,2022-10-19,SRS5,tree,stem,NA,LGR3,rebuild fit (stage 03),14:45:58,14:49:00,2022,10,wet,18.48783815126667,25,NA,NA,NA,NA,460.99555555555554,107.68,1366.9955555555557,0.113710888039419,LM,g-fact. > 2 | Intercept,valid,TRUE,FALSE,7.764453544179239,0.113710888039419,0.267918138370766,8.993876312615909e-13,0.256179820396828,0.282938747756746,0.568121592927374,HM,NA,valid,FALSE,FALSE,27.32592712498615,0.516040289343135,0.985265211192715,1.36844106838911e-149,0.568121592927374,0.985900866915833,0,NA,0,0,FALSE,valid,healthy,NA
Oct_22_115_SRS5_stem,2022-10-19,SRS5,tree,stem,NA,LGR3,rebuild fit (stage 03),14:55:01,14:58:17,2022,10,wet,18.58306426036667,25,NA,NA,NA,NA,460.99555555555554,107.68,1366.9955555555557,0.0691672440148659,HM,AICc | Intercept,valid,TRUE,FALSE,1.1529532025529388,0.0690957543834664,0.115755043561134,8.25412430614358e-6,0.0691672440148659,0.115721603348502,0.669016757970083,HM,NA,valid,FALSE,FALSE,30.96427124765526,0.63053935521643,0.989396113779262,3.5818651262919887e-154,0.669016757970083,0.989640852301582,0,NA,0,0,FALSE,valid,healthy,NA
Oct_22_134_SRS5_stem,2022-10-20,SRS5,tree,stem,NA,LGR2,rebuild fit (stage 03),12:21:41,12:24:50,2022,10,wet,22.761436484072224,20,NA,3,NA,NA,1106.6016666666667,213.35,2012.601666666667,0.139209023994822,HM,AICc | Intercept,valid,FALSE,FALSE,3.5849478524059277,0.127103266178925,0.507087154424653,6.49048937874512e-31,0.139209023994822,0.507336846583012,1.18795939044368,HM,NA,valid,FALSE,FALSE,104.99777333378258,1.12426033306284,0.998685953132587,4.982109613684899e-273,1.18795939044368,0.998894828258892,0,NA,0,0,FALSE,valid,healthy,NA
Oct_22_135_SRS5_stem,2022-10-20,SRS5,tree,stem,NA,LGR2,rebuild fit (stage 03),12:32:52,12:35:52,2022,10,wet,22.930056297644445,20,NA,3,NA,NA,1106.6016666666667,213.35,2012.601666666667,0.19443541497349,HM,Intercept,valid,FALSE,FALSE,4.370243696279256,0.110560331072729,0.549756474871147,4.66571221409195e-33,0.19443541497349,0.565240949340715,1.16688732458307,HM,NA,valid,FALSE,FALSE,107.54538880094466,1.02361811648183,0.997757152971645,2.85372802420336e-239,1.16688732458307,0.998958019930307,0,NA,0,0,FALSE,valid,healthy,NA
Oct_22_136_SRS5_stem,2022-10-20,SRS5,tree,stem,NA,LGR2,rebuild fit (stage 03),12:42:10,12:45:10,2022,10,wet,23.070279629944444,20,NA,3,NA,NA,1106.6016666666667,213.35,2012.601666666667,0.0480383233307999,HM,AICc | Intercept,valid,TRUE,FALSE,1.2462922490788697,0.0387688309250625,0.105362624357558,4.91865789535091e-6,0.0480383233307999,0.105682563266615,0.828397724129188,HM,NA,valid,FALSE,FALSE,69.56436332108306,0.72816231706935,0.996368862017903,1.5239377337538594e-220,0.828397724129188,0.997516271677205,0,NA,0,0,FALSE,valid,healthy,NA
Oct_22_137_SRS5_stem,2022-10-20,SRS5,tree,root,NA,LGR2,rebuild fit (stage 03),12:56:14,12:59:14,2022,10,wet,23.19363036912222,20,NA,3,NA,NA,1106.6016666666667,213.35,2012.601666666667,0.505156629538363,HM,NA,valid,FALSE,FALSE,15.364916746469572,0.366516543928922,0.940415420634591,8.82996190701484e-112,0.505156629538363,0.947082016161711,1.26920529946663,HM,NA,valid,FALSE,FALSE,115.18723165413934,1.21844019208969,0.999017119516065,2.43998842228523e-271,1.26920529946663,0.99913118467412,0,NA,0,0,FALSE,valid,healthy,NA
Oct_22_138_SRS5_root,2022-10-20,SRS5,tree,root,NA,LGR2,rebuild fit (stage 03),13:20:30,13:23:30,2022,10,wet,23.396899996666665,20,NA,3,NA,NA,254.53666666666663,40.45,1160.5366666666664,2.60712908865501,LM,SE | g-fact. > 2 | Intercept (HM),valid,FALSE,FALSE,43.071860687299015,2.60712908865501,0.911512484656054,2.10898513161245e-96,5.91475113478903,0.962217488104858,5.93127306143019,HM,SE,valid,FALSE,FALSE,164.4177464532838,5.32071423797098,0.99874150251465,9.89506147395681e-262,5.93127306143019,0.999558919665728,0,NA,0,0,FALSE,valid,healthy,NA
Oct_22_139_SRS5_root,2022-10-20,SRS5,tree,root,NA,LGR2,rebuild fit (stage 03),13:33:10,13:36:10,2022,10,wet,23.554811107777777,20,NA,3,NA,NA,254.53666666666663,40.45,1160.5366666666664,0.383285133589069,HM,AICc,valid,FALSE,FALSE,4.252876597494454,0.37778548497254,0.612978732615259,5.8164728415567e-39,0.383285133589069,0.61296315361098,3.36459986874359,HM,NA,valid,FALSE,FALSE,96.23850521679522,3.12691884745075,0.998364481213566,1.51664583387098e-251,3.36459986874359,0.998735533591939,0,NA,0,0,FALSE,valid,healthy,NA
Oct_22_140_SRS5_stem,2022-10-20,SRS5,tree,stem,NA,LGR2,rebuild fit (stage 03),14:00:00,14:03:00,2022,10,wet,23.783666665,22.2,NA,3,NA,NA,254.53666666666663,40.45,1160.5366666666664,0.239306433137347,LM,SE | g-fact. > 2 | Intercept,valid,FALSE,FALSE,10.48125634104023,0.239306433137347,0.376853725198194,2.40032986958842e-20,0.481413589168718,0.389761094464925,0.52511326020934,HM,AICc,valid,FALSE,TRUE,16.522425061237154,0.487780014438953,0.958447005423564,8.557218917051919e-126,0.52511326020934,0.95880141072613,0,NA,0,0,FALSE,valid,healthy,NA
Oct_22_141_SRS5_stem,2022-10-20,SRS5,tree,stem,NA,LGR2,rebuild fit (stage 03),14:09:50,14:12:50,2022,10,wet,23.83698518461111,22.2,NA,3,NA,NA,254.53666666666663,40.45,1160.5366666666664,0.323365102758873,HM,AICc | Intercept,valid,FALSE,FALSE,2.6917033903665115,0.240271851993149,0.352209543138914,7.97822067110628e-19,0.323365102758873,0.354865968699144,2.27085133880297,HM,NA,valid,FALSE,FALSE,77.63784526828903,2.1525131121772,0.997883819304469,1.5695943354736996e-241,2.27085133880297,0.998077500935987,0,NA,0,0,FALSE,valid,healthy,NA
Oct_22_142_SRS5_stem,2022-10-20,SRS5,tree,stem,NA,LGR2,rebuild fit (stage 03),14:20:00,14:23:00,2022,10,wet,23.86738888833333,22.2,NA,3,NA,NA,254.53666666666663,40.45,1160.5366666666664,0.477800036891134,HM,NA,valid,FALSE,FALSE,3.2635969483755067,0.256798522559106,0.403966761929683,4.33212743913319e-22,0.477800036891134,0.413579163882422,2.49914023774869,HM,NA,valid,FALSE,FALSE,89.3419253210565,2.4401165239785,0.998538642140086,6.37367995010158e-256,2.49914023774869,0.998568799939721,0,NA,0,0,FALSE,valid,healthy,NA
Oct_22_150_SRS5_stem,2022-10-20,SRS5,tree,stem,NA,LGR3,rebuild fit (stage 03),11:57:10,12:00:10,2022,10,wet,21.99469074011111,21.3,NA,3,NA,NA,1106.6016666666667,213.35,2012.601666666667,0.418788295851069,HM,AICc,valid,FALSE,TRUE,7.227984235478854,0.416935146242719,0.839391203671754,7.55928840381265e-65,0.418788295851069,0.839209464504012,0.326696491741742,HM,AICc,valid,FALSE,FALSE,16.823232580464513,0.315422328996699,0.965235328600479,2.2024735757187096e-117,0.326696491741742,0.965315328099193,0,NA,0,0,FALSE,valid,healthy,NA
Oct_22_151_SRS5_stem,2022-10-20,SRS5,tree,stem,NA,LGR3,rebuild fit (stage 03),12:11:10,12:14:11,2022,10,wet,22.51751296544445,21.3,NA,3,NA,NA,1106.6016666666667,213.35,2012.601666666667,0.0655163201944749,HM,AICc | Intercept,valid,TRUE,FALSE,1.2666190103948205,0.0653027109853255,0.123412917386634,1.11610268708027e-6,0.0655163201944749,0.123386007250676,0.620494314034932,HM,AICc,valid,FALSE,FALSE,37.82997499726341,0.61292126595682,0.992461559555105,8.95844756771106e-186,0.620494314034932,0.992379378190557,0,NA,0,0,FALSE,valid,healthy,NA
Oct_22_152_SRS5_stem,2022-10-20,SRS5,tree,stem,NA,LGR3,rebuild fit (stage 03),12:21:40,12:25:40,2022,10,wet,22.76118518777778,21.3,NA,3,NA,NA,460.99555555555554,107.68,1366.9955555555557,0.083252118906365,HM,AICc | Intercept,valid,TRUE,FALSE,1.5745223532733026,0.0826978307249261,0.163669468220665,2.23221849776562e-9,0.083252118906365,0.163644396258299,0.96419557552446,LM,RMSE | MAE | AICc,valid,FALSE,TRUE,215.5433317630459,0.96419557552446,0.995798853153364,6.592352765891687e-234,0.973442169381495,0.995657298485176,0,NA,0,0,FALSE,valid,healthy,NA
Oct_22_153_SRS5_root,2022-10-20,SRS5,tree,root,NA,LGR3,rebuild fit (stage 03),12:28:40,12:31:40,2022,10,wet,22.866729631444446,21.3,NA,3,NA,NA,254.53666666666663,40.45,1160.5366666666664,3.16377327545776,HM,SE,valid,FALSE,FALSE,15.500880985264397,2.83126559598063,0.959878122078692,9.085788055188431e-105,3.16377327545776,0.960680990460632,1.71148095195636,HM,SE,valid,FALSE,FALSE,25.76592798736395,1.5145157526888,0.98427188389592,1.14879231533065e-134,1.71148095195636,0.985326837249685,0,NA,0,0,FALSE,valid,healthy,NA
Oct_22_154_SRS5_root,2022-10-20,SRS5,tree,root,NA,LGR3,rebuild fit (stage 03),12:44:24,12:48:26,2022,10,wet,23.1039533334,21.3,NA,3,NA,NA,254.53666666666663,40.45,1160.5366666666664,2.42687221690125,HM,SE | Intercept (LM),valid,FALSE,FALSE,15.175416590951295,1.63367966538954,0.926276013595519,1.5030779562117095e-116,2.42687221690125,0.937453722926489,1.39855135061356,HM,SE,valid,FALSE,FALSE,28.040146137322765,1.14764989377612,0.979835539726036,1.9939763109533797e-173,1.39855135061356,0.982460229806896,0,NA,0,0,FALSE,valid,healthy,NA
Oct_22_155_SRS5_stem,2022-10-20,SRS5,tree,stem,NA,LGR3,rebuild fit (stage 03),13:04:09,13:08:00,2022,10,wet,23.250454442316663,21.8,NA,3,NA,NA,1106.6016666666667,213.35,2012.601666666667,0.0848474512096455,HM,AICc | Intercept,valid,FALSE,FALSE,2.063809435870358,0.084428870528874,0.258128081097879,2.7888061218089203e-14,0.0848474512096455,0.258076006955832,0.846281718968553,HM,RMSE | AICc,valid,FALSE,FALSE,58.735906130007514,0.834919402145841,0.996560998537427,1.8806198798462696e-237,0.846281718968553,0.99649497843464,0,NA,0,0,FALSE,valid,healthy,NA
Oct_22_156_SRS5_stem,2022-10-20,SRS5,tree,stem,NA,LGR3,rebuild fit (stage 03),13:14:10,13:17:15,2022,10,wet,23.32235184861111,21.8,NA,3,NA,NA,1106.6016666666667,213.35,2012.601666666667,0.113961178987158,HM,AICc | Intercept (HM),valid,FALSE,FALSE,1.6050986380184862,0.0728596575121799,0.165532948291794,5.60084786811614e-8,0.113961178987158,0.168666674844412,0.672761968274538,HM,AICc,valid,FALSE,FALSE,39.05303430195439,0.659302725872488,0.993398849358971,2.17182296913698e-174,0.672761968274538,0.993425211708102,0,NA,0,0,FALSE,valid,healthy,NA
Oct_22_157_SRS5_stem,2022-10-20,SRS5,tree,stem,NA,LGR3,rebuild fit (stage 03),13:23:50,13:26:50,2022,10,wet,23.438455552222223,21.8,NA,3,NA,NA,460.99555555555554,107.68,1366.9955555555557,0.0543908631962659,LM,AICc | g-fact. > 2 | Intercept,valid,TRUE,FALSE,2.629227584547659,0.0543908631962659,0.0394418344231203,0.00949388877075613,0.122558249514343,0.0466395619531498,0.646331626984022,HM,AICc,valid,FALSE,FALSE,25.77020467635222,0.636260491747819,0.98646054731994,1.04592175272304e-135,0.646331626984022,0.986451219853286,0,NA,0,0,FALSE,valid,healthy,NA
Oct_22_158_SRS5_root,2022-10-20,SRS5,tree,root,NA,LGR3,rebuild fit (stage 03),13:39:30,13:42:30,2022,10,wet,23.633766663333333,21.8,NA,3,NA,NA,254.53666666666663,40.45,1160.5366666666664,0.230077487984997,HM,AICc | Intercept,valid,TRUE,FALSE,1.8252025993835563,0.229637445460776,0.231290754062354,1.1184229140531e-11,0.230077487984997,0.231227524092674,1.05668236977896,HM,SE | AICc,valid,FALSE,FALSE,23.883562480940043,1.04138193820055,0.981219822737953,1.2860107652252395e-150,1.05668236977896,0.981180876309285,0,NA,0,0,FALSE,valid,healthy,NA
Oct_22_159_SRS5_root,2022-10-20,SRS5,tree,root,NA,LGR3,rebuild fit (stage 03),13:49:30,13:52:30,2022,10,wet,23.726733330499997,21.8,NA,3,NA,NA,254.53666666666663,40.45,1160.5366666666664,-0.165098807280109,HM,AICc | Intercept,valid,TRUE,TRUE,3.974108313786321,-0.16515029787521,0.0624834706035704,8.92423657237874e-5,-0.165098807280109,0.0624138703105296,-4.13552131284349,HM,SE,valid,FALSE,TRUE,114.76417805281548,-3.28202610487183,0.995007601524524,7.467783309335908e-259,-4.13552131284349,0.998807370400088,0,NA,0,0,FALSE,valid,healthy,NA
Oct_22_143_SRS5_stem,2022-10-20,SRS5,tree,stem,NA,LGR3,rebuild fit (stage 03),14:02:30,14:05:30,2022,10,wet,23.797222220833333,21.4,NA,NA,NA,NA,460.99555555555554,107.68,1366.9955555555557,0.10357910822825,LM,SE | g-fact. > 2 | Intercept (LM),valid,TRUE,TRUE,6.013450368126244,0.10357910822825,0.196256256051614,1.4434144830368e-8,0.366056994449003,0.217697162030098,-0.182290426788584,HM,AICc | Intercept,valid,FALSE,TRUE,9.32452796743626,-0.181874851060516,0.691546382253082,1.45312124075327e-38,-0.182290426788584,0.690944708771442,0,NA,0,0,FALSE,valid,healthy,NA
Oct_22_144_SRS5_stem,2022-10-20,SRS5,tree,stem,NA,LGR3,rebuild fit (stage 03),14:16:00,14:19:00,2022,10,wet,23.865477777666666,21.4,NA,NA,NA,NA,460.99555555555554,107.68,1366.9955555555557,0.0742202232631845,HM,AICc | Intercept,valid,TRUE,FALSE,1.38053789582759,0.0477905341823654,0.0972727443056867,1.665543243289e-6,0.0742202232631845,0.0989866043496419,0.836082074646138,HM,NA,valid,FALSE,FALSE,64.06378030251888,0.80578888587426,0.996554754888187,5.8948742697710084e-267,0.836082074646138,0.99664755458374,0,NA,0,0,FALSE,valid,healthy,NA
Oct_22_145_SRS5_stem,2022-10-20,SRS5,tree,stem,NA,LGR3,rebuild fit (stage 03),14:24:07,14:27:07,2022,10,wet,23.869355739727776,21.4,NA,NA,NA,NA,460.99555555555554,107.68,1366.9955555555557,0.0879579364468125,LM,g-fact. > 2 | Intercept,valid,TRUE,FALSE,6.444627126278636,0.0879579364468125,0.202127220256127,1.31804540775488e-9,0.219529279921619,0.21908250938355,1.05685119048958,HM,NA,valid,FALSE,FALSE,53.87825922502623,1.00550899079088,0.996293317118548,2.0855694378076094e-195,1.05685119048958,0.996461905299462,0,NA,0,0,FALSE,valid,healthy,NA
Oct_22_146_SRS5_root,2022-10-20,SRS5,tree,root,NA,LGR3,rebuild fit (stage 03),14:30:24,14:34:00,2022,10,wet,23.872357776066668,21.4,NA,NA,NA,NA,254.53666666666663,40.45,1160.5366666666664,0.182246260086363,LM,SE | g-fact. > 2 | Intercept,valid,TRUE,FALSE,7.243395475447836,0.182246260086363,0.206307150270013,9.639329211396028e-12,0.392364916955417,0.217599681008633,0.89528081556392,HM,SE,valid,FALSE,FALSE,25.415444881243555,0.78926445542246,0.978869577409569,3.5122134418789285e-167,0.89528081556392,0.979928895259988,0,NA,0,0,FALSE,valid,healthy,NA
Oct_22_147_SRS5_stem,2022-10-20,SRS5,tree,stem,NA,LGR3,rebuild fit (stage 03),14:51:00,14:54:56,2022,10,wet,23.877599998,21.5,NA,NA,NA,NA,1106.6016666666667,213.35,2012.601666666667,0.0531733302236894,HM,AICc | Intercept,valid,TRUE,FALSE,1.3930118198133208,0.0507541957034532,0.122631925008054,1.12674209716367e-7,0.0531733302236894,0.122647491206466,0.690146262096522,HM,NA,valid,FALSE,TRUE,48.80390005310379,0.645476697703281,0.994029444046483,1.70835304123101e-233,0.690146262096522,0.994338044720023,0,NA,0,0,FALSE,valid,healthy,NA
Oct_22_148_SRS5_stem,2022-10-20,SRS5,tree,stem,NA,LGR3,rebuild fit (stage 03),14:57:55,15:01:26,2022,10,wet,23.87560185138889,21.5,NA,NA,NA,NA,460.99555555555554,107.68,1366.9955555555557,0.157918605890585,HM,AICc | Intercept,valid,FALSE,FALSE,3.375278213344507,0.150668916879194,0.447105505459368,5.8132543434833095e-30,0.157918605890585,0.447166961631192,1.03343919337493,HM,NA,valid,FALSE,FALSE,71.79294130910506,0.985249200599806,0.997135197478713,4.09213315231603e-278,1.03343919337493,0.997289375790255,0,NA,0,0,FALSE,valid,healthy,NA
Oct_22_149_SRS5_stem,2022-10-20,SRS5,tree,stem,NA,LGR3,rebuild fit (stage 03),15:08:08,15:12:00,2022,10,wet,23.872650372177777,21.5,NA,NA,NA,NA,460.99555555555554,107.68,1366.9955555555557,0.110422744468207,HM,AICc | Intercept,valid,FALSE,TRUE,2.280372760937203,0.110266021802515,0.279512170722181,6.97582915207712e-17,0.110422744468207,0.279425806461441,2.37155377765953,LM,RMSE | MAE | AICc,valid,FALSE,TRUE,406.6554774292562,2.37155377765953,0.99872568146252,3.78568612037261e-293,2.40918846757595,0.998656780511862,0,NA,0,0,FALSE,valid,healthy,NA
Oct_22_160_SRS5_stem,2022-10-20,SRS5,tree,stem,NA,LGR3,rebuild fit (stage 03),15:25:46,15:29:39,2022,10,wet,23.87784444777778,22.5,NA,NA,NA,NA,1106.6016666666667,213.35,2012.601666666667,0.0641404409030213,LM,g-fact. > 2 | Intercept,valid,TRUE,FALSE,6.578450779741979,0.0641404409030213,0.186011784122826,4.78608910419654e-10,0.137469280443932,0.197951981054414,0.558563922036435,HM,NA,valid,FALSE,FALSE,49.63086185065357,0.542995962420114,0.995185596909723,2.2249392259777392e-215,0.558563922036435,0.995239448451605,0,NA,0,0,FALSE,valid,healthy,NA
Oct_22_161_SRS5_stem,2022-10-20,SRS5,tree,stem,NA,LGR3,rebuild fit (stage 03),15:41:48,15:44:48,2022,10,wet,23.88853333666667,22.5,NA,NA,NA,NA,460.99555555555554,107.68,1366.9955555555557,0.0344142413018057,HM,AICc | Intercept,valid,TRUE,FALSE,0.5976599696325315,0.034367590855359,0.0296091106845107,0.0178862109193418,0.0344142413018057,0.029597527416706602,0.364205263497922,HM,AICc,valid,FALSE,FALSE,17.439214193008198,0.33688419660493,0.9673332401987,1.52850648714895e-116,0.364205263497922,0.967750915889023,0,NA,0,0,FALSE,valid,healthy,NA
Oct_22_162_SRS5_stem,2022-10-20,SRS5,tree,stem,NA,LGR3,rebuild fit (stage 03),15:49:53,15:53:13,2022,10,wet,23.876884817605557,22.5,NA,NA,NA,NA,460.99555555555554,107.68,1366.9955555555557,0.131211885533266,HM,AICc | Intercept,valid,FALSE,FALSE,2.604057998888347,0.130854407836143,0.379040122367373,5.83152358489164e-20,0.131211885533266,0.378939719081418,0.776752216753195,HM,AICc,valid,FALSE,FALSE,43.59220046595826,0.765325681025306,0.99425353422653,4.301477101734669e-197,0.776752216753195,0.994210785556654,0,NA,0,0,FALSE,valid,healthy,NA
Oct_22_163_SRS5_root,2022-10-20,SRS5,tree,root,NA,LGR3,rebuild fit (stage 03),15:57:17,16:00:50,2022,10,wet,23.85600037233889,22.5,NA,NA,NA,NA,254.53666666666663,40.45,1160.5366666666664,0.928326940154073,HM,SE | AICc | Intercept,valid,FALSE,FALSE,2.7197775926374987,0.920488559832394,0.591532364851877,3.05692964223188e-17,0.928326940154073,0.59146430148781,1.6048297109592,HM,SE | AICc,valid,FALSE,FALSE,12.593503322806702,1.5340890399544,0.968290903050503,3.46310688652523e-61,1.6048297109592,0.968427575818712,0,NA,0,0,FALSE,valid,healthy,NA
Oct_22_164_SRS5_CWD,2022-10-20,SRS5,tree,cwd,NA,LGR3,rebuild fit (stage 03),16:05:05,16:08:05,2022,10,wet,23.83398703813889,22.5,NA,NA,NA,NA,254.53666666666663,40.45,1160.5366666666664,0.69872766027474,HM,SE | AICc,valid,FALSE,FALSE,3.1301775611915037,0.595160683466238,0.538247867981204,2.95247978253039e-22,0.69872766027474,0.539308014689431,5.07506637137827,HM,SE,valid,FALSE,FALSE,56.583898005904075,4.56348705561665,0.996680881482945,4.6342192063604086e-152,5.07506637137827,0.997478072424767,0,NA,0,0,FALSE,valid,healthy,NA
Oct_22_201_CP40_stem,2022-10-23,CP40,tree,stem,NA,LGR1,rebuild fit (stage 03),11:18:47,11:23:01,2022,10,wet,24.77306851893889,26.3,NA,11,NA,NA,1106.6016666666667,213.35,2012.601666666667,25.3117969080427,HM,SE,valid,FALSE,TRUE,28.374983802389902,19.2943684164503,0.970125802841168,1.98882150581063e-213,25.3117969080427,0.975924136798528,1.62921390970646,HM,NA,valid,FALSE,FALSE,97.03290902377825,1.34703654183581,0.995400855935389,0,1.62921390970646,0.997972901714306,0,NA,0,0,FALSE,valid,ghost,NA
Oct_22_202_CP40_stem,2022-10-23,CP40,tree,stem,NA,LGR1,rebuild fit (stage 03),11:34:40,11:38:33,2022,10,wet,25.00425926144445,26.3,NA,11,NA,NA,1106.6016666666667,213.35,2012.601666666667,13.5316959638012,HM,NA,valid,FALSE,FALSE,291.8107060814629,12.6212502622142,0.999489505833797,0,13.5316959638012,0.99982231355322,2.08537816467553,HM,NA,valid,FALSE,FALSE,143.56569213995303,1.91337394982474,0.99874742205229206,0,2.08537816467553,0.99926034834076,0,NA,0,0,FALSE,valid,ghost,NA
Oct_22_203_CP40_stem,2022-10-23,CP40,tree,stem,NA,LGR1,rebuild fit (stage 03),11:50:59,11:54:07,2022,10,wet,25.318610003333333,26.3,NA,11,NA,NA,1106.6016666666667,213.35,2012.601666666667,2.12253345293761,HM,NA,valid,FALSE,FALSE,35.89068399108248,2.00178688699495,0.989831960228355,1.80990384355328e-200,2.12253345293761,0.990065386751265,1.45817194846897,HM,SE,valid,FALSE,FALSE,16.692971925753575,1.3224297836896,0.954210768778334,1.95587302630784e-135,1.45817194846897,0.954837424990674,0,NA,0,0,FALSE,valid,ghost,NA
Oct_22_204_CP40_stem,2022-10-23,CP40,tree,stem,NA,LGR1,rebuild fit (stage 03),12:02:20,12:08:50,2022,10,wet,25.629600003333337,26.3,NA,11,NA,NA,2232.644,462.19,3138.644,60.6324403839289,HM,SE,valid,FALSE,TRUE,387.4736815624889,59.2838584527604,0.999883223434953,0,60.6324403839289,0.999916729060629,2.56622408256152,HM,NA,valid,FALSE,FALSE,155.76641417611694,2.47501105324737,0.99939249907602,2.12028074286513e-293,2.56622408256152,0.999481355322756,0,NA,0,0,FALSE,valid,ghost,NA
Oct_22_205_CP40_stem,2022-10-23,CP40,tree,stem,NA,LGR1,rebuild fit (stage 03),12:18:21,12:21:39,2022,10,wet,26.01824389185,26.3,NA,11,NA,NA,2232.644,462.19,3138.644,7.460206265751,LM,RMSE | MAE | AICc,valid,FALSE,TRUE,541.2468243610838,7.460206265751,0.999276843002789,0,7.54708107520449,0.999204291079718,0.644467662787913,HM,AICc,valid,FALSE,TRUE,53.24816087952565,0.637242795691916,0.995382873188347,1.30276453541285e-248,0.644467662787913,0.995305561130614,0,NA,0,0,FALSE,valid,ghost,NA
Oct_22_206_CP40_stem,2022-10-23,CP40,tree,stem,NA,LGR1,rebuild fit (stage 03),12:33:32,12:36:32,2022,10,wet,26.2066859272,26.3,NA,11,NA,NA,1106.6016666666667,213.35,2012.601666666667,1.49147210558834,HM,SE | AICc | Intercept,valid,FALSE,TRUE,7.315397476685059,1.46957840025352,0.741055098903641,9.168082840397538e-89,1.49147210558834,0.740996317514322,-0.044412459065511,HM,AICc | Intercept,valid,FALSE,TRUE,5.30656637538644,-0.0442796365829846,0.455374326051588,4.92689498690464e-41,-0.044412459065511,0.455204807014692,0,NA,0,0,FALSE,valid,ghost,NA
Oct_22_175_CP40_stem,2022-10-23,CP40,tree,stem,NA,LGR2,rebuild fit (stage 03),12:31:00,12:35:00,2022,10,wet,26.175244446,26.3,NA,10,NA,NA,1106.6016666666667,213.35,2012.601666666667,16.1449968971479,HM,NA,valid,FALSE,FALSE,125.22564472718526,12.5443633524462,0.994560901589082,7.80240876572292e-273,16.1449968971479,0.99891628668658194,2.40398938989489,HM,NA,valid,FALSE,FALSE,125.50793725177238,1.91471459059407,0.995403915916523,1.41886909573755e-281,2.40398938989489,0.998933525612223,0,NA,0,0,FALSE,valid,ghost,NA
Oct_22_176_CP40_stem,2022-10-23,CP40,tree,stem,NA,LGR2,rebuild fit (stage 03),12:37:30,12:40:30,2022,10,wet,26.2559166675,26.3,NA,10,NA,NA,1106.6016666666667,213.35,2012.601666666667,15.420984021908,LM,RMSE | MAE | AICc,valid,FALSE,FALSE,429.6013028289414,15.420984021908,0.999025637956218,1.11955195406452e-271,15.652786003229,0.999001142112413,16.4567088306736,LM,RMSE | MAE | SE | AICc,valid,FALSE,TRUE,414.8998443255482,16.4567088306736,0.998955436985407,5.6654958411938e-269,16.6628303261233,0.99889997623227,0,NA,0,0,FALSE,valid,ghost,NA
Oct_22_177_CP40_stem,2022-10-23,CP40,tree,stem,NA,LGR2,rebuild fit (stage 03),12:44:30,12:49:00,2022,10,wet,26.3427944445,26.3,NA,10,NA,NA,1106.6016666666667,213.35,2012.601666666667,0.310727272332341,LM,g-fact. > 2 | Intercept (LM),valid,FALSE,FALSE,41.336408651364906,0.310727272332341,0.863041289801854,8.71603279582179e-119,0.789672914238647,0.915933905076944,4.0911703060868,HM,SE,valid,FALSE,FALSE,91.58997995062518,3.08011384515632,0.992245269526748,3.6499532498758686e-287,4.0911703060868,0.9976831300241,0,NA,0,0,FALSE,valid,ghost,NA
Oct_22_178_CP40_stem,2022-10-23,CP40,tree,stem,NA,LGR2,rebuild fit (stage 03),13:28:00,13:31:00,2022,10,wet,26.56968888933333,NA,NA,10,NA,NA,1106.6016666666667,213.35,2012.601666666667,84.6025920658329,HM,SE,valid,FALSE,TRUE,287.72623849487826,75.5103864410105,0.998963333370137,8.947127086179209e-268,84.6025920658329,0.99985634069882,2.19940845478743,HM,NA,valid,FALSE,FALSE,103.67456430627333,1.97821136174891,0.998127276120921,6.458689383987228e-245,2.19940845478743,0.998898714440981,0,NA,0,0,FALSE,valid,ghost,NA
Oct_22_179_CP40_stem,2022-10-23,CP40,tree,stem,NA,LGR2,rebuild fit (stage 03),13:46:30,13:49:30,2022,10,wet,26.7560666635,NA,NA,10,NA,NA,1106.6016666666667,213.35,2012.601666666667,3.61063623218777,HM,NA,valid,FALSE,FALSE,44.81415549680714,2.63528601124767,0.986258447695098,7.042399155571347e-168,3.61063623218777,0.993530928677299,3.16396896949901,HM,NA,valid,FALSE,FALSE,158.55262793073692,2.44385855341726,0.994809825931659,1.6288566278272095e-205,3.16396896949901,0.999493415117734,0,NA,0,0,FALSE,valid,ghost,NA
Oct_22_180_CP40_stem,2022-10-23,CP40,tree,stem,NA,LGR2,rebuild fit (stage 03),14:13:00,14:16:00,2022,10,wet,26.998688888666667,NA,NA,10,NA,NA,1106.6016666666667,213.35,2012.601666666667,0.29076345000275,LM,g-fact. > 2 | Intercept (LM),valid,FALSE,FALSE,26.319975350994987,0.29076345000275,0.793516656853463,1.9492345395009904e-63,0.818410066386462,0.86343266606886,2.24329542107582,HM,NA,valid,FALSE,FALSE,141.53394254932144,1.96521970497545,0.998179926017742,2.1713123794362903e-247,2.24329542107582,0.999397835313562,0,NA,0,0,FALSE,valid,ghost,NA
Oct_22_181_CP40_stem,2022-10-23,CP40,tree,stem,NA,LGR2,rebuild fit (stage 03),14:23:00,14:26:00,2022,10,wet,27.040466666666667,25.6,NA,10,NA,NA,1106.6016666666667,213.35,2012.601666666667,22.3997112475214,LM,RMSE | MAE | SE | AICc,valid,FALSE,TRUE,567.041124483543,22.3997112475214,0.999440498072161,3.06708377064876e-293,22.677950128217,0.99933409556264,1.8275201914216,HM,NA,valid,FALSE,FALSE,111.67550945418266,1.58752325985275,0.997671849846468,8.060187000170329e-238,1.8275201914216,0.999029365236277,0,NA,0,0,FALSE,valid,ghost,NA
Oct_22_182_CP40_stem,2022-10-23,CP40,tree,stem,NA,LGR2,rebuild fit (stage 03),14:38:10,14:41:10,2022,10,wet,27.084955555555556,36,NA,10,NA,NA,1106.6016666666667,213.35,2012.601666666667,3.81000666617063,HM,NA,valid,FALSE,FALSE,102.93141282578998,3.65492465471306,0.998792988583883,2.35391232645884e-263,3.81000666617063,0.998911790947102,1.48645396113466,HM,NA,valid,FALSE,FALSE,111.9294458482468,1.39581800144795,0.998797862531646,1.63876198567038e-263,1.48645396113466,0.999069731973656,0,NA,0,0,FALSE,valid,ghost,NA
Oct_22_183_CP40_stem,2022-10-23,CP40,tree,stem,NA,LGR2,rebuild fit (stage 03),14:50:00,14:53:00,2022,10,wet,27.076555555,32.6,NA,10,NA,NA,1106.6016666666667,213.35,2012.601666666667,1.00087761428631,HM,AICc,valid,FALSE,FALSE,25.48446776958392,0.947246776637085,0.982221844630914,8.453833055312258e-159,1.00087761428631,0.982425805723465,1.75385524437326,LM,RMSE | MAE | SE | AICc,valid,FALSE,FALSE,91.73417273474584,1.75385524437326,0.979055545060998,1.9886789476311493e-152,1.77057938490723,0.978941174012734,0,NA,0,0,FALSE,valid,ghost,NA
Oct_22_184_CP40_stem,2022-10-23,CP40,tree,stem,NA,LGR2,rebuild fit (stage 03),15:04:12,15:07:12,2022,10,wet,26.9957733312,NA,NA,14,NA,NA,1106.6016666666667,213.35,2012.601666666667,20.0305530757897,HM,SE,valid,FALSE,TRUE,55.68355986185966,12.5934613157258,0.979844874569223,6.38578421167972e-154,20.0305530757897,0.995492184091842,0.897400538979272,HM,MAE | SE | Intercept,valid,FALSE,FALSE,21.31309264157935,0.72387640938699,0.970269413167938,8.251244435566987e-139,0.897400538979272,0.973096414207631,0,NA,0,0,FALSE,valid,ghost,NA
Oct_22_185_CP40_stem,2022-10-23,CP40,tree,stem,NA,LGR2,rebuild fit (stage 03),15:25:30,15:28:50,2022,10,wet,26.84403333,NA,NA,14,NA,NA,1106.6016666666667,213.35,2012.601666666667,0.032865925040917,LM,AICc | g-fact. > 2 | Intercept,valid,TRUE,FALSE,4.721433343492171,0.032865925040917,0.0962165073409058,4.41222602517253e-6,0.0688637846272938,0.101722606371128,0.334291180027267,HM,Intercept (LM),valid,FALSE,FALSE,17.707542732717414,0.173122314737194,0.916783355389515,1.30272482827725e-109,0.334291180027267,0.948996268151743,0,NA,0,0,FALSE,valid,ghost,NA
Oct_22_186_CP40_stem,2022-10-23,CP40,tree,stem,NA,LGR2,rebuild fit (stage 03),15:45:00,15:48:00,2022,10,wet,26.67633333,NA,NA,14,NA,NA,1106.6016666666667,213.35,2012.601666666667,0.0711270676690939,LM,SE | g-fact. > 2 | Intercept (LM),valid,FALSE,FALSE,4.046541088095881,0.0711270676690939,0.0786924179601572,7.72304701517971e-5,0.535769926815552,0.272266014922756,0.146003950305834,LM,SE | g-fact. > 2 | Intercept,valid,FALSE,FALSE,6.384754840128154,0.146003950305834,0.180943598032404,1.43158276612845e-9,2.09652405923895,0.569202926607131,0,NA,0,0,FALSE,valid,ghost,NA
Oct_22_187_CP40_CWD,2022-10-23,CP40,tree,cwd,NA,LGR2,rebuild fit (stage 03),16:05:00,16:08:00,2022,10,wet,26.46011111,NA,NA,NA,NA,NA,254.53666666666663,40.45,1160.5366666666664,0.377164175541936,LM,SE | g-fact. > 2 | Intercept,valid,FALSE,FALSE,7.391330399248453,0.377164175541936,0.229556834856668,5.36603934411144e-12,4.78900787378024,0.594875241622745,2.39959167995185,HM,SE,valid,FALSE,FALSE,58.898685935455354,1.82612332972719,0.991049868383806,1.77425943570344e-185,2.39959167995185,0.996295516486891,0,NA,0,0,FALSE,valid,ghost,NA
Oct_22_188_CP40_CWD,2022-10-23,CP40,tree,cwd,NA,LGR2,rebuild fit (stage 03),16:10:00,16:12:00,2022,10,wet,26.406055555,NA,NA,NA,NA,NA,254.53666666666663,40.45,1160.5366666666664,19.1008851368902,HM,SE,valid,FALSE,FALSE,52.14131570762156,16.6642607255305,0.995714067589813,8.71825957653772e-142,19.1008851368902,0.997060374700536,10.4777300030037,HM,SE,valid,FALSE,FALSE,141.8792389538361,9.54895207313453,0.999010771757402,2.3526110434951798e-179,10.4777300030037,0.999610395689905,0,NA,0,0,FALSE,valid,ghost,NA
Oct_22_189_CP40_stem,2022-10-23,CP40,tree,stem,NA,LGR3,rebuild fit (stage 03),11:22:58,11:39:20,2022,10,wet,24.833959260144443,25.3,NA,12,NA,NA,460.99555555555554,107.68,1366.9955555555557,-0.721904213550117,HM,Intercept (HM),valid,FALSE,FALSE,14.908534247959318,-0.486704537963228,0.900772854081174,3.1244407675059593e-146,-0.721904213550117,0.910870363020224,0.184825465499049,HM,Intercept (HM),valid,FALSE,FALSE,12.196343333844576,0.134679124034422,0.870194424479745,1.7510668409586395e-129,0.184825465499049,0.876208448483803,0,NA,0,0,FALSE,valid,ghost,NA
Oct_22_190_CP40_stem,2022-10-23,CP40,tree,stem,NA,LGR3,rebuild fit (stage 03),12:19:00,12:24:00,2022,10,wet,26.026311114,NA,NA,12,NA,NA,460.99555555555554,107.68,1366.9955555555557,0.113280078913578,LM,g-fact. > 2 | Intercept,valid,FALSE,FALSE,12.187472508770403,0.113280078913578,0.356764649903417,2.00293991102099e-27,0.461842738456777,0.410931765992361,0.117091166466369,LM,g-fact. > 2 | Intercept (LM),valid,FALSE,FALSE,33.36787455015282,0.117091166466369,0.8070247422477,7.04871523203539e-97,0.269269225190748,0.856142956001565,0,NA,0,0,FALSE,valid,ghost,NA
Oct_22_191_CP40_stem,2022-10-23,CP40,tree,stem,NA,LGR3,rebuild fit (stage 03),12:40:46,12:45:00,2022,10,wet,26.2964596301,25.6,NA,12,NA,NA,254.53666666666663,40.45,1160.5366666666664,0.0910580662882323,HM,SE | AICc | p-value | Intercept,valid,TRUE,FALSE,0.26321204875351584,0.061547936322847,-0.0015725401683222,0.367693797422272,0.0910580662882323,-5.1446509210451e-4,0.940822041079199,HM,SE,valid,FALSE,FALSE,9.574197112388283,0.767406765178525,0.916043973616491,6.39668972285539e-64,0.940822041079199,0.919014834019309,0,NA,0,0,FALSE,valid,ghost,NA
Oct_22_192_CP40_stem,2022-10-23,CP40,tree,stem,NA,LGR3,rebuild fit (stage 03),13:20:00,13:30:00,2022,10,wet,26.488444446666666,24.3,NA,12,NA,NA,2232.644,462.19,3138.644,61.4912803188164,LM,RMSE | MAE | SE | AICc,valid,FALSE,TRUE,783.8784987634577,61.4912803188164,0.999765704593662,1.10989257013819e-261,62.193698628344,0.999689922063572,7.49294813456982,LM,RMSE | MAE | SE | AICc,valid,FALSE,TRUE,546.1284309666299,7.49294813456982,0.999517425254503,3.03453495652646e-239,7.60939580426714,0.999500456684898,0,NA,0,0,FALSE,valid,ghost,NA
Oct_22_193_CP40_stem,2022-10-23,CP40,tree,stem,NA,LGR3,rebuild fit (stage 03),13:42:40,13:48:30,2022,10,wet,26.718637034222223,24.7,NA,12,NA,NA,2232.644,462.19,3138.644,1.1775886753681,HM,NA,valid,FALSE,FALSE,87.67036635769915,0.942647249353271,0.992701968472675,0,1.1775886753681,0.996192867862033,1.31005172266331,HM,NA,valid,FALSE,FALSE,190.83649523365793,1.01384217092518,0.994598181457598,0,1.31005172266331,0.999181350519724,0,NA,0,0,FALSE,valid,ghost,NA
Oct_22_194_CP40_stem,2022-10-23,CP40,tree,stem,NA,LGR3,rebuild fit (stage 03),14:04:00,14:09:00,2022,10,wet,26.916288887666667,24.7,NA,12,NA,NA,1106.6016666666667,213.35,2012.601666666667,0.200195419145296,HM,AICc,valid,FALSE,FALSE,8.303311109809654,0.198653337246298,0.78126718779611,3.17521881143234e-103,0.200195419145296,0.78116074751144,1.36709286436175,LM,RMSE | MAE | AICc,valid,FALSE,FALSE,676.504079670333,1.36709286436175,0.999329641203736,0,1.38912610113478,0.999296313371496,0,NA,0,0,FALSE,valid,ghost,NA
Oct_22_195_CP40_stem,2022-10-23,CP40,tree,stem,NA,LGR3,rebuild fit (stage 03),14:35:00,14:42:00,2022,10,wet,27.075666666666667,25.2,NA,12,NA,NA,2232.644,462.19,3138.644,24.7234370657204,LM,RMSE | MAE | AICc,valid,FALSE,TRUE,2574.418595843818,24.7234370657204,0.999947947919375,0,25.1113094417979,0.999924542984279,2.68184293567601,HM,NA,valid,FALSE,TRUE,447.0205923154805,2.63811689272993,0.999885402825759,0,2.68184293567601,0.999891062731736,0,NA,0,0,FALSE,valid,ghost,NA
Oct_22_196_CP40_stem,2022-10-23,CP40,tree,stem,NA,LGR3,rebuild fit (stage 03),15:06:30,15:11:30,2022,10,wet,26.9826888865,24.3,NA,12,NA,NA,2232.644,462.19,3138.644,4.66269983556245,HM,NA,valid,FALSE,FALSE,244.5268265692657,4.49538446652805,0.999477665544451,0,4.66269983556245,0.999568162888506,2.64697793730137,HM,NA,valid,FALSE,TRUE,333.519880523396,2.56608999884413,0.999703338167097,0,2.64697793730137,0.999768459433376,0,NA,0,0,FALSE,valid,ghost,NA
Oct_22_197_CP40_stem,2022-10-23,CP40,tree,stem,NA,LGR3,rebuild fit (stage 03),15:26:00,15:29:30,2022,10,wet,26.83973333,25.8,NA,12,NA,NA,2232.644,462.19,3138.644,0.867244741265823,HM,AICc,valid,FALSE,FALSE,26.866431019228777,0.849684080342762,0.982882093624092,3.43667876085584e-176,0.867244741265823,0.982908197619615,3.52396865236833,HM,NA,valid,FALSE,FALSE,277.56328665778,3.41381546957047,0.99976778832512,0,3.52396865236833,0.999836141381303,0,NA,0,0,FALSE,valid,ghost,NA
Oct_22_198_CP40_stem,2022-10-23,CP40,tree,stem,NA,LGR3,rebuild fit (stage 03),15:41:13,15:44:40,2022,10,wet,26.708869996666664,26,NA,11,NA,NA,2232.644,462.19,3138.644,15.4929483673236,HM,SE,valid,FALSE,FALSE,70.02247846187288,14.6875516706192,0.998960776136704,2.02663775082074e-94,15.4929483673236,0.999165128751389,1.20917196142058,HM,SE,valid,FALSE,FALSE,20.14498127149796,1.07737223756299,0.988740116334066,2.4460938959412197e-62,1.20917196142058,0.989691047981145,0,NA,0,0,FALSE,valid,ghost,NA
Oct_22_200_CP40_stem,2022-10-23,CP40,tree,stem,NA,LGR3,rebuild fit (stage 03),16:06:06,16:09:10,2022,10,wet,26.4482188879,26.1,NA,11,NA,NA,1106.6016666666667,213.35,2012.601666666667,0.477015803129193,HM,SE | AICc | Intercept,valid,FALSE,FALSE,1.9186169327796725,0.314614219759404,0.373458639740428,1.69455195253173e-9,0.477015803129193,0.377667217505988,7.88784413530892,HM,SE,valid,FALSE,FALSE,75.65150870983405,7.45831036726582,0.998909268923779,1.50616883270379e-114,7.88784413530892,0.999126327760122,0,NA,0,0,FALSE,valid,ghost,NA
Oct_22_213_CP40_stem,2022-10-24,CP40,tree,stem,NA,LGR2,rebuild fit (stage 03),11:35:09,11:38:37,2022,10,wet,25.709625003333333,NA,NA,2,NA,NA,1106.6016666666667,213.35,2012.601666666667,118.591929679587,HM,SE,valid,FALSE,TRUE,400.8658248230776,113.532739438106,0.99978592945255,0,118.591929679587,0.999916987345653,1.1605137847592,HM,NA,valid,FALSE,FALSE,114.09559877651157,1.12220492121917,0.998904806430218,1.30120920677864e-293,1.1605137847592,0.998981335837765,0,NA,0,0,FALSE,valid,ghost,NA
Oct_22_214_CP40_stem,2022-10-24,CP40,tree,stem,NA,LGR2,rebuild fit (stage 03),11:44:37,11:50:26,2022,10,wet,25.749069447777774,NA,NA,2,NA,NA,1106.6016666666667,213.35,2012.601666666667,8.15174099362688,HM,NA,valid,FALSE,FALSE,347.2737065997479,7.26393742683637,0.998901391344848,0,8.15174099362688,0.999807537318965,1.79947796478824,HM,NA,valid,FALSE,FALSE,273.1847982932561,1.62915684440172,0.999022119225799,0,1.79947796478824,0.999691417946485,0,NA,0,0,FALSE,valid,ghost,NA
Oct_22_215_CP40_stem,2022-10-24,CP40,tree,stem,NA,LGR2,rebuild fit (stage 03),12:02:30,12:06:12,2022,10,wet,26.113694445833335,NA,NA,2,NA,NA,460.99555555555554,107.68,1366.9955555555557,0.0156252595231127,HM,AICc | p-value | MDF | Intercept,valid,TRUE,FALSE,0.32547710076013386,0.0111525167378418,0.00118805164143232,0.262103452155171,0.0156252595231127,0.00220710129659252,1.98017213929376,HM,Intercept (LM),valid,FALSE,FALSE,90.12517845008983,1.35811236164862,0.988024210249938,1.4715873847693796e-214,1.98017213929376,0.997953711433486,0,NA,0,0,FALSE,valid,ghost,NA
Oct_22_207_CP40_stem,2022-10-24,CP40,tree,stem,NA,LGR2,rebuild fit (stage 03),12:20:51,12:23:57,2022,10,wet,26.48213500065,NA,NA,10,NA,NA,1106.6016666666667,213.35,2012.601666666667,0.685213856859984,HM,NA,valid,FALSE,FALSE,14.871444015117584,0.612286530691623,0.946284847491388,1.25012050631697e-119,0.685213856859984,0.947095509807097,7.09215167519573,HM,NA,valid,FALSE,FALSE,281.96952905595543,6.9628839759697,0.999830506289324,0,7.09215167519573,0.999851787761687,0,NA,0,0,FALSE,valid,ghost,NA
Oct_22_208_CP40_stem,2022-10-24,CP40,tree,stem,NA,LGR2,rebuild fit (stage 03),12:32:34,12:35:40,2022,10,wet,26.700715927877777,NA,NA,10,NA,NA,1106.6016666666667,213.35,2012.601666666667,0.210568534745226,HM,AICc | Intercept,valid,FALSE,FALSE,5.050757883975668,0.175608578016398,0.664424546210887,5.94058875125187e-46,0.210568534745226,0.665867220650717,7.63030822518753,HM,NA,valid,FALSE,TRUE,491.5456531112277,7.42462131230135,0.999900137698616,0,7.63030822518753,0.999951007185577,0,NA,0,0,FALSE,valid,ghost,NA
Oct_22_209_CP40_stem,2022-10-24,CP40,tree,stem,NA,LGR2,rebuild fit (stage 03),12:45:07,12:48:10,2022,10,wet,26.93315667,NA,NA,10,NA,NA,1106.6016666666667,213.35,2012.601666666667,0.0965976489183904,HM,AICc,valid,FALSE,FALSE,2.102275704124069,0.0750533892247453,0.249496037311269,3.18502616978145e-13,0.0965976489183904,0.250835500205365,6.40985018668105,HM,NA,valid,FALSE,FALSE,392.9038062917325,6.25026030560774,0.999881242742988,0,6.40985018668105,0.999924617938199,0,NA,0,0,FALSE,valid,ghost,NA
Oct_22_210_CP40_stem,2022-10-24,CP40,tree,stem,NA,LGR2,rebuild fit (stage 03),13:07:45,13:10:45,2022,10,wet,27.02821667,NA,NA,5,NA,NA,1106.6016666666667,213.35,2012.601666666667,273.416623615685,LM,RMSE | MAE | SE | AICc,valid,FALSE,TRUE,522.5389421217026,273.416623615685,0.999341204632065,6.8655897485556e-287,277.911810635064,0.999320655368748,1.65857274078803,HM,NA,valid,FALSE,FALSE,128.8407142971331,1.57406186733914,0.999115829360355,1.8772968675159898e-275,1.65857274078803,0.999301425404786,0,NA,0,0,FALSE,valid,ghost,NA
Oct_22_212_CP40_stem,2022-10-24,CP40,tree,stem,NA,LGR2,rebuild fit (stage 03),13:20:15,13:23:15,2022,10,wet,27.09005000275,NA,NA,5,NA,NA,1106.6016666666667,213.35,2012.601666666667,2.91164515580248,HM,NA,valid,FALSE,FALSE,59.9714551991256,2.63698902508286,0.996009575640393,7.086402805369337e-217,2.91164515580248,0.99670937128917,3.50701155935852,HM,NA,valid,FALSE,FALSE,240.6580531336368,2.92448618630392,0.997464707290677,1.6573788148421294e-234,3.50701155935852,0.999786668862697,0,NA,0,0,FALSE,valid,ghost,NA
Oct_22_226_CP40_CWD,2022-10-24,CP40,tree,cwd,NA,LGR2,rebuild fit (stage 03),13:29:15,13:32:15,2022,10,wet,27.14385000175,NA,NA,NA,NA,NA,460.99555555555554,107.68,1366.9955555555557,0.448546055639918,LM,g-fact. > 2 | Intercept (LM),valid,FALSE,FALSE,28.755264813080903,0.448546055639918,0.821049575768508,5.24781156038653e-69,1.33375082347496,0.891497489323498,51.4182861457698,HM,SE,valid,FALSE,TRUE,95.73043604052228,33.172129816236,0.984973972931409,2.4499082653239093e-165,51.4182861457698,0.998486977761994,0,NA,0,0,FALSE,valid,ghost,NA
Oct_22_227_CP40_CWD,2022-10-24,CP40,tree,cwd,NA,LGR2,rebuild fit (stage 03),13:42:00,13:45:00,2022,10,wet,27.220066667,NA,NA,NA,NA,NA,460.99555555555554,107.68,1366.9955555555557,0.152613711995588,HM,AICc | Intercept,valid,FALSE,TRUE,2.828797075751325,0.1525430017254,0.412983609611468,1.09542346039738e-22,0.152613711995588,0.412839934666312,4.93566424563761,HM,NA,valid,FALSE,FALSE,234.85858723870743,3.83034575220215,0.995220854015029,7.265050495087828e-210,4.93566424563761,0.999768232525255,0,NA,0,0,FALSE,valid,ghost,NA
Oct_22_216_CP40_stem,2022-10-24,CP40,tree,stem,NA,LGR3,rebuild fit (stage 03),10:37:00,10:40:00,2022,10,wet,24.582511112666666,NA,NA,4.5,NA,NA,1106.6016666666667,213.35,2012.601666666667,49.1287101833859,HM,SE,valid,FALSE,TRUE,143.99138822554053,44.3050480661232,0.998679323871895,7.41169634808129e-260,49.1287101833859,0.999426526419467,1.14727790630806,HM,NA,valid,FALSE,FALSE,45.53741794517346,0.810305909145,0.984968228666449,2.53517243599129e-165,1.14727790630806,0.99360659706778,0,NA,0,0,FALSE,valid,ghost,NA
Oct_22_217_CP40_stem,2022-10-24,CP40,tree,stem,NA,LGR3,rebuild fit (stage 03),11:01:00,11:04:00,2022,10,wet,25.243933336666668,NA,NA,4.5,NA,NA,1106.6016666666667,213.35,2012.601666666667,3.218669212849,HM,AICc,valid,FALSE,FALSE,93.91666366362128,3.1659765850489,0.998247032165992,0,3.218669212849,0.998254011035251,1.94423020413227,HM,NA,valid,FALSE,FALSE,158.23688042396216,1.84233397225632,0.999175184084501,0,1.94423020413227,0.999372511540266,0,NA,0,0,FALSE,valid,ghost,NA
Oct_22_218_CP40_stem,2022-10-24,CP40,tree,stem,NA,LGR3,rebuild fit (stage 03),11:16:30,11:19:30,2022,10,wet,25.631916670000003,NA,NA,4.5,NA,NA,1106.6016666666667,213.35,2012.601666666667,0.750586465700648,HM,AICc,valid,FALSE,TRUE,33.034622674174784,0.744903037552495,0.98320069092542,1.04651959257496e-266,0.750586465700648,0.983067553393268,1.28063143362573,HM,NA,valid,FALSE,FALSE,142.16436980173555,1.25786683500426,0.999044778212203,0,1.28063143362573,0.999065247889233,0,NA,0,0,FALSE,valid,ghost,NA
Oct_22_219_CP40_stem,2022-10-24,CP40,tree,stem,NA,LGR3,rebuild fit (stage 03),11:50:00,11:53:00,2022,10,wet,25.854388891666662,NA,NA,7,NA,NA,1106.6016666666667,213.35,2012.601666666667,18.0919650765393,HM,NA,valid,FALSE,FALSE,258.77530384529496,14.8758144026558,0.997079141544936,7.8141400136189e-294,18.0919650765393,0.999753716980149,2.8146283405836,HM,NA,valid,FALSE,FALSE,160.48182715365547,2.35044112671935,0.997107225200773,2.47494012668073e-293,2.8146283405836,0.999364576612211,0,NA,0,0,FALSE,valid,ghost,NA
Oct_22_220_CP40_stem,2022-10-24,CP40,tree,stem,NA,LGR3,rebuild fit (stage 03),11:58:30,12:01:30,2022,10,wet,26.0307166685,NA,NA,7,NA,NA,1106.6016666666667,213.35,2012.601666666667,1.74161298049489,HM,AICc,valid,FALSE,FALSE,29.870700995726136,1.71065493015517,0.988946402418853,9.635624676262988e-155,1.74161298049489,0.988967099777286,2.80442470061922,HM,RMSE | AICc,valid,FALSE,FALSE,111.5576777151054,2.75464871014487,0.999217938329811,1.82470356544732e-244,2.80442470061922,0.999201247709878,0,NA,0,0,FALSE,valid,ghost,NA
Oct_22_221_CP40_stem,2022-10-24,CP40,tree,stem,NA,LGR3,rebuild fit (stage 03),12:08:00,12:11:00,2022,10,wet,26.22778888966667,NA,NA,7,NA,NA,1106.6016666666667,213.35,2012.601666666667,0.0593201103062357,LM,g-fact. > 2 | Intercept,valid,FALSE,FALSE,8.318660569263763,0.0593201103062357,0.202855730472307,4.612535485974421e-15,0.31911664393135,0.279653590075264,4.38235209304838,HM,SE,valid,FALSE,FALSE,106.5289043087048,3.08007318902005,0.989043452424463,5.89310941190018e-264,4.38235209304838,0.998252099215922,0,NA,0,0,FALSE,valid,ghost,NA
Oct_22_222_CP40_stem,2022-10-24,CP40,tree,stem,NA,LGR3,rebuild fit (stage 03),12:36:00,12:39:00,2022,10,wet,26.764766669,NA,NA,12.5,NA,NA,2232.644,462.19,3138.644,2.65435628423984,HM,NA,valid,FALSE,FALSE,51.130613987158696,2.42169459135076,0.995835270185912,3.9828827586558986e-171,2.65435628423984,0.996412011852719,5.9746341099903,HM,NA,valid,FALSE,TRUE,218.9031953960241,5.86052606002355,0.99978612608266,1.12174999477899e-262,5.9746341099903,0.99981056262859,0,NA,0,0,FALSE,valid,ghost,NA
Oct_22_223_CP40_stem,2022-10-24,CP40,tree,stem,NA,LGR3,rebuild fit (stage 03),12:50:00,12:53:00,2022,10,wet,26.95366667,NA,NA,12.5,NA,NA,2232.644,462.19,3138.644,0.946272263493928,HM,NA,valid,FALSE,FALSE,39.37532367835493,0.841354608429823,0.988989583508012,2.7136349902749794e-233,0.946272263493928,0.989939137733949,4.84413577789283,HM,NA,valid,FALSE,TRUE,275.484287453122,4.47010504947871,0.99935814222753,0,4.84413577789283,0.999796165068448,0,NA,0,0,FALSE,valid,ghost,NA
Oct_22_224_CP40_stem,2022-10-24,CP40,tree,stem,NA,LGR3,rebuild fit (stage 03),13:04:00,13:07:00,2022,10,wet,27.01246667,NA,NA,12.5,NA,NA,1106.6016666666667,213.35,2012.601666666667,0.612533990330434,HM,Intercept (LM),valid,FALSE,FALSE,8.689956699627782,0.346488564085211,0.809012181410711,1.93275948471148e-70,0.612533990330434,0.829071127211859,8.53179292495311,HM,SE,valid,FALSE,FALSE,87.41426287587542,5.72500914932016,0.986694325361738,2.14675506657019e-180,8.53179292495311,0.998108779034491,0,NA,0,0,FALSE,valid,ghost,NA
Oct_22_225_CP40_CWD,2022-10-24,CP40,tree,cwd,NA,LGR3,rebuild fit (stage 03),13:24:30,13:27:00,2022,10,wet,27.115455557833332,NA,NA,NA,NA,NA,254.53666666666663,40.45,1160.5366666666664,3.82300110677987,HM,SE | Intercept (HM),valid,FALSE,FALSE,12.872061829744135,2.29469505314964,0.916319129713792,1.13048386503018e-79,3.82300110677987,0.934816955896337,7.59381483103144,HM,SE,valid,FALSE,FALSE,89.47132945966071,6.44189505398093,0.996887995186147,1.2740009648561797e-182,7.59381483103144,0.998766669841498,0,NA,0,0,FALSE,valid,ghost,NA
Oct_22_257_BL60_stem,2022-10-25,BL60,tree,stem,NA,LGR1,rebuild fit (stage 03),10:50:24,10:53:25,2022,10,wet,24.7826266688,23.3,NA,NA,NA,NA,254.53666666666663,40.45,1160.5366666666664,93.5589251797417,LM,RMSE | MAE | SE | AICc,valid,FALSE,TRUE,958.6812945746648,93.5589251797417,0.999787873750686,0,94.6842321799902,0.999717792733916,12.7737647243736,HM,SE,valid,FALSE,FALSE,137.92330192732354,12.4220630630414,0.999295331415346,6.24564183208841e-293,12.7737647243736,0.999347921397203,0,NA,0,0,FALSE,valid,regenerating,NA
Oct_22_258_BL60_stem,2022-10-25,BL60,tree,stem,NA,LGR1,rebuild fit (stage 03),10:58:09,11:01:09,2022,10,wet,24.9734488893,23.3,NA,NA,NA,NA,254.53666666666663,40.45,1160.5366666666664,-0.206421912519901,HM,AICc | Intercept,valid,TRUE,TRUE,2.8632990933834774,-0.206475282416296,0.0374990269172356,0.00437109128801411,-0.206421912519901,0.0374518345158624,5.71858973503368,HM,SE,valid,FALSE,FALSE,48.39772656965499,3.71253145000568,0.97999922179931,5.024252492336329e-161,5.71858973503368,0.993865112137102,0,NA,0,0,FALSE,valid,regenerating,NA
Oct_22_259_BL60_stem,2022-10-25,BL60,tree,stem,NA,LGR1,rebuild fit (stage 03),11:06:50,11:09:56,2022,10,wet,25.187251850333332,23.3,NA,NA,NA,NA,254.53666666666663,40.45,1160.5366666666664,0.205588850534932,HM,SE | AICc | Intercept,valid,TRUE,TRUE,1.0155507427970984,0.20570092175425,0.0692029656405089,6.76253064355422e-5,0.205588850534932,0.0691748458438406,6.15414839639281,HM,SE,valid,FALSE,FALSE,80.6424606568511,5.26538636811606,0.996158002098285,2.09181973806182e-253,6.15414839639281,0.997826994931165,0,NA,0,0,FALSE,valid,regenerating,NA
Oct_22_260_BL60_stem,2022-10-25,BL60,tree,stem,NA,LGR1,rebuild fit (stage 03),11:18:00,11:21:00,2022,10,wet,25.448366664,23.2,NA,NA,NA,NA,254.53666666666663,40.45,1160.5366666666664,17.1256708340195,HM,SE,valid,FALSE,FALSE,72.86127275120377,14.9154924887001,0.995948565214037,1.33737455074859e-254,17.1256708340195,0.997324027584666,9.93828159820537,HM,SE,valid,FALSE,FALSE,18.847562324257492,7.47483710831467,0.953228507775937,1.64407291139868e-142,9.93828159820537,0.95879414686315,0,NA,0,0,FALSE,valid,regenerating,NA
Oct_22_261_BL60_stem,2022-10-25,BL60,tree,stem,NA,LGR1,rebuild fit (stage 03),11:26:30,11:29:30,2022,10,wet,25.61846111033333,25.7,NA,NA,NA,NA,254.53666666666663,40.45,1160.5366666666664,0.62495024210921,LM,SE | g-fact. > 2 | Intercept,valid,FALSE,FALSE,17.442443460926885,0.62495024210921,0.577335134605682,2.0060289608079496e-43,1.48183602497594,0.626095558538099,4.19842639308183,HM,SE,valid,FALSE,FALSE,8.846495896490888,3.43422970425187,0.833254949728554,3.87681366990086e-88,4.19842639308183,0.83574561586908,0,NA,0,0,FALSE,valid,regenerating,NA
Oct_22_262_BL60_stem,2022-10-25,BL60,tree,stem,NA,LGR1,rebuild fit (stage 03),11:38:30,11:41:30,2022,10,wet,25.858594446333335,NA,NA,NA,NA,NA,254.53666666666663,40.45,1160.5366666666664,0.230554979977164,LM,SE | g-fact. > 2 | Intercept,valid,FALSE,FALSE,8.438634143684348,0.230554979977164,0.18712307335915,1.3247302439841e-15,0.899413377766207,0.215463808381361,1.37222729007821,HM,SE | Intercept (LM),valid,FALSE,FALSE,26.399826602026497,0.80096750978768,0.947397766924197,1.1158520138060099e-196,1.37222729007821,0.96606828817,0,NA,0,0,FALSE,valid,regenerating,NA
Oct_22_263_BL60_stem,2022-10-25,BL60,tree,stem,NA,LGR1,rebuild fit (stage 03),11:55:00,11:58:00,2022,10,wet,26.33066667,23.4,NA,NA,NA,NA,1106.6016666666667,213.35,2012.601666666667,74.343492817526,HM,SE,valid,FALSE,TRUE,152.40355872921432,62.7024055859652,0.997515063072102,1.2100298654601298e-219,74.343492817526,0.99950609524175,9.30549898724876,HM,SE,valid,FALSE,TRUE,166.61050114403687,7.95509780533066,0.997888700203088,1.4921069677236396e-225,9.30549898724876,0.999589376869588,0,NA,0,0,FALSE,valid,regenerating,NA
Oct_22_264_BL60_stem,2022-10-25,BL60,tree,stem,NA,LGR1,rebuild fit (stage 03),12:03:45,12:07:12,2022,10,wet,26.62991667,23.4,NA,NA,NA,NA,1106.6016666666667,213.35,2012.601666666667,2.40502353277048,HM,AICc,valid,FALSE,FALSE,50.64761384176556,2.36496492842796,0.994760683831372,3.0415302150528197e-246,2.40502353277048,0.994726211388483,7.49645986906464,HM,NA,valid,FALSE,FALSE,450.6042711222539,7.26946332074883,0.999868179171438,0,7.49645986906464,0.999932525056524,0,NA,0,0,FALSE,valid,regenerating,NA
Oct_22_265_BL60_stem,2022-10-25,BL60,tree,stem,NA,LGR1,rebuild fit (stage 03),12:12:30,12:15:48,2022,10,wet,26.92916667,23.4,NA,NA,NA,NA,460.99555555555554,107.68,1366.9955555555557,0.192810790963244,HM,AICc | Intercept,valid,FALSE,FALSE,2.7102941302319254,0.158894759443325,0.30895482503595,9.36402208790594e-21,0.192810790963244,0.309884132596036,6.47938006292421,HM,NA,valid,FALSE,FALSE,299.22564397835555,6.05415708736205,0.999515439464829,0,6.47938006292421,0.999829699241269,0,NA,0,0,FALSE,valid,regenerating,NA
Oct_22_266_BL60_stem,2022-10-25,BL60,tree,stem,NA,LGR1,rebuild fit (stage 03),12:23:00,12:26:16,2022,10,wet,27.112888891333338,23.1,NA,NA,NA,NA,460.99555555555554,107.68,1366.9955555555557,0.471270593308343,HM,AICc,valid,FALSE,FALSE,7.5057878772712545,0.462890199885436,0.783968655267692,2.26082238366393e-83,0.471270593308343,0.783987134608086,0.948742366583891,HM,NA,valid,FALSE,FALSE,39.76386216591097,0.707028666519117,0.983017777086144,3.58182100490626e-218,0.948742366583891,0.988926304399188,0,NA,0,0,FALSE,valid,regenerating,NA
Oct_22_267_BL60_stem,2022-10-25,BL60,tree,stem,NA,LGR1,rebuild fit (stage 03),12:33:45,12:36:45,2022,10,wet,27.24487500125,23.1,NA,NA,NA,NA,254.53666666666663,40.45,1160.5366666666664,0.298484051392644,HM,SE | AICc | Intercept,valid,TRUE,TRUE,1.179812508459411,0.298600920229921,0.114379041653593,5.99461220991085e-6,0.298484051392644,0.114332458526964,5.01628975069186,HM,SE,valid,FALSE,FALSE,39.4683621112892,3.07412222438447,0.974212674404663,5.071683510327999e-130,5.01628975069186,0.991860679446014,0,NA,0,0,FALSE,valid,regenerating,NA
Oct_22_268_BL60_stem,2022-10-25,BL60,tree,stem,NA,LGR1,rebuild fit (stage 03),12:44:00,12:48:05,2022,10,wet,27.37072222233333,23.1,NA,NA,NA,NA,254.53666666666663,40.45,1160.5366666666664,0.0790296596370558,HM,AICc | Intercept,valid,TRUE,TRUE,0.9468744566143332,0.0790640146853541,0.0401537479179943,2.0292155293121e-4,0.0790296596370558,0.0401370563843171,2.52948529698659,LM,RMSE | MAE | SE | AICc | Intercept,valid,FALSE,TRUE,2.0148176242330553,2.52948529698659,0.00964957685496237,0.044778579327127,2.52672265230638,0.00964357990788323,0,NA,0,0,FALSE,valid,regenerating,NA
Oct_22_244_BL60_stem,2022-10-25,BL60,tree,stem,NA,LGR1,rebuild fit (stage 03),12:58:00,13:01:00,2022,10,wet,27.294022223666666,23.4,NA,4,NA,NA,254.53666666666663,40.45,1160.5366666666664,0.37743732203110397,LM,SE | g-fact. > 2 | Intercept,valid,FALSE,FALSE,9.270999167041529,0.37743732203110397,0.296048096115469,2.93882001716164e-17,0.843229763812565,0.314251004840271,1.40871422491751,LM,MAE | SE | AICc,valid,FALSE,TRUE,65.24839243314024,1.40871422491751,0.954691784079386,3.08243615587937e-137,1.41687744290916,0.954530673843778,0,NA,0,0,FALSE,valid,regenerating,NA
Oct_22_245_BL60_stem,2022-10-25,BL60,tree,stem,NA,LGR1,rebuild fit (stage 03),13:08:25,13:11:25,2022,10,wet,27.22272592852778,23.4,NA,4,NA,NA,254.53666666666663,40.45,1160.5366666666664,0.182669438573993,HM,SE | AICc | Intercept,valid,TRUE,FALSE,1.025766013419753,0.182273950322263,0.0727924167472938,6.09433490664959e-5,0.182669438573993,0.0727712523497271,2.18684971658755,HM,SE,valid,FALSE,FALSE,37.45797809317109,1.96593875699981,0.989834949604207,1.7677269418546294e-201,2.18684971658755,0.990608883783316,0,NA,0,0,FALSE,valid,regenerating,NA
Oct_22_246_BL60_stem,2022-10-25,BL60,tree,stem,NA,LGR1,rebuild fit (stage 03),13:14:00,13:17:06,2022,10,wet,27.184511114333333,23.4,NA,4,NA,NA,254.53666666666663,40.45,1160.5366666666664,-0.0940158519601856,HM,SE | AICc | Intercept,valid,TRUE,FALSE,0.5223219616531626,-0.0941008858717633,0.0171065385831323,0.0413691664650066,-0.0940158519601856,0.0170979112577317,1.66149630293707,HM,SE,valid,FALSE,FALSE,20.70477828219968,1.2131309792104,0.962440096687532,2.7240144078635396e-133,1.66149630293707,0.969446202684026,0,NA,0,0,FALSE,valid,regenerating,NA
Oct_22_247_BL60_stem,2022-10-25,BL60,tree,stem,NA,LGR1,rebuild fit (stage 03),13:21:18,13:24:32,2022,10,wet,27.13734667,23.4,NA,4,NA,NA,254.53666666666663,40.45,1160.5366666666664,13.112414994465,HM,SE,valid,FALSE,FALSE,73.86952942030213,12.3052533250462,0.9971440434439,2.9256489980185e-278,13.112414994465,0.997419264457842,5.43434463893354,HM,SE,valid,FALSE,FALSE,100.15226000699091,4.49382951655422,0.995983386191055,3.43749246721882e-262,5.43434463893354,0.998505577410399,0,NA,0,0,FALSE,valid,regenerating,NA
Oct_22_248_BL60_stem,2022-10-25,BL60,tree,stem,NA,LGR1,rebuild fit (stage 03),13:35:50,13:38:54,2022,10,wet,27.044333336666668,23.5,NA,4,NA,NA,254.53666666666663,40.45,1160.5366666666664,0.500759512494391,LM,SE | g-fact. > 2 | Intercept,valid,FALSE,FALSE,11.67081341042374,0.500759512494391,0.40335533103471,2.5795091275534e-24,1.46607805793133,0.45706996673529,5.21810948561014,HM,SE,valid,FALSE,FALSE,75.71142891280458,4.06074769734381,0.993053844621387,6.172094545071977e-217,5.21810948561014,0.997532917264911,0,NA,0,0,FALSE,valid,regenerating,NA
Oct_22_249_BL60_stem,2022-10-25,BL60,tree,stem,NA,LGR1,rebuild fit (stage 03),13:44:15,13:47:40,2022,10,wet,26.99046667,23.5,NA,4,NA,NA,254.53666666666663,40.45,1160.5366666666664,0.161142110586216,HM,AICc | Intercept,valid,TRUE,TRUE,1.293466589041539,0.161187330198258,0.105600659571015,5.5965961181769e-7,0.161142110586216,0.105559699011659,3.32885729447416,LM,RMSE | MAE | SE | AICc,valid,FALSE,TRUE,158.8601333289115,3.32885729447416,0.991474328886851,1.0916518068032498e-225,3.35121542943183,0.991308377472306,0,NA,0,0,FALSE,valid,regenerating,NA
Oct_22_250_BL60_stem,2022-10-25,BL60,tree,stem,NA,LGR1,rebuild fit (stage 03),13:52:30,13:55:30,2022,10,wet,27.07866667,23.5,NA,4,NA,NA,254.53666666666663,40.45,1160.5366666666664,7.80332611416543,LM,SE | g-fact. > 2 | Intercept,valid,FALSE,FALSE,30.32200512109939,7.80332611416543,0.8153448495331,4.35351408539986e-78,31.4576595876071,0.970024040599623,3.55522787332192,LM,SE | g-fact. > 2 | Intercept (LM),valid,FALSE,FALSE,63.87062650387683,3.55522787332192,0.951475077363676,3.42618486491136e-138,7.70955257656691,0.996759248193228,0,NA,0,0,FALSE,valid,regenerating,NA
Oct_22_235_BL60_stem,2022-10-25,BL60,tree,stem,NA,LGR3,rebuild fit (stage 03),11:02:30,11:05:30,2022,10,wet,25.080555554999997,NA,NA,14,NA,NA,254.53666666666663,40.45,1160.5366666666664,0.472482707068365,LM,SE | g-fact. > 2 | Intercept (LM),valid,FALSE,TRUE,6.063920528563559,0.472482707068365,0.214492346043616,1.34881107132547e-8,1.22086110914148,0.246206210630543,-12.6912993877524,HM,SE,valid,FALSE,TRUE,90.32552650324288,-12.0366462362455,0.99884719983487,4.3860505809848e-193,-12.6912993877524,0.998964679921916,0,NA,0,0,FALSE,valid,regenerating,NA
Oct_22_236_BL60_stem,2022-10-25,BL60,tree,stem,NA,LGR3,rebuild fit (stage 03),11:24:10,11:27:10,2022,10,wet,25.57176851722222,23.9,NA,NA,NA,NA,460.99555555555554,107.68,1366.9955555555557,0.241034835469209,HM,NA,valid,FALSE,FALSE,8.756523381968465,0.182739390772562,0.72544037788543,2.0187695738896e-113,0.241034835469209,0.729487364176524,1.82878227393721,HM,NA,valid,FALSE,TRUE,199.2718211341844,1.7040047481317,0.999012178059997,0,1.82878227393721,0.999351823435817,0,NA,0,0,FALSE,valid,regenerating,NA
Oct_22_237_BL60_stem,2022-10-25,BL60,tree,stem,NA,LGR3,rebuild fit (stage 03),11:40:15,11:43:15,2022,10,wet,25.893613891166662,23.9,NA,NA,NA,NA,460.99555555555554,107.68,1366.9955555555557,0.161008162239685,HM,AICc | Intercept,valid,FALSE,FALSE,2.7449293481281782,0.15959448354582,0.388156481049264,8.0861341693809185e-22,0.161008162239685,0.388107069286118,2.86948556680923,HM,SE,valid,FALSE,FALSE,36.721201294229026,2.38718264032453,0.988145284669086,2.6574030820284e-181,2.86948556680923,0.990562156136975,0,NA,0,0,FALSE,valid,regenerating,NA
Oct_22_238_BL60_stem,2022-10-25,BL60,tree,stem,NA,LGR3,rebuild fit (stage 03),11:47:30,11:50:30,2022,10,wet,26.07416667,23.9,NA,NA,NA,NA,460.99555555555554,107.68,1366.9955555555557,0.257080560068015,HM,Intercept (HM),valid,FALSE,FALSE,2.56945468591555,0.138370996277705,0.294391136181259,1.8282534586855706e-15,0.257080560068015,0.303624186258245,1.36903386534627,HM,NA,valid,FALSE,FALSE,40.95164848328952,1.08998107678523,0.988798543155938,9.35057041465194e-177,1.36903386534627,0.992523476109794,0,NA,0,0,FALSE,valid,regenerating,NA
Oct_22_239_BL60_stem,2022-10-25,BL60,tree,stem,NA,LGR3,rebuild fit (stage 03),11:59:00,12:02:00,2022,10,wet,26.46746667,24.3,NA,4,NA,NA,460.99555555555554,107.68,1366.9955555555557,3.91092119916802,HM,NA,valid,FALSE,FALSE,39.00615850757705,2.39930660249182,0.972498882162019,7.69438661876207e-142,3.91092119916802,0.990764594076766,11.4784339514847,HM,NA,valid,FALSE,FALSE,290.6828809026145,9.39728914155002,0.99705668598861,1.0468128312685598e-228,11.4784339514847,0.999852474375464,0,NA,0,0,FALSE,valid,regenerating,NA
Oct_22_240_BL60_stem,2022-10-25,BL60,tree,stem,NA,LGR3,rebuild fit (stage 03),12:06:43,12:09:43,2022,10,wet,26.73137667,24.3,NA,4,NA,NA,460.99555555555554,107.68,1366.9955555555557,-0.0297801261135716,HM,AICc | p-value | Intercept,valid,TRUE,FALSE,0.443565308301838,-0.0297616347738194,0.011790761092042,0.0848802586528264,-0.0297801261135716,0.0117886502213618,8.58765570298073,HM,NA,valid,FALSE,FALSE,269.44776449498653,7.53342381854042,0.998654803192896,6.71948128684057e-242,8.58765570298073,0.999844938192007,0,NA,0,0,FALSE,valid,regenerating,NA
Oct_22_241_BL60_stem,2022-10-25,BL60,tree,stem,NA,LGR3,rebuild fit (stage 03),12:20:50,12:23:50,2022,10,wet,27.086287039722222,24.3,NA,4,NA,NA,460.99555555555554,107.68,1366.9955555555557,-0.307085277141203,HM,AICc | Intercept,valid,FALSE,FALSE,2.9114129479748563,-0.30628920983591,0.47916830627598,1.65844732723469e-22,-0.307085277141203,0.479051119285511,2.54764364710304,HM,SE,valid,FALSE,FALSE,52.97083430743161,1.95617673800571,0.99120552124451,3.640968067890519e-151,2.54764364710304,0.996295349233585,0,NA,0,0,FALSE,valid,regenerating,NA
Oct_22_243_BL60_CWD,2022-10-25,BL60,tree,cwd,NA,LGR3,rebuild fit (stage 03),12:51:00,12:54:00,2022,10,wet,27.341933334,NA,NA,4,NA,NA,460.99555555555554,107.68,1366.9955555555557,0.173305320039014,HM,AICc | Intercept,valid,FALSE,FALSE,2.2860274547843664,0.151518575224767,0.31861613038204,1.73910372401427e-15,0.173305320039014,0.319035227979488,5.95370717872306,HM,NA,valid,FALSE,FALSE,231.31530910298216,5.7649388256616,0.999733667564335,1.78161581233997e-293,5.95370717872306,0.999804360631189,0,NA,0,0,FALSE,valid,regenerating,NA
Oct_22_251_BL60_stem,2022-10-25,BL60,tree,stem,NA,LGR3,rebuild fit (stage 03),13:38:15,13:41:15,2022,10,wet,27.02886667,24.5,NA,4,NA,NA,460.99555555555554,107.68,1366.9955555555557,14.5109619959787,LM,MAE | SE | AICc | Intercept,valid,FALSE,TRUE,8.447201022985288,14.5109619959787,0.290297876893782,1.24448463641561e-14,14.4994533704143,0.290179377555428,3.20759867503332,LM,MAE | SE | AICc | Intercept,valid,FALSE,TRUE,2.3345280565549396,3.20759867503332,0.0252197241773272,0.0207299964355066,3.20376038257746,0.0252058703006851,0,NA,0,0,FALSE,valid,regenerating,NA
Oct_22_252_BL60_stem,2022-10-25,BL60,tree,stem,NA,LGR3,rebuild fit (stage 03),13:49:30,13:52:30,2022,10,wet,27.04146667,24.5,NA,4,NA,NA,254.53666666666663,40.45,1160.5366666666664,0.448712264714404,HM,SE | AICc | Intercept,valid,FALSE,TRUE,1.0867842906699603,0.449096119101613,0.144192427009671,2.99762825041295e-5,0.448712264714404,0.144134865347712,5.337299265565,HM,SE,valid,FALSE,FALSE,30.840734643187513,4.44385210525429,0.990073288843048,3.19834252691602e-108,5.337299265565,0.992303151004421,0,NA,0,0,FALSE,valid,regenerating,NA
Oct_22_253_BL60_CWD,2022-10-25,BL60,tree,cwd,NA,LGR3,rebuild fit (stage 03),14:15:45,14:18:45,2022,10,wet,27.3500583365,24.5,NA,4,NA,NA,460.99555555555554,107.68,1366.9955555555557,0.231240353236809,HM,Intercept,valid,FALSE,FALSE,3.721583496824985,0.144055532859551,0.403387828606346,2.5983679433597497e-30,0.231240353236809,0.41069638808078,9.2522744487077,HM,NA,valid,FALSE,FALSE,533.878091461144,8.84314289174926,0.999803723250334,0,9.2522744487077,0.999943069839735,0,NA,0,0,FALSE,valid,regenerating,NA
Oct_22_254_BL60_stem,2022-10-25,BL60,tree,stem,NA,LGR3,rebuild fit (stage 03),14:29:50,14:32:50,2022,10,wet,27.20719074077778,24.3,NA,4,NA,NA,254.53666666666663,40.45,1160.5366666666664,107.79499191323,LM,RMSE | MAE | SE | AICc,valid,FALSE,TRUE,1811.4497130566303,107.79499191323,0.999925950576988,0,109.271202282706,0.999880945508844,15.6787210266746,HM,SE,valid,FALSE,FALSE,420.9214634807641,15.1050426634384,0.999817643682623,0,15.6787210266746,0.999912362527164,0,NA,0,0,FALSE,valid,regenerating,NA
Oct_22_255_BL60_stem,2022-10-25,BL60,tree,stem,NA,LGR3,rebuild fit (stage 03),14:36:50,14:39:50,2022,10,wet,27.136179628111112,24.3,NA,4,NA,NA,254.53666666666663,40.45,1160.5366666666664,37.9321273184134,LM,RMSE | MAE | SE | AICc,valid,FALSE,TRUE,734.1328953378311,37.9321273184134,0.999695797246511,9.04809495266822e-289,38.3892603605194,0.999626511481042,17.5818227016448,HM,SE,valid,FALSE,FALSE,303.7205342751277,16.9886725859752,0.999805945908782,1.10776122927385e-293,17.5818227016448,0.999886387479473,0,NA,0,0,FALSE,valid,regenerating,NA
Oct_22_228_BL60_stem,2022-10-25,BL60,tree,stem,NA,LGR3,rebuild fit (stage 03),14:48:00,14:51:00,2022,10,wet,27.028299997,24.2,NA,4,NA,NA,2232.644,462.19,3138.644,115.24845953614,LM,RMSE | MAE | SE | AICc,valid,FALSE,TRUE,1248.7892947372766,115.24845953614,0.999913439815222,2.6398090791502494e-274,116.886439784437,0.999875620422743,10.5671176414365,LM,RMSE | MAE | AICc,valid,FALSE,FALSE,1592.7308675334891,10.5671176414365,0.999946785977243,1.8407542806374094e-288,10.7350097443215,0.999939121181665,0,NA,0,0,FALSE,valid,regenerating,NA
Oct_22_229_BL60_stem,2022-10-25,BL60,tree,stem,NA,LGR3,rebuild fit (stage 03),14:56:00,14:59:00,2022,10,wet,26.961544442333334,24.2,NA,4,NA,NA,254.53666666666663,40.45,1160.5366666666664,0.634355817323585,LM,SE | g-fact. > 2 | Intercept,valid,FALSE,FALSE,11.754011659135054,0.634355817323585,0.443648008245552,9.27974995251367e-24,1.80769740016439,0.473019681341172,11.8206940511931,HM,SE,valid,FALSE,FALSE,184.5825856809107,11.2170076552963,0.99948649535901,2.08903542204245e-283,11.8206940511931,0.99967464254684,0,NA,0,0,FALSE,valid,regenerating,NA
Oct_22_230_BL60_stem,2022-10-25,BL60,tree,stem,NA,LGR3,rebuild fit (stage 03),15:01:30,15:04:30,2022,10,wet,26.9156499985,24.2,NA,4,NA,NA,254.53666666666663,40.45,1160.5366666666664,0.545099772610906,HM,SE | AICc,valid,FALSE,FALSE,3.0194220400567646,0.543507110207475,0.49671918062878,1.35798849608588e-23,0.545099772610906,0.496595803634162,10.972938284787,HM,SE,valid,FALSE,FALSE,149.44034535851276,10.7207232862869,0.99955714713104,2.8708510552194596e-245,10.972938284787,0.999584552286299,0,NA,0,0,FALSE,valid,regenerating,NA
Oct_22_231_BL60_stem,2022-10-25,BL60,tree,stem,NA,LGR3,rebuild fit (stage 03),15:13:00,15:15:30,2022,10,wet,26.81968888866667,24.5,NA,4,NA,NA,254.53666666666663,40.45,1160.5366666666664,720.012542304042,HM,SE,valid,FALSE,TRUE,5.142220908160955,368.420599375055,0.708975216302863,5.1596788047694805e-32,720.012542304042,0.732609138065529,35.3278860760923,LM,RMSE | MAE | SE | AICc,valid,FALSE,TRUE,548.0131000031578,35.3278860760923,0.999623872871959,7.56830244026141e-194,35.7127247345332,0.99954335053342,0,NA,0,0,FALSE,valid,regenerating,NA
Oct_22_232_BL60_stem,2022-10-25,BL60,tree,stem,NA,LGR3,rebuild fit (stage 03),15:23:45,15:26:45,2022,10,wet,26.757305554583333,24.5,NA,4,NA,NA,254.53666666666663,40.45,1160.5366666666664,0.847544842610277,HM,SE | Intercept (LM),valid,FALSE,FALSE,3.051031975419137,0.449156613084738,0.406349640913137,3.7301398802794695e-19,0.847544842610277,0.418659977068502,13.3041884723094,HM,SE,valid,FALSE,FALSE,222.8321949042332,12.7066520960656,0.999656817828748,1.96706874445468e-265,13.3041884723094,0.999801873230856,0,NA,0,0,FALSE,valid,regenerating,NA
Oct_22_233_BL60_stem,2022-10-25,BL60,tree,stem,NA,LGR3,rebuild fit (stage 03),15:32:10,15:35:10,2022,10,wet,26.713351849944445,24.5,NA,4,NA,NA,254.53666666666663,40.45,1160.5366666666664,0.641048288112405,HM,SE | AICc | Intercept (HM),valid,FALSE,FALSE,2.9450866938563647,0.456690860996604,0.433062035292205,2.58701707941095e-20,0.641048288112405,0.436719858317055,9.35798466583256,HM,SE | AICc,valid,FALSE,FALSE,151.53368427952682,9.21257308660156,0.999582976305856,6.31334748094339e-254,9.35798466583256,0.999586563077753,0,NA,0,0,FALSE,valid,regenerating,NA
Oct_22_269_Long Pine Key_stem,2022-10-26,Long Pine Key,tree,stem,NA,LGR2,rebuild fit (stage 03),13:46:00,13:49:00,2022,10,wet,27.03444444133333,25.1,NA,NA,NA,NA,1106.6016666666667,213.35,2012.601666666667,0.168605555228828,HM,AICc,valid,FALSE,FALSE,5.417616492125477,0.16762712749762,0.721335009122097,9.178902132570132e-52,0.168605555228828,0.72121129330474,2.63684874322334,HM,NA,valid,FALSE,FALSE,117.94393551067772,2.14134061484471,0.995996927644227,9.406618004008918e-217,2.63684874322334,0.999101198135195,0,NA,0,0,FALSE,valid,NA,NA
Oct_22_270_Long Pine Key_stem,2022-10-26,Long Pine Key,tree,stem,NA,LGR2,rebuild fit (stage 03),13:52:00,13:55:00,2022,10,wet,27.053111109333333,25.1,NA,NA,NA,NA,1106.6016666666667,213.35,2012.601666666667,0.355044167413565,HM,Intercept,valid,FALSE,FALSE,7.107432972583068,0.211891917426207,0.761673867360111,7.46834356728211e-58,0.355044167413565,0.778664280270583,2.35379645866802,HM,NA,valid,FALSE,FALSE,202.4628288382215,2.29980337984702,0.999695627463094,6.6560731315304e-294,2.35379645866802,0.999721192568805,0,NA,0,0,FALSE,valid,NA,NA
Oct_22_271_Long Pine Key_stem,2022-10-26,Long Pine Key,tree,stem,NA,LGR2,rebuild fit (stage 03),14:01:00,14:04:00,2022,10,wet,27.081111111333332,25.1,NA,NA,NA,NA,1106.6016666666667,213.35,2012.601666666667,0.024623765250532,HM,AICc | Intercept,valid,TRUE,TRUE,0.7131371526601411,0.0246460125665532,0.0364361933763201,0.00577294490434112,0.024623765250532,0.0364199772813033,2.12521617271388,HM,NA,valid,FALSE,FALSE,129.51332208168668,1.677534950847,0.99527465452381,2.637422301687789e-210,2.12521617271388,0.99924447023176,0,NA,0,0,FALSE,valid,NA,NA
Oct_22_272_Mahogany Hammock_stem,2022-10-26,Mahogany Hammock,tree,stem,NA,LGR2,rebuild fit (stage 03),15:18:00,15:21:00,2022,10,wet,27.038366667,24.4,NA,NA,NA,NA,2232.644,462.19,3138.644,101.246579465313,HM,SE,valid,FALSE,TRUE,623.2376496432134,96.6059317080829,0.999819536995651,0,101.246579465313,0.999970207124978,6.36567304364512,HM,NA,valid,FALSE,TRUE,421.66642318779094,6.06751852334766,0.999777482808055,0,6.36567304364512,0.999934882522304,0,NA,0,0,FALSE,valid,NA,NA
Oct_22_273_Mahogany Hammock_stem,2022-10-26,Mahogany Hammock,tree,stem,NA,LGR2,rebuild fit (stage 03),15:23:30,15:26:30,2022,10,wet,26.996872223166665,24.4,NA,NA,NA,NA,2232.644,462.19,3138.644,2.62598103207947,HM,NA,valid,FALSE,FALSE,43.878397950217725,2.32124002094804,0.992740233210902,1.2956834810535e-193,2.62598103207947,0.993797803769576,6.28866863096401,LM,RMSE | MAE | AICc,valid,FALSE,TRUE,972.0208840450164,6.28866863096401,0.999809524501185,0,6.36734980699475,0.999746010089153,0,NA,0,0,FALSE,valid,NA,NA
Oct_22_274_Mahogany Hammock_stem,2022-10-26,Mahogany Hammock,tree,stem,NA,LGR2,rebuild fit (stage 03),15:31:00,15:34:00,2022,10,wet,26.940288890666668,24.4,NA,NA,NA,NA,2232.644,462.19,3138.644,0.326239010364694,HM,AICc | Intercept,valid,FALSE,TRUE,9.376148114708933,0.324916218006969,0.886095898461384,1.39455507438862e-86,0.326239010364694,0.885893899586767,6.08694846506953,HM,NA,valid,FALSE,TRUE,269.8879044658558,5.63819842344821,0.999435576682695,6.71625807630919e-293,6.08694846506953,0.999838804391908,0,NA,0,0,FALSE,valid,NA,NA
Oct_22_275_Cypress Boardwalk_stem,2022-10-26,Cypress Boardwalk,tree,stem,NA,LGR2,rebuild fit (stage 03),17:31:30,17:34:30,2022,10,wet,26.2767,NA,NA,34,NA,NA,254.53666666666663,40.45,1160.5366666666664,1185.0183104806,HM,NA,valid,FALSE,TRUE,1177.241227529877,975.684683546588,0.99734183230718,1.14565817172975e-232,1185.0183104806,0.999991028731951,17.2798332328982,HM,NA,valid,FALSE,FALSE,318.02963100894965,13.815280653463,0.996369388852908,1.5042749328723393e-220,17.2798332328982,0.999875367073352,0,NA,0,0,FALSE,valid,NA,NA
Oct_22_276_Cypress Boardwalk_stem,2022-10-26,Cypress Boardwalk,tree,stem,NA,LGR2,rebuild fit (stage 03),17:40:00,17:43:00,2022,10,wet,26.212666666666667,NA,NA,34,NA,NA,460.99555555555554,107.68,1366.9955555555557,229.093748446383,HM,NA,valid,FALSE,TRUE,1250.9602191453698,201.615227852621,0.998859577788804,1.46549705225488e-265,229.093748446383,0.999992305749945,6.62479429284569,HM,SE,valid,FALSE,FALSE,126.3558722221378,5.74808516236315,0.997798455096878,5.406923814442038e-240,6.62479429284569,0.999241213679093,0,NA,0,0,FALSE,valid,NA,NA
Oct_22_277_Cypress Boardwalk_stem,2022-10-26,Cypress Boardwalk,tree,stem,NA,LGR2,rebuild fit (stage 03),17:50:30,17:53:30,2022,10,wet,26.090544443833338,NA,NA,34,NA,NA,254.53666666666663,40.45,1160.5366666666664,52.8191747063297,HM,NA,valid,FALSE,FALSE,458.3929350327527,42.218905171591,0.99639398082971,8.187367812935768e-221,52.8191747063297,0.999939990657322,7.43935897368043,HM,SE,valid,FALSE,FALSE,49.93693279284495,5.74700472096613,0.98990905323722,8.174029169073888e-181,7.43935897368043,0.99488848069558,0,NA,0,0,FALSE,valid,NA,NA
Mar_23_291_SRS6_stem,2023-03-10,SRS6,tree,stem,NA,LGR2,rebuild fit (stage 03),14:19:49,14:22:49,2023,3,dry,26.184510738477776,25,NA,11,NA,NA,1106.6016666666667,213.35,2012.601666666667,0.323174543496799,HM,Intercept,valid,FALSE,FALSE,8.673034487773448,0.25248317854006,0.851106539073588,3.67378339604574e-76,0.323174543496799,0.855010915831182,1.87182339448049,HM,NA,valid,FALSE,FALSE,158.35047232760695,1.83491350341695,0.999523258525618,1.8398761852806e-294,1.87182339448049,0.999545241448637,0,NA,0,0,FALSE,valid,healthy,NA
Mar_23_292_SRS6_stem,2023-03-10,SRS6,tree,stem,NA,LGR2,rebuild fit (stage 03),14:30:39,14:33:39,2023,3,dry,26.187158889033338,25,NA,11,NA,NA,1106.6016666666667,213.35,2012.601666666667,0.779275331013547,HM,NA,valid,FALSE,FALSE,17.064799490637064,0.534316862942539,0.945523744238891,2.88981415176395e-115,0.779275331013547,0.955620433080005,2.83359909382251,HM,NA,valid,FALSE,FALSE,248.7104052072448,2.67888610226708,0.999596160254568,6.51870217493053e-293,2.83359909382251,0.999812112077892,0,NA,0,0,FALSE,valid,healthy,NA
Mar_23_293_SRS6_stem,2023-03-10,SRS6,tree,stem,NA,LGR2,rebuild fit (stage 03),14:44:26,14:47:32,2023,3,dry,26.19052815135555,25,NA,11,NA,NA,1106.6016666666667,213.35,2012.601666666667,0.192961961883837,HM,Intercept (HM),valid,FALSE,FALSE,4.704268705877872,0.130536627168383,0.603887525858856,2.86205716246447e-39,0.192961961883837,0.610795313289895,2.10723035082129,HM,NA,valid,FALSE,TRUE,163.93087748260336,1.86151735740944,0.998474080680627,1.06709113408154e-262,2.10723035082129,0.999538073455165,0,NA,0,0,FALSE,valid,healthy,NA
Mar_23_294_SRS6_root,2023-03-10,SRS6,tree,root,NA,LGR2,rebuild fit (stage 03),14:57:59,15:00:57,2023,3,dry,26.17335555888889,25,NA,11,NA,NA,460.99555555555554,107.68,1366.9955555555557,0.76523033832322,HM,AICc,valid,FALSE,FALSE,14.569377071850486,0.757916708428491,0.950122417752382,9.741534675445087e-117,0.76523033832322,0.950015090991173,3.43963389161119,HM,NA,valid,FALSE,FALSE,184.28900056273605,3.07139273136502,0.998770423753937,2.88920067541972e-258,3.43963389161119,0.999653940704643,0,NA,0,0,FALSE,valid,healthy,NA
Mar_23_295_SRS6_stem,2023-03-10,SRS6,tree,stem,NA,LGR2,rebuild fit (stage 03),15:20:00,15:23:00,2023,3,dry,26.158444446666667,26.4,NA,32,NA,NA,2232.644,462.19,3138.644,0.103120115654517,HM,AICc | Intercept,valid,FALSE,FALSE,4.471986331143612,0.102580049851795,0.637981967520509,1.44640563068211e-41,0.103120115654517,0.637855502417249,1.15372771318533,HM,NA,valid,FALSE,FALSE,79.91326064767433,1.05067975748092,0.99756117184633,5.14757749925866e-236,1.15372771318533,0.99814923594714,0,NA,0,0,FALSE,valid,healthy,NA
Mar_23_296_SRS6_stem,2023-03-10,SRS6,tree,stem,NA,LGR2,rebuild fit (stage 03),15:36:20,15:39:20,2023,3,dry,26.183851850444444,26.4,NA,32,NA,NA,2232.644,462.19,3138.644,0.0550061132659889,HM,AICc,valid,FALSE,FALSE,2.452939514994062,0.0547699636352491,0.344779678817271,2.2366762704687e-18,0.0550061132659889,0.344702481455375,1.25038014525484,HM,NA,valid,FALSE,FALSE,132.94257321053001,1.20837152034508,0.99926969908373,6.94920700315012e-283,1.25038014525484,0.99934965549412,0,NA,0,0,FALSE,valid,healthy,NA
Mar_23_297_SRS6_stem,2023-03-10,SRS6,tree,stem,NA,LGR2,rebuild fit (stage 03),15:48:40,15:51:40,2023,3,dry,26.176351849333333,26.4,NA,32,NA,NA,2232.644,462.19,3138.644,0.065454635871702,HM,AICc | Intercept,valid,FALSE,FALSE,2.8730869588818235,0.0652595444745197,0.420212029102418,3.583905212298829e-23,0.065454635871702,0.420104797220048,2.81026962241485,HM,SE | Intercept,valid,FALSE,FALSE,21.561073672220367,1.80218231986658,0.958422658244172,9.01791519866314e-126,2.81026962241485,0.970913323283083,0,NA,0,0,FALSE,valid,healthy,NA
Mar_23_289_SRS6_stem,2023-03-10,SRS6,tree,stem,NA,LGR2,rebuild fit (stage 03),16:08:28,16:11:28,2023,3,dry,26.063051853733334,26.3,NA,36,NA,NA,2232.644,462.19,3138.644,0.46813582417494,HM,AICc,valid,FALSE,TRUE,11.87120246690991,0.467270219029755,0.925987728918517,2.38483603930252e-103,0.46813582417494,0.925723517961574,1.61199490122538,LM,SE | g-fact. > 2 | Intercept (LM),valid,FALSE,TRUE,38.31434190925254,1.61199490122538,0.890709620611486,3.43667908234097e-88,4.62991159573578,0.965264126843508,0,NA,0,0,FALSE,valid,healthy,NA
Mar_23_290_SRS6_stem,2023-03-10,SRS6,tree,stem,NA,LGR2,rebuild fit (stage 03),16:21:10,16:24:10,2023,3,dry,25.971674076722223,26.3,NA,36,NA,NA,2232.644,462.19,3138.644,0.149674272588404,HM,AICc | Intercept,valid,FALSE,FALSE,6.282444797153629,0.148488546576702,0.776586891202625,2.2775288618484398e-60,0.149674272588404,0.776484003004921,2.37660898708321,HM,NA,valid,FALSE,FALSE,127.961100235305,2.2907049365542,0.999204876722918,1.40416702984634e-279,2.37660898708321,0.999297335159451,0,NA,0,0,FALSE,valid,healthy,NA
Mar_23_276_SRS6_stem,2023-03-10,SRS6,tree,stem,NA,LGR3,rebuild fit (stage 03),14:20:00,14:23:00,2023,3,dry,26.184555553333333,25.8,NA,15,NA,NA,1106.6016666666667,213.35,2012.601666666667,0.807959479119709,HM,AICc | Intercept,valid,FALSE,TRUE,7.741450178786168,0.807498139948861,0.790206868275526,5.49896009743345e-88,0.807959479119709,0.789948346659757,0.276734599429611,HM,NA,valid,FALSE,FALSE,21.590808480685503,0.23397614632995,0.962311513738296,2.4092039960277492e-182,0.276734599429611,0.964219887821525,0,NA,0,0,FALSE,valid,healthy,NA
Mar_23_277_SRS6_stem,2023-03-10,SRS6,tree,stem,NA,LGR3,rebuild fit (stage 03),14:39:30,14:42:30,2023,3,dry,26.18932222433333,25.8,NA,15,NA,NA,1106.6016666666667,213.35,2012.601666666667,0.183880780635799,HM,AICc,valid,FALSE,FALSE,3.2824847065663896,0.166163069788661,0.452505447745759,1.58510161214116e-27,0.183880780635799,0.452843660520566,0.309313582179379,HM,AICc,valid,FALSE,TRUE,16.42137034751764,0.308263991187682,0.956547126692054,5.70261749741036e-135,0.309313582179379,0.956327138652534,0,NA,0,0,FALSE,valid,healthy,NA
Mar_23_278_SRS6_stem,2023-03-10,SRS6,tree,stem,NA,LGR3,rebuild fit (stage 03),14:46:00,14:49:00,2023,3,dry,26.189333336666664,25.8,NA,15,NA,NA,1106.6016666666667,213.35,2012.601666666667,0.704494240810663,HM,NA,valid,FALSE,FALSE,15.274140522255545,0.604280757898096,0.941017588627578,1.1973740101331499e-130,0.704494240810663,0.942563050964067,0.393595880591504,HM,RMSE | AICc,valid,FALSE,TRUE,27.68178466050361,0.39002562594871,0.983165532164215,1.4661838150702e-187,0.393595880591504,0.983034303679224,0,NA,0,0,FALSE,valid,healthy,NA
Mar_23_279_SRS6_root,2023-03-10,SRS6,tree,root,NA,LGR3,rebuild fit (stage 03),15:00:00,15:03:00,2023,3,dry,26.17066667,25.8,NA,15,NA,NA,460.99555555555554,107.68,1366.9955555555557,0.00273561012004677,HM,AICc | p-value | MDF | Intercept,valid,TRUE,TRUE,0.04171157953544718,0.00234700962209327,-0.00465669026762749,0.88224900548465,0.00273561012004677,-0.00463325157148398,0.00915260978982366,HM,AICc,valid,TRUE,TRUE,0.5160749263437947,0.00914924727630005,0.0156213334266843,0.0382519983165731,0.00915260978982366,0.0156202210891216,0,NA,0,0,FALSE,valid,healthy,NA
Mar_23_280_SRS6_stem,2023-03-10,SRS6,tree,stem,NA,LGR3,rebuild fit (stage 03),15:16:15,15:19:15,2023,3,dry,26.152611114166668,26.4,NA,22,NA,NA,1106.6016666666667,213.35,2012.601666666667,0.425644346193089,HM,NA,valid,FALSE,FALSE,7.180372687089085,0.212856142202854,0.69499473787169,6.23209005401202e-61,0.425644346193089,0.725118334405211,0.754669680440962,HM,NA,valid,FALSE,FALSE,67.36203617258279,0.730130500376819,0.996717807113232,2.23478620299987e-285,0.754669680440962,0.996791337086275,0,NA,0,0,FALSE,valid,healthy,NA
Mar_23_281_SRS6_stem,2023-03-10,SRS6,tree,stem,NA,LGR3,rebuild fit (stage 03),15:25:00,15:28:00,2023,3,dry,26.16622222333333,26.4,NA,22,NA,NA,1106.6016666666667,213.35,2012.601666666667,0.293240773951092,HM,Intercept,valid,FALSE,FALSE,3.435882502040329,0.163964820617555,0.435791901914013,1.30436024146071e-23,0.293240773951092,0.450457744001161,0.641174823419705,HM,NA,valid,FALSE,FALSE,30.26086769762026,0.592006711032428,0.987231540719664,6.328600373148998e-167,0.641174823419705,0.987664986328405,0,NA,0,0,FALSE,valid,healthy,NA
Mar_23_282_SRS6_stem,2023-03-10,SRS6,tree,stem,NA,LGR3,rebuild fit (stage 03),15:32:00,15:35:00,2023,3,dry,26.177111110666665,26.4,NA,22,NA,NA,1106.6016666666667,213.35,2012.601666666667,0.124007728797934,HM,AICc | Intercept,valid,FALSE,FALSE,3.546749264880614,0.122350605493339,0.451391502353818,2.37511916314496e-33,0.124007728797934,0.451377709451988,0.696591114717748,HM,NA,valid,FALSE,FALSE,58.48936123853202,0.618889509415752,0.994357773714666,4.67691353037131e-272,0.696591114717748,0.995336697029764,0,NA,0,0,FALSE,valid,healthy,NA
Mar_23_283_SRS6_root,2023-03-10,SRS6,tree,root,NA,LGR3,rebuild fit (stage 03),15:44:00,15:47:00,2023,3,dry,26.195777774666663,26.4,NA,22,NA,NA,460.99555555555554,107.68,1366.9955555555557,0.621879467786575,HM,AICc,valid,FALSE,FALSE,12.389193526271756,0.588697300941531,0.907498758883181,8.61724421326283e-127,0.621879467786575,0.907700894585717,0.765639294104698,HM,NA,valid,FALSE,FALSE,46.052282667435634,0.734067816286393,0.992621816637551,3.83070992220537e-259,0.765639294104698,0.992742821957472,0,NA,0,0,FALSE,valid,healthy,NA
Mar_23_284_SRS6_stem,2023-03-10,SRS6,tree,stem,NA,LGR3,rebuild fit (stage 03),16:02:00,16:05:00,2023,3,dry,26.100055556,26.3,NA,30,NA,NA,460.99555555555554,107.68,1366.9955555555557,1.29574584091664,HM,NA,valid,FALSE,FALSE,13.895607676134178,0.978465890799609,0.937101269478724,4.806756112643429e-100,1.29574584091664,0.942374173288752,0.0810493383645726,HM,AICc | Intercept,valid,FALSE,FALSE,2.7596693803929457,0.066797688004075,0.398823249673763,5.7699542073701e-20,0.0810493383645726,0.399785836511145,0,NA,0,0,FALSE,valid,healthy,NA
Mar_23_285_SRS6_stem,2023-03-10,SRS6,tree,stem,NA,LGR3,rebuild fit (stage 03),16:09:30,16:12:30,2023,3,dry,26.057138891,26.3,NA,30,NA,NA,460.99555555555554,107.68,1366.9955555555557,0.0563519840703858,HM,AICc | Intercept,valid,TRUE,FALSE,0.7483269792750613,0.0475077039322554,0.0377207172723665,0.00474694434791681,0.0563519840703858,0.0378788677828896,0.181745393814453,HM,NA,valid,FALSE,FALSE,5.851095392174241,0.104744642794482,0.682351855158142,2.0569852783496902e-47,0.181745393814453,0.697723025780192,0,NA,0,0,FALSE,valid,healthy,NA
Mar_23_286_SRS6_stem,2023-03-10,SRS6,tree,stem,NA,LGR3,rebuild fit (stage 03),16:19:00,16:21:00,2023,3,dry,25.990644447333334,26.3,NA,30,NA,NA,460.99555555555554,107.68,1366.9955555555557,-0.544719783329572,HM,Intercept,valid,FALSE,FALSE,5.169359211485545,-0.365552568842529,0.685176545917975,1.0529127323777e-40,-0.544719783329572,0.693736372014645,0.505140283603897,HM,MAE | AICc,valid,FALSE,FALSE,20.43307987382289,0.49796379861652,0.977098275578357,2.0221477174206696e-128,0.505140283603897,0.977052402478174,0,NA,0,0,FALSE,valid,healthy,NA
Mar_23_287_SRS6_root,2023-03-10,SRS6,tree,root,NA,LGR3,rebuild fit (stage 03),16:27:00,16:30:00,2023,3,dry,25.920600002,26.3,NA,30,NA,NA,460.99555555555554,107.68,1366.9955555555557,2.82494320036305,HM,NA,valid,FALSE,FALSE,26.359830898744427,2.38478313555779,0.984640162864521,2.4389329520337294e-126,2.82494320036305,0.986603257560894,0.397746621533637,HM,AICc,valid,FALSE,FALSE,12.04627949729036,0.394739841214757,0.943541926124544,1.3243525103296593e-87,0.397746621533637,0.943399403323088,0,NA,0,0,FALSE,valid,healthy,NA
Mar_23_288_SRS6_root,2023-03-10,SRS6,tree,root,NA,LGR3,rebuild fit (stage 03),16:33:30,16:36:30,2023,3,dry,25.863688890166667,26.3,NA,30,NA,NA,254.53666666666663,40.45,1160.5366666666664,-0.0885893865772732,HM,SE | AICc | p-value | Intercept,valid,TRUE,TRUE,0.35877200258865255,-0.0886686451188628,0.00692749828820716,0.15537713997133001,-0.0885893865772732,0.0069223430401314,0.0372996279806281,HM,SE | AICc | p-value,valid,TRUE,TRUE,0.46110925537855146,0.0372882433485291,0.0158479556959269,0.0672211469767255,0.0372996279806281,0.0158431322840588,0,NA,0,0,FALSE,valid,healthy,NA
Mar_23_243_SRS6_CWD,2023-03-11,SRS6,tree,cwd,NA,LGR2,rebuild fit (stage 03),14:07:00,14:10:00,2023,3,dry,26.849733336666667,25.9,NA,28,NA,NA,1106.6016666666667,213.35,2012.601666666667,-0.0161252240231555,HM,AICc | Intercept,valid,TRUE,TRUE,5.9998646855574,-0.0161274310932733,0.0643906744876469,3.45447137617626e-9,-0.0161252240231555,0.0643460782347813,2.43712907772005,HM,Intercept (LM),valid,FALSE,FALSE,301.11658917213816,1.35784167587711,0.97389614510157,0,2.43712907772005,0.999540597446081,0,NA,0,0,FALSE,valid,healthy,NA
Mar_23_247_SRS6_CWD,2023-03-11,SRS6,tree,cwd,NA,LGR2,rebuild fit (stage 03),14:21:00,14:23:00,2023,3,dry,26.799000002,25.9,NA,30,NA,NA,460.99555555555554,107.68,1366.9955555555557,0.645538079823249,HM,NA,valid,FALSE,FALSE,5.610119035389176,0.492446857330649,0.780730737081917,3.07213846518265e-41,0.645538079823249,0.784716184462403,7.08131957115845,HM,SE,valid,FALSE,FALSE,74.87829690984407,6.81344027843067,0.998526177855684,1.4784571222559194e-170,7.08131957115845,0.998628641020753,0,NA,0,0,FALSE,valid,healthy,NA
Mar_23_244_SRS6_CWD,2023-03-11,SRS6,tree,cwd,NA,LGR2,rebuild fit (stage 03),14:31:00,14:34:00,2023,3,dry,26.796222222,25.8,NA,31,NA,NA,460.99555555555554,107.68,1366.9955555555557,0.148889183608883,LM,g-fact. > 2 | Intercept,valid,FALSE,FALSE,11.53399767310407,0.148889183608883,0.423138167670086,2.27111841940857e-23,0.598842817642802,0.502470934681632,3.75122509771834,HM,NA,valid,FALSE,FALSE,234.7649194997763,3.49323720311829,0.999438207371139,4.42119167955279e-293,3.75122509771834,0.99978754879541,0,NA,0,0,FALSE,valid,healthy,NA
Mar_23_245_SRS6_CWD,2023-03-11,SRS6,tree,cwd,NA,LGR2,rebuild fit (stage 03),14:40:00,14:43:00,2023,3,dry,26.79372222,25.9,NA,25,NA,NA,460.99555555555554,107.68,1366.9955555555557,0.830435339346,HM,MAE | AICc,valid,FALSE,TRUE,9.568750076971767,0.829172588361008,0.890458810294234,4.21985984685496e-88,0.830435339346,0.890200469412753,2.76247180955274,LM,RMSE | MAE | SE | AICc,valid,FALSE,TRUE,133.14313141603603,2.76247180955274,0.989947555485327,5.80546841808842e-181,2.77441099489126,0.989729363253405,0,NA,0,0,FALSE,valid,healthy,NA
Mar_23_246_SRS6_CWD,2023-03-11,SRS6,tree,cwd,NA,LGR2,rebuild fit (stage 03),14:54:00,14:57:00,2023,3,dry,26.74703333,25.9,NA,22,NA,NA,460.99555555555554,107.68,1366.9955555555557,0.106699370737231,HM,AICc | Intercept,valid,FALSE,FALSE,1.8855522705819068,0.0771990481103659,0.206576370125733,7.82334604881243e-11,0.106699370737231,0.20886034084492,3.92884516010033,HM,NA,valid,FALSE,FALSE,208.9133110292957,2.974445010181,0.994170494232592,3.834007513774399e-202,3.92884516010033,0.999703854297155,0,NA,0,0,FALSE,valid,healthy,NA
Mar_23_248_SRS6_stem,2023-03-11,SRS6,tree,stem,NA,LGR2,rebuild fit (stage 03),15:05:00,15:08:00,2023,3,dry,26.691666663333333,26,NA,30,NA,NA,460.99555555555554,107.68,1366.9955555555557,0.31296873883309,HM,AICc,valid,FALSE,FALSE,4.924409614992193,0.310222265798105,0.680839350009472,1.77420709201165e-46,0.31296873883309,0.680740550951726,3.03279915590204,HM,SE,valid,FALSE,FALSE,66.5135635639849,2.39986692759653,0.993439457738068,1.49925718640729e-197,3.03279915590204,0.997144566456698,0,NA,0,0,FALSE,valid,healthy,NA
Mar_23_249_SRS6_stem,2023-03-11,SRS6,tree,stem,NA,LGR2,rebuild fit (stage 03),15:11:00,15:13:45,2023,3,dry,26.661466663333332,26,NA,30,NA,NA,460.99555555555554,107.68,1366.9955555555557,0.484355498401116,HM,AICc,valid,FALSE,FALSE,6.484200822994171,0.438001237563481,0.793321376438874,3.0259601668714502e-58,0.484355498401116,0.793881489613234,3.5194900673637,HM,SE | Intercept (LM),valid,FALSE,FALSE,54.778624042482825,2.07897899543807,0.974860348706897,2.5837739189066598e-133,3.5194900673637,0.995614263399035,0,NA,0,0,FALSE,valid,healthy,NA
Mar_23_250_SRS6_stem,2023-03-11,SRS6,tree,stem,NA,LGR2,rebuild fit (stage 03),15:15:00,15:18:00,2023,3,dry,26.64133333,26,NA,30,NA,NA,460.99555555555554,107.68,1366.9955555555557,0.146934599308852,HM,AICc | Intercept,valid,FALSE,FALSE,2.1269135226350713,0.093747956369143,0.238149369643046,1.9331239872342e-12,0.146934599308852,0.241643441843497,2.58356265135948,HM,SE,valid,FALSE,FALSE,67.05636585985314,2.22773788103874,0.99571704943589,3.98368185368009e-214,2.58356265135948,0.997302578741522,0,NA,0,0,FALSE,valid,healthy,NA
Mar_23_251_SRS6_stem,2023-03-11,SRS6,tree,stem,NA,LGR2,rebuild fit (stage 03),15:25:00,15:28:00,2023,3,dry,26.596666663333338,26.1,NA,32,NA,NA,460.99555555555554,107.68,1366.9955555555557,0.104461843806062,HM,AICc,valid,FALSE,FALSE,1.5227636368403474,0.0720522208843526,0.141395770112911,1.08986700344514e-7,0.104461843806062,0.142579735127741,3.36719355147432,HM,NA,valid,FALSE,FALSE,194.03835522976615,3.0914114033025,0.999184764356393,1.3133515995345899e-278,3.36719355147432,0.999686817363646,0,NA,0,0,FALSE,valid,healthy,NA
Mar_23_252_SRS6_stem,2023-03-11,SRS6,tree,stem,NA,LGR2,rebuild fit (stage 03),15:31:00,15:34:00,2023,3,dry,26.569866663333332,26.1,NA,32,NA,NA,460.99555555555554,107.68,1366.9955555555557,0.161826979452738,HM,AICc,valid,FALSE,FALSE,2.6452802268017375,0.131104080682855,0.354797458049821,5.55640235733079e-19,0.161826979452738,0.356113626973783,4.02020957052512,LM,RMSE | MAE | AICc,valid,FALSE,TRUE,575.4732546993976,4.02020957052512,0.999456765314658,2.18705954688757e-293,4.08459160796506,0.999395543320678,0,NA,0,0,FALSE,valid,healthy,NA
Mar_23_253_SRS6_stem,2023-03-11,SRS6,tree,stem,NA,LGR2,rebuild fit (stage 03),15:36:40,15:39:30,2023,3,dry,26.544555552222224,26.1,NA,32,NA,NA,460.99555555555554,107.68,1366.9955555555557,0.044315781253435,HM,AICc | Intercept,valid,TRUE,FALSE,0.820483446927592,0.0441957677716388,0.0541002613019838,0.00128353358998387,0.044315781253435,0.0540838372202824,3.66245675567508,HM,RMSE | AICc,valid,FALSE,FALSE,127.1366776401358,3.60661591426629,0.999343521104997,4.22806833878245e-271,3.66245675567508,0.999335151020002,0,NA,0,0,FALSE,valid,healthy,NA
Mar_23_254_SRS6_stem,2023-03-11,SRS6,tree,stem,NA,LGR2,rebuild fit (stage 03),15:50:30,15:53:30,2023,3,dry,26.469138886166668,26.2,NA,35,NA,NA,460.99555555555554,107.68,1366.9955555555557,0.179414326397035,HM,AICc | Intercept,valid,FALSE,FALSE,3.537414045816539,0.178895250905625,0.524403005897495,6.430018682414229e-31,0.179414326397035,0.524272586381455,1.83539096312288,HM,NA,valid,FALSE,FALSE,68.067941481564,1.304399429333,0.988803460054494,8.99024500663548e-177,1.83539096312288,0.997135959730917,0,NA,0,0,FALSE,valid,healthy,NA
Mar_23_255_SRS6_stem,2023-03-11,SRS6,tree,stem,NA,LGR2,rebuild fit (stage 03),15:56:00,15:59:00,2023,3,dry,26.430944442333335,26.2,NA,35,NA,NA,460.99555555555554,107.68,1366.9955555555557,0.149581377368979,HM,AICc | Intercept,valid,FALSE,FALSE,2.7147993726417656,0.143032375224295,0.387194173142935,5.29944005218386e-21,0.149581377368979,0.387253027970666,3.77740475935217,LM,RMSE | MAE | SE | AICc,valid,FALSE,TRUE,360.446117078762,3.77740475935217,0.998616453073866,4.76006867910433e-258,3.81131570093585,0.998466602239082,0,NA,0,0,FALSE,valid,healthy,NA
Mar_23_256_SRS6_stem,2023-03-11,SRS6,tree,stem,NA,LGR2,rebuild fit (stage 03),16:02:00,16:05:00,2023,3,dry,26.389277776333333,26.2,NA,35,NA,NA,460.99555555555554,107.68,1366.9955555555557,0.127912902830206,HM,AICc | Intercept,valid,FALSE,FALSE,2.063068783870643,0.102887441465409,0.249013017782439,5.23519010536817e-13,0.127912902830206,0.249791194965307,4.90881295955288,HM,NA,valid,FALSE,FALSE,217.30345539054673,4.45649616930626,0.999102611773262,7.084328279835097e-275,4.90881295955288,0.999748876652471,0,NA,0,0,FALSE,valid,healthy,NA
Mar_23_257_SRS6_stem,2023-03-11,SRS6,tree,stem,NA,LGR2,rebuild fit (stage 03),16:10:00,16:13:00,2023,3,dry,26.333722221666665,26.2,NA,35,NA,NA,1106.6016666666667,213.35,2012.601666666667,0.438053750018525,HM,AICc,valid,FALSE,FALSE,10.893850791153726,0.3940186605002,0.908021560212549,6.74299783659031e-95,0.438053750018525,0.90872088706368,5.5180157014195,HM,NA,valid,FALSE,FALSE,294.3237716449013,5.03314278712624,0.999277804704436,2.55923384558475e-283,5.5180157014195,0.999863423789121,0,NA,0,0,FALSE,valid,healthy,NA
Mar_23_259_SRS6_stem,2023-03-11,SRS6,tree,stem,NA,LGR2,rebuild fit (stage 03),16:20:15,16:23:15,2023,3,dry,26.26983333275,26.2,NA,35,NA,NA,1106.6016666666667,213.35,2012.601666666667,0.0772226658736812,LM,g-fact. > 2 | Intercept,valid,FALSE,FALSE,7.744327226120221,0.0772226658736812,0.246781890299105,6.856032687588149e-13,0.15660683838532,0.260217444030324,3.5875826799561,HM,SE,valid,FALSE,FALSE,88.21435829976203,3.45301459253651,0.998423267370373,5.72857996182963e-253,3.5875826799561,0.998521992428968,0,NA,0,0,FALSE,valid,healthy,NA
Mar_23_263_SRS6_stem,2023-03-11,SRS6,tree,stem,NA,LGR3,rebuild fit (stage 03),11:54:30,11:57:30,2023,3,dry,26.132811108833337,24.1,NA,NA,NA,NA,1106.6016666666667,213.35,2012.601666666667,0.15301859435059,HM,AICc,valid,FALSE,FALSE,3.0003704712408115,0.152195031442842,0.440006096771027,1.16802130299321e-24,0.15301859435059,0.439924413404089,1.31695932147423,HM,NA,valid,FALSE,FALSE,62.02425108333224,1.24159404417013,0.996731161917923,7.13280595441322e-226,1.31695932147423,0.996966400016936,0,NA,0,0,FALSE,valid,healthy,NA
Mar_23_264_SRS6_stem,2023-03-11,SRS6,tree,stem,NA,LGR3,rebuild fit (stage 03),12:08:15,12:11:15,2023,3,dry,26.29994999925,24.1,NA,NA,NA,NA,1106.6016666666667,213.35,2012.601666666667,0.0377376842808666,LM,g-fact. > 2 | Intercept,valid,TRUE,FALSE,3.5092624832249686,0.0377376842808666,0.0511258874548025,5.5021142317321e-4,0.110770157519556,0.0638872392052623,0.752065599784797,LM,RMSE | MAE | AICc,valid,FALSE,FALSE,204.54320048022944,0.752065599784797,0.995005579021537,1.04108830805138e-242,0.765039543026133,0.9949617725757,0,NA,0,0,FALSE,valid,healthy,NA
Mar_23_265_SRS6_stem,2023-03-11,SRS6,tree,stem,NA,LGR3,rebuild fit (stage 03),12:23:30,12:26:30,2023,3,dry,26.4431055565,24.1,NA,NA,NA,NA,1106.6016666666667,213.35,2012.601666666667,0.0538363421496702,HM,AICc | Intercept,valid,TRUE,FALSE,1.3780598843915572,0.053724505556889,0.117569751207832,1.02550969800075e-7,0.0538363421496702,0.117539741028174,0.604159246111798,HM,NA,valid,FALSE,FALSE,47.18928942936781,0.56329926221064,0.993282089338503,3.964245921028138e-240,0.604159246111798,0.993622023002615,0,NA,0,0,FALSE,valid,healthy,NA
Mar_23_266_SRS6_stem,2023-03-11,SRS6,tree,stem,NA,LGR3,rebuild fit (stage 03),12:39:30,12:42:30,2023,3,dry,26.5581277805,24,NA,NA,NA,NA,1106.6016666666667,213.35,2012.601666666667,0.259396018898442,HM,AICc | Intercept,valid,FALSE,FALSE,5.216920676764799,0.233881275983639,0.664528815030421,5.72162471076867e-51,0.259396018898442,0.665009957229907,1.33730555202038,HM,MAE | AICc,valid,FALSE,FALSE,66.89308811097705,1.31761986386941,0.997106700580613,1.12718642695972e-263,1.33730555202038,0.997084925574325,0,NA,0,0,FALSE,valid,healthy,NA
Mar_23_267_SRS6_stem,2023-03-11,SRS6,tree,stem,NA,LGR3,rebuild fit (stage 03),12:51:30,12:54:30,2023,3,dry,26.62995000333333,24,NA,NA,NA,NA,1106.6016666666667,213.35,2012.601666666667,0.259590513022592,HM,AICc | Intercept,valid,FALSE,FALSE,4.485773076280197,0.205909055312268,0.592895639810075,9.76917740858905e-40,0.259590513022592,0.595308412669567,1.17753846776438,HM,NA,valid,FALSE,FALSE,74.2542225278529,1.13219541455848,0.997647017663112,8.01156361879425e-256,1.17753846776438,0.997752564681472,0,NA,0,0,FALSE,valid,healthy,NA
Mar_23_268_SRS6_stem,2023-03-11,SRS6,tree,stem,NA,LGR3,rebuild fit (stage 03),13:04:00,13:07:00,2023,3,dry,26.692033336666665,24,NA,NA,NA,NA,460.99555555555554,107.68,1366.9955555555557,0.86351674047299,HM,AICc,valid,FALSE,FALSE,10.241830700572333,0.832519307046686,0.909928080229272,2.7920784476297e-86,0.86351674047299,0.910013713166186,1.24811029682071,HM,NA,valid,FALSE,FALSE,45.865059063089944,1.18234176520375,0.994854607832087,2.24731734119033e-186,1.24811029682071,0.995053151894089,0,NA,0,0,FALSE,valid,healthy,NA
Mar_23_269_SRS6_root,2023-03-11,SRS6,tree,root,NA,LGR3,rebuild fit (stage 03),13:31:30,13:34:30,2023,3,dry,26.87756667,24,NA,NA,NA,NA,254.53666666666663,40.45,1160.5366666666664,0.102192137318854,HM,AICc | Intercept,valid,TRUE,FALSE,0.8585691626513509,0.101161389468124,0.0495899499606091,7.5625177951448e-4,0.102192137318854,0.0495848808521893,1.19624435856074,HM,SE,valid,FALSE,FALSE,25.6875206539745,1.00353962447967,0.977084947120774,1.85039278278836e-169,1.19624435856074,0.979183667787725,0,NA,0,0,FALSE,valid,healthy,NA
Mar_23_270_SRS6_stem,2023-03-11,SRS6,tree,stem,NA,LGR3,rebuild fit (stage 03),14:05:30,14:08:30,2023,3,dry,26.858933336666663,25.8,NA,3,NA,NA,1106.6016666666667,213.35,2012.601666666667,0.214706580782606,HM,Intercept,valid,FALSE,FALSE,3.4805382602721298,0.127813717744077,0.425490686641485,1.02219450833287e-25,0.214706580782606,0.43223398270764,1.31261700129908,LM,RMSE | MAE | AICc,valid,FALSE,TRUE,356.032308544883,1.31261700129908,0.998440404294975,1.12092531878152e-278,1.32781573129318,0.998365637917042,0,NA,0,0,FALSE,valid,healthy,NA
Mar_23_271_SRS6_stem,2023-03-11,SRS6,tree,stem,NA,LGR3,rebuild fit (stage 03),14:16:00,14:19:00,2023,3,dry,26.800388891999997,25.8,NA,7,NA,NA,1106.6016666666667,213.35,2012.601666666667,0.042208849198969,HM,AICc | Intercept,valid,TRUE,FALSE,1.1270916770079271,0.0421519601058552,0.0831980793132251,1.12852140721062e-5,0.042208849198969,0.0831722783908894,0.724994479612712,HM,AICc,valid,FALSE,FALSE,57.25130865758929,0.711194693021468,0.995897991443355,4.95070736447065e-254,0.724994479612712,0.995919690096855,0,NA,0,0,FALSE,valid,healthy,NA
Mar_23_272_SRS6_stem,2023-03-11,SRS6,tree,stem,NA,LGR3,rebuild fit (stage 03),14:27:30,14:30:30,2023,3,dry,26.797194445,25.8,NA,7,NA,NA,460.99555555555554,107.68,1366.9955555555557,0.0628358253815741,LM,g-fact. > 2 | Intercept,valid,TRUE,FALSE,4.791539089268033,0.0628358253815741,0.0946670095740961,3.13586163954611e-6,0.220821963621618,0.115434847255929,0.563416333870291,HM,NA,valid,FALSE,FALSE,29.6039064210581,0.520299545813987,0.984158884509211,2.5453514571196095e-190,0.563416333870291,0.984591650345462,0,NA,0,0,FALSE,valid,healthy,NA
Mar_23_273_SRS6_stem,2023-03-11,SRS6,tree,stem,NA,LGR3,rebuild fit (stage 03),14:47:30,14:50:30,2023,3,dry,26.779749996666663,26,NA,10,NA,NA,2232.644,462.19,3138.644,1.02292262008639,HM,Intercept (HM),valid,FALSE,FALSE,12.369944236392431,0.767744000371886,0.915962343623045,2.0773659483367798e-98,1.02292262008639,0.921764541042286,4.51450641159794,HM,SE,valid,FALSE,TRUE,25.68002453535056,3.42078286552836,0.975778124815986,8.916492752216457e-147,4.51450641159794,0.980772684705725,0,NA,0,0,FALSE,valid,healthy,NA
Mar_23_274_SRS6_stem,2023-03-11,SRS6,tree,stem,NA,LGR3,rebuild fit (stage 03),14:59:30,15:02:30,2023,3,dry,26.719349996666665,26,NA,12,NA,NA,2232.644,462.19,3138.644,0.366141567358719,HM,AICc,valid,FALSE,FALSE,7.636825572596601,0.348317862308797,0.851094120413951,4.9512839432673406e-67,0.366141567358719,0.851246224403019,2.19919353386686,LM,RMSE | MAE | AICc,valid,FALSE,TRUE,330.59250496248825,2.19919353386686,0.998556397585185,4.015914480928759e-225,2.22820120191411,0.998488565564404,0,NA,0,0,FALSE,valid,healthy,NA
Mar_23_275_SRS6_stem,2023-03-11,SRS6,tree,stem,NA,LGR3,rebuild fit (stage 03),15:12:25,15:15:25,2023,3,dry,26.654336107777777,26,NA,22,NA,NA,2232.644,462.19,3138.644,0.0710446885513749,HM,AICc | Intercept,valid,TRUE,TRUE,1.5751226400967977,0.0710346691504673,0.201386840339204,3.18884937147128e-9,0.0710446885513749,0.201315334242295,1.7234869073718,HM,NA,valid,FALSE,FALSE,62.35885822268365,1.57942006031998,0.996922592493329,4.97261500712913e-193,1.7234869073718,0.99742415964762,0,NA,0,0,FALSE,valid,healthy,NA
Mar_23_262_SRS6_stem,2023-03-11,SRS6,tree,stem,NA,LGR3,rebuild fit (stage 03),15:52:15,15:55:15,2023,3,dry,26.456986108583333,26.4,NA,20,NA,NA,2232.644,462.19,3138.644,0.028627334160621,HM,MAE | AICc | p-value | Intercept,valid,TRUE,FALSE,0.3200300286726327,0.0179915837452838,0.00213215116783139,0.258359081382964,0.028627334160621,0.00228977936891939,1.16179128569898,LM,RMSE | MAE | AICc,valid,FALSE,TRUE,175.23962344607003,1.16179128569898,0.995622983195791,3.81160856432162e-160,1.16925223938887,0.995449726560842,0,NA,0,0,FALSE,valid,healthy,NA
Mar_23_218_SRS5_stem,2023-03-12,SRS5,tree,stem,NA,LGR2,rebuild fit (stage 03),11:06:00,11:09:00,2023,3,dry,23.883900001,23.4,NA,0,NA,NA,460.99555555555554,107.68,1366.9955555555557,0.135751151988356,HM,AICc | Intercept,valid,FALSE,FALSE,2.7991736620534664,0.134810172694467,0.406882746302358,2.78338174221679e-22,0.135751151988356,0.406797792353529,0.404763116231435,HM,Intercept (LM),valid,FALSE,FALSE,19.77828845701531,0.372636689421968,0.970327090119938,6.934696859638207e-139,0.404763116231435,0.970768098145425,0,NA,0,0,FALSE,valid,healthy,NA
Mar_23_219_SRS5_stem,2023-03-12,SRS5,tree,stem,NA,LGR2,rebuild fit (stage 03),11:11:00,11:14:09,2023,3,dry,23.973955556,23.4,NA,0,NA,NA,254.53666666666663,40.45,1160.5366666666664,0.224765508529507,HM,AICc | Intercept,valid,FALSE,FALSE,1.5871681281323018,0.123452966150262,0.129205513158359,2.10289416460204e-7,0.224765508529507,0.13580922342173,0.825528818697638,LM,RMSE | SE | AICc,valid,FALSE,TRUE,81.81728499626519,0.825528818697638,0.97253732590277,6.244353478297348e-149,0.829162153347459,0.972353484387051,0,NA,0,0,FALSE,valid,healthy,NA
Mar_23_220_SRS5_stem,2023-03-12,SRS5,tree,stem,NA,LGR2,rebuild fit (stage 03),11:18:00,11:21:00,2023,3,dry,24.122566667,23.4,NA,0,NA,NA,254.53666666666663,40.45,1160.5366666666664,0.159513583001907,HM,AICc,valid,TRUE,FALSE,1.4634572933543168,0.159353622779059,0.155181021137124,2.45476962406718e-8,0.159513583001907,0.155128974196776,1.01509975366057,HM,NA,valid,FALSE,FALSE,29.139128542493474,0.955549916593416,0.986221880810532,1.0443016294578997e-168,1.01509975366057,0.986465568988055,0,NA,0,0,FALSE,valid,healthy,NA
Mar_23_221_SRS5_root,2023-03-12,SRS5,tree,root,NA,LGR2,rebuild fit (stage 03),11:27:48,11:30:38,2023,3,dry,24.372684445866668,23.4,NA,0,NA,NA,254.53666666666663,40.45,1160.5366666666664,0.276522720785767,HM,AICc | Intercept,valid,FALSE,TRUE,2.1876860312356308,0.276513953198036,0.308584509079659,2.2762842373586002e-15,0.276522720785767,0.308480849032956,1.06703035364271,HM,SE,valid,FALSE,FALSE,23.912151386541417,0.844537035508274,0.97567907454396,9.993438696837718e-138,1.06703035364271,0.979619244413405,0,NA,0,0,FALSE,valid,healthy,NA
Mar_23_222_SRS5_stem,2023-03-12,SRS5,tree,stem,NA,LGR2,rebuild fit (stage 03),11:42:40,11:45:40,2023,3,dry,24.75211481788889,23.5,NA,0,NA,NA,1106.6016666666667,213.35,2012.601666666667,0.0594971408002835,HM,AICc | Intercept,valid,TRUE,TRUE,1.622243437045194,0.0594933706236127,0.184963184064697,9.124475031280552e-10,0.0594971408002835,0.184897233251373,0.644931771545063,HM,NA,valid,FALSE,FALSE,50.12517965533901,0.583939090642067,0.994602028480621,3.927874393401989e-205,0.644931771545063,0.995296102340117,0,NA,0,0,FALSE,valid,healthy,NA
Mar_23_223_SRS5_stem,2023-03-12,SRS5,tree,stem,NA,LGR2,rebuild fit (stage 03),11:56:30,11:59:50,2023,3,dry,25.130088889666663,23.5,NA,0,NA,NA,1106.6016666666667,213.35,2012.601666666667,0.0515199632535996,HM,AICc | Intercept,valid,TRUE,TRUE,1.5414293934313907,0.051546573247859,0.154470370694907,4.71637764713739e-9,0.0515199632535996,0.154412763424726,0.627406323238475,LM,SE | g-fact. > 2 | Intercept (LM),valid,FALSE,FALSE,62.172109688464424,0.627406323238475,0.950791889034555,2.5339927454156295e-132,1.28891289715402,0.983844668310937,0,NA,0,0,FALSE,valid,healthy,NA
Mar_23_224_SRS5_stem,2023-03-12,SRS5,tree,stem,NA,LGR2,rebuild fit (stage 03),12:12:35,12:15:35,2023,3,dry,25.575418515722223,23.5,NA,0,NA,NA,1106.6016666666667,213.35,2012.601666666667,0.0381151138951467,LM,g-fact. > 2 | Intercept,valid,TRUE,FALSE,4.292617323438656,0.0381151138951467,0.0882686012185169,2.88813964387695e-5,0.100409161907753,0.111126356329186,0.603538311328616,HM,NA,valid,FALSE,FALSE,45.93974039185928,0.543141316082866,0.993637173165878,9.691956265820468e-199,0.603538311328616,0.994387648013677,0,NA,0,0,FALSE,valid,healthy,NA
Mar_23_225_SRS5_root,2023-03-12,SRS5,tree,root,NA,LGR2,rebuild fit (stage 03),12:28:00,12:31:00,2023,3,dry,25.861022220333332,23.5,NA,0,NA,NA,254.53666666666663,40.45,1160.5366666666664,0.220411672727119,HM,AICc | Intercept,valid,FALSE,FALSE,1.7145208706457136,0.163132597579911,0.17875315514366,1.8283324069752702e-9,0.220411672727119,0.17994524455629,1.21861508244029,HM,SE,valid,FALSE,FALSE,30.6572966401691,0.97479947450215,0.983329728844294,2.6657659555615692e-161,1.21861508244029,0.986766164150064,0,NA,0,0,FALSE,valid,healthy,NA
Mar_23_226_SRS5_stem,2023-03-12,SRS5,tree,stem,NA,LGR2,rebuild fit (stage 03),12:42:35,12:45:35,2023,3,dry,26.106346296027777,23.5,NA,0,NA,NA,1106.6016666666667,213.35,2012.601666666667,0.144788610754068,HM,AICc | Intercept,valid,FALSE,FALSE,4.5340631508582305,0.142657331707342,0.642912994391187,4.222646017026859e-42,0.144788610754068,0.642889021647213,0.541470199389353,HM,NA,valid,FALSE,FALSE,42.62142719660088,0.435786749122717,0.989856215762325,1.30449212621297e-180,0.541470199389353,0.993128719757978,0,NA,0,0,FALSE,valid,healthy,NA
Mar_23_227_SRS5_stem,2023-03-12,SRS5,tree,stem,NA,LGR2,rebuild fit (stage 03),12:53:45,12:56:45,2023,3,dry,26.32015277875,23.5,NA,0,NA,NA,1106.6016666666667,213.35,2012.601666666667,0.0828223483354639,HM,AICc | Intercept,valid,FALSE,FALSE,2.1000091968367753,0.0812265484661725,0.275896990625415,1.90989430872322e-14,0.0828223483354639,0.275894548140839,0.742206419251968,HM,NA,valid,FALSE,FALSE,43.40372471368167,0.595860181245852,0.990161117770575,8.494173807606417e-182,0.742206419251968,0.993364693464689,0,NA,0,0,FALSE,valid,healthy,NA
Mar_23_228_SRS5_stem,2023-03-12,SRS5,tree,stem,NA,LGR2,rebuild fit (stage 03),13:07:15,13:10:15,2023,3,dry,26.58730278025,23.5,NA,0,NA,NA,1106.6016666666667,213.35,2012.601666666667,0.046786075323653,HM,AICc,valid,TRUE,FALSE,1.2198780652611585,0.0467523369930751,0.111967461872771,2.4676602058677e-6,0.046786075323653,0.111929044977322,0.54648539505395,HM,NA,valid,FALSE,FALSE,54.02550314118306,0.495160653056462,0.995274558922801,2.642202344810829e-210,0.54648539505395,0.995948748527956,0,NA,0,0,FALSE,valid,healthy,NA
Mar_23_229_SRS5_root,2023-03-12,SRS5,tree,root,NA,LGR2,rebuild fit (stage 03),13:16:45,13:19:45,2023,3,dry,26.76781111425,23.5,NA,0,NA,NA,254.53666666666663,40.45,1160.5366666666664,1.34360900034172,HM,AICc,valid,FALSE,FALSE,12.327588809153967,1.2375183772096,0.92762982327181,3.1987765498069e-104,1.34360900034172,0.928055525597347,1.31018909463752,HM,SE,valid,FALSE,FALSE,34.1749248063131,1.09550667483065,0.987325140369684,5.94977475358345e-172,1.31018909463752,0.989542565797586,0,NA,0,0,FALSE,valid,healthy,NA
Mar_23_230_SRS5_stem,2023-03-12,SRS5,tree,stem,NA,LGR2,rebuild fit (stage 03),13:28:09,13:31:09,2023,3,dry,26.94463777965,23.6,NA,0,NA,NA,460.99555555555554,107.68,1366.9955555555557,0.0862769231501936,LM,g-fact. > 2 | Intercept (LM),valid,TRUE,FALSE,8.02267011023917,0.0862769231501936,0.260364827668985,1.31161640847039e-13,0.208208988926137,0.273466516778426,0.604629556159027,HM,AICc,valid,FALSE,FALSE,43.620104396700654,0.595287716997141,0.994058565236085,2.1033468996088993e-201,0.604629556159027,0.994051003022155,0,NA,0,0,FALSE,valid,healthy,NA
Mar_23_231_SRS5_stem,2023-03-12,SRS5,tree,stem,NA,LGR2,rebuild fit (stage 03),13:38:57,13:41:57,2023,3,dry,27.11215777845,23.6,NA,0,NA,NA,254.53666666666663,40.45,1160.5366666666664,0.150824894837255,LM,SE | g-fact. > 2 | Intercept (LM),valid,TRUE,FALSE,7.303353111967884,0.150824894837255,0.225269858970641,8.89518925972683e-12,0.349392967503179,0.241854396026791,1.24564865435744,HM,SE,valid,FALSE,FALSE,35.05310888268472,1.18273607445173,0.990466404806502,5.0569064585968886e-183,1.24564865435744,0.990648552966355,0,NA,0,0,FALSE,valid,healthy,NA
Mar_23_232_SRS5_stem,2023-03-12,SRS5,tree,stem,NA,LGR2,rebuild fit (stage 03),13:49:59,13:52:59,2023,3,dry,27.25145907462778,23.6,NA,0,NA,NA,254.53666666666663,40.45,1160.5366666666664,-0.037828347340979,HM,AICc | p-value | MDF | Intercept,valid,TRUE,FALSE,0.32266226673786524,-0.0378243743335256,0.00305847355198718,0.21443707565309,-0.037828347340979,0.003056342328144,0.245837930876316,HM,SE | AICc,valid,FALSE,TRUE,6.217272302982037,0.245111273580534,0.773564478543874,7.59637165414359e-60,0.245837930876316,0.773357389529875,0,NA,0,0,FALSE,valid,healthy,NA
Mar_23_233_SRS5_root,2023-03-12,SRS5,tree,root,NA,LGR2,rebuild fit (stage 03),13:58:34,14:01:34,2023,3,dry,27.329758149655554,23.6,NA,0,NA,NA,254.53666666666663,40.45,1160.5366666666664,0.708148321930013,HM,Intercept,valid,FALSE,FALSE,5.508084167924287,0.467868836593199,0.678075236342977,3.84634248651432e-46,0.708148321930013,0.687829493298533,1.43357362845536,HM,SE | Intercept,valid,FALSE,FALSE,17.61381651495501,0.955009788351765,0.944347700354271,1.9558039983386398e-114,1.43357362845536,0.957745376659921,0,NA,0,0,FALSE,valid,healthy,NA
Mar_23_234_SRS5_stem,2023-03-12,SRS5,tree,stem,NA,LGR2,rebuild fit (stage 03),14:35:40,14:38:40,2023,3,dry,27.52582222555555,23.7,NA,2,NA,NA,254.53666666666663,40.45,1160.5366666666664,0.228475800995393,LM,SE | g-fact. > 2 | Intercept,valid,FALSE,FALSE,9.810629043106006,0.228475800995393,0.346045338786839,1.8779711594884e-18,0.534739529735949,0.367153731103096,1.21723885086985,LM,RMSE | SE | AICc | Intercept,valid,FALSE,TRUE,59.770192409342116,1.21723885086985,0.952018882802148,3.3470114497523186e-120,1.22323117461302,0.951831844170846,0,NA,0,0,FALSE,valid,healthy,NA
Mar_23_235_SRS5_stem,2023-03-12,SRS5,tree,stem,NA,LGR2,rebuild fit (stage 03),14:45:40,14:48:40,2023,3,dry,27.543274077333333,23.7,NA,3,NA,NA,254.53666666666663,40.45,1160.5366666666664,0.354479822368376,LM,SE | g-fact. > 2 | Intercept,valid,FALSE,FALSE,14.0977620624967,0.354479822368376,0.523490461204308,7.63989380341826e-31,0.839443265721023,0.559010048737238,2.14680393545412,HM,SE,valid,FALSE,FALSE,48.12878067756198,1.63195818958852,0.989028940182153,1.45535147786955e-177,2.14680393545412,0.994458037914515,0,NA,0,0,FALSE,valid,healthy,NA
Mar_23_236_SRS5_stem,2023-03-12,SRS5,tree,stem,NA,LGR2,rebuild fit (stage 03),14:54:20,14:57:20,2023,3,dry,27.499170372666665,23.7,NA,5,NA,NA,254.53666666666663,40.45,1160.5366666666664,0.0629053941045831,LM,SE | g-fact. > 2 | Intercept,valid,TRUE,FALSE,2.3288677098515955,0.0629053941045831,0.0239862158441521,0.0209828736881113,0.129964197202732,0.0407178647726268,1.16719099921071,HM,SE | AICc,valid,FALSE,TRUE,31.49213364779143,1.15654342571116,0.988784148641673,1.04895896258615e-176,1.16719099921071,0.988687339014126,0,NA,0,0,FALSE,valid,healthy,NA
Mar_23_237_SRS5_root,2023-03-12,SRS5,tree,root,NA,LGR2,rebuild fit (stage 03),15:04:10,15:07:10,2023,3,dry,27.449129630833333,23.7,NA,6,NA,NA,254.53666666666663,40.45,1160.5366666666664,0.334442542238897,LM,SE | g-fact. > 2 | Intercept (HM),valid,FALSE,FALSE,14.219450011329016,0.334442542238897,0.527797946572235,3.37597271899665e-31,0.777503590412079,0.559911102472138,1.44815606539366,HM,SE | Intercept (HM),valid,FALSE,FALSE,28.561998073798843,1.16727877261962,0.981346475356017,6.244326839666989e-157,1.44815606539366,0.984835909089886,0,NA,0,0,FALSE,valid,healthy,NA
Mar_23_238_SRS5_stem,2023-03-12,SRS5,tree,stem,NA,LGR2,rebuild fit (stage 03),15:21:20,15:24:20,2023,3,dry,27.373944444444444,23.5,NA,6,NA,NA,460.99555555555554,107.68,1366.9955555555557,0.0637747468368375,LM,g-fact. > 2 | Intercept (LM),valid,TRUE,FALSE,6.508895616699274,0.0637747468368375,0.186865960162369,7.36737750997122e-10,0.188665034958869,0.205131081143173,1.03610152650035,HM,NA,valid,FALSE,FALSE,52.4948611296425,0.837869166978857,0.992420262125441,6.152314731007899e-192,1.03610152650035,0.995470022661196,0,NA,0,0,FALSE,valid,healthy,NA
Mar_23_239_SRS5_stem,2023-03-12,SRS5,tree,stem,NA,LGR2,rebuild fit (stage 03),15:29:50,15:32:50,2023,3,dry,27.347027777777775,23.5,NA,7.5,NA,NA,460.99555555555554,107.68,1366.9955555555557,0.117844024994157,LM,g-fact. > 2 | Intercept (LM),valid,FALSE,FALSE,11.539721485964478,0.117844024994157,0.423382158301917,2.18612799569312e-23,0.303516288909891,0.455121268071264,0.883252931695444,HM,NA,valid,FALSE,FALSE,48.92222746760111,0.663048883394163,0.98874850666412,1.39344629975474e-176,0.883252931695444,0.994605815740494,0,NA,0,0,FALSE,valid,healthy,NA
Mar_23_240_SRS5_stem,2023-03-12,SRS5,tree,stem,NA,LGR2,rebuild fit (stage 03),15:37:30,15:41:00,2023,3,dry,27.32275,23.5,NA,8,NA,NA,460.99555555555554,107.68,1366.9955555555557,0.115105126770647,HM,AICc | Intercept,valid,FALSE,FALSE,3.724823621061165,0.114300017552284,0.511119928149753,1.5459111565526999e-34,0.115105126770647,0.511040427985281,0.810413175666834,HM,NA,valid,FALSE,FALSE,50.94037902604125,0.699669285396472,0.993070097119903,7.624187224258639e-228,0.810413175666834,0.994568821429486,0,NA,0,0,FALSE,valid,healthy,NA
Mar_23_241_SRS5_root,2023-03-12,SRS5,tree,root,NA,LGR2,rebuild fit (stage 03),15:50:45,15:53:45,2023,3,dry,27.30008611175,23.5,NA,9,NA,NA,254.53666666666663,40.45,1160.5366666666664,0.067190128253276,HM,AICc | Intercept,valid,TRUE,FALSE,0.8282932153132624,0.0670807842354274,0.052242385843788,0.00114794639131458,0.067190128253276,0.052227633607695,1.12477024727952,HM,AICc,valid,FALSE,FALSE,34.350108296485985,1.1114216167814,0.99053032547337,2.76938306143534e-183,1.12477024727952,0.990460321467876,0,NA,0,0,FALSE,valid,healthy,NA
Mar_23_242_SRS5_root,2023-03-12,SRS5,tree,root,NA,LGR2,rebuild fit (stage 03),16:03:30,16:06:30,2023,3,dry,27.3024944465,23.5,NA,10,NA,NA,254.53666666666663,40.45,1160.5366666666664,0.45426171899378,HM,AICc | Intercept,valid,FALSE,FALSE,4.785630440055764,0.387374737868281,0.650129798596507,6.754872801753779e-43,0.45426171899378,0.651246862618938,1.87315830499182,HM,NA,valid,FALSE,FALSE,56.60746244160444,1.8088920254671501,0.996339990541806,3.0960265085288987e-220,1.87315830499182,0.996422682457702,0,NA,0,0,FALSE,valid,healthy,NA
Mar_23_209_SRS5_stem,2023-03-12,SRS5,tree,stem,NA,LGR3,rebuild fit (stage 03),15:13:00,15:18:00,2023,3,dry,27.404177778,23.7,NA,1.5,NA,NA,2232.644,462.19,3138.644,0.0920118619324337,HM,AICc | Intercept,valid,FALSE,FALSE,1.6967194730519155,0.0620539777477568,0.168301187973722,5.8290047024109605e-9,0.0920118619324337,0.170771335724234,2.65919086532856,HM,NA,valid,FALSE,FALSE,131.7985244007818,2.2806389911454,0.997681026592217,5.660191614940429e-238,2.65919086532856,0.999298564782376,0,NA,0,0,FALSE,valid,healthy,NA
Mar_23_210_SRS5_stem,2023-03-12,SRS5,tree,stem,NA,LGR3,rebuild fit (stage 03),15:21:00,15:26:00,2023,3,dry,27.375,23.7,NA,1.5,NA,NA,2232.644,462.19,3138.644,0.0476685356802057,HM,AICc | Intercept,valid,TRUE,FALSE,1.949001396611992,0.0474509139756925,0.185788085925408,1.69122083044964e-13,0.0476685356802057,0.18575094162706,2.69259917519175,LM,RMSE | MAE | AICc,valid,FALSE,TRUE,827.7893876004188,2.69259917519175,0.999619253373012,0,2.73107957766353,0.999541413191912,0,NA,0,0,FALSE,valid,healthy,NA
Mar_23_211_SRS5_stem,2023-03-12,SRS5,tree,stem,NA,LGR3,rebuild fit (stage 03),15:28:00,15:32:00,2023,3,dry,27.352833333333333,23.7,NA,1.5,NA,NA,2232.644,462.19,3138.644,0.0291974529034585,HM,AICc | Intercept,valid,TRUE,FALSE,1.29031754230497,0.0291579097448998,0.0870910378382415,4.95842220377856e-7,0.0291974529034585,0.0870649333277865,2.33423463137406,HM,NA,valid,FALSE,FALSE,238.15373664721795,2.28850658311684,0.99967920558854,0,2.33423463137406,0.999701118668962,0,NA,0,0,FALSE,valid,healthy,NA
Mar_23_212_SRS5_stem,2023-03-12,SRS5,tree,stem,NA,LGR3,rebuild fit (stage 03),15:38:21,15:43:21,2023,3,dry,27.320058333333332,23.6,NA,5,NA,NA,2232.644,462.19,3138.644,0.0366465857291875,HM,AICc,valid,TRUE,FALSE,1.5346953647196226,0.0364356774823823,0.126362284882533,3.58528326010102e-9,0.0366465857291875,0.126336940072914,0.878412477872554,LM,RMSE | MAE | AICc,valid,FALSE,TRUE,416.45201463016355,0.878412477872554,0.998549082894836,0,0.889244095261347,0.998486557973074,0,NA,0,0,FALSE,valid,healthy,NA
Mar_23_213_SRS5_stem,2023-03-12,SRS5,tree,stem,NA,LGR3,rebuild fit (stage 03),15:45:08,15:48:08,2023,3,dry,27.2990251852,23.6,NA,5,NA,NA,2232.644,462.19,3138.644,0.0299041847505036,LM,AICc | g-fact. > 2 | Intercept,valid,TRUE,FALSE,2.9442146991657414,0.0299041847505036,0.0436527159189259,0.00369940805045996,0.0671314827240381,0.0470546086448052,1.92119548096198,LM,RMSE | MAE | AICc,valid,FALSE,TRUE,486.8243836095868,1.92119548096198,0.999291632569367,3.71684967147066e-265,1.94484115008871,0.999229488120702,0,NA,0,0,FALSE,valid,healthy,NA
Mar_23_214_SRS5_stem,2023-03-12,SRS5,tree,stem,NA,LGR3,rebuild fit (stage 03),15:49:00,15:54:00,2023,3,dry,27.299755556,23.6,NA,5,NA,NA,2232.644,462.19,3138.644,0.0229316085332978,HM,AICc | p-value,valid,TRUE,FALSE,0.4812501950409998,0.0229300436112098,0.0164533289166646,0.056408720232421,0.0229316085332978,0.0164453496934214,4.49124092180329,LM,RMSE | MAE | AICc,valid,FALSE,TRUE,634.7846203157492,4.49124092180329,0.999600606920182,4.952882392325208e-274,4.53998638347222,0.999519521076611,0,NA,0,0,FALSE,valid,healthy,NA
Mar_23_215_SRS5_stem,2023-03-12,SRS5,tree,stem,NA,LGR3,rebuild fit (stage 03),16:03:00,16:06:00,2023,3,dry,27.302400002,23.5,NA,8,NA,NA,460.99555555555554,107.68,1366.9955555555557,0.0951604956049706,HM,AICc | Intercept,valid,TRUE,FALSE,1.0599965546903496,0.0942988454461377,0.0956389600181773,4.09423212335349e-5,0.0951604956049706,0.0956312179560544,2.00247132673613,HM,NA,valid,FALSE,FALSE,66.22193857252049,1.80329425738214,0.996842308424465,1.0872821612858598e-199,2.00247132673613,0.997605631003944,0,NA,0,0,FALSE,valid,healthy,NA
Mar_23_216_SRS5_stem,2023-03-12,SRS5,tree,stem,NA,LGR3,rebuild fit (stage 03),16:08:17,16:11:17,2023,3,dry,27.30339796555,23.5,NA,8,NA,NA,460.99555555555554,107.68,1366.9955555555557,0.0941149925067817,HM,AICc | Intercept,valid,TRUE,FALSE,0.8442981430203946,0.0940461370034126,0.0712003139299765,9.475038131207e-4,0.0941149925067817,0.0711758685931557,2.12844784699826,HM,SE,valid,FALSE,FALSE,42.09952240957518,1.7113669422373,0.991506132032203,6.85575530183893e-142,2.12844784699826,0.994658547596929,0,NA,0,0,FALSE,valid,healthy,NA
Mar_23_217_SRS5_root,2023-03-12,SRS5,tree,root,NA,LGR3,rebuild fit (stage 03),16:16:00,16:19:00,2023,3,dry,27.302155558666666,23.5,NA,8,NA,NA,460.99555555555554,107.68,1366.9955555555557,0.0981203598420788,HM,AICc | Intercept,valid,TRUE,FALSE,1.0142101546156796,0.0980042485892421,0.0946031870587241,8.45461153347256e-5,0.0981203598420788,0.0945701282051323,2.12708569584517,HM,SE,valid,FALSE,FALSE,54.98783962681423,1.74789139609661,0.99389695443337,8.888287394470846e-164,2.12708569584517,0.996645935255867,0,NA,0,0,FALSE,valid,healthy,NA
Mar_23_189_SRS5_stem,2023-03-13,SRS5,tree,stem,NA,LGR2,rebuild fit (stage 03),10:39:19,10:42:19,2023,3,dry,25.9367796317,24,NA,0,NA,NA,460.99555555555554,107.68,1366.9955555555557,0.0443536616768417,HM,AICc | Intercept,valid,TRUE,FALSE,0.6452036942741235,0.0271542260389556,0.0229304367529075,0.023445018594241,0.0443536616768417,0.0231531802577435,0.41192139271845,HM,AICc,valid,FALSE,TRUE,23.140597110854085,0.408522129349835,0.97939206466324,4.6654809848181685e-153,0.41192139271845,0.979258895423624,0,NA,0,0,FALSE,valid,healthy,NA
Mar_23_190_SRS5_stem,2023-03-13,SRS5,tree,stem,NA,LGR2,rebuild fit (stage 03),10:44:34,10:47:34,2023,3,dry,25.982862966200003,24,NA,0,NA,NA,460.99555555555554,107.68,1366.9955555555557,0.331846995218416,HM,Intercept,valid,FALSE,FALSE,5.097925350278882,0.22334369644442,0.648699153152148,9.743145024083508e-43,0.331846995218416,0.655169422091249,0.902404391828097,HM,NA,valid,FALSE,FALSE,39.88147286309139,0.827340268213126,0.992133130825113,1.7152331141816e-190,0.902404391828097,0.992633079188152,0,NA,0,0,FALSE,valid,healthy,NA
Mar_23_191_SRS5_stem,2023-03-13,SRS5,tree,stem,NA,LGR2,rebuild fit (stage 03),10:57:52,10:59:52,2023,3,dry,26.074302964866668,24,NA,0,NA,NA,460.99555555555554,107.68,1366.9955555555557,-0.131192155151118,LM,SE | g-fact. > 2 | Intercept,valid,FALSE,TRUE,4.893913295758232,-0.131192155151118,0.161678925283395,3.1634233438633e-6,-0.486883814180177,0.226562079806311,-2.12585309566025,LM,RMSE | MAE | SE | AICc | Intercept,valid,FALSE,TRUE,3.615676749885712,-2.12585309566025,0.092109791512292,4.4184288084069e-4,-2.10143187296077,0.0873193246878141,0,NA,0,0,FALSE,valid,healthy,NA
Mar_23_192_SRS5_root,2023-03-13,SRS5,tree,root,NA,LGR2,rebuild fit (stage 03),11:02:07,11:05:47,2023,3,dry,26.103250186616663,24,NA,0,NA,NA,254.53666666666663,40.45,1160.5366666666664,0.762253430930456,HM,Intercept,valid,FALSE,TRUE,6.560451164257744,0.498185627028581,0.707269622095837,1.4682078994731298e-60,0.762253430930456,0.718336619508557,-0.01780761517636,HM,AICc | p-value | MDF | Intercept,valid,TRUE,TRUE,0.7152690384856359,-0.0178234096062136,0.0124327812848202,0.0534735101549614,-0.01780761517636,0.0124285957697267,0,NA,0,0,FALSE,valid,healthy,NA
Mar_23_193_SRS5_stem,2023-03-13,SRS5,tree,stem,NA,LGR2,rebuild fit (stage 03),11:16:13,11:19:13,2023,3,dry,26.19152722222222,24.1,NA,0,NA,NA,460.99555555555554,107.68,1366.9955555555557,0.194385571384422,HM,AICc | Intercept (HM),valid,FALSE,FALSE,3.033842318436686,0.168472016448782,0.428818982784204,9.30631798444811e-24,0.194385571384422,0.429607554661508,0.999188450397709,HM,AICc,valid,FALSE,TRUE,46.024398731429294,0.979473449805194,0.99461376124286,3.2327984226023293e-205,0.999188450397709,0.994639021456437,0,NA,0,0,FALSE,valid,healthy,NA
Mar_23_194_SRS5_stem,2023-03-13,SRS5,tree,stem,NA,LGR2,rebuild fit (stage 03),11:23:37,11:26:37,2023,3,dry,26.194733888888887,24.1,NA,0,NA,NA,460.99555555555554,107.68,1366.9955555555557,0.0977455035769116,LM,g-fact. > 2 | Intercept,valid,FALSE,FALSE,8.70629238433184,0.0977455035769116,0.29356226254740603,2.03352266566928e-15,0.218310552945162,0.310725144700325,1.13618580710739,HM,NA,valid,FALSE,FALSE,73.07654260815077,1.03708211645553,0.997221288757593,6.066583870007849e-231,1.13618580710739,0.997790285522703,0,NA,0,0,FALSE,valid,healthy,NA
Mar_23_195_SRS5_stem,2023-03-13,SRS5,tree,stem,NA,LGR2,rebuild fit (stage 03),11:29:44,11:32:44,2023,3,dry,26.197384444444445,24.1,NA,0,NA,NA,460.99555555555554,107.68,1366.9955555555557,0.0856958197314651,HM,AICc | Intercept,valid,TRUE,FALSE,1.8602616867510056,0.0856001761663963,0.23089550812973,4.5801421680096695e-12,0.0856958197314651,0.230824739370663,0.927076540611352,HM,NA,valid,FALSE,FALSE,55.146274219084944,0.838751888318832,0.995419166068686,1.6363701147258296e-211,0.927076540611352,0.996108190552057,0,NA,0,0,FALSE,valid,healthy,NA
Mar_23_196_SRS5_root,2023-03-13,SRS5,tree,root,NA,LGR2,rebuild fit (stage 03),11:36:00,11:39:00,2023,3,dry,26.2001,24.1,NA,0,NA,NA,460.99555555555554,107.68,1366.9955555555557,0.415147742072681,HM,AICc,valid,FALSE,FALSE,9.194312209399298,0.411680001706716,0.881746983803713,3.99857687369086e-85,0.415147742072681,0.881629089795225,0.564013717326684,LM,RMSE | MAE | SE | AICc | Intercept,valid,FALSE,TRUE,39.739173694121746,0.564013717326684,0.897622663695008,9.877577728098476e-91,0.564663490334092,0.897364339896048,0,NA,0,0,FALSE,valid,healthy,NA
Mar_23_197_SRS5_root,2023-03-13,SRS5,tree,root,NA,LGR2,rebuild fit (stage 03),11:45:05,11:49:05,2023,3,dry,26.204383333333332,24.1,NA,0,NA,NA,254.53666666666663,40.45,1160.5366666666664,0.666100593459769,HM,AICc,valid,FALSE,FALSE,10.032165281099894,0.648661621192284,0.868275428373724,2.118541471520729e-107,0.666100593459769,0.868317737006491,0.181712196060363,LM,SE | g-fact. > 2 | Intercept,valid,FALSE,TRUE,23.31076472046744,0.181712196060363,0.693248301192966,1.75793522783785e-63,0.600639830456909,0.765499977545913,0,NA,0,0,FALSE,valid,healthy,NA
Mar_23_203_SRS5_stem,2023-03-13,SRS5,tree,stem,NA,LGR2,rebuild fit (stage 03),12:03:01,12:06:01,2023,3,dry,26.286876666666664,24.1,NA,0,NA,NA,460.99555555555554,107.68,1366.9955555555557,0.18162206371536,HM,AICc | Intercept,valid,FALSE,FALSE,2.2178854935468837,0.098517641354358,0.238034269579666,1.95988179385473e-12,0.18162206371536,0.244946386121941,1.1922679503984699,HM,NA,valid,FALSE,FALSE,70.87426740241048,1.10472008300365,0.997269761979184,1.25572218658234e-231,1.1922679503984699,0.997668257568328,0,NA,0,0,FALSE,valid,healthy,NA
Mar_23_204_SRS5_stem,2023-03-13,SRS5,tree,stem,NA,LGR2,rebuild fit (stage 03),12:11:28,12:14:28,2023,3,dry,26.325746666666667,24.1,NA,0,NA,NA,460.99555555555554,107.68,1366.9955555555557,0.106562764745288,HM,AICc,valid,FALSE,FALSE,2.1252232622860623,0.106281416273726,0.282615011755613,8.19922602329935e-15,0.106562764745288,0.282541403493895,1.29032689838846,HM,AICc,valid,FALSE,FALSE,74.4553757894088,1.27031142248839,0.99795936696403,6.064011481970758e-243,1.29032689838846,0.997949965139656,0,NA,0,0,FALSE,valid,healthy,NA
Mar_23_205_SRS5_stem,2023-03-13,SRS5,tree,stem,NA,LGR2,rebuild fit (stage 03),12:18:21,12:21:21,2023,3,dry,26.393329444816665,24.1,NA,0,NA,NA,460.99555555555554,107.68,1366.9955555555557,0.0815202530859508,HM,AICc | Intercept,valid,TRUE,FALSE,1.415813768950256,0.0814420597257433,0.14701511638524,5.95014241475539e-8,0.0815202530859508,0.146966944539936,1.49369952913235,HM,NA,valid,FALSE,FALSE,86.71017762413109,1.40210410958405,0.998174569073331,2.8246061976337303e-247,1.49369952913235,0.998450194768211,0,NA,0,0,FALSE,valid,healthy,NA
Mar_23_206_SRS5_stem,2023-03-13,SRS5,tree,stem,NA,LGR2,rebuild fit (stage 03),12:26:48,12:29:48,2023,3,dry,26.522802223533333,24.1,NA,0,NA,NA,460.99555555555554,107.68,1366.9955555555557,0.0346069169955776,HM,AICc | Intercept,valid,TRUE,FALSE,0.7330479095980645,0.0343221750597077,0.0402048319677555,0.00392245065821954,0.0346069169955776,0.0402005728479252,0.426370800154574,HM,AICc,valid,FALSE,FALSE,20.53856888162576,0.422574121652657,0.973903092084952,7.058789185555278e-144,0.426370800154574,0.973805385893426,0,NA,0,0,FALSE,valid,healthy,NA
Mar_23_207_SRS5_CWD,2023-03-13,SRS5,tree,cwd,NA,LGR2,rebuild fit (stage 03),12:32:04,12:35:04,2023,3,dry,26.603499261155555,24.1,NA,0,NA,NA,254.53666666666663,40.45,1160.5366666666664,0.295999062519434,HM,SE | AICc | Intercept,valid,FALSE,FALSE,1.850540116103196,0.294055242736271,0.228843926144144,5.8376029132668996e-12,0.295999062519434,0.228797777278232,2.20794348170305,LM,RMSE | MAE | SE | AICc,valid,FALSE,FALSE,188.14127699431188,2.20794348170305,0.994940429115608,1.1956994670379699e-207,2.23419131859685,0.994870698413376,0,NA,0,0,FALSE,valid,healthy,NA
Mar_23_199_SRS5_CWD,2023-03-13,SRS5,tree,cwd,NA,LGR2,rebuild fit (stage 03),12:43:30,12:46:30,2023,3,dry,26.7786833365,11,NA,0,NA,NA,254.53666666666663,40.45,1160.5366666666664,0.241438020893028,HM,AICc | Intercept,valid,FALSE,FALSE,1.6684568287824744,0.240528085033053,0.193836715798801,3.35220467944659e-10,0.241438020893028,0.19379316376096,2.44285094053239,HM,SE,valid,FALSE,FALSE,68.70005798717538,2.38678272261538,0.997551218766388,7.41159358052379e-236,2.44285094053239,0.997583746298932,0,NA,0,0,FALSE,valid,healthy,NA
Mar_23_200_SRS5_CWD,2023-03-13,SRS5,tree,cwd,NA,LGR2,rebuild fit (stage 03),12:49:04,12:52:04,2023,3,dry,26.83898963251111,NA,NA,0,NA,NA,460.99555555555554,107.68,1366.9955555555557,0.0668454177232749,HM,AICc | Intercept,valid,TRUE,TRUE,1.0331051556252768,0.0668101864132032,0.0815507342821072,5.7611681256287e-5,0.0668454177232749,0.081522554653641,0.683192613022014,HM,NA,valid,FALSE,FALSE,36.99436458939723,0.594598185968233,0.989906077567921,8.392611643678438e-181,0.683192613022014,0.991230497783741,0,NA,0,0,FALSE,valid,healthy,NA
Mar_23_201_SRS5_CWD,2023-03-13,SRS5,tree,cwd,NA,LGR2,rebuild fit (stage 03),12:53:50,12:56:50,2023,3,dry,26.88273703938889,24.2,NA,0,NA,NA,254.53666666666663,40.45,1160.5366666666664,0.305788373150736,HM,AICc | Intercept,valid,FALSE,FALSE,2.401455542902203,0.303872898092563,0.334936845619689,8.61313515172668e-18,0.305788373150736,0.334879851754521,2.3403219993295,HM,SE | AICc,valid,FALSE,FALSE,56.93863205707545,2.3092166848757,0.996559028056171,1.2361222343134395e-222,2.3403219993295,0.996504616555179,0,NA,0,0,FALSE,valid,healthy,NA
Mar_23_202_SRS5_CWD,2023-03-13,SRS5,tree,cwd,NA,LGR2,rebuild fit (stage 03),13:02:30,13:05:20,2023,3,dry,26.96227777916667,24,NA,NA,NA,NA,460.99555555555554,107.68,1366.9955555555557,0.0460905410281449,HM,AICc | Intercept,valid,TRUE,FALSE,0.7616571678116852,0.0399222474201981,0.0427156457658197,0.00385671158207611,0.0460905410281449,0.0428197063586073,0.779630165940471,HM,NA,valid,FALSE,FALSE,37.91677163354545,0.699806770295385,0.991436494893282,7.61620403335313e-177,0.779630165940471,0.992223411209331,0,NA,0,0,FALSE,valid,healthy,NA
Mar_23_180_SRS5_stem,2023-03-13,SRS5,tree,stem,NA,LGR3,rebuild fit (stage 03),10:56:00,10:59:00,2023,3,dry,26.061588891,24,NA,0,NA,NA,1106.6016666666667,213.35,2012.601666666667,0.147048099172043,HM,AICc | Intercept,valid,FALSE,FALSE,2.467671071596077,0.108675786757289,0.322715206268323,2.17353447244375e-16,0.147048099172043,0.324949469790611,1.29407047923319,HM,NA,valid,FALSE,FALSE,71.42762950399506,1.21568184218347,0.997555551155716,1.8125334874759396e-225,1.29407047923319,0.997819677362463,0,NA,0,0,FALSE,valid,healthy,NA
Mar_23_184_SRS5_root,2023-03-13,SRS5,tree,root,NA,LGR3,rebuild fit (stage 03),11:36:30,11:39:30,2023,3,dry,26.200316666666662,23.9,NA,0,NA,NA,254.53666666666663,40.45,1160.5366666666664,11.2009321236713,HM,SE,valid,FALSE,FALSE,59.728020217046755,7.65107337579649,0.985255524763585,2.5141167945499494e-185,11.2009321236713,0.995781214012826,12.5616938974338,HM,SE,valid,FALSE,FALSE,139.81884056363,7.82109553608438,0.982839465832225,9.79622510943163e-179,12.5616938974338,0.999196023715185,0,NA,0,0,FALSE,valid,healthy,NA
Mar_23_185_SRS5_stem,2023-03-13,SRS5,tree,stem,NA,LGR3,rebuild fit (stage 03),11:40:00,11:49:00,2023,3,dry,26.201833333333333,23.9,NA,0,NA,NA,1106.6016666666667,213.35,2012.601666666667,0.149749563941479,HM,AICc | Intercept,valid,FALSE,FALSE,3.50206123328959,0.140524557798083,0.462271982381119,2.0466777003211197e-31,0.149749563941479,0.46242949107064,1.38688116768587,HM,SE | AICc | Intercept,valid,FALSE,FALSE,26.742577860218923,1.36791242538792,0.981071438443645,5.314658834058879e-190,1.38688116768587,0.981029210257112,0,NA,0,0,FALSE,valid,healthy,NA
Mar_23_186_SRS5_stem,2023-03-13,SRS5,tree,stem,NA,LGR3,rebuild fit (stage 03),11:51:00,11:54:00,2023,3,dry,26.2316,23.9,NA,0,NA,NA,1106.6016666666667,213.35,2012.601666666667,-0.0294942733717196,HM,AICc | p-value | Intercept,valid,TRUE,TRUE,1.1574824649854845,-0.0295410803512681,0.0139106662223106,0.0647747297185004,-0.0294942733717196,0.0139011045970521,1.67435876959242,HM,NA,valid,FALSE,FALSE,80.91241468469121,1.43938644813903,0.996634410196671,4.542335719906428e-216,1.67435876959242,0.998204803128153,0,NA,0,0,FALSE,valid,healthy,NA
Mar_23_187_SRS5_stem,2023-03-13,SRS5,tree,stem,NA,LGR3,rebuild fit (stage 03),11:57:00,12:00:00,2023,3,dry,26.2592,23.9,NA,0,NA,NA,1106.6016666666667,213.35,2012.601666666667,0.0445328713105565,LM,AICc | g-fact. > 2 | Intercept,valid,TRUE,FALSE,2.873576224383029,0.0445328713105565,0.0423773621842523,0.00459956848984178,0.120703779589019,0.0518191497656584,1.68794782237738,HM,NA,valid,FALSE,FALSE,70.39933454794289,1.48681424948585,0.996666088321425,5.01379597398091e-204,1.68794782237738,0.997791203485078,0,NA,0,0,FALSE,valid,healthy,NA
Mar_23_188_SRS5_root,2023-03-13,SRS5,tree,root,NA,LGR3,rebuild fit (stage 03),12:03:30,12:06:30,2023,3,dry,26.2891,23.9,NA,0,NA,NA,254.53666666666663,40.45,1160.5366666666664,0.306462858888852,HM,AICc,valid,FALSE,FALSE,3.773137460745277,0.250217948019299,0.401230650939849,7.83521521099852e-36,0.306462858888852,0.402493413723655,5.15167996316,HM,NA,valid,FALSE,FALSE,226.44260787640096,4.7463491679609104,0.999154671820381,0,5.15167996316,0.999613139332738,0,NA,0,0,FALSE,valid,healthy,NA
Mar_23_169_SRS5_stem,2023-03-13,SRS5,tree,stem,NA,LGR3,rebuild fit (stage 03),12:24:15,12:33:30,2023,3,dry,26.483730556583332,24.2,NA,1,NA,NA,1106.6016666666667,213.35,2012.601666666667,0.271494222867464,HM,Intercept (HM),valid,FALSE,FALSE,3.4983148026846083,0.165176613404708,0.433333347723089,8.23054851815006e-26,0.271494222867464,0.442441848785047,1.8728075433722,HM,NA,valid,FALSE,FALSE,76.73645375800494,1.51812736807179,0.994657335174159,1.86981122778149e-221,1.8728075433722,0.997713920795043,0,NA,0,0,FALSE,valid,healthy,NA
Mar_23_170_SRS5_stem,2023-03-13,SRS5,tree,stem,NA,LGR3,rebuild fit (stage 03),12:33:30,12:36:30,2023,3,dry,26.625461113166665,24.2,NA,1,NA,NA,1106.6016666666667,213.35,2012.601666666667,0.273031104977828,HM,AICc | Intercept,valid,FALSE,FALSE,3.3027944338007575,0.179700163405869,0.451548730624492,6.72687109992236e-24,0.273031104977828,0.45559467103964,1.25862753403642,HM,NA,valid,FALSE,FALSE,70.35092401236682,1.16821110422358,0.997391424118368,3.5529138469036885e-219,1.25862753403642,0.997778469854517,0,NA,0,0,FALSE,valid,healthy,NA
Mar_23_171_SRS5_stem,2023-03-13,SRS5,tree,stem,NA,LGR3,rebuild fit (stage 03),12:40:00,12:43:00,2023,3,dry,26.72505555833333,24.2,NA,1,NA,NA,1106.6016666666667,213.35,2012.601666666667,0.0635327490178326,HM,AICc | Intercept,valid,TRUE,FALSE,0.912628926481625,0.0634507018323474,0.0762256834246366,3.6790052228025e-4,0.0635327490178326,0.0762007123906769,2.25265455231057,LM,RMSE | MAE | AICc,valid,FALSE,TRUE,295.13522143604763,2.25265455231057,0.998292318225963,6.2825536268907e-207,2.27606752696488,0.998195744146333,0,NA,0,0,FALSE,valid,healthy,NA
Mar_23_172_SRS5_stem,2023-03-13,SRS5,tree,stem,NA,LGR3,rebuild fit (stage 03),13:04:00,13:07:00,2023,3,dry,26.976044445666663,24,NA,0,NA,NA,2232.644,462.19,3138.644,0.0121976579814589,HM,AICc | p-value | MDF | Intercept,valid,TRUE,FALSE,0.208877414205612,0.0088149319300296,-0.00365567030929248,0.47556117229098,0.0121976579814589,-0.00284827527680909,3.12943024913143,HM,NA,valid,FALSE,FALSE,113.11966814978608,2.67670492145559,0.99753330712236,1.58139420316329e-175,3.12943024913143,0.999288844962865,0,NA,0,0,FALSE,valid,healthy,NA
Mar_23_173_SRS5_root,2023-03-13,SRS5,tree,root,NA,LGR3,rebuild fit (stage 03),13:20:30,13:23:30,2023,3,dry,27.17312777716667,24.1,NA,0,NA,NA,254.53666666666663,40.45,1160.5366666666664,0.685390386831079,HM,SE | Intercept,valid,FALSE,FALSE,3.8992393144155537,0.390289369326518,0.47581120514545,1.6075828376112e-29,0.685390386831079,0.48582439542975,6.90624179286366,HM,SE,valid,FALSE,FALSE,87.15924605993003,4.49497415070287,0.984273308845597,6.4940208158351e-179,6.90624179286366,0.998012517869619,0,NA,0,0,FALSE,valid,healthy,NA
Mar_23_174_SRS5_stem,2023-03-13,SRS5,tree,stem,NA,LGR3,rebuild fit (stage 03),13:27:00,13:31:00,2023,3,dry,27.286733332,24.1,NA,0,NA,NA,2232.644,462.19,3138.644,0.0230307062306968,HM,AICc | Intercept,valid,TRUE,FALSE,0.5538395875186651,0.0230394186324949,0.0251559764614087,0.0292759092917664,0.0230307062306968,0.0251447547659663,4.92428637593509,HM,NA,valid,FALSE,TRUE,196.69212250264383,4.66937176981283,0.999559253235365,1.86100842217852e-250,4.92428637593509,0.999751483683109,0,NA,0,0,FALSE,valid,healthy,NA
Mar_23_175_SRS5_root,2023-03-13,SRS5,tree,root,NA,LGR3,rebuild fit (stage 03),13:32:30,13:35:30,2023,3,dry,27.38286110916667,24.1,NA,0,NA,NA,254.53666666666663,40.45,1160.5366666666664,0.891823453755919,LM,SE | g-fact. > 2 | Intercept (HM),valid,FALSE,FALSE,14.909992756565202,0.891823453755919,0.591245568787119,1.50053254337426e-31,2.59080944191908,0.647467058094196,4.80868645178108,HM,SE,valid,FALSE,FALSE,49.78420457760193,3.21046596170571,0.983391870155417,2.19689317241958e-137,4.80868645178108,0.995324678082242,0,NA,0,0,FALSE,valid,healthy,NA
Mar_23_177_SRS5_stem,2023-03-13,SRS5,tree,stem,NA,LGR3,rebuild fit (stage 03),13:45:30,13:48:30,2023,3,dry,27.601772219,24.7,NA,0,NA,NA,460.99555555555554,107.68,1366.9955555555557,0.137259557038334,HM,AICc | Intercept,valid,FALSE,FALSE,2.5081594891869576,0.134006087161157,0.313204132685903,2.0220255649989097e-19,0.137259557038334,0.31321470099129,3.52390893971224,HM,NA,valid,FALSE,FALSE,190.6363895509838,3.40879269134045,0.999547415458701,0,3.52390893971224,0.999622633625697,0,NA,0,0,FALSE,valid,healthy,NA
Mar_23_178_SRS5_stem,2023-03-13,SRS5,tree,stem,NA,LGR3,rebuild fit (stage 03),13:55:00,13:58:00,2023,3,dry,27.61011111,24.4,NA,0,NA,NA,460.99555555555554,107.68,1366.9955555555557,0.221404703342989,HM,AICc,valid,FALSE,FALSE,2.655818765474948,0.214990059665639,0.40207390307842,4.79246669301183e-20,0.221404703342989,0.402096355846932,5.56828722932113,HM,NA,valid,FALSE,FALSE,163.3765227075889,5.42701998026257,0.999566523312334,1.4939994512084798e-274,5.56828722932113,0.999611533177663,0,NA,0,0,FALSE,valid,healthy,NA
Mar_23_179_SRS5_stem,2023-03-13,SRS5,tree,stem,NA,LGR3,rebuild fit (stage 03),14:03:00,14:05:00,2023,3,dry,27.617133334,24.4,NA,0,NA,NA,460.99555555555554,107.68,1366.9955555555557,0.149402717007958,HM,AICc,valid,TRUE,FALSE,1.093618323462764,0.149082645630391,0.12851805535125,2.77096459648476e-5,0.149402717007958,0.128481858703276,4.18115510081683,HM,SE,valid,FALSE,FALSE,89.11987091812514,3.87255669052049,0.998589907116307,1.4899829508871998e-174,4.18115510081683,0.998996556093291,0,NA,0,0,FALSE,valid,healthy,NA
Mar_23_135_CP40_stem,2023-03-15,CP40,tree,stem,NA,LGR2,rebuild fit (stage 03),10:53:37,10:56:37,2023,3,dry,19.637808149566663,22.9,NA,0,NA,NA,1106.6016666666667,213.35,2012.601666666667,27.5815504909105,LM,RMSE | MAE | SE | AICc,valid,FALSE,TRUE,487.7273671352315,27.5815504909105,0.999243878445617,1.55766995775682e-281,27.8878426820632,0.999148093099705,1.04502402102231,LM,RMSE | MAE | AICc,valid,FALSE,TRUE,278.89884402052013,1.04502402102231,0.997691229014627,3.814558465658169e-238,1.05611422160448,0.997607111836219,0,NA,0,0,FALSE,valid,ghost,NA
Mar_23_136_CP40_stem,2023-03-15,CP40,tree,stem,NA,LGR2,rebuild fit (stage 03),10:59:55,11:02:55,2023,3,dry,19.770248148166665,22.9,NA,0,NA,NA,1106.6016666666667,213.35,2012.601666666667,1.04990673116373,HM,AICc,valid,FALSE,FALSE,30.393429530851208,1.03309980820098,0.987870013436875,1.1653829863004798e-173,1.04990673116373,0.98782120739371,0.854405529239145,HM,Intercept,valid,FALSE,FALSE,24.700325904911647,0.641562394370277,0.97265291326989,4.65398233349673e-142,0.854405529239145,0.979170500589507,0,NA,0,0,FALSE,valid,ghost,NA
Mar_23_137_CP40_stem,2023-03-15,CP40,tree,stem,NA,LGR2,rebuild fit (stage 03),11:16:00,11:19:00,2023,3,dry,20.093688885666666,22.9,NA,0,NA,NA,1106.6016666666667,213.35,2012.601666666667,-0.0254205474361904,HM,AICc | Intercept,valid,TRUE,FALSE,0.7355650713817922,-0.0242539199316609,0.0395481831134404,0.00419530615532553,-0.0254205474361904,0.0395624663446724,0.103128654296265,LM,g-fact. > 2,valid,FALSE,FALSE,32.76520510299175,0.103128654296265,0.856294153102972,1.53254517481302e-77,0.219325300827495,0.897038268244375,0,NA,0,0,FALSE,valid,ghost,NA
Mar_23_138_CP40_stem,2023-03-15,CP40,tree,stem,NA,LGR2,rebuild fit (stage 03),11:22:31,11:25:31,2023,3,dry,20.135105923427776,22.9,NA,0,NA,NA,1106.6016666666667,213.35,2012.601666666667,22.7594198698054,HM,NA,valid,FALSE,FALSE,211.1438284399447,19.8994575710892,0.998462655742106,5.95262816751419e-254,22.7594198698054,0.999729201696506,1.37620408270642,LM,RMSE | MAE | AICc,valid,FALSE,TRUE,395.51949784588646,1.37620408270642,0.998850682176138,2.93766546952863e-265,1.38908393810625,0.998739260895944,0,NA,0,0,FALSE,valid,ghost,NA
Mar_23_139_CP40_stem,2023-03-15,CP40,tree,stem,NA,LGR2,rebuild fit (stage 03),11:34:00,11:37:00,2023,3,dry,20.208088887666666,22.9,NA,0,NA,NA,1106.6016666666667,213.35,2012.601666666667,0.351034166494421,HM,AICc | Intercept,valid,FALSE,TRUE,5.130413282270837,0.351120631031133,0.699721862576024,7.46003609873541e-49,0.351034166494421,0.699479425265728,-0.0234857574324086,LM,SE | g-fact. > 2 | Intercept,valid,FALSE,TRUE,3.593276534959753,-0.0234857574324086,0.0620683391206249,4.2189529739322e-4,-0.162063710015029,0.268956196068437,0,NA,0,0,FALSE,valid,ghost,NA
Mar_23_140_CP40_stem,2023-03-15,CP40,tree,stem,NA,LGR2,rebuild fit (stage 03),11:47:45,11:51:45,2023,3,dry,20.317111111416665,22.9,NA,0,NA,NA,1106.6016666666667,213.35,2012.601666666667,0.0398666979486887,LM,g-fact. > 2 | Intercept,valid,TRUE,FALSE,7.296954213457571,0.0398666979486887,0.178772719448186,4.32465735777517e-12,0.136265119496316,0.226082622580696,0.303569300065848,HM,NA,valid,FALSE,FALSE,36.2891079921502,0.248222255660136,0.984747349057094,2.562450673682179e-219,0.303569300065848,0.987544400498556,0,NA,0,0,FALSE,valid,ghost,NA
Mar_23_129_CP40_stem,2023-03-15,CP40,tree,stem,NA,LGR2,rebuild fit (stage 03),12:13:50,12:16:50,2023,3,dry,20.68807407727778,23.1,NA,8,NA,NA,1106.6016666666667,213.35,2012.601666666667,24.629971598259,HM,NA,valid,FALSE,TRUE,193.4286291657449,22.0073558445101,0.998806535286256,8.57189345119033e-264,24.629971598259,0.999680636552554,0.32509335011674,HM,AICc,valid,FALSE,FALSE,32.16070581356936,0.320017956555481,0.989118847296789,6.96793857652676e-178,0.32509335011674,0.989105546782146,0,NA,0,0,FALSE,valid,ghost,NA
Mar_23_130_CP40_stem,2023-03-15,CP40,tree,stem,NA,LGR2,rebuild fit (stage 03),12:24:40,12:27:40,2023,3,dry,20.71594444777778,23.1,NA,8,NA,NA,1106.6016666666667,213.35,2012.601666666667,4.05366616838881,HM,SE,valid,FALSE,FALSE,20.201743879572515,2.25800589285051,0.941094729873863,1.3069455157893802e-111,4.05366616838881,0.965286184768904,0.312925324143588,HM,AICc,valid,FALSE,TRUE,25.237547402989215,0.311144978334072,0.98281326938179,3.129557342181839e-159,0.312925324143588,0.982628523192725,0,NA,0,0,FALSE,valid,ghost,NA
Mar_23_131_CP40_stem,2023-03-15,CP40,tree,stem,NA,LGR2,rebuild fit (stage 03),12:32:00,12:35:00,2023,3,dry,20.724500003333333,23.1,NA,NA,NA,NA,1106.6016666666667,213.35,2012.601666666667,0.120394570737954,HM,AICc | Intercept,valid,FALSE,TRUE,3.2033155280601115,0.120314655306696,0.473976954961853,5.57807173864346e-27,0.120394570737954,0.473826612300559,0.426724421026355,LM,RMSE | MAE | AICc,valid,FALSE,TRUE,131.9478840063768,0.426724421026355,0.989766475138402,2.86959320174648e-180,0.42900618100058,0.989571176509636,0,NA,0,0,FALSE,valid,ghost,NA
Mar_23_132_CP40_stem,2023-03-15,CP40,tree,stem,NA,LGR2,rebuild fit (stage 03),12:48:55,12:51:55,2023,3,dry,20.73614167,23,NA,3,NA,NA,1106.6016666666667,213.35,2012.601666666667,36.5812387017915,HM,NA,valid,FALSE,TRUE,385.2160555498133,34.1896717259411,0.999606610277728,6.23889130724057e-293,36.5812387017915,0.999921230069452,0.50576023573457,HM,AICc,valid,FALSE,FALSE,42.87280078612197,0.498615535254975,0.993894784713411,2.3983345407342894e-200,0.50576023573457,0.993848671736749,0,NA,0,0,FALSE,valid,ghost,NA
Mar_23_133_CP40_stem,2023-03-15,CP40,tree,stem,NA,LGR2,rebuild fit (stage 03),13:01:20,13:04:20,2023,3,dry,20.72496667,23,NA,3,NA,NA,1106.6016666666667,213.35,2012.601666666667,3.3425519125162,HM,NA,valid,FALSE,FALSE,92.799305736213,2.76145130896465,0.996022047669456,5.354848057886649e-217,3.3425519125162,0.998560773866196,0.325387341578918,HM,NA,valid,FALSE,FALSE,25.521856761725928,0.275842469089078,0.979697455963484,1.2260548938474596e-153,0.325387341578918,0.981523836664347,0,NA,0,0,FALSE,valid,ghost,NA
Mar_23_134_CP40_stem,2023-03-15,CP40,tree,stem,NA,LGR2,rebuild fit (stage 03),13:10:52,13:13:52,2023,3,dry,20.71638667,23,NA,3,NA,NA,1106.6016666666667,213.35,2012.601666666667,0.334567568080009,HM,Intercept,valid,FALSE,FALSE,6.487966459147227,0.200561941393019,0.731291651083416,3.5129270162227e-53,0.334567568080009,0.745785542828731,0.359592619563566,HM,NA,valid,FALSE,FALSE,30.532462561817475,0.323466601904584,0.986603842997057,8.432849852054307e-170,0.359592619563566,0.987380598688205,0,NA,0,0,FALSE,valid,ghost,NA
Mar_23_141_CP40_CWD,2023-03-15,CP40,tree,cwd,NA,LGR2,rebuild fit (stage 03),13:57:40,14:00:40,2023,3,dry,21.30771111111111,23.9,NA,24,NA,NA,1106.6016666666667,213.35,2012.601666666667,0.094804108716528,HM,AICc | Intercept (LM),valid,FALSE,FALSE,2.749392407148888,0.0761074304129007,0.371458338981537,5.2283376548529196e-20,0.094804108716528,0.373156143816387,0.389733605988332,HM,NA,valid,FALSE,FALSE,37.099616128195784,0.372860634437469,0.991540418874967,1.14261818037124e-187,0.389733605988332,0.991672333574636,0,NA,0,0,FALSE,valid,ghost,NA
Mar_23_142_CP40_CWD,2023-03-15,CP40,tree,cwd,NA,LGR2,rebuild fit (stage 03),14:10:40,14:13:40,2023,3,dry,21.532177777777775,NA,NA,16,NA,NA,460.99555555555554,107.68,1366.9955555555557,0.197094321837858,LM,SE | g-fact. > 2 | Intercept,valid,FALSE,FALSE,12.06076720253792,0.197094321837858,0.445235666456017,6.7201672471616e-25,1.10486974399681,0.536715387538737,0.496840147650276,HM,AICc,valid,FALSE,FALSE,29.006278677303325,0.488864701731127,0.986702358903565,4.355619262615688e-170,0.496840147650276,0.986639518349069,0,NA,0,0,FALSE,valid,ghost,NA
Mar_23_143_CP40_CWD,2023-03-15,CP40,tree,cwd,NA,LGR2,rebuild fit (stage 03),14:22:33,14:25:33,2023,3,dry,21.64307222138333,NA,NA,20,NA,NA,460.99555555555554,107.68,1366.9955555555557,-1.32535263610472,HM,AICc | Intercept,valid,FALSE,FALSE,18.862886109073106,-1.30878899281679,0.969087260128983,2.70628955889811e-137,-1.32535263610472,0.969045835573068,0.325958004927578,HM,AICc | Intercept,valid,FALSE,FALSE,15.129247017687318,0.321661918660824,0.952645779057732,1.03115317664012e-120,0.325958004927578,0.952647302064563,0,NA,0,0,FALSE,valid,ghost,NA
Mar_23_144_CP40_stem,2023-03-15,CP40,tree,stem,NA,LGR2,rebuild fit (stage 03),14:38:20,14:41:20,2023,3,dry,21.71848147888889,NA,NA,10,NA,NA,1106.6016666666667,213.35,2012.601666666667,17.4602484362406,HM,NA,valid,FALSE,FALSE,124.14515364083164,13.1138653374861,0.993155411901413,6.659101550165848e-196,17.4602484362406,0.999158781560785,1.18638805299522,HM,NA,valid,FALSE,FALSE,76.21089586866948,1.03675890419803,0.996695317251189,3.320363663430219e-224,1.18638805299522,0.997924241096219,0,NA,0,0,FALSE,valid,ghost,NA
Mar_23_145_CP40_stem,2023-03-15,CP40,tree,stem,NA,LGR2,rebuild fit (stage 03),14:54:02,14:57:02,2023,3,dry,21.750433702377777,NA,NA,10,NA,NA,1106.6016666666667,213.35,2012.601666666667,0.069601145569132,HM,AICc,valid,FALSE,FALSE,2.053395326089473,0.0693235551962659,0.267977818150268,5.1258052066784205e-14,0.069601145569132,0.267917763218903,0.289354306862307,HM,NA,valid,FALSE,FALSE,20.154875865258024,0.225782536125199,0.965088307807408,1.4515973855824598e-132,0.289354306862307,0.969561008361969,0,NA,0,0,FALSE,valid,ghost,NA
Mar_23_146_CP40_stem,2023-03-15,CP40,tree,stem,NA,LGR2,rebuild fit (stage 03),15:01:00,15:04:00,2023,3,dry,21.750511111333335,NA,NA,10,NA,NA,1106.6016666666667,213.35,2012.601666666667,0.0732397493840456,LM,g-fact. > 2 | Intercept,valid,FALSE,FALSE,6.9868926427462155,0.0732397493840456,0.209890977983149,5.33906195848888e-11,0.343724484532355,0.264582888005984,0.437224903905025,HM,RMSE | AICc,valid,FALSE,TRUE,34.84252987252054,0.433525305742666,0.990870665834298,1.04621825239337e-184,0.437224903905025,0.990744938338446,0,NA,0,0,FALSE,valid,ghost,NA
Mar_23_147_CP40_stem,2023-03-15,CP40,tree,stem,NA,LGR2,rebuild fit (stage 03),15:17:03,15:20:03,2023,3,dry,21.718048891766667,NA,NA,NA,NA,NA,1106.6016666666667,213.35,2012.601666666667,2.19558991620501,LM,SE | g-fact. > 2,valid,FALSE,FALSE,51.085991881552545,2.19558991620501,0.935455612551881,1.13485167439307e-108,4.4627941857704,0.974077953925185,0.387114584065615,HM,AICc,valid,FALSE,FALSE,26.898514735115747,0.383152772903739,0.984635069727653,1.8036758876737395e-164,0.387114584065615,0.984546223538213,0,NA,0,0,FALSE,valid,ghost,NA
Mar_23_148_CP40_stem,2023-03-15,CP40,tree,stem,NA,LGR2,rebuild fit (stage 03),15:22:22,15:25:22,2023,3,dry,21.63345481651111,NA,NA,NA,NA,NA,1106.6016666666667,213.35,2012.601666666667,1.23919593676989,HM,AICc,valid,FALSE,TRUE,23.14964331860522,1.23403485246,0.979544707804069,2.398203155505139e-153,1.23919593676989,0.979330423709732,0.564742362187639,HM,AICc | Intercept,valid,FALSE,TRUE,25.79147099644067,0.561400360366262,0.98343129466753,1.5426199082059096e-161,0.564742362187639,0.983262347156208,0,NA,0,0,FALSE,valid,ghost,NA
Mar_23_166_CP40_stem,2023-03-15,CP40,tree,stem,NA,LGR2,rebuild fit (stage 03),15:51:00,15:54:00,2023,3,dry,21.230799998,NA,NA,NA,NA,NA,1106.6016666666667,213.35,2012.601666666667,23.3926377630897,HM,NA,valid,FALSE,TRUE,184.32582296428455,21.6598324604222,0.999253579658956,3.267659162053719e-274,23.3926377630897,0.999664034037945,1.18207959133388,HM,NA,valid,FALSE,FALSE,81.75652058312735,1.15454443676697,0.998301990910008,3.71244056673792e-243,1.18207959133388,0.998339597227348,0,NA,0,0,FALSE,valid,ghost,NA
Mar_23_167_CP40_stem,2023-03-15,CP40,tree,stem,NA,LGR2,rebuild fit (stage 03),15:57:00,16:00:00,2023,3,dry,21.188266666,NA,NA,NA,NA,NA,1106.6016666666667,213.35,2012.601666666667,41.9884041025834,HM,NA,valid,FALSE,TRUE,358.66083069473154,38.7024689622831,0.999442064475279,3.868022253741e-295,41.9884041025834,0.999901409491348,1.80949593786832,HM,MAE | AICc,valid,FALSE,FALSE,136.21954198510883,1.78139167845451,0.999349253123525,1.08747257596363e-293,1.80949593786832,0.999339243123836,0,NA,0,0,FALSE,valid,ghost,NA
Mar_23_168_CP40_stem,2023-03-15,CP40,tree,stem,NA,LGR2,rebuild fit (stage 03),16:05:00,16:08:00,2023,3,dry,21.131555556666665,NA,NA,NA,NA,NA,1106.6016666666667,213.35,2012.601666666667,4.82921099187216,HM,NA,valid,FALSE,FALSE,94.95170102128502,4.3825122254676,0.997918857562433,5.40362692385284e-265,4.82921099187216,0.998562733302904,1.42528263472911,HM,NA,valid,FALSE,FALSE,79.1622428383009,1.28288739631026,0.997184597690983,3.92853997757274e-252,1.42528263472911,0.997925204900059,0,NA,0,0,FALSE,valid,ghost,NA
Mar_23_154_CP40_stem,2023-03-15,CP40,tree,stem,NA,LGR3,rebuild fit (stage 03),12:57:00,13:00:00,2023,3,dry,20.72886667,23,NA,10,NA,NA,1106.6016666666667,213.35,2012.601666666667,0.280318729444977,HM,AICc,valid,FALSE,FALSE,4.67067043436552,0.214000799349663,0.588684071637351,2.08441005433864e-42,0.280318729444977,0.591491426301665,1.70335740026761,HM,NA,valid,FALSE,FALSE,106.95798441021644,1.6651705060991,0.998811474822982,7.30043831699636e-293,1.70335740026761,0.99883647507942,0,NA,0,0,FALSE,valid,ghost,NA
Mar_23_155_CP40_stem,2023-03-15,CP40,tree,stem,NA,LGR3,rebuild fit (stage 03),13:03:30,13:06:30,2023,3,dry,20.72301667,23,NA,10,NA,NA,1106.6016666666667,213.35,2012.601666666667,0.0536051033065171,HM,AICc | Intercept,valid,TRUE,FALSE,0.8618644300579059,0.0533114837067269,0.0618336698230311,7.4792820091267e-4,0.0536051033065171,0.0618227544367066,1.40091263572107,HM,RMSE | AICc,valid,FALSE,FALSE,52.9199897194398,1.3788449332276,0.996375022317559,4.60103500350458e-201,1.40091263572107,0.996307804845114,0,NA,0,0,FALSE,valid,ghost,NA
Mar_23_156_CP40_stem,2023-03-15,CP40,tree,stem,NA,LGR3,rebuild fit (stage 03),13:12:00,13:15:00,2023,3,dry,20.71536667,23,NA,10,NA,NA,1106.6016666666667,213.35,2012.601666666667,0.0240994921108917,HM,AICc | Intercept,valid,TRUE,FALSE,0.6415862258380619,0.0132101736428175,0.011037586536995,0.0396700288453868,0.0240994921108917,0.014061517655338,1.34974984908579,HM,NA,valid,FALSE,FALSE,147.00499641022853,1.20378173489719,0.998193592355611,0,1.34974984908579,0.999101441857565,0,NA,0,0,FALSE,valid,ghost,NA
Mar_23_157_CP40_stem,2023-03-15,CP40,tree,stem,NA,LGR3,rebuild fit (stage 03),13:35:00,13:38:00,2023,3,dry,20.963555556666662,22.7,NA,10,NA,NA,1106.6016666666667,213.35,2012.601666666667,0.849427329077919,HM,AICc,valid,FALSE,FALSE,13.694191451110145,0.842230758133268,0.946326770146092,7.64799643054459e-109,0.849427329077919,0.946215735308633,1.54328503952458,HM,MAE | AICc,valid,FALSE,FALSE,79.2483712054457,1.51945713318847,0.998313978252869,4.256004211630618e-235,1.54328503952458,0.998300258812778,0,NA,0,0,FALSE,valid,ghost,NA
Mar_23_158_CP40_stem,2023-03-15,CP40,tree,stem,NA,LGR3,rebuild fit (stage 03),13:41:00,13:44:00,2023,3,dry,21.038822222666667,22.7,NA,10,NA,NA,1106.6016666666667,213.35,2012.601666666667,0.88752685751275,HM,NA,valid,FALSE,FALSE,29.892828461969582,0.818072431566744,0.979088638586912,1.3073412948700296e-241,0.88752685751275,0.979532099564577,1.12994610572129,HM,NA,valid,FALSE,FALSE,110.37513268555544,1.05806647429123,0.998184964513117,0,1.12994610572129,0.998481602032509,0,NA,0,0,FALSE,valid,ghost,NA
Mar_23_159_CP40_stem,2023-03-15,CP40,tree,stem,NA,LGR3,rebuild fit (stage 03),13:50:00,13:53:00,2023,3,dry,21.17533333333333,22.7,NA,10,NA,NA,1106.6016666666667,213.35,2012.601666666667,0.225276064581769,HM,AICc | Intercept,valid,FALSE,FALSE,5.096895557874058,0.224283128137392,0.665979614136089,3.65749935225691e-51,0.225276064581769,0.665841212326076,1.02420522490489,HM,MAE | AICc,valid,FALSE,FALSE,71.81857057324228,1.00932084366647,0.997504933033445,2.67830125499965e-270,1.02420522490489,0.997470802894601,0,NA,0,0,FALSE,valid,ghost,NA
Mar_23_160_CP40_stem,2023-03-15,CP40,tree,stem,NA,LGR3,rebuild fit (stage 03),14:10:00,14:13:00,2023,3,dry,21.520666666666667,23.9,NA,10,NA,NA,460.99555555555554,107.68,1366.9955555555557,0.0220448322852806,LM,AICc | g-fact. > 2 | p-value | Intercept,valid,TRUE,FALSE,0.9481347274313874,0.0220448322852806,-5.2652994413326e-4,0.344258930778097,0.0472392176977629,0.00413239041754843,0.489905340341701,HM,NA,valid,FALSE,FALSE,19.233367798045492,0.41986285394534,0.964405663224065,1.6176942116221996e-140,0.489905340341701,0.966026128104196,0,NA,0,0,FALSE,valid,ghost,NA
Mar_23_161_CP40_stem,2023-03-15,CP40,tree,stem,NA,LGR3,rebuild fit (stage 03),14:19:00,14:21:00,2023,3,dry,21.626111110666667,23.9,NA,10,NA,NA,460.99555555555554,107.68,1366.9955555555557,0.0698751824835849,LM,SE | AICc | g-fact. > 2 | Intercept,valid,TRUE,FALSE,2.706542575808323,0.0698751824835849,0.0415254117026455,0.0076150429633338,0.186649779705311,0.0478109727126428,0.691597603292228,HM,NA,valid,FALSE,FALSE,20.594343887582703,0.623184571950326,0.976963588549405,7.658380497672278e-121,0.691597603292228,0.977713566741736,0,NA,0,0,FALSE,valid,ghost,NA
Mar_23_162_CP40_stem,2023-03-15,CP40,tree,stem,NA,LGR3,rebuild fit (stage 03),14:24:00,14:27:00,2023,3,dry,21.649999999,23.9,NA,10,NA,NA,460.99555555555554,107.68,1366.9955555555557,0.0918497596922291,HM,AICc,valid,FALSE,FALSE,2.478521658250445,0.0915519379340576,0.256849442677256,5.01894729227114e-20,0.0918497596922291,0.256787962919735,0.639281565310633,HM,NA,valid,FALSE,FALSE,53.864715372232375,0.602253501503536,0.993539491733596,7.94221110709664e-293,0.639281565310633,0.993784226411153,0,NA,0,0,FALSE,valid,ghost,NA
Mar_23_163_CP40_stem,2023-03-15,CP40,tree,stem,NA,LGR3,rebuild fit (stage 03),14:45:00,14:48:00,2023,3,dry,21.75033333,23.7,NA,10,NA,NA,254.53666666666663,40.45,1160.5366666666664,19.089416198155,HM,SE,valid,FALSE,FALSE,40.87021289445949,14.1226365383722,0.98191861590443,2.5718258534370896e-225,19.089416198155,0.988973645174588,1.00061362218986,HM,SE,valid,FALSE,FALSE,22.96691424782447,0.679857471510402,0.953903044527997,2.7595921506855997e-173,1.00061362218986,0.964617502010361,0,NA,0,0,FALSE,valid,ghost,NA
Mar_23_164_CP40_stem,2023-03-15,CP40,tree,stem,NA,LGR3,rebuild fit (stage 03),14:53:00,14:56:00,2023,3,dry,21.750422220666668,23.7,NA,10,NA,NA,254.53666666666663,40.45,1160.5366666666664,0.207831666687268,LM,SE | g-fact. > 2 | Intercept,valid,FALSE,FALSE,9.71987709329458,0.207831666687268,0.247634305711428,1.8617982055627698e-19,0.947653624626762,0.296653881131334,1.08778117104363,HM,SE,valid,FALSE,FALSE,31.53838578882538,0.828104803278042,0.97488156876167,1.1569229600634e-228,1.08778117104363,0.979993182778032,0,NA,0,0,FALSE,valid,ghost,NA
Mar_23_165_CP40_stem,2023-03-15,CP40,tree,stem,NA,LGR3,rebuild fit (stage 03),15:01:00,15:04:00,2023,3,dry,21.750511111333335,23.7,NA,10,NA,NA,254.53666666666663,40.45,1160.5366666666664,0.0667928259525006,HM,AICc | p-value | Intercept,valid,TRUE,FALSE,0.511774607189593,0.0399072514820065,0.00754699423975957,0.0741031768346284,0.0667928259525006,0.0078482308323452,0.544828313603118,HM,SE | Intercept (HM),valid,FALSE,FALSE,20.30580007714275,0.484337100617761,0.954313701861767,1.3570827468917496e-196,0.544828313603118,0.955202002075206,0,NA,0,0,FALSE,valid,ghost,NA
Mar_23_150_CP40_CWD,2023-03-15,CP40,tree,cwd,NA,LGR3,rebuild fit (stage 03),15:14:30,15:17:30,2023,3,dry,21.750661114333333,NA,NA,22,NA,NA,460.99555555555554,107.68,1366.9955555555557,0.0756556901459495,HM,AICc | Intercept,valid,TRUE,FALSE,1.2045445652340294,0.0753758900943741,0.0899584832272686,2.90897433123124e-6,0.0756556901459495,0.0899362099731021,0.637726607045206,HM,NA,valid,FALSE,FALSE,34.27620831294925,0.573944061092412,0.98686963143653506,4.39727982191165e-211,0.637726607045206,0.987606888317115,0,NA,0,0,FALSE,valid,ghost,NA
Mar_23_151_CP40_CWD,2023-03-15,CP40,tree,cwd,NA,LGR3,rebuild fit (stage 03),15:38:00,15:41:00,2023,3,dry,21.384711109333335,NA,NA,12,NA,NA,460.99555555555554,107.68,1366.9955555555557,0.43300642150621,HM,Intercept,valid,FALSE,FALSE,4.733339579884208,0.233034118717049,0.569440079431355,1.20909789479053e-36,0.43300642150621,0.585771907712547,0.717797487709226,HM,MAE | AICc,valid,FALSE,FALSE,34.10490100167683,0.70944420914433,0.989895034533506,9.490134332373899e-191,0.717797487709226,0.989796790435701,0,NA,0,0,FALSE,valid,ghost,NA
Mar_23_117_BL60_stem,2023-03-16,BL60,tree,stem,NA,LGR2,rebuild fit (stage 03),10:43:15,10:46:15,2023,3,dry,19.219283336666667,21.1,NA,0,NA,NA,254.53666666666663,40.45,1160.5366666666664,-0.374951147766471,HM,AICc | Intercept,valid,FALSE,TRUE,3.794812069587131,-0.374222857831569,0.559184033983158,6.96328622764218e-34,-0.374951147766471,0.559028870051882,1.45883783242398,HM,SE,valid,FALSE,FALSE,35.81910000061884,1.32584447243578,0.990236952815881,4.249632026585369e-182,1.45883783242398,0.990844960382681,0,NA,0,0,FALSE,valid,regenerating,NA
Mar_23_120_BL60_stem,2023-03-16,BL60,tree,stem,NA,LGR2,rebuild fit (stage 03),11:25:30,11:28:30,2023,3,dry,20.61356667,26.2,NA,0,NA,NA,254.53666666666663,40.45,1160.5366666666664,0.572388140212054,HM,SE | AICc | Intercept,valid,FALSE,FALSE,3.4325118320592103,0.397795124886007,0.460138624121511,5.78138938418648e-26,0.572388140212054,0.465662439017431,1.80193649256939,LM,RMSE | MAE | SE | AICc,valid,FALSE,TRUE,139.4738607794726,1.80193649256939,0.990831275408659,1.5380837783967797e-184,1.81469004241272,0.990676692778675,0,NA,0,0,FALSE,valid,regenerating,NA
Mar_23_121_BL60_stem,2023-03-16,BL60,tree,stem,NA,LGR2,rebuild fit (stage 03),11:38:30,11:41:30,2023,3,dry,20.966300003333338,26.2,NA,0,NA,NA,254.53666666666663,40.45,1160.5366666666664,0.210653930464993,HM,SE | AICc | Intercept,valid,FALSE,FALSE,1.3925470353265843,0.209455215202835,0.142177642607529,1.00204035726149e-7,0.210653930464993,0.142154941668805,3.672247091156,HM,SE,valid,FALSE,FALSE,51.07856934623338,2.74842985025976,0.988755932828021,1.31348697987983e-176,3.672247091156,0.995042399287797,0,NA,0,0,FALSE,valid,regenerating,NA
Mar_23_113_BL60_stem,2023-03-16,BL60,tree,stem,NA,LGR2,rebuild fit (stage 03),12:14:30,12:17:30,2023,3,dry,22.108955552333335,22.1,NA,0,NA,NA,254.53666666666663,40.45,1160.5366666666664,0.125285468857126,HM,AICc | Intercept,valid,TRUE,FALSE,1.1281664827435665,0.124898795030557,0.0967245235125208,1.20623619851888e-5,0.125285468857126,0.0967024382319439,0.680147334181964,HM,SE | AICc,valid,FALSE,FALSE,19.0138055398823,0.667673300789349,0.969397085542118,1.09842244330903e-137,0.680147334181964,0.969415275968635,0,NA,0,0,FALSE,valid,regenerating,NA
Mar_23_114_BL60_stem,2023-03-16,BL60,tree,stem,NA,LGR2,rebuild fit (stage 03),12:23:00,12:26:00,2023,3,dry,22.333688887333334,22.1,NA,0,NA,NA,254.53666666666663,40.45,1160.5366666666664,-0.0958726841236392,HM,AICc | Intercept,valid,TRUE,TRUE,0.9405279752123018,-0.095969956586044,0.0555810462994278,8.1698903300358e-4,-0.0958726841236392,0.0555573993558208,1.87607615039554,HM,SE | Intercept (LM),valid,FALSE,FALSE,42.461477005080624,1.27501080238144,0.981718208406397,1.0303439367434096e-157,1.87607615039554,0.992527137395185,0,NA,0,0,FALSE,valid,regenerating,NA
Mar_23_115_BL60_stem,2023-03-16,BL60,tree,stem,NA,LGR2,rebuild fit (stage 03),12:52:17,12:55:17,2023,3,dry,22.983627225555555,22.1,NA,0,NA,NA,254.53666666666663,40.45,1160.5366666666664,0.0703036585159064,LM,g-fact. > 2 | Intercept,valid,TRUE,FALSE,2.8947346460589416,0.0703036585159064,0.0393825837161543,0.00426708663907576,0.141380969140954,0.0557220285164456,0.883150505810472,HM,SE | Intercept (LM),valid,FALSE,FALSE,15.946561023796905,0.530734145299898,0.926563864224877,1.1845966601696e-103,0.883150505810472,0.946737840723825,0,NA,0,0,FALSE,valid,regenerating,NA
Mar_23_122_BL60_stem,2023-03-16,BL60,tree,stem,NA,LGR2,rebuild fit (stage 03),13:12:00,13:15:00,2023,3,dry,23.19196667,21.6,NA,0,NA,NA,254.53666666666663,40.45,1160.5366666666664,-0.119860036731582,LM,SE | g-fact. > 2 | Intercept,valid,TRUE,FALSE,4.804130896270428,-0.119860036731582,0.109262222300515,3.27464851446328e-6,-0.30530166466242,0.124138664335723,0.985286184216367,HM,SE | AICc | Intercept,valid,FALSE,FALSE,19.4200083436498,0.972057192077464,0.970742166396287,1.9650685516771e-139,0.985286184216367,0.970717760679433,0,NA,0,0,FALSE,valid,regenerating,NA
Mar_23_123_BL60_stem,2023-03-16,BL60,tree,stem,NA,LGR2,rebuild fit (stage 03),13:37:40,13:40:40,2023,3,dry,23.582051852666662,21.6,NA,0,NA,NA,254.53666666666663,40.45,1160.5366666666664,0.148499974321412,HM,AICc | Intercept,valid,TRUE,FALSE,1.6215194428303057,0.147988713403,0.184859939008366,9.23087510820109e-10,0.148499974321412,0.184819173052549,1.63966663193204,HM,SE,valid,FALSE,FALSE,29.27374059886308,1.10129307891679,0.972523065481171,7.11170269434364e-142,1.63966663193204,0.984326295402774,0,NA,0,0,FALSE,valid,regenerating,NA
Mar_23_124_BL60_root,2023-03-16,BL60,tree,root,NA,LGR2,rebuild fit (stage 03),13:53:12,13:56:12,2023,3,dry,23.83248,21.6,NA,0,NA,NA,254.53666666666663,40.45,1160.5366666666664,-0.127663766978117,HM,AICc | Intercept,valid,TRUE,FALSE,1.2650136736972284,-0.127310939375045,0.119587658269552,1.10847127663747e-6,-0.127663766978117,0.119555583184684,0.707335043838906,HM,SE,valid,FALSE,FALSE,17.09273576972805,0.567639648344142,0.955395207071543,4.87249756015421e-123,0.707335043838906,0.958693423799923,0,NA,0,0,FALSE,valid,regenerating,NA
Mar_23_126_BL60_stem,2023-03-16,BL60,tree,stem,NA,LGR2,rebuild fit (stage 03),14:49:00,14:52:00,2023,3,dry,24.520911108666667,24,NA,0,NA,NA,254.53666666666663,40.45,1160.5366666666664,0.377311533850584,LM,SE | g-fact. > 2 | Intercept (LM),valid,FALSE,FALSE,15.118879211394628,0.377311533850584,0.558369469955825,8.220160138828919e-34,0.974623351689648,0.606685222951193,1.56577432823395,HM,SE,valid,FALSE,FALSE,44.68623931347442,1.2703054438097101,0.990758904165811,3.1088337206157196e-184,1.56577432823395,0.993768685241995,0,NA,0,0,FALSE,valid,regenerating,NA
Mar_23_127_BL60_stem,2023-03-16,BL60,tree,stem,NA,LGR2,rebuild fit (stage 03),14:54:20,14:57:20,2023,3,dry,24.489681480222224,24,NA,0,NA,NA,254.53666666666663,40.45,1160.5366666666664,0.0831437185542938,LM,SE | g-fact. > 2 | Intercept,valid,TRUE,FALSE,3.2161241256883653,0.0831437185542938,0.0493465939968082,0.00154201286003508,0.176756297060927,0.0639082885476834,2.41880241792771,HM,SE,valid,FALSE,FALSE,24.386488724406384,2.13777739889203,0.979001219032232,2.5076440454038393e-152,2.41880241792771,0.980189959952897,0,NA,0,0,FALSE,valid,regenerating,NA
Mar_23_128_BL60_stem,2023-03-16,BL60,tree,stem,NA,LGR2,rebuild fit (stage 03),15:05:20,15:08:20,2023,3,dry,24.425270371555555,24,NA,0,NA,NA,254.53666666666663,40.45,1160.5366666666664,0.764381613623524,HM,SE | Intercept,valid,FALSE,FALSE,4.313676425796904,0.513666825317016,0.569680577011976,7.982740868559148e-35,0.764381613623524,0.575926214308703,2.32163852664678,HM,SE,valid,FALSE,TRUE,17.682987963286614,1.71377081238776,0.952426358015896,1.5597745533756198e-120,2.32163852664678,0.959840009891373,0,NA,0,0,FALSE,valid,regenerating,NA
Mar_23_94_SE1_leaves,2023-03-17,SE1,tree,leaves,NA,LGR2,rebuild fit (stage 03),10:50:00,11:00:00,2023,3,dry,21.99116667,NA,NA,NA,NA,NA,2232.644,351,3138.644,0.00277317473498496,HM,AICc | p-value | MDF | Intercept,valid,TRUE,TRUE,0.47713353650802515,0.002773124792542,0.0032625255327009,0.0971724387206242,0.00277317473498496,0.00326111509643201,-0.537793424366556,LM,SE | g-fact. > 2 | Intercept,valid,FALSE,FALSE,30.993136733103103,-0.537793424366556,0.640752436644688,1.09402815007161e-121,-3.76343316088582,0.95261179223008,0,NA,0,0,FALSE,valid,scrub,NA
Mar_23_95_SE1_leaves,2023-03-17,SE1,tree,leaves,NA,LGR2,rebuild fit (stage 03),11:09:00,11:12:00,2023,3,dry,22.75306667,NA,NA,NA,NA,NA,2232.644,351,3138.644,0.0402098296969628,HM,AICc | Intercept,valid,TRUE,FALSE,1.4273736252615308,0.0399943579726691,0.148511898214715,5.06146243555959e-8,0.0402098296969628,0.148485466599832,-1.69556072819319,HM,NA,valid,FALSE,FALSE,51.51010217664947,-1.15529152784322,0.983517889753986,9.650718668487736e-162,-1.69556072819319,0.994916064936736,0,NA,0,0,FALSE,valid,scrub,NA
Mar_23_96_SE1_leaves,2023-03-17,SE1,tree,leaves,NA,LGR2,rebuild fit (stage 03),11:18:00,11:21:00,2023,3,dry,23.083500003,NA,NA,NA,NA,NA,2232.644,351,3138.644,0.026101890896224,HM,AICc | Intercept,valid,TRUE,FALSE,0.8169972965568131,0.0260549580580336,0.0506989710803932,0.00134345579144347,0.026101890896224,0.0506846143057865,-2.82422453550188,HM,NA,valid,FALSE,FALSE,106.9490264996046,-1.76987820252477,0.98220981952176,8.981286469435467e-159,-2.82422453550188,0.998772800538023,0,NA,0,0,FALSE,valid,scrub,NA
Mar_23_97_SE1_leaves,2023-03-17,SE1,tree,leaves,NA,LGR2,rebuild fit (stage 03),11:33:00,11:36:00,2023,3,dry,23.532666668,NA,NA,NA,NA,NA,2232.644,351,3138.644,0.0441961828274813,HM,AICc,valid,TRUE,FALSE,0.8341763019465214,0.0239939861836598,0.0379767773317958,0.00492854474594623,0.0441961828274813,0.0395682280363312,-2.22772798712061,HM,Intercept (LM),valid,FALSE,FALSE,80.80405561739798,-1.7733548424297,0.994363060577232,1.8964989811249495e-203,-2.22772798712061,0.998068705296754,0,NA,0,0,FALSE,valid,scrub,NA
Mar_23_98_SE1_leaves,2023-03-17,SE1,tree,leaves,NA,LGR2,rebuild fit (stage 03),11:43:00,11:46:00,2023,3,dry,23.832111111333333,NA,NA,NA,NA,NA,2232.644,351,3138.644,0.0510563409609036,HM,AICc | Intercept,valid,TRUE,FALSE,1.0366811177427184,0.0315535970218393,0.0639948196854213,3.4668183023049e-4,0.0510563409609036,0.0659635388531832,-4.06304003916824,HM,SE,valid,FALSE,FALSE,89.98789743972488,-2.7328254523714,0.986443687317296,2.4431477627677388e-169,-4.06304003916824,0.998318886111202,0,NA,0,0,FALSE,valid,scrub,NA
Mar_23_106_SE1_stem,2023-03-17,SE1,tree,stem,NA,LGR3,rebuild fit (stage 03),09:58:00,10:01:00,2023,3,dry,19.854922223666662,20.3,NA,15,NA,NA,351.02606821205336,125.67941410685968,1257.0260682120531,-0.018750453946254,HM,AICc | p-value | Intercept,valid,TRUE,TRUE,1.413744514963488,-0.018762575169303,0.0062750634730071,0.132997263148827,-0.018750453946254,0.00626742907915612,0.29577569390465003,HM,NA,valid,FALSE,FALSE,18.85738586533726,0.225696106521013,0.955746091461784,2.89076437403476e-138,0.29577569390465003,0.960947542164389,0,NA,0,0,FALSE,valid,scrub,NA
Mar_23_107_SE1_root,2023-03-17,SE1,tree,root,NA,LGR3,rebuild fit (stage 03),10:10:00,10:13:00,2023,3,dry,20.38838889166667,20.3,NA,15,NA,NA,351.02606821205336,125.67941410685968,1257.0260682120531,5.04132782118984,HM,NA,valid,FALSE,FALSE,82.70959102074923,3.22143230214153,0.98207492541797,5.07474566579737e-252,5.04132782118984,0.996769204710796,0.569678123737689,HM,NA,valid,FALSE,FALSE,64.73481223304218,0.553469444794868,0.995608148073624,0,0.569678123737689,0.995663054402576,0,NA,0,0,FALSE,valid,scrub,NA
Mar_23_108_SE1_root,2023-03-17,SE1,tree,root,NA,LGR3,rebuild fit (stage 03),10:34:30,10:37:30,2023,3,dry,21.37766667,20.3,NA,15,NA,NA,230.59773064631244,47.877872040708446,1136.5977306463124,0.793582892059575,HM,SE | AICc,valid,FALSE,TRUE,3.675703258544013,0.793671646074289,0.47478722803552,4.53585647894715e-35,0.793582892059575,0.474614478472667,-0.494893734845937,HM,SE | AICc,valid,FALSE,TRUE,18.16748890918372,-0.489259196185427,0.95699086084195,1.85322162050006e-163,-0.494893734845937,0.956358202747048,0,NA,0,0,FALSE,valid,scrub,NA
Mar_23_109_SE1_stem,2023-03-17,SE1,tree,stem,NA,LGR3,rebuild fit (stage 03),10:52:30,10:55:30,2023,3,dry,22.09141667,20.6,NA,10,NA,NA,220.06459879735655,57.45344644885014,1126.064598797357,0.481648379398434,HM,SE | AICc,valid,FALSE,TRUE,0.5821455145730611,0.482066021531565,0.0226200798840636,0.0229778845559769,0.481648379398434,0.0226084786824087,0.953363419064455,HM,SE | Intercept (LM),valid,FALSE,FALSE,19.981573448383138,0.636830121806779,0.954917863069109,2.53996341576477e-125,0.953363419064455,0.96616332704649,0,NA,0,0,FALSE,valid,scrub,NA
Mar_23_110_SE1_stem,2023-03-17,SE1,tree,stem,NA,LGR3,rebuild fit (stage 03),11:00:00,11:03:00,2023,3,dry,22.39216667,20.6,NA,10,NA,NA,193.25299045455984,76.60459526513351,1099.25299045456,-0.0225388612554313,LM,g-fact. > 2 | p-value | Intercept,valid,TRUE,FALSE,1.5317961886200882,-0.0225388612554313,0.00643144540502794,0.127099543606635,-0.0476031568520671,0.0172152753360608,0.290307281476867,HM,SE | Intercept (LM),valid,FALSE,FALSE,8.541484325555032,0.153996157252126,0.782608993919085,9.63107333348069e-71,0.290307281476867,0.807655154015955,0,NA,0,0,FALSE,valid,scrub,NA
Mar_23_111_SE1_root,2023-03-17,SE1,tree,root,NA,LGR3,rebuild fit (stage 03),11:07:00,11:10:00,2023,3,dry,22.67286667,20.6,NA,10,NA,NA,210.9079557695711,64.6351272549564,1116.9079557695711,5.80559029023208,LM,SE | g-fact. > 2 | Intercept (LM),valid,FALSE,FALSE,51.61380861621281,5.80559029023208,0.930467850517712,8.477050868248558e-117,14.7664580590268,0.994980900435966,1.493132619566,HM,SE | Intercept (LM),valid,FALSE,FALSE,32.36093869300826,0.826325425302341,0.958524148093154,5.0962699693219584e-139,1.493132619566,0.984634457307701,0,NA,0,0,FALSE,valid,scrub,NA
Mar_23_100_SE1_stem,2023-03-17,SE1,tree,stem,NA,LGR3,rebuild fit (stage 03),11:18:30,11:21:30,2023,3,dry,23.098472225166667,21.7,NA,7,NA,NA,172.6056581370043,88.57406327531064,1078.6056581370044,0.00954982251699502,HM,AICc | p-value | MDF | Intercept,valid,TRUE,FALSE,0.22983870076118468,0.00781597432234525,-0.00107963704906799,0.386431102043947,0.00954982251699502,-0.0010239599528783,0.32377379037154,HM,NA,valid,FALSE,FALSE,19.250531119551592,0.221537670045274,0.945540526194436,2.6927336363718093e-146,0.32377379037154,0.955647553973544,0,NA,0,0,FALSE,valid,scrub,NA
Mar_23_101_SE1_root,2023-03-17,SE1,tree,root,NA,LGR3,rebuild fit (stage 03),11:46:15,11:49:15,2023,3,dry,23.926166666666667,21.7,NA,7,NA,NA,220.06459879735655,57.45344644885014,1126.064598797357,0.0936169097041381,LM,SE | g-fact. > 2 | Intercept (LM),valid,TRUE,FALSE,4.275082276446675,0.0936169097041381,0.0880204450532175,3.11011139181847e-5,0.265887383147324,0.101204132516969,0.612407958856563,HM,NA,valid,FALSE,FALSE,17.87277445533165,0.476979077417426,0.957624668450681,2.40929428584233e-124,0.612407958856563,0.961780513868109,0,NA,0,0,FALSE,valid,scrub,NA
Mar_23_102_SE1_root,2023-03-17,SE1,tree,root,NA,LGR3,rebuild fit (stage 03),11:54:00,11:57:00,2023,3,dry,24.138,21.7,NA,7,NA,NA,207.6163520667724,67.02902085699182,1113.6163520667724,1.17205186645425,HM,AICc,valid,FALSE,FALSE,8.441475064210712,0.99823464769046,0.878902815842866,9.9663159564627e-67,1.17205186645425,0.880456249692534,0.238454649710103,HM,SE | AICc | Intercept,valid,FALSE,FALSE,5.64728825600104,0.199583919715054,0.763858510757742,2.9917311733384403e-46,0.238454649710103,0.765528000421896,0,NA,0,0,FALSE,valid,scrub,NA
Mar_23_103_SE1_stem,2023-03-17,SE1,tree,stem,NA,LGR3,rebuild fit (stage 03),12:01:30,12:04:30,2023,3,dry,24.343,21.7,NA,10,NA,NA,153.93328804112804,98.1496376834523,1059.933288041128,9.1193156139205e-4,HM,AICc | p-value | MDF | Intercept,valid,TRUE,FALSE,0.02309064644023231,9.3276863515432e-4,-0.00555287124144432,0.93833046848152,9.1193156139205e-4,-0.0055535861721514,0.311860445367926,LM,SE | g-fact. > 2 | Intercept (LM),valid,FALSE,FALSE,38.878568791100186,0.311860445367926,0.893525334999025,3.318375273939839e-89,0.806342568671981,0.964357088945965,0,NA,0,0,FALSE,valid,scrub,NA
Mar_23_104_SE1_root,2023-03-17,SE1,tree,root,NA,LGR3,rebuild fit (stage 03),12:07:30,12:10:30,2023,3,dry,24.507,21.7,NA,7,NA,NA,153.93328804112804,98.1496376834523,1059.933288041128,6.45029123246475,HM,NA,valid,FALSE,FALSE,53.97265228975553,5.0233618506547,0.990849643656795,1.0154119767673999e-189,6.45029123246475,0.995518279162261,0.840958810763724,HM,NA,valid,FALSE,FALSE,45.55915385270224,0.719246104670775,0.992288538849771,1.4811864388984599e-196,0.840958810763724,0.993991765078394,0,NA,0,0,FALSE,valid,scrub,NA
Mar_23_71_FLM30_stem,2023-03-18,FLM30,tree,stem,NA,LGR2,rebuild fit (stage 03),10:51:00,10:54:00,2023,3,dry,24.890933334,NA,NA,9,NA,NA,460.99555555555554,107.68,1366.9955555555557,41.5562423798826,HM,NA,valid,FALSE,TRUE,578.9767437174559,40.7906545357135,0.999943898180819,0,41.5562423798826,0.999965961337345,1.20447984241568,HM,AICc,valid,FALSE,TRUE,65.78061365971834,1.18603696908688,0.9973833006504,2.80472997210315e-233,1.20447984241568,0.99737490672648,0,NA,0,0,FALSE,valid,ghost,NA
Mar_23_72_FLM30_stem,2023-03-18,FLM30,tree,stem,NA,LGR2,rebuild fit (stage 03),10:59:30,11:02:30,2023,3,dry,25.06792222383333,NA,NA,9,NA,NA,1106.6016666666667,213.35,2012.601666666667,3.12805486522485,HM,MAE | AICc,valid,FALSE,FALSE,66.82800711080289,3.07917113007403,0.99746245029855,1.7947729578741798e-234,3.12805486522485,0.997456487600015,1.36080170727001,HM,NA,valid,FALSE,FALSE,101.95176240975208,1.21925431085101,0.99803545705442,2.02157880396049e-244,1.36080170727001,0.998852967586357,0,NA,0,0,FALSE,valid,ghost,NA
Mar_23_73_FLM30_stem,2023-03-18,FLM30,tree,stem,NA,LGR2,rebuild fit (stage 03),11:08:30,11:11:30,2023,3,dry,25.255322224833336,NA,NA,9,NA,NA,1106.6016666666667,213.35,2012.601666666667,0.424527203278424,HM,Intercept,valid,FALSE,FALSE,10.262111940954917,0.318574393737136,0.88486181243820194,3.66096014934003e-86,0.424527203278424,0.890140661705916,1.14568664867619,HM,NA,valid,FALSE,FALSE,82.22671143441555,1.069537598195,0.997952658614887,8.13449264332758e-243,1.14568664867619,0.998272229507882,0,NA,0,0,FALSE,valid,ghost,NA
Mar_23_74_FLM30_stem,2023-03-18,FLM30,tree,stem,NA,LGR2,rebuild fit (stage 03),11:18:00,11:21:00,2023,3,dry,25.451033336,NA,NA,9,NA,NA,254.53666666666663,40.45,1160.5366666666664,69.1183906402004,HM,SE,valid,FALSE,FALSE,100.01076947218895,45.1722874222799,0.984906720132319,3.6538095614104093e-165,69.1183906402004,0.998621333164885,25.3752018077086,HM,SE | Intercept (LM),valid,FALSE,FALSE,85.12363169577031,15.3294435812268,0.979199177413185,1.07413255525367e-152,25.3752018077086,0.998033420430133,0,NA,0,0,FALSE,valid,ghost,NA
Mar_23_75_FLM30_stem,2023-03-18,FLM30,tree,stem,NA,LGR2,rebuild fit (stage 03),11:31:00,11:34:00,2023,3,dry,25.712622222,NA,NA,15,NA,NA,460.99555555555554,107.68,1366.9955555555557,2.71563268202935,HM,NA,valid,FALSE,FALSE,50.69653524161996,2.25303247420058,0.992802715305022,5.977279614145319e-194,2.71563268202935,0.995203047734763,1.59393380592981,HM,NA,valid,FALSE,FALSE,101.02082537646426,1.49005805839827,0.998544198526203,4.532293449023169e-256,1.59393380592981,0.998855859369322,0,NA,0,0,FALSE,valid,ghost,NA
Mar_23_77_FLM30_stem,2023-03-18,FLM30,tree,stem,NA,LGR2,rebuild fit (stage 03),11:41:30,11:44:30,2023,3,dry,25.923905553,NA,NA,15,NA,NA,460.99555555555554,107.68,1366.9955555555557,0.0641615217688865,HM,AICc | Intercept,valid,TRUE,FALSE,1.308581062246094,0.0512857646207231,0.11449282614848,1.89382471338985e-6,0.0641615217688865,0.115310137092417,2.66958640100928,HM,NA,valid,FALSE,FALSE,130.3331081949095,2.03297628409237,0.993901275426825,2.1805333027362398e-200,2.66958640100928,0.999241257065739,0,NA,0,0,FALSE,valid,ghost,NA
Mar_23_88_FLM30_stem,2023-03-18,FLM30,tree,stem,NA,LGR2,rebuild fit (stage 03),11:57:00,12:00:00,2023,3,dry,26.19713333,24.9,NA,5,NA,NA,460.99555555555554,107.68,1366.9955555555557,3.76060341374198,HM,NA,valid,FALSE,FALSE,81.6277408654148,3.4630410247119,0.997760977314477,2.44950278224981e-239,3.76060341374198,0.99823582959639,1.62363229837682,HM,NA,valid,FALSE,FALSE,110.36303348023692,1.48038806388554,0.998438604638285,2.38836642929258e-253,1.62363229837682,0.999029413681885,0,NA,0,0,FALSE,valid,ghost,NA
Mar_23_89_FLM30_stem,2023-03-18,FLM30,tree,stem,NA,LGR2,rebuild fit (stage 03),12:02:30,12:05:30,2023,3,dry,26.29008333,24.9,NA,5,NA,NA,460.99555555555554,107.68,1366.9955555555557,3.25370449832469,HM,NA,valid,FALSE,FALSE,68.6333282671638,2.92051509838124,0.996645396556552,1.2704804893456294e-223,3.25370449832469,0.99747457239134,1.60246888786769,HM,NA,valid,FALSE,FALSE,97.15496744617994,1.41736212640561,0.997679043123349,6.110308842759739e-238,1.60246888786769,0.998729024075189,0,NA,0,0,FALSE,valid,ghost,NA
Mar_23_90_FLM30_stem,2023-03-18,FLM30,tree,stem,NA,LGR2,rebuild fit (stage 03),12:09:30,12:12:30,2023,3,dry,26.40838333,24.9,NA,5,NA,NA,460.99555555555554,107.68,1366.9955555555557,-0.0729535158128525,HM,AICc,valid,TRUE,FALSE,1.9468849404023487,-0.0690064019682974,0.242681131828528,1.12338121372959e-12,-0.0729535158128525,0.24273592522399,1.29511524961812,HM,NA,valid,FALSE,FALSE,76.56856976798812,1.1207194220778,0.996451322678125,1.95018569751342e-221,1.29511524961812,0.997933540113834,0,NA,0,0,FALSE,valid,ghost,NA
Mar_23_91_FLM30_stem,2023-03-18,FLM30,tree,stem,NA,LGR2,rebuild fit (stage 03),12:19:30,12:22:30,2023,3,dry,26.5581333305,24.6,NA,5,NA,NA,460.99555555555554,107.68,1366.9955555555557,36.3055812632015,HM,NA,valid,FALSE,TRUE,341.55054910538564,33.0258492400062,0.999273843961633,4.17541829946489e-283,36.3055812632015,0.999898438993414,1.9167537382975,HM,NA,valid,FALSE,FALSE,103.03434559299144,1.63888620487767,0.997118123106942,1.5846410229401993e-229,1.9167537382975,0.998851053972832,0,NA,0,0,FALSE,valid,ghost,NA
Mar_23_92_FLM30_stem,2023-03-18,FLM30,tree,stem,NA,LGR2,rebuild fit (stage 03),12:26:00,12:29:00,2023,3,dry,26.640177775666668,24.6,NA,5,NA,NA,460.99555555555554,107.68,1366.9955555555557,-0.726733986980706,HM,Intercept (HM),valid,FALSE,FALSE,12.92796756217224,-0.55074858113535,0.923097440487816,7.36448604302706e-102,-0.726733986980706,0.92819622422841,1.63991401508109,HM,NA,valid,FALSE,FALSE,73.01633206507036,1.43530975778893,0.996539552404333,2.0485335640118095e-222,1.63991401508109,0.997740659414801,0,NA,0,0,FALSE,valid,ghost,NA
Mar_23_93_FLM30_stem,2023-03-18,FLM30,tree,stem,NA,LGR2,rebuild fit (stage 03),12:33:00,12:36:00,2023,3,dry,26.728533332,24.6,NA,5,NA,NA,460.99555555555554,107.68,1366.9955555555557,-0.0652416480416531,HM,AICc | Intercept,valid,FALSE,TRUE,4.51259838542445,-0.0650773040423,0.464309551389756,1.01388709610025e-52,-0.0652416480416531,0.464194121163906,2.19237427583412,HM,Intercept (LM),valid,FALSE,FALSE,131.6120171272838,1.20602698783675,0.971956440243841,8.432282648508618e-292,2.19237427583412,0.998231536183835,0,NA,0,0,FALSE,valid,ghost,NA
Mar_23_82_FLM30_stem,2023-03-18,FLM30,tree,stem,NA,LGR2,rebuild fit (stage 03),12:48:00,12:51:00,2023,3,dry,26.862133333,25.9,NA,5,NA,NA,254.53666666666663,40.45,1160.5366666666664,15.7353115886009,HM,NA,valid,FALSE,FALSE,151.15156086410772,15.3515658590619,0.999457694750828,1.87629331384987e-293,15.7353115886009,0.999499371612935,4.90792297861116,HM,NA,valid,FALSE,FALSE,149.48335524857376,4.78296423746573,0.99944251648659,2.21947208873453e-293,4.90792297861116,0.999487854749417,0,NA,0,0,FALSE,valid,ghost,NA
Mar_23_83_FLM30_stem,2023-03-18,FLM30,tree,stem,NA,LGR2,rebuild fit (stage 03),12:54:00,12:57:00,2023,3,dry,26.826399999,25.9,NA,5,NA,NA,254.53666666666663,40.45,1160.5366666666664,0.291172054343708,HM,AICc | Intercept,valid,FALSE,FALSE,3.445688224269246,0.289344321161014,0.510344955255507,8.83497157918875e-30,0.291172054343708,0.510258058735241,6.6592730054873,HM,SE | Intercept (LM),valid,FALSE,FALSE,79.5086907644538,4.64756485949606,0.988819291226842,7.920826507129529e-177,6.6592730054873,0.997882068165979,0,NA,0,0,FALSE,valid,ghost,NA
Mar_23_84_FLM30_stem,2023-03-18,FLM30,tree,stem,NA,LGR2,rebuild fit (stage 03),13:00:30,13:03:30,2023,3,dry,26.787688887166667,25.9,NA,5,NA,NA,254.53666666666663,40.45,1160.5366666666664,0.397432995516123,HM,AICc | Intercept,valid,FALSE,FALSE,4.370780993087792,0.371090625369867,0.619234666402755,1.34611787733122e-39,0.397432995516123,0.619435540221449,6.80948326531069,HM,SE,valid,FALSE,FALSE,169.50415735253253,6.32823628187615,0.999222074054565,1.98382881951715e-280,6.80948326531069,0.999592117226111,0,NA,0,0,FALSE,valid,ghost,NA
Mar_23_85_FLM30_stem,2023-03-18,FLM30,tree,stem,NA,LGR2,rebuild fit (stage 03),13:18:30,13:21:30,2023,3,dry,26.777477774833333,25.4,NA,2,NA,NA,1106.6016666666667,213.35,2012.601666666667,7.01691738123615,HM,NA,valid,FALSE,FALSE,171.22879107218225,6.44462356657288,0.999096815543778,1.26051995993239e-274,7.01691738123615,0.999597977766533,1.3981382855227,HM,NA,valid,FALSE,FALSE,122.36401167582592,1.27910315115494,0.998667249557896,1.67366917103365e-259,1.3981382855227,0.999211565668356,0,NA,0,0,FALSE,valid,ghost,NA
Mar_23_86_FLM30_stem,2023-03-18,FLM30,tree,stem,NA,LGR2,rebuild fit (stage 03),13:29:30,13:32:30,2023,3,dry,27.016788887166665,25.4,NA,2,NA,NA,460.99555555555554,107.68,1366.9955555555557,0.0384785294515023,LM,AICc | g-fact. > 2 | Intercept,valid,TRUE,FALSE,3.698358819667785,0.0384785294515023,0.0657982195667121,2.8845322981411e-4,0.0784862041241872,0.0720482436786514,2.85666462231201,HM,NA,valid,FALSE,FALSE,182.34079675567153,2.59742460463163,0.999019290630142,2.0018551522352e-271,2.85666462231201,0.999643701852101,0,NA,0,0,FALSE,valid,ghost,NA
Mar_23_80_FLM30_stem,2023-03-18,FLM30,tree,stem,NA,LGR2,rebuild fit (stage 03),13:47:45,13:50:45,2023,3,dry,27.394058333333337,25.7,NA,0,NA,NA,460.99555555555554,107.68,1366.9955555555557,0.0733131539785858,LM,g-fact. > 2 | Intercept (LM),valid,TRUE,FALSE,6.639925981055821,0.0733131539785858,0.193145718625397,3.62533814291041e-10,0.219361587467472,0.209350315542797,2.01402153682916,HM,NA,valid,FALSE,FALSE,128.342092041127,1.68275573705535,0.996976774234599,1.1511384811369995e-227,2.01402153682916,0.999250887769014,0,NA,0,0,FALSE,valid,ghost,NA
Mar_23_79_FLM30_stem,2023-03-18,FLM30,tree,stem,NA,LGR2,rebuild fit (stage 03),13:53:15,13:56:15,2023,3,dry,27.474175,25.7,NA,0,NA,NA,460.99555555555554,107.68,1366.9955555555557,0.102125650847288,HM,AICc | Intercept,valid,FALSE,FALSE,2.657706164500202,0.101116481711041,0.381531329019003,1.2157198888635399e-20,0.102125650847288,0.381485740330075,2.18322041360022,HM,NA,valid,FALSE,FALSE,135.38066218578678,2.02818547890879,0.998986060084875,3.9507030435788905e-270,2.18322041360022,0.999360685954548,0,NA,0,0,FALSE,valid,ghost,NA
Mar_23_78_FLM30_stem,2023-03-18,FLM30,tree,stem,NA,LGR2,rebuild fit (stage 03),14:06:30,14:09:30,2023,3,dry,27.667183333333337,25.7,NA,0,NA,NA,1106.6016666666667,213.35,2012.601666666667,2.994917032022,HM,AICc,valid,FALSE,FALSE,43.30604736767961,2.94822510367954,0.993966870350872,8.283697085624879e-201,2.994917032022,0.993963266496498,1.11885017843076,HM,NA,valid,FALSE,FALSE,32.79891592852033,0.829391497828389,0.981191927185505,1.3068714017744194e-156,1.11885017843076,0.988008122969318,0,NA,0,0,FALSE,valid,ghost,NA
Mar_23_81_FLM30_stem,2023-03-18,FLM30,tree,stem,NA,LGR2,rebuild fit (stage 03),14:23:30,14:26:30,2023,3,dry,27.6780444435,NA,NA,NA,NA,NA,254.53666666666663,40.45,1160.5366666666664,2.19622578310721,HM,AICc,valid,FALSE,TRUE,27.714886613485795,2.18062953571494,0.981220457595236,4.584689616543438e-205,2.19622578310721,0.981031362459289,7.49569294141237,HM,SE,valid,FALSE,FALSE,284.34772685847463,7.27772269323332,0.999755324650185,0,7.49569294141237,0.999814227128993,0,NA,0,0,FALSE,valid,ghost,NA
Mar_23_49_FLM30_stem,2023-03-18,FLM30,tree,stem,NA,LGR3,rebuild fit (stage 03),10:25:40,10:28:40,2023,3,dry,23.976125923777776,23.3,NA,2,NA,NA,1106.6016666666667,213.35,2012.601666666667,108.782283582842,LM,RMSE | MAE | SE | AICc,valid,FALSE,TRUE,25.031194528757375,108.782283582842,0.809723701356829,1.1028064957234799e-54,109.033409685325,0.80950439135064,0.953217791538351,HM,RMSE | AICc,valid,FALSE,TRUE,39.62016288033968,0.942803516189138,0.994229920459103,1.4795018719616695e-165,0.953217791538351,0.994121781018672,0,NA,0,0,FALSE,valid,ghost,NA
Mar_23_50_FLM30_stem,2023-03-18,FLM30,tree,stem,NA,LGR3,rebuild fit (stage 03),10:33:49,10:36:49,2023,3,dry,24.30909870246111,23.3,NA,2,NA,NA,1106.6016666666667,213.35,2012.601666666667,0.711790242561637,HM,NA,valid,FALSE,FALSE,13.820183050403465,0.625813649727764,0.938045882622872,2.73209044154222e-113,0.711790242561637,0.939111176217388,2.06333201435299,HM,NA,valid,FALSE,FALSE,114.90405315169797,1.94497374167654,0.998859601668653,6.336220737481808e-273,2.06333201435299,0.99909474931715,0,NA,0,0,FALSE,valid,ghost,NA
Mar_23_51_FLM30_stem,2023-03-18,FLM30,tree,stem,NA,LGR3,rebuild fit (stage 03),10:42:30,10:45:30,2023,3,dry,24.66386111083333,23.3,NA,2,NA,NA,1106.6016666666667,213.35,2012.601666666667,0.185893530048561,LM,g-fact. > 2 | Intercept (LM),valid,FALSE,FALSE,25.72357255940541,0.185893530048561,0.723104546532036,1.92889072182321e-72,0.421730113462145,0.761678593076399,2.40500860843551,HM,NA,valid,FALSE,FALSE,184.7837594037603,2.26803051583513,0.999290329109054,0,2.40500860843551,0.999521820314689,0,NA,0,0,FALSE,valid,ghost,NA
Mar_23_52_FLM30_stem,2023-03-18,FLM30,tree,stem,NA,LGR3,rebuild fit (stage 03),10:55:30,10:58:30,2023,3,dry,24.9846333345,24.8,NA,2,NA,NA,1106.6016666666667,213.35,2012.601666666667,5.65833857002272,HM,AICc,valid,FALSE,TRUE,40.94952922656296,5.61058073208681,0.994373687139252,3.06035759760141e-174,5.65833857002272,0.994242460501609,1.12783920678544,HM,NA,valid,FALSE,FALSE,54.956046790015584,1.02810676090497,0.996066652366937,3.91382705412114e-186,1.12783920678544,0.996655144868373,0,NA,0,0,FALSE,valid,ghost,NA
Mar_23_53_FLM30_stem,2023-03-18,FLM30,tree,stem,NA,LGR3,rebuild fit (stage 03),11:03:38,11:06:38,2023,3,dry,25.15398740947778,24.8,NA,2,NA,NA,1106.6016666666667,213.35,2012.601666666667,0.0496499188843175,LM,g-fact. > 2 | Intercept,valid,TRUE,FALSE,2.454922475350078,0.0496499188843175,0.0411929950726482,0.0155757595164889,0.127755168027807,0.0662268761006064,1.80625996950841,HM,SE,valid,FALSE,FALSE,50.51114856833181,1.61571399895723,0.996088588603228,1.02030663819668e-141,1.80625996950841,0.99695731538807,0,NA,0,0,FALSE,valid,ghost,NA
Mar_23_54_FLM30_stem,2023-03-18,FLM30,tree,stem,NA,LGR3,rebuild fit (stage 03),11:12:00,11:15:00,2023,3,dry,25.328200003000003,24.8,NA,2,NA,NA,1106.6016666666667,213.35,2012.601666666667,0.0911956083979117,LM,g-fact. > 2 | Intercept,valid,FALSE,FALSE,10.699430260758524,0.0911956083979117,0.331343539382821,6.50494146952002e-22,0.214621303967617,0.349047617218264,1.88958850554105,HM,NA,valid,FALSE,FALSE,139.76513287056508,1.81883587545926,0.999152192036301,0,1.88958850554105,0.99925099374943,0,NA,0,0,FALSE,valid,ghost,NA
Mar_23_43_FLM30_stem,2023-03-18,FLM30,tree,stem,NA,LGR3,rebuild fit (stage 03),11:21:30,11:24:30,2023,3,dry,25.521461113,24,NA,0,NA,NA,1106.6016666666667,213.35,2012.601666666667,10.7596475749103,HM,NA,valid,FALSE,FALSE,131.73395255871318,8.20120713010429,0.994064887177194,2.6721794007665396e-190,10.7596475749103,0.999298639491879,1.65207630092699,HM,NA,valid,FALSE,FALSE,92.7143028493979,1.40851828676837,0.996865449944913,9.9614352527358e-214,1.65207630092699,0.998657796028061,0,NA,0,0,FALSE,valid,ghost,NA
Mar_23_44_FLM30_stem,2023-03-18,FLM30,tree,stem,NA,LGR3,rebuild fit (stage 03),11:32:00,11:35:00,2023,3,dry,25.732744444,24,NA,0,NA,NA,1106.6016666666667,213.35,2012.601666666667,0.168613743112817,HM,AICc | Intercept,valid,FALSE,FALSE,3.624016293577731,0.167471416741673,0.538481056521908,9.39539035114094e-32,0.168613743112817,0.538406135601814,1.80261511707982,HM,NA,valid,FALSE,FALSE,122.16431821441486,1.74105560735815,0.999156405935869,3.3404131159628595e-274,1.80261511707982,0.999238465611902,0,NA,0,0,FALSE,valid,ghost,NA
Mar_23_45_FLM30_stem,2023-03-18,FLM30,tree,stem,NA,LGR3,rebuild fit (stage 03),11:39:30,11:42:30,2023,3,dry,25.883661109,24,NA,0,NA,NA,1106.6016666666667,213.35,2012.601666666667,0.118212042444832,HM,AICc | Intercept,valid,FALSE,TRUE,1.9687374430815825,0.118099053211571,0.28137530660022,6.4092499575202105e-13,0.118212042444832,0.28128340634699,2.2556680223973,HM,NA,valid,FALSE,FALSE,107.45521772045451,2.07172287688223,0.998622894562079,1.957928381175729e-222,2.2556680223973,0.999120611646785,0,NA,0,0,FALSE,valid,ghost,NA
Mar_23_46_FLM30_stem,2023-03-18,FLM30,tree,stem,NA,LGR3,rebuild fit (stage 03),11:53:05,11:56:05,2023,3,dry,26.130941663333335,24.3,NA,0,NA,NA,1106.6016666666667,213.35,2012.601666666667,97.4656783006939,HM,SE,valid,FALSE,TRUE,339.0451931209176,91.9856518104468,0.999691724821636,2.3998564474071698e-237,97.4656783006939,0.999923961233072,2.05411528830535,HM,NA,valid,FALSE,FALSE,82.92037823053697,1.90235021981656,0.998308859987052,8.121322053991929e-188,2.05411528830535,0.998718302411341,0,NA,0,0,FALSE,valid,ghost,NA
Mar_23_47_FLM30_stem,2023-03-18,FLM30,tree,stem,NA,LGR3,rebuild fit (stage 03),11:59:47,12:02:47,2023,3,dry,26.244171663333333,24.3,NA,0,NA,NA,1106.6016666666667,213.35,2012.601666666667,0.938557517072006,HM,Intercept,valid,FALSE,FALSE,8.836697205209308,0.484262152712973,0.829509826087552,4.2493383610405895e-60,0.938557517072006,0.858522378246683,1.62450875582672,HM,NA,valid,FALSE,FALSE,74.60249510818335,1.47789862171539,0.997593768167634,7.705359469328188e-200,1.62450875582672,0.998203750817833,0,NA,0,0,FALSE,valid,ghost,NA
Mar_23_48_FLM30_stem,2023-03-18,FLM30,tree,stem,NA,LGR3,rebuild fit (stage 03),12:06:45,12:09:45,2023,3,dry,26.36190833,24.3,NA,0,NA,NA,1106.6016666666667,213.35,2012.601666666667,0.117092387591459,LM,g-fact. > 2 | Intercept (HM),valid,FALSE,FALSE,9.548996427433035,0.117092387591459,0.340079215949085,1.22328993380029e-17,0.273432668838528,0.364114660227479,1.97845116923986,HM,NA,valid,FALSE,FALSE,112.35598122956368,1.81149160299788,0.99855288799656,3.376848860979999e-249,1.97845116923986,0.999091092319244,0,NA,0,0,FALSE,valid,ghost,NA
Mar_23_65_FLM30_stem,2023-03-18,FLM30,tree,stem,NA,LGR3,rebuild fit (stage 03),12:17:00,12:20:00,2023,3,dry,26.526577774666663,25.1,NA,3,NA,NA,1106.6016666666667,213.35,2012.601666666667,10.4879073359103,HM,SE,valid,FALSE,FALSE,48.57741809543701,6.92679337498,0.981830877730645,3.6614065629552e-136,10.4879073359103,0.995004207364344,1.13554340462648,HM,NA,valid,FALSE,FALSE,36.21296202198955,0.763724432186808,0.979774554855335,1.4110201000937998e-132,1.13554340462648,0.99111455788916,0,NA,0,0,FALSE,valid,ghost,NA
Mar_23_66_FLM30_stem,2023-03-18,FLM30,tree,stem,NA,LGR3,rebuild fit (stage 03),12:28:00,12:31:00,2023,3,dry,26.665422220333333,25.1,NA,3,NA,NA,1106.6016666666667,213.35,2012.601666666667,0.201903560303953,HM,SE | AICc | Intercept,valid,FALSE,TRUE,1.0006961406306918,0.202177832610012,0.0757165075590562,1.1386240469431e-4,0.201903560303953,0.0756797757334776,0.228894693080876,LM,SE | g-fact. > 2 | Intercept (LM),valid,FALSE,FALSE,21.862603845276855,0.228894693080876,0.72823325541184,3.58668759962516e-52,0.882186852523245,0.867653816358948,0,NA,0,0,FALSE,valid,ghost,NA
Mar_23_67_FLM30_stem,2023-03-18,FLM30,tree,stem,NA,LGR3,rebuild fit (stage 03),12:37:13,12:40:13,2023,3,dry,26.781757036172223,25.1,NA,3,NA,NA,1106.6016666666667,213.35,2012.601666666667,0.0696447939796362,HM,AICc,valid,FALSE,FALSE,5.204389841467793,0.069086238072839,0.493787485314309,2.93783886418372e-67,0.0696447939796362,0.493720671069623,1.76206617484129,HM,NA,valid,FALSE,FALSE,353.8550091871259,1.47995274706158,0.997646428447068,0,1.76206617484129,0.999759844071835,0,NA,0,0,FALSE,valid,ghost,NA
Mar_23_68_FLM30_stem,2023-03-18,FLM30,tree,stem,NA,LGR3,rebuild fit (stage 03),12:56:00,12:59:30,2023,3,dry,26.814488887666663,25.2,NA,1,NA,NA,1106.6016666666667,213.35,2012.601666666667,2.09229750230115,LM,SE | g-fact. > 2 | Intercept (HM),valid,FALSE,FALSE,39.614289722300825,2.09229750230115,0.861560656316224,5.5586658795646e-110,4.29023374721097,0.908044248040128,1.73821915153145,HM,NA,valid,FALSE,FALSE,120.104630223603,1.32748466991307,0.993553211630478,3.62193781879425e-277,1.73821915153145,0.998753717494682,0,NA,0,0,FALSE,valid,ghost,NA
Mar_23_70_FLM30_stem,2023-03-18,FLM30,tree,stem,NA,LGR3,rebuild fit (stage 03),13:05:00,13:08:00,2023,3,dry,26.760888886666667,25.2,NA,1,NA,NA,1106.6016666666667,213.35,2012.601666666667,7.09004659735287,HM,AICc,valid,FALSE,FALSE,50.92006930441271,6.9848929712781,0.995363079028351,4.6795435719027183e-225,7.09004659735287,0.995339887762109,1.82043085914926,HM,NA,valid,FALSE,FALSE,88.41996595840861,1.26705373345947,0.988616420627975,8.343546326582059e-188,1.82043085914926,0.998171281487903,0,NA,0,0,FALSE,valid,ghost,NA
Mar_23_69_FLM30_stem,2023-03-18,FLM30,tree,stem,NA,LGR3,rebuild fit (stage 03),13:15:30,13:18:30,2023,3,dry,26.712211107833333,25.2,NA,1,NA,NA,1106.6016666666667,213.35,2012.601666666667,0.333608415297069,HM,Intercept (HM),valid,FALSE,FALSE,8.061418455458588,0.206098491476634,0.765051780341908,4.4238514814709295e-76,0.333608415297069,0.778026184424808,3.09940906068834,HM,NA,valid,FALSE,FALSE,208.93834993310733,2.74412086561001,0.998607159320603,0,3.09940906068834,0.999639884931328,0,NA,0,0,FALSE,valid,ghost,NA
Mar_23_59_FLM30_stem,2023-03-18,FLM30,tree,stem,NA,LGR3,rebuild fit (stage 03),13:27:50,13:30:50,2023,3,dry,26.980529627722223,25.8,NA,1,NA,NA,1106.6016666666667,213.35,2012.601666666667,2.50550171960941,HM,NA,valid,FALSE,FALSE,27.087831010363168,2.34464847978972,0.988206708245892,1.93469289141223e-127,2.50550171960941,0.98852250980222,1.79642288974844,HM,NA,valid,FALSE,FALSE,57.98677926987828,1.70823769393413,0.997317402875904,3.05134636604771e-169,1.79642288974844,0.997492960119322,0,NA,0,0,FALSE,valid,ghost,NA
Mar_23_60_FLM30_stem,2023-03-18,FLM30,tree,stem,NA,LGR3,rebuild fit (stage 03),13:32:45,13:35:45,2023,3,dry,27.087494443083333,25.8,NA,1,NA,NA,1106.6016666666667,213.35,2012.601666666667,4.64775144513429,HM,SE,valid,FALSE,FALSE,29.029664521156313,2.60795994218757,0.9628298923023,3.41461029325921e-102,4.64775144513429,0.986478658805037,2.73981547667822,HM,SE,valid,FALSE,FALSE,48.32821196426243,1.80015495501058,0.982257836993895,1.11170431807606e-124,2.73981547667822,0.995392776715008,0,NA,0,0,FALSE,valid,ghost,NA
Mar_23_61_FLM30_stem,2023-03-18,FLM30,tree,stem,NA,LGR3,rebuild fit (stage 03),13:38:26,13:44:26,2023,3,dry,27.21113851778889,25.8,NA,1,NA,NA,1106.6016666666667,213.35,2012.601666666667,0.104583923466373,LM,g-fact. > 2 | Intercept,valid,FALSE,FALSE,21.021874029980705,0.104583923466373,0.56245487332237,1.43277923781652e-63,0.221828716043951,0.589432778396793,2.23583792116267,HM,NA,valid,FALSE,FALSE,253.7819231528608,1.69331772794354,0.994138634140976,0,2.23583792116267,0.999618721554754,0,NA,0,0,FALSE,valid,ghost,NA
Mar_23_62_FLM30_stem,2023-03-18,FLM30,tree,stem,NA,LGR3,rebuild fit (stage 03),13:51:50,13:54:50,2023,3,dry,27.45353888888889,23.9,NA,2,NA,NA,1106.6016666666667,213.35,2012.601666666667,31.4333280148331,HM,NA,valid,FALSE,FALSE,294.18810948699604,30.5495171305099,0.99980319571566,0,31.4333280148331,0.999858730875941,2.00593709911225,HM,NA,valid,FALSE,FALSE,106.49838727518004,1.80041068331145,0.99806322690846,2.8887404205923102e-261,2.00593709911225,0.998879811919127,0,NA,0,0,FALSE,valid,ghost,NA
Mar_23_63_FLM30_stem,2023-03-18,FLM30,tree,stem,NA,LGR3,rebuild fit (stage 03),13:58:00,14:01:00,2023,3,dry,27.543366666666667,23.9,NA,2,NA,NA,1106.6016666666667,213.35,2012.601666666667,0.414604923553399,HM,AICc | Intercept,valid,FALSE,FALSE,3.671124497420922,0.287681657213779,0.569950026122368,5.496519498745339e-26,0.414604923553399,0.575455886980172,1.94065753567917,LM,RMSE | MAE | AICc,valid,FALSE,TRUE,284.25067091065546,1.94065753567917,0.998368949294807,1.1043792975560698e-184,1.96617534850251,0.998279712374291,0,NA,0,0,FALSE,valid,ghost,NA
Mar_23_64_FLM30_stem,2023-03-18,FLM30,tree,stem,NA,LGR3,rebuild fit (stage 03),14:07:35,14:10:35,2023,3,dry,27.68296388888889,23.9,NA,2,NA,NA,1106.6016666666667,213.35,2012.601666666667,0.171497182460108,HM,AICc | Intercept,valid,FALSE,FALSE,1.821639995224838,0.115294117822313,0.215763709449123,7.767977179815251e-10,0.171497182460108,0.218395017897757,2.33529744733392,HM,NA,valid,FALSE,FALSE,95.51531875464865,2.09300649104259,0.998055507038771,3.49596337441181e-208,2.33529744733392,0.998888420974647,0,NA,0,0,FALSE,valid,ghost,NA
Mar_23_57_FLM30_stem,2023-03-18,FLM30,tree,stem,NA,LGR3,rebuild fit (stage 03),14:23:30,14:26:30,2023,3,dry,27.6780444435,NA,NA,4,NA,NA,254.53666666666663,40.45,1160.5366666666664,0.640445631378978,HM,SE | AICc,valid,FALSE,FALSE,2.716159179746066,0.636241306122623,0.46082754938173,4.72100196179948e-20,0.640445631378978,0.460752096860662,7.42185097295842,HM,SE,valid,FALSE,FALSE,90.13031974569324,7.2350035409553,0.998890238298993,1.4888975096896e-201,7.42185097295842,0.998934808650524,0,NA,0,0,FALSE,valid,ghost,NA
Mar_23_58_FLM30_stem,2023-03-18,FLM30,tree,stem,NA,LGR3,rebuild fit (stage 03),14:32:10,14:35:10,2023,3,dry,27.562874072166668,27.1,NA,6,NA,NA,254.53666666666663,40.45,1160.5366666666664,1.1255481700935,HM,SE | AICc,valid,FALSE,FALSE,5.119596125123963,1.08525933667686,0.737912278550238,6.28339811442701e-44,1.1255481700935,0.737977788684479,8.12836130412275,HM,SE,valid,FALSE,FALSE,102.98662867394737,7.71609174308608,0.998932401325373,4.47933114033003e-216,8.12836130412275,0.999118669094011,0,NA,0,0,FALSE,valid,ghost,NA
Mar_23_55_FLM30_stem,2023-03-18,FLM30,tree,stem,NA,LGR3,rebuild fit (stage 03),14:40:00,14:43:00,2023,3,dry,27.458777775,NA,NA,23,NA,NA,254.53666666666663,40.45,1160.5366666666664,1.62464116971147,LM,SE | g-fact. > 2 | Intercept (LM),valid,FALSE,FALSE,33.78386437144422,1.62464116971147,0.849517586314986,8.041892337138199e-85,4.08978762975686,0.899612873081328,9.3546285488582,HM,SE,valid,FALSE,FALSE,179.09180848536272,8.45407437205122,0.998875096964907,1.48081296157584e-293,9.3546285488582,0.999584482979323,0,NA,0,0,FALSE,valid,ghost,NA
Mar_23_56_FLM30_stem,2023-03-18,FLM30,tree,stem,NA,LGR3,rebuild fit (stage 03),14:45:40,14:48:40,2023,3,dry,27.38948888555555,NA,NA,8,NA,NA,254.53666666666663,40.45,1160.5366666666664,0.514133670171308,HM,SE | AICc | Intercept,valid,FALSE,FALSE,2.628508457868029,0.512253265544776,0.406542581219976,7.46243591032583e-20,0.514133670171308,0.406448194992333,6.76125176346691,HM,SE,valid,FALSE,FALSE,92.4341424459876,6.33181465862522,0.998497139526817,3.650532185360138e-225,6.76125176346691,0.998793081829355,0,NA,0,0,FALSE,valid,ghost,NA
Mar_23_298_BL60_leaves,2023-03-19,BL60,tree,leaves,NA,LGR1,rebuild fit (stage 03),10:00:00,10:03:00,2023,3,dry,22.295333335,NA,NA,NA,NA,NA,2232.644,428,3138.644,0.00383756333398679,HM,AICc | p-value | MDF | Intercept,valid,TRUE,TRUE,0.38088385504477495,0.00384202642801176,0.00108141447955068,0.204629379061569,0.00383756333398679,0.00108029219699657,-0.973596563250638,LM,RMSE | MAE | SE | AICc,valid,FALSE,TRUE,521.3678573280258,-0.973596563250638,0.997922092295383,0,-1.18226721208508,0.993350219389334,0,NA,0,0,FALSE,valid,regenerating,NA
Mar_23_299_BL60_leaves,2023-03-19,BL60,tree,leaves,NA,LGR1,rebuild fit (stage 03),10:40:00,10:43:00,2023,3,dry,22.583944441666667,NA,NA,NA,NA,NA,2232.644,428,3138.644,0.0064820107928223,HM,AICc | p-value | MDF | Intercept,valid,TRUE,TRUE,0.35890525671572204,0.00648432068875778,0.00216578920566468,0.198905555851466,0.0064820107928223,0.00216385081147463,-0.163213738755329,HM,MAE | AICc,valid,FALSE,TRUE,20.85807561620816,-0.160480552416979,0.958250741340144,1.4856610522491997e-210,-0.163213738755329,0.957997674911531,0,NA,0,0,FALSE,valid,regenerating,NA
Mar_23_300_BL60_leaves,2023-03-19,BL60,tree,leaves,NA,LGR1,rebuild fit (stage 03),11:16:00,11:20:00,2023,3,dry,22.824788889,NA,NA,NA,NA,NA,2232.644,428,3138.644,-0.0267563238352451,LM,g-fact. > 2 | Intercept,valid,TRUE,FALSE,3.208537602434423,-0.0267563238352451,0.0346436664821068,0.00150282589190035,-0.0902108634309075,0.0486738290024343,-0.273803421792546,HM,RMSE | AICc,valid,FALSE,TRUE,24.792817620481102,-0.266980511415174,0.974281180749777,2.55244314681472e-207,-0.273803421792546,0.973883916182241,0,NA,0,0,FALSE,valid,regenerating,NA
Mar_23_301_BL60_leaves,2023-03-19,BL60,tree,leaves,NA,LGR1,rebuild fit (stage 03),11:28:00,11:31:00,2023,3,dry,22.822255557,NA,NA,NA,NA,NA,2232.644,428,3138.644,-0.0154179241169688,HM,AICc | p-value | Intercept,valid,TRUE,FALSE,0.3565323724607093,-0.00984027935146422,0.00231645085076415,0.208188596317501,-0.0154179241169688,0.00254857381888263,-1.52277171442118,HM,Intercept (LM),valid,FALSE,FALSE,81.61924407636562,-0.970696039639294,0.982903845171335,1.1592505300599899e-226,-1.52277171442118,0.997046336587145,0,NA,0,0,FALSE,valid,regenerating,NA
Mar_23_302_BL60_leaves,2023-03-19,BL60,tree,leaves,NA,LGR1,rebuild fit (stage 03),12:21:00,12:24:00,2023,3,dry,22.766266666,NA,NA,NA,NA,NA,2232.644,428,3138.644,0.0068796670815372,HM,AICc | p-value | MDF | Intercept,valid,TRUE,FALSE,0.1771034402228408,0.00687870229275005,-0.00249278669824338,0.493572413927677,0.0068796670815372,-0.00249356461334105,-1.99987789731725,LM,RMSE | MAE | SE | AICc,valid,FALSE,FALSE,356.45438260307736,-1.99987789731725,0.998326415562826,1.69289705162158e-293,-2.38816201717479,0.997234380434291,0,NA,0,0,FALSE,valid,regenerating,NA
Mar_23_303_BL60_leaves,2023-03-19,BL60,tree,leaves,NA,LGR1,rebuild fit (stage 03),12:26:00,12:29:00,2023,3,dry,22.737322221,NA,NA,NA,NA,NA,2232.644,428,3138.644,0.0105348507214131,HM,AICc | p-value | MDF | Intercept,valid,TRUE,FALSE,0.23524458835950368,0.00858225028362016,-9.4991320189641e-4,0.374708294716403,0.0105348507214131,-9.1151191901994e-4,0.265375507885934,HM,NA,valid,FALSE,FALSE,14.915369200841097,0.179149346528488,0.918495529268303,2.0283204991199797e-121,0.265375507885934,0.930488718614551,0,NA,0,0,FALSE,valid,regenerating,NA
Mar_23_304_BL60_leaves,2023-03-19,BL60,tree,leaves,NA,LGR1,rebuild fit (stage 03),12:45:00,12:48:00,2023,3,dry,22.62733333,NA,NA,NA,NA,NA,2232.644,134,3138.644,0.0253919128238964,HM,AICc | Intercept,valid,TRUE,FALSE,0.5570364835824984,0.0254035237979522,0.00974009216057337,0.0275057149422458,0.0253919128238964,0.00973551398716632,-5.26256434559756,HM,SE,valid,FALSE,FALSE,205.48946702047553,-4.25728197605278,0.996407317349159,0,-5.26256434559756,0.99934940353051,0,NA,0,0,FALSE,valid,regenerating,NA
Mar_23_305_BL60_leaves,2023-03-19,BL60,tree,leaves,NA,LGR1,rebuild fit (stage 03),12:50:30,12:53:30,2023,3,dry,22.69021666333333,NA,NA,NA,NA,NA,2232.644,134,3138.644,-0.00671130305597013,HM,AICc | p-value | MDF | Intercept,valid,TRUE,FALSE,0.05150530084150302,-0.00526230312901289,-0.00464743230350928,0.865976486119011,-0.00671130305597013,-0.0045877710531983,0.567045837959653,HM,SE | AICc,valid,FALSE,FALSE,14.973896048291117,0.561634294684868,0.944351223785955,2.735784126218199e-133,0.567045837959653,0.944258655393058,0,NA,0,0,FALSE,valid,regenerating,NA
Mar_23_306_BL60_leaves,2023-03-19,BL60,tree,leaves,NA,LGR1,rebuild fit (stage 03),13:09:00,13:11:00,2023,3,dry,22.90173333,NA,NA,NA,NA,NA,2232.644,428,3138.644,-0.0165117117878407,HM,AICc | p-value | MDF | Intercept,valid,TRUE,FALSE,0.2197577123373488,-0.0105338233511139,-0.00367699827730417,0.494645573771971,-0.0165117117878407,-0.00225784456644695,-1.35439151177157,HM,NA,valid,FALSE,FALSE,39.85681826660243,-1.18645243680625,0.992740406864897,3.9159934934261893e-156,-1.35439151177157,0.993909633904524,0,NA,0,0,FALSE,valid,regenerating,NA
Mar_23_307_BL60_leaves,2023-03-19,BL60,tree,leaves,NA,LGR1,rebuild fit (stage 03),13:26:00,13:29:00,2023,3,dry,23.273199996666666,NA,NA,NA,NA,NA,2232.644,212,3138.644,0.0702692091269516,LM,g-fact. > 2 | Intercept,valid,TRUE,FALSE,4.983644062190299,0.0702692091269516,0.0903464450939554,1.19814162383974e-6,0.281844385898886,0.124778205981568,-4.67558296039679,HM,SE,valid,FALSE,FALSE,163.86773147539554,-3.76596039902529,0.99613637168619,1.387924606796e-290,-4.67558296039679,0.999377581616278,0,NA,0,0,FALSE,valid,regenerating,NA
Mar_23_308_BL60_leaves,2023-03-19,BL60,tree,leaves,NA,LGR1,rebuild fit (stage 03),13:32:30,13:35:30,2023,3,dry,23.452166663333333,NA,NA,NA,NA,NA,2232.644,212,3138.644,0.0243948691865449,HM,AICc | p-value | MDF | Intercept,valid,TRUE,FALSE,0.33204010163054487,0.0244088911994615,0.00260398626928882,0.217152488182273,0.0243948691865449,0.00260122793573492,0.97524417106669,HM,SE,valid,FALSE,FALSE,36.57454419987526,0.828314695498973,0.987894965404346,9.00951367027008e-197,0.97524417106669,0.989736371922285,0,NA,0,0,FALSE,valid,regenerating,NA
Mar_23_309_BL60_leaves,2023-03-19,BL60,tree,leaves,NA,LGR1,rebuild fit (stage 03),13:39:00,13:40:00,2023,3,dry,23.63113333,NA,NA,NA,NA,NA,2232.644,212,3138.644,0.0733613712890215,HM,AICc | Intercept,valid,TRUE,FALSE,1.2967766179315166,0.0731718193979105,0.0949545769161743,4.68283544836101e-7,0.0733613712890215,0.0949293795809721,-2.98438939281042,LM,RMSE | MAE | SE | AICc,valid,FALSE,FALSE,312.3747214515691,-2.98438939281042,0.997485252838008,1.12548154122636e-293,-3.49713976409645,0.996318482806369,0,NA,0,0,FALSE,valid,regenerating,NA
Mar_23_311_BL60_leaves,2023-03-19,BL60,tree,leaves,NA,LGR1,rebuild fit (stage 03),14:30:00,14:33:00,2023,3,dry,23.885166665,NA,NA,NA,NA,NA,2232.644,428,3138.644,0.00545368256488196,HM,AICc | p-value | MDF | Intercept,valid,TRUE,FALSE,0.11125488102824388,0.00461171501998687,-0.00462336581030032,0.675142958454319,0.00545368256488196,-0.00458482443575714,-0.0415198463556918,LM,HM.flux is NA,valid,FALSE,FALSE,11.511887124808988,-0.0415198463556918,0.42355410177303,2.81066761198473e-23,NA,NA,0,NA,0,0,FALSE,valid,regenerating,NA
Mar_23_312_BL60_leaves,2023-03-19,BL60,tree,leaves,NA,LGR1,rebuild fit (stage 03),14:34:30,14:37:30,2023,3,dry,23.8863166655,NA,NA,NA,NA,NA,2232.644,428,3138.644,0.0813817915823481,HM,AICc,valid,TRUE,FALSE,0.6836606306857893,0.0814030796164956,0.0634781166234913,0.00850162592636355,0.0813817915823481,0.0634515065578866,-0.0331232098335695,LM,HM.flux is NA,valid,TRUE,FALSE,3.0849535135999138,-0.0331232098335695,0.0847313980094899,0.00269641154013929,NA,NA,0,NA,0,0,FALSE,valid,regenerating,NA
Mar_23_17_BL60_stem,2023-03-19,BL60,tree,stem,NA,LGR2,rebuild fit (stage 03),09:30:30,09:33:30,2023,3,dry,22.140955555666668,21.4,NA,0,NA,NA,254.53666666666663,40.45,1160.5366666666664,0.91227352074147,HM,SE | AICc,valid,FALSE,TRUE,5.09275219940169,0.910856503678151,0.696195675508434,2.126173026456e-48,0.91227352074147,0.69601104550236,4.07729579292622,HM,SE | Intercept,valid,FALSE,FALSE,49.07085001492952,3.75488265012465,0.994676753452219,1.12799678068285e-205,4.07729579292622,0.995133106213032,0,NA,0,0,FALSE,valid,regenerating,NA
Mar_23_19_BL60_stem,2023-03-19,BL60,tree,stem,NA,LGR2,rebuild fit (stage 03),09:54:30,09:57:30,2023,3,dry,22.24888889116667,21.4,NA,0,NA,NA,210.9079557695711,64.6351272549564,1116.9079557695711,15.1049993181467,HM,SE,valid,FALSE,TRUE,83.2719254646849,13.6253735164966,0.997578687454549,2.70043067433871e-236,15.1049993181467,0.998287304691639,4.31574701760051,HM,SE,valid,FALSE,FALSE,102.14511411618268,3.46382902511478,0.995404054678991,2.19733931723151e-211,4.31574701760051,0.998795427882619,0,NA,0,0,FALSE,valid,regenerating,NA
Mar_23_20_BL60_stem,2023-03-19,BL60,tree,stem,NA,LGR2,rebuild fit (stage 03),10:32:37,10:35:37,2023,3,dry,22.536116849894444,21.4,NA,0,NA,NA,204.2050536838719,69.42291445902725,1110.205053683872,1.5449692302458,LM,SE | g-fact. > 2 | Intercept (LM),valid,FALSE,FALSE,37.905431193635216,1.5449692302458,0.888601560491009,1.9021336099514092e-87,3.48184336000755,0.930562264789429,1.57459830309752,HM,SE | Intercept (LM),valid,FALSE,FALSE,36.6025168642053,0.835098494851591,0.957433227832086,7.40422374922026e-125,1.57459830309752,0.988901808838776,0,NA,0,0,FALSE,valid,regenerating,NA
Mar_23_18_BL60_stem,2023-03-19,BL60,tree,stem,NA,LGR2,rebuild fit (stage 03),10:49:50,10:52:50,2023,3,dry,22.64995184905555,21.4,NA,0,NA,NA,254.53666666666663,40.45,1160.5366666666664,0.178589596578664,LM,SE | g-fact. > 2 | Intercept,valid,TRUE,FALSE,5.842768264749577,0.178589596578664,0.15547649424690901,2.3770561229943e-8,0.652397384396046,0.183889503880414,6.50493920112689,HM,SE,valid,FALSE,FALSE,118.71862434633329,6.30457513962986,0.999119227975434,1.32995379318108e-275,6.50493920112689,0.999186008625655,0,NA,0,0,FALSE,valid,regenerating,NA
Mar_23_22_BL60_stem,2023-03-19,BL60,tree,stem,NA,LGR2,rebuild fit (stage 03),11:14:20,11:17:20,2023,3,dry,22.82036296288889,21.9,NA,0,NA,NA,254.53666666666663,40.45,1160.5366666666664,0.242739392444226,HM,AICc,valid,FALSE,FALSE,2.1351157952819015,0.242390992571687,0.284796287981522,6.2205474618565e-15,0.242739392444226,0.284713484754861,5.67884045541768,HM,SE,valid,FALSE,TRUE,131.78997880292346,5.31148310469137,0.99902163151924,1.61637689976943e-271,5.67884045541768,0.999327520726731,0,NA,0,0,FALSE,valid,regenerating,NA
Mar_23_23_BL60_stem,2023-03-19,BL60,tree,stem,NA,LGR2,rebuild fit (stage 03),11:22:50,11:25:50,2023,3,dry,22.823346297166665,21.9,NA,0,NA,NA,254.53666666666663,40.45,1160.5366666666664,0.479137411931947,HM,AICc | Intercept (LM),valid,FALSE,FALSE,3.845825769836339,0.366738233057153,0.530975304069465,1.8395305482546799e-31,0.479137411931947,0.533562063656971,8.84794641837825,HM,SE,valid,FALSE,FALSE,181.8322079480121,8.24492747283852,0.999303853354239,9.55495289555939e-285,8.84794641837825,0.999645983090929,0,NA,0,0,FALSE,valid,regenerating,NA
Mar_23_24_BL60_root,2023-03-19,BL60,tree,root,NA,LGR2,rebuild fit (stage 03),11:30:23,11:33:23,2023,3,dry,22.821752409116662,21.9,NA,0,NA,NA,254.53666666666663,40.45,1160.5366666666664,4.93948069978417,HM,SE | Intercept (LM),valid,FALSE,FALSE,32.1775473903399,3.18595147103053,0.97317190530264,8.37452378880609e-143,4.93948069978417,0.986764519147814,2.83721063032389,HM,SE,valid,FALSE,FALSE,59.7622522402087,2.17983733407409,0.991617008126437,5.062630716244909e-188,2.83721063032389,0.996416800998462,0,NA,0,0,FALSE,valid,regenerating,NA
Mar_23_10_BL60_stem,2023-03-19,BL60,tree,stem,NA,LGR2,rebuild fit (stage 03),11:55:25,11:58:25,2023,3,dry,22.812532409583337,22.5,NA,0,NA,NA,254.53666666666663,40.45,1160.5366666666664,0.256619580352178,LM,SE | g-fact. > 2 | Intercept (HM),valid,FALSE,FALSE,8.290069257860509,0.256619580352178,0.273388558974778,2.61396149947081e-14,0.978782944374939,0.326583338399376,8.93995400153838,HM,SE,valid,FALSE,TRUE,163.07973949175994,8.62001228978945,0.9994763089653,8.23570671074183e-293,8.93995400153838,0.999567302877686,0,NA,0,0,FALSE,valid,regenerating,NA
Mar_23_11_BL60_stem,2023-03-19,BL60,tree,stem,NA,LGR2,rebuild fit (stage 03),12:19:10,12:22:10,2023,3,dry,22.776879629166665,22.5,NA,0,NA,NA,254.53666666666663,40.45,1160.5366666666664,0.193981396351922,HM,SE | AICc | Intercept,valid,TRUE,FALSE,1.1129621309008375,0.118404751777885,0.073647945384984,1.2942191986543e-4,0.193981396351922,0.0755282142228657,9.7734225815389,LM,RMSE | SE | AICc,valid,FALSE,FALSE,906.5325314199785,9.7734225815389,0.99978101661601,0,9.92991037162147,0.999776652318299,0,NA,0,0,FALSE,valid,regenerating,NA
Mar_23_12_BL60_stem,2023-03-19,BL60,tree,stem,NA,LGR2,rebuild fit (stage 03),12:43:20,12:46:20,2023,3,dry,22.636981478333333,NA,NA,0,NA,NA,254.53666666666663,40.45,1160.5366666666664,0.187516207265066,LM,SE | g-fact. > 2 | Intercept,valid,TRUE,FALSE,5.595413259416133,0.187516207265066,0.144115093505167,8.13490003560938e-8,0.717135776391132,0.169988934974055,7.18935977593078,HM,SE,valid,FALSE,FALSE,159.84369468824343,6.52115230389576,0.998882235415808,2.43197317307722e-266,7.18935977593078,0.999535903602745,0,NA,0,0,FALSE,valid,regenerating,NA
Mar_23_14_BL60_stem,2023-03-19,BL60,tree,stem,NA,LGR2,rebuild fit (stage 03),13:32:00,13:35:00,2023,3,dry,23.438399996666664,22.5,NA,0,NA,NA,254.53666666666663,40.45,1160.5366666666664,-0.247005150748451,HM,AICc | Intercept,valid,FALSE,FALSE,2.010456345386111,-0.172699597357422,0.226463842846409,7.729195607434279e-12,-0.247005150748451,0.228266692230341,4.31932447111492,HM,SE,valid,FALSE,FALSE,91.46443624390872,3.40408109434258,0.994445013727862,5.113063803117009e-204,4.31932447111492,0.99848482403043,0,NA,0,0,FALSE,valid,regenerating,NA
Mar_23_16_BL60_stem,2023-03-19,BL60,tree,stem,NA,LGR2,rebuild fit (stage 03),13:41:30,13:50:30,2023,3,dry,23.69996666333333,22.5,NA,0,NA,NA,254.53666666666663,40.45,1160.5366666666664,-1.57300679573501,HM,AICc | Intercept,valid,FALSE,FALSE,11.060068433310288,-1.55185413296608,0.891455336668603,1.61387511451359e-115,-1.57300679573501,0.891395749318984,5.64430955997987,HM,SE | Intercept (HM),valid,FALSE,FALSE,26.589972454088148,4.22301541044417,0.970480930004591,5.530245880976788e-182,5.64430955997987,0.976487498019508,0,NA,0,0,FALSE,valid,regenerating,NA
Mar_23_15_BL60_root,2023-03-19,BL60,tree,root,NA,LGR2,rebuild fit (stage 03),13:42:00,13:45:00,2023,3,dry,23.71373333,22.5,NA,0,NA,NA,228.14398970422613,50.27176564274387,1134.143989704226,9.59270572570538,HM,SE,valid,FALSE,FALSE,38.82541013318309,5.33023173639837,0.964512159234534,6.283478374990408e-132,9.59270572570538,0.990297801170735,3.34408226124734,HM,SE,valid,FALSE,FALSE,35.40155866852004,3.08612592753658,0.990240638952878,4.1083954794857587e-182,3.34408226124734,0.990699937221141,0,NA,0,0,FALSE,valid,regenerating,NA
Mar_23_35_BL60_stem,2023-03-19,BL60,tree,stem,NA,LGR3,rebuild fit (stage 03),09:54:30,09:57:30,2023,3,dry,22.24888889116667,23.9,NA,0,NA,NA,460.99555555555554,107.68,1366.9955555555557,2.13325185968067,HM,Intercept (LM),valid,FALSE,FALSE,15.297470136774104,1.70949188434043,0.958030408005345,1.1405735128876e-93,2.13325185968067,0.961393704609219,1.38758353050101,HM,SE,valid,FALSE,FALSE,32.11318358214762,1.3113862522076,0.991433393161408,1.4337622697828395e-139,1.38758353050101,0.991661901917695,0,NA,0,0,FALSE,valid,regenerating,NA
Mar_23_36_BL60_stem,2023-03-19,BL60,tree,stem,NA,LGR3,rebuild fit (stage 03),10:10:45,10:13:45,2023,3,dry,22.386111111583332,23.9,NA,0,NA,NA,254.53666666666663,40.45,1160.5366666666664,-0.6010899716615,HM,SE | AICc,valid,FALSE,FALSE,3.406758989164752,-0.598700615817452,0.540435160027445,3.56166979847461e-28,-0.6010899716615,0.540308940548176,2.8220175848774,HM,SE,valid,FALSE,FALSE,42.86051360384126,2.42280277511252,0.992652697905877,1.6447756743665798e-167,2.8220175848774,0.994279571066725,0,NA,0,0,FALSE,valid,regenerating,NA
Mar_23_37_BL60_stem,2023-03-19,BL60,tree,stem,NA,LGR3,rebuild fit (stage 03),10:19:15,10:22:15,2023,3,dry,22.449530555083335,23.9,NA,0,NA,NA,254.53666666666663,40.45,1160.5366666666664,0.121650916231827,HM,SE | AICc | Intercept,valid,TRUE,FALSE,0.5928923358049892,0.0691335166795413,0.0169844053768193,0.0419299889554427,0.121650916231827,0.0176810037962302,2.00985954296517,HM,MAE | SE,valid,FALSE,FALSE,30.53689459851409,1.91810622338209,0.98725367660923,1.7804759011860497e-176,2.00985954296517,0.987408506884031,0,NA,0,0,FALSE,valid,regenerating,NA
Mar_23_38_BL60_stem,2023-03-19,BL60,tree,stem,NA,LGR3,rebuild fit (stage 03),10:32:30,10:35:30,2023,3,dry,22.53536110916667,23.1,NA,0,NA,NA,460.99555555555554,107.68,1366.9955555555557,2.43278533899954,LM,SE | g-fact. > 2 | Intercept (HM),valid,FALSE,TRUE,5.9509505458085075,2.43278533899954,0.610024615717291,6.60568807699057e-6,5.86531818268114,0.674007693995179,2.5867215648521,LM,MAE | SE | AICc | Intercept (HM),valid,FALSE,TRUE,12.99538891122211,2.5867215648521,0.884137444694184,1.65218914481219e-11,3.53719025795748,0.893600130507853,0,NA,0,0,FALSE,valid,regenerating,NA
Mar_23_39_BL60_stem,2023-03-19,BL60,tree,stem,NA,LGR3,rebuild fit (stage 03),10:42:00,10:45:00,2023,3,dry,22.596899997,23.1,NA,0,NA,NA,254.53666666666663,40.45,1160.5366666666664,-0.127407012167133,LM,SE | g-fact. > 2,valid,TRUE,FALSE,3.458314314871387,-0.127407012167133,0.0553644204858214,6.7378871967095e-4,-0.421563165103277,0.0937947335396553,4.60845235494888,HM,SE,valid,FALSE,FALSE,91.97506132035022,3.60590776102797,0.994178099103465,5.0385908835011686e-210,4.60845235494888,0.998438920483649,0,NA,0,0,FALSE,valid,regenerating,NA
Mar_23_30_BL60_stem,2023-03-19,BL60,tree,stem,NA,LGR3,rebuild fit (stage 03),11:08:00,11:11:00,2023,3,dry,22.77631111033333,22.5,NA,0,NA,NA,254.53666666666663,40.45,1160.5366666666664,-0.159187029601022,HM,SE | AICc | Intercept,valid,TRUE,FALSE,0.6928261713122736,-0.081732502035086,0.0230028354277,0.0248840343116449,-0.159187029601022,0.0265131569252327,6.17750451240283,HM,SE,valid,FALSE,FALSE,80.84067333287362,4.56027156898365,0.991535263747778,1.8565159114739198e-182,6.17750451240283,0.998057193618855,0,NA,0,0,FALSE,valid,regenerating,NA
Mar_23_31_BL60_stem,2023-03-19,BL60,tree,stem,NA,LGR3,rebuild fit (stage 03),11:16:00,11:19:00,2023,3,dry,22.824788889,22.5,NA,0,NA,NA,254.53666666666663,40.45,1160.5366666666664,0.495776283660922,HM,Intercept,valid,FALSE,FALSE,5.404628928690855,0.301390277677708,0.541792247451664,1.19467068726811e-52,0.495776283660922,0.552666558125372,3.67510473424042,HM,SE,valid,FALSE,FALSE,97.5946887080532,2.2638214350307,0.980570455537594,2.70914123662114e-257,3.67510473424042,0.99754315058788,0,NA,0,0,FALSE,valid,regenerating,NA
Mar_23_29_BL60_root,2023-03-19,BL60,tree,root,NA,LGR3,rebuild fit (stage 03),11:30:30,11:33:30,2023,3,dry,22.8217277795,9,NA,0,NA,NA,380.20164648686006,107.725212091594,1286.20164648686,6.34197292973179,HM,NA,valid,FALSE,FALSE,126.419212919696,5.09974294263122,0.995604775335713,1.02848044875912e-282,6.34197292973179,0.998957848888632,2.96180058926887,HM,NA,valid,FALSE,FALSE,170.996020519233,2.14665736448946,0.992059734321343,3.78949652724892e-252,2.96180058926887,0.99940220171682,0,NA,0,0,FALSE,valid,regenerating,NA
Mar_23_32_BL60_root,2023-03-19,BL60,tree,root,NA,LGR3,rebuild fit (stage 03),11:41:00,11:44:00,2023,3,dry,22.819511113999997,22.8,NA,0,NA,NA,380.20164648686006,107.725212091594,1286.20164648686,7.91966614586463,HM,NA,valid,FALSE,FALSE,191.79952546637105,4.9835269809089,0.983840931104581,2.32860221626415e-259,7.91966614586463,0.99939146112434,2.2296015032535,HM,Intercept (LM),valid,FALSE,FALSE,125.63197388911972,1.33306892092465,0.979586306279839,8.590759101504127e-245,2.2296015032535,0.998552228670898,0,NA,0,0,FALSE,valid,regenerating,NA
Mar_23_33_BL60_stem,2023-03-19,BL60,tree,stem,NA,LGR3,rebuild fit (stage 03),11:53:15,11:56:15,2023,3,dry,22.81380833575,22.8,NA,0,NA,NA,254.53666666666663,40.45,1160.5366666666664,0.170252483057642,HM,AICc,valid,TRUE,FALSE,1.6687241795477354,0.169794711040186,0.19357057439527,3.09444964348222e-10,0.170252483057642,0.193520286178667,2.1777702421881,HM,SE,valid,FALSE,FALSE,35.253296027874114,1.40132242423992,0.974824843584013,4.467811034445948e-146,2.1777702421881,0.988877898499446,0,NA,0,0,FALSE,valid,regenerating,NA
Mar_23_34_BL60_stem,2023-03-19,BL60,tree,stem,NA,LGR3,rebuild fit (stage 03),12:07:30,12:09:30,2023,3,dry,22.8054166675,22.8,NA,0,NA,NA,254.53666666666663,40.45,1160.5366666666664,0.18986310713567,HM,SE | AICc | p-value | Intercept,valid,TRUE,FALSE,0.5681229744494992,0.107056970639406,0.0227054486252288,0.0547302301145739,0.18986310713567,0.024297805432656,1.73568835640784,HM,SE | AICc,valid,FALSE,TRUE,12.33528714981883,1.72835984869687,0.953244918869501,1.50966030938162e-80,1.73568835640784,0.953040220429035,0,NA,0,0,FALSE,valid,regenerating,NA
Mar_23_40_BL60_stem,2023-03-19,BL60,tree,stem,NA,LGR3,rebuild fit (stage 03),12:24:30,12:27:30,2023,3,dry,22.7460055545,23,NA,0,NA,NA,1106.6016666666667,213.35,2012.601666666667,0.0879589355768534,HM,AICc | Intercept,valid,TRUE,FALSE,1.958289372342817,0.0877009649241446,0.251150060235795,4.68153792417501e-13,0.0879589355768534,0.251086689698118,1.21470184720109,HM,NA,valid,FALSE,TRUE,50.05616210666525,0.975227313132285,0.991745860752355,1.39681760949589e-187,1.21470184720109,0.995030333182267,0,NA,0,0,FALSE,valid,regenerating,NA
Mar_23_41_BL60_stem,2023-03-19,BL60,tree,stem,NA,LGR3,rebuild fit (stage 03),12:37:30,12:40:30,2023,3,dry,22.6707499975,23,NA,0,NA,NA,460.99555555555554,107.68,1366.9955555555557,0.109042337720724,HM,AICc | Intercept,valid,TRUE,FALSE,2.5501908704183407,0.102003458527846,0.306033823752482,9.77913813379256e-20,0.109042337720724,0.306132741337305,4.05658429575018,HM,NA,valid,FALSE,FALSE,277.87116115270885,3.76867955413718,0.999439710397154,0,4.05658429575018,0.999810373519592,0,NA,0,0,FALSE,valid,regenerating,NA
Mar_23_42_BL60_stem,2023-03-19,BL60,tree,stem,NA,LGR3,rebuild fit (stage 03),12:48:00,12:51:00,2023,3,dry,22.66163333,23,NA,0,NA,NA,460.99555555555554,107.68,1366.9955555555557,0.0832111329395065,HM,AICc | Intercept,valid,FALSE,FALSE,4.266077363492935,0.0789119359541759,0.42714342710305,9.3476782405002e-48,0.0832111329395065,0.427234202812647,3.61387743342963,HM,NA,valid,FALSE,FALSE,502.48191831720567,3.28131775280401,0.999263640889458,0,3.61387743342963,0.999901632524688,0,NA,0,0,FALSE,valid,regenerating,NA
Mar_23_26_BL60_stem,2023-03-19,BL60,tree,stem,NA,LGR3,rebuild fit (stage 03),13:30:30,13:33:30,2023,3,dry,23.397099996666665,22.7,NA,0,NA,NA,460.99555555555554,107.68,1366.9955555555557,3.42763442529346,HM,NA,valid,FALSE,FALSE,51.83633278729373,3.30112385990606,0.995893620709435,1.2693299031827799e-202,3.42763442529346,0.995989620920307,2.89069356553227,HM,NA,valid,FALSE,FALSE,121.60652509884876,2.66300829734865,0.998790774472313,3.18425264504476e-247,2.89069356553227,0.999252608756622,0,NA,0,0,FALSE,valid,regenerating,NA
Mar_23_27_BL60_stem,2023-03-19,BL60,tree,stem,NA,LGR3,rebuild fit (stage 03),13:36:45,13:39:45,2023,3,dry,23.56918333,22.6,NA,0,NA,NA,460.99555555555554,107.68,1366.9955555555557,0.0389461073672575,LM,AICc | g-fact. > 2 | Intercept,valid,TRUE,FALSE,2.9642334653615277,0.0389461073672575,0.0376556097322327,0.00340680309287322,0.0839279756252225,0.0407858464302883,1.36347792015641,HM,NA,valid,FALSE,FALSE,69.30367730472925,1.07046908196078,0.992931806335789,4.1640039362558285e-215,1.36347792015641,0.997083378467682,0,NA,0,0,FALSE,valid,regenerating,NA
Mar_23_28_BL60_stem,2023-03-19,BL60,tree,stem,NA,LGR3,rebuild fit (stage 03),13:49:30,13:52:30,2023,3,dry,23.80908333,22.7,NA,0,NA,NA,460.99555555555554,107.68,1366.9955555555557,0.163549281568917,HM,AICc,valid,FALSE,FALSE,5.118856905918079,0.12366018494324,0.540743371135207,1.09096822884504e-53,0.163549281568917,0.543547046375255,3.09421892257246,HM,NA,valid,FALSE,FALSE,281.29683705090616,2.64775222139129,0.998056398219502,0,3.09421892257246,0.999738401633179,0,NA,0,0,FALSE,valid,regenerating,NA
Mar_23_1_MI_stem,2023-03-20,MI,tree,stem,NA,LGR3,rebuild fit (stage 03),14:44:00,14:47:00,2023,3,dry,22.814555552333335,22.3,NA,0,NA,NA,1106.6016666666667,213.35,2012.601666666667,0.608753165498442,HM,AICc | Intercept,valid,FALSE,FALSE,20.88980687314977,0.57319500496042,0.957379089923652,1.8656513823310195e-206,0.608753165498442,0.957613000986538,1.02687630502024,HM,NA,valid,FALSE,FALSE,103.42129324115216,0.891692186368694,0.996753628663898,0,1.02687630502024,0.998125079405221,0,NA,0,0,FALSE,valid,ghost,NA
Mar_23_2_MI_stem,2023-03-20,MI,tree,stem,NA,LGR3,rebuild fit (stage 03),14:51:00,14:54:00,2023,3,dry,22.94693333,22.3,NA,0,NA,NA,1106.6016666666667,213.35,2012.601666666667,0.382596120555911,HM,AICc | Intercept,valid,FALSE,FALSE,4.029840273547939,0.379887141593317,0.675854994925471,7.57340620352818e-32,0.382596120555911,0.675745390045041,1.43017628254492,HM,NA,valid,FALSE,FALSE,44.52018232690642,1.26355956337011,0.994776384220974,2.74765733083543e-141,1.43017628254492,0.995863370760339,0,NA,0,0,FALSE,valid,ghost,NA
Mar_23_3_MI_stem,2023-03-20,MI,tree,stem,NA,LGR3,rebuild fit (stage 03),14:56:45,14:59:45,2023,3,dry,23.05100833,22.3,NA,0,NA,NA,460.99555555555554,107.68,1366.9955555555557,0.168402506793273,HM,Intercept,valid,FALSE,FALSE,4.732645046019481,0.122646759174211,0.502992189259426,3.20211827030533e-47,0.168402506793273,0.506685135379203,2.72567769061,HM,NA,valid,FALSE,FALSE,236.05500402215745,2.37164782312228,0.998313731047579,0,2.72567769061,0.999641136973105,0,NA,0,0,FALSE,valid,ghost,NA
Mar_23_6_MI_stem,2023-03-20,MI,tree,stem,NA,LGR3,rebuild fit (stage 03),15:11:00,15:14:00,2023,3,dry,23.30893333,22.6,NA,1,NA,NA,460.99555555555554,107.68,1366.9955555555557,-0.0368439599016573,HM,AICc | Intercept,valid,TRUE,TRUE,0.69972401895147,-0.036884484624957,0.0282335241046561,0.00843823964220419,-0.0368439599016573,0.0282195345685816,0.985011629390445,LM,SE | g-fact. > 2 | Intercept (LM),valid,FALSE,FALSE,59.479669789962195,0.985011629390445,0.944204642070941,1.5284195944963797e-132,2.19156639663325,0.993641909006651,0,NA,0,0,FALSE,valid,ghost,NA
Mar_23_5_MI_stem,2023-03-20,MI,tree,stem,NA,LGR3,rebuild fit (stage 03),15:17:00,15:20:00,2023,3,dry,23.392555552666668,22.6,NA,1,NA,NA,460.99555555555554,107.68,1366.9955555555557,0.0210433069428565,HM,AICc | p-value | MDF | Intercept,valid,TRUE,FALSE,0.2100802445653424,0.020992098576968,-0.00221256788580071,0.403616873276861,0.0210433069428565,-0.00221368756305296,3.37931972798869,HM,SE,valid,FALSE,FALSE,83.70159248126015,2.83104277769657,0.996474305101122,1.9381312816394195e-166,3.37931972798869,0.998679443801183,0,NA,0,0,FALSE,valid,ghost,NA
Mar_23_4_MI_stem,2023-03-20,MI,tree,stem,NA,LGR3,rebuild fit (stage 03),15:22:00,15:25:00,2023,3,dry,23.420611109333333,22.6,NA,1,NA,NA,460.99555555555554,107.68,1366.9955555555557,0.417379546591489,HM,Intercept,valid,FALSE,FALSE,5.948728438527277,0.303938993875541,0.697126300197727,4.96175223660766e-55,0.417379546591489,0.70216320104725,2.84691272088528,HM,NA,valid,FALSE,FALSE,152.07194933336822,2.73356560832304,0.999319768175858,0,2.84691272088528,0.999432569244781,0,NA,0,0,FALSE,valid,ghost,NA
Mar_23_7_MI_stem,2023-03-20,MI,tree,stem,NA,LGR3,rebuild fit (stage 03),15:29:30,15:32:30,2023,3,dry,23.462694444333337,21.6,NA,0,NA,NA,460.99555555555554,107.68,1366.9955555555557,1.97049730756308,HM,AICc,valid,FALSE,FALSE,32.25939394021794,1.94222904928754,0.988211148909714,3.51078386014666e-191,1.97049730756308,0.988176864138249,2.81071536737164,HM,NA,valid,FALSE,FALSE,136.55969290916406,2.70707175576101,0.999228127999448,3.29811810183894e-293,2.81071536737164,0.999324687355857,0,NA,0,0,FALSE,valid,ghost,NA
Mar_23_8_MI_stem,2023-03-20,MI,tree,stem,NA,LGR3,rebuild fit (stage 03),15:36:00,15:39:00,2023,3,dry,23.499166668,21.6,NA,0,NA,NA,460.99555555555554,107.68,1366.9955555555557,0.695439707346757,HM,AICc | Intercept,valid,FALSE,FALSE,7.943476719806602,0.681931748162599,0.867250583482344,2.5974252289294203e-68,0.695439707346757,0.867273927704084,2.9423185776386,HM,SE,valid,FALSE,FALSE,67.73870545472296,2.2602093829554,0.992541436998307,9.601956153371956e-163,2.9423185776386,0.997639175690477,0,NA,0,0,FALSE,valid,ghost,NA
Mar_23_9_MI_stem,2023-03-20,MI,tree,stem,NA,LGR3,rebuild fit (stage 03),15:50:00,15:53:00,2023,3,dry,23.55588889166667,21.6,NA,0,NA,NA,460.99555555555554,107.68,1366.9955555555557,0.216376444575748,HM,SE | AICc | Intercept,valid,TRUE,FALSE,0.6068108686602277,0.108205731706979,0.0347018845293213,0.0452761145467513,0.216376444575748,0.0362177355616833,1.13667064703198,LM,SE | g-fact. > 2 | Intercept (LM),valid,FALSE,FALSE,27.349080631864524,1.13667064703198,0.89567996284484,3.39167214636734e-44,2.53683608695493,0.947980423806767,0,NA,0,0,FALSE,valid,ghost,NA
