UniqueID,LM.flux,LM.C0,LM.Ct,LM.slope,LM.MAE,LM.RMSE,LM.AICc,LM.SE,LM.se.rel,LM.r2,LM.p.val,HM.flux,HM.C0,HM.Ci,HM.slope,HM.MAE,HM.RMSE,HM.AICc,HM.SE,HM.se.rel,HM.r2,HM.k,C0,Ct,MDF,prec,flux.term,nb.obs,k.max,k.mult,g.fact
Mar_23_10_BL60_stem,0.3432882752021128,2096.339940003079,2105.19643099297,0.029719768422453174,1.5600910590127768,1.92859225651438,1255.669587344958,0.01491587542710452,4.344999962006486,0.6379821526286835,3.745099558650844e-68,0.34411006343562556,2096.3361786829914,3395.446584650948,0.02979091374769889,1.5601866093534862,1.9290665094042445,1257.871931763422,0.05989893291448809,17.406911125019654,0.6378056294247545,2.293177978626222e-5,2098.9300000000003,2107.54,0.034768413228648036,0.9,11.550839505961958,301,0.033021964913836854,1,1.0023938721269432
Mar_23_113_BL60_stem,-0.06229946922125713,2007.4096461456413,2005.6866265527576,-0.005367662283127007,1.4982238959630263,1.8788778954096017,1334.2243974750347,0.013072091074208609,-20.98266845225111,0.06298921353758813,2.851362400727544e-6,-0.06222181985936976,2007.4094118980638,161.8240748553614,-0.005360972088871395,1.4981761252971721,1.8789054717804217,1336.2842999783459,0.03462182613503796,-55.64258038946507,0.06296218470219739,2.904754378609021e-6,2007.9199999999998,2000.7,0.03244037013783537,0.9,11.60644353820332,324,0.005964069203474451,1,0.9987536111806733
Mar_23_114_BL60_stem,-0.14443496200340827,1998.5995884822703,1995.7130591053178,-0.012441936969622456,1.305494954965035,1.627422796868918,898.0824849990056,0.018480177028469297,-12.794808661377441,0.20500795935091742,1.896158024986787e-13,-0.1444614317499883,1998.5998969780733,1124.1458264090015,-0.012444217130284268,1.3055524384007862,1.6274927795393366,900.1729342329727,0.0737878210695993,-51.07786914177893,0.2049407426321349,1.4230841331879098e-5,1995.2,1992.28,0.04484054919025789,0.9,11.608719957033433,234,0.013824374410691618,1,1.0001832641225703
Mar_23_115_BL60_stem,-0.013970486132006096,1995.6103408005822,1995.2612980781034,-0.0012035955947542582,1.110540970549671,1.3829377551153257,1027.5681115308214,0.011193536626691444,-80.12274247957114,0.0019063469659743593,0.21300317777025177,-0.013959472432544532,1995.6103159773356,1169.6545185653506,-0.0012026467344190752,1.1105510942110237,1.3829389924410251,1029.6244797357608,0.0207306871376115,-148.50623644831188,0.0019045744981712742,1.456066702585535e-6,1991.01,1994.09,0.03589884281429423,0.9,11.607292509955133,293,0.0013373284386158425,1,0.9992116452242609
Mar_23_117_BL60_stem,-0.6444068866771901,2231.4658893498386,2219.5837476801257,-0.055009915137559796,2.54760071244921,5.065783291977816,1332.1831753500408,0.06453300966110971,-10.014326506326885,0.3126692437235089,1.504953089808258e-19,-0.6456105291478391,2231.4664671573173,0,-0.05511266430355301,2.547298207058969,5.066702184857431,1334.3378990118154,0.07240691645729441,-11.215262637191884,0.3124199208355224,2.469795765013734e-5,2230.73,2184.9599999999996,0.048584973884851265,0.9,11.714377036680803,218,0.06112212793062199,1,1.0018678299309547
Mar_23_119_BL60_stem,-3.6780773707998375,2215.7197496489966,2143.4908055718734,-0.31403888729184076,11.029499573718818,17.006129990308878,1979.2710167254193,0.19721783508179797,-5.361981687701986,0.6002186508935073,6.645217273327312e-48,-3.724167585336868,2215.773402610548,0,-0.3179741279703433,11.045587508345012,17.05753465648966,1982.7423888136698,0.7588042469221373,-20.37513698120811,0.5978005946735431,1.4350480405429415e-4,2205.75,2078.91,0.04563183782149754,0.9,11.712171707517701,232,0.3489320969909342,1,1.0125310617179888
Mar_23_11_BL60_stem,0.11451331336841385,2164.1361486197175,2166.1720252833543,0.009931105676276489,1.539790092223251,2.00655816909282,881.8770322095645,0.027236476882844328,23.784550531010094,0.07489349394236489,3.9090185142159775e-5,0.11476676628348402,2164.135287705049,2476.541297149445,0.00995308624438235,1.5399196045572823,2.006578756457751,883.961073044883,0.10832246812616042,94.38487432728947,0.07487473806280531,3.185945834423475e-5,2164.18,2168.8399999999997,0.05037715839068485,0.9,11.53077180942342,207,0.011034561862529432,1,1.0022133052272688
Mar_23_120_BL60_stem,0.20247827568393023,2093.4301470182427,2098.046686426811,0.017290409769918844,1.5757117901138709,1.9999244459623216,1146.5961110213027,0.01845988316746471,9.116969761378597,0.30725314269548565,2.283719747398235e-23,0.9181996671784072,2091.472352724461,2097.3472711170202,0.0784086512120459,1.495390154362389,1.8692315445549685,1112.1625514671314,0.21330789951286555,23.231101811259926,0.39483529729236855,0.0133463387868251,2091.1,2097.6400000000003,0.03932609855337488,0.9,11.710438235893852,270,0.019211566411020935,1,4.534805840660764
Mar_23_121_BL60_stem,0.4645529651037142,2080.2872633593315,2090.6465002179443,0.03969056267667778,1.89619484554988,2.3239740196194556,1200.542985578558,0.022158171816772425,4.769783745073177,0.6251127387782777,5.717178019304239e-58,0.46577382516290605,2080.2824852046692,3503.8181810631704,0.039794870745593,1.896391678934208,2.32449382822186,1202.7232038066668,0.08818649565351809,18.93333006050191,0.6249465013252145,2.7954951085082303e-5,2082.6,2088.6200000000003,0.04020584543530684,0.9,11.70436833783377,264,0.04410062519630865,1,1.0026280320025927
Mar_23_122_BL60_stem,-0.04124113919776471,1993.3578135117584,1992.5121712266955,-0.0035531188448021905,1.2575449615798486,1.5943221882984635,911.0875599420463,0.0174188607135114,-42.23661385778478,0.01890595426812003,0.018703838627043626,-0.07170740292592925,1993.4850903852262,1991.920229086806,-0.0061779312987976925,1.2551648987681139,1.5895524430582697,911.7179059467238,0.0968542773395622,-135.06872845417178,0.024767465497648744,0.0039479098275579895,1994.34,1987.94,0.04370846227757198,0.9,11.607024982599672,240,0.0039479098275579895,1,1.7387347760222838
Mar_23_123_BL60_stem,0.15242970132903202,1995.3151332598927,1999.215280682972,0.013131809505317688,1.0544267937062652,1.3283404852424916,1027.8024456130279,0.010371687603175736,6.804243210309516,0.4182803801605488,3.769732139921778e-37,0.22102876056213364,1995.045300999517,2002.3664456353858,0.01904161428902306,1.042092949524336,1.3239013908339161,1027.8484990545776,0.054692918020292886,24.744706472223147,0.42216190529188735,0.002600906721024385,1994.41,1996.0500000000002,0.03505671919698885,0.9,11.607669245225196,300,0.014590899450352987,1,1.4500373525302979
Mar_23_124_BL60_root,-0.06433720017409973,2002.5834558933072,2001.3085775835991,-0.005542949172643815,1.1701218464891971,1.5009714180383718,852.9289474477993,0.017258706024949954,-26.825391807922973,0.05287723718564874,2.4321271314662932e-4,-0.1277429820121418,2002.777078303179,2000.9901077247296,-0.01100565232150566,1.1689085522630644,1.4967975138998195,853.7078063159769,0.11245844647871481,-88.03493131859548,0.05813743473436428,0.006158832414048685,2001.2599999999998,2001.02,0.045222210858406095,0.9,11.607034120324231,232,0.006158832414048685,1,1.9855228649438084
Mar_23_126_BL60_stem,0.5579759872088099,1991.318043274839,2004.691956591365,0.04810760185800639,1.4667521119176408,1.8881337783896415,1156.6223316664916,0.016331070921908806,2.926841171714666,0.8069673779095723,1.6272545553831907e-101,0.5625233752888436,1991.2992891696922,2755.618346862656,0.04849966879325648,1.4669870599240644,1.8886491338812548,1158.8336576836616,0.06563502125150006,11.667963347798285,0.8068630788185142,6.345474223768392e-5,1990.6999999999998,2004.1799999999998,0.037414513920188325,0.9,11.598499315258382,280,0.05345289095334044,1,1.0081497917191407
Mar_23_127_BL60_stem,-0.013972113587660678,2007.8191932823606,2007.59148355807,-0.0012048133560350045,1.1589471048256088,1.4516745404709974,690.5410407482586,0.022337756782430423,-159.8738561799109,-0.0032142898856220015,0.5324020003679892,-0.013962064487684516,2007.8191406037736,1491.2439772994671,-0.0012039468235815248,1.1589468414144415,1.4516752345009984,692.6279348957609,0.03788865806125761,-271.36859376833536,-0.003215247076534533,2.330632421195787e-6,2004.7,2003.74,0.05493273759792856,0.9,11.596911270673807,191,0.0013386815067055605,1,0.9992807745289848
Mar_23_128_BL60_stem,0.40337514848446687,2058.3563204825573,2065.9766535246463,0.03479604128807661,1.721914231207864,2.2375820983164307,989.266401970409,0.027633313656604867,6.850524570099778,0.49084062923071436,3.686084038656348e-34,0.8535858109240235,2057.1466447917383,2067.0886135029536,0.07363221862184803,1.6820752371744307,2.1806975915958295,979.9590280786986,0.18827449604428667,22.056891484697456,0.5163995778178854,0.007406201001093934,2055.3599999999997,2059.9599999999996,0.04742410345821052,0.9,11.592558623118126,221,0.0386622680978629,1,2.116109071495993
Mar_23_129_CP40_stem,17.361316444434777,3236.4698650920336,4351.399962761252,4.459720390676874,105.98786942242114,242.7877053526246,3503.1261183545903,0.8207037523782148,4.7271977041884625,0.6392266217094977,1.0318383096785828e-57,39.89387945662992,3035.121340562176,4445.547722840565,10.247814343189917,97.64684138418419,225.91931683945364,3468.7542209043286,5.628352228667416,14.10831011004132,0.6876166813628932,0.0072657562790591716,3124.94,2494.94,0.01395866261055739,0.9,3.8929159058332274,253,4.95524487852986,1,2.2978602794500658
Mar_23_12_BL60_stem,0.133698267524157,2231.43520478629,2233.876468527582,0.011625065434723959,1.5485445973146257,1.931365660136036,886.8337185066013,0.02517270244146282,18.827994489094287,0.11422424381006735,2.7660112297856406e-7,0.389744785770705,2230.8364217983444,2233.742361882082,0.03388831225212605,1.5454993002320252,1.9206421250520462,886.5508325832889,0.22600083984388095,57.98687964406584,0.12403313488695056,0.011661738121089405,2231.6,2231.77,0.04905580735733103,0.9,11.500861502663165,212,0.01291673937191551,1,2.9151072260550026
Mar_23_130_CP40_stem,0.8479462931338575,2419.3267076672387,2473.993163980906,0.21779464666799825,39.53074094734597,67.66762358189344,2856.6708462740125,0.22898826310489875,27.005043239071096,0.04802306409923396,2.6197546392653294e-4,9.006383893762008,2358.82505532702,2466.6910821716433,2.313285892964681,31.70864128189928,64.3062516437301,2832.954555591839,4.139437103393915,45.96114436406567,0.14025240770310665,0.021445917316458465,2373.4,2178.41,0.013904747727576638,0.9,3.8933293637214588,253,0.2419940518533314,1,10.621408415474084
Mar_23_131_CP40_stem,0.049565438924964886,2154.1450567004586,2156.9208076969894,0.012732802736380968,1.9259861294941953,2.7601936718336444,1082.044405668669,0.011421929378419102,23.04414048609617,0.07497434989700125,2.1810143650061887e-5,0.13636343779878254,2153.4051801314536,2157.0959865999957,0.035030230572055496,1.9235630769491838,2.7293890721837575,1079.1584049349553,0.09137972908217597,67.01189890578705,0.09550627012367474,0.009491213064306782,2156.02,2144.37,0.015997544989928825,0.9,3.892735947549347,221,0.014147558595978852,1,2.7511798696107106
Mar_23_132_CP40_stem,23.99788071000807,3659.9187837018753,5342.950397938,6.164950967897893,236.7597032538415,475.4436956570205,4176.841409435293,1.4187144528052218,5.911832256977432,0.5099485433203955,2.131488343893941e-44,70.31939367877033,3220.653200814727,5290.909630758612,18.064745773202166,211.80398943923345,437.58237791873603,4133.260080662928,11.532033097925089,16.399505875441942,0.5848900471258103,0.00872584937397915,3416.7999999999997,2469.73,0.012786015010869163,0.9,3.8926312366423894,275,6.849945519886547,1,2.930233487219742
Mar_23_133_CP40_stem,2.1954219820804326,2378.772980423062,2511.308166132536,0.5639795136573351,11.127946889078654,28.76743015044836,2270.9614537606294,0.10745192849834932,4.894363333126755,0.6382881745374309,5.044532693614902e-54,4.7187975179611765,2357.0328806523185,2529.3971637481895,1.2122066513633385,10.294473101074646,27.19486161429283,2246.3845714908534,0.7159515007927094,15.17232935016984,0.676753166528043,0.0070328181081987535,2364.33,2244.32,0.014845170370227118,0.9,3.892733563748444,237,0.6266439040637057,1,2.149380645942852
Mar_23_134_CP40_stem,0.15839820910404256,2145.6843691817935,2157.607746112585,0.040694119217718476,1.3574853423292352,1.6703566058348618,1145.9481214535892,0.004482453396583567,2.829863684657763,0.8093052571315072,1.1652143346028654e-107,0.31673564440716573,2143.982194417244,2159.897446186437,0.0813726250246925,1.232639370178301,1.5341427408582127,1097.8149981387915,0.027648642795342893,8.72924891263592,0.8391385935746636,0.005112870735868968,2144.67,2157.14,0.011915541758131594,0.9,3.8924103076563203,295,0.04521568801968719,1,1.99961632267648
Mar_23_135_CP40_stem,15.221038452498803,4415.62079940225,5437.81713045311,3.916461038509043,310.4317257619581,596.4375855310698,4114.10697298977,1.9005910679718665,12.486605785164748,0.1941868019128481,3.855277919330527e-14,64.65676989392374,3982.8750877165803,5327.0658970526265,16.636560045206725,280.581267155581,567.9017608244044,4090.3815905932124,20.359359777083448,31.488365117040534,0.26944856217343127,0.012376635764549112,4216.05,2355.61,0.013350320464629598,0.9,3.8864266241477274,263,4.351623376121159,1,4.247855367799112
Mar_23_136_CP40_stem,0.4542146338329355,2194.4557209857217,2212.8089019078766,0.11689924154238845,7.1444045745638904,10.231349692149893,1196.872461169585,0.06961822200780146,15.327164037037106,0.20828728304194932,8.919706859047676e-10,3.061262090293331,2181.9167302941305,2209.94839680421,0.7878636879175961,5.683058842788648,9.075989981879646,1160.8733170889222,0.9347107399389988,30.53350913346444,0.3769975139865932,0.028106202235043697,2187.29,2172.11,0.022132723129871298,0.9,3.88552250502185,159,0.1298880461582094,1,6.739681776565774
Mar_23_137_CP40_stem,-0.025304674214938167,2171.9956540267067,2170.6281699942983,-0.006511828725754572,1.1765084806933361,1.4743739118663415,772.3562983493654,0.006505622393818239,-25.709172694970956,0.06276153793578765,1.3470626397939122e-4,-0.02541493047307965,2171.996667025807,2036.5192436501443,-0.0065402017394856115,1.1765747930809118,1.4743844759450353,774.4371884526087,0.026110615094218595,-102.73730680426544,0.06274818614608124,4.8275214988038434e-5,2170.6400000000003,2169.14,0.016575164043539807,0.9,3.8859551257632217,212,0.007235365250838414,1,1.0043571498769344
Mar_23_138_CP40_stem,10.484090324276877,2971.415571067957,3699.8232870575216,2.6978063555169065,222.9254575081298,358.83702700181345,3978.2724812701063,1.0860732772192105,10.359251433615634,0.25382261627159053,3.923492643330968e-19,53.816159544876626,2596.9426160976036,3597.662188042781,13.848180696563574,185.2588115164324,327.08593716175295,3929.933654780919,12.728976490783849,23.65270319999203,0.3800290694296298,0.013838223099450103,2738.5,2234.58,0.012906045712229692,0.9,3.8861537644602735,272,2.997562617241007,1,5.133126278038673
Mar_23_139_CP40_stem,0.459538479077298,2224.2012181181394,2262.2780594757346,0.11825106011675562,6.255320754831632,12.813330633451953,2586.2007680095676,0.02966587446641146,6.455580069372477,0.4244653897044468,7.330282071360108e-41,1.2957302707119709,2214.7052485310264,2261.840188088277,0.33342469698013744,5.938417360604684,12.150978087245727,2553.7513304934,0.24150055681347396,18.638181284502643,0.4824290943331089,0.007073833129140987,2218.67,2190.69,0.010828213914146158,0.9,3.886125660299121,325,0.13139006679639514,1,2.8196338929302565
Mar_23_140_CP40_stem,0.033530994843085415,2184.325548743291,2187.619420837406,0.008622701817053898,1.4001790429366467,2.225071230654777,1714.483137933645,0.004001654397770106,11.934195261717104,0.15271513902521316,1.0228822181703554e-15,0.16415402239611018,2182.741532318175,2187.1475638376055,0.04221321776510107,1.351174040819092,2.1388373570798622,1686.089974266893,0.04873126111456258,29.686303389491187,0.21711651540003463,0.009580779796726552,2182.02,2165.87,0.009137908527805449,0.9,3.888687740166096,385,0.009580779796726552,1,4.895590577145108
Mar_23_141_CP40_CWD,0.04724624519950752,2135.1878593185684,2138.609994673603,0.012135231755442701,1.1182701008871516,1.374600029105301,992.7592720452515,0.0039066414886757325,8.268681399292348,0.3391874530966531,2.0945700777001612e-27,0.06117983824821873,2135.0275561445887,2143.4060201313905,0.01571408506152296,1.1200534734213208,1.372120597269375,993.791473052593,0.01886687014108174,30.838378592200765,0.34156918155046234,0.0018755329242062376,2136.37,2135.67,0.012381558064502439,0.9,3.8933121469491,284,0.013483590839380779,1,1.2949142940327552
Mar_23_142_CP40_CWD,0.29553799324385033,2228.213573676023,2244.4607987012323,0.05641397578197654,2.3188248050221696,3.754927820102567,1596.4483217019485,0.013915119616610285,4.70840295823787,0.6089728500587612,6.904929231744565e-61,0.30854933186120553,2228.0958026731723,2423.9395660069454,0.05889765422072444,2.3052226480277254,3.754673647677164,1598.465494756125,0.05730381386801386,18.572010356447887,0.6090257858061667,3.007379618228956e-4,2225.77,2273.67,0.0163144064894527,0.9,5.238737194946478,290,0.06268219531330727,1,1.044025942230106
Mar_23_143_CP40_CWD,0.08297653236764088,2333.72381978599,2339.8208272572056,0.01583638304211748,14.56703638703525,16.487646403805062,3281.9852463734323,0.03948535649998348,47.58617331107216,0.008749883868203523,0.036249129159302174,3.172795769886547,2307.450980685109,2341.864520410366,0.6055399965825533,12.588487809541032,14.579192141199284,3188.5667058955596,0.8861551329232579,27.929788022723724,0.22494443200235337,0.017595981157908305,2323.6400000000003,2339.3,0.012216716296272807,0.9,5.239613878179226,388,0.017595981157908305,1,38.2372663613968
Mar_23_144_CP40_stem,10.415515624015343,2619.5247830289904,3173.3719167296385,2.6755900178775267,49.95483567384654,106.23287353224565,2549.4682267426665,0.4798038338128313,4.606625837193641,0.6933199510993207,2.9986200039436507e-55,25.115812119417093,2510.933399473304,3203.983491644926,6.451876087887167,40.5211861416717,95.89953183013549,2508.7722451204513,3.328210997245082,13.251456817006662,0.7500802143107359,0.009309393593283687,2555.28,2346.2900000000004,0.016843811873448158,0.9,3.89279207741913,209,2.9728777976416962,1,2.4113844216705766
Mar_23_145_CP40_stem,0.07180960858417933,2144.3661117665315,2148.4812261751626,0.018453427841395996,1.161766156395101,1.5173492491171408,832.2651410632914,0.006127594449802969,8.533112170664255,0.37835839107673486,4.974377166958702e-25,0.07249716617810552,2144.3593708095004,2348.7529016748417,0.018630114425496332,1.1616571572810042,1.517396036774431,834.3522375534142,0.024585399816756535,33.912221832722395,0.378320480665962,9.114825868813939e-5,2143.29,2152.17,0.01563507610919262,0.9,3.8913967205101634,225,0.02050380871266222,1,1.0095747297260393
Mar_23_146_CP40_stem,0.052723459911387764,2143.3986536309535,2147.4496735997996,0.013548561768715243,1.4973761420800693,1.8672976020124932,1240.312731805511,0.004841307127259507,9.182453381087441,0.28093541338804207,1.7049419437593642e-23,0.16727729205494776,2142.300794639289,2147.090023438679,0.042985925576943515,1.4614374711037776,1.834505142747382,1231.6655141590966,0.04605673836375396,27.53316830871766,0.30596928856684347,0.00897554227987992,2142.44,2147.98,0.01167432989820306,0.9,3.8914432994010197,302,0.015053957520794714,1,3.1727297930767526
Mar_23_147_CP40_stem,0.4048694767974881,2503.7292926998084,2529.5470443113236,0.10410383714320547,47.00750838621796,79.40449926512214,2902.84434380556,0.27299097581349435,67.42690952473107,0.004794367314885917,0.13932084099710096,8.914988053204766,2439.282312712134,2531.7671359998026,2.2923053418735995,38.73990692063498,76.69305825263332,2887.5381314567476,5.878857928984016,65.94353120720874,0.07160089061023789,0.024785746032551997,2456.7999999999997,2155.98,0.01405696169548702,0.9,3.889092735751409,250,0.11567093015911718,1,22.01941258630361
Mar_23_148_CP40_stem,0.7647198106496442,2183.316498334174,2227.1589032916927,0.1966027128139849,12.727928383826908,20.28424381126821,2007.9180019358387,0.08116576850609629,10.613791793512503,0.2806181205607925,5.726520620605459e-18,3.316760615790614,2164.533216653804,2222.171813174403,0.8527098758760542,11.265369246494332,18.710256344500902,1973.4816846732633,0.8632077786570401,26.025627974097187,0.38792967301765613,0.014794077707484017,2170.5800000000004,2148.12,0.01562814118648559,0.9,3.8896706953030793,226,0.2184474586822054,1,4.337223345859135
Mar_23_14_BL60_stem,-0.12931358181689903,2205.2818456217947,2202.8756519635226,-0.011296683841652097,1.108428360707969,1.4069268560190946,763.0626634877793,0.01784769610350104,-13.801872821659526,0.19396065998104828,7.792254283951071e-12,-0.27683922863909316,2205.6675462364583,2202.5580892637486,-0.02418435246292112,1.1025118113678873,1.3984436536139158,762.5388206407465,0.12581637670724358,-45.44745241696456,0.20365154087352833,0.007777677155585715,2205.6200000000003,2202.9700000000003,0.04814175329174602,0.9,11.447039116037386,215,0.012551870935168994,1,2.14083644385539
Mar_23_15_BL60_root,1.6412123830884087,2406.8475588384185,2524.3033243653467,0.5290800248960724,6.082413621661853,6.908718661442816,1514.3838218665119,0.02219141844282033,1.352135693800997,0.9606510162601173,7.150316664198992e-159,3.17934273306999,2391.1737721074137,2550.6290576696897,1.0249293447325913,2.1275280453981376,2.849479200475825,1117.915466532084,0.06008918472009296,1.8899876410012117,0.9933062500081862,0.006427691256006063,2394.02,2512.29,0.012519329392441034,0.9,3.102011616127056,225,0.5878666943289693,1,1.9371915334243037
Mar_23_16_BL60_stem,5.730026032391321,2404.2419422363073,2535.0731792015595,0.4993558662795893,7.196349960431454,8.095571601764084,1866.5274906833638,0.07530011357688425,1.3141321374670811,0.956389431012897,3.89672831118334e-181,11.71555051734422,2384.9764956300523,2557.124798113725,1.0209777136194313,2.1150972784532316,2.8478491510824995,1314.8702022846314,0.18158318911102517,1.5499330470403536,0.9946032701471844,0.005930803260266051,2390.93,2522.59,0.03926749524208351,0.9,11.474834720742182,265,0.5548398514217658,1,2.0445894051994298
Mar_23_17_BL60_stem,1.0646728666605023,2160.9872744546224,2183.7381800041294,0.09136909859239824,2.218360269296301,2.6907591676204885,1220.112774539626,0.027411385303669034,2.5746298381444377,0.8572717833263173,6.800850291230299e-108,1.0712717933901799,2160.962704277715,3785.042747720314,0.09193541150019227,2.2187786961302995,2.692152225618465,1222.4388066805038,0.11057002335907198,10.321379134716006,0.8571256871029405,5.660768499150739e-5,2164.73,2182.68,0.04194878114181913,0.9,11.65243920606087,252,0.10152122065822027,1,1.0061980791812382
Mar_23_189_SRS5_stem,0.007651213799409384,1999.505518818064,1999.9523978406753,0.0014797318629514852,1.2972815836494185,1.6445682217943185,1175.09374054699,0.005581996311846897,72.95569641875365,0.0028824718912182634,0.17148458534601987,NA,NA,NA,NA,NA,NA,NA,NA,NA,NA,NA,1995.98,1996.9099999999999,0.0153584431010885,0.9,5.170675844033128,305,0.001644146514390539,1,NA
Mar_23_18_BL60_stem,0.16260612579336592,2064.9488216484756,2067.7212191746826,0.014002007708115365,1.446776255631414,1.8075283307131955,810.4820018233901,0.02600029277525607,15.98973756271416,0.16073649927821354,2.4173259288259543e-9,0.30804961260703817,2064.5967901758395,2068.387720839726,0.02652614118416981,1.4398710725625756,1.804062454668687,811.7969579453027,0.16808872481858975,54.56547190436212,0.1639519338195481,0.006997263610454342,2065.29,2068.08,0.05252136724571239,0.9,11.613057868774185,200,0.015557786342350406,1,1.8944526911519721
Mar_23_190_SRS5_stem,0.15551790448364303,1999.8824505312714,2007.3116170531687,0.03007759725464528,1.4307352208007686,1.8356340614365894,1019.2618072728457,0.008395503117020248,5.398415793278173,0.5787777157980357,1.106204716059521e-48,0.3431012192120444,1998.6081584977996,2008.20314863852,0.0663567344435446,1.3629586293653737,1.749290291981589,997.2376110283228,0.05784026156264239,16.858075204593135,0.6174722946150748,0.006915768903391857,1999.91,2005.3200000000002,0.018764114942411904,0.9,5.1705561174646135,250,0.033419552505161425,1,2.2061846856233256
Mar_23_191_SRS5_stem,-0.16548413082108904,2005.0527873826416,2003.516249479591,-0.032011206313556306,1.539092444572625,1.868825370350469,210.94660138126847,0.09936031968830135,-60.04220416501654,0.03493675489900694,0.10232843769098185,-0.16546237515716247,2005.0524981987958,2.0744763154653256,-0.03200699790370464,1.5391362213886577,1.8688523026275252,213.31519226329797,0.10070094072234961,-60.86032587571647,0.034908942959299916,1.5979704996268294e-5,2004.6499999999999,2001.69,0.09495126218862511,0.9,5.169568719158478,50,0.03556800701506256,1,0.9998685332314426
Mar_23_192_SRS5_root,0.5203771755676934,2013.13349014943,2021.8622886198846,0.044534686073748005,1.3403671051897799,1.71851890065198,782.4426454628965,0.025272398639356812,4.8565540200310435,0.6822468942329716,6.683007607794006e-51,0.78762506007596,2012.4483042401673,2027.7307793928867,0.06740617467711522,1.3124884768214997,1.6902557095359356,777.9593236981863,0.13508643604978376,17.15110944244915,0.6926126425492336,0.004410684395264397,2012.6,2021.27,0.053382158143900675,0.9,11.684761282609369,198,0.04948298452638667,1,1.51356573088879
Mar_23_193_SRS5_stem,0.15648222177799223,1996.71091481992,2004.5633270218923,0.030318193830009343,1.5084418959743775,1.9116528487542621,1089.1521691061703,0.008134408333850526,5.198295526114874,0.5857570935260092,6.836946702754203e-52,0.16592973277450213,1996.632883249989,2067.4211397955296,0.032148634798630706,1.5076015211753606,1.9112846448330156,1091.1138503848454,0.034065085994313626,20.529826345594103,0.5859166530145041,4.5415209199209925e-4,1995.97,2003.57,0.01786614441046816,0.9,5.161330607468579,262,0.033686882033343704,1,1.0603743408622703
Mar_23_194_SRS5_stem,0.09633141804397481,1996.8702965917994,2001.4428166151395,0.018663347034041045,1.3207403322240894,1.6365528507393077,950.394902888884,0.007608876416996104,7.89864467013523,0.3930208504227476,1.342089225008002e-28,0.21304815536137292,1996.0963107503896,2001.9272938645352,0.041276166584161396,1.2913423569079878,1.607738450611454,943.6862048620094,0.054228250899927076,25.453518153182298,0.4142065655221492,0.007078766269109686,1998.3,1997.3300000000002,0.01888364485701494,0.9,5.16152959425075,247,0.020737052260045605,1,2.2116165181344836
Mar_23_195_SRS5_stem,0.07878444544829344,1992.4157380788922,1996.0482620642638,0.01526270582088857,1.2233278441130608,1.557702483973617,899.9339359691797,0.007565433874527389,9.602699913008355,0.31013763885257184,3.610443899647093e-21,0.09466325649074524,1992.2982553276652,2003.976221715634,0.01833886660805152,1.2227541873663463,1.556628723446627,901.6714645711163,0.03460188264149972,36.55260121426583,0.3110883873725865,0.001570381862628504,1992.41,1995.62,0.01943808860169034,0.9,5.16189241755999,240,0.016958562023209525,1,1.2015475383763807
Mar_23_196_SRS5_root,0.4154863770971849,2003.1872779229102,2015.7430157861083,0.08048549912306482,1.190209146943633,1.5124606644152152,585.2815981818445,0.01383274268331662,3.3292891044851407,0.8516331326372384,9.697655793038183e-67,0.4588444040308952,2002.9742453503952,2072.079116966779,0.08888455293352153,1.186217478430944,1.5094214267367732,586.7515619520956,0.059131604681776334,12.887071120909836,0.8522288097718432,0.0012862270177844905,2002.5499999999997,2014.5,0.029592523704707364,0.9,5.162251357376729,158,0.0894283323589609,1,1.1043548701563533
Mar_23_197_SRS5_root,0.6490085831236866,1991.7427509111208,2005.6486580367366,0.05562362850246292,1.1834893695772988,1.4846335424324435,920.4064513190616,0.01514811222587559,2.334038812394057,0.8796523604166016,3.698371121614557e-117,0.65622410175402,1991.7166975785472,2600.3903573533785,0.05624203839438538,1.183856662077247,1.4851209410126405,922.6370542466926,0.060899291389114686,9.280258257253445,0.8795738689003727,9.240097298639666e-5,1994.87,2007.47,0.04183694002457613,0.9,11.66785771796512,252,0.061804031669403243,1,1.011117755323982
Mar_23_199_SRS5_CWD,0.2594090069935793,1987.0079047286938,1992.5975867959717,0.02218127804475367,1.728995871168577,2.191685964328399,1129.9365275948583,0.022010095693155273,8.484707585230474,0.3518881655172089,7.570597863266741e-26,0.2601299237870507,1987.0049902609205,2698.7240786138814,0.022242921455013193,1.7290617637856993,2.1918375028897055,1132.036171501069,0.08833742678378806,33.95896385073462,0.3517997671922767,3.1252388504131736e-5,1982.39,1989.1000000000001,0.04160260005062492,0.9,11.694953125342337,255,0.024645864494170746,1,1.0027790738719
Mar_23_19_BL60_stem,4.0555476739317635,3012.1459883890034,3428.3751781230735,1.8664986086729605,2.4877787308018116,3.129718559009238,1158.055324694089,0.007057529878287675,0.17402162286618014,0.9993221065535856,0,4.164379556332693,3010.2977300191938,11060.357110945692,1.9165866789935988,2.3522130654660236,3.017476880623839,1143.6936136117192,0.02765013852041613,0.6639677807074307,0.9993698575059896,2.3808354551205994e-4,3006.4700000000003,3426.83,0.008730041969594352,0.9,2.172810445765705,225,2.0738873429699556,1,1.0268353108263228
Mar_23_200_SRS5_CWD,0.044720566612165384,1991.4619159717174,1993.6048568931137,0.008640890812081485,1.7372669224624597,2.159893196762341,1100.596214843057,0.009883952868818865,22.10158237603842,0.07252784007803836,9.392419959269472e-6,0.07050367658353747,1991.273232362476,1994.8305698736083,0.013622693479982165,1.7334365352249952,2.158038670132087,1102.2324249616522,0.05538603412206682,78.55765373659875,0.07411984786958592,0.00382946330994775,1992.98,1995.18,0.018706474335567807,0.9,5.1754578995070935,250,0.00960098979120165,1,1.5765380880562967
Mar_23_201_SRS5_CWD,0.30915103977056696,1989.2732719159164,1996.456446454582,0.02631199464712656,1.5111806215818144,1.8830312548140182,1134.5903205215066,0.016959508211939416,5.485832499391148,0.5473230814815215,4.080901014211657e-49,0.3759028829016672,1989.025029394465,2010.9336976379054,0.031993276328905196,1.5179474340435635,1.8796321242948637,1135.656184930979,0.0781016013821737,20.77706900763631,0.548955894677474,0.0014603021951589508,1990.65,1993.8700000000001,0.03859303079461666,0.9,11.749433819694405,275,0.0292355496079184,1,1.2159198402846692
Mar_23_202_SRS5_CWD,0.04188870455152781,1989.0839048783976,1990.7676438810613,0.00805616747686037,1.3436997449610022,1.7034454611106027,833.5901700265122,0.01002094494047565,23.922785504499817,0.0724188634416808,4.276087852696668e-5,0.07294907557709006,1988.9006985053913,1991.391227954394,0.014029795774855185,1.344484489165256,1.7016192149482963,835.2132122938516,0.060545152160928255,82.9964625075286,0.07440669748206052,0.005633258334075653,1991.97,1991.3799999999999,0.02228392346884415,0.9,5.199582142730302,212,0.008951297196511521,1,1.7414975315685524
Mar_23_203_SRS5_stem,0.07226889871120552,1995.7638236934717,1998.71911094873,0.014006100735821406,1.4333238786026465,1.783158335438404,856.9751423685676,0.010337564893115617,14.304306662296964,0.18421599627136942,3.534104589476826e-11,0.24771028091959787,1994.87146976064,1998.4130283310487,0.04800758292613302,1.4077771135471437,1.7555850012774674,852.4138325330675,0.10352863095878129,41.79424066471619,0.20925019628872066,0.013555495969276373,1993.8899999999999,1994.27,0.02190487804405857,0.9,5.159815717044907,213,0.015562334150912674,1,3.427619423252531
Mar_23_204_SRS5_stem,0.10119087620827383,1990.8693619808057,1995.0857386044522,0.019611054063471717,1.3353824611047684,1.688972903895866,849.4003377000076,0.009536676632386967,9.424443180784717,0.3406333838344501,2.008615142897565e-21,0.10152980925979815,1990.8668545844405,2482.2987970502786,0.019676740167262934,1.335520820294522,1.689077737926725,851.5032783000411,0.03826104757259392,37.6845458999043,0.34055229964954103,4.00396035889156e-5,1995.79,1995.07,0.02149954048890972,0.9,5.1598897173383325,217,0.021790060070524128,1,1.003349442797854
Mar_23_205_SRS5_stem,0.09227705679866358,1989.3603189372168,1993.3297985616691,0.017880538848883964,1.5064726292727804,1.883357047445895,925.4025736776562,0.010126370136168178,10.973876375644045,0.2689449369175453,4.870501851269347e-17,0.09238491217192003,1989.359313585728,2793.429113004718,0.017901438000400907,1.506653283538108,1.883464790421624,927.5017595941484,0.040557748816641453,43.90083603821274,0.2688624400547863,2.2263537336355922e-5,1987.6499999999999,1995.5,0.020828153895694465,0.9,5.160753687488739,224,0.01986726538764885,1,1.0011688211241043
Mar_23_206_SRS5_stem,0.05027938362804391,1989.498546982779,1992.460112508432,0.009741991860700547,1.3107428421234228,1.6283474729356462,1172.8600488454204,0.005483064439814761,10.905194225086955,0.21409545108785988,7.356563934753035e-18,0.08388593065023153,1989.2064626647798,1993.7463580766378,0.016253501826264123,1.3130624340248385,1.6250556054251646,1173.6749974454005,0.03211811164690133,38.28784087860946,0.21726980872334078,0.0035801489575752834,1988.48,1993.04,0.015229472209966694,0.9,5.161098915599824,306,0.010824435400778386,1,1.6683961615520517
Mar_23_207_SRS5_CWD,0.2720628726509122,1989.6150300872962,1995.213155410519,0.02332552218009519,1.7544335319091378,2.2963390642754598,1095.224103925298,0.024868138081465384,9.140584982859476,0.3299755903181376,7.260567612525406e-23,0.3520231484036757,1989.356303402426,2003.0302690271076,0.03018097866860609,1.7501642111062383,2.293715000837719,1096.738649161928,0.12042492553577702,34.209376878159745,0.33150601066363816,0.0022071855010465428,1987.69,1997.24,0.04355754272690254,0.9,11.66374199687057,242,0.025917246866772433,1,1.293903666360833
Mar_23_20_BL60_stem,0.39023662657594044,2154.6474758000754,2192.843832583951,0.20317211055253007,2.9372774690611836,3.773256946721306,1049.9423201139339,0.009674174903663187,2.479053539527403,0.895876457405673,1.6626106494714976e-94,0.6713788319969395,2150.603805795868,2207.5911230285005,0.3495454936508018,2.7785783113127045,3.4371331998378403,1016.5752045170545,0.053041754229425704,7.900420999521102,0.913600963243995,0.006133741867929919,2146.68,2187.32,0.009146283145398375,0.9,1.9207194605336588,190,0.22574678950281118,1,1.7204403335684548
Mar_23_218_SRS5_stem,-0.06902433832428631,1998.1292881948814,1992.6016685452948,-0.013319565420690462,2.3216215247339562,2.8770042882805895,2075.7332295632696,0.006092852293190537,-8.827107135117235,0.23393512786869286,4.1013639264298134e-26,-0.06908595409019917,1998.1292021775448,0.5693111809828628,-0.013331455360455862,2.321859684300996,2.8772221413835357,2077.835412214154,0.006187399154021119,-8.956088448807991,0.23381912162593532,6.67387016556732e-6,1994.98,1993.66,0.011211439447594914,0.9,5.1821764557772045,418,0.014799517134100512,1,1.0008926672447533
Mar_23_219_SRS5_stem,-0.14201303462656426,1997.5516854440739,1992.1429718727882,-0.012127160473734955,2.2563984518221307,2.7849963466495273,2204.9203969679943,0.01192504370420212,-8.397147300992525,0.23875038491924683,1.3418837759658605e-28,-0.44941271496767066,1999.1717136944312,1992.3359805774755,-0.038377463925627436,2.134724663352957,2.6819968271638692,2173.040009187452,0.10531071909679704,-23.432963863599802,0.2940168333707951,0.005614242579253736,1995.34,1992.71,0.02357784290084133,0.9,11.710328640751193,450,0.013474622748594395,1,3.1645877869551966
Mar_23_21_BL60_stem,0.3508368886012298,2095.4785626108282,2105.351988485344,0.030379771921586866,1.5318840678636059,1.903616843195503,1359.2014768215554,0.01293807078305027,3.6877737784740225,0.6918906806271021,1.4661285778943832e-85,0.3523355811403775,2095.470986353049,3023.955223721832,0.030509547150472903,1.532027323684251,1.9041231397446567,1361.4256919764252,0.05206233947816485,14.776350236799438,0.6917288417886069,3.2859520843276154e-5,2095.52,2103.5,0.031882006878304635,0.9,11.548371380363678,328,0.03375530213509651,1,1.0042717644234131
Mar_23_220_SRS5_stem,0.0471367855665351,2006.7042488054417,2007.9478648640184,0.004024647438759164,1.599791066964355,2.7621468318298565,1525.4846929511918,0.020510159589928766,43.512003085102215,0.013580863742771232,0.022214839751910617,0.11577827722245447,2006.3138904642522,2008.5244877344696,0.009885416268565294,1.5774161028428568,2.7452850633409347,1523.716126574841,0.13221361723226738,114.19552994231752,0.025587468757256704,0.004471830487510181,2003.1200000000001,1984.93,0.03400266343134204,0.9,11.712028515240036,312,0.004471830487510181,1,2.4562191891305294
Mar_23_221_SRS5_root,0.209329486783769,1991.6771146971078,1996.7354690848863,0.017874043773069326,1.3332921831054367,1.6596229810501015,1103.6369335117272,0.014117629918892344,6.74421465212659,0.43522536791124333,3.3647268903213174e-37,0.20969539910781732,1991.675482971836,2890.2971910641586,0.017905287975678495,1.3335293985534822,1.6598078254595054,1105.7578629561983,0.05643023528046154,26.910573870744432,0.4351007296679985,1.9925278695625432e-5,1989.25,1998.96,0.03711348703978704,0.9,11.71136702144391,285,0.019860048636743698,1,1.0017480209294465
Mar_23_222_SRS5_stem,0.06201369901238462,2006.3834447503675,2011.2365463897859,0.01623110916193427,1.384500744217482,1.7182958899507932,1186.164293970156,0.004389963888012329,7.0790227932309255,0.39825582603728393,4.631554496957502e-35,0.08427038598921059,2006.109468389473,2016.5651586413546,0.022056446493153917,1.380936155415405,1.713085932029989,1186.39055452465,0.021955228215103928,26.053313933930394,0.4018993300648197,0.0021095160588928733,2009.1299999999999,2009.3600000000001,0.011462007628749339,0.9,3.8206692095831127,301,0.018034565735482518,1,1.3588995227067673
Mar_23_223_SRS5_stem,0.16307707389875967,1998.7490302101294,2010.8697590159088,0.04267862255556166,3.6094030470106735,11.473347955461684,2221.130893458131,0.031514627841022144,19.324989765628754,0.08267759070419445,4.3147628307366107e-7,0.16300998649289739,1998.7495396865265,8438.58165072046,0.04266106522512534,3.6054948624247904,11.47355612913839,2223.198346400177,0.12540317003475832,76.92974690248339,0.0826446502817898,6.624561710549934e-6,2002.17,2152.88,0.01206646800032197,0.9,3.8210482001019574,287,0.04742069172840184,1,0.9995886153445215
Mar_23_224_SRS5_stem,0.03872389753811674,1988.2980527151321,1990.9934684787281,0.010133141968406322,1.3795784385915075,1.7229107182358716,1062.159641458098,0.005218717464244437,13.476736062292138,0.1678550376650061,1.5636773098415164e-12,0.14515849198956357,1987.3458140918885,1990.7195096932162,0.03798459609604562,1.3316423967482731,1.6794651120984656,1050.4801881160713,0.05393151154154187,37.15353528570645,0.2092933050273318,0.01125904663156258,1987.91,1992.36,0.012881492444149191,0.9,3.8215094250975934,269,0.01125904663156258,1,3.7485506681418377
Mar_23_225_SRS5_root,0.14638638547565824,1993.3027794140996,1996.4388349161734,0.012594600409934905,1.469270565720501,1.9752290071793912,1064.3067046238757,0.020057831721264446,13.70197894844514,0.17233816930300438,3.867101026763526e-12,0.29571001478724895,1992.8402763249196,1997.0503503560924,0.02544191156410951,1.4765478081686454,1.9632851942050271,1063.3150356205279,0.1342010157591052,45.382641455568304,0.18231731647737248,0.006043103132089646,1992.0800000000002,1988.93,0.041842612751466675,0.9,11.622947986518522,252,0.013994000455483229,1,2.020065006908862
Mar_23_226_SRS5_stem,0.12813980211003456,1985.6199688084346,1992.7256101567039,0.03367602534724771,1.1304460522773054,1.4530854227112524,769.7742355661001,0.0062150679580251725,4.850224407782563,0.6667114943173711,1.848028772872113e-52,0.15722443951506546,1985.3636300701323,2006.2276868867789,0.041319669010957,1.1349733399856727,1.448453543514699,770.491617174364,0.02889071824472603,18.37546270403952,0.6688328997452486,0.0019804235280834635,1986.0500000000002,1992.6699999999998,0.01615362027821034,0.9,3.8050749988673247,213,0.03741780594138634,1,1.2269758258254193
Mar_23_227_SRS5_stem,0.09476953351429183,1970.0847160347582,1977.8544917818788,0.02490312739461705,1.3593217667510262,1.6407123795587704,1211.940677276662,0.0039040867260548406,4.119558872225619,0.6519805779857328,6.162391504013846e-74,0.09500798479979168,1970.0811890697453,3071.8307790771514,0.02496578659024681,1.3594215712689075,1.641121853276149,1214.1497490334823,0.0156859388211737,16.510126863787654,0.6518084817728715,2.2660127869962706e-5,1969.3,1979.26,0.010942411039116504,0.9,3.805527394714962,315,0.027670141549574503,1,1.0025161175396509
Mar_23_228_SRS5_stem,0.0777948994766048,1969.4884258759312,1974.0888944033736,0.02044652678863355,1.428821014391732,2.136228413719357,994.910717585071,0.008318597659949483,10.692985935988167,0.2767039637072862,8.983878333084996e-18,0.0778157991776011,1969.4880860356623,3466.1433671668997,0.020452019774666957,1.4286098315739948,2.136376767909169,997.0148021913393,0.03323794976323915,42.7136264287144,0.2766045180728255,1.3665150574425145e-5,1969.6,1989.6000000000001,0.015151849516219538,0.9,3.8047977674062397,227,0.02271836309848172,1,1.0002686513015238
Mar_23_229_SRS5_root,1.197869851592009,1980.973131804025,2002.8127973710962,0.10350552401455576,1.2289940164450128,1.5429699514801036,795.3427238985411,0.02011691401491033,1.6793906273018127,0.943566825152844,6.636959564115896e-134,1.4375467805533841,1980.272982042239,2050.824823467576,0.12421552526667516,1.2234271448296545,1.5118662863006411,788.7450241920238,0.09018338570804142,6.273422675909392,0.9458190878748429,0.0017606276853613882,1980.6,2002.72,0.04913067769274094,0.9,11.573004078734533,213,0.11500613779395084,1,1.2000859514435867
Mar_23_22_BL60_stem,0.27347530811522014,2062.465891407343,2069.8969234671117,0.02359057796751962,1.3029180307998869,1.6317462645131549,1216.122295090709,0.011702186837407558,4.279065235563136,0.6330436043696088,9.130888522407282e-71,0.27464200150987944,2062.460140711401,2765.0822968070343,0.023691219490443893,1.3029611582003864,1.632052362422271,1218.292743275556,0.046857381654311095,17.061258437058665,0.632907794725296,3.371829266257767e-5,2060.12,2070.27,0.03301679900707107,0.9,11.592564984704955,317,0.026211753297244025,1,1.004266174532173
Mar_23_230_SRS5_stem,0.14686741290719127,1966.2328121419964,1973.6317696378158,0.02867812982875747,1.9676477787679958,3.610252377387092,1411.5061811444727,0.015421699717961158,10.500423077314275,0.257231893546783,1.2789442873113645e-18,0.14685737265785476,1966.2326596336352,5003.645588659383,0.028676169315064972,1.9664270400976884,3.6104789474735997,1413.601926718497,0.06160861751951073,41.951327607531965,0.25713964468788564,9.44098480685103e-6,1967.3700000000001,1975.05,0.017795793746268645,0.9,5.1212339780928655,260,0.03186458869861941,1,0.999931637324184
Mar_23_231_SRS5_stem,0.1382280476242786,1966.2708131917186,1969.160690689966,0.01194164255474148,1.0338909191251444,1.2785887263740119,821.800353284825,0.013492827178701854,9.761280297741797,0.2987517623385276,1.0511470806700874e-20,0.23018825702936938,1965.9857998615835,1970.446592348592,0.019886165890263787,1.032800645448992,1.2738200983853725,822.0365131259106,0.07911577540399155,34.3700310454574,0.3039727626860239,0.004457989459984839,1964.69,1966.75,0.04287146676807022,0.9,11.57529602737896,245,0.013268491727490533,1,1.6652789429179404
Mar_23_232_SRS5_stem,-0.06331784479328371,1969.480486634396,1968.0908530916734,-0.00547099819969498,1.3894817197604183,1.765615687789483,1023.6634912132433,0.017444191966880532,-27.550198563819215,0.04556937039302,3.430210697093877e-4,-0.06333067390306557,1969.4806394016803,1557.2865280844542,-0.005472106702941567,1.3895249463314476,1.765630996570046,1025.7320549473861,0.06995731280365032,-110.46355342867113,0.045553098643678847,1.3275557686776883e-5,1968.76,1967.06,0.04084716137206842,0.9,11.573362388752718,256,0.006078886888549978,1,1.0002026144418488
Mar_23_233_SRS5_root,0.4562272976345116,1963.124562187097,1971.8770582311415,0.039425657856057186,1.0467060572701194,1.3580619131298872,778.907815322416,0.0164177463725229,3.598589224635858,0.7757013132765603,3.218827591454989e-74,0.46203419197888235,1963.1058296229348,2301.196547875008,0.03992747050693202,1.0466469948159778,1.358232772174507,781.037732570598,0.06604516165058012,14.294431623709523,0.7756452899709667,1.1809691408671843e-4,1963.83,1971.56,0.04670248232332308,0.9,11.57183728677894,224,0.0438062865067302,1,1.0127280729901058
Mar_23_234_SRS5_stem,0.1793487090920623,1966.0038381180834,1970.1310481377004,0.015457715429277456,1.1638445758638634,1.4446487795815406,967.3915302061531,0.013281861090531168,7.405607298635976,0.40356785298012954,5.040225799482424e-32,0.2639883895749917,1965.7068776179235,1973.2253875565063,0.022752644406204208,1.165596326411264,1.4401515349530905,967.77505328945006,0.07060033544564813,26.74372746442038,0.4072755032496953,0.0030262172414568687,1963.96,1969.8400000000001,0.03896374232896324,0.9,11.60253660462461,269,0.01717523936586384,1,1.4719280161614245
Mar_23_235_SRS5_stem,0.2718251722617073,1967.0824250475516,1972.5895769399847,0.023434688903970914,1.1794955583284676,1.4752073483527217,862.970384132339,0.016408084412083277,6.036263777765928,0.5367555128620362,2.315937924701715e-41,0.27255593039960807,1967.0796627160576,2692.038397875975,0.02349768928573564,1.1799469304200052,1.4754319462394927,865.1119538591652,0.0656740581318199,24.09562618414937,0.5366161680299232,3.2412450731492075e-5,1967.3700000000001,1971.2099999999998,0.044234486059955884,0.9,11.599265233499542,237,0.02603854322663435,1,1.0026883387282366
Mar_23_236_SRS5_stem,0.06924434781582171,1983.201447960269,1985.2851452135558,0.005970479235779089,1.1603426455072126,1.4598724495042674,1271.3594371529557,0.008946104769739588,12.91961734340356,0.14371486635133102,1.0755745242915695e-13,0.06927167138110948,1983.2011710917993,2556.392663282629,0.005972835164953727,1.160507314639171,1.45991458204866,1273.4260628593843,0.0357534910234626,51.61343780310842,0.1436661902074039,1.042031371073669e-5,1980.58,1986.9099999999999,0.02982288143914914,0.9,11.597787226335777,352,0.006633865817532322,1,1.0003945963266265
Mar_23_237_SRS5_root,0.17679627086213476,1966.913958190318,1971.2722058715513,0.01523862825606006,1.205122260325419,1.51154161766762,1061.3560218406817,0.012537694071218788,7.091605501676926,0.4080560959160663,1.2137534440866287e-34,0.6451844748381059,1965.5581842835904,1970.6581337442424,0.05561048499889448,1.1320916841555284,1.4631975066765412,1044.6894275876127,0.13237759360212617,20.51778968105878,0.4453152334558528,0.010904124722793944,1965.77,1966.82,0.036382106291423126,0.9,11.601849450709375,288,0.016931809173400068,1,3.6493104277138233
Mar_23_238_SRS5_stem,0.06431217453844967,1985.702008127779,1989.1848514423375,0.01252821336172108,1.0239872588780732,1.2750338480458987,940.080770128986,0.004857991173745677,7.553765999377425,0.38360755027638793,2.2463201515624145e-31,0.06455924060102679,1985.6996846018128,2352.8096668490643,0.012576342605812429,1.0240276186825383,1.2751268955525994,942.180066362129,0.01948891086797561,30.187639579616814,0.38351836052538024,3.425769718607695e-5,1986.1899999999998,1989.04,0.01655931468865774,0.9,5.1333875534838995,281,0.013920237068578978,1,1.003841668616405
Mar_23_239_SRS5_stem,0.07559885548969328,1966.188322993544,1970.5920006556917,0.0147280189369484,1.1096811807076836,1.3880569601578903,1061.1739698558488,0.004745802478480351,6.277611542845866,0.4564363628173651,7.971853186191492e-42,0.12726680946872182,1965.7467212942647,1972.4280375887154,0.024793867152603684,1.1082356077457847,1.3807415473965852,1060.0364618419446,0.028026164766127303,22.021581968718447,0.462150701901358,0.003710925521247497,1964.1100000000001,1970.41,0.015398986614561714,0.9,5.132995538187238,302,0.016364465485498223,1,1.6834488914461496
Mar_23_23_BL60_stem,0.3572468655312517,2054.559242210658,2062.023846976341,0.03084547423835845,1.2807569374882726,1.6191508746721808,933.7101120751711,0.017201506906047447,4.815019686867672,0.6391040218423607,1.0760394892423464e-55,0.4549552239511493,2054.236725621692,2073.4037673322937,0.03928182720126386,1.2770520585579617,1.6129765098960407,933.9130114112379,0.08203753743148695,18.032002516426914,0.641851208428161,0.002049446534022856,2053.09,2058.89,0.04289564585002313,0.9,11.581824379506244,244,0.03427274915373161,1,1.2735037528589601
Mar_23_240_SRS5_stem,0.09155347083968643,1963.977301074132,1971.3440497212175,0.017837163794396375,1.0599809832687208,1.3272389372487525,1425.5589130665896,0.002791709683181219,3.04926690116381,0.7208984259681944,2.7663215495742067e-117,0.165587660516575,1963.1033625193754,1973.6662433880233,0.03226108410610603,1.022867818490369,1.2760420444758702,1394.7902783243608,0.01671717991509479,10.095667674114782,0.7420152551516666,0.0030541936908387818,1962.84,1971.47,0.01115812394438105,0.9,5.132737014415283,417,0.01981907088266264,1,1.8086442709149195
Mar_23_241_SRS5_root,0.1287638804780043,1971.3970642131035,1973.9943529295026,0.011099524429056538,1.0275039605579486,1.301735598003599,800.3081040813914,0.014567772325616455,11.313554912710906,0.24710164473289153,2.3645733000189365e-16,0.20338243353225655,1971.174871806202,1975.3993160167747,0.017531688863771627,1.0316276108395575,1.3003302373154448,801.8679669961595,0.08220214823269796,40.41752613785136,0.2487264333470025,0.004150058088089808,1970.21,1973.06,0.04442877429680642,0.9,11.600846621943898,236,0.01233280492117393,1,1.5794991015900515
Mar_23_242_SRS5_root,0.43171791138614457,1972.0574846828397,1982.3303477625939,0.03722051840490652,1.0330305001739248,1.2883110437353593,939.214281653213,0.011201196463159747,2.594563757430249,0.8422690996984362,2.5814569588085635e-113,0.5772207884386925,1971.5222029109198,1994.354890522877,0.04976503502204825,1.015387229525871,1.2670336980954269,931.9802886717761,0.05428830686047139,9.405119834182381,0.8474361450154556,0.0021795522221390554,1971.43,1981.63,0.0376860300450819,0.9,11.598922580541872,279,0.041356131561007245,1,1.3370322917234831
Mar_23_243_SRS6_CWD,-0.011680962832389842,2004.3241104171332,2002.8120485737743,-0.003036268761764615,1.8813748220693056,2.322761077859145,2276.7901043137836,0.002773319415360061,-23.742215904240314,0.032333129514260484,3.0039432091697622e-5,-0.01167712459496533,2004.3236998470747,0,-0.0030352710768511786,1.8814019877521668,2.3227886556134236,2278.8343146936077,0.002778282296387601,-23.792520785343648,0.03231015634957579,1.514361715666368e-6,2001.4599999999998,1999.96,0.0069387364851487875,0.9,3.8471438956547166,502,0.0033736319575162384,1,0.9996714108691562
Mar_23_244_SRS6_CWD,0.08300785787182999,1964.9911131096658,1972.10679524447,0.01606248788894875,1.3777280913038397,1.7351399199511246,1763.3180159027931,0.0033235118908386384,4.003852136469268,0.5832544626947165,1.2259869464727416e-86,0.22239650793327073,1963.4244787982166,1971.9687082250716,0.043034976528829955,1.317518355140917,1.654833070993635,1723.0843997086722,0.02684839408511832,12.072309198836018,0.6209379232635659,0.005036729982175841,1965.4,1968.06,0.010475287049248612,0.9,5.167808277629315,446,0.017847208765498616,1,2.679222348764459
Mar_23_245_SRS6_CWD,0.8481767794788517,2019.244989710089,2064.3442524091433,0.16399731890565253,2.061236549520573,2.6260523368403375,1327.056724570439,0.01029762531492761,1.2140895110633443,0.9609020776688859,7.849126893735024e-196,0.8548283082231077,2019.1837910143727,4640.660644805725,0.16528341032795263,2.0657941056955726,2.6314203314947373,1330.2471639478051,0.04138931611532082,4.8418279690988335,0.9607439567350898,6.304973095181402e-5,2017.5900000000001,2067.0899999999997,0.0168648723319547,0.9,5.17189418179944,277,0.18221924322850278,1,1.0078421490722052
Mar_23_246_SRS6_CWD,0.05305492573193029,1959.1212264630387,1964.0170112701026,0.010199551681383073,1.2193284442436507,1.5413324470877003,1794.6819880729713,0.0026357898997946,4.968039938671124,0.4560820506927653,8.098066482091116e-66,0.11677614677742677,1958.2973460487958,1964.551906740006,0.02244964680993448,1.1931407089787816,1.5078693922049637,1775.5122406750284,0.018664986382238718,15.983560767605942,0.47944310868870643,0.00358932432160809,1958.39,1965.2099999999998,0.009732895514356988,0.9,5.201691936006346,483,0.011332835201536747,1,2.2010425076732667
Mar_23_247_SRS6_CWD,0.36947899336496315,2002.0316007454544,2034.9386242675394,0.07107348492890932,1.4235990408623846,1.7803439385370954,1866.086383806169,0.003211133262004656,0.8690976536337939,0.9660664035925808,0,0.4586405617212978,2000.7666538928863,2093.1740623118735,0.08822472626768903,1.3571401723795276,1.6938533456625788,1821.707091178639,0.014361893162564492,3.131404930402075,0.969283361810112,9.547365062730324e-4,2004.89,2033.49,0.010083392439464978,0.9,5.198548991013055,466,0.07897053880989924,1,1.2413170165489296
Mar_23_248_SRS6_stem,0.31090359385272953,1963.8875492367417,1983.8464518659912,0.05975719350074677,1.6549429891788723,2.085943715527101,1453.6677469356177,0.006149705047518893,1.9780102800715509,0.8840788084762214,1.4608762292318526e-158,0.3386340254701699,1963.5964290734337,2089.7097415124967,0.06508711827738847,1.6407122914556662,2.081913494141834,1454.4166864252882,0.026093742525469768,7.705587909909648,0.8845263150297399,5.16100299156269e-4,1963.04,1982.74,0.013977620727110982,0.9,5.202781048424643,336,0.06639688166749641,1,1.0891930237081011
Mar_23_249_SRS6_stem,0.42128941790815827,1966.248258106807,1982.1177445176058,0.08096676740203447,1.6135313864952405,2.0042619277861675,843.3526178485354,0.013084804838320465,3.105894494879758,0.8401800199733277,3.401719368771582e-80,0.4276577373150397,1966.208205713033,2493.311652559636,0.08219068192312325,1.6138951386983513,2.00439063992826,845.4615903897948,0.05301610288540083,12.396853431964407,0.8401596721869882,1.5592894035284553e-4,1967.24,1981.67,0.023771141288671003,0.9,5.203238704297986,198,0.08996307489114942,1,1.0151162576988102
Mar_23_24_BL60_root,3.216599873925826,2209.4403509145977,2270.865833949734,0.27794336214993903,2.4967729052763117,3.032081671230184,1133.6814089625332,0.036902961560832885,1.1472661508188524,0.9716058662508705,3.985913327785838e-173,5.448621116507727,2203.1164170677507,2296.2864342676685,0.4708102131319782,1.3227386639952514,1.665151895653994,868.4527632078028,0.11992697331206639,2.2010518027895674,0.9914364360413903,0.005053237374870783,2200.27,2267.58,0.046917003731587824,0.9,11.572860920458329,223,0.30882595794437667,1,1.6939070229638924
Mar_23_250_SRS6_stem,0.06862692687501067,1967.5174537194735,1971.896726215613,0.01319057980764897,1.51812609698669,1.8981015046416183,1386.1336244270562,0.005630411743111367,8.20437691078017,0.3064242373193867,1.652793121154373e-28,0.07483502653530705,1967.4528159325916,1994.7685027017255,0.014383820387576442,1.518072239651452,1.897961634265202,1388.1329551315778,0.0240632272230388,32.155032659320035,0.3065264522470521,5.265772927162803e-4,1966.23,1972.92,0.014061412269058618,0.9,5.202722539551688,335,0.01465619978627663,1,1.0904615716160964
Mar_23_251_SRS6_stem,0.0946241071130155,1983.7132792134435,1990.2606588841152,0.01818716575186586,1.3993349440049119,1.739136366637639,1437.9763866450971,0.004572070879563125,4.831824594236238,0.5413827644842446,2.6888617666787937e-63,0.16004298744767884,1983.0459825279177,1992.954272593767,0.03076095964274999,1.4018934839647232,1.7226337324909589,1433.0993719423645,0.026934288617973274,16.829408802918415,0.5500450918608032,0.0031045679363761376,1984.42,1988.48,0.01297095871894339,0.9,5.202795663931738,363,0.020207961946517625,1,1.6913553250920452
Mar_23_252_SRS6_stem,0.09493106606416986,1968.2185383175797,1973.1077138246812,0.01824319219067759,1.3656859528535041,1.7429878508461834,1076.2902042097392,0.0071056363365881395,7.485048500124285,0.3966327947366717,1.4300703192235377e-31,0.16032332469106889,1967.7110218695102,1975.223012990709,0.0308098217606712,1.3434479555835475,1.7274638930721482,1073.5017322846447,0.04165249444589399,25.98030855844291,0.40733273724441266,0.004101418820068314,1967.64,1971.17,0.01740995922562597,0.9,5.203643368548206,271,0.02027021354519732,1,1.6888394003991938
Mar_23_253_SRS6_stem,0.07631705037190445,1960.5998529684416,1964.354017345877,0.014664704599357127,1.3566265344251514,1.713690882476361,1016.2098902559744,0.00752503062358513,9.860222043323905,0.28383383575448695,1.547712968445518e-20,0.07648589758127129,1960.5983732854443,2552.9248582157975,0.014697149438822544,1.3566359664925678,1.7137816563958246,1018.3008365436347,0.030104372390198385,39.359376489254785,0.2837585800506426,2.4812581933679127e-5,1960.3200000000002,1964.1299999999999,0.018224584835147512,0.9,5.2041314473699005,258,0.01629411622150792,1,1.0022124441202067
Mar_23_254_SRS6_stem,0.157249097459771,1958.3622763479582,1966.6445714187998,0.030227354273144495,1.3873882024737831,1.7519034766084811,1102.8092648293282,0.00690689416334047,4.392326744582721,0.6521016904264397,3.2093302985465383e-65,0.21501936064661334,1957.891413947215,1975.3762606207108,0.04133229694061018,1.373118541184555,1.7374892861228977,1100.2913934453063,0.034366471724653964,15.982966194907275,0.6578029666468095,0.0023638924442650694,1959.68,1964.41,0.017025420260666602,0.9,5.202211746314795,277,0.03358594919238277,1,1.3673805708272615
Mar_23_255_SRS6_stem,0.13038348554515297,1956.0789920345367,1963.2474502045425,0.025064539055964487,1.6929634730220156,2.225116250132143,1288.5203780677907,0.008240722891662838,6.320373210769091,0.4640174416068964,5.664058801261198e-41,0.18543740620490526,1955.6130439469061,1969.5448850693574,0.0356479433789181,1.6822396853923618,2.216638069974819,1288.3704997212717,0.04285975772838717,23.112789703835617,0.4680940821644045,0.00255873886772016,1954.55,1961.44,0.016312610905198914,0.9,5.201910366435653,289,0.02784948783996054,1,1.4222461182837962
Mar_23_256_SRS6_stem,0.1033281613914002,1956.7913562239273,1961.241249877516,0.019865596667807406,1.4740953994642625,1.8266193869332579,919.7833769754009,0.009786647982924456,9.471423715605741,0.3293050690996451,2.0698271575894915e-21,0.14937329674537045,1956.4866289436598,1964.8758679624948,0.02871811155957729,1.4797689442589892,1.8223806007117402,920.8061507549082,0.051373140909458215,34.3924530212596,0.3324142377088112,0.0034232081712180355,1954.31,1962.19,0.02080544835763137,0.9,5.2013620894078425,226,0.022072885186452677,1,1.445620387839423
Mar_23_257_SRS6_stem,0.4049512601607165,1962.9813534608722,1988.134709564847,0.10437077221566317,1.3497586382583864,1.765794301673743,972.0444461041843,0.006329030963918147,1.562911783854257,0.9441732892407751,3.1663935128916013e-153,0.4102123742125654,1962.9264216564245,2913.21671728416,0.10572675400983815,1.350980308803278,1.7670643530124166,974.4615258139821,0.025491995304762715,6.214340889568869,0.9440935350597754,1.1125732262686948e-4,1962.85,1989.71,0.01442949066363545,0.9,3.879929711777532,243,0.11596752468407019,1,1.0129919685884194
Mar_23_259_SRS6_stem,0.06237624255178838,1959.034884821011,1963.5533008575214,0.016079772371923196,1.578303602622425,1.9290934582708181,1181.0956342136635,0.005492350579055548,8.805196264419871,0.3121612896620011,7.501471585389659e-25,0.16496602171228775,1958.0368817468388,1963.543307939766,0.04252606392622914,1.5348567220808156,1.891119084653693,1171.9006140498043,0.04461728311992539,27.046347276132444,0.3389750807897459,0.007722988093593728,1958.4299999999998,1964.5900000000001,0.012380344069707398,0.9,3.879174475174984,283,0.01786641374658133,1,2.644693155015283
Mar_23_289_SRS6_stem,0.4950099692375512,2017.6652324841214,2057.1619039629627,0.18035009807690203,1.8485100529256882,2.3158931672292815,1004.4710110391064,0.006776494337029163,1.3689611842498428,0.96039620864048,9.449272537159878e-156,0.49703752111006666,2017.636858711,6012.946946394934,0.18108880881363204,1.853275324858885,2.3218595570604292,1007.6828487059227,0.027189764205608848,5.470364519942912,0.9601937035331837,4.5325345177051964e-5,2021.7200000000003,2058.0699999999997,0.011228387479895031,0.9,2.7447169395298965,221,0.20038899786322445,1,1.0040959818963615
Mar_23_290_SRS6_stem,0.14259688715257446,1987.9609310670105,1998.3527650308806,0.0519591698193503,1.2206546407992718,1.5058630710634386,744.7563255379564,0.00504781823473735,3.539921758135108,0.7986008543246587,9.728907374703775e-72,0.16832180041831354,1987.6587416285822,2024.0729443671776,0.06133276249485115,1.2192834735785631,1.4987381970846754,744.9221281708767,0.02264981956870031,13.456260277879009,0.8005021545134418,0.0016843088103599935,1987.3799999999999,1995.82,0.012288370402830852,0.9,2.74440272329889,202,0.05773241091038922,1,1.1804030493191215
Mar_23_291_SRS6_stem,0.233119837094761,2016.711075458508,2030.7391404223176,0.061526600718463366,1.2152309280039568,1.5215825946946089,844.5495581085562,0.005860547121628249,2.513963288008816,0.8744660616669475,4.971268114574231e-104,0.2935367317244783,2016.1198270397076,2053.883653439952,0.07747224566596334,1.1913042494358164,1.5007604701719033,840.3385569854463,0.02786368228041505,9.49240053083669,0.8778782963208379,0.0020514935336494915,2016.3899999999999,2024.4,0.014890981929774045,0.9,3.788927624353618,228,0.06836288968718152,1,1.2591666817490028
Mar_23_292_SRS6_stem,0.48729392521603887,2010.2754309471368,2051.4266252481248,0.12859748219058723,1.5745532679480265,1.929887487092208,1347.4297885855738,0.004404634722710045,0.9038969079610989,0.974363992801891,1.141859741290383e-257,0.6530017089977974,2008.085608468793,2099.4801557495207,0.17232797557662502,1.3694331788517446,1.6941887237949418,1265.3338608200859,0.019289368166028636,2.9539537033728807,0.9802435014027702,0.0018855389156565549,2009.7800000000002,2044.86,0.01062419439996182,0.9,3.789296002653049,323,0.1428860913228747,1,1.3400571507397574
Mar_23_293_SRS6_stem,0.13994148117632071,2048.442531060653,2058.8211758576117,0.03693467899273575,1.2006438894071616,1.584655235868022,1073.5311815261523,0.004383709324135322,3.1325303171630883,0.7824888273489599,1.2508185002844022e-95,0.22989065561188415,2047.4595671865923,2063.632864751218,0.06067491566532916,1.1606566217438006,1.5366940713981265,1058.132228407705,0.024547520815775357,10.677911527303669,0.7954559638265205,0.003751548836771335,2048.4399999999996,2051.0899999999997,0.012092206040910951,0.9,3.788891226152098,284,0.04103853221415084,1,1.6427627725494134
Mar_23_294_SRS6_root,0.738121822704051,2011.102520947969,2052.3649096562963,0.14478031125728924,1.3302491296716452,1.6883633140758898,1121.1935378279204,0.00618648362858132,0.8381385617238122,0.9803035171388723,2.5824441131333006e-245,0.7474188335727016,2011.014675430304,3620.292007923392,0.14660389116770914,1.3352058902497093,1.6909474109101623,1124.1284308284612,0.02493912735639836,3.336700419654669,0.9802437637653347,9.109920845065953e-5,2011.88,2051.61,0.016043348438514148,0.9,5.098219614905607,287,0.16086701250809915,1,1.0125954965463446
Mar_23_295_SRS6_stem,0.12160903753356551,2019.001870678975,2034.5972939198057,0.04430517966145094,1.2345912477733447,1.591437257600769,1343.4073905474086,0.002279718670638007,1.8746293177501532,0.8893255183635258,5.134872925165358e-171,0.19190404236871375,2017.6406317188553,2043.3453776087445,0.06991538825852323,1.186620874234323,1.4969834312691401,1302.011590857629,0.012064186888591039,6.286572570165864,0.9020730019975397,0.0027199408450882235,2018.4700000000003,2030.5,0.006998084035577175,0.9,2.744804071731936,355,0.04922797740161215,1,1.5780409602842715
Mar_23_296_SRS6_stem,0.04763492489398708,1996.8489163062336,2003.963858783151,0.017353518236383963,1.0806952878085996,1.4132804648137478,1467.3560804439217,0.0016071477635403082,3.373885373215267,0.6799677643381006,3.390542082793787e-104,0.058004311940104636,1996.6030317170814,2018.1168791842083,0.021131110992232707,1.0822557439416105,1.4093587231877385,1467.0945150032492,0.007392061677392375,12.743986490220644,0.6817414283663797,9.82209761620789e-4,1995.13,2002.8700000000001,0.006010887999280777,0.9,2.7449721863382215,414,0.019281686929315513,1,1.2176845469830158
Mar_23_297_SRS6_stem,0.06695358645660461,1990.0201758280853,1996.3877135598332,0.024396696290221644,1.2137914847886755,1.5385334344040693,979.0707270713542,0.0034618634795681317,5.170542255883348,0.587433024544319,2.5840056423368182e-52,0.09322849066409411,1989.6318753374317,2002.5721035142892,0.0339708041450751,1.20548660517704,1.5290389685312817,977.8770384150331,0.01757149484004974,18.847773588184026,0.5925093089275092,0.002625209052018795,1989.4099999999999,1992.71,0.009427228719153132,0.9,2.7443710271312454,263,0.027107440322468496,1,1.392434604298895
Mar_23_71_FLM30_stem,40.42984673919645,3537.468940599043,5524.235396140565,7.821915179297332,2.845167076821552,3.62169078196001,1391.5055507175039,0.015986769096264758,0.039541997770586895,0.9999601305550546,0,41.13573579222933,3531.6674301712956,61210.338787886714,7.958482709083804,2.21396080199699,2.870911597856305,1274.6262514880864,0.05115711457740234,0.12436173461388789,0.9999750708717655,1.379796469257476e-4,3533.51,5522.280000000001,0.01824279264805251,0.9,5.1687912502815445,256,8.691016865885924,1,1.0174596024958098
Mar_23_72_FLM30_stem,3.0789093809375068,2062.904303984702,2233.6674783211834,0.8017050438332449,1.6176045752336163,2.0542154080284427,930.0888525886835,0.008676822378716097,0.2818148020996339,0.9982953765112085,2.014632416328053e-298,3.129373430013646,2062.441748545411,7386.344720588188,0.8148451781051638,1.6122404869789508,2.055383231536054,932.4107411486272,0.03514644488765998,1.123114440436299,0.9982934455922632,1.5305410004354538e-4,2061.83,2232.58,0.01615143176652801,0.9,3.8404515533744372,216,0.8907833820369387,1,1.0163902352529692
Mar_23_73_FLM30_stem,0.31665858384919093,2008.3189043075724,2028.1913152625382,0.08245813674259643,1.2494876151707033,1.5429783238770645,906.4898048161707,0.0054693451108932395,1.727205700350767,0.9326479665830021,2.113449081339972e-143,0.37182507864351,2007.761746474277,2079.2524456580823,0.09682353406126229,1.2344796690712019,1.5234120173734795,902.3551421435175,0.024329210351047573,6.543187038325993,0.9343453007462088,0.0013543514774184185,2008.4599999999998,2027.7599999999998,0.014281863947816739,0.9,3.840234528190723,243,0.09162015193621825,1,1.1742144303297717
Mar_23_74_FLM30_stem,36.73715876753692,2260.481964532824,2836.071543480455,3.1452982456154723,24.995973114963046,30.208646272413294,1792.1472819826276,0.4885674865843331,1.329900033031568,0.9684773937898015,1.5287261767790198e-139,68.15146950131387,2190.2950365293955,2992.161747312116,5.83487413425169,4.316447276344135,7.155512590257425,1261.346208484856,0.7262485806461734,1.065638915727521,0.9982313532947389,0.007276613501707953,2197.07,2709.67,0.05713055181870943,0.9,11.680023927380594,185,3.4947758284616355,1,1.855109970059428
Mar_23_75_FLM30_stem,2.1635155405854474,2079.9839411203316,2171.660549325436,0.41861464933837583,1.7843592538638076,2.2263219137978956,991.4745813316547,0.012150797974658014,0.5616228655038923,0.9930772518282781,8.824838114254586e-240,2.715482813859234,2076.328123508769,2322.6617702170506,0.5254137835314403,1.2156486520647016,1.5351544579905765,828.5052045734056,0.03947517893327034,1.453707559178707,0.9967084021681304,0.00213293551470724,2076.69,2169.56,0.02114294233919617,0.9,5.16827479402573,222,0.4651273881537509,1,1.2551251714718095
Mar_23_76_FLM30_stem,-0.322149693735572,2074.393505397288,2060.119281238695,-0.06233285658774404,1.1817513549290966,1.5064478397537797,850.9618876659695,0.007756842153626791,-2.407837817158935,0.882282292149529,1.3902103103094699e-108,-0.32401707478789155,2074.4079771201455,986.3248922720069,-0.06269417679878993,1.1818420536475036,1.5073796170013258,853.3188226457994,0.03117191755158444,-9.620455209649133,0.882138203360982,5.7618924208843865e-5,2074.38,2058.05,0.020223455607577184,0.9,5.168216433047502,231,0.0692587295419378,1,1.0057966252603434
Mar_23_77_FLM30_stem,0.04011480665454299,1995.9155691299118,1997.6542273372856,0.0077618669972048275,1.0975121535212693,1.3937506840173428,797.5316231610476,0.007424624484234762,18.508438911780033,0.11134550419207889,1.6717764518894404e-7,0.04027545586251596,1995.9143363169549,2176.160889430548,0.007792951224937264,1.097584810173258,1.3937673820847194,799.6099257585738,0.029692465403270255,73.72347442727467,0.111324422407578,4.323495284831362e-5,1997.19,1998.1599999999999,0.020672761679110956,0.9,5.168190419777739,226,0.00862429666356092,1,1.0040047359409316
Mar_23_78_FLM30_stem,2.9681829450632837,2082.996040176991,2353.17139977199,0.7831169843333298,4.721255679684298,6.401804448501701,2285.830593962973,0.013061757945643704,0.4400590592762542,0.9933250029451325,0,3.511430224575539,2075.070804780408,3008.6813065028964,0.9264458084499485,3.773279460435793,5.4165243055216905,2171.5580562287414,0.05014133009352043,1.4279460757213682,0.9952215432101398,9.923258218932612e-4,2075.2799999999997,2345.85,0.009858944751539539,0.9,3.7902165378140893,348,0.8701299825925887,1,1.1830235162612839
Mar_23_79_FLM30_stem,0.10688755644891944,1981.3128413958443,1992.3954972086635,0.0209502000242327,1.1726074349396376,1.4696764978528964,1929.0889443677406,0.002126778203893927,1.989734141700858,0.8259654329135844,5.6524546996296825e-204,0.12718847236582642,1980.975188543274,2018.2075920419002,0.024929224929134342,1.1740699126466154,1.4621704164713452,1925.6609990592829,0.009637936456059246,7.577680804544997,0.8277385874091616,6.695572293648523e-4,1982.04,1991.93,0.0086637440749209,0.9,5.1019826218978634,533,0.023278000026925223,1,1.189927776360091
Mar_23_80_FLM30_stem,0.06876845678074875,1984.6345156965385,1987.841699263927,0.013475561207514846,1.1169037419769523,1.4074608559056674,851.250080244943,0.006753986381431158,9.821343531038623,0.3004971218277017,1.911477516293012e-20,0.17480897240837212,1983.974297625914,1987.8773799002938,0.03425478944252301,1.100093246758909,1.3874707806405602,846.4523122652791,0.05395314901668613,30.864061651621583,0.3202260037863557,0.008776343165342572,1982.9,1989.3799999999999,0.01921706353620034,0.9,5.10319798350209,240,0.014972845786127606,1,2.541993532961011
Mar_23_81_FLM30_stem,-0.8700116983509147,2284.9707020593596,2262.935348010944,-0.0754635412616982,137.72474034904863,150.7238973242372,7534.275504126924,0.8566449360324485,-98.46361119697555,5.3851053249176495e-5,0.3102394674443534,-0.8676940203615036,2284.9056746217752,1.6835873106799437,-0.0752625092653276,137.72507994764968,150.72489457868195,7536.310902754706,1.5879541115751685,-183.0085346114966,4.0643707284959696e-5,3.296328889055323e-5,2386.34,1979.72,0.03541300656748991,0.9,11.528901026971715,585,0.08384837917966466,1,0.9973360381316662
Mar_23_82_FLM30_stem,15.37916969959591,2073.1457748977623,2394.6591709892245,1.323100395438117,1.4575186507087465,1.8379874789188548,999.6283600019123,0.019474277205271773,0.12662762415440063,0.9996089092483209,0,16.024961216425808,2070.919760217272,6127.809536179916,1.378659117266297,1.2175516695006563,1.544634095433953,916.4922028614831,0.06745861831682663,0.42095963544473736,0.9997237872745784,3.398315442127486e-4,2069.93,2396.17,0.04287387851205337,0.9,11.623584841045579,245,1.4701115504867965,1,1.041991312238844
Mar_23_83_FLM30_stem,0.25665172871679504,1994.6858070468008,2000.6257865684147,0.022081708258787327,1.1601946299293586,1.4031900597055833,962.2711669764341,0.012710775333848233,4.952538366836433,0.6001200199798693,6.900981726084782e-56,0.325001319805971,1994.4343407263955,2010.0320033461023,0.02796234556282832,1.1566653366042714,1.398229625699434,962.4049193275613,0.0605794534880294,18.63975614751224,0.6029422636983182,0.0017927266568453226,1997.4,2001.5,0.038742734591146126,0.9,11.622820377343837,272,0.02453523139865258,1,1.2663126074813897
Mar_23_84_FLM30_stem,0.32521143269689884,1985.1336923812494,1993.2766646226844,0.027982722479158194,1.107683373312608,1.3934795998086729,1035.5193259843795,0.011222204869154904,3.45074119199682,0.7411200418398638,6.741494150591013e-88,0.4119430059860228,1984.7931989171013,2006.0029531119046,0.03544551530105848,1.1041849097525036,1.3854997090305838,1034.1980605114015,0.05295230999981456,12.85428062386165,0.7440765525721542,0.0016711893488017499,1982.69,1991.79,0.03582081785052446,0.9,11.621865347059048,294,0.031091913865731322,1,1.2666928790598788
Mar_23_85_FLM30_stem,6.188016557649885,2361.314875926089,3273.760279390392,1.6293667919005415,9.756162630041576,12.765483779883388,4479.333824966613,0.012632553054121604,0.2041454307116343,0.9976591606152324,0,6.90612901727869,2344.077473950791,6930.329410414123,1.818453001297106,7.616553753824903,10.239743140214678,4232.674153661508,0.04401791536489275,0.6373746458365136,0.9984938258662754,3.9650089582723584e-4,2346.9500000000003,3253.0899999999997,0.006092734514840525,0.9,3.797804514250594,564,1.8104075465561573,1,1.1160488911008237
Mar_23_86_FLM30_stem,0.031218431786462046,2027.3127669228886,2029.1695902854824,0.006107971587479611,1.1459308917746989,1.429040823309161,1092.9559738868272,0.0047647249954269584,15.262537939183716,0.12085649008501365,2.424699986101012e-10,0.08053279415710994,2026.9025006296263,2029.224190432534,0.015756461501223833,1.1379839106124359,1.417165781507673,1089.9025492162841,0.037964211180899723,47.1413063190581,0.1354067942712558,0.006786635097199569,2028.96,2030.4700000000003,0.015081923897191676,0.9,5.111096431826068,306,0.006786635097199569,1,2.5796553365641253
Mar_23_88_FLM30_stem,3.4015070017675915,2010.923698885269,2160.1130760650567,0.6630638985768347,1.5588279145940298,1.9269949745347377,948.11236619751,0.010123582824659349,0.297620519945972,0.9980021197959947,6.655659354165879e-306,3.7893099114131013,2008.1576437907459,2769.2757305454284,0.7386592476428134,1.1980904203413625,1.48098268204676,830.6667264316181,0.03359027435022681,0.8864483279410735,0.9988199287228043,9.704923066437286e-4,2008.3099999999997,2157.5899999999997,0.02042913868843758,0.9,5.129983715096548,227,0.736737665085372,1,1.114009146370708
Mar_23_89_FLM30_stem,2.730383337555041,2085.3476497092447,2232.757933830064,0.5321670906888781,2.4166175610857685,2.933867918439487,1398.4424611682605,0.011287356139214416,0.4133982208271837,0.9952714175456693,0,3.404900611559191,2079.5641200252767,2486.33227742748,0.6636343064416718,1.202226548771542,1.50757137582292,1028.972684499342,0.02729311235933721,0.8015832317301913,0.9987514509288159,0.001631480474479433,2080.82,2228.45,0.01661014119798757,0.9,5.130688058933938,279,0.5912967674320868,1,1.2470412358317993
Mar_23_90_FLM30_stem,-0.07171520353647388,2000.3599509730939,1997.3546211561802,-0.013978278218203443,0.9745154716149899,1.2319726903823038,712.471646385345,0.006929163213764493,-9.662056122089044,0.3294374970329734,1.2472133584154145e-20,-0.07248882845729618,2000.3654253686566,1866.5891246712888,-0.014129068341448229,0.9744047090347404,1.23201263943715,714.5617226205835,0.027821702227049147,-38.38067578018475,0.3293943285347276,1.0561712551322056e-4,2000.2900000000002,1993.35,0.02137697815168012,0.9,5.130474756403229,217,0.015531420242448272,1,1.0107874604361797
Mar_23_91_FLM30_stem,31.977293969371512,3272.4512277132685,4646.987604867076,6.247892623426397,12.862254436526625,14.284596010245997,1816.7954995221844,0.0773212845803026,0.24180058717401934,0.9987095277598973,4.9683e-320,36.46860830792972,3241.2209057623186,9127.250138590749,7.125429345334281,3.1340351690067023,3.855701592492644,1237.3945662862195,0.09205271969731664,0.2524163217857171,0.9999059801461985,0.001210566421517801,3247.87,4617.5199999999995,0.020842911671551313,0.9,5.118092754903156,222,6.942102914918218,1,1.1404532335619166
Mar_23_92_FLM30_stem,-0.4084641432101427,2095.3291914931287,2074.581474360452,-0.07979891204875707,2.0280629634540577,2.408484140856742,1214.8070503863805,0.010106466952610024,-2.474260500121928,0.861702191077508,2.425454146551651e-114,-0.9975339224128495,2099.4500465959954,2073.623584711362,-0.19488154116705833,1.40966602209445,1.7545673078049002,1050.2456255903678,0.057571181853556926,-5.771350784172123,0.9266047787942019,0.007545808715014594,2095.19,2078.09,0.017650579555415814,0.9,5.118668071070586,263,0.0886654578319523,1,2.4421578711246825
Mar_23_93_FLM30_stem,-0.05629907077592349,2013.2586681530217,2008.6053715857395,-0.011000701104686096,1.2014170960983583,1.5151370003404414,1572.6722529214035,0.003067429425360694,-5.44845480233484,0.4408443267445805,7.893001384107354e-56,-0.05634842890846313,2013.2594770384578,861.4996535433688,-0.011010345563389779,1.20159834633622,1.5153269857977747,1574.8173797784434,0.012246805476206737,-21.73406732617412,0.44070541184546064,9.559584679710549e-6,2012.0200000000002,2006.99,0.010863193485061578,0.9,5.1177711529623435,427,0.012223001227428996,1,1.0008767130941838
Mar_23_94_SE1_leaves,-0.002991135453284546,2004.7046687080654,2004.530637185052,-8.24793947930529e-4,1.2702155567362794,1.6457129527357042,826.6383199176648,0.0066572927358368155,-222.56741093174122,-0.0037611718019627816,0.6536727905580371,-0.0037038986196373034,2004.7187340452156,2003.6042713905695,-0.0010213356141629978,1.2704038099607207,1.6455030933631491,828.6608402283912,0.028394746286969197,-766.6178047213856,-0.0035051912453161194,9.1643771992281e-4,2003.3799999999999,2005.29,0.01539562284474018,0.9,3.626524492316576,214,9.1643771992281e-4,1,1.2382918384956711
Mar_23_95_SE1_leaves,0.03786752742979636,1989.1126469130254,1992.5097384238961,0.0104205261069656,1.1659596674659016,1.4151650725880978,1168.2233896559803,0.0030082778592958265,7.944215171885608,0.324341138587359,6.735997916490517e-30,0.05592303420432873,1988.8633837960117,1995.0573283664003,0.015389107170710027,1.1633160513771583,1.4112267588289693,1168.4392756813609,0.016030869630053343,28.66595108462922,0.3280965364643752,0.002484540666424565,1987.32,1991.5400000000002,0.010001659368177677,0.9,3.633936237104556,329,0.01157836234107289,1,1.47680712209177
Mar_23_96_SE1_leaves,0.01663553020887033,1987.5771509938213,1989.4098758328248,0.0045932953358482735,1.2009562031811254,1.4966790324624881,1471.0988171262384,0.0023491101135388014,14.121041433871573,0.10918480328748004,6.450638320322275e-12,0.026712319274278213,1987.4089016228515,1990.3735405529628,0.007375633357739795,1.1999558057462454,1.4947680768684148,1472.112070436271,0.013376000065760469,50.07427445149051,0.11145813176385311,0.0024878690227085934,1986.21,1989.3600000000001,0.008148821321772425,0.9,3.621698365232189,402,0.00510366148427586,1,1.6057389778917164
Mar_23_97_SE1_leaves,0.024157147320311247,1987.517686543054,1989.4190759424741,0.006695033096549771,1.271422234958351,1.6043516934525746,1088.113641897873,0.004182378783491669,17.313214710476757,0.10197023542649475,2.0067044785297994e-8,0.025425443584468764,1987.501233334679,2006.9583221063347,0.007046535091059924,1.2713025751921567,1.6043325506785617,1090.164059249552,0.01732551949001783,68.14244727907597,0.10199166553597672,3.621577294402359e-4,1989.3000000000002,1991.16,0.01139437658930222,0.9,3.608219253279036,286,0.007438925662833079,1,1.052501905433641
Mar_23_98_SE1_leaves,0.023222925250826615,1985.6155827831506,1987.4258219022754,0.006419287656471101,1.2885899988448202,1.638936749321498,1096.4875667387844,0.00430451622642882,18.535633129489582,0.09005322873943611,1.4490626970150433e-7,0.05949473999725087,1985.2094128663819,1987.5151200681746,0.01644555308878307,1.2767249273999226,1.62729861280688,1094.482988992507,0.03383987849275197,56.878773643376945,0.10293046088726132,0.007132541840523444,1985.8899999999999,1984.98,0.0115049877553892,0.9,3.6176794830834926,285,0.007132541840523444,1,2.5618968908808406
Oct_22_116_SRS5_stem,0.05088210485629455,2209.4303569902468,2212.68116848385,0.012900045609536588,1.3896851896158564,1.7124010464764001,1004.0814877309488,0.005798378152545169,11.395712046349947,0.23031389918092104,2.5851254656626027e-16,0.0532264831942189,2209.405623159745,2247.007639268319,0.013494411498499857,1.3904435204165886,1.7123724893051007,1006.1373650212581,0.024038040790582863,45.16180545475849,0.2303395761003305,3.5887468000480135e-4,2207.96,2213.0299999999997,0.014031232178598446,0.9,3.944335267983785,255,0.014333384010596207,1,1.04607471221062
Oct_22_117_SRS5_stem,0.07520739571510826,2218.9482929885717,2224.5725981656187,0.019065441278125466,1.302225289130665,1.6706024959755768,1153.7628964007406,0.004497890737684178,5.980649502507113,0.4848394388210153,1.3071005039702385e-44,0.0752060414059321,2218.947954877772,4161.339980651021,0.01906509795415014,1.3024963656323194,1.6708829594414703,1155.9176847562483,0.017965565852195515,23.888460975129092,0.484669042417998,9.815267825021316e-6,2219.3900000000003,2227.63,0.011994012217415868,0.9,3.944697351505663,297,0.021183823642361623,1,0.9999819923404701
Oct_22_118_SRS5_stem,0.042752531970602366,2227.521241096017,2230.6648552755573,0.010840048894966243,1.2342868115319674,1.512439540328278,1080.0232523979564,0.004159236588014414,9.728632191596049,0.26384680115048365,2.3987603952412757e-21,0.18146971152273214,2226.336651710309,2230.1568404299564,0.04601225834330671,1.1775295782417463,1.4651931201306736,1063.4812843948757,0.048807953733620756,26.89592291962548,0.30912114715656935,0.012044498772184713,2224.4700000000003,2232.38,0.012197761003059306,0.9,3.9439427243225085,293,0.012044498772184713,1,4.244654132941528
Oct_22_119_SRS5_stem,-0.0440455107911679,2313.9433004976167,2308.9512532095173,-0.01116789102483148,1.605485884802832,2.0335281921847437,1926.15087197346,0.0029224766448085033,-6.6351294202598385,0.3344613014492521,7.871615390268303e-42,-0.04407120832882748,2313.9429582931466,0,-0.011174406724048805,1.605741113745386,2.033782771084024,1928.2997817766573,0.002974238705972937,-6.748711502941601,0.33429467308078076,4.829162570321733e-6,2309.7,2308.74,0.007923097107126175,0.9,3.9439416711028064,451,0.012408767805368308,1,1.0005834314825277
Oct_22_120_SRS5_root,0.463811224335762,2245.3249602098585,2255.76196563408,0.03865557564526385,1.0972983318637015,1.3886863842529957,960.1132646007094,0.012920027584486859,2.7856220174468653,0.8256087369548378,5.4452468813381705e-105,0.640307958188127,2244.7100190613573,2266.289078892796,0.053365402593378186,1.0747173066033944,1.3657878583550587,953.0950633257581,0.06491752050930598,10.138484096465463,0.8313125148966422,0.0024730179632585013,2243.83,2256.59,0.03984761457129105,0.9,11.99855949868875,273,0.04295063960584872,1,1.3805357106334184
Oct_22_121_SRS5_stem,0.11575363870666439,2191.354409463347,2201.364606796331,0.02909941085169769,1.1226444378405376,1.385850295994309,1217.2751479593537,0.00297733712583616,2.5721326423103994,0.8136296001801816,3.983474128835953e-128,0.1392889085721878,2191.0309159781973,2222.8636654478746,0.035015963410861564,1.119014413542899,1.3789288951488434,1215.8473833033543,0.013540068261708093,9.720851717845736,0.8154865439491767,0.0010999980835528036,2191.05,2199.73,0.010377049059732711,0.9,3.9778688062308722,347,0.03233267872410854,1,1.2033220737463382
Oct_22_122_SRS5_stem,0.03539431547073233,2192.5293129316597,2196.0531150381416,0.008898490167883341,1.0659980774775806,1.3382795489684507,1374.3193289065844,0.002321397655818677,6.5586736879775165,0.367139340505676,1.1480785517922396e-41,0.035442747343038476,2192.5282909374796,2853.6345418453343,0.008910666432173147,1.0659791762773363,1.3383960865637878,1376.4296497626144,0.009257803593544322,26.120445754221993,0.36703069455272075,1.3478418060541255e-5,2196.79,2195.62,0.009017147944512865,0.9,3.977564148857342,400,0.009887211297648158,1,1.0013683517158622
Oct_22_123_SRS5_stem,0.012397627557219749,2199.5910636751073,2200.8626448947052,0.0031166206362697015,1.1778776841707328,1.4862292297370248,1498.1375258044088,0.0024768138877418063,19.978127882212718,0.055418739350288626,8.296444789041636e-7,0.02575893821701049,2199.3586321867374,2201.2285903128636,0.006475500094272446,1.1735054929837618,1.4770783061775155,1495.1002642361368,0.016130022771396208,62.6191290786372,0.06701477072687034,0.003462911818077446,2197.32,2200.8399999999997,0.008753340948194277,0.9,3.977907164234955,411,0.003462911818077446,1,2.0777312512513566
Oct_22_124_SRS5_root,0.05595032529705709,2196.073093173635,2198.5151653991747,0.004625136790795541,1.4529443137942422,1.8016288505600206,2142.1634616167225,0.0061953929029193965,11.073023919032094,0.13172611230509113,3.15517445514911e-18,0.24319248972356944,2194.7312171017466,2198.643137892004,0.02010352085521852,1.332181369767844,1.6544578856578467,2053.5221914835397,0.05516664341407149,22.68435323672124,0.267786860619988,0.005139040878661712,2194.0499999999997,2198.4,0.02058092412352156,0.9,12.097009845936562,532,0.005139040878661712,1,4.3465786558413635
Oct_22_125_SRS5_stem,0.17437330119159355,2193.2540388056536,2212.105357043649,0.04384027497208195,1.161954346637847,1.488728032890332,1579.45724043718,0.002294809373863456,1.3160325337547072,0.9303772227686906,9.908918694349703e-252,0.2803162447468188,2191.5303668154206,2221.8628709212426,0.07047604859725172,1.042349233347745,1.3102506156490943,1470.90338684209,0.011535073838821495,4.1150215354946535,0.9460701322189022,0.002323449734033818,2190.75,2210.17,0.008305618127772392,0.9,3.9774682367443344,433,0.048711416635646605,1,1.6075640182944058
Oct_22_126_SRS5_root,0.32231657285994236,2183.848653847195,2199.4468172393413,0.02666352716606272,1.2417009888895592,1.544330164710817,2189.497951093058,0.004556414035237862,1.4136455953252458,0.8948313327799488,1.7706094665405464e-289,0.40787309533857113,2183.1934895643662,2224.062174138646,0.03374116093804394,1.2163299792069342,1.5195644141365172,2172.4812323053357,0.021381680757743837,5.242238579133328,0.8981773746743132,8.255993871473596e-4,2183.36,2201.42,0.018565640251374207,0.9,12.088294652561428,589,0.029626141295625245,1,1.2654425173346766
Oct_22_127_SRS5_stem,0.1340855059941544,2192.1740210335233,2198.892671844668,0.025069592578897654,1.1038243248268373,1.357678551868633,937.4362323075135,0.005722060356915087,4.267471203908159,0.6707907175733361,7.89789193264503e-67,0.13492764275610375,2192.1667273762687,2676.800481199458,0.02522704453734201,1.1041028447497832,1.3578795301428415,939.5768808686105,0.022931601707432903,16.995480865906952,0.6706941444059075,5.205383310248277e-5,2190.9,2199.0699999999997,0.01789471510831151,0.9,5.348531515706441,270,0.027855102865441836,1,1.0062805950255806
Oct_22_128_SRS5_stem,0.09210899273223669,2200.209369677986,2203.7917413173723,0.017222940573970662,1.1557402151218894,1.5034244863670427,776.9766027565158,0.009159046648922734,9.943705144565339,0.3228765599551493,1.171323988729196e-19,0.199446595531967,2199.6332462447726,2204.2121001942837,0.03729339297535945,1.1445136272427245,1.4893390628017829,775.082525252806,0.06518954440882571,32.68521291875209,0.3355049191514865,0.008144700264864642,2199.97,2205.5600000000004,0.02302984172732509,0.9,5.348041023345494,211,0.019136600637745183,1,2.1653325002886916
Oct_22_129_SRS5_stem,0.09480442150439286,2204.9378621506544,2209.0322386748967,0.017724573698018845,1.0454174702583734,1.3317670619816873,804.2527068725502,0.006955993654270701,7.337203839114601,0.44225585645910515,1.8289950945173709e-31,0.09509923425395227,2204.9355326967084,2693.5904555845896,0.01777969170015168,1.0453699285646787,1.3318972208317925,806.3687687872607,0.027912510285427617,29.35093064039849,0.4421481897712557,3.6384963841305904e-5,2206.9700000000003,2208.81,0.020749484830684194,0.9,5.348756089687481,234,0.019693970775576497,1,1.0031096940931783
Oct_22_130_SRS5_stem,0.29816518038017176,2198.5513865951825,2214.3832658980114,0.05574605388320031,1.0011917367214822,1.2855089509934654,964.7183276801766,0.004939495699613627,1.656630627800196,0.9272033189019462,2.1110777886234505e-164,0.31022261948023844,2198.445336616531,2406.1524525704126,0.05800035684677473,0.9992405474622422,1.2846512925932705,966.3922802031861,0.020308993868467195,6.546587061412168,0.9273004226342574,2.792410677911148e-4,2198.4300000000003,2214,0.01689041982783063,0.9,5.3486329454797,287,0.06194005987022257,1,1.0404387899509024
Oct_22_131_SRS5_root,0.8091594952235645,2196.8576038555984,2217.0073064593284,0.0669425335672094,1.1821829176889316,1.4679932434314031,1102.203595378102,0.011703870427633564,1.446423170798963,0.9403753989862312,3.525742986441505e-187,0.8381809108150007,2196.738573553897,2491.74126276069,0.06934350284318741,1.181608325365539,1.4670593906154878,1103.8704769596952,0.04812403983431853,5.741486022095801,0.9404512343372728,2.3506057870061823e-4,2193.61,2219.16,0.036021977966942086,0.9,12.087374828907233,304,0.0743805928524549,1,1.0358661249886438
Oct_22_134_SRS5_stem,0.1123962699941112,2131.68201679261,2139.5061188032687,0.028765080921540565,1.3456049367499112,1.714887908717357,1083.145999671554,0.005139484747401612,4.572647070646459,0.6352797233362558,5.907506051266946e-62,0.11317823590799202,2131.672617547264,2639.7921420489342,0.028965206003910705,1.3458402511006384,1.7151404872938718,1085.2865881395026,0.020736198343964327,18.321718992706135,0.6351734036925241,5.7004709733045295e-5,2131.98,2137.29,0.012881491793380133,0.9,3.9073858439919738,275,0.03196120102393397,1,1.0069572229925583
Oct_22_135_SRS5_stem,0.06392565789181624,2135.464710455481,2141.8114113020724,0.016357476408740124,1.3042097513003827,1.6059738505432777,1489.9142468062191,0.002821366095654516,4.413511238991421,0.5671768127266752,3.9056286466393206e-73,0.0639712864096791,2135.463549333473,3659.441554180891,0.01636915196170464,1.3046352684449716,1.6063094996099507,1492.119589448292,0.011243008095037817,17.575085207817093,0.5669985520633369,1.0741068381327152e-5,2134.31,2141.84,0.009041735778953263,0.9,3.9080391311253546,392,0.018174973787489026,1,1.0007137747090546
Oct_22_136_SRS5_stem,0.04017615985699489,2136.697165262471,2139.5349474256773,0.010281819431907094,1.1364038928621611,1.4070940083606311,984.9062001071272,0.004146126578760638,10.319867786066606,0.25114287558516823,2.6584703058243746e-19,0.04175322119650271,2136.678744724941,2174.7667434627238,0.010685418481283085,1.136186121292927,1.407071207314193,986.9561193201288,0.01701301551957041,40.74659399211919,0.2511671491364761,2.8054554808319097e-4,2136.76,2140.9500000000003,0.012695832710120659,0.9,3.907495178559358,278,0.011424243813230104,1,1.039253660507159
Oct_22_137_SRS5_stem,0.3841756947241414,2154.5306920560065,2189.4352308065713,0.09832264436778876,1.0482839071747363,1.3065745638684492,1213.4925414679492,0.002634329971368045,0.6857096915669363,0.9834902941662214,1.48e-319,0.4397225477375696,2153.7137738760985,2299.645293514161,0.11253883125725554,1.0188443982850566,1.2557949113543088,1187.1557418057816,0.01121511877542497,2.550498907351518,0.9847486469480347,7.711756276942284e-4,2154.17,2188.26,0.009877996011542677,0.9,3.907296200121325,358,0.1092473826308764,1,1.1445871089094113
Oct_22_138_SRS5_root,1.9788230347208338,2167.3786284234657,2229.319507584969,0.16650773968146063,3.0731989931283543,3.724676521552072,2056.503596087156,0.02128131859249117,1.0754533487373454,0.9585321386828348,4.085825955160173e-260,3.6308684810000553,2159.8508608148645,2247.3664675922446,0.30551883278297703,1.831169248095152,2.364838579629189,1717.8443323300498,0.0852528277925962,2.3480009876070995,0.9832838015525873,0.003491021133637888,2162.61,2223.3999999999996,0.02867518374396099,0.9,11.884270596108276,375,0.18500859964606736,1,1.834862651835002
Oct_22_139_SRS5_root,0.3783101797758864,2131.6547906995534,2142.8912285109823,0.031831268587617444,1.1394090217484178,1.413544659424863,1262.7759681742002,0.008741342792752325,2.3106284895454725,0.8405933289668321,1.9556924082721305e-143,0.42631519559171993,2131.423458854088,2183.7715343873947,0.0358704423494545,1.1366846039115834,1.4095570761437048,1262.8103693038197,0.0381420131525711,8.946904437602905,0.8414914269467717,6.85229437453375e-4,2129.54,2139.53,0.03021574648071831,0.9,11.884860282415868,356,0.03536807620846382,1,1.1268932700787275
Oct_22_140_SRS5_stem,0.37769926389018554,2176.887438107904,2191.400014144703,0.031825824642103734,1.1177917528721932,1.39127059435441,1615.2761142942848,0.0058412790594852635,1.5465423467660213,0.9010554873385258,2.0966750194252108e-232,0.5464232334859371,2175.8871735645607,2203.274996906513,0.046042901514234666,1.062283275122284,1.322818274896267,1570.8947185919958,0.029298533366402937,5.361875478736753,0.910552362608458,0.001681144972324499,2177.39,2188.97,0.023371833420138922,0.9,11.86769763667054,460,0.035362027380115256,1,1.4467151136540404
Oct_22_141_SRS5_stem,0.2650591103530097,2109.7261881433847,2117.2537571683415,0.022337000074056063,1.1396708459035647,1.4265992380186896,1212.5491817322054,0.0094337653477303,3.559117562556619,0.6993169665873081,1.984194956047533e-90,0.2682747745058823,2109.7111041343396,2420.5254794411067,0.022607989780183087,1.1395808797264608,1.4267314966187716,1214.6601953491459,0.03812155170878727,14.209890504614478,0.6992612538023834,7.273791554161384e-5,2111.06,2117.45,0.03159684352716574,0.9,11.86637012464669,340,0.0248188889711734,1,1.0121318755978237
Oct_22_142_SRS5_stem,0.27835751401066006,2108.386165473872,2115.845625128505,0.023457420297588464,1.101528732899329,1.39008373017582,1128.485925095888,0.010023455957372366,3.6009288245721667,0.7064777589858555,3.9468420345799003e-87,0.5137494039410293,2107.469381890288,2117.966585866389,0.043294091552415426,1.0737671515441414,1.3376435136744957,1105.8490157280528,0.061114675028918666,11.895814293914725,0.7282059970693088,0.004124345078078237,2109.07,2112.13,0.033479157940810605,0.9,11.866501536798424,321,0.026063800330653846,1,1.845645898106974
Oct_22_16_SRS6_stem,0.6157511329861596,2118.1958365345763,2146.73786986004,0.16125442556759115,51.76994542762142,62.33285070111893,3980.8896135266064,0.2458857579114984,39.93265212831126,0.014550152877477185,0.012718905009917902,0.6151782862087615,2118.200074295396,32592.397148912027,0.16110440704049628,51.768962105278405,62.333089348130166,3982.9378726301675,0.9846044636716854,160.0518883297449,0.014542677827742989,5.286584143497832e-6,2272.7400000000002,2303.0499999999997,0.019307057243560324,0.9,3.8185068770597077,358,0.17917158396399013,1,0.9990696780781871
Oct_22_175_CP40_stem,11.790107197168508,2663.4993860523045,3574.061329404822,3.1507333680017906,14.40937317843001,17.851420006383194,2509.278189332104,0.047009559956339896,0.3987203777725586,0.9954107250642276,0,14.908784369079815,2625.376932450416,5017.840245474198,3.9841541389279644,5.737632538534025,7.466905634046089,2004.0618388729467,0.09350567381982275,0.6271850977585371,0.9991970659681018,0.0016652937235189947,2608.37,3544.01,0.011613165437888866,0.9,3.742019974430857,291,3.500814853335323,1,1.2645164390583559
Oct_22_176_CP40_stem,14.82795884692009,2240.848691801102,3097.0840436171093,3.964052554703737,5.428859913804107,6.774075261012441,1458.8821989800279,0.027566920301770374,0.18591176699614517,0.9992505383970838,0,15.314494752981812,2236.215395933655,15880.353949854185,4.094121293178801,5.363774121341484,6.438629763741614,1438.8146599767722,0.10704929685493328,0.6990063895780187,0.9993229258105617,3.000644765515364e-4,2238.7000000000003,3098.03,0.015514034181401109,0.9,3.740606019293378,218,4.404502838559707,1,1.032812062070349
Oct_22_177_CP40_stem,0.2509629661672749,2077.177343643473,2104.62589613853,0.06711137529353835,23.697686292349175,58.20450769152557,5708.263901782657,0.07801166723942159,31.08493194466959,0.017694825244770285,0.0013764010218077758,0.2511932980457318,2077.1720667693494,8129.532706084075,0.06717296959716514,23.706130376260916,58.20472889813578,5710.299012576918,0.34296037030623855,136.5324524875659,0.01768747514586322,1.1098639621840305e-5,2068.81,2210.35,0.00820865782540425,0.9,3.7394996760174912,520,0.07456819477059816,1,1.0009177923020856
Oct_22_178_CP40_stem,66.53157182000898,3146.3971124230984,9421.085914132633,17.876606272676735,77.24530867701041,89.08631912826506,4189.31794344301,0.17399424330885863,0.2615213176979698,0.9975915119011485,0,79.75367362907747,2946.7288171048162,23304.67270663956,21.429300154273538,15.512274576250238,22.699731727216115,3223.3490939025364,0.2033081299035351,0.2549200816116523,0.9998436262238914,0.0010526259562631734,2907.04,9390.980000000001,0.009515739727083559,0.9,3.7217115377037917,354,19.862895858529704,1,1.1987342467248312
Oct_22_179_CP40_stem,2.442670733446568,2082.8394110705967,2244.2157163644097,0.6613783003844801,4.151933987324314,5.002115623025023,1496.268518083608,0.01675508814499107,0.6859331434061077,0.9886034782041799,2.628928951570723e-239,3.340746588379014,2073.5873030432235,2414.7833798599117,0.9045416029199312,2.5284225754678,3.022962457708073,1250.5524834829362,0.05100414075003136,1.5267288134769725,0.9958377287377244,0.002651090280284516,2078.1,2236.3,0.013567237023750157,0.9,3.693303412020876,246,0.7348647782049778,1,1.3676614463977614
Oct_22_17_SRS6_stem,-0.0353658092423752,2126.5602754617257,2125.6624007737887,-0.009256440081826705,48.08006337780971,78.81141548599622,2297.3782802555716,0.7615247809443206,-2153.2796711233286,-0.005090980985187787,0.9630062098353803,NA,NA,NA,NA,NA,NA,NA,NA,NA,NA,NA,2085.13,2073.95,0.035087791979585135,0.9,3.8206706822214924,198,0.010284933424251894,1,NA
Oct_22_180_CP40_stem,0.2186538373326044,2083.6301690244254,2095.8592352309297,0.059077614524174364,1.5135842091420764,1.9285489381077454,873.7623516327338,0.008275428602811222,3.784716839989909,0.7701974575093131,3.0395165119875454e-68,0.6122049554167283,2080.761732837903,2095.4259139289347,0.1654103527617611,1.2763243716416448,1.636914109008742,807.308147614648,0.061220383685735145,9.999981729004855,0.8344438624434998,0.011279890212411556,2083.56,2093.15,0.01601449791485894,0.9,3.7011284069896218,209,0.0656417939157493,1,2.7998820550561625
Oct_22_181_CP40_stem,22.559698389396935,3478.24725368485,5732.168725285219,6.091679652973968,12.748943923631023,15.652309164119766,3116.554554988487,0.028117238921297878,0.12463481752270672,0.9994224742027741,0,23.065852878889245,3469.827493203814,54974.814639480326,6.228353953830353,12.76583336465173,15.219576536759948,3097.6834082297505,0.11126644850023681,0.48238601487860927,0.9994540340952646,1.209272014017117e-4,3498.16,5711.48,0.008983898407492603,0.9,3.703362565755284,373,6.768532947748855,1,1.0224362259085078
Oct_22_182_CP40_stem,3.546299166988935,2339.0183121984146,2547.1666524851044,0.9548089003976585,1.4384376435521993,1.7634899840992744,880.0537738138501,0.007028961749111887,0.19820554945114754,0.9991403848367336,0,3.697953378821982,2337.5529811281244,4916.930932822667,0.9956404220551873,1.3082199961153946,1.6355065505365027,848.9781333331101,0.026817490065954623,0.7251981655457644,0.9992606285978153,3.860002065230857e-4,2337.71,2546.41,0.015263611584512364,0.9,3.714145485564675,220,1.0608987782196206,1,1.0427640773358138
Oct_22_183_CP40_stem,0.8686667816496579,2093.724361451673,2188.5059297202506,0.2340285636261179,1.83845903430418,2.3108283456413874,1847.3997870122769,0.00363309009743296,0.4182374846351868,0.9929308540646647,0,1.0598160119762747,2090.399582512807,2374.981156993411,0.28552630793564754,1.4248022332886385,1.7941438407035863,1642.9278970547316,0.013079195252957471,1.2341005519031791,0.995738660928691,0.0010033197281193193,2088.34,2183.4500000000003,0.008228123903334938,0.9,3.7117981163933167,408,0.26003173736235324,1,1.2200489697138082
Oct_22_184_CP40_stem,10.892656482283062,6424.682838005014,6947.774226252935,2.9387156643141608,20.546736208079093,23.314929447159283,1650.6280410966117,0.12537985561377296,1.1510493865082743,0.9768304406194332,1.1022173912414581e-147,17.741168170143066,6375.558183946024,7203.740592750276,4.786366749895307,9.46210538910928,11.795186521618286,1407.4153928690075,0.3657542595508116,2.061613170244032,0.9940699386076938,0.005779362974886133,6395.2,6905.29,0.018636558556523977,0.9,3.7066044240197686,180,3.2652396270157342,1,1.6287274090575727
Oct_22_185_CP40_stem,0.025236341908198113,2020.3539286441826,2021.7938405649988,0.006792037362340928,1.1727655592747888,1.5111354329752589,790.12461887447,0.006280982910973594,24.888642473706522,0.06637707925145186,8.155303443540561e-5,0.05661166629763316,2020.0627539411355,2022.0816875826756,0.015236303028252768,1.1639723230817893,1.4994311840299976,788.8738131037941,0.04323132824452854,76.36469843025266,0.08078351409429185,0.007546708180378808,2019.39,2022.5,0.015699623678346274,0.9,3.7155776038752846,214,0.007546708180378808,1,2.2432596017112396
Oct_22_186_CP40_stem,0.19440775157929052,1998.5722270362169,2004.694840773273,0.05233003194065109,1.56200023052854,1.9992738787727349,508.79867141256216,0.020236028550901,10.40906465226393,0.43620155988417153,1.839587499056047e-16,1.1788662751266943,1995.2822520175637,2003.407828596748,0.3173233028518184,1.3246971077989194,1.7015951413688837,472.5709869330881,0.26976794331900905,22.883676377120615,0.5915943326991635,0.03905240443671659,1997.48,2003.4399999999998,0.028334991048798865,0.9,3.7150321597314067,119,0.058144479934056775,1,6.063885136009536
Oct_22_187_CP40_CWD,0.532527462797645,2041.6367551755125,2054.4274828457615,0.04702473408179743,3.5467305772903646,4.233952875274635,1580.2295775664156,0.03677121781287883,6.905036900763843,0.4323991428070324,1.1818804728489113e-35,5.435561771177078,2030.349835564174,2051.4708623354477,0.479986225559063,2.0388604933496772,2.612997067077701,1316.8381666673579,0.512021045472002,9.419836753343034,0.783813362188138,0.022725515703236807,2034.72,2049.11,0.03733322636415713,0.9,11.324411997127664,275,0.05224970453533048,1,10.207101325105812
Oct_22_188_CP40_CWD,15.30658446760683,2079.104426450189,2349.336502148427,1.3579501291368745,4.678760419955863,5.815970270578158,1284.2993844393204,0.08069107516191172,0.5271657784444167,0.994472493449876,8.283465148313896e-227,19.522884174081792,2067.3407607786303,2757.822612973011,1.7320064539168611,2.1236581670061683,2.7444147829016767,984.463651053597,0.18181505966524486,0.9312920060583008,0.9987692087214729,0.0025084025719321525,2068.31,2338.04,0.050723239849766254,0.9,11.271831077725833,201,1.5088334768187492,1,1.2754565994391416
Oct_22_18_SRS6_stem,12.024664627191342,1963.2327709778322,2497.8674629402967,3.144909952720379,207.97277162573363,295.60209633412495,4867.91073072528,1.241751574237348,10.326704425746549,0.21387400573467452,9.568049165535151e-20,12.012617372938331,1963.2864421456177,391915.98690602987,3.141759134716061,207.85307551006557,295.61918925734193,4869.997969706523,4.9387402436300105,41.11294058825064,0.2137845816522742,8.05676978510125e-6,2399.87,2424.27,0.02012385394673079,0.9,3.8235322498788507,342,3.494344391911533,1,0.9989981213924446
Oct_22_19_SRS6_root,3.449751395557953,2355.8094434801023,2406.239283185223,0.2966461159124745,35.69817077631978,65.77225487364248,3862.404585655818,0.8397474300635274,24.34225930438993,0.0442390225596343,4.997154208525887e-5,3.44713586878901,2355.8141520485215,37375.46453900469,0.29642120525425397,35.68395394073471,65.77293144338684,3864.459068632452,3.298823711635135,95.69752505270476,0.044219591598939734,8.464425029344738e-6,2372.64,2169.92,0.06120621615611305,0.9,11.62918106966148,344,0.32960679545830496,1,0.9992418216650883
Oct_22_207_CP40_stem,0.6584843573220838,2080.4410096066986,2131.45113218581,0.1752925174539904,1.8325955760004216,2.2942776861203904,1328.7044355760693,0.005974516239533676,0.9073133132320358,0.9764459244668335,6.009915014299746e-240,0.6642158121980434,2080.3652920794875,4859.6064584326405,0.17681826539729273,1.8366371944066116,2.3002554498113637,1332.2901327879297,0.024130011687116096,3.632857159371789,0.9763239754325561,6.36210587040595e-5,2077.82,2131.6600000000003,0.011578218531037061,0.9,3.756488678958691,294,0.19476946383776714,1,1.008704010675771
Oct_22_208_CP40_stem,0.16648719116117755,2020.6867489282638,2030.9066287334665,0.044628296092588636,1.3706418276676962,1.7538832223949874,921.2218582122433,0.0065248846137936104,3.919151118044162,0.7386519564686307,6.938501314301998e-69,0.16879995712776188,2020.6629924702174,2388.126580929982,0.04524825252064601,1.370306080655393,1.7539669740210722,923.3151834389346,0.026269476121350954,15.562489806480237,0.7386271638612705,1.2313669691820488e-4,2021.33,2031.9099999999999,0.01459772553797781,0.9,3.7305298597054404,231,0.04958699565843182,1,1.0138915549625998
Oct_22_209_CP40_stem,0.07943904109004357,1981.434785903479,1985.6268411505844,0.021497719215925568,1.401506912123052,1.7765128645272956,791.5991713281862,0.008329585264379172,10.48550580430301,0.3145747693619587,6.166147379734513e-18,0.10954278550243272,1981.1882486431286,1989.8765105052587,0.029644366454428573,1.396617830799412,1.7735214486294408,793.0191485267125,0.042103230931426906,38.435421135508626,0.3168811592297719,0.0034120019544577637,1982.5900000000001,1985.77,0.016967898007333497,0.9,3.6952311215970726,197,0.023886354684361743,1,1.3789540256190502
Oct_22_20_SRS6_stem,15.79023787309748,2071.645857490594,2249.5518411152902,3.0673445452533814,28.92399151729728,33.22390200406323,1187.5368381459975,0.9147656507496498,5.793235403427178,0.7139146741364938,4.498948238483849e-34,26.714264602107136,2053.7408138226883,2324.6288612467724,5.189399581328457,27.69886282325035,31.652699313116702,1178.0506975699761,5.046640590864878,18.891182916810724,0.7403335669359121,0.01915698987340066,2100.42,2172.1,0.07852656648079204,0.9,5.1478526915185885,120,3.40816060583709,1,1.691821542956069
Oct_22_210_CP40_stem,265.8216100026281,5276.606164058546,21140.89214474156,72.11039082128643,98.91612285311831,119.04295065267466,2758.2098553698074,0.46396850620625413,0.17454130467484075,0.9993271818234877,0,269.3879860416263,5240.6950700737025,584579.4391270679,73.07785456505538,104.68613377548184,126.03152447663753,2785.613279583321,1.984996941279903,0.7368542934847799,0.999246675737019,1.261401128695548e-4,5375.24,21249.300000000003,0.015012142232490326,0.9,3.68631492597818,222,80.12265646809604,1,1.013416426297933
Oct_22_212_CP40_stem,2.454103335069626,2035.7831953404138,2209.8488566967617,0.666918242744628,2.1212841997029184,2.746559852159079,1283.8979937270678,0.008284309874377758,0.3375697247949309,0.9970232757259919,0,2.4831683890364,2035.4336498911182,9183.85560303555,0.6748168566455983,2.1400317955350325,2.7850414758244524,1293.278922059533,0.03382938436295949,1.362347576278831,0.9969400977662755,9.440081476286684e-5,2044.8300000000002,2207.32,0.012640418899728384,0.9,3.6797663908098186,263,0.7410202697162533,1,1.0118434515578167
Oct_22_213_CP40_stem,109.82801964632834,4177.174430479834,11995.954382577793,29.504830007916826,30.126994265355478,35.72558915166405,2683.30679011744,0.10596952266155833,0.09648678270154076,0.9997514925361188,0,116.17910521058026,4102.840085720368,77375.2166264454,31.211022112103166,10.74670599133603,13.248652112692072,2153.671304526179,0.1643903578632822,0.14149735235550034,0.9999658237796545,4.259589163831198e-4,4089.83,11915.900000000001,0.01259449936208521,0.9,3.722374255905184,268,32.78314445324092,1,1.0578275524288236
Oct_22_214_CP40_stem,6.9611574542063215,2334.6039921316233,3025.1198304542168,1.876401734572265,5.295380287776756,6.416715563915159,2438.2263298844364,0.011622350660455204,0.16696003124354453,0.9989696607712991,0,7.785586584800825,2321.3940342693213,5723.8314556804435,2.0986291817828824,2.084140118177007,2.5948361845643557,1768.4760346243327,0.02031782314903845,0.26096714650509834,0.9998315098375404,6.168016988575501e-4,2314.88,3015.4100000000003,0.009048399658939606,0.9,3.709843860165239,371,2.0848908161914057,1,1.1184327658177502
Oct_22_215_CP40_stem,0.01836902754796933,2048.86198902351,2049.795866390238,0.003676682546173616,1.4970986806251283,1.8974735322596636,1064.6582343910895,0.008043564410217651,43.788732904953676,0.01619909048668422,0.02321239848261558,NA,NA,NA,NA,NA,NA,NA,NA,NA,NA,NA,2051.53,2050.5,0.01763324984406962,0.9,4.996087455819725,257,0.004085202829081795,1,NA
Oct_22_21_SRS6_stem,-0.7296152874311536,2116.9792209199254,2097.0043002068355,-0.1416661043481543,1.1626037331554429,1.5044767508540358,1044.0396542395445,0.011256462999173366,-1.542794290783761,0.9368768894599713,1.996342435790296e-171,-0.8199174578177645,2117.3786985720776,2022.3429938225827,-0.15919966883512587,1.1460665069753817,1.4938342331063663,1042.0650553039213,0.04854728656987577,-5.920996815836299,0.9377667838906084,0.0016751563978481673,2117.39,2097.76,0.0326424042332481,0.9,5.1502460012458116,284,0.15740678260906035,1,1.1237668288236515
Oct_22_226_CP40_CWD,0.9816754546170975,2111.2770258869796,2140.5379530255614,0.19507284759054488,2.608510750011027,3.0666538692072605,778.1779310336339,0.028978982703441413,2.951992185110166,0.8836263502903786,3.648772474041908e-72,2.6445819527693484,2104.6925617071665,2140.169200328771,0.5255159735194785,1.3979190258932501,1.7489155658506965,609.5641823744799,0.13890551236922485,5.252456337144933,0.9621502669727419,0.014813014815880961,2106.75,2136.29,0.02999415771218559,0.9,5.032353127266693,152,0.21674760843393873,1,2.6939473125574556
Oct_22_227_CP40_CWD,0.17232638452096935,2041.0167392873896,2048.1116068384904,0.03427472246908617,1.5777868420085284,2.026779411584847,894.52865929844,0.011793700560151376,6.843815932734475,0.5053539316804976,1.0751862829076686e-33,0.17235709615400835,2041.0162454457086,4394.840585725372,0.03428083083549745,1.577591279803986,2.027150628261458,896.6842167293127,0.047307639169438594,27.44745660321825,0.5051748059291625,1.4563886628610722e-5,2040.05,2053.48,0.021754895626624814,0.9,5.027798100375512,209,0.0380830249656513,1,1.0001782178226764
Oct_22_22_SRS6_stem,-0.45982402228322283,2098.020027777776,2090.9684722222205,-0.08926019690576112,2.0614147415612707,2.581202255767741,763.6558666997495,0.045810164248234975,-9.962542631150049,0.38551523788543407,1.1981040996298026e-18,-0.4601063875566773,2098.0213602772387,409.60157809844844,-0.08931500913541095,2.061963291607287,2.5814533343856807,765.7912105773408,0.1805133474904554,-39.23295837057233,0.3853979311448318,5.289858012689003e-5,2092.96,2091.18,0.057954389862570135,0.9,5.151501321117346,160,0.09917799656195682,1,1.0006140724707082
Oct_22_23_SRS6_stem,-0.26224085195759667,2102.361744481028,2091.1877984032076,-0.05102258483022933,2.376470361539565,2.970474954111406,2222.8265796722585,0.011486681409516204,-4.380202902701657,0.5412025482993956,1.1265823564855101e-76,-1.350477326918299,2107.4275800778796,2093.40316490578,-0.26275404255143253,1.9397965057912572,2.5371393439850736,2085.4700847081,0.13817515281743173,-10.23157886943118,0.6652983546411316,0.018735472340704978,2106.6600000000003,2091.18,0.021026051283969324,0.9,5.139701424970279,442,0.05669176092247704,1,5.149759531503757
Oct_22_24_SRS6_stem,0.44218541180207704,2186.436788929655,2217.1416827505236,0.11586752385233488,30.000848882107164,40.436966158888055,5493.273185595237,0.08681194812737009,19.63247674173097,0.0445486351611466,4.880232316412486e-7,6.134644610639643,2141.0543683566007,2214.5526915605383,1.607484240269429,24.300016782454176,37.4491579781319,5413.016527236429,1.678263088691937,27.35713631693082,0.1805252610917769,0.021871032837158782,2154.6400000000003,2101.61,0.012912298504593312,0.9,3.8163015580242456,536,0.12874169316926098,1,13.873466756034729
Oct_22_25_SRS6_stem,-0.6137237428863981,2387.6532992000934,2356.0031157180556,-0.1606608298580607,2.385388933392697,2.9082665537672483,1985.3115314267984,0.00975991752514807,-1.5902786291510085,0.9087388540793425,3.4927924989704165e-208,-0.619340999611597,2387.7028300792417,766.5335543726006,-0.16213131741448442,2.3901547194028425,2.9102642880699565,1987.898996172237,0.03935832038089671,-6.354870807128742,0.908614787217119,1.0000887621301238e-4,2390.8399999999997,2354.79,0.017363618619553593,0.9,3.8199960963017907,398,0.178512033175623,1,1.009152744684083
Oct_22_269_Long Pine Key_stem,0.14935868950675252,2026.5155545508867,2037.3259691820808,0.04018741498585152,1.1235053408108335,1.4129480300806272,962.5122238020974,0.00411401773265431,2.7544548939473086,0.8298720047462496,1.120113052724495e-105,0.20101595198154637,2025.9297642628826,2049.696495136751,0.05408665212406798,1.115511756482203,1.3892129691309243,955.3907195565664,0.020153381676121265,10.025762372317288,0.8355397046035554,0.002275729565463156,2026.34,2037.7900000000002,0.012388512635886643,0.9,3.7165537907659925,271,0.044652683317612796,1,1.3458604427060028
Oct_22_26_SRS6_root,0.4819049975562661,2210.8848882399247,2221.3756279113354,0.04162991933099448,9.523196339454275,21.873718215381427,4582.3395767966995,0.15441775781250155,32.043194944138776,0.016945215656126056,0.0019066971283387252,4.767438731341157,2199.3467631773087,2220.3774717744523,0.41184069641863047,8.295090220618324,21.455669539943056,4564.765820059058,2.6078241948860126,54.70073852742288,0.05416226165430649,0.019582825491413457,2202.34,2064.41,0.041179194678270005,0.9,11.575929170669234,508,0.0462554659233272,1,9.892901620686185
Oct_22_270_Long Pine Key_stem,0.14661511464352728,2034.2459103393514,2044.1103977764642,0.03945794974845058,1.4427455605540265,1.8618130859559692,1034.503393256949,0.0060487475065967985,4.1255961374128605,0.7003075982058707,1.4013402009248241e-67,0.44516979238866894,2031.6297449425235,2043.527576508632,0.11980679713894528,1.2487159335176055,1.5791539674340602,953.5791410037486,0.04710886838929601,10.582224848753032,0.7843981282500547,0.010069632980872031,2034.1399999999999,2039.67,0.013323337117168335,0.9,3.715730684899169,252,0.043842166387167314,1,3.0363158223559195
Oct_22_271_Long Pine Key_stem,0.019617798517384055,2044.684776550354,2046.1679983601398,0.0052783694298432155,1.249673465433279,1.5785124612044232,1067.574565896992,0.004306442333939149,21.95171048434946,0.06545821941261665,7.80012222738689e-6,0.03010582830629506,2044.560712223536,2047.1405473069133,0.008100281163110156,1.2502697626825865,1.5769691411174442,1069.0787773541558,0.023529433818742073,78.15574306527922,0.06728473908447763,0.0031398445642138195,2045.54,2046.7399999999998,0.011861616755026316,0.9,3.7166399165749118,283,0.005864854922048017,1,1.5346180805974317
Oct_22_272_Mahogany Hammock_stem,94.7568074412272,10605.64089129266,18094.56566967767,34.99497559992995,42.84004070684981,50.29175452312814,2311.602025372292,0.15003166916387986,0.15833339389039341,0.999461295515515,0,103.23974458533411,10496.269790278324,57671.58042437015,38.12783946892309,10.042960927835397,12.693163009638283,1718.9104530166285,0.1615004780175474,0.15643246568094438,0.9999656839942753,8.08215970524411e-4,10485.699999999999,17963.5,0.011334667232719557,0.9,2.7077260611496716,216,38.88330622214439,1,1.0895232477030048
Oct_22_273_Mahogany Hammock_stem,2.1585636877786203,2878.3626985566316,3055.5119375024765,0.7979695448011035,3.830866055047746,5.509179313698621,1406.267772685524,0.015566983885686815,0.7211732493150022,0.9885343542188453,1.2803275652429587e-217,2.33660043267773,2875.969670990942,4076.74991981187,0.8637854857850893,3.446938574920062,5.398449068909375,1399.2451541572168,0.06453425162628694,2.761886487897765,0.9889906235707436,7.193535092147453e-4,2893.56,3048.5299999999997,0.010917323938255981,0.9,2.705070264701204,224,0.8866328275567815,1,1.0824792642937153
Oct_22_274_Mahogany Hammock_stem,0.24760414474153908,2489.361797019102,2528.910830782287,0.09154868926663216,3.2287167316307195,3.8373202576413887,2410.4858262153725,0.003992455928416985,1.6124350150053017,0.8985799468105478,1.6421445924422273e-217,0.5443185741851602,2482.6652380845267,2533.47602489215,0.20125532253165687,2.1884592095037725,2.685555007273983,2102.0315966450107,0.02014985233504647,3.7018491175339023,0.9503252321812927,0.0039608778996798105,2482.7,2521.3999999999996,0.00562160585139441,0.9,2.704617037393088,435,0.10172076585181351,1,2.1983419330615233
Oct_22_275_Cypress Boardwalk_stem,838.8044695843286,9878.254997154518,32742.14844140115,73.75449498144076,516.5299297268566,601.814072456789,4885.063460665625,4.336689926184214,0.517008442782055,0.9917553579462707,0,838.8552555477784,9877.709468228995,87869060.94543889,73.75896049542192,516.4484878347928,601.5918703343502,4886.885395581016,8.804644660538782,1.0496023720789933,0.9917614665374879,8.395133869765371e-7,8491.300000000001,31458.2,0.03291200669859533,0.9,11.372926759181274,312,81.9494388682675,1,1.0000605456519265
Oct_22_276_Cypress Boardwalk_stem,196.97414865070886,6161.247303095789,14815.977027767243,39.16167296231427,88.0892500162381,104.18850180081843,2723.2919493564314,0.5463391078225565,0.27736589373023307,0.9982873446784968,2.814158731229336e-309,230.15480550143565,5928.488799246658,37856.739799258474,45.7585286470019,13.415341574210812,16.683700900176042,1904.7327587529135,0.39318037251836196,0.17083300592474893,0.9999560847688597,0.0014331674054737596,5909.27,14625.400000000001,0.020390953334646866,0.9,5.029768489212893,224,43.512969958126966,1,1.1684518353195958
Oct_22_277_Cypress Boardwalk_stem,41.55673723799816,2424.518980003129,3116.2166631197006,3.6597761011458814,10.394707406501125,12.129201708017153,1501.488139326688,0.18308612660739493,0.4405690599790081,0.9963255586147188,2.8702968865749162e-232,52.057266795695405,2396.8257019245366,4274.325433322154,4.584525965519196,1.2342978301223069,1.535922937693181,714.1777921968167,0.10927215836460201,0.20990759809471535,0.9999410795927994,0.002441825097948994,2396.2799999999997,3090,0.053786815713855775,0.9,11.354994428480662,191,4.06641789016209,1,1.2526793549156667
Oct_22_27_SRS6_stem,2.739174214981949,1982.390325001245,2083.098687281432,0.5272689124617108,29.63253889032964,36.80217507551541,3884.9733392873095,0.17548501160436494,6.406493265179973,0.38659686964321205,6.9755517013699386e-43,3.851091488153805,1975.9617763933038,2178.728729991481,0.7413040067489062,30.454953927072413,36.592305755564915,3882.6004651445564,0.8935424742811066,23.20231749958936,0.3935729483532694,0.003655940939064195,1999.22,1993.82,0.02435167109090713,0.9,5.195023166060188,386,0.5858543471796787,1,1.4059315640057541
Oct_22_28_SRS6_stem,-0.3231483283227132,2047.074034622823,2034.9081355889093,-0.06207091343833537,1.5978719074401315,1.9584210711510897,1662.1942923254585,0.009054247594726743,-2.8018859456034964,0.7631601383547043,1.6323851802997828e-125,-0.34209032145533697,2047.1911226273312,1934.8402762898422,-0.06570932562566524,1.5981913736558009,1.9577422756995007,1663.960812129014,0.03754375223597317,-10.97480690954738,0.7633242889168279,5.848583056355625e-4,2047.24,2039.36,0.023784282815760522,0.9,5.206115238560914,396,0.06896768159815041,1,1.0586170234298948
Oct_22_29_SRS6_stem,-0.32593630567104687,2028.2968703795832,2011.6561601180808,-0.08490158296684838,5.9501522631691515,8.333576190260754,2809.132344244433,0.02835629584198932,-8.69995006650412,0.24921983078987864,1.4451463949397543e-26,-0.3265469889061368,2028.2897920067537,0,-0.08506065690997265,5.949574341398096,8.33667767326117,2811.468123063537,0.05130339637733288,-15.71087718468585,0.2486612137794858,4.1937132082992515e-5,2016.1799999999998,2001.0400000000002,0.017538531793737967,0.9,3.838989737073755,396,0.09433509218538709,1,1.0018736275292581
Oct_22_30_SRS6_root,-0.04099426588453594,2056.5443736119464,2055.3567781560014,-0.007917303039632085,17.388391312546162,22.453819319130673,2760.562749166159,0.1532172276440992,-373.75282698231354,-0.0030734883851792905,0.7892233422750783,-0.04071072015740318,2056.54013348419,2.281092843697829,-0.007862541296767219,17.387421695393247,22.45383808814333,2762.6170366537067,0.15371207551194171,-377.57149693651246,-0.0030751620986322337,3.827434194626096e-6,2038.51,1992.8,0.030861100409688227,0.9,5.177806846514358,304,0.008797003377368981,1,0.9930832832101106
Oct_22_31_SRS6_stem,0.18966853786798685,1994.386615500749,1998.4612632380808,0.016298590949327084,1.5724054460451196,1.9244270961547143,1051.1744637015483,0.01956349113868934,10.314568435333186,0.2703350894159061,4.503092115146408e-19,0.1896019744718083,1994.386744297713,4059.209638035225,0.01629287102561856,1.5725957075894594,1.9245657862234997,1053.2759539106942,0.07776651760526147,41.01566865107963,0.27023100302042,7.890686932537358e-6,1996.8999999999999,1999.51,0.041726698514989384,0.9,11.637112585847039,252,0.018109545499252314,1,0.9996490540976022
Oct_22_32_SRS6_stem,0.05608690868713625,1985.8071804574017,1986.9122373922562,0.004825576134735941,1.0634369318120906,1.3636971129408901,804.9674874951112,0.0158096042252879,28.187690488482737,0.047957310583274126,4.7140317184834557e-4,0.056031781086733116,1985.8072525615203,2681.497438315318,0.004820833095065944,1.063506662416326,1.3637117588028715,807.0437135436562,0.062175333297722415,110.96440643476875,0.047937290389947984,6.929568928505798e-6,1987.8700000000001,1980.42,0.04548068585514525,0.9,11.622841940759342,231,0.005361751260817712,1,0.9990171039607363
Oct_22_33_SRS6_stem,-1.205480082889206,2037.0084580565374,2015.0235901164403,-0.10370220726460838,1.1472179496946149,1.3915499788124834,754.8389754693137,0.01805612894167929,-1.497837185198754,0.9543827757245305,2.507699557307855e-144,-1.575451033017934,2038.0665039862697,1985.8778503391577,-0.1355291985991966,1.092634376563815,1.318685699284644,733.8970986883702,0.0837055034357354,-5.313113621525205,0.9590349178134429,0.002596909272954514,2036.9899999999998,2013.48,0.04911735197716623,0.9,11.62443996792934,214,0.11522467473845373,1,1.3069075593866377
Oct_22_34_SRS6_root,0.10363955748980237,1976.9898313316014,1979.298841790562,0.008915098297144828,1.427405970280387,1.819632311525136,1063.3012685741353,0.017434723896309103,16.82246076554755,0.1162616745166628,8.891751706567342e-9,0.4630448487441884,1975.572983657942,1979.5940386871548,0.03983122315962399,1.3264007135716174,1.6469493792491399,1013.1159843960404,0.14768889662423768,31.895160268984917,0.27603609944615526,0.009905664774605362,1972.0800000000002,1977.82,0.040240982480549026,0.9,11.625172716603052,262,0.009905664774605362,1,4.467838921347669
Oct_22_35_SRS6_CWD,0.7375983217488113,2014.2766010154367,2056.72149749701,0.14339492054585695,1.263405457406094,1.6118759281087551,1140.0910055103845,0.005603389859391936,0.7596803970630734,0.9830918076348697,2.1111085755862618e-265,0.764386380100944,2014.0242428336524,2626.5114200432936,0.14860272998050203,1.2578217369040048,1.6079632023446035,1140.6923325339274,0.02283817138862902,2.987778430276719,0.9831737951162726,2.426217813367193e-4,2013.5900000000001,2057.17,0.015587347313512854,0.9,5.143824613459242,299,0.1593276894953966,1,1.0363179491631969
Oct_22_36_SRS6_CWD,0.7707601930731688,1968.4368892033724,2023.7280299196927,0.14984048974612577,2.0593279068828942,2.5858420318056923,1768.5935733615886,0.00646955939400279,0.8393738353569371,0.9745253312905876,3.4381904760664955e-297,1.163204967890418,1964.1626978424272,2061.0298632936533,0.2261341512317577,1.4508510024237093,1.8243045620670217,1511.0912068128366,0.024741305257871552,2.1269944627851998,0.9873205839586816,0.002334476808301149,1966.63,2020.06,0.01251211935062121,0.9,5.14387128858872,372,0.16648943305125086,1,1.5091658577390934
Oct_22_37_SRS6_CWD,0.2725807515020317,2070.5941402879102,2085.112173526323,0.05298552276793033,4.098565772092191,4.782393394006082,1659.1572461864007,0.018658861503284694,6.845260129509041,0.43490400390933803,3.6284241831504213e-36,1.2444388010987573,2064.0227634779703,2083.2986872910137,0.24189984092997358,3.3397450434623854,3.979519499405238,1559.4022463202414,0.18550404055263772,14.90664228637438,0.6087152619487646,0.01254932543187828,2069.74,2077.21,0.016836343454954654,0.9,5.144438277902811,277,0.05887280307547815,1,4.565395004017669
Oct_22_38_SRS6_stem,0.2360767999950726,2037.8351198603555,2055.745380580466,0.061759519724519756,1.024927508600574,1.300769877797025,991.6734189213955,0.003465280281571963,1.4678614254531959,0.9407971656485681,6.946906083152025e-181,0.23764519504935064,2037.8146520486143,3259.8222019013947,0.06216982402080192,1.026015493300879,1.3025893532085302,994.5483681988612,0.013970833746021493,5.878862285904933,0.940632829892984,5.08751554180592e-5,2038.2600000000002,2053.71,0.011822216821491465,0.9,3.82251677228224,293,0.06862168858279973,1,1.0066435797770503
Oct_22_39_SRS6_stem,0.06504349340511364,1985.1791938951155,1989.9092864308957,0.017014721351727324,0.96325490768421,1.2081240083096854,909.7867358330075,0.003428976617975111,5.2718211130177846,0.5616880404143269,4.113588065291903e-52,0.0860747297779794,1984.9403976168724,1995.7755200765992,0.022516280505966883,0.9517674445835828,1.2037315103864539,909.7979772858081,0.01687609706933852,19.60633174552928,0.5648694760683715,0.0020780826972337362,1983.6000000000001,1988.8999999999999,0.01233154021886796,0.9,3.822777467849068,281,0.018905245946363693,1,1.323341125635363
Oct_22_40_SRS6_stem,0.060526679272600206,1995.1683071923724,2002.2139255631928,0.015832850271506493,1.07248623822125,1.3136650895496358,1525.2540014824617,0.001842684070772884,3.044416268855258,0.7064078823627808,2.9880045094873734e-121,0.06055950502551137,1995.1672404189135,3838.0193127972143,0.015841436984624375,1.072902294170271,1.3141825032254961,1527.6437848897253,0.007380827317109239,12.187727284098479,0.7061798691043135,8.596152247955605e-6,1997.05,2002.1499999999999,0.00771427991779245,0.9,3.822854270372703,449,0.01759205585722944,1,1.0005423352694325
Oct_22_41_SRS6_stem,1.8565427526235405,2065.9527111771868,2136.7246598025176,0.3592484701793452,2.47909757092151,6.463660432058641,1313.6065366311118,0.04172342996423336,2.2473724294941566,0.9090462536829933,1.0040760274081782e-104,2.3864897781212338,2062.764915138334,2239.262860574193,0.4617953455029028,2.742436327021258,6.302106061181414,1305.6155032200893,0.19561934029010244,8.196948593012788,0.9135360758023245,0.0026164346806559482,2066.1,2068.38,0.023490234181179685,0.9,5.167851519859531,199,0.3991649668659391,1,1.2854483284851954
Oct_22_42_SRS6_stem,0.4072777630956308,1964.1166951148598,1985.943736918257,0.07879798484980913,2.819789848742211,5.345212010262836,1739.365212070742,0.020614024778978546,5.061416715289284,0.5825549914653678,6.946165942339755e-55,0.4074211018823814,1964.1140988984466,8180.806072273661,0.07882571729329171,2.813738772817328,5.346490456494712,1741.557632619049,0.08284762487149214,20.33464258201566,0.5823581380676537,1.2679688430902752e-5,1968.31,2015.3500000000001,0.016732980352697158,0.9,5.1686317089442335,280,0.08755331649978794,1,1.0003519435622046
Oct_22_43_SRS6_stem,0.1066282755611546,1979.0752066409,1985.0563387998302,0.02062459365148374,1.0166938221601967,1.2369186682779953,958.9154684994754,0.004477324268798815,4.199002792867012,0.6605078963976604,3.25699241342718e-70,0.16851630409668747,1978.5501647076003,1988.3921963373639,0.032595296860547004,0.9979397106220272,1.21631802507144,951.1631935593158,0.024745110519027527,14.684104693412833,0.671722078939652,0.0033118463836241435,1979.09,1983.59,0.01598955971745403,0.9,5.1699576419768025,292,0.022916215168315265,1,1.5804091664226358
Oct_22_44_SRS6_stem,0.004005238992616856,2055.9576765700026,2056.564220117399,0.0010421710436369293,1.0299414311751947,1.2996867787401667,1976.245700948644,0.0012282295267746896,30.66557399043535,0.0162016131379783,0.001174924134595402,NA,NA,NA,NA,NA,NA,NA,NA,NA,NA,NA,2051.5099999999998,2055.7799999999997,0.005932850269437636,0.9,3.8431685634246024,586,0.0011579678262632548,1,NA
Oct_22_45_SRS6_stem,0.1504522409933081,1966.8143800418288,1975.8174645471458,0.039143845675291195,1.4794369077486038,2.313001808580737,1053.5781632032326,0.008806491935835338,5.853347133743949,0.5573621158393516,8.399191071495755e-43,0.1505590127969208,1966.8130386844791,4269.231899601269,0.039171624982368945,1.478525399358281,2.313507271213188,1055.7504988122143,0.03518647911076241,23.370556472911492,0.5571706268117875,1.7013248825963565e-5,1968.3500000000001,1981.12,0.014974960998316099,0.9,3.843573322901132,232,0.04349316186143466,1,1.0007096724043976
Oct_22_46_SRS6_stem,0.0435118914246047,2009.7329158570888,2012.28012702374,0.011320938518450339,1.563057949756946,3.003205231103992,1149.560495819455,0.011801797221824253,27.123153775730103,0.05278079303099281,2.8458872136115306e-4,0.18628017422120938,2008.4371209910075,2012.2901402763123,0.048466438265931756,1.474315634187687,2.9291889186055755,1140.3036808190461,0.11602414313015615,62.28475124377779,0.09889533664701966,0.012578820576055931,2007.2800000000002,1984.02,0.015305925691929375,0.9,3.8434880070844875,227,0.012578820576055931,1,4.281132539227504
Oct_22_47_SRS6_root,0.22789635024751623,2001.981983259972,2012.705672411724,0.019568775824365,1.3102828554787402,1.6513641387116988,2122.479209455646,0.0051852844362053835,2.275281912401709,0.7782843805447931,6.168542051400243e-182,0.2283660735952588,2001.9779271247298,3731.621436299545,0.0196091095588959,1.3111118424285975,1.6521573249418995,2125.037781410066,0.02077535837539991,9.097392641702465,0.7780733645066463,1.1337081574833351e-5,2004.33,2016.07,0.019091668151826217,0.9,11.645917572613993,551,0.021743084249294446,1,1.0020611271186766
Oct_22_48_SRS6_root,100.71642910359013,3606.870930344101,5456.9942902514995,8.645436261249523,53.14850291198,136.08495662745503,2741.6313425041203,1.7463995951056817,1.7339768800872128,0.939264372168447,2.2985452597885187e-132,149.36558105962308,3470.1385345519343,6811.844240434009,12.821449510956102,42.03661669612576,122.3963752481002,2697.909394246495,8.439253105605662,5.650065460687974,0.950868457447219,0.0038367979228056404,3513.02,3977.21,0.048766036088012124,0.9,11.649664176580673,216,9.606040290277248,1,1.483030945288933
Oct_22_49_SRS6_stem,0.7877985208427006,2299.807551489859,2390.34120525855,0.2057583040197514,3.4399959120768786,12.250691534112097,3483.180205148433,0.01755614442024207,2.2285069031942872,0.8199295392706764,1.699919992462293e-166,1.2124815606273922,2292.363092839613,2447.01845413988,0.31667760597347805,3.416026991738086,11.819049246248436,3453.4362040530186,0.0935207319135519,7.713167354492392,0.832395239109309,0.002047634193286329,2295.62,2216.56,0.00781378953822499,0.9,3.828756873730245,443,0.22862033779972374,1,1.5390757008916596
Oct_22_50_SRS6_stem,0.31152404259145194,2346.7116165055713,2369.8926999195846,0.08133713478601216,15.24752892878428,33.703902562801865,2849.5385551817412,0.092315990351082,29.633664735196618,0.03492925732099583,8.415762334214992e-4,2.650144413775497,2325.7820008849308,2366.868152797654,0.6919374555894053,12.900334644832832,32.78246826542264,2835.628806074076,1.5047759270816234,56.78090292965816,0.08697626550065563,0.016841135598662117,2330.43,2164.27,0.012052556514664855,0.9,3.830034625771276,288,0.09037459420668019,1,8.507030121110196
Oct_22_51_SRS6_stem,-0.006236359686415106,2039.2848974994674,2038.1103040864048,-0.0016473960912520582,1.9967693394916628,2.4451220646918017,3327.549833025314,0.0016779742905409084,-26.906310330305388,0.017556709695340955,2.1767262575267637e-4,-0.02183464798634351,2040.0890067140692,2036.9379403587216,-0.005767838218972904,1.9278964929336702,2.3802047135914997,3290.9316459330616,0.010346480495761893,-47.38560705092706,0.06903142125440132,0.0018304401013911756,2041.65,2041.0300000000002,0.0047717471406307005,0.9,3.785586064900355,718,0.0018304401013911756,1,3.501184839275184
Oct_22_52_SRS6_root,0.14800273384377272,2122.145761749534,2133.336715079328,0.03885747683956234,1.9101239973048403,3.1736528190921276,1498.9005406872377,0.008552574540403708,5.778659838426735,0.508055587691658,1.721447557941729e-46,0.1481040595906371,2122.1437446554273,4809.398457973634,0.03888407947560682,1.9076177120131559,3.1741912474140883,1501.0553674461073,0.03412513209680045,23.04132121099386,0.5078911712235605,1.4469815340873652e-5,2122.38,2151.2799999999997,0.01186150530521066,0.9,3.808861148006534,290,0.043174974266180374,1,1.000684620778501
Oct_22_53_SRS6_stem,0.7289277429668972,2207.432311869381,2246.299297536787,0.19052443954610856,6.237157992914814,17.767444503337938,1776.1970303165754,0.0806131544583429,11.059142039268464,0.2826225108641218,1.2102059209743428e-16,1.7802723561605778,2199.533547241133,2248.52247011883,0.46532100907061735,6.327030601300304,17.409523656776184,1769.8928466055531,0.6082079234923091,34.1637571008517,0.31123418097878053,0.009498494388870566,2202.3100000000004,2090.78,0.01679664082205366,0.9,3.8259015205788884,206,0.21169382171789838,1,2.442316640212479
Oct_22_54_SRS6_stem,-0.3882885080551452,2112.5172416800438,2055.9363967178856,-0.1013993637314665,6.373190905237205,7.1648269934772575,3814.292642454057,0.007187265241365719,-1.8510115783145906,0.8387304339654131,2.9063081562008365e-224,-1.3757611789420512,2130.510591701934,2062.121560801213,-0.3592723073106353,2.5129307931801095,3.1663170261590032,2898.446382948329,0.033062997221647586,-2.403251213053762,0.9685044067156907,0.005253361578294381,2121.4900000000002,2062.1800000000003,0.006165240304184885,0.9,3.829299255599279,562,0.11266595970162946,1,3.5431416341239332
Oct_22_55_SRS6_stem,0.09434203588986437,2049.7746436693287,2055.578838324714,0.02459404514993779,1.2364611435460162,1.777011767108153,955.1854953258874,0.006488875834619379,6.878032441651507,0.4702534666992082,1.2565050530234065e-34,0.248391329310638,2048.4752734293597,2055.6469558900567,0.06475318780538646,1.1954241051779404,1.6895032313478184,933.2172565587176,0.05065647544128465,20.393817925074874,0.5211432986429955,0.009029009323858663,2047.66,2040.68,0.014566977233722828,0.9,3.835970671547011,238,0.02732671683326421,1,2.632880740464537
Oct_22_67_FLM30_stem,27.100131535471284,2306.6751584586377,3151.8173170737364,2.3218191170744475,1.5575620512548318,1.9635645896414793,1542.8419324794638,0.011370109443563587,0.04195591976622432,0.999935577186326,0,27.513808422142233,2304.5322947871796,30047.11478716676,2.357261118619985,1.755066045312394,2.2487081871578054,1644.412620233904,0.05228265336575906,0.1900233241563304,0.999915697057883,8.49690586399981e-5,2305.1400000000003,3154.82,0.02878012402036543,0.9,11.671939186037092,367,2.5797990189716082,1,1.0152647556757977
Oct_22_68_FLM30_stem,1.74033332105535,2008.2379310712886,2068.656161975415,0.14881337661114985,1.4427165642220547,1.7871996589693957,1641.7226454854656,0.008825536633288665,0.5071176036517417,0.9896162190210924,0,2.144034803797723,2006.004878574956,2180.552290191294,0.18333330452552765,1.2030930854390822,1.5082976747509897,1504.9737174354132,0.03483419007321292,1.6247026406246399,0.99260422830119,0.0010503352804136746,2007.89,2066.29,0.025860598078548507,0.9,11.694737131076934,409,0.16534819623461092,1,1.231967909743615
Oct_22_69_FLM30_stem,0.04649527137799627,1950.9551225373766,1952.7639621627502,0.003975471704117892,1.0645715508145097,1.2933200801839975,1544.7595037227914,0.0053696459160285015,11.548800032533348,0.13906003076224127,8.241958377775377e-17,0.04666590384153996,1950.9539341152333,2142.848961557472,0.003990061242161601,1.06459007039941,1.2933469109772682,1546.8139065256269,0.02154299703820803,46.16431969551052,0.1390247073021239,2.0792937135187753e-5,1951.1799999999998,1954.55,0.023083294213321368,0.9,11.695535734749493,459,0.004417190782353213,1,1.0036698885389115
Oct_22_70_FLM30_stem,71.64342857682055,2026.6393010123195,3944.567479369758,6.227039540121554,42.37696015665451,45.87063019259607,3268.3211228952905,0.3360752963834301,0.46909437900933115,0.9932245343849001,0,71.97466371586637,2025.113915958184,177180.60748288684,6.255829540110238,43.014061017252224,46.58692407491322,3280.0114659659607,1.3616347370887723,1.8918250767576816,0.993013095486409,3.5715862589943964e-5,2089.76,3977.92,0.033510334883269946,0.9,11.505214976589349,311,6.918932822357283,1,1.0046233848047996
Oct_22_71_FLM30_stem,2.6634407382059275,1963.8132614026279,2040.2352436138835,0.23158176427653232,5.353420225027911,6.141505921625732,2159.9226155885513,0.04060270558612726,1.524445616667894,0.9283563593762697,9.392270827574806e-192,6.3400383082643765,1949.3771728842028,2044.3702310216217,0.5512558383400182,1.9831152343728606,2.3365756009762966,1518.3601828016601,0.11847222489127678,1.8686357894217402,0.9896297895090412,0.005803117081908867,1951.86,2028.9299999999998,0.031271822731562586,0.9,11.501081471274684,333,0.2573130714183693,1,2.3803939833611527
Oct_22_72_FLM30_stem,0.2959500406832281,1949.8026393454734,1960.6768932621837,0.025768374210213992,1.924646204399842,2.3760849605907515,1952.3594455283362,0.010831991941157316,3.66007448965057,0.6369021454246021,1.5603630400181135e-95,1.9057617353498173,1943.559236415396,1958.3531135313435,0.16593470113614328,1.115917704367975,1.3870490019081867,1495.7866987180798,0.10491455693332252,5.505124538250037,0.8762676218328245,0.011216444467912307,1944.18,1958.4299999999998,0.0244361919183205,0.9,11.485010201610635,426,0.02863152690023777,1,6.439471104481654
Oct_22_73_FLM30_stem,323.2105793480912,2527.765582149925,10750.262402304681,28.159235685461496,78.74505283113416,90.95581797979095,3504.3767932443766,0.720669098882285,0.22297200182489668,0.998540460615636,0,372.05248952590875,2327.3555916156574,35472.02147836473,32.414513661817836,16.860991546623836,22.306648333829486,2677.193677326614,0.7872443547387045,0.21159497030697408,0.9999122143575069,9.7797074716559e-4,2442.1,10525.7,0.03525653226174375,0.9,11.477959947434353,295,31.28803965051277,1,1.151114825128344
Oct_22_74_FLM30_stem,4.507176036108846,2026.1471064195914,2366.0424658873835,0.8874552466521991,9.948515875206068,11.166655100897007,2964.266967192774,0.026129240252384247,0.5797253101066417,0.9872257219624827,0,6.64848108800273,2001.4076523320193,2620.0139672384485,1.3090745461341586,3.5374295142152796,4.578754421129792,2278.0671790403426,0.05739236012958756,0.8632401802744512,0.9978522443926724,0.0021161674470332077,2006.2199999999998,2354.28,0.011903353858665174,0.9,5.078764313030474,386,0.98606138516911,1,1.4750879563476123
Oct_22_75_FLM30_stem,0.7123744514870859,1979.071335865382,2030.830664161677,0.1402691823747835,1.027566011322078,1.3029824277030226,1258.6594102398417,0.0032211407958700855,0.4521696123641064,0.9924715835645692,0,0.7599211762814198,1978.5032650323894,2403.4670657945317,0.14963130955042517,1.0201765488592707,1.2781873621044677,1246.4088160183285,0.013265604233630558,1.7456552926376063,0.9927553809249102,3.5210365984602004e-4,1980.9099999999999,2028.47,0.012353409997098276,0.9,5.078624109918181,372,0.15585464708309282,1,1.0667440061825348
Oct_22_76_FLM30_stem,0.04190174098892852,1948.0173088568586,1950.7154851725022,0.008251303717565026,1.1460284545574884,1.4430731851833032,1181.0733482970861,0.004286487260989898,10.229854797972463,0.2237727475601392,5.742579242548722e-20,0.07947350276210989,1947.6714427294582,1951.3693940717535,0.015649946596781737,1.1451018637541739,1.4380809952045523,1180.8427169971792,0.027657013992335663,34.800295735198844,0.22913404344574528,0.004232058550307501,1947.36,1951.77,0.013934075539376506,0.9,5.078196418794993,329,0.009168115241738916,1,1.8966635010012771
Oct_22_77_FLM30_stem,59.672839818222755,3997.164841005665,5659.5483320593885,5.130813243992974,19.98291025147221,23.04576908845144,2985.9734622335955,0.15833590657522015,0.2653399889422858,0.9977100268343748,0,70.48662654277913,3948.6154978335508,9756.46836746993,6.060608445848372,7.107784771948354,9.141071228895774,2383.266562216867,0.2843970228428604,0.4034765696585814,0.9996397183299655,0.0010435196245299886,3961.11,5617.36,0.032206953606325375,0.9,11.630288802284161,327,5.700903604436636,1,1.1812179000948786
Oct_22_78_FLM30_stem,0.39689041755308835,1978.9952568676517,1986.6741688474456,0.03412849768797306,1.1253041784192053,1.4150724402446238,807.9257662273133,0.016841088449481793,4.243259021800172,0.7104025492621429,1.080668546727995e-62,0.4286657263244195,1978.894688304164,2032.3141373580106,0.03686084773719527,1.1242721584624318,1.4145095879582132,809.817706348645,0.07118679740973753,16.606598810715855,0.7106328811738158,6.900267297785057e-4,1979.4,1990.31,0.046311357608017585,0.9,11.629296466013304,227,0.037920552986636734,1,1.0800606599857778
Oct_22_79_FLM30_stem,0.43893117353042344,1946.5462876050503,1957.0029624212164,0.037749728578216735,1.121262453125573,1.3792787533546194,977.2858560418568,0.012028211451572839,2.7403411233764037,0.8271844879989662,8.118420231364413e-108,0.8070367096672059,1945.2657605979693,1960.0403764265286,0.06940818647614803,1.0284835130352892,1.2760572804314914,935.9401785203844,0.07008645149304181,8.68441926538175,0.8520827005858849,0.004697799745288966,1947.33,1957.6100000000001,0.03764266010900249,0.9,11.627399455891881,279,0.041944142864685265,1,1.8386406761133545
Oct_22_80_FLM30_stem,0.19336112742450923,1970.5250852463487,1975.2034576670578,0.016828677772335092,0.9926048083431764,1.2516046481126548,929.6577612170438,0.010669824329422128,5.518081359754054,0.5390306029961961,4.7476067797969535e-49,0.37539698376902275,1969.887848096861,1976.2758454838624,0.032671690327321874,0.9798264383872748,1.2246317498528805,919.4721679758302,0.0687047057808004,18.301880076658684,0.5586848982918635,0.005114543470822914,1966.2,1976.74,0.03706444325427105,0.9,11.489977408824025,281,0.0186985308581501,1,1.9414294319088659
Oct_22_81_FLM30_root,0.10025883727023706,1965.1914582753125,1968.1329133816769,0.008728353431348092,1.046253631417952,1.300074094609955,1149.3960870646365,0.008322332119719241,8.300846435399285,0.29832453995511243,4.737996454007495e-28,0.14316508451352958,1964.997695513912,1970.6701017810587,0.012463693881615178,1.0461854154822103,1.2973599268239435,1150.0229399013626,0.04334544978439166,30.276550970285893,0.3012512607641121,0.0021972498609279965,1963.96,1968.3200000000002,0.030585539771639608,0.9,11.486569380904653,340,0.009698170479275658,1,1.4279547659987646
Oct_22_82_FLM30_stem,0.1396202252659233,1949.3424783512216,1952.357151761738,0.01215594117143639,1.01032055079398,1.2646759599399269,836.2819071306413,0.012759736180630732,9.138888120491353,0.3220023370893116,5.19187814153669e-23,0.24887394822982792,1948.9911991071754,1953.4002120344203,0.021668043208087198,1.0035410177949626,1.2547849999656147,834.4057953506713,0.07796604811063303,31.3275249037451,0.332566029522642,0.00491448847296235,1948.84,1952.3,0.041514795893355556,0.9,11.485760197161703,251,0.013506601301595988,1,1.7825064223741076
Oct_22_83_FLM30_stem,0.07934485455166217,1945.8173015653706,1950.438715324194,0.015612884320349435,0.9964303664701631,1.2328711513512252,976.5390467292609,0.004254279354240207,5.361758337423388,0.5387086854457457,7.078701177086026e-52,0.08004074489806189,1945.810340814068,2192.7836388564383,0.015749816394135172,0.9963635430933038,1.2329607161572738,978.6372290877403,0.017083671421084596,21.343718680831845,0.5386423932712363,6.377133284843272e-5,1945.13,1952.42,0.015400034244375528,0.9,5.0820113006439245,298,0.017347649244832706,1,1.0087704533625002
