UniqueID,LM.flux,LM.C0,LM.Ct,LM.slope,LM.MAE,LM.RMSE,LM.AICc,LM.SE,LM.se.rel,LM.r2,LM.p.val,HM.flux,HM.C0,HM.Ci,HM.slope,HM.MAE,HM.RMSE,HM.AICc,HM.SE,HM.se.rel,HM.r2,HM.k,C0,Ct,MDF,prec,flux.term,nb.obs,k.max,k.mult,g.fact,HM.diagnose,LM.diagnose,best.flux,model,quality.check,HM.score,LM.score,RMSE.lim,MAE.lim,SE.lim,g.limit,g.reverse,k.ratio.lim,p.val.lim,MDF.lim,warn.nb.obs
Mar_23_100_SE1_stem,0.05039168890733879,434.69793575877395,444.81891876777246,0.0441964323537052,0.5607624543453024,0.6949861208472513,495.6601232848565,0.00078363024271468375,1.555078346660772,0.9470812961811764,5.378177332667161e-149,0.07320550828817753,434.0008585941528,452.8778431019104,0.06420547445683752,0.5076490606473025,0.6279311914557819,450.6530364349161,0.0037403924986776204,5.109441333230498,0.956800268478803,0.003401256934361099,434.058,444.68,0.0017350496584271266,0.35,1.1401754898235403,232,0.12627552101058628,1,1.452729802781352,Noise (HM.RMSE) | Noise (HM.MAE),Noise (LM.RMSE) | Noise (LM.MAE),0.07320550828817753,HM,,0,4,0.35,0.35,0.022978625750451447,2,0.5,1,0.05,0.0017,60
Mar_23_101_SE1_root,0.15404829250053031,424.06683164701747,434.6324889766466,0.05902601860128008,0.5116799376084605,0.6435858107204986,360.2579745151661,0.002408067040402976,1.5631896993565744,0.9578591128184952,3.009775827709897e-125,0.19758597803659544,423.6014738817777,450.03258341713604,0.07570816544363873,0.4948756371865545,0.6111412539958125,343.62438925040937,0.010979599105979626,5.556871603482947,0.9620008435861223,0.0028643582041972065,424.298,433.543,0.005074683226598532,0.35,2.609837087964959,181,0.1686457674322288,1,1.282623616460502,Noise (HM.RMSE) | Noise (HM.MAE),Noise (LM.RMSE) | Noise (LM.MAE),0.19758597803659544,HM,,0,4,0.35,0.35,0.02601529511865082,2,0.5,1,0.05,0.0051,60
Mar_23_102_SE1_root,0.059351727467566374,468.196042116265,472.3382662151748,0.029170592245843712,0.5249105310869118,0.6651404920237202,297.3917117360121,0.002754325466763579,4.640682898857023,0.7641588551150839,1.3232970940740353e-46,0.07161275073938586,468.0598381455126,481.10101735520067,0.035196723676887504,0.516744458014034,0.6624867158805858,298.35669277386506,0.012610713879484904,17.609592913667,0.7660370178934348,0.002698891190049776,467.61,471.696,0.00497989429235554,0.35,2.0346425251624067,144,0.08334454927383919,1,1.2065824162998406,Noise (HM.RMSE) | Noise (HM.MAE),Noise (LM.RMSE) | Noise (LM.MAE),0.07161275073938586,HM,AICc | Intercept,1,3,0.35,0.35,0.029166666666666664,2,0.5,1,0.05,0.005,60
Mar_23_103_SE1_stem,0.05859831038212275,431.6710120984342,444.37249489297506,0.070563793303005,1.0933020735467993,1.272743678544037,610.4161382618762,0.0015069800104958449,2.571712393529347,0.8930266923648768,1.6446862090644982e-89,0.15245775781832455,428.9457822208404,444.43443663051653,0.1835888721019149,0.5847471580938952,0.7327608218858207,411.53893603585135,0.007130844532056289,4.6772592186182615,0.9645416918968768,0.011853119531624544,430.335,441.799,0.0016058044020339916,0.35,0.8304302764804357,182,0.2016108380085857,1,2.601743238399525,Noise (HM.RMSE) | Noise (HM.MAE) | Exaggerated curvature (g-fact),Noise (LM.RMSE) | Noise (LM.MAE),0.05859831038212275,LM,g-fact. > 2 | Intercept,0,4,0.35,0.35,0.025943726083138538,2,0.5,1,0.05,0.0016,60
Mar_23_104_SE1_root,0.1351050825546573,439.5010099251097,469.599081792512,0.16269228036433658,0.6217313497853832,0.7762511674011306,442.08775991242493,8.831284622438394e-4,0.6536604290120368,0.9921150631919948,1.0156200855033211e-196,0.16034514933906,438.60011638765894,541.0764213923042,0.19308613338641942,0.5234953390671271,0.6683457797659644,388.1996393714071,0.003456535031065127,2.1556841883355413,0.994154844024409,0.0018842027274272514,438.828,469.018,0.001562643251942468,0.35,0.830433271032283,187,0.4648350867552474,1,1.1868180404996365,Noise (HM.RMSE) | Noise (HM.MAE),Noise (LM.RMSE) | Noise (LM.MAE),0.16034514933906,HM,,0,4,0.35,0.35,0.02559453484444957,2,0.5,1,0.05,0.0016,60
Mar_23_106_SE1_stem,0.04536287121051575,506.34635180608143,517.2920962925929,0.054186853893620796,0.5416280569940856,0.6812514008859442,428.4467798700392,6.841895422555213e-4,1.5082588998399127,0.9558494088830215,4.79029475035008e-139,0.06028912349480167,505.7840619895346,530.5948246231083,0.07201655977697397,0.5147741864992991,0.6355426026635279,402.19125632133216,0.0031606689535695945,5.242519330774676,0.9615752507401285,0.002902633862593244,505.886,516.407,0.0014433730931902268,0.35,0.8371563940503315,204,0.15481958255320225,1,1.329041171468569,Noise (HM.RMSE) | Noise (HM.MAE),Noise (LM.RMSE) | Noise (LM.MAE),0.06028912349480167,HM,,0,4,0.35,0.35,0.02450490147049017,2,0.5,1,0.05,0.0014,60
Mar_23_107_SE1_root,0.1115533121477989,506.5021178317497,544.7466063784509,0.1332560576540111,0.6089880838365656,0.7382559056708837,653.0587052178015,4.3755397419444926e-4,0.39223754612926814,0.9955733403944518,0,0.11478231778903081,506.3200567342165,1192.8482980407566,0.13711326775031946,0.6051742125202599,0.7337896767384475,651.5956556141966,0.0017766974934543456,1.5478843150039054,0.9956267383349271,1.9971977771719566e-4,505.737,544.386,0.0010173515836910032,0.35,0.8371350174371683,290,0.3807315932971746,1,1.0289458518000232,Noise (HM.RMSE) | Noise (HM.MAE),Noise (LM.RMSE) | Noise (LM.MAE),0.11478231778903081,HM,,0,4,0.35,0.35,0.02055270768301462,2,0.5,1,0.05,0.001,60
Mar_23_108_SE1_root,-0.1671257360568228,488.8287809407827,477.0594619668586,-0.049659573729637564,0.5648556660741948,0.7180295533641241,528.1948068022713,0.0022722299317094073,-1.3595930736465678,0.9576827139821031,1.1518383657810397e-165,-0.16906055704017528,488.84870123541,0,-0.05023448449768214,0.5692744016636081,0.72343276562851,533.8618287551587,0.009192449220697669,-5.437370715934167,0.9570435478891466,1.0276080179967835e-4,487.467,476.543,0.004949159302053221,0.35,3.36542832539619,240,0.14188449637039305,1,1.0115770379176947,Noise (HM.RMSE) | Noise (HM.MAE),Noise (LM.RMSE) | Noise (LM.MAE),-0.16906055704017528,HM,MAE | AICc | Intercept,2,2,0.35,0.35,0.022592402852876597,2,0.5,1,0.05,0.0049,60
Mar_23_109_SE1_stem,0.2059184768533866,434.94360790717934,449.4367666717016,0.07876716719849045,0.7278571516460296,0.9056791867634825,497.12291258322483,0.0032771867986398228,1.591497202542524,0.9552285890286263,2.8460089179950604e-126,0.30763402314087657,433.8511676886701,459.6786693887194,0.1176750183225881,0.6321803665188952,0.7839109720479497,445.4990753628259,0.015243656301904347,4.955126922006197,0.966458267367257,0.004556190516962135,432.593,448.887,0.004945912244983167,0.35,2.614267900919674,186,0.22504904913854412,1,1.4939602693346996,Noise (HM.RMSE) | Noise (HM.MAE),Noise (LM.RMSE) | Noise (LM.MAE) | Intercept (LM),0.30763402314087657,HM,Intercept (LM),0,4,0.35,0.35,0.025663245128736824,2,0.5,1,0.05,0.0049,60
Mar_23_110_SE1_stem,0.041207881719584664,458.07484500436686,463.43203866383794,0.025755738747457055,0.6722818237271673,0.8225619802547588,520.0314826357983,0.0015096397490440682,3.663473311530569,0.7807154159800971,1.1053214161253777e-70,0.07875247498240481,457.3699448802214,464.7425937108359,0.049221849964650635,0.6193488236675174,0.7719024514123425,495.4125259067108,0.009216948651077611,11.70369395137981,0.8068940402089361,0.0066762775625850874,457.369,462.039,0.002679341293200306,0.35,1.5999495150824687,210,0.07358782499273445,1,1.911102238118115,Noise (HM.RMSE) | Noise (HM.MAE),Noise (LM.RMSE) | Noise (LM.MAE) | Intercept (LM),0.07875247498240481,HM,Intercept (LM),0,4,0.35,0.35,0.024152294576982397,2,0.5,1,0.05,0.0027,60
Mar_23_111_SE1_root,0.2521181851152101,455.5977398416302,478.62730028052835,0.1157264343663223,1.0818479576712954,1.3740507801021602,704.2759044530305,0.00368058601455255,1.4598653456396402,0.959110033236418,2.5128105727687032e-140,0.4531355506584984,452.9141479518134,485.99616103485664,0.20799674382220662,0.6773365328076876,0.8391107173890453,508.10149966295995,0.013939094457420123,3.07614232367418,0.9847507063464572,0.00628730613521276,453.152,475.878,0.0038124982106941493,0.35,2.1785704061109428,201,0.33064695533234945,1,1.7973140273535988,Noise (HM.RMSE) | Noise (HM.MAE),Noise (LM.RMSE) | Noise (LM.MAE) | Intercept (LM),0.4531355506584984,HM,Intercept (LM),0,4,0.35,0.35,0.024687096555050938,2,0.5,1,0.05,0.0038,60
Mar_23_150_CP40_CWD,0.572374154476171,449.57208943512455,473.9421023609225,0.1092825691739819,0.6411554282168552,0.8043390213424684,546.6504435724253,0.004371107428155253,0.763680084778746,0.9871038764794098,6.75489785061241e-213,0.6330229448671534,449.1519712766004,581.5189261930344,0.12086215497356537,0.6214050616256541,0.782899958935629,536.5664972399718,0.018281808087970662,2.8880166566169723,0.9877821877238695,9.130840476754047e-4,447.94,473.097,0.0081836895227564,0.35,5.237561294564096,225,0.3122359119256626,1,1.1059600436474761,Noise (HM.RMSE) | Noise (HM.MAE),Noise (LM.RMSE) | Noise (LM.MAE),0.6330229448671534,HM,,0,4,0.35,0.35,0.02333333333333333,2,0.5,1,0.05,0.0082,60
Mar_23_151_CP40_CWD,0.7072206383533665,537.9294821676629,563.5815766907175,0.13501102380555097,0.6070026216442818,0.7464349396991531,438.70047760386024,0.005142885176613456,0.7271967046362958,0.9900001077046245,3.524664848929867e-192,0.7168670373957783,537.8708424049227,1465.278042067682,0.136852556900209,0.6077271486063142,0.7490491012643162,442.12921562216553,0.02086689250207142,2.910845584123423,0.9899304976400629,1.4756469105477489e-4,536.713,566.048,0.009598875801468787,0.35,5.2382436516586814,192,0.3857457823015742,1,1.0136398720841515,Noise (HM.RMSE) | Noise (HM.MAE),Noise (LM.RMSE) | Noise (LM.MAE),0.7168670373957783,HM,AICc,1,3,0.35,0.35,0.02525907427704613,2,0.5,1,0.05,0.0096,60
Mar_23_155_CP40_stem,1.3718572839170031,604.3169971724843,662.0688855191779,0.3521456606505705,0.786793617416324,0.9949025904212302,475.5390732029827,0.006357823360554511,0.46344641203502607,0.9964685273144165,3.2396819340619394e-203,1.3921705827315256,604.1737818303396,2551.894238192202,0.35735993484285977,0.7878981661330708,0.999303755859965,479.1048066675784,0.025828700416902765,1.8552827316768352,0.9964375428814425,1.8347598787886156e-4,605.241,661.153,0.00826362674423366,0.35,3.8957097508530114,166,1.00613045900163,1,1.014807151627699,Noise (HM.RMSE) | Noise (HM.MAE),Noise (LM.RMSE) | Noise (LM.MAE),1.3921705827315256,HM,RMSE | AICc,2,2,0.35,0.35,0.027165268399721648,2,0.5,1,0.05,0.0083,60
Mar_23_156_CP40_stem,1.1962337463457127,581.7090515677056,671.3828863836046,0.30710217402705137,0.9280256569756926,1.1353194421869903,918.1355031528537,0.0030503327234729337,0.25499470590853773,0.9980919789888935,0,1.3481977372713427,579.8561879730271,998.257252239824,0.3461150108824337,0.6111397001936962,0.7890863602771644,705.5527554518596,0.009282883786012837,0.6885402288836903,0.9990782862305004,8.272326254450697e-4,581.276,668.905,0.004653005683502424,0.35,3.8952304721891724,295,0.8774347829344326,1,1.127035365278612,Noise (HM.RMSE) | Noise (HM.MAE),Noise (LM.RMSE) | Noise (LM.MAE),1.3481977372713427,HM,,0,4,0.35,0.35,0.02037778784088537,2,0.5,1,0.05,0.0047,60
Mar_23_157_CP40_stem,1.507701200629597,447.5160320330249,512.9496478970863,0.38718115895894334,0.6070633853364059,0.7799803178658353,406.43827608305264,0.004744714713417055,0.31469860947485634,0.9983192145658852,1.3396555109254957e-236,1.5333853684687357,447.3323961997786,2390.909336507552,0.3937769127241464,0.6082942507558735,0.7774831589358903,407.4388350834021,0.01908432996733839,1.244587978975978,0.9983300379164889,2.0260423169138353e-4,446.717,511.614,0.008017153302409891,0.35,3.8940458897419474,171,1.106231882739838,1,1.0170353169636088,Noise (HM.RMSE) | Noise (HM.MAE),Noise (LM.RMSE) | Noise (LM.MAE),1.5333853684687357,HM,AICc,1,3,0.35,0.35,0.026765168951565537,2,0.5,1,0.05,0.008,60
Mar_23_158_CP40_stem,1.0530239469617355,532.5065447476218,609.8305990779525,0.27036382632982753,0.7485532765548745,0.9362394912908645,788.1497489434648,0.002595163012413359,0.2464486225504292,0.9982538201174864,0,1.1216838453992002,531.6836802750094,1178.351978268822,0.28799225055562994,0.6882778386605716,0.8598555848625612,741.0146184394825,0.009984152705846747,0.8901039938123964,0.9985271242861499,4.4534771759970434e-4,532.839,608.093,0.004749805336416088,0.35,3.894840375861192,289,0.7724680752280787,1,1.0652025992719039,Noise (HM.RMSE) | Noise (HM.MAE),Noise (LM.RMSE) | Noise (LM.MAE),1.1216838453992002,HM,,0,4,0.35,0.35,0.020588235294117647,2,0.5,1,0.05,0.0047,60
Mar_23_159_CP40_stem,1.0038293245005845,508.00654356629053,561.3504780884944,0.25770016677393126,0.6142559876125168,0.7799685814346026,495.3596943957669,0.003511452617374207,0.3498057420389857,0.9974612577171822,8.04223596143211e-271,1.0197488844909324,507.86629050550516,2207.1970941474237,0.2617869902650872,0.6157669738046989,0.7804116540938214,497.67608330471717,0.014212779443144882,1.393752879684691,0.9974584599961636,1.540529893909054e-4,506.28,561.727,0.006554655760292548,0.35,3.895338280402429,209,0.7362861907826608,1,1.0158588313787984,Noise (HM.RMSE) | Noise (HM.MAE),Noise (LM.RMSE) | Noise (LM.MAE),1.0197488844909324,HM,MAE | AICc,2,2,0.35,0.35,0.02421000623531261,2,0.5,1,0.05,0.0066,60
Mar_23_160_CP40_stem,0.4188673811114305,440.2393736154972,455.5793656567818,0.07989579188169081,0.6732829509961834,0.8440868903885234,490.9085291455678,0.0057438999695452785,1.3712932132132867,0.9649720724098954,6.52450861401445e-142,0.4852435580120004,439.84792507703673,499.31361148865693,0.09255654670456262,0.6497378004793405,0.8260542760032369,484.6150094039632,0.0250064185649352,5.153374661455428,0.966452721040578,0.0015564698280599706,439.121,454.959,0.009507435136698852,0.35,5.242671375379653,194,0.2282736910905452,1,1.158465853140548,Noise (HM.RMSE) | Noise (HM.MAE),Noise (LM.RMSE) | Noise (LM.MAE),0.4852435580120004,HM,,0,4,0.35,0.35,0.025128535551620833,2,0.5,1,0.05,0.0095,60
Mar_23_161_CP40_stem,0.6181763266678361,467.6419420849422,484.85985383342535,0.11793090238687105,0.6121369638910266,0.7659550157926901,344.94600082695916,0.007857553660298671,1.2710861482925666,0.9769513276482648,7.95964039234232e-121,0.686238889010578,467.3347333821336,557.8565191689152,0.13091535204884458,0.5950291678528496,0.7533176731534129,342.1687494488842,0.033324845118151945,4.856158059797492,0.9777056046689276,0.0014462303290967721,467.371,484.168,0.012480599800718884,0.35,5.241851916301932,147,0.3369454353910602,1,1.1101021818639034,Noise (HM.RMSE) | Noise (HM.MAE),Noise (LM.RMSE) | Noise (LM.MAE),0.686238889010578,HM,,0,4,0.35,0.35,0.028867513459481287,2,0.5,1,0.05,0.012,60
Mar_23_162_CP40_stem,0.6005726973255154,472.7445948305331,504.93635316225436,0.11456141755060946,0.5975942462621207,0.7411580820214065,641.9033198114495,0.0028372144271762226,0.47241815017748445,0.9937235377477962,8.68608342147e-313,0.6355312848276159,472.43912607719176,770.968596296301,0.12122989475185818,0.5832081003057351,0.7280109671361481,633.795009661848,0.011587082141350381,1.8232119201642936,0.99394423425107,4.0609020832308465e-4,472.347,504.248,0.006506480642031904,0.35,5.242364403008563,284,0.3273183358588842,1,1.0582087525086952,Noise (HM.RMSE) | Noise (HM.MAE),Noise (LM.RMSE) | Noise (LM.MAE),0.6355312848276159,HM,,0,4,0.35,0.35,0.02076867901839243,2,0.5,1,0.05,0.0065,60
Mar_23_163_CP40_stem,0.6771413265224444,454.91725279259964,469.60609223801123,0.05715501729732141,0.7266782812982735,0.9355028914431184,709.2728451804337,0.009236999598311604,1.3641169481930056,0.9540126956951086,9.319232437565856e-175,1.0065645448873524,453.82061737644074,480.3251335175638,0.08496042365241785,0.6289373147836884,0.8131144393924838,638.4255229219415,0.043235449154372656,4.295347911266958,0.9652583027637316,0.0032055074388095514,454.368,468.47,0.016072124866329116,0.35,11.847452044322605,260,0.1633000494209183,1,1.4864910845963393,Noise (HM.RMSE) | Noise (HM.MAE) | Noise (HM.SE),Noise (LM.RMSE) | Noise (LM.MAE),1.0065645448873524,HM,SE,1,3,0.35,0.35,0.02170607855311148,2,0.5,1,0.05,0.016,60
Mar_23_164_CP40_stem,0.8263279468502837,442.79690207348676,462.5329160667144,0.06973856534709412,0.6943956626717331,0.9135521087121132,763.343901915813,0.007862422547502058,0.9514893665972783,0.9749308639128287,8.76140300209184e-229,1.0845878762370051,441.82728292869234,488.1099734602732,0.09153460532217075,0.6368688969026329,0.8149872117119005,700.3255925707288,0.034275022404307465,3.1601885983849645,0.9800485572054008,0.001977728698803982,442.508,461.436,0.014602564610572508,0.35,11.848938141150265,285,0.19925304384884035,1,1.312539265277341,Noise (HM.RMSE) | Noise (HM.MAE) | Noise (HM.SE),Noise (LM.RMSE) | Noise (LM.MAE),1.0845878762370051,HM,SE,1,3,0.35,0.35,0.02073221072156823,2,0.5,1,0.05,0.015,60
Mar_23_165_CP40_stem,0.483822109123232,464.04431932423006,475.92787847980975,0.040836973043229224,0.592633885689196,0.7456398129509294,667.8331956801753,0.0061263881868184955,1.2662480840159525,0.9551219810280133,4.55915270250948e-199,0.5382229715682122,463.8283484302834,525.0511652721945,0.04542867423113057,0.5912523056128814,0.7395774102945851,665.0885878611209,0.026266067687702455,4.880146161575269,0.9558487732237692,7.420219547956452e-4,464.096,476.479,0.014200948741266517,0.35,11.847648664142353,294,0.1166770658377978,1,1.112439802603407,Noise (HM.RMSE) | Noise (HM.MAE) | Noise (HM.SE),Noise (LM.RMSE) | Noise (LM.MAE),0.5382229715682122,HM,SE,1,3,0.35,0.35,0.02041241452319315,2,0.5,1,0.05,0.014,60
Mar_23_166_CP40_stem,1.151974748443467,487.18930247235335,539.3724944551061,0.2964954089929135,0.5000706956930295,0.6229056840380032,342.76383131063,0.0035794724881382718,0.3107249089422149,0.9982939647271202,9.491683234244975e-246,1.187333348284622,486.9245641276276,1374.131174455134,0.305596009970049,0.4844473599092367,0.6114583851121395,338.2539484304464,0.014312214811232064,1.2054083069349792,0.9983560930619356,3.444473997519476e-4,486.144,540.147,0.007682804185655833,0.35,3.8853038310316643,178,0.8471297399797529,1,1.0306939018315557,Noise (HM.RMSE) | Noise (HM.MAE),Noise (LM.RMSE) | Noise (LM.MAE),1.187333348284622,HM,,0,4,0.35,0.35,0.026233609114855148,2,0.5,1,0.05,0.0077,60
Mar_23_167_CP40_stem,1.7734501163409542,525.0214041884914,613.1181719046076,0.456459936352934,0.5465160655164447,0.6853503286962681,412.1598767465578,0.003430731428354606,0.19344955895534371,0.9992745228992682,3.9116077420581545e-305,1.8011329774770206,524.7914662552037,3377.1185918218766,0.46358509703030754,0.5469824934983156,0.6845939969125835,413.8141188118931,0.013809361139784813,0.7667041419189715,0.9992762296496058,1.6252872711372714e-4,525.178,612.689,0.0070094287602404095,0.35,3.8852262271046842,195,1.3041712467226687,1,1.0156096080070087,Noise (HM.RMSE) | Noise (HM.MAE),Noise (LM.RMSE) | Noise (LM.MAE),1.8011329774770206,HM,AICc,1,3,0.35,0.35,0.02506402059138015,2,0.5,1,0.05,0.007,60
Mar_23_168_CP40_stem,1.2721299342239565,607.931449453516,672.4458457872627,0.32748424534896786,0.7896886999230409,0.9771324023448482,561.6536326390883,0.004724821322508863,0.37141027778669233,0.9972760794474334,8.031436392773401e-255,1.3923244121275078,606.9386383640718,994.7577032045824,0.35842589433655325,0.7055705490271985,0.8755071361700363,520.0288352054204,0.018142279046221406,1.3030209689780223,0.9978132104635596,9.242090625017488e-4,606.937,673.063,0.006866634233954148,0.35,3.8845530809226325,199,0.9356692724256227,1,1.0944828626934828,Noise (HM.RMSE) | Noise (HM.MAE),Noise (LM.RMSE) | Noise (LM.MAE),1.3923244121275078,HM,,0,4,0.35,0.35,0.024810842175291753,2,0.5,1,0.05,0.0069,60
Mar_23_169_SRS5_stem,1.5193655221861457,655.06512299875,731.9069194018095,0.39609173403638936,1.4115706752447146,1.6792789578627387,765.5477927549935,0.008196794685108194,0.5394880011041847,0.9943564428108072,2.7716246114365847e-220,1.894391387317616,652.0796658038998,863.8365577504164,0.4938592844114216,0.8547947072847326,1.0663240400807512,589.606493888499,0.02452450962517719,1.2945851522215235,0.997724453896359,0.0023321993436518492,652.866,728.727,0.006884936209302541,0.35,3.8358930308971306,196,1.1316906686753982,1,1.2468305747729898,Noise (HM.RMSE) | Noise (HM.MAE),Noise (LM.RMSE) | Noise (LM.MAE),1.894391387317616,HM,,0,4,0.35,0.35,0.024999999999999998,2,0.5,1,0.05,0.0069,60
Mar_23_170_SRS5_stem,1.1700521659672958,558.0458368561435,609.6084767681809,0.3051043781777365,0.6100239886413136,0.7776925319162257,405.4336705813581,0.004667911674849168,0.3989490221566447,0.9973015325910668,3.1682897389232034e-219,1.2752924117928275,557.2934971560788,880.3500666060489,0.3325469663766361,0.546302972486959,0.6996889272931343,371.38309636814324,0.01791474886112423,1.4047561716406178,0.9978157048445961,0.0010293768888304119,558.618,608.614,0.007895432193796187,0.35,3.834924208415291,171,0.871726794793533,1,1.0899449177452087,Noise (HM.RMSE) | Noise (HM.MAE),Noise (LM.RMSE) | Noise (LM.MAE),1.2752924117928275,HM,,0,4,0.35,0.35,0.026765168951565537,2,0.5,1,0.05,0.0079,60
Mar_23_171_SRS5_stem,2.252494766519283,528.7740368868218,616.3012499855786,0.5874309603943403,0.7829450519184185,0.9958598914258271,433.42979416326773,0.007192804368020434,0.31932613007289123,0.9984727825031592,6.297064285014443e-212,2.2762908537485216,528.6194699306535,4510.607156744928,0.59363677209365,0.8015559356929338,1.0228890711891108,443.6279856070375,0.029612372531338693,1.3009046046367057,0.9983895913559507,1.490805142515595e-4,529.141,616.889,0.008947129920340108,0.35,3.8344842515743323,151,1.6783741725552581,1,1.010564325201967,Noise (HM.RMSE) | Noise (HM.MAE),Noise (LM.RMSE) | Noise (LM.MAE),2.252494766519283,LM,RMSE | MAE | AICc,3,1,0.35,0.35,0.028482596056990578,2,0.5,1,0.05,0.0089,60
Mar_23_172_SRS5_stem,2.705502779093727,714.3200251786332,844.8239500290285,0.9739098869432489,1.6431989038318975,1.9897601324195557,579.2729330531389,0.012218685817799025,0.45162348056770313,0.9972539950517703,1.034685848309281e-173,3.217754930936419,710.4037977053847,1149.009644313768,1.158307197174313,0.757924482939989,0.9271789326731793,373.6910557867895,0.02589668860256309,0.8048061197446983,0.9994037519445007,0.0026408840787946167,711.438,840.129,0.0072021719446060005,0.35,2.777980607205172,136,2.7825996769807113,1,1.189337137555735,Noise (HM.RMSE) | Noise (HM.MAE),Noise (LM.RMSE) | Noise (LM.MAE),3.217754930936419,HM,,0,4,0.35,0.35,0.030012252399939043,2,0.5,1,0.05,0.0072,60
Mar_23_173_SRS5_root,4.5114829048699345,560.4941219415175,636.5695650346718,0.38616976189418406,2.340447834360098,2.783646746033619,983.2026011497584,0.04010973491412598,0.8890587808906334,0.9845129129304825,2.2222903319752878e-181,6.900120761854109,554.4637171212789,684.9680030740686,0.5906301869768777,0.7736754775732276,0.975599688242118,565.8993686088182,0.07656502545282207,1.1096186298085677,0.9980976746132615,0.004525753178639205,554.998,631.304,0.020651134049420213,0.35,11.68264154795772,200,1.1033421768405258,1,1.5294573663142448,Noise (HM.RMSE) | Noise (HM.MAE) | Noise (HM.SE),Noise (LM.RMSE) | Noise (LM.MAE) | Noise (LM.SE),6.900120761854109,HM,SE,1,3,0.35,0.35,0.024748737341529162,2,0.5,1,0.05,0.021,60
Mar_23_174_SRS5_stem,4.692117100171996,735.8584371678621,988.993365242954,1.6988921347321602,1.4685669528631464,1.8311851411185815,617.3816416856505,0.009541035714193355,0.20334180734414356,0.9993801636230514,4.197294326158787e-241,5.020929609091838,732.9842154316872,2714.0493054733847,1.817946491918811,1.056587196424221,1.2917628705913828,514.107780880648,0.028263413619207593,0.5629119669000845,0.9996915547092627,9.176611616938577e-4,733.134,986.817,0.006444360421658383,0.35,2.7618687521393075,151,4.8539775278061725,1,1.0700776433963657,Noise (HM.RMSE) | Noise (HM.MAE),Noise (LM.RMSE) | Noise (LM.MAE),5.020929609091838,HM,,0,4,0.35,0.35,0.028482596056990578,2,0.5,1,0.05,0.0064,60
Mar_23_175_SRS5_root,3.2325713922217805,528.3003070982263,571.1034202151748,0.2779422929671981,1.3610570921215828,1.631705640698901,601.629989489854,0.03426124198576356,1.0598758025330244,0.9828843711285186,3.680916421584959e-138,4.881600312446452,524.9740148377962,600.041537153929,0.41972876065645454,0.6817302473288746,0.8470511416008599,399.18353060695966,0.09640238806238477,1.9748111662601882,0.9953875837309146,0.005591349597084683,525.836,569.087,0.0262621232584106,0.35,11.630368871581839,156,0.7941208370491374,1,1.5101291572995321,Noise (HM.RMSE) | Noise (HM.MAE) | Noise (HM.SE),Noise (LM.RMSE) | Noise (LM.MAE),4.881600312446452,HM,SE,1,3,0.35,0.35,0.028022426915890245,2,0.5,1,0.05,0.026,60
Mar_23_177_SRS5_stem,3.4136724841185497,534.402156218027,677.1532974623459,0.6639587964852043,0.7570144341930889,0.9501461326641741,599.7374641228381,0.005335507764783572,0.1562981741689043,0.9994726080120321,0,3.575134114824704,533.2964418525022,2141.5089156737886,0.6953630599290296,0.6357674964674149,0.8089957021380919,532.0166359236187,0.018802720473151863,0.5259304929340756,0.9996176640402193,4.323825808145685e-4,532.343,675.352,0.008330959355755112,0.35,5.141392059551726,217,1.8970251328148693,1,1.047298512513231,Noise (HM.RMSE) | Noise (HM.MAE),Noise (LM.RMSE) | Noise (LM.MAE),3.575134114824704,HM,,0,4,0.35,0.35,0.023759548165574573,2,0.5,1,0.05,0.0083,60
Mar_23_178_SRS5_stem,5.439867431571673,714.2777958235687,887.084277718907,1.0601624656155724,0.9510285484651101,1.1421500762301289,518.2599151751166,0.009700896753753024,0.1783296537237538,0.9994787261858492,1.046355014478257e-269,5.674401864889539,713.05293305706,2839.6628615878553,1.1058703079896248,0.817342009107009,1.0007685339857066,476.7532347663884,0.0350880119279942,0.618356132742411,0.9995997910040254,5.200155859112508e-4,713.935,886.176,0.010950654785154789,0.35,5.13116395647253,165,3.0290356160444927,1,1.0431139979545614,Noise (HM.RMSE) | Noise (HM.MAE) | Noise (HM.SE),Noise (LM.RMSE) | Noise (LM.MAE),5.674401864889539,HM,SE,1,3,0.35,0.35,0.0272474630456533,2,0.5,1,0.05,0.011,60
Mar_23_179_SRS5_stem,3.8796321523960726,567.3816248304719,659.6886558095123,0.7566150080249211,0.7540567034499677,0.932024658849863,340.6385465847823,0.012173345863451505,0.31377577526088934,0.998790453325878,4.806678500269284e-180,4.0999173793495345,566.5246414555668,1445.3364770735895,0.7995755522755477,0.6790861180370062,0.848522473967056,319.4967311154175,0.04627222137694691,1.1286135084089952,0.9989974765842143,9.098370320800785e-4,566.194,658.992,0.014590780738671604,0.35,5.127617231018879,124,2.161757165785489,1,1.056779926111658,Noise (HM.RMSE) | Noise (HM.MAE) | Noise (HM.SE),Noise (LM.RMSE) | Noise (LM.MAE),4.0999173793495345,HM,SE,1,3,0.35,0.35,0.03143092785468561,2,0.5,1,0.05,0.015,60
Mar_23_180_SRS5_stem,1.2143266697987427,508.57510087062866,563.2104952905743,0.31764764197642803,0.6128422307831521,0.7722712655102104,410.0018311779575,0.004516551007451629,0.37193871466235545,0.9976124262949719,1.1798315353791553e-227,1.2804873695736427,508.08682365939455,1047.7900183711758,0.3349541796632685,0.5936718442453462,0.7407219708578108,397.58207957031635,0.017963352148684827,1.4028527399427604,0.9978035188098306,6.206266387623382e-4,508.699,561.799,0.007734136609773965,0.35,3.822873238545417,174,0.9075646913612231,1,1.0544834445461575,Noise (HM.RMSE) | Noise (HM.MAE),Noise (LM.RMSE) | Noise (LM.MAE),1.2804873695736427,HM,,0,4,0.35,0.35,0.026533431525261615,2,0.5,1,0.05,0.0077,60
Mar_23_184_SRS5_root,7.831478145392356,547.0755214345841,681.9784381415152,0.6711587895867218,4.481595152040181,5.181675454239843,1250.1317984958866,0.07331715049853342,0.936185342503567,0.9826023372126148,5.084915447335816e-179,12.593745086887598,534.757717928849,751.6070420345823,1.079285742992486,0.8644225626738367,1.1030022703188338,624.0935989073604,0.08869228350609606,0.7042566202045889,0.9992116786200381,0.004977122928297617,537.4,670.651,0.020217857587070374,0.35,11.668592093109188,203,1.9175965416763485,1,1.6080929874390466,Noise (HM.RMSE) | Noise (HM.MAE) | Noise (HM.SE),Noise (LM.RMSE) | Noise (LM.MAE) | Noise (LM.SE),12.593745086887598,HM,SE,1,3,0.35,0.35,0.024565184222025874,2,0.5,1,0.05,0.02,60
Mar_23_185_SRS5_stem,1.7943414090392966,639.6058520189006,684.0131896477665,0.46744565925121956,0.7068052949033756,0.9034550364047546,259.2035121893477,0.012908017931782303,0.7193735744354999,0.995107565886725,1.2791658629582613e-110,2.0813297155537067,638.4699860361033,809.3770391385327,0.5422092674810742,0.5934333338091413,0.7484318795214955,225.23894180608195,0.04757146490547399,2.2856284878832045,0.9966424966454112,0.0031725388603834432,638.399,683.265,0.013994930942208125,0.35,3.8386096298628005,96,1.335559026432056,1,1.159940747657418,Noise (HM.RMSE) | Noise (HM.MAE) | Noise (HM.SE),Noise (LM.RMSE) | Noise (LM.MAE),2.0813297155537067,HM,SE,1,3,0.35,0.35,0.03572172541558802,2,0.5,1,0.05,0.014,60
Mar_23_186_SRS5_stem,1.434477484581908,605.25307954545406,670.3004404545451,0.37383540752351185,0.8706812073444072,1.0936514859362505,534.1015671200275,0.0063158072110268155,0.4402862560695832,0.9966382495331991,4.115281478009094e-216,1.6684280612109395,603.5490702381854,850.0268211342127,0.43480465248866745,0.638729457535152,0.7988962238938044,426.2803022912713,0.020611670281014054,1.2353946064689283,0.998206140950113,0.00176407262281488,602.817,668.072,0.0076743799849493316,0.35,3.8371899924746655,175,1.068101164352891,1,1.1630911458308588,Noise (HM.RMSE) | Noise (HM.MAE),Noise (LM.RMSE) | Noise (LM.MAE),1.6684280612109395,HM,,0,4,0.35,0.35,0.026457513110645904,2,0.5,1,0.05,0.0077,60
Mar_23_187_SRS5_stem,1.4847873247634606,608.2745872812346,671.7393827788446,0.3869804603512805,0.8578379212667991,1.0790566883386408,502.49669912328454,0.006756457631614606,0.45504548152651875,0.9965949668284323,1.629468470014781e-204,1.696280568601779,606.8369583513501,874.1604012225722,0.44210199290798957,0.6710456094359156,0.8581779691396667,428.55870601137315,0.02356179261452698,1.3890268538505186,0.997846288397371,0.001653809288701117,606.755,670.512,0.008138780102363246,0.35,3.836853476828388,166,1.1056584581465159,1,1.1424400924704896,Noise (HM.RMSE) | Noise (HM.MAE),Noise (LM.RMSE) | Noise (LM.MAE),1.696280568601779,HM,,0,4,0.35,0.35,0.027165268399721648,2,0.5,1,0.05,0.0081,60
Mar_23_188_SRS5_root,4.75522421017905,469.96634980313604,593.4206804885937,0.4074400352655366,0.8442365989035756,1.0185275049916758,882.830596118446,0.007794204846236928,0.16390825125664157,0.9991839404525978,0,5.14778731533293,468.2982375888036,1303.8056302993625,0.44107586784425384,0.5575378841082091,0.6986097992750506,654.9014575776567,0.02261803670076619,0.439373954580394,0.9996160756360694,5.279137823225148e-4,469.082,591.124,0.013436982725810578,0.35,11.670979281846904,305,1.164114386472962,1,1.0825540684945112,Noise (HM.RMSE) | Noise (HM.MAE),Noise (LM.RMSE) | Noise (LM.MAE),5.14778731533293,HM,,0,4,0.35,0.35,0.020040941700985387,2,0.5,1,0.05,0.013,60
Mar_23_1_MI_stem,0.8595558110981687,509.851927276974,578.1080383905319,0.2290473527300602,0.9262691506520476,1.1398307556683347,939.0714395199578,0.00286224874660959,0.33299161144088835,0.9966844901863672,0,0.9932021905323735,508.1336869827088,777.6813432299382,0.2646603391308533,0.6550796168808531,0.8587149501708532,770.6405448911981,0.009609167284477813,0.9674935653662959,0.9981182253084754,9.81868448850865e-4,508.735,577.19,0.004392842779687084,0.35,3.7527428317898237,301,0.654421007800172,1,1.1554830735929271,Noise (HM.RMSE) | Noise (HM.MAE),Noise (LM.RMSE) | Noise (LM.MAE),0.9932021905323735,HM,,0,4,0.35,0.35,0.020173664619648222,2,0.5,1,0.05,0.0044,60
Mar_23_209_SRS5_stem,2.2852625366781325,635.4213421761594,785.1557875858962,0.8318580300540933,1.6025905117414199,1.964959247063052,768.5000856212624,0.0076984146818547886,0.3368722218255605,0.9979501475107875,4.098523702851883e-244,2.6226158893423603,631.8600637421093,1247.126207238749,0.9546579669870872,0.9256981871295243,1.2004455938696719,591.2197998450699,0.0208663591531419,0.7956315386457256,0.9992349312233887,0.001551617908896528,630.823,783.843,0.005312223715163404,0.35,2.7471785498416463,182,2.376737228725981,1,1.1476212676879594,Noise (HM.RMSE) | Noise (HM.MAE),Noise (LM.RMSE) | Noise (LM.MAE),2.6226158893423603,HM,,0,4,0.35,0.35,0.025943726083138538,2,0.5,1,0.05,0.0053,60
Mar_23_210_SRS5_stem,2.6996975696542367,586.2019039368565,841.7467133505606,0.9828646515911699,1.222365525473711,1.546575263594407,978.1033356562025,0.0035033964195610467,0.12976995864058,0.9995606619353361,0,2.7379252599200568,585.5938361262658,9493.628698503202,0.9967820051112763,1.3130641038506632,1.6802269142671464,1023.5981520332774,0.015332157819810696,0.5599918319267185,0.9994820388463875,1.1189695825295686e-4,590.627,842.117,0.003683400447230009,0.35,2.7467643335058067,262,2.808184718831914,1,1.0141599898801688,Noise (HM.RMSE) | Noise (HM.MAE),Noise (LM.RMSE) | Noise (LM.MAE),2.6996975696542367,LM,RMSE | MAE | AICc,3,1,0.35,0.35,0.02162307221253254,2,0.5,1,0.05,0.0037,60
Mar_23_211_SRS5_stem,2.2934388652053004,536.4720633156958,760.2443908978469,0.8349713715751904,0.9412600343679124,1.190040474869861,869.4556995574462,0.0025612740664176406,0.11167832311886651,0.9996633677590386,0,2.3458281728547354,535.6199329753114,5575.409376463823,0.8540447258849893,0.89581467338317,1.1294087694668384,843.1733622899549,0.009907695785932836,0.4223538578222355,0.9996968601731295,1.6946039818953722e-4,537.552,760.366,0.0035738090728174806,0.35,2.746727544536864,271,2.3856324902148303,1,1.0228431236795776,Noise (HM.RMSE) | Noise (HM.MAE),Noise (LM.RMSE) | Noise (LM.MAE),2.3458281728547354,HM,,0,4,0.35,0.35,0.02126098587307754,2,0.5,1,0.05,0.0036,60
Mar_23_212_SRS5_stem,0.8816833554812382,549.4653196739628,630.216986540699,0.32044312248704887,0.717020989858502,0.8998140609047403,675.9150301057565,0.002125286441115914,0.24104871980439002,0.998526312036682,0,0.8933230578521396,549.2879692096611,3545.2855183868933,0.3246735103574377,0.7396400051609848,0.9250860425186268,692.105703237492,0.008791631882450116,0.9841492173714028,0.998442987130802,1.0836908409574643e-4,549.869,630.981,0.00380635429939412,0.35,2.7514503935620356,255,0.9155517785344256,1,1.0132016809646454,Noise (HM.RMSE) | Noise (HM.MAE),Noise (LM.RMSE) | Noise (LM.MAE),0.8816833554812382,LM,RMSE | MAE | AICc,3,1,0.35,0.35,0.02191785018798023,2,0.5,1,0.05,0.0038,60
Mar_23_213_SRS5_stem,1.9184941057153737,467.45476491472334,584.6044658545075,0.6973196484510962,0.7037589104434959,0.9031684304257482,451.32265648135444,0.003941401427278324,0.20544245695290486,0.9992914287267534,3.807228059285765e-265,1.9416101372301622,467.2178685728078,5250.662823263115,0.7057216878013637,0.7393939549555918,0.9412928423154112,467.39579390129893,0.016542552591208473,0.8520017625581385,0.999230803909317,1.4753419229992037e-4,468.76,583.254,0.005697835495956649,0.35,2.751240568047639,169,1.9923418527174175,1,1.0120490500575028,Noise (HM.RMSE) | Noise (HM.MAE),Noise (LM.RMSE) | Noise (LM.MAE),1.9184941057153737,LM,RMSE | MAE | AICc,3,1,0.35,0.35,0.02692307692307692,2,0.5,1,0.05,0.0057,60
Mar_23_214_SRS5_stem,4.502761282584651,734.8632235355708,998.3700558678086,1.6366883995791168,1.1221041230714421,1.3484651616836123,566.1881564787718,0.006241443600190035,0.13861369076637692,0.9996888333215879,1.850915976471792e-284,4.56394447212951,734.2659354595806,10279.78561858326,1.6589276013250818,1.2467329938467104,1.5017576230083254,603.3905180685827,0.028083861254369152,0.6153418698642796,0.9996146400898126,1.7379122943489794e-4,736.917,1000.06,0.005943824101584065,0.35,2.751141441304625,163,4.6762525702260485,1,1.013587926542208,Noise (HM.RMSE) | Noise (HM.MAE),Noise (LM.RMSE) | Noise (LM.MAE),4.502761282584651,LM,RMSE | MAE | AICc,3,1,0.35,0.35,0.027414115749578506,2,0.5,1,0.05,0.0059,60
Mar_23_215_SRS5_stem,1.8094011708151811,455.2480635192549,511.2449539053357,0.35218170054138864,0.7811895467922718,0.9497576141842468,446.45246662420885,0.008368439853637635,0.462497758297981,0.9965891335479629,2.8026212080266164e-198,2.0484904376470143,454.0566535059487,706.0093776563134,0.39871801649618227,0.621911941509499,0.7877766866092678,388.3445376915658,0.030473936033316537,1.4876289131386051,0.997653365799229,0.001582511234362477,453.655,510.053,0.011238701656201054,0.35,5.137692185691911,161,1.0062334301182534,1,1.1321372345106406,Noise (HM.RMSE) | Noise (HM.MAE),Noise (LM.RMSE) | Noise (LM.MAE),2.0484904376470143,HM,,0,4,0.35,0.35,0.02758386421836852,2,0.5,1,0.05,0.011,60
Mar_23_216_SRS5_stem,1.7268622831638551,479.39419726401877,525.4410822110697,0.3361086492485463,0.9804701570101867,1.2225746634908812,456.5092961597983,0.0135180120775836,0.7828077669758758,0.9916139292365667,2.4097759984892615e-144,2.1736361449115114,477.5087478564053,600.4477070137486,0.42306668907349326,0.7545436285021478,0.9258499994039734,381.34545314408916,0.04830572332613427,2.222346340679792,0.9951906210139807,0.0034412743687868034,476.915,523.51,0.013030676811588348,0.35,5.1378097142834065,139,0.9603104264244181,1,1.2587200300241104,Noise (HM.RMSE) | Noise (HM.MAE) | Noise (HM.SE),Noise (LM.RMSE) | Noise (LM.MAE),2.1736361449115114,HM,SE,1,3,0.35,0.35,0.029686612538798982,2,0.5,1,0.05,0.013,60
Mar_23_217_SRS5_root,1.743808171452899,472.5326692363506,522.4239929258118,0.3393967597922532,0.9279735009583171,1.1324178577121427,462.9815654964534,0.011270940572329283,0.6463406214537122,0.9938962134722058,8.967411212347149e-164,2.1221119192030176,470.8119727288573,622.3038532865821,0.41302588271159385,0.6925957210716742,0.8395356890298765,376.51326393591773,0.03859567074777331,1.8187387007499742,0.9966452184693311,0.002726389567487173,472.037,520.736,0.01215058941121728,0.35,5.137963522457594,148,0.9697050279778664,1,1.2169411486556603,Noise (HM.RMSE) | Noise (HM.MAE) | Noise (HM.SE),Noise (LM.RMSE) | Noise (LM.MAE),2.1221119192030176,HM,SE,1,3,0.35,0.35,0.028769822778437527,2,0.5,1,0.05,0.012,60
Mar_23_262_SRS6_stem,1.1735077861288008,525.7031155002147,582.46741391155,0.4204762845284099,0.8688941517439964,1.0901220151654527,415.60387870811394,0.006694691942600948,0.5704855154549574,0.9956254517202742,3.6702256804803166e-160,1.1810470226152754,525.6407245948884,4504.067854765066,0.4231776472151215,0.884504116169781,1.1116781210258502,423.05345342475556,0.02737275655677341,2.317668647617433,0.9954522407065125,1.0636807797885193e-4,527.779,585.119,0.007182466440228692,0.35,2.790901245346006,136,1.201360812938314,1,1.006424530433961,Noise (HM.RMSE) | Noise (HM.MAE),Noise (LM.RMSE) | Noise (LM.MAE),1.1735077861288008,LM,RMSE | MAE | AICc,3,1,0.35,0.35,0.030012252399939043,2,0.5,1,0.05,0.0072,60
Mar_23_263_SRS6_stem,1.247479803791527,618.1458142396652,677.0130613402669,0.32523340939558915,0.7881477400325804,0.963652215491504,511.9144965947108,0.005242575800435202,0.42025336077595665,0.996795888510969,6.655433294661825e-228,1.3114011139774797,617.6500563815462,1233.4469315200654,0.34189848532036515,0.7726467546550063,0.9376923440724722,504.01020694151833,0.021072873303121936,1.6068976210648405,0.9969661946621321,5.552130891269259e-4,617.991,677.433,0.007376239812306775,0.35,3.8356447023995233,183,0.9292383125588263,1,1.051240356751006,Noise (HM.RMSE) | Noise (HM.MAE),Noise (LM.RMSE) | Noise (LM.MAE),1.3114011139774797,HM,,0,4,0.35,0.35,0.025872744483410048,2,0.5,1,0.05,0.0074,60
Mar_23_264_SRS6_stem,0.7534602831599909,554.5213428445869,595.7676857319215,0.19641115660635514,0.655387619477556,0.8398996684995096,536.2572193145829,0.0036188879304486637,0.48030241425216885,0.9951330537530247,3.382676441637301e-246,0.7655915224202714,554.4105821319074,1845.9276231893432,0.19957351404898913,0.6585903512594417,0.8421148699487393,539.4567731943393,0.014685253788078367,1.918157837178466,0.9951075702070973,1.5452642722049362e-4,554.163,597.564,0.006363261930575105,0.35,3.8361379067181347,213,0.5611747331610146,1,1.0161007016977754,Noise (HM.RMSE) | Noise (HM.MAE),Noise (LM.RMSE) | Noise (LM.MAE),0.7655915224202714,HM,AICc,1,3,0.35,0.35,0.023981604843963607,2,0.5,1,0.05,0.0064,60
Mar_23_265_SRS6_stem,0.5642020146882614,547.0869112395048,579.4410945554555,0.14706446961795774,0.5935589653352451,0.7608659376824682,517.0652210781236,0.0030623421916506142,0.5427740617591823,0.9935021030070373,6.68942239290651e-244,0.6077573525166031,546.6789157504313,779.7752002308202,0.15841757097172596,0.5827688251446674,0.738313577226326,505.7196291645545,0.012583089681812836,2.070413402603646,0.9938815946197392,6.796228919944628e-4,547.345,579.401,0.0060757884264546055,0.35,3.83642640641848,223,0.42018419890845077,1,1.0771981253069565,Noise (HM.RMSE) | Noise (HM.MAE),Noise (LM.RMSE) | Noise (LM.MAE),0.6077573525166031,HM,,0,4,0.35,0.35,0.023437733556384874,2,0.5,1,0.05,0.0061,60
Mar_23_266_SRS6_stem,1.312296918500557,493.9440972525229,565.1349744900872,0.34391728134088995,0.8698109877975047,1.087690317510823,634.3689858800019,0.00479912925044407,0.3657045278996464,0.997225891771748,7.774500387482414e-267,1.3304304603165031,493.7795710555157,3066.281082724205,0.3486695887756642,0.8803285051739688,1.0946659161618792,639.1201581509492,0.019549174906085116,1.4693872012998304,0.9971904518372062,1.355371754668065e-4,495.569,562.665,0.006420706518613272,0.35,3.8157341596330303,209,0.982620803831114,1,1.0138181699280873,Noise (HM.RMSE) | Noise (HM.MAE),Noise (LM.RMSE) | Noise (LM.MAE),1.3304304603165031,HM,MAE | AICc,2,2,0.35,0.35,0.02421000623531261,2,0.5,1,0.05,0.0064,60
Mar_23_267_SRS6_stem,1.1283844382476935,488.75725641577037,546.115528233156,0.29566119493497756,0.6578294153621518,0.8090652739098623,479.29363826264273,0.003928182566788796,0.3481244896366175,0.9976423252827424,4.7025318033663076e-257,1.1869771603057089,488.2718212517455,1079.8762821391779,0.3110137588581989,0.6320381137245311,0.7784098653214166,466.236515956741,0.01566406665155333,1.3196603250157746,0.9978176046536271,5.2571232879425e-4,487.969,545.276,0.006850088671353874,0.35,3.816477974040016,196,0.8447462712427932,1,1.0519262053533864,Noise (HM.RMSE) | Noise (HM.MAE),Noise (LM.RMSE) | Noise (LM.MAE),1.1869771603057089,HM,,0,4,0.35,0.35,0.024999999999999998,2,0.5,1,0.05,0.0069,60
Mar_23_268_SRS6_stem,1.1789091590150222,457.0218359685049,494.2107292435044,0.2295610695987622,0.6143454304466813,0.7807284556364444,390.37269502341496,0.006678873236615392,0.5665299302785625,0.9947954763732219,4.0551289818191927e-187,1.2567288998556139,456.6229560173643,764.1080386462415,0.24471438553210378,0.604676246371297,0.7597311947075185,383.5320946020028,0.027234186489976716,2.1670693252224615,0.9950716574633836,7.95857748414627e-4,457.614,494.185,0.011027131207914891,0.35,5.135492533971792,164,0.6558887702821777,1,1.0660099552586477,Noise (HM.RMSE) | Noise (HM.MAE),Noise (LM.RMSE) | Noise (LM.MAE),1.2567288998556139,HM,,0,4,0.35,0.35,0.02733040833050606,2,0.5,1,0.05,0.011,60
Mar_23_269_SRS6_root,1.0039260192778452,456.18156661032515,473.9163407331553,0.0865110932820983,0.6391661640924028,0.7848689307192116,493.27202280364753,0.010697505716501075,1.0655671345380728,0.9771421227269228,2.1629238614215044e-170,1.2147929687214185,455.5875385668957,510.76144307691715,0.10468208395584012,0.6004106512556939,0.7413460791948908,471.7334567713492,0.04662772213065948,3.838326639290283,0.9796068829873797,0.001897311507776767,455.681,473.345,0.019716541342908758,0.35,11.60459290468344,207,0.2471745522345666,1,1.2100423192490384,Noise (HM.RMSE) | Noise (HM.MAE) | Noise (HM.SE),Noise (LM.RMSE) | Noise (LM.MAE),1.2147929687214185,HM,SE,1,3,0.35,0.35,0.02432668163999205,2,0.5,1,0.05,0.02,60
Mar_23_26_BL60_stem,2.602722207596379,520.1047423040042,607.2384653609339,0.5125513120995865,0.6995155266564261,0.8968470685712241,456.8064588552648,0.007096220893971907,0.27264611156967405,0.998730460431645,2.3975486395708923e-248,2.835992118460804,518.8290006077655,1067.1778802227686,0.5584889071829016,0.5342544295701471,0.6932319827426064,370.3160153549198,0.023264289115087846,0.8203227704213164,0.9992414806968971,0.0010184919272106796,518.634,606.138,0.010393513919635894,0.35,5.077973943593538,172,1.464432320284533,1,1.0896253584741378,Noise (HM.RMSE) | Noise (HM.MAE),Noise (LM.RMSE) | Noise (LM.MAE),2.835992118460804,HM,,0,4,0.35,0.35,0.026687249808205814,2,0.5,1,0.05,0.01,60
Mar_23_270_SRS6_stem,1.3250653710766676,490.18373460449874,558.2571328237286,0.34380504151126223,0.6059901724124666,0.7529535728945252,460.19717855520696,0.0035865332149649424,0.27066839819764843,0.99854421061203,4.825322830570726e-283,1.3422132160492428,490.0363474116517,3089.0614658730565,0.3482542677013894,0.6176322609802807,0.7670280673337757,469.6877876354363,0.014760026023940198,1.099678191769398,0.9984896910959247,1.3399419083242727e-4,489.24,557.359,0.006778600377881179,0.35,3.854118500566728,200,0.9823001186036064,1,1.0129411313184058,Noise (HM.RMSE) | Noise (HM.MAE),Noise (LM.RMSE) | Noise (LM.MAE),1.3250653710766676,LM,RMSE | MAE | AICc,3,1,0.35,0.35,0.024748737341529162,2,0.5,1,0.05,0.0068,60
Mar_23_271_SRS6_stem,0.7160783856819066,558.1295693702419,597.5436354919701,0.18591540623456687,0.5938470057308519,0.7314477208038529,481.78361564300184,0.003120516765044125,0.43577865600181764,0.9959524480622364,4.8692677966022334e-257,0.7370420727707345,557.9395620803367,1260.4512054892134,0.19135820758037528,0.5819243530965412,0.726278585098014,480.8107524241456,0.012663442965133173,1.718143839133629,0.9960094539578571,2.723915103411329e-4,557.905,596.522,0.006328978583277664,0.35,3.851635537823264,215,0.5311868749559054,1,1.0292756875615854,Noise (HM.RMSE) | Noise (HM.MAE),Noise (LM.RMSE) | Noise (LM.MAE),0.7370420727707345,HM,,0,4,0.35,0.35,0.023869801881466573,2,0.5,1,0.05,0.0063,60
Mar_23_272_SRS6_stem,0.5264400949491569,502.45212447199805,523.7656564364861,0.10149300935470515,0.6216587928366052,0.7801426203056304,502.47522620006765,0.004592343785904774,0.8723392898765241,0.9841959651095021,2.4987877757199346e-191,0.5752738357259061,502.1291187902147,632.2935779249968,0.11090772407159714,0.6154651701468699,0.7667082543875456,497.18803171698215,0.01924251676374487,3.3449316775312417,0.9847355820694123,8.520584252323047e-4,502.255,524.149,0.008603960698493724,0.35,5.186959163949074,212,0.289980026727729,1,1.092762198862276,Noise (HM.RMSE) | Noise (HM.MAE),Noise (LM.RMSE) | Noise (LM.MAE),0.5752738357259061,HM,,0,4,0.35,0.35,0.02403809869102058,2,0.5,1,0.05,0.0086,60
Mar_23_273_SRS6_stem,0.8296008236547376,489.2415408737901,536.6011163093493,0.29785896500351705,0.6306827066349764,0.7896657628325787,387.0122203357761,0.0037654846690698992,0.4538911439939715,0.9967144886062944,1.4280040451974866e-199,0.8630917322096024,488.929849399409,1107.4379459572192,0.3098835038838341,0.6244035592200993,0.7766172047886446,383.7505359916501,0.015221820894664,1.7636388261644673,0.9968221720924025,5.01017699862673e-4,488.795,535.827,0.00609265462841889,0.35,2.7852135444200643,161,0.8510256142957632,1,1.0403699075506259,Noise (HM.RMSE) | Noise (HM.MAE),Noise (LM.RMSE) | Noise (LM.MAE),0.8630917322096024,HM,,0,4,0.35,0.35,0.02758386421836852,2,0.5,1,0.05,0.0061,60
Mar_23_274_SRS6_stem,2.218370716757742,583.7188349842769,709.5702467767297,0.7965279227370432,1.130687017217604,1.384781129137649,560.8996793207709,0.006706046353874623,0.3022960185696934,0.9985582192124716,3.636950156880844e-225,2.2476561826170887,583.4397296372595,5271.26754625866,0.8070431585860925,1.1875142092592226,1.4172181219688054,570.3674840058958,0.027659100475977923,1.2305752405500328,0.9984905134176792,1.7215716748908723e-4,578.933,708.635,0.00613061493626561,0.35,2.7850507853320914,159,2.275794064962981,1,1.0132013399014521,Noise (HM.RMSE) | Noise (HM.MAE),Noise (LM.RMSE) | Noise (LM.MAE),2.218370716757742,LM,RMSE | MAE | AICc,3,1,0.35,0.35,0.027756805500135043,2,0.5,1,0.05,0.0061,60
Mar_23_275_SRS6_stem,1.6041662724473749,542.650072187619,630.763035965934,0.5759017240412749,1.0157982976345106,1.3922576380448872,548.6171408632391,0.0070575859825239414,0.439953520014894,0.9970279910253917,1.9116649260873356e-195,1.7185363881350286,541.6246065263574,1221.8331225117151,0.6169610256452367,1.025094975820738,1.317745020633299,533.673418957969,0.028109463143386127,1.635662959333132,0.9973375977852432,9.070174970560314e-4,537.441,630.255,0.0063306503265808944,0.35,2.7854861436955938,155,1.6454334972607856,1,1.071295674053268,Noise (HM.RMSE) | Noise (HM.MAE),Noise (LM.RMSE) | Noise (LM.MAE),1.7185363881350286,HM,MAE,1,3,0.35,0.35,0.02811267651158746,2,0.5,1,0.05,0.0063,60
Mar_23_276_SRS6_stem,0.23102235373731897,592.1733436368814,607.6603737394144,0.06097255945879094,0.7296404867944676,0.8809076094774108,670.2527680243625,0.0028313476929060347,1.225573043951142,0.9629664953910427,9.670687374137946e-185,0.27362192737220964,591.7195034160474,644.8117204568335,0.07221564911809664,0.7039344309109199,0.8574674972476741,658.4543257871227,0.012468258296647038,4.556746755053146,0.964911126686858,0.0013601927578691913,591.213,606.809,0.005200528039895755,0.35,3.7889561433526224,257,0.1742073127394027,1,1.1843958947943538,Noise (HM.RMSE) | Noise (HM.MAE),Noise (LM.RMSE) | Noise (LM.MAE),0.27362192737220964,HM,,0,4,0.35,0.35,0.021832400154313186,2,0.5,1,0.05,0.0052,60
Mar_23_277_SRS6_stem,0.30469842675638953,571.9912448902879,587.7456591310995,0.08037966449393663,0.7892907288418195,0.9714604545251613,556.5573027247183,0.00462662120033938,1.5184263501427346,0.9565431303392355,1.196433497393701e-135,0.30570897228964616,571.9817234158922,2373.7707714345856,0.08064624713364274,0.7911511790901643,0.974044077341233,559.6926189568359,0.018616432021120434,6.089592949035909,0.9563145139805012,4.475898397890919e-5,573.249,588.087,0.006734817642874697,0.35,3.79074021613233,198,0.22965618426839043,1,1.0033165433245397,Noise (HM.RMSE) | Noise (HM.MAE),Noise (LM.RMSE) | Noise (LM.MAE),0.30570897228964616,HM,AICc,1,3,0.35,0.35,0.02487341690815455,2,0.5,1,0.05,0.0067,60
Mar_23_278_SRS6_stem,0.38620009988402276,586.652045508864,608.0452840290526,0.10187256438185044,0.6561518048669907,0.8078168310995426,517.2552679884002,0.003476579435352191,0.9002015888644824,0.983187453571869,1.6551146117751555e-188,0.38976194957818844,586.6181483171554,1666.4505296404836,0.10281211556890692,0.6584669499918677,0.8113024202735231,521.158670728034,0.014012839490040058,3.5952302437950023,0.9830438154041936,9.521118031569981e-5,586.943,608.353,0.006288408300268581,0.35,3.7910118610190593,212,0.2910644696624298,1,1.009222808837272,Noise (HM.RMSE) | Noise (HM.MAE),Noise (LM.RMSE) | Noise (LM.MAE),0.38976194957818844,HM,AICc,1,3,0.35,0.35,0.02403809869102058,2,0.5,1,0.05,0.0063,60
Mar_23_279_SRS6_root,0.009815909221273547,491.0032209245929,491.40919100037155,0.0019240287951595967,0.5979747845782086,0.75241338907671,491.66708047999543,0.0042808098002199944,43.61093510260263,0.01959820033457249,0.022828464876142762,NA,NA,NA,NA,NA,NA,NA,NA,NA,NA,NA,491.194,492.759,0.008422696452147068,0.35,5.101747565300511,214,0.00549722512902742,1,NA,HM.flux is NA,NA,0.009815909221273547,LM,HM.flux is NA,NA,NA,0.35,0.35,0.023925507445863213,2,0.5,1,0.05,0.0084,60
Mar_23_27_BL60_stem,1.0448520589071455,523.3214044744552,564.286618147901,0.20585534509269213,0.8486817287666018,1.0413151316822604,592.8098722786822,0.0064952780443547405,0.6216457142409638,0.9923301166123976,1.1843855289822801e-212,1.3540907145560661,521.4127062895639,621.1013891530536,0.266781128443487,0.5177519531663676,0.6412469908860936,399.99246079738043,0.01940806047642128,1.4332910098112697,0.9970914597197036,0.002676142574867882,520.734,562.754,0.008882407703643427,0.35,5.075661544939101,201,0.5881581288362632,1,1.295964058272868,Noise (HM.RMSE) | Noise (HM.MAE),Noise (LM.RMSE) | Noise (LM.MAE),1.3540907145560661,HM,,0,4,0.35,0.35,0.024687096555050938,2,0.5,1,0.05,0.0089,60
Mar_23_280_SRS6_stem,0.7261927136765831,480.06195658516117,523.6529292576208,0.1903535924561559,0.5749173149840944,0.7203762733920933,510.1278292979033,0.0027366096811043314,0.37684345072114106,0.9967443345461491,5.044596376112436e-287,0.7436299161957922,479.8888159539298,1415.3605798573615,0.1949243270275788,0.571229528682423,0.717214268039186,510.16673625773024,0.011087303496048551,1.4909706097850624,0.9967728665025455,2.0837008079668855e-4,480.074,523.606,0.0058053848859869065,0.35,3.8149672107913957,231,0.5438674070175882,1,1.0240118114528136,Noise (HM.RMSE) | Noise (HM.MAE),Noise (LM.RMSE) | Noise (LM.MAE),0.7436299161957922,HM,AICc,1,3,0.35,0.35,0.023028309323591914,2,0.5,1,0.05,0.0058,60
Mar_23_281_SRS6_stem,0.5879350196494895,534.5117164439188,561.4820785158778,0.15411635469690846,0.6756148840374381,0.8862553685070085,465.6974182436122,0.005019737395936519,0.8537911891911366,0.9873319217328228,3.574228382721014e-168,0.6437378568574865,534.0975551797917,695.153966265787,0.168744042391662,0.676577365723384,0.8665057515284579,459.8133664976517,0.02098782602776247,3.260306319441587,0.9878902304239289,0.0010477325382692278,534.638,561.323,0.007586404193309721,0.35,3.8148775372071744,177,0.440332441991167,1,1.0949132733091238,Noise (HM.RMSE) | Noise (HM.MAE),Noise (LM.RMSE) | Noise (LM.MAE),0.6437378568574865,HM,,0,4,0.35,0.35,0.026307610980099008,2,0.5,1,0.05,0.0076,60
Mar_23_282_SRS6_stem,0.6165609787662317,558.9325314693691,597.717210632617,0.16160282984686625,0.6709036101562404,0.8477316648109442,612.9145852917014,0.003007153677086215,0.4877301322415302,0.9942996204669784,1.6009012814277736e-271,0.6931774616274352,558.1498362315366,742.0727746484505,0.18168428305212792,0.6234324831880963,0.7724397372932407,569.9656053592623,0.011913825301361817,1.7187265831451957,0.9952672215345965,9.878282970897767e-4,559.109,596.274,0.00554087146512322,0.35,3.8152857802705604,242,0.4617223709910465,1,1.1242642423049813,Noise (HM.RMSE) | Noise (HM.MAE),Noise (LM.RMSE) | Noise (LM.MAE),0.6931774616274352,HM,,0,4,0.35,0.35,0.022498852128662875,2,0.5,1,0.05,0.0055,60
Mar_23_283_SRS6_root,0.7300890003214688,581.4054785554429,615.8187035700892,0.14220340915143106,0.6687353599725837,0.852677272213441,620.7674202256247,0.004015273465706481,0.5499704096265657,0.9927034483900867,8.544590313707635e-261,0.7550350679540159,581.2116062909544,1108.8512114965934,0.14706229054905298,0.6636373400963168,0.8481721164265644,620.2495804256354,0.016359674335744926,2.1667436427921363,0.9927803479679705,2.787173083637985e-4,580.93,615.028,0.007394819331382794,0.35,5.1341174215029115,244,0.4062954547183745,1,1.0341685296197627,Noise (HM.RMSE) | Noise (HM.MAE),Noise (LM.RMSE) | Noise (LM.MAE),0.7550350679540159,HM,,0,4,0.35,0.35,0.022406453988256796,2,0.5,1,0.05,0.0074,60
Mar_23_284_SRS6_stem,0.06700524569939978,541.7228424888674,543.8629094418328,0.013049188737593673,0.5888997414146694,0.7463448778683641,380.1033368709539,0.006281880104196145,9.3752064314158865,0.405989304780353,1.6543594574569117e-20,0.08568124247114763,541.6291417943854,547.0469915257764,0.01668631601312892,0.5874091597277423,0.7453580103865358,381.7643526705708,0.030179972459390348,35.22354670516499,0.4075591481417269,0.0030798779664279767,541.269,543.524,0.010892044112511852,0.35,5.134820795898445,166,0.037283396393124786,1,1.2787243980200067,Noise (HM.RMSE) | Noise (HM.MAE),Noise (LM.RMSE) | Noise (LM.MAE),0.08568124247114763,HM,AICc | Intercept,1,3,0.35,0.35,0.027165268399721648,2,0.5,1,0.05,0.011,60
Mar_23_285_SRS6_stem,0.10392931364620747,527.2208389236844,530.924547598262,0.020238845216271537,0.5931172121770776,0.7282074587331389,413.78721275079874,0.005217747010998111,5.020476733600092,0.6826183505885126,1.0705027184462401e-47,0.18168061424382856,526.8134707787175,532.2595337746287,0.035379872159986725,0.5742855903859005,0.7095356117209188,406.26598085968044,0.030784188201444785,16.94412380185493,0.6986855480240795,0.006496412580344561,527.09,530.227,0.009767930289786998,0.35,5.135140495202307,185,0.05782527204649011,1,1.7481171372140427,Noise (HM.RMSE) | Noise (HM.MAE),Noise (LM.RMSE) | Noise (LM.MAE),0.18168061424382856,HM,,0,4,0.35,0.35,0.025732511773283267,2,0.5,1,0.05,0.0098,60
Mar_23_286_SRS6_stem,0.49797876481984227,507.89483982003054,522.9288116782266,0.09699336682707098,0.5374453304586548,0.6620519660055464,322.20643669611786,0.006077744953993772,1.220482756165831,0.9772869910316242,1.6062155891890378e-129,0.5046040111692218,507.8613221383202,1063.8958286286802,0.09828379323655365,0.5387204941502003,0.6631688932687153,324.8420251197428,0.024482710793928886,4.851866067651703,0.977210843078837,1.7675844230767646e-4,508.081,523.524,0.01151893253965753,0.35,5.134152789104499,157,0.2771239052202028,1,1.0133042748354468,Noise (HM.RMSE) | Noise (HM.MAE),Noise (LM.RMSE) | Noise (LM.MAE),0.5046040111692218,HM,AICc,1,3,0.35,0.35,0.027933040956366773,2,0.5,1,0.05,0.012,60
Mar_23_287_SRS6_root,0.3900157383353202,512.890143285455,523.3718840824741,0.07595464345666071,0.6056607688615356,0.7419662246473089,319.912824151212,0.008029831169497775,2.0588479848969685,0.9443360348829821,1.1793113823935337e-88,0.39263257741389995,512.8783703451403,1224.9545207986653,0.07646426668377801,0.6072074658503125,0.7428518588938531,322.366667367799,0.031892317571222184,8.122687572509395,0.9442041637433176,1.0738214815238162e-4,513.345,524.053,0.012929479656519596,0.35,5.13485049216064,140,0.21701326701903062,1,1.0067095730283835,Noise (HM.RMSE) | Noise (HM.MAE),Noise (LM.RMSE) | Noise (LM.MAE),0.39263257741389995,HM,AICc,1,3,0.35,0.35,0.029580398915498077,2,0.5,1,0.05,0.013,60
Mar_23_288_SRS6_root,0.036901135190634086,514.360362119205,514.8341178807945,0.0031795688697282007,0.7121418904425586,0.9085074879996947,403.0602988162021,0.020016039917149443,54.242341905594635,0.01584412124184198,0.0672446204540137,NA,NA,NA,NA,NA,NA,NA,NA,NA,NA,NA,514.276,515.589,0.027079976030054197,0.35,11.605704012880372,150,0.009084482484937716,1,NA,HM.flux is NA,Noise (LM.RMSE) | Noise (LM.MAE) | No detect. flux (p-val.),0.036901135190634086,LM,HM.flux is NA,NA,NA,0.35,0.35,0.02857738033247041,2,0.5,1,0.05,0.027,60
Mar_23_28_BL60_stem,2.590014665756536,599.9850406628829,755.7353606316157,0.5089879737540288,1.6992332365820877,2.0112947080248844,1314.8279065411252,0.006589412127319842,0.2544160160342217,0.9980103466708394,0,3.034710138479353,595.6854073991094,1162.22713415966,0.5963792347346542,0.5862804460010895,0.7354958473211525,695.179574526164,0.01087418825844892,0.35832708107990213,0.9997339358008235,0.0010526660377598532,595.105,751.171,0.005801287263786154,0.35,5.088557685663855,309,1.4542513535829396,1,1.1716961214939385,Noise (HM.RMSE) | Noise (HM.MAE),Noise (LM.RMSE) | Noise (LM.MAE),3.034710138479353,HM,,0,4,0.35,0.35,0.0199108043396001,2,0.5,1,0.05,0.0058,60
Mar_23_29_BL60_root,0.5446659507915724,672.5999977509111,776.7296630620683,0.4356889761973104,2.165485666641572,2.6124643006059616,1152.8913238638684,0.0030505800027156383,0.5600827439795305,0.9925274041963785,2.3825624368955773e-256,0.7441460440728348,666.6721874101333,887.1497373174604,0.5952570150790277,0.5936038445812382,0.7457029903565795,550.6656194741548,0.004399174131192343,0.5911708012468806,0.9993911609046375,0.0026998531838240717,666.477,771.883,0.0018230998601427237,0.35,1.250125618383582,241,1.2448256462780298,1,1.3662430026906482,Noise (HM.RMSE) | Noise (HM.MAE),Noise (LM.RMSE) | Noise (LM.MAE),0.7441460440728348,HM,,0,4,0.35,0.35,0.022545481924029078,2,0.5,1,0.05,0.0018,60
Mar_23_2_MI_stem,1.2114923681601317,475.92713483870966,515.6704941935484,0.32311674272226565,0.6649020925864815,0.8343098917969505,313.171463794871,0.007912099389139766,0.6530870187119467,0.9947809286014361,2.6055799316830008e-141,1.3708803569404808,475.0842638322977,654.7094026014125,0.3656270623225226,0.5633234867216549,0.7427949913622286,286.4937629629229,0.03079664782074241,2.2464869136701404,0.9958630870159405,0.0020355005141707338,474.078,514.214,0.010582970357152487,0.35,3.74939521224831,124,0.9231906934921876,1,1.1315633453163294,Noise (HM.RMSE) | Noise (HM.MAE),Noise (LM.RMSE) | Noise (LM.MAE),1.3708803569404808,HM,,0,4,0.35,0.35,0.03143092785468561,2,0.5,1,0.05,0.011,60
Mar_23_30_BL60_stem,4.495913450337225,538.959322510936,606.7213079004241,0.38721134508278937,1.5969252206317412,1.8750268457504164,730.9755029550688,0.03244207688105894,0.7215903339648488,0.9909185619809692,8.012136399310747e-181,6.187213818804377,534.9980848640138,676.2325184265018,0.5328748899546467,0.6499017179648682,0.8448467115121211,450.8523724942115,0.07408944732082094,1.1974605935816527,0.9981562778259426,0.003772981393513223,534.784,603.144,0.02309006977362924,0.35,11.611006514739275,177,1.1063181288079698,1,1.376186149299714,Noise (HM.RMSE) | Noise (HM.MAE) | Noise (HM.SE),Noise (LM.RMSE) | Noise (LM.MAE),6.187213818804377,HM,SE,1,3,0.35,0.35,0.026307610980099008,2,0.5,1,0.05,0.023,60
Mar_23_31_BL60_stem,2.223129030364391,596.1535405945998,653.204189121775,0.19144512928582294,2.0007356565399697,2.3254444756282635,1363.790916852757,0.018152231000318157,0.8165172040123483,0.9804539927196674,6.600508662301223e-257,3.6122665657062374,590.8069332891959,681.4032671879501,0.3110709411109326,0.6401295477524575,0.8158098898366642,737.354355561345,0.03654983426161841,1.0118255006042867,0.9975943965433255,0.0034335930354374984,590.756,647.787,0.013593059074625782,0.35,11.612356180894597,300,0.5469860836737799,1,1.6248569095038778,Noise (HM.RMSE) | Noise (HM.MAE) | Noise (HM.SE),Noise (LM.RMSE) | Noise (LM.MAE),3.6122665657062374,HM,SE,1,3,0.35,0.35,0.020207259421636897,2,0.5,1,0.05,0.014,60
Mar_23_32_BL60_root,0.3376411744161248,728.9520925439763,806.6955141380923,0.2708830020700907,2.6327844812409382,3.2568343814928293,1508.707462859159,0.0028866471017692063,0.8549452260261267,0.9793817181433784,3.593828715282159e-244,0.5661985468016266,721.1195156658428,840.2939127386611,0.45425017369570747,0.6570379399846226,0.833152954359425,722.7803330371399,0.004341186036094841,0.7667250402915321,0.9986506935346925,0.0038116423061754614,719.261,800.14,0.001514778753170106,0.35,1.2464465168942587,289,0.7739514344859734,1,1.67692387571137,Noise (HM.RMSE) | Noise (HM.MAE),Noise (LM.RMSE) | Noise (LM.MAE) | Intercept (LM),0.5661985468016266,HM,Intercept (LM),0,4,0.35,0.35,0.020588235294117647,2,0.5,1,0.05,0.0015,60
Mar_23_33_BL60_stem,1.3646944351696577,556.9166583353182,578.2850439388357,0.11805737902495876,0.8238323729945222,0.9944201881382447,523.4176513634569,0.016256257758219757,1.1912012930717923,0.9748215802024012,7.152758778123013e-147,2.117396079861724,555.1373621241082,591.1398838389756,0.18317230956915337,0.5248443054200899,0.6661589504785788,378.8771503061101,0.060574490450194245,2.8608011050133824,0.9887008873097134,0.005087763324464898,555.254,575.556,0.02222997322997855,0.35,11.559586079588847,183,0.33730679721416795,1,1.5515532453962788,Noise (HM.RMSE) | Noise (HM.MAE) | Noise (HM.SE),Noise (LM.RMSE) | Noise (LM.MAE),2.117396079861724,HM,SE,1,3,0.35,0.35,0.025872744483410048,2,0.5,1,0.05,0.022,60
Mar_23_34_BL60_stem,4.709291106170373,530.127504457249,602.0509656731857,0.40634723850811705,1.6188255824179174,1.8441552520521114,733.2207683988505,0.03134168817328128,0.6655287912062957,0.9921772006043142,1.333628165933247e-188,6.264383733424474,526.4053141176774,689.185520743116,0.5405304054567638,0.7044116316475107,0.9112818427704092,482.9505872519604,0.07632705620079232,1.2184288103798446,0.998089827149319,0.00332061505917939,527.421,597.761,0.02278800293239739,0.35,11.589327205619245,179,1.1609921100231917,1,1.3302179865705333,Noise (HM.RMSE) | Noise (HM.MAE) | Noise (HM.SE),Noise (LM.RMSE) | Noise (LM.MAE),6.264383733424474,HM,SE,1,3,0.35,0.35,0.026160228246317755,2,0.5,1,0.05,0.023,60
Mar_23_35_BL60_stem,1.2834708312554994,637.8740807189541,671.2413415032679,0.2490094088381628,0.7235914237816191,0.8985960884900055,360.42776855491866,0.010305706155488948,0.8029560083892082,0.9914339614821104,1.4274502595702756e-139,1.3581692845436728,637.5564409772236,947.8697849554791,0.2635018439145548,0.7056572948859883,0.8864905506438555,358.89019684479854,0.04229090046187815,3.113816587016054,0.9916632035748796,8.49147640692561e-4,637.366,670.165,0.013363017025932135,0.35,5.154306567145252,135,0.7114554538233223,1,1.058200351320102,Noise (HM.RMSE) | Noise (HM.MAE) | Noise (HM.SE),Noise (LM.RMSE) | Noise (LM.MAE),1.3581692845436728,HM,SE,1,3,0.35,0.35,0.030123203803835465,2,0.5,1,0.05,0.013,60
Mar_23_36_BL60_stem,2.386789700385923,571.6944403316904,603.6822558205694,0.20505009928768564,0.6012176487704955,0.7688511693076865,371.4773349391877,0.015821392624017414,0.6628733407664377,0.993148368940817,6.048138552123231e-171,2.7290318785332195,570.9554576128214,705.5104249091094,0.23445226764721475,0.5548141051614107,0.6955712700864985,341.93112569492763,0.06324042175558874,2.3173207412138677,0.9943921978581971,0.0017424274432838627,572.046,603.369,0.025949115739548768,0.35,11.640031917454733,158,0.5858574265362446,1,1.143390168849798,Noise (HM.RMSE) | Noise (HM.MAE) | Noise (HM.SE),Noise (LM.RMSE) | Noise (LM.MAE),2.7290318785332195,HM,SE,1,3,0.35,0.35,0.02784450494615055,2,0.5,1,0.05,0.026,60
Mar_23_37_BL60_stem,1.8833861022049454,560.2381135949262,590.1765631031758,0.16182945680134922,0.7843763550270494,0.9796413394815634,529.1214448044177,0.015560254056570785,0.8261850312240202,0.987462303373296,4.355549690844415e-178,2.0008272708651607,559.9351744691097,820.4779327637067,0.17192055841251005,0.7834592788867947,0.9694389883718838,527.2946778866207,0.06417971324713577,3.20765886099625,0.987722088063766,6.598554476732707e-4,559.016,590.096,0.021899635433183268,0.35,11.638091973063108,187,0.4623698765752835,1,1.06235639549571,Noise (HM.RMSE) | Noise (HM.MAE) | Noise (HM.SE),Noise (LM.RMSE) | Noise (LM.MAE),2.0008272708651607,HM,SE,1,3,0.35,0.35,0.02559453484444957,2,0.5,1,0.05,0.022,60
Mar_23_38_BL60_stem,NA,NA,NA,NA,NA,NA,NA,NA,NA,NA,NA,NA,NA,NA,NA,NA,NA,NA,NA,NA,NA,NA,1075.55,926.682,0.8984988812984148,0.35,5.134279321705228,2,NA,1,NA,HM.flux is NA,LM.flux is NA,NA,NA,fluxes are NA,NA,NA,0.35,0.35,0.2474873734152916,2,0.5,1,0.05,0.9,60
Mar_23_39_BL60_stem,3.5328977454934702,540.7986504452062,597.7592226494659,0.3046019903971103,1.002053655622494,1.2260412958567606,619.5213119747441,0.019174837227010064,0.5427509825742706,0.9944922621596781,2.1431375330441352e-213,4.474271073160905,538.4029395334009,687.314508337128,0.38576601210705636,0.524261350367284,0.6551146163068297,384.70291966719753,0.04887393747785074,1.0923329561103934,0.9984274746991925,0.002590571136991479,538.385,594.287,0.021592778303957217,0.35,11.598406631839877,189,0.8702914011346008,1,1.2664592624760342,Noise (HM.RMSE) | Noise (HM.MAE) | Noise (HM.SE),Noise (LM.RMSE) | Noise (LM.MAE),4.474271073160905,HM,SE,1,3,0.35,0.35,0.025458753860865775,2,0.5,1,0.05,0.022,60
Mar_23_3_MI_stem,2.287862169528798,455.22435531920706,590.3769714403372,0.453532268862853,1.3429108270746106,1.6274973714621204,1153.4819800434127,0.005498283436974017,0.240324068040621,0.9982703171816019,0,2.6327029706655876,451.93608221366634,998.0273621401685,0.5218914703125903,0.6191170967595101,0.773968173155376,708.088967356672,0.011644539630711277,0.44230358534397674,0.999608824105734,9.55685412854113e-4,452.969,587.288,0.005904981218345481,0.35,5.044541097957997,301,1.2958064824652946,1,1.1507262132000775,Noise (HM.RMSE) | Noise (HM.MAE),Noise (LM.RMSE) | Noise (LM.MAE),2.6327029706655876,HM,,0,4,0.35,0.35,0.020173664619648222,2,0.5,1,0.05,0.0059,60
Mar_23_40_BL60_stem,0.9540709858056637,1196.1155440443563,1241.0206163179844,0.2508663255509951,0.9288539215691339,1.163337230777895,574.5593350366069,0.006372668281716908,0.6679448779521913,0.9920329192095579,5.325402806312291e-190,1.1781675238316716,1194.4425517768852,1322.9003418500515,0.3097909505523622,0.723522366100322,0.9155292295069816,489.9354400886435,0.023448143387021822,1.9902215018423757,0.9950656222320795,0.0024116166904001165,1193.08,1238.3,0.007394926456872556,0.35,3.803105034963029,181,0.7167609301457002,1,1.2348845540426636,Noise (HM.RMSE) | Noise (HM.MAE),Noise (LM.RMSE) | Noise (LM.MAE),1.1781675238316716,HM,,0,4,0.35,0.35,0.02601529511865082,2,0.5,1,0.05,0.0074,60
Mar_23_41_BL60_stem,3.6869276452974127,544.9620296091317,706.4791358491873,0.7210585100002481,0.9903391708564647,1.1925374613223099,727.0580026585751,0.006283853574136536,0.17043604265333062,0.9993468350942994,0,3.998402793141803,542.7289122902603,1614.2218802369644,0.7819742174981277,0.5162049191024927,0.6612810041834568,462.60467531059794,0.014767476389574945,0.3693343855927828,0.9997991596931926,7.297987396003359e-4,544.45,704.115,0.007953890983925533,0.35,5.113215632523557,226,2.060167171429281,1,1.0844809494001515,Noise (HM.RMSE) | Noise (HM.MAE),Noise (LM.RMSE) | Noise (LM.MAE),3.998402793141803,HM,,0,4,0.35,0.35,0.023281653683320875,2,0.5,1,0.05,0.008,60
Mar_23_42_BL60_stem,3.2020736196017556,660.7476184976106,897.0634921737286,0.6268325561700744,1.570520365554101,1.8806000351614693,1564.4661941266988,0.004523546344936983,0.1412692799205404,0.9992441995933673,0,3.5276411362357383,656.8541435177092,1984.7801645488767,0.6905651066674623,0.5667928498215896,0.7034133674180367,819.1239300136618,0.007230198152794126,0.204958437481804,0.9998942609325406,5.200328148786642e-4,656.98,893.189,0.004729944148447028,0.35,5.108339680322791,380,1.790950160485927,1,1.1016739635969,Noise (HM.RMSE) | Noise (HM.MAE),Noise (LM.RMSE) | Noise (LM.MAE),3.5276411362357383,HM,,0,4,0.35,0.35,0.017954621161490197,2,0.5,1,0.05,0.0047,60
Mar_23_43_FLM30_stem,1.4080306268273526,449.65216329795845,512.0287489012303,0.36692109178395216,0.8961497274126943,1.0757060741593267,519.3618897107062,0.006416970611353845,0.4557408403688558,0.9964608317125545,1.6862637508131994e-210,1.6758436509562455,447.753211706902,657.1911663126917,0.4367109424697671,0.5525234298927034,0.6787233775269826,363.0400552134399,0.01844474882882574,1.1006246804886044,0.9985910370017018,0.002085156643607207,448.78,509.067,0.007854370043177818,0.35,3.8374207925240205,172,1.0483459765255778,1,1.1902039764094785,Noise (HM.RMSE) | Noise (HM.MAE),Noise (LM.RMSE) | Noise (LM.MAE),1.6758436509562455,HM,,0,4,0.35,0.35,0.026687249808205814,2,0.5,1,0.05,0.0079,60
Mar_23_44_FLM30_stem,1.741397964734957,541.3238667541434,622.0749371319533,0.4536576987517411,0.5228995695278419,0.6567079061002163,365.5684947700237,0.0036610014422375358,0.21023347427621147,0.9992094754871518,2.9799898642456903e-278,1.7835894496914269,540.9999062328408,2255.788711183169,0.464649150654112,0.5169190415713495,0.6422925693305183,359.6703524751524,0.014554081980091704,0.8159995554251377,0.9992438411995637,2.709658176638092e-4,540.197,620.515,0.0075055886780705,0.35,3.8385724953560563,180,1.2961648535764034,1,1.0242285139932914,Noise (HM.RMSE) | Noise (HM.MAE),Noise (LM.RMSE) | Noise (LM.MAE),1.7835894496914269,HM,,0,4,0.35,0.35,0.026087459737497543,2,0.5,1,0.05,0.0075,60
Mar_23_45_FLM30_stem,2.0740137216100463,478.7279348117909,562.4897742077728,0.540398963845045,0.7607334102210184,0.9631216066623707,439.9048249734436,0.006597191389329441,0.318088126447306,0.9984240629764989,2.5073875140927273e-219,2.2916727244886435,477.2997423709884,936.4276814678186,0.597111558560103,0.5541739877761587,0.7247797333987209,352.7371866257375,0.02139203178929468,0.933468010536628,0.9991075401472987,0.0013005341381199893,479.005,561.883,0.008610741739325337,0.35,3.837930603813579,157,1.5439970395572715,1,1.1049457872967348,Noise (HM.RMSE) | Noise (HM.MAE),Noise (LM.RMSE) | Noise (LM.MAE),2.2916727244886435,HM,,0,4,0.35,0.35,0.027933040956366773,2,0.5,1,0.05,0.0086,60
Mar_23_46_FLM30_stem,1.896085188711258,480.649685379991,547.2526528553025,0.4933553146319365,0.6523359014781178,0.7938443559702666,329.33704070139373,0.0067134303604700265,0.3540679712303986,0.9983104228349868,7.63349857689038e-188,2.047121583694485,479.78556590068234,945.2256487915932,0.5326545025647687,0.5654376601671717,0.6913377898059694,293.8541532536225,0.024687636353100943,1.2059682507253247,0.9987185906096357,0.0011444104668776698,480.509,546.11,0.009890703222687003,0.35,3.8432446808155216,136,1.4095866132341044,1,1.0796569668295781,Noise (HM.RMSE) | Noise (HM.MAE),Noise (LM.RMSE) | Noise (LM.MAE),2.047121583694485,HM,,0,4,0.35,0.35,0.030012252399939043,2,0.5,1,0.05,0.0099,60
Mar_23_47_FLM30_stem,1.4733512313223796,474.31979568797175,532.6010409133348,0.38342924490370417,0.6943096754562452,0.8286252379237361,382.83215385143944,0.005866772685846468,0.3981924038968531,0.9975956877341416,7.254784421452958e-200,1.6194030329454911,473.3815796188124,808.959917640811,0.4214381940413195,0.5845018251490532,0.7160154346172487,340.2450734399951,0.021702060183329406,1.3401271790788287,0.9982047731836352,0.0012558563717950484,473.093,532.525,0.008790178000973882,0.35,3.8425635261400117,153,1.0955121282962976,1,1.0991289778826365,Noise (HM.RMSE) | Noise (HM.MAE),Noise (LM.RMSE) | Noise (LM.MAE),1.6194030329454911,HM,,0,4,0.35,0.35,0.028295822920905513,2,0.5,1,0.05,0.0088,60
Mar_23_48_FLM30_stem,1.8208308729544558,470.25540063658036,553.1846957748402,0.47388168650434176,0.7332038979650474,0.9228655631304327,480.02678474093653,0.0052908407721700265,0.2905728835531649,0.9985161783508987,1.1467994170344178e-249,1.9860614832658656,469.0270538093566,985.0394416571712,0.5168839012841606,0.59099715826286,0.7406213021752165,404.242688873787,0.018019636457543516,0.9073050663019833,0.9990443536161411,0.0010016889389806724,468.407,551.465,0.007641085505328551,0.35,3.842374425536643,177,1.3539476757266908,1,1.0907446225597597,Noise (HM.RMSE) | Noise (HM.MAE),Noise (LM.RMSE) | Noise (LM.MAE),1.9860614832658656,HM,,0,4,0.35,0.35,0.026307610980099008,2,0.5,1,0.05,0.0076,60
Mar_23_49_FLM30_stem,0.9223455020072495,527.1526991656091,562.8513278614189,0.24284781425720925,0.6153161421896821,0.7878938074320828,355.60845223238437,0.0057968158024081845,0.6284863741182556,0.9942268645554271,1.5378085898180926e-165,0.9325266062826814,527.0863287931642,2087.262785820654,0.245528435471963,0.6207775594377867,0.7953037342348384,360.4922963395566,0.023542088860175555,2.524548758348148,0.9941186526565182,1.5737222181890477e-4,526.344,564.527,0.008981849301937201,0.35,3.798039133390588,148,0.6938508978777407,1,1.0110382760617094,Noise (HM.RMSE) | Noise (HM.MAE),Noise (LM.RMSE) | Noise (LM.MAE),0.9325266062826814,HM,RMSE | AICc,2,2,0.35,0.35,0.028769822778437527,2,0.5,1,0.05,0.009,60
Mar_23_4_MI_stem,2.6443076636228104,479.60065647053506,586.6107836194062,0.522000620238396,0.6931557681806999,0.8598701886810114,531.0556077156709,0.005106344699992367,0.1931070567256332,0.9992324057367259,1.8e-321,2.7871270210787027,478.6568316738178,1543.460128292648,0.5501939330664071,0.597666349364061,0.746834244593893,474.7869990595293,0.018433141373968367,0.661367107941646,0.9994209522447333,5.167094568672819e-4,478.26,586.108,0.00860680153428389,0.35,5.065717474464233,207,1.4914303435382743,1,1.0540101136568292,Noise (HM.RMSE) | Noise (HM.MAE),Noise (LM.RMSE) | Noise (LM.MAE),2.7871270210787027,HM,,0,4,0.35,0.35,0.02432668163999205,2,0.5,1,0.05,0.0086,60
Mar_23_50_FLM30_stem,1.9243477933506012,479.6704237705235,573.2964676114406,0.5060867234644166,0.7355209552462345,0.9565803547373021,520.2121177581241,0.004992817958442792,0.2594550722948832,0.9987494622698977,1.0787633040690183e-270,2.065692352797692,478.5431184182364,1182.680059313995,0.5432591125810169,0.6337885729450755,0.8155871769296421,462.664027603702,0.01787464241697106,0.8653099960777002,0.9990909355756411,7.715248001190181e-4,475.712,573.46,0.007155067282919475,0.35,3.802407184637207,187,1.4459620670411903,1,1.073450630876338,Noise (HM.RMSE) | Noise (HM.MAE),Noise (LM.RMSE) | Noise (LM.MAE),2.065692352797692,HM,,0,4,0.35,0.35,0.02559453484444957,2,0.5,1,0.05,0.0072,60
Mar_23_51_FLM30_stem,2.2386157592806146,620.2907777730917,769.2183004168595,0.5886463345603471,0.9896838474583377,1.1874466648269009,817.3749939291558,0.0038770956606684896,0.17319165402080458,0.9992386957227993,0,2.3956867355184177,618.5760717892925,1786.117752730967,0.6299483105894581,0.7148743702103864,0.9136195646953903,685.7447289993069,0.012530998148147397,0.5230649718246962,0.9995493277388375,5.39551024920478e-4,618.616,768.355,0.005240339697720472,0.35,3.802989380631428,255,1.68184667017242,1,1.0701643306077138,Noise (HM.RMSE) | Noise (HM.MAE),Noise (LM.RMSE) | Noise (LM.MAE),2.3956867355184177,HM,,0,4,0.35,0.35,0.02191785018798023,2,0.5,1,0.05,0.0052,60
Mar_23_52_FLM30_stem,1.0295776238569285,511.5403645684679,553.0690020212289,0.2679266932436196,0.5961128278968825,0.7682894737187589,368.93671101634595,0.005278230249860814,0.5126597672245337,0.9959166425379354,2.7819160975390575e-187,1.1484691178843598,510.7608441603611,720.4905806581589,0.2988657930370216,0.5369891998824838,0.6862064880771211,335.56477555550384,0.020390301251432364,1.7754331338916751,0.9967425536303357,0.0014250043795776175,510.592,551.981,0.00862157394304314,0.35,3.8427586717563718,157,0.7655048378389133,1,1.1154759886700418,Noise (HM.RMSE) | Noise (HM.MAE),Noise (LM.RMSE) | Noise (LM.MAE),1.1484691178843598,HM,,0,4,0.35,0.35,0.027933040956366773,2,0.5,1,0.05,0.0086,60
Mar_23_53_FLM30_stem,1.6050259335678414,519.5464928072928,568.413947870674,0.41767055609727494,0.7155651394360716,0.8873979818824934,312.88705559348693,0.009295267397053178,0.579135028453438,0.9960910595326119,9.8358666560159e-142,1.793840887461206,518.6179210861759,761.3463103653085,0.46680524304704785,0.6185038221932396,0.7831399102851369,285.53471242308547,0.035527207800201674,1.9805105373912373,0.9969556057233633,0.0019231588214027638,519.238,568.54,0.011398146391793436,0.35,3.842803640661787,118,1.1933444459922142,1,1.1176398149989044,Noise (HM.RMSE) | Noise (HM.MAE) | Noise (HM.SE),Noise (LM.RMSE) | Noise (LM.MAE),1.793840887461206,HM,SE,1,3,0.35,0.35,0.03222011162644132,2,0.5,1,0.05,0.011,60
Mar_23_54_FLM30_stem,1.797193343548404,617.9049975313866,726.0326090849884,0.4721729762166019,0.7672827419952715,0.9388438747327766,635.2115208935891,0.0035332295435711496,0.19659707489206985,0.999107968450275,0,1.875822278475453,617.1271464152475,1931.7841091147209,0.4928309974331413,0.6895232120778979,0.8716360022310962,602.8178067840823,0.013573774286199866,0.7236172873067566,0.9992311107643481,3.7487421541599594e-4,619.129,725.423,0.0057920710705391025,0.35,3.8062181320685533,232,1.3490656463331485,1,1.0437509604680613,Noise (HM.RMSE) | Noise (HM.MAE),Noise (LM.RMSE) | Noise (LM.MAE),1.875822278475453,HM,,0,4,0.35,0.35,0.022978625750451447,2,0.5,1,0.05,0.0058,60
Mar_23_55_FLM30_stem,8.423240025596474,502.14447786025306,649.489725625823,0.729431919631534,1.3040548757749324,1.5617804787750422,766.9441347652701,0.021660574800903564,0.2571525296095277,0.9986594039726057,2.4518456801826175e-292,9.456557580194033,499.21464856474097,1205.688378508617,0.818914684594733,0.6832360419701682,0.8702845618646987,530.4424309828464,0.05264671092118657,0.5567217296011678,0.999583724829879,0.0011591580123719385,499.832,646.08,0.01990977806081591,0.35,11.547671275273228,204,2.08409119894724,1,1.1226745945096568,Noise (HM.RMSE) | Noise (HM.MAE) | Noise (HM.SE),Noise (LM.RMSE) | Noise (LM.MAE),9.456557580194033,HM,SE,1,3,0.35,0.35,0.02450490147049017,2,0.5,1,0.05,0.02,60
Mar_23_56_FLM30_stem,6.341449740114094,490.8191248276495,578.6074031648945,0.5486767396077814,0.8003140556741,1.0071753392856477,468.20449245554425,0.01985970335406137,0.3131729205142933,0.9984234299286195,2.512629968241743e-226,6.820166490935956,489.7335853785725,1133.8315387877149,0.590096408106462,0.6882197250960568,0.8819796218932893,427.3008916627681,0.07304489405059425,1.0710133564579598,0.99879101694833194,9.16159421068091e-4,488.607,578.178,0.025125468804182465,0.35,11.557715649923933,162,1.567647827450804,1,1.0754901119524207,Noise (HM.RMSE) | Noise (HM.MAE) | Noise (HM.SE),Noise (LM.RMSE) | Noise (LM.MAE),6.820166490935956,HM,SE,1,3,0.35,0.35,0.027498597046143512,2,0.5,1,0.05,0.025,60
Mar_23_57_FLM30_stem,7.262389372802625,583.7789797851665,668.9201908505872,0.6260383166575056,0.6522934238329051,0.8155649202507105,341.5368460405648,0.020540016221953016,0.2828272510267021,0.9989053107273005,1.9499828642380845e-203,7.375585662183985,583.5584981995553,3343.8500118111574,0.6357961540328425,0.6549017545027085,0.8155735430480038,343.6614115174895,0.08297059188212229,1.1249356414844196,0.9989053760493182,2.3033659702157992e-4,583.664,667.989,0.029636443966594723,0.35,11.600550924067077,138,1.7886809047357306,1,1.0155866456025169,Noise (HM.RMSE) | Noise (HM.MAE) | Noise (HM.SE),Noise (LM.RMSE) | Noise (LM.MAE),7.375585662183985,HM,SE | AICc,2,2,0.35,0.35,0.0297939785765562,2,0.5,1,0.05,0.03,60
Mar_23_58_FLM30_stem,7.715520013299995,481.169710369256,577.6206535618726,0.66517891856977,0.6835671851716589,0.8663426508506981,381.1541762131658,0.019756335577043392,0.25605967637939464,0.9990436374877962,5.005453034687973e-221,7.989651656299289,480.60585455186964,1908.3333743880555,0.688812658035379,0.6535062621662882,0.8282463764827381,370.04690276352915,0.07771254137383954,0.9726649510754147,0.9991258977422736,4.8245386354562377e-4,481.654,577.627,0.027806217401919367,0.35,11.59916497337208,147,1.9005111959136285,1,1.0355298985067432,Noise (HM.RMSE) | Noise (HM.MAE) | Noise (HM.SE),Noise (LM.RMSE) | Noise (LM.MAE),7.989651656299289,HM,SE,1,3,0.35,0.35,0.028867513459481287,2,0.5,1,0.05,0.028,60
Mar_23_59_FLM30_stem,1.7091912064110022,459.31012154419915,518.6704322578141,0.44969932358799225,0.726239090444168,0.8981327646287849,357.66692529846785,0.007766868246079123,0.45441775132860446,0.9972610752248826,3.2016280431581113e-171,1.7902930878838343,458.84724723110395,1126.0350672171292,0.4710377561186801,0.711032501769902,0.8730792285741675,352.2102396863989,0.0310334887429355,1.7334306294852404,0.997411749322554,7.060047291159277e-4,458.58,518.067,0.010001953216054443,0.35,3.8007422221006886,134,1.2848552102514064,1,1.0474504439109136,Noise (HM.RMSE) | Noise (HM.MAE),Noise (LM.RMSE) | Noise (LM.MAE),1.7902930878838343,HM,,0,4,0.35,0.35,0.0302353948953476,2,0.5,1,0.05,0.01,60
Mar_23_5_MI_stem,2.7279877497670495,455.93435079433266,528.6815903821386,0.5388684413911544,1.0404841802843754,1.2534209776534322,453.5715331262707,0.013962643403296999,0.5118294026243082,0.9964757847593092,1.884380590001739e-166,3.2559335544713615,453.6887685390735,694.5923225042627,0.6431553220577941,0.620034288261663,0.7675616100977785,322.302688655253,0.038913547613409316,1.1951579159215175,0.9986784153140753,0.0026697626974433544,454.582,526.245,0.013028331536422688,0.35,5.062437397009959,136,1.5396241182604413,1,1.19352938984033,Noise (HM.RMSE) | Noise (HM.MAE) | Noise (HM.SE),Noise (LM.RMSE) | Noise (LM.MAE),3.2559335544713615,HM,SE,1,3,0.35,0.35,0.030012252399939043,2,0.5,1,0.05,0.013,60
Mar_23_60_FLM30_stem,1.7785470602850628,466.7605459998384,532.7380557057464,0.46792560075112083,2.2932406488492063,2.579995248780186,683.0563237759362,0.020028832073470462,1.1261345016229298,0.9823082076338386,1.2075029894100838e-125,2.7084829686570604,461.50911394941,576.3277846386832,0.7125864412212417,1.0411304032405828,1.3137267421414633,492.14650630590836,0.05580384499130786,2.0603358277337414,0.9954128377419866,0.006206189611353987,463.331,528.409,0.009368461027109651,0.35,3.800918473855916,143,1.3369302878603453,1,1.5228626945766333,Noise (HM.RMSE) | Noise (HM.MAE) | Noise (HM.SE),Noise (LM.RMSE) | Noise (LM.MAE),2.7084829686570604,HM,SE,1,3,0.35,0.35,0.029268470350248176,2,0.5,1,0.05,0.0094,60
Mar_23_61_FLM30_stem,1.6838839000105108,481.6590020127697,633.2074296623166,0.44312405745481565,2.8892475397445483,3.358972430821816,1815.9052499724507,0.006980884223808657,0.4145704002375153,0.9941393542576467,0,2.2213046410221353,474.0599648534717,824.6175908629108,0.5845495199323405,0.6727921278221026,0.8630228941421737,882.9956318739165,0.00880355433808016,0.3963235917982504,0.999613119157166,0.001667484820075205,476.23,625.261,0.003877579762721304,0.35,3.8000281674668783,344,1.2660687355851876,1,1.3191554601883597,Noise (HM.RMSE) | Noise (HM.MAE),Noise (LM.RMSE) | Noise (LM.MAE),2.2213046410221353,HM,,0,4,0.35,0.35,0.01887073531060172,2,0.5,1,0.05,0.0039,60
Mar_23_62_FLM30_stem,1.7938087631553297,454.989678333127,545.7417615204824,0.47266709993414274,0.953159379672547,1.1892802647524154,623.9336088617741,0.005861575055199244,0.32676699855611524,0.9979434269568639,4.0310456862194766e-260,2.002019591099259,453.2775018995946,909.2716611626719,0.5275304779265837,0.7450337353428168,0.9101457055575967,522.229367494114,0.019376763830899146,0.967860849966001,0.998795525629848,0.0011568799012231096,453.726,542.316,0.006882266765621851,0.35,3.7950785307571926,194,1.3504774283832652,1,1.1160719203855847,Noise (HM.RMSE) | Noise (HM.MAE),Noise (LM.RMSE) | Noise (LM.MAE),2.002019591099259,HM,,0,4,0.35,0.35,0.025128535551620833,2,0.5,1,0.05,0.0069,60
Mar_23_63_FLM30_stem,1.9344170295990748,475.863141361924,543.160404094449,0.509827747973674,0.6736912833537232,0.8180935224768681,332.65147259023746,0.007037828988035283,0.363821703404562,0.9982425996374426,6.114234836737687e-184,1.9542490900782088,475.7463233324345,3627.6552133665646,0.515054611973031,0.6897006376651256,0.8397616100783658,341.7828281319882,0.029137447701204248,1.4909792128923631,0.9981492150202408,1.6341037445643101e-4,476.716,542.371,0.009984884406069523,0.35,3.794256074306419,134,1.4566507084962117,1,1.0102522156162181,Noise (HM.RMSE) | Noise (HM.MAE),Noise (LM.RMSE) | Noise (LM.MAE),1.9344170295990748,LM,RMSE | MAE | AICc,3,1,0.35,0.35,0.0302353948953476,2,0.5,1,0.05,0.01,60
Mar_23_64_FLM30_stem,2.091291722371456,528.8166557344967,613.1711285936227,0.551336423915856,0.8290170554995484,1.038958824594389,457.8778009527091,0.007187285215823873,0.3436768356579984,0.9981843293456814,8.112733702194808e-212,2.3085683411153806,527.3921058331296,993.3949829659141,0.6086180134221557,0.6616777068162866,0.8205393045971984,386.82163738448804,0.024309003067155832,1.052990402502487,0.9988674974723967,0.0013060391754807425,528.106,612.302,0.008620754092219716,0.35,3.7931318005766754,155,1.5752469254738743,1,1.1038958919119806,Noise (HM.RMSE) | Noise (HM.MAE),Noise (LM.RMSE) | Noise (LM.MAE),2.3085683411153806,HM,,0,4,0.35,0.35,0.02811267651158746,2,0.5,1,0.05,0.0086,60
Mar_23_65_FLM30_stem,0.7609125767931507,452.91188763603037,483.93429592285537,0.2001445695924193,1.1086972875787713,1.3136392249896085,537.3631766358158,0.00892339624902561,1.1727229278602629,0.9789934424630153,3.7726723573414056e-132,1.1406483240501517,450.5513202252453,505.58240244353675,0.30002732881019584,0.7175337973245604,0.8666554073953985,408.87211307074404,0.031793983779728044,2.787360758733744,0.9908568556932646,0.005451961268362476,451.791,481.607,0.008529712579952092,0.35,3.8018147499215043,157,0.5718416274069124,1,1.4990530566039386,Noise (HM.RMSE) | Noise (HM.MAE),Noise (LM.RMSE) | Noise (LM.MAE),1.1406483240501517,HM,,0,4,0.35,0.35,0.027933040956366773,2,0.5,1,0.05,0.0085,60
Mar_23_66_FLM30_stem,0.22672499746139588,471.7675351502071,482.3732697075572,0.05958277841207919,1.508479841820846,1.8642301670752919,741.1795835691896,0.010303970260622635,4.5446996916945945,0.7296728876679626,1.1610735506355129e-52,0.8714328588442596,468.07777100467445,481.0135908872054,0.22901043780301708,1.0779767432104124,1.3014788694538886,613.9068789058447,0.0791376632651807,9.081326514372806,0.8682457039129836,0.01770358894006262,469.065,480.215,0.007440355182438431,0.35,3.8052102218756554,180,0.17023650974879773,1,3.8435676198105906,Noise (HM.RMSE) | Noise (HM.MAE) | Noise (HM.SE) | Exaggerated curvature (g-fact),Noise (LM.RMSE) | Noise (LM.MAE) | Intercept (LM),0.22672499746139588,LM,SE | g-fact. > 2 | Intercept (LM),1,3,0.35,0.35,0.026087459737497543,2,0.5,1,0.05,0.0074,60
Mar_23_67_FLM30_stem,1.4723269883770795,467.9563326518424,637.8367225566285,0.38697127540953563,1.9588373339989305,2.3827520547218493,2027.9348902014092,0.003406308500649738,0.23135543446123016,0.9976450788635576,0,1.7529304548499107,462.75576473624443,1032.1682139678142,0.46072220313315243,0.6170864126969603,0.7671123256043281,1028.065312862048,0.004997058613868997,0.2850688457173764,0.9997559175331365,8.091185989257938e-4,461.933,632.37,0.0030265016287332677,0.35,3.8047449046932513,442,1.1056322154558162,1,1.1905850186052322,Noise (HM.RMSE) | Noise (HM.MAE),Noise (LM.RMSE) | Noise (LM.MAE),1.7529304548499107,HM,,0,4,0.35,0.35,0.016647802295407292,2,0.5,1,0.05,0.003,60
Mar_23_68_FLM30_stem,1.3282600240889644,492.2167654327265,579.3853220611383,0.3472850861689712,1.672630325258458,2.0366473848649966,1083.9996220153164,0.006772117590107402,0.5098487846724369,0.9934918283216504,1.1897628384551806e-276,1.7389183110374529,487.9770761933902,693.9214244663492,0.4546552516354249,0.7147248634649372,0.9015044123605126,673.6768751301358,0.014612046287630721,0.8402951533078662,0.9987248448588397,0.002207660736738568,489.364,574.377,0.005312078354308777,0.35,3.82469641510232,253,0.9922431033399178,1,1.3091701018632653,Noise (HM.RMSE) | Noise (HM.MAE),Noise (LM.RMSE) | Noise (LM.MAE),1.7389183110374529,HM,,0,4,0.35,0.35,0.0220043114711676,2,0.5,1,0.05,0.0053,60
Mar_23_69_FLM30_stem,2.7414240628430315,499.5742542171149,668.7595158300585,0.7168867017497611,1.715652700448721,1.9704230047068303,1004.3634695291527,0.007170800364826027,0.26157209539444437,0.9983810612175462,0,3.129879480258246,495.69968048681716,1214.7627348854712,0.8184684040270876,0.7473333181479466,0.9781551025890242,673.0729893845225,0.01572422455301653,0.5023907358796807,0.9996010422205504,0.001138242882902064,497.959,664.932,0.0056473589740482525,0.35,3.8240687909983886,238,2.0482477192850324,1,1.1416984051027703,Noise (HM.RMSE) | Noise (HM.MAE),Noise (LM.RMSE) | Noise (LM.MAE),3.129879480258246,HM,,0,4,0.35,0.35,0.022687130324325754,2,0.5,1,0.05,0.0056,60
Mar_23_6_MI_stem,0.9510507021332252,500.146938278488,539.4448274226306,0.18802817772317032,2.291098124363031,2.7537537155904173,1032.3792197134835,0.015924231339507704,1.6743830064779242,0.9443840492093979,2.5721486499358832e-133,2.107600612775157,493.4934353304106,543.4818031771681,0.41668472742774654,0.7460050965415423,0.9435834652198652,582.480503892961,0.03961446536253687,1.879600201405095,0.993470050572403,0.008335633775944032,493.176,534.195,0.008430037044176749,0.35,5.05802222650605,211,0.5372233649233439,1,2.2160759758105093,Noise (HM.RMSE) | Noise (HM.MAE) | Noise (HM.SE) | Exaggerated curvature (g-fact),Noise (LM.RMSE) | Noise (LM.MAE) | Intercept (LM),0.9510507021332252,LM,SE | g-fact. > 2 | Intercept (LM),1,3,0.35,0.35,0.024094993678752997,2,0.5,1,0.05,0.0084,60
Mar_23_70_FLM30_stem,1.2652801179942272,440.8987135584182,504.4229925972547,0.33085561999394003,1.62182131817215,1.9267526907623749,811.1388510480618,0.009553355109909109,0.755038743914942,0.9891165165641945,1.1890497508613005e-190,1.8027389540215386,436.7454334741929,559.8092376223387,0.4713946784096582,0.627910545013676,0.7823073105845038,463.50282858070193,0.020207956451224404,1.120958550662292,0.9982058004240175,0.0038304900589793815,436.044,499.633,0.006935198612673174,0.35,3.8242666635597793,194,0.9453017714112573,1,1.4247745842077346,Noise (HM.RMSE) | Noise (HM.MAE),Noise (LM.RMSE) | Noise (LM.MAE),1.8027389540215386,HM,,0,4,0.35,0.35,0.025128535551620833,2,0.5,1,0.05,0.0069,60
Mar_23_7_MI_stem,2.628267982152165,450.1158365202525,552.2315765506185,0.5183540103064261,0.6435276508549636,0.7975575228389677,480.83248858543345,0.005046216319481922,0.19199778537612489,0.9992706392438104,3.447779800917e-311,2.6958736374504175,449.6824480147086,2505.5152515436903,0.5316873776727734,0.6240414290088572,0.7731350071394152,470.5376881005347,0.01990807041487049,0.7384645236450419,0.9993146237718404,2.586238417638315e-4,450.905,551.03,0.008962848090116306,0.35,5.070411205265796,199,1.4810114580183604,1,1.02572251222377,Noise (HM.RMSE) | Noise (HM.MAE),Noise (LM.RMSE) | Noise (LM.MAE),2.6958736374504175,HM,,0,4,0.35,0.35,0.024810842175291753,2,0.5,1,0.05,0.009,60
Mar_23_8_MI_stem,2.191817282289075,461.7482955579728,527.442481905119,0.43219859438912006,1.3208567324802416,1.5754171047470378,583.1852484403278,0.01466876984336867,0.669251491075433,0.9931935068354198,7.897714339273828e-167,2.8197498549595887,458.78962625942444,622.223602578902,0.556018940853359,0.7328745438023454,0.8966578105402019,411.7045852810548,0.04034229703212963,1.4307048180593946,0.9977951158698841,0.003402101285025727,460.781,523.521,0.011601058329128801,0.35,5.071319783876305,154,1.2348531268260574,1,1.2864894705158625,Noise (HM.RMSE) | Noise (HM.MAE) | Noise (HM.SE),Noise (LM.RMSE) | Noise (LM.MAE),2.8197498549595887,HM,SE,1,3,0.35,0.35,0.02820380374088831,2,0.5,1,0.05,0.012,60
Mar_23_9_MI_stem,1.113858569031645,471.03760228873836,490.3286863306974,0.2192168641131707,1.7053285012608252,1.941519193660438,381.1127418488185,0.04098127454582645,3.679217064465764,0.892347732493182,1.3977453559781793e-44,2.5926108768764076,467.5147875401037,491.7123852635603,0.5102479274264101,1.0175708761019797,1.3289764862322946,315.0731598266168,0.21041398586297946,8.115910788605788,0.9495600788170315,0.02108671832872848,467.723,487.838,0.019981777884304306,0.35,5.0810806620088105,90,0.6263338974662023,1,2.3275943184872614,Noise (HM.RMSE) | Noise (HM.MAE) | Noise (HM.SE) | Exaggerated curvature (g-fact),Noise (LM.RMSE) | Noise (LM.MAE) | Intercept (LM),1.113858569031645,LM,SE | g-fact. > 2 | Intercept (LM),1,3,0.35,0.35,0.03689323936863109,2,0.5,1,0.05,0.02,60
Oct_22_100_FLM30_root,1.4425914908197917,462.086086570659,476.33088060164187,0.12495433360511274,0.5122152796693866,0.6127058235903666,221.75810317454403,0.01999883360962019,1.3863130163242066,0.9783724119956223,5.707160133376701e-97,1.5475580837433314,461.9172311158909,569.8263241870687,0.13404632586558735,0.5106922272196083,0.6079349566869707,222.0906274695596,0.08337284920841984,5.387380938022844,0.97870790946411,0.0012422152948423832,461.752,476.788,0.03513680330208097,0.35,11.544949656398034,116,0.35701238172889355,1,1.0727625204997497,Noise (HM.RMSE) | Noise (HM.MAE) | Noise (HM.SE),Noise (LM.RMSE) | Noise (LM.MAE),1.5475580837433314,HM,SE | AICc,2,2,0.35,0.35,0.03249668418098407,2,0.5,1,0.05,0.035,60
Oct_22_101_FLM30_stem,1.5480938499765475,442.0227243650531,497.15200779024474,0.3029081506878662,0.5395451360595003,0.6663198909066493,378.9000837471296,0.004753229482602395,0.30703755348387973,0.9982777763110501,1.0946442181267695e-253,1.636714164088454,441.50279180957443,964.8043955000717,0.3202480654878779,0.5034986228773322,0.6239412076524626,356.8075627574133,0.018524795654791724,1.1318283950398182,0.998489880411636,6.119760826823037e-4,442.248,497.711,0.009774696473079048,0.35,5.110769870209903,184,0.8654518591081892,1,1.0572447943729308,Noise (HM.RMSE) | Noise (HM.MAE),Noise (LM.RMSE) | Noise (LM.MAE),1.636714164088454,HM,,0,4,0.35,0.35,0.025802342327106997,2,0.5,1,0.05,0.0098,60
Oct_22_102_FLM30_stem,1.3892923164704034,456.5834158419553,516.1152971149792,0.27183507430604503,0.47560926187274305,0.5997642004905326,407.3227652695659,0.003257958246372273,0.23450487760915206,0.9987916193558513,1.04e-321,1.4537511005308463,456.12915213412293,1140.2754991195068,0.2844473648564341,0.4430667761956799,0.564497208315456,382.61164722110686,0.012704692930570654,0.8739249054347374,0.9989295502669767,4.1576976345751224e-4,456.027,516.101,0.00813080424535107,0.35,5.110791239934958,221,0.7766716408744144,1,1.0463968477305086,Noise (HM.RMSE) | Noise (HM.MAE),Noise (LM.RMSE) | Noise (LM.MAE),1.4537511005308463,HM,,0,4,0.35,0.35,0.023543547789870934,2,0.5,1,0.05,0.0081,60
Oct_22_103_FLM30_stem,1.456571082254279,447.08190203633,514.3341846299013,0.2849672991253022,0.5071637541549637,0.622839033172517,456.1469342737595,0.0030348062060821155,0.20835277063068303,0.9989722150944208,0,1.4923182862445041,446.80835010500743,1863.382375308808,0.29196097371934265,0.4974749932577865,0.6106270047994307,448.79038447813645,0.012078730565653284,0.8093937249841004,0.9990121257515141,2.0610357702792033e-4,446.619,514.386,0.00754842519645039,0.35,5.11136220445355,238,0.8141922832151492,1,1.0245420250516717,Noise (HM.RMSE) | Noise (HM.MAE),Noise (LM.RMSE) | Noise (LM.MAE),1.4923182862445041,HM,,0,4,0.35,0.35,0.022687130324325754,2,0.5,1,0.05,0.0075,60
Oct_22_104_FLM30_stem,0.6714344707772077,480.262854388343,503.31110392524766,0.13095596327786757,0.44406508196508737,0.5647205756656971,307.85302421674606,0.0042711364788174475,0.6361211204830555,0.9928883430154039,3.443406557702847e-191,0.7285961764564152,479.94301585224133,631.740473377129,0.14210472991947543,0.431064439894082,0.5462241929406304,298.0909548207533,0.017572815128928394,2.411873091949942,0.9933465723092173,9.361469700253505e-4,479.675,502.627,0.010138486617678584,0.35,5.12717751808317,178,0.3741598950796216,1,1.0851337072596836,Noise (HM.RMSE) | Noise (HM.MAE),Noise (LM.RMSE) | Noise (LM.MAE),0.7285961764564152,HM,,0,4,0.35,0.35,0.026233609114855148,2,0.5,1,0.05,0.01,60
Oct_22_105_FLM30_stem,0.802279642985415,435.6416966372587,465.0618898999731,0.15649038969528944,0.3867634080315365,0.49049153933307893,274.6337201830391,0.0033687474469714634,0.4198969120587179,0.9966786851528588,3.560961492162001e-235,0.8160656150211494,435.5574660356754,1304.3631131293662,0.15917944226575292,0.38453196846758114,0.4895285616684354,275.97412021305945,0.013563346055904408,1.6620411160875708,0.996691792366622,1.832163992007147e-4,435.32,464.862,0.009493893174261196,0.35,5.126702314101046,190,0.4471153991293985,1,1.0171834997388622,Noise (HM.RMSE) | Noise (HM.MAE),Noise (LM.RMSE) | Noise (LM.MAE),0.8160656150211494,HM,AICc,1,3,0.35,0.35,0.02539166875385041,2,0.5,1,0.05,0.0095,60
Oct_22_106_FLM30_stem,0.6040761566183452,517.6478444647481,537.4470033284307,0.11785213609334881,0.4871090846520246,0.6142107025341581,322.8618159744717,0.004983210721099172,0.8249308744439585,0.9886293589703695,1.8218416389643853e-165,0.756523982500378,516.8577199200784,570.6492791151869,0.14759391902277433,0.4061709672716133,0.5090284865414186,261.09608411089596,0.01952992448946265,2.58153408764578,0.9921902997678693,0.002743811877388293,516.737,536.727,0.010615380732520519,0.35,5.125712410845622,170,0.3367203888381395,1,1.2523652427128475,Noise (HM.RMSE) | Noise (HM.MAE),Noise (LM.RMSE) | Noise (LM.MAE),0.756523982500378,HM,,0,4,0.35,0.35,0.02684377460965796,2,0.5,1,0.05,0.011,60
Oct_22_107_SRS5_stem,0.3349128917493042,428.1956709666862,443.36670609795266,0.0624322433385451,0.4806394713281344,0.6096703224419211,458.909374098557,0.002984694452494755,0.8911852980353229,0.9809881625377178,2.4976546904092787e-211,0.3518809351197091,428.0691289060751,588.50667235287,0.06559531361376482,0.47963223121465415,0.6070019617075044,458.82715243826334,0.012282928096930781,3.4906489300854444,0.9811542176073467,4.0885264262050886e-4,428.323,443.633,0.007694867440860351,0.35,5.364421873056931,245,0.17837783811012886,1,1.0506640496332584,Noise (HM.RMSE) | Noise (HM.MAE),Noise (LM.RMSE) | Noise (LM.MAE),0.3518809351197091,HM,,0,4,0.35,0.35,0.022360679774997894,2,0.5,1,0.05,0.0077,60
Oct_22_108_SRS5_stem,0.2933164485011259,429.774902162452,436.88243591576173,0.05467333656392079,0.5383839986358695,0.6504931668681533,267.26080859008715,0.008065059054145108,2.7496102231423785,0.9098223967477292,5.3612531908809325e-70,0.29492221316684597,429.76822608608205,1007.2547677226837,0.05497264644735894,0.5384517613020361,0.6510700229435891,269.62228016174066,0.032515507336568966,11.025113024692383,0.909663644640155,9.519294820545254e-5,430.649,436.786,0.014333676154176312,0.35,5.364890217705991,132,0.1562095330397737,1,1.00547451284756,Noise (HM.RMSE) | Noise (HM.MAE),Noise (LM.RMSE) | Noise (LM.MAE),0.29492221316684597,HM,AICc | Intercept,1,3,0.35,0.35,0.03046358979224712,2,0.5,1,0.05,0.014,60
Oct_22_109_SRS5_stem,-7.397987180115892e-4,456.6517072387764,456.6231698651105,-1.3786170853076566e-4,0.5106581444825683,0.6269991674506098,404.1067723870171,0.003901573028056966,-527.3830479922306,-0.004656418083634373,0.8497962367351688,-7.378233423661792e-4,456.6516801670236,415.94421812877556,-1.3749359669867404e-4,0.5106564505010865,0.6269992753547247,406.1858495838238,0.00714063621320215,-967.7975476219451,-0.004656762637102352,3.3776017912756985e-6,456.171,456.306,0.00902972714690335,0.35,5.366237847302562,209,0.00039389059580218757,1,0.9973298471634023,Noise (HM.RMSE) | Noise (HM.MAE) | MDF (HM),Noise (LM.RMSE) | Noise (LM.MAE) | No detect. flux (p-val.) | MDF (LM),-7.378233423661792e-4,HM,AICc | p-value | MDF | Intercept,1,3,0.35,0.35,0.02421000623531261,2,0.5,1,0.05,0.009,60
Oct_22_110_SRS5_root,-0.4443658073912559,549.7481668216428,543.2607520721889,-0.036652060731378215,0.5105801539683333,0.6437865748718046,356.45822898900025,0.011446335075637618,-2.5758811513504525,0.8943069339549428,1.6321005891058012e-88,-0.4958702147010754,549.870423121685,517.2215696932749,-0.04090023337034776,0.511435289906685,0.6415553892681946,357.3080875510939,0.04930181137620672,-9.942482914793995,0.895038270120677,0.0012527310785976184,550.337,542.59,0.023839123220524106,0.35,12.123896952152261,179,0.10472017351822348,1,1.115905423984323,Noise (HM.RMSE) | Noise (HM.MAE) | Noise (HM.SE),Noise (LM.RMSE) | Noise (LM.MAE),-0.4958702147010754,HM,SE | AICc,2,2,0.35,0.35,0.026160228246317755,2,0.5,1,0.05,0.024,60
Oct_22_111_SRS5_root,-2.6220938974255596,536.6952323250122,498.8541588315172,-0.21623470567711386,0.6901630017394097,0.8577961171079165,454.1433220262341,0.015520404159907259,-0.5919087861478034,0.9938713102850603,9.10440821041921e-196,-3.1392285873334025,537.8903340925866,414.3762952046824,-0.2588809539969922,0.5323781822455593,0.6779294558740834,372.93273537519417,0.05581138888918561,-1.7778695414020242,0.9961720303054253,0.0020959637975399774,538.189,499.938,0.02411449751769127,0.35,12.126147323181897,177,0.6178134447917539,1,1.1972220332824768,Noise (HM.RMSE) | Noise (HM.MAE) | Noise (HM.SE),Noise (LM.RMSE) | Noise (LM.MAE),-3.1392285873334025,HM,SE,1,3,0.35,0.35,0.026307610980099008,2,0.5,1,0.05,0.024,60
Oct_22_112_SRS5_root,0.39755375746109706,429.3204087220786,434.5657234541918,0.03278321707570771,0.53370430379832,0.6593096552246096,330.9219057601476,0.013585929517651406,3.417381740878369,0.8415782276282741,4.023638311734756e-66,0.4465264018053646,429.2158760078909,454.2887094674042,0.03682161641209596,0.5345470769352417,0.6577080236957732,332.23674779330935,0.05921094673099169,13.260346194893312,0.8423469866233269,0.001468586168035384,430.227,433.854,0.026362492028547048,0.35,12.126746333131642,162,0.09366633450202201,1,1.123184961593678,Noise (HM.RMSE) | Noise (HM.MAE) | Noise (HM.SE),Noise (LM.RMSE) | Noise (LM.MAE),0.4465264018053646,HM,SE | AICc | Intercept,2,2,0.35,0.35,0.027498597046143512,2,0.5,1,0.05,0.026,60
Oct_22_113_SRS5_stem,0.8495539771707402,535.6325846276634,570.7857661273728,0.15978718863504265,0.5365295897451492,0.6636793939421164,454.0982980536612,0.0037319023887265276,0.43927784331665887,0.9957535002558348,3.9619849731731266e-263,0.8573829506721593,535.5770787320836,2335.450919147215,0.1612596903233475,0.5435912275937889,0.672732111418619,462.1878530357319,0.015235063044882452,1.776926288648343,0.9956381490956135,8.959499643939144e-5,535.103,570.899,0.008420246245337675,0.35,5.316784057770361,222,0.4565348246715505,1,1.0092153926787464,Noise (HM.RMSE) | Noise (HM.MAE),Noise (LM.RMSE) | Noise (LM.MAE),0.8573829506721593,HM,RMSE | AICc,2,2,0.35,0.35,0.02349046193249085,2,0.5,1,0.05,0.0084,60
Oct_22_114_SRS5_stem,0.5195525304623235,425.3592588170156,441.1885673039123,0.09771178078331291,0.45168788853181824,0.5634811102663331,283.41399731563337,0.005003591968589041,0.9630579537619801,0.9851058511531017,3.9582395067761967e-150,0.5844825660064318,425.03923892079183,499.74693656070485,0.10992311462802161,0.4491999918317489,0.5452434151376027,274.72388337222804,0.021153290095904574,3.6191481707380473,0.9860543800634141,0.001471376017473393,424.726,440.809,0.011417288520114458,0.35,5.3171943679390195,164,0.2791765165237512,1,1.1249729945234417,Noise (HM.RMSE) | Noise (HM.MAE),Noise (LM.RMSE) | Noise (LM.MAE),0.5844825660064318,HM,,0,4,0.35,0.35,0.02733040833050606,2,0.5,1,0.05,0.011,60
Oct_22_115_SRS5_stem,0.6336856888376476,429.6666929747571,448.1340430993158,0.11914419435199193,0.4408178482325846,0.5538605601989622,266.179073594819,0.005250076695432171,0.8284985424023452,0.989404732848531,3.4519603813186504e-155,0.6820044193916137,429.43736718184135,563.5998700087418,0.12822897616949358,0.4300974968349816,0.543984963999791,262.6360842456685,0.021799130980249166,3.1963328037808347,0.9897792016061726,9.557735840314304e-4,429.848,447.374,0.011932857659312197,0.35,5.318645128150579,157,0.3404119838628341,1,1.0762503105326489,Noise (HM.RMSE) | Noise (HM.MAE),Noise (LM.RMSE) | Noise (LM.MAE),0.6820044193916137,HM,,0,4,0.35,0.35,0.027933040956366773,2,0.5,1,0.05,0.012,60
Oct_22_143_SRS5_stem,-0.18449922656078793,797.8909751112543,792.8880611578876,-0.03450285485080494,0.786908251842748,1.0075620084069166,425.55062749669605,0.010634937780614629,-5.7642180831097845,0.6726216616848875,3.3822512167148753e-37,-0.18491147464312105,797.8913377682176,0,-0.03457994859267261,0.7875916353384389,1.008504240298562,427.9392940941685,0.02133948488214085,-11.540378942586463,0.6720092168942617,4.3339170330381337e-5,794.285,791.769,0.01281901652270172,0.35,5.3473611780412895,147,0.09857958528801412,1,1.0022344163171724,Noise (HM.RMSE) | Noise (HM.MAE),Noise (LM.RMSE) | Noise (LM.MAE),-0.18491147464312105,HM,AICc | Intercept,1,3,0.35,0.35,0.028867513459481287,2,0.5,1,0.05,0.013,60
Oct_22_144_SRS5_stem,0.8285822129779885,455.48075696903464,488.9599180142243,0.1549961159499521,0.4326597201577868,0.5604810958648747,374.02232868318595,0.0032284531136656455,0.38963582166003,0.9967012773646251,1.8104579638940918e-271,0.8506867170211959,455.33505637883593,1104.563061168389,0.1591310252178972,0.42907206184390406,0.5564551477810401,372.94009911116376,0.013011271790327569,1.5295021692460935,0.9967484967593854,2.451080730405021e-4,455.222,489.356,0.008622299442584573,0.35,5.345825654402436,219,0.44284604557129176,1,1.026677502481935,Noise (HM.RMSE) | Noise (HM.MAE),Noise (LM.RMSE) | Noise (LM.MAE),0.8506867170211959,HM,,0,4,0.35,0.35,0.023650808243982007,2,0.5,1,0.05,0.0086,60
Oct_22_145_SRS5_stem,1.0375244401439379,493.47404692382474,524.513382612009,0.19399584805115114,0.45478084742068403,0.5617146858280027,279.01734352667177,0.005107795776267428,0.4923060680439309,0.9961129930500019,5.659596000466936e-195,1.1143264729695634,493.0993800981429,724.7387874612251,0.20835625722666182,0.4399280226092413,0.5362429103895083,266.08442025541854,0.020582825690164726,1.8471091003800393,0.9964575242407873,8.994853664949793e-4,492.495,524.03,0.011626475184982717,0.35,5.34817858509205,162,0.5542738515747175,1,1.0740243119622037,Noise (HM.RMSE) | Noise (HM.MAE),Noise (LM.RMSE) | Noise (LM.MAE),1.1143264729695634,HM,,0,4,0.35,0.35,0.027498597046143512,2,0.5,1,0.05,0.012,60
Oct_22_146_SRS5_root,0.8140887077214299,497.46119165857215,510.8023653941738,0.06737966533132149,0.4521830288816804,0.5652719531386563,345.5185300012655,0.008457912593742439,1.0389423798071673,0.9789693852789417,3.186755551395145e-168,0.9369281830860577,497.13623568675393,550.9986583057474,0.07754671796457822,0.4418688377190776,0.5472717560970538,334.6566262659153,0.03634846269315638,3.8795356303011044,0.9802874339064969,0.0014397183452575144,497.085,510.46,0.021249946894545294,0.35,12.082112662898611,200,0.1925133295180614,1,1.1508920025539302,Noise (HM.RMSE) | Noise (HM.MAE) | Noise (HM.SE),Noise (LM.RMSE) | Noise (LM.MAE),0.9369281830860577,HM,SE,1,3,0.35,0.35,0.024748737341529162,2,0.5,1,0.05,0.021,60
Oct_22_147_SRS5_stem,0.6603409625858144,877.0864068370508,912.078555558507,0.1674265489064889,0.6259429898902455,0.7687500845483303,493.92649739206155,0.0034619623751044755,0.5242689112527344,0.9942609534778224,2.1120462523407465e-236,0.6961239771851576,876.775216939309,1224.3097669962835,0.17649917499404585,0.6090909443129228,0.7558711388971353,488.8750322519661,0.014151589204851725,2.032912192175164,0.9944516363406988,5.078608010775064e-4,876.691,912.12,0.006573439386790723,0.35,3.944063632074434,211,0.47836156830425397,1,1.0541886943666516,Noise (HM.RMSE) | Noise (HM.MAE),Noise (LM.RMSE) | Noise (LM.MAE),0.6961239771851576,HM,,0,4,0.35,0.35,0.024094993678752997,2,0.5,1,0.05,0.0066,60
Oct_22_148_SRS5_stem,1.0092946689946007,528.4800483493677,569.9441568507149,0.19020233257498695,0.49860607739627355,0.6344915647957193,430.2742998062573,0.0036149681651591993,0.35816776568930214,0.9971984116894987,1.9197049263359422e-280,1.051974072025884,528.1910943540485,1047.611731782441,0.1982452978841612,0.490691768593892,0.6211300005752152,422.9844546888082,0.014534693742384433,1.3816589333227218,0.9973151648593875,3.816661942152642e-4,528.379,570.313,0.008480590053609299,0.35,5.306426347829819,220,0.5434352359285343,1,1.0422863652631773,Noise (HM.RMSE) | Noise (HM.MAE),Noise (LM.RMSE) | Noise (LM.MAE),1.051974072025884,HM,,0,4,0.35,0.35,0.02359699518621347,2,0.5,1,0.05,0.0085,60
Oct_22_149_SRS5_stem,2.426821906603774,523.36791639426,619.8574693505909,0.45729645950867776,0.7845403085632098,1.0004673827087025,610.7817062003511,0.00597819345570373,0.2463383670402884,0.9987151742708494,3.2062025386216625e-307,2.4642904348399077,523.1180350154572,3644.669417451457,0.46435681497141684,0.7893843306636366,1.0151555852954506,619.0679665938593,0.02453157723953991,0.9954823868451042,0.9986775488094558,1.487583441952e-4,522.761,622.919,0.0087613746339295015,0.35,5.3068897782658695,213,1.3065613128819367,1,1.015439339876641,Noise (HM.RMSE) | Noise (HM.MAE),Noise (LM.RMSE) | Noise (LM.MAE),2.426821906603774,LM,RMSE | MAE | AICc,3,1,0.35,0.35,0.023981604843963607,2,0.5,1,0.05,0.0088,60
Oct_22_150_SRS5_stem,0.31787854958308476,451.2746583402606,464.29444341208756,0.0813736566989185,0.5769908462264063,0.7022093848368494,351.3463207527448,0.0046803612060941704,1.4723740284560636,0.966267109707823,6.828506271837961e-120,0.32807041228997413,451.2057176050303,663.4609252598044,0.08398266928602342,0.5771466145545752,0.7015265029504387,353.1339635082397,0.01903696954439208,5.802708452588442,0.9663326866695634,3.9566835704035296e-4,451.614,464.262,0.008492187191949104,0.35,3.9064061082965877,162,0.23249616199690998,1,1.0320621278795206,Noise (HM.RMSE) | Noise (HM.MAE),Noise (LM.RMSE) | Noise (LM.MAE),0.32807041228997413,HM,AICc,1,3,0.35,0.35,0.027498597046143512,2,0.5,1,0.05,0.0085,60
Oct_22_151_SRS5_stem,0.6136097975967723,559.1257742207791,586.4659286363635,0.15712732422749673,0.5650915967244626,0.6898720299533654,372.8316306493489,0.004054578959601567,0.6607748076190261,0.9924597113989462,9.150440074218193e-186,0.6211909488902906,559.0691004782543,1643.2606895861811,0.15906863289300333,0.5675645327864822,0.6936490677101732,376.8375913673512,0.016423487610272135,2.6438710415229685,0.992377513935641,1.4671635021987678e-4,558.742,587.047,0.007810351262755007,0.35,3.9051756313775035,175,0.44893521207856213,1,1.0123550036573898,Noise (HM.RMSE) | Noise (HM.MAE),Noise (LM.RMSE) | Noise (LM.MAE),0.6211909488902906,HM,AICc,1,3,0.35,0.35,0.026457513110645904,2,0.5,1,0.05,0.0078,60
Oct_22_152_SRS5_stem,0.9745379516525166,481.8970234841874,518.2000336705511,0.18521943972634508,0.5558646803945974,0.6754843464567666,412.66255362196534,0.004475338524050585,0.459226704969446,0.995862585610071,9.527820681782674e-236,0.9830255342736866,481.84328504980795,2455.9019763782285,0.18683257885043814,0.564626393399276,0.6853678171906539,420.49826136533056,0.01819739265185305,1.851161746810401,0.9957415612781192,9.464388251025671e-5,482.284,517.759,0.009347898940936674,0.35,5.261531689612929,198,0.529198399218129,1,1.008709340264048,Noise (HM.RMSE) | Noise (HM.MAE),Noise (LM.RMSE) | Noise (LM.MAE),0.9830255342736866,HM,RMSE | AICc,2,2,0.35,0.35,0.02487341690815455,2,0.5,1,0.05,0.0093,60
Oct_22_153_SRS5_root,1.5336961934501283,535.770374974821,554.9898671765928,0.12898988054880425,0.5670886624516513,0.7061937272279052,329.62726759081704,0.015926194121805792,1.038419094330475,0.9840810532702382,4.4078716645902e-136,1.7785990900617552,535.2753949513983,609.422244397626,0.14958717714176678,0.550409882400549,0.6706521122266204,316.1429787190785,0.06731053604291218,3.784469272419063,0.9856430822715353,0.0020174448173991472,534.804,553.871,0.02774345116188889,0.35,11.890050497952382,151,0.3685425158537265,1,1.1596814921087502,Noise (HM.RMSE) | Noise (HM.MAE) | Noise (HM.SE),Noise (LM.RMSE) | Noise (LM.MAE),1.7785990900617552,HM,SE,1,3,0.35,0.35,0.028482596056990578,2,0.5,1,0.05,0.028,60
Oct_22_154_SRS5_root,1.1615828331242748,451.3686516185268,471.10343839897865,0.09769696425966258,0.6549947918365049,0.8171185737882658,502.64272845666636,0.01169322389062005,1.0066629393247086,0.9798412341458612,1.9378936192357484e-173,1.4161252417540555,450.67857987825255,510.1509102058965,0.11910570058850908,0.6134572544605736,0.7612676494498241,475.8376542096609,0.05029400244497897,3.5515222073637567,0.9825028012625278,0.002002707812731299,449.837,471.97,0.020499398705011277,0.35,11.88965124890654,204,0.2791341835990359,1,1.219134099929099,Noise (HM.RMSE) | Noise (HM.MAE) | Noise (HM.SE),Noise (LM.RMSE) | Noise (LM.MAE),1.4161252417540555,HM,SE,1,3,0.35,0.35,0.02450490147049017,2,0.5,1,0.05,0.02,60
Oct_22_155_SRS5_stem,0.847870985526474,468.1071892694425,509.57298595578095,0.21596769107467964,0.5659950321521563,0.7153760088231094,426.71503530868387,0.0036358365985989373,0.4288195563551822,0.9964634824294897,1.6112999563587795e-237,0.8607319908419465,468.0022666842738,1835.5799178540021,0.21924361591501026,0.5659398189713984,0.7187112766622566,430.60511215825335,0.014783614124982806,1.7175629908354917,0.9964307048090265,1.6031529597422488e-4,466.386,509.419,0.007119536549539003,0.35,3.9259158687457933,194,0.6170505459276561,1,1.01516858759766,Noise (HM.RMSE) | Noise (HM.MAE),Noise (LM.RMSE) | Noise (LM.MAE),0.8607319908419465,HM,AICc,1,3,0.35,0.35,0.025128535551620833,2,0.5,1,0.05,0.0071,60
Oct_22_156_SRS5_stem,0.6681023698502029,445.39533699658534,472.4627521692915,0.170235315551611,0.5180221257475329,0.6334246787825312,316.0213069309245,0.004256055495294159,0.6370364314451423,0.9935485792873813,2.838390194934673e-176,0.6916223195930413,445.2398388351071,847.7857822458726,0.1762282984340514,0.5132306062719244,0.6294348343598408,316.0902078748187,0.017319046323031426,2.504119059260863,0.9936295963337399,4.377843108810681e-4,445.039,472.036,0.00858502202854752,0.35,3.9245814987645806,161,0.48638661586174575,1,1.0352041106336922,Noise (HM.RMSE) | Noise (HM.MAE),Noise (LM.RMSE) | Noise (LM.MAE),0.6916223195930413,HM,AICc,1,3,0.35,0.35,0.02758386421836852,2,0.5,1,0.05,0.0086,60
Oct_22_157_SRS5_stem,0.6429499226216301,439.1437512517709,456.66947633443516,0.12170642418516874,0.4879228172592736,0.5946294672874032,266.91551206700797,0.00627588581663598,0.9761080289186503,0.9864642927697695,1.0254327850083555e-135,0.6532011014061417,439.0972913558271,993.840408996602,0.12364690861428032,0.48807559647032905,0.5948358856172101,269.13166606243226,0.0253412068393884,3.8795413517883772,0.9864550225019635,2.228903877890886e-4,439.309,456.082,0.012751570835122893,0.35,5.282793631693771,145,0.34773264052905356,1,1.0159439770094574,Noise (HM.RMSE) | Noise (HM.MAE),Noise (LM.RMSE) | Noise (LM.MAE),0.6532011014061417,HM,AICc,1,3,0.35,0.35,0.029065917948808986,2,0.5,1,0.05,0.013,60
Oct_22_158_SRS5_root,1.0542932510971328,458.6339532645326,473.9116716207405,0.08831051072952548,0.4834308388694506,0.6102853932712009,329.9288368072584,0.010992869005610613,1.0426765982017874,0.9814323863121228,6.564003972493896e-152,1.0688411134194513,458.59854945099306,1009.5751023530097,0.08952907980446723,0.4831354152959307,0.6110206184913407,332.4451795260679,0.04455720394711751,4.1687397114216065,0.9813880217935885,1.6249163296135524e-4,459.098,473.452,0.02401418356553833,0.35,11.93847982972477,175,0.2523157449415014,1,1.013798686757389,Noise (HM.RMSE) | Noise (HM.MAE) | Noise (HM.SE),Noise (LM.RMSE) | Noise (LM.MAE),1.0688411134194513,HM,SE | AICc,2,2,0.35,0.35,0.026457513110645904,2,0.5,1,0.05,0.024,60
Oct_22_159_SRS5_root,-3.34207590929708,606.8381145976658,544.4193626559758,-0.27990471722730975,1.02606617639027,1.2937634703579028,760.5308626588537,0.01603196228403082,-0.47970072251897866,0.9948717895439824,1.4891266033514473e-257,-4.2210536479592164,609.4404898087643,444.6353057840809,-0.35352064399453614,0.5035255148531486,0.6308865816395545,439.4210287292187,0.03708423647900768,-0.8785540192538672,0.9987805650121221,0.002145082062112733,609.042,547.608,0.0186563258383242,0.35,11.940048536527488,225,0.7997277635065992,1,1.2630035231147716,Noise (HM.RMSE) | Noise (HM.MAE) | Noise (HM.SE),Noise (LM.RMSE) | Noise (LM.MAE),-4.2210536479592164,HM,SE,1,3,0.35,0.35,0.02333333333333333,2,0.5,1,0.05,0.019,60
Oct_22_160_SRS5_stem,0.5566756347851287,442.08737954221783,468.19687030255426,0.14113238248830504,0.4092612969346384,0.5225436651965075,294.07068235809265,0.002829720541049303,0.5083248420135268,0.995216734636694,8.447792753782917e-217,0.5758314335379461,441.93901195914475,839.7882856325232,0.1459888973912703,0.40745883852506337,0.5182601392077486,293.08083327446764,0.011454553159862893,1.9892198467675457,0.9952948343748758,3.66945240450841e-4,441.221,467.581,0.007422165604021138,0.35,3.9443508638512337,187,0.40323537853801444,1,1.0344110601503358,Noise (HM.RMSE) | Noise (HM.MAE),Noise (LM.RMSE) | Noise (LM.MAE),0.5758314335379461,HM,,0,4,0.35,0.35,0.02559453484444957,2,0.5,1,0.05,0.0074,60
Oct_22_161_SRS5_stem,0.3442351288616296,511.6332030153992,521.747910908651,0.06483787111058821,0.44496055207300916,0.5496477836692515,265.42149929384766,0.005171626446641573,1.5023529015600219,0.9657693633563462,1.9055189625831963e-116,0.38325462275858097,511.4468154112875,563.3174688165597,0.07218732706082001,0.43655976229129073,0.5430895977282026,263.7340286282861,0.022005272110873705,5.741684719282623,0.9665813437452557,0.0013916795398124457,511.439,520.003,0.011835724097176101,0.35,5.309167666447565,158,0.1852510603159663,1,1.113351284123695,Noise (HM.RMSE) | Noise (HM.MAE),Noise (LM.RMSE) | Noise (LM.MAE),0.38325462275858097,HM,,0,4,0.35,0.35,0.02784450494615055,2,0.5,1,0.05,0.012,60
Oct_22_162_SRS5_stem,0.7834984983516172,443.6493974594925,469.4800783304602,0.14760389069124405,0.44896953981591914,0.5685368686382664,308.54302222357376,0.004490903776474653,0.5731860094081804,0.9942507116646396,3.394181795446284e-198,0.7934906405721234,443.59404212283175,1440.2196704948549,0.14948631812561683,0.45120573345959375,0.5715913306230305,312.5336249290061,0.018238236566066015,2.2984816245489506,0.9941893155255727,1.4999244838786763e-4,443.469,469.427,0.010555911482954821,0.35,5.308115488571568,177,0.42172540197498304,1,1.0127532372321433,Noise (HM.RMSE) | Noise (HM.MAE),Noise (LM.RMSE) | Noise (LM.MAE),0.7934906405721234,HM,AICc,1,3,0.35,0.35,0.026307610980099008,2,0.5,1,0.05,0.011,60
Oct_22_163_SRS5_root,1.5620003962049638,428.09955194218605,438.5150406504065,0.1301936088527555,0.43097106460571005,0.5473012698709899,138.53328127553928,0.03159679962733894,2.0228419726465194,0.9682899411291637,3.4672606863670544e-61,1.6340632274780424,428.0211915228799,548.2510867775679,0.13620008624570887,0.42857909712180514,0.5461196684997235,140.39777919216317,0.1297702592790227,7.941569034590276,0.9684267148019254,0.0011328304491756442,427.983,437.914,0.051841134810845145,0.35,11.997519770509877,81,0.3719817395793015,1,1.046134963504595,Noise (HM.RMSE) | Noise (HM.MAE) | Noise (HM.SE),Noise (LM.RMSE) | Noise (LM.MAE),1.6340632274780424,HM,SE | AICc,2,2,0.35,0.35,0.03888888888888889,2,0.5,1,0.05,0.052,60
Oct_22_164_SRS5_CWD,4.645488668765409,503.3558830317337,550.6000844479413,0.387247552591866,0.6343074779529688,0.7899555787330512,297.25903296037376,0.02426345099014498,0.5223013706455399,0.996682805156492,4.474490175650998e-152,5.165763922651682,502.4999434543717,747.2583509998091,0.430617654879752,0.5309194188831943,0.6887055328254104,265.6542574651071,0.09128201107031901,1.7670573498345676,0.9974786520413231,0.0017593579693470241,504.267,549.203,0.03413545187619498,0.35,11.996173087919951,123,1.106421578833903,1,1.111995807326884,Noise (HM.RMSE) | Noise (HM.MAE) | Noise (HM.SE),Noise (LM.RMSE) | Noise (LM.MAE),5.165763922651682,HM,SE,1,3,0.35,0.35,0.03155843721336013,2,0.5,1,0.05,0.034,60
Oct_22_189_CP40_stem,0.13229359052999928,452.3867022598714,459.82163508462935,0.02590568928487089,0.6535517355688213,0.8291079551952014,717.9106453574971,0.003010494766519455,2.2756164939349697,0.8701583934353389,1.8222508313132446e-129,0.18244992081433103,451.94845614966863,467.3632456147276,0.035727286104564264,0.6447523404184897,0.8089458592384059,705.7378572434496,0.014910748277116363,8.172515619938354,0.8763965397791961,0.0023177278019624,452.713,459.335,0.006206106270541647,0.35,5.106738874045698,289,0.07401625509963113,1,1.3791289516248948,Noise (HM.RMSE) | Noise (HM.MAE) | Intercept (HM),Noise (LM.RMSE) | Noise (LM.MAE),0.18244992081433103,HM,Intercept (HM),0,4,0.35,0.35,0.020588235294117647,2,0.5,1,0.05,0.0062,60
Oct_22_190_CP40_stem,0.11524276832851096,457.8136797887475,463.8113075119297,0.02263255744597059,0.691683604033256,0.8472346540991833,675.2792030915407,0.003457439128910532,3.0001354350103413,0.8066875528769012,8.885041933841038e-97,0.2647462999259858,456.7321741122821,464.29119806444453,0.05199359516080495,0.5776987416081661,0.7312664820828653,598.7359483451825,0.022209364101953646,8.388923323258018,0.8559863254450536,0.0068783477192093136,456.216,462.655,0.006699871273799831,0.35,5.091902168087872,267,0.06466444984563026,1,2.297292088396386,Noise (HM.RMSE) | Noise (HM.MAE) | Exaggerated curvature (g-fact),Noise (LM.RMSE) | Noise (LM.MAE) | Intercept (LM),0.11524276832851096,LM,g-fact. > 2 | Intercept (LM),0,4,0.35,0.35,0.02141965214767366,2,0.5,1,0.05,0.0067,60
Oct_22_191_CP40_stem,0.7510644970798951,445.83303873722684,453.4109042663846,0.06532642697549804,0.5204489346216786,0.6652734933545418,244.8965552496062,0.020966560001348826,2.7915791630233975,0.9163818113811231,1.4603693364818126e-64,0.9247336874997493,445.5548929764567,467.5639947188482,0.08043190424138671,0.5015353957580861,0.6529479622019696,242.6266251348239,0.09634008377941743,10.418143632238287,0.9194515000770797,0.003654483730540787,445.657,452.469,0.034393035722074396,0.35,11.497100512807728,118,0.18664693421570872,1,1.231230727980183,Noise (HM.RMSE) | Noise (HM.MAE) | Noise (HM.SE),Noise (LM.RMSE) | Noise (LM.MAE),0.9247336874997493,HM,SE,1,3,0.35,0.35,0.03222011162644132,2,0.5,1,0.05,0.034,60
Oct_22_192_CP40_stem,7.423950865378739,841.7512271169604,1232.956717936686,2.7167047973592053,1.8965159330518055,2.540664220198311,692.7673266311912,0.013818047168774132,0.18612794480111627,0.9994979179929837,1.1521003207057545e-239,7.523239261930527,840.8764518504121,15358.11793441042,2.7530381821196372,2.0788516669281143,2.6589611178420447,708.1709025158069,0.05848527873509123,0.7773949052908815,0.9994504375184426,1.8963920834594807e-4,845.055,1232.7,0.006596182778713838,0.35,2.7327042940385904,146,7.762013706740587,1,1.0133740643428575,Noise (HM.RMSE) | Noise (HM.MAE) | Noise (HM.SE),Noise (LM.RMSE) | Noise (LM.MAE),7.423950865378739,LM,RMSE | MAE | SE | AICc,4,0,0.35,0.35,0.028966206101082876,2,0.5,1,0.05,0.0066,60
Oct_22_193_CP40_stem,0.9988885065137852,599.8866725366511,754.199530613936,0.3674115668506782,2.9701423767835573,3.298950787597644,2221.4936136159045,0.003585473575210424,0.3589463240220937,0.9945794355059321,0,1.2923737386026182,592.7432052837787,970.2661932834109,0.47536142138011855,0.9811440970546876,1.255740309777747,1404.4663848740806,0.006613558523100531,0.5117373036573348,0.9992145970772017,0.0012591588763876326,596.506,748.171,0.002260217014646766,0.35,2.7187181804751104,424,1.0497473338590808,1,1.293811801992921,Noise (HM.RMSE) | Noise (HM.MAE),Noise (LM.RMSE) | Noise (LM.MAE),1.2923737386026182,HM,,0,4,0.35,0.35,0.01699750259125212,2,0.5,1,0.05,0.0023,60
Oct_22_194_CP40_stem,1.342035337385861,534.8879285985925,644.1291037289063,0.35699730434743115,0.6538958670045641,0.8185974412193878,756.8447739330571,0.001988216437622061,0.14814933573171707,0.9993266417057186,0,1.3641850486573048,534.585861533816,3856.856285804972,0.36288939004420734,0.6637863376297856,0.8376620752648476,773.0795946935372,0.008214206200339493,0.6021328417595766,0.9992952091060046,1.0922933527418032e-4,535.779,644.892,0.0042857682537095,0.35,3.7592310111109044,308,1.0199922981355176,1,1.0165045663511285,Noise (HM.RMSE) | Noise (HM.MAE),Noise (LM.RMSE) | Noise (LM.MAE),1.342035337385861,LM,RMSE | MAE | AICc,3,1,0.35,0.35,0.01994310088043664,2,0.5,1,0.05,0.0043,60
Oct_22_195_CP40_stem,2.6102795901387443,898.1030125911684,1227.9601585650084,0.9588870522495346,0.8754180395505765,1.077067894865592,1042.3375641097095,0.001585246109600764,0.06073089318054635,0.9998724030709933,0,2.6534616695600897,897.190375635159,10998.078058238738,0.9747500031007644,0.8495811174501093,1.0555635843692588,1030.3882313835916,0.006299834075327135,0.2374194490011822,0.9998775534499442,9.650141984843013e-5,897.357,1226.62,0.002761649271323287,0.35,2.7221971388758117,347,2.739677292141528,1,1.0165430858765019,Noise (HM.RMSE) | Noise (HM.MAE),Noise (LM.RMSE) | Noise (LM.MAE),2.6534616695600897,HM,,0,4,0.35,0.35,0.018788984448325663,2,0.5,1,0.05,0.0028,60
Oct_22_196_CP40_stem,2.528705027978199,795.1165476562603,1171.803517185665,0.9323934889341703,1.500950373724843,1.8545847565616023,1663.8514269324348,0.0021396574497505585,0.08461475047808563,0.9997094022742629,0,2.6070450198812907,793.1858898352406,7139.079537564475,0.9612793010654491,1.3060804112961681,1.6420572148322143,1566.818650504544,0.007753334326148288,0.29739932632622235,0.999772188622504,1.514805249548148e-4,793.181,1168.53,0.0023437536484308603,0.35,2.7120577931842815,407,2.6639813969547728,1,1.0309802808300372,Noise (HM.RMSE) | Noise (HM.MAE),Noise (LM.RMSE) | Noise (LM.MAE),2.6070450198812907,HM,,0,4,0.35,0.35,0.017348855898381338,2,0.5,1,0.05,0.0023,60
Oct_22_197_CP40_stem,3.3440910641925368,604.6105351074707,850.2168885956064,1.240436128727958,1.0391310983100277,1.2751805668595262,670.9329781212076,0.004255843760911609,0.1272645893672523,0.9996777973343437,0,3.504472108656446,602.6730001685252,3337.7499707797115,1.2999268657017116,0.7552370513284342,0.9362797845513412,549.4441686662716,0.012939927181065104,0.3692404099636578,0.9998263011069247,4.752798110143229e-4,601.4,848.941,0.004741531677539906,0.35,2.695899439515547,200,3.544103224937023,1,1.047959532615968,Noise (HM.RMSE) | Noise (HM.MAE),Noise (LM.RMSE) | Noise (LM.MAE),3.504472108656446,HM,,0,4,0.35,0.35,0.024748737341529162,2,0.5,1,0.05,0.0047,60
Oct_22_198_CP40_stem,1.0534339442914147,456.14874685314714,480.99405314685333,0.388207910839159,0.595845560785351,0.7575647681692578,154.76144038594887,0.0138045137029208,1.3104299303936247,0.9891273766515094,8.548713335879567e-64,1.1850249221373095,455.65175182053156,572.9185505998237,0.4367013725048533,0.5629817661635448,0.7222967219650943,150.83717318889526,0.0571102592531026,4.819329803638104,0.9901161511923338,0.003723998412600732,455.728,480.491,0.014611594624247007,0.35,2.71358185878873,65,1.1091654595404543,1,1.1249162119362013,Noise (HM.RMSE) | Noise (HM.MAE) | Noise (HM.SE),Noise (LM.RMSE) | Noise (LM.MAE),1.1850249221373095,HM,SE,1,3,0.35,0.35,0.04341215710622296,2,0.5,1,0.05,0.015,60
Oct_22_199_CP40_stem,3.5447996835172293,608.9818712910984,719.9480705693661,1.3054846973913852,243.11504069767432,245.40364934474135,2387.2568272563312,2.0587233427583596,58.07728296555388,0.011359224155383707,0.08691677725290338,3.8862925530344143,607.2541059545583,1262.3173609123496,1.4312502568659933,243.1150406976745,245.40240032596859,2389.351740227377,8.750517951237903,225.16364457445454,0.01136928780153923,0.0021849038944463696,793.963,418.362,0.011050692795344673,0.35,2.7153130868561197,172,3.7299562782611004,1,1.0963362954203235,Noise (HM.RMSE) | Noise (HM.MAE) | Noise (HM.SE),Noise (LM.RMSE) | Noise (LM.MAE) | Noise (LM.SE) | No detect. flux (p-val.),3.8862925530344143,HM,SE | AICc | p-value | Intercept,2,2,0.35,0.35,0.026687249808205814,2,0.5,1,0.05,0.011,60
Oct_22_200_CP40_stem,4.214382600470854,577.985603903148,665.3844160252061,1.1204975913084363,151.88921744867943,153.30743084598322,2057.69488408366,2.009606923864874,47.68449176020112,0.02105296424611436,0.0375856869697634,4.236578653055022,577.9066647149386,7878.4543187906875,1.1263989595075024,151.88994873056814,153.30782466240566,2059.800602511684,8.03716598503566,189.70888169962365,0.02104797642185552,1.5428965234939003e-4,693.495,474.076,0.016663414061192885,0.35,3.7611706023835376,159,3.2014216894526757,1,1.0052667388532044,Noise (HM.RMSE) | Noise (HM.MAE) | Noise (HM.SE),Noise (LM.RMSE) | Noise (LM.MAE) | Noise (LM.SE),4.236578653055022,HM,SE | AICc | Intercept,2,2,0.35,0.35,0.027756805500135043,2,0.5,1,0.05,0.017,60
Oct_22_216_CP40_stem,0.7926483501439031,600.3375607347516,638.104983391277,0.20981901475847442,1.0898274171391154,1.3022328058383257,618.7536991704483,0.007028093660462708,0.8866597223329584,0.9859689597924091,6.284346395795887e-169,1.105212762644213,598.035612370958,674.4458579583446,0.2925567850035903,0.6936538568890281,0.8631616549201238,471.1558179420067,0.02385504935030361,2.1584124031675667,0.9938355138184809,0.003828763835983325,598.16,636.927,0.0073050835274363745,0.35,3.7777717670456683,182,0.5994828993099269,1,1.3943292286466813,Noise (HM.RMSE) | Noise (HM.MAE),Noise (LM.RMSE) | Noise (LM.MAE),1.105212762644213,HM,,0,4,0.35,0.35,0.025943726083138538,2,0.5,1,0.05,0.0073,60
Oct_22_217_CP40_stem,1.7947107600886045,491.232809942325,607.7611415299062,0.4775751294573003,0.8315547218014501,1.0277932251594257,717.704621838745,0.0035001508272102366,0.19502590083303645,0.9990690038741821,0,1.91004189602148,490.0029342335514,1479.7754047967223,0.5082649115650764,0.6978912778196502,0.8695213553070023,637.49603999863,0.012393228340917706,0.6488458900682843,0.9993336584759704,5.135169209908198e-4,491.777,607.484,0.005368521843517663,0.35,3.757965290462364,246,1.3645003698780007,1,1.0642616841095784,Noise (HM.RMSE) | Noise (HM.MAE),Noise (LM.RMSE) | Noise (LM.MAE),1.91004189602148,HM,,0,4,0.35,0.35,0.02231518495721684,2,0.5,1,0.05,0.0054,60
Oct_22_218_CP40_stem,1.2247231578119806,485.14923279407316,582.8124618273904,0.32663287302112787,0.6662883117952978,0.8771930086578976,783.9783585163885,0.0021910162596916537,0.1788989001894923,0.9990375788746884,0,1.2535268034171583,484.7675633758748,2623.4100819632295,0.3343147866499268,0.6454283933323761,0.8643678431972817,777.1364129608017,0.00880662188914294,0.7025475534416797,0.9990655497214853,1.5632102314638025e-4,485.148,580.878,0.004374463815898757,0.35,3.7495404136275066,302,0.9332367800603655,1,1.023518495115775,Noise (HM.RMSE) | Noise (HM.MAE),Noise (LM.RMSE) | Noise (LM.MAE),1.2535268034171583,HM,,0,4,0.35,0.35,0.020140236817695258,2,0.5,1,0.05,0.0044,60
Oct_22_219_CP40_stem,2.321454854041862,523.8999124814824,669.4174134119291,0.611418071136331,1.9502140328388824,2.3043556553828877,1087.8967165668687,0.008236282828364753,0.3547897050000625,0.9970005555459946,1.8407942179449843e-302,2.789137080612019,519.203135798426,986.642980040101,0.7345948645064051,0.8640054983987483,1.0651432990033027,719.5531934232479,0.017404732793638352,0.6240185509211057,0.9993591477927903,0.0015715281304231443,519.213,665.6,0.005560221785434882,0.35,3.7968371620541053,240,1.7469087746752312,1,1.201460832096683,Noise (HM.RMSE) | Noise (HM.MAE),Noise (LM.RMSE) | Noise (LM.MAE),2.789137080612019,HM,,0,4,0.35,0.35,0.022592402852876597,2,0.5,1,0.05,0.0056,60
Oct_22_220_CP40_stem,2.7063249886417293,556.758613565799,668.6520573202771,0.7126970939775673,0.7276560511479724,0.9067349294494722,423.6024022986453,0.0060441494008795435,0.2233342051027296,0.9992175214401642,1.9021517295814054e-244,2.7551860976625275,556.4226653114321,3688.5388973146573,0.725564421646563,0.7343998225444265,0.9165609399568176,429.1139702900886,0.024706482005150663,0.8967264326032784,0.9992006714000865,2.316530958311562e-4,558.863,668.5,0.0084117414813048,0.35,3.7973004401318815,158,2.036277411364478,1,1.018054412986565,Noise (HM.RMSE) | Noise (HM.MAE),Noise (LM.RMSE) | Noise (LM.MAE),2.7551860976625275,HM,RMSE | AICc,2,2,0.35,0.35,0.02784450494615055,2,0.5,1,0.05,0.0084,60
Oct_22_221_CP40_stem,3.045741271998036,728.690461027913,942.8336250016414,0.8020343219989826,5.488779806390932,6.475285510696447,1774.4595700019365,0.01948721981745206,0.6398186213850087,0.9891475603790956,1.6473432454760168e-264,4.316677973065694,714.871310674846,1134.3035261915077,1.136709780061029,2.0392127326799194,2.6317936828571806,1292.1445508767163,0.040996000955871505,0.9497118203319727,0.9982072769022321,0.0027101155753160642,716.757,928.673,0.004959447587811049,0.35,3.797519867238175,269,2.291526634282808,1,1.4172832120549461,Noise (HM.RMSE) | Noise (HM.MAE) | Noise (HM.SE),Noise (LM.RMSE) | Noise (LM.MAE),4.316677973065694,HM,SE,1,3,0.35,0.35,0.02133987662973923,2,0.5,1,0.05,0.005,60
Oct_22_222_CP40_stem,5.670832526442178,980.4780469348658,1282.6341891762452,2.112980015673982,1.0007085975898908,1.2813746107994124,486.2305500531689,0.006942597518160411,0.12242642479368238,0.9997857139362828,1.2860548361121945e-262,5.783570551302465,979.4857407595761,8772.838895058114,2.1549867567345924,0.9530860306361054,1.2039354358538605,470.39363492100944,0.02640282915588597,0.45651434389332435,0.9998108398310152,2.765159892113933e-4,979.531,1280.95,0.006523144279418421,0.35,2.683807932103579,144,6.03708575906852,1,1.0198803305043145,Noise (HM.RMSE) | Noise (HM.MAE),Noise (LM.RMSE) | Noise (LM.MAE),5.783570551302465,HM,,0,4,0.35,0.35,0.029166666666666664,2,0.5,1,0.05,0.0065,60
Oct_22_223_CP40_stem,4.3509925870690775,828.7022221087127,1212.9694505224247,1.6213807106063793,2.5109779589125387,3.072673564636051,1226.0152551286542,0.0077531789923127575,0.17819333950038896,0.9992416797074797,0,4.725175076186629,823.3224084573944,3332.331740543805,1.7608183809680658,1.622943195510229,1.941911118058751,1007.8235569786951,0.02089889141763446,0.44228819209172143,0.9996971144698366,7.017982589581787e-4,821.741,1211.41,0.00394633935666024,0.35,2.683510762528963,240,4.6325163160182274,1,1.0859993396057723,Noise (HM.RMSE) | Noise (HM.MAE),Noise (LM.RMSE) | Noise (LM.MAE),4.725175076186629,HM,,0,4,0.35,0.35,0.022592402852876597,2,0.5,1,0.05,0.0039,60
Oct_22_224_CP40_stem,5.5832647097822425,666.9605751027009,952.7710511920134,1.4963899271691752,8.612276894404964,9.2896155411667,1414.1915647189599,0.04532493025706091,0.811799773305548,0.9875041244634937,6.140179213132179e-184,8.217504787526629,646.3585110561719,1168.088842795114,2.202401646652163,2.7668063376053253,3.518219991703731,1041.493738302407,0.09151628459665519,1.1136748558463634,0.9982076732210976,0.004221341012149888,649.645,939.765,0.0068015870122354934,0.35,3.7311563038549,193,4.27539979191193,1,1.4718099919441445,Noise (HM.RMSE) | Noise (HM.MAE) | Noise (HM.SE),Noise (LM.RMSE) | Noise (LM.MAE) | Noise (LM.SE),8.217504787526629,HM,SE,1,3,0.35,0.35,0.025193551276204307,2,0.5,1,0.05,0.0068,60
Oct_22_225_CP40_CWD,6.271349369825576,433.5171078343097,513.9154062704072,0.5544710236972242,1.1793656081154034,1.421171951801815,526.67142465234,0.031627464926734024,0.5043167436805338,0.9963003474515397,1.9795293547976575e-178,7.558500485509072,430.89852539018756,685.1401985030609,0.6682723692577095,0.705947194412853,0.8416459630410853,374.76524646757343,0.08617903468955515,1.1401604703839736,0.9987024426163406,0.002628492650616812,430.108,511.745,0.027114233325014114,0.35,11.31050875843446,147,1.5842029248492124,1,1.205243088812208,Noise (HM.RMSE) | Noise (HM.MAE) | Noise (HM.SE),Noise (LM.RMSE) | Noise (LM.MAE),7.558500485509072,HM,SE,1,3,0.35,0.35,0.028867513459481287,2,0.5,1,0.05,0.027,60
Oct_22_228_BL60_stem,10.380979306191948,740.2973326534992,1257.0040055817944,3.827456836505891,0.8807310084975877,1.092473904616935,416.19007441443415,0.006520037363853047,0.06280753647167023,0.9999467481788405,1.9304425053681505e-288,10.543959456971116,738.9496753184889,17354.182839309084,3.88754745743049,0.9436196069859017,1.17453252065735,438.0133226616923,0.028284179677881202,0.2682500799942016,0.9999385614923701,2.3397489635329266e-4,739.677,1256.13,0.006980027916342155,0.35,2.712239418921523,136,10.935590961445403,1,1.0156998820604484,Noise (HM.RMSE) | Noise (HM.MAE),Noise (LM.RMSE) | Noise (LM.MAE),10.380979306191948,LM,RMSE | MAE | AICc,3,1,0.35,0.35,0.030012252399939043,2,0.5,1,0.05,0.007,60
Oct_22_229_BL60_stem,11.106728491140565,437.7635649990776,604.3893010748156,0.9687542795101052,0.9639855476524584,1.1753574131940037,556.158940434658,0.020621347284963277,0.18566535862844022,0.9994039942171834,1.7325832897282692e-279,11.798828190631065,436.0580613611878,1892.0738761127986,1.0291207993421054,0.672892700737593,0.8928508753183965,462.58647061444583,0.06532351704795153,0.553644107639622,0.9996560712911391,7.068060586400076e-4,438.759,603.334,0.02319500458314121,0.35,11.464959408238371,174,2.7678693700288726,1,1.0623135516495756,Noise (HM.RMSE) | Noise (HM.MAE) | Noise (HM.SE),Noise (LM.RMSE) | Noise (LM.MAE),11.798828190631065,HM,SE,1,3,0.35,0.35,0.026533431525261615,2,0.5,1,0.05,0.023,60
Oct_22_230_BL60_stem,10.648620258434033,581.8609748747656,718.314624159581,0.9282561175837779,0.6804558956802096,0.8569025927987624,382.9887539346822,0.019041414083222765,0.17881578665688058,0.9995269910417393,1.6000365005109332e-246,10.91847059354443,581.289495545531,3369.6172093450996,0.9517793739605713,0.6450779145965042,0.8168726957915734,370.8444000931797,0.07347926824405004,0.672981326592525,0.9995701517016687,3.413441573779758e-4,580.032,715.908,0.027128879014563626,0.35,11.471640269015477,149,2.652160335953651,1,1.0253413426867832,Noise (HM.RMSE) | Noise (HM.MAE) | Noise (HM.SE),Noise (LM.RMSE) | Noise (LM.MAE),10.91847059354443,HM,SE,1,3,0.35,0.35,0.028673117218166417,2,0.5,1,0.05,0.027,60
Oct_22_231_BL60_stem,34.679665454060135,941.8973876430206,1283.9079281464528,3.026641951357808,1.574897499890775,1.9226566614056526,478.7815702886136,0.06325706909278889,0.18240391960119973,0.9996241756127949,7.234611606791359e-194,35.057313711415,941.2722870340823,16222.23976369136,3.0596009215093947,1.7542670131571254,2.1201208931751956,503.2208276158074,0.28035742068044306,0.7997116464435664,0.9995436254271196,2.0022298497677875e-4,941.65,1285.1,0.03517847793262532,0.35,11.458132812340818,114,8.64754843245088,1,1.0108896165061088,Noise (HM.RMSE) | Noise (HM.MAE) | Noise (HM.SE),Noise (LM.RMSE) | Noise (LM.MAE) | Noise (LM.SE),34.679665454060135,LM,RMSE | MAE | SE | AICc,4,0,0.35,0.35,0.03278050340535928,2,0.5,1,0.05,0.035,60
Oct_22_232_BL60_stem,12.591783965275749,455.9202499471846,625.1549110557,1.098926370834516,0.7874602203706283,0.9663409357926468,438.1842828094214,0.020004517189286884,0.15886960294469127,0.9996089389716789,1.562939452068207e-264,13.236605941956121,454.4944131780797,2226.9868486401465,1.1552021040127403,0.5712381291940158,0.7209388971362507,348.88704450835456,0.06158899317336152,0.4652929417362396,0.9997823389605137,6.517388062711779e-4,454.48,623.623,0.02587349009120588,0.35,11.458259897534033,156,3.1397896309557605,1,1.0512097394982787,Noise (HM.RMSE) | Noise (HM.MAE) | Noise (HM.SE),Noise (LM.RMSE) | Noise (LM.MAE),13.236605941956121,HM,SE,1,3,0.35,0.35,0.028022426915890245,2,0.5,1,0.05,0.026,60
Oct_22_233_BL60_stem,9.106158740949498,459.53452120800625,578.7264486828664,0.7946128498324009,0.5750319125306236,0.7063385343176061,331.83063985646163,0.01517470910584745,0.16664226418114456,0.9995808529317499,1.880683430853636e-255,9.241721696040594,459.2379599215262,4456.0718184123125,0.8064422137981565,0.5899350766716681,0.7323866494274862,344.94962769605564,0.06358573682259291,0.6880291239438078,0.9995496977946009,2.017702617498019e-4,459.158,577.927,0.02656260902854306,0.35,11.459868466600007,152,2.270322428092574,1,1.0148869527698308,Noise (HM.RMSE) | Noise (HM.MAE) | Noise (HM.SE),Noise (LM.RMSE) | Noise (LM.MAE),9.106158740949498,LM,RMSE | MAE | SE | AICc,4,0,0.35,0.35,0.028388748697883444,2,0.5,1,0.05,0.027,60
Oct_22_235_BL60_stem,-11.862848338973778,1323.0343939393947,1189.0730303030307,-1.0226058292852214,1.075911824700804,1.3172684398546535,453.53517315872585,0.03517324843505559,-0.29649918324841645,0.9988496705276775,3.815111259693568e-193,-12.508122952248097,1324.2232659253707,0,-1.0782300404501066,1.0018402309295174,1.248856228674986,441.5829558537788,0.13850411424267484,-1.1073133416695535,0.998966053820795,8.142358378642718e-4,1320.87,1189.45,0.03075918522086005,0.35,11.600606997581506,132,2.9217309408149186,1,1.0543945766510692,Noise (HM.RMSE) | Noise (HM.MAE) | Noise (HM.SE),Noise (LM.RMSE) | Noise (LM.MAE) | Noise (LM.SE),-12.508122952248097,HM,SE,1,3,0.35,0.35,0.03046358979224712,2,0.5,1,0.05,0.031,60
Oct_22_57_SRS6_stem,0.900463465197296,741.4585633757423,771.1983757396913,0.17494007272911208,1.1572854241783923,2.1221385360547793,753.0916799064488,0.016962449010428066,1.88374650011053,0.9427728326939874,9.513148411894021e-108,1.442850389705788,738.788909809765,786.6767818792548,0.28031381823698254,1.0593542593650953,1.8515182368724137,708.2604304408121,0.08442024129361934,5.850935197157447,0.9564377027876885,0.0058535450861174326,728.273,770.359,0.010535344174623236,0.35,5.147268153887353,172,0.4998287792260345,1,1.6023419555280374,Noise (HM.RMSE) | Noise (HM.MAE) | Noise (HM.SE),Noise (LM.RMSE) | Noise (LM.MAE),1.442850389705788,HM,SE | Intercept,1,3,0.35,0.35,0.026687249808205814,2,0.5,1,0.05,0.011,60
Oct_22_58_SRS6_stem,-15.831129920020276,910.7758925619838,747.4629338842977,-1.360941322314051,7.80523382282633,9.134914577566917,884.9173821991657,0.2788839979708229,-1.761617770681941,0.9640866834874825,4.92560307571853e-88,-25.660509082102763,925.9249971355993,665.6059021355103,-2.205935226220664,4.962301597095216,6.391540716474657,800.631988051492,1.1157700384078275,-4.3481991523934145,0.9824184300949289,0.008473966253685348,921.66,760.013,0.033647684739397624,0.35,11.632485295620322,121,3.888403778040146,1,1.6208892992313904,Noise (HM.RMSE) | Noise (HM.MAE) | Noise (HM.SE),Noise (LM.RMSE) | Noise (LM.MAE) | Noise (LM.SE),-25.660509082102763,HM,SE,1,3,0.35,0.35,0.031818181818181815,2,0.5,1,0.05,0.034,60
Oct_22_59_SRS6_stem,2.552777272152573,670.6524753645226,801.2841057662915,0.6664879102131066,0.696847036788063,0.8358446453485234,497.01561491002815,0.004025243172795266,0.15768093897988478,0.9995104320111321,0,2.595149686000565,670.2910923485226,4653.358823646637,0.677550646419787,0.6943534684956099,0.8300276559995741,496.3335947620441,0.016162979837217505,0.6228149352774554,0.9995173289416005,1.7010773909158903e-4,671.145,800.863,0.006804911271693861,0.35,3.8301929157819736,198,1.9042511720374478,1,1.0165985549582484,Noise (HM.RMSE) | Noise (HM.MAE),Noise (LM.RMSE) | Noise (LM.MAE),2.595149686000565,HM,,0,4,0.35,0.35,0.02487341690815455,2,0.5,1,0.05,0.0068,60
Oct_22_60_SRS6_stem,1.998178611905689,774.4489905923871,857.4177745630201,0.387704597993612,0.550326221513331,0.7033226008356791,467.0567463581293,0.004001555698742264,0.2002601606733208,0.9991385006097894,0,2.101300079588141,773.7440263253754,1636.423578525773,0.40771315325194607,0.49861694433693377,0.6283493680026628,420.43835395445217,0.014782438165575531,0.7034901063951283,0.99931238048651,4.7261251551866575e-4,773.797,856.016,0.008390018895664167,0.35,5.153868750193703,216,1.1077274228388914,1,1.0516077326961797,Noise (HM.RMSE) | Noise (HM.MAE),Noise (LM.RMSE) | Noise (LM.MAE),2.101300079588141,HM,,0,4,0.35,0.35,0.02381448361039201,2,0.5,1,0.05,0.0084,60
Oct_22_61_SRS6_stem,2.228672757469829,617.6220415219415,728.1495641338057,0.5817238032203379,0.7786568346864614,0.9750423703727119,541.2947051048444,0.004927080206350759,0.22107688039155562,0.9990673539398519,4.6635342899085656e-290,2.40931937041541,616.1576806269533,1376.3339034454382,0.6288758287338899,0.5560526442498238,0.7221706079835978,428.0966548527069,0.015397316654943025,0.6390732936450949,0.9994883776584664,8.272763733680381e-4,618.171,726.831,0.00702043700485885,0.35,3.8311527655086874,192,1.6620680092009656,1,1.0810556921558396,Noise (HM.RMSE) | Noise (HM.MAE),Noise (LM.RMSE) | Noise (LM.MAE),2.40931937041541,HM,,0,4,0.35,0.35,0.02525907427704613,2,0.5,1,0.05,0.007,60
Oct_22_62_SRS6_root,1.5619508334353887,512.161594602579,532.2673689395695,0.13403849557993597,0.7257867313216808,0.8883741200052316,401.53733146206616,0.019384714106768855,1.2410578932330214,0.9772677982798625,2.2374346411652435e-125,2.3499994466504712,510.62221563794463,546.057946195926,0.20166472830000315,0.4958304229940915,0.6158448030338115,292.2622946809193,0.07303110653835072,3.1077073929716996,0.9890757339996349,0.005690999596298187,510.945,530.703,0.027010269127719037,0.35,11.65300182367307,152,0.3829671302283885,1,1.5045284373528143,Noise (HM.RMSE) | Noise (HM.MAE) | Noise (HM.SE),Noise (LM.RMSE) | Noise (LM.MAE),2.3499994466504712,HM,SE,1,3,0.35,0.35,0.028388748697883444,2,0.5,1,0.05,0.027,60
Oct_22_63_SRS6_stem,5.389376788319731,677.2453158953739,837.4514645618895,1.0402996666656859,0.7688212981070961,0.9570216214787147,435.1607771167016,0.00888243263460077,0.16481372491623628,0.9995791407602452,4.463317574095542e-262,5.674312736770351,675.8788990277826,2296.067264028915,1.0953002323779724,0.5729381082807503,0.7158271846918756,346.66697398745174,0.02735382199205951,0.48206405358666377,0.9997645440108542,6.760326490662132e-4,675.397,835.089,0.011698129759821485,0.35,5.180600322206658,156,2.97228476190196,1,1.0528699253442726,Noise (HM.RMSE) | Noise (HM.MAE),Noise (LM.RMSE) | Noise (LM.MAE),5.674312736770351,HM,,0,4,0.35,0.35,0.028022426915890245,2,0.5,1,0.05,0.012,60
Oct_22_64_SRS6_stem,1.0792365043264434,564.0187581181002,610.8869076930237,0.20830288699965968,7.664760264678973,9.284477045108419,1661.9738346760782,0.04916504864808339,4.555539814581007,0.6802758315283705,7.555403159048162e-58,1.0826086172120362,563.9918324594556,6175.30749089804,0.20895373678702497,7.664445399938698,9.28682263784548,1664.161073776216,0.19728982155037914,18.223559134273785,0.6801162799962728,3.7237922352985014e-5,568.671,609.577,0.008023815660701648,0.35,5.181092398053065,227,0.5951511057133134,1,1.003124535606491,Noise (HM.RMSE) | Noise (HM.MAE) | Noise (HM.SE),Noise (LM.RMSE) | Noise (LM.MAE) | Noise (LM.SE),1.0792365043264434,LM,RMSE | SE | AICc | Intercept,3,1,0.35,0.35,0.023230315905999017,2,0.5,1,0.05,0.008,60
Oct_22_65_SRS6_stem,4.216823465970726,710.150510065672,882.7051268424303,0.8139368715884824,0.8501206620327233,1.034010383607176,627.7343601193808,0.005983953205902038,0.1419066568518185,0.9995712543708116,0,4.467327882365605,708.4696210580335,2283.1308129917425,0.8622895670818919,0.5729018508254915,0.708055443477405,467.73740783412035,0.01711664502780572,0.38315175152851916,0.9997989590917504,5.476032377625225e-4,709.482,880.769,0.00851300989730457,0.35,5.180774594645352,214,2.3255339188242354,1,1.0594059529445377,Noise (HM.RMSE) | Noise (HM.MAE),Noise (LM.RMSE) | Noise (LM.MAE),4.467327882365605,HM,,0,4,0.35,0.35,0.023925507445863213,2,0.5,1,0.05,0.0085,60
Oct_22_66_SRS6_root,4.389451152782523,635.7370404056344,705.8585633040807,0.37498140587404444,1.1179789058461576,1.3671475670943716,660.6991128515804,0.021559775347543657,0.4911724631877193,0.9954848618248717,1.8263321712530335e-221,5.493643123507626,632.9454389465368,824.0036495756322,0.46931015977186585,0.5132401317624666,0.6370812625807384,374.15180988236995,0.04755842657359028,0.8656992364517626,0.9990195399067655,0.0024563726323332206,632.358,702.899,0.021792682043380848,0.35,11.705783497587428,189,1.0713754453544129,1,1.2515558169556444,Noise (HM.RMSE) | Noise (HM.MAE) | Noise (HM.SE),Noise (LM.RMSE) | Noise (LM.MAE),5.493643123507626,HM,SE,1,3,0.35,0.35,0.025458753860865775,2,0.5,1,0.05,0.022,60
Oct_22_7_SRS6_stem,2.1290425651404292,618.1818649278061,680.2976925943176,0.5546056041652809,0.7370186284393007,0.9816163283298286,639.0815775195547,0.007718751783648148,0.3625456771052874,0.9970512963793314,1.2852449138412473e-285,2.400283767353538,616.9063448945266,905.3094392941625,0.6252626653678107,0.60065348182812,0.7955028359679882,546.1322609623707,0.027200489895830987,1.1332197578381,0.9980634396317344,0.002168016493267556,615.992,678.784,0.011890214554297807,0.35,3.8388406989590065,226,1.5845874404722315,1,1.1274005539646024,Noise (HM.RMSE) | Noise (HM.MAE) | Noise (HM.SE),Noise (LM.RMSE) | Noise (LM.MAE),2.400283767353538,HM,SE,1,3,0.35,0.35,0.023281653683320875,2,0.5,1,0.05,0.012,60
Oct_22_84_FLM30_stem,0.9436652561317282,657.8387790054593,697.9501831395405,0.1823245642458237,1.116341454850796,1.4206181820288684,792.0037001397957,0.007775850879136812,0.8240052103869515,0.9852152900342949,1.5710119276824944e-203,0.9484264688780749,657.8038859757359,4131.771276638918,0.18324447311564662,1.1224400372481893,1.429209527521512,796.7549925237956,0.03139215973234292,3.3099202481640715,0.9850373639778204,5.2747896715479866e-5,661.759,698.412,0.008196879522341598,0.35,5.175743926964267,222,0.5209273264166392,1,1.0050454466935275,Noise (HM.RMSE) | Noise (HM.MAE) | Noise (HM.SE),Noise (LM.RMSE) | Noise (LM.MAE),0.9436652561317282,LM,RMSE | SE | AICc | Intercept,3,1,0.35,0.35,0.02349046193249085,2,0.5,1,0.05,0.0082,60
Oct_22_85_FLM30_stem,1.9144527063666534,434.156331340904,531.4283050753122,0.36985541343881473,2.9558142041899425,3.580477382244628,1434.142330036215,0.015022361425399316,0.7846817722601006,0.9840038802072065,2.0239593450249492e-238,2.9176585384542344,426.412296197481,594.4412659841565,0.5636659508091336,1.4773577783641765,1.7395406771465078,1053.6104516073722,0.03990591838964435,1.3677377891789344,0.9962242610862264,0.0033545760086772345,429.429,526.275,0.006862411868726271,0.35,5.176219238124959,265,1.0567297526823278,1,1.52401703565272,Noise (HM.RMSE) | Noise (HM.MAE) | Noise (HM.SE),Noise (LM.RMSE) | Noise (LM.MAE),2.9176585384542344,HM,SE,1,3,0.35,0.35,0.02150032908918829,2,0.5,1,0.05,0.0069,60
Oct_22_86_FLM30_stem,2.1398190079894652,545.5463362212425,642.2914750493935,0.4134407642228673,1.6199014885057712,2.543367019189529,1116.4491501654047,0.012711002609964486,0.5940223244351639,0.9917756383435277,3.7060507384742257e-246,2.3914993472987254,543.6962502846069,1024.3909278411727,0.46206866753402587,1.6528695684799914,2.4138914039360815,1093.8574919062996,0.05223618217711844,2.184244049078285,0.9925916825235851,9.612518904573306e-4,531.52,639.735,0.00770839442011664,0.35,5.175636253506887,236,1.1812593263510496,1,1.117617582781328,Noise (HM.RMSE) | Noise (HM.MAE) | Noise (HM.SE),Noise (LM.RMSE) | Noise (LM.MAE),2.3914993472987254,HM,MAE | SE | Intercept,2,2,0.35,0.35,0.022783059421644176,2,0.5,1,0.05,0.0077,60
Oct_22_87_FLM30_stem,0.9059425045878574,424.1872311145206,462.7598478389044,0.17693860882744872,0.6487835699904064,0.7940902473934937,528.998474225853,0.0043585396160453265,0.4811055441126661,0.9949564193909128,1.303747151485658e-252,1.023797507157412,423.3742771734962,599.4134528149325,0.19995673645962017,0.5697446794057904,0.709513363038595,481.52158395126315,0.017063379335236366,1.6666752180920108,0.9959735677064436,0.0011358649898866836,423.255,462.637,0.008182800392911577,0.35,5.120095102993244,220,0.5055388823641392,1,1.1300910399641426,Noise (HM.RMSE) | Noise (HM.MAE),Noise (LM.RMSE) | Noise (LM.MAE),1.023797507157412,HM,,0,4,0.35,0.35,0.02359699518621347,2,0.5,1,0.05,0.0082,60
Oct_22_88_FLM30_stem,1.0662051530160142,503.2514689584139,544.7120270522728,0.20834451303446694,0.6350476974739655,0.7856978258206246,479.5795493507056,0.004948547455324673,0.46412713738313244,0.9957101094521923,9.218964328416001e-238,1.0921071217252467,503.0847218589827,1383.0740048754997,0.2134059527040218,0.6303114881704269,0.7829087980133881,480.23226688277657,0.01998428827227104,1.8298835228453627,0.995740522545344,2.4250971781438873e-4,503.781,544.301,0.008955642702571922,0.35,5.117510115755385,201,0.5952700372413342,1,1.0242936067566009,Noise (HM.RMSE) | Noise (HM.MAE),Noise (LM.RMSE) | Noise (LM.MAE),1.0921071217252467,HM,AICc,1,3,0.35,0.35,0.024687096555050938,2,0.5,1,0.05,0.009,60
Oct_22_8_SRS6_stem,5.226492423441244,612.6669430859995,860.4683197164143,1.3615460254418397,2.2741010947687217,2.7201198558595845,1786.9021892822084,0.01035938829119448,0.1982091898714285,0.9985602413047764,0,5.991170414206856,606.8102109232491,1632.2011329287448,1.5607511891956707,0.6511133042193711,0.8274519917669729,913.0474698736672,0.01386517524185193,0.23142682119295846,0.9998667708552005,0.0015221035760128426,605.423,854.72,0.007341671580610823,0.35,3.838645426433659,368,3.8901315012624,1,1.1463080645321455,Noise (HM.RMSE) | Noise (HM.MAE),Noise (LM.RMSE) | Noise (LM.MAE),5.991170414206856,HM,,0,4,0.35,0.35,0.018245011229994043,2,0.5,1,0.05,0.0073,60
Oct_22_90_FLM30_stem,0.6416314899023232,441.1754083445345,472.7168129576492,0.1677734287931633,0.6442576231677818,0.8031163565584437,462.0085190528756,0.004113146686717172,0.6410450159394957,0.9922928023124238,8.27248964360687e-201,0.7554860680333517,440.2774978969431,551.9963849011278,0.19754405766262487,0.5476309052728994,0.6974925407597282,410.5127441878592,0.0160964432941296,2.130607561835145,0.9941867541317162,0.0017682243616983517,441.127,471.588,0.0070822088535064795,0.35,3.824392780893499,190,0.4793526536947523,1,1.1774454339021934,Noise (HM.RMSE) | Noise (HM.MAE),Noise (LM.RMSE) | Noise (LM.MAE),0.7554860680333517,HM,,0,4,0.35,0.35,0.02539166875385041,2,0.5,1,0.05,0.0071,60
Oct_22_91_FLM30_stem,2.3988676110993357,478.94772638665285,552.6032763704583,0.4661743669861106,8.709301659101303,9.910319704240461,1194.1586915289458,0.08866433397886522,3.696091171043523,0.8213495158179631,3.432797683991869e-61,2.4107008019823506,478.88486796716614,6935.3134182201675,0.46847392292816914,8.711245417563784,9.914801575114193,1196.4075948778998,0.3542714988795383,14.695788817435007,0.8211892265549848,7.2559297958902e-5,494.082,540.491,0.011327362810816756,0.35,5.145859105485327,160,1.3319267628174591,1,1.0049328236490684,Noise (HM.RMSE) | Noise (HM.MAE) | Noise (HM.SE),Noise (LM.RMSE) | Noise (LM.MAE) | Noise (LM.SE),2.4107008019823506,HM,SE | AICc | Intercept,2,2,0.35,0.35,0.027669929526473316,2,0.5,1,0.05,0.011,60
Oct_22_92_FLM30_stem,4.420280595473106,529.5888497961255,699.6183403193576,0.8587348006223843,0.7669914295430528,0.9505965645111959,553.4316507293707,0.006037138128906565,0.13657816508502454,0.999628930526376,0,4.479691532989407,529.2052461154163,6812.8817575033745,0.8702766560500912,0.8142462809856522,1.0158543345285127,582.0725284272196,0.026108825044987335,0.5828264033966705,0.9995766343543709,1.384980042293523e-4,529.326,698.369,0.009053275645432231,0.35,5.1474338669743265,200,2.4535280017782406,1,1.0134405353309799,Noise (HM.RMSE) | Noise (HM.MAE) | Noise (HM.SE),Noise (LM.RMSE) | Noise (LM.MAE),4.420280595473106,LM,RMSE | MAE | SE | AICc,4,0,0.35,0.35,0.024748737341529162,2,0.5,1,0.05,0.0091,60
Oct_22_93_FLM30_stem,1.9538648896023487,540.3850886339626,611.7481688123456,0.37959085201267545,1.0980441142317419,1.3522083115361825,659.986510962081,0.009308217617760838,0.47640027042275424,0.99572873349735,6.62145781585739e-225,2.413512714891028,537.7210499431694,741.7509452302588,0.46888981559792775,0.5352840195750841,0.699939483396504,411.84352684666254,0.022567244155025395,0.9350373012658574,0.9988555667875347,0.0022981427056959244,536.09,609.319,0.009532021899088338,0.35,5.147291825507703,190,1.084545291464787,1,1.2352505681097667,Noise (HM.RMSE) | Noise (HM.MAE),Noise (LM.RMSE) | Noise (LM.MAE),2.413512714891028,HM,,0,4,0.35,0.35,0.02539166875385041,2,0.5,1,0.05,0.0095,60
Oct_22_94_FLM30_stem,1.76442401243679,611.6362539600298,677.7293648667896,0.4654444430053512,1.2142776747026243,1.4428795316581322,520.4182741331157,0.0111517709648148,0.6320346405518162,0.9943198311026866,1.47742336895768e-161,2.259296443055441,608.708862439177,775.6170335511341,0.5959888139753955,0.534263925823572,0.674670436036769,303.6051536758451,0.024958840433419078,1.1047173782854758,0.9987581061859607,0.003570758759171974,609.543,674.582,0.00927827235894258,0.35,3.790836992367969,144,1.329841265729575,1,1.2804725095161216,Noise (HM.RMSE) | Noise (HM.MAE),Noise (LM.RMSE) | Noise (LM.MAE),2.259296443055441,HM,,0,4,0.35,0.35,0.029166666666666664,2,0.5,1,0.05,0.0093,60
Oct_22_95_FLM30_stem,2.392902902506121,489.2939395136779,577.0495020171319,0.6313349820392373,1.0662795631409578,1.2698392443820974,473.68291717688726,0.010125247722060285,0.42313658909669805,0.9974995987592848,5.96332297195888e-183,2.43434323407643,489.04300038167946,3080.569034691284,0.6422684515754398,1.0681202289926937,1.2646627641806247,474.6499341810284,0.040678741660503386,1.6710355832765946,0.9975199433692242,2.4783407269398446e-4,490.876,574.028,0.009475567529843461,0.35,3.7902270119373846,141,1.8038142343978207,1,1.0173180163419535,Noise (HM.RMSE) | Noise (HM.MAE) | Noise (HM.SE),Noise (LM.RMSE) | Noise (LM.MAE),2.43434323407643,HM,SE | AICc,2,2,0.35,0.35,0.02947531723732816,2,0.5,1,0.05,0.0095,60
Oct_22_96_FLM30_stem,0.09580437534948123,507.2126330201349,509.9929508724836,0.018785931434788843,0.5382506209970692,0.6629298645545667,306.5055484818846,0.006482994993465531,6.7669090997320875,0.5949458747403038,7.297342255097434e-31,0.3831425222925892,506.23032422124606,509.58121825178046,0.07512902335915717,0.4696708492362598,0.5773198877289635,267.41254782303594,0.06477938467515618,16.907385869764408,0.692807273681523,0.02242059064672236,506.577,509.075,0.011979381245733585,0.35,5.099793730326584,149,0.053674089813682414,1,3.999217372848973,Noise (HM.RMSE) | Noise (HM.MAE) | Noise (HM.SE) | Exaggerated curvature (g-fact),Noise (LM.RMSE) | Noise (LM.MAE),0.09580437534948123,LM,SE | g-fact. > 2 | Intercept,1,3,0.35,0.35,0.028673117218166417,2,0.5,1,0.05,0.012,60
Oct_22_97_FLM30_stem,0.29388225994005995,476.6719116961789,485.7045071431099,0.05753245507599374,0.5720707160382263,0.7326430305840362,358.44854371782304,0.006508890842938264,2.214795423264342,0.928038018530989,7.679534974900532e-92,0.41576300765714397,476.107555111799,493.71281007606285,0.08139268619063077,0.5568182925046142,0.6920094080054894,342.4086722915395,0.03140499068365437,7.553579829197377,0.93579893011901,0.004623204057870578,475.986,485.363,0.011315439352213158,0.35,5.108112621856226,159,0.16437844307426785,1,1.4147264545397968,Noise (HM.RMSE) | Noise (HM.MAE),Noise (LM.RMSE) | Noise (LM.MAE),0.41576300765714397,HM,,0,4,0.35,0.35,0.027756805500135043,2,0.5,1,0.05,0.011,60
Oct_22_98_FLM30_stem,1.639162397620827,461.78646319461683,517.6112076604526,0.32083186474618264,0.8293124499137273,1.0332213182549066,517.1097567426881,0.007939294319102435,0.48435068609589726,0.99591126729875,5.9375727639161926e-210,1.9407681992090546,460.14062179752824,652.3147692552939,0.3798649122845279,0.589233914780937,0.7316318187085858,397.708071061388,0.02541305906061056,1.3094329900380406,0.9979498427539459,0.0019766702093371395,459.578,514.404,0.01021820197889387,0.35,5.109100989446935,176,0.916662470703379,1,1.1839999514544717,Noise (HM.RMSE) | Noise (HM.MAE),Noise (LM.RMSE) | Noise (LM.MAE),1.9407681992090546,HM,,0,4,0.35,0.35,0.026382242650554315,2,0.5,1,0.05,0.01,60
Oct_22_99_FLM30_root,1.4797216506596533,451.85710854303886,478.13321077939105,0.12817610847001065,0.4862646594346038,0.6001830828122957,382.20327897939546,0.008139822471377617,0.5500914626577857,0.9938048576832014,1.6424834810159853e-228,1.5956180040061947,451.5209726344505,637.9320791460963,0.13821525573206675,0.472582204117885,0.581178060579446,370.9615606037816,0.03335369862287768,2.090331052866974,0.9941909888451625,7.414539740604563e-4,452.344,477.172,0.019614343212392242,0.35,11.544442005008005,207,0.366217452771459,1,1.078323077380719,Noise (HM.RMSE) | Noise (HM.MAE) | Noise (HM.SE),Noise (LM.RMSE) | Noise (LM.MAE),1.5956180040061947,HM,SE,1,3,0.35,0.35,0.02432668163999205,2,0.5,1,0.05,0.02,60
