no,index,flux_id,plot,date,start_time,end_time,component,status,species,analyzer,analyzer_id,chamber,chamber_class,chamber_vol,chamber_area,height,diameter,stem_temp,air_temp,soil_temp,lenticels,above,water_depth,datetime,date_only,time_period,analyzer_cell_volume_cm3,tubing_volume_cm3,filter_volume_cm3,chamber_volume_cm3,surface_area_cm2,total_system_volume_cm3,analyzer_cell_volume_L,tubing_volume_L,chamber_volume_L,filter_volume_L,total_system_volume_L,CO2_LM.flux,CO2_LM.C0,CO2_LM.Ct,CO2_LM.slope,CO2_LM.MAE,CO2_LM.RMSE,CO2_LM.AICc,CO2_LM.SE,CO2_LM.se.rel,CO2_LM.r2,CO2_LM.p.val,CO2_HM.flux,CO2_HM.C0,CO2_HM.Ci,CO2_HM.slope,CO2_HM.MAE,CO2_HM.RMSE,CO2_HM.AICc,CO2_HM.SE,CO2_HM.se.rel,CO2_HM.r2,CO2_HM.k,CO2_C0,CO2_Ct,CO2_MDF,CO2_prec,CO2_flux.term,CO2_nb.obs,CO2_k.max,CO2_k.mult,CO2_g.fact,CO2_HM.diagnose,CO2_LM.diagnose,CO2_best.flux,CO2_model,CO2_quality.check,CO2_HM.score,CO2_LM.score,CO2_RMSE.lim,CO2_MAE.lim,CO2_SE.lim,CO2_g.limit,CO2_g.reverse,CO2_k.ratio.lim,CO2_p.val.lim,CO2_MDF.lim,CO2_warn.nb.obs,CH4_LM.flux,CH4_LM.C0,CH4_LM.Ct,CH4_LM.slope,CH4_LM.MAE,CH4_LM.RMSE,CH4_LM.AICc,CH4_LM.SE,CH4_LM.se.rel,CH4_LM.r2,CH4_LM.p.val,CH4_HM.flux,CH4_HM.C0,CH4_HM.Ci,CH4_HM.slope,CH4_HM.MAE,CH4_HM.RMSE,CH4_HM.AICc,CH4_HM.SE,CH4_HM.se.rel,CH4_HM.r2,CH4_HM.k,CH4_C0,CH4_Ct,CH4_MDF,CH4_prec,CH4_flux.term,CH4_nb.obs,CH4_k.max,CH4_k.mult,CH4_g.fact,CH4_HM.diagnose,CH4_LM.diagnose,CH4_best.flux,CH4_model,CH4_quality.check,CH4_HM.score,CH4_LM.score,CH4_RMSE.lim,CH4_MAE.lim,CH4_SE.lim,CH4_g.limit,CH4_g.reverse,CH4_k.ratio.lim,CH4_p.val.lim,CH4_MDF.lim,CH4_warn.nb.obs
286,Mar_23_286,Mar_23_286_SRS6_stem,SRS6,3/10/23,16:19:00,16:21:00,stem,dead,RHMA,LGR,LGR3,B5,B,NA,NA,180,12,27.5,28.3,26.3,NA,sediment,30,2023-03-10T16:19:00.000000Z,2023-03-10,March_2023,70,29,849,418.99555555555554,107.68,1366.9955555555557,0.07,0.029,0.4189955555555556,0.849,1.3669955555555555,0.49797876481984227,507.89483982003054,522.9288116782266,0.09699336682707098,0.5374453304586548,0.6620519660055464,322.20643669611786,0.006077744953993772,1.220482756165831,0.9772869910316242,1.6062155891890378e-129,0.5046040111692218,507.8613221383202,1063.8958286286802,0.09828379323655365,0.5387204941502003,0.6631688932687153,324.8420251197428,0.024482710793928886,4.851866067651703,0.977210843078837,1.7675844230767646e-4,508.081,523.524,0.01151893253965753,0.35,5.134152789104499,157,0.2771239052202028,1,1.0133042748354468,Noise (HM.RMSE) | Noise (HM.MAE),Noise (LM.RMSE) | Noise (LM.MAE),0.5046040111692218,HM,AICc,1,3,0.35,0.35,0.027933040956366773,2,0.5,1,0.05,0.012,60,-0.3633363967698423,2052.290748382494,2041.3216277091005,-0.07076852047350456,1.7021027235894037,2.1352166880601047,689.8939564882272,0.019601637209596172,-5.394900534011997,0.6871140159427664,3.6446925496579956e-41,-0.5414860851429568,2053.1113579113653,2033.4796817150939,-0.10546746608166349,1.6746532470353694,2.105438132015746,687.590262760214,0.1037941623621721,-19.168389587475655,0.6957804164843749,0.0053723108015450325,2051.56,2042.78,0.02962011224483365,0.9,5.134152789104499,157,0.07863168941500506,1,1.49031610913994,Noise (HM.RMSE) | Noise (HM.MAE) | Intercept (HM),Noise (LM.RMSE) | Noise (LM.MAE),-0.5414860851429568,HM,Intercept (HM),0,4,0.9,0.9,0.071827819602086,2,0.5,1,0.05,0.03,60
276,Mar_23_276,Mar_23_276_SRS6_stem,SRS6,3/10/23,14:20:00,14:23:00,stem,alive,RHMA,LGR,LGR3,C2,C,NA,NA,80,39.5,27,30.2,25.8,NA,sediment,15,2023-03-10T14:20:00.000000Z,2023-03-10,March_2023,70,29,849,1064.6016666666667,213.35,2012.6016666666667,0.07,0.029,1.064601666666667,0.849,2.012601666666667,0.23102235373731897,592.1733436368814,607.6603737394144,0.06097255945879094,0.7296404867944676,0.8809076094774108,670.2527680243625,0.0028313476929060347,1.225573043951142,0.9629664953910427,9.670687374137946e-185,0.27362192737220964,591.7195034160474,644.8117204568335,0.07221564911809664,0.7039344309109199,0.8574674972476741,658.4543257871227,0.012468258296647038,4.556746755053146,0.964911126686858,0.0013601927578691913,591.213,606.809,0.005200528039895755,0.35,3.7889561433526224,257,0.1742073127394027,1,1.1843958947943538,Noise (HM.RMSE) | Noise (HM.MAE),Noise (LM.RMSE) | Noise (LM.MAE),0.27362192737220964,HM,,0,4,0.35,0.35,0.021832400154313186,2,0.5,1,0.05,0.0052,60,0.7934866242512187,2068.9993513139393,2122.1922611641635,0.20942090492214288,6.652809204110988,7.950943493367841,1801.100636145561,0.025555330972482165,3.2206379025730523,0.7900067612059305,1.2978135214595015e-88,0.7939416646405358,2068.9927202772747,16950.82807359975,0.20954100142685314,6.657076687872694,7.955922670248785,1803.4862898373565,0.10218945485486491,12.871154066606657,0.7897463118210962,1.4080319829641955e-5,2076.17,2122.65,0.013372786388303373,0.9,3.7889561433526224,257,0.23268989435793655,1,1.0005734695146833,Noise (HM.RMSE) | Noise (HM.MAE),Noise (LM.RMSE) | Noise (LM.MAE),0.7939416646405358,HM,AICc | Intercept,1,3,0.9,0.9,0.05614045753966248,2,0.5,1,0.05,0.013,60
277,Mar_23_277,Mar_23_277_SRS6_stem,SRS6,3/10/23,14:39:30,14:42:30,stem,alive,RHMA,LGR,LGR3,C2,C,NA,NA,130,38.9,27.1,30.2,25.8,NA,sediment,15,2023-03-10T14:39:30.000000Z,2023-03-10,March_2023,70,29,849,1064.6016666666667,213.35,2012.6016666666667,0.07,0.029,1.064601666666667,0.849,2.012601666666667,0.30469842675638953,571.9912448902879,587.7456591310995,0.08037966449393663,0.7892907288418195,0.9714604545251613,556.5573027247183,0.00462662120033938,1.5184263501427346,0.9565431303392355,1.196433497393701e-135,0.30570897228964616,571.9817234158922,2373.7707714345856,0.08064624713364274,0.7911511790901643,0.974044077341233,559.6926189568359,0.018616432021120434,6.089592949035909,0.9563145139805012,4.475898397890919e-5,573.249,588.087,0.006734817642874697,0.35,3.79074021613233,198,0.22965618426839043,1,1.0033165433245397,Noise (HM.RMSE) | Noise (HM.MAE),Noise (LM.RMSE) | Noise (LM.MAE),0.30570897228964616,HM,AICc,1,3,0.35,0.35,0.02487341690815455,2,0.5,1,0.05,0.0067,60,0.16474577315794017,2007.116233717784,2015.6344042327507,0.04346005364778843,2.1831488607627976,2.673284006811968,957.4132124515114,0.012731627317233292,7.72804489801848,0.45795813762330595,4.361495527133618e-28,0.1766554300710181,2007.0155452696988,2071.979436522479,0.0466018297215995,2.181619084860525,2.6728919229304133,959.4386704077273,0.053640531117711575,30.364496067937047,0.4581171258149044,7.173497280245697e-4,2007.3400000000001,2016.5000000000002,0.017318102510249223,0.9,3.79074021613233,198,0.0482889484975427,1,1.0722911227692637,Noise (HM.RMSE) | Noise (HM.MAE),Noise (LM.RMSE) | Noise (LM.MAE),0.1766554300710181,HM,AICc,1,3,0.9,0.9,0.06396021490668313,2,0.5,1,0.05,0.017,60
278,Mar_23_278,Mar_23_278_SRS6_stem,SRS6,3/10/23,14:46:00,14:49:00,stem,alive,RHMA,LGR,LGR3,C2,C,NA,NA,180,34.5,26.6,30.2,25.8,NA,sediment,15,2023-03-10T14:46:00.000000Z,2023-03-10,March_2023,70,29,849,1064.6016666666667,213.35,2012.6016666666667,0.07,0.029,1.064601666666667,0.849,2.012601666666667,0.38620009988402276,586.652045508864,608.0452840290526,0.10187256438185044,0.6561518048669907,0.8078168310995426,517.2552679884002,0.003476579435352191,0.9002015888644824,0.983187453571869,1.6551146117751555e-188,0.38976194957818844,586.6181483171554,1666.4505296404836,0.10281211556890692,0.6584669499918677,0.8113024202735231,521.158670728034,0.014012839490040058,3.5952302437950023,0.9830438154041936,9.521118031569981e-5,586.943,608.353,0.006288408300268581,0.35,3.7910118610190593,212,0.2910644696624298,1,1.009222808837272,Noise (HM.RMSE) | Noise (HM.MAE),Noise (LM.RMSE) | Noise (LM.MAE),0.38976194957818844,HM,AICc,1,3,0.35,0.35,0.02403809869102058,2,0.5,1,0.05,0.0063,60,0.5979582871060404,2031.7243430897045,2064.8477531173676,0.1577305239412529,1.8761041369660294,2.3782998645639473,975.0929399689138,0.010235424767010176,1.7117288927538605,0.9417601859285193,7.666897683050094e-132,0.6911362570507423,2030.8923101431935,2161.058953460705,0.18230917823215634,1.859486596174019,2.349885802097669,972.0746692140125,0.04490604072197382,6.497422217957361,0.9431434803023255,0.001400582926514091,2033.5,2064.4300000000003,0.01617019277211921,0.9,3.7910118610190593,212,0.17525613771250323,1,1.155826872800206,Noise (HM.RMSE) | Noise (HM.MAE),Noise (LM.RMSE) | Noise (LM.MAE),0.6911362570507423,HM,,0,4,0.9,0.9,0.06181225377691006,2,0.5,1,0.05,0.016,60
279,Mar_23_279,Mar_23_279_SRS6_root,SRS6,3/10/23,15:00:00,15:03:00,root,alive,RHMA,LGR,LGR3,B5,B,NA,NA,60,8.5,28.9,30.2,25.8,NA,sediment,15,2023-03-10T15:00:00.000000Z,2023-03-10,March_2023,70,29,849,418.99555555555554,107.68,1366.9955555555557,0.07,0.029,0.4189955555555556,0.849,1.3669955555555555,0.009815909221273547,491.0032209245929,491.40919100037155,0.0019240287951595967,0.5979747845782086,0.75241338907671,491.66708047999543,0.0042808098002199944,43.61093510260263,0.01959820033457249,0.022828464876142762,NA,NA,NA,NA,NA,NA,NA,NA,NA,NA,NA,491.194,492.759,0.008422696452147068,0.35,5.101747565300511,214,0.00549722512902742,1,NA,HM.flux is NA,NA,0.009815909221273547,LM,HM.flux is NA,NA,NA,0.35,0.35,0.023925507445863213,2,0.5,1,0.05,0.0084,60,0.0017539776460734704,2001.7136341010057,2001.7861757700289,3.437993792564597e-4,2.1675557298474435,2.7050327453940155,1039.3287775148735,0.01539011779230596,877.4409312888872,-0.004655428650196303,0.9093711801794231,NA,NA,NA,NA,NA,NA,NA,NA,NA,NA,NA,1999.5,1998.77,0.021658362305521036,0.9,5.101747565300511,214,3.819993102849553e-4,1,NA,HM.flux is NA,NA,0.0017539776460734704,LM,HM.flux is NA,NA,NA,0.9,0.9,0.061522733432219694,2,0.5,1,0.05,0.022,60
280,Mar_23_280,Mar_23_280_SRS6_stem,SRS6,3/10/23,15:16:15,15:19:15,stem,alive,RHMA,LGR,LGR3,C2,C,NA,NA,85,26.5,27.9,28.3,26.4,NA,sediment,22,2023-03-10T15:16:15.000000Z,2023-03-10,March_2023,70,29,849,1064.6016666666667,213.35,2012.6016666666667,0.07,0.029,1.064601666666667,0.849,2.012601666666667,0.7261927136765831,480.06195658516117,523.6529292576208,0.1903535924561559,0.5749173149840944,0.7203762733920933,510.1278292979033,0.0027366096811043314,0.37684345072114106,0.9967443345461491,5.044596376112436e-287,0.7436299161957922,479.8888159539298,1415.3605798573615,0.1949243270275788,0.571229528682423,0.717214268039186,510.16673625773024,0.011087303496048551,1.4909706097850624,0.9967728665025455,2.0837008079668855e-4,480.074,523.606,0.0058053848859869065,0.35,3.8149672107913957,231,0.5438674070175882,1,1.0240118114528136,Noise (HM.RMSE) | Noise (HM.MAE),Noise (LM.RMSE) | Noise (LM.MAE),0.7436299161957922,HM,AICc,1,3,0.35,0.35,0.023028309323591914,2,0.5,1,0.05,0.0058,60,0.21341984043051618,2019.723155856336,2032.5340506185087,0.05594277188721717,1.9404024273486185,2.4227787025551724,1070.4861080275984,0.009203800704548112,4.312532839487631,0.7000106619854531,5.125502108281683e-62,0.409858710677867,2018.015809805339,2035.6046859734956,0.10743439930977647,1.819179133546602,2.3151679694908016,1051.567389258748,0.057343413097281005,13.991019735176666,0.7260676421920678,0.0061080877642585235,2018.66,2036.0299999999997,0.014928132563966332,0.9,3.8149672107913957,231,0.06215863543024129,1,1.9204339664535832,Noise (HM.RMSE) | Noise (HM.MAE),Noise (LM.RMSE) | Noise (LM.MAE),0.409858710677867,HM,,0,4,0.9,0.9,0.059215652546379206,2,0.5,1,0.05,0.015,60
281,Mar_23_281,Mar_23_281_SRS6_stem,SRS6,3/10/23,15:25:00,15:28:00,stem,alive,RHMA,LGR,LGR3,C2,C,NA,NA,135,25,27.6,28.3,26.4,NA,sediment,22,2023-03-10T15:25:00.000000Z,2023-03-10,March_2023,70,29,849,1064.6016666666667,213.35,2012.6016666666667,0.07,0.029,1.064601666666667,0.849,2.012601666666667,0.5879350196494895,534.5117164439188,561.4820785158778,0.15411635469690846,0.6756148840374381,0.8862553685070085,465.6974182436122,0.005019737395936519,0.8537911891911366,0.9873319217328228,3.574228382721014e-168,0.6437378568574865,534.0975551797917,695.153966265787,0.168744042391662,0.676577365723384,0.8665057515284579,459.8133664976517,0.02098782602776247,3.260306319441587,0.9878902304239289,0.0010477325382692278,534.638,561.323,0.007586404193309721,0.35,3.8148775372071744,177,0.440332441991167,1,1.0949132733091238,Noise (HM.RMSE) | Noise (HM.MAE),Noise (LM.RMSE) | Noise (LM.MAE),0.6437378568574865,HM,,0,4,0.35,0.35,0.026307610980099008,2,0.5,1,0.05,0.0076,60,0.16304266594832645,1994.707119879821,2002.186381340425,0.04273863691773656,1.921842883760921,2.436609025650811,823.7179635902149,0.01380091774895591,8.464605058242775,0.44050301690653226,4.6667449326530605e-24,0.29495635328029784,1993.8191326779984,2004.560838864362,0.07731738447788597,1.899361746239513,2.4030782287044543,820.906479725938,0.08475181076054523,28.73367866736722,0.4557958245390741,0.007197868116709286,1994.49,2002.9599999999998,0.019507896497082143,0.9,3.8148775372071744,177,0.047487374353040616,1,1.8090746465945249,Noise (HM.RMSE) | Noise (HM.MAE),Noise (LM.RMSE) | Noise (LM.MAE),0.29495635328029784,HM,,0,4,0.9,0.9,0.0676481425202546,2,0.5,1,0.05,0.02,60
282,Mar_23_282,Mar_23_282_SRS6_stem,SRS6,3/10/23,15:32:00,15:35:00,stem,alive,RHMA,LGR,LGR3,C2,C,NA,NA,185,25,27.5,28.3,26.4,NA,sediment,22,2023-03-10T15:32:00.000000Z,2023-03-10,March_2023,70,29,849,1064.6016666666667,213.35,2012.6016666666667,0.07,0.029,1.064601666666667,0.849,2.012601666666667,0.6165609787662317,558.9325314693691,597.717210632617,0.16160282984686625,0.6709036101562404,0.8477316648109442,612.9145852917014,0.003007153677086215,0.4877301322415302,0.9942996204669784,1.6009012814277736e-271,0.6931774616274352,558.1498362315366,742.0727746484505,0.18168428305212792,0.6234324831880963,0.7724397372932407,569.9656053592623,0.011913825301361817,1.7187265831451957,0.9952672215345965,9.878282970897767e-4,559.109,596.274,0.00554087146512322,0.35,3.8152857802705604,242,0.4617223709910465,1,1.1242642423049813,Noise (HM.RMSE) | Noise (HM.MAE),Noise (LM.RMSE) | Noise (LM.MAE),0.6931774616274352,HM,,0,4,0.35,0.35,0.022498852128662875,2,0.5,1,0.05,0.0055,60,0.12173709390241778,1993.0082058546898,2000.6660601333037,0.03190772616089189,1.9590552465088034,2.4366946468886157,1123.93804492833,0.008643672958661426,7.100278708468295,0.45022078657753806,3.0713438743173726e-33,0.12332314390883602,1992.9914384509702,2285.3589884154403,0.03232343551997056,1.958837232428349,2.4367252525952368,1126.0120601285707,0.034772418552338584,28.196182363014806,0.4502071043332255,1.1055753459608858e-4,1990.1,1999.23,0.014247955196031139,0.9,3.8152857802705604,242,0.035453029067657654,1,1.0130284858589576,Noise (HM.RMSE) | Noise (HM.MAE),Noise (LM.RMSE) | Noise (LM.MAE),0.12332314390883602,HM,AICc | Intercept,1,3,0.9,0.9,0.057854191187990255,2,0.5,1,0.05,0.014,60
283,Mar_23_283,Mar_23_283_SRS6_root,SRS6,3/10/23,15:44:00,15:47:00,root,alive,RHMA,LGR,LGR3,B5,B,NA,NA,60,11.5,28.8,28.3,26.4,NA,sediment,22,2023-03-10T15:44:00.000000Z,2023-03-10,March_2023,70,29,849,418.99555555555554,107.68,1366.9955555555557,0.07,0.029,0.4189955555555556,0.849,1.3669955555555555,0.7300890003214688,581.4054785554429,615.8187035700892,0.14220340915143106,0.6687353599725837,0.852677272213441,620.7674202256247,0.004015273465706481,0.5499704096265657,0.9927034483900867,8.544590313707635e-261,0.7550350679540159,581.2116062909544,1108.8512114965934,0.14706229054905298,0.6636373400963168,0.8481721164265644,620.2495804256354,0.016359674335744926,2.1667436427921363,0.9927803479679705,2.787173083637985e-4,580.93,615.028,0.007394819331382794,0.35,5.1341174215029115,244,0.4062954547183745,1,1.0341685296197627,Noise (HM.RMSE) | Noise (HM.MAE),Noise (LM.RMSE) | Noise (LM.MAE),0.7550350679540159,HM,,0,4,0.35,0.35,0.022406453988256796,2,0.5,1,0.05,0.0074,60,0.5842980308774475,2011.5671437358897,2039.1084155580193,0.11380690835590702,1.9344537110698155,2.537162899479997,1152.892690370976,0.011947548269947142,2.0447695591247097,0.9077352309870461,1.9185686695004953e-127,0.6175199564701465,2011.3100114968438,2272.953255401178,0.12027772366168042,1.9310998206085375,2.5343262732689382,1154.4141501421545,0.04968453043547683,8.045817777207139,0.9079414253597827,4.5970124000472223e-4,2012.1000000000001,2036.1,0.019015249709270043,0.9,5.1341174215029115,244,0.12645212039545223,1,1.0568578428080773,Noise (HM.RMSE) | Noise (HM.MAE),Noise (LM.RMSE) | Noise (LM.MAE),0.6175199564701465,HM,AICc,1,3,0.9,0.9,0.057616595969803196,2,0.5,1,0.05,0.019,60
284,Mar_23_284,Mar_23_284_SRS6_stem,SRS6,3/10/23,16:02:00,16:05:00,stem,dead,RHMA,LGR,LGR3,B5,B,NA,NA,80,15,27.5,28.3,26.3,NA,sediment,30,2023-03-10T16:02:00.000000Z,2023-03-10,March_2023,70,29,849,418.99555555555554,107.68,1366.9955555555557,0.07,0.029,0.4189955555555556,0.849,1.3669955555555555,0.06700524569939978,541.7228424888674,543.8629094418328,0.013049188737593673,0.5888997414146694,0.7463448778683641,380.1033368709539,0.006281880104196145,9.3752064314158865,0.405989304780353,1.6543594574569117e-20,0.08568124247114763,541.6291417943854,547.0469915257764,0.01668631601312892,0.5874091597277423,0.7453580103865358,381.7643526705708,0.030179972459390348,35.22354670516499,0.4075591481417269,0.0030798779664279767,541.269,543.524,0.010892044112511852,0.35,5.134820795898445,166,0.037283396393124786,1,1.2787243980200067,Noise (HM.RMSE) | Noise (HM.MAE),Noise (LM.RMSE) | Noise (LM.MAE),0.08568124247114763,HM,AICc | Intercept,1,3,0.35,0.35,0.027165268399721648,2,0.5,1,0.05,0.011,60,0.9772645992358052,2054.238525893163,2085.451181727753,0.19032107216213223,1.8165629672270156,2.3403347840760125,759.5333456044319,0.01969826946389033,2.015653639689174,0.9371505377444319,1.1270146924368225e-100,1.3282735304567983,2052.4977407879146,2119.3931728480015,0.25867962744051104,1.7463428748340952,2.2207588948639816,744.2219022535784,0.09411688149383897,7.085655125678205,0.9434088640380696,0.003866925131870878,2051.37,2085.87,0.02800811343217334,0.9,5.134820795898445,166,0.21146785795792467,1,1.359174916901188,Noise (HM.RMSE) | Noise (HM.MAE),Noise (LM.RMSE) | Noise (LM.MAE),1.3282735304567983,HM,,0,4,0.9,0.9,0.06985354731356995,2,0.5,1,0.05,0.028,60
285,Mar_23_285,Mar_23_285_SRS6_stem,SRS6,3/10/23,16:09:30,16:12:30,stem,dead,RHMA,LGR,LGR3,B5,B,NA,NA,130,13,27.9,28.3,26.3,NA,sediment,30,2023-03-10T16:09:30.000000Z,2023-03-10,March_2023,70,29,849,418.99555555555554,107.68,1366.9955555555557,0.07,0.029,0.4189955555555556,0.849,1.3669955555555555,0.10392931364620747,527.2208389236844,530.924547598262,0.020238845216271537,0.5931172121770776,0.7282074587331389,413.78721275079874,0.005217747010998111,5.020476733600092,0.6826183505885126,1.0705027184462401e-47,0.18168061424382856,526.8134707787175,532.2595337746287,0.035379872159986725,0.5742855903859005,0.7095356117209188,406.26598085968044,0.030784188201444785,16.94412380185493,0.6986855480240795,0.006496412580344561,527.09,530.227,0.009767930289786998,0.35,5.135140495202307,185,0.05782527204649011,1,1.7481171372140427,Noise (HM.RMSE) | Noise (HM.MAE),Noise (LM.RMSE) | Noise (LM.MAE),0.18168061424382856,HM,,0,4,0.35,0.35,0.025732511773283267,2,0.5,1,0.05,0.0098,60,0.04927831956917159,1992.2448560567825,1994.0009779174372,0.009596294320517942,1.832183295399602,2.294644119787347,838.4536265980844,0.016441568063795903,33.36470928298803,0.04158220183917527,0.0031032841358511107,0.05222068773996883,1992.2275917300935,2008.1936264840326,0.010169281208324858,1.8319189900496982,2.2946220167282356,840.5396881092436,0.06830596323217472,130.80249645945295,0.04160066559699904,6.36932172893832e-4,1994.02,1996.06,0.025117535030880853,0.9,5.135140495202307,185,0.010662549245019933,1,1.0597091823853095,Noise (HM.RMSE) | Noise (HM.MAE),Noise (LM.RMSE) | Noise (LM.MAE),0.05222068773996883,HM,AICc | Intercept,1,3,0.9,0.9,0.0661693159884427,2,0.5,1,0.05,0.025,60
287,Mar_23_287,Mar_23_287_SRS6_root,SRS6,3/10/23,16:27:00,16:30:00,root,dead,RHMA,LGR,LGR3,B5,B,NA,NA,40,10.5,25.5,28.3,26.3,NA,sediment,30,2023-03-10T16:27:00.000000Z,2023-03-10,March_2023,70,29,849,418.99555555555554,107.68,1366.9955555555557,0.07,0.029,0.4189955555555556,0.849,1.3669955555555555,0.3900157383353202,512.890143285455,523.3718840824741,0.07595464345666071,0.6056607688615356,0.7419662246473089,319.912824151212,0.008029831169497775,2.0588479848969685,0.9443360348829821,1.1793113823935337e-88,0.39263257741389995,512.8783703451403,1224.9545207986653,0.07646426668377801,0.6072074658503125,0.7428518588938531,322.366667367799,0.031892317571222184,8.122687572509395,0.9442041637433176,1.0738214815238162e-4,513.345,524.053,0.012929479656519596,0.35,5.13485049216064,140,0.21701326701903062,1,1.0067095730283835,Noise (HM.RMSE) | Noise (HM.MAE),Noise (LM.RMSE) | Noise (LM.MAE),0.39263257741389995,HM,AICc,1,3,0.35,0.35,0.029580398915498077,2,0.5,1,0.05,0.013,60,2.368682336868581,2132.896682835974,2196.5554325867033,0.4612952880487642,1.901824271055937,2.3342599060902907,640.8338274539708,0.025262218587567803,1.0665093497072586,0.9844338871716559,7.561620107185994e-127,2.8366502251074097,2130.9330008324146,2336.955300797946,0.5524309285028093,1.762348387607517,2.157149729138845,620.8596641207233,0.10530919733374826,3.712449155755914,0.9867064083343917,0.0026814132673755866,2127.7200000000003,2196.6,0.03324723340247897,0.9,5.13485049216064,140,0.5125503200541823,1,1.197564646366843,Noise (HM.RMSE) | Noise (HM.MAE),Noise (LM.RMSE) | Noise (LM.MAE),2.8366502251074097,HM,,0,4,0.9,0.9,0.0760638829255665,2,0.5,1,0.05,0.033,60
288,Mar_23_288,Mar_23_288_SRS6_root,SRS6,3/10/23,16:33:30,16:36:30,root,dead,RHMA,LGR,LGR3,A4,A,NA,NA,70,7.5,27.3,28.3,26.3,NA,sediment,30,2023-03-10T16:33:30.000000Z,2023-03-10,March_2023,70,29,849,212.53666666666663,40.45,1160.5366666666666,0.07,0.029,0.21253666666666665,0.849,1.1605366666666663,0.036901135190634086,514.360362119205,514.8341178807945,0.0031795688697282007,0.7121418904425586,0.9085074879996947,403.0602988162021,0.020016039917149443,54.242341905594635,0.01584412124184198,0.0672446204540137,NA,NA,NA,NA,NA,NA,NA,NA,NA,NA,NA,514.276,515.589,0.027079976030054197,0.35,11.605704012880372,150,0.009084482484937716,1,NA,HM.flux is NA,Noise (LM.RMSE) | Noise (LM.MAE) | No detect. flux (p-val.),0.036901135190634086,LM,HM.flux is NA,NA,NA,0.35,0.35,0.02857738033247041,2,0.5,1,0.05,0.027,60,-0.08774384735842418,1987.5421836644587,1986.415683002207,-0.007560407129205029,2.1751403284096464,2.7891694850698077,739.5691062981098,0.06145037711441663,-70.03383025068236,0.006923841227574612,0.1554327395467437,-0.08771386701751181,1987.5421573866765,1479.4262235650351,-0.0075578238873026775,2.175095853992128,2.78917727389268,741.6814225614767,0.2464158723951292,-280.9314886846033,0.006918359591527423,1.487421154156449e-5,1991.79,1981.76,0.06963422407728223,0.9,11.605704012880372,150,0.008400452365783366,1,0.9996583197361987,Noise (HM.RMSE) | Noise (HM.MAE) | Noise (HM.SE),Noise (LM.RMSE) | Noise (LM.MAE) | No detect. flux (p-val.),-0.08771386701751181,HM,SE | AICc | p-value | Intercept,2,2,0.9,0.9,0.07348469228349534,2,0.5,1,0.05,0.07,60
262,Mar_23_262,Mar_23_262_SRS6_stem,SRS6,3/11/23,15:52:15,15:55:15,stem,alive,LARA,LGR,LGR3,D2,D,NA,NA,?,25.5,26.8,23.6,26.4,NA,sediment,20,2023-03-11T15:52:15.000000Z,2023-03-11,March_2023,70,29,849,2190.644,462.19,3138.644,0.07,0.029,2.1906440000000003,0.849,3.138644,1.1735077861288008,525.7031155002147,582.46741391155,0.4204762845284099,0.8688941517439964,1.0901220151654527,415.60387870811394,0.006694691942600948,0.5704855154549574,0.9956254517202742,3.6702256804803166e-160,1.1810470226152754,525.6407245948884,4504.067854765066,0.4231776472151215,0.884504116169781,1.1116781210258502,423.05345342475556,0.02737275655677341,2.317668647617433,0.9954522407065125,1.0636807797885193e-4,527.779,585.119,0.007182466440228692,0.35,2.790901245346006,136,1.201360812938314,1,1.006424530433961,Noise (HM.RMSE) | Noise (HM.MAE),Noise (LM.RMSE) | Noise (LM.MAE),1.1735077861288008,LM,RMSE | MAE | AICc,3,1,0.35,0.35,0.030012252399939043,2,0.5,1,0.05,0.0072,60,0.018171947996976336,1957.1952039501946,1958.0742078145136,0.006511139735696181,2.0496292273886154,2.6069742218823064,652.7608463603525,0.016010032890818114,88.10300851335285,0.0021310361668362976,0.2583868804845811,NA,NA,NA,NA,NA,NA,NA,NA,NA,NA,NA,1956.33,1959.12,0.01846919941773092,0.9,2.790901245346006,136,0.007234599706329091,1,NA,HM.flux is NA,NA,0.018171947996976336,LM,HM.flux is NA,NA,NA,0.9,0.9,0.07717436331412897,2,0.5,1,0.05,0.018,60
263,Mar_23_263,Mar_23_263_SRS6_stem,SRS6,3/11/23,11:54:30,11:57:30,stem,alive,AVGE,LGR,LGR3,C5,C,NA,NA,21,20.5,29.8,26.7,24.1,NA,sediment,NA,2023-03-11T11:54:30.000000Z,2023-03-11,March_2023,70,29,849,1064.6016666666667,213.35,2012.6016666666667,0.07,0.029,1.064601666666667,0.849,2.012601666666667,1.247479803791527,618.1458142396652,677.0130613402669,0.32523340939558915,0.7881477400325804,0.963652215491504,511.9144965947108,0.005242575800435202,0.42025336077595665,0.996795888510969,6.655433294661825e-228,1.3114011139774797,617.6500563815462,1233.4469315200654,0.34189848532036515,0.7726467546550063,0.9376923440724722,504.01020694151833,0.021072873303121936,1.6068976210648405,0.9969661946621321,5.552130891269259e-4,617.991,677.433,0.007376239812306775,0.35,3.8356447023995233,183,0.9292383125588263,1,1.051240356751006,Noise (HM.RMSE) | Noise (HM.MAE),Noise (LM.RMSE) | Noise (LM.MAE),1.3114011139774797,HM,,0,4,0.35,0.35,0.025872744483410048,2,0.5,1,0.05,0.0074,60,0.1508978850905297,1962.2569098640843,1969.377620805924,0.03934094443005375,1.873971472861484,2.3317731512389064,835.3317907069027,0.012685590608593788,8.406738504640535,0.4356523866691081,1.7653539902267926e-24,0.15199842730640167,1962.2485024728862,2434.122169808459,0.039627869393459116,1.874030914210791,2.33191784172499,837.44514181303,0.05078203892466582,33.409581812513295,0.4355824069334159,8.397982794254497e-5,1961.91,1966.5,0.018967473803074564,0.9,3.8356447023995233,183,0.043712160477837506,1,1.007293291189679,Noise (HM.RMSE) | Noise (HM.MAE),Noise (LM.RMSE) | Noise (LM.MAE),0.15199842730640167,HM,AICc,1,3,0.9,0.9,0.06652991438591156,2,0.5,1,0.05,0.019,60
264,Mar_23_264,Mar_23_264_SRS6_stem,SRS6,3/11/23,12:08:15,12:11:15,stem,alive,AVGE,LGR,LGR3,C5,C,NA,NA,67,21,25.3,26.7,24.1,NA,sediment,NA,2023-03-11T12:08:15.000000Z,2023-03-11,March_2023,70,29,849,1064.6016666666667,213.35,2012.6016666666667,0.07,0.029,1.064601666666667,0.849,2.012601666666667,0.7534602831599909,554.5213428445869,595.7676857319215,0.19641115660635514,0.655387619477556,0.8398996684995096,536.2572193145829,0.0036188879304486637,0.48030241425216885,0.9951330537530247,3.382676441637301e-246,0.7655915224202714,554.4105821319074,1845.9276231893432,0.19957351404898913,0.6585903512594417,0.8421148699487393,539.4567731943393,0.014685253788078367,1.918157837178466,0.9951075702070973,1.5452642722049362e-4,554.163,597.564,0.006363261930575105,0.35,3.8361379067181347,213,0.5611747331610146,1,1.0161007016977754,Noise (HM.RMSE) | Noise (HM.MAE),Noise (LM.RMSE) | Noise (LM.MAE),0.7655915224202714,HM,AICc,1,3,0.35,0.35,0.023981604843963607,2,0.5,1,0.05,0.0064,60,0.030927175793479113,1964.8532234276581,1966.5462561273575,0.00806206047475955,1.9478609894568986,2.5775168860047066,1013.9307316537453,0.011105784534900716,35.90946877613808,0.030879314599321472,0.0058435693102707785,0.08237019361442245,1964.3856960917608,1966.7827198209243,0.021472166959944153,1.9428274114607664,2.5604697214681917,1013.1813723727955,0.08416140490164047,102.17458671470743,0.04365605132760264,0.008957844971955056,1966.6699999999998,1955.14,0.016362673535764555,0.9,3.8361379067181347,213,0.008957844971955056,1,2.6633596990705475,Noise (HM.RMSE) | Noise (HM.MAE) | Exaggerated curvature (g-fact),Noise (LM.RMSE) | Noise (LM.MAE),0.030927175793479113,LM,g-fact. > 2 | Intercept,0,4,0.9,0.9,0.061666983884477854,2,0.5,1,0.05,0.016,60
265,Mar_23_265,Mar_23_265_SRS6_stem,SRS6,3/11/23,12:23:30,12:26:30,stem,alive,AVGE,LGR,LGR3,C5,C,NA,NA,95,21.2,26.1,26.7,24.1,NA,sediment,NA,2023-03-11T12:23:30.000000Z,2023-03-11,March_2023,70,29,849,1064.6016666666667,213.35,2012.6016666666667,0.07,0.029,1.064601666666667,0.849,2.012601666666667,0.5642020146882614,547.0869112395048,579.4410945554555,0.14706446961795774,0.5935589653352451,0.7608659376824682,517.0652210781236,0.0030623421916506142,0.5427740617591823,0.9935021030070373,6.68942239290651e-244,0.6077573525166031,546.6789157504313,779.7752002308202,0.15841757097172596,0.5827688251446674,0.738313577226326,505.7196291645545,0.012583089681812836,2.070413402603646,0.9938815946197392,6.796228919944628e-4,547.345,579.401,0.0060757884264546055,0.35,3.83642640641848,223,0.42018419890845077,1,1.0771981253069565,Noise (HM.RMSE) | Noise (HM.MAE),Noise (LM.RMSE) | Noise (LM.MAE),0.6077573525166031,HM,,0,4,0.35,0.35,0.023437733556384874,2,0.5,1,0.05,0.0061,60,0.05311642876372449,1964.8036068724005,1967.849570248231,0.013845288071956438,1.9242443742509912,2.3873952315950553,1027.0666728689216,0.009608816460003168,18.0901025984741,0.11749799434878083,9.095757627833228e-8,0.05322441481502438,1964.8023773333603,2437.9165215165826,0.013873435634260573,1.9242578108207122,2.3874380546003056,1029.1485699520913,0.03859922516977908,72.52165252342644,0.11746679049395858,2.9323654354514126e-5,1966.14,1967.64,0.015623455953740418,0.9,3.83642640641848,223,0.01538365341328493,1,1.0020330066198584,Noise (HM.RMSE) | Noise (HM.MAE),Noise (LM.RMSE) | Noise (LM.MAE),0.05322441481502438,HM,AICc | Intercept,1,3,0.9,0.9,0.060268457716418256,2,0.5,1,0.05,0.016,60
266,Mar_23_266,Mar_23_266_SRS6_stem,SRS6,3/11/23,12:39:30,12:42:30,stem,alive,RHMA,LGR,LGR3,C3,C,NA,NA,65,19.1,26.7,28.3,24,NA,sediment,NA,2023-03-11T12:39:30.000000Z,2023-03-11,March_2023,70,29,849,1064.6016666666667,213.35,2012.6016666666667,0.07,0.029,1.064601666666667,0.849,2.012601666666667,1.312296918500557,493.9440972525229,565.1349744900872,0.34391728134088995,0.8698109877975047,1.087690317510823,634.3689858800019,0.00479912925044407,0.3657045278996464,0.997225891771748,7.774500387482414e-267,1.3304304603165031,493.7795710555157,3066.281082724205,0.3486695887756642,0.8803285051739688,1.0946659161618792,639.1201581509492,0.019549174906085116,1.4693872012998304,0.9971904518372062,1.355371754668065e-4,495.569,562.665,0.006420706518613272,0.35,3.8157341596330303,209,0.982620803831114,1,1.0138181699280873,Noise (HM.RMSE) | Noise (HM.MAE),Noise (LM.RMSE) | Noise (LM.MAE),1.3304304603165031,HM,MAE | AICc,2,2,0.35,0.35,0.02421000623531261,2,0.5,1,0.05,0.0064,60,0.23433105534293674,1978.0116199246029,1990.72385993575,0.06141178749346443,2.0562658916181844,2.5857065482860606,996.3328771279149,0.011408706806678883,4.868627758272402,0.6692521949084498,7.593088914938009e-52,0.25013172304828185,1977.871276199665,2081.2296857979263,0.06555271216072812,2.056781636318618,2.5849744685215237,998.2935191235896,0.047964714472004136,19.175782218853428,0.669439454749094,6.34227175277965e-4,1984.34,1992.9099999999999,0.016510388190719844,0.9,3.8157341596330303,209,0.0682353194371827,1,1.0674288249255792,Noise (HM.RMSE) | Noise (HM.MAE),Noise (LM.RMSE) | Noise (LM.MAE),0.25013172304828185,HM,AICc | Intercept,1,3,0.9,0.9,0.062254301747946716,2,0.5,1,0.05,0.017,60
267,Mar_23_267,Mar_23_267_SRS6_stem,SRS6,3/11/23,12:51:30,12:54:30,stem,alive,RHMA,LGR,LGR3,C3,C,NA,NA,96,15.8,26.2,28.3,24,NA,sediment,NA,2023-03-11T12:51:30.000000Z,2023-03-11,March_2023,70,29,849,1064.6016666666667,213.35,2012.6016666666667,0.07,0.029,1.064601666666667,0.849,2.012601666666667,1.1283844382476935,488.75725641577037,546.115528233156,0.29566119493497756,0.6578294153621518,0.8090652739098623,479.29363826264273,0.003928182566788796,0.3481244896366175,0.9976423252827424,4.7025318033663076e-257,1.1869771603057089,488.2718212517455,1079.8762821391779,0.3110137588581989,0.6320381137245311,0.7784098653214166,466.236515956741,0.01566406665155333,1.3196603250157746,0.9978176046536271,5.2571232879425e-4,487.969,545.276,0.006850088671353874,0.35,3.816477974040016,196,0.8447462712427932,1,1.0519262053533864,Noise (HM.RMSE) | Noise (HM.MAE),Noise (LM.RMSE) | Noise (LM.MAE),1.1869771603057089,HM,,0,4,0.35,0.35,0.024999999999999998,2,0.5,1,0.05,0.0069,60,0.2041002597183058,1977.3731191598781,1987.7479858968757,0.05347869452060561,1.9787399836934014,2.4871898508322974,919.5210767004893,0.012075831366631977,5.916617344484884,0.5934640478020314,5.42672996541217e-40,0.2528714391802066,1976.9821553230934,2006.2643693697698,0.06625780127653245,1.9886693696522222,2.48083578220213,920.602769943005,0.056444089833747456,22.321259378574215,0.5955385639237747,0.0022627319495348306,1979.04,1988.02,0.017614513726338536,0.9,3.816477974040016,196,0.05942077168956179,1,1.2389569691347457,Noise (HM.RMSE) | Noise (HM.MAE),Noise (LM.RMSE) | Noise (LM.MAE),0.2528714391802066,HM,AICc | Intercept,1,3,0.9,0.9,0.0642857142857143,2,0.5,1,0.05,0.018,60
268,Mar_23_268,Mar_23_268_SRS6_stem,SRS6,3/11/23,13:04:00,13:07:00,stem,alive,RHMA,LGR,LGR3,B2,B,NA,NA,12,15.4,26.5,28.3,24,NA,sediment,NA,2023-03-11T13:04:00.000000Z,2023-03-11,March_2023,70,29,849,418.99555555555554,107.68,1366.9955555555557,0.07,0.029,0.4189955555555556,0.849,1.3669955555555555,1.1789091590150222,457.0218359685049,494.2107292435044,0.2295610695987622,0.6143454304466813,0.7807284556364444,390.37269502341496,0.006678873236615392,0.5665299302785625,0.9947954763732219,4.0551289818191927e-187,1.2567288998556139,456.6229560173643,764.1080386462415,0.24471438553210378,0.604676246371297,0.7597311947075185,383.5320946020028,0.027234186489976716,2.1670693252224615,0.9950716574633836,7.95857748414627e-4,457.614,494.185,0.011027131207914891,0.35,5.135492533971792,164,0.6558887702821777,1,1.0660099552586477,Noise (HM.RMSE) | Noise (HM.MAE),Noise (LM.RMSE) | Noise (LM.MAE),1.2567288998556139,HM,,0,4,0.35,0.35,0.02733040833050606,2,0.5,1,0.05,0.011,60,0.8314705595965775,1997.2205594487336,2023.4494420269095,0.1619066825813332,1.8956404199926433,2.368557380761497,754.3900297570907,0.02026222354974887,2.4369141295369414,0.9116968091723395,1.6742184678122365e-87,0.8788812963713403,1996.9770952263411,2245.0865771108624,0.17113865720910962,1.8926326076816373,2.3659211257438475,756.126327752879,0.08427368972768001,9.588745382979813,0.9118932664604852,6.897707250413084e-4,1996.58,2023.9799999999998,0.02835548024892401,0.9,5.135492533971792,164,0.1798963139792591,1,1.0570203433273284,Noise (HM.RMSE) | Noise (HM.MAE),Noise (LM.RMSE) | Noise (LM.MAE),0.8788812963713403,HM,AICc,1,3,0.9,0.9,0.07027819284987273,2,0.5,1,0.05,0.028,60
269,Mar_23_269,Mar_23_269_SRS6_root,SRS6,3/11/23,13:31:30,13:34:30,root,alive,RHMA,LGR,LGR3,A1,A,NA,NA,53,5.5,26.3,28.3,24,NA,sediment,NA,2023-03-11T13:31:30.000000Z,2023-03-11,March_2023,70,29,849,212.53666666666663,40.45,1160.5366666666666,0.07,0.029,0.21253666666666665,0.849,1.1605366666666663,1.0039260192778452,456.18156661032515,473.9163407331553,0.0865110932820983,0.6391661640924028,0.7848689307192116,493.27202280364753,0.010697505716501075,1.0655671345380728,0.9771421227269228,2.1629238614215044e-170,1.2147929687214185,455.5875385668957,510.76144307691715,0.10468208395584012,0.6004106512556939,0.7413460791948908,471.7334567713492,0.04662772213065948,3.838326639290283,0.9796068829873797,0.001897311507776767,455.681,473.345,0.019716541342908758,0.35,11.60459290468344,207,0.2471745522345666,1,1.2100423192490384,Noise (HM.RMSE) | Noise (HM.MAE) | Noise (HM.SE),Noise (LM.RMSE) | Noise (LM.MAE),1.2147929687214185,HM,SE,1,3,0.35,0.35,0.02432668163999205,2,0.5,1,0.05,0.02,60,0.10186470771283271,1974.2735063833325,1976.07298916163,0.008777964772182715,1.706149230203071,2.149090315107339,910.2872616951146,0.029291395074170196,28.755194740013106,0.0511019730405915,6.176094828522455e-4,0.1032538073600483,1974.2693768543963,2039.6370052045504,0.008897667346725847,1.7061466352885943,2.149092973058033,912.3675669224765,0.11843873033124379,114.70640488659689,0.051099652085769276,1.361173347006535e-4,1973.77,1977.3,0.05069967773890823,0.9,11.60459290468344,207,0.009753294191314127,1,1.0136367116580907,Noise (HM.RMSE) | Noise (HM.MAE),Noise (LM.RMSE) | Noise (LM.MAE),0.1032538073600483,HM,AICc | Intercept,1,3,0.9,0.9,0.06255432421712243,2,0.5,1,0.05,0.051,60
270,Mar_23_270,Mar_23_270_SRS6_stem,SRS6,3/11/23,14:05:30,14:08:30,stem,alive,AVGE,LGR,LGR3,C3,C,NA,NA,15,13.5,25.6,25.3666666666667,25.8,NA,sediment,3,2023-03-11T14:05:30.000000Z,2023-03-11,March_2023,70,29,849,1064.6016666666667,213.35,2012.6016666666667,0.07,0.029,1.064601666666667,0.849,2.012601666666667,1.3250653710766676,490.18373460449874,558.2571328237286,0.34380504151126223,0.6059901724124666,0.7529535728945252,460.19717855520696,0.0035865332149649424,0.27066839819764843,0.99854421061203,4.825322830570726e-283,1.3422132160492428,490.0363474116517,3089.0614658730565,0.3482542677013894,0.6176322609802807,0.7670280673337757,469.6877876354363,0.014760026023940198,1.099678191769398,0.9984896910959247,1.3399419083242727e-4,489.24,557.359,0.006778600377881179,0.35,3.854118500566728,200,0.9823001186036064,1,1.0129411313184058,Noise (HM.RMSE) | Noise (HM.MAE),Noise (LM.RMSE) | Noise (LM.MAE),1.3250653710766676,LM,RMSE | MAE | AICc,3,1,0.35,0.35,0.024748737341529162,2,0.5,1,0.05,0.0068,60,0.12764010894192687,1978.7082431607032,1985.26557697563,0.033117847550135804,1.7901655310028388,2.212431612940814,891.3347374682461,0.010538444535360831,8.25637381754004,0.4226814736345331,1.2566573487517803e-25,0.20154174666208372,1978.1421435040497,1988.8819521576113,0.052292566155515995,1.7792006178760846,2.2023673269575315,891.5936773018498,0.059217735969926785,29.38236715255554,0.4279219369151034,0.004869040766212774,1980.8,1986.99,0.017430686685980176,0.9,3.854118500566728,200,0.036797608389039775,1,1.5789844456633948,Noise (HM.RMSE) | Noise (HM.MAE),Noise (LM.RMSE) | Noise (LM.MAE),0.20154174666208372,HM,AICc | Intercept,1,3,0.9,0.9,0.06363961030678927,2,0.5,1,0.05,0.017,60
271,Mar_23_271,Mar_23_271_SRS6_stem,SRS6,3/11/23,14:16:00,14:19:00,stem,alive,AVGE,LGR,LGR3,C3,C,NA,NA,60,12.5,26.8,25.4733333333333,25.8,NA,sediment,7,2023-03-11T14:16:00.000000Z,2023-03-11,March_2023,70,29,849,1064.6016666666667,213.35,2012.6016666666667,0.07,0.029,1.064601666666667,0.849,2.012601666666667,0.7160783856819066,558.1295693702419,597.5436354919701,0.18591540623456687,0.5938470057308519,0.7314477208038529,481.78361564300184,0.003120516765044125,0.43577865600181764,0.9959524480622364,4.8692677966022334e-257,0.7370420727707345,557.9395620803367,1260.4512054892134,0.19135820758037528,0.5819243530965412,0.726278585098014,480.8107524241456,0.012663442965133173,1.718143839133629,0.9960094539578571,2.723915103411329e-4,557.905,596.522,0.006328978583277664,0.35,3.851635537823264,215,0.5311868749559054,1,1.0292756875615854,Noise (HM.RMSE) | Noise (HM.MAE),Noise (LM.RMSE) | Noise (LM.MAE),0.7370420727707345,HM,,0,4,0.35,0.35,0.023869801881466573,2,0.5,1,0.05,0.0063,60,0.04311520642568719,1966.212126784039,1968.585254685806,0.011193999536636733,1.7191569217311078,2.1962347885947446,954.557420151965,0.009369620388250312,21.731591160069403,0.08615230627011217,7.1969480645511605e-6,0.043143758626031745,1966.2117533908681,2579.378520701414,0.011201412543413768,1.7191306611083164,2.1962692768640015,956.6409046591247,0.037365025777070425,86.60586598619948,0.08612396060133098,1.8268133794245043e-5,1968.99,1972.49,0.01627451635699971,0.9,3.851635537823264,215,0.0124377772629297,1,1.000662230398775,Noise (HM.RMSE) | Noise (HM.MAE),Noise (LM.RMSE) | Noise (LM.MAE),0.043143758626031745,HM,AICc | Intercept,1,3,0.9,0.9,0.06137949055234262,2,0.5,1,0.05,0.016,60
272,Mar_23_272,Mar_23_272_SRS6_stem,SRS6,3/11/23,14:27:30,14:30:30,stem,alive,AVGE,LGR,LGR3,B1,B,NA,NA,98,12.3,27,25.2914285714286,25.8,NA,sediment,7,2023-03-11T14:27:30.000000Z,2023-03-11,March_2023,70,29,849,418.99555555555554,107.68,1366.9955555555557,0.07,0.029,0.4189955555555556,0.849,1.3669955555555555,0.5264400949491569,502.45212447199805,523.7656564364861,0.10149300935470515,0.6216587928366052,0.7801426203056304,502.47522620006765,0.004592343785904774,0.8723392898765241,0.9841959651095021,2.4987877757199346e-191,0.5752738357259061,502.1291187902147,632.2935779249968,0.11090772407159714,0.6154651701468699,0.7667082543875456,497.18803171698215,0.01924251676374487,3.3449316775312417,0.9847355820694123,8.520584252323047e-4,502.255,524.149,0.008603960698493724,0.35,5.186959163949074,212,0.289980026727729,1,1.092762198862276,Noise (HM.RMSE) | Noise (HM.MAE),Noise (LM.RMSE) | Noise (LM.MAE),0.5752738357259061,HM,,0,4,0.35,0.35,0.02403809869102058,2,0.5,1,0.05,0.0086,60,0.06350811904981317,1965.7956825081685,1968.3668816595239,0.01224380548264457,1.8006320667282962,2.232552156172796,948.2789704807532,0.013142016285550303,20.69344279467991,0.0957887873710297,2.6005106012281387e-6,0.2237774079017067,1964.9580523614804,1968.1292951903472,0.04314231148319558,1.7760304887961278,2.207400128954817,945.552908962768,0.13139073552396408,58.71492424368277,0.11604778522122094,0.013604228314049524,1965.83,1966.58,0.02212447036755529,0.9,5.186959163949074,212,0.013604228314049524,1,3.523603143185281,Noise (HM.RMSE) | Noise (HM.MAE) | Exaggerated curvature (g-fact) | Intercept (HM),Noise (LM.RMSE) | Noise (LM.MAE),0.06350811904981317,LM,g-fact. > 2 | Intercept (HM),0,4,0.9,0.9,0.06181225377691006,2,0.5,1,0.05,0.022,60
275,Mar_23_275,Mar_23_275_SRS6_stem,SRS6,3/11/23,15:12:25,15:15:25,stem,alive,AVGE,LGR,LGR3,D2,D,NA,NA,108,21.5,25.8,24.2,26,NA,sediment,22,2023-03-11T15:12:25.000000Z,2023-03-11,March_2023,70,29,849,2190.644,462.19,3138.644,0.07,0.029,2.1906440000000003,0.849,3.138644,1.6041662724473749,542.650072187619,630.763035965934,0.5759017240412749,1.0157982976345106,1.3922576380448872,548.6171408632391,0.0070575859825239414,0.439953520014894,0.9970279910253917,1.9116649260873356e-195,1.7185363881350286,541.6246065263574,1221.8331225117151,0.6169610256452367,1.025094975820738,1.317745020633299,533.673418957969,0.028109463143386127,1.635662959333132,0.9973375977852432,9.070174970560314e-4,537.441,630.255,0.0063306503265808944,0.35,2.7854861436955938,155,1.6454334972607856,1,1.071295674053268,Noise (HM.RMSE) | Noise (HM.MAE),Noise (LM.RMSE) | Noise (LM.MAE),1.7185363881350286,HM,MAE,1,3,0.35,0.35,0.02811267651158746,2,0.5,1,0.05,0.0063,60,0.07764510447274621,1961.8794999958454,1966.1443573210981,0.0278748844787761,1.81383101851425,2.3249684422927346,707.5788900701307,0.011785652482523239,15.178873880786725,0.2158983636057753,6.766544658673481e-10,0.0776532655564461,1961.879250037293,3369.2509364192388,0.027877814338512923,1.8137630043481985,2.3250923350045505,709.7031351517849,0.04723585280209476,60.829190457881076,0.21581582659308285,1.9808423466426893e-5,1962.73,1974.03,0.016278815125493732,0.9,2.7854861436955938,155,0.030972093865306777,1,1.0001051075113532,Noise (HM.RMSE) | Noise (HM.MAE),Noise (LM.RMSE) | Noise (LM.MAE),0.0776532655564461,HM,AICc,1,3,0.9,0.9,0.0722897396012249,2,0.5,1,0.05,0.016,60
274,Mar_23_274,Mar_23_274_SRS6_stem,SRS6,3/11/23,14:59:30,15:02:30,stem,alive,AVGE,LGR,LGR3,D2,D,NA,NA,68,133,26,24.2,26,NA,sediment,12,2023-03-11T14:59:30.000000Z,2023-03-11,March_2023,70,29,849,2190.644,462.19,3138.644,0.07,0.029,2.1906440000000003,0.849,3.138644,2.218370716757742,583.7188349842769,709.5702467767297,0.7965279227370432,1.130687017217604,1.384781129137649,560.8996793207709,0.006706046353874623,0.3022960185696934,0.9985582192124716,3.636950156880844e-225,2.2476561826170887,583.4397296372595,5271.26754625866,0.8070431585860925,1.1875142092592226,1.4172181219688054,570.3674840058958,0.027659100475977923,1.2305752405500328,0.9984905134176792,1.7215716748908723e-4,578.933,708.635,0.00613061493626561,0.35,2.7850507853320914,159,2.275794064962981,1,1.0132013399014521,Noise (HM.RMSE) | Noise (HM.MAE),Noise (LM.RMSE) | Noise (LM.MAE),2.218370716757742,LM,RMSE | MAE | AICc,3,1,0.35,0.35,0.027756805500135043,2,0.5,1,0.05,0.0061,60,0.3513529974016218,1976.297514937107,1996.2302838050316,0.12615676498686404,1.9071193571597038,2.4130844463123227,737.5053310815574,0.01168578615947888,3.3259389405809405,0.8510847866381099,4.975733024174828e-67,0.36937212486618615,1976.1298994967995,2184.574078905787,0.13262671072697943,1.9084623658200817,2.411846955189084,739.4471123080048,0.04836957079506916,13.095078794208465,0.8512374824982808,6.362696771050305e-4,1977.72,1997.3000000000002,0.015764438407540143,0.9,2.7850507853320914,159,0.14017418331873782,1,1.0512849686720254,Noise (HM.RMSE) | Noise (HM.MAE),Noise (LM.RMSE) | Noise (LM.MAE),0.36937212486618615,HM,AICc,1,3,0.9,0.9,0.07137464271463297,2,0.5,1,0.05,0.016,60
273,Mar_23_273,Mar_23_273_SRS6_stem,SRS6,3/11/23,12:47:30,14:50:30,stem,alive,AVGE,LGR,LGR3,D2,D,NA,NA,17,138.8,25.6,24.2,26,NA,sediment,10,2023-03-11T12:47:30.000000Z,2023-03-11,March_2023,70,29,849,2190.644,462.19,3138.644,0.07,0.029,2.1906440000000003,0.849,3.138644,0.8296008236547376,489.2415408737901,536.6011163093493,0.29785896500351705,0.6306827066349764,0.7896657628325787,387.0122203357761,0.0037654846690698992,0.4538911439939715,0.9967144886062944,1.4280040451974866e-199,0.8630917322096024,488.929849399409,1107.4379459572192,0.3098835038838341,0.6244035592200993,0.7766172047886446,383.7505359916501,0.015221820894664,1.7636388261644673,0.9968221720924025,5.01017699862673e-4,488.795,535.827,0.00609265462841889,0.35,2.7852135444200643,161,0.8510256142957632,1,1.0403699075506259,Noise (HM.RMSE) | Noise (HM.MAE),Noise (LM.RMSE) | Noise (LM.MAE),0.8630917322096024,HM,,0,4,0.35,0.35,0.02758386421836852,2,0.5,1,0.05,0.0061,60,0.16130865926869717,1977.1622278317016,1986.3708850548098,0.05791608316420304,1.9587505659597295,2.479046470970114,755.3865015251849,0.011821218444200064,7.32832229701263,0.5365071092161546,1.4665097970219715e-28,0.182815909817563,1976.9655702810203,2018.021179789745,0.06563802268727974,1.9624010703768722,2.477483847424713,757.287014481148,0.05178059424168864,28.323899322198994,0.5370912343214844,0.0015987589387348152,1974.6699999999998,1982.9699999999998,0.01566682618736286,0.9,2.7852135444200643,161,0.06435120351578116,1,1.1333297954763883,Noise (HM.RMSE) | Noise (HM.MAE),Noise (LM.RMSE) | Noise (LM.MAE),0.182815909817563,HM,AICc | Intercept,1,3,0.9,0.9,0.07092993656151907,2,0.5,1,0.05,0.016,60
213,Mar_23_213,Mar_23_213_SRS5_stem,SRS5,3/12/23,15:45:08,15:48:08,stem,alive,AVGE,LGR,LGR3,D2,D,NA,NA,115,40.1,27.8,27.8,23.6,NA,sediment,5,2023-03-12T15:45:08.000000Z,2023-03-12,March_2023,70,29,849,2190.644,462.19,3138.644,0.07,0.029,2.1906440000000003,0.849,3.138644,1.9184941057153737,467.45476491472334,584.6044658545075,0.6973196484510962,0.7037589104434959,0.9031684304257482,451.32265648135444,0.003941401427278324,0.20544245695290486,0.9992914287267534,3.807228059285765e-265,1.9416101372301622,467.2178685728078,5250.662823263115,0.7057216878013637,0.7393939549555918,0.9412928423154112,467.39579390129893,0.016542552591208473,0.8520017625581385,0.999230803909317,1.4753419229992037e-4,468.76,583.254,0.005697835495956649,0.35,2.751240568047639,169,1.9923418527174175,1,1.0120490500575028,Noise (HM.RMSE) | Noise (HM.MAE),Noise (LM.RMSE) | Noise (LM.MAE),1.9184941057153737,LM,RMSE | MAE | AICc,3,1,0.35,0.35,0.02692307692307692,2,0.5,1,0.05,0.0057,60,0.02986185650418494,1961.0437702749743,1962.8672356421862,0.010853960519118033,1.880096567011646,2.324179901032478,770.8048079424834,0.010142655202045494,33.96525330106006,0.043651774128314336,0.003699741675927946,0.06702044786901258,1960.7238913130566,1963.0570118727267,0.02436008273772012,1.8665726479215874,2.3200452242533944,772.3014240631073,0.07374529684002731,110.03402571131431,0.04705140217034742,0.010440987559239043,1959.23,1961.78,0.01465157698960281,0.9,2.751240568047639,169,0.01205995613235337,1,2.2443496726206593,Noise (HM.RMSE) | Noise (HM.MAE) | Exaggerated curvature (g-fact),Noise (LM.RMSE) | Noise (LM.MAE),0.02986185650418494,LM,AICc | g-fact. > 2 | Intercept,1,3,0.9,0.9,0.06923076923076923,2,0.5,1,0.05,0.015,60
215,Mar_23_215,Mar_23_215_SRS5_stem,SRS5,3/12/23,16:03:00,16:06:00,stem,dead,RHMA,LGR,LGR3,B2,B,NA,NA,160,13.5,29.8,28.1,23.5,NA,sediment,8,2023-03-12T16:03:00.000000Z,2023-03-12,March_2023,70,29,849,418.99555555555554,107.68,1366.9955555555557,0.07,0.029,0.4189955555555556,0.849,1.3669955555555555,1.8094011708151811,455.2480635192549,511.2449539053357,0.35218170054138864,0.7811895467922718,0.9497576141842468,446.45246662420885,0.008368439853637635,0.462497758297981,0.9965891335479629,2.8026212080266164e-198,2.0484904376470143,454.0566535059487,706.0093776563134,0.39871801649618227,0.621911941509499,0.7877766866092678,388.3445376915658,0.030473936033316537,1.4876289131386051,0.997653365799229,0.001582511234362477,453.655,510.053,0.011238701656201054,0.35,5.137692185691911,161,1.0062334301182534,1,1.1321372345106406,Noise (HM.RMSE) | Noise (HM.MAE),Noise (LM.RMSE) | Noise (LM.MAE),2.0484904376470143,HM,,0,4,0.35,0.35,0.02758386421836852,2,0.5,1,0.05,0.011,60,0.09678301182892135,1958.5423711665408,1961.5375873695773,0.01883783775494663,1.9994668354154963,2.514335046488996,759.9377702199334,0.022154138376146295,22.89052381972478,0.10155181842160621,2.24705580607774e-5,0.10319378776910665,1958.5099462603373,1983.226852737168,0.020085630676063785,1.9984311581552925,2.514275403096559,762.0336758727508,0.09298258429550223,90.10482734052584,0.10159444376541849,8.1262720700472e-4,1956.75,1962.3,0.028899518544517,0.9,5.137692185691911,161,0.02093093083882959,1,1.066238648901703,Noise (HM.RMSE) | Noise (HM.MAE),Noise (LM.RMSE) | Noise (LM.MAE),0.10319378776910665,HM,AICc | Intercept,1,3,0.9,0.9,0.07092993656151907,2,0.5,1,0.05,0.029,60
216,Mar_23_216,Mar_23_216_SRS5_stem,SRS5,3/12/23,16:08:17,16:11:17,stem,dead,RHMA,LGR,LGR3,B2,B,NA,NA,110,14,28.2,28.1,23.5,NA,sediment,8,2023-03-12T16:08:17.000000Z,2023-03-12,March_2023,70,29,849,418.99555555555554,107.68,1366.9955555555557,0.07,0.029,0.4189955555555556,0.849,1.3669955555555555,1.7268622831638551,479.39419726401877,525.4410822110697,0.3361086492485463,0.9804701570101867,1.2225746634908812,456.5092961597983,0.0135180120775836,0.7828077669758758,0.9916139292365667,2.4097759984892615e-144,2.1736361449115114,477.5087478564053,600.4477070137486,0.42306668907349326,0.7545436285021478,0.9258499994039734,381.34545314408916,0.04830572332613427,2.222346340679792,0.9951906210139807,0.0034412743687868034,476.915,523.51,0.013030676811588348,0.35,5.1378097142834065,139,0.9603104264244181,1,1.2587200300241104,Noise (HM.RMSE) | Noise (HM.MAE) | Noise (HM.SE),Noise (LM.RMSE) | Noise (LM.MAE),2.1736361449115114,HM,SE,1,3,0.35,0.35,0.029686612538798982,2,0.5,1,0.05,0.013,60,0.0915322988549276,1958.9300848687178,1961.370799033017,0.017815431856197893,1.9805029541240522,2.4688457324919413,651.885392012849,0.027298035388875617,29.82339101101473,0.06909662782097714,0.0010335738361899741,0.09156674975088314,1958.9297125752425,2592.356534670649,0.017822137222467057,1.980449345228434,2.4688788285332066,654.009848393874,0.10862046895176362,118.62435791078848,0.06907215199654548,2.813606339483788e-5,1960.66,1961.06,0.033507454658370045,0.9,5.1378097142834065,139,0.019794924284664325,1,1.000376379664736,Noise (HM.RMSE) | Noise (HM.MAE),Noise (LM.RMSE) | Noise (LM.MAE),0.09156674975088314,HM,AICc | Intercept,1,3,0.9,0.9,0.07633700367119739,2,0.5,1,0.05,0.034,60
217,Mar_23_217,Mar_23_217_SRS5_root,SRS5,3/12/23,16:16:00,16:19:00,root,dead,RHMA,LGR,LGR3,B2,B,NA,NA,80,27.9,27.9,28.1,23.5,NA,sediment,8,2023-03-12T16:16:00.000000Z,2023-03-12,March_2023,70,29,849,418.99555555555554,107.68,1366.9955555555557,0.07,0.029,0.4189955555555556,0.849,1.3669955555555555,1.743808171452899,472.5326692363506,522.4239929258118,0.3393967597922532,0.9279735009583171,1.1324178577121427,462.9815654964534,0.011270940572329283,0.6463406214537122,0.9938962134722058,8.967411212347149e-164,2.1221119192030176,470.8119727288573,622.3038532865821,0.41302588271159385,0.6925957210716742,0.8395356890298765,376.51326393591773,0.03859567074777331,1.8187387007499742,0.9966452184693311,0.002726389567487173,472.037,520.736,0.01215058941121728,0.35,5.137963522457594,148,0.9697050279778664,1,1.2169411486556603,Noise (HM.RMSE) | Noise (HM.MAE) | Noise (HM.SE),Noise (LM.RMSE) | Noise (LM.MAE),2.1221119192030176,HM,SE,1,3,0.35,0.35,0.028769822778437527,2,0.5,1,0.05,0.012,60,0.09777645179189223,1960.8347941229829,1963.6322329040456,0.019030195789541873,1.8991040111878812,2.428773608425822,688.8388593462079,0.024173552914040726,24.72328712182337,0.09460549753545577,8.452950604030318e-5,0.09788981937548046,1960.834215645461,2592.63552338387,0.019052260481728322,1.8991201040552648,2.428816170916624,690.957100098502,0.0965407585894442,98.6218579269601,0.09457400992817144,3.0155462244811816e-5,1958.96,1964.85,0.031244372771701584,0.9,5.137963522457594,148,0.021144661988379856,1,1.0011594569194382,Noise (HM.RMSE) | Noise (HM.MAE),Noise (LM.RMSE) | Noise (LM.MAE),0.09788981937548046,HM,AICc | Intercept,1,3,0.9,0.9,0.07397954428741078,2,0.5,1,0.05,0.031,60
211,Mar_23_211,Mar_23_211_SRS5_stem,SRS5,3/12/23,15:28:00,15:32:00,stem,alive,LARA,LGR,LGR3,D2,D,NA,NA,150,28.1,27.1,28.3,23.7,NA,sediment,1.5,2023-03-12T15:28:00.000000Z,2023-03-12,March_2023,70,29,849,2190.644,462.19,3138.644,0.07,0.029,2.1906440000000003,0.849,3.138644,2.2934388652053004,536.4720633156958,760.2443908978469,0.8349713715751904,0.9412600343679124,1.190040474869861,869.4556995574462,0.0025612740664176406,0.11167832311886651,0.9996633677590386,0,2.3458281728547354,535.6199329753114,5575.409376463823,0.8540447258849893,0.89581467338317,1.1294087694668384,843.1733622899549,0.009907695785932836,0.4223538578222355,0.9996968601731295,1.6946039818953722e-4,537.552,760.366,0.0035738090728174806,0.35,2.746727544536864,271,2.3856324902148303,1,1.0228431236795776,Noise (HM.RMSE) | Noise (HM.MAE),Noise (LM.RMSE) | Noise (LM.MAE),2.3458281728547354,HM,,0,4,0.35,0.35,0.02126098587307754,2,0.5,1,0.05,0.0036,60,0.02872870344768109,1958.2605833346329,1961.0636616884697,0.010459247588943208,2.108209144184071,2.5973605748055557,1292.4912777354607,0.00559018993207989,19.45855281029439,0.08601805268199147,5.312810045162698e-7,0.028762948148437977,1958.2598001169265,2509.8909834887745,0.01047171504346923,2.108380102671321,2.5973967186791254,1294.5593082465066,0.02241325305981081,77.9240463951815,0.08599305270338864,1.8983181805388206e-5,1959.19,1959.75,0.009189794758673523,0.9,2.746727544536864,271,0.011621386209936897,1,1.0011920030021282,Noise (HM.RMSE) | Noise (HM.MAE),Noise (LM.RMSE) | Noise (LM.MAE),0.028762948148437977,HM,AICc | Intercept,1,3,0.9,0.9,0.05467110653077083,2,0.5,1,0.05,0.0092,60
209,Mar_23_209,Mar_23_209_SRS5_stem,SRS5,3/12/23,15:13:00,15:18:00,stem,alive,LARA,LGR,LGR3,D2,D,NA,NA,50,31,26.4,28.3,23.7,NA,sediment,1.5,2023-03-12T15:13:00.000000Z,2023-03-12,March_2023,70,29,849,2190.644,462.19,3138.644,0.07,0.029,2.1906440000000003,0.849,3.138644,2.2852625366781325,635.4213421761594,785.1557875858962,0.8318580300540933,1.6025905117414199,1.964959247063052,768.5000856212624,0.0076984146818547886,0.3368722218255605,0.9979501475107875,4.098523702851883e-244,2.6226158893423603,631.8600637421093,1247.126207238749,0.9546579669870872,0.9256981871295243,1.2004455938696719,591.2197998450699,0.0208663591531419,0.7956315386457256,0.9992349312233887,0.001551617908896528,630.823,783.843,0.005312223715163404,0.35,2.7471785498416463,182,2.376737228725981,1,1.1476212676879594,Noise (HM.RMSE) | Noise (HM.MAE),Noise (LM.RMSE) | Noise (LM.MAE),2.6226158893423603,HM,,0,4,0.35,0.35,0.025943726083138538,2,0.5,1,0.05,0.0053,60,0.0640244080710589,1970.1393619665125,1974.334354481089,0.023305513969868984,2.0123692025608997,2.5800420818851357,867.6297358447408,0.010108216683208588,15.788067375788561,0.17771478145974295,1.8565780411442294e-9,0.08420713501370967,1969.9315744047913,1979.733867737114,0.030652224995919384,2.007436955088761,2.5782225311335885,869.4640948973649,0.04961074058681622,58.91512705988531,0.17887419053389586,0.0031270462897539193,1969.44,1977.9,0.013660003838991613,0.9,2.7471785498416463,182,0.025895015522076643,1,1.3152348854244857,Noise (HM.RMSE) | Noise (HM.MAE),Noise (LM.RMSE) | Noise (LM.MAE),0.08420713501370967,HM,AICc,1,3,0.9,0.9,0.06671243849949911,2,0.5,1,0.05,0.014,60
212,Mar_23_212,Mar_23_212_SRS5_stem,SRS5,3/12/23,15:38:21,15:43:21,stem,alive,AVGE,LGR,LGR3,D2,D,NA,NA,40,43,27.5,27.8,23.6,NA,sediment,5,2023-03-12T15:38:21.000000Z,2023-03-12,March_2023,70,29,849,2190.644,462.19,3138.644,0.07,0.029,2.1906440000000003,0.849,3.138644,0.8816833554812382,549.4653196739628,630.216986540699,0.32044312248704887,0.717020989858502,0.8998140609047403,675.9150301057565,0.002125286441115914,0.24104871980439002,0.998526312036682,0,0.8933230578521396,549.2879692096611,3545.2855183868933,0.3246735103574377,0.7396400051609848,0.9250860425186268,692.105703237492,0.008791631882450116,0.9841492173714028,0.998442987130802,1.0836908409574643e-4,549.869,630.981,0.00380635429939412,0.35,2.7514503935620356,255,0.9155517785344256,1,1.0132016809646454,Noise (HM.RMSE) | Noise (HM.MAE),Noise (LM.RMSE) | Noise (LM.MAE),0.8816833554812382,LM,RMSE | MAE | AICc,3,1,0.35,0.35,0.02191785018798023,2,0.5,1,0.05,0.0038,60,0.03606808056479476,1971.0068527712285,1974.3102582491522,0.013108751896522807,2.019362948341119,2.4922084016252724,1195.470574565704,0.005886390260543046,16.320220450789996,0.1257797482072711,3.4024813222977916e-9,0.036240829470034076,1971.004105626032,2261.8350232487905,0.013171536566616631,2.0193751282414154,2.49224650485705,1197.5427543370631,0.0235366051484482,64.94499572066795,0.12575328641799488,4.528932712615391e-5,1972.18,1973.6100000000001,0.009787768198442024,0.9,2.7514503935620356,255,0.014565279885025342,1,1.0047895231055886,Noise (HM.RMSE) | Noise (HM.MAE),Noise (LM.RMSE) | Noise (LM.MAE),0.036240829470034076,HM,AICc | Intercept,1,3,0.9,0.9,0.056360186197663455,2,0.5,1,0.05,0.0098,60
214,Mar_23_214,Mar_23_214_SRS5_stem,SRS5,3/12/23,15:49:00,15:54:00,stem,alive,AVGE,LGR,LGR3,D2,D,NA,NA,165,42,24,27.8,23.6,NA,sediment,5,2023-03-12T15:49:00.000000Z,2023-03-12,March_2023,70,29,849,2190.644,462.19,3138.644,0.07,0.029,2.1906440000000003,0.849,3.138644,4.502761282584651,734.8632235355708,998.3700558678086,1.6366883995791168,1.1221041230714421,1.3484651616836123,566.1881564787718,0.006241443600190035,0.13861369076637692,0.9996888333215879,1.850915976471792e-284,4.56394447212951,734.2659354595806,10279.78561858326,1.6589276013250818,1.2467329938467104,1.5017576230083254,603.3905180685827,0.028083861254369152,0.6153418698642796,0.9996146400898126,1.7379122943489794e-4,736.917,1000.06,0.005943824101584065,0.35,2.751141441304625,163,4.6762525702260485,1,1.013587926542208,Noise (HM.RMSE) | Noise (HM.MAE),Noise (LM.RMSE) | Noise (LM.MAE),4.502761282584651,LM,RMSE | MAE | AICc,3,1,0.35,0.35,0.027414115749578506,2,0.5,1,0.05,0.0059,60,0.0219199719392997,1961.0691984573589,1962.3519807342866,0.00796759178216042,2.0387499105497375,2.5572206459276243,774.8131458497318,0.011836233436591853,53.99748443733636,0.014776370091509228,0.06586605890725063,0.021901765265703782,1961.0691496394868,2486.930264573368,0.007960973920453068,2.0386501168760245,2.5572294654556793,776.9164913409754,0.04680492620461162,213.70389846111618,0.014769830906530168,1.5138928691188809e-5,1962.78,1960.1299999999999,0.015284119118359028,0.9,2.751141441304625,163,0.008852879757956022,1,0.9991694025135462,Noise (HM.RMSE) | Noise (HM.MAE),Noise (LM.RMSE) | Noise (LM.MAE) | No detect. flux (p-val.),0.021901765265703782,HM,AICc | p-value | Intercept,1,3,0.9,0.9,0.07049344049891616,2,0.5,1,0.05,0.015,60
210,Mar_23_210,Mar_23_210_SRS5_stem,SRS5,3/12/23,15:21:00,15:26:00,stem,alive,LARA,LGR,LGR3,D2,D,NA,NA,92,30,27,28.3,23.7,NA,sediment,1.5,2023-03-12T15:21:00.000000Z,2023-03-12,March_2023,70,29,849,2190.644,462.19,3138.644,0.07,0.029,2.1906440000000003,0.849,3.138644,2.6996975696542367,586.2019039368565,841.7467133505606,0.9828646515911699,1.222365525473711,1.546575263594407,978.1033356562025,0.0035033964195610467,0.12976995864058,0.9995606619353361,0,2.7379252599200568,585.5938361262658,9493.628698503202,0.9967820051112763,1.3130641038506632,1.6802269142671464,1023.5981520332774,0.015332157819810696,0.5599918319267185,0.9994820388463875,1.1189695825295686e-4,590.627,842.117,0.003683400447230009,0.35,2.7467643335058067,262,2.808184718831914,1,1.0141599898801688,Noise (HM.RMSE) | Noise (HM.MAE),Noise (LM.RMSE) | Noise (LM.MAE),2.6996975696542367,LM,RMSE | MAE | AICc,3,1,0.35,0.35,0.02162307221253254,2,0.5,1,0.05,0.0037,60,0.04757340114462632,1964.830439038195,1969.333586303769,0.017319797175284587,2.1792585737336276,2.6990725677899365,1269.9007222451532,0.0061141034598950796,12.8519368234947,0.18575624186885664,1.6999786845512065e-13,0.04779915127750959,1964.8267301067203,2371.8102369215376,0.01740198483519028,2.179364358190139,2.6991349403441136,1271.9754499278533,0.024466355179582892,51.185752310825606,0.18571892440987658,4.275845223159967e-5,1966.04,1968.21,0.009471601150020024,0.9,2.7467643335058067,262,0.01924421908364954,1,1.0047453015225247,Noise (HM.RMSE) | Noise (HM.MAE),Noise (LM.RMSE) | Noise (LM.MAE),0.04779915127750959,HM,AICc | Intercept,1,3,0.9,0.9,0.05560218568936939,2,0.5,1,0.05,0.0095,60
179,Mar_23_179,Mar_23_179_SRS5_stem,SRS5,3/13/23,14:03:00,14:05:00,stem,alive,AVGE,LGR,LGR3,B2,B,NA,NA,90,NA,27.4,27.2,24.4,NA,sediment,0,2023-03-13T14:03:00.000000Z,2023-03-13,March_2023,70,29,849,418.99555555555554,107.68,1366.9955555555557,0.07,0.029,0.4189955555555556,0.849,1.3669955555555555,3.8796321523960726,567.3816248304719,659.6886558095123,0.7566150080249211,0.7540567034499677,0.932024658849863,340.6385465847823,0.012173345863451505,0.31377577526088934,0.998790453325878,4.806678500269284e-180,4.0999173793495345,566.5246414555668,1445.3364770735895,0.7995755522755477,0.6790861180370062,0.848522473967056,319.4967311154175,0.04627222137694691,1.1286135084089952,0.9989974765842143,9.098370320800785e-4,566.194,658.992,0.014590780738671604,0.35,5.127617231018879,124,2.161757165785489,1,1.056779926111658,Noise (HM.RMSE) | Noise (HM.MAE) | Noise (HM.SE),Noise (LM.RMSE) | Noise (LM.MAE),4.0999173793495345,HM,SE,1,3,0.35,0.35,0.03143092785468561,2,0.5,1,0.05,0.015,60,0.15488464649868983,1970.6984984891237,1974.3836266922453,0.03020596887804623,2.039315501931557,2.595867988937559,594.6691508005696,0.03390511028344948,21.890556004036387,0.1390670374529096,1.1856200443370313e-5,0.15511698651332065,1970.6973443434902,2630.7012576015277,0.03025128037540709,2.0392768677817137,2.5959328143472256,596.811478366224,0.1360276356772013,87.69357807600262,0.13902467233240234,4.583500153214991e-5,1970.19,1977.17,0.037519150470869844,0.9,5.127617231018879,124,0.03356218764227359,1,1.0015000842232145,Noise (HM.RMSE) | Noise (HM.MAE),Noise (LM.RMSE) | Noise (LM.MAE),0.15511698651332065,HM,AICc,1,3,0.9,0.9,0.08082238591204871,2,0.5,1,0.05,0.038,60
170,Mar_23_170,Mar_23_170_SRS5_stem,SRS5,3/13/23,12:33:30,12:36:30,stem,alive,LARA,LGR,LGR3,C5,C,NA,NA,20,19.6,25.8,26.6,24.2,NA,sediment,1,2023-03-13T12:33:30.000000Z,2023-03-13,March_2023,70,29,849,1064.6016666666667,213.35,2012.6016666666667,0.07,0.029,1.064601666666667,0.849,2.012601666666667,1.1700521659672958,558.0458368561435,609.6084767681809,0.3051043781777365,0.6100239886413136,0.7776925319162257,405.4336705813581,0.004667911674849168,0.3989490221566447,0.9973015325910668,3.1682897389232034e-219,1.2752924117928275,557.2934971560788,880.3500666060489,0.3325469663766361,0.546302972486959,0.6996889272931343,371.38309636814324,0.01791474886112423,1.4047561716406178,0.9978157048445961,0.0010293768888304119,558.618,608.614,0.007895432193796187,0.35,3.834924208415291,171,0.871726794793533,1,1.0899449177452087,Noise (HM.RMSE) | Noise (HM.MAE),Noise (LM.RMSE) | Noise (LM.MAE),1.2752924117928275,HM,,0,4,0.35,0.35,0.026765168951565537,2,0.5,1,0.05,0.0079,60,0.1785048997215994,1993.8124716716256,2001.6789447525673,0.0465471779937375,1.9791630471601782,2.510977993320832,806.2906230122395,0.015071539212844447,8.4432075737699,0.45033010107624005,5.999772009089837e-24,0.25458077947825875,1993.3026452587026,2008.4393103994028,0.06638482682907035,1.9889150237558533,2.5042517556003703,807.4705186402067,0.07855667965980177,30.857270458829174,0.45327099382808667,0.004385696995474363,1995.43,2000.7700000000002,0.020302539926904478,0.9,3.834924208415291,171,0.051719086659708334,1,1.4261837063033516,Noise (HM.RMSE) | Noise (HM.MAE),Noise (LM.RMSE) | Noise (LM.MAE),0.25458077947825875,HM,AICc | Intercept,1,3,0.9,0.9,0.06882472016116853,2,0.5,1,0.05,0.02,60
171,Mar_23_171,Mar_23_171_SRS5_stem,SRS5,3/13/23,12:40:00,12:43:00,stem,alive,LARA,LGR,LGR3,C5,C,NA,NA,122,17.8,26.8,26.6,24.2,NA,sediment,1,2023-03-13T12:40:00.000000Z,2023-03-13,March_2023,70,29,849,1064.6016666666667,213.35,2012.6016666666667,0.07,0.029,1.064601666666667,0.849,2.012601666666667,2.252494766519283,528.7740368868218,616.3012499855786,0.5874309603943403,0.7829450519184185,0.9958598914258271,433.42979416326773,0.007192804368020434,0.31932613007289123,0.9984727825031592,6.297064285014443e-212,2.2762908537485216,528.6194699306535,4510.607156744928,0.59363677209365,0.8015559356929338,1.0228890711891108,443.6279856070375,0.029612372531338693,1.3009046046367057,0.9983895913559507,1.490805142515595e-4,529.141,616.889,0.008947129920340108,0.35,3.8344842515743323,151,1.6783741725552581,1,1.010564325201967,Noise (HM.RMSE) | Noise (HM.MAE),Noise (LM.RMSE) | Noise (LM.MAE),2.252494766519283,LM,RMSE | MAE | AICc,3,1,0.35,0.35,0.028482596056990578,2,0.5,1,0.05,0.0089,60,0.06371053789999657,1983.014654022936,1985.4903116405678,0.016615151796187142,1.8789815737722186,2.3779654770273257,696.2887770487986,0.01717534827682917,26.958410402669188,0.07839637556520684,2.925872496436172e-4,0.06379213355813063,1983.0140574956456,2512.8679118945115,0.016636431231120418,1.8790475781196911,2.3779962176485157,698.403388358188,0.06850278551812643,107.38437750432539,0.07837276373914648,3.139815081650188e-5,1982.78,1985.66,0.023006905509445993,0.9,3.8344842515743323,151,0.01846127977354127,1,1.001280724677951,Noise (HM.RMSE) | Noise (HM.MAE),Noise (LM.RMSE) | Noise (LM.MAE),0.06379213355813063,HM,AICc,1,3,0.9,0.9,0.07324096128940435,2,0.5,1,0.05,0.023,60
172,Mar_23_172,Mar_23_172_SRS5_stem,SRS5,3/13/23,13:04:00,13:07:00,stem,alive,LARA,LGR,LGR3,D2,D,NA,NA,50,35.5,26.9,24.4,24,NA,sediment,0,2023-03-13T13:04:00.000000Z,2023-03-13,March_2023,70,29,849,2190.644,462.19,3138.644,0.07,0.029,2.1906440000000003,0.849,3.138644,2.705502779093727,714.3200251786332,844.8239500290285,0.9739098869432489,1.6431989038318975,1.9897601324195557,579.2729330531389,0.012218685817799025,0.45162348056770313,0.9972539950517703,1.034685848309281e-173,3.217754930936419,710.4037977053847,1149.009644313768,1.158307197174313,0.757924482939989,0.9271789326731793,373.6910557867895,0.02589668860256309,0.8048061197446983,0.9994037519445007,0.0026408840787946167,711.438,840.129,0.0072021719446060005,0.35,2.777980607205172,136,2.7825996769807113,1,1.189337137555735,Noise (HM.RMSE) | Noise (HM.MAE),Noise (LM.RMSE) | Noise (LM.MAE),3.217754930936419,HM,,0,4,0.35,0.35,0.030012252399939043,2,0.5,1,0.05,0.0072,60,0.007894138359925418,1985.558561457616,1985.9393468876822,0.0028416823139263856,1.6044334200616908,1.9989365517784015,580.5244649026688,0.012275036220669808,155.4955798974086,-0.004362771220815187,0.5212548265876795,NA,NA,NA,NA,NA,NA,NA,NA,NA,NA,NA,1986.6200000000001,1984.81,0.018519870714701146,0.9,2.777980607205172,136,0.0031574247932515394,1,NA,HM.flux is NA,NA,0.007894138359925418,LM,HM.flux is NA,NA,NA,0.9,0.9,0.07717436331412897,2,0.5,1,0.05,0.019,60
173,Mar_23_173,Mar_23_173_SRS5_root,SRS5,3/13/23,13:20:30,13:23:30,root,alive,LARA,LGR,LGR3,A6,A,NA,NA,2.3,20,28.8,25.6,24.1,NA,sediment,0,2023-03-13T13:20:30.000000Z,2023-03-13,March_2023,70,29,849,212.53666666666663,40.45,1160.5366666666666,0.07,0.029,0.21253666666666665,0.849,1.1605366666666663,4.5114829048699345,560.4941219415175,636.5695650346718,0.38616976189418406,2.340447834360098,2.783646746033619,983.2026011497584,0.04010973491412598,0.8890587808906334,0.9845129129304825,2.2222903319752878e-181,6.900120761854109,554.4637171212789,684.9680030740686,0.5906301869768777,0.7736754775732276,0.975599688242118,565.8993686088182,0.07656502545282207,1.1096186298085677,0.9980976746132615,0.004525753178639205,554.998,631.304,0.020651134049420213,0.35,11.68264154795772,200,1.1033421768405258,1,1.5294573663142448,Noise (HM.RMSE) | Noise (HM.MAE) | Noise (HM.SE),Noise (LM.RMSE) | Noise (LM.MAE) | Noise (LM.SE),6.900120761854109,HM,SE,1,3,0.35,0.35,0.024748737341529162,2,0.5,1,0.05,0.021,60,0.3922701905470246,1986.8163763558316,1993.4310813624465,0.033577182774695215,1.5863994450578298,1.9877190838225995,848.4929791916668,0.028641164921330505,7.3013870570664885,0.4838959878272824,1.7850279545976795e-30,0.6500652212615291,1986.1809775252727,1996.3944300909695,0.05564368457193391,1.5703461646655945,1.971821678279253,847.3636715892421,0.16448409348179716,25.302706267318246,0.49211838199084823,0.005448077837931164,1987.33,1994.27,0.05310291612708055,0.9,11.68264154795772,200,0.03730798086077246,1,1.657187410430058,Noise (HM.RMSE) | Noise (HM.MAE) | Noise (HM.SE) | Intercept (HM),Noise (LM.RMSE) | Noise (LM.MAE),0.6500652212615291,HM,SE | Intercept (HM),1,3,0.9,0.9,0.06363961030678927,2,0.5,1,0.05,0.053,60
175,Mar_23_175,Mar_23_175_SRS5_root,SRS5,3/13/23,13:32:30,13:35:30,root,alive,RHMA,LGR,LGR3,A6,A,NA,NA,2.5,20,26,26.7,24.1,NA,sediment,0,2023-03-13T13:32:30.000000Z,2023-03-13,March_2023,70,29,849,212.53666666666663,40.45,1160.5366666666666,0.07,0.029,0.21253666666666665,0.849,1.1605366666666663,3.2325713922217805,528.3003070982263,571.1034202151748,0.2779422929671981,1.3610570921215828,1.631705640698901,601.629989489854,0.03426124198576356,1.0598758025330244,0.9828843711285186,3.680916421584959e-138,4.881600312446452,524.9740148377962,600.041537153929,0.41972876065645454,0.6817302473288746,0.8470511416008599,399.18353060695966,0.09640238806238477,1.9748111662601882,0.9953875837309146,0.005591349597084683,525.836,569.087,0.0262621232584106,0.35,11.630368871581839,156,0.7941208370491374,1,1.5101291572995321,Noise (HM.RMSE) | Noise (HM.MAE) | Noise (HM.SE),Noise (LM.RMSE) | Noise (LM.MAE),4.881600312446452,HM,SE,1,3,0.35,0.35,0.028022426915890245,2,0.5,1,0.05,0.026,60,0.9065925907105478,2013.3730384474015,2025.3774091179282,0.07795045889952437,2.139772062466553,2.802910054760175,770.4320701143366,0.05885324978672952,6.49169763681864,0.603876580234109,5.3802160176039104e-33,2.548733797677885,2010.528954707596,2024.9577429928868,0.21914470863478583,1.9901868861719463,2.6068078169325557,749.9091642342383,0.47497489185112934,18.63571991252567,0.6573661817693799,0.01518801886213765,2011.4899999999998,2026.56,0.06753117409305584,0.9,11.630368871581839,156,0.08661162099947152,1,2.811333143237249,Noise (HM.RMSE) | Noise (HM.MAE) | Noise (HM.SE) | Exaggerated curvature (g-fact),Noise (LM.RMSE) | Noise (LM.MAE) | Intercept (LM),0.9065925907105478,LM,SE | g-fact. > 2 | Intercept (LM),1,3,0.9,0.9,0.0720576692122892,2,0.5,1,0.05,0.068,60
177,Mar_23_177,Mar_23_177_SRS5_stem,SRS5,3/13/23,13:45:30,13:48:30,stem,alive,RHMA,LGR,LGR3,B2,B,NA,NA,75,22,26,26.7,24.7,NA,sediment,0,2023-03-13T13:45:30.000000Z,2023-03-13,March_2023,70,29,849,418.99555555555554,107.68,1366.9955555555557,0.07,0.029,0.4189955555555556,0.849,1.3669955555555555,3.4136724841185497,534.402156218027,677.1532974623459,0.6639587964852043,0.7570144341930889,0.9501461326641741,599.7374641228381,0.005335507764783572,0.1562981741689043,0.9994726080120321,0,3.575134114824704,533.2964418525022,2141.5089156737886,0.6953630599290296,0.6357674964674149,0.8089957021380919,532.0166359236187,0.018802720473151863,0.5259304929340756,0.9996176640402193,4.323825808145685e-4,532.343,675.352,0.008330959355755112,0.35,5.141392059551726,217,1.8970251328148693,1,1.047298512513231,Noise (HM.RMSE) | Noise (HM.MAE),Noise (LM.RMSE) | Noise (LM.MAE),3.575134114824704,HM,,0,4,0.35,0.35,0.023759548165574573,2,0.5,1,0.05,0.0083,60,0.13361128938231534,1979.3493800888573,1984.936665960945,0.025987376149245622,1.9321723927129253,2.3789865063174798,998.0687582064193,0.013359103974018448,9.99848443629094,0.31435170162017967,1.394383286692426e-19,0.13577005074879317,1979.3343796084046,2154.3333817356474,0.02640725491777238,1.9322532393212364,2.3789795388717434,1000.1434903180098,0.05406116394526835,39.81818055389428,0.3143557447727774,1.5089945997847175e-4,1980.18,1983.6000000000001,0.02142246691479886,0.9,5.141392059551726,217,0.028874862388050686,1,1.0161570281707315,Noise (HM.RMSE) | Noise (HM.MAE),Noise (LM.RMSE) | Noise (LM.MAE),0.13577005074879317,HM,AICc | Intercept,1,3,0.9,0.9,0.06109598099719177,2,0.5,1,0.05,0.021,60
178,Mar_23_178,Mar_23_178_SRS5_stem,SRS5,3/13/23,13:55:00,13:58:00,stem,alive,AVGE,LGR,LGR3,B2,B,NA,NA,?,13.5,26.7,27.2,24.4,NA,sediment,0,2023-03-13T13:55:00.000000Z,2023-03-13,March_2023,70,29,849,418.99555555555554,107.68,1366.9955555555557,0.07,0.029,0.4189955555555556,0.849,1.3669955555555555,5.439867431571673,714.2777958235687,887.084277718907,1.0601624656155724,0.9510285484651101,1.1421500762301289,518.2599151751166,0.009700896753753024,0.1783296537237538,0.9994787261858492,1.046355014478257e-269,5.674401864889539,713.05293305706,2839.6628615878553,1.1058703079896248,0.817342009107009,1.0007685339857066,476.7532347663884,0.0350880119279942,0.618356132742411,0.9995997910040254,5.200155859112508e-4,713.935,886.176,0.010950654785154789,0.35,5.13116395647253,165,3.0290356160444927,1,1.0431139979545614,Noise (HM.RMSE) | Noise (HM.MAE) | Noise (HM.SE),Noise (LM.RMSE) | Noise (LM.MAE),5.674401864889539,HM,SE,1,3,0.35,0.35,0.0272474630456533,2,0.5,1,0.05,0.011,60,0.21170358936287895,2013.9583180201416,2020.683436406316,0.041258395007205476,1.9232839842445533,2.3972772586995275,762.92887815701215,0.0203613690186178,9.617866697440158,0.3950665092234015,9.630124911520988e-20,0.21403639873063543,2013.9458150216933,2310.802095061644,0.041713030522177445,1.9236486666422934,2.3973403277599434,765.0384915649772,0.08214162177330835,38.37740788971295,0.3950349408213122,1.4051591065064787e-4,2017.15,2022.29,0.028158826590398034,0.9,5.13116395647253,165,0.045842661119117195,1,1.0110192244485654,Noise (HM.RMSE) | Noise (HM.MAE),Noise (LM.RMSE) | Noise (LM.MAE),0.21403639873063543,HM,AICc | Intercept,1,3,0.9,0.9,0.07006490497453707,2,0.5,1,0.05,0.028,60
180,Mar_23_180,Mar_23_180_SRS5_stem,SRS5,3/13/23,10:56:00,10:59:00,stem,alive,RHMA,LGR,LGR3,C5,C,NA,NA,?,10.5,25.1,27.5,24,NA,sediment,0,2023-03-13T10:56:00.000000Z,2023-03-13,March_2023,70,29,849,1064.6016666666667,213.35,2012.6016666666667,0.07,0.029,1.064601666666667,0.849,2.012601666666667,1.2143266697987427,508.57510087062866,563.2104952905743,0.31764764197642803,0.6128422307831521,0.7722712655102104,410.0018311779575,0.004516551007451629,0.37193871466235545,0.9976124262949719,1.1798315353791553e-227,1.2804873695736427,508.08682365939455,1047.7900183711758,0.3349541796632685,0.5936718442453462,0.7407219708578108,397.58207957031635,0.017963352148684827,1.4028527399427604,0.9978035188098306,6.206266387623382e-4,508.699,561.799,0.007734136609773965,0.35,3.822873238545417,174,0.9075646913612231,1,1.0544834445461575,Noise (HM.RMSE) | Noise (HM.MAE),Noise (LM.RMSE) | Noise (LM.MAE),1.2804873695736427,HM,,0,4,0.35,0.35,0.026533431525261615,2,0.5,1,0.05,0.0077,60,0.10989098366216044,1996.1834780780548,2001.1277302178626,0.028745651975625897,1.6108561064805003,2.0178591105160177,744.240697904509,0.01180124653799648,10.739048959901238,0.33129713511247094,5.883467408147995e-17,0.13895769507695138,1995.9769396999613,2008.9660076448436,0.036349019809462486,1.6096518591379922,2.0158578604828516,745.9909009654496,0.056027404072050216,40.319756340966656,0.33262287486345166,0.0027984317245629835,1997.99,2002.5400000000002,0.019887779853704483,0.9,3.822873238545417,174,0.031939613306250995,1,1.264504970709437,Noise (HM.RMSE) | Noise (HM.MAE),Noise (LM.RMSE) | Noise (LM.MAE),0.13895769507695138,HM,AICc | Intercept,1,3,0.9,0.9,0.0682288239221013,2,0.5,1,0.05,0.02,60
184,Mar_23_184,Mar_23_184_SRS5_root,SRS5,3/13/23,11:36:30,11:39:30,root,alive,RHMA,LGR,LGR3,A5,A,NA,NA,3,7,25.6,26.6,23.9,NA,sediment,0,2023-03-13T11:36:30.000000Z,2023-03-13,March_2023,70,29,849,212.53666666666663,40.45,1160.5366666666666,0.07,0.029,0.21253666666666665,0.849,1.1605366666666663,7.831478145392356,547.0755214345841,681.9784381415152,0.6711587895867218,4.481595152040181,5.181675454239843,1250.1317984958866,0.07331715049853342,0.936185342503567,0.9826023372126148,5.084915447335816e-179,12.593745086887598,534.757717928849,751.6070420345823,1.079285742992486,0.8644225626738367,1.1030022703188338,624.0935989073604,0.08869228350609606,0.7042566202045889,0.9992116786200381,0.004977122928297617,537.4,670.651,0.020217857587070374,0.35,11.668592093109188,203,1.9175965416763485,1,1.6080929874390466,Noise (HM.RMSE) | Noise (HM.MAE) | Noise (HM.SE),Noise (LM.RMSE) | Noise (LM.MAE) | Noise (LM.SE),12.593745086887598,HM,SE,1,3,0.35,0.35,0.024565184222025874,2,0.5,1,0.05,0.02,60,7.661875667296257,2073.800100631409,2205.781491088618,0.6566238331204437,3.917794537061893,4.704184815179599,1210.881361995078,0.06656098574935455,0.86872965106262,0.9849830341451382,1.9184046715939415e-185,11.248058038692381,2064.3289027543874,2306.5387535486784,0.96396017179612,1.9949118003239965,2.4940001222643877,955.3295505733068,0.1872441702385954,1.664679979375027,0.9957790871747352,0.003979855355324966,2062.86,2195.1800000000003,0.051988776652466685,0.9,11.668592093109188,203,0.7295820368004929,1,1.4680554119017213,Noise (HM.RMSE) | Noise (HM.MAE) | Noise (HM.SE),Noise (LM.RMSE) | Noise (LM.MAE),11.248058038692381,HM,SE,1,3,0.9,0.9,0.06316761657092368,2,0.5,1,0.05,0.052,60
186,Mar_23_186,Mar_23_186_SRS5_stem,SRS5,3/13/23,11:51:00,11:54:00,stem,alive,RHMA,LGR,LGR3,C5,C,NA,NA,105,18,26,26.6,23.9,NA,sediment,0,2023-03-13T11:51:00.000000Z,2023-03-13,March_2023,70,29,849,1064.6016666666667,213.35,2012.6016666666667,0.07,0.029,1.064601666666667,0.849,2.012601666666667,1.434477484581908,605.25307954545406,670.3004404545451,0.37383540752351185,0.8706812073444072,1.0936514859362505,534.1015671200275,0.0063158072110268155,0.4402862560695832,0.9966382495331991,4.115281478009094e-216,1.6684280612109395,603.5490702381854,850.0268211342127,0.43480465248866745,0.638729457535152,0.7988962238938044,426.2803022912713,0.020611670281014054,1.2353946064689283,0.998206140950113,0.00176407262281488,602.817,668.072,0.0076743799849493316,0.35,3.8371899924746655,175,1.068101164352891,1,1.1630911458308588,Noise (HM.RMSE) | Noise (HM.MAE),Noise (LM.RMSE) | Noise (LM.MAE),1.6684280612109395,HM,,0,4,0.35,0.35,0.026457513110645904,2,0.5,1,0.05,0.0077,60,-0.0294362134218921,1997.944545454545,1996.60974025974,-0.0076712942230176655,2.224678139594432,2.7428003598205306,855.911637164206,0.01583959653850022,-53.8098984114584,0.013905232881631147,0.06481204962531331,-0.02939685714154977,1997.944294355992,93.84879982917931,-0.00766103768622394,2.2246601519386564,2.742813713811879,858.0082844607273,0.02320103287721296,-78.92351473321419,0.013895755218486072,4.023452451962125e-6,1995.4,1992.4599999999998,0.01973411996129828,0.9,3.8371899924746655,175,0.008523660247797406,1,0.9986629978598721,Noise (HM.RMSE) | Noise (HM.MAE),Noise (LM.RMSE) | Noise (LM.MAE) | No detect. flux (p-val.),-0.02939685714154977,HM,AICc | p-value | Intercept,1,3,0.9,0.9,0.0680336051416609,2,0.5,1,0.05,0.02,60
187,Mar_23_187,Mar_23_187_SRS5_stem,SRS5,3/13/23,11:57:00,12:00:00,stem,alive,RHMA,LGR,LGR3,C5,C,NA,NA,145,17.5,26.5,26.6,23.9,NA,sediment,0,2023-03-13T11:57:00.000000Z,2023-03-13,March_2023,70,29,849,1064.6016666666667,213.35,2012.6016666666667,0.07,0.029,1.064601666666667,0.849,2.012601666666667,1.4847873247634606,608.2745872812346,671.7393827788446,0.3869804603512805,0.8578379212667991,1.0790566883386408,502.49669912328454,0.006756457631614606,0.45504548152651875,0.9965949668284323,1.629468470014781e-204,1.696280568601779,606.8369583513501,874.1604012225722,0.44210199290798957,0.6710456094359156,0.8581779691396667,428.55870601137315,0.02356179261452698,1.3890268538505186,0.997846288397371,0.001653809288701117,606.755,670.512,0.008138780102363246,0.35,3.836853476828388,166,1.1056584581465159,1,1.1424400924704896,Noise (HM.RMSE) | Noise (HM.MAE),Noise (LM.RMSE) | Noise (LM.MAE),1.696280568601779,HM,,0,4,0.35,0.35,0.027165268399721648,2,0.5,1,0.05,0.0081,60,0.04478583951010361,1994.935665360104,1996.8499625111456,0.011672543603912754,1.9934075536831648,2.440960569891869,773.5097649947953,0.015283948331119155,34.126742957829606,0.04395701431446397,0.0038700794228174883,0.12144641151069127,1994.4672400667318,1996.907783139168,0.03165260603359841,1.9805564876115864,2.4287168434488002,773.9405794432153,0.1233145200271189,101.53821631548428,0.05352388055422652,0.012969492893236392,1994.41,1999.4099999999999,0.02092829169179121,0.9,3.836853476828388,166,0.012969492893236392,1,2.711714524929094,Noise (HM.RMSE) | Noise (HM.MAE) | Exaggerated curvature (g-fact),Noise (LM.RMSE) | Noise (LM.MAE) | Intercept (LM),0.04478583951010361,LM,AICc | g-fact. > 2 | Intercept (LM),1,3,0.9,0.9,0.06985354731356995,2,0.5,1,0.05,0.021,60
188,Mar_23_188,Mar_23_188_SRS5_root,SRS5,3/13/23,12:03:30,12:06:30,root,alive,RHMA,LGR,LGR3,A5,A,NA,NA,75,9.5,26.5,26.6,23.9,NA,sediment,0,2023-03-13T12:03:30.000000Z,2023-03-13,March_2023,70,29,849,212.53666666666663,40.45,1160.5366666666666,0.07,0.029,0.21253666666666665,0.849,1.1605366666666663,4.75522421017905,469.96634980313604,593.4206804885937,0.4074400352655366,0.8442365989035756,1.0185275049916758,882.830596118446,0.007794204846236928,0.16390825125664157,0.9991839404525978,0,5.14778731533293,468.2982375888036,1303.8056302993625,0.44107586784425384,0.5575378841082091,0.6986097992750506,654.9014575776567,0.02261803670076619,0.439373954580394,0.9996160756360694,5.279137823225148e-4,469.082,591.124,0.013436982725810578,0.35,11.670979281846904,305,1.164114386472962,1,1.0825540684945112,Noise (HM.RMSE) | Noise (HM.MAE),Noise (LM.RMSE) | Noise (LM.MAE),5.14778731533293,HM,,0,4,0.35,0.35,0.020040941700985387,2,0.5,1,0.05,0.013,60,0.25064570341986053,1981.6714010122869,1988.1786225831745,0.021475978781807625,1.837977424461275,2.2898108408536877,1376.9984587374474,0.01752260460839835,6.990985430556518,0.4011129890512074,8.073113730636037e-36,0.3063087105817442,1981.4404966958116,2000.8674981836843,0.026245330677450364,1.8396153502870705,2.2874358205390823,1378.4190299073794,0.08109754517461974,26.47575546271556,0.4023546908917759,0.0013509717747143802,1981.43,1989.5,0.03455224129494149,0.9,11.670979281846904,305,0.02386219864645292,1,1.2220784414111487,Noise (HM.RMSE) | Noise (HM.MAE),Noise (LM.RMSE) | Noise (LM.MAE),0.3063087105817442,HM,AICc,1,3,0.9,0.9,0.051533850088248144,2,0.5,1,0.05,0.035,60
174,Mar_23_174,Mar_23_174_SRS5_stem,SRS5,3/13/23,13:27:00,13:31:00,stem,alive,LARA,LGR,LGR3,D2,D,NA,NA,100,35,27,25.8,24.1,NA,sediment,0,2023-03-13T13:27:00.000000Z,2023-03-13,March_2023,70,29,849,2190.644,462.19,3138.644,0.07,0.029,2.1906440000000003,0.849,3.138644,4.692117100171996,735.8584371678621,988.993365242954,1.6988921347321602,1.4685669528631464,1.8311851411185815,617.3816416856505,0.009541035714193355,0.20334180734414356,0.9993801636230514,4.197294326158787e-241,5.020929609091838,732.9842154316872,2714.0493054733847,1.817946491918811,1.056587196424221,1.2917628705913828,514.107780880648,0.028263413619207593,0.5629119669000845,0.9996915547092627,9.176611616938577e-4,733.134,986.817,0.006444360421658383,0.35,2.7618687521393075,151,4.8539775278061725,1,1.0700776433963657,Noise (HM.RMSE) | Noise (HM.MAE),Noise (LM.RMSE) | Noise (LM.MAE),5.020929609091838,HM,,0,4,0.35,0.35,0.028482596056990578,2,0.5,1,0.05,0.0064,60,0.022770035093011985,1980.0467206770566,1981.275140827808,0.008244430541956279,1.6218776003984745,1.9920440396600563,642.8094050226264,0.01037915986749031,45.58253786212049,0.02478894378565366,0.0297975176858006,0.0227614824800135,1980.0467274777086,2528.914790750982,0.008241333865840928,1.621883912382082,1.9920563091395267,644.92197240432,0.04124322206955748,181.1974334526431,0.024777097324487962,1.5015145564659482e-5,1980.6299999999999,1979.49,0.016571212512835845,0.9,2.7618687521393075,151,0.009160478379951422,1,0.9996243917515477,Noise (HM.RMSE) | Noise (HM.MAE),Noise (LM.RMSE) | Noise (LM.MAE),0.0227614824800135,HM,AICc | Intercept,1,3,0.9,0.9,0.07324096128940435,2,0.5,1,0.05,0.017,60
185,Mar_23_185,Mar_23_185_SRS5_stem,SRS5,3/13/23,11:40:00,11:49:00,stem,alive,RHMA,LGR,LGR3,C5,C,NA,NA,55,18.5,25.6,26.6,23.9,NA,sediment,0,2023-03-13T11:40:00.000000Z,2023-03-13,March_2023,70,29,849,1064.6016666666667,213.35,2012.6016666666667,0.07,0.029,1.064601666666667,0.849,2.012601666666667,1.7943414090392966,639.6058520189006,684.0131896477665,0.46744565925121956,0.7068052949033756,0.9034550364047546,259.2035121893477,0.012908017931782303,0.7193735744354999,0.995107565886725,1.2791658629582613e-110,2.0813297155537067,638.4699860361033,809.3770391385327,0.5422092674810742,0.5934333338091413,0.7484318795214955,225.23894180608195,0.04757146490547399,2.2856284878832045,0.9966424966454112,0.0031725388603834432,638.399,683.265,0.013994930942208125,0.35,3.8386096298628005,96,1.335559026432056,1,1.159940747657418,Noise (HM.RMSE) | Noise (HM.MAE) | Noise (HM.SE),Noise (LM.RMSE) | Noise (LM.MAE),2.0813297155537067,HM,SE,1,3,0.35,0.35,0.03572172541558802,2,0.5,1,0.05,0.014,60,1.6506661870950057,2165.654624140893,2206.506209192439,0.4300166847531208,2.3036170391345885,2.8362636124455194,478.85467879855776,0.04052281529626265,2.454937019554416,0.9458158063382014,1.592001885009156e-61,2.4007352161110034,2162.8247641207236,2239.019089337543,0.6254179110671408,2.0087509325298263,2.55479790021284,460.96659800963226,0.19225117377604758,8.008012399113257,0.9560364727265942,0.00820819541727609,2169.09,2204.08,0.035986965279963756,0.9,3.8386096298628005,96,0.4777963163923564,1,1.4544038248799644,Noise (HM.RMSE) | Noise (HM.MAE) | Noise (HM.SE) | Intercept (HM),Noise (LM.RMSE) | Noise (LM.MAE),2.4007352161110034,HM,SE | Intercept (HM),1,3,0.9,0.9,0.0918558653543692,2,0.5,1,0.05,0.036,60
169,Mar_23_169,Mar_23_169_SRS5_stem,SRS5,3/13/23,12:24:15,12:33:30,stem,alive,LARA,LGR,LGR3,C5,C,NA,NA,47,18.1,26.7,26.6,24.2,NA,sediment,1,2023-03-13T12:24:15.000000Z,2023-03-13,March_2023,70,29,849,1064.6016666666667,213.35,2012.6016666666667,0.07,0.029,1.064601666666667,0.849,2.012601666666667,1.5193655221861457,655.06512299875,731.9069194018095,0.39609173403638936,1.4115706752447146,1.6792789578627387,765.5477927549935,0.008196794685108194,0.5394880011041847,0.9943564428108072,2.7716246114365847e-220,1.894391387317616,652.0796658038998,863.8365577504164,0.4938592844114216,0.8547947072847326,1.0663240400807512,589.606493888499,0.02452450962517719,1.2945851522215235,0.997724453896359,0.0023321993436518492,652.866,728.727,0.006884936209302541,0.35,3.8358930308971306,196,1.1316906686753982,1,1.2468305747729898,Noise (HM.RMSE) | Noise (HM.MAE),Noise (LM.RMSE) | Noise (LM.MAE),1.894391387317616,HM,,0,4,0.35,0.35,0.024999999999999998,2,0.5,1,0.05,0.0069,60,0.1667249877395918,2020.8695615799843,2029.3016652285878,0.04346445179692576,2.2106524688207227,2.7499584002886275,958.8905324995775,0.013422930296490313,8.050940940811838,0.4401039952200625,1.9114882111064688e-26,0.2850379976316888,2019.9872805805464,2032.6630162794354,0.07430811947459982,2.2069164016772937,2.723653058697337,957.2071431866425,0.07941855834586664,27.862446061835993,0.4507643837188511,0.005862233265175529,2018.1399999999999,2028.9799999999998,0.01770412168106368,0.9,3.8358930308971306,196,0.04829383532991751,1,1.709629741145283,Noise (HM.RMSE) | Noise (HM.MAE),Noise (LM.RMSE) | Noise (LM.MAE),0.2850379976316888,HM,Intercept,0,4,0.9,0.9,0.0642857142857143,2,0.5,1,0.05,0.018,60
161,Mar_23_161,Mar_23_161_CP40_stem,CP40,3/15/23,14:19:00,14:21:00,stem,dead,AVGE,LGR,LGR3,B2,B,NA,NA,80,11,NA,22.2,23.9,NA,sediment,10,2023-03-15T14:19:00.000000Z,2023-03-15,March_2023,70,29,849,418.99555555555554,107.68,1366.9955555555557,0.07,0.029,0.4189955555555556,0.849,1.3669955555555555,0.6181763266678361,467.6419420849422,484.85985383342535,0.11793090238687105,0.6121369638910266,0.7659550157926901,344.94600082695916,0.007857553660298671,1.2710861482925666,0.9769513276482648,7.95964039234232e-121,0.686238889010578,467.3347333821336,557.8565191689152,0.13091535204884458,0.5950291678528496,0.7533176731534129,342.1687494488842,0.033324845118151945,4.856158059797492,0.9777056046689276,0.0014462303290967721,467.371,484.168,0.012480599800718884,0.35,5.241851916301932,147,0.3369454353910602,1,1.1101021818639034,Noise (HM.RMSE) | Noise (HM.MAE),Noise (LM.RMSE) | Noise (LM.MAE),0.686238889010578,HM,,0,4,0.35,0.35,0.028867513459481287,2,0.5,1,0.05,0.012,60,0.06931119285213835,2120.3897802904953,2122.320287736717,0.013222653741244303,1.9483558295991266,2.4964522507345692,692.307724471959,0.02560986887750764,36.94910998306031,0.04152140593374343,0.007617608554901631,0.18513991365227966,2119.942978534366,2122.347004715859,0.0353195619808531,1.9464179119926652,2.4882572553172313,693.4548938865177,0.20954975750151278,113.1845388537225,0.04780378966197718,0.014691837490271446,2123.21,2122.9300000000003,0.03209297091613428,0.9,5.241851916301932,147,0.014691837490271446,1,2.6711402016588988,Noise (HM.RMSE) | Noise (HM.MAE) | Noise (HM.SE) | Exaggerated curvature (g-fact),Noise (LM.RMSE) | Noise (LM.MAE),0.06931119285213835,LM,SE | AICc | g-fact. > 2 | Intercept,2,2,0.9,0.9,0.07423074889580902,2,0.5,1,0.05,0.032,60
150,Mar_23_150,Mar_23_150_CP40_CWD,CP40,3/15/23,15:14:30,15:17:30,CWD,NA,AVGE,LGR,LGR3,B2,B,NA,NA,70,19,NA,22.5,NA,NA,sediment,22,2023-03-15T15:14:30.000000Z,2023-03-15,March_2023,70,29,849,418.99555555555554,107.68,1366.9955555555557,0.07,0.029,0.4189955555555556,0.849,1.3669955555555555,0.572374154476171,449.57208943512455,473.9421023609225,0.1092825691739819,0.6411554282168552,0.8043390213424684,546.6504435724253,0.004371107428155253,0.763680084778746,0.9871038764794098,6.75489785061241e-213,0.6330229448671534,449.1519712766004,581.5189261930344,0.12086215497356537,0.6214050616256541,0.782899958935629,536.5664972399718,0.018281808087970662,2.8880166566169723,0.9877821877238695,9.130840476754047e-4,447.94,473.097,0.0081836895227564,0.35,5.237561294564096,225,0.3122359119256626,1,1.1059600436474761,Noise (HM.RMSE) | Noise (HM.MAE),Noise (LM.RMSE) | Noise (LM.MAE),0.6330229448671534,HM,,0,4,0.35,0.35,0.02333333333333333,2,0.5,1,0.05,0.0082,60,0.07600408086133684,2187.3587155514833,2190.5947464213596,0.014511349192269908,2.154224243057138,2.8596672605306446,1117.448311243412,0.01554060224965231,20.447062938639906,0.0928189139684018,1.9230228712706314e-6,0.07621555104128486,2187.3570592926076,2609.4823368660955,0.014551724887761531,2.1541312442890357,2.859704696321246,1119.5274230337427,0.06214657361472402,81.54054227208843,0.09279543878878116,3.4472526666513635e-5,2188.62,2191.86,0.02104377305851646,0.9,5.237561294564096,225,0.01612372132474434,1,1.002782352967781,Noise (HM.RMSE) | Noise (HM.MAE),Noise (LM.RMSE) | Noise (LM.MAE),0.07621555104128486,HM,AICc | Intercept,1,3,0.9,0.9,0.060000000000000005,2,0.5,1,0.05,0.021,60
151,Mar_23_151,Mar_23_151_CP40_CWD,CP40,3/15/23,15:38:00,15:41:00,CWD,NA,AVGE,LGR,LGR3,B2,B,NA,NA,55,25,NA,22.5,NA,NA,sediment,12,2023-03-15T15:38:00.000000Z,2023-03-15,March_2023,70,29,849,418.99555555555554,107.68,1366.9955555555557,0.07,0.029,0.4189955555555556,0.849,1.3669955555555555,0.7072206383533665,537.9294821676629,563.5815766907175,0.13501102380555097,0.6070026216442818,0.7464349396991531,438.70047760386024,0.005142885176613456,0.7271967046362958,0.9900001077046245,3.524664848929867e-192,0.7168670373957783,537.8708424049227,1465.278042067682,0.136852556900209,0.6077271486063142,0.7490491012643162,442.12921562216553,0.02086689250207142,2.910845584123423,0.9899304976400629,1.4756469105477489e-4,536.713,566.048,0.009598875801468787,0.35,5.2382436516586814,192,0.3857457823015742,1,1.0136398720841515,Noise (HM.RMSE) | Noise (HM.MAE),Noise (LM.RMSE) | Noise (LM.MAE),0.7168670373957783,HM,AICc,1,3,0.35,0.35,0.02525907427704613,2,0.5,1,0.05,0.0096,60,0.22956348487402495,2160.0192005304693,2168.345858285737,0.043824514501408125,1.7152868008639952,2.1076777148347006,837.3053615244006,0.014521753873245382,6.32581173840183,0.5658111361821767,1.7618907476500975e-36,0.4062404980794681,2159.0809480596813,2171.1975644019026,0.07755280683647327,1.6943640033931142,2.0736472437576214,833.1409604737652,0.08777299874995281,21.606166584795492,0.5797187350156303,0.006400533337532078,2162.62,2167.94,0.02468282348949117,0.9,5.2382436516586814,192,0.04869390500156459,1,1.7696215855165132,Noise (HM.RMSE) | Noise (HM.MAE),Noise (LM.RMSE) | Noise (LM.MAE),0.4062404980794681,HM,Intercept,0,4,0.9,0.9,0.0649519052838329,2,0.5,1,0.05,0.025,60
154,Mar_23_154,Mar_23_154_CP40_stem,CP40,3/15/23,12:57:00,13:00:00,stem,alive,AVGE,LGR,LGR3,C5,C,NA,NA,50,29,24,NA,23,NA,sediment,10,NA,NA,March_2023,70,29,849,1064.6016666666667,213.35,2012.6016666666667,0.07,0.029,1.064601666666667,0.849,2.012601666666667,NA,NA,NA,NA,NA,NA,NA,NA,NA,NA,NA,NA,NA,NA,NA,NA,NA,NA,NA,NA,NA,NA,NA,NA,NA,NA,NA,NA,NA,NA,NA,NA,NA,NA,NA,NA,NA,NA,NA,NA,NA,NA,NA,NA,NA,NA,NA,NA,NA,NA,NA,NA,NA,NA,NA,NA,NA,NA,NA,NA,NA,NA,NA,NA,NA,NA,NA,NA,NA,NA,NA,NA,NA,NA,NA,NA,NA,NA,NA,NA,NA,NA,NA,NA,NA,NA,NA,NA,NA,NA,NA,NA,NA,NA
155,Mar_23_155,Mar_23_155_CP40_stem,CP40,3/15/23,13:03:30,13:06:30,stem,alive,AVGE,LGR,LGR3,C5,C,NA,NA,90,16,NA,22.2,23,NA,sediment,10,2023-03-15T13:03:30.000000Z,2023-03-15,March_2023,70,29,849,1064.6016666666667,213.35,2012.6016666666667,0.07,0.029,1.064601666666667,0.849,2.012601666666667,1.3718572839170031,604.3169971724843,662.0688855191779,0.3521456606505705,0.786793617416324,0.9949025904212302,475.5390732029827,0.006357823360554511,0.46344641203502607,0.9964685273144165,3.2396819340619394e-203,1.3921705827315256,604.1737818303396,2551.894238192202,0.35735993484285977,0.7878981661330708,0.999303755859965,479.1048066675784,0.025828700416902765,1.8552827316768352,0.9964375428814425,1.8347598787886156e-4,605.241,661.153,0.00826362674423366,0.35,3.8957097508530114,166,1.00613045900163,1,1.014807151627699,Noise (HM.RMSE) | Noise (HM.MAE),Noise (LM.RMSE) | Noise (LM.MAE),1.3921705827315256,HM,RMSE | AICc,2,2,0.35,0.35,0.027165268399721648,2,0.5,1,0.05,0.0083,60,0.051018080387465164,2141.7337400271426,2143.881478364608,0.013095965472349206,1.9007181500738977,2.394878619618972,767.1821473852924,0.015304227147563625,29.99765383435277,0.0577504769074666,0.0010598506037581192,0.051178221307529026,2141.7324873571224,2402.5851467681714,0.013137072467044793,1.9006923672914346,2.39489575211428,769.2848214969711,0.061430012652555294,120.03155069306422,0.05773716375779914,5.036204153220277e-5,2144.0899999999997,2146.73,0.0212493259137437,0.9,3.8957097508530114,166,0.01455107274705467,1,1.003138905243938,Noise (HM.RMSE) | Noise (HM.MAE),Noise (LM.RMSE) | Noise (LM.MAE),0.051178221307529026,HM,AICc | Intercept,1,3,0.9,0.9,0.06985354731356995,2,0.5,1,0.05,0.021,60
156,Mar_23_156,Mar_23_156_CP40_stem,CP40,3/15/23,13:12:00,13:15:00,stem,alive,AVGE,LGR,LGR3,C5,C,NA,NA,120,15.25,NA,22.2,23,NA,sediment,10,2023-03-15T13:12:00.000000Z,2023-03-15,March_2023,70,29,849,1064.6016666666667,213.35,2012.6016666666667,0.07,0.029,1.064601666666667,0.849,2.012601666666667,1.1962337463457127,581.7090515677056,671.3828863836046,0.30710217402705137,0.9280256569756926,1.1353194421869903,918.1355031528537,0.0030503327234729337,0.25499470590853773,0.9980919789888935,0,1.3481977372713427,579.8561879730271,998.257252239824,0.3461150108824337,0.6111397001936962,0.7890863602771644,705.5527554518596,0.009282883786012837,0.6885402288836903,0.9990782862305004,8.272326254450697e-4,581.276,668.905,0.004653005683502424,0.35,3.8952304721891724,295,0.8774347829344326,1,1.127035365278612,Noise (HM.RMSE) | Noise (HM.MAE),Noise (LM.RMSE) | Noise (LM.MAE),1.3481977372713427,HM,,0,4,0.35,0.35,0.02037778784088537,2,0.5,1,0.05,0.0047,60,0.01366238091018773,2136.0334847464096,2137.057664253696,0.0035074640660503168,1.862362850956576,2.3531776699214517,1348.158511504473,0.00632242748955321,46.27617639352097,0.012327950380270125,0.031510222216352766,0.025231108740731367,2135.876394050997,2137.5384760860343,0.006477436680800852,1.8624148139824483,2.3496437322792882,1349.3272565180937,0.03780898931430601,149.8506851316834,0.015292240418239067,0.0038971822956114627,2135.26,2139.14,0.011964871757577664,0.9,3.8952304721891724,295,0.0038971822956114627,1,1.8467578167080012,Noise (HM.RMSE) | Noise (HM.MAE),Noise (LM.RMSE) | Noise (LM.MAE),0.025231108740731367,HM,AICc | Intercept,1,3,0.9,0.9,0.05240002587656238,2,0.5,1,0.05,0.012,60
157,Mar_23_157,Mar_23_157_CP40_stem,CP40,3/15/23,13:35:00,13:38:00,stem,alive,AVGE,LGR,LGR3,C5,C,NA,NA,40,25,NA,22.2,22.7,NA,sediment,10,2023-03-15T13:35:00.000000Z,2023-03-15,March_2023,70,29,849,1064.6016666666667,213.35,2012.6016666666667,0.07,0.029,1.064601666666667,0.849,2.012601666666667,1.507701200629597,447.5160320330249,512.9496478970863,0.38718115895894334,0.6070633853364059,0.7799803178658353,406.43827608305264,0.004744714713417055,0.31469860947485634,0.9983192145658852,1.3396555109254957e-236,1.5333853684687357,447.3323961997786,2390.909336507552,0.3937769127241464,0.6082942507558735,0.7774831589358903,407.4388350834021,0.01908432996733839,1.244587978975978,0.9983300379164889,2.0260423169138353e-4,446.717,511.614,0.008017153302409891,0.35,3.8940458897419474,171,1.106231882739838,1,1.0170353169636088,Noise (HM.RMSE) | Noise (HM.MAE),Noise (LM.RMSE) | Noise (LM.MAE),1.5333853684687357,HM,AICc,1,3,0.35,0.35,0.026765168951565537,2,0.5,1,0.05,0.008,60,0.8354205365617895,2133.276773156351,2169.533682981391,0.21453792795881807,1.983469855215706,2.4830641094474397,802.467408266649,0.015104779626605445,1.8080450462433975,0.9473360477685034,3.5503411749288606e-110,0.8440127059141772,2133.21440436765,3811.2700182217322,0.21674441694114413,1.989504087571944,2.485982719428763,804.9664125444336,0.060740140367353514,7.196590755297211,0.9472131758128765,1.291640248104384e-4,2133.28,2170.83,0.020615537063339722,0.9,3.8940458897419474,171,0.23837547550979785,1,1.0102848433529648,Noise (HM.RMSE) | Noise (HM.MAE),Noise (LM.RMSE) | Noise (LM.MAE),0.8440127059141772,HM,AICc,1,3,0.9,0.9,0.06882472016116853,2,0.5,1,0.05,0.021,60
158,Mar_23_158,Mar_23_158_CP40_stem,CP40,3/15/23,13:41:00,13:44:00,stem,alive,AVGE,LGR,LGR3,C5,C,NA,NA,90,26,NA,22.2,22.7,NA,sediment,10,2023-03-15T13:41:00.000000Z,2023-03-15,March_2023,70,29,849,1064.6016666666667,213.35,2012.6016666666667,0.07,0.029,1.064601666666667,0.849,2.012601666666667,1.0530239469617355,532.5065447476218,609.8305990779525,0.27036382632982753,0.7485532765548745,0.9362394912908645,788.1497489434648,0.002595163012413359,0.2464486225504292,0.9982538201174864,0,1.1216838453992002,531.6836802750094,1178.351978268822,0.28799225055562994,0.6882778386605716,0.8598555848625612,741.0146184394825,0.009984152705846747,0.8901039938123964,0.9985271242861499,4.4534771759970434e-4,532.839,608.093,0.004749805336416088,0.35,3.894840375861192,289,0.7724680752280787,1,1.0652025992719039,Noise (HM.RMSE) | Noise (HM.MAE),Noise (LM.RMSE) | Noise (LM.MAE),1.1216838453992002,HM,,0,4,0.35,0.35,0.020588235294117647,2,0.5,1,0.05,0.0047,60,0.8146923675185597,2149.1828242917977,2209.0060762418316,0.20917220961550248,1.9892626767185821,2.5005740896053674,1355.979440021244,0.006931343366210331,0.8507927215916167,0.9795774337880188,9.143544009773303e-245,0.8799048200695342,2148.40353279514,2563.9130704985696,0.22591550234583815,1.9768944572565519,2.4762976499555753,1352.3972338872948,0.029053940532083256,3.3019412860799284,0.9799720476179209,5.437071398998442e-4,2149.08,2209.1,0.012213785150784225,0.9,3.894840375861192,289,0.2324135662394472,1,1.0800454934291366,Noise (HM.RMSE) | Noise (HM.MAE),Noise (LM.RMSE) | Noise (LM.MAE),0.8799048200695342,HM,,0,4,0.9,0.9,0.052941176470588235,2,0.5,1,0.05,0.012,60
160,Mar_23_160,Mar_23_160_CP40_stem,CP40,3/15/23,14:10:00,14:13:00,stem,dead,AVGE,LGR,LGR3,B2,B,NA,NA,25,23,NA,22.2,23.9,NA,sediment,10,2023-03-15T14:10:00.000000Z,2023-03-15,March_2023,70,29,849,418.99555555555554,107.68,1366.9955555555557,0.07,0.029,0.4189955555555556,0.849,1.3669955555555555,0.4188673811114305,440.2393736154972,455.5793656567818,0.07989579188169081,0.6732829509961834,0.8440868903885234,490.9085291455678,0.0057438999695452785,1.3712932132132867,0.9649720724098954,6.52450861401445e-142,0.4852435580120004,439.84792507703673,499.31361148865693,0.09255654670456262,0.6497378004793405,0.8260542760032369,484.6150094039632,0.0250064185649352,5.153374661455428,0.966452721040578,0.0015564698280599706,439.121,454.959,0.009507435136698852,0.35,5.242671375379653,194,0.2282736910905452,1,1.158465853140548,Noise (HM.RMSE) | Noise (HM.MAE),Noise (LM.RMSE) | Noise (LM.MAE),0.4852435580120004,HM,,0,4,0.35,0.35,0.025128535551620833,2,0.5,1,0.05,0.0095,60,0.04820807379249176,2128.29730497512,2130.0628076178423,0.009195326264179723,2.7398035264508573,4.037420686411144,1098.1696117927227,0.027474115309436963,56.99069294429259,0.010656587180011945,0.0809105238784198,0.1360098478267437,2127.754254277917,2130.293431917973,0.025942852047806334,2.7324175032555673,4.023062131452148,1098.872605815391,0.2128304486256802,156.48164601786374,0.017681013316605543,0.010217029182421913,2121.07,2160.56,0.02444769035151134,0.9,5.242671375379653,194,0.010217029182421913,1,2.821308488951217,Noise (HM.RMSE) | Noise (HM.MAE) | Noise (HM.SE) | Exaggerated curvature (g-fact),Noise (LM.RMSE) | Noise (LM.MAE) | No detect. flux (p-val.),0.04820807379249176,LM,SE | AICc | g-fact. > 2 | p-value | Intercept,2,2,0.9,0.9,0.06461623427559643,2,0.5,1,0.05,0.024,60
162,Mar_23_162,Mar_23_162_CP40_stem,CP40,3/15/23,14:24:00,14:27:00,stem,dead,AVGE,LGR,LGR3,B2,B,NA,NA,120,10,NA,22.2,23.9,NA,sediment,10,2023-03-15T14:24:00.000000Z,2023-03-15,March_2023,70,29,849,418.99555555555554,107.68,1366.9955555555557,0.07,0.029,0.4189955555555556,0.849,1.3669955555555555,0.6005726973255154,472.7445948305331,504.93635316225436,0.11456141755060946,0.5975942462621207,0.7411580820214065,641.9033198114495,0.0028372144271762226,0.47241815017748445,0.9937235377477962,8.68608342147e-313,0.6355312848276159,472.43912607719176,770.968596296301,0.12122989475185818,0.5832081003057351,0.7280109671361481,633.795009661848,0.011587082141350381,1.8232119201642936,0.99394423425107,4.0609020832308465e-4,472.347,504.248,0.006506480642031904,0.35,5.242364403008563,284,0.3273183358588842,1,1.0582087525086952,Noise (HM.RMSE) | Noise (HM.MAE),Noise (LM.RMSE) | Noise (LM.MAE),0.6355312848276159,HM,,0,4,0.35,0.35,0.02076867901839243,2,0.5,1,0.05,0.0065,60,0.09148450514685662,2113.6587654400896,2118.562496651814,0.01745100075346807,1.8495127242747362,2.3752254836375215,1303.4152692706787,0.009092559567849849,9.938906652283801,0.26154611880314904,1.507206907684372e-20,0.09176114909613071,2113.6561690457293,2736.1024024301264,0.017503771588916923,1.8495128199794193,2.3753260929309126,1305.4969828736637,0.03633661424161361,39.59912729901266,0.26148409016951524,2.8120937440242032e-5,2114.0699999999997,2119.4700000000003,0.016730950222367754,0.9,5.242364403008563,284,0.019390000837186745,1,1.0030239432221884,Noise (HM.RMSE) | Noise (HM.MAE),Noise (LM.RMSE) | Noise (LM.MAE),0.09176114909613071,HM,AICc,1,3,0.9,0.9,0.0534051746187234,2,0.5,1,0.05,0.017,60
163,Mar_23_163,Mar_23_163_CP40_stem,CP40,3/15/23,14:45:00,14:48:00,stem,dead,AVGE,LGR,LGR3,A6,A,NA,NA,22,15,NA,22.2,23.7,NA,sediment,10,2023-03-15T14:45:00.000000Z,2023-03-15,March_2023,70,29,849,212.53666666666663,40.45,1160.5366666666666,0.07,0.029,0.21253666666666665,0.849,1.1605366666666663,0.6771413265224444,454.91725279259964,469.60609223801123,0.05715501729732141,0.7266782812982735,0.9355028914431184,709.2728451804337,0.009236999598311604,1.3641169481930056,0.9540126956951086,9.319232437565856e-175,1.0065645448873524,453.82061737644074,480.3251335175638,0.08496042365241785,0.6289373147836884,0.8131144393924838,638.4255229219415,0.043235449154372656,4.295347911266958,0.9652583027637316,0.0032055074388095514,454.368,468.47,0.016072124866329116,0.35,11.847452044322605,260,0.1633000494209183,1,1.4864910845963393,Noise (HM.RMSE) | Noise (HM.MAE) | Noise (HM.SE),Noise (LM.RMSE) | Noise (LM.MAE),1.0065645448873524,HM,SE,1,3,0.35,0.35,0.02170607855311148,2,0.5,1,0.05,0.016,60,14.058129348785176,2329.40860124056,2634.3635594139623,1.1865951679898925,10.075350159442316,12.104043646886812,2040.5823701499037,0.11951330918044271,0.8501366448927317,0.9816238830536403,3.729887500822314e-226,19.224393255979518,2311.8682516154336,2959.521982470159,1.6226605673573502,7.710428533236971,9.277139526690267,1904.3325944959124,0.4633007326009493,2.4099628343632906,0.9892050419083503,0.002505444638164723,2323.2200000000003,2606.68,0.0413283210848463,0.9,11.847452044322605,260,1.318439075544325,1,1.3674929842383887,Noise (HM.RMSE) | Noise (HM.MAE) | Noise (HM.SE),Noise (LM.RMSE) | Noise (LM.MAE),19.224393255979518,HM,SE,1,3,0.9,0.9,0.05581563056514381,2,0.5,1,0.05,0.041,60
164,Mar_23_164,Mar_23_164_CP40_stem,CP40,3/15/23,14:53:00,14:56:00,stem,dead,AVGE,LGR,LGR3,A6,A,NA,NA,75,12,NA,22.2,23.7,NA,sediment,10,2023-03-15T14:53:00.000000Z,2023-03-15,March_2023,70,29,849,212.53666666666663,40.45,1160.5366666666666,0.07,0.029,0.21253666666666665,0.849,1.1605366666666663,0.8263279468502837,442.79690207348676,462.5329160667144,0.06973856534709412,0.6943956626717331,0.9135521087121132,763.343901915813,0.007862422547502058,0.9514893665972783,0.9749308639128287,8.76140300209184e-229,1.0845878762370051,441.82728292869234,488.1099734602732,0.09153460532217075,0.6368688969026329,0.8149872117119005,700.3255925707288,0.034275022404307465,3.1601885983849645,0.9800485572054008,0.001977728698803982,442.508,461.436,0.014602564610572508,0.35,11.848938141150265,285,0.19925304384884035,1,1.312539265277341,Noise (HM.RMSE) | Noise (HM.MAE) | Noise (HM.SE),Noise (LM.RMSE) | Noise (LM.MAE),1.0845878762370051,HM,SE,1,3,0.35,0.35,0.02073221072156823,2,0.5,1,0.05,0.015,60,0.2074467793758124,2134.31811397438,2139.2727721778415,0.017507626160640416,2.0152156407654553,2.478778590616829,1332.3069561712434,0.021333435165079004,10.283811216192065,0.24779487882228268,1.8058456935864363e-19,0.9405017933659632,2132.320338722649,2138.4060887620312,0.07937435255060431,1.930101011865688,2.3967927427471265,1315.192768342387,0.2624144101144198,27.90153213586808,0.2967305129191432,0.013042657361369678,2131.02,2138.57,0.037549451855757886,0.9,11.848938141150265,285,0.019452917956267125,1,4.533701589370746,Noise (HM.RMSE) | Noise (HM.MAE) | Noise (HM.SE) | Exaggerated curvature (g-fact),Noise (LM.RMSE) | Noise (LM.MAE),0.2074467793758124,LM,SE | g-fact. > 2 | Intercept,1,3,0.9,0.9,0.053311398998318306,2,0.5,1,0.05,0.038,60
165,Mar_23_165,Mar_23_165_CP40_stem,CP40,3/15/23,15:01:00,15:04:00,stem,dead,AVGE,LGR,LGR3,A6,A,NA,NA,120,11.5,NA,22.2,23.7,NA,sediment,10,2023-03-15T15:01:00.000000Z,2023-03-15,March_2023,70,29,849,212.53666666666663,40.45,1160.5366666666666,0.07,0.029,0.21253666666666665,0.849,1.1605366666666663,0.483822109123232,464.04431932423006,475.92787847980975,0.040836973043229224,0.592633885689196,0.7456398129509294,667.8331956801753,0.0061263881868184955,1.2662480840159525,0.9551219810280133,4.55915270250948e-199,0.5382229715682122,463.8283484302834,525.0511652721945,0.04542867423113057,0.5912523056128814,0.7395774102945851,665.0885878611209,0.026266067687702455,4.880146161575269,0.9558487732237692,7.420219547956452e-4,464.096,476.479,0.014200948741266517,0.35,11.847648664142353,294,0.1166770658377978,1,1.112439802603407,Noise (HM.RMSE) | Noise (HM.MAE) | Noise (HM.SE),Noise (LM.RMSE) | Noise (LM.MAE),0.5382229715682122,HM,SE,1,3,0.35,0.35,0.02041241452319315,2,0.5,1,0.05,0.014,60,0.03570926238757466,2127.8700014974597,2128.7470865334326,0.0030140379243056865,2.1216990131537834,2.676105841074063,1419.2238798964004,0.021987644606245117,61.57406548362619,0.005557920685339557,0.10544186019841045,NA,NA,NA,NA,NA,NA,NA,NA,NA,NA,NA,2129.61,2125.67,0.036516725334685335,0.9,11.847648664142353,294,0.0033489310270063185,1,NA,HM.flux is NA,NA,0.03570926238757466,LM,HM.flux is NA,NA,NA,0.9,0.9,0.05248906591678239,2,0.5,1,0.05,0.037,60
166,Mar_23_166,Mar_23_166_CP40_stem,CP40,3/15/23,15:51:00,15:54:00,stem,alive,AVGE,LGR,LGR3,C5,C,NA,NA,15,33,NA,22.8,NA,NA,sediment,NA,2023-03-15T15:51:00.000000Z,2023-03-15,March_2023,70,29,849,1064.6016666666667,213.35,2012.6016666666667,0.07,0.029,1.064601666666667,0.849,2.012601666666667,1.151974748443467,487.18930247235335,539.3724944551061,0.2964954089929135,0.5000706956930295,0.6229056840380032,342.76383131063,0.0035794724881382718,0.3107249089422149,0.9982939647271202,9.491683234244975e-246,1.187333348284622,486.9245641276276,1374.131174455134,0.305596009970049,0.4844473599092367,0.6114583851121395,338.2539484304464,0.014312214811232064,1.2054083069349792,0.9983560930619356,3.444473997519476e-4,486.144,540.147,0.007682804185655833,0.35,3.8853038310316643,178,0.8471297399797529,1,1.0306939018315557,Noise (HM.RMSE) | Noise (HM.MAE),Noise (LM.RMSE) | Noise (LM.MAE),1.187333348284622,HM,,0,4,0.35,0.35,0.026233609114855148,2,0.5,1,0.05,0.0077,60,21.580904577670307,3096.3048125539876,4073.8961080747367,5.554495997276983,7.005373713637385,8.365590877811767,1267.4692497699496,0.04807212899396325,0.22275307701282981,0.9991225112615533,3.693840302318639e-271,23.454920192314077,3082.4238569781523,9411.056872302699,6.036830377326268,4.630079388996364,5.596541695329311,1126.4583232087436,0.13628077010310718,0.5810327598034842,0.999607275680352,9.538916797210882e-4,3088.45,4061.7200000000003,0.01975578219168643,0.9,3.8853038310316643,178,6.171662219196648,1,1.0868367499563854,Noise (HM.RMSE) | Noise (HM.MAE),Noise (LM.RMSE) | Noise (LM.MAE),23.454920192314077,HM,,0,4,0.9,0.9,0.06745785200962753,2,0.5,1,0.05,0.02,60
167,Mar_23_167,Mar_23_167_CP40_stem,CP40,3/15/23,15:57:00,16:00:00,stem,alive,AVGE,LGR,LGR3,C5,C,NA,NA,75,26.5,NA,22.8,NA,NA,sediment,NA,2023-03-15T15:57:00.000000Z,2023-03-15,March_2023,70,29,849,1064.6016666666667,213.35,2012.6016666666667,0.07,0.029,1.064601666666667,0.849,2.012601666666667,1.7734501163409542,525.0214041884914,613.1181719046076,0.456459936352934,0.5465160655164447,0.6853503286962681,412.1598767465578,0.003430731428354606,0.19344955895534371,0.9992745228992682,3.9116077420581545e-305,1.8011329774770206,524.7914662552037,3377.1185918218766,0.46358509703030754,0.5469824934983156,0.6845939969125835,413.8141188118931,0.013809361139784813,0.7667041419189715,0.9992762296496058,1.6252872711372714e-4,525.178,612.689,0.0070094287602404095,0.35,3.8852262271046842,195,1.3041712467226687,1,1.0156096080070087,Noise (HM.RMSE) | Noise (HM.MAE),Noise (LM.RMSE) | Noise (LM.MAE),1.8011329774770206,HM,AICc,1,3,0.35,0.35,0.02506402059138015,2,0.5,1,0.05,0.007,60,38.52903168782777,3513.640623854497,5427.58402922789,9.916805209188565,11.74160634243303,14.410272920795213,1600.008808709968,0.07213504412346933,0.18722257207999987,0.9993204451906261,7.109202824961403e-308,42.001275060201316,3485.449994268806,15473.782812748004,10.810509505774945,5.703565972423495,6.992336074624424,1320.0742883540465,0.14867788239780838,0.35398421163334975,0.9998399982747121,9.017525346903351e-4,3496.68,5394.05,0.01802424538347534,0.9,3.8852262271046842,195,11.018672454653961,1,1.0901201826328408,Noise (HM.RMSE) | Noise (HM.MAE),Noise (LM.RMSE) | Noise (LM.MAE),42.001275060201316,HM,,0,4,0.9,0.9,0.06445033866354896,2,0.5,1,0.05,0.018,60
159,Mar_23_159,Mar_23_159_CP40_stem,CP40,3/15/23,13:50:00,13:53:00,stem,alive,AVGE,LGR,LGR3,C5,C,NA,NA,125,25,NA,22.2,22.7,NA,sediment,10,2023-03-15T13:50:00.000000Z,2023-03-15,March_2023,70,29,849,1064.6016666666667,213.35,2012.6016666666667,0.07,0.029,1.064601666666667,0.849,2.012601666666667,1.0038293245005845,508.00654356629053,561.3504780884944,0.25770016677393126,0.6142559876125168,0.7799685814346026,495.3596943957669,0.003511452617374207,0.3498057420389857,0.9974612577171822,8.04223596143211e-271,1.0197488844909324,507.86629050550516,2207.1970941474237,0.2617869902650872,0.6157669738046989,0.7804116540938214,497.67608330471717,0.014212779443144882,1.393752879684691,0.9974584599961636,1.540529893909054e-4,506.28,561.727,0.006554655760292548,0.35,3.895338280402429,209,0.7362861907826608,1,1.0158588313787984,Noise (HM.RMSE) | Noise (HM.MAE),Noise (LM.RMSE) | Noise (LM.MAE),1.0197488844909324,HM,MAE | AICc,2,2,0.35,0.35,0.02421000623531261,2,0.5,1,0.05,0.0066,60,0.2220811393014921,2121.00800347036,2132.8094934890037,0.05701202907557205,1.9655951250329815,2.4127479570437553,967.393705602071,0.010862296675133377,4.89113875644657,0.667201890490677,1.4416246037304244e-51,0.2230990930684966,2120.9986556042672,3204.66684569327,0.05727335522845737,1.9659910656965387,2.413277648067094,969.5644678763524,0.0436107083740268,19.547685189664712,0.6670570310573166,5.2851376235149487e-5,2122.43,2133.85,0.016854829097895128,0.9,3.895338280402429,209,0.06334669897285782,1,1.0045837020208301,Noise (HM.RMSE) | Noise (HM.MAE),Noise (LM.RMSE) | Noise (LM.MAE),0.2230990930684966,HM,AICc | Intercept,1,3,0.9,0.9,0.062254301747946716,2,0.5,1,0.05,0.017,60
168,Mar_23_168,Mar_23_168_CP40_stem,CP40,3/15/23,16:05:00,16:08:00,stem,alive,AVGE,LGR,LGR3,C5,C,NA,NA,120,25,NA,22.8,NA,NA,sediment,NA,2023-03-15T16:05:00.000000Z,2023-03-15,March_2023,70,29,849,1064.6016666666667,213.35,2012.6016666666667,0.07,0.029,1.064601666666667,0.849,2.012601666666667,1.2721299342239565,607.931449453516,672.4458457872627,0.32748424534896786,0.7896886999230409,0.9771324023448482,561.6536326390883,0.004724821322508863,0.37141027778669233,0.9972760794474334,8.031436392773401e-255,1.3923244121275078,606.9386383640718,994.7577032045824,0.35842589433655325,0.7055705490271985,0.8755071361700363,520.0288352054204,0.018142279046221406,1.3030209689780223,0.9978132104635596,9.242090625017488e-4,606.937,673.063,0.006866634233954148,0.35,3.8845530809226325,199,0.9356692724256227,1,1.0944828626934828,Noise (HM.RMSE) | Noise (HM.MAE),Noise (LM.RMSE) | Noise (LM.MAE),1.3923244121275078,HM,,0,4,0.35,0.35,0.024810842175291753,2,0.5,1,0.05,0.0069,60,4.343562377504229,2470.700226736789,2690.9782794607067,1.118162704182324,2.203349438204096,2.794983926031131,979.9355026744088,0.01351485184412192,0.31114671943280414,0.9980867656804127,6.19628605669188e-270,4.726633953490107,2467.5318222108026,3874.814706341846,1.21677677071862,1.8534057024931967,2.417503101738401,924.2723438717189,0.049880216203418266,1.0553010174732724,0.9985686573462004,8.646284158212756e-4,2466.07,2689.07,0.017657059458739237,0.9,3.8845530809226325,199,1.242403004647027,1,1.0881929491722846,Noise (HM.RMSE) | Noise (HM.MAE),Noise (LM.RMSE) | Noise (LM.MAE),4.726633953490107,HM,,0,4,0.9,0.9,0.06379930845075023,2,0.5,1,0.05,0.018,60
100,Mar_23_100,Mar_23_100_SE1_stem,SE1,3/17/23,11:18:30,11:21:30,stem,alive,RHMA,LGR,LGR3,HA,HA,NA,NA,9.5,3.7,24.8,27.3,21.7,NA,sediment,7,2023-03-17T11:18:30.000000Z,2023-03-17,March_2023,70,29,849,-316.04942796330306,224.97812071928905,631.9505720366969,0.07,0.029,-0.31604942796330304,0.849,0.6319505720366969,0.05039168890733879,434.69793575877395,444.81891876777246,0.0441964323537052,0.5607624543453024,0.6949861208472513,495.6601232848565,0.00078363024271468375,1.555078346660772,0.9470812961811764,5.378177332667161e-149,0.07320550828817753,434.0008585941528,452.8778431019104,0.06420547445683752,0.5076490606473025,0.6279311914557819,450.6530364349161,0.0037403924986776204,5.109441333230498,0.956800268478803,0.003401256934361099,434.058,444.68,0.0017350496584271266,0.35,1.1401754898235403,232,0.12627552101058628,1,1.452729802781352,Noise (HM.RMSE) | Noise (HM.MAE),Noise (LM.RMSE) | Noise (LM.MAE),0.07320550828817753,HM,,0,4,0.35,0.35,0.022978625750451447,2,0.5,1,0.05,0.0017,60,0.0017794491947288379,1981.7444175352125,1982.101813277561,0.0015606800975911479,1.4083021869693457,1.7844041909308412,933.1879843993213,0.002012001459159448,113.0687779746388,-9.437749394751727e-4,0.3773947078554841,NA,NA,NA,NA,NA,NA,NA,NA,NA,NA,NA,1982.27,1982.8300000000002,0.004461556264526897,0.9,1.1401754898235403,232,0.0017340889973234978,1,NA,HM.flux is NA,NA,0.0017794491947288379,LM,HM.flux is NA,NA,NA,0.9,0.9,0.05908789478687515,2,0.5,1,0.05,0.0045,60
101,Mar_23_101,Mar_23_101_SE1_root,SE1,3/17/23,11:46:15,11:49:15,root,alive,RHMA,LGR,LGR3,HA,HA,NA,NA,24,2.4,27.8,27.3,21.7,NA,sediment,7,2023-03-17T11:46:15.000000Z,2023-03-17,March_2023,70,29,849,-9.863326398974294,145.93175398007935,938.1366736010256,0.07,0.029,-0.00986332639897429,0.849,0.9381366736010256,0.15404829250053031,424.06683164701747,434.6324889766466,0.05902601860128008,0.5116799376084605,0.6435858107204986,360.2579745151661,0.002408067040402976,1.5631896993565744,0.9578591128184952,3.009775827709897e-125,0.19758597803659544,423.6014738817777,450.03258341713604,0.07570816544363873,0.4948756371865545,0.6111412539958125,343.62438925040937,0.010979599105979626,5.556871603482947,0.9620008435861223,0.0028643582041972065,424.298,433.543,0.005074683226598532,0.35,2.609837087964959,181,0.1686457674322288,1,1.282623616460502,Noise (HM.RMSE) | Noise (HM.MAE),Noise (LM.RMSE) | Noise (LM.MAE),0.19758597803659544,HM,,0,4,0.35,0.35,0.02601529511865082,2,0.5,1,0.05,0.0051,60,0.030004901564822696,1982.1730818163653,1984.2310176947658,0.011496848482684126,1.4861348822911151,1.8718990659230066,746.7484943353023,0.0070039742463618975,23.3427669516945,0.08792643966575597,2.9917135292526773e-5,0.0840219456437202,1981.6757552241781,1984.1960018217542,0.03219432585703538,1.4716781482841332,1.85957797630481,746.4495651899257,0.05963449770849072,70.97490691462916,0.09989370448922874,0.01277427609187125,1982.57,1981.2399999999998,0.013049185439824796,0.9,2.609837087964959,181,0.01277427609187125,1,2.8002739973067032,Noise (HM.RMSE) | Noise (HM.MAE) | Exaggerated curvature (g-fact),Noise (LM.RMSE) | Noise (LM.MAE),0.030004901564822696,LM,g-fact. > 2 | Intercept,0,4,0.9,0.9,0.06689647316224498,2,0.5,1,0.05,0.013,60
102,Mar_23_102,Mar_23_102_SE1_root,SE1,3/17/23,11:54:00,11:57:00,root,alive,RHMA,LGR,LGR3,HA,HA,NA,NA,20,2.8,23.4,28.9,21.7,NA,sediment,7,2023-03-17T11:54:00.000000Z,2023-03-17,March_2023,70,29,849,-90.17443500601124,170.2537129767592,857.8255649939888,0.07,0.029,-0.09017443500601124,0.849,0.8578255649939888,0.059351727467566374,468.196042116265,472.3382662151748,0.029170592245843712,0.5249105310869118,0.6651404920237202,297.3917117360121,0.002754325466763579,4.640682898857023,0.7641588551150839,1.3232970940740353e-46,0.07161275073938586,468.0598381455126,481.10101735520067,0.035196723676887504,0.516744458014034,0.6624867158805858,298.35669277386506,0.012610713879484904,17.609592913667,0.7660370178934348,0.002698891190049776,467.61,471.696,0.00497989429235554,0.35,2.0346425251624067,144,0.08334454927383919,1,1.2065824162998406,Noise (HM.RMSE) | Noise (HM.MAE),Noise (LM.RMSE) | Noise (LM.MAE),0.07161275073938586,HM,AICc | Intercept,1,3,0.35,0.35,0.029166666666666664,2,0.5,1,0.05,0.005,60,0.29918753033429035,2026.5806572374777,2047.4612929177322,0.1470467301426372,1.7912227424898692,2.2149845079677135,643.8564040205894,0.009172179880705063,3.0656959100055867,0.881426304888838,7.737834620084293e-68,0.341611463030473,2026.103927247387,2114.718783307243,0.16789753423796414,1.7748784875431436,2.205167921051739,644.6935216204182,0.04027488492502121,11.78967607460776,0.8824749891024042,0.0018946883367339175,2027.58,2048.1099999999997,0.012805442466057106,0.9,2.0346425251624067,144,0.16338525571404133,1,1.141797128539352,Noise (HM.RMSE) | Noise (HM.MAE),Noise (LM.RMSE) | Noise (LM.MAE),0.341611463030473,HM,AICc,1,3,0.9,0.9,0.075,2,0.5,1,0.05,0.013,60
103,Mar_23_103,Mar_23_103_SE1_stem,SE1,3/17/23,12:01:30,12:04:30,stem,alive,RHMA,LGR,LGR3,HA,HA,NA,NA,51,4.1,23.9,28.2,21.7,NA,sediment,10,2023-03-17T12:01:30.000000Z,2023-03-17,March_2023,70,29,849,-436.5160908738584,249.3000797159689,511.4839091261416,0.07,0.029,-0.4365160908738584,0.849,0.5114839091261416,0.05859831038212275,431.6710120984342,444.37249489297506,0.070563793303005,1.0933020735467993,1.272743678544037,610.4161382618762,0.0015069800104958449,2.571712393529347,0.8930266923648768,1.6446862090644982e-89,0.15245775781832455,428.9457822208404,444.43443663051653,0.1835888721019149,0.5847471580938952,0.7327608218858207,411.53893603585135,0.007130844532056289,4.6772592186182615,0.9645416918968768,0.011853119531624544,430.335,441.799,0.0016058044020339916,0.35,0.8304302764804357,182,0.2016108380085857,1,2.601743238399525,Noise (HM.RMSE) | Noise (HM.MAE) | Exaggerated curvature (g-fact),Noise (LM.RMSE) | Noise (LM.MAE),0.05859831038212275,LM,g-fact. > 2 | Intercept,0,4,0.35,0.35,0.025943726083138538,2,0.5,1,0.05,0.0016,60,3.9424400923584324e-4,1978.6918170884035,1978.777271489179,4.7474667097488867e-4,1.4877246154972312,1.8886162532506492,754.0758263500488,0.0022361980570998405,567.2116772133651,-0.005381948263715852,0.8602556993872316,NA,NA,NA,NA,NA,NA,NA,NA,NA,NA,NA,1977.2099999999998,1980.2,0.004129211319515979,0.9,0.8304302764804357,182,5.274963010832096e-4,1,NA,HM.flux is NA,NA,3.9424400923584324e-4,LM,HM.flux is NA,NA,NA,0.9,0.9,0.06671243849949911,2,0.5,1,0.05,0.0041,60
104,Mar_23_104,Mar_23_104_SE1_root,SE1,3/17/23,12:07:30,12:10:30,root,alive,RHMA,LGR,LGR3,HA,HA,NA,NA,15,4.1,21.2,28.2,21.7,NA,sediment,7,2023-03-17T12:07:30.000000Z,2023-03-17,March_2023,70,29,849,-436.5160908738584,249.3000797159689,511.4839091261416,0.07,0.029,-0.4365160908738584,0.849,0.5114839091261416,0.1351050825546573,439.5010099251097,469.599081792512,0.16269228036433658,0.6217313497853832,0.7762511674011306,442.08775991242493,8.831284622438394e-4,0.6536604290120368,0.9921150631919948,1.0156200855033211e-196,0.16034514933906,438.60011638765894,541.0764213923042,0.19308613338641942,0.5234953390671271,0.6683457797659644,388.1996393714071,0.003456535031065127,2.1556841883355413,0.994154844024409,0.0018842027274272514,438.828,469.018,0.001562643251942468,0.35,0.830433271032283,187,0.4648350867552474,1,1.1868180404996365,Noise (HM.RMSE) | Noise (HM.MAE),Noise (LM.RMSE) | Noise (LM.MAE),0.16034514933906,HM,,0,4,0.35,0.35,0.02559453484444957,2,0.5,1,0.05,0.0016,60,0.9442354345640102,2079.229548643017,2289.5818568750788,1.1370395039570893,4.876959393677923,5.964570719190237,1204.7172292556747,0.00678579612938748,0.7186551024237661,0.9904846572281507,3.610007010153433e-189,1.232460913914828,2069.137434607122,2570.661136058334,1.4841179380768286,3.3318561371598507,3.9786755189951295,1055.3777100608365,0.022092622357184396,1.7925617038035462,0.9957660756248085,0.0029592179467936943,2069.73,2278.1099999999997,0.004018225504994918,0.9,0.830433271032283,187,1.2633772266189882,1,1.3052474719759934,Noise (HM.RMSE) | Noise (HM.MAE),Noise (LM.RMSE) | Noise (LM.MAE),1.232460913914828,HM,,0,4,0.9,0.9,0.06581451817144175,2,0.5,1,0.05,0.004,60
106,Mar_23_106,Mar_23_106_SE1_stem,SE1,3/17/23,09:58:00,10:01:00,stem,alive,RHMA,LGR,LGR3,Hollow HB,HB,NA,NA,80,3.5,23.3,26.6,20.3,NA,sediment,15,2023-03-17T09:58:00.000000Z,2023-03-17,March_2023,70,29,849,-290.4835889897834,319.22571183142355,657.5164110102166,0.07,0.029,-0.29048358898978344,0.849,0.6575164110102166,0.04536287121051575,506.34635180608143,517.2920962925929,0.054186853893620796,0.5416280569940856,0.6812514008859442,428.4467798700392,6.841895422555213e-4,1.5082588998399127,0.9558494088830215,4.79029475035008e-139,0.06028912349480167,505.7840619895346,530.5948246231083,0.07201655977697397,0.5147741864992991,0.6355426026635279,402.19125632133216,0.0031606689535695945,5.242519330774676,0.9615752507401285,0.002902633862593244,505.886,516.407,0.0014433730931902268,0.35,0.8371563940503315,204,0.15481958255320225,1,1.329041171468569,Noise (HM.RMSE) | Noise (HM.MAE),Noise (LM.RMSE) | Noise (LM.MAE),0.06028912349480167,HM,,0,4,0.35,0.35,0.02450490147049017,2,0.5,1,0.05,0.0014,60,-0.0038616702455816464,1978.4697025737355,1977.5379084727153,-0.004612842084258721,1.9537210439889483,2.4619293540620872,952.6326173374603,0.0024725473087183897,-64.02792448545729,0.0070401094843094425,0.11989620397008391,-0.003859813957736254,1978.469420795953,59.260209993923084,-0.004610624711425419,1.9537246878066936,2.461939109647187,954.7152390908756,0.0027482078864317612,-71.20052718923169,0.007032242023529589,2.4023564942660196e-6,1978.57,1973.96,0.003711530811060583,0.9,0.8371563940503315,204,0.005125380093620801,1,0.9995193044130279,Noise (HM.RMSE) | Noise (HM.MAE),Noise (LM.RMSE) | Noise (LM.MAE) | No detect. flux (p-val.),-0.003859813957736254,HM,AICc | p-value,1,3,0.9,0.9,0.06301260378126045,2,0.5,1,0.05,0.0037,60
107,Mar_23_107,Mar_23_107_SE1_root,SE1,3/17/23,10:10:00,10:13:00,root,alive,RHMA,LGR,LGR3,HB,HB,NA,NA,20,3.5,23.5,26.6,20.3,NA,sediment,15,2023-03-17T10:10:00.000000Z,2023-03-17,March_2023,70,29,849,-290.4835889897834,319.22571183142355,657.5164110102166,0.07,0.029,-0.29048358898978344,0.849,0.6575164110102166,0.1115533121477989,506.5021178317497,544.7466063784509,0.1332560576540111,0.6089880838365656,0.7382559056708837,653.0587052178015,4.3755397419444926e-4,0.39223754612926814,0.9955733403944518,0,0.11478231778903081,506.3200567342165,1192.8482980407566,0.13711326775031946,0.6051742125202599,0.7337896767384475,651.5956556141966,0.0017766974934543456,1.5478843150039054,0.9956267383349271,1.9971977771719566e-4,505.737,544.386,0.0010173515836910032,0.35,0.8371350174371683,290,0.3807315932971746,1,1.0289458518000232,Noise (HM.RMSE) | Noise (HM.MAE),Noise (LM.RMSE) | Noise (LM.MAE),0.11478231778903081,HM,,0,4,0.35,0.35,0.02055270768301462,2,0.5,1,0.05,0.001,60,0.6490713096329033,2317.4579505371216,2539.9829458896484,0.7753484158624624,7.18316387853632,8.716249629593973,2084.8779184357163,0.005165999535125894,0.7959063139068094,0.9820208164308115,1.3991667670929542e-253,1.0199805816078658,2298.347770813276,2666.240495217632,1.2184182483853878,2.9656678780527224,3.6149902935223155,1576.4764190555156,0.012040856913726656,1.180498641919812,0.9969073916925818,0.0033118845999417124,2300.15,2520.07,0.002616046929491151,0.9,0.8371350174371683,290,0.8614982398471804,1,1.5714461053358506,Noise (HM.RMSE) | Noise (HM.MAE),Noise (LM.RMSE) | Noise (LM.MAE),1.0199805816078658,HM,,0,4,0.9,0.9,0.05284981975632331,2,0.5,1,0.05,0.0026,60
108,Mar_23_108,Mar_23_108_SE1_root,SE1,3/17/23,10:34:30,10:37:30,root,alive,RHMA,LGR,LGR3,HA,HA,NA,NA,74,2,22.9,26.6,20.3,NA,sediment,15,2023-03-17T10:34:30.000000Z,2023-03-17,March_2023,70,29,849,58.09222703774935,121.60979498339944,1006.0922270377494,0.07,0.029,0.05809222703774935,0.849,1.0060922270377493,-0.1671257360568228,488.8287809407827,477.0594619668586,-0.049659573729637564,0.5648556660741948,0.7180295533641241,528.1948068022713,0.0022722299317094073,-1.3595930736465678,0.9576827139821031,1.1518383657810397e-165,-0.16906055704017528,488.84870123541,0,-0.05023448449768214,0.5692744016636081,0.72343276562851,533.8618287551587,0.009192449220697669,-5.437370715934167,0.9570435478891466,1.0276080179967835e-4,487.467,476.543,0.004949159302053221,0.35,3.36542832539619,240,0.14188449637039305,1,1.0115770379176947,Noise (HM.RMSE) | Noise (HM.MAE),Noise (LM.RMSE) | Noise (LM.MAE),-0.16906055704017528,HM,MAE | AICc | Intercept,2,2,0.35,0.35,0.022592402852876597,2,0.5,1,0.05,0.0049,60,0.2706784349179548,1969.2512279229902,1988.3129291012506,0.08042911889561326,4.205571504303736,5.755333903316209,1527.253179740287,0.01821295781047776,6.7286327468231,0.47916082054679543,8.731367975346129e-36,0.270651940994711,1969.250955369753,9963.312816051523,0.08042124651781105,4.204851517371091,5.756296202795765,1529.4019475203245,0.07305278105737831,26.991412213373295,0.47898845656593314,1.0060123116304276e-5,1973.2099999999998,1989.5400000000002,0.01272640963385114,0.9,3.36542832539619,240,0.08936568766179251,1,0.9999021203028169,Noise (HM.RMSE) | Noise (HM.MAE),Noise (LM.RMSE) | Noise (LM.MAE),0.270651940994711,HM,AICc | Intercept,1,3,0.9,0.9,0.05809475019311125,2,0.5,1,0.05,0.013,60
109,Mar_23_109,Mar_23_109_SE1_stem,SE1,3/17/23,10:52:30,10:55:30,stem,alive,RHMA,LGR,LGR3,HA,HA,NA,NA,55,2.4,28.3,26.6,20.6,NA,sediment,10,2023-03-17T10:52:30.000000Z,2023-03-17,March_2023,70,29,849,-9.863326398974294,145.93175398007935,938.1366736010256,0.07,0.029,-0.00986332639897429,0.849,0.9381366736010256,0.2059184768533866,434.94360790717934,449.4367666717016,0.07876716719849045,0.7278571516460296,0.9056791867634825,497.12291258322483,0.0032771867986398228,1.591497202542524,0.9552285890286263,2.8460089179950604e-126,0.30763402314087657,433.8511676886701,459.6786693887194,0.1176750183225881,0.6321803665188952,0.7839109720479497,445.4990753628259,0.015243656301904347,4.955126922006197,0.966458267367257,0.004556190516962135,432.593,448.887,0.004945912244983167,0.35,2.614267900919674,186,0.22504904913854412,1,1.4939602693346996,Noise (HM.RMSE) | Noise (HM.MAE),Noise (LM.RMSE) | Noise (LM.MAE) | Intercept (LM),0.30763402314087657,HM,Intercept (LM),0,4,0.35,0.35,0.025663245128736824,2,0.5,1,0.05,0.0049,60,0.2647587035959275,1975.4406287006032,1994.0751387462312,0.10127451111754385,9.081766700421431,25.33208423400077,1736.3076911962107,0.09166377371480812,34.621628097524074,0.03817494001150157,0.004337076457371803,0.2645241736263223,1975.4427688743856,18065.968004832812,0.10118479958892708,9.074404807719034,25.332323626413785,1738.400332984796,0.3608237445647763,136.40482819331692,0.03815697122241701,6.28847089234872e-6,1980.2900000000002,2226.01,0.012718060058528142,0.9,2.614267900919674,186,0.11252723457504872,1,0.9991141746563197,Noise (HM.RMSE) | Noise (HM.MAE) | Noise (HM.SE),Noise (LM.RMSE) | Noise (LM.MAE),0.2645241736263223,HM,SE | AICc,2,2,0.9,0.9,0.06599120175960899,2,0.5,1,0.05,0.013,60
110,Mar_23_110,Mar_23_110_SE1_stem,SE1,3/17/23,11:00:00,11:03:00,stem,alive,RHMA,LGR,LGR3,HA,HA,NA,NA,31,3.2,24.1,26.6,20.6,NA,sediment,10,2023-03-17T11:00:00.000000Z,2023-03-17,March_2023,70,29,849,-182.84109878336167,194.5756719734391,765.1589012166384,0.07,0.029,-0.1828410987833617,0.849,0.7651589012166383,0.041207881719584664,458.07484500436686,463.43203866383794,0.025755738747457055,0.6722818237271673,0.8225619802547588,520.0314826357983,0.0015096397490440682,3.663473311530569,0.7807154159800971,1.1053214161253777e-70,0.07875247498240481,457.3699448802214,464.7425937108359,0.049221849964650635,0.6193488236675174,0.7719024514123425,495.4125259067108,0.009216948651077611,11.70369395137981,0.8068940402089361,0.0066762775625850874,457.369,462.039,0.002679341293200306,0.35,1.5999495150824687,210,0.07358782499273445,1,1.911102238118115,Noise (HM.RMSE) | Noise (HM.MAE),Noise (LM.RMSE) | Noise (LM.MAE) | Intercept (LM),0.07875247498240481,HM,Intercept (LM),0,4,0.35,0.35,0.024152294576982397,2,0.5,1,0.05,0.0027,60,-0.005106432854395702,1991.0890644247154,1990.4252072069085,-0.003191621239456729,1.7338292993759847,2.1636073518363874,926.2169863694298,0.003970846863897814,-77.76165822839799,0.003118225386877893,0.1998793449828703,-0.010292637014455208,1991.2881562999112,1989.474096744612,-0.006433101118146643,1.7267204594942152,2.15487708777249,926.5974540561053,0.020666180938133463,-200.78606589457513,0.01114693033835179,0.0035462458216185882,1992.5900000000001,1995.01,0.006889734753943645,0.9,1.5999495150824687,210,0.0035462458216185882,1,2.0156217281100908,Noise (HM.RMSE) | Noise (HM.MAE) | Exaggerated curvature (g-fact),Noise (LM.RMSE) | Noise (LM.MAE) | No detect. flux (p-val.) | MDF (LM),-0.005106432854395702,LM,AICc | g-fact. > 2 | p-value | Intercept,1,3,0.9,0.9,0.062105900340811884,2,0.5,1,0.05,0.0069,60
111,Mar_23_111,Mar_23_111_SE1_root,SE1,3/17/23,11:07:00,11:10:00,root,alive,RHMA,LGR,LGR3,HA,HA,NA,NA,25,2.7,25.6,26.6,20.6,NA,sediment,10,2023-03-17T11:07:00.000000Z,2023-03-17,March_2023,70,29,849,-68.93832455703514,164.1732232275893,879.0616754429649,0.07,0.029,-0.06893832455703515,0.849,0.8790616754429649,0.2521181851152101,455.5977398416302,478.62730028052835,0.1157264343663223,1.0818479576712954,1.3740507801021602,704.2759044530305,0.00368058601455255,1.4598653456396402,0.959110033236418,2.5128105727687032e-140,0.4531355506584984,452.9141479518134,485.99616103485664,0.20799674382220662,0.6773365328076876,0.8391107173890453,508.10149966295995,0.013939094457420123,3.07614232367418,0.9847507063464572,0.00628730613521276,453.152,475.878,0.0038124982106941493,0.35,2.1785704061109428,201,0.33064695533234945,1,1.7973140273535988,Noise (HM.RMSE) | Noise (HM.MAE),Noise (LM.RMSE) | Noise (LM.MAE) | Intercept (LM),0.4531355506584984,HM,Intercept (LM),0,4,0.35,0.35,0.024687096555050938,2,0.5,1,0.05,0.0038,60,1.7724514312833308,2196.5524919201366,2358.4558363500437,0.8135846453764183,10.974895083161664,12.63487826499445,1596.1924823909621,0.0338442777451464,1.9094615033057178,0.9320120606286335,2.3844585978490526e-118,4.465651384287488,2163.5402409055823,2361.3231214276434,2.0498081548162173,2.715270877130777,3.413705358276711,1072.192295288993,0.07341878099545884,1.6440777543402685,0.9950370280312881,0.01036393114209689,2166.3,2340.85,0.009803566827499244,0.9,2.1785704061109428,201,0.9039829393071313,1,2.5194774341738464,Noise (HM.RMSE) | Noise (HM.MAE) | Exaggerated curvature (g-fact),Noise (LM.RMSE) | Noise (LM.MAE) | Intercept (LM),1.7724514312833308,LM,g-fact. > 2 | Intercept (LM),0,4,0.9,0.9,0.06348110542727385,2,0.5,1,0.05,0.0098,60
43,Mar_23_43,Mar_23_43_FLM30_stem,FLM30,3/18/23,11:21:30,11:24:30,stem,dead,AVGE,LGR,LGR3,C5,C,NA,NA,27,14.1,27.1,26.6,24,NA,sediment,0,2023-03-18T11:21:30.000000Z,2023-03-18,March_2023,70,29,849,1064.6016666666667,213.35,2012.6016666666667,0.07,0.029,1.064601666666667,0.849,2.012601666666667,1.4080306268273526,449.65216329795845,512.0287489012303,0.36692109178395216,0.8961497274126943,1.0757060741593267,519.3618897107062,0.006416970611353845,0.4557408403688558,0.9964608317125545,1.6862637508131994e-210,1.6758436509562455,447.753211706902,657.1911663126917,0.4367109424697671,0.5525234298927034,0.6787233775269826,363.0400552134399,0.01844474882882574,1.1006246804886044,0.9985910370017018,0.002085156643607207,448.78,509.067,0.007854370043177818,0.35,3.8374207925240205,172,1.0483459765255778,1,1.1902039764094785,Noise (HM.RMSE) | Noise (HM.MAE),Noise (LM.RMSE) | Noise (LM.MAE),1.6758436509562455,HM,,0,4,0.35,0.35,0.026687249808205814,2,0.5,1,0.05,0.0079,60,8.207535896950043,2217.5990171553212,2581.1976887421756,2.13881571521679,7.46469196233191,8.64380332433011,1236.2115963882038,0.05156337147756369,0.6282442395009794,0.9932957712850785,6.46622663516409e-187,10.961642691252734,2198.5477625707576,3012.640676068596,2.8565130810277486,2.3876443879331988,2.945925697311329,868.0199214635096,0.08726760261831096,0.7961179275433737,0.9992212776381683,0.003508829316244053,2199.5499999999997,2567.5699999999997,0.02019695153960011,0.9,3.8374207925240205,172,2.376461905796433,1,1.335558300186799,Noise (HM.RMSE) | Noise (HM.MAE),Noise (LM.RMSE) | Noise (LM.MAE),10.961642691252734,HM,,0,4,0.9,0.9,0.0686243566496721,2,0.5,1,0.05,0.02,60
44,Mar_23_44,Mar_23_44_FLM30_stem,FLM30,3/18/23,11:32:00,11:35:00,stem,dead,AVGE,LGR,LGR3,C5,C,NA,NA,65,12.5,28.2,26.6,24,NA,sediment,0,2023-03-18T11:32:00.000000Z,2023-03-18,March_2023,70,29,849,1064.6016666666667,213.35,2012.6016666666667,0.07,0.029,1.064601666666667,0.849,2.012601666666667,1.741397964734957,541.3238667541434,622.0749371319533,0.4536576987517411,0.5228995695278419,0.6567079061002163,365.5684947700237,0.0036610014422375358,0.21023347427621147,0.9992094754871518,2.9799898642456903e-278,1.7835894496914269,540.9999062328408,2255.788711183169,0.464649150654112,0.5169190415713495,0.6422925693305183,359.6703524751524,0.014554081980091704,0.8159995554251377,0.9992438411995637,2.709658176638092e-4,540.197,620.515,0.0075055886780705,0.35,3.8385724953560563,180,1.2961648535764034,1,1.0242285139932914,Noise (HM.RMSE) | Noise (HM.MAE),Noise (LM.RMSE) | Noise (LM.MAE),1.7835894496914269,HM,,0,4,0.35,0.35,0.026087459737497543,2,0.5,1,0.05,0.0075,60,0.1649295127870827,1985.546572888313,1993.1945861306363,0.042966366529905604,1.6825682215423134,2.0768439701073453,780.0600265562532,0.011577946145062933,7.019935940761306,0.530090092756679,3.188166269459255e-31,0.16646041692297103,1985.534536615768,2379.221795686592,0.04336518774215064,1.68254313558906,2.0769602684182975,782.1723929257788,0.04656450358874188,27.973319092604125,0.5300379118866934,1.1015136188176534e-4,1989.31,1989.5700000000002,0.019300085172181288,0.9,3.8385724953560563,180,0.04774040725545068,1,1.0092821721838507,Noise (HM.RMSE) | Noise (HM.MAE),Noise (LM.RMSE) | Noise (LM.MAE),0.16646041692297103,HM,AICc | Intercept,1,3,0.9,0.9,0.0670820393249937,2,0.5,1,0.05,0.019,60
45,Mar_23_45,Mar_23_45_FLM30_stem,FLM30,3/18/23,11:39:30,11:42:30,stem,dead,AVGE,LGR,LGR3,C5,C,NA,NA,105,12.5,26.7,26.6,24,NA,sediment,0,2023-03-18T11:39:30.000000Z,2023-03-18,March_2023,70,29,849,1064.6016666666667,213.35,2012.6016666666667,0.07,0.029,1.064601666666667,0.849,2.012601666666667,2.0740137216100463,478.7279348117909,562.4897742077728,0.540398963845045,0.7607334102210184,0.9631216066623707,439.9048249734436,0.006597191389329441,0.318088126447306,0.9984240629764989,2.5073875140927273e-219,2.2916727244886435,477.2997423709884,936.4276814678186,0.597111558560103,0.5541739877761587,0.7247797333987209,352.7371866257375,0.02139203178929468,0.933468010536628,0.9991075401472987,0.0013005341381199893,479.005,561.883,0.008610741739325337,0.35,3.837930603813579,157,1.5439970395572715,1,1.1049457872967348,Noise (HM.RMSE) | Noise (HM.MAE),Noise (LM.RMSE) | Noise (LM.MAE),2.2916727244886435,HM,,0,4,0.35,0.35,0.027933040956366773,2,0.5,1,0.05,0.0086,60,0.11884526904629084,1981.9320739011407,1986.7318002651014,0.030965976541680987,1.7849168851217947,2.1692097869843696,694.853527770822,0.014858655469204078,12.502521630386951,0.28758730325785287,2.7356242017703946e-13,0.11893158794989687,1981.9311126354753,3113.4957826492187,0.03098846754334742,1.7850678723446807,2.1693445173129806,696.9793249574209,0.05957523030594497,50.09201620266152,0.28750029419483725,2.7385502892177655e-5,1981.5,1985.31,0.022141907329693726,0.9,3.837930603813579,157,0.03440664060186776,1,1.0007263133341253,Noise (HM.RMSE) | Noise (HM.MAE),Noise (LM.RMSE) | Noise (LM.MAE),0.11893158794989687,HM,AICc | Intercept,1,3,0.9,0.9,0.071827819602086,2,0.5,1,0.05,0.022,60
46,Mar_23_46,Mar_23_46_FLM30_stem,FLM30,3/18/23,11:53:05,11:56:05,stem,dead,AVGE,LGR,LGR3,C5,C,NA,NA,25,22.6,25.9,26.2,24.3,NA,sediment,0,2023-03-18T11:53:05.000000Z,2023-03-18,March_2023,70,29,849,1064.6016666666667,213.35,2012.6016666666667,0.07,0.029,1.064601666666667,0.849,2.012601666666667,1.896085188711258,480.649685379991,547.2526528553025,0.4933553146319365,0.6523359014781178,0.7938443559702666,329.33704070139373,0.0067134303604700265,0.3540679712303986,0.9983104228349868,7.63349857689038e-188,2.047121583694485,479.78556590068234,945.2256487915932,0.5326545025647687,0.5654376601671717,0.6913377898059694,293.8541532536225,0.024687636353100943,1.2059682507253247,0.9987185906096357,0.0011444104668776698,480.509,546.11,0.009890703222687003,0.35,3.8432446808155216,136,1.4095866132341044,1,1.0796569668295781,Noise (HM.RMSE) | Noise (HM.MAE),Noise (LM.RMSE) | Noise (LM.MAE),2.047121583694485,HM,,0,4,0.35,0.35,0.030012252399939043,2,0.5,1,0.05,0.0099,60,91.68268208281536,4689.410449763847,7909.908520824389,23.85554126711512,13.849772850209334,16.362304048732483,1152.367701518462,0.13837371008797167,0.15092676931394863,0.9996925788765122,1.9927828527819799e-237,97.13364574063161,4658.103134309462,34022.99189268882,25.27386461379821,6.579420251243579,8.142964012201071,964.6825786387157,0.28671205867970867,0.29517275553034783,0.9999238605353128,8.60683138347876e-4,4662.740000000001,7868.32,0.02543323685833801,0.9,3.8432446808155216,136,26.50615696346125,1,1.0594546705439145,Noise (HM.RMSE) | Noise (HM.MAE) | Noise (HM.SE),Noise (LM.RMSE) | Noise (LM.MAE),97.13364574063161,HM,SE,1,3,0.9,0.9,0.07717436331412897,2,0.5,1,0.05,0.025,60
47,Mar_23_47,Mar_23_47_FLM30_stem,FLM30,3/18/23,11:59:47,12:02:47,stem,dead,AVGE,LGR,LGR3,C5,C,NA,NA,62,18.9,27.7,26.2,24.3,NA,sediment,0,2023-03-18T11:59:47.000000Z,2023-03-18,March_2023,70,29,849,1064.6016666666667,213.35,2012.6016666666667,0.07,0.029,1.064601666666667,0.849,2.012601666666667,1.4733512313223796,474.31979568797175,532.6010409133348,0.38342924490370417,0.6943096754562452,0.8286252379237361,382.83215385143944,0.005866772685846468,0.3981924038968531,0.9975956877341416,7.254784421452958e-200,1.6194030329454911,473.3815796188124,808.959917640811,0.4214381940413195,0.5845018251490532,0.7160154346172487,340.2450734399951,0.021702060183329406,1.3401271790788287,0.9982047731836352,0.0012558563717950484,473.093,532.525,0.008790178000973882,0.35,3.8425635261400117,153,1.0955121282962976,1,1.0991289778826365,Noise (HM.RMSE) | Noise (HM.MAE),Noise (LM.RMSE) | Noise (LM.MAE),1.6194030329454911,HM,,0,4,0.35,0.35,0.028295822920905513,2,0.5,1,0.05,0.0088,60,0.4827726094552214,2001.0382972582975,2020.1352975129446,0.12563815957004704,1.969630684309199,2.505648634073128,721.431841839738,0.01774031286271498,3.6746726129996916,0.8295131473607551,4.243084692362967e-60,0.9356290675281819,1998.4704226198448,2024.4518810739867,0.24349085217806501,1.823189837112921,2.2825668545825906,695.0074521077879,0.10588795960559699,11.317301191308655,0.8585191806170521,0.009371716087756766,1994.47,2022.4799999999998,0.022603314859647127,0.9,3.8425635261400117,153,0.13959795507783004,1,1.9380326248914175,Noise (HM.RMSE) | Noise (HM.MAE),Noise (LM.RMSE) | Noise (LM.MAE),0.9356290675281819,HM,Intercept,0,4,0.9,0.9,0.0727606875108999,2,0.5,1,0.05,0.023,60
48,Mar_23_48,Mar_23_48_FLM30_stem,FLM30,3/18/23,12:06:45,12:09:45,stem,dead,AVGE,LGR,LGR3,C5,C,NA,NA,92,19.2,26.8,26.2,24.3,NA,sediment,0,2023-03-18T12:06:45.000000Z,2023-03-18,March_2023,70,29,849,1064.6016666666667,213.35,2012.6016666666667,0.07,0.029,1.064601666666667,0.849,2.012601666666667,1.8208308729544558,470.25540063658036,553.1846957748402,0.47388168650434176,0.7332038979650474,0.9228655631304327,480.02678474093653,0.0052908407721700265,0.2905728835531649,0.9985161783508987,1.1467994170344178e-249,1.9860614832658656,469.0270538093566,985.0394416571712,0.5168839012841606,0.59099715826286,0.7406213021752165,404.242688873787,0.018019636457543516,0.9073050663019833,0.9990443536161411,0.0010016889389806724,468.407,551.465,0.007641085505328551,0.35,3.842374425536643,177,1.3539476757266908,1,1.0907446225597597,Noise (HM.RMSE) | Noise (HM.MAE),Noise (LM.RMSE) | Noise (LM.MAE),1.9860614832658656,HM,,0,4,0.35,0.35,0.026307610980099008,2,0.5,1,0.05,0.0076,60,0.11359795736118466,1990.566364117868,1995.7401552003003,0.029564520471041567,1.7145061619649518,2.1676699963208805,782.316080198535,0.012427375400422462,10.939787729553645,0.31929866522506034,1.5390910851048983e-16,0.2893167016049066,1989.4710856396782,1995.85968142777,0.07529633231006615,1.6736491040104877,2.1201033440044843,776.55535036637,0.09720365415527121,33.59766429523774,0.34884507226372063,0.011786053587928731,1990.6299999999999,1990.28,0.019648505585130562,0.9,3.842374425536643,177,0.03284946719004618,1,2.5468477455542993,Noise (HM.RMSE) | Noise (HM.MAE) | Exaggerated curvature (g-fact),Noise (LM.RMSE) | Noise (LM.MAE),0.11359795736118466,LM,g-fact. > 2 | Intercept,0,4,0.9,0.9,0.0676481425202546,2,0.5,1,0.05,0.02,60
49,Mar_23_49,Mar_23_49_FLM30_stem,FLM30,3/18/23,10:25:40,10:28:40,stem,dead,AVGE,LGR,LGR3,C5,C,NA,NA,15,22,25.9,29.3,23.3,NA,sediment,2,2023-03-18T10:25:40.000000Z,2023-03-18,March_2023,70,29,849,1064.6016666666667,213.35,2012.6016666666667,0.07,0.029,1.064601666666667,0.849,2.012601666666667,0.9223455020072495,527.1526991656091,562.8513278614189,0.24284781425720925,0.6153161421896821,0.7878938074320828,355.60845223238437,0.0057968158024081845,0.6284863741182556,0.9942268645554271,1.5378085898180926e-165,0.9325266062826814,527.0863287931642,2087.262785820654,0.245528435471963,0.6207775594377867,0.7953037342348384,360.4922963395566,0.023542088860175555,2.524548758348148,0.9941186526565182,1.5737222181890477e-4,526.344,564.527,0.008981849301937201,0.35,3.798039133390588,148,0.6938508978777407,1,1.0110382760617094,Noise (HM.RMSE) | Noise (HM.MAE),Noise (LM.RMSE) | Noise (LM.MAE),0.9325266062826814,HM,RMSE | AICc,2,2,0.35,0.35,0.028769822778437527,2,0.5,1,0.05,0.009,60,106.4233594927985,6475.288270451663,10594.317405224017,28.02060635899561,363.1833473093083,577.8344564773518,2308.5215488659524,4.251334224089071,3.9947378511169362,0.8097450964152062,1.0937768150049868e-54,106.66964075756785,6473.575851924946,623556.100446281,28.085450678951183,364.5382588308202,578.1704506849184,2310.8066679912263,17.003407768754595,15.940250335518508,0.8095258171854687,4.551328154595428e-5,6489.76,10873.1,0.023096183919267092,0.9,3.798039133390588,148,31.134007065550676,1,1.0023141654796757,Noise (HM.RMSE) | Noise (HM.MAE) | Noise (HM.SE),Noise (LM.RMSE) | Noise (LM.MAE) | Noise (LM.SE),106.4233594927985,LM,RMSE | MAE | SE | AICc,4,0,0.9,0.9,0.07397954428741078,2,0.5,1,0.05,0.023,60
50,Mar_23_50,Mar_23_50_FLM30_stem,FLM30,3/18/23,10:33:49,10:36:49,stem,dead,AVGE,LGR,LGR3,C5,C,NA,NA,72,19.7,27.2,29.3,23.3,NA,sediment,2,2023-03-18T10:33:49.000000Z,2023-03-18,March_2023,70,29,849,1064.6016666666667,213.35,2012.6016666666667,0.07,0.029,1.064601666666667,0.849,2.012601666666667,1.9243477933506012,479.6704237705235,573.2964676114406,0.5060867234644166,0.7355209552462345,0.9565803547373021,520.2121177581241,0.004992817958442792,0.2594550722948832,0.9987494622698977,1.0787633040690183e-270,2.065692352797692,478.5431184182364,1182.680059313995,0.5432591125810169,0.6337885729450755,0.8155871769296421,462.664027603702,0.01787464241697106,0.8653099960777002,0.9990909355756411,7.715248001190181e-4,475.712,573.46,0.007155067282919475,0.35,3.802407184637207,187,1.4459620670411903,1,1.073450630876338,Noise (HM.RMSE) | Noise (HM.MAE),Noise (LM.RMSE) | Noise (LM.MAE),2.065692352797692,HM,,0,4,0.35,0.35,0.02559453484444957,2,0.5,1,0.05,0.0072,60,0.6184666675620575,2046.929996487978,2077.0204965168164,0.16265135150723375,1.7694661150339936,2.2156875426200675,834.3546305715107,0.011564657896543845,1.8698918637168813,0.9389163804515496,1.831074374906789e-114,0.706270544079675,2046.2386283928104,2173.9475935697533,0.18574300693865886,1.7390762423981463,2.19481075189909,832.9026301870332,0.05037511728774455,7.132552491395094,0.9400620493614837,0.0014544241798632447,2046.6799999999998,2077.41,0.018398744441792937,0.9,3.802407184637207,187,0.1807237238969264,1,1.141970264725394,Noise (HM.RMSE) | Noise (HM.MAE),Noise (LM.RMSE) | Noise (LM.MAE),0.706270544079675,HM,,0,4,0.9,0.9,0.06581451817144175,2,0.5,1,0.05,0.018,60
51,Mar_23_51,Mar_23_51_FLM30_stem,FLM30,3/18/23,10:42:30,10:45:30,stem,dead,AVGE,LGR,LGR3,C5,C,NA,NA,102,19.4,27.4,29.3,23.3,NA,sediment,2,2023-03-18T10:42:30.000000Z,2023-03-18,March_2023,70,29,849,1064.6016666666667,213.35,2012.6016666666667,0.07,0.029,1.064601666666667,0.849,2.012601666666667,2.2386157592806146,620.2907777730917,769.2183004168595,0.5886463345603471,0.9896838474583377,1.1874466648269009,817.3749939291558,0.0038770956606684896,0.17319165402080458,0.9992386957227993,0,2.3956867355184177,618.5760717892925,1786.117752730967,0.6299483105894581,0.7148743702103864,0.9136195646953903,685.7447289993069,0.012530998148147397,0.5230649718246962,0.9995493277388375,5.39551024920478e-4,618.616,768.355,0.005240339697720472,0.35,3.802989380631428,255,1.68184667017242,1,1.0701643306077138,Noise (HM.RMSE) | Noise (HM.MAE),Noise (LM.RMSE) | Noise (LM.MAE),2.3956867355184177,HM,,0,4,0.35,0.35,0.02191785018798023,2,0.5,1,0.05,0.0052,60,0.18322566614996058,1982.179260039981,1994.368642890228,0.04817937885473106,1.7519992826056767,2.1700900866669732,1124.88629691897,0.007085494538403321,3.8670862479518653,0.724422665240533,5.534400938952636e-73,0.40940833740639937,1980.0855532140001,1995.5496907986594,0.10765434673352241,1.6290873089562161,2.0167878036427163,1089.5867371756312,0.04810902969428218,11.750867116935806,0.7619827779635803,0.006961548689292415,1982.5,1997.43,0.013475159222709783,0.9,3.802989380631428,255,0.053532643171923404,1,2.2344486228873643,Noise (HM.RMSE) | Noise (HM.MAE) | Exaggerated curvature (g-fact) | Intercept (HM),Noise (LM.RMSE) | Noise (LM.MAE),0.18322566614996058,LM,g-fact. > 2 | Intercept (HM),0,4,0.9,0.9,0.056360186197663455,2,0.5,1,0.05,0.013,60
52,Mar_23_52,Mar_23_52_FLM30_stem,FLM30,3/18/23,10:55:30,10:58:30,stem,dead,AVGE,LGR,LGR3,C5,C,NA,NA,17,21.2,30.7,26.2,24.8,NA,sediment,2,2023-03-18T10:55:30.000000Z,2023-03-18,March_2023,70,29,849,1064.6016666666667,213.35,2012.6016666666667,0.07,0.029,1.064601666666667,0.849,2.012601666666667,1.0295776238569285,511.5403645684679,553.0690020212289,0.2679266932436196,0.5961128278968825,0.7682894737187589,368.93671101634595,0.005278230249860814,0.5126597672245337,0.9959166425379354,2.7819160975390575e-187,1.1484691178843598,510.7608441603611,720.4905806581589,0.2988657930370216,0.5369891998824838,0.6862064880771211,335.56477555550384,0.020390301251432364,1.7754331338916751,0.9967425536303357,0.0014250043795776175,510.592,551.981,0.00862157394304314,0.35,3.8427586717563718,157,0.7655048378389133,1,1.1154759886700418,Noise (HM.RMSE) | Noise (HM.MAE),Noise (LM.RMSE) | Noise (LM.MAE),1.1484691178843598,HM,,0,4,0.35,0.35,0.027933040956366773,2,0.5,1,0.05,0.0086,60,5.623090462399686,2816.8352397354433,3043.646001513931,1.4632952372805643,4.147756593214022,5.002294677364254,957.2111393566443,0.034366295501852856,0.6111638383136885,0.994206610972915,1.652514173648289e-175,5.671024315355522,2816.507284440888,15394.11481388512,1.4757690502493936,4.177046653975346,5.058589391121616,962.8313850654101,0.13951506027135993,2.4601386365703424,0.9940764120578689,1.173330497707622e-4,2825.17,3055.37,0.022169761567825224,0.9,3.8427586717563718,157,1.6258835969784045,1,1.0085244676884284,Noise (HM.RMSE) | Noise (HM.MAE),Noise (LM.RMSE) | Noise (LM.MAE),5.623090462399686,LM,RMSE | MAE | AICc,3,1,0.9,0.9,0.071827819602086,2,0.5,1,0.05,0.022,60
53,Mar_23_53,Mar_23_53_FLM30_stem,FLM30,3/18/23,11:03:38,11:06:38,stem,dead,AVGE,LGR,LGR3,C5,C,NA,NA,62,17.3,31.3,26.2,24.8,NA,sediment,2,2023-03-18T11:03:38.000000Z,2023-03-18,March_2023,70,29,849,1064.6016666666667,213.35,2012.6016666666667,0.07,0.029,1.064601666666667,0.849,2.012601666666667,1.6050259335678414,519.5464928072928,568.413947870674,0.41767055609727494,0.7155651394360716,0.8873979818824934,312.88705559348693,0.009295267397053178,0.579135028453438,0.9960910595326119,9.8358666560159e-142,1.793840887461206,518.6179210861759,761.3463103653085,0.46680524304704785,0.6185038221932396,0.7831399102851369,285.53471242308547,0.035527207800201674,1.9805105373912373,0.9969556057233633,0.0019231588214027638,519.238,568.54,0.011398146391793436,0.35,3.842803640661787,118,1.1933444459922142,1,1.1176398149989044,Noise (HM.RMSE) | Noise (HM.MAE) | Noise (HM.SE),Noise (LM.RMSE) | Noise (LM.MAE),1.793840887461206,HM,SE,1,3,0.35,0.35,0.03222011162644132,2,0.5,1,0.05,0.011,60,0.049319200881452266,2041.4261501210656,2042.9277481840195,0.01283417147823842,1.547557362679436,1.918030244691515,494.7865240207838,0.02009087733355216,40.736421058087025,0.041188511796103056,0.015580540503523192,0.12690628495830594,2040.9895692752696,2043.3054149179638,0.033024400106077455,1.5325375349839343,1.8928256605658411,493.8081781131785,0.14022913446712637,110.49817943468878,0.06622217415793863,0.01426019053137602,2040.42,2043.39,0.029309519293183123,0.9,3.842803640661787,118,0.01426019053137602,1,2.573161825215872,Noise (HM.RMSE) | Noise (HM.MAE) | Exaggerated curvature (g-fact),Noise (LM.RMSE) | Noise (LM.MAE),0.049319200881452266,LM,g-fact. > 2 | Intercept,0,4,0.9,0.9,0.0828517156108491,2,0.5,1,0.05,0.029,60
54,Mar_23_54,Mar_23_54_FLM30_stem,FLM30,3/18/23,11:12:00,11:15:00,stem,dead,AVGE,LGR,LGR3,C5,C,NA,NA,96,17.3,34.2,29.1,24.8,NA,sediment,2,2023-03-18T11:12:00.000000Z,2023-03-18,March_2023,70,29,849,1064.6016666666667,213.35,2012.6016666666667,0.07,0.029,1.064601666666667,0.849,2.012601666666667,1.797193343548404,617.9049975313866,726.0326090849884,0.4721729762166019,0.7672827419952715,0.9388438747327766,635.2115208935891,0.0035332295435711496,0.19659707489206985,0.999107968450275,0,1.875822278475453,617.1271464152475,1931.7841091147209,0.4928309974331413,0.6895232120778979,0.8716360022310962,602.8178067840823,0.013573774286199866,0.7236172873067566,0.9992311107643481,3.7487421541599594e-4,619.129,725.423,0.0057920710705391025,0.35,3.8062181320685533,232,1.3490656463331485,1,1.0437509604680613,Noise (HM.RMSE) | Noise (HM.MAE),Noise (LM.RMSE) | Noise (LM.MAE),1.875822278475453,HM,,0,4,0.35,0.35,0.022978625750451447,2,0.5,1,0.05,0.0058,60,0.08984329843132496,1987.512277590043,1992.9176733469046,0.023604348283238857,1.7506135809475223,2.203602538982784,1031.096144574295,0.008293001427141936,9.230517547706684,0.3349982426446364,2.293901180937646e-22,0.21578737927373043,1986.4862628058759,1993.1690622493416,0.05669338219364142,1.7121763719277014,2.172174278933104,1026.5017787870117,0.06360803056018782,29.47717831055347,0.35383177428206947,0.008483478020438749,1986.84,1991.74,0.014893897038529122,0.9,3.8062181320685533,232,0.026227053648043175,1,2.401819423834661,Noise (HM.RMSE) | Noise (HM.MAE) | Exaggerated curvature (g-fact),Noise (LM.RMSE) | Noise (LM.MAE) | Intercept (LM),0.08984329843132496,LM,g-fact. > 2 | Intercept (LM),0,4,0.9,0.9,0.05908789478687515,2,0.5,1,0.05,0.015,60
55,Mar_23_55,Mar_23_55_FLM30_stem,FLM30,3/18/23,14:40:00,14:43:00,stem,dead,AVGE,LGR,LGR3,A?,A,NA,NA,25,8.7,NA,28.8,NA,NA,sediment,23,2023-03-18T14:40:00.000000Z,2023-03-18,March_2023,70,29,849,212.53666666666663,40.45,1160.5366666666666,0.07,0.029,0.21253666666666665,0.849,1.1605366666666663,8.423240025596474,502.14447786025306,649.489725625823,0.729431919631534,1.3040548757749324,1.5617804787750422,766.9441347652701,0.021660574800903564,0.2571525296095277,0.9986594039726057,2.4518456801826175e-292,9.456557580194033,499.21464856474097,1205.688378508617,0.818914684594733,0.6832360419701682,0.8702845618646987,530.4424309828464,0.05264671092118657,0.5567217296011678,0.999583724829879,0.0011591580123719385,499.832,646.08,0.01990977806081591,0.35,11.547671275273228,204,2.08409119894724,1,1.1226745945096568,Noise (HM.RMSE) | Noise (HM.MAE) | Noise (HM.SE),Noise (LM.RMSE) | Noise (LM.MAE),9.456557580194033,HM,SE,1,3,0.35,0.35,0.02450490147049017,2,0.5,1,0.05,0.02,60,1.624131602272619,2300.925143190674,2329.335597198104,0.14064581191796965,2.7766831808216095,3.4519873462223765,1090.5385654392653,0.04787614593778809,2.947799665420945,0.8499420966117675,2.3388659465659326e-85,4.135412158215793,2295.087233589964,2329.5733881036685,0.35811654658639785,2.237466719752732,2.795452801122097,1006.5495183384003,0.31487013469434433,7.613996444557386,0.9015932674470246,0.010384357190190178,2296.5,2327.0400000000004,0.05119657215638377,0.9,11.547671275273228,204,0.1562731243532996,1,2.546229722042957,Noise (HM.RMSE) | Noise (HM.MAE) | Noise (HM.SE) | Exaggerated curvature (g-fact),Noise (LM.RMSE) | Noise (LM.MAE) | Intercept (LM),1.624131602272619,LM,SE | g-fact. > 2 | Intercept (LM),1,3,0.9,0.9,0.06301260378126045,2,0.5,1,0.05,0.051,60
56,Mar_23_56,Mar_23_56_FLM30_stem,FLM30,3/18/23,14:45:40,14:48:40,stem,dead,AVGE,LGR,LGR3,A?,A,NA,NA,9,6.4,NA,28.4,NA,NA,sediment,8,2023-03-18T14:45:40.000000Z,2023-03-18,March_2023,70,29,849,212.53666666666663,40.45,1160.5366666666666,0.07,0.029,0.21253666666666665,0.849,1.1605366666666663,6.341449740114094,490.8191248276495,578.6074031648945,0.5486767396077814,0.8003140556741,1.0071753392856477,468.20449245554425,0.01985970335406137,0.3131729205142933,0.9984234299286195,2.512629968241743e-226,6.820166490935956,489.7335853785725,1133.8315387877149,0.590096408106462,0.6882197250960568,0.8819796218932893,427.3008916627681,0.07304489405059425,1.0710133564579598,0.99879101694833194,9.16159421068091e-4,488.607,578.178,0.025125468804182465,0.35,11.557715649923933,162,1.567647827450804,1,1.0754901119524207,Noise (HM.RMSE) | Noise (HM.MAE) | Noise (HM.SE),Noise (LM.RMSE) | Noise (LM.MAE),6.820166490935956,HM,SE,1,3,0.35,0.35,0.027498597046143512,2,0.5,1,0.05,0.025,60,0.5142342721774893,2030.7965382847685,2037.9153743974168,0.044492725704051536,1.921992323428731,2.4219800825587083,752.4936600733207,0.047757132341203434,9.287038014595794,0.4165467614138766,1.1165460787241154e-20,0.5158770896858038,2030.7923741472393,2873.4821303539825,0.04463486603334103,1.9220271841497525,2.4221870579005063,754.6242253196041,0.19054762839143147,36.93663320220035,0.41644822285437133,5.296713969119429e-5,2031.74,2039.3799999999999,0.06460834835361205,0.9,11.557715649923933,162,0.04943636189339059,1,1.0031946869300603,Noise (HM.RMSE) | Noise (HM.MAE) | Noise (HM.SE),Noise (LM.RMSE) | Noise (LM.MAE),0.5158770896858038,HM,SE | AICc | Intercept,2,2,0.9,0.9,0.07071067811865475,2,0.5,1,0.05,0.065,60
57,Mar_23_57,Mar_23_57_FLM30_stem,FLM30,3/18/23,14:23:30,14:26:30,stem,dead,AVGE,LGR,LGR3,A?,A,NA,NA,16,7.1,NA,27.8,NA,NA,sediment,4,2023-03-18T14:23:30.000000Z,2023-03-18,March_2023,70,29,849,212.53666666666663,40.45,1160.5366666666666,0.07,0.029,0.21253666666666665,0.849,1.1605366666666663,7.262389372802625,583.7789797851665,668.9201908505872,0.6260383166575056,0.6522934238329051,0.8155649202507105,341.5368460405648,0.020540016221953016,0.2828272510267021,0.9989053107273005,1.9499828642380845e-203,7.375585662183985,583.5584981995553,3343.8500118111574,0.6357961540328425,0.6549017545027085,0.8155735430480038,343.6614115174895,0.08297059188212229,1.1249356414844196,0.9989053760493182,2.3033659702157992e-4,583.664,667.989,0.029636443966594723,0.35,11.600550924067077,138,1.7886809047357306,1,1.0155866456025169,Noise (HM.RMSE) | Noise (HM.MAE) | Noise (HM.SE),Noise (LM.RMSE) | Noise (LM.MAE),7.375585662183985,HM,SE | AICc,2,2,0.35,0.35,0.0297939785765562,2,0.5,1,0.05,0.03,60,0.6251062753921144,2158.3586974288705,2165.687181568098,0.05388591278843818,1.831678628227874,2.3310913641650504,631.395028698318,0.05870857518011678,9.391775045497708,0.45061928688296604,1.2499274595446136e-19,0.6310539736404198,2158.3469177489433,2526.9993531501354,0.05439862104576464,1.83184349251177,2.3311894645155102,633.5282908862687,0.23610771997320976,37.41482184339212,0.4505734230995503,1.4756072609845757e-4,2158.3700000000003,2162.0099999999998,0.07620799877124357,0.9,11.600550924067077,138,0.05987323643159797,1,1.0095146993118485,Noise (HM.RMSE) | Noise (HM.MAE) | Noise (HM.SE),Noise (LM.RMSE) | Noise (LM.MAE),0.6310539736404198,HM,SE | AICc,2,2,0.9,0.9,0.07661308776828737,2,0.5,1,0.05,0.076,60
58,Mar_23_58,Mar_23_58_FLM30_stem,FLM30,3/18/23,14:32:10,14:35:10,stem,dead,AVGE,LGR,LGR3,A?,A,NA,NA,8,4.6,NA,27.6,27.1,NA,sediment,6,2023-03-18T14:32:10.000000Z,2023-03-18,March_2023,70,29,849,212.53666666666663,40.45,1160.5366666666666,0.07,0.029,0.21253666666666665,0.849,1.1605366666666663,7.715520013299995,481.169710369256,577.6206535618726,0.66517891856977,0.6835671851716589,0.8663426508506981,381.1541762131658,0.019756335577043392,0.25605967637939464,0.9990436374877962,5.005453034687973e-221,7.989651656299289,480.60585455186964,1908.3333743880555,0.688812658035379,0.6535062621662882,0.8282463764827381,370.04690276352915,0.07771254137383954,0.9726649510754147,0.9991258977422736,4.8245386354562377e-4,481.654,577.627,0.027806217401919367,0.35,11.59916497337208,147,1.9005111959136285,1,1.0355298985067432,Noise (HM.RMSE) | Noise (HM.MAE) | Noise (HM.SE),Noise (LM.RMSE) | Noise (LM.MAE),7.989651656299289,HM,SE,1,3,0.35,0.35,0.028867513459481287,2,0.5,1,0.05,0.028,60,1.096692483320588,2006.9975395226004,2020.7071824534962,0.09454926159238516,1.902589542368821,2.3374981167906936,672.9656268296313,0.053305002542212855,4.860524107981015,0.74308706096411,7.525736209133985e-45,1.1112078793782685,2006.9671243688504,2517.8503367552557,0.09580067892208113,1.9029200756246383,2.337753158082592,675.1115609994027,0.21589320121512715,19.428696036237746,0.7430314166030532,1.8751972388089062e-4,2006.2199999999998,2024.1799999999998,0.0715017018906498,0.9,11.59916497337208,147,0.10505473510265018,1,1.0132356118770236,Noise (HM.RMSE) | Noise (HM.MAE) | Noise (HM.SE),Noise (LM.RMSE) | Noise (LM.MAE),1.1112078793782685,HM,SE | AICc,2,2,0.9,0.9,0.07423074889580902,2,0.5,1,0.05,0.072,60
59,Mar_23_59,Mar_23_59_FLM30_stem,FLM30,3/18/23,13:27:50,13:30:50,stem,dead,AVGE,LGR,LGR3,C5,C,NA,NA,50.2,15.9,30.2,29.4,25.8,NA,sediment,1,2023-03-18T13:27:50.000000Z,2023-03-18,March_2023,70,29,849,1064.6016666666667,213.35,2012.6016666666667,0.07,0.029,1.064601666666667,0.849,2.012601666666667,1.7091912064110022,459.31012154419915,518.6704322578141,0.44969932358799225,0.726239090444168,0.8981327646287849,357.66692529846785,0.007766868246079123,0.45441775132860446,0.9972610752248826,3.2016280431581113e-171,1.7902930878838343,458.84724723110395,1126.0350672171292,0.4710377561186801,0.711032501769902,0.8730792285741675,352.2102396863989,0.0310334887429355,1.7334306294852404,0.997411749322554,7.060047291159277e-4,458.58,518.067,0.010001953216054443,0.35,3.8007422221006886,134,1.2848552102514064,1,1.0474504439109136,Noise (HM.RMSE) | Noise (HM.MAE),Noise (LM.RMSE) | Noise (LM.MAE),1.7902930878838343,HM,,0,4,0.35,0.35,0.0302353948953476,2,0.5,1,0.05,0.01,60,2.3520377963922847,2068.1058107876956,2149.792221225756,0.6188364427125769,2.128695349950164,2.564479775260656,638.8506541760269,0.02217709599138909,0.9428885890101691,0.9883129327761971,1.2461288174056684e-129,2.4766033909818455,2067.3955521065295,2896.1149106757134,0.6516104608675657,2.1022052031755076,2.54340251429632,638.7643433374327,0.09076042419000385,3.6647137172020923,0.988504253510271,7.862860377638534e-4,2066.71,2153.24,0.025719308269854285,0.9,3.8007422221006886,134,0.6875960474584186,1,1.0529607112524415,Noise (HM.RMSE) | Noise (HM.MAE),Noise (LM.RMSE) | Noise (LM.MAE),2.4766033909818455,HM,,0,4,0.9,0.9,0.07774815830232241,2,0.5,1,0.05,0.026,60
60,Mar_23_60,Mar_23_60_FLM30_stem,FLM30,3/18/23,13:32:45,13:35:45,stem,dead,AVGE,LGR,LGR3,C5,C,NA,NA,70,13.9,32.6,29.4,25.8,NA,sediment,1,2023-03-18T13:32:45.000000Z,2023-03-18,March_2023,70,29,849,1064.6016666666667,213.35,2012.6016666666667,0.07,0.029,1.064601666666667,0.849,2.012601666666667,1.7785470602850628,466.7605459998384,532.7380557057464,0.46792560075112083,2.2932406488492063,2.579995248780186,683.0563237759362,0.020028832073470462,1.1261345016229298,0.9823082076338386,1.2075029894100838e-125,2.7084829686570604,461.50911394941,576.3277846386832,0.7125864412212417,1.0411304032405828,1.3137267421414633,492.14650630590836,0.05580384499130786,2.0603358277337414,0.9954128377419866,0.006206189611353987,463.331,528.409,0.009368461027109651,0.35,3.800918473855916,143,1.3369302878603453,1,1.5228626945766333,Noise (HM.RMSE) | Noise (HM.MAE) | Noise (HM.SE),Noise (LM.RMSE) | Noise (LM.MAE),2.7084829686570604,HM,SE,1,3,0.35,0.35,0.029268470350248176,2,0.5,1,0.05,0.0094,60,2.583084224688801,2026.2274330290995,2122.0502922107216,0.6795947459689501,4.618172541026699,5.417802253418173,895.2404924140781,0.04205908967944286,1.6282508048884843,0.9637095483540224,1.211707626964248e-103,4.5492994792033015,2015.514617053268,2156.192390499269,1.1968947796420837,2.7489732290807085,3.3474446620669296,759.6506940236357,0.15867879364700105,3.487983026230442,0.9861460732622221,0.008508058880399537,2021.61,2121.45,0.024090328355424823,0.9,3.800918473855916,143,0.7551052732988334,1,1.7611889832014216,Noise (HM.RMSE) | Noise (HM.MAE) | Noise (HM.SE),Noise (LM.RMSE) | Noise (LM.MAE),4.5492994792033015,HM,SE,1,3,0.9,0.9,0.07526178090063818,2,0.5,1,0.05,0.024,60
62,Mar_23_62,Mar_23_62_FLM30_stem,FLM30,3/18/23,13:51:50,13:54:50,stem,dead,AVGE,LGR,LGR3,C5,C,NA,NA,25,13.9,NA,29.7,23.9,NA,sediment,2,2023-03-18T13:51:50.000000Z,2023-03-18,March_2023,70,29,849,1064.6016666666667,213.35,2012.6016666666667,0.07,0.029,1.064601666666667,0.849,2.012601666666667,1.7938087631553297,454.989678333127,545.7417615204824,0.47266709993414274,0.953159379672547,1.1892802647524154,623.9336088617741,0.005861575055199244,0.32676699855611524,0.9979434269568639,4.0310456862194766e-260,2.002019591099259,453.2775018995946,909.2716611626719,0.5275304779265837,0.7450337353428168,0.9101457055575967,522.229367494114,0.019376763830899146,0.967860849966001,0.998795525629848,0.0011568799012231096,453.726,542.316,0.006882266765621851,0.35,3.7950785307571926,194,1.3504774283832652,1,1.1160719203855847,Noise (HM.RMSE) | Noise (HM.MAE),Noise (LM.RMSE) | Noise (LM.MAE),2.002019591099259,HM,,0,4,0.35,0.35,0.025128535551620833,2,0.5,1,0.05,0.0069,60,30.467153782898794,2519.1365956403297,4060.525918392879,8.028069389336194,4.630074062051119,6.383727618918877,1275.930317567685,0.03146331413986024,0.103269620667752,0.9997942151266525,0,31.327582668267908,2511.941749842686,30885.110061841806,8.254791676739675,3.642364916366186,5.491755363364505,1219.6199928757665,0.10996691781335952,0.35102267218576794,0.9998477044838749,2.9093654913570907e-4,2547.1,4049.0000000000005,0.017697257397313336,0.9,3.7950785307571926,194,8.920077099262436,1,1.0282411967819611,Noise (HM.RMSE) | Noise (HM.MAE),Noise (LM.RMSE) | Noise (LM.MAE),31.327582668267908,HM,,0,4,0.9,0.9,0.06461623427559643,2,0.5,1,0.05,0.018,60
63,Mar_23_63,Mar_23_63_FLM30_stem,FLM30,3/18/23,13:58:00,14:01:00,stem,dead,AVGE,LGR,LGR3,C5,C,NA,NA,75,17.5,NA,29.7,23.9,NA,sediment,2,2023-03-18T13:58:00.000000Z,2023-03-18,March_2023,70,29,849,1064.6016666666667,213.35,2012.6016666666667,0.07,0.029,1.064601666666667,0.849,2.012601666666667,1.9344170295990748,475.863141361924,543.160404094449,0.509827747973674,0.6736912833537232,0.8180935224768681,332.65147259023746,0.007037828988035283,0.363821703404562,0.9982425996374426,6.114234836737687e-184,1.9542490900782088,475.7463233324345,3627.6552133665646,0.515054611973031,0.6897006376651256,0.8397616100783658,341.7828281319882,0.029137447701204248,1.4909792128923631,0.9981492150202408,1.6341037445643101e-4,476.716,542.371,0.009984884406069523,0.35,3.794256074306419,134,1.4566507084962117,1,1.0102522156162181,Noise (HM.RMSE) | Noise (HM.MAE),Noise (LM.RMSE) | Noise (LM.MAE),1.9344170295990748,LM,RMSE | MAE | AICc,3,1,0.35,0.35,0.0302353948953476,2,0.5,1,0.05,0.01,60,0.28670585842059687,1986.1362559308418,1996.1105888620837,0.0755631282669834,2.0193915284853183,2.474881888555781,629.3197786705923,0.02129071434828993,7.425978131586171,0.5755404027545474,1.5070725524696882e-26,0.403971107719957,1985.5089497510482,2005.2587197339194,0.10646912064146907,2.013914115452143,2.4608189445049864,629.9180497004537,0.10947712363706702,27.10023601810636,0.5803504847496888,0.005390904336293994,1984.27,1995.77,0.025675417044178774,0.9,3.794256074306419,134,0.08395903140775934,1,1.4090089053127481,Noise (HM.RMSE) | Noise (HM.MAE),Noise (LM.RMSE) | Noise (LM.MAE),0.403971107719957,HM,AICc | Intercept,1,3,0.9,0.9,0.07774815830232241,2,0.5,1,0.05,0.026,60
64,Mar_23_64,Mar_23_64_FLM30_stem,FLM30,3/18/23,14:07:35,14:10:35,stem,dead,AVGE,LGR,LGR3,C5,C,NA,NA,110,11.2,NA,29.7,23.9,NA,sediment,2,2023-03-18T14:07:35.000000Z,2023-03-18,March_2023,70,29,849,1064.6016666666667,213.35,2012.6016666666667,0.07,0.029,1.064601666666667,0.849,2.012601666666667,2.091291722371456,528.8166557344967,613.1711285936227,0.551336423915856,0.8290170554995484,1.038958824594389,457.8778009527091,0.007187285215823873,0.3436768356579984,0.9981843293456814,8.112733702194808e-212,2.3085683411153806,527.3921058331296,993.3949829659141,0.6086180134221557,0.6616777068162866,0.8205393045971984,386.82163738448804,0.024309003067155832,1.052990402502487,0.9988674974723967,0.0013060391754807425,528.106,612.302,0.008620754092219716,0.35,3.7931318005766754,155,1.5752469254738743,1,1.1038958919119806,Noise (HM.RMSE) | Noise (HM.MAE),Noise (LM.RMSE) | Noise (LM.MAE),2.3085683411153806,HM,,0,4,0.35,0.35,0.02811267651158746,2,0.5,1,0.05,0.0086,60,0.11383751670284781,1990.9895718908451,1995.5813290380363,0.030011484622163912,1.9438281579914753,2.5077163859471074,731.0353708039528,0.017347822146111757,15.239108027448545,0.21452891613596192,7.755538053722116e-10,0.17473970445165585,1990.6173104743011,1998.4694290585007,0.04606739592467889,1.9423590234772732,2.5027066943875,732.5231873865639,0.09497125927458033,54.35013157004362,0.21766406923195458,0.0058668747078499004,1992,1994.22,0.02216765337999356,0.9,3.7931318005766754,155,0.033346094024626564,1,1.5349922372936344,Noise (HM.RMSE) | Noise (HM.MAE),Noise (LM.RMSE) | Noise (LM.MAE),0.17473970445165585,HM,AICc | Intercept,1,3,0.9,0.9,0.0722897396012249,2,0.5,1,0.05,0.022,60
65,Mar_23_65,Mar_23_65_FLM30_stem,FLM30,3/18/23,12:17:00,12:20:00,stem,dead,AVGE,LGR,LGR3,C5,C,NA,NA,12,16.8,27,29.4,25.1,NA,sediment,3,2023-03-18T12:17:00.000000Z,2023-03-18,March_2023,70,29,849,1064.6016666666667,213.35,2012.6016666666667,0.07,0.029,1.064601666666667,0.849,2.012601666666667,0.7609125767931507,452.91188763603037,483.93429592285537,0.2001445695924193,1.1086972875787713,1.3136392249896085,537.3631766358158,0.00892339624902561,1.1727229278602629,0.9789934424630153,3.7726723573414056e-132,1.1406483240501517,450.5513202252453,505.58240244353675,0.30002732881019584,0.7175337973245604,0.8666554073953985,408.87211307074404,0.031793983779728044,2.787360758733744,0.9908568556932646,0.005451961268362476,451.791,481.607,0.008529712579952092,0.35,3.8018147499215043,157,0.5718416274069124,1,1.4990530566039386,Noise (HM.RMSE) | Noise (HM.MAE),Noise (LM.RMSE) | Noise (LM.MAE),1.1406483240501517,HM,,0,4,0.35,0.35,0.027933040956366773,2,0.5,1,0.05,0.0085,60,6.901048984553684,2224.17951617448,2505.5353062291915,1.815198645514269,9.710032350118288,11.346406296469754,1214.3784975011229,0.07707479912274978,1.1168562822153985,0.9809101494628142,2.2694715325299318e-135,10.533548103036422,2201.6521893985787,2687.5808079608178,2.770663169017877,4.601913076311961,6.01536173604171,1017.225234116911,0.223619478280875,2.1229264450447993,0.9946345103161913,0.005701790475349421,2213.92,2481.38,0.021933546634162526,0.9,3.8018147499215043,157,2.016887383904743,1,1.526369125420382,Noise (HM.RMSE) | Noise (HM.MAE) | Noise (HM.SE),Noise (LM.RMSE) | Noise (LM.MAE),10.533548103036422,HM,SE,1,3,0.9,0.9,0.071827819602086,2,0.5,1,0.05,0.022,60
66,Mar_23_66,Mar_23_66_FLM30_stem,FLM30,3/18/23,12:28:00,12:31:00,stem,dead,AVGE,LGR,LGR3,C5,C,NA,NA,72,12.9,30.3,29.1,25.1,NA,sediment,3,2023-03-18T12:28:00.000000Z,2023-03-18,March_2023,70,29,849,1064.6016666666667,213.35,2012.6016666666667,0.07,0.029,1.064601666666667,0.849,2.012601666666667,0.22672499746139588,471.7675351502071,482.3732697075572,0.05958277841207919,1.508479841820846,1.8642301670752919,741.1795835691896,0.010303970260622635,4.5446996916945945,0.7296728876679626,1.1610735506355129e-52,0.8714328588442596,468.07777100467445,481.0135908872054,0.22901043780301708,1.0779767432104124,1.3014788694538886,613.9068789058447,0.0791376632651807,9.081326514372806,0.8682457039129836,0.01770358894006262,469.065,480.215,0.007440355182438431,0.35,3.8052102218756554,180,0.17023650974879773,1,3.8435676198105906,Noise (HM.RMSE) | Noise (HM.MAE) | Noise (HM.SE) | Exaggerated curvature (g-fact),Noise (LM.RMSE) | Noise (LM.MAE) | Intercept (LM),0.22672499746139588,LM,SE | g-fact. > 2 | Intercept (LM),1,3,0.35,0.35,0.026087459737497543,2,0.5,1,0.05,0.0074,60,0.21724932632557253,1988.843523339333,1999.0060052604738,0.05709259506258934,7.171142441281086,9.301549907640702,1319.8194110733143,0.05141151308391856,23.664751441793943,0.08606550894290321,3.7991024950064e-5,0.21700093724410507,1988.845320549338,14511.502950404762,0.05702731901554219,7.16933791480218,9.301774456995295,1321.9203095453245,0.20403801615965764,94.02632944858418,0.08602184751425335,4.553931018570903e-6,1995.45,2022.66,0.019132341897698826,0.9,3.8052102218756554,180,0.06343621673621037,1,0.9988566635134453,Noise (HM.RMSE) | Noise (HM.MAE) | Noise (HM.SE),Noise (LM.RMSE) | Noise (LM.MAE),0.21700093724410507,HM,SE | AICc | Intercept,2,2,0.9,0.9,0.0670820393249937,2,0.5,1,0.05,0.019,60
67,Mar_23_67,Mar_23_67_FLM30_stem,FLM30,3/18/23,12:37:13,12:40:13,stem,dead,AVGE,LGR,LGR3,C5,C,NA,NA,121,13.2,35.1,29.1,25.1,NA,sediment,3,2023-03-18T12:37:13.000000Z,2023-03-18,March_2023,70,29,849,1064.6016666666667,213.35,2012.6016666666667,0.07,0.029,1.064601666666667,0.849,2.012601666666667,1.4723269883770795,467.9563326518424,637.8367225566285,0.38697127540953563,1.9588373339989305,2.3827520547218493,2027.9348902014092,0.003406308500649738,0.23135543446123016,0.9976450788635576,0,1.7529304548499107,462.75576473624443,1032.1682139678142,0.46072220313315243,0.6170864126969603,0.7671123256043281,1028.065312862048,0.004997058613868997,0.2850688457173764,0.9997559175331365,8.091185989257938e-4,461.933,632.37,0.0030265016287332677,0.35,3.8047449046932513,442,1.1056322154558162,1,1.1905850186052322,Noise (HM.RMSE) | Noise (HM.MAE),Noise (LM.RMSE) | Noise (LM.MAE),1.7529304548499107,HM,,0,4,0.35,0.35,0.016647802295407292,2,0.5,1,0.05,0.003,60,0.06873267781002751,1981.7011454792503,1989.6316759916592,0.018064989777696782,1.888793481758156,2.3152684163548107,2002.5371125007903,0.0033098359824249002,4.815520197791601,0.49382175889609103,2.8943026257211793e-67,0.06929296698031204,1981.69013240585,2438.2530409089954,0.018212250417849924,1.8889647478567062,2.315422010517961,2004.6324934919735,0.013321311661844295,19.224622991867605,0.493755106765843,3.988990362261206e-5,1981.63,1988.85,0.007782432759599833,0.9,3.8047449046932513,442,0.020072210864107536,1,1.0081517145575665,Noise (HM.RMSE) | Noise (HM.MAE),Noise (LM.RMSE) | Noise (LM.MAE),0.06929296698031204,HM,AICc,1,3,0.9,0.9,0.04280863447390447,2,0.5,1,0.05,0.0078,60
69,Mar_23_69,Mar_23_69_FLM30_stem,FLM30,3/18/23,13:15:30,13:18:30,stem,dead,AVGE,LGR,LGR3,C5,C,NA,NA,120,11.5,29,27.6,25.2,NA,sediment,1,2023-03-18T13:15:30.000000Z,2023-03-18,March_2023,70,29,849,1064.6016666666667,213.35,2012.6016666666667,0.07,0.029,1.064601666666667,0.849,2.012601666666667,2.7414240628430315,499.5742542171149,668.7595158300585,0.7168867017497611,1.715652700448721,1.9704230047068303,1004.3634695291527,0.007170800364826027,0.26157209539444437,0.9983810612175462,0,3.129879480258246,495.69968048681716,1214.7627348854712,0.8184684040270876,0.7473333181479466,0.9781551025890242,673.0729893845225,0.01572422455301653,0.5023907358796807,0.9996010422205504,0.001138242882902064,497.959,664.932,0.0056473589740482525,0.35,3.8240687909983886,238,2.0482477192850324,1,1.1416984051027703,Noise (HM.RMSE) | Noise (HM.MAE),Noise (LM.RMSE) | Noise (LM.MAE),3.129879480258246,HM,,0,4,0.35,0.35,0.022687130324325754,2,0.5,1,0.05,0.0056,60,0.20644211861442524,1987.397168098082,2000.1376135910314,0.053984938529447135,1.6799471104239736,2.029023091793136,1018.3132201347271,0.007384058901116742,3.5768180207974174,0.7671080387936456,7.573747434343212e-77,0.3401729016920259,1986.166634167661,2006.0671134545942,0.08895574851916131,1.6147456001171048,1.9673040008873277,1005.6785167496372,0.041660064024431495,12.246732122756873,0.7810608290752441,0.00447003045688303,1985.72,1999.48,0.014521780218981224,0.9,3.8240687909983886,238,0.05998326503271904,1,1.6477882709941156,Noise (HM.RMSE) | Noise (HM.MAE),Noise (LM.RMSE) | Noise (LM.MAE) | Intercept (LM),0.3401729016920259,HM,Intercept (LM),0,4,0.9,0.9,0.0583383351196948,2,0.5,1,0.05,0.015,60
70,Mar_23_70,Mar_23_70_FLM30_stem,FLM30,3/18/23,13:05:00,13:08:00,stem,dead,AVGE,LGR,LGR3,C5,C,NA,NA,12,21.2,21.2,27.6,25.2,NA,sediment,1,2023-03-18T13:05:00.000000Z,2023-03-18,March_2023,70,29,849,1064.6016666666667,213.35,2012.6016666666667,0.07,0.029,1.064601666666667,0.849,2.012601666666667,1.2652801179942272,440.8987135584182,504.4229925972547,0.33085561999394003,1.62182131817215,1.9267526907623749,811.1388510480618,0.009553355109909109,0.755038743914942,0.9891165165641945,1.1890497508613005e-190,1.8027389540215386,436.7454334741929,559.8092376223387,0.4713946784096582,0.627910545013676,0.7823073105845038,463.50282858070193,0.020207956451224404,1.120958550662292,0.9982058004240175,0.0038304900589793815,436.044,499.633,0.006935198612673174,0.35,3.8242666635597793,194,0.9453017714112573,1,1.4247745842077346,Noise (HM.RMSE) | Noise (HM.MAE),Noise (LM.RMSE) | Noise (LM.MAE),1.8027389540215386,HM,,0,4,0.35,0.35,0.025128535551620833,2,0.5,1,0.05,0.0069,60,6.978507541570404,2041.2179301189556,2391.5788138796897,1.8247962695871558,5.42886318293206,7.206958633238074,1322.9927166884531,0.03573402825170333,0.5120583167509474,0.9949648177700908,8.663192064857417e-223,7.079584396653634,2040.3678352762317,14091.100020924816,1.8512266584631094,5.458706717784123,7.231634200551304,1326.4042270552968,0.14481601339868538,2.045543993615455,0.9949306313737035,1.5361943406789555e-4,2044.59,2376.7599999999998,0.017833367861159594,0.9,3.8242666635597793,194,2.027551410652395,1,1.014484021759828,Noise (HM.RMSE) | Noise (HM.MAE),Noise (LM.RMSE) | Noise (LM.MAE),7.079584396653634,HM,MAE | AICc,2,2,0.9,0.9,0.06461623427559643,2,0.5,1,0.05,0.018,60
68,Mar_23_68,Mar_23_68_FLM30_stem,FLM30,3/18/23,12:56:00,12:59:30,stem,dead,AVGE,LGR,LGR3,C5,C,NA,NA,55,13,26.4,27.6,25.2,NA,sediment,1,2023-03-18T12:56:00.000000Z,2023-03-18,March_2023,70,29,849,1064.6016666666667,213.35,2012.6016666666667,0.07,0.029,1.064601666666667,0.849,2.012601666666667,1.3282600240889644,492.2167654327265,579.3853220611383,0.3472850861689712,1.672630325258458,2.0366473848649966,1083.9996220153164,0.006772117590107402,0.5098487846724369,0.9934918283216504,1.1897628384551806e-276,1.7389183110374529,487.9770761933902,693.9214244663492,0.4546552516354249,0.7147248634649372,0.9015044123605126,673.6768751301358,0.014612046287630721,0.8402951533078662,0.9987248448588397,0.002207660736738568,489.364,574.377,0.005312078354308777,0.35,3.82469641510232,253,0.9922431033399178,1,1.3091701018632653,Noise (HM.RMSE) | Noise (HM.MAE),Noise (LM.RMSE) | Noise (LM.MAE),1.7389183110374529,HM,,0,4,0.35,0.35,0.0220043114711676,2,0.5,1,0.05,0.0053,60,2.0919683609672006,2007.444485516441,2144.732259921072,0.5469632446399633,13.516466401392464,15.970347976775969,2126.070561548675,0.05310348529518764,2.538445909891093,0.860225288357375,1.8557585593154452e-109,4.282688879956171,1986.6546643960555,2169.512190446252,1.1197460961987487,10.948264670205397,13.05080761194955,2025.982297144602,0.29485912865182656,6.8849065836144545,0.9066585330341219,0.006123598631053145,2016.3799999999999,2116.8900000000003,0.013659630053936856,0.9,3.82469641510232,253,0.6077369384888481,1,2.047205378372029,Noise (HM.RMSE) | Noise (HM.MAE) | Noise (HM.SE) | Exaggerated curvature (g-fact) | Intercept (HM),Noise (LM.RMSE) | Noise (LM.MAE),2.0919683609672006,LM,SE | g-fact. > 2 | Intercept (HM),1,3,0.9,0.9,0.056582515211573835,2,0.5,1,0.05,0.014,60
61,Mar_23_61,Mar_23_61_FLM30_stem,FLM30,3/18/23,13:38:26,13:44:26,stem,dead,AVGE,LGR,LGR3,C5,C,NA,NA,115,74.8,32.2,29.4,25.8,NA,sediment,1,2023-03-18T13:38:26.000000Z,2023-03-18,March_2023,70,29,849,1064.6016666666667,213.35,2012.6016666666667,0.07,0.029,1.064601666666667,0.849,2.012601666666667,1.6838839000105108,481.6590020127697,633.2074296623166,0.44312405745481565,2.8892475397445483,3.358972430821816,1815.9052499724507,0.006980884223808657,0.4145704002375153,0.9941393542576467,0,2.2213046410221353,474.0599648534717,824.6175908629108,0.5845495199323405,0.6727921278221026,0.8630228941421737,882.9956318739165,0.00880355433808016,0.3963235917982504,0.999613119157166,0.001667484820075205,476.23,625.261,0.003877579762721304,0.35,3.8000281674668783,344,1.2660687355851876,1,1.3191554601883597,Noise (HM.RMSE) | Noise (HM.MAE),Noise (LM.RMSE) | Noise (LM.MAE),2.2213046410221353,HM,,0,4,0.35,0.35,0.01887073531060172,2,0.5,1,0.05,0.0039,60,0.1039897245897793,1986.90260385648,1996.261609696011,0.027365514150675226,1.8513050710371475,2.380811953154742,1579.1001104478676,0.004947993157409361,4.7581558436935,0.5623298202993818,1.5046967767599625e-63,0.22011251321024408,1985.4226709937711,1997.591202461361,0.057923916221119066,1.8142494373297753,2.30635410596054,1559.2872673307527,0.033587072656173625,15.259047369148151,0.5892772646775787,0.004760140233469888,1987.6100000000001,1994.37,0.009970919389854784,0.9,3.8000281674668783,344,0.03040612683408358,1,2.1166756050037465,Noise (HM.RMSE) | Noise (HM.MAE) | Exaggerated curvature (g-fact),Noise (LM.RMSE) | Noise (LM.MAE),0.1039897245897793,LM,g-fact. > 2 | Intercept,0,4,0.9,0.9,0.048524747941547285,2,0.5,1,0.05,0.01,60
34,Mar_23_34,Mar_23_34_BL60_stem,BL60,3/19/23,11:07:30,11:09:30,stem,alive,RHMA,LGR,LGR3,A4,A,NA,NA,100,4.8,26.1,27.3,22.8,NA,sediment,0,2023-03-19T11:07:30.000000Z,2023-03-19,March_2023,70,29,849,212.53666666666663,40.45,1160.5366666666666,0.07,0.029,0.21253666666666665,0.849,1.1605366666666663,4.709291106170373,530.127504457249,602.0509656731857,0.40634723850811705,1.6188255824179174,1.8441552520521114,733.2207683988505,0.03134168817328128,0.6655287912062957,0.9921772006043142,1.333628165933247e-188,6.264383733424474,526.4053141176774,689.185520743116,0.5405304054567638,0.7044116316475107,0.9112818427704092,482.9505872519604,0.07632705620079232,1.2184288103798446,0.998089827149319,0.00332061505917939,527.421,597.761,0.02278800293239739,0.35,11.589327205619245,179,1.1609921100231917,1,1.3302179865705333,Noise (HM.RMSE) | Noise (HM.MAE) | Noise (HM.SE),Noise (LM.RMSE) | Noise (LM.MAE),6.264383733424474,HM,SE,1,3,0.35,0.35,0.026160228246317755,2,0.5,1,0.05,0.023,60,-0.06664718821345336,2072.303852979774,2071.2859722948574,-0.0057507383328635805,1.7148832263498748,2.038665040396975,769.1188199479972,0.034647410468718096,-51.98630489519165,0.014942838307152817,0.05601147397877267,-0.09816552717749097,2072.3798705291283,2070.4907366910975,-0.008470338738032528,1.7131532342340934,2.03817281912448,771.1251151408746,0.18339447876120357,-186.82167155238923,0.015418451086238516,0.004483715535402048,2074.08,2073.18,0.05859772182616473,0.9,11.589327205619245,179,0.0063897092587373115,1,1.4729132587423295,Noise (HM.RMSE) | Noise (HM.MAE) | Noise (HM.SE),Noise (LM.RMSE) | Noise (LM.MAE) | No detect. flux (p-val.),-0.09816552717749097,HM,SE | AICc | p-value | Intercept,2,2,0.9,0.9,0.06726915834767423,2,0.5,1,0.05,0.059,60
26,Mar_23_26,Mar_23_26_BL60_stem,BL60,3/19/23,13:30:30,13:33:30,stem,CWD,COPE,LGR,LGR3,B3,B,NA,NA,30,12.5,22.8,27.6,22.7,NA,sediment,0,2023-03-19T13:30:30.000000Z,2023-03-19,March_2023,70,29,849,418.99555555555554,107.68,1366.9955555555557,0.07,0.029,0.4189955555555556,0.849,1.3669955555555555,2.602722207596379,520.1047423040042,607.2384653609339,0.5125513120995865,0.6995155266564261,0.8968470685712241,456.8064588552648,0.007096220893971907,0.27264611156967405,0.998730460431645,2.3975486395708923e-248,2.835992118460804,518.8290006077655,1067.1778802227686,0.5584889071829016,0.5342544295701471,0.6932319827426064,370.3160153549198,0.023264289115087846,0.8203227704213164,0.9992414806968971,0.0010184919272106796,518.634,606.138,0.010393513919635894,0.35,5.077973943593538,172,1.464432320284533,1,1.0896253584741378,Noise (HM.RMSE) | Noise (HM.MAE),Noise (LM.RMSE) | Noise (LM.MAE),2.835992118460804,HM,,0,4,0.35,0.35,0.026687249808205814,2,0.5,1,0.05,0.01,60,3.223635808266298,2310.2970966361654,2418.217714877356,0.6348271661246498,1.5663327142908021,1.974295982349639,728.2505959042164,0.015621437468880662,0.4845906423059005,0.99600040642709,5.517841086941477e-206,3.354332463997788,2309.575530803359,3716.9906305126356,0.660565119328679,1.5404624155409723,1.9473216896281278,725.6148743548104,0.06314102636218297,1.8823723360721887,0.9961089506354117,4.693463353243325e-4,2311.08,2416.7999999999997,0.026726178650492302,0.9,5.077973943593538,172,0.7053635179162777,1,1.0405432448033824,Noise (HM.RMSE) | Noise (HM.MAE),Noise (LM.RMSE) | Noise (LM.MAE),3.354332463997788,HM,,0,4,0.9,0.9,0.0686243566496721,2,0.5,1,0.05,0.027,60
27,Mar_23_27,Mar_23_27_BL60_stem,BL60,3/19/23,13:36:45,13:39:45,stem,CWD,COPE,LGR,LGR3,B3,B,NA,NA,60,9,22.6,27.6,22.6,NA,sediment,0,2023-03-19T13:36:45.000000Z,2023-03-19,March_2023,70,29,849,418.99555555555554,107.68,1366.9955555555557,0.07,0.029,0.4189955555555556,0.849,1.3669955555555555,1.0448520589071455,523.3214044744552,564.286618147901,0.20585534509269213,0.8486817287666018,1.0413151316822604,592.8098722786822,0.0064952780443547405,0.6216457142409638,0.9923301166123976,1.1843855289822801e-212,1.3540907145560661,521.4127062895639,621.1013891530536,0.266781128443487,0.5177519531663676,0.6412469908860936,399.99246079738043,0.01940806047642128,1.4332910098112697,0.9970914597197036,0.002676142574867882,520.734,562.754,0.008882407703643427,0.35,5.075661544939101,201,0.5881581288362632,1,1.295964058272868,Noise (HM.RMSE) | Noise (HM.MAE),Noise (LM.RMSE) | Noise (LM.MAE),1.3540907145560661,HM,,0,4,0.35,0.35,0.024687096555050938,2,0.5,1,0.05,0.0089,60,0.0390674143834715,2225.587570011851,2227.119274873075,0.007697009352884312,1.6323466217340683,2.0353007943662766,862.2138523848175,0.012695335121029452,32.49596964983828,0.04062845385732239,0.0023830758153992717,0.08681302013527131,2225.315218774242,2227.315139151742,0.017103784278491112,1.6255661891842301,2.030975458602476,863.4408840268793,0.09089508357961487,104.70213274228098,0.044701753281851,0.008552232614315902,2224.05,2224.2999999999997,0.022840476952225956,0.9,5.075661544939101,201,0.008552232614315902,1,2.2221337527778613,Noise (HM.RMSE) | Noise (HM.MAE) | Exaggerated curvature (g-fact),Noise (LM.RMSE) | Noise (LM.MAE),0.0390674143834715,LM,AICc | g-fact. > 2 | Intercept,1,3,0.9,0.9,0.06348110542727385,2,0.5,1,0.05,0.023,60
28,Mar_23_28,Mar_23_28_BL60_stem,BL60,3/19/23,13:49:30,13:52:30,stem,CWD,RHMA,LGR,LGR3,B3,B,NA,NA,60,9,25.5,26.6,22.7,NA,sediment,0,2023-03-19T13:49:30.000000Z,2023-03-19,March_2023,70,29,849,418.99555555555554,107.68,1366.9955555555557,0.07,0.029,0.4189955555555556,0.849,1.3669955555555555,2.590014665756536,599.9850406628829,755.7353606316157,0.5089879737540288,1.6992332365820877,2.0112947080248844,1314.8279065411252,0.006589412127319842,0.2544160160342217,0.9980103466708394,0,3.034710138479353,595.6854073991094,1162.22713415966,0.5963792347346542,0.5862804460010895,0.7354958473211525,695.179574526164,0.01087418825844892,0.35832708107990213,0.9997339358008235,0.0010526660377598532,595.105,751.171,0.005801287263786154,0.35,5.088557685663855,309,1.4542513535829396,1,1.1716961214939385,Noise (HM.RMSE) | Noise (HM.MAE),Noise (LM.RMSE) | Noise (LM.MAE),3.034710138479353,HM,,0,4,0.35,0.35,0.0199108043396001,2,0.5,1,0.05,0.0058,60,0.12240982408930598,2191.6767939012802,2199.0378986553555,0.024055897889135622,1.5338976911526931,1.9278956560673937,1288.655870040845,0.00631617980478504,5.159863476461638,0.5487829451681892,3.29592678291546e-55,0.16666544773083072,2191.2631849390573,2206.965078919943,0.03275298385638473,1.5372360460668413,1.9206694891222846,1288.388011690189,0.03179253771079154,19.075662138523974,0.5521591228147362,0.002085925678536321,2188.34,2200.1400000000003,0.014917595821164396,0.9,5.088557685663855,309,0.026728775432372915,1,1.3615365349209012,Noise (HM.RMSE) | Noise (HM.MAE),Noise (LM.RMSE) | Noise (LM.MAE),0.16666544773083072,HM,Intercept,0,4,0.9,0.9,0.051199211158971684,2,0.5,1,0.05,0.015,60
29,Mar_23_29,Mar_23_29_BL60_root,BL60,3/19/23,11:30:30,11:33:30,root,alive,RHMA,LGR,LGR3,HB,HB,NA,NA,5,3,25.2,26.7,9,NA,sediment,0,2023-03-19T11:30:30.000000Z,2023-03-19,March_2023,70,29,849,-102.25442819204028,273.62203871264876,845.7455718079598,0.07,0.029,-0.10225442819204028,0.849,0.8457455718079597,0.5446659507915724,672.5999977509111,776.7296630620683,0.4356889761973104,2.165485666641572,2.6124643006059616,1152.8913238638684,0.0030505800027156383,0.5600827439795305,0.9925274041963785,2.3825624368955773e-256,0.7441460440728348,666.6721874101333,887.1497373174604,0.5952570150790277,0.5936038445812382,0.7457029903565795,550.6656194741548,0.004399174131192343,0.5911708012468806,0.9993911609046375,0.0026998531838240717,666.477,771.883,0.0018230998601427237,0.35,1.250125618383582,241,1.2448256462780298,1,1.3662430026906482,Noise (HM.RMSE) | Noise (HM.MAE),Noise (LM.RMSE) | Noise (LM.MAE),0.7441460440728348,HM,,0,4,0.35,0.35,0.022545481924029078,2,0.5,1,0.05,0.0018,60,1.2941178603191783,2325.0110124042967,2572.42148385452,1.0351902571139038,3.654439484104181,4.571164362955474,1422.5577938463118,0.005337758143345303,0.4124630612878499,0.9959335181762157,6.2822794156470925e-288,1.5935906749883078,2315.9082096282946,3031.9026325983073,1.27474443492233,1.767940512174197,2.2954316401597374,1092.601740416625,0.012524872841027315,0.7859529449818856,0.9989745986421446,0.0017803831901854338,2318.52,2562.9300000000003,0.004687971068938433,0.9,1.250125618383582,241,1.1502113967932264,1,1.2314107732005708,Noise (HM.RMSE) | Noise (HM.MAE),Noise (LM.RMSE) | Noise (LM.MAE),1.5935906749883078,HM,,0,4,0.9,0.9,0.05797409637607478,2,0.5,1,0.05,0.0047,60
30,Mar_23_30,Mar_23_30_BL60_stem,BL60,3/19/23,11:08:00,11:11:00,stem,alive,RHMA,LGR,LGR3,A4,A,NA,NA,75,8,23.7,26.7,22.5,NA,sediment,0,2023-03-19T11:08:00.000000Z,2023-03-19,March_2023,70,29,849,212.53666666666663,40.45,1160.5366666666666,0.07,0.029,0.21253666666666665,0.849,1.1605366666666663,4.495913450337225,538.959322510936,606.7213079004241,0.38721134508278937,1.5969252206317412,1.8750268457504164,730.9755029550688,0.03244207688105894,0.7215903339648488,0.9909185619809692,8.012136399310747e-181,6.187213818804377,534.9980848640138,676.2325184265018,0.5328748899546467,0.6499017179648682,0.8448467115121211,450.8523724942115,0.07408944732082094,1.1974605935816527,0.9981562778259426,0.003772981393513223,534.784,603.144,0.02309006977362924,0.35,11.611006514739275,177,1.1063181288079698,1,1.376186149299714,Noise (HM.RMSE) | Noise (HM.MAE) | Noise (HM.SE),Noise (LM.RMSE) | Noise (LM.MAE),6.187213818804377,HM,SE,1,3,0.35,0.35,0.026307610980099008,2,0.5,1,0.05,0.023,60,-0.07705317032878578,2072.307115687105,2071.1457775386493,-0.006636217991176969,1.6932246084861207,2.034104252924965,759.8026342872822,0.03519446492568475,-45.67555724898796,0.021097979314442905,0.02989458318030725,-0.14592480018441054,2072.4729171416047,2070.768479548634,-0.01256779935479067,1.6900921002246174,2.031265274101833,761.4020447594033,0.2204936478321276,-151.10087356877082,0.023828559848074526,0.007373575545752188,2070.9,2071.2999999999997,0.059374465132189476,0.9,11.611006514739275,177,0.007373575545752188,1,1.8938195477454023,Noise (HM.RMSE) | Noise (HM.MAE) | Noise (HM.SE),Noise (LM.RMSE) | Noise (LM.MAE),-0.14592480018441054,HM,SE | AICc | Intercept,2,2,0.9,0.9,0.0676481425202546,2,0.5,1,0.05,0.059,60
31,Mar_23_31,Mar_23_31_BL60_stem,BL60,3/19/23,11:16:00,11:19:00,stem,alive,RHMA,LGR,LGR3,A4,A,NA,NA,110,8,24.1,26.7,22.5,NA,sediment,0,2023-03-19T11:16:00.000000Z,2023-03-19,March_2023,70,29,849,212.53666666666663,40.45,1160.5366666666666,0.07,0.029,0.21253666666666665,0.849,1.1605366666666663,2.223129030364391,596.1535405945998,653.204189121775,0.19144512928582294,2.0007356565399697,2.3254444756282635,1363.790916852757,0.018152231000318157,0.8165172040123483,0.9804539927196674,6.600508662301223e-257,3.6122665657062374,590.8069332891959,681.4032671879501,0.3110709411109326,0.6401295477524575,0.8158098898366642,737.354355561345,0.03654983426161841,1.0118255006042867,0.9975943965433255,0.0034335930354374984,590.756,647.787,0.013593059074625782,0.35,11.612356180894597,300,0.5469860836737799,1,1.6248569095038778,Noise (HM.RMSE) | Noise (HM.MAE) | Noise (HM.SE),Noise (LM.RMSE) | Noise (LM.MAE),3.6122665657062374,HM,SE,1,3,0.35,0.35,0.020207259421636897,2,0.5,1,0.05,0.014,60,0.29587772550298613,2054.6425926058478,2062.235501471747,0.025479559952680697,1.5506544193911531,2.0147243940867057,1277.733646353255,0.01572677524091706,5.31529543637726,0.5413777371570963,1.367488467819292e-52,0.4872069883733978,2053.905992437612,2065.802009824418,0.0419559115121686,1.5526972054902035,1.9904911203378493,1272.5275545995585,0.09001956220062994,18.4766566056804,0.5523440800493189,0.0035268872050155937,2056.2,2062.36,0.03495358047760915,0.9,11.612356180894597,300,0.02831062216964522,1,1.646649769073207,Noise (HM.RMSE) | Noise (HM.MAE),Noise (LM.RMSE) | Noise (LM.MAE),0.4872069883733978,HM,Intercept,0,4,0.9,0.9,0.05196152422706631,2,0.5,1,0.05,0.035,60
32,Mar_23_32,Mar_23_32_BL60_root,BL60,3/19/23,11:41:00,11:44:00,root,alive,RHMA,LGR,LGR3,HB,HB,NA,NA,15,3,25.3,27.3,22.8,NA,sediment,0,2023-03-19T11:41:00.000000Z,2023-03-19,March_2023,70,29,849,-102.25442819204028,273.62203871264876,845.7455718079598,0.07,0.029,-0.10225442819204028,0.849,0.8457455718079597,0.3376411744161248,728.9520925439763,806.6955141380923,0.2708830020700907,2.6327844812409382,3.2568343814928293,1508.707462859159,0.0028866471017692063,0.8549452260261267,0.9793817181433784,3.593828715282159e-244,0.5661985468016266,721.1195156658428,840.2939127386611,0.45425017369570747,0.6570379399846226,0.833152954359425,722.7803330371399,0.004341186036094841,0.7667250402915321,0.9986506935346925,0.0038116423061754614,719.261,800.14,0.001514778753170106,0.35,1.2464465168942587,289,0.7739514344859734,1,1.67692387571137,Noise (HM.RMSE) | Noise (HM.MAE),Noise (LM.RMSE) | Noise (LM.MAE) | Intercept (LM),0.5661985468016266,HM,Intercept (LM),0,4,0.35,0.35,0.020588235294117647,2,0.5,1,0.05,0.0015,60,1.2621968545392888,2706.146430070225,2996.77301720642,1.0126361921121774,9.133847489340306,10.842305708951095,2203.8680641234746,0.009609917694646,0.7613644147571332,0.9835785491576875,2.349430838512609e-258,2.0114327920671866,2680.1538183471225,3152.8039068203047,1.6137337341027884,1.6811459903535462,2.069519555859699,1248.6762436967226,0.010375838004945551,0.5158431365873334,0.9994017161263338,0.0034142249699258237,2677.2999999999997,2974.35,0.0038951453652945585,0.9,1.2464465168942587,289,1.1251513245690858,1,1.5935967395524644,Noise (HM.RMSE) | Noise (HM.MAE),Noise (LM.RMSE) | Noise (LM.MAE),2.0114327920671866,HM,,0,4,0.9,0.9,0.052941176470588235,2,0.5,1,0.05,0.0039,60
33,Mar_23_33,Mar_23_33_BL60_stem,BL60,3/19/23,11:53:15,11:56:15,stem,alive,RHMA,LGR,LGR3,A4,A,NA,NA,60,5,26,27.3,22.8,NA,sediment,0,2023-03-19T11:53:15.000000Z,2023-03-19,March_2023,70,29,849,212.53666666666663,40.45,1160.5366666666666,0.07,0.029,0.21253666666666665,0.849,1.1605366666666663,1.3646944351696577,556.9166583353182,578.2850439388357,0.11805737902495876,0.8238323729945222,0.9944201881382447,523.4176513634569,0.016256257758219757,1.1912012930717923,0.9748215802024012,7.152758778123013e-147,2.117396079861724,555.1373621241082,591.1398838389756,0.18317230956915337,0.5248443054200899,0.6661589504785788,378.8771503061101,0.060574490450194245,2.8608011050133824,0.9887008873097134,0.005087763324464898,555.254,575.556,0.02222997322997855,0.35,11.559586079588847,183,0.33730679721416795,1,1.5515532453962788,Noise (HM.RMSE) | Noise (HM.MAE) | Noise (HM.SE),Noise (LM.RMSE) | Noise (LM.MAE),2.117396079861724,HM,SE,1,3,0.35,0.35,0.025872744483410048,2,0.5,1,0.05,0.022,60,0.1663200407390793,2088.430159488293,2091.034398702959,0.014388061959481079,1.1814855458480795,1.5065052663527085,675.4496639380473,0.024627555047726495,14.80732865281213,0.19685300959817353,1.9013272244423893e-10,0.16673168940897345,2088.428993497123,2465.6213640856577,0.014423672981109354,1.1814687332383575,1.5065524803776902,677.551775123568,0.098691254760308,59.19166003184303,0.19680314668831012,3.823956714342881e-5,2088.58,2091.2000000000003,0.05716278830565913,0.9,11.559586079588847,183,0.015986735510534533,1,1.0024750394965327,Noise (HM.RMSE) | Noise (HM.MAE),Noise (LM.RMSE) | Noise (LM.MAE),0.16673168940897345,HM,AICc,1,3,0.9,0.9,0.06652991438591156,2,0.5,1,0.05,0.057,60
36,Mar_23_36,Mar_23_36_BL60_stem,BL60,3/19/23,10:10:45,10:13:45,stem,alive,COPE,LGR,LGR3,A4,A,NA,NA,55,8.5,24.2,26.9,23.9,NA,sediment,0,2023-03-19T10:10:45.000000Z,2023-03-19,March_2023,70,29,849,212.53666666666663,40.45,1160.5366666666666,0.07,0.029,0.21253666666666665,0.849,1.1605366666666663,2.386789700385923,571.6944403316904,603.6822558205694,0.20505009928768564,0.6012176487704955,0.7688511693076865,371.4773349391877,0.015821392624017414,0.6628733407664377,0.993148368940817,6.048138552123231e-171,2.7290318785332195,570.9554576128214,705.5104249091094,0.23445226764721475,0.5548141051614107,0.6955712700864985,341.93112569492763,0.06324042175558874,2.3173207412138677,0.9943921978581971,0.0017424274432838627,572.046,603.369,0.025949115739548768,0.35,11.640031917454733,158,0.5858574265362446,1,1.143390168849798,Noise (HM.RMSE) | Noise (HM.MAE) | Noise (HM.SE),Noise (LM.RMSE) | Noise (LM.MAE),2.7290318785332195,HM,SE,1,3,0.35,0.35,0.02784450494615055,2,0.5,1,0.05,0.026,60,-0.5926479938642154,2173.875180795067,2165.93249750189,-0.050914636494725926,1.658695672104084,2.0878247742164344,687.1552084175286,0.04296318559646956,-7.249359829321059,0.5466140108863364,8.327776289062947e-29,-0.5948240787227398,2173.880223522127,1298.376704918607,-0.05110158485311155,1.6588538144102085,2.088120803822191,689.3056041695487,0.1722710394479675,-28.961678857702516,0.5464864483426324,5.8368223276385696e-5,2173.6,2164.83,0.06672629761598255,0.9,11.640031917454733,158,0.05657181832747326,1,1.0036717999234854,Noise (HM.RMSE) | Noise (HM.MAE) | Noise (HM.SE),Noise (LM.RMSE) | Noise (LM.MAE),-0.5948240787227398,HM,SE | AICc,2,2,0.9,0.9,0.0716001555758157,2,0.5,1,0.05,0.067,60
37,Mar_23_37,Mar_23_37_BL60_stem,BL60,3/19/23,10:19:15,10:22:15,stem,alive,COPE,LGR,LGR3,A4,A,NA,NA,90,7.5,24.5,26.9,23.9,NA,sediment,0,2023-03-19T10:19:15.000000Z,2023-03-19,March_2023,70,29,849,212.53666666666663,40.45,1160.5366666666666,0.07,0.029,0.21253666666666665,0.849,1.1605366666666663,1.8833861022049454,560.2381135949262,590.1765631031758,0.16182945680134922,0.7843763550270494,0.9796413394815634,529.1214448044177,0.015560254056570785,0.8261850312240202,0.987462303373296,4.355549690844415e-178,2.0008272708651607,559.9351744691097,820.4779327637067,0.17192055841251005,0.7834592788867947,0.9694389883718838,527.2946778866207,0.06417971324713577,3.20765886099625,0.987722088063766,6.598554476732707e-4,559.016,590.096,0.021899635433183268,0.35,11.638091973063108,187,0.4623698765752835,1,1.06235639549571,Noise (HM.RMSE) | Noise (HM.MAE) | Noise (HM.SE),Noise (LM.RMSE) | Noise (LM.MAE),2.0008272708651607,HM,SE,1,3,0.35,0.35,0.02559453484444957,2,0.5,1,0.05,0.022,60,0.06367351985069908,2107.9625858092872,2108.974744950119,0.005471130490983774,1.7193301107229375,2.0666404627033437,808.3098561226153,0.03282573871399821,51.55320263583294,0.014635343836805204,0.053931526510101344,0.1070879130928107,2107.8646296753395,2109.378274939643,0.009201500842291892,1.7204414683157208,2.0665780529467206,810.3871943349353,0.19463934219896967,181.7565928568242,0.01469485630732692,0.006079033878870859,2109.93,2108.3500000000004,0.056313348256756976,0.9,11.638091973063108,187,0.006079033878870859,1,1.6818280714480554,Noise (HM.RMSE) | Noise (HM.MAE) | Noise (HM.SE),Noise (LM.RMSE) | Noise (LM.MAE) | No detect. flux (p-val.),0.1070879130928107,HM,SE | AICc | p-value | Intercept,2,2,0.9,0.9,0.06581451817144175,2,0.5,1,0.05,0.056,60
38,Mar_23_38,Mar_23_38_BL60_stem,BL60,3/19/23,10:32:30,10:35:30,stem,alive,COPE,LGR,LGR3,B3,B,NA,NA,25,9.5,24.4,27.3,23.1,NA,sediment,0,2023-03-19T10:32:30.000000Z,2023-03-19,March_2023,70,29,849,418.99555555555554,107.68,1366.9955555555557,0.07,0.029,0.4189955555555556,0.849,1.3669955555555555,NA,NA,NA,NA,NA,NA,NA,NA,NA,NA,NA,NA,NA,NA,NA,NA,NA,NA,NA,NA,NA,NA,1075.55,926.682,0.8984988812984148,0.35,5.134279321705228,2,NA,1,NA,HM.flux is NA,LM.flux is NA,NA,NA,fluxes are NA,NA,NA,0.35,0.35,0.2474873734152916,2,0.5,1,0.05,0.9,60,NA,NA,NA,NA,NA,NA,NA,NA,NA,NA,NA,NA,NA,NA,NA,NA,NA,NA,NA,NA,NA,NA,2180.16,2167.27,2.3104256947673525,0.9,5.134279321705228,2,NA,1,NA,HM.flux is NA,LM.flux is NA,NA,NA,fluxes are NA,NA,NA,0.9,0.9,0.6363961030678927,2,0.5,1,0.05,2.3,60
39,Mar_23_39,Mar_23_39_BL60_stem,BL60,3/19/23,10:42:00,10:45:00,stem,alive,COPE,LGR,LGR3,A4,A,NA,NA,75,5,24.9,27.3,23.1,NA,sediment,0,2023-03-19T10:42:00.000000Z,2023-03-19,March_2023,70,29,849,212.53666666666663,40.45,1160.5366666666666,0.07,0.029,0.21253666666666665,0.849,1.1605366666666663,3.5328977454934702,540.7986504452062,597.7592226494659,0.3046019903971103,1.002053655622494,1.2260412958567606,619.5213119747441,0.019174837227010064,0.5427509825742706,0.9944922621596781,2.1431375330441352e-213,4.474271073160905,538.4029395334009,687.314508337128,0.38576601210705636,0.524261350367284,0.6551146163068297,384.70291966719753,0.04887393747785074,1.0923329561103934,0.9984274746991925,0.002590571136991479,538.385,594.287,0.021592778303957217,0.35,11.598406631839877,189,0.8702914011346008,1,1.2664592624760342,Noise (HM.RMSE) | Noise (HM.MAE) | Noise (HM.SE),Noise (LM.RMSE) | Noise (LM.MAE),4.474271073160905,HM,SE,1,3,0.35,0.35,0.025458753860865775,2,0.5,1,0.05,0.022,60,-0.11967250027063124,2119.450447295503,2117.5209790279246,-0.010318012126088683,1.794336288155365,2.2979964921821834,856.9987280999211,0.03593982424143516,-30.031815296045195,0.0509248598272265,0.0010469157247042008,-0.3881133223816708,2120.2010547605582,2117.282238914365,-0.0334626414387149,1.7616293231692632,2.252213367012407,851.4794414676692,0.2901013523434885,-74.74655870179141,0.0883651095221265,0.011464457917876314,2119.9,2120.65,0.05552428706731856,0.9,11.598406631839877,189,0.011464457917876314,1,3.2431287179926787,Noise (HM.RMSE) | Noise (HM.MAE) | Noise (HM.SE) | Exaggerated curvature (g-fact),Noise (LM.RMSE) | Noise (LM.MAE),-0.11967250027063124,LM,SE | g-fact. > 2 | Intercept,1,3,0.9,0.9,0.06546536707079771,2,0.5,1,0.05,0.056,60
40,Mar_23_40,Mar_23_40_BL60_stem,BL60,3/19/23,12:24:30,12:27:30,stem,alive,COPE,LGR,LGR3,C5,C,NA,NA,25,20.5,25.3,26.8,23,NA,sediment,0,2023-03-19T12:24:30.000000Z,2023-03-19,March_2023,70,29,849,1064.6016666666667,213.35,2012.6016666666667,0.07,0.029,1.064601666666667,0.849,2.012601666666667,0.9540709858056637,1196.1155440443563,1241.0206163179844,0.2508663255509951,0.9288539215691339,1.163337230777895,574.5593350366069,0.006372668281716908,0.6679448779521913,0.9920329192095579,5.325402806312291e-190,1.1781675238316716,1194.4425517768852,1322.9003418500515,0.3097909505523622,0.723522366100322,0.9155292295069816,489.9354400886435,0.023448143387021822,1.9902215018423757,0.9950656222320795,0.0024116166904001165,1193.08,1238.3,0.007394926456872556,0.35,3.803105034963029,181,0.7167609301457002,1,1.2348845540426636,Noise (HM.RMSE) | Noise (HM.MAE),Noise (LM.RMSE) | Noise (LM.MAE),1.1781675238316716,HM,,0,4,0.35,0.35,0.02601529511865082,2,0.5,1,0.05,0.0074,60,0.08576949541083341,2116.188426460678,2120.225322506776,0.02255249187764471,1.591155453105179,1.9867826673785192,768.3103443179368,0.01088343650671427,12.689169330637801,0.2534404164622238,3.0585044453929864e-13,0.08601651667337726,2116.1862954106164,2630.192302409218,0.022617444399405984,1.5910876526092745,1.9868665396166683,770.4173053701863,0.04352853267576577,50.604853996881474,0.2533781180310344,4.4002295870965406e-5,2114.95,2120.04,0.019015525174815143,0.9,3.803105034963029,181,0.025058324308494122,1,1.002880059645456,Noise (HM.RMSE) | Noise (HM.MAE),Noise (LM.RMSE) | Noise (LM.MAE),0.08601651667337726,HM,AICc | Intercept,1,3,0.9,0.9,0.06689647316224498,2,0.5,1,0.05,0.019,60
41,Mar_23_41,Mar_23_41_BL60_stem,BL60,3/19/23,12:37:30,12:40:30,stem,alive,COPE,LGR,LGR3,B3,B,NA,NA,66,15.5,25.2,26.8,23,NA,sediment,0,2023-03-19T12:37:30.000000Z,2023-03-19,March_2023,70,29,849,418.99555555555554,107.68,1366.9955555555557,0.07,0.029,0.4189955555555556,0.849,1.3669955555555555,3.6869276452974127,544.9620296091317,706.4791358491873,0.7210585100002481,0.9903391708564647,1.1925374613223099,727.0580026585751,0.006283853574136536,0.17043604265333062,0.9993468350942994,0,3.998402793141803,542.7289122902603,1614.2218802369644,0.7819742174981277,0.5162049191024927,0.6612810041834568,462.60467531059794,0.014767476389574945,0.3693343855927828,0.9997991596931926,7.297987396003359e-4,544.45,704.115,0.007953890983925533,0.35,5.113215632523557,226,2.060167171429281,1,1.0844809494001515,Noise (HM.RMSE) | Noise (HM.MAE),Noise (LM.RMSE) | Noise (LM.MAE),3.998402793141803,HM,,0,4,0.35,0.35,0.023281653683320875,2,0.5,1,0.05,0.008,60,0.09973987473619654,2165.1782850950535,2169.54769439569,0.019506291520698354,1.5137118338468312,1.8922567222047804,935.74043277821,0.009970893621929369,9.99689807943065,0.30568859263200043,1.0344922135258571e-19,0.10712925195807037,2165.125188926665,2197.738599015476,0.020951444190355453,1.5136053882725211,1.8921015829772572,937.776260794472,0.041950320904376795,39.158605271318294,0.3058024360854066,6.424180768984766e-4,2162.87,2168.98,0.02045286253009423,0.9,5.113215632523557,226,0.02167365724522039,1,1.074086489896023,Noise (HM.RMSE) | Noise (HM.MAE),Noise (LM.RMSE) | Noise (LM.MAE),0.10712925195807037,HM,AICc | Intercept,1,3,0.9,0.9,0.05986710947139654,2,0.5,1,0.05,0.02,60
42,Mar_23_42,Mar_23_42_BL60_stem,BL60,3/19/23,12:48:00,12:51:00,stem,alive,COPE,LGR,LGR3,B3,B,NA,NA,108,14.5,24.4,26.8,23,NA,sediment,0,2023-03-19T12:48:00.000000Z,2023-03-19,March_2023,70,29,849,418.99555555555554,107.68,1366.9955555555557,0.07,0.029,0.4189955555555556,0.849,1.3669955555555555,3.2020736196017556,660.7476184976106,897.0634921737286,0.6268325561700744,1.570520365554101,1.8806000351614693,1564.4661941266988,0.004523546344936983,0.1412692799205404,0.9992441995933673,0,3.5276411362357383,656.8541435177092,1984.7801645488767,0.6905651066674623,0.5667928498215896,0.7034133674180367,819.1239300136618,0.007230198152794126,0.204958437481804,0.9998942609325406,5.200328148786642e-4,656.98,893.189,0.004729944148447028,0.35,5.108339680322791,380,1.790950160485927,1,1.1016739635969,Noise (HM.RMSE) | Noise (HM.MAE),Noise (LM.RMSE) | Noise (LM.MAE),3.5276411362357383,HM,,0,4,0.35,0.35,0.017954621161490197,2,0.5,1,0.05,0.0047,60,0.07716878635370635,2210.0587903221353,2215.753915211228,0.015106432066559468,1.549369407615737,1.893844266001758,1569.7997775349338,0.004555403672858338,5.903168739726521,0.43004560295065275,2.696615029047262e-48,0.0822771347310089,2209.997242765341,2256.9401769234823,0.016106433769065624,1.548300237612271,1.8936226879411497,1571.7536899018648,0.01899320921377463,23.084431994222573,0.43017896409311096,3.4310666893565495e-4,2209.17,2217.21,0.012162713524578074,0.9,5.108339680322791,380,0.016784924518399406,1,1.0661970806938472,Noise (HM.RMSE) | Noise (HM.MAE),Noise (LM.RMSE) | Noise (LM.MAE),0.0822771347310089,HM,AICc | Intercept,1,3,0.9,0.9,0.04616902584383194,2,0.5,1,0.05,0.012,60
35,Mar_23_35,Mar_23_35_BL60_stem,BL60,3/19/23,09:54:30,09:57:30,stem,alive,COPE,LGR,LGR3,B3,B,NA,NA,20,11,23,26.9,23.9,NA,sediment,0,2023-03-19T09:54:30.000000Z,2023-03-19,March_2023,70,29,849,418.99555555555554,107.68,1366.9955555555557,0.07,0.029,0.4189955555555556,0.849,1.3669955555555555,1.2834708312554994,637.8740807189541,671.2413415032679,0.2490094088381628,0.7235914237816191,0.8985960884900055,360.42776855491866,0.010305706155488948,0.8029560083892082,0.9914339614821104,1.4274502595702756e-139,1.3581692845436728,637.5564409772236,947.8697849554791,0.2635018439145548,0.7056572948859883,0.8864905506438555,358.89019684479854,0.04229090046187815,3.113816587016054,0.9916632035748796,8.49147640692561e-4,637.366,670.165,0.013363017025932135,0.35,5.154306567145252,135,0.7114554538233223,1,1.058200351320102,Noise (HM.RMSE) | Noise (HM.MAE) | Noise (HM.SE),Noise (LM.RMSE) | Noise (LM.MAE),1.3581692845436728,HM,SE,1,3,0.35,0.35,0.030123203803835465,2,0.5,1,0.05,0.013,60,1.6730984204269141,2359.756107843137,2403.252781045752,0.3246020388254809,2.1230305314386695,2.6374365552223313,651.14461984976106,0.030247901687999155,1.8078973310058464,0.9580268183108979,1.1470811726833422e-93,2.0879851187644647,2358.0519299373013,2477.7603890658493,0.4050952522059451,2.015803120847731,2.529502525039786,641.9872125791945,0.13650140058949076,6.5374699926148665,0.9613919307768946,0.0033840152580273124,2354.97,2401.75,0.03436204378096835,0.9,5.154306567145252,135,0.3606689320283121,1,1.2479750702482204,Noise (HM.RMSE) | Noise (HM.MAE),Noise (LM.RMSE) | Noise (LM.MAE) | Intercept (LM),2.0879851187644647,HM,Intercept (LM),0,4,0.9,0.9,0.07745966692414834,2,0.5,1,0.05,0.034,60
1,Mar_23_1,Mar_23_1_MI_stem,MI,3/20/23,14:44:00,14:47:00,stem,dead,AVGE,LGR,LGR3,C2,C,NA,NA,10,16,33.7,26.8,22.3,NA,sediment,0,2023-03-20T14:44:00.000000Z,2023-03-20,March_2023,70,29,849,1064.6016666666667,213.35,2012.6016666666667,0.07,0.029,1.064601666666667,0.849,2.012601666666667,0.8595558110981687,509.851927276974,578.1080383905319,0.2290473527300602,0.9262691506520476,1.1398307556683347,939.0714395199578,0.00286224874660959,0.33299161144088835,0.9966844901863672,0,0.9932021905323735,508.1336869827088,777.6813432299382,0.2646603391308533,0.6550796168808531,0.8587149501708532,770.6405448911981,0.009609167284477813,0.9674935653662959,0.9981182253084754,9.81868448850865e-4,508.735,577.19,0.004392842779687084,0.35,3.7527428317898237,301,0.654421007800172,1,1.1554830735929271,Noise (HM.RMSE) | Noise (HM.MAE),Noise (LM.RMSE) | Noise (LM.MAE),0.9932021905323735,HM,,0,4,0.35,0.35,0.020173664619648222,2,0.5,1,0.05,0.0044,60,0.5532866597882415,2093.1509673969417,2137.086678424137,0.14743527190333966,2.089957265128944,2.6730844894887347,1452.1880982475295,0.006712428745734753,1.213191864828946,0.9577062268560073,1.2149861698361111e-207,0.5864072916403745,2092.7175195845753,2491.8686187701333,0.1562609850781315,2.0930085109275285,2.6662170728545944,1452.6938380773918,0.02797276455538965,4.770193848910133,0.9579232614214369,3.914832889023027e-4,2086.23,2139.44,0.011295881433481075,0.9,3.7527428317898237,301,0.16381696878148852,1,1.059861612902088,Noise (HM.RMSE) | Noise (HM.MAE),Noise (LM.RMSE) | Noise (LM.MAE),0.5864072916403745,HM,AICc | Intercept,1,3,0.9,0.9,0.05187513759338115,2,0.5,1,0.05,0.011,60
2,Mar_23_2,Mar_23_2_MI_stem,MI,3/20/23,14:51:00,14:54:00,stem,dead,AVGE,LGR,LGR3,C2,C,NA,NA,60,14,39.3,26.8,22.3,NA,sediment,0,2023-03-20T14:51:00.000000Z,2023-03-20,March_2023,70,29,849,1064.6016666666667,213.35,2012.6016666666667,0.07,0.029,1.064601666666667,0.849,2.012601666666667,1.2114923681601317,475.92713483870966,515.6704941935484,0.32311674272226565,0.6649020925864815,0.8343098917969505,313.171463794871,0.007912099389139766,0.6530870187119467,0.9947809286014361,2.6055799316830008e-141,1.3708803569404808,475.0842638322977,654.7094026014125,0.3656270623225226,0.5633234867216549,0.7427949913622286,286.4937629629229,0.03079664782074241,2.2464869136701404,0.9958630870159405,0.0020355005141707338,474.078,514.214,0.010582970357152487,0.35,3.74939521224831,124,0.9231906934921876,1,1.1315633453163294,Noise (HM.RMSE) | Noise (HM.MAE),Noise (LM.RMSE) | Noise (LM.MAE),1.3708803569404808,HM,,0,4,0.35,0.35,0.03143092785468561,2,0.5,1,0.05,0.011,60,0.36422704776003045,2062.2501483870965,2074.1987225806447,0.09714287962234398,1.9028287124691918,2.3937178231922,574.562993733063,0.022700597838844122,6.232540383382049,0.6758348977204655,7.602211542888724e-32,0.3667491521535619,2062.235864881207,2841.028652742438,0.09781554927991766,1.9035450460196297,2.3941226048410176,576.7410618521998,0.09102465728141562,24.819323165961293,0.675726484873568,1.2559894082807925e-4,2060.29,2071.72,0.02721335234696354,0.9,3.74939521224831,124,0.10793653291371554,1,1.006924538990287,Noise (HM.RMSE) | Noise (HM.MAE),Noise (LM.RMSE) | Noise (LM.MAE),0.3667491521535619,HM,AICc | Intercept,1,3,0.9,0.9,0.08082238591204871,2,0.5,1,0.05,0.027,60
3,Mar_23_3,Mar_23_3_MI_stem,MI,3/20/23,14:56:45,14:59:45,stem,dead,AVGE,LGR,LGR3,B3,B,NA,NA,110,14,38,26.8,22.3,NA,sediment,0,2023-03-20T14:56:45.000000Z,2023-03-20,March_2023,70,29,849,418.99555555555554,107.68,1366.9955555555557,0.07,0.029,0.4189955555555556,0.849,1.3669955555555555,2.287862169528798,455.22435531920706,590.3769714403372,0.453532268862853,1.3429108270746106,1.6274973714621204,1153.4819800434127,0.005498283436974017,0.240324068040621,0.9982703171816019,0,2.6327029706655876,451.93608221366634,998.0273621401685,0.5218914703125903,0.6191170967595101,0.773968173155376,708.088967356672,0.011644539630711277,0.44230358534397674,0.999608824105734,9.55685412854113e-4,452.969,587.288,0.005904981218345481,0.35,5.044541097957997,301,1.2958064824652946,1,1.1507262132000775,Noise (HM.RMSE) | Noise (HM.MAE),Noise (LM.RMSE) | Noise (LM.MAE),2.6327029706655876,HM,,0,4,0.35,0.35,0.020173664619648222,2,0.5,1,0.05,0.0059,60,0.11868348181827076,2043.5373664347499,2050.5484457172956,0.023527111686395655,1.606338156083209,1.987337711103152,1273.7329425417947,0.006713956171133918,5.657026629379133,0.5093878177188599,2.2737685731336068e-48,0.16167786671847348,2043.1417130373386,2058.099799554363,0.03205006433269417,1.5956983052799403,1.980245118103037,1273.6349538320567,0.03381190757732807,20.91313317252267,0.5128834522573373,0.002142658039597289,2043.14,2051.18,0.015184237418602666,0.9,5.044541097957997,301,0.026141235207106286,1,1.3622608996763013,Noise (HM.RMSE) | Noise (HM.MAE),Noise (LM.RMSE) | Noise (LM.MAE),0.16167786671847348,HM,,0,4,0.9,0.9,0.05187513759338115,2,0.5,1,0.05,0.015,60
5,Mar_23_5,Mar_23_5_MI_stem,MI,3/20/23,15:17:00,15:20:00,stem,dead,AVGE,LGR,LGR3,B3,B,NA,NA,60,23.5,23.7,25.9,22.6,NA,sediment,1,2023-03-20T15:17:00.000000Z,2023-03-20,March_2023,70,29,849,418.99555555555554,107.68,1366.9955555555557,0.07,0.029,0.4189955555555556,0.849,1.3669955555555555,2.7279877497670495,455.93435079433266,528.6815903821386,0.5388684413911544,1.0404841802843754,1.2534209776534322,453.5715331262707,0.013962643403296999,0.5118294026243082,0.9964757847593092,1.884380590001739e-166,3.2559335544713615,453.6887685390735,694.5923225042627,0.6431553220577941,0.620034288261663,0.7675616100977785,322.302688655253,0.038913547613409316,1.1951579159215175,0.9986784153140753,0.0026697626974433544,454.582,526.245,0.013028331536422688,0.35,5.062437397009959,136,1.5396241182604413,1,1.19352938984033,Noise (HM.RMSE) | Noise (HM.MAE) | Noise (HM.SE),Noise (LM.RMSE) | Noise (LM.MAE),3.2559335544713615,HM,SE,1,3,0.35,0.35,0.030012252399939043,2,0.5,1,0.05,0.013,60,0.02022885836933891,2042.2753520824401,2042.8147949763857,0.003995873288484858,1.7722786224838554,2.167323090845303,602.5231428138793,0.02414317296161581,119.35015076387043,-0.0022120878735627514,0.4035953243120929,NA,NA,NA,NA,NA,NA,NA,NA,NA,NA,NA,2043.6000000000001,2042.3200000000002,0.0335014239508012,0.9,5.062437397009959,136,0.00443985920942762,1,NA,HM.flux is NA,NA,0.02022885836933891,LM,HM.flux is NA,NA,NA,0.9,0.9,0.07717436331412897,2,0.5,1,0.05,0.034,60
6,Mar_23_6,Mar_23_6_MI_stem,MI,3/20/23,15:11:00,15:14:00,stem,dead,AVGE,LGR,LGR3,B3,B,NA,NA,104,15.5,23,25.9,22.6,NA,sediment,1,2023-03-20T15:11:00.000000Z,2023-03-20,March_2023,70,29,849,418.99555555555554,107.68,1366.9955555555557,0.07,0.029,0.4189955555555556,0.849,1.3669955555555555,0.9510507021332252,500.146938278488,539.4448274226306,0.18802817772317032,2.291098124363031,2.7537537155904173,1032.3792197134835,0.015924231339507704,1.6743830064779242,0.9443840492093979,2.5721486499358832e-133,2.107600612775157,493.4934353304106,543.4818031771681,0.41668472742774654,0.7460050965415423,0.9435834652198652,582.480503892961,0.03961446536253687,1.879600201405095,0.993470050572403,0.008335633775944032,493.176,534.195,0.008430037044176749,0.35,5.05802222650605,211,0.5372233649233439,1,2.2160759758105093,Noise (HM.RMSE) | Noise (HM.MAE) | Noise (HM.SE) | Exaggerated curvature (g-fact),Noise (LM.RMSE) | Noise (LM.MAE) | Intercept (LM),0.9510507021332252,LM,SE | g-fact. > 2 | Intercept (LM),1,3,0.35,0.35,0.024094993678752997,2,0.5,1,0.05,0.0084,60,-0.03846418282311339,2045.7052194961452,2044.1158602861553,-0.00760458952148248,1.8283619034002112,2.3195936704909146,959.9754389878758,0.013413598323419994,-34.87295800642792,0.03325087741163735,0.004560415708608582,-0.038426115299303155,2045.7050060667189,609.421943804012,-0.0075970633537225316,1.8282565344188588,2.3196137433771473,962.057323528748,0.04972214256409413,-129.396745356135,0.03323434743171294,5.2893914530706704e-6,2046.5,2040.01,0.02167723811359736,0.9,5.05802222650605,211,0.00844954391275831,1,0.9990103124253206,Noise (HM.RMSE) | Noise (HM.MAE),Noise (LM.RMSE) | Noise (LM.MAE),-0.038426115299303155,HM,AICc | Intercept,1,3,0.9,0.9,0.06195855517393628,2,0.5,1,0.05,0.022,60
7,Mar_23_7,Mar_23_7_MI_stem,MI,3/20/23,15:29:30,15:32:30,stem,dead,AVGE,LGR,LGR3,B3,B,NA,NA,11,20.5,37,25.7,21.6,NA,sediment,0,2023-03-20T15:29:30.000000Z,2023-03-20,March_2023,70,29,849,418.99555555555554,107.68,1366.9955555555557,0.07,0.029,0.4189955555555556,0.849,1.3669955555555555,2.628267982152165,450.1158365202525,552.2315765506185,0.5183540103064261,0.6435276508549636,0.7975575228389677,480.83248858543345,0.005046216319481922,0.19199778537612489,0.9992706392438104,3.447779800917e-311,2.6958736374504175,449.6824480147086,2505.5152515436903,0.5316873776727734,0.6240414290088572,0.7731350071394152,470.5376881005347,0.01990807041487049,0.7384645236450419,0.9993146237718404,2.586238417638315e-4,450.905,551.03,0.008962848090116306,0.35,5.070411205265796,199,1.4810114580183604,1,1.02572251222377,Noise (HM.RMSE) | Noise (HM.MAE),Noise (LM.RMSE) | Noise (LM.MAE),2.6958736374504175,HM,,0,4,0.35,0.35,0.024810842175291753,2,0.5,1,0.05,0.009,60,1.8887384033338017,2066.243707873964,2139.6266053143804,0.37250201746404354,1.7707994707608836,2.303520986800733,902.9672619797667,0.01457457909052907,0.7716568406087132,0.988346702732131,1.216953387535213e-192,1.9145168693896404,2066.0788430089838,4768.986498458631,0.37758611518555907,1.769721751965753,2.3101162718957844,906.1882690360281,0.05896805090144474,3.080048645392407,0.9882799250862211,1.3969626909904364e-4,2068.7799999999997,2142.66,0.023047323660299074,0.9,5.070411205265796,199,0.41389113051560394,1,1.0136485105668087,Noise (HM.RMSE) | Noise (HM.MAE),Noise (LM.RMSE) | Noise (LM.MAE),1.9145168693896404,HM,AICc,1,3,0.9,0.9,0.06379930845075023,2,0.5,1,0.05,0.023,60
8,Mar_23_8,Mar_23_8_MI_stem,MI,3/20/23,15:36:00,15:39:00,stem,dead,AVGE,LGR,LGR3,B3,B,NA,NA,55,13.5,37.1,25.7,21.6,NA,sediment,0,2023-03-20T15:36:00.000000Z,2023-03-20,March_2023,70,29,849,418.99555555555554,107.68,1366.9955555555557,0.07,0.029,0.4189955555555556,0.849,1.3669955555555555,2.191817282289075,461.7482955579728,527.442481905119,0.43219859438912006,1.3208567324802416,1.5754171047470378,583.1852484403278,0.01466876984336867,0.669251491075433,0.9931935068354198,7.897714339273828e-167,2.8197498549595887,458.78962625942444,622.223602578902,0.556018940853359,0.7328745438023454,0.8966578105402019,411.7045852810548,0.04034229703212963,1.4307048180593946,0.9977951158698841,0.003402101285025727,460.781,523.521,0.011601058329128801,0.35,5.071319783876305,154,1.2348531268260574,1,1.2864894705158625,Noise (HM.RMSE) | Noise (HM.MAE) | Noise (HM.SE),Noise (LM.RMSE) | Noise (LM.MAE),2.8197498549595887,HM,SE,1,3,0.35,0.35,0.02820380374088831,2,0.5,1,0.05,0.012,60,0.6614987500099118,2050.6905177741305,2070.5172718118442,0.13043917130074761,1.773829993339446,2.2260233828683376,689.6598294543093,0.020726590165145883,3.133277298685042,0.8692974557942452,2.892262757820297e-69,0.6707743353565745,2050.644234164039,2763.7286727687538,0.1322681991952522,1.774749707092275,2.226017800078315,691.7675133757814,0.08383975649414636,12.498951148686732,0.8692981833746667,1.8548742902602122e-4,2053.67,2069.5899999999997,0.029831292846331205,0.9,5.071319783876305,154,0.14493241255638625,1,1.014022075395492,Noise (HM.RMSE) | Noise (HM.MAE),Noise (LM.RMSE) | Noise (LM.MAE),0.6707743353565745,HM,AICc | Intercept,1,3,0.9,0.9,0.07252406676228422,2,0.5,1,0.05,0.03,60
9,Mar_23_9,Mar_23_9_MI_stem,MI,3/20/23,15:50:00,15:53:00,stem,dead,AVGE,LGR,LGR3,B3,B,NA,NA,115,12.5,31.9,25.7,21.6,NA,sediment,0,2023-03-20T15:50:00.000000Z,2023-03-20,March_2023,70,29,849,418.99555555555554,107.68,1366.9955555555557,0.07,0.029,0.4189955555555556,0.849,1.3669955555555555,1.113858569031645,471.03760228873836,490.3286863306974,0.2192168641131707,1.7053285012608252,1.941519193660438,381.1127418488185,0.04098127454582645,3.679217064465764,0.892347732493182,1.3977453559781793e-44,2.5926108768764076,467.5147875401037,491.7123852635603,0.5102479274264101,1.0175708761019797,1.3289764862322946,315.0731598266168,0.21041398586297946,8.115910788605788,0.9495600788170315,0.02108671832872848,467.723,487.838,0.019981777884304306,0.35,5.0810806620088105,90,0.6263338974662023,1,2.3275943184872614,Noise (HM.RMSE) | Noise (HM.MAE) | Noise (HM.SE) | Exaggerated curvature (g-fact),Noise (LM.RMSE) | Noise (LM.MAE) | Intercept (LM),1.113858569031645,LM,SE | g-fact. > 2 | Intercept (LM),1,3,0.35,0.35,0.03689323936863109,2,0.5,1,0.05,0.02,60,0.11955496631161608,2038.6514956368785,2040.7220860752643,0.023529436799838148,2.0212080673741233,2.4322553380944636,421.6754166696802,0.05133965407165279,42.94230148318363,0.04734250562857101,0.022166336932798642,0.3467376770565318,2038.1015163424254,2040.7117291924503,0.06824093143198572,2.007136345842317,2.417892785511968,422.8008782024568,0.43761388248672517,126.20892145371816,0.0585602384437508,0.026143818666486827,2033.55,2039.09,0.05138171455963966,0.9,5.0810806620088105,90,0.026143818666486827,1,2.900236500027707,Noise (HM.RMSE) | Noise (HM.MAE) | Noise (HM.SE) | Exaggerated curvature (g-fact),Noise (LM.RMSE) | Noise (LM.MAE),0.11955496631161608,LM,SE | AICc | g-fact. > 2 | Intercept,2,2,0.9,0.9,0.09486832980505139,2,0.5,1,0.05,0.051,60
4,Mar_23_4,Mar_23_4_MI_stem,MI,3/20/23,15:22:00,15:25:00,stem,dead,AVGE,LGR,LGR3,B3,B,NA,NA,10,24.5,25.6,25.9,22.6,NA,sediment,1,2023-03-20T15:22:00.000000Z,2023-03-20,March_2023,70,29,849,418.99555555555554,107.68,1366.9955555555557,0.07,0.029,0.4189955555555556,0.849,1.3669955555555555,2.6443076636228104,479.60065647053506,586.6107836194062,0.522000620238396,0.6931557681806999,0.8598701886810114,531.0556077156709,0.005106344699992367,0.1931070567256332,0.9992324057367259,1.8e-321,2.7871270210787027,478.6568316738178,1543.460128292648,0.5501939330664071,0.597666349364061,0.746834244593893,474.7869990595293,0.018433141373968367,0.661367107941646,0.9994209522447333,5.167094568672819e-4,478.26,586.108,0.00860680153428389,0.35,5.065717474464233,207,1.4914303435382743,1,1.0540101136568292,Noise (HM.RMSE) | Noise (HM.MAE),Noise (LM.RMSE) | Noise (LM.MAE),2.7871270210787027,HM,,0,4,0.35,0.35,0.02432668163999205,2,0.5,1,0.05,0.0086,60,0.29331512067941284,2059.805834508128,2071.6757423824592,0.0579019896308834,1.7810143494905541,2.256392777288207,930.4584920099596,0.013399603162287372,4.56833017379041,0.6989029749096375,1.4885781520015299e-55,0.40148236326967385,2059.129335780709,2084.120892594148,0.07925478775583235,1.7566120133415009,2.2378007423100965,929.112911400456,0.06721995125629694,16.74294001580976,0.7038444403208914,0.0031712625326812106,2060.5299999999997,2071.4700000000003,0.022131775373872863,0.9,5.065717474464233,207,0.06433554403431489,1,1.3687748600880536,Noise (HM.RMSE) | Noise (HM.MAE) | Intercept (HM),Noise (LM.RMSE) | Noise (LM.MAE),0.40148236326967385,HM,Intercept (HM),0,4,0.9,0.9,0.06255432421712243,2,0.5,1,0.05,0.022,60
12,Oct_22_12,Oct_22_12_SRS6_stem,SRS6,10/16/22,13:39:25,13:42:25,stem,Alive,RHMA,LGR,LGR3,B4,B,NA,NA,50,18.2,27.3,27.3,26.8,yes,Sediment,NA,2022-10-16T13:39:25.000000Z,2022-10-16,Oct_2022,70,29,849,418.99555555555554,107.68,1366.9955555555557,0.07,0.029,0.4189955555555556,0.849,1.3669955555555555,NA,NA,NA,NA,NA,NA,NA,NA,NA,NA,NA,NA,NA,NA,NA,NA,NA,NA,NA,NA,NA,NA,NA,NA,NA,NA,NA,NA,NA,NA,NA,NA,NA,NA,NA,NA,NA,NA,NA,NA,NA,NA,NA,NA,NA,NA,NA,NA,NA,NA,NA,NA,NA,NA,NA,NA,NA,NA,NA,NA,NA,NA,NA,NA,NA,NA,NA,NA,NA,NA,NA,NA,NA,NA,NA,NA,NA,NA,NA,NA,NA,NA,NA,NA,NA,NA,NA,NA,NA,NA,NA,NA,NA,NA
14,Oct_22_14,Oct_22_14_SRS6_root,SRS6,10/16/22,13:59:24,14:02:24,root,Alive,RHMA,LGR,LGR3,A7,A,NA,NA,na,6.9,27.7,27.3,26.8,no,Sediment,NA,2022-10-16T13:59:24.000000Z,2022-10-16,Oct_2022,70,29,849,212.53666666666663,40.45,1160.5366666666666,0.07,0.029,0.21253666666666665,0.849,1.1605366666666663,NA,NA,NA,NA,NA,NA,NA,NA,NA,NA,NA,NA,NA,NA,NA,NA,NA,NA,NA,NA,NA,NA,NA,NA,NA,NA,NA,NA,NA,NA,NA,NA,NA,NA,NA,NA,NA,NA,NA,NA,NA,NA,NA,NA,NA,NA,NA,NA,NA,NA,NA,NA,NA,NA,NA,NA,NA,NA,NA,NA,NA,NA,NA,NA,NA,NA,NA,NA,NA,NA,NA,NA,NA,NA,NA,NA,NA,NA,NA,NA,NA,NA,NA,NA,NA,NA,NA,NA,NA,NA,NA,NA,NA,NA
8,Oct_22_8,Oct_22_8_SRS6_stem,SRS6,10/16/22,13:04:05,13:07:06,stem,Alive,RHMA,LGR,LGR3,C5,C,NA,NA,50,22.3,27.6,26.5,26.8,no,Sediment,NA,2022-10-16T13:04:05.000000Z,2022-10-16,Oct_2022,70,29,849,1064.6016666666667,213.35,2012.6016666666667,0.07,0.029,1.064601666666667,0.849,2.012601666666667,5.226492423441244,612.6669430859995,860.4683197164143,1.3615460254418397,2.2741010947687217,2.7201198558595845,1786.9021892822084,0.01035938829119448,0.1982091898714285,0.9985602413047764,0,5.991170414206856,606.8102109232491,1632.2011329287448,1.5607511891956707,0.6511133042193711,0.8274519917669729,913.0474698736672,0.01386517524185193,0.23142682119295846,0.9998667708552005,0.0015221035760128426,605.423,854.72,0.007341671580610823,0.35,3.838645426433659,368,3.8901315012624,1,1.1463080645321455,Noise (HM.RMSE) | Noise (HM.MAE),Noise (LM.RMSE) | Noise (LM.MAE),5.991170414206856,HM,,0,4,0.35,0.35,0.018245011229994043,2,0.5,1,0.05,0.0073,60,0.5603182793172329,2121.864972300195,2148.4310953741046,0.14596770919730492,1.5401947132507627,1.9871122143664044,1555.8029675779567,0.007567779398563242,1.3506215445594316,0.9372426250954665,2.4527884417703164e-222,0.7859901653717926,2120.213941872192,2173.240352228669,0.204757167713202,1.4718015099331396,1.8722130938718136,1514.0101592533924,0.03651347908234823,4.645538925423636,0.9442903359025829,0.0038614186088912236,2119.5,2147.7200000000003,0.018878584064427835,0.9,3.838645426433659,368,0.16218634355256098,1,1.40275660171135,Noise (HM.RMSE) | Noise (HM.MAE),Noise (LM.RMSE) | Noise (LM.MAE),0.7859901653717926,HM,,0,4,0.9,0.9,0.046915743162841826,2,0.5,1,0.05,0.019,60
11,Oct_22_11,Oct_22_11_SRS6_stem,SRS6,10/16/22,13:32:08,13:35:09,stem,Alive,RHMA,LGR,LGR3,B4,B,NA,NA,0,18.1,27.1,27.3,26.8,no,Sediment,NA,2022-10-16T13:32:08.000000Z,2022-10-16,Oct_2022,70,29,849,418.99555555555554,107.68,1366.9955555555557,0.07,0.029,0.4189955555555556,0.849,1.3669955555555555,NA,NA,NA,NA,NA,NA,NA,NA,NA,NA,NA,NA,NA,NA,NA,NA,NA,NA,NA,NA,NA,NA,NA,NA,NA,NA,NA,NA,NA,NA,NA,NA,NA,NA,NA,NA,NA,NA,NA,NA,NA,NA,NA,NA,NA,NA,NA,NA,NA,NA,NA,NA,NA,NA,NA,NA,NA,NA,NA,NA,NA,NA,NA,NA,NA,NA,NA,NA,NA,NA,NA,NA,NA,NA,NA,NA,NA,NA,NA,NA,NA,NA,NA,NA,NA,NA,NA,NA,NA,NA,NA,NA,NA,NA
15,Oct_22_15,Oct_22_15_SRS6_root,SRS6,10/16/22,14:05:09,14:08:10,root,Alive,RHMA,LGR,LGR3,A6,A,NA,NA,na,5.5,27,27.3,26.8,no,Sediment,NA,2022-10-16T14:05:09.000000Z,2022-10-16,Oct_2022,70,29,849,212.53666666666663,40.45,1160.5366666666666,0.07,0.029,0.21253666666666665,0.849,1.1605366666666663,NA,NA,NA,NA,NA,NA,NA,NA,NA,NA,NA,NA,NA,NA,NA,NA,NA,NA,NA,NA,NA,NA,NA,NA,NA,NA,NA,NA,NA,NA,NA,NA,NA,NA,NA,NA,NA,NA,NA,NA,NA,NA,NA,NA,NA,NA,NA,NA,NA,NA,NA,NA,NA,NA,NA,NA,NA,NA,NA,NA,NA,NA,NA,NA,NA,NA,NA,NA,NA,NA,NA,NA,NA,NA,NA,NA,NA,NA,NA,NA,NA,NA,NA,NA,NA,NA,NA,NA,NA,NA,NA,NA,NA,NA
7,Oct_22_7,Oct_22_7_SRS6_stem,SRS6,10/16/22,12:57:50,13:00:51,stem,Alive,RHMA,LGR,LGR3,C5,C,NA,NA,0,23,27.4,26.5,26.8,no,Sediment,NA,2022-10-16T12:57:50.000000Z,2022-10-16,Oct_2022,70,29,849,1064.6016666666667,213.35,2012.6016666666667,0.07,0.029,1.064601666666667,0.849,2.012601666666667,2.1290425651404292,618.1818649278061,680.2976925943176,0.5546056041652809,0.7370186284393007,0.9816163283298286,639.0815775195547,0.007718751783648148,0.3625456771052874,0.9970512963793314,1.2852449138412473e-285,2.400283767353538,616.9063448945266,905.3094392941625,0.6252626653678107,0.60065348182812,0.7955028359679882,546.1322609623707,0.027200489895830987,1.1332197578381,0.9980634396317344,0.002168016493267556,615.992,678.784,0.011890214554297807,0.35,3.8388406989590065,226,1.5845874404722315,1,1.1274005539646024,Noise (HM.RMSE) | Noise (HM.MAE) | Noise (HM.SE),Noise (LM.RMSE) | Noise (LM.MAE),2.400283767353538,HM,SE,1,3,0.35,0.35,0.023281653683320875,2,0.5,1,0.05,0.012,60,4.719587588471791,2206.2730461108517,2343.969254774103,1.2294304344933147,2.892551097376914,3.579106956637272,1223.8195438765933,0.02814362129898157,0.5963152663534848,0.9920624085328142,1.8902273756658496e-237,5.765408844038214,2201.437945199848,2612.896106070202,1.5018619672344422,2.107497860273588,2.8740626708749963,1126.729632776834,0.10434024584434974,1.8097631697402332,0.9948816278807647,0.0036500964376488853,2204.97,2339.94,0.03057483742533722,0.9,3.8388406989590065,226,1.366033816103683,1,1.221591661551314,Noise (HM.RMSE) | Noise (HM.MAE),Noise (LM.RMSE) | Noise (LM.MAE),5.765408844038214,HM,,0,4,0.9,0.9,0.05986710947139654,2,0.5,1,0.05,0.031,60
9,Oct_22_9,Oct_22_9_SRS6_stem,SRS6,10/16/22,13:11:06,13:14:07,stem,Alive,RHMA,LGR,LGR3,C5,C,NA,NA,100,21.5,27.5,26.5,26.8,no,Sediment,NA,2022-10-16T13:11:06.000000Z,2022-10-16,Oct_2022,70,29,849,1064.6016666666667,213.35,2012.6016666666667,0.07,0.029,1.064601666666667,0.849,2.012601666666667,NA,NA,NA,NA,NA,NA,NA,NA,NA,NA,NA,NA,NA,NA,NA,NA,NA,NA,NA,NA,NA,NA,NA,NA,NA,NA,NA,NA,NA,NA,NA,NA,NA,NA,NA,NA,NA,NA,NA,NA,NA,NA,NA,NA,NA,NA,NA,NA,NA,NA,NA,NA,NA,NA,NA,NA,NA,NA,NA,NA,NA,NA,NA,NA,NA,NA,NA,NA,NA,NA,NA,NA,NA,NA,NA,NA,NA,NA,NA,NA,NA,NA,NA,NA,NA,NA,NA,NA,NA,NA,NA,NA,NA,NA
13,Oct_22_13,Oct_22_13_SRS6_stem,SRS6,10/16/22,13:49:19,13:52:20,stem,Alive,RHMA,LGR,LGR3,B4,B,NA,NA,100,17.3,27.8,27.3,26.8,no,Sediment,NA,2022-10-16T13:49:19.000000Z,2022-10-16,Oct_2022,70,29,849,418.99555555555554,107.68,1366.9955555555557,0.07,0.029,0.4189955555555556,0.849,1.3669955555555555,NA,NA,NA,NA,NA,NA,NA,NA,NA,NA,NA,NA,NA,NA,NA,NA,NA,NA,NA,NA,NA,NA,NA,NA,NA,NA,NA,NA,NA,NA,NA,NA,NA,NA,NA,NA,NA,NA,NA,NA,NA,NA,NA,NA,NA,NA,NA,NA,NA,NA,NA,NA,NA,NA,NA,NA,NA,NA,NA,NA,NA,NA,NA,NA,NA,NA,NA,NA,NA,NA,NA,NA,NA,NA,NA,NA,NA,NA,NA,NA,NA,NA,NA,NA,NA,NA,NA,NA,NA,NA,NA,NA,NA,NA
10,Oct_22_10,Oct_22_10_SRS6_root,SRS6,10/16/22,13:19:16,13:22:22,root,Alive,RHMA,LGR,LGR3,A6,A,NA,NA,root,7,27.6,26.5,26.8,no,Sediment,NA,2022-10-16T13:19:16.000000Z,2022-10-16,Oct_2022,70,29,849,212.53666666666663,40.45,1160.5366666666666,0.07,0.029,0.21253666666666665,0.849,1.1605366666666663,NA,NA,NA,NA,NA,NA,NA,NA,NA,NA,NA,NA,NA,NA,NA,NA,NA,NA,NA,NA,NA,NA,NA,NA,NA,NA,NA,NA,NA,NA,NA,NA,NA,NA,NA,NA,NA,NA,NA,NA,NA,NA,NA,NA,NA,NA,NA,NA,NA,NA,NA,NA,NA,NA,NA,NA,NA,NA,NA,NA,NA,NA,NA,NA,NA,NA,NA,NA,NA,NA,NA,NA,NA,NA,NA,NA,NA,NA,NA,NA,NA,NA,NA,NA,NA,NA,NA,NA,NA,NA,NA,NA,NA,NA
63,Oct_22_63,Oct_22_63_SRS6_stem,SRS6,10/17/22,12:14:39,12:17:38,stem,Alive,RHMA,LGR,LGR3,B4,B,NA,NA,0,13.3,26.4,25.6,26.8,no,Sediment,NA,2022-10-17T12:14:39.000000Z,2022-10-17,Oct_2022,70,29,849,418.99555555555554,107.68,1366.9955555555557,0.07,0.029,0.4189955555555556,0.849,1.3669955555555555,5.389376788319731,677.2453158953739,837.4514645618895,1.0402996666656859,0.7688212981070961,0.9570216214787147,435.1607771167016,0.00888243263460077,0.16481372491623628,0.9995791407602452,4.463317574095542e-262,5.674312736770351,675.8788990277826,2296.067264028915,1.0953002323779724,0.5729381082807503,0.7158271846918756,346.66697398745174,0.02735382199205951,0.48206405358666377,0.9997645440108542,6.760326490662132e-4,675.397,835.089,0.011698129759821485,0.35,5.180600322206658,156,2.97228476190196,1,1.0528699253442726,Noise (HM.RMSE) | Noise (HM.MAE),Noise (LM.RMSE) | Noise (LM.MAE),5.674312736770351,HM,,0,4,0.35,0.35,0.028022426915890245,2,0.5,1,0.05,0.012,60,0.12782167138075742,2072.0053038113333,2075.804967203288,0.024673138908795852,1.279821270619445,1.5942074499349317,594.3762525355841,0.0147963640129114,11.575786682397332,0.3220413233427747,6.779906569593829e-15,0.128599710108091,2072.0016649680024,2365.219143650973,0.02482332203023807,1.2797903416547005,1.5942845029464572,596.4983380283591,0.05885972379741512,45.76971732513408,0.32197586040852744,8.465839806595322e-5,2071.6800000000003,2076.28,0.030080905096683822,0.9,5.180600322206658,156,0.027414598787550946,1,1.0060869077905885,Noise (HM.RMSE) | Noise (HM.MAE),Noise (LM.RMSE) | Noise (LM.MAE),0.128599710108091,HM,AICc,1,3,0.9,0.9,0.0720576692122892,2,0.5,1,0.05,0.03,60
58,Oct_22_58,Oct_22_58_SRS6_stem,SRS6,10/17/22,14:34:35,14:37:35,stem,Alive,LARA,LGR,LGR3,A7,A,NA,NA,100,9.1,28.4,27.4,26.9,no,Sediment,NA,2022-10-17T14:34:35.000000Z,2022-10-17,Oct_2022,70,29,849,212.53666666666663,40.45,1160.5366666666666,0.07,0.029,0.21253666666666665,0.849,1.1605366666666663,-15.831129920020276,910.7758925619838,747.4629338842977,-1.360941322314051,7.80523382282633,9.134914577566917,884.9173821991657,0.2788839979708229,-1.761617770681941,0.9640866834874825,4.92560307571853e-88,-25.660509082102763,925.9249971355993,665.6059021355103,-2.205935226220664,4.962301597095216,6.391540716474657,800.631988051492,1.1157700384078275,-4.3481991523934145,0.9824184300949289,0.008473966253685348,921.66,760.013,0.033647684739397624,0.35,11.632485295620322,121,3.888403778040146,1,1.6208892992313904,Noise (HM.RMSE) | Noise (HM.MAE) | Noise (HM.SE),Noise (LM.RMSE) | Noise (LM.MAE) | Noise (LM.SE),-25.660509082102763,HM,SE,1,3,0.35,0.35,0.031818181818181815,2,0.5,1,0.05,0.034,60,-0.5414337995640692,2005.2832773336945,1999.6978796910987,-0.04654498035496518,2.871214689044147,3.3585525412276445,642.7736949859523,0.10253479133705334,-18.937641392097863,0.18302633024105375,5.88886728684609e-7,-0.6450597115160486,2005.4575665503476,1986.5832933103577,-0.055453301261332015,2.8656314856060185,3.3561435561296684,644.7397530256306,0.46478645842692384,-72.05324563435556,0.18419788945239912,0.002938036371320531,2000.3600000000001,2000.68,0.08652261790130818,0.9,11.632485295620322,121,0.051716644838850204,1,1.191391656810884,Noise (HM.RMSE) | Noise (HM.MAE) | Noise (HM.SE),Noise (LM.RMSE) | Noise (LM.MAE),-0.6450597115160486,HM,SE | AICc | Intercept,2,2,0.9,0.9,0.08181818181818182,2,0.5,1,0.05,0.087,60
59,Oct_22_59,Oct_22_59_SRS6_stem,SRS6,10/17/22,10:59:33,11:02:33,stem,Alive,RHMA,LGR,LGR3,C5,C,NA,NA,50,17.2,26.5,27.1,27.4,no,Sediment,NA,2022-10-17T10:59:33.000000Z,2022-10-17,Oct_2022,70,29,849,1064.6016666666667,213.35,2012.6016666666667,0.07,0.029,1.064601666666667,0.849,2.012601666666667,2.552777272152573,670.6524753645226,801.2841057662915,0.6664879102131066,0.696847036788063,0.8358446453485234,497.01561491002815,0.004025243172795266,0.15768093897988478,0.9995104320111321,0,2.595149686000565,670.2910923485226,4653.358823646637,0.677550646419787,0.6943534684956099,0.8300276559995741,496.3335947620441,0.016162979837217505,0.6228149352774554,0.9995173289416005,1.7010773909158903e-4,671.145,800.863,0.006804911271693861,0.35,3.8301929157819736,198,1.9042511720374478,1,1.0165985549582484,Noise (HM.RMSE) | Noise (HM.MAE),Noise (LM.RMSE) | Noise (LM.MAE),2.595149686000565,HM,,0,4,0.35,0.35,0.02487341690815455,2,0.5,1,0.05,0.0068,60,0.059033842338746076,2009.7150639029853,2012.7359647695496,0.015412759523287276,1.5378657554527693,1.9097832343613013,824.2313098081902,0.009197094183006087,15.579358921331293,0.16947844261893807,1.0122367250522534e-9,0.05912916275410427,2009.7140575490623,2535.376649295507,0.01543764610666678,1.5378875486168067,1.9098398689028349,826.3265955432271,0.036750354484607416,62.152671833758546,0.16942989997166602,2.9367975482861048e-5,2009.4500000000003,2012.49,0.01749834327006993,0.9,3.8301929157819736,198,0.017125288359208082,1,1.0016146740849297,Noise (HM.RMSE) | Noise (HM.MAE),Noise (LM.RMSE) | Noise (LM.MAE),0.05912916275410427,HM,AICc,1,3,0.9,0.9,0.06396021490668313,2,0.5,1,0.05,0.017,60
61,Oct_22_61,Oct_22_61_SRS6_stem,SRS6,10/17/22,11:09:35,11:12:35,stem,Alive,RHMA,LGR,LGR3,C5,C,NA,NA,0,16.1,27.1,27.1,27.4,no,Sediment,NA,2022-10-17T11:09:35.000000Z,2022-10-17,Oct_2022,70,29,849,1064.6016666666667,213.35,2012.6016666666667,0.07,0.029,1.064601666666667,0.849,2.012601666666667,2.228672757469829,617.6220415219415,728.1495641338057,0.5817238032203379,0.7786568346864614,0.9750423703727119,541.2947051048444,0.004927080206350759,0.22107688039155562,0.9990673539398519,4.6635342899085656e-290,2.40931937041541,616.1576806269533,1376.3339034454382,0.6288758287338899,0.5560526442498238,0.7221706079835978,428.0966548527069,0.015397316654943025,0.6390732936450949,0.9994883776584664,8.272763733680381e-4,618.171,726.831,0.00702043700485885,0.35,3.8311527655086874,192,1.6620680092009656,1,1.0810556921558396,Noise (HM.RMSE) | Noise (HM.MAE),Noise (LM.RMSE) | Noise (LM.MAE),2.40931937041541,HM,,0,4,0.35,0.35,0.02525907427704613,2,0.5,1,0.05,0.007,60,0.6444105927268559,2088.3770730589795,2120.3356035880656,0.1682027922583487,1.6055290846513752,1.9779284197554605,812.9072733567422,0.009994859980116181,1.5510080208058699,0.9560608720243439,4.225731253038031e-131,0.8885081681635394,2086.4974979640224,2152.7751317324255,0.23191666387272508,1.4590785419892214,1.8067546985619596,780.2346851611755,0.0462364241943341,5.203826577070228,0.9633369426734406,0.003499169337926604,2085.2400000000002,2121.1099999999997,0.018052552298208475,0.9,3.8311527655086874,192,0.18689199139816523,1,1.3787919972013067,Noise (HM.RMSE) | Noise (HM.MAE),Noise (LM.RMSE) | Noise (LM.MAE),0.8885081681635394,HM,,0,4,0.9,0.9,0.0649519052838329,2,0.5,1,0.05,0.018,60
66,Oct_22_66,Oct_22_66_SRS6_root,SRS6,10/17/22,12:42:44,12:45:45,root,Alive,RHMA,LGR,LGR3,A6,A,NA,NA,na,5.9,27,25.6,26.8,no,Sediment,NA,2022-10-17T12:42:44.000000Z,2022-10-17,Oct_2022,70,29,849,212.53666666666663,40.45,1160.5366666666666,0.07,0.029,0.21253666666666665,0.849,1.1605366666666663,4.389451152782523,635.7370404056344,705.8585633040807,0.37498140587404444,1.1179789058461576,1.3671475670943716,660.6991128515804,0.021559775347543657,0.4911724631877193,0.9954848618248717,1.8263321712530335e-221,5.493643123507626,632.9454389465368,824.0036495756322,0.46931015977186585,0.5132401317624666,0.6370812625807384,374.15180988236995,0.04755842657359028,0.8656992364517626,0.9990195399067655,0.0024563726323332206,632.358,702.899,0.021792682043380848,0.35,11.705783497587428,189,1.0713754453544129,1,1.2515558169556444,Noise (HM.RMSE) | Noise (HM.MAE) | Noise (HM.SE),Noise (LM.RMSE) | Noise (LM.MAE),5.493643123507626,HM,SE,1,3,0.35,0.35,0.025458753860865775,2,0.5,1,0.05,0.022,60,0.48476476514103434,2009.8527550545334,2017.5968766761282,0.0414124150887418,3.678404355038159,4.378793158700411,1100.7087466911514,0.06905311399235746,14.244664414144784,0.20434332513118658,3.969798051949328e-11,0.4841501917081653,2009.8537817465972,9271.282382053045,0.04135991339733467,3.678238035450148,4.37904347401033,1102.8180161561977,0.2744109762302034,56.678894469097315,0.2042540396844904,5.695836959078437e-6,2016.5099999999998,2023.53,0.0560383252544079,0.9,11.705783497587428,189,0.046013794543046445,1,0.9987322233853151,Noise (HM.RMSE) | Noise (HM.MAE) | Noise (HM.SE),Noise (LM.RMSE) | Noise (LM.MAE),0.4841501917081653,HM,SE | AICc | Intercept,2,2,0.9,0.9,0.06546536707079771,2,0.5,1,0.05,0.056,60
65,Oct_22_65,Oct_22_65_SRS6_stem,SRS6,10/17/22,12:29:31,12:32:32,stem,Alive,RHMA,LGR,LGR3,B4,B,NA,NA,100,12.1,26,25.6,26.8,no,Sediment,NA,2022-10-17T12:29:31.000000Z,2022-10-17,Oct_2022,70,29,849,418.99555555555554,107.68,1366.9955555555557,0.07,0.029,0.4189955555555556,0.849,1.3669955555555555,4.216823465970726,710.150510065672,882.7051268424303,0.8139368715884824,0.8501206620327233,1.034010383607176,627.7343601193808,0.005983953205902038,0.1419066568518185,0.9995712543708116,0,4.467327882365605,708.4696210580335,2283.1308129917425,0.8622895670818919,0.5729018508254915,0.708055443477405,467.73740783412035,0.01711664502780572,0.38315175152851916,0.9997989590917504,5.476032377625225e-4,709.482,880.769,0.00851300989730457,0.35,5.180774594645352,214,2.3255339188242354,1,1.0594059529445377,Noise (HM.RMSE) | Noise (HM.MAE),Noise (LM.RMSE) | Noise (LM.MAE),4.467327882365605,HM,,0,4,0.35,0.35,0.023925507445863213,2,0.5,1,0.05,0.0085,60,0.10028457337814975,1988.5029214654965,1992.6066185416328,0.019357061679888564,1.3368639919186358,1.666490154929838,832.0080142832528,0.009644196289797622,9.616829353635087,0.33464014915099094,9.940831934163985e-21,0.10067863357347998,1988.5001132283305,2414.4189117326055,0.01943312370268676,1.3369046714308075,1.6665889657088435,834.110492672145,0.03872419564030747,38.463171644105344,0.33456191719865913,4.5626358289259e-5,1988.79,1993.3000000000002,0.02189059687878318,0.9,5.180774594645352,214,0.021507846310987292,1,1.0039294198704354,Noise (HM.RMSE) | Noise (HM.MAE),Noise (LM.RMSE) | Noise (LM.MAE),0.10067863357347998,HM,AICc,1,3,0.9,0.9,0.061522733432219694,2,0.5,1,0.05,0.022,60
56,Oct_22_56,Oct_22_56_SRS6_stem,SRS6,10/17/22,14:20:42,14:23:44,stem,Alive,LARA,LGR,LGR3,B4,B,NA,NA,0,10.1,17.4,27.4,26.9,no,Sediment,NA,2022-10-17T14:20:42.000000Z,2022-10-17,Oct_2022,70,29,849,418.99555555555554,107.68,1366.9955555555557,0.07,0.029,0.4189955555555556,0.849,1.3669955555555555,NA,NA,NA,NA,NA,NA,NA,NA,NA,NA,NA,NA,NA,NA,NA,NA,NA,NA,NA,NA,NA,NA,NA,NA,NA,NA,NA,NA,NA,NA,NA,NA,NA,NA,NA,NA,NA,NA,NA,NA,NA,NA,NA,NA,NA,NA,NA,NA,NA,NA,NA,NA,NA,NA,NA,NA,NA,NA,NA,NA,NA,NA,NA,NA,NA,NA,NA,NA,NA,NA,NA,NA,NA,NA,NA,NA,NA,NA,NA,NA,NA,NA,NA,NA,NA,NA,NA,NA,NA,NA,NA,NA,NA,NA
64,Oct_22_64,Oct_22_64_SRS6_stem,SRS6,10/17/22,12:21:04,12:24:10,stem,Alive,RHMA,LGR,LGR3,B4,B,NA,NA,50,12.3,26.2,25.6,26.8,no,Sediment,NA,2022-10-17T12:21:04.000000Z,2022-10-17,Oct_2022,70,29,849,418.99555555555554,107.68,1366.9955555555557,0.07,0.029,0.4189955555555556,0.849,1.3669955555555555,1.0792365043264434,564.0187581181002,610.8869076930237,0.20830288699965968,7.664760264678973,9.284477045108419,1661.9738346760782,0.04916504864808339,4.555539814581007,0.6802758315283705,7.555403159048162e-58,1.0826086172120362,563.9918324594556,6175.30749089804,0.20895373678702497,7.664445399938698,9.28682263784548,1664.161073776216,0.19728982155037914,18.223559134273785,0.6801162799962728,3.7237922352985014e-5,568.671,609.577,0.008023815660701648,0.35,5.181092398053065,227,0.5951511057133134,1,1.003124535606491,Noise (HM.RMSE) | Noise (HM.MAE) | Noise (HM.SE),Noise (LM.RMSE) | Noise (LM.MAE) | Noise (LM.SE),1.0792365043264434,LM,RMSE | SE | AICc | Intercept,3,1,0.35,0.35,0.023230315905999017,2,0.5,1,0.05,0.008,60,0.06495657713797352,1986.987122305342,1989.8080003621656,0.012537235808105394,1.9814166070435648,2.4588140267650913,1058.760042755744,0.013020411451842217,20.044793037948583,0.0955962331478658,1.2147539315479768e-6,0.06491342159637217,1986.9873344342902,3847.6971907905136,0.01252890637904183,1.98143283280721,2.458867620064402,1060.8424950762662,0.05179544896951849,79.79158654057636,0.09555726907653228,6.733401414649806e-6,1990.6699999999998,1989.98,0.02063266884180424,0.9,5.181092398053065,227,0.013930262009005991,1,0.9993356247588341,Noise (HM.RMSE) | Noise (HM.MAE),Noise (LM.RMSE) | Noise (LM.MAE),0.06491342159637217,HM,AICc | Intercept,1,3,0.9,0.9,0.05973509804399748,2,0.5,1,0.05,0.021,60
62,Oct_22_62,Oct_22_62_SRS6_root,SRS6,10/17/22,11:27:15,11:30:30,root,Alive,RHMA,LGR,LGR3,A5,A,NA,NA,na,6,27,27.1,27.4,no,Sediment,NA,2022-10-17T11:27:15.000000Z,2022-10-17,Oct_2022,70,29,849,212.53666666666663,40.45,1160.5366666666666,0.07,0.029,0.21253666666666665,0.849,1.1605366666666663,1.5619508334353887,512.161594602579,532.2673689395695,0.13403849557993597,0.7257867313216808,0.8883741200052316,401.53733146206616,0.019384714106768855,1.2410578932330214,0.9772677982798625,2.2374346411652435e-125,2.3499994466504712,510.62221563794463,546.057946195926,0.20166472830000315,0.4958304229940915,0.6158448030338115,292.2622946809193,0.07303110653835072,3.1077073929716996,0.9890757339996349,0.005690999596298187,510.945,530.703,0.027010269127719037,0.35,11.65300182367307,152,0.3829671302283885,1,1.5045284373528143,Noise (HM.RMSE) | Noise (HM.MAE) | Noise (HM.SE),Noise (LM.RMSE) | Noise (LM.MAE),2.3499994466504712,HM,SE,1,3,0.35,0.35,0.028388748697883444,2,0.5,1,0.05,0.027,60,2.5268761754863367,2064.959939456363,2097.4864448202384,0.21684336909250182,2.936886480596863,3.8316977227515787,845.8851005425406,0.08360932992809321,3.3088020196320582,0.8580019145435924,1.1232610267802368e-65,4.073994568617628,2061.946181473325,2114.4301089577016,0.3496090218008298,2.871504936660391,3.5546814808199563,825.1821233012786,0.44296496759605575,10.872988663466993,0.8777915065281191,0.006661258761644717,2068.42,2091.26,0.06945497775699182,0.9,11.65300182367307,152,0.24093707676944645,1,1.6122652182723298,Noise (HM.RMSE) | Noise (HM.MAE) | Noise (HM.SE),Noise (LM.RMSE) | Noise (LM.MAE),4.073994568617628,HM,SE | Intercept,1,3,0.9,0.9,0.07299963950884315,2,0.5,1,0.05,0.069,60
60,Oct_22_60,Oct_22_60_SRS6_stem,SRS6,10/17/22,11:19:05,11:22:35,stem,Alive,RHMA,LGR,LGR3,B5,B,NA,NA,100,17.7,26.8,27.1,27.4,no,Sediment,NA,2022-10-17T11:19:05.000000Z,2022-10-17,Oct_2022,70,29,849,418.99555555555554,107.68,1366.9955555555557,0.07,0.029,0.4189955555555556,0.849,1.3669955555555555,1.998178611905689,774.4489905923871,857.4177745630201,0.387704597993612,0.550326221513331,0.7033226008356791,467.0567463581293,0.004001555698742264,0.2002601606733208,0.9991385006097894,0,2.101300079588141,773.7440263253754,1636.423578525773,0.40771315325194607,0.49861694433693377,0.6283493680026628,420.43835395445217,0.014782438165575531,0.7034901063951283,0.99931238048651,4.7261251551866575e-4,773.797,856.016,0.008390018895664167,0.35,5.153868750193703,216,1.1077274228388914,1,1.0516077326961797,Noise (HM.RMSE) | Noise (HM.MAE),Noise (LM.RMSE) | Noise (LM.MAE),2.101300079588141,HM,,0,4,0.35,0.35,0.02381448361039201,2,0.5,1,0.05,0.0084,60,0.15571385970245824,2013.4284201120804,2019.894003073438,0.030213004492325477,1.583801071278715,1.9726234046542621,912.5800463278955,0.01122324580070027,7.207608765299323,0.471087155209887,1.2072450534660492e-31,0.1566155495909285,2013.4219412941118,2504.637295078895,0.030387958479742478,1.5839781818243848,1.9727963585956154,914.6942870964482,0.04492537045906289,28.685127738851968,0.4709952528514768,6.186280262944792e-5,2013.8899999999999,2020.8200000000002,0.021574334303136433,0.9,5.153868750193703,216,0.033570004991472745,1,1.0057906848510032,Noise (HM.RMSE) | Noise (HM.MAE),Noise (LM.RMSE) | Noise (LM.MAE),0.1566155495909285,HM,AICc,1,3,0.9,0.9,0.06123724356957945,2,0.5,1,0.05,0.022,60
57,Oct_22_57,Oct_22_57_SRS6_stem,SRS6,10/17/22,14:27:08,14:30:40,stem,Alive,LARA,LGR,LGR3,B4,B,NA,NA,50,11.2,27.3,27.4,26.9,no,Sediment,NA,2022-10-17T14:27:08.000000Z,2022-10-17,Oct_2022,70,29,849,418.99555555555554,107.68,1366.9955555555557,0.07,0.029,0.4189955555555556,0.849,1.3669955555555555,0.900463465197296,741.4585633757423,771.1983757396913,0.17494007272911208,1.1572854241783923,2.1221385360547793,753.0916799064488,0.016962449010428066,1.88374650011053,0.9427728326939874,9.513148411894021e-108,1.442850389705788,738.788909809765,786.6767818792548,0.28031381823698254,1.0593542593650953,1.8515182368724137,708.2604304408121,0.08442024129361934,5.850935197157447,0.9564377027876885,0.0058535450861174326,728.273,770.359,0.010535344174623236,0.35,5.147268153887353,172,0.4998287792260345,1,1.6023419555280374,Noise (HM.RMSE) | Noise (HM.MAE) | Noise (HM.SE),Noise (LM.RMSE) | Noise (LM.MAE),1.442850389705788,HM,SE | Intercept,1,3,0.35,0.35,0.026687249808205814,2,0.5,1,0.05,0.011,60,1.8310209981239793,2097.3392679354424,2157.8128163061438,0.3557267551217715,1.3589568243880585,1.688550932015225,674.469241775555,0.013496743308317197,0.7371157033232082,0.9907939273707591,3.2950561148743705e-175,1.966791287763702,2096.6078676170255,2547.222106429377,0.3821039100669992,1.3332335666657216,1.6558387036346898,669.8362079916653,0.05587091976248372,2.84071421864038,0.9911471699649892,8.479623526191276e-4,2093.4,2156.77,0.02709088502045975,0.9,5.147268153887353,172,0.39525195013530173,1,1.0741500451271884,Noise (HM.RMSE) | Noise (HM.MAE),Noise (LM.RMSE) | Noise (LM.MAE),1.966791287763702,HM,,0,4,0.9,0.9,0.0686243566496721,2,0.5,1,0.05,0.027,60
99,Oct_22_99,Oct_22_99_FLM30_root,FLM30,10/18/22,14:27:08,14:30:05,root,Dead,RHMA,LGR,LGR3,A5,A,NA,NA,na,7.2,30.9,29.9,NA,no,Water,13,2022-10-18T14:27:08.000000Z,2022-10-18,Oct_2022,70,29,849,212.53666666666663,40.45,1160.5366666666666,0.07,0.029,0.21253666666666665,0.849,1.1605366666666663,1.4797216506596533,451.85710854303886,478.13321077939105,0.12817610847001065,0.4862646594346038,0.6001830828122957,382.20327897939546,0.008139822471377617,0.5500914626577857,0.9938048576832014,1.6424834810159853e-228,1.5956180040061947,451.5209726344505,637.9320791460963,0.13821525573206675,0.472582204117885,0.581178060579446,370.9615606037816,0.03335369862287768,2.090331052866974,0.9941909888451625,7.414539740604563e-4,452.344,477.172,0.019614343212392242,0.35,11.544442005008005,207,0.366217452771459,1,1.078323077380719,Noise (HM.RMSE) | Noise (HM.MAE) | Noise (HM.SE),Noise (LM.RMSE) | Noise (LM.MAE),1.5956180040061947,HM,SE,1,3,0.35,0.35,0.02432668163999205,2,0.5,1,0.05,0.02,60,0.26389983203282,1957.5770899686645,1962.2632814314707,0.02285947055027343,1.2229273941150558,1.5585988138719542,777.2866890096283,0.021138079383329098,8.009887395722272,0.4291485954629797,5.6508054591167565e-27,0.2665913730830112,1957.5690102776052,2179.2304691731215,0.023092616600036902,1.223038554685042,1.5586524988180614,779.380741932064,0.0852251850724475,31.96847072988746,0.42910959315411745,1.0417966531079263e-4,1958.6399999999999,1961.74,0.05043688254615148,0.9,11.544442005008005,207,0.025399411722526032,1,1.01019910103564,Noise (HM.RMSE) | Noise (HM.MAE),Noise (LM.RMSE) | Noise (LM.MAE),0.2665913730830112,HM,AICc | Intercept,1,3,0.9,0.9,0.06255432421712243,2,0.5,1,0.05,0.05,60
84,Oct_22_84,Oct_22_84_FLM30_stem,FLM30,10/18/22,11:09:10,11:12:10,stem,Dead,AVGE,LGR,LGR3,B4,B,NA,NA,0,36.7,28.5,25.9,NA,no,Water,10,2022-10-18T11:09:10.000000Z,2022-10-18,Oct_2022,70,29,849,418.99555555555554,107.68,1366.9955555555557,0.07,0.029,0.4189955555555556,0.849,1.3669955555555555,0.9436652561317282,657.8387790054593,697.9501831395405,0.1823245642458237,1.116341454850796,1.4206181820288684,792.0037001397957,0.007775850879136812,0.8240052103869515,0.9852152900342949,1.5710119276824944e-203,0.9484264688780749,657.8038859757359,4131.771276638918,0.18324447311564662,1.1224400372481893,1.429209527521512,796.7549925237956,0.03139215973234292,3.3099202481640715,0.9850373639778204,5.2747896715479866e-5,661.759,698.412,0.008196879522341598,0.35,5.175743926964267,222,0.5209273264166392,1,1.0050454466935275,Noise (HM.RMSE) | Noise (HM.MAE) | Noise (HM.SE),Noise (LM.RMSE) | Noise (LM.MAE),0.9436652561317282,LM,RMSE | SE | AICc | Intercept,3,1,0.35,0.35,0.02349046193249085,2,0.5,1,0.05,0.0082,60,28.66377798064076,2691.8874929582857,3910.2690907974293,5.538098171996107,3.0090512285870923,3.6765762753739284,1214.1987903595448,0.020123991952750428,0.070207046560094,0.9998910802647368,0,29.318861825158535,2687.281917525784,30148.792163445585,5.664666227479873,2.4520138944245784,3.0451445565182595,1132.6085183474897,0.06774091375407415,0.2310489205141846,0.9999252848898871,2.062765731655826e-4,2684.72,3904.62,0.021077690200306972,0.9,5.175743926964267,222,6.1534424133290075,1,1.02285406497916,Noise (HM.RMSE) | Noise (HM.MAE),Noise (LM.RMSE) | Noise (LM.MAE),29.318861825158535,HM,,0,4,0.9,0.9,0.06040404496926219,2,0.5,1,0.05,0.021,60
86,Oct_22_86,Oct_22_86_FLM30_stem,FLM30,10/18/22,11:32:00,11:35:00,stem,Dead,AVGE,LGR,LGR3,B4,B,NA,NA,100,22.6,32,25.9,NA,no,Water,10,2022-10-18T11:32:00.000000Z,2022-10-18,Oct_2022,70,29,849,418.99555555555554,107.68,1366.9955555555557,0.07,0.029,0.4189955555555556,0.849,1.3669955555555555,2.1398190079894652,545.5463362212425,642.2914750493935,0.4134407642228673,1.6199014885057712,2.543367019189529,1116.4491501654047,0.012711002609964486,0.5940223244351639,0.9917756383435277,3.7060507384742257e-246,2.3914993472987254,543.6962502846069,1024.3909278411727,0.46206866753402587,1.6528695684799914,2.4138914039360815,1093.8574919062996,0.05223618217711844,2.184244049078285,0.9925916825235851,9.612518904573306e-4,531.52,639.735,0.00770839442011664,0.35,5.175636253506887,236,1.1812593263510496,1,1.117617582781328,Noise (HM.RMSE) | Noise (HM.MAE) | Noise (HM.SE),Noise (LM.RMSE) | Noise (LM.MAE),2.3914993472987254,HM,MAE | SE | Intercept,2,2,0.35,0.35,0.022783059421644176,2,0.5,1,0.05,0.0077,60,0.216760449059464,1973.5518570734882,1983.3519942151868,0.04188092795597687,1.6546836090672647,2.0336326761170604,1010.8792173632875,0.010163499824759996,4.688816557107167,0.6588544451629497,8.776394170156708e-57,0.272007070414136,1973.156171069128,1999.584751477658,0.05255529119339299,1.6368782788471266,2.0273038351804504,1011.4777339674563,0.047848785413110564,17.59100796176359,0.6609744901382186,0.0019885779100125398,1971.8400000000001,1981.44,0.019821585651728507,0.9,5.175636253506887,236,0.04653436439552986,1,1.2548740860908447,Noise (HM.RMSE) | Noise (HM.MAE),Noise (LM.RMSE) | Noise (LM.MAE),0.272007070414136,HM,AICc | Intercept,1,3,0.9,0.9,0.058585009941370746,2,0.5,1,0.05,0.02,60
87,Oct_22_87,Oct_22_87_FLM30_stem,FLM30,10/18/22,11:48:10,11:51:10,stem,Dead,AVGE,LGR,LGR3,B4,B,NA,NA,0,11,32,29.2,NA,no,Water,10,2022-10-18T11:48:10.000000Z,2022-10-18,Oct_2022,70,29,849,418.99555555555554,107.68,1366.9955555555557,0.07,0.029,0.4189955555555556,0.849,1.3669955555555555,0.9059425045878574,424.1872311145206,462.7598478389044,0.17693860882744872,0.6487835699904064,0.7940902473934937,528.998474225853,0.0043585396160453265,0.4811055441126661,0.9949564193909128,1.303747151485658e-252,1.023797507157412,423.3742771734962,599.4134528149325,0.19995673645962017,0.5697446794057904,0.709513363038595,481.52158395126315,0.017063379335236366,1.6666752180920108,0.9959735677064436,0.0011358649898866836,423.255,462.637,0.008182800392911577,0.35,5.120095102993244,220,0.5055388823641392,1,1.1300910399641426,Noise (HM.RMSE) | Noise (HM.MAE),Noise (LM.RMSE) | Noise (LM.MAE),1.023797507157412,HM,,0,4,0.35,0.35,0.02359699518621347,2,0.5,1,0.05,0.0082,60,3.358886860738293,2102.5525718228428,2245.5650200121113,0.6560204045379282,2.9326801307646417,3.52043935065375,1184.2218165542117,0.01932270850331431,0.5752711926434796,0.9928043927846257,8.658879260497466e-236,4.255369075501763,2096.5160687054286,2470.184107270457,0.8311113348293167,1.8557851067511841,2.3905341684805808,1015.9864117895636,0.06262356547835125,1.4716365224082737,0.9966820974507367,0.0022241970119279567,2098.8,2242.6,0.021041486724629774,0.9,5.120095102993244,220,0.7289115605976979,1,1.2668986041900858,Noise (HM.RMSE) | Noise (HM.MAE),Noise (LM.RMSE) | Noise (LM.MAE),4.255369075501763,HM,,0,4,0.9,0.9,0.06067798762169179,2,0.5,1,0.05,0.021,60
91,Oct_22_91,Oct_22_91_FLM30_stem,FLM30,10/18/22,12:33:50,12:36:50,stem,Dead,AVGE,LGR,LGR3,B4,B,NA,NA,50,13.9,30.4,27.6,NA,no,Water,10,2022-10-18T12:33:50.000000Z,2022-10-18,Oct_2022,70,29,849,418.99555555555554,107.68,1366.9955555555557,0.07,0.029,0.4189955555555556,0.849,1.3669955555555555,2.3988676110993357,478.94772638665285,552.6032763704583,0.4661743669861106,8.709301659101303,9.910319704240461,1194.1586915289458,0.08866433397886522,3.696091171043523,0.8213495158179631,3.432797683991869e-61,2.4107008019823506,478.88486796716614,6935.3134182201675,0.46847392292816914,8.711245417563784,9.914801575114193,1196.4075948778998,0.3542714988795383,14.695788817435007,0.8211892265549848,7.2559297958902e-5,494.082,540.491,0.011327362810816756,0.35,5.145859105485327,160,1.3319267628174591,1,1.0049328236490684,Noise (HM.RMSE) | Noise (HM.MAE) | Noise (HM.SE),Noise (LM.RMSE) | Noise (LM.MAE) | Noise (LM.SE),2.4107008019823506,HM,SE | AICc | Intercept,2,2,0.35,0.35,0.027669929526473316,2,0.5,1,0.05,0.011,60,0.5739714534371988,1955.06337164254,1972.686763147062,0.11154045256026597,3.900800872254959,8.052674721152338,1127.7355526962585,0.07204460221337906,12.551948669562506,0.2820741528782582,3.024150814015459e-13,0.5742265365230119,1955.0610154580763,6824.186249366368,0.11159002311410045,3.897412776834487,8.053207648125687,1129.8609479959637,0.2870377924689231,49.986856094627754,0.28198045527350357,2.2917879034409367e-5,1962.33,2049.25,0.029127504370671665,0.9,5.145859105485327,160,0.12393383617807328,1,1.0004444177219713,Noise (HM.RMSE) | Noise (HM.MAE) | Noise (HM.SE),Noise (LM.RMSE) | Noise (LM.MAE),0.5742265365230119,HM,SE | AICc,2,2,0.9,0.9,0.07115124735378853,2,0.5,1,0.05,0.029,60
92,Oct_22_92,Oct_22_92_FLM30_stem,FLM30,10/18/22,12:57:40,13:00:40,stem,Dead,AVGE,LGR,LGR3,B4,B,NA,NA,100,13.5,31.4,27.6,NA,no,Water,10,2022-10-18T12:57:40.000000Z,2022-10-18,Oct_2022,70,29,849,418.99555555555554,107.68,1366.9955555555557,0.07,0.029,0.4189955555555556,0.849,1.3669955555555555,4.420280595473106,529.5888497961255,699.6183403193576,0.8587348006223843,0.7669914295430528,0.9505965645111959,553.4316507293707,0.006037138128906565,0.13657816508502454,0.999628930526376,0,4.479691532989407,529.2052461154163,6812.8817575033745,0.8702766560500912,0.8142462809856522,1.0158543345285127,582.0725284272196,0.026108825044987335,0.5828264033966705,0.9995766343543709,1.384980042293523e-4,529.326,698.369,0.009053275645432231,0.35,5.1474338669743265,200,2.4535280017782406,1,1.0134405353309799,Noise (HM.RMSE) | Noise (HM.MAE) | Noise (HM.SE),Noise (LM.RMSE) | Noise (LM.MAE),4.420280595473106,LM,RMSE | MAE | SE | AICc,4,0,0.35,0.35,0.024748737341529162,2,0.5,1,0.05,0.0091,60,-0.02663682316377737,1960.0061004705192,1958.9814945945184,-0.005174777151519687,1.859355807082013,2.377315587210658,920.0866408962715,0.015098079576348329,-56.681232155641446,0.010504497678818447,0.07923148450201908,-0.026625767756741463,1960.0058564403007,23.02195736426958,-0.0051726294003641374,1.8593700034119955,2.3773264240556227,922.1711434927272,0.015222425196581457,-57.171779366727336,0.010495479560327148,2.670455548356161e-6,1953.75,1958.5300000000002,0.023279851659682882,0.9,5.1474338669743265,200,0.00574975239057743,1,0.9995849577493557,Noise (HM.RMSE) | Noise (HM.MAE),Noise (LM.RMSE) | Noise (LM.MAE) | No detect. flux (p-val.),-0.026625767756741463,HM,AICc | p-value | Intercept,1,3,0.9,0.9,0.06363961030678927,2,0.5,1,0.05,0.023,60
94,Oct_22_94,Oct_22_94_FLM30_stem,FLM30,10/18/22,13:17:30,13:20:30,stem,Dead,AVGE,LGR,LGR3,C1,C,NA,NA,0,19.8,30.6,30.3,NA,no,Water,13,2022-10-18T13:17:30.000000Z,2022-10-18,Oct_2022,70,29,849,1064.6016666666667,213.35,2012.6016666666667,0.07,0.029,1.064601666666667,0.849,2.012601666666667,1.76442401243679,611.6362539600298,677.7293648667896,0.4654444430053512,1.2142776747026243,1.4428795316581322,520.4182741331157,0.0111517709648148,0.6320346405518162,0.9943198311026866,1.47742336895768e-161,2.259296443055441,608.708862439177,775.6170335511341,0.5959888139753955,0.534263925823572,0.674670436036769,303.6051536758451,0.024958840433419078,1.1047173782854758,0.9987581061859607,0.003570758759171974,609.543,674.582,0.00927827235894258,0.35,3.790836992367969,144,1.329841265729575,1,1.2804725095161216,Noise (HM.RMSE) | Noise (HM.MAE),Noise (LM.RMSE) | Noise (LM.MAE),2.259296443055441,HM,,0,4,0.35,0.35,0.029166666666666664,2,0.5,1,0.05,0.0093,60,0.23103933610089913,2444.1568482040816,2452.8112920095996,0.060946787362803234,3.2982806237507827,4.633139652253475,856.3973338241747,0.035808749875713655,15.49898406047848,0.2212549099672615,1.622704018540534e-9,0.23113782242228326,2444.156005890638,5123.033751399022,0.06097276746207482,3.2985625464277017,4.633368588089059,858.5279055364641,0.14279723090575705,61.78012296268412,0.2211786728310282,2.2760563659281033e-5,2458.7,2454.4199999999996,0.023858414637280924,0.9,3.790836992367969,144,0.06771865262533691,1,1.0004262751228696,Noise (HM.RMSE) | Noise (HM.MAE),Noise (LM.RMSE) | Noise (LM.MAE),0.23113782242228326,HM,AICc | Intercept,1,3,0.9,0.9,0.075,2,0.5,1,0.05,0.024,60
98,Oct_22_98,Oct_22_98_FLM30_stem,FLM30,10/18/22,14:16:00,14:19:00,stem,Dead,RHMA,LGR,LGR3,B4,B,NA,NA,50,10.5,30.8,29.9,NA,no,Water,13,2022-10-18T14:16:00.000000Z,2022-10-18,Oct_2022,70,29,849,418.99555555555554,107.68,1366.9955555555557,0.07,0.029,0.4189955555555556,0.849,1.3669955555555555,1.639162397620827,461.78646319461683,517.6112076604526,0.32083186474618264,0.8293124499137273,1.0332213182549066,517.1097567426881,0.007939294319102435,0.48435068609589726,0.99591126729875,5.9375727639161926e-210,1.9407681992090546,460.14062179752824,652.3147692552939,0.3798649122845279,0.589233914780937,0.7316318187085858,397.708071061388,0.02541305906061056,1.3094329900380406,0.9979498427539459,0.0019766702093371395,459.578,514.404,0.01021820197889387,0.35,5.109100989446935,176,0.916662470703379,1,1.1839999514544717,Noise (HM.RMSE) | Noise (HM.MAE),Noise (LM.RMSE) | Noise (LM.MAE),1.9407681992090546,HM,,0,4,0.35,0.35,0.026382242650554315,2,0.5,1,0.05,0.01,60,0.08883727318758426,1953.4403236140201,1956.4658432830515,0.017388044074893298,1.1402722207616203,1.4731616785094224,641.9745328496509,0.011319805291148448,12.742180038829112,0.25718512996190757,4.127955994781582e-13,0.20000764759583797,1952.9146517457104,1956.7446164722958,0.0391473270951117,1.1392010956896519,1.4584829268280342,640.5439569222146,0.08224604653750625,41.121450867570594,0.2719143655183155,0.010221328364560201,1950.6,1955.75,0.02627537651715566,0.9,5.109100989446935,176,0.019320048972103668,1,2.251393366988111,Noise (HM.RMSE) | Noise (HM.MAE) | Exaggerated curvature (g-fact),Noise (LM.RMSE) | Noise (LM.MAE),0.08883727318758426,LM,g-fact. > 2 | Intercept,0,4,0.9,0.9,0.06784005252999682,2,0.5,1,0.05,0.026,60
100,Oct_22_100,Oct_22_100_FLM30_root,FLM30,10/18/22,14:33:00,14:36:00,root,Dead,RHMA,LGR,LGR3,A6,A,NA,NA,na,4,30.9,29.9,NA,no,Water,13,2022-10-18T14:33:00.000000Z,2022-10-18,Oct_2022,70,29,849,212.53666666666663,40.45,1160.5366666666666,0.07,0.029,0.21253666666666665,0.849,1.1605366666666663,1.4425914908197917,462.086086570659,476.33088060164187,0.12495433360511274,0.5122152796693866,0.6127058235903666,221.75810317454403,0.01999883360962019,1.3863130163242066,0.9783724119956223,5.707160133376701e-97,1.5475580837433314,461.9172311158909,569.8263241870687,0.13404632586558735,0.5106922272196083,0.6079349566869707,222.0906274695596,0.08337284920841984,5.387380938022844,0.97870790946411,0.0012422152948423832,461.752,476.788,0.03513680330208097,0.35,11.544949656398034,116,0.35701238172889355,1,1.0727625204997497,Noise (HM.RMSE) | Noise (HM.MAE) | Noise (HM.SE),Noise (LM.RMSE) | Noise (LM.MAE),1.5475580837433314,HM,SE | AICc,2,2,0.35,0.35,0.03249668418098407,2,0.5,1,0.05,0.035,60,0.23619914428364133,1959.5732197425066,1961.9055558071695,0.020459088286516987,1.3057827991025013,1.6825364133424545,456.11818794937835,0.05491830577908695,23.25084874699543,0.13206170916934667,3.606653427470237e-5,0.2367438810982782,1959.5722499708022,2309.8044121454104,0.02050627227872565,1.3057156989945866,1.682572792863197,458.26927880639397,0.21914464575990342,92.5661287393236,0.13202453183959295,5.8550511613214576e-5,1959.41,1959.8899999999999,0.09035177991963679,0.9,11.544949656398034,116,0.022732320318352206,1,1.002306260745732,Noise (HM.RMSE) | Noise (HM.MAE) | Noise (HM.SE),Noise (LM.RMSE) | Noise (LM.MAE),0.2367438810982782,HM,SE | AICc | Intercept,2,2,0.9,0.9,0.08356290217967334,2,0.5,1,0.05,0.09,60
101,Oct_22_101,Oct_22_101_FLM30_stem,FLM30,10/18/22,14:52:10,14:55:10,stem,Dead,AVGE,LGR,LGR3,B4,B,NA,NA,0,11.3,31.6,29.7,NA,no,Water,21,2022-10-18T14:52:10.000000Z,2022-10-18,Oct_2022,70,29,849,418.99555555555554,107.68,1366.9955555555557,0.07,0.029,0.4189955555555556,0.849,1.3669955555555555,1.5480938499765475,442.0227243650531,497.15200779024474,0.3029081506878662,0.5395451360595003,0.6663198909066493,378.9000837471296,0.004753229482602395,0.30703755348387973,0.9982777763110501,1.0946442181267695e-253,1.636714164088454,441.50279180957443,964.8043955000717,0.3202480654878779,0.5034986228773322,0.6239412076524626,356.8075627574133,0.018524795654791724,1.1318283950398182,0.998489880411636,6.119760826823037e-4,442.248,497.711,0.009774696473079048,0.35,5.110769870209903,184,0.8654518591081892,1,1.0572447943729308,Noise (HM.RMSE) | Noise (HM.MAE),Noise (LM.RMSE) | Noise (LM.MAE),1.636714164088454,HM,,0,4,0.35,0.35,0.025802342327106997,2,0.5,1,0.05,0.0098,60,10.668472375322105,2298.4515383303105,2678.367289111098,2.087449180114217,2.816553167465681,3.357949096070219,974.0723005826864,0.023954114025923838,0.22453180908387185,0.9990782598252335,2.159369597854832e-278,11.707700680401759,2292.401038581176,4525.433641202982,2.290790033150312,1.596477133636414,2.004240060861735,786.250351724727,0.061187662222661574,0.5226274901705283,0.9996716327940705,0.001025865018925695,2291.51,2676.61,0.025134933787917556,0.9,5.110769870209903,184,2.3193879779046855,1,1.0974111633342705,Noise (HM.RMSE) | Noise (HM.MAE),Noise (LM.RMSE) | Noise (LM.MAE),11.707700680401759,HM,,0,4,0.9,0.9,0.06634888026970372,2,0.5,1,0.05,0.025,60
103,Oct_22_103,Oct_22_103_FLM30_stem,FLM30,10/18/22,15:12:15,15:15:15,stem,Dead,AVGE,LGR,LGR3,B4,B,NA,NA,100,9.9,30.5,29.7,NA,no,Water,21,2022-10-18T15:12:15.000000Z,2022-10-18,Oct_2022,70,29,849,418.99555555555554,107.68,1366.9955555555557,0.07,0.029,0.4189955555555556,0.849,1.3669955555555555,1.456571082254279,447.08190203633,514.3341846299013,0.2849672991253022,0.5071637541549637,0.622839033172517,456.1469342737595,0.0030348062060821155,0.20835277063068303,0.9989722150944208,0,1.4923182862445041,446.80835010500743,1863.382375308808,0.29196097371934265,0.4974749932577865,0.6106270047994307,448.79038447813645,0.012078730565653284,0.8093937249841004,0.9990121257515141,2.0610357702792033e-4,446.619,514.386,0.00754842519645039,0.35,5.11136220445355,238,0.8141922832151492,1,1.0245420250516717,Noise (HM.RMSE) | Noise (HM.MAE),Noise (LM.RMSE) | Noise (LM.MAE),1.4923182862445041,HM,,0,4,0.35,0.35,0.022687130324325754,2,0.5,1,0.05,0.0075,60,0.1951471316367886,1951.4873963866441,1960.4976604266596,0.038179084915319864,1.3481324769506038,1.6598734663594992,922.726200112169,0.008087794805280844,4.144459996641916,0.710335907063579,1.188677265310889e-65,0.19738711477554632,1951.4699198002352,2333.245946613856,0.03861732095674264,1.3484374470607463,1.6600640142138021,924.8499498816258,0.032535500597735405,16.48309244234727,0.7102699099741152,1.0115177026449387e-4,1950.77,1961.29,0.019410236219443863,0.9,5.11136220445355,238,0.0424212054614665,1,1.0114784322985941,Noise (HM.RMSE) | Noise (HM.MAE),Noise (LM.RMSE) | Noise (LM.MAE),0.19738711477554632,HM,AICc,1,3,0.9,0.9,0.0583383351196948,2,0.5,1,0.05,0.019,60
85,Oct_22_85,Oct_22_85_FLM30_stem,FLM30,10/18/22,11:19:35,11:22:35,stem,Dead,AVGE,LGR,LGR3,B4,B,NA,NA,50,36.7,30.2,25.9,NA,no,Water,10,2022-10-18T11:19:35.000000Z,2022-10-18,Oct_2022,70,29,849,418.99555555555554,107.68,1366.9955555555557,0.07,0.029,0.4189955555555556,0.849,1.3669955555555555,1.9144527063666534,434.156331340904,531.4283050753122,0.36985541343881473,2.9558142041899425,3.580477382244628,1434.142330036215,0.015022361425399316,0.7846817722601006,0.9840038802072065,2.0239593450249492e-238,2.9176585384542344,426.412296197481,594.4412659841565,0.5636659508091336,1.4773577783641765,1.7395406771465078,1053.6104516073722,0.03990591838964435,1.3677377891789344,0.9962242610862264,0.0033545760086772345,429.429,526.275,0.006862411868726271,0.35,5.176219238124959,265,1.0567297526823278,1,1.52401703565272,Noise (HM.RMSE) | Noise (HM.MAE) | Noise (HM.SE),Noise (LM.RMSE) | Noise (LM.MAE),2.9176585384542344,HM,SE,1,3,0.35,0.35,0.02150032908918829,2,0.5,1,0.05,0.0069,60,2.0990532029494253,2002.621066104477,2109.2724591346678,0.4055186046775308,16.721754963527005,27.92263124833793,2522.73126003395,0.1171530535678781,5.581233167566396,0.5479649982849237,1.8136520285966958e-47,6.752405698300492,1971.4768663710643,2102.180927390764,1.3045053518147527,13.288548794262235,24.89360277880819,2463.935021344886,0.9898704060140486,14.659522105776146,0.6407184688788198,0.009980603063420801,1983.1499999999999,1968.51,0.01764620194815327,0.9,5.176219238124959,265,0.4505762274194787,1,3.2168816344495412,Noise (HM.RMSE) | Noise (HM.MAE) | Noise (HM.SE) | Exaggerated curvature (g-fact),Noise (LM.RMSE) | Noise (LM.MAE),2.0990532029494253,LM,SE | g-fact. > 2 | Intercept,1,3,0.9,0.9,0.05528656051505561,2,0.5,1,0.05,0.018,60
102,Oct_22_102,Oct_22_102_FLM30_stem,FLM30,10/18/22,15:01:30,15:04:31,stem,Dead,AVGE,LGR,LGR3,B4,B,NA,NA,50,11.3,30.3,29.7,NA,no,Water,21,2022-10-18T15:01:30.000000Z,2022-10-18,Oct_2022,70,29,849,418.99555555555554,107.68,1366.9955555555557,0.07,0.029,0.4189955555555556,0.849,1.3669955555555555,1.3892923164704034,456.5834158419553,516.1152971149792,0.27183507430604503,0.47560926187274305,0.5997642004905326,407.3227652695659,0.003257958246372273,0.23450487760915206,0.9987916193558513,1.04e-321,1.4537511005308463,456.12915213412293,1140.2754991195068,0.2844473648564341,0.4430667761956799,0.564497208315456,382.61164722110686,0.012704692930570654,0.8739249054347374,0.9989295502669767,4.1576976345751224e-4,456.027,516.101,0.00813080424535107,0.35,5.110791239934958,221,0.7766716408744144,1,1.0463968477305086,Noise (HM.RMSE) | Noise (HM.MAE),Noise (LM.RMSE) | Noise (LM.MAE),1.4537511005308463,HM,,0,4,0.35,0.35,0.023543547789870934,2,0.5,1,0.05,0.0081,60,2.2503194583115564,2367.9345069523797,2464.3618385012423,0.4403074499948064,2.9588578105787677,3.576202836940483,1196.522727984241,0.0194261670066019,0.863262632994233,0.9838683802701862,1.8146416114532893e-198,2.2575448128595466,2367.8799844128866,14098.591210924282,0.4417211947964983,2.9817304855791176,3.6017467312056404,1201.7431843202346,0.07859709103657594,3.481529606361168,0.9836391119338196,3.765510771403262e-5,2373.84,2469.8,0.020907782345188468,0.9,5.110791239934958,221,0.48923049999422935,1,1.003210812812067,Noise (HM.RMSE) | Noise (HM.MAE),Noise (LM.RMSE) | Noise (LM.MAE),2.2575448128595466,HM,AICc,1,3,0.9,0.9,0.06054055145966812,2,0.5,1,0.05,0.021,60
104,Oct_22_104,Oct_22_104_FLM30_stem,FLM30,10/18/22,15:26:56,15:30:07,stem,Dead,AVGE,LGR,LGR3,B4,B,NA,NA,0,14.6,29.4,28.8,NA,no,Water,12,2022-10-18T15:26:56.000000Z,2022-10-18,Oct_2022,70,29,849,418.99555555555554,107.68,1366.9955555555557,0.07,0.029,0.4189955555555556,0.849,1.3669955555555555,0.6714344707772077,480.262854388343,503.31110392524766,0.13095596327786757,0.44406508196508737,0.5647205756656971,307.85302421674606,0.0042711364788174475,0.6361211204830555,0.9928883430154039,3.443406557702847e-191,0.7285961764564152,479.94301585224133,631.740473377129,0.14210472991947543,0.431064439894082,0.5462241929406304,298.0909548207533,0.017572815128928394,2.411873091949942,0.9933465723092173,9.361469700253505e-4,479.675,502.627,0.010138486617678584,0.35,5.12717751808317,178,0.3741598950796216,1,1.0851337072596836,Noise (HM.RMSE) | Noise (HM.MAE),Noise (LM.RMSE) | Noise (LM.MAE),0.7285961764564152,HM,,0,4,0.35,0.35,0.026233609114855148,2,0.5,1,0.05,0.01,60,2.0988909912346276,2004.415491582091,2076.4638677411826,0.4093657736312029,7.222348970730085,8.564326751331562,1275.8276154189691,0.06477435032538773,3.0861226521957486,0.8556236223692893,4.275021107366591e-76,3.522592985695377,1997.0743277749175,2108.2277652916246,0.6870433046781501,6.509472049546642,7.8459740193085885,1246.7335226707355,0.3491590726924872,9.911990233057297,0.8788276820184497,0.006181035153095316,2008.34,2063.4100000000003,0.026070394159744933,0.9,5.12717751808317,178,0.45485085959022536,1,1.6783115466245757,Noise (HM.RMSE) | Noise (HM.MAE) | Noise (HM.SE) | Intercept (HM),Noise (LM.RMSE) | Noise (LM.MAE),3.522592985695377,HM,SE | Intercept (HM),1,3,0.9,0.9,0.06745785200962753,2,0.5,1,0.05,0.026,60
95,Oct_22_95,Oct_22_95_FLM30_stem,FLM30,10/18/22,13:26:34,13:29:50,stem,Dead,AVGE,LGR,LGR3,C1,C,NA,NA,50,19.7,31.7,30.3,NA,no,Water,13,2022-10-18T13:26:34.000000Z,2022-10-18,Oct_2022,70,29,849,1064.6016666666667,213.35,2012.6016666666667,0.07,0.029,1.064601666666667,0.849,2.012601666666667,2.392902902506121,489.2939395136779,577.0495020171319,0.6313349820392373,1.0662795631409578,1.2698392443820974,473.68291717688726,0.010125247722060285,0.42313658909669805,0.9974995987592848,5.96332297195888e-183,2.43434323407643,489.04300038167946,3080.569034691284,0.6422684515754398,1.0681202289926937,1.2646627641806247,474.6499341810284,0.040678741660503386,1.6710355832765946,0.9975199433692242,2.4783407269398446e-4,490.876,574.028,0.009475567529843461,0.35,3.7902270119373846,141,1.8038142343978207,1,1.0173180163419535,Noise (HM.RMSE) | Noise (HM.MAE) | Noise (HM.SE),Noise (LM.RMSE) | Noise (LM.MAE),2.43434323407643,HM,SE | AICc,2,2,0.35,0.35,0.02947531723732816,2,0.5,1,0.05,0.0095,60,0.07252286654063964,1956.2160638297867,1958.8757141402825,0.01913417489565338,2.3362558924163204,2.9324542813442167,709.702647372712,0.02338235029637516,32.241348710716494,0.058000061863481944,0.0023313269208989538,0.07244149705433903,1956.216422311753,4668.578794946264,0.019112706660098008,2.336101741524591,2.9324977056648027,711.8257584147971,0.09286087977822195,128.18741129627148,0.057972561925483834,7.046516664929945e-6,1959.6299999999999,1961.51,0.02436574507674033,0.9,3.7902270119373846,141,0.021260194328503755,1,0.9988780161322635,Noise (HM.RMSE) | Noise (HM.MAE),Noise (LM.RMSE) | Noise (LM.MAE),0.07244149705433903,HM,AICc | Intercept,1,3,0.9,0.9,0.07579367289598671,2,0.5,1,0.05,0.024,60
96,Oct_22_96,Oct_22_96_FLM30_stem,FLM30,10/18/22,13:37:42,13:41:02,stem,Dead,AVGE,LGR,LGR3,B4,B,NA,NA,100,17.5,31.9,30.3,NA,no,Water,13,2022-10-18T13:37:42.000000Z,2022-10-18,Oct_2022,70,29,849,418.99555555555554,107.68,1366.9955555555557,0.07,0.029,0.4189955555555556,0.849,1.3669955555555555,0.09580437534948123,507.2126330201349,509.9929508724836,0.018785931434788843,0.5382506209970692,0.6629298645545667,306.5055484818846,0.006482994993465531,6.7669090997320875,0.5949458747403038,7.297342255097434e-31,0.3831425222925892,506.23032422124606,509.58121825178046,0.07512902335915717,0.4696708492362598,0.5773198877289635,267.41254782303594,0.06477938467515618,16.907385869764408,0.692807273681523,0.02242059064672236,506.577,509.075,0.011979381245733585,0.35,5.099793730326584,149,0.053674089813682414,1,3.999217372848973,Noise (HM.RMSE) | Noise (HM.MAE) | Noise (HM.SE) | Exaggerated curvature (g-fact),Noise (LM.RMSE) | Noise (LM.MAE),0.09580437534948123,LM,SE | g-fact. > 2 | Intercept,1,3,0.35,0.35,0.028673117218166417,2,0.5,1,0.05,0.012,60,-0.13083204911006474,1947.106544966443,1943.3096966442952,-0.025654380555051672,1.4734432459214648,1.8988169871645926,620.096054204003,0.018569115195265364,-14.19309360479692,0.24736175937307958,6.620527092405539e-11,-0.16048852373321149,1947.2424786512206,1936.1125631148864,-0.03146961077638213,1.474503226228886,1.8981826795346188,622.1087499829171,0.08628905055456258,-53.7664927979557,0.24786451921504127,0.002827479748040118,1946.47,1942.1,0.030804123203314937,0.9,5.099793730326584,149,0.028504867283390745,1,1.2266759163742649,Noise (HM.RMSE) | Noise (HM.MAE),Noise (LM.RMSE) | Noise (LM.MAE),-0.16048852373321149,HM,AICc | Intercept,1,3,0.9,0.9,0.07373087284671365,2,0.5,1,0.05,0.031,60
90,Oct_22_90,Oct_22_90_FLM30_stem,FLM30,10/18/22,12:24:20,12:27:46,stem,Dead,AVGE,LGR,LGR3,C1,C,NA,NA,0,16.3,31.2,27.6,NA,no,Water,10,2022-10-18T12:24:20.000000Z,2022-10-18,Oct_2022,70,29,849,1064.6016666666667,213.35,2012.6016666666667,0.07,0.029,1.064601666666667,0.849,2.012601666666667,0.6416314899023232,441.1754083445345,472.7168129576492,0.1677734287931633,0.6442576231677818,0.8031163565584437,462.0085190528756,0.004113146686717172,0.6410450159394957,0.9922928023124238,8.27248964360687e-201,0.7554860680333517,440.2774978969431,551.9963849011278,0.19754405766262487,0.5476309052728994,0.6974925407597282,410.5127441878592,0.0160964432941296,2.130607561835145,0.9941867541317162,0.0017682243616983517,441.127,471.588,0.0070822088535064795,0.35,3.824392780893499,190,0.4793526536947523,1,1.1774454339021934,Noise (HM.RMSE) | Noise (HM.MAE),Noise (LM.RMSE) | Noise (LM.MAE),0.7554860680333517,HM,,0,4,0.35,0.35,0.02539166875385041,2,0.5,1,0.05,0.0071,60,41.216825909208765,4038.337691267104,6064.479804504985,10.777351666158937,28.273767187200573,34.20561744683033,1887.633830572338,0.17518348483331764,0.42502905298726,0.996597277512415,3.4684405907005643e-234,47.30580543446438,3990.095445971551,12302.501265828769,12.369494490943017,23.561218942411955,27.221584961185236,1802.9367437052383,0.6162946564480932,1.3027886340544055,0.9978449444020896,0.0014880763474509342,3938.72,6062.2699999999995,0.01821139419473095,0.9,3.824392780893499,190,11.97483518462104,1,1.1477304326798052,Noise (HM.RMSE) | Noise (HM.MAE) | Noise (HM.SE),Noise (LM.RMSE) | Noise (LM.MAE) | Noise (LM.SE),47.30580543446438,HM,SE,1,3,0.9,0.9,0.06529286250990106,2,0.5,1,0.05,0.018,60
97,Oct_22_97,Oct_22_97_FLM30_stem,FLM30,10/18/22,13:49:26,13:53:10,stem,Dead,RHMA,LGR,LGR3,B4,B,NA,NA,0,11,31,29.9,NA,no,Water,13,2022-10-18T13:49:26.000000Z,2022-10-18,Oct_2022,70,29,849,418.99555555555554,107.68,1366.9955555555557,0.07,0.029,0.4189955555555556,0.849,1.3669955555555555,0.29388225994005995,476.6719116961789,485.7045071431099,0.05753245507599374,0.5720707160382263,0.7326430305840362,358.44854371782304,0.006508890842938264,2.214795423264342,0.928038018530989,7.679534974900532e-92,0.41576300765714397,476.107555111799,493.71281007606285,0.08139268619063077,0.5568182925046142,0.6920094080054894,342.4086722915395,0.03140499068365437,7.553579829197377,0.93579893011901,0.004623204057870578,475.986,485.363,0.011315439352213158,0.35,5.108112621856226,159,0.16437844307426785,1,1.4147264545397968,Noise (HM.RMSE) | Noise (HM.MAE),Noise (LM.RMSE) | Noise (LM.MAE),0.41576300765714397,HM,,0,4,0.35,0.35,0.027756805500135043,2,0.5,1,0.05,0.011,60,0.5436143085141893,1946.9063583411,1963.614573831798,0.1064217547178211,3.4207397994651463,4.288013730457047,920.329205282359,0.03809524166539391,7.0077702276667635,0.5618770250126556,3.751088110805644e-30,0.5436962151518573,1946.9049654654532,7235.571980956109,0.10643778933642319,3.420319191537192,4.288954723668909,922.5038834310354,0.15020502213407236,27.626644796877848,0.561687494822311,2.0125636389030335e-5,1949.65,1960.26,0.029096844048548124,0.9,5.108112621856226,159,0.11824639413091234,1,1.0001506704963152,Noise (HM.RMSE) | Noise (HM.MAE) | Noise (HM.SE),Noise (LM.RMSE) | Noise (LM.MAE),0.5436962151518573,HM,SE | AICc | Intercept,2,2,0.9,0.9,0.07137464271463297,2,0.5,1,0.05,0.029,60
106,Oct_22_106,Oct_22_106_FLM30_stem,FLM30,10/18/22,15:52:25,15:56:23,stem,Dead,AVGE,LGR,LGR3,B4,B,NA,NA,100,10.9,31,28.8,NA,no,Water,12,2022-10-18T15:52:25.000000Z,2022-10-18,Oct_2022,70,29,849,418.99555555555554,107.68,1366.9955555555557,0.07,0.029,0.4189955555555556,0.849,1.3669955555555555,0.6040761566183452,517.6478444647481,537.4470033284307,0.11785213609334881,0.4871090846520246,0.6142107025341581,322.8618159744717,0.004983210721099172,0.8249308744439585,0.9886293589703695,1.8218416389643853e-165,0.756523982500378,516.8577199200784,570.6492791151869,0.14759391902277433,0.4061709672716133,0.5090284865414186,261.09608411089596,0.01952992448946265,2.58153408764578,0.9921902997678693,0.002743811877388293,516.737,536.727,0.010615380732520519,0.35,5.125712410845622,170,0.3367203888381395,1,1.2523652427128475,Noise (HM.RMSE) | Noise (HM.MAE),Noise (LM.RMSE) | Noise (LM.MAE),0.756523982500378,HM,,0,4,0.35,0.35,0.02684377460965796,2,0.5,1,0.05,0.011,60,-0.3649294637690271,1999.551328240493,1987.5904250529725,-0.07119585230666937,1.4156933506915734,1.768138854586562,682.3590291926689,0.014345253933568135,-3.9309662161583105,0.792674812029253,1.660983318576925e-59,-0.6234590842806631,2000.8043369738493,1982.8040924273503,-0.1216336451029657,1.3512672004216242,1.6893719993414187,668.9628585618625,0.08183882824436155,-13.12657563387433,0.8107351715330844,0.006757332923380905,1998.1599999999999,1988.26,0.027296693312195617,0.9,5.125712410845622,170,0.07910650256296597,1,1.7084372356277209,Noise (HM.RMSE) | Noise (HM.MAE),Noise (LM.RMSE) | Noise (LM.MAE),-0.6234590842806631,HM,Intercept,0,4,0.9,0.9,0.06902684899626334,2,0.5,1,0.05,0.027,60
93,Oct_22_93,Oct_22_93_FLM30_stem,FLM30,10/18/22,13:07:10,13:17:30,stem,Dead,AVGE,LGR,LGR3,B4,B,NA,NA,50,13.9,30.4,27.6,NA,no,Water,10,2022-10-18T13:07:10.000000Z,2022-10-18,Oct_2022,70,29,849,418.99555555555554,107.68,1366.9955555555557,0.07,0.029,0.4189955555555556,0.849,1.3669955555555555,1.9538648896023487,540.3850886339626,611.7481688123456,0.37959085201267545,1.0980441142317419,1.3522083115361825,659.986510962081,0.009308217617760838,0.47640027042275424,0.99572873349735,6.62145781585739e-225,2.413512714891028,537.7210499431694,741.7509452302588,0.46888981559792775,0.5352840195750841,0.699939483396504,411.84352684666254,0.022567244155025395,0.9350373012658574,0.9988555667875347,0.0022981427056959244,536.09,609.319,0.009532021899088338,0.35,5.147291825507703,190,1.084545291464787,1,1.2352505681097667,Noise (HM.RMSE) | Noise (HM.MAE),Noise (LM.RMSE) | Noise (LM.MAE),2.413512714891028,HM,,0,4,0.35,0.35,0.02539166875385041,2,0.5,1,0.05,0.0095,60,0.05838148552369063,1946.2496402249913,1948.381969156501,0.011342175167605184,1.5270701780464893,1.9307985074699447,795.3404625570607,0.013291068047910859,22.765895606608836,0.08825308591123016,1.8685246492943977e-5,0.0970969306417761,1946.0399938423116,1949.3325711879418,0.018863692585022407,1.5265694124801186,1.9290046616064809,797.0744360289083,0.07781102724094166,80.13747368391411,0.08994645128520762,0.005729157011317483,1946.15,1951.33,0.02451091345479859,0.9,5.147291825507703,190,0.012602416852894649,1,1.663145940374798,Noise (HM.RMSE) | Noise (HM.MAE),Noise (LM.RMSE) | Noise (LM.MAE),0.0970969306417761,HM,AICc,1,3,0.9,0.9,0.06529286250990106,2,0.5,1,0.05,0.025,60
105,Oct_22_105,Oct_22_105_FLM30_stem,FLM30,10/18/22,15:36:27,15:49:57,stem,Dead,AVGE,LGR,LGR3,B4,B,NA,NA,50,10.4,30.8,28.8,NA,no,Water,12,2022-10-18T15:36:27.000000Z,2022-10-18,Oct_2022,70,29,849,418.99555555555554,107.68,1366.9955555555557,0.07,0.029,0.4189955555555556,0.849,1.3669955555555555,0.802279642985415,435.6416966372587,465.0618898999731,0.15649038969528944,0.3867634080315365,0.49049153933307893,274.6337201830391,0.0033687474469714634,0.4198969120587179,0.9966786851528588,3.560961492162001e-235,0.8160656150211494,435.5574660356754,1304.3631131293662,0.15917944226575292,0.38453196846758114,0.4895285616684354,275.97412021305945,0.013563346055904408,1.6620411160875708,0.996691792366622,1.832163992007147e-4,435.32,464.862,0.009493893174261196,0.35,5.126702314101046,190,0.4471153991293985,1,1.0171834997388622,Noise (HM.RMSE) | Noise (HM.MAE),Noise (LM.RMSE) | Noise (LM.MAE),0.8160656150211494,HM,AICc,1,3,0.35,0.35,0.02539166875385041,2,0.5,1,0.05,0.0095,60,0.03548826177681953,1998.4156294170034,1999.7170104618303,0.00692223960014388,1.373391016071654,1.738015504284779,755.3683749507891,0.011936873163637266,33.6361167495509,0.03982294683575094,0.003335225406251701,0.09336155491467495,1997.950850256949,2000.3185458051737,0.01821083987222801,1.339823673789854,1.701917549325373,749.4799813517942,0.07713410837374456,82.61870578766496,0.07929380959997367,0.007691377333493199,1994.79,1998.34,0.02441286816238594,0.9,5.126702314101046,190,0.007691377333493199,1,2.6307728313607486,Noise (HM.RMSE) | Noise (HM.MAE) | Exaggerated curvature (g-fact),Noise (LM.RMSE) | Noise (LM.MAE),0.03548826177681953,LM,g-fact. > 2 | Intercept,0,4,0.9,0.9,0.06529286250990106,2,0.5,1,0.05,0.024,60
88,Oct_22_88,Oct_22_88_FLM30_stem,FLM30,10/18/22,11:58:25,12:21:25,stem,Dead,AVGE,LGR,LGR3,B4,B,NA,NA,50,11.2,31,29.2,NA,no,Water,10,2022-10-18T11:58:25.000000Z,2022-10-18,Oct_2022,70,29,849,418.99555555555554,107.68,1366.9955555555557,0.07,0.029,0.4189955555555556,0.849,1.3669955555555555,1.0662051530160142,503.2514689584139,544.7120270522728,0.20834451303446694,0.6350476974739655,0.7856978258206246,479.5795493507056,0.004948547455324673,0.46412713738313244,0.9957101094521923,9.218964328416001e-238,1.0921071217252467,503.0847218589827,1383.0740048754997,0.2134059527040218,0.6303114881704269,0.7829087980133881,480.23226688277657,0.01998428827227104,1.8298835228453627,0.995740522545344,2.4250971781438873e-4,503.781,544.301,0.008955642702571922,0.35,5.117510115755385,201,0.5952700372413342,1,1.0242936067566009,Noise (HM.RMSE) | Noise (HM.MAE),Noise (LM.RMSE) | Noise (LM.MAE),1.0921071217252467,HM,AICc,1,3,0.35,0.35,0.024687096555050938,2,0.5,1,0.05,0.009,60,0.07756327746978042,1945.4064875635204,1948.4226207742718,0.015156448295233407,1.7188849023670811,2.155933207169686,885.3610341405893,0.013578678005181649,17.50658101119059,0.13654845025259565,4.0209592399181955e-8,0.07759431295568511,1945.4062028553908,2842.800250761926,0.015162512862806832,1.7188530696223947,2.1559972856888012,887.45523640471,0.05411834905893913,69.74525193598487,0.13649764471245263,1.689615938302505e-5,1944.97,1952.34,0.023028795520899235,0.9,5.117510115755385,201,0.016840498105814897,1,1.0004001311821407,Noise (HM.RMSE) | Noise (HM.MAE),Noise (LM.RMSE) | Noise (LM.MAE),0.07759431295568511,HM,AICc,1,3,0.9,0.9,0.06348110542727385,2,0.5,1,0.05,0.023,60
111,Oct_22_111,Oct_22_111_SRS5_root,SRS5,10/19/22,14:01:26,14:04:15,root,Alive,RHMA,LGR,LGR3,A3,A,NA,NA,na,4.6,19.4,15.4,25.6,no,Sediment,NA,2022-10-19T14:01:26.000000Z,2022-10-19,Oct_2022,70,29,849,212.53666666666663,40.45,1160.5366666666666,0.07,0.029,0.21253666666666665,0.849,1.1605366666666663,-2.6220938974255596,536.6952323250122,498.8541588315172,-0.21623470567711386,0.6901630017394097,0.8577961171079165,454.1433220262341,0.015520404159907259,-0.5919087861478034,0.9938713102850603,9.10440821041921e-196,-3.1392285873334025,537.8903340925866,414.3762952046824,-0.2588809539969922,0.5323781822455593,0.6779294558740834,372.93273537519417,0.05581138888918561,-1.7778695414020242,0.9961720303054253,0.0020959637975399774,538.189,499.938,0.02411449751769127,0.35,12.126147323181897,177,0.6178134447917539,1,1.1972220332824768,Noise (HM.RMSE) | Noise (HM.MAE) | Noise (HM.SE),Noise (LM.RMSE) | Noise (LM.MAE),-3.1392285873334025,HM,SE,1,3,0.35,0.35,0.026307610980099008,2,0.5,1,0.05,0.024,60,-0.28859019280329584,2173.65666061112,2169.491835428432,-0.02379900104393337,1.64210341876159,2.089997263086436,769.3985848606876,0.03781504901836784,-13.103372866223046,0.24541783564581654,1.4348055459429144e-12,-0.7949633803351708,2174.6627664383864,2169.501138730278,-0.06555778675189085,1.6117366845972685,2.0422292030653946,763.307651970706,0.31011663489504404,-39.01017865304605,0.2795164569622578,0.012700990939138403,2173.6,2175.78,0.0620087079026347,0.9,12.126147323181897,177,0.026443334493259304,1,2.7546444756597146,Noise (HM.RMSE) | Noise (HM.MAE) | Noise (HM.SE) | Exaggerated curvature (g-fact) | Intercept (HM),Noise (LM.RMSE) | Noise (LM.MAE),-0.28859019280329584,LM,SE | g-fact. > 2 | Intercept (HM),1,3,0.9,0.9,0.0676481425202546,2,0.5,1,0.05,0.062,60
108,Oct_22_108,Oct_22_108_SRS5_stem,SRS5,10/19/22,13:29:00,13:32:00,stem,Alive,RHMA,LGR,LGR3,B5,B,NA,NA,50,10.8,20.1,15.4,25.6,no,Sediment,NA,2022-10-19T13:29:00.000000Z,2022-10-19,Oct_2022,70,29,849,418.99555555555554,107.68,1366.9955555555557,0.07,0.029,0.4189955555555556,0.849,1.3669955555555555,0.2933164485011259,429.774902162452,436.88243591576173,0.05467333656392079,0.5383839986358695,0.6504931668681533,267.26080859008715,0.008065059054145108,2.7496102231423785,0.9098223967477292,5.3612531908809325e-70,0.29492221316684597,429.76822608608205,1007.2547677226837,0.05497264644735894,0.5384517613020361,0.6510700229435891,269.62228016174066,0.032515507336568966,11.025113024692383,0.909663644640155,9.519294820545254e-5,430.649,436.786,0.014333676154176312,0.35,5.364890217705991,132,0.1562095330397737,1,1.00547451284756,Noise (HM.RMSE) | Noise (HM.MAE),Noise (LM.RMSE) | Noise (LM.MAE),0.29492221316684597,HM,AICc | Intercept,1,3,0.35,0.35,0.03046358979224712,2,0.5,1,0.05,0.014,60,0.08788894630692085,2169.6831975631194,2171.8128894219,0.016382245067542475,1.3941370340459254,1.7989973565538953,535.8158569564654,0.022304646163637396,25.378215464941817,0.09982124453180918,1.3210944819242365e-4,0.16310324947050966,2169.4148208931106,2172.434700438659,0.030401973358599697,1.3974598023080214,1.7947458944012267,537.3186839086122,0.14097590541645308,86.43353573525377,0.1040708936460053,0.010067280134869617,2169.61,2169.61,0.03685802439645337,0.9,5.364890217705991,132,0.01820249451949164,1,1.85578797248211,Noise (HM.RMSE) | Noise (HM.MAE),Noise (LM.RMSE) | Noise (LM.MAE),0.16310324947050966,HM,AICc | Intercept,1,3,0.9,0.9,0.07833494518006404,2,0.5,1,0.05,0.037,60
110,Oct_22_110,Oct_22_110_SRS5_root,SRS5,10/19/22,13:52:30,13:55:30,root,Alive,RHMA,LGR,LGR3,A2,A,NA,NA,na,6.2,18.9,15.4,25.6,no,Sediment,NA,2022-10-19T13:52:30.000000Z,2022-10-19,Oct_2022,70,29,849,212.53666666666663,40.45,1160.5366666666666,0.07,0.029,0.21253666666666665,0.849,1.1605366666666663,-0.4443658073912559,549.7481668216428,543.2607520721889,-0.036652060731378215,0.5105801539683333,0.6437865748718046,356.45822898900025,0.011446335075637618,-2.5758811513504525,0.8943069339549428,1.6321005891058012e-88,-0.4958702147010754,549.870423121685,517.2215696932749,-0.04090023337034776,0.511435289906685,0.6415553892681946,357.3080875510939,0.04930181137620672,-9.942482914793995,0.895038270120677,0.0012527310785976184,550.337,542.59,0.023839123220524106,0.35,12.123896952152261,179,0.10472017351822348,1,1.115905423984323,Noise (HM.RMSE) | Noise (HM.MAE) | Noise (HM.SE),Noise (LM.RMSE) | Noise (LM.MAE),-0.4958702147010754,HM,SE | AICc,2,2,0.35,0.35,0.026160228246317755,2,0.5,1,0.05,0.024,60,0.32038733191932045,2164.9309326431708,2169.608352615769,0.02642610154010296,1.5257524039772465,1.9079373719617272,745.3932817317425,0.0339225627175501,10.587985022482862,0.3313342189903815,2.111245482271613e-17,0.3207750388507742,2164.9296682977674,3084.5609253932344,0.02645808027870358,1.5260546996231361,1.9080819756243022,747.5131559282735,0.13545986770621862,42.22893034056652,0.3312343976878881,2.8770314269512663e-5,2162.14,2172.37,0.061300602567062004,0.9,12.123896952152261,179,0.02936233504455884,1,1.0012101194174288,Noise (HM.RMSE) | Noise (HM.MAE),Noise (LM.RMSE) | Noise (LM.MAE),0.3207750388507742,HM,AICc | Intercept,1,3,0.9,0.9,0.06726915834767423,2,0.5,1,0.05,0.061,60
112,Oct_22_112,Oct_22_112_SRS5_root,SRS5,10/19/22,14:16:01,14:19:01,root,Alive,RHMA,LGR,LGR3,A3,A,NA,NA,na,5.3,18,15.4,25.6,no,Sediment,NA,2022-10-19T14:16:01.000000Z,2022-10-19,Oct_2022,70,29,849,212.53666666666663,40.45,1160.5366666666666,0.07,0.029,0.21253666666666665,0.849,1.1605366666666663,0.39755375746109706,429.3204087220786,434.5657234541918,0.03278321707570771,0.53370430379832,0.6593096552246096,330.9219057601476,0.013585929517651406,3.417381740878369,0.8415782276282741,4.023638311734756e-66,0.4465264018053646,429.2158760078909,454.2887094674042,0.03682161641209596,0.5345470769352417,0.6577080236957732,332.23674779330935,0.05921094673099169,13.260346194893312,0.8423469866233269,0.001468586168035384,430.227,433.854,0.026362492028547048,0.35,12.126746333131642,162,0.09366633450202201,1,1.123184961593678,Noise (HM.RMSE) | Noise (HM.MAE) | Noise (HM.SE),Noise (LM.RMSE) | Noise (LM.MAE),0.4465264018053646,HM,SE | AICc | Intercept,2,2,0.35,0.35,0.027498597046143512,2,0.5,1,0.05,0.026,60,0.5785603868424701,2166.397896478429,2174.0314083332855,0.047709449092851706,1.3609277993000293,1.7481589601837195,646.8624639922128,0.03602307994506047,6.226330174739184,0.614786539712996,3.483319103519954e-35,1.0466700050384479,2165.497156143522,2176.420125133293,0.08631086824821486,1.3075452415744755,1.7092534167663753,641.6732251101222,0.21987808076500825,21.007392942050668,0.6317417148873201,0.00790177728500752,2164.4700000000003,2174.28,0.06778926521626384,0.9,12.126746333131642,162,0.053010498992057446,1,1.809093793563565,Noise (HM.RMSE) | Noise (HM.MAE) | Noise (HM.SE),Noise (LM.RMSE) | Noise (LM.MAE),1.0466700050384479,HM,SE | Intercept,1,3,0.9,0.9,0.07071067811865475,2,0.5,1,0.05,0.068,60
114,Oct_22_114,Oct_22_114_SRS5_stem,SRS5,10/19/22,14:45:58,14:49:00,stem,Alive,AVGE,LGR,LGR3,B5,B,NA,NA,50,10.3,19.9,18,25,no,Sediment,NA,2022-10-19T14:45:58.000000Z,2022-10-19,Oct_2022,70,29,849,418.99555555555554,107.68,1366.9955555555557,0.07,0.029,0.4189955555555556,0.849,1.3669955555555555,0.5195525304623235,425.3592588170156,441.1885673039123,0.09771178078331291,0.45168788853181824,0.5634811102663331,283.41399731563337,0.005003591968589041,0.9630579537619801,0.9851058511531017,3.9582395067761967e-150,0.5844825660064318,425.03923892079183,499.74693656070485,0.10992311462802161,0.4491999918317489,0.5452434151376027,274.72388337222804,0.021153290095904574,3.6191481707380473,0.9860543800634141,0.001471376017473393,424.726,440.809,0.011417288520114458,0.35,5.3171943679390195,164,0.2791765165237512,1,1.1249729945234417,Noise (HM.RMSE) | Noise (HM.MAE),Noise (LM.RMSE) | Noise (LM.MAE),0.5844825660064318,HM,,0,4,0.35,0.35,0.02733040833050606,2,0.5,1,0.05,0.011,60,0.11514817649999577,2168.5425629490665,2172.0508049470413,0.02165581480231425,1.2778745892823498,1.6396342015279368,633.7490383586959,0.014559601684449431,12.644231221889967,0.27409806787745805,3.820180567718317e-13,0.26732470546007003,2167.904681158381,2172.299323506637,0.05027551880968514,1.2560629169197481,1.620950578287961,632.0915944905249,0.10839612358775397,40.54848705479822,0.29054711000145494,0.01144018439399054,2167.81,2171.21,0.029358741908865754,0.9,5.3171943679390195,164,0.02406201644701583,1,2.321571331701287,Noise (HM.RMSE) | Noise (HM.MAE) | Exaggerated curvature (g-fact),Noise (LM.RMSE) | Noise (LM.MAE) | Intercept (LM),0.11514817649999577,LM,g-fact. > 2 | Intercept (LM),0,4,0.9,0.9,0.07027819284987273,2,0.5,1,0.05,0.029,60
115,Oct_22_115,Oct_22_115_SRS5_stem,SRS5,10/19/22,14:55:01,14:58:17,stem,Alive,AVGE,LGR,LGR3,B5,B,NA,NA,100,9.9,19.9,18,25,no,Sediment,NA,2022-10-19T14:55:01.000000Z,2022-10-19,Oct_2022,70,29,849,418.99555555555554,107.68,1366.9955555555557,0.07,0.029,0.4189955555555556,0.849,1.3669955555555555,0.6336856888376476,429.6666929747571,448.1340430993158,0.11914419435199193,0.4408178482325846,0.5538605601989622,266.179073594819,0.005250076695432171,0.8284985424023452,0.989404732848531,3.4519603813186504e-155,0.6820044193916137,429.43736718184135,563.5998700087418,0.12822897616949358,0.4300974968349816,0.543984963999791,262.6360842456685,0.021799130980249166,3.1963328037808347,0.9897792016061726,9.557735840314304e-4,429.848,447.374,0.011932857659312197,0.35,5.318645128150579,157,0.3404119838628341,1,1.0762503105326489,Noise (HM.RMSE) | Noise (HM.MAE),Noise (LM.RMSE) | Noise (LM.MAE),0.6820044193916137,HM,,0,4,0.35,0.35,0.027933040956366773,2,0.5,1,0.05,0.012,60,0.06953640786164439,2169.8984161545804,2171.924899019833,0.013074083001627873,1.2778036484863173,1.568050755619833,592.9512155641509,0.014863644969371209,21.375341963227655,0.11807791874543683,6.258163055617913e-6,0.06962485737571125,2169.897889939794,2584.9871004811143,0.013090713085405924,1.277936162188977,1.568082494397686,595.063866295939,0.05944585496377363,85.38021793422217,0.11804263210574717,3.153710757341595e-5,2169.91,2169.68,0.03068449112394565,0.9,5.318645128150579,157,0.014526758890697636,1,1.0012719885422159,Noise (HM.RMSE) | Noise (HM.MAE),Noise (LM.RMSE) | Noise (LM.MAE),0.06962485737571125,HM,AICc,1,3,0.9,0.9,0.071827819602086,2,0.5,1,0.05,0.031,60
109,Oct_22_109,Oct_22_109_SRS5_stem,SRS5,10/19/22,13:39:35,13:43:12,stem,Alive,RHMA,LGR,LGR3,B5,B,NA,NA,100,11.3,18.7,15.4,25.6,no,Sediment,NA,2022-10-19T13:39:35.000000Z,2022-10-19,Oct_2022,70,29,849,418.99555555555554,107.68,1366.9955555555557,0.07,0.029,0.4189955555555556,0.849,1.3669955555555555,-7.397987180115892e-4,456.6517072387764,456.6231698651105,-1.3786170853076566e-4,0.5106581444825683,0.6269991674506098,404.1067723870171,0.003901573028056966,-527.3830479922306,-0.004656418083634373,0.8497962367351688,-7.378233423661792e-4,456.6516801670236,415.94421812877556,-1.3749359669867404e-4,0.5106564505010865,0.6269992753547247,406.1858495838238,0.00714063621320215,-967.7975476219451,-0.004656762637102352,3.3776017912756985e-6,456.171,456.306,0.00902972714690335,0.35,5.366237847302562,209,0.00039389059580218757,1,0.9973298471634023,Noise (HM.RMSE) | Noise (HM.MAE) | MDF (HM),Noise (LM.RMSE) | Noise (LM.MAE) | No detect. flux (p-val.) | MDF (LM),-7.378233423661792e-4,HM,AICc | p-value | MDF | Intercept,1,3,0.35,0.35,0.02421000623531261,2,0.5,1,0.05,0.009,60,0.033333129153650276,2163.8944431112295,2165.180252263031,0.0062116384145003535,1.4947432426897258,1.8106803482907212,847.4010909625977,0.011267162663147243,33.80169503802312,0.035931560964741704,0.0034519363020576684,0.03671470137657194,2163.873186941578,2171.129443058828,0.00684179539209714,1.4956298862013886,1.8106592629669382,849.4752285961765,0.04831983876929031,131.6089657755564,0.035954013947592456,9.428822910249931e-4,2164.52,2165.64,0.023219298377751472,0.9,5.366237847302562,209,0.006901820460555948,1,1.1014477880949667,Noise (HM.RMSE) | Noise (HM.MAE),Noise (LM.RMSE) | Noise (LM.MAE),0.03671470137657194,HM,AICc | Intercept,1,3,0.9,0.9,0.062254301747946716,2,0.5,1,0.05,0.023,60
113,Oct_22_113,Oct_22_113_SRS5_stem,SRS5,10/19/22,14:33:10,14:37:10,stem,Alive,AVGE,LGR,LGR3,B5,B,NA,NA,0,18.3,20.1,18,25,no,Sediment,NA,2022-10-19T14:33:10.000000Z,2022-10-19,Oct_2022,70,29,849,418.99555555555554,107.68,1366.9955555555557,0.07,0.029,0.4189955555555556,0.849,1.3669955555555555,0.8495539771707402,535.6325846276634,570.7857661273728,0.15978718863504265,0.5365295897451492,0.6636793939421164,454.0982980536612,0.0037319023887265276,0.43927784331665887,0.9957535002558348,3.9619849731731266e-263,0.8573829506721593,535.5770787320836,2335.450919147215,0.1612596903233475,0.5435912275937889,0.672732111418619,462.1878530357319,0.015235063044882452,1.776926288648343,0.9956381490956135,8.959499643939144e-5,535.103,570.899,0.008420246245337675,0.35,5.316784057770361,222,0.4565348246715505,1,1.0092153926787464,Noise (HM.RMSE) | Noise (HM.MAE),Noise (LM.RMSE) | Noise (LM.MAE),0.8573829506721593,HM,RMSE | AICc,2,2,0.35,0.35,0.02349046193249085,2,0.5,1,0.05,0.0084,60,0.13902391800698363,2198.9163178556037,2204.668904688021,0.02614812196553352,1.459697815135015,1.8052013397011355,898.3772266965705,0.010150737318734022,7.301432346500346,0.4577736254021304,2.7523200797268393e-31,0.13912352695211203,2198.91541922248,3692.209508337323,0.02616685677666109,1.459839101115023,1.805449741674546,900.5125584894778,0.04063881383465848,29.210597750764933,0.45762596857227045,1.7522909229602333e-5,2201.19,2207.44,0.021652061773725455,0.9,5.316784057770361,222,0.0290534688505928,1,1.0007164878285433,Noise (HM.RMSE) | Noise (HM.MAE),Noise (LM.RMSE) | Noise (LM.MAE),0.13912352695211203,HM,AICc | Intercept,1,3,0.9,0.9,0.06040404496926219,2,0.5,1,0.05,0.022,60
107,Oct_22_107,Oct_22_107_SRS5_stem,SRS5,10/19/22,13:16:53,13:21:34,stem,Alive,RHMA,LGR,LGR3,B5,B,NA,NA,0,12.5,20.4,15.4,25.6,no,Sediment,NA,2022-10-19T13:16:53.000000Z,2022-10-19,Oct_2022,70,29,849,418.99555555555554,107.68,1366.9955555555557,0.07,0.029,0.4189955555555556,0.849,1.3669955555555555,0.3349128917493042,428.1956709666862,443.36670609795266,0.0624322433385451,0.4806394713281344,0.6096703224419211,458.909374098557,0.002984694452494755,0.8911852980353229,0.9809881625377178,2.4976546904092787e-211,0.3518809351197091,428.0691289060751,588.50667235287,0.06559531361376482,0.47963223121465415,0.6070019617075044,458.82715243826334,0.012282928096930781,3.4906489300854444,0.9811542176073467,4.0885264262050886e-4,428.323,443.633,0.007694867440860351,0.35,5.364421873056931,245,0.17837783811012886,1,1.0506640496332584,Noise (HM.RMSE) | Noise (HM.MAE),Noise (LM.RMSE) | Noise (LM.MAE),0.3518809351197091,HM,,0,4,0.35,0.35,0.022360679774997894,2,0.5,1,0.05,0.0077,60,0.03846247129412336,2158.499970719351,2160.2422610808558,0.007169919183146835,1.3174204512836807,1.667409373956442,951.9023292831425,0.008162948605653387,21.2231516358664,0.07994450832164002,4.134037403158264e-6,0.09349246304390424,2158.1510768641347,2160.3387474403717,0.01742824581218615,1.3148116747971768,1.6604776421359155,951.9281435682775,0.06266985528485726,67.03198658423126,0.08757829236663939,0.007966576870163151,2157.1099999999997,2158.4300000000003,0.01978680199078376,0.9,5.364421873056931,245,0.007966576870163151,1,2.4307450847077745,Noise (HM.RMSE) | Noise (HM.MAE) | Exaggerated curvature (g-fact),Noise (LM.RMSE) | Noise (LM.MAE),0.03846247129412336,LM,AICc | g-fact. > 2 | Intercept,1,3,0.9,0.9,0.05749889084999459,2,0.5,1,0.05,0.02,60
143,Oct_22_143,Oct_22_143_SRS5_stem,SRS5,10/20/22,14:02:30,14:05:30,stem,Dead,RHMA,LGR,LGR3,B4,B,NA,NA,0,17.2,23.1,16.4,21.4,no,Sediment,NA,2022-10-20T14:02:30.000000Z,2022-10-20,Oct_2022,70,29,849,418.99555555555554,107.68,1366.9955555555557,0.07,0.029,0.4189955555555556,0.849,1.3669955555555555,-0.18449922656078793,797.8909751112543,792.8880611578876,-0.03450285485080494,0.786908251842748,1.0075620084069166,425.55062749669605,0.010634937780614629,-5.7642180831097845,0.6726216616848875,3.3822512167148753e-37,-0.18491147464312105,797.8913377682176,0,-0.03457994859267261,0.7875916353384389,1.008504240298562,427.9392940941685,0.02133948488214085,-11.540378942586463,0.6720092168942617,4.3339170330381337e-5,794.285,791.769,0.01281901652270172,0.35,5.3473611780412895,147,0.09857958528801412,1,1.0022344163171724,Noise (HM.RMSE) | Noise (HM.MAE),Noise (LM.RMSE) | Noise (LM.MAE),-0.18491147464312105,HM,AICc | Intercept,1,3,0.35,0.35,0.028867513459481287,2,0.5,1,0.05,0.013,60,0.1044463293450056,2115.8256502259655,2118.657835532097,0.019532312456078334,1.2931539038197462,1.6507736607207286,570.701515541802,0.017424113876028872,16.682361156488128,0.19306831560332727,1.5473196148720892e-8,0.39132725711477756,2114.8983631597885,2118.2703776059825,0.07318137752163557,1.2901001895898028,1.623812149720996,567.9739286293409,0.1872507272045928,47.85016218527082,0.21921173019570195,0.021702569395642596,2115.27,2116.52,0.03296318534409014,0.9,5.3473611780412895,147,0.021702569395642596,1,3.7466827179933824,Noise (HM.RMSE) | Noise (HM.MAE) | Noise (HM.SE) | Exaggerated curvature (g-fact),Noise (LM.RMSE) | Noise (LM.MAE),0.1044463293450056,LM,SE | g-fact. > 2 | Intercept,1,3,0.9,0.9,0.07423074889580902,2,0.5,1,0.05,0.033,60
144,Oct_22_144,Oct_22_144_SRS5_stem,SRS5,10/20/22,14:16:00,14:19:00,stem,Dead,RHMA,LGR,LGR3,B4,B,NA,NA,100,13,23,16.4,21.4,no,Sediment,NA,2022-10-20T14:16:00.000000Z,2022-10-20,Oct_2022,70,29,849,418.99555555555554,107.68,1366.9955555555557,0.07,0.029,0.4189955555555556,0.849,1.3669955555555555,0.8285822129779885,455.48075696903464,488.9599180142243,0.1549961159499521,0.4326597201577868,0.5604810958648747,374.02232868318595,0.0032284531136656455,0.38963582166003,0.9967012773646251,1.8104579638940918e-271,0.8506867170211959,455.33505637883593,1104.563061168389,0.1591310252178972,0.42907206184390406,0.5564551477810401,372.94009911116376,0.013011271790327569,1.5295021692460935,0.9967484967593854,2.451080730405021e-4,455.222,489.356,0.008622299442584573,0.35,5.345825654402436,219,0.44284604557129176,1,1.026677502481935,Noise (HM.RMSE) | Noise (HM.MAE),Noise (LM.RMSE) | Noise (LM.MAE),0.8506867170211959,HM,,0,4,0.35,0.35,0.023650808243982007,2,0.5,1,0.05,0.0086,60,0.04757494493841119,2122.1095193297274,2124.0318020173854,0.008899456887306435,1.3894744438451438,1.7028776760175954,860.762677361693,0.009808824554282836,20.61762670872449,0.09364789621845282,2.351836003185653e-6,0.07268143267952566,2121.9563784770558,2125.2691728716013,0.013595922758848389,1.3866538028494264,1.7013507354324415,862.4450422244228,0.053444300196923304,73.53226020265083,0.09527258758818091,0.004104064768170869,2123.05,2122.78,0.02217162713807462,0.9,5.345825654402436,219,0.009888285430340484,1,1.5277249983918306,Noise (HM.RMSE) | Noise (HM.MAE),Noise (LM.RMSE) | Noise (LM.MAE),0.07268143267952566,HM,AICc | Intercept,1,3,0.9,0.9,0.06081636405595373,2,0.5,1,0.05,0.022,60
145,Oct_22_145,Oct_22_145_SRS5_stem,SRS5,10/20/22,14:24:07,14:27:07,stem,Dead,RHMA,LGR,LGR3,B4,B,NA,NA,50,14.1,24.1,16.4,21.4,no,Sediment,NA,2022-10-20T14:24:07.000000Z,2022-10-20,Oct_2022,70,29,849,418.99555555555554,107.68,1366.9955555555557,0.07,0.029,0.4189955555555556,0.849,1.3669955555555555,1.0375244401439379,493.47404692382474,524.513382612009,0.19399584805115114,0.45478084742068403,0.5617146858280027,279.01734352667177,0.005107795776267428,0.4923060680439309,0.9961129930500019,5.659596000466936e-195,1.1143264729695634,493.0993800981429,724.7387874612251,0.20835625722666182,0.4399280226092413,0.5362429103895083,266.08442025541854,0.020582825690164726,1.8471091003800393,0.9964575242407873,8.994853664949793e-4,492.495,524.03,0.011626475184982717,0.35,5.34817858509205,162,0.5542738515747175,1,1.0740243119622037,Noise (HM.RMSE) | Noise (HM.MAE),Noise (LM.RMSE) | Noise (LM.MAE),1.1143264729695634,HM,,0,4,0.35,0.35,0.027498597046143512,2,0.5,1,0.05,0.012,60,0.0928147206273925,2124.6236666389414,2127.4003793204847,0.017354454259644925,1.2602924655503294,1.5354557831094837,604.8280170518823,0.013962238769049338,15.043129661620345,0.21151855318244606,4.4584263116005915e-10,0.25491070775897223,2123.978868335253,2127.351158327923,0.04766308822774377,1.240581890417992,1.5146887158205455,602.5188855456344,0.11757617730947058,46.12445602741934,0.23270277104542159,0.014133745416719223,2122.7999999999997,2125.7799999999997,0.029896650475669848,0.9,5.34817858509205,162,0.019282726955161027,1,2.7464469648335093,Noise (HM.RMSE) | Noise (HM.MAE) | Exaggerated curvature (g-fact),Noise (LM.RMSE) | Noise (LM.MAE),0.0928147206273925,LM,g-fact. > 2 | Intercept,0,4,0.9,0.9,0.07071067811865475,2,0.5,1,0.05,0.03,60
150,Oct_22_150,Oct_22_150_SRS5_stem,SRS5,10/20/22,11:57:10,12:00:10,stem,Alive,RHMA,LGR,LGR3,C1,C,NA,NA,0,16.5,21.4,21.1,21.3,no,Water,3,2022-10-20T11:57:10.000000Z,2022-10-20,Oct_2022,70,29,849,1064.6016666666667,213.35,2012.6016666666667,0.07,0.029,1.064601666666667,0.849,2.012601666666667,0.31787854958308476,451.2746583402606,464.29444341208756,0.0813736566989185,0.5769908462264063,0.7022093848368494,351.3463207527448,0.0046803612060941704,1.4723740284560636,0.966267109707823,6.828506271837961e-120,0.32807041228997413,451.2057176050303,663.4609252598044,0.08398266928602342,0.5771466145545752,0.7015265029504387,353.1339635082397,0.01903696954439208,5.802708452588442,0.9663326866695634,3.9566835704035296e-4,451.614,464.262,0.008492187191949104,0.35,3.9064061082965877,162,0.23249616199690998,1,1.0320621278795206,Noise (HM.RMSE) | Noise (HM.MAE),Noise (LM.RMSE) | Noise (LM.MAE),0.32807041228997413,HM,AICc,1,3,0.35,0.35,0.027498597046143512,2,0.5,1,0.05,0.0085,60,0.4201379957613947,2135.4155183533635,2152.623682957411,0.10755102877529506,1.6772901205210395,2.137561483170081,712.0196655851867,0.014247260229646194,3.3910906353105745,0.8436290953349933,1.417060565437566e-66,0.4218449854916929,2135.403291753508,3901.0244269521013,0.10798800068322671,1.6784506319195933,2.1387363275467326,714.3005715535995,0.05688793137537264,13.485506129476772,0.8434586247981541,6.116147939692647e-5,2136.6200000000003,2153.3,0.021837052779297695,0.9,3.9064061082965877,162,0.11950114308366118,1,1.004062926342105,Noise (HM.RMSE) | Noise (HM.MAE),Noise (LM.RMSE) | Noise (LM.MAE),0.4218449854916929,HM,AICc,1,3,0.9,0.9,0.07071067811865475,2,0.5,1,0.05,0.022,60
153,Oct_22_153,Oct_22_153_SRS5_root,SRS5,10/20/22,12:28:40,12:31:40,root,Alive,RHMA,LGR,LGR3,A4,A,NA,NA,na,10,21.8,21.1,21.3,no,Water,3,2022-10-20T12:28:40.000000Z,2022-10-20,Oct_2022,70,29,849,212.53666666666663,40.45,1160.5366666666666,0.07,0.029,0.21253666666666665,0.849,1.1605366666666663,1.5336961934501283,535.770374974821,554.9898671765928,0.12898988054880425,0.5670886624516513,0.7061937272279052,329.62726759081704,0.015926194121805792,1.038419094330475,0.9840810532702382,4.4078716645902e-136,1.7785990900617552,535.2753949513983,609.422244397626,0.14958717714176678,0.550409882400549,0.6706521122266204,316.1429787190785,0.06731053604291218,3.784469272419063,0.9856430822715353,0.0020174448173991472,534.804,553.871,0.02774345116188889,0.35,11.890050497952382,151,0.3685425158537265,1,1.1596814921087502,Noise (HM.RMSE) | Noise (HM.MAE) | Noise (HM.SE),Noise (LM.RMSE) | Noise (LM.MAE),1.7785990900617552,HM,SE,1,3,0.35,0.35,0.028482596056990578,2,0.5,1,0.05,0.028,60,2.854469545884196,2134.059008715399,2169.8297535419238,0.2400721129296946,1.6759979577722128,2.0986600113538905,658.5550158059773,0.04732931693926873,1.6580774879000533,0.9603844688836294,1.4053189660492147e-106,3.2193979662799563,2133.3174498433978,2299.033428032901,0.27076402802783534,1.6550087239014262,2.073087999783089,656.9632730973852,0.20380255560950358,6.330455499572775,0.9613440114998606,0.0016339041713781212,2135.9,2167.41,0.0713403029877143,0.9,11.890050497952382,151,0.2667467921441051,1,1.127844566049739,Noise (HM.RMSE) | Noise (HM.MAE) | Noise (HM.SE),Noise (LM.RMSE) | Noise (LM.MAE),3.2193979662799563,HM,SE,1,3,0.9,0.9,0.07324096128940435,2,0.5,1,0.05,0.071,60
157,Oct_22_157,Oct_22_157_SRS5_stem,SRS5,10/20/22,13:23:50,13:26:50,stem,Alive,RHMA,LGR,LGR3,B4,B,NA,NA,100,13.5,23.7,19.9,21.8,no,Water,3,2022-10-20T13:23:50.000000Z,2022-10-20,Oct_2022,70,29,849,418.99555555555554,107.68,1366.9955555555557,0.07,0.029,0.4189955555555556,0.849,1.3669955555555555,0.6429499226216301,439.1437512517709,456.66947633443516,0.12170642418516874,0.4879228172592736,0.5946294672874032,266.91551206700797,0.00627588581663598,0.9761080289186503,0.9864642927697695,1.0254327850083555e-135,0.6532011014061417,439.0972913558271,993.840408996602,0.12364690861428032,0.48807559647032905,0.5948358856172101,269.13166606243226,0.0253412068393884,3.8795413517883772,0.9864550225019635,2.228903877890886e-4,439.309,456.082,0.012751570835122893,0.35,5.282793631693771,145,0.34773264052905356,1,1.0159439770094574,Noise (HM.RMSE) | Noise (HM.MAE),Noise (LM.RMSE) | Noise (LM.MAE),0.6532011014061417,HM,AICc,1,3,0.35,0.35,0.029065917948808986,2,0.5,1,0.05,0.013,60,0.05496421953923384,2100.6999187529495,2102.198150212563,0.01040438513620514,1.586590207895724,1.9806601517792102,615.857145142199,0.020904441569020594,38.03281797551744,0.0394445591410596,0.009491737431289865,0.12385237773478154,2100.41024167963,2102.438236271307,0.023444485317718526,1.5803916629702834,1.9732254168794405,616.882035603733,0.14733433314923236,118.95963230091171,0.0466422317959051,0.011560427929116823,2097.62,2096.91,0.0327897535760303,0.9,5.282793631693771,145,0.011560427929116823,1,2.2533273240853506,Noise (HM.RMSE) | Noise (HM.MAE) | Exaggerated curvature (g-fact),Noise (LM.RMSE) | Noise (LM.MAE),0.05496421953923384,LM,AICc | g-fact. > 2 | Intercept,1,3,0.9,0.9,0.07474093186836597,2,0.5,1,0.05,0.033,60
158,Oct_22_158,Oct_22_158_SRS5_root,SRS5,10/20/22,13:39:30,13:42:30,root,Alive,RHMA,LGR,LGR3,A5,A,NA,NA,na,6.2,24.9,19.9,21.8,yes,Water,3,2022-10-20T13:39:30.000000Z,2022-10-20,Oct_2022,70,29,849,212.53666666666663,40.45,1160.5366666666666,0.07,0.029,0.21253666666666665,0.849,1.1605366666666663,1.0542932510971328,458.6339532645326,473.9116716207405,0.08831051072952548,0.4834308388694506,0.6102853932712009,329.9288368072584,0.010992869005610613,1.0426765982017874,0.9814323863121228,6.564003972493896e-152,1.0688411134194513,458.59854945099306,1009.5751023530097,0.08952907980446723,0.4831354152959307,0.6110206184913407,332.4451795260679,0.04455720394711751,4.1687397114216065,0.9813880217935885,1.6249163296135524e-4,459.098,473.452,0.02401418356553833,0.35,11.93847982972477,175,0.2523157449415014,1,1.013798686757389,Noise (HM.RMSE) | Noise (HM.MAE) | Noise (HM.SE),Noise (LM.RMSE) | Noise (LM.MAE),1.0688411134194513,HM,SE | AICc,2,2,0.35,0.35,0.026457513110645904,2,0.5,1,0.05,0.024,60,0.23243470663290017,2091.339036458998,2094.7072378398284,0.019469372143526814,1.3670355405497476,1.7543192369473164,699.4971463703865,0.03159997237098334,13.595203930061661,0.23383085377410584,7.307059104594318e-12,0.23295499839212552,2091.3376639680946,2599.700931795741,0.019512953216380823,1.367043769501792,1.7543965447867043,701.6075127716051,0.12694871957890944,54.49495415643361,0.23376400289321686,3.838387714313857e-5,2086.95,2094.68,0.061750757739955704,0.9,11.93847982972477,175,0.021632635715029793,1,1.0022384426437962,Noise (HM.RMSE) | Noise (HM.MAE),Noise (LM.RMSE) | Noise (LM.MAE),0.23295499839212552,HM,AICc | Intercept,1,3,0.9,0.9,0.0680336051416609,2,0.5,1,0.05,0.062,60
159,Oct_22_159,Oct_22_159_SRS5_root,SRS5,10/20/22,13:49:30,13:52:30,root,Alive,RHMA,LGR,LGR3,A4,A,NA,NA,na,6.2,24.6,19.9,21.8,yes,Water,3,2022-10-20T13:49:30.000000Z,2022-10-20,Oct_2022,70,29,849,212.53666666666663,40.45,1160.5366666666666,0.07,0.029,0.21253666666666665,0.849,1.1605366666666663,-3.34207590929708,606.8381145976658,544.4193626559758,-0.27990471722730975,1.02606617639027,1.2937634703579028,760.5308626588537,0.01603196228403082,-0.47970072251897866,0.9948717895439824,1.4891266033514473e-257,-4.2210536479592164,609.4404898087643,444.6353057840809,-0.35352064399453614,0.5035255148531486,0.6308865816395545,439.4210287292187,0.03708423647900768,-0.8785540192538672,0.9987805650121221,0.002145082062112733,609.042,547.608,0.0186563258383242,0.35,11.940048536527488,225,0.7997277635065992,1,1.2630035231147716,Noise (HM.RMSE) | Noise (HM.MAE) | Noise (HM.SE),Noise (LM.RMSE) | Noise (LM.MAE),-4.2210536479592164,HM,SE,1,3,0.35,0.35,0.02333333333333333,2,0.5,1,0.05,0.019,60,-0.16809037122056963,2133.9123663222945,2130.7730028040046,-0.014077863310717762,2.788375612204988,3.400733671795515,1195.4269746018326,0.04214095946701671,-25.07041846657533,0.06240939983614413,9.007660158868927e-5,-0.16803653540677974,2133.911100510721,4.704192295092003,-0.014073354466919916,2.7886616001353692,3.400860491547797,1197.5169765317232,0.043336821537832804,-25.790118460204997,0.06233948859127236,6.609669737880955e-6,2124.56,2127,0.04797340929854795,0.9,11.940048536527488,225,0.015642070345241954,1,0.999679721013173,Noise (HM.RMSE) | Noise (HM.MAE),Noise (LM.RMSE) | Noise (LM.MAE),-0.16803653540677974,HM,AICc | Intercept,1,3,0.9,0.9,0.060000000000000005,2,0.5,1,0.05,0.048,60
161,Oct_22_161,Oct_22_161_SRS5_stem,SRS5,10/20/22,15:41:48,15:44:48,stem,Alive,RHMA,LGR,LGR3,B4,B,NA,NA,50,14.5,23.4,18.5,22.5,no,Sediment,NA,2022-10-20T15:41:48.000000Z,2022-10-20,Oct_2022,70,29,849,418.99555555555554,107.68,1366.9955555555557,0.07,0.029,0.4189955555555556,0.849,1.3669955555555555,0.3442351288616296,511.6332030153992,521.747910908651,0.06483787111058821,0.44496055207300916,0.5496477836692515,265.42149929384766,0.005171626446641573,1.5023529015600219,0.9657693633563462,1.9055189625831963e-116,0.38325462275858097,511.4468154112875,563.3174688165597,0.07218732706082001,0.43655976229129073,0.5430895977282026,263.7340286282861,0.022005272110873705,5.741684719282623,0.9665813437452557,0.0013916795398124457,511.439,520.003,0.011835724097176101,0.35,5.309167666447565,158,0.1852510603159663,1,1.113351284123695,Noise (HM.RMSE) | Noise (HM.MAE),Noise (LM.RMSE) | Noise (LM.MAE),0.38325462275858097,HM,,0,4,0.35,0.35,0.02784450494615055,2,0.5,1,0.05,0.012,60,0.03615929780481372,2119.54376320245,2120.6062367975483,0.00681072817370795,1.2704795385511485,1.5339257973999876,589.7348048673358,0.014432681176411466,39.914163306816505,0.03251794295497046,0.013258467630010066,0.03617777512310518,2119.5435610382383,2367.36236734184,0.0068142084401927,1.2704083521427774,1.533936303472644,591.8425629408442,0.057451912594492095,158.80443835751535,0.03250497002227015,2.7496736594900067e-5,2120.34,2121.94,0.03043471910702426,0.9,5.309167666447565,158,0.007567475748564388,1,1.000510997707732,Noise (HM.RMSE) | Noise (HM.MAE),Noise (LM.RMSE) | Noise (LM.MAE),0.03617777512310518,HM,AICc | Intercept,1,3,0.9,0.9,0.0716001555758157,2,0.5,1,0.05,0.03,60
164,Oct_22_164,Oct_22_164_SRS5_CWD,SRS5,10/20/22,16:05:05,16:08:05,CWD,Dead,NA,LGR,LGR3,A4,A,NA,NA,na,7.8,24.4,18.5,22.5,no,NA,NA,2022-10-20T16:05:05.000000Z,2022-10-20,Oct_2022,70,29,849,212.53666666666663,40.45,1160.5366666666666,0.07,0.029,0.21253666666666665,0.849,1.1605366666666663,4.645488668765409,503.3558830317337,550.6000844479413,0.387247552591866,0.6343074779529688,0.7899555787330512,297.25903296037376,0.02426345099014498,0.5223013706455399,0.996682805156492,4.474490175650998e-152,5.165763922651682,502.4999434543717,747.2583509998091,0.430617654879752,0.5309194188831943,0.6887055328254104,265.6542574651071,0.09128201107031901,1.7670573498345676,0.9974786520413231,0.0017593579693470241,504.267,549.203,0.03413545187619498,0.35,11.996173087919951,123,1.106421578833903,1,1.111995807326884,Noise (HM.RMSE) | Noise (HM.MAE) | Noise (HM.SE),Noise (LM.RMSE) | Noise (LM.MAE),5.165763922651682,HM,SE,1,3,0.35,0.35,0.03155843721336013,2,0.5,1,0.05,0.034,60,0.6058507608964241,2127.2469997377384,2133.4084474167316,0.05050366949994335,1.2975698455647242,1.6482896432601575,478.1961497712494,0.05062714417556042,8.356372137034521,0.5382409654848574,2.9551692647049116e-22,0.7112924050712912,2127.0753578619483,2149.253717670162,0.05929327626887585,1.296887890222072,1.64639589277817,480.05065571005997,0.22723830534737344,31.947241911657677,0.5393014029609553,0.002673474358862029,2127.02,2133.9199999999996,0.08777687625307282,0.9,11.996173087919951,123,0.05611518833327039,1,1.1740389729293306,Noise (HM.RMSE) | Noise (HM.MAE) | Noise (HM.SE),Noise (LM.RMSE) | Noise (LM.MAE),0.7112924050712912,HM,SE | AICc,2,2,0.9,0.9,0.0811502671200689,2,0.5,1,0.05,0.088,60
151,Oct_22_151,Oct_22_151_SRS5_stem,SRS5,10/20/22,12:11:10,12:14:11,stem,Alive,RHMA,LGR,LGR3,C1,C,NA,NA,50,14.9,20.8,21.1,21.3,no,Water,3,2022-10-20T12:11:10.000000Z,2022-10-20,Oct_2022,70,29,849,1064.6016666666667,213.35,2012.6016666666667,0.07,0.029,1.064601666666667,0.849,2.012601666666667,0.6136097975967723,559.1257742207791,586.4659286363635,0.15712732422749673,0.5650915967244626,0.6898720299533654,372.8316306493489,0.004054578959601567,0.6607748076190261,0.9924597113989462,9.150440074218193e-186,0.6211909488902906,559.0691004782543,1643.2606895861811,0.15906863289300333,0.5675645327864822,0.6936490677101732,376.8375913673512,0.016423487610272135,2.6438710415229685,0.992377513935641,1.4671635021987678e-4,558.742,587.047,0.007810351262755007,0.35,3.9051756313775035,175,0.44893521207856213,1,1.0123550036573898,Noise (HM.RMSE) | Noise (HM.MAE),Noise (LM.RMSE) | Noise (LM.MAE),0.6211909488902906,HM,AICc,1,3,0.35,0.35,0.026457513110645904,2,0.5,1,0.05,0.0078,60,0.0653747911512195,2123.8139720779227,2126.7268279220784,0.01674055082848075,1.73914862465617,2.202915716725744,779.1924705367184,0.012947177631503133,19.804541480759465,0.1234076258949961,1.1167067580100748e-6,0.06559855841911184,2123.812215063253,2466.4622561164006,0.016797851008809237,1.7391345918472922,2.202949266998415,781.2927442153394,0.051857103660466204,79.05220009432078,0.12338115238434755,4.902334450969398e-5,2125.9100000000003,2123.4500000000003,0.020083760389941446,0.9,3.9051756313775035,175,0.018600612031645276,1,1.0034228372122023,Noise (HM.RMSE) | Noise (HM.MAE),Noise (LM.RMSE) | Noise (LM.MAE),0.06559855841911184,HM,AICc | Intercept,1,3,0.9,0.9,0.0680336051416609,2,0.5,1,0.05,0.02,60
156,Oct_22_156,Oct_22_156_SRS5_stem,SRS5,10/20/22,13:14:10,13:17:15,stem,Alive,RHMA,LGR,LGR3,C1,C,NA,NA,50,14,24.3,19.9,21.8,no,Water,3,2022-10-20T13:14:10.000000Z,2022-10-20,Oct_2022,70,29,849,1064.6016666666667,213.35,2012.6016666666667,0.07,0.029,1.064601666666667,0.849,2.012601666666667,0.6681023698502029,445.39533699658534,472.4627521692915,0.170235315551611,0.5180221257475329,0.6334246787825312,316.0213069309245,0.004256055495294159,0.6370364314451423,0.9935485792873813,2.838390194934673e-176,0.6916223195930413,445.2398388351071,847.7857822458726,0.1762282984340514,0.5132306062719244,0.6294348343598408,316.0902078748187,0.017319046323031426,2.504119059260863,0.9936295963337399,4.377843108810681e-4,445.039,472.036,0.00858502202854752,0.35,3.9245814987645806,161,0.48638661586174575,1,1.0352041106336922,Noise (HM.RMSE) | Noise (HM.MAE),Noise (LM.RMSE) | Noise (LM.MAE),0.6916223195930413,HM,AICc,1,3,0.35,0.35,0.02758386421836852,2,0.5,1,0.05,0.0086,60,0.07521510708606272,2100.514174496243,2103.5614298610376,0.01916512808046914,1.5158886454057368,1.9055578329800686,670.6685567727648,0.012803668941734018,17.022735774455242,0.17316805984079897,2.4070747885960053e-8,0.12804455723569985,2100.198319328199,2104.802276508428,0.032626295893207216,1.5192082360785213,1.9003559391418965,671.8918859639808,0.07594545572943982,59.31174066980617,0.17767615844048945,0.007086576746047185,2098.98,2101.07,0.022075770930550766,0.9,3.9245814987645806,161,0.021294586756076817,1,1.7023781816755053,Noise (HM.RMSE) | Noise (HM.MAE),Noise (LM.RMSE) | Noise (LM.MAE),0.12804455723569985,HM,AICc | Intercept,1,3,0.9,0.9,0.07092993656151907,2,0.5,1,0.05,0.022,60
162,Oct_22_162,Oct_22_162_SRS5_stem,SRS5,10/20/22,15:49:53,15:53:13,stem,Alive,RHMA,LGR,LGR3,B4,B,NA,NA,100,14.3,24.1,18.5,22.5,no,Sediment,NA,2022-10-20T15:49:53.000000Z,2022-10-20,Oct_2022,70,29,849,418.99555555555554,107.68,1366.9955555555557,0.07,0.029,0.4189955555555556,0.849,1.3669955555555555,0.7834984983516172,443.6493974594925,469.4800783304602,0.14760389069124405,0.44896953981591914,0.5685368686382664,308.54302222357376,0.004490903776474653,0.5731860094081804,0.9942507116646396,3.394181795446284e-198,0.7934906405721234,443.59404212283175,1440.2196704948549,0.14948631812561683,0.45120573345959375,0.5715913306230305,312.5336249290061,0.018238236566066015,2.2984816245489506,0.9941893155255727,1.4999244838786763e-4,443.469,469.427,0.010555911482954821,0.35,5.308115488571568,177,0.42172540197498304,1,1.0127532372321433,Noise (HM.RMSE) | Noise (HM.MAE),Noise (LM.RMSE) | Noise (LM.MAE),0.7934906405721234,HM,AICc,1,3,0.35,0.35,0.026307610980099008,2,0.5,1,0.05,0.011,60,0.13279650799534035,2114.200005476833,2118.578092002874,0.025017637291662686,1.2996695822093511,1.6177386317240345,678.7273298496962,0.012778605806092035,9.622697161991955,0.3780823246848498,5.2504559618231894e-20,0.13319299491275963,2114.197715408451,2671.093782047527,0.025092331770008705,1.2997705942857594,1.6178659219431193,680.8490127216361,0.05122023688359163,38.455653705467384,0.3779852774778948,4.5057477100607786e-5,2116.19,2117.5299999999997,0.027143772384740972,0.9,5.308115488571568,177,0.027797374768514096,1,1.0029856727665851,Noise (HM.RMSE) | Noise (HM.MAE),Noise (LM.RMSE) | Noise (LM.MAE),0.13319299491275963,HM,AICc | Intercept,1,3,0.9,0.9,0.0676481425202546,2,0.5,1,0.05,0.027,60
148,Oct_22_148,Oct_22_148_SRS5_stem,SRS5,10/20/22,14:57:55,15:01:26,stem,Alive,AVGE,LGR,LGR3,B4,B,NA,NA,50,40.9,24.2,18.6,21.5,no,Sediment,NA,2022-10-20T14:57:55.000000Z,2022-10-20,Oct_2022,70,29,849,418.99555555555554,107.68,1366.9955555555557,0.07,0.029,0.4189955555555556,0.849,1.3669955555555555,1.0092946689946007,528.4800483493677,569.9441568507149,0.19020233257498695,0.49860607739627355,0.6344915647957193,430.2742998062573,0.0036149681651591993,0.35816776568930214,0.9971984116894987,1.9197049263359422e-280,1.051974072025884,528.1910943540485,1047.611731782441,0.1982452978841612,0.490691768593892,0.6211300005752152,422.9844546888082,0.014534693742384433,1.3816589333227218,0.9973151648593875,3.816661942152642e-4,528.379,570.313,0.008480590053609299,0.35,5.306426347829819,220,0.5434352359285343,1,1.0422863652631773,Noise (HM.RMSE) | Noise (HM.MAE),Noise (LM.RMSE) | Noise (LM.MAE),1.051974072025884,HM,,0,4,0.35,0.35,0.02359699518621347,2,0.5,1,0.05,0.0085,60,0.15644433449337142,2122.208075555019,2128.6351627666418,0.02948205142946209,1.584128778711368,2.0273196539137315,941.398469072075,0.011550501876032375,7.383138490401371,0.45447763223243176,9.905442454021772e-31,0.15845409275458652,2122.1941765203774,2368.655918811123,0.029860791871612398,1.5841482314486464,2.0273734557035077,943.4850812071147,0.04644464085450233,29.311102065653632,0.45444891081183925,1.2115791925379757e-4,2120.86,2131.83,0.021807231566423918,0.9,5.306426347829819,220,0.03275783492162454,1,1.0128464751869954,Noise (HM.RMSE) | Noise (HM.MAE),Noise (LM.RMSE) | Noise (LM.MAE),0.15845409275458652,HM,AICc | Intercept,1,3,0.9,0.9,0.06067798762169179,2,0.5,1,0.05,0.022,60
163,Oct_22_163,Oct_22_163_SRS5_root,SRS5,10/20/22,15:57:17,16:00:50,root,Alive,RHMA,LGR,LGR3,A4,A,NA,NA,na,NA,23.9,18.5,22.5,no,Sediment,NA,2022-10-20T15:57:17.000000Z,2022-10-20,Oct_2022,70,29,849,212.53666666666663,40.45,1160.5366666666666,0.07,0.029,0.21253666666666665,0.849,1.1605366666666663,1.5620003962049638,428.09955194218605,438.5150406504065,0.1301936088527555,0.43097106460571005,0.5473012698709899,138.53328127553928,0.03159679962733894,2.0228419726465194,0.9682899411291637,3.4672606863670544e-61,1.6340632274780424,428.0211915228799,548.2510867775679,0.13620008624570887,0.42857909712180514,0.5461196684997235,140.39777919216317,0.1297702592790227,7.941569034590276,0.9684267148019254,0.0011328304491756442,427.983,437.914,0.051841134810845145,0.35,11.997519770509877,81,0.3719817395793015,1,1.046134963504595,Noise (HM.RMSE) | Noise (HM.MAE) | Noise (HM.SE),Noise (LM.RMSE) | Noise (LM.MAE),1.6340632274780424,HM,SE | AICc,2,2,0.35,0.35,0.03888888888888889,2,0.5,1,0.05,0.052,60,0.9372317217293697,2126.092902740137,2132.342405901836,0.07811878952123942,1.2318575581504752,1.5018069342480274,302.0601096570584,0.08670232537843303,9.25089530884111,0.5915262398473256,3.058755688740131e-17,0.94489754761217,2126.08417358312,2482.7716273780698,0.07875774040687522,1.2318271161379646,1.5019297936558529,304.2879894441346,0.3472102155963009,36.74580556100799,0.5914601942092532,2.208032258183967e-4,2122.2,2131.68,0.13330577522788753,0.9,11.997519770509877,81,0.08679865502359935,1,1.008179221536223,Noise (HM.RMSE) | Noise (HM.MAE) | Noise (HM.SE),Noise (LM.RMSE) | Noise (LM.MAE),0.94489754761217,HM,SE | AICc | Intercept,2,2,0.9,0.9,0.1,2,0.5,1,0.05,0.13,60
146,Oct_22_146,Oct_22_146_SRS5_root,SRS5,10/20/22,14:30:24,14:34:00,root,Dead,RHMA,LGR,LGR3,A4,A,NA,NA,na,7.1,23,16.4,21.4,no,Sediment,NA,2022-10-20T14:30:24.000000Z,2022-10-20,Oct_2022,70,29,849,212.53666666666663,40.45,1160.5366666666666,0.07,0.029,0.21253666666666665,0.849,1.1605366666666663,0.8140887077214299,497.46119165857215,510.8023653941738,0.06737966533132149,0.4521830288816804,0.5652719531386563,345.5185300012655,0.008457912593742439,1.0389423798071673,0.9789693852789417,3.186755551395145e-168,0.9369281830860577,497.13623568675393,550.9986583057474,0.07754671796457822,0.4418688377190776,0.5472717560970538,334.6566262659153,0.03634846269315638,3.8795356303011044,0.9802874339064969,0.0014397183452575144,497.085,510.46,0.021249946894545294,0.35,12.082112662898611,200,0.1925133295180614,1,1.1508920025539302,Noise (HM.RMSE) | Noise (HM.MAE) | Noise (HM.SE),Noise (LM.RMSE) | Noise (LM.MAE),0.9369281830860577,HM,SE,1,3,0.35,0.35,0.024748737341529162,2,0.5,1,0.05,0.021,60,0.18406161269611782,2125.61541333696,2128.631789721675,0.015234224165226393,1.3823745802264011,1.7221106913148163,791.1181361055615,0.025767175645308057,13.999212148515275,0.2008871481135608,1.701500806638786e-11,0.36233425014739895,2125.192478285926,2129.2826721984475,0.02998931232118403,1.375921919649727,1.7125715316132861,790.9789657138052,0.16966386939174516,46.825236455765705,0.20971556171856875,0.0073320025804586835,2127.71,2127.36,0.054642720585973616,0.9,12.082112662898611,200,0.016926915739140437,1,1.9685487095324208,Noise (HM.RMSE) | Noise (HM.MAE) | Noise (HM.SE),Noise (LM.RMSE) | Noise (LM.MAE),0.36233425014739895,HM,SE | Intercept,1,3,0.9,0.9,0.06363961030678927,2,0.5,1,0.05,0.055,60
155,Oct_22_155,Oct_22_155_SRS5_stem,SRS5,10/20/22,13:04:09,13:08:00,stem,Alive,RHMA,LGR,LGR3,C1,C,NA,NA,0,14.5,24.1,19.9,21.8,no,Water,3,2022-10-20T13:04:09.000000Z,2022-10-20,Oct_2022,70,29,849,1064.6016666666667,213.35,2012.6016666666667,0.07,0.029,1.064601666666667,0.849,2.012601666666667,0.847870985526474,468.1071892694425,509.57298595578095,0.21596769107467964,0.5659950321521563,0.7153760088231094,426.71503530868387,0.0036358365985989373,0.4288195563551822,0.9964634824294897,1.6112999563587795e-237,0.8607319908419465,468.0022666842738,1835.5799178540021,0.21924361591501026,0.5659398189713984,0.7187112766622566,430.60511215825335,0.014783614124982806,1.7175629908354917,0.9964307048090265,1.6031529597422488e-4,466.386,509.419,0.007119536549539003,0.35,3.9259158687457933,194,0.6170505459276561,1,1.01516858759766,Noise (HM.RMSE) | Noise (HM.MAE),Noise (LM.RMSE) | Noise (LM.MAE),0.8607319908419465,HM,AICc,1,3,0.35,0.35,0.025128535551620833,2,0.5,1,0.05,0.0071,60,0.08677336406672902,2102.9412864535507,2107.185005997682,0.0221027059590175,1.6335764979416167,2.028960151943954,831.1935541730056,0.010312014222664295,11.883847461225914,0.265625196845682,8.915572509653226e-15,0.08734761881079292,2102.9364309304897,2389.941742094612,0.022248978768538343,1.6334245780532897,2.0290237661093906,833.2910434024685,0.04148304422237148,47.4919005087357,0.2655796465944167,7.752113951583075e-5,2101.18,2107.46,0.01830737969881458,0.9,3.9259158687457933,194,0.02455856217668611,1,1.0066178688614895,Noise (HM.RMSE) | Noise (HM.MAE),Noise (LM.RMSE) | Noise (LM.MAE),0.08734761881079292,HM,AICc | Intercept,1,3,0.9,0.9,0.06461623427559643,2,0.5,1,0.05,0.018,60
149,Oct_22_149,Oct_22_149_SRS5_stem,SRS5,10/20/22,15:08:08,15:12:00,stem,Alive,AVGE,LGR,LGR3,B4,B,NA,NA,100,42,23.2,18.6,21.5,no,Sediment,NA,2022-10-20T15:08:08.000000Z,2022-10-20,Oct_2022,70,29,849,418.99555555555554,107.68,1366.9955555555557,0.07,0.029,0.4189955555555556,0.849,1.3669955555555555,2.426821906603774,523.36791639426,619.8574693505909,0.45729645950867776,0.7845403085632098,1.0004673827087025,610.7817062003511,0.00597819345570373,0.2463383670402884,0.9987151742708494,3.2062025386216625e-307,2.4642904348399077,523.1180350154572,3644.669417451457,0.46435681497141684,0.7893843306636366,1.0151555852954506,619.0679665938593,0.02453157723953991,0.9954823868451042,0.9986775488094558,1.487583441952e-4,522.761,622.919,0.0087613746339295015,0.35,5.3068897782658695,213,1.3065613128819367,1,1.015439339876641,Noise (HM.RMSE) | Noise (HM.MAE),Noise (LM.RMSE) | Noise (LM.MAE),2.426821906603774,LM,RMSE | MAE | AICc,3,1,0.35,0.35,0.023981604843963607,2,0.5,1,0.05,0.0088,60,0.11364528699170497,2120.411678247387,2124.9301733654606,0.02141466880603667,1.6040055879556596,2.055460513976571,917.5156124233101,0.012282200105158174,10.807487428893253,0.2852691139493806,2.5096990229723198e-17,0.11383086115041534,2120.410324261124,2954.2974807924893,0.021449637340614187,1.6041126588536958,2.0555846205847805,919.6188082485081,0.049129387878122856,43.159989638665394,0.28518357654475335,2.5722469968042248e-5,2119.36,2118.9,0.02252924905867586,0.9,5.3068897782658695,213,0.023794076451151856,1,1.0016329243704045,Noise (HM.RMSE) | Noise (HM.MAE),Noise (LM.RMSE) | Noise (LM.MAE),0.11383086115041534,HM,AICc | Intercept,1,3,0.9,0.9,0.061666983884477854,2,0.5,1,0.05,0.023,60
160,Oct_22_160,Oct_22_160_SRS5_stem,SRS5,10/20/22,15:25:46,15:29:39,stem,Alive,RHMA,LGR,LGR3,C1,C,NA,NA,0,15.3,23.5,18.5,22.5,no,Sediment,NA,2022-10-20T15:25:46.000000Z,2022-10-20,Oct_2022,70,29,849,1064.6016666666667,213.35,2012.6016666666667,0.07,0.029,1.064601666666667,0.849,2.012601666666667,0.5566756347851287,442.08737954221783,468.19687030255426,0.14113238248830504,0.4092612969346384,0.5225436651965075,294.07068235809265,0.002829720541049303,0.5083248420135268,0.995216734636694,8.447792753782917e-217,0.5758314335379461,441.93901195914475,839.7882856325232,0.1459888973912703,0.40745883852506337,0.5182601392077486,293.08083327446764,0.011454553159862893,1.9892198467675457,0.9952948343748758,3.66945240450841e-4,441.221,467.581,0.007422165604021138,0.35,3.9443508638512337,187,0.40323537853801444,1,1.0344110601503358,Noise (HM.RMSE) | Noise (HM.MAE),Noise (LM.RMSE) | Noise (LM.MAE),0.5758314335379461,HM,,0,4,0.35,0.35,0.02559453484444957,2,0.5,1,0.05,0.0074,60,0.0664651879876439,2120.347775629247,2123.465160517697,0.016850729126756187,1.4553895837957718,1.829110399960941,762.6464773881099,0.009905145953056353,14.902757748759774,0.19139698683861084,2.300425460237903e-10,0.13746369343156584,2119.867898143165,2123.9975556161608,0.03485077727019126,1.4550060761128523,1.8167694221596367,762.2031871563075,0.06723067314663952,48.90794905064097,0.20227144026021204,0.008439144771226939,2121.83,2124.46,0.019085568696054357,0.9,3.9443508638512337,187,0.018723032363062428,1,2.0682058923405253,Noise (HM.RMSE) | Noise (HM.MAE) | Exaggerated curvature (g-fact),Noise (LM.RMSE) | Noise (LM.MAE),0.0664651879876439,LM,g-fact. > 2 | Intercept,0,4,0.9,0.9,0.06581451817144175,2,0.5,1,0.05,0.019,60
147,Oct_22_147,Oct_22_147_SRS5_stem,SRS5,10/20/22,14:51:00,14:54:56,stem,Alive,AVGE,LGR,LGR3,C1,C,NA,NA,0,44.3,21.7,18.6,21.5,no,Sediment,NA,2022-10-20T14:51:00.000000Z,2022-10-20,Oct_2022,70,29,849,1064.6016666666667,213.35,2012.6016666666667,0.07,0.029,1.064601666666667,0.849,2.012601666666667,0.6603409625858144,877.0864068370508,912.078555558507,0.1674265489064889,0.6259429898902455,0.7687500845483303,493.92649739206155,0.0034619623751044755,0.5242689112527344,0.9942609534778224,2.1120462523407465e-236,0.6961239771851576,876.775216939309,1224.3097669962835,0.17649917499404585,0.6090909443129228,0.7558711388971353,488.8750322519661,0.014151589204851725,2.032912192175164,0.9944516363406988,5.078608010775064e-4,876.691,912.12,0.006573439386790723,0.35,3.944063632074434,211,0.47836156830425397,1,1.0541886943666516,Noise (HM.RMSE) | Noise (HM.MAE),Noise (LM.RMSE) | Noise (LM.MAE),0.6961239771851576,HM,,0,4,0.35,0.35,0.024094993678752997,2,0.5,1,0.05,0.0066,60,0.051921332372092496,2126.4350854460117,2129.1864504030877,0.013164425631942395,1.618772958037811,2.077922916174533,913.5456352863405,0.009357645740475196,18.02273807885734,0.12422046071101178,8.663688933657334e-8,0.053815898826573484,2126.4185609115243,2166.037364719027,0.013644784629975221,1.6187238712030785,2.0779118744986214,915.6216255832248,0.0384094067796859,71.37185779143748,0.12422976812881958,3.4440173146750103e-4,2124.5699999999997,2129.3,0.016903129851747575,0.9,3.944063632074434,211,0.014627139591047104,1,1.0364891725216843,Noise (HM.RMSE) | Noise (HM.MAE),Noise (LM.RMSE) | Noise (LM.MAE),0.053815898826573484,HM,AICc | Intercept,1,3,0.9,0.9,0.06195855517393628,2,0.5,1,0.05,0.017,60
152,Oct_22_152,Oct_22_152_SRS5_stem,SRS5,10/20/22,12:21:40,12:25:40,stem,Alive,RHMA,LGR,LGR3,B4,B,NA,NA,100,14.7,21.7,21.1,21.3,no,Water,3,2022-10-20T12:21:40.000000Z,2022-10-20,Oct_2022,70,29,849,418.99555555555554,107.68,1366.9955555555557,0.07,0.029,0.4189955555555556,0.849,1.3669955555555555,0.9745379516525166,481.8970234841874,518.2000336705511,0.18521943972634508,0.5558646803945974,0.6754843464567666,412.66255362196534,0.004475338524050585,0.459226704969446,0.995862585610071,9.527820681782674e-236,0.9830255342736866,481.84328504980795,2455.9019763782285,0.18683257885043814,0.564626393399276,0.6853678171906539,420.49826136533056,0.01819739265185305,1.851161746810401,0.9957415612781192,9.464388251025671e-5,482.284,517.759,0.009347898940936674,0.35,5.261531689612929,198,0.529198399218129,1,1.008709340264048,Noise (HM.RMSE) | Noise (HM.MAE),Noise (LM.RMSE) | Noise (LM.MAE),0.9830255342736866,HM,RMSE | AICc,2,2,0.35,0.35,0.02487341690815455,2,0.5,1,0.05,0.0093,60,0.08543298395439482,2118.5144972447542,2121.697004895163,0.016237283930657043,1.6041944818298637,1.9977836708576315,842.0705774913405,0.013236070194382594,15.492927417176686,0.17108936443371547,8.332167225071668e-10,0.08589613401213798,2118.5117398094376,2394.3731598273534,0.016325309639721477,1.604118237487012,1.997824709366013,844.1622545927702,0.052912884838433295,61.601008528458536,0.1710553436591573,5.917938665965406e-5,2117.58,2123.92,0.024037454419551456,0.9,5.261531689612929,198,0.018041426589618933,1,1.005421208955904,Noise (HM.RMSE) | Noise (HM.MAE),Noise (LM.RMSE) | Noise (LM.MAE),0.08589613401213798,HM,AICc | Intercept,1,3,0.9,0.9,0.06396021490668313,2,0.5,1,0.05,0.024,60
154,Oct_22_154,Oct_22_154_SRS5_root,SRS5,10/20/22,12:44:24,12:48:26,root,Alive,RHMA,LGR,LGR3,A4,A,NA,NA,na,7.2,26.1,21.1,21.3,no,Water,3,2022-10-20T12:44:24.000000Z,2022-10-20,Oct_2022,70,29,849,212.53666666666663,40.45,1160.5366666666666,0.07,0.029,0.21253666666666665,0.849,1.1605366666666663,1.1615828331242748,451.3686516185268,471.10343839897865,0.09769696425966258,0.6549947918365049,0.8171185737882658,502.64272845666636,0.01169322389062005,1.0066629393247086,0.9798412341458612,1.9378936192357484e-173,1.4161252417540555,450.67857987825255,510.1509102058965,0.11910570058850908,0.6134572544605736,0.7612676494498241,475.8376542096609,0.05029400244497897,3.5515222073637567,0.9825028012625278,0.002002707812731299,449.837,471.97,0.020499398705011277,0.35,11.88965124890654,204,0.2791341835990359,1,1.219134099929099,Noise (HM.RMSE) | Noise (HM.MAE) | Noise (HM.SE),Noise (LM.RMSE) | Noise (LM.MAE),1.4161252417540555,HM,SE,1,3,0.35,0.35,0.02450490147049017,2,0.5,1,0.05,0.02,60,1.6531974282735706,2132.188821481102,2160.2759262682985,0.13904507320394371,1.7924436219766293,2.292912581157719,923.6146561495096,0.032812300482651914,1.984778098579412,0.9259257515220629,2.4264153477921823e-116,2.454207351665454,2130.1045400117628,2180.7306915601976,0.20641541961890267,1.6665194367923635,2.1119069469377383,892.1451792812156,0.16168591678329464,6.5881115005858275,0.937159183824803,0.004077248878406686,2129.4,2154.3,0.052712739527171856,0.9,11.88965124890654,204,0.15449452578215966,1,1.4845216364922462,Noise (HM.RMSE) | Noise (HM.MAE) | Noise (HM.SE),Noise (LM.RMSE) | Noise (LM.MAE) | Intercept (LM),2.454207351665454,HM,SE | Intercept (LM),1,3,0.9,0.9,0.06301260378126045,2,0.5,1,0.05,0.053,60
171,Oct_22_171,Oct_22_171_SRS5_stem,SRS5,10/21/22,12:33:55,12:36:55,stem,Alive,LARA,LGR,LGR3,D1,D,NA,NA,0,31.2,22,16.8,25.7,no,Sediment,NA,2022-10-21T12:33:55.000000Z,2022-10-21,Oct_2022,70,29,849,2190.644,462.19,3138.644,0.07,0.029,2.1906440000000003,0.849,3.138644,NA,NA,NA,NA,NA,NA,NA,NA,NA,NA,NA,NA,NA,NA,NA,NA,NA,NA,NA,NA,NA,NA,NA,NA,NA,NA,NA,NA,NA,NA,NA,NA,NA,NA,NA,NA,NA,NA,NA,NA,NA,NA,NA,NA,NA,NA,NA,NA,NA,NA,NA,NA,NA,NA,NA,NA,NA,NA,NA,NA,NA,NA,NA,NA,NA,NA,NA,NA,NA,NA,NA,NA,NA,NA,NA,NA,NA,NA,NA,NA,NA,NA,NA,NA,NA,NA,NA,NA,NA,NA,NA,NA,NA,NA
167,Oct_22_167,Oct_22_167_SRS5_stem,SRS5,10/21/22,11:44:55,11:48:00,stem,Alive,RHMA,LGR,LGR3,B5,B,NA,NA,100,10.4,21.6,17.6,26.2,no,Sediment,NA,2022-10-21T11:44:55.000000Z,2022-10-21,Oct_2022,70,29,849,418.99555555555554,107.68,1366.9955555555557,0.07,0.029,0.4189955555555556,0.849,1.3669955555555555,NA,NA,NA,NA,NA,NA,NA,NA,NA,NA,NA,NA,NA,NA,NA,NA,NA,NA,NA,NA,NA,NA,NA,NA,NA,NA,NA,NA,NA,NA,NA,NA,NA,NA,NA,NA,NA,NA,NA,NA,NA,NA,NA,NA,NA,NA,NA,NA,NA,NA,NA,NA,NA,NA,NA,NA,NA,NA,NA,NA,NA,NA,NA,NA,NA,NA,NA,NA,NA,NA,NA,NA,NA,NA,NA,NA,NA,NA,NA,NA,NA,NA,NA,NA,NA,NA,NA,NA,NA,NA,NA,NA,NA,NA
169,Oct_22_169,Oct_22_169_SRS5_root,SRS5,10/21/22,11:59:16,12:02:22,root,Alive,RHMA,LGR,LGR3,A3,A,NA,NA,na,6.4,21,17.6,26.2,no,Sediment,NA,2022-10-21T11:59:16.000000Z,2022-10-21,Oct_2022,70,29,849,212.53666666666663,40.45,1160.5366666666666,0.07,0.029,0.21253666666666665,0.849,1.1605366666666663,NA,NA,NA,NA,NA,NA,NA,NA,NA,NA,NA,NA,NA,NA,NA,NA,NA,NA,NA,NA,NA,NA,NA,NA,NA,NA,NA,NA,NA,NA,NA,NA,NA,NA,NA,NA,NA,NA,NA,NA,NA,NA,NA,NA,NA,NA,NA,NA,NA,NA,NA,NA,NA,NA,NA,NA,NA,NA,NA,NA,NA,NA,NA,NA,NA,NA,NA,NA,NA,NA,NA,NA,NA,NA,NA,NA,NA,NA,NA,NA,NA,NA,NA,NA,NA,NA,NA,NA,NA,NA,NA,NA,NA,NA
173,Oct_22_173,Oct_22_173_SRS5_stem,SRS5,10/21/22,12:56:32,12:59:40,stem,Alive,LARA,LGR,LGR3,C1,C,NA,NA,100,28.4,21.2,16.8,25.7,no,Sediment,NA,2022-10-21T12:56:32.000000Z,2022-10-21,Oct_2022,70,29,849,1064.6016666666667,213.35,2012.6016666666667,0.07,0.029,1.064601666666667,0.849,2.012601666666667,NA,NA,NA,NA,NA,NA,NA,NA,NA,NA,NA,NA,NA,NA,NA,NA,NA,NA,NA,NA,NA,NA,NA,NA,NA,NA,NA,NA,NA,NA,NA,NA,NA,NA,NA,NA,NA,NA,NA,NA,NA,NA,NA,NA,NA,NA,NA,NA,NA,NA,NA,NA,NA,NA,NA,NA,NA,NA,NA,NA,NA,NA,NA,NA,NA,NA,NA,NA,NA,NA,NA,NA,NA,NA,NA,NA,NA,NA,NA,NA,NA,NA,NA,NA,NA,NA,NA,NA,NA,NA,NA,NA,NA,NA
170,Oct_22_170,Oct_22_170_SRS5_stem,SRS5,10/21/22,12:16:19,12:19:31,stem,Alive,LARA,LGR,LGR3,C5,C,NA,NA,0,31.2,22,16.8,25.7,no,Sediment,NA,2022-10-21T12:16:19.000000Z,2022-10-21,Oct_2022,70,29,849,1064.6016666666667,213.35,2012.6016666666667,0.07,0.029,1.064601666666667,0.849,2.012601666666667,NA,NA,NA,NA,NA,NA,NA,NA,NA,NA,NA,NA,NA,NA,NA,NA,NA,NA,NA,NA,NA,NA,NA,NA,NA,NA,NA,NA,NA,NA,NA,NA,NA,NA,NA,NA,NA,NA,NA,NA,NA,NA,NA,NA,NA,NA,NA,NA,NA,NA,NA,NA,NA,NA,NA,NA,NA,NA,NA,NA,NA,NA,NA,NA,NA,NA,NA,NA,NA,NA,NA,NA,NA,NA,NA,NA,NA,NA,NA,NA,NA,NA,NA,NA,NA,NA,NA,NA,NA,NA,NA,NA,NA,NA
172,Oct_22_172,Oct_22_172_SRS5_stem,SRS5,10/21/22,12:45:04,12:48:16,stem,Alive,LARA,LGR,LGR3,C1,C,NA,NA,50,29.3,21.7,16.8,25.7,no,Sediment,NA,2022-10-21T12:45:04.000000Z,2022-10-21,Oct_2022,70,29,849,1064.6016666666667,213.35,2012.6016666666667,0.07,0.029,1.064601666666667,0.849,2.012601666666667,NA,NA,NA,NA,NA,NA,NA,NA,NA,NA,NA,NA,NA,NA,NA,NA,NA,NA,NA,NA,NA,NA,NA,NA,NA,NA,NA,NA,NA,NA,NA,NA,NA,NA,NA,NA,NA,NA,NA,NA,NA,NA,NA,NA,NA,NA,NA,NA,NA,NA,NA,NA,NA,NA,NA,NA,NA,NA,NA,NA,NA,NA,NA,NA,NA,NA,NA,NA,NA,NA,NA,NA,NA,NA,NA,NA,NA,NA,NA,NA,NA,NA,NA,NA,NA,NA,NA,NA,NA,NA,NA,NA,NA,NA
174,Oct_22_174,Oct_22_174_SRS5_root,SRS5,10/21/22,13:05:05,13:08:20,root,Alive,LARA,LGR,LGR3,A3,A,NA,NA,na,NA,20.2,16.8,25.7,no,Sediment,NA,2022-10-21T13:05:05.000000Z,2022-10-21,Oct_2022,70,29,849,212.53666666666663,40.45,1160.5366666666666,0.07,0.029,0.21253666666666665,0.849,1.1605366666666663,NA,NA,NA,NA,NA,NA,NA,NA,NA,NA,NA,NA,NA,NA,NA,NA,NA,NA,NA,NA,NA,NA,NA,NA,NA,NA,NA,NA,NA,NA,NA,NA,NA,NA,NA,NA,NA,NA,NA,NA,NA,NA,NA,NA,NA,NA,NA,NA,NA,NA,NA,NA,NA,NA,NA,NA,NA,NA,NA,NA,NA,NA,NA,NA,NA,NA,NA,NA,NA,NA,NA,NA,NA,NA,NA,NA,NA,NA,NA,NA,NA,NA,NA,NA,NA,NA,NA,NA,NA,NA,NA,NA,NA,NA
168,Oct_22_168,Oct_22_168_SRS5_root,SRS5,10/21/22,11:52:53,11:56:34,root,Alive,RHMA,LGR,LGR3,A3,A,NA,NA,na,5.9,21.3,17.6,26.2,no,Sediment,NA,2022-10-21T11:52:53.000000Z,2022-10-21,Oct_2022,70,29,849,212.53666666666663,40.45,1160.5366666666666,0.07,0.029,0.21253666666666665,0.849,1.1605366666666663,NA,NA,NA,NA,NA,NA,NA,NA,NA,NA,NA,NA,NA,NA,NA,NA,NA,NA,NA,NA,NA,NA,NA,NA,NA,NA,NA,NA,NA,NA,NA,NA,NA,NA,NA,NA,NA,NA,NA,NA,NA,NA,NA,NA,NA,NA,NA,NA,NA,NA,NA,NA,NA,NA,NA,NA,NA,NA,NA,NA,NA,NA,NA,NA,NA,NA,NA,NA,NA,NA,NA,NA,NA,NA,NA,NA,NA,NA,NA,NA,NA,NA,NA,NA,NA,NA,NA,NA,NA,NA,NA,NA,NA,NA
165,Oct_22_165,Oct_22_165_SRS5_stem,SRS5,10/21/22,11:22:49,11:27:09,stem,Alive,RHMA,LGR,LGR3,B5,B,NA,NA,0,12.2,21.7,17.6,26.2,no,Sediment,NA,2022-10-21T11:22:49.000000Z,2022-10-21,Oct_2022,70,29,849,418.99555555555554,107.68,1366.9955555555557,0.07,0.029,0.4189955555555556,0.849,1.3669955555555555,NA,NA,NA,NA,NA,NA,NA,NA,NA,NA,NA,NA,NA,NA,NA,NA,NA,NA,NA,NA,NA,NA,NA,NA,NA,NA,NA,NA,NA,NA,NA,NA,NA,NA,NA,NA,NA,NA,NA,NA,NA,NA,NA,NA,NA,NA,NA,NA,NA,NA,NA,NA,NA,NA,NA,NA,NA,NA,NA,NA,NA,NA,NA,NA,NA,NA,NA,NA,NA,NA,NA,NA,NA,NA,NA,NA,NA,NA,NA,NA,NA,NA,NA,NA,NA,NA,NA,NA,NA,NA,NA,NA,NA,NA
166,Oct_22_166,Oct_22_166_SRS5_stem,SRS5,10/21/22,11:33:05,11:37:37,stem,Alive,RHMA,LGR,LGR3,B5,B,NA,NA,50,11.4,21.8,17.6,26.2,no,Sediment,NA,2022-10-21T11:33:05.000000Z,2022-10-21,Oct_2022,70,29,849,418.99555555555554,107.68,1366.9955555555557,0.07,0.029,0.4189955555555556,0.849,1.3669955555555555,NA,NA,NA,NA,NA,NA,NA,NA,NA,NA,NA,NA,NA,NA,NA,NA,NA,NA,NA,NA,NA,NA,NA,NA,NA,NA,NA,NA,NA,NA,NA,NA,NA,NA,NA,NA,NA,NA,NA,NA,NA,NA,NA,NA,NA,NA,NA,NA,NA,NA,NA,NA,NA,NA,NA,NA,NA,NA,NA,NA,NA,NA,NA,NA,NA,NA,NA,NA,NA,NA,NA,NA,NA,NA,NA,NA,NA,NA,NA,NA,NA,NA,NA,NA,NA,NA,NA,NA,NA,NA,NA,NA,NA,NA
199,Oct_22_199,Oct_22_199_CP40_stem,CP40,10/23/22,15:53:41,15:56:45,stem,Dead,AVGE,LGR,LGR3,D1,D,NA,NA,50,29.1,29.1,27.4,26.1,no,Water,11,2022-10-23T15:53:41.000000Z,2022-10-23,Oct_2022,70,29,849,2190.644,462.19,3138.644,0.07,0.029,2.1906440000000003,0.849,3.138644,3.5447996835172293,608.9818712910984,719.9480705693661,1.3054846973913852,243.11504069767432,245.40364934474135,2387.2568272563312,2.0587233427583596,58.07728296555388,0.011359224155383707,0.08691677725290338,3.8862925530344143,607.2541059545583,1262.3173609123496,1.4312502568659933,243.1150406976745,245.40240032596859,2389.351740227377,8.750517951237903,225.16364457445454,0.01136928780153923,0.0021849038944463696,793.963,418.362,0.011050692795344673,0.35,2.7153130868561197,172,3.7299562782611004,1,1.0963362954203235,Noise (HM.RMSE) | Noise (HM.MAE) | Noise (HM.SE),Noise (LM.RMSE) | Noise (LM.MAE) | Noise (LM.SE) | No detect. flux (p-val.),3.8862925530344143,HM,SE | AICc | p-value | Intercept,2,2,0.35,0.35,0.026687249808205814,2,0.5,1,0.05,0.011,60,-0.12606320370756108,2136.9188933440246,2132.972618283881,-0.04642676541345782,80.44747754665909,87.46760328687455,2032.3740685345135,0.7337771752890807,-582.070861051003,-0.005707742131217053,0.8637988031130576,-1.5842647784535249,2143.671389782051,2132.3608863308154,-0.5834556560429057,80.31479033331398,87.42664865205685,2034.30962477212,10.885097203473544,-687.0756297504132,-0.004766164929606687,0.05158529490384202,2158.27,2005.16,0.028416067188029158,0.9,2.7153130868561197,172,0.05158529490384202,1,12.567226056928323,Noise (HM.RMSE) | Noise (HM.MAE) | Noise (HM.SE) | Exaggerated curvature (g-fact),Noise (LM.RMSE) | Noise (LM.MAE) | Noise (LM.SE) | No detect. flux (p-val.) | Intercept (LM),-0.12606320370756108,LM,SE | AICc | g-fact. > 2 | p-value | Intercept (LM),2,2,0.9,0.9,0.0686243566496721,2,0.5,1,0.05,0.028,60
200,Oct_22_200,Oct_22_200_CP40_stem,CP40,10/23/22,16:06:06,16:09:10,stem,Dead,AVGE,LGR,LGR3,C5,C,NA,NA,100,31.4,31,27.7,26.1,no,Water,11,2022-10-23T16:06:06.000000Z,2022-10-23,Oct_2022,70,29,849,1064.6016666666667,213.35,2012.6016666666667,0.07,0.029,1.064601666666667,0.849,2.012601666666667,4.214382600470854,577.985603903148,665.3844160252061,1.1204975913084363,151.88921744867943,153.30743084598322,2057.69488408366,2.009606923864874,47.68449176020112,0.02105296424611436,0.0375856869697634,4.236578653055022,577.9066647149386,7878.4543187906875,1.1263989595075024,151.88994873056814,153.30782466240566,2059.800602511684,8.03716598503566,189.70888169962365,0.02104797642185552,1.5428965234939003e-4,693.495,474.076,0.016663414061192885,0.35,3.7611706023835376,159,3.2014216894526757,1,1.0052667388532044,Noise (HM.RMSE) | Noise (HM.MAE) | Noise (HM.SE),Noise (LM.RMSE) | Noise (LM.MAE) | Noise (LM.SE),4.236578653055022,HM,SE | AICc | Intercept,2,2,0.35,0.35,0.027756805500135043,2,0.5,1,0.05,0.017,60,0.15825259668563726,2039.3249564297773,2042.6068342934554,0.042075357226643496,9.996280080909163,10.230723604283543,1196.8530011726748,0.13410786990469417,84.74291905054446,0.002477981969817966,0.23976928875011216,0.22482825056021685,2039.1139268752863,2045.5213379925221,0.059776137359400336,9.995463506948603,10.230355792239678,1198.9464698723295,0.6931789066810028,308.3148603228335,0.002549705932266888,0.009329218348203624,2024.4499999999998,2051.7400000000002,0.042848779014496,0.9,3.7611706023835376,159,0.046750396918492775,1,1.4206923315566795,Noise (HM.RMSE) | Noise (HM.MAE) | Noise (HM.SE),Noise (LM.RMSE) | Noise (LM.MAE) | No detect. flux (p-val.),0.22482825056021685,HM,SE | AICc | p-value | Intercept,2,2,0.9,0.9,0.07137464271463297,2,0.5,1,0.05,0.043,60
198,Oct_22_198,Oct_22_198_CP40_stem,CP40,10/23/22,15:41:13,15:44:40,stem,Dead,AVGE,LGR,LGR3,D1,D,NA,NA,0,31.9,28.5,28.4,26,no,Water,11,2022-10-23T15:41:13.000000Z,2022-10-23,Oct_2022,70,29,849,2190.644,462.19,3138.644,0.07,0.029,2.1906440000000003,0.849,3.138644,1.0534339442914147,456.14874685314714,480.99405314685333,0.388207910839159,0.595845560785351,0.7575647681692578,154.76144038594887,0.0138045137029208,1.3104299303936247,0.9891273766515094,8.548713335879567e-64,1.1850249221373095,455.65175182053156,572.9185505998237,0.4367013725048533,0.5629817661635448,0.7222967219650943,150.83717318889526,0.0571102592531026,4.819329803638104,0.9901161511923338,0.003723998412600732,455.728,480.491,0.014611594624247007,0.35,2.71358185878873,65,1.1091654595404543,1,1.1249162119362013,Noise (HM.RMSE) | Noise (HM.MAE) | Noise (HM.SE),Noise (LM.RMSE) | Noise (LM.MAE),1.1850249221373095,HM,SE,1,3,0.35,0.35,0.04341215710622296,2,0.5,1,0.05,0.015,60,14.362173992407472,2602.6882237762243,2941.4210069930073,5.292699737762236,2.7133488300161144,3.225977377437586,343.1161276631863,0.05878447729263957,0.40930069029741484,0.998928957359275,1.6758671607627887e-95,15.232941344737249,2599.3589893750604,5632.614889579334,5.613591974533919,2.3854874138756226,2.8267683587966856,328.21611372541093,0.2139439506090503,1.4044822058148654,0.9991776350930035,0.0018506819599875743,2602.3,2934.8,0.037572671890920874,0.9,2.71358185878873,65,5.880777486402485,1,1.0606292162168558,Noise (HM.RMSE) | Noise (HM.MAE) | Noise (HM.SE),Noise (LM.RMSE) | Noise (LM.MAE),15.232941344737249,HM,SE,1,3,0.9,0.9,0.11163126113028762,2,0.5,1,0.05,0.038,60
197,Oct_22_197,Oct_22_197_CP40_stem,CP40,10/23/22,15:26:00,15:29:30,stem,Dead,AVGE,LGR,LGR3,D1,D,NA,NA,100,23.7,30.9,30.9,25.8,no,Water,12,2022-10-23T15:26:00.000000Z,2022-10-23,Oct_2022,70,29,849,2190.644,462.19,3138.644,0.07,0.029,2.1906440000000003,0.849,3.138644,3.3440910641925368,604.6105351074707,850.2168885956064,1.240436128727958,1.0391310983100277,1.2751805668595262,670.9329781212076,0.004255843760911609,0.1272645893672523,0.9996777973343437,0,3.504472108656446,602.6730001685252,3337.7499707797115,1.2999268657017116,0.7552370513284342,0.9362797845513412,549.4441686662716,0.012939927181065104,0.3692404099636578,0.9998263011069247,4.752798110143229e-4,601.4,848.941,0.004741531677539906,0.35,2.695899439515547,200,3.544103224937023,1,1.047959532615968,Noise (HM.RMSE) | Noise (HM.MAE),Noise (LM.RMSE) | Noise (LM.MAE),3.504472108656446,HM,,0,4,0.35,0.35,0.024748737341529162,2,0.5,1,0.05,0.0047,60,0.8326642924830694,2084.8693586501936,2146.0242843477463,0.30886326109875195,1.8470098705630402,2.3175530840313416,909.902631832031,0.007734703687923049,0.9289102172086141,0.9831172385250153,1.1402626129658514e-177,0.8638815951233779,2084.49143443441,2943.5340612585037,0.320442811204641,1.8342289799941272,2.3112078891433216,910.8886549287597,0.03170326254287407,3.669862018341329,0.9832095581058365,3.730231785928106e-4,2083.34,2146.57,0.01219251002795976,0.9,2.695899439515547,200,0.34318140122083546,1,1.0374908626707362,Noise (HM.RMSE) | Noise (HM.MAE),Noise (LM.RMSE) | Noise (LM.MAE),0.8638815951233779,HM,AICc,1,3,0.9,0.9,0.06363961030678927,2,0.5,1,0.05,0.012,60
191,Oct_22_191,Oct_22_191_CP40_stem,CP40,10/23/22,12:40:46,12:45:00,stem,Dead,NA,LGR,LGR3,A6,A,NA,NA,100,7.5,27.6,30.1,25.6,no,Water,12,2022-10-23T12:40:46.000000Z,2022-10-23,Oct_2022,70,29,849,212.53666666666663,40.45,1160.5366666666666,0.07,0.029,0.21253666666666665,0.849,1.1605366666666663,0.7510644970798951,445.83303873722684,453.4109042663846,0.06532642697549804,0.5204489346216786,0.6652734933545418,244.8965552496062,0.020966560001348826,2.7915791630233975,0.9163818113811231,1.4603693364818126e-64,0.9247336874997493,445.5548929764567,467.5639947188482,0.08043190424138671,0.5015353957580861,0.6529479622019696,242.6266251348239,0.09634008377941743,10.418143632238287,0.9194515000770797,0.003654483730540787,445.657,452.469,0.034393035722074396,0.35,11.497100512807728,118,0.18664693421570872,1,1.231230727980183,Noise (HM.RMSE) | Noise (HM.MAE) | Noise (HM.SE),Noise (LM.RMSE) | Noise (LM.MAE),0.9247336874997493,HM,SE,1,3,0.35,0.35,0.03222011162644132,2,0.5,1,0.05,0.034,60,0.050999388672033796,2031.3136938979724,2031.8282522493903,0.004435847857050625,1.7222643294516855,2.0984443290467936,516.0023409370789,0.06613394246718068,129.6759513971314,-0.0034763421287486995,0.4421841837498812,NA,NA,NA,NA,NA,NA,NA,NA,NA,NA,NA,2033.5299999999997,2029.87,0.0884392347139056,0.9,11.497100512807728,118,0.00492871984116736,1,NA,HM.flux is NA,NA,0.050999388672033796,LM,HM.flux is NA,NA,NA,0.9,0.9,0.0828517156108491,2,0.5,1,0.05,0.088,60
194,Oct_22_194,Oct_22_194_CP40_stem,CP40,10/23/22,14:04:00,14:09:00,stem,Dead,AVGE,LGR,LGR3,C4,C,NA,NA,100,26.4,28.6,30.8,24.7,no,Water,12,2022-10-23T14:04:00.000000Z,2022-10-23,Oct_2022,70,29,849,1064.6016666666667,213.35,2012.6016666666667,0.07,0.029,1.064601666666667,0.849,2.012601666666667,1.342035337385861,534.8879285985925,644.1291037289063,0.35699730434743115,0.6538958670045641,0.8185974412193878,756.8447739330571,0.001988216437622061,0.14814933573171707,0.9993266417057186,0,1.3641850486573048,534.585861533816,3856.856285804972,0.36288939004420734,0.6637863376297856,0.8376620752648476,773.0795946935372,0.008214206200339493,0.6021328417595766,0.9992952091060046,1.0922933527418032e-4,535.779,644.892,0.0042857682537095,0.35,3.7592310111109044,308,1.0199922981355176,1,1.0165045663511285,Noise (HM.RMSE) | Noise (HM.MAE),Noise (LM.RMSE) | Noise (LM.MAE),1.342035337385861,LM,RMSE | MAE | AICc,3,1,0.35,0.35,0.01994310088043664,2,0.5,1,0.05,0.0043,60,0.19501871819047514,2059.0241545250174,2074.8986053342137,0.051877290226131766,1.9341188352988183,2.423313184293235,1425.3886677818732,0.005885763702536179,3.018050655418391,0.7813172197897791,3.06590981799138e-103,0.19653454338793866,2059.002790197269,2999.6590999870245,0.05228051769286187,1.9347048174794297,2.4239074349736023,1427.5927720962836,0.023623031228724833,12.019785846041039,0.7812112016811844,5.5578766812872384e-5,2059.49,2074.06,0.011020546938110143,0.9,3.7592310111109044,308,0.057641433584590854,1,1.0077727164424444,Noise (HM.RMSE) | Noise (HM.MAE),Noise (LM.RMSE) | Noise (LM.MAE),0.19653454338793866,HM,AICc,1,3,0.9,0.9,0.051282259406837075,2,0.5,1,0.05,0.011,60
196,Oct_22_196,Oct_22_196_CP40_stem,CP40,10/23/22,15:06:30,15:11:30,stem,Dead,AVGE,LGR,LGR3,D1,D,NA,NA,50,30.8,29.6,29.6,24.3,no,Water,12,2022-10-23T15:06:30.000000Z,2022-10-23,Oct_2022,70,29,849,2190.644,462.19,3138.644,0.07,0.029,2.1906440000000003,0.849,3.138644,2.528705027978199,795.1165476562603,1171.803517185665,0.9323934889341703,1.500950373724843,1.8545847565616023,1663.8514269324348,0.0021396574497505585,0.08461475047808563,0.9997094022742629,0,2.6070450198812907,793.1858898352406,7139.079537564475,0.9612793010654491,1.3060804112961681,1.6420572148322143,1566.818650504544,0.007753334326148288,0.29739932632622235,0.999772188622504,1.514805249548148e-4,793.181,1168.53,0.0023437536484308603,0.35,2.7120577931842815,407,2.6639813969547728,1,1.0309802808300372,Noise (HM.RMSE) | Noise (HM.MAE),Noise (LM.RMSE) | Noise (LM.MAE),2.6070450198812907,HM,,0,4,0.35,0.35,0.017348855898381338,2,0.5,1,0.05,0.0023,60,4.429695812440603,2774.394964042279,3434.2618417775066,1.6333338557802666,3.452704024793078,4.332121935620612,2354.4463051622115,0.0049980228404139584,0.11282993352223496,0.9994834043175832,0,4.593060818001227,2770.3735221203456,12183.684873158645,1.693570406037853,3.149138565138736,3.9428041714290076,2279.835710195333,0.01869643424795521,0.407058277449315,0.9995720827020849,1.79912290466314e-4,2770.99,3426.56,0.00602679509596507,0.9,2.7120577931842815,407,1.8148153953114072,1,1.0368795087693878,Noise (HM.RMSE) | Noise (HM.MAE),Noise (LM.RMSE) | Noise (LM.MAE),4.593060818001227,HM,,0,4,0.9,0.9,0.04461134373869487,2,0.5,1,0.05,0.006,60
190,Oct_22_190,Oct_22_190_CP40_stem,CP40,10/23/22,12:19:00,12:24:00,stem,Dead,NA,LGR,LGR3,B3,B,NA,NA,50,8.8,28.6,29.9,NA,no,Water,12,2022-10-23T12:19:00.000000Z,2022-10-23,Oct_2022,70,29,849,418.99555555555554,107.68,1366.9955555555557,0.07,0.029,0.4189955555555556,0.849,1.3669955555555555,0.11524276832851096,457.8136797887475,463.8113075119297,0.02263255744597059,0.691683604033256,0.8472346540991833,675.2792030915407,0.003457439128910532,3.0001354350103413,0.8066875528769012,8.885041933841038e-97,0.2647462999259858,456.7321741122821,464.29119806444453,0.05199359516080495,0.5776987416081661,0.7312664820828653,598.7359483451825,0.022209364101953646,8.388923323258018,0.8559863254450536,0.0068783477192093136,456.216,462.655,0.006699871273799831,0.35,5.091902168087872,267,0.06466444984563026,1,2.297292088396386,Noise (HM.RMSE) | Noise (HM.MAE) | Exaggerated curvature (g-fact),Noise (LM.RMSE) | Noise (LM.MAE) | Intercept (LM),0.11524276832851096,LM,g-fact. > 2 | Intercept (LM),0,4,0.35,0.35,0.02141965214767366,2,0.5,1,0.05,0.0067,60,0.11154419894366953,2036.1137571249103,2041.9188986504735,0.02190619443608772,1.8035869181122501,2.241843224124605,1194.9017746328354,0.009148630130353436,8.201798226166424,0.3569532669938529,1.9261070832511047e-27,0.4523762374723819,2034.0409822132897,2041.0144715185775,0.08884228772255846,1.7272030264966884,2.1453035154316926,1173.4579245976588,0.10235938048428854,22.627046251636436,0.4111433984023454,0.012740004871763702,2032.79,2043.26,0.017228240418342422,0.9,5.091902168087872,267,0.024340216040097465,1,4.055578342544147,Noise (HM.RMSE) | Noise (HM.MAE) | Exaggerated curvature (g-fact),Noise (LM.RMSE) | Noise (LM.MAE),0.11154419894366953,LM,g-fact. > 2 | Intercept,0,4,0.9,0.9,0.05507910552258941,2,0.5,1,0.05,0.017,60
193,Oct_22_193,Oct_22_193_CP40_stem,CP40,10/23/22,13:42:40,13:48:30,stem,Dead,AVGE,LGR,LGR3,D1,D,NA,NA,50,30.3,28.8,29.8,24.7,no,Water,12,2022-10-23T13:42:40.000000Z,2022-10-23,Oct_2022,70,29,849,2190.644,462.19,3138.644,0.07,0.029,2.1906440000000003,0.849,3.138644,0.9988885065137852,599.8866725366511,754.199530613936,0.3674115668506782,2.9701423767835573,3.298950787597644,2221.4936136159045,0.003585473575210424,0.3589463240220937,0.9945794355059321,0,1.2923737386026182,592.7432052837787,970.2661932834109,0.47536142138011855,0.9811440970546876,1.255740309777747,1404.4663848740806,0.006613558523100531,0.5117373036573348,0.9992145970772017,0.0012591588763876326,596.506,748.171,0.002260217014646766,0.35,2.7187181804751104,424,1.0497473338590808,1,1.293811801992921,Noise (HM.RMSE) | Noise (HM.MAE),Noise (LM.RMSE) | Noise (LM.MAE),1.2923737386026182,HM,,0,4,0.35,0.35,0.01699750259125212,2,0.5,1,0.05,0.0023,60,0.9290303510780711,2175.513326872213,2319.034178078866,0.3417163123967921,2.970408614315677,3.5440948965203938,2282.2768410932476,0.0038519091122197827,0.41461606800573597,0.9927807266583564,0,1.1595448424279,2169.8576206030407,2565.1187178676746,0.42650424407919446,2.09231460807717,2.5564321905808916,2007.2988355674936,0.01310442715071832,1.1301354351488264,0.9962437770938735,0.0010790443254617662,2173.92,2318.01,0.005811986609091686,0.9,2.7187181804751104,424,0.3796847915519912,1,1.2481237465302764,Noise (HM.RMSE) | Noise (HM.MAE),Noise (LM.RMSE) | Noise (LM.MAE),1.1595448424279,HM,,0,4,0.9,0.9,0.043707863806076885,2,0.5,1,0.05,0.0058,60
195,Oct_22_195,Oct_22_195_CP40_stem,CP40,10/23/22,14:35:00,14:42:00,stem,Dead,AVGE,LGR,LGR3,D1,D,NA,NA,0,32.2,28.7,28.7,25.2,no,Water,12,2022-10-23T14:35:00.000000Z,2022-10-23,Oct_2022,70,29,849,2190.644,462.19,3138.644,0.07,0.029,2.1906440000000003,0.849,3.138644,2.6102795901387443,898.1030125911684,1227.9601585650084,0.9588870522495346,0.8754180395505765,1.077067894865592,1042.3375641097095,0.001585246109600764,0.06073089318054635,0.9998724030709933,0,2.6534616695600897,897.190375635159,10998.078058238738,0.9747500031007644,0.8495811174501093,1.0555635843692588,1030.3882313835916,0.006299834075327135,0.2374194490011822,0.9998775534499442,9.650141984843013e-5,897.357,1226.62,0.002761649271323287,0.35,2.7221971388758117,347,2.739677292141528,1,1.0165430858765019,Noise (HM.RMSE) | Noise (HM.MAE),Noise (LM.RMSE) | Noise (LM.MAE),2.6534616695600897,HM,,0,4,0.35,0.35,0.018788984448325663,2,0.5,1,0.05,0.0028,60,24.466082964438513,5223.040457119503,8314.78293953301,8.987623495388101,5.494801036737333,6.762567645671124,2317.3267500319607,0.00995325745230761,0.0406818593183661,0.9999427397903545,0,24.847912969437342,5214.957992874427,104752.15015319189,9.127888871302982,6.750888371952768,8.099542412077968,2444.574753124502,0.04831089019554267,0.19442634983052512,0.9999180858002479,9.170329876898015e-5,5198.98,8327.12,0.007101383840545596,0.9,2.7221971388758117,347,9.986248328209003,1,1.0156065033194654,Noise (HM.RMSE) | Noise (HM.MAE),Noise (LM.RMSE) | Noise (LM.MAE),24.466082964438513,LM,RMSE | MAE | AICc,3,1,0.9,0.9,0.04831453143855171,2,0.5,1,0.05,0.0071,60
192,Oct_22_192,Oct_22_192_CP40_stem,CP40,10/23/22,13:20:00,13:30:00,stem,Dead,AVGE,LGR,LGR3,D1,D,NA,NA,0,43.9,27.1,28.6,24.3,no,Water,12,2022-10-23T13:20:00.000000Z,2022-10-23,Oct_2022,70,29,849,2190.644,462.19,3138.644,0.07,0.029,2.1906440000000003,0.849,3.138644,7.423950865378739,841.7512271169604,1232.956717936686,2.7167047973592053,1.8965159330518055,2.540664220198311,692.7673266311912,0.013818047168774132,0.18612794480111627,0.9994979179929837,1.1521003207057545e-239,7.523239261930527,840.8764518504121,15358.11793441042,2.7530381821196372,2.0788516669281143,2.6589611178420447,708.1709025158069,0.05848527873509123,0.7773949052908815,0.9994504375184426,1.8963920834594807e-4,845.055,1232.7,0.006596182778713838,0.35,2.7327042940385904,146,7.762013706740587,1,1.0133740643428575,Noise (HM.RMSE) | Noise (HM.MAE) | Noise (HM.SE),Noise (LM.RMSE) | Noise (LM.MAE),7.423950865378739,LM,RMSE | MAE | SE | AICc,4,0,0.35,0.35,0.028966206101082876,2,0.5,1,0.05,0.0066,60,60.94404222532494,4600.253587534151,7811.703175984521,22.301733253127573,15.675161197932495,18.478376527973776,1272.1466197241616,0.10049934046222743,0.1649042905468215,0.9996058495956005,3.114255680070916e-247,61.6650942764508,4593.87716415804,136273.68167313182,22.565593507857233,17.737099935486633,20.95037341505388,1310.9234289715566,0.4603419905762367,0.7465195601785305,0.9994941798417766,1.7136715529008414e-4,4624.43,7838.83,0.01696161285954987,0.9,2.7327042940385904,146,24.779703614586197,1,1.011831378832076,Noise (HM.RMSE) | Noise (HM.MAE) | Noise (HM.SE),Noise (LM.RMSE) | Noise (LM.MAE),60.94404222532494,LM,RMSE | MAE | SE | AICc,4,0,0.9,0.9,0.07448452997421312,2,0.5,1,0.05,0.017,60
189,Oct_22_189,Oct_22_189_CP40_stem,CP40,10/23/22,11:22:58,11:39:20,stem,Dead,NA,LGR,LGR3,B3,B,NA,NA,0,9.8,25.7,28.3,25.3,no,Water,12,2022-10-23T11:22:58.000000Z,2022-10-23,Oct_2022,70,29,849,418.99555555555554,107.68,1366.9955555555557,0.07,0.029,0.4189955555555556,0.849,1.3669955555555555,0.13229359052999928,452.3867022598714,459.82163508462935,0.02590568928487089,0.6535517355688213,0.8291079551952014,717.9106453574971,0.003010494766519455,2.2756164939349697,0.8701583934353389,1.8222508313132446e-129,0.18244992081433103,451.94845614966863,467.3632456147276,0.035727286104564264,0.6447523404184897,0.8089458592384059,705.7378572434496,0.014910748277116363,8.172515619938354,0.8763965397791961,0.0023177278019624,452.713,459.335,0.006206106270541647,0.35,5.106738874045698,289,0.07401625509963113,1,1.3791289516248948,Noise (HM.RMSE) | Noise (HM.MAE) | Intercept (HM),Noise (LM.RMSE) | Noise (LM.MAE),0.18244992081433103,HM,Intercept (HM),0,4,0.35,0.35,0.020588235294117647,2,0.5,1,0.05,0.0062,60,-0.4780305809678545,2144.968810815869,2118.103372789451,-0.09360779800145638,2.003974965538568,2.577714992362416,1373.5408159137664,0.009359694893120088,-1.9579699010405964,0.9005347269868199,4.407674919077286e-146,-0.7121762890327469,2146.9813360688718,2098.8669553925,-0.13945813690460765,1.921741241290706,2.4395189262641557,1343.7482134752054,0.047644940379426536,-6.690048673782195,0.910913875213949,0.0028984709964913623,2144.16,2118.17,0.01595855898139281,0.9,5.106738874045698,289,0.10400866444606263,1,1.4898132407989975,Noise (HM.RMSE) | Noise (HM.MAE) | Intercept (HM),Noise (LM.RMSE) | Noise (LM.MAE),-0.7121762890327469,HM,Intercept (HM),0,4,0.9,0.9,0.052941176470588235,2,0.5,1,0.05,0.016,60
225,Oct_22_225,Oct_22_225_CP40_CWD,CP40,10/24/22,13:24:30,13:27:00,CWD,Dead,UNKN,LGR,LGR3,A5,A,NA,NA,NA,6.3,5,29.7,NA,no,Water,NA,2022-10-24T13:24:30.000000Z,2022-10-24,Oct_2022,70,29,849,212.53666666666663,40.45,1160.5366666666666,0.07,0.029,0.21253666666666665,0.849,1.1605366666666663,6.271349369825576,433.5171078343097,513.9154062704072,0.5544710236972242,1.1793656081154034,1.421171951801815,526.67142465234,0.031627464926734024,0.5043167436805338,0.9963003474515397,1.9795293547976575e-178,7.558500485509072,430.89852539018756,685.1401985030609,0.6682723692577095,0.705947194412853,0.8416459630410853,374.76524646757343,0.08617903468955515,1.1401604703839736,0.9987024426163406,0.002628492650616812,430.108,511.745,0.027114233325014114,0.35,11.31050875843446,147,1.5842029248492124,1,1.205243088812208,Noise (HM.RMSE) | Noise (HM.MAE) | Noise (HM.SE),Noise (LM.RMSE) | Noise (LM.MAE),7.558500485509072,HM,SE,1,3,0.35,0.35,0.028867513459481287,2,0.5,1,0.05,0.027,60,2.23031178873223,2076.3468887142353,2104.939343419247,0.1971893427931829,2.0112859291451826,2.500109478298324,692.7381104670018,0.05563867534651624,2.494659070880075,0.9166599322984778,2.423839988544588e-80,3.7415721500279346,2073.484398097542,2117.260061677277,0.3308049381278073,1.7681358895521682,2.19803039171527,656.9927536673448,0.28862811260008875,7.7140865130165635,0.9355826015028799,0.007556822925716796,2075.9599999999996,2103.6000000000004,0.06972231426432202,0.9,11.31050875843446,147,0.2190992697702032,1,1.6776004901784365,Noise (HM.RMSE) | Noise (HM.MAE) | Noise (HM.SE),Noise (LM.RMSE) | Noise (LM.MAE),3.7415721500279346,HM,SE,1,3,0.9,0.9,0.07423074889580902,2,0.5,1,0.05,0.07,60
216,Oct_22_216,Oct_22_216_CP40_stem,CP40,10/24/22,10:37:00,10:40:00,stem,Dead,AVGE,LGR,LGR3,C3,C,NA,NA,0,39.5,26.9,26.6,NA,no,Water,4.5,2022-10-24T10:37:00.000000Z,2022-10-24,Oct_2022,70,29,849,1064.6016666666667,213.35,2012.6016666666667,0.07,0.029,1.064601666666667,0.849,2.012601666666667,0.7926483501439031,600.3375607347516,638.104983391277,0.20981901475847442,1.0898274171391154,1.3022328058383257,618.7536991704483,0.007028093660462708,0.8866597223329584,0.9859689597924091,6.284346395795887e-169,1.105212762644213,598.035612370958,674.4458579583446,0.2925567850035903,0.6936538568890281,0.8631616549201238,471.1558179420067,0.02385504935030361,2.1584124031675667,0.9938355138184809,0.003828763835983325,598.16,636.927,0.0073050835274363745,0.35,3.7777717670456683,182,0.5994828993099269,1,1.3943292286466813,Noise (HM.RMSE) | Noise (HM.MAE),Noise (LM.RMSE) | Noise (LM.MAE),1.105212762644213,HM,,0,4,0.35,0.35,0.025943726083138538,2,0.5,1,0.05,0.0073,60,43.338862900158496,10505.190085958558,12570.16272143599,11.472070197096844,15.453950516953757,19.943311463408186,1612.041808802469,0.10763318220537414,0.24835257550096107,0.9988848482717289,6.568242922799163e-268,47.46913122024596,10473.160761487987,22774.496967248924,12.565378256656372,11.434529528978452,13.828159320535542,1480.8409786509906,0.3187944770705201,0.6715827083318342,0.9994638723977123,0.0010214645016182696,10472.8,12524.900000000001,0.01878450049912211,0.9,3.7777717670456683,182,12.746744663440936,1,1.0953017232963065,Noise (HM.RMSE) | Noise (HM.MAE) | Noise (HM.SE),Noise (LM.RMSE) | Noise (LM.MAE),47.46913122024596,HM,SE,1,3,0.9,0.9,0.06671243849949911,2,0.5,1,0.05,0.019,60
218,Oct_22_218,Oct_22_218_CP40_stem,CP40,10/24/22,11:16:30,11:19:30,stem,Dead,AVGE,LGR,LGR3,C3,C,NA,NA,100,24.5,28.6,26.6,NA,no,Water,4.5,2022-10-24T11:16:30.000000Z,2022-10-24,Oct_2022,70,29,849,1064.6016666666667,213.35,2012.6016666666667,0.07,0.029,1.064601666666667,0.849,2.012601666666667,1.2247231578119806,485.14923279407316,582.8124618273904,0.32663287302112787,0.6662883117952978,0.8771930086578976,783.9783585163885,0.0021910162596916537,0.1788989001894923,0.9990375788746884,0,1.2535268034171583,484.7675633758748,2623.4100819632295,0.3343147866499268,0.6454283933323761,0.8643678431972817,777.1364129608017,0.00880662188914294,0.7025475534416797,0.9990655497214853,1.5632102314638025e-4,485.148,580.878,0.004374463815898757,0.35,3.7495404136275066,302,0.9332367800603655,1,1.023518495115775,Noise (HM.RMSE) | Noise (HM.MAE),Noise (LM.RMSE) | Noise (LM.MAE),1.2535268034171583,HM,,0,4,0.35,0.35,0.020140236817695258,2,0.5,1,0.05,0.0044,60,0.7256272998835989,2079.162973056691,2137.0267480080574,0.1935243309410254,1.6766947787648163,2.1834042856007643,1334.7741066027158,0.0054536165291046,0.7515726778718825,0.9832809833188694,8.540152042962604e-269,0.7314927806113541,2079.0829420086825,5409.929784736602,0.19508865085245708,1.6856839902949294,2.1930057807754686,1339.478509878963,0.02210068165278915,3.021312340816027,0.983134914156734,5.857028559520378e-5,2081.67,2139.9,0.011248621240882519,0.9,3.7495404136275066,302,0.21502703437891713,1,1.0080833242198801,Noise (HM.RMSE) | Noise (HM.MAE),Noise (LM.RMSE) | Noise (LM.MAE),0.7314927806113541,HM,AICc,1,3,0.9,0.9,0.051789180388359245,2,0.5,1,0.05,0.011,60
219,Oct_22_219,Oct_22_219_CP40_stem,CP40,10/24/22,11:50:00,11:53:00,stem,Dead,AVGE,LGR,LGR3,C3,C,NA,NA,0,35.7,7,23.4,NA,no,Water,7,2022-10-24T11:50:00.000000Z,2022-10-24,Oct_2022,70,29,849,1064.6016666666667,213.35,2012.6016666666667,0.07,0.029,1.064601666666667,0.849,2.012601666666667,2.321454854041862,523.8999124814824,669.4174134119291,0.611418071136331,1.9502140328388824,2.3043556553828877,1087.8967165668687,0.008236282828364753,0.3547897050000625,0.9970005555459946,1.8407942179449843e-302,2.789137080612019,519.203135798426,986.642980040101,0.7345948645064051,0.8640054983987483,1.0651432990033027,719.5531934232479,0.017404732793638352,0.6240185509211057,0.9993591477927903,0.0015715281304231443,519.213,665.6,0.005560221785434882,0.35,3.7968371620541053,240,1.7469087746752312,1,1.201460832096683,Noise (HM.RMSE) | Noise (HM.MAE),Noise (LM.RMSE) | Noise (LM.MAE),2.789137080612019,HM,,0,4,0.35,0.35,0.022592402852876597,2,0.5,1,0.05,0.0056,60,14.692384188257142,2729.5047557934354,3650.478526212766,3.869637690837523,12.442163780982733,14.645089273642286,1975.5626273841797,0.05234482664279806,0.35627183425161557,0.9969755185581242,4.950083899715058e-302,17.92671576258468,2697.128610666386,5464.068964300116,4.7214865946176765,3.3261336129256014,4.1260973789599955,1369.5800762256235,0.0682039308272905,0.38045971013631347,0.9997599256155033,0.0017063926182641076,2692.82,3620.31,0.014297713162546839,0.9,3.7968371620541053,240,4.299597434263915,1,1.2201366049842728,Noise (HM.RMSE) | Noise (HM.MAE),Noise (LM.RMSE) | Noise (LM.MAE),17.92671576258468,HM,,0,4,0.9,0.9,0.05809475019311125,2,0.5,1,0.05,0.014,60
221,Oct_22_221,Oct_22_221_CP40_stem,CP40,10/24/22,12:08:00,12:11:00,stem,Dead,AVGE,LGR,LGR3,C3,C,NA,NA,100,24.6,28.7,23.4,NA,no,Water,7,2022-10-24T12:08:00.000000Z,2022-10-24,Oct_2022,70,29,849,1064.6016666666667,213.35,2012.6016666666667,0.07,0.029,1.064601666666667,0.849,2.012601666666667,3.045741271998036,728.690461027913,942.8336250016414,0.8020343219989826,5.488779806390932,6.475285510696447,1774.4595700019365,0.01948721981745206,0.6398186213850087,0.9891475603790956,1.6473432454760168e-264,4.316677973065694,714.871310674846,1134.3035261915077,1.136709780061029,2.0392127326799194,2.6317936828571806,1292.1445508767163,0.040996000955871505,0.9497118203319727,0.9982072769022321,0.0027101155753160642,716.757,928.673,0.004959447587811049,0.35,3.797519867238175,269,2.291526634282808,1,1.4172832120549461,Noise (HM.RMSE) | Noise (HM.MAE) | Noise (HM.SE),Noise (LM.RMSE) | Noise (LM.MAE),4.316677973065694,HM,SE,1,3,0.35,0.35,0.02133987662973923,2,0.5,1,0.05,0.005,60,0.05867445915108013,2049.407055494646,2053.5324007570875,0.015450731320005536,1.9081579914180704,2.342777326283162,1227.4988659256676,0.007050533395818158,12.016358561846864,0.20298701560489618,4.510835110459134e-15,0.3140687300507307,2047.337625300099,2052.8012497876625,0.08270364370184156,1.7969570471059926,2.227508361915884,1202.4158412702698,0.09329826702448522,29.706321609736502,0.27948660641417744,0.015137139071342605,2045.56,2047.5400000000002,0.012752865225799841,0.9,3.797519867238175,269,0.017167479244450595,1,5.352733277728885,Noise (HM.RMSE) | Noise (HM.MAE) | Exaggerated curvature (g-fact),Noise (LM.RMSE) | Noise (LM.MAE),0.05867445915108013,LM,g-fact. > 2 | Intercept,0,4,0.9,0.9,0.05487396847647231,2,0.5,1,0.05,0.013,60
222,Oct_22_222,Oct_22_222_CP40_stem,CP40,10/24/22,12:36:00,12:39:00,stem,Dead,AVGE,LGR,LGR3,D1,D,NA,NA,0,25.3,27.5,29.3,NA,no,Water,12.5,2022-10-24T12:36:00.000000Z,2022-10-24,Oct_2022,70,29,849,2190.644,462.19,3138.644,0.07,0.029,2.1906440000000003,0.849,3.138644,5.670832526442178,980.4780469348658,1282.6341891762452,2.112980015673982,1.0007085975898908,1.2813746107994124,486.2305500531689,0.006942597518160411,0.12242642479368238,0.9997857139362828,1.2860548361121945e-262,5.783570551302465,979.4857407595761,8772.838895058114,2.1549867567345924,0.9530860306361054,1.2039354358538605,470.39363492100944,0.02640282915588597,0.45651434389332435,0.9998108398310152,2.765159892113933e-4,979.531,1280.95,0.006523144279418421,0.35,2.683807932103579,144,6.03708575906852,1,1.0198803305043145,Noise (HM.RMSE) | Noise (HM.MAE),Noise (LM.RMSE) | Noise (LM.MAE),5.783570551302465,HM,,0,4,0.35,0.35,0.029166666666666664,2,0.5,1,0.05,0.0065,60,2.3433071622600714,2336.2964358237546,2461.153703065134,0.8731277429467087,1.8824730131777647,2.3394840792184675,659.6056888494691,0.012675525350096402,0.5409246194541188,0.9958331410951085,4.130069438336598e-171,2.5691469686958266,2334.3420230634556,3071.2027258303387,0.9572767626042894,1.7367395006860609,2.1705400821550125,640.135161790012,0.05024102970214703,1.9555529642452034,0.9964132242315918,0.001299128531362512,2334.09,2460.17,0.01677379957564737,0.9,2.683807932103579,144,0.9701419366074541,1,1.096376527189008,Noise (HM.RMSE) | Noise (HM.MAE),Noise (LM.RMSE) | Noise (LM.MAE),2.5691469686958266,HM,,0,4,0.9,0.9,0.075,2,0.5,1,0.05,0.017,60
223,Oct_22_223,Oct_22_223_CP40_stem,CP40,10/24/22,12:50:00,12:53:00,stem,Dead,AVGE,LGR,LGR3,D1,D,NA,NA,50,24.5,28.2,29.3,NA,no,Water,12.5,2022-10-24T12:50:00.000000Z,2022-10-24,Oct_2022,70,29,849,2190.644,462.19,3138.644,0.07,0.029,2.1906440000000003,0.849,3.138644,4.3509925870690775,828.7022221087127,1212.9694505224247,1.6213807106063793,2.5109779589125387,3.072673564636051,1226.0152551286542,0.0077531789923127575,0.17819333950038896,0.9992416797074797,0,4.725175076186629,823.3224084573944,3332.331740543805,1.7608183809680658,1.622943195510229,1.941911118058751,1007.8235569786951,0.02089889141763446,0.44228819209172143,0.9996971144698366,7.017982589581787e-4,821.741,1211.41,0.00394633935666024,0.35,2.683510762528963,240,4.6325163160182274,1,1.0859993396057723,Noise (HM.RMSE) | Noise (HM.MAE),Noise (LM.RMSE) | Noise (LM.MAE),4.725175076186629,HM,,0,4,0.35,0.35,0.022592402852876597,2,0.5,1,0.05,0.0039,60,0.8183957199033257,2105.5080236927693,2177.7863943724897,0.3049720281844753,1.7711556913865176,2.1849918832720316,1062.3660054731827,0.005513320179120684,0.6736741218260469,0.9892692085171456,1.3931419681631046e-236,0.9181390823852023,2104.0833644473873,2452.6589730550263,0.3421410099059712,1.6853069785399952,2.091666904870134,1043.4821376154966,0.023065081608768336,2.5121555166618488,0.9901662955922153,9.815403070588607e-4,2106.31,2177.5099999999998,0.010147729774269188,0.9,2.683510762528963,240,0.33885780909386143,1,1.121876691258428,Noise (HM.RMSE) | Noise (HM.MAE),Noise (LM.RMSE) | Noise (LM.MAE),0.9181390823852023,HM,,0,4,0.9,0.9,0.05809475019311125,2,0.5,1,0.05,0.01,60
224,Oct_22_224,Oct_22_224_CP40_stem,CP40,10/24/22,13:04:00,13:07:00,stem,Dead,AVGE,LGR,LGR3,C3,C,NA,NA,100,24.5,29.3,29.3,NA,no,Water,12.5,2022-10-24T13:04:00.000000Z,2022-10-24,Oct_2022,70,29,849,1064.6016666666667,213.35,2012.6016666666667,0.07,0.029,1.064601666666667,0.849,2.012601666666667,5.5832647097822425,666.9605751027009,952.7710511920134,1.4963899271691752,8.612276894404964,9.2896155411667,1414.1915647189599,0.04532493025706091,0.811799773305548,0.9875041244634937,6.140179213132179e-184,8.217504787526629,646.3585110561719,1168.088842795114,2.202401646652163,2.7668063376053253,3.518219991703731,1041.493738302407,0.09151628459665519,1.1136748558463634,0.9982076732210976,0.004221341012149888,649.645,939.765,0.0068015870122354934,0.35,3.7311563038549,193,4.27539979191193,1,1.4718099919441445,Noise (HM.RMSE) | Noise (HM.MAE) | Noise (HM.SE),Noise (LM.RMSE) | Noise (LM.MAE) | Noise (LM.SE),8.217504787526629,HM,SE,1,3,0.35,0.35,0.025193551276204307,2,0.5,1,0.05,0.0068,60,0.33732569164329346,2063.7247651928833,2080.9926580006177,0.09040781574730075,1.9170688426513454,2.4080511115109973,893.0609105756874,0.011749113642109546,3.4830177283186896,0.8108944842916251,3.267828662778709e-71,0.5922995478576991,2061.808238107765,2087.105350195913,0.15874423358939854,1.8212065325672677,2.2794990086581133,873.9699344843029,0.06774038069498978,11.436844910653978,0.8305460837813479,0.006275191928479943,2061.25,2079.13,0.017489795174319842,0.9,3.7311563038549,193,0.10045312860811194,1,1.7558684752776819,Noise (HM.RMSE) | Noise (HM.MAE),Noise (LM.RMSE) | Noise (LM.MAE) | Intercept (LM),0.5922995478576991,HM,Intercept (LM),0,4,0.9,0.9,0.06478341756738251,2,0.5,1,0.05,0.017,60
217,Oct_22_217,Oct_22_217_CP40_stem,CP40,10/24/22,11:01:00,11:04:00,stem,Dead,AVGE,LGR,LGR3,C3,C,NA,NA,50,43,27.5,26.6,NA,no,Water,4.5,2022-10-24T11:01:00.000000Z,2022-10-24,Oct_2022,70,29,849,1064.6016666666667,213.35,2012.6016666666667,0.07,0.029,1.064601666666667,0.849,2.012601666666667,1.7947107600886045,491.232809942325,607.7611415299062,0.4775751294573003,0.8315547218014501,1.0277932251594257,717.704621838745,0.0035001508272102366,0.19502590083303645,0.9990690038741821,0,1.91004189602148,490.0029342335514,1479.7754047967223,0.5082649115650764,0.6978912778196502,0.8695213553070023,637.49603999863,0.012393228340917706,0.6488458900682843,0.9993336584759704,5.135169209908198e-4,491.777,607.484,0.005368521843517663,0.35,3.757965290462364,246,1.3645003698780007,1,1.0642616841095784,Noise (HM.RMSE) | Noise (HM.MAE),Noise (LM.RMSE) | Noise (LM.MAE),1.91004189602148,HM,,0,4,0.35,0.35,0.02231518495721684,2,0.5,1,0.05,0.0054,60,3.0859338586472886,2212.465272706858,2412.831109885012,0.8211714638448958,1.9705431278763648,2.4238310324024934,1139.8088168494867,0.008254358936609526,0.26748333939431235,0.9982501447950938,0,3.1593991480082577,2211.6756874413204,6562.664023737215,0.840720683617474,1.9277800915613965,2.3981316622734363,1136.6311938258154,0.03320531414256604,1.051000920966231,0.9982870547705242,1.932252211765754e-4,2209.11,2412.4500000000003,0.013804770454759705,0.9,3.757965290462364,246,0.9124127376054398,1,1.0238065016056994,Noise (HM.RMSE) | Noise (HM.MAE),Noise (LM.RMSE) | Noise (LM.MAE),3.1593991480082577,HM,,0,4,0.9,0.9,0.057381904175700445,2,0.5,1,0.05,0.014,60
220,Oct_22_220,Oct_22_220_CP40_stem,CP40,10/24/22,11:58:30,12:01:30,stem,Dead,AVGE,LGR,LGR3,C3,C,NA,NA,50,25.5,28,23.4,NA,no,Water,7,2022-10-24T11:58:30.000000Z,2022-10-24,Oct_2022,70,29,849,1064.6016666666667,213.35,2012.6016666666667,0.07,0.029,1.064601666666667,0.849,2.012601666666667,2.7063249886417293,556.758613565799,668.6520573202771,0.7126970939775673,0.7276560511479724,0.9067349294494722,423.6024022986453,0.0060441494008795435,0.2233342051027296,0.9992175214401642,1.9021517295814054e-244,2.7551860976625275,556.4226653114321,3688.5388973146573,0.725564421646563,0.7343998225444265,0.9165609399568176,429.1139702900886,0.024706482005150663,0.8967264326032784,0.9992006714000865,2.316530958311562e-4,558.863,668.5,0.0084117414813048,0.35,3.7973004401318815,158,2.036277411364478,1,1.018054412986565,Noise (HM.RMSE) | Noise (HM.MAE),Noise (LM.RMSE) | Noise (LM.MAE),2.7551860976625275,HM,RMSE | AICc,2,2,0.35,0.35,0.02784450494615055,2,0.5,1,0.05,0.0084,60,1.6806473761935494,2196.848643420109,2266.3352806305224,0.44259004592620016,1.7553791625063977,2.1270997051988396,693.0443945543691,0.014178904982291171,0.8436573419942839,0.9889481151029995,9.519856238610823e-155,1.7102449597622353,2196.646318181373,4214.2915633721905,0.4503844209131996,1.7481366817026678,2.1251206647555043,694.8558470016166,0.05725650769305818,3.3478541986767905,0.9889686753478864,2.2322279993805587e-4,2197.64,2265.88,0.02163019238049806,0.9,3.7973004401318815,158,0.4917667176957779,1,1.0176108230601715,Noise (HM.RMSE) | Noise (HM.MAE),Noise (LM.RMSE) | Noise (LM.MAE),1.7102449597622353,HM,AICc,1,3,0.9,0.9,0.0716001555758157,2,0.5,1,0.05,0.022,60
231,Oct_22_231,Oct_22_231_BL60_stem,BL60,10/25/22,15:13:00,15:15:30,stem,Alive,LARA,LGR,LGR3,A6,A,NA,NA,0,9.3,27.4,24,24.5,no,Water,4,2022-10-25T15:13:00.000000Z,2022-10-25,Oct_2022,70,29,849,212.53666666666663,40.45,1160.5366666666666,0.07,0.029,0.21253666666666665,0.849,1.1605366666666663,34.679665454060135,941.8973876430206,1283.9079281464528,3.026641951357808,1.574897499890775,1.9226566614056526,478.7815702886136,0.06325706909278889,0.18240391960119973,0.9996241756127949,7.234611606791359e-194,35.057313711415,941.2722870340823,16222.23976369136,3.0596009215093947,1.7542670131571254,2.1201208931751956,503.2208276158074,0.28035742068044306,0.7997116464435664,0.9995436254271196,2.0022298497677875e-4,941.65,1285.1,0.03517847793262532,0.35,11.458132812340818,114,8.64754843245088,1,1.0108896165061088,Noise (HM.RMSE) | Noise (HM.MAE) | Noise (HM.SE),Noise (LM.RMSE) | Noise (LM.MAE) | Noise (LM.SE),34.679665454060135,LM,RMSE | MAE | SE | AICc,4,0,0.35,0.35,0.03278050340535928,2,0.5,1,0.05,0.035,60,361.66334948130805,7140.099693363848,10706.820306636157,31.56389923249831,485.0915607018397,661.3147383799014,1810.4205803508535,21.757827560950552,6.016044366164083,0.7089864982441753,5.148450064032443e-32,706.7033986199485,6656.612791089671,11470.955197083487,61.67701231904066,400.0613283491102,633.9019370215017,1802.916851381186,137.42402516958728,19.44578523860917,0.7326126278267758,0.012811097989676282,6778.47,11531.5,0.09045894325532225,0.9,11.458132812340818,114,35.07099914722035,1,1.954036536003694,Noise (HM.RMSE) | Noise (HM.MAE) | Noise (HM.SE),Noise (LM.RMSE) | Noise (LM.MAE) | Noise (LM.SE),706.7033986199485,HM,SE,1,3,0.9,0.9,0.08429272304235245,2,0.5,1,0.05,0.09,60
228,Oct_22_228,Oct_22_228_BL60_stem,BL60,10/25/22,14:48:00,14:51:00,stem,Alive,LARA,LGR,LGR3,D4,D,NA,NA,0,9.2,27.7,23.5,24.2,no,Water,4,2022-10-25T14:48:00.000000Z,2022-10-25,Oct_2022,70,29,849,2190.644,462.19,3138.644,0.07,0.029,2.1906440000000003,0.849,3.138644,10.380979306191948,740.2973326534992,1257.0040055817944,3.827456836505891,0.8807310084975877,1.092473904616935,416.19007441443415,0.006520037363853047,0.06280753647167023,0.9999467481788405,1.9304425053681505e-288,10.543959456971116,738.9496753184889,17354.182839309084,3.88754745743049,0.9436196069859017,1.17453252065735,438.0133226616923,0.028284179677881202,0.2682500799942016,0.9999385614923701,2.3397489635329266e-4,739.677,1256.13,0.006980027916342155,0.35,2.712239418921523,136,10.935590961445403,1,1.0156998820604484,Noise (HM.RMSE) | Noise (HM.MAE),Noise (LM.RMSE) | Noise (LM.MAE),10.380979306191948,LM,RMSE | MAE | AICc,3,1,0.35,0.35,0.030012252399939043,2,0.5,1,0.05,0.007,60,113.21832620083094,4624.547759768137,10259.918269643626,41.74348525833694,12.13912188391896,15.268292193762562,1133.5447892948312,0.0911233075360859,0.08048459166800252,0.999912557674971,5.20725287366234e-274,114.83969845293555,4611.090542454561,200957.13502914616,42.34128360932076,14.99729716217405,18.37748496214163,1186.0829705244696,0.4421370172252739,0.3850036382727648,0.9998736086095017,2.156462266403878e-4,4614.12,10258.800000000001,0.017948643213451257,0.9,2.712239418921523,136,46.38165028704104,1,1.0143207580125195,Noise (HM.RMSE) | Noise (HM.MAE) | Noise (HM.SE),Noise (LM.RMSE) | Noise (LM.MAE),113.21832620083094,LM,RMSE | MAE | SE | AICc,4,0,0.9,0.9,0.07717436331412897,2,0.5,1,0.05,0.018,60
229,Oct_22_229,Oct_22_229_BL60_stem,BL60,10/25/22,14:56:00,14:59:00,stem,Alive,LARA,LGR,LGR3,A6,A,NA,NA,50,7.8,30.3,23.5,24.2,no,Water,4,2022-10-25T14:56:00.000000Z,2022-10-25,Oct_2022,70,29,849,212.53666666666663,40.45,1160.5366666666666,0.07,0.029,0.21253666666666665,0.849,1.1605366666666663,11.106728491140565,437.7635649990776,604.3893010748156,0.9687542795101052,0.9639855476524584,1.1753574131940037,556.158940434658,0.020621347284963277,0.18566535862844022,0.9994039942171834,1.7325832897282692e-279,11.798828190631065,436.0580613611878,1892.0738761127986,1.0291207993421054,0.672892700737593,0.8928508753183965,462.58647061444583,0.06532351704795153,0.553644107639622,0.9996560712911391,7.068060586400076e-4,438.759,603.334,0.02319500458314121,0.35,11.464959408238371,174,2.7678693700288726,1,1.0623135516495756,Noise (HM.RMSE) | Noise (HM.MAE) | Noise (HM.SE),Noise (LM.RMSE) | Noise (LM.MAE),11.798828190631065,HM,SE,1,3,0.35,0.35,0.026533431525261615,2,0.5,1,0.05,0.023,60,0.6415570844545738,2070.1335078593133,2079.7582971496176,0.055958077269211294,2.1790396584790206,3.043854505207178,887.2991613092281,0.05340365418396948,8.324068968760766,0.45308669486087594,1.568518761612296e-24,2.0385966859212252,2067.549175836031,2078.8484220644223,0.17781106878200997,2.099152309704673,2.940297448357142,877.3490366477137,0.4987444124976735,24.465085023538872,0.4896674799324817,0.01573654252575069,2064.4,2079.9500000000003,0.05964429749950598,0.9,11.464959408238371,174,0.06217564141023478,1,3.1775764547193157,Noise (HM.RMSE) | Noise (HM.MAE) | Noise (HM.SE) | Exaggerated curvature (g-fact),Noise (LM.RMSE) | Noise (LM.MAE),0.6415570844545738,LM,SE | g-fact. > 2 | Intercept,1,3,0.9,0.9,0.0682288239221013,2,0.5,1,0.05,0.06,60
230,Oct_22_230,Oct_22_230_BL60_stem,BL60,10/25/22,15:01:30,15:04:30,stem,Alive,LARA,LGR,LGR3,A6,A,NA,NA,100,6.9,31.4,23.5,24.2,no,Water,4,2022-10-25T15:01:30.000000Z,2022-10-25,Oct_2022,70,29,849,212.53666666666663,40.45,1160.5366666666666,0.07,0.029,0.21253666666666665,0.849,1.1605366666666663,10.648620258434033,581.8609748747656,718.314624159581,0.9282561175837779,0.6804558956802096,0.8569025927987624,382.9887539346822,0.019041414083222765,0.17881578665688058,0.9995269910417393,1.6000365005109332e-246,10.91847059354443,581.289495545531,3369.6172093450996,0.9517793739605713,0.6450779145965042,0.8168726957915734,370.8444000931797,0.07347926824405004,0.672981326592525,0.9995701517016687,3.413441573779758e-4,580.032,715.908,0.027128879014563626,0.35,11.471640269015477,149,2.652160335953651,1,1.0253413426867832,Noise (HM.RMSE) | Noise (HM.MAE) | Noise (HM.SE),Noise (LM.RMSE) | Noise (LM.MAE),10.91847059354443,HM,SE,1,3,0.35,0.35,0.028673117218166417,2,0.5,1,0.05,0.027,60,0.5360220002079455,2077.0541969963074,2083.922895123409,0.04672583759932948,1.6138463727710122,1.9644786964958838,630.2268210210265,0.0436530973671974,8.143900315707661,0.5029837668837286,2.6875012181652535e-24,0.5377512071708332,2077.0502711812233,2894.4342092604807,0.04687657515057211,1.6143911195041354,1.964732110367765,632.377520489634,0.17398487911169977,32.35415872463641,0.5028567343927748,5.7349518343516475e-5,2077.42,2083.08,0.06975997460887791,0.9,11.471640269015477,149,0.0519175973325883,1,1.0032259999817486,Noise (HM.RMSE) | Noise (HM.MAE) | Noise (HM.SE),Noise (LM.RMSE) | Noise (LM.MAE),0.5377512071708332,HM,SE | AICc,2,2,0.9,0.9,0.07373087284671365,2,0.5,1,0.05,0.07,60
232,Oct_22_232,Oct_22_232_BL60_stem,BL60,10/25/22,15:23:45,15:26:45,stem,Alive,LARA,LGR,LGR3,A6,A,NA,NA,50,5.3,29.7,24,24.5,no,Water,4,2022-10-25T15:23:45.000000Z,2022-10-25,Oct_2022,70,29,849,212.53666666666663,40.45,1160.5366666666666,0.07,0.029,0.21253666666666665,0.849,1.1605366666666663,12.591783965275749,455.9202499471846,625.1549110557,1.098926370834516,0.7874602203706283,0.9663409357926468,438.1842828094214,0.020004517189286884,0.15886960294469127,0.9996089389716789,1.562939452068207e-264,13.236605941956121,454.4944131780797,2226.9868486401465,1.1552021040127403,0.5712381291940158,0.7209388971362507,348.88704450835456,0.06158899317336152,0.4652929417362396,0.9997823389605137,6.517388062711779e-4,454.48,623.623,0.02587349009120588,0.35,11.458259897534033,156,3.1397896309557605,1,1.0512097394982787,Noise (HM.RMSE) | Noise (HM.MAE) | Noise (HM.SE),Noise (LM.RMSE) | Noise (LM.MAE),13.236605941956121,HM,SE,1,3,0.35,0.35,0.028022426915890245,2,0.5,1,0.05,0.026,60,0.4339574157235683,2045.1821031004695,2051.014528147471,0.03787288991559369,1.68085287141755,2.056351495392337,673.7979047544134,0.04256915681942974,9.80952399406544,0.3990412504106545,5.694121811283836e-19,0.8492238179987436,2044.3813516372707,2052.2696803551407,0.07411455365762018,1.6516037203556657,2.0313173141559226,672.0832888390661,0.2765285947299965,32.56251047947005,0.4135844194887761,0.00939546972601717,2045.55,2047.6100000000001,0.06653183166310084,0.9,11.458259897534033,156,0.0420809887951041,1,1.9569289225828113,Noise (HM.RMSE) | Noise (HM.MAE) | Noise (HM.SE),Noise (LM.RMSE) | Noise (LM.MAE),0.8492238179987436,HM,SE | Intercept,1,3,0.9,0.9,0.0720576692122892,2,0.5,1,0.05,0.067,60
233,Oct_22_233,Oct_22_233_BL60_stem,BL60,10/25/22,15:32:10,15:35:10,stem,Alive,LARA,LGR,LGR3,A6,A,NA,NA,100,5.1,30.6,24,24.5,no,Water,4,2022-10-25T15:32:10.000000Z,2022-10-25,Oct_2022,70,29,849,212.53666666666663,40.45,1160.5366666666666,0.07,0.029,0.21253666666666665,0.849,1.1605366666666663,9.106158740949498,459.53452120800625,578.7264486828664,0.7946128498324009,0.5750319125306236,0.7063385343176061,331.83063985646163,0.01517470910584745,0.16664226418114456,0.9995808529317499,1.880683430853636e-255,9.241721696040594,459.2379599215262,4456.0718184123125,0.8064422137981565,0.5899350766716681,0.7323866494274862,344.94962769605564,0.06358573682259291,0.6880291239438078,0.9995496977946009,2.017702617498019e-4,459.158,577.927,0.02656260902854306,0.35,11.459868466600007,152,2.270322428092574,1,1.0148869527698308,Noise (HM.RMSE) | Noise (HM.MAE) | Noise (HM.SE),Noise (LM.RMSE) | Noise (LM.MAE),9.106158740949498,LM,RMSE | MAE | SE | AICc,4,0,0.35,0.35,0.028388748697883444,2,0.5,1,0.05,0.027,60,0.4442899167606287,2010.3121572773982,2016.1275370706592,0.038769198621739824,1.5719100282466223,1.9392681709268602,638.8619200654442,0.04166250167913361,9.3773232539014,0.4274260598448787,4.1027264675745064e-20,0.6547263624704155,2009.8918222139253,2020.4923729573395,0.05713210098166722,1.570053688610301,1.9309833372467846,639.6703527338601,0.22167017598668579,33.85691927086595,0.43230784679111267,0.005389540823354045,2010.82,2013.77,0.06830385178768217,0.9,11.459868466600007,152,0.04307688735748869,1,1.4736466837782507,Noise (HM.RMSE) | Noise (HM.MAE) | Noise (HM.SE),Noise (LM.RMSE) | Noise (LM.MAE),0.6547263624704155,HM,SE | AICc | Intercept,2,2,0.9,0.9,0.07299963950884315,2,0.5,1,0.05,0.068,60
236,Oct_22_236,Oct_22_236_BL60_stem,BL60,10/25/22,11:24:10,11:27:10,stem,Alive,RHMA,LGR,LGR3,B4,B,NA,NA,0,8.9,29.4,23,23.9,no,Sediment,NA,2022-10-25T11:24:10.000000Z,2022-10-25,Oct_2022,70,29,849,418.99555555555554,107.68,1366.9955555555557,0.07,0.029,0.4189955555555556,0.849,1.3669955555555555,NA,NA,NA,NA,NA,NA,NA,NA,NA,NA,NA,NA,NA,NA,NA,NA,NA,NA,NA,NA,NA,NA,NA,NA,NA,NA,NA,NA,NA,NA,NA,NA,NA,NA,NA,NA,NA,NA,NA,NA,NA,NA,NA,NA,NA,NA,NA,NA,NA,NA,NA,NA,NA,NA,NA,NA,NA,NA,NA,NA,NA,NA,NA,NA,NA,NA,NA,NA,NA,NA,NA,NA,NA,NA,NA,NA,NA,NA,NA,NA,NA,NA,NA,NA,NA,NA,NA,NA,NA,NA,NA,NA,NA,NA
237,Oct_22_237,Oct_22_237_BL60_stem,BL60,10/25/22,11:40:15,11:43:15,stem,Alive,RHMA,LGR,LGR3,B4,B,NA,NA,50,9.2,27.7,23,23.9,no,Sediment,NA,2022-10-25T11:40:15.000000Z,2022-10-25,Oct_2022,70,29,849,418.99555555555554,107.68,1366.9955555555557,0.07,0.029,0.4189955555555556,0.849,1.3669955555555555,NA,NA,NA,NA,NA,NA,NA,NA,NA,NA,NA,NA,NA,NA,NA,NA,NA,NA,NA,NA,NA,NA,NA,NA,NA,NA,NA,NA,NA,NA,NA,NA,NA,NA,NA,NA,NA,NA,NA,NA,NA,NA,NA,NA,NA,NA,NA,NA,NA,NA,NA,NA,NA,NA,NA,NA,NA,NA,NA,NA,NA,NA,NA,NA,NA,NA,NA,NA,NA,NA,NA,NA,NA,NA,NA,NA,NA,NA,NA,NA,NA,NA,NA,NA,NA,NA,NA,NA,NA,NA,NA,NA,NA,NA
239,Oct_22_239,Oct_22_239_BL60_stem,BL60,10/25/22,11:59:00,12:02:00,stem,Alive,COER,LGR,LGR3,B4,B,NA,NA,0,8.7,27.3,22.9,24.3,no,Water,4,2022-10-25T11:59:00.000000Z,2022-10-25,Oct_2022,70,29,849,418.99555555555554,107.68,1366.9955555555557,0.07,0.029,0.4189955555555556,0.849,1.3669955555555555,NA,NA,NA,NA,NA,NA,NA,NA,NA,NA,NA,NA,NA,NA,NA,NA,NA,NA,NA,NA,NA,NA,NA,NA,NA,NA,NA,NA,NA,NA,NA,NA,NA,NA,NA,NA,NA,NA,NA,NA,NA,NA,NA,NA,NA,NA,NA,NA,NA,NA,NA,NA,NA,NA,NA,NA,NA,NA,NA,NA,NA,NA,NA,NA,NA,NA,NA,NA,NA,NA,NA,NA,NA,NA,NA,NA,NA,NA,NA,NA,NA,NA,NA,NA,NA,NA,NA,NA,NA,NA,NA,NA,NA,NA
240,Oct_22_240,Oct_22_240_BL60_stem,BL60,10/25/22,12:06:43,12:09:43,stem,Alive,COER,LGR,LGR3,B4,B,NA,NA,50,8.3,27.6,22.9,24.3,no,Water,4,2022-10-25T12:06:43.000000Z,2022-10-25,Oct_2022,70,29,849,418.99555555555554,107.68,1366.9955555555557,0.07,0.029,0.4189955555555556,0.849,1.3669955555555555,NA,NA,NA,NA,NA,NA,NA,NA,NA,NA,NA,NA,NA,NA,NA,NA,NA,NA,NA,NA,NA,NA,NA,NA,NA,NA,NA,NA,NA,NA,NA,NA,NA,NA,NA,NA,NA,NA,NA,NA,NA,NA,NA,NA,NA,NA,NA,NA,NA,NA,NA,NA,NA,NA,NA,NA,NA,NA,NA,NA,NA,NA,NA,NA,NA,NA,NA,NA,NA,NA,NA,NA,NA,NA,NA,NA,NA,NA,NA,NA,NA,NA,NA,NA,NA,NA,NA,NA,NA,NA,NA,NA,NA,NA
241,Oct_22_241,Oct_22_241_BL60_stem,BL60,10/25/22,12:20:50,12:23:50,stem,Alive,COER,LGR,LGR3,B4,B,NA,NA,100,8.9,27.7,22.9,24.3,no,Water,4,2022-10-25T12:20:50.000000Z,2022-10-25,Oct_2022,70,29,849,418.99555555555554,107.68,1366.9955555555557,0.07,0.029,0.4189955555555556,0.849,1.3669955555555555,NA,NA,NA,NA,NA,NA,NA,NA,NA,NA,NA,NA,NA,NA,NA,NA,NA,NA,NA,NA,NA,NA,NA,NA,NA,NA,NA,NA,NA,NA,NA,NA,NA,NA,NA,NA,NA,NA,NA,NA,NA,NA,NA,NA,NA,NA,NA,NA,NA,NA,NA,NA,NA,NA,NA,NA,NA,NA,NA,NA,NA,NA,NA,NA,NA,NA,NA,NA,NA,NA,NA,NA,NA,NA,NA,NA,NA,NA,NA,NA,NA,NA,NA,NA,NA,NA,NA,NA,NA,NA,NA,NA,NA,NA
242,Oct_22_242,Oct_22_242_BL60_CWD,BL60,10/25/22,12:39:00,12:42:00,CWD,Dead,UNKN,LGR,LGR3,A6,A,NA,NA,na,7.7,28.5,28.8,NA,no,Water,4,2022-10-25T12:39:00.000000Z,2022-10-25,Oct_2022,70,29,849,212.53666666666663,40.45,1160.5366666666666,0.07,0.029,0.21253666666666665,0.849,1.1605366666666663,NA,NA,NA,NA,NA,NA,NA,NA,NA,NA,NA,NA,NA,NA,NA,NA,NA,NA,NA,NA,NA,NA,NA,NA,NA,NA,NA,NA,NA,NA,NA,NA,NA,NA,NA,NA,NA,NA,NA,NA,NA,NA,NA,NA,NA,NA,NA,NA,NA,NA,NA,NA,NA,NA,NA,NA,NA,NA,NA,NA,NA,NA,NA,NA,NA,NA,NA,NA,NA,NA,NA,NA,NA,NA,NA,NA,NA,NA,NA,NA,NA,NA,NA,NA,NA,NA,NA,NA,NA,NA,NA,NA,NA,NA
243,Oct_22_243,Oct_22_243_BL60_CWD,BL60,10/25/22,12:51:00,12:54:00,CWD,Dead,UNKN,LGR,LGR3,B4,B,NA,NA,na,11,28.4,23.3,NA,no,Water,4,2022-10-25T12:51:00.000000Z,2022-10-25,Oct_2022,70,29,849,418.99555555555554,107.68,1366.9955555555557,0.07,0.029,0.4189955555555556,0.849,1.3669955555555555,NA,NA,NA,NA,NA,NA,NA,NA,NA,NA,NA,NA,NA,NA,NA,NA,NA,NA,NA,NA,NA,NA,NA,NA,NA,NA,NA,NA,NA,NA,NA,NA,NA,NA,NA,NA,NA,NA,NA,NA,NA,NA,NA,NA,NA,NA,NA,NA,NA,NA,NA,NA,NA,NA,NA,NA,NA,NA,NA,NA,NA,NA,NA,NA,NA,NA,NA,NA,NA,NA,NA,NA,NA,NA,NA,NA,NA,NA,NA,NA,NA,NA,NA,NA,NA,NA,NA,NA,NA,NA,NA,NA,NA,NA
251,Oct_22_251,Oct_22_251_BL60_stem,BL60,10/25/22,13:38:15,13:41:15,stem,Alive,COER,LGR,LGR3,B4,B,NA,NA,0,7.6,28,23,24.5,no,Water,4,2022-10-25T13:38:15.000000Z,2022-10-25,Oct_2022,70,29,849,418.99555555555554,107.68,1366.9955555555557,0.07,0.029,0.4189955555555556,0.849,1.3669955555555555,NA,NA,NA,NA,NA,NA,NA,NA,NA,NA,NA,NA,NA,NA,NA,NA,NA,NA,NA,NA,NA,NA,NA,NA,NA,NA,NA,NA,NA,NA,NA,NA,NA,NA,NA,NA,NA,NA,NA,NA,NA,NA,NA,NA,NA,NA,NA,NA,NA,NA,NA,NA,NA,NA,NA,NA,NA,NA,NA,NA,NA,NA,NA,NA,NA,NA,NA,NA,NA,NA,NA,NA,NA,NA,NA,NA,NA,NA,NA,NA,NA,NA,NA,NA,NA,NA,NA,NA,NA,NA,NA,NA,NA,NA
252,Oct_22_252,Oct_22_252_BL60_stem,BL60,10/25/22,13:49:30,13:52:30,stem,Alive,COER,LGR,LGR3,A6,A,NA,NA,50,5.5,32,23,24.5,no,Water,4,2022-10-25T13:49:30.000000Z,2022-10-25,Oct_2022,70,29,849,212.53666666666663,40.45,1160.5366666666666,0.07,0.029,0.21253666666666665,0.849,1.1605366666666663,NA,NA,NA,NA,NA,NA,NA,NA,NA,NA,NA,NA,NA,NA,NA,NA,NA,NA,NA,NA,NA,NA,NA,NA,NA,NA,NA,NA,NA,NA,NA,NA,NA,NA,NA,NA,NA,NA,NA,NA,NA,NA,NA,NA,NA,NA,NA,NA,NA,NA,NA,NA,NA,NA,NA,NA,NA,NA,NA,NA,NA,NA,NA,NA,NA,NA,NA,NA,NA,NA,NA,NA,NA,NA,NA,NA,NA,NA,NA,NA,NA,NA,NA,NA,NA,NA,NA,NA,NA,NA,NA,NA,NA,NA
253,Oct_22_253,Oct_22_253_BL60_CWD,BL60,10/25/22,14:15:45,14:18:45,CWD,Dead,CWD,LGR,LGR3,B4,B,NA,NA,na,9.8,29.8,23,24.5,no,Water,4,2022-10-25T14:15:45.000000Z,2022-10-25,Oct_2022,70,29,849,418.99555555555554,107.68,1366.9955555555557,0.07,0.029,0.4189955555555556,0.849,1.3669955555555555,NA,NA,NA,NA,NA,NA,NA,NA,NA,NA,NA,NA,NA,NA,NA,NA,NA,NA,NA,NA,NA,NA,NA,NA,NA,NA,NA,NA,NA,NA,NA,NA,NA,NA,NA,NA,NA,NA,NA,NA,NA,NA,NA,NA,NA,NA,NA,NA,NA,NA,NA,NA,NA,NA,NA,NA,NA,NA,NA,NA,NA,NA,NA,NA,NA,NA,NA,NA,NA,NA,NA,NA,NA,NA,NA,NA,NA,NA,NA,NA,NA,NA,NA,NA,NA,NA,NA,NA,NA,NA,NA,NA,NA,NA
254,Oct_22_254,Oct_22_254_BL60_stem,BL60,10/25/22,14:29:50,14:32:50,stem,Dead,LARA,LGR,LGR3,A6,A,NA,NA,0,5.5,NA,24.1,24.3,no,Water,4,2022-10-25T14:29:50.000000Z,2022-10-25,Oct_2022,70,29,849,212.53666666666663,40.45,1160.5366666666666,0.07,0.029,0.21253666666666665,0.849,1.1605366666666663,NA,NA,NA,NA,NA,NA,NA,NA,NA,NA,NA,NA,NA,NA,NA,NA,NA,NA,NA,NA,NA,NA,NA,NA,NA,NA,NA,NA,NA,NA,NA,NA,NA,NA,NA,NA,NA,NA,NA,NA,NA,NA,NA,NA,NA,NA,NA,NA,NA,NA,NA,NA,NA,NA,NA,NA,NA,NA,NA,NA,NA,NA,NA,NA,NA,NA,NA,NA,NA,NA,NA,NA,NA,NA,NA,NA,NA,NA,NA,NA,NA,NA,NA,NA,NA,NA,NA,NA,NA,NA,NA,NA,NA,NA
255,Oct_22_255,Oct_22_255_BL60_stem,BL60,10/25/22,14:36:50,14:39:50,stem,Dead,LARA,LGR,LGR3,A6,A,NA,NA,50,5.1,31.1,24.1,24.3,no,Water,4,2022-10-25T14:36:50.000000Z,2022-10-25,Oct_2022,70,29,849,212.53666666666663,40.45,1160.5366666666666,0.07,0.029,0.21253666666666665,0.849,1.1605366666666663,NA,NA,NA,NA,NA,NA,NA,NA,NA,NA,NA,NA,NA,NA,NA,NA,NA,NA,NA,NA,NA,NA,NA,NA,NA,NA,NA,NA,NA,NA,NA,NA,NA,NA,NA,NA,NA,NA,NA,NA,NA,NA,NA,NA,NA,NA,NA,NA,NA,NA,NA,NA,NA,NA,NA,NA,NA,NA,NA,NA,NA,NA,NA,NA,NA,NA,NA,NA,NA,NA,NA,NA,NA,NA,NA,NA,NA,NA,NA,NA,NA,NA,NA,NA,NA,NA,NA,NA,NA,NA,NA,NA,NA,NA
235,Oct_22_235,Oct_22_235_BL60_stem,BL60,10/25/22,11:02:30,11:05:30,stem,Alive,RHMA,LGR,LGR3,A3,A,NA,NA,40,3.5,25.8,24.9,NA,no,Water,14,2022-10-25T11:02:30.000000Z,2022-10-25,Oct_2022,70,29,849,212.53666666666663,40.45,1160.5366666666666,0.07,0.029,0.21253666666666665,0.849,1.1605366666666663,-11.862848338973778,1323.0343939393947,1189.0730303030307,-1.0226058292852214,1.075911824700804,1.3172684398546535,453.53517315872585,0.03517324843505559,-0.29649918324841645,0.9988496705276775,3.815111259693568e-193,-12.508122952248097,1324.2232659253707,0,-1.0782300404501066,1.0018402309295174,1.248856228674986,441.5829558537788,0.13850411424267484,-1.1073133416695535,0.998966053820795,8.142358378642718e-4,1320.87,1189.45,0.03075918522086005,0.35,11.600606997581506,132,2.9217309408149186,1,1.0543945766510692,Noise (HM.RMSE) | Noise (HM.MAE) | Noise (HM.SE),Noise (LM.RMSE) | Noise (LM.MAE) | Noise (LM.SE),-12.508122952248097,HM,SE,1,3,0.35,0.35,0.03046358979224712,2,0.5,1,0.05,0.031,60,0.465643436593683,2106.344342674868,2111.6026270221,0.04013957516970968,2.2349162543711385,2.8759513094535643,659.6725193431846,0.07679266187057222,16.491730761273658,0.214476609092354,1.350613553124918e-8,1.2031118852991005,2105.160024540616,2111.822706398978,0.10371111490544634,2.1805236200939397,2.8173078041095097,656.3611152796933,0.5975173112764289,49.664317889094974,0.2461851994574713,0.015565971347601851,2104.99,2107.64,0.079095047710783,0.9,11.600606997581506,132,0.04459952796634409,1,2.583762146633513,Noise (HM.RMSE) | Noise (HM.MAE) | Noise (HM.SE) | Exaggerated curvature (g-fact),Noise (LM.RMSE) | Noise (LM.MAE) | Intercept (LM),0.465643436593683,LM,SE | g-fact. > 2 | Intercept (LM),1,3,0.9,0.9,0.07833494518006404,2,0.5,1,0.05,0.079,60
238,Oct_22_238,Oct_22_238_BL60_stem,BL60,10/25/22,11:47:30,11:50:30,stem,Alive,RHMA,LGR,LGR3,B4,B,NA,NA,100,9.4,28.3,23,23.9,no,Sediment,NA,2022-10-25T11:47:30.000000Z,2022-10-25,Oct_2022,70,29,849,418.99555555555554,107.68,1366.9955555555557,0.07,0.029,0.4189955555555556,0.849,1.3669955555555555,NA,NA,NA,NA,NA,NA,NA,NA,NA,NA,NA,NA,NA,NA,NA,NA,NA,NA,NA,NA,NA,NA,NA,NA,NA,NA,NA,NA,NA,NA,NA,NA,NA,NA,NA,NA,NA,NA,NA,NA,NA,NA,NA,NA,NA,NA,NA,NA,NA,NA,NA,NA,NA,NA,NA,NA,NA,NA,NA,NA,NA,NA,NA,NA,NA,NA,NA,NA,NA,NA,NA,NA,NA,NA,NA,NA,NA,NA,NA,NA,NA,NA,NA,NA,NA,NA,NA,NA,NA,NA,NA,NA,NA,NA
278,Oct_22_278,Oct_22_278_SRS5_stem,SRS5,3/12/23,15:13:00,15:18:00,stem,Alive,LARA,LGR,LGR3,D2,D,NA,NA,50,31,26.4,28.3,23.7,no,Water,1.5,2023-03-12T15:13:00.000000Z,2023-03-12,March_2023,70,29,849,2190.644,462.19,3138.644,0.07,0.029,2.1906440000000003,0.849,3.138644,NA,NA,NA,NA,NA,NA,NA,NA,NA,NA,NA,NA,NA,NA,NA,NA,NA,NA,NA,NA,NA,NA,NA,NA,NA,NA,NA,NA,NA,NA,NA,NA,NA,NA,NA,NA,NA,NA,NA,NA,NA,NA,NA,NA,NA,NA,NA,NA,NA,NA,NA,NA,NA,NA,NA,NA,NA,NA,NA,NA,NA,NA,NA,NA,NA,NA,NA,NA,NA,NA,NA,NA,NA,NA,NA,NA,NA,NA,NA,NA,NA,NA,NA,NA,NA,NA,NA,NA,NA,NA,NA,NA,NA,NA
279,Oct_22_279,Oct_22_279_SRS5_stem,SRS5,3/12/23,15:21:00,15:26:00,stem,Alive,LARA,LGR,LGR3,D2,D,NA,NA,92,30,27,28.3,23.7,no,Water,1.5,2023-03-12T15:21:00.000000Z,2023-03-12,March_2023,70,29,849,2190.644,462.19,3138.644,0.07,0.029,2.1906440000000003,0.849,3.138644,NA,NA,NA,NA,NA,NA,NA,NA,NA,NA,NA,NA,NA,NA,NA,NA,NA,NA,NA,NA,NA,NA,NA,NA,NA,NA,NA,NA,NA,NA,NA,NA,NA,NA,NA,NA,NA,NA,NA,NA,NA,NA,NA,NA,NA,NA,NA,NA,NA,NA,NA,NA,NA,NA,NA,NA,NA,NA,NA,NA,NA,NA,NA,NA,NA,NA,NA,NA,NA,NA,NA,NA,NA,NA,NA,NA,NA,NA,NA,NA,NA,NA,NA,NA,NA,NA,NA,NA,NA,NA,NA,NA,NA,NA
280,Oct_22_280,Oct_22_280_SRS5_stem,SRS5,3/12/23,15:28:00,15:32:00,stem,Alive,LARA,LGR,LGR3,D2,D,NA,NA,150,28.1,27.1,28.3,23.7,no,Water,1.5,2023-03-12T15:28:00.000000Z,2023-03-12,March_2023,70,29,849,2190.644,462.19,3138.644,0.07,0.029,2.1906440000000003,0.849,3.138644,NA,NA,NA,NA,NA,NA,NA,NA,NA,NA,NA,NA,NA,NA,NA,NA,NA,NA,NA,NA,NA,NA,NA,NA,NA,NA,NA,NA,NA,NA,NA,NA,NA,NA,NA,NA,NA,NA,NA,NA,NA,NA,NA,NA,NA,NA,NA,NA,NA,NA,NA,NA,NA,NA,NA,NA,NA,NA,NA,NA,NA,NA,NA,NA,NA,NA,NA,NA,NA,NA,NA,NA,NA,NA,NA,NA,NA,NA,NA,NA,NA,NA,NA,NA,NA,NA,NA,NA,NA,NA,NA,NA,NA,NA
281,Oct_22_281,Oct_22_281_SRS5_stem,SRS5,3/12/23,15:30:21,15:43:21,stem,Alive,LARA,LGR,LGR3,D2,D,NA,NA,40,43,27.5,27.8,23.6,no,Water,5,2023-03-12T15:30:21.000000Z,2023-03-12,March_2023,70,29,849,2190.644,462.19,3138.644,0.07,0.029,2.1906440000000003,0.849,3.138644,NA,NA,NA,NA,NA,NA,NA,NA,NA,NA,NA,NA,NA,NA,NA,NA,NA,NA,NA,NA,NA,NA,NA,NA,NA,NA,NA,NA,NA,NA,NA,NA,NA,NA,NA,NA,NA,NA,NA,NA,NA,NA,NA,NA,NA,NA,NA,NA,NA,NA,NA,NA,NA,NA,NA,NA,NA,NA,NA,NA,NA,NA,NA,NA,NA,NA,NA,NA,NA,NA,NA,NA,NA,NA,NA,NA,NA,NA,NA,NA,NA,NA,NA,NA,NA,NA,NA,NA,NA,NA,NA,NA,NA,NA
282,Oct_22_282,Oct_22_282_SRS5_stem,SRS5,3/12/23,15:45:08,15:48:08,stem,Alive,LARA,LGR,LGR3,D2,D,NA,NA,115,40.4,27.8,27.8,23.6,no,Water,5,2023-03-12T15:45:08.000000Z,2023-03-12,March_2023,70,29,849,2190.644,462.19,3138.644,0.07,0.029,2.1906440000000003,0.849,3.138644,NA,NA,NA,NA,NA,NA,NA,NA,NA,NA,NA,NA,NA,NA,NA,NA,NA,NA,NA,NA,NA,NA,NA,NA,NA,NA,NA,NA,NA,NA,NA,NA,NA,NA,NA,NA,NA,NA,NA,NA,NA,NA,NA,NA,NA,NA,NA,NA,NA,NA,NA,NA,NA,NA,NA,NA,NA,NA,NA,NA,NA,NA,NA,NA,NA,NA,NA,NA,NA,NA,NA,NA,NA,NA,NA,NA,NA,NA,NA,NA,NA,NA,NA,NA,NA,NA,NA,NA,NA,NA,NA,NA,NA,NA
283,Oct_22_283,Oct_22_283_SRS5_stem,SRS5,3/12/23,15:49:00,15:54:00,stem,Alive,LARA,LGR,LGR3,D2,D,NA,NA,165,42,29,27.8,23.6,no,Water,5,2023-03-12T15:49:00.000000Z,2023-03-12,March_2023,70,29,849,2190.644,462.19,3138.644,0.07,0.029,2.1906440000000003,0.849,3.138644,NA,NA,NA,NA,NA,NA,NA,NA,NA,NA,NA,NA,NA,NA,NA,NA,NA,NA,NA,NA,NA,NA,NA,NA,NA,NA,NA,NA,NA,NA,NA,NA,NA,NA,NA,NA,NA,NA,NA,NA,NA,NA,NA,NA,NA,NA,NA,NA,NA,NA,NA,NA,NA,NA,NA,NA,NA,NA,NA,NA,NA,NA,NA,NA,NA,NA,NA,NA,NA,NA,NA,NA,NA,NA,NA,NA,NA,NA,NA,NA,NA,NA,NA,NA,NA,NA,NA,NA,NA,NA,NA,NA,NA,NA
