"UniqueID","LM.flux","LM.C0","LM.Ct","LM.slope","LM.MAE","LM.RMSE","LM.AICc","LM.SE","LM.se.rel","LM.r2","LM.p.val","HM.flux","HM.C0","HM.Ci","HM.slope","HM.MAE","HM.RMSE","HM.AICc","HM.SE","HM.se.rel","HM.r2","HM.k","C0","Ct","MDF","prec","flux.term","nb.obs","k.max","k.mult","g.fact","HM.diagnose","LM.diagnose","best.flux","model","quality.check","HM.score","LM.score","RMSE.lim","MAE.lim","SE.lim","g.limit","g.reverse","k.ratio.lim","p.val.lim","MDF.lim","warn.nb.obs","group","sigma_emp","MDF_emp","below_MDF_emp","MDF_emp_method","detected_emp","det_class_emp","qc_c0_ratio","qc_c0","qc_co2_slope","qc_co2_tracer","qc_convex","qc_min_window","qc_noisy_sigma","qc_noisy_ratio","qc_noisy","qc_any","qc_note","hm_min_obs_rule","component"
"44638_MI_Soil_1",1.49355320168078,469.972284494818,820.515024146801,0.458467922500373,3.48858887536155,4.01429923019761,1174.57899927242,0.00422355283868786,0.2827855635765,0.998347391618802,9.99347294169299e-289,1.7082518406035,462.040237382194,1896.81502235501,0.52437279876443,1.36036752858413,1.69359643505929,817.646877877461,0.00760511378206157,0.445198629458218,0.999705849000542,0.000365473943546035,464.9954415,810.22309846,0.000106378067186838,0.025,3.2577049088523,208,18.3387169000149,1,1.14375024517447,"Noise (HM.RMSE) | Noise (HM.MAE) | Noise (HM.SE)","Noise (LM.RMSE) | Noise (LM.MAE) | Noise (LM.SE)",1.7082518406035,"HM","SE",1,3,0.025,0.025,0.00173343811320384,2,0.5,1,0.05,0.00011,20,"Picarro Mar2022",1.49622256220728,0.012437599593236,FALSE,"wassmann | mad | 0.95",TRUE,"emission",0.860160826089703,FALSE,0.458467922500373,FALSE,FALSE,FALSE,0.702795709112138,0.469713348043187,FALSE,FALSE,NA,FALSE,"soil"
"44638_MI_Soil_10",2.46404631318184,458.372717766148,609.372121648796,0.7574359634177,2.6205882953995,3.0117047672645,153.203799531097,0.0318673787323618,1.29329463337932,0.995337742927751,3.13310536558154e-33,2.73983905832007,455.669417719243,1241.8069696001,0.842213324338177,2.58719390808762,2.7216183219863,150.036248725204,0.123115971827765,4.49354758462539,0.996192623162383,0.00107133073890588,458.40041216,607.41235552,0.000405920141009995,0.025,3.25314143002081,29,30.297438536708,1,1.11192677007036,"Noise (HM.RMSE) | Noise (HM.MAE) | Noise (HM.SE)","Noise (LM.RMSE) | Noise (LM.MAE) | Noise (LM.SE)",2.46404631318184,"LM","SE",1,3,0.025,0.025,0.0046423834544263,2,0.5,1,0.05,0.00041,20,"Picarro Mar2022",2.04582541974504,0.0631948239485534,FALSE,"wassmann | mad | 0.95",TRUE,"emission",0.847961166955668,FALSE,0.7574359634177,FALSE,FALSE,FALSE,4.91424946536718,2.40208642337605,TRUE,TRUE,"closure sigma = 4.91 ppm = 2.4x campaign sigma (disturbed closure?)",TRUE,"soil"
"44638_MI_Soil_2",2.65034595243432,468.982387722478,615.322117890744,0.814287790324442,2.10921379910983,2.22645186054179,162.12853658144,0.0235156939073817,0.887268844498688,0.997330300023327,2.90157019104312e-44,2.71686904390043,468.382415015513,3515.77260130297,0.834726231994948,2.11087347303559,2.20824238763207,164.112813615456,0.0955078696194852,3.51536522652453,0.997373790773246,0.000273915114562953,470.46932886,615.0349748,0.000450267343902925,0.025,3.25480252059081,35,32.5715116129777,1,1.02509977665558,"Noise (HM.RMSE) | Noise (HM.MAE) | Noise (HM.SE)","Noise (LM.RMSE) | Noise (LM.MAE) | Noise (LM.SE)",2.65034595243432,"LM","MAE | SE | AICc",3,1,0.025,0.025,0.00422577127364258,2,0.5,1,0.05,0.00045,20,"Picarro Mar2022",1.44204851396057,0.0497132013339378,FALSE,"wassmann | mad | 0.95",TRUE,"emission",0.870286567233124,FALSE,0.814287790324442,FALSE,FALSE,FALSE,3.52352674080807,2.44341761507783,TRUE,TRUE,"closure sigma = 3.52 ppm = 2.4x campaign sigma (disturbed closure?)",FALSE,"soil"
"44638_MI_Soil_3",2.13974869314674,476.677371883957,691.265175734526,0.657498556145032,2.66480416700622,3.27496571589841,308.652972766303,0.0148380611012377,0.693448775024915,0.997266395769673,1.09606875500244e-73,2.49491341282485,471.165799535456,1263.67964367007,0.766633003162075,1.83912158225433,1.95873695944724,251.33837025378,0.0390651594642345,1.56579219396649,0.999022145230784,0.000967343357893268,469.68147346,685.0253607,0.000248524435750937,0.025,3.25437778250383,58,26.2999422458013,1,1.16598431433357,"Noise (HM.RMSE) | Noise (HM.MAE) | Noise (HM.SE)","Noise (LM.RMSE) | Noise (LM.MAE) | Noise (LM.SE)",2.49491341282485,"HM","SE",1,3,0.025,0.025,0.00328266082149306,2,0.5,1,0.05,0.00025,20,"Picarro Mar2022",1.44204851396057,0.0277034782495622,FALSE,"wassmann | mad | 0.95",TRUE,"emission",0.868829171544433,FALSE,0.657498556145032,FALSE,FALSE,FALSE,4.58919058800676,3.18241067729586,TRUE,TRUE,"closure sigma = 4.59 ppm = 3.2x campaign sigma (disturbed closure?)",FALSE,"soil"
"44638_MI_Soil_4",1.53168991015573,463.001583934746,713.60487913348,0.470747353629989,2.38310010540043,3.03621597305596,502.047222554249,0.00651461542051724,0.425322082317229,0.998248323064119,2.39778961364359e-134,1.73602059222936,457.566272061028,1581.62710468412,0.533546048857923,1.53143253125383,1.83784800044295,405.826743180195,0.0172380141861124,0.992961389010695,0.999358187944264,0.000474659407545453,459.24969739,703.75191611,0.000152513765917905,0.025,3.25374088318222,98,18.8298941451996,1,1.13340212057208,"Noise (HM.RMSE) | Noise (HM.MAE) | Noise (HM.SE)","Noise (LM.RMSE) | Noise (LM.MAE) | Noise (LM.SE)",1.73602059222936,"HM","SE",1,3,0.025,0.025,0.00252538136138053,2,0.5,1,0.05,0.00015,20,"Picarro Mar2022",1.44204851396057,0.0170974119123394,FALSE,"wassmann | mad | 0.95",TRUE,"emission",0.849532197163332,FALSE,0.470747353629989,FALSE,FALSE,FALSE,1.72498236133479,1.1962027245513,FALSE,FALSE,NA,FALSE,"soil"
"44638_MI_Soil_5",1.69947345774816,463.135145145709,568.088662265843,0.522518144827724,1.32669193153755,1.41279212302795,144.317221958345,0.0127732736139974,0.751601830305854,0.997857837478384,3.32537269938275e-51,1.72410371373988,462.88333335156,4043.81321830919,0.530090934863806,1.33420823498111,1.43370990871395,147.954379447886,0.051921394851618,3.01150066772907,0.997794560607603,0.000148031643146813,464.7702186,569.18514504,0.000402810328782031,0.025,3.25246783211421,39,20.900725793109,1,1.01449287476625,"Noise (HM.RMSE) | Noise (HM.MAE) | Noise (HM.SE)","Noise (LM.RMSE) | Noise (LM.MAE) | Noise (LM.SE)",1.69947345774816,"LM","RMSE | MAE | SE | AICc",4,0,0.025,0.025,0.00400320384512718,2,0.5,1,0.05,4e-04,20,"Picarro Mar2022",2.1309171999207,0.0659089535264948,FALSE,"wassmann | mad | 0.95",TRUE,"emission",0.859744202831864,FALSE,0.522518144827724,FALSE,FALSE,FALSE,2.63255461236686,1.23540915267136,FALSE,FALSE,NA,FALSE,"soil"
"44638_MI_Soil_6",2.58723627273531,453.234264594465,615.026829610054,0.79553811931451,2.35099254427569,2.65205491044865,174.373325291179,0.0247936048188072,0.958304623357595,0.996887051753011,3.65954594532687e-43,2.74996854790864,451.633956890555,1843.52296550077,0.845575964526958,2.35376988622649,2.53075012522006,173.655133225991,0.0973578325397083,3.5403253107658,0.997165311049121,0.00060750243682954,454.45465258,615.09390404,0.000397820661974976,0.025,3.25218391164543,35,31.8215247725804,1,1.0628981113508,"Noise (HM.RMSE) | Noise (HM.MAE) | Noise (HM.SE)","Noise (LM.RMSE) | Noise (LM.MAE) | Noise (LM.SE)",2.74996854790864,"HM","MAE | SE",2,2,0.025,0.025,0.00422577127364258,2,0.5,1,0.05,4e-04,20,"Picarro Mar2022",1.72517111268329,0.0525279798057691,FALSE,"wassmann | mad | 0.95",TRUE,"emission",0.840662196864831,FALSE,0.79553811931451,FALSE,FALSE,FALSE,4.73081455812047,2.74222917561045,TRUE,TRUE,"closure sigma = 4.73 ppm = 2.7x campaign sigma (disturbed closure?)",FALSE,"soil"
"44638_MI_Soil_7",3.23825178132184,565.678081346726,984.481286275257,0.995642800450247,7.95267965914207,9.3861579969003,445.409521471,0.032519358339329,1.00422575313322,0.994084629614511,1.55509923501774e-66,4.18141922833229,547.318882813907,1559.82898903793,1.28563194942608,3.44126752734103,3.65123850957745,334.407868039628,0.0596286198614557,1.42603782604305,0.999104868936737,0.00126974727612411,544.06400217,969.68628187,0.000192845442456551,0.025,3.25242323839176,60,39.8257120180099,1,1.29125821915721,"Noise (HM.RMSE) | Noise (HM.MAE) | Noise (HM.SE)","Noise (LM.RMSE) | Noise (LM.MAE) | Noise (LM.SE)",4.18141922833229,"HM","SE",1,3,0.025,0.025,0.00322748612183951,2,0.5,1,0.05,0.00019,20,"Picarro Mar2022",2.04582541974504,0.0304927541255757,FALSE,"wassmann | mad | 0.95",TRUE,"emission",1.00642393405531,FALSE,0.995642800450247,FALSE,FALSE,FALSE,7.52364727665853,3.67756075569544,TRUE,TRUE,"closure sigma = 7.52 ppm = 3.7x campaign sigma (disturbed closure?)",FALSE,"soil"
"44638_MI_Soil_8",2.49533983971444,560.347847176925,743.388054773487,0.767136099437664,4.66478033358856,5.78973325437466,229.025926305436,0.0461887982997472,1.85100231898806,0.988481122707346,8.73051928406601e-34,3.42746342958487,550.02556916183,932.490474461494,1.0536965284207,2.9845406079232,3.46093312396919,195.566707577957,0.138958464326666,4.05426541176828,0.995883961236096,0.00275501494076986,545.37530883,736.4194176,0.000339396102127657,0.025,3.25279939445374,35,30.6854439775066,1,1.37354574917423,"Noise (HM.RMSE) | Noise (HM.MAE) | Noise (HM.SE)","Noise (LM.RMSE) | Noise (LM.MAE) | Noise (LM.SE)",3.42746342958487,"HM","SE",1,3,0.025,0.025,0.00422577127364258,2,0.5,1,0.05,0.00034,20,"Picarro Mar2022",2.04582541974504,0.0530942450384125,FALSE,"wassmann | mad | 0.95",TRUE,"emission",1.00884962368419,FALSE,0.767136099437664,FALSE,FALSE,FALSE,4.60415885457349,2.25051405175485,TRUE,TRUE,"closure sigma = 4.60 ppm = 2.3x campaign sigma (disturbed closure?)",FALSE,"soil"
"44638_MI_Soil_9",3.53951857368157,519.829676013601,667.219921642485,1.08808815787233,4.06602352968102,4.66645813973234,120.054877774794,0.0900940711164339,2.54537641888185,0.988464952454777,3.96847932475283e-18,3.56464140948861,519.671271534858,10457.5738895156,1.09581120256464,4.05444982211606,4.69435703424438,123.538531060955,0.352781771370667,9.89669733487379,0.988326736585806,0.000110265842269573,517.09812898,665.18893659,0.000595965499378009,0.025,3.25297040324639,19,43.5235263148932,1,1.00709781154811,"Noise (HM.RMSE) | Noise (HM.MAE) | Noise (HM.SE)","Noise (LM.RMSE) | Noise (LM.MAE) | Noise (LM.SE)",3.53951857368157,"LM","RMSE | SE | AICc | nb.obs",3,1,0.025,0.025,0.00573539334676404,2,0.5,1,0.05,6e-04,20,"Picarro Mar2022",1.52309362750952,0.0679278485677692,FALSE,"wassmann | mad | 0.95",TRUE,"emission",0.9565417509429,FALSE,1.08808815787233,FALSE,FALSE,FALSE,6.94786390101235,4.56167879342593,TRUE,TRUE,"closure sigma = 6.95 ppm = 4.6x campaign sigma (disturbed closure?)",FALSE,"soil"
"44639_RB10_Soil_11",1.13118788118351,460.983833236995,518.85197155124,0.252955563464779,0.372963372600168,0.520901788529951,44.0037490802789,0.00721309511045629,0.637656682010205,0.999065642005037,4.88948236352206e-35,1.23044488399305,460.188805796197,830.902137327011,0.275151355597245,0.273410674632918,0.340474618142899,26.4984071963588,0.019787138460349,1.60812879290746,0.999600817869444,0.000742221366739207,459.281,517.963,0.00681191168299861,0.35,4.47188377946473,24,0.722730181327939,1,1.08774581522717,"","Noise (LM.RMSE) | Noise (LM.MAE)",1.13118788118351,"LM","",0,4,0.35,0.35,0.071443450831176,2,0.5,1,0.05,0.0068,20,"LGR3 Mar2022",2.97313907310044,0.109163575797025,FALSE,"wassmann | mad | 0.95",TRUE,"emission",1.03795834887058,FALSE,0.252955563464779,FALSE,FALSE,FALSE,0.399423831753003,0.134344146685502,FALSE,FALSE,NA,TRUE,"soil"
"44639_RB10_Soil_12",0.968283148342895,436.441586010194,468.77090545317,0.216687351391402,0.469322242550398,0.570922692744082,35.4699860951296,0.0148725627849679,1.53597249011517,0.996472833354413,8.79008449955299e-19,1.13099986019209,435.624286082801,555.031351334419,0.2531009287402,0.297466039654495,0.373670653630534,25.5422215055003,0.0428672308647805,3.79020655736418,0.998489052579983,0.0021196478466903,436.004,467.56,0.010412924204842,0.35,4.46857254069198,16,0.61910671826115,1,1.16804662161855,"Noise (HM.RMSE)","Noise (LM.RMSE) | Noise (LM.MAE)",0.968283148342895,"LM","nb.obs",0,4,0.35,0.35,0.0875,2,0.5,1,0.05,0.01,20,"LGR3 Mar2022",2.97313907310044,0.163623088843451,FALSE,"wassmann | mad | 0.95",TRUE,"emission",0.985353175813869,FALSE,0.216687351391402,FALSE,FALSE,FALSE,0.458131796525008,0.154090267983078,FALSE,FALSE,NA,TRUE,"soil"
"44639_RB10_Soil_13",1.08315720321575,424.351192186354,467.753694506997,0.242447699617481,0.622084787439633,0.690062121041896,47.42266537376,0.0137264451846002,1.26726251220489,0.997117152605276,3.00847096005111e-23,1.28055064118647,423.150396882048,573.515281256733,0.286631115296668,0.270230943867564,0.318787386577689,21.3340329887091,0.0282131103290783,2.20320145269209,0.999384755790872,0.00190623706119063,423.129,466.975,0.00868611422282603,0.35,4.46759117502328,19,0.692707713192804,1,1.18223895606721,"","Noise (LM.RMSE) | Noise (LM.MAE)",1.08315720321575,"LM","nb.obs",0,4,0.35,0.35,0.0802955068546966,2,0.5,1,0.05,0.0087,20,"LGR3 Mar2022",2.97313907310044,0.137771683074129,FALSE,"wassmann | mad | 0.95",TRUE,"emission",0.956256144276077,FALSE,0.242447699617481,FALSE,FALSE,FALSE,0.316079488906868,0.106311706629066,FALSE,FALSE,NA,TRUE,"soil"
"44639_RB10_Soil_14",1.00312315075177,429.330974214369,476.242045233682,0.224596735797057,0.651659195910939,0.807127370261377,60.3385819741544,0.0127748593085175,1.27350857159897,0.99660518094693,2.20247585184758e-26,1.18260351100195,428.044451543728,592.994636810559,0.26478193441565,0.39905322642063,0.48110805205657,40.5930473166995,0.0338630153170811,2.86342928987172,0.998793804420813,0.00160522362546805,428.452,474.575,0.00744856537489174,0.35,4.46633005235741,22,0.641704959420162,1,1.17892156124167,"Noise (HM.RMSE) | Noise (HM.MAE)","Noise (LM.RMSE) | Noise (LM.MAE)",1.00312315075177,"LM","",0,4,0.35,0.35,0.0746202507244636,2,0.5,1,0.05,0.0074,20,"LGR3 Mar2022",2.97313907310044,0.118943037021937,FALSE,"wassmann | mad | 0.95",TRUE,"emission",0.968285930596517,FALSE,0.224596735797057,FALSE,FALSE,FALSE,0.393133692670191,0.132228490832157,FALSE,FALSE,NA,TRUE,"soil"
"44639_RB10_Soil_15",1.1460632146794,442.244046360866,490.768160377023,0.256753570446834,0.558246208992807,0.691002045820969,49.4730415461171,0.0126756937084341,1.10602046606827,0.99768087206703,2.21461043314203e-25,1.34474596994889,440.960792899466,615.835644953637,0.301264646405175,0.195183351115227,0.239719185287398,10.2927239149014,0.0194672787951939,1.44765474150734,0.999720892423002,0.001722744253198,441.008,489.352,0.00822293954542019,0.35,4.46367001901816,20,0.733581629848098,1,1.17336107879971,"","Noise (LM.RMSE) | Noise (LM.MAE)",1.1460632146794,"LM","",0,4,0.35,0.35,0.0782623792124926,2,0.5,1,0.05,0.0082,20,"LGR3 Mar2022",2.97313907310044,0.130748124124693,FALSE,"wassmann | mad | 0.95",TRUE,"emission",0.996662033741257,FALSE,0.256753570446834,FALSE,FALSE,FALSE,0.267330911015725,0.0899153737658654,FALSE,FALSE,NA,TRUE,"soil"
"44639_RB10_Soil_16",1.00115800760857,442.732275011597,487.422169488835,0.224675075010362,0.247219647000055,0.327133974963145,20.0769928302105,0.00555290831304292,0.554648544070174,0.999385089365317,3.45982855132472e-32,1.0608336307327,442.315633217645,848.661805214232,0.238067191938768,0.196235115297676,0.247809521974055,11.501433246439,0.0173004818408376,1.63083836519101,0.999647144669584,0.000585872855080735,442.526,486.398,0.00780159547683927,0.35,4.45602614158424,21,0.641928785743891,1,1.05960659822986,"","",1.00115800760857,"LM","",0,4,0.35,0.35,0.0763762615825973,2,0.5,1,0.05,0.0078,20,"LGR3 Mar2022",2.97313907310044,0.124327502201577,FALSE,"wassmann | mad | 0.95",TRUE,"emission",1.0000926585082,FALSE,0.224675075010362,FALSE,FALSE,FALSE,0.223824115693573,0.075282087447112,FALSE,FALSE,NA,TRUE,"soil"
"44639_RB10_Soil_17",1.12143952502207,755.570490406678,820.678431826984,0.251710500093471,0.356181717567859,0.425584928875539,37.5344583887712,0.00489413520411086,0.43641543702631,0.999505043720355,4.65471098736398e-43,1.13199454067808,755.469616104151,4049.79536861401,0.254079605346129,0.393768431639791,0.466403056647416,45.2547877369993,0.0213470903291801,1.88579445943201,0.999406561237023,7.71264363132736e-05,756.286,820.941,0.00600529259604605,0.35,4.4552751061463,27,0.719172857409916,1,1.00941202393932,"Noise (HM.RMSE) | Noise (HM.MAE)","Noise (LM.RMSE) | Noise (LM.MAE)",1.12143952502207,"LM","RMSE | MAE | AICc",3,1,0.35,0.35,0.0673575314054563,2,0.5,1,0.05,0.006,20,"LGR3 Mar2022",2.97313907310044,0.0966532524587875,FALSE,"wassmann | mad | 0.95",TRUE,"emission",1.70917884222064,TRUE,0.25171050009347,FALSE,TRUE,FALSE,0.21281637229877,0.0715796897037989,FALSE,TRUE,"C0 > 1.5x group median; convex (accelerating) trace",FALSE,"soil"
"44639_RB10_Soil_18",1.1910148138528,446.588506078369,499.802117587207,0.26752876460916,0.281883387007675,0.352042686766114,23.1590637568632,0.0059704389267944,0.501290064351149,0.999497656364579,5.06790084673188e-33,1.26093219040586,446.099889963357,936.763430141869,0.283233782847722,0.205259350683618,0.249910580081538,11.8560299939888,0.0174202546065821,1.38153778126443,0.999746849065045,0.000577246442123409,446.027,499.55,0.00779443337814255,0.35,4.4519131077093,21,0.764367898883316,1,1.05870403603704,"","",1.1910148138528,"LM","",0,4,0.35,0.35,0.0763762615825973,2,0.5,1,0.05,0.0078,20,"LGR3 Mar2022",2.97313907310044,0.124213636562036,FALSE,"wassmann | mad | 0.95",TRUE,"emission",1.00800479112286,FALSE,0.26752876460916,FALSE,FALSE,FALSE,0.276766119639825,0.0930888575458423,FALSE,FALSE,NA,TRUE,"soil"
"44639_RB10_Soil_19",1.02653496628929,431.445195144318,472.734265316971,0.230612374501831,0.213793735968911,0.256071028050826,9.75224831461817,0.005074443412136,0.494327380827472,0.999560335471677,3.43514408997967e-30,1.0784740376977,431.119809030734,868.1204055405,0.242280552382036,0.153915637156121,0.192239997558126,2.11440050918705,0.0155581102624599,1.44260406079621,0.999752207565194,0.000554416983219431,430.993,472.16,0.00865341968338032,0.35,4.45134381234662,19,0.658892498576659,1,1.05059649511615,"","",1.02653496628929,"LM","nb.obs",0,4,0.35,0.35,0.0802955068546966,2,0.5,1,0.05,0.0087,20,"LGR3 Mar2022",2.97313907310044,0.137252488061531,FALSE,"wassmann | mad | 0.95",TRUE,"emission",0.97402849814118,FALSE,0.230612374501831,FALSE,FALSE,FALSE,0.200236094133293,0.0673483779971597,FALSE,FALSE,NA,TRUE,"soil"
"44639_RB10_Soil_20",2.04589424278084,416.57030024785,489.723302180977,0.459653919196285,0.616468006003114,0.711592745948029,44.5215803887956,0.0167829665748959,0.820324248631932,0.998924394791142,6.82395440487038e-24,2.26239692143874,415.386726990902,812.899059240265,0.508295878629306,0.313040507180527,0.350748552763275,23.9559301339244,0.0350328532798869,1.54848395292229,0.999738674585553,0.00127869209931944,415.092,489.098,0.009727443965747,0.35,4.4509448464143,17,1.31329691198939,1,1.10582300596517,"","Noise (LM.RMSE) | Noise (LM.MAE)",2.04589424278084,"LM","nb.obs",0,4,0.35,0.35,0.0848874687627165,2,0.5,1,0.05,0.0097,20,"LGR3 Mar2022",2.97313907310044,0.15338656811572,FALSE,"wassmann | mad | 0.95",TRUE,"emission",0.938092816705651,FALSE,0.459653919196285,FALSE,FALSE,FALSE,0.273621050098448,0.09203102961918,FALSE,FALSE,NA,TRUE,"soil"
"44643_FLM30_Soil_21",1.57747721493853,426.561600843069,499.273841868656,0.487367059149816,0.590084856211355,0.70479884474682,42.2110620710776,0.0132981832862925,0.843003192715573,0.998935077702466,2.00816389075327e-22,1.75449052658039,425.321267371786,800.918865705773,0.542055935989552,0.222700446071819,0.26457190729933,14.4938461905531,0.0212189176772339,1.20940622680881,0.999849936521344,0.00144318264651828,424.872,498.39,0.00754262269532034,0.35,3.23673335184029,16,1.39247731185662,1,1.11221291183515,"","Noise (LM.RMSE) | Noise (LM.MAE)",1.57747721493853,"LM","nb.obs",0,4,0.35,0.35,0.0875,2,0.5,1,0.05,0.0075,20,"LGR3 Mar2022",2.97313907310044,0.11851979301693,FALSE,"wassmann | mad | 0.95",TRUE,"emission",0.9601952608563,FALSE,0.487367059149816,FALSE,FALSE,FALSE,0.159350190095637,0.0535966149506298,FALSE,FALSE,NA,TRUE,"soil"
"44643_FLM30_Soil_22",3.52523102526666,484.775658022764,582.254447707489,1.08901464081957,1.55420248023516,1.90004455681149,51.2163174011104,0.0761212065649359,2.15932533270434,0.995819177207093,5.2232598535308e-11,4.30208341540393,481.736618516507,773.040935603851,1.3289999412301,0.609413919344388,0.681049985514753,36.6963791569379,0.124000558097057,2.88233737293574,0.99946285422358,0.00456223908563502,481.025,579.102,0.0125175848978872,0.35,3.23708322471556,10,3.11147040234162,1,1.22036921398038,"Noise (HM.RMSE) | Noise (HM.MAE) | Noise (HM.SE)","Noise (LM.RMSE) | Noise (LM.MAE)",3.52523102526666,"LM","SE | nb.obs",1,3,0.35,0.35,0.110679718105893,2,0.5,1,0.05,0.013,20,"LGR3 Mar2022",2.97313907310044,0.189664561728649,FALSE,"wassmann | mad | 0.95",TRUE,"emission",1.08709899770614,FALSE,1.08901464081957,FALSE,FALSE,FALSE,1.01585746185959,0.341678420310232,FALSE,FALSE,NA,TRUE,"soil"
"44643_FLM30_Soil_23",1.76374958318845,425.267563240854,479.455723208108,0.54482364715936,0.745724522187035,0.883856993346322,37.9290991224732,0.0303244427650102,1.71931679270425,0.997051792766568,6.61231934371371e-13,2.08381716038955,423.847721985043,611.908353168765,0.643692775980314,0.291020041027185,0.360120167801355,23.4143293139564,0.0548159930070567,2.6305567517646,0.999510571911612,0.00342279387200116,423.73,478.44,0.0112786169024669,0.35,3.23728529843448,11,1.55663899188389,1,1.18146996617427,"Noise (HM.RMSE)","Noise (LM.RMSE) | Noise (LM.MAE)",1.76374958318845,"LM","nb.obs",0,4,0.35,0.35,0.105528970602217,2,0.5,1,0.05,0.011,20,"LGR3 Mar2022",2.97313907310044,0.172426945556522,FALSE,"wassmann | mad | 0.95",TRUE,"emission",0.957614382408443,FALSE,0.54482364715936,FALSE,FALSE,FALSE,0.755865046440587,0.254231311706639,FALSE,FALSE,NA,TRUE,"soil"
"44643_FLM30_Soil_24",3.63984587625376,444.238589176109,567.251805145164,1.12428109502301,2.14712981524871,2.54908641687494,65.5121654469494,0.0760045177665913,2.08812461710102,0.995224530280169,3.8019352249051e-13,4.51245061885865,439.985676308728,785.538391192495,1.39381256665439,0.900018709106462,1.04814202443483,48.8972688203769,0.143427101979058,3.17847471570415,0.999192602786684,0.00403357434805057,438.257,564.806,0.0102623791104087,0.35,3.23748739738372,12,3.21223170006575,1,1.23973672849659,"Noise (HM.RMSE) | Noise (HM.MAE) | Noise (HM.SE)","Noise (LM.RMSE) | Noise (LM.MAE)",3.63984587625376,"LM","SE | nb.obs",1,3,0.35,0.35,0.101036297108185,2,0.5,1,0.05,0.01,20,"LGR3 Mar2022",2.97313907310044,0.158053935787431,FALSE,"wassmann | mad | 0.95",TRUE,"emission",0.990444873837531,FALSE,1.12428109502301,FALSE,FALSE,FALSE,0.760058472495726,0.255641748942179,FALSE,FALSE,NA,TRUE,"soil"
"44643_FLM30_Soil_25",3.13624288328162,427.049560971922,533.022860600723,0.968668472926479,1.1670208831683,1.36231895583218,50.4750454914631,0.0406263699045551,1.29538340672281,0.998157271595297,3.24898098619036e-15,3.5843551654978,424.822878359326,871.056947396093,1.10707364633568,0.428865678565089,0.525632509054099,32.3331394135051,0.0678902568861943,1.89407170192537,0.999725673245217,0.00248092587086725,424.673,530.148,0.0102643052922348,0.35,3.23768448229414,12,2.76762420836137,1,1.14288188092987,"Noise (HM.RMSE) | Noise (HM.MAE)","Noise (LM.RMSE) | Noise (LM.MAE)",3.13624288328162,"LM","nb.obs",0,4,0.35,0.35,0.101036297108185,2,0.5,1,0.05,0.01,20,"LGR3 Mar2022",2.97313907310044,0.158084748133526,FALSE,"wassmann | mad | 0.95",TRUE,"emission",0.959745528096998,FALSE,0.968668472926479,FALSE,FALSE,FALSE,0.625868838730923,0.210507757404787,FALSE,FALSE,NA,TRUE,"soil"
"44643_FLM30_Soil_26",2.0364403104136,425.355493387877,506.677893897868,0.628870590991044,0.327183732243607,0.486109135793145,27.9332595404391,0.0113326848830663,0.556494822122465,0.99959755707711,5.92972165349514e-22,2.13374869318827,424.76372083399,1332.57708862955,0.65892027124485,0.303473042945102,0.362501612205994,23.7623853716657,0.0343968158261421,1.6120368783798,0.999776201787692,0.000725832307189862,423.947,506.151,0.0086972916840605,0.35,3.23825018944573,14,1.79677311711727,1,1.04778356737346,"Noise (HM.RMSE)","Noise (LM.RMSE)",2.0364403104136,"LM","nb.obs",0,4,0.35,0.35,0.0935414346693485,2,0.5,1,0.05,0.0087,20,"LGR3 Mar2022",2.97313907310044,0.135497640067859,FALSE,"wassmann | mad | 0.95",TRUE,"emission",0.958104794512808,FALSE,0.628870590991044,FALSE,FALSE,FALSE,0.262089128446734,0.0881523272214182,FALSE,FALSE,NA,TRUE,"soil"
"44643_FLM30_Soil_27",2.95674644707977,444.578551856882,535.395357467786,0.91303453008473,0.97071795786317,1.13082329997793,43.3500300917882,0.0388072268990257,1.31249762512959,0.998280016531289,5.84797175454106e-14,3.39038026862354,442.641450223812,816.839513012517,1.04693936757023,0.137025657249544,0.196664288624368,10.1056577007595,0.0293173158884653,0.864720578980003,0.999947978150634,0.00279782145254291,442.485,533.555,0.0112816206251678,0.35,3.23837308409944,11,2.60867008595637,1,1.14665911646636,"","Noise (LM.RMSE) | Noise (LM.MAE)",2.95674644707977,"LM","nb.obs",0,4,0.35,0.35,0.105528970602217,2,0.5,1,0.05,0.011,20,"LGR3 Mar2022",2.97313907310044,0.172471484359055,FALSE,"wassmann | mad | 0.95",TRUE,"emission",1,FALSE,0.91303453008473,FALSE,FALSE,FALSE,0.631634799556794,0.212447108603673,FALSE,FALSE,NA,TRUE,"soil"
"44643_FLM30_Soil_28",2.42761528524908,434.460856246061,516.504968491446,0.749617281994184,1.03554155343346,1.21935789736195,47.8143105542505,0.0363589458617378,1.49772272742991,0.997538032002816,1.38342167716332e-14,2.86477365839146,432.30450979005,718.851879691082,0.884606328021041,0.15197592133823,0.187168151279112,7.55086183594732,0.0247290371588894,0.863210853899519,0.99994199253136,0.00308712073793093,431.987,514.521,0.0102624359922837,0.35,3.23847294287422,12,2.14176366284053,1,1.18007728646243,"","Noise (LM.RMSE) | Noise (LM.MAE)",2.42761528524908,"LM","nb.obs",0,4,0.35,0.35,0.101036297108185,2,0.5,1,0.05,0.01,20,"LGR3 Mar2022",2.97313907310044,0.158057027971204,FALSE,"wassmann | mad | 0.95",TRUE,"emission",0.976274901974078,FALSE,0.749617281994184,FALSE,FALSE,FALSE,0.53990360460044,0.181593794076178,FALSE,FALSE,NA,TRUE,"soil"
"44643_FLM30_Soil_29",2.581088524597,469.506069078011,556.698160174667,0.796973520727702,0.725732374913212,0.838329956102285,38.8222804697743,0.0250059643532487,0.968814673148532,0.998968506327917,1.78500630359801e-16,2.86045778239409,468.108448706419,932.522916487498,0.88323553725594,0.19874150146506,0.275751418375847,16.8506790593656,0.0348558195297326,1.21853990449597,0.999888397966539,0.00190182605954535,468.383,555.263,0.0102669688277431,0.35,3.23861264831014,12,2.27706720207915,1,1.108236991926,"","Noise (LM.RMSE) | Noise (LM.MAE)",2.581088524597,"LM","nb.obs",0,4,0.35,0.35,0.101036297108185,2,0.5,1,0.05,0.01,20,"LGR3 Mar2022",2.97313907310044,0.158124767575473,FALSE,"wassmann | mad | 0.95",TRUE,"emission",1.05852853769054,FALSE,0.796973520727702,FALSE,FALSE,FALSE,0.60070828240003,0.202045133991529,FALSE,FALSE,NA,TRUE,"soil"
"44643_FLM30_Soil_30",2.14156048139073,421.762699011865,507.2686312739,0.661206732321312,0.605110755812051,0.731674508646544,39.3825322512779,0.0170625798692973,0.796735839009173,0.99917540387793,4.38862865659514e-20,2.35148206511456,420.499403309686,917.030441656641,0.726020014796348,0.214704915167622,0.245471724938548,12.8466650452613,0.0240910809026452,1.02450625756619,0.999907187090378,0.00146218455388691,420.379,505.987,0.00869874730941049,0.35,3.23886672156574,14,1.88916209234661,1,1.098022720137,"","Noise (LM.RMSE) | Noise (LM.MAE)",2.14156048139073,"LM","nb.obs",0,4,0.35,0.35,0.0935414346693485,2,0.5,1,0.05,0.0087,20,"LGR3 Mar2022",2.97313907310044,0.135525383687171,FALSE,"wassmann | mad | 0.95",TRUE,"emission",0.950041244335966,FALSE,0.661206732321312,FALSE,FALSE,FALSE,0.392085336156369,0.13187588152326,FALSE,FALSE,NA,TRUE,"soil"
"44644_BL60_Soil_31",10.2551017149859,636.419145977839,1078.33473070177,3.17372333889004,11.6735625789878,13.7089960211391,129.291542014456,0.285925906397303,2.78813330519653,0.98922572318445,2.18694774614367e-14,14.5919265821126,609.723604553595,1463.81660451153,4.51587309810358,0.912501656070663,1.0594408315359,56.3003935417028,0.112079201964418,0.768090500823993,0.999935652712785,0.00528733182256029,607.327,1056.16,0.00806419191659941,0.35,3.23125257621619,15,9.06778096825726,1,1.42289437858907,"Noise (HM.RMSE) | Noise (HM.MAE) | Noise (HM.SE)","Noise (LM.RMSE) | Noise (LM.MAE) | Noise (LM.SE)",10.2551017149859,"LM","nb.obs",0,4,0.35,0.35,0.0903696114115064,2,0.5,1,0.05,0.0081,20,"LGR3 Mar2022",2.97313907310044,0.126211907678212,FALSE,"wassmann | mad | 0.95",TRUE,"emission",1.37253692215555,FALSE,3.17372333889004,FALSE,FALSE,FALSE,5.36968206361799,1.80606488011285,TRUE,TRUE,"closure sigma = 5.37 ppm = 1.8x campaign sigma (disturbed closure?)",TRUE,"soil"
"44644_BL60_Soil_32",7.32005058444227,669.679768585064,1007.65777242973,2.26557182084448,11.4966169714482,13.4470070264928,136.566242834516,0.253275861347341,3.46002884031489,0.982338322615282,6.97852817460724e-14,11.4948530051138,642.643893251971,1199.06817492882,3.55768238931091,0.701048640704101,0.903841767492866,53.8071656630808,0.0928077954254249,0.807385665429013,0.999920206870735,0.00639383022356508,640.545,985.889,0.00752995173984846,0.35,3.23099471713669,16,6.47306234526995,1,1.57032425835205,"Noise (HM.RMSE) | Noise (HM.MAE)","Noise (LM.RMSE) | Noise (LM.MAE) | Noise (LM.SE)",7.32005058444227,"LM","nb.obs",0,4,0.35,0.35,0.0875,2,0.5,1,0.05,0.0075,20,"LGR3 Mar2022",2.97313907310044,0.118320070112085,FALSE,"wassmann | mad | 0.95",TRUE,"emission",1.44760839350486,FALSE,2.26557182084448,FALSE,FALSE,FALSE,4.99122536214083,1.6787729196051,TRUE,TRUE,"closure sigma = 4.99 ppm = 1.7x campaign sigma (disturbed closure?)",TRUE,"soil"
"44644_BL60_Soil_33",6.40762740460437,608.175470231419,923.765933623747,1.98309955798103,12.882990642465,14.914136103931,147.96858680502,0.255357185992829,3.98520653384645,0.975180276192905,1.15326427367827e-13,10.9483388141414,577.307944502498,1048.34824610265,3.38840642440426,1.08570713711643,1.22944108892604,66.6002721357558,0.122133181239351,1.11554075291859,0.999831338411139,0.00719345332637921,575.586,900.714,0.00706189007289136,0.35,3.2311173580856,17,5.66599873708865,1,1.70864161144484,"Noise (HM.RMSE) | Noise (HM.MAE) | Noise (HM.SE)","Noise (LM.RMSE) | Noise (LM.MAE) | Noise (LM.SE) | Intercept (LM)",6.40762740460437,"LM","Intercept (LM) | nb.obs",0,4,0.35,0.35,0.0848874687627165,2,0.5,1,0.05,0.0071,20,"LGR3 Mar2022",2.97313907310044,0.111354660444306,FALSE,"wassmann | mad | 0.95",TRUE,"emission",1.30080341706499,FALSE,1.98309955798103,FALSE,FALSE,FALSE,5.15791404783292,1.73483779971791,TRUE,TRUE,"closure sigma = 5.16 ppm = 1.7x campaign sigma (disturbed closure?)",TRUE,"soil"
"44644_BL60_Soil_34",14.5826630484809,789.861683964163,1328.51829213955,4.51283592610562,17.0339431254826,19.9139254601833,123.33596926068,0.521388349575485,3.57539873095949,0.984872552639839,1.42831618493794e-11,21.9774666812169,751.91207693942,1692.06461651766,6.80127497111142,1.37773718761975,1.56630982072647,61.5591847858977,0.216452663536882,0.984884503189233,0.999906414785974,0.00723422496328362,749.173,1298.23,0.00939657435151048,0.35,3.23137452530102,13,12.8938169317303,1,1.50709555642557,"Noise (HM.RMSE) | Noise (HM.MAE) | Noise (HM.SE)","Noise (LM.RMSE) | Noise (LM.MAE) | Noise (LM.SE)",14.5826630484809,"LM","nb.obs",0,4,0.35,0.35,0.0970725343394151,2,0.5,1,0.05,0.0094,20,"LGR3 Mar2022",2.97313907310044,0.145618590051834,FALSE,"wassmann | mad | 0.95",TRUE,"emission",1.69310372103009,TRUE,4.51283592610562,FALSE,FALSE,FALSE,9.61447758794212,3.23377997179122,TRUE,TRUE,"C0 > 1.5x group median; closure sigma = 9.61 ppm = 3.2x campaign sigma (disturbed closure?)",TRUE,"soil"
"44644_BL60_Soil_35",11.512089796401,664.311731635306,1089.4558053342,3.56225186442934,9.21493204195494,10.6981216905765,107.18084129115,0.280114424942857,2.43321959693563,0.992941301895973,2.15143080292038e-13,15.2727543762553,644.414299374097,1608.31083909622,4.72593583910327,0.732037869301315,0.87706578257925,46.4818965630229,0.110634353805286,0.724390316767554,0.99995255681067,0.00490294927344142,643.046,1072.76,0.009398581706127,0.35,3.23168889638444,13,10.1778624697981,1,1.3266708865518,"Noise (HM.RMSE) | Noise (HM.MAE) | Noise (HM.SE)","Noise (LM.RMSE) | Noise (LM.MAE) | Noise (LM.SE)",11.512089796401,"LM","nb.obs",0,4,0.35,0.35,0.0970725343394151,2,0.5,1,0.05,0.0094,20,"LGR3 Mar2022",2.97313907310044,0.145651904897178,FALSE,"wassmann | mad | 0.95",TRUE,"emission",1.45326056250494,FALSE,3.56225186442934,FALSE,FALSE,FALSE,4.98283851003049,1.675952045134,TRUE,TRUE,"closure sigma = 4.98 ppm = 1.7x campaign sigma (disturbed closure?)",TRUE,"soil"
"44644_BL60_Soil_36",10.5981452227054,850.794102967644,1111.68984551835,3.27906770533413,12.821093467439,14.8342982492059,84.885848677824,0.705782873634945,6.65949426813739,0.965589176083157,1.39490165285382e-06,18.8713588406688,825.055009913332,1197.00779983987,5.8388012269955,1.12602949414166,1.22340733718696,47.1704111709606,0.345636195859639,1.83153846407061,0.999765952923865,0.0156976943986595,824.218,1089.14,0.0140412737473029,0.35,3.23206050471761,9,9.36876487238322,1,1.78062844432806,"Noise (HM.RMSE) | Noise (HM.MAE) | Noise (HM.SE)","Noise (LM.RMSE) | Noise (LM.MAE) | Noise (LM.SE) | Intercept (LM)",10.5981452227054,"LM","Intercept (LM) | nb.obs",0,4,0.35,0.35,0.116666666666667,2,0.5,1,0.05,0.014,20,"LGR3 Mar2022",2.97313907310044,0.210410006178197,FALSE,"wassmann | mad | 0.95",TRUE,"emission",1.86270269048668,TRUE,3.27906770533413,FALSE,FALSE,FALSE,9.62181608353881,3.23624823695348,TRUE,TRUE,"C0 > 1.5x group median; closure sigma = 9.62 ppm = 3.2x campaign sigma (disturbed closure?)",TRUE,"soil"
"44644_BL60_Soil_37",10.2584104379358,590.462508526496,906.148900965669,3.17358874306027,9.87749488044963,11.5217941918255,94.418507716168,0.394684820965098,3.84742668811091,0.985391921090392,8.91023056296348e-10,15.229744543798,569.560878580029,1133.28312211927,4.71154338542984,0.85626388860884,0.954212228524389,44.8521926459672,0.170490259835101,1.11945580797368,0.999899805741592,0.00835791640196629,568.042,889.328,0.0112602517254291,0.35,3.23243219852226,11,9.06739640874362,1,1.48461056768387,"Noise (HM.RMSE) | Noise (HM.MAE) | Noise (HM.SE)","Noise (LM.RMSE) | Noise (LM.MAE) | Noise (LM.SE)",10.2584104379358,"LM","nb.obs",0,4,0.35,0.35,0.105528970602217,2,0.5,1,0.05,0.011,20,"LGR3 Mar2022",2.97313907310044,0.172147214032699,FALSE,"wassmann | mad | 0.95",TRUE,"emission",1.28375425155655,FALSE,3.17358874306027,FALSE,FALSE,FALSE,6.14546588382039,2.06699576868827,TRUE,TRUE,"closure sigma = 6.15 ppm = 2.1x campaign sigma (disturbed closure?)",TRUE,"soil"
"44644_BL60_Soil_38",21.128555770543,770.180711780125,1290.14303285768,6.53530983183823,11.1378797650095,12.9131908514281,82.3893816374991,0.614500902438514,2.90839046980787,0.993272845987706,4.56422083705802e-09,27.4862623768876,748.746456917805,1991.33750237125,8.50182296901697,0.649925994134845,0.80838258684752,39.7119365865399,0.183230904997041,0.666627213568021,0.999973636799602,0.00684201210054151,747.582,1270.78,0.014045636837752,0.35,3.2329845583771,9,18.6723138052521,1,1.30090587711671,"Noise (HM.RMSE) | Noise (HM.MAE) | Noise (HM.SE)","Noise (LM.RMSE) | Noise (LM.MAE) | Noise (LM.SE)",21.128555770543,"LM","nb.obs",0,4,0.35,0.35,0.116666666666667,2,0.5,1,0.05,0.014,20,"LGR3 Mar2022",2.97313907310044,0.210480743934764,FALSE,"wassmann | mad | 0.95",TRUE,"emission",1.68950811891929,TRUE,6.53530983183823,FALSE,FALSE,FALSE,8.24479980267932,2.77309590973203,TRUE,TRUE,"C0 > 1.5x group median; closure sigma = 8.24 ppm = 2.8x campaign sigma (disturbed closure?)",TRUE,"soil"
"44644_BL60_Soil_39",4.49306892561974,598.124331446332,833.059991172144,1.38939547729324,9.01609240353285,10.709206898019,144.155810762477,0.167787864506773,3.73437103423979,0.976810036541922,1.02122782201823e-14,7.55714571089194,575.835868494562,932.284155837722,2.33690251491324,1.23586265541748,1.53939759257844,77.6887922571763,0.13851092990006,1.8328471515433,0.99952083283285,0.00655607727093232,572.213,816.912,0.0066542843822268,0.35,3.23383010744567,18,3.96970136369498,1,1.68195632784547,"Noise (HM.RMSE) | Noise (HM.MAE) | Noise (HM.SE)","Noise (LM.RMSE) | Noise (LM.MAE) | Noise (LM.SE) | Intercept (LM)",4.49306892561974,"LM","Intercept (LM) | nb.obs",0,4,0.35,0.35,0.0824957911384305,2,0.5,1,0.05,0.0067,20,"LGR3 Mar2022",2.97313907310044,0.1052531974729,FALSE,"wassmann | mad | 0.95",TRUE,"emission",1.29318055979299,FALSE,1.38939547729325,FALSE,FALSE,FALSE,2.94588180374202,0.990832157968987,FALSE,FALSE,NA,TRUE,"soil"
"44644_BL60_Soil_40",12.3482165903449,736.232043908378,1191.84630699994,3.81736749361464,18.8609411839492,22.1780368380724,126.135732686245,0.581250685785062,4.70716302659887,0.974043779743193,2.7944463696103e-10,21.0463518073311,693.024300711132,1373.08300743192,6.50633706176671,1.73184259408202,1.91854783351229,66.8331845054926,0.289844234098358,1.37717090710893,0.999805759175482,0.00956731675878384,689.591,1159.09,0.0094070053494488,0.35,3.23474661818646,13,10.9067642674704,1,1.7044041666541,"Noise (HM.RMSE) | Noise (HM.MAE) | Noise (HM.SE)","Noise (LM.RMSE) | Noise (LM.MAE) | Noise (LM.SE)",12.3482165903449,"LM","nb.obs",0,4,0.35,0.35,0.0970725343394151,2,0.5,1,0.05,0.0094,20,"LGR3 Mar2022",2.97313907310044,0.145782387166197,FALSE,"wassmann | mad | 0.95",TRUE,"emission",1.55845056894584,TRUE,3.81736749361464,FALSE,FALSE,FALSE,9.95047585061095,3.34679125528912,TRUE,TRUE,"C0 > 1.5x group median; closure sigma = 9.95 ppm = 3.3x campaign sigma (disturbed closure?)",TRUE,"soil"
"44851_SRS6_Soil_41",4.57501820830979,679.679765149094,828.644231265833,0.792334679777447,51.4362008732433,58.1374753587181,686.150669588278,0.785689793183572,17.1734790422581,0.350417943912089,2.42261923466591e-07,39.9062081808838,556.697974699992,801.427715498707,6.9112452105003,32.3318635844839,38.0266877821479,635.797872189892,9.34947843147012,23.4286314277005,0.722093515448307,0.0282403159826196,608.64614463,711.78007762,0.000763741309906546,0.025,5.77409814952796,62,31.6933871910979,1,8.72263373911836,"Noise (HM.RMSE) | Noise (HM.MAE) | Noise (HM.SE) | Exaggerated curvature (g-fact)","Noise (LM.RMSE) | Noise (LM.MAE) | Noise (LM.SE)",4.57501820830979,"LM","SE | g-fact. > 2 | Intercept",1,3,0.025,0.025,0.00317500317500476,2,0.5,1,0.05,0.00076,20,"Picarro Oct2022",0.44844606214481,0.0265605049055528,FALSE,"wassmann | mad | 0.95",TRUE,"emission",1.21004684451676,FALSE,0.792334679777447,FALSE,FALSE,FALSE,0.308423089681058,0.687759611949638,FALSE,FALSE,NA,FALSE,"soil"
"44851_SRS6_Soil_42",-0.738196115069871,510.05973493358,487.422176985456,-0.127931946550012,0.841756058613665,1.03617563054878,183.867025839703,0.015020676959753,-2.03478136136374,0.975750358644429,1.42305037110286e-49,-0.754279489376572,510.132312254276,0,-0.130719251088934,0.864305863522956,1.05793907907391,188.6961623339,0.0617953186818681,-8.1926288003593,0.974721289049895,0.000256245777710659,508.05548546,488.72612466,0.00081065256939907,0.025,5.77022499052878,61,5.11727786200048,1,1.02178740036471,"Noise (HM.RMSE) | Noise (HM.MAE) | Noise (HM.SE)","Noise (LM.RMSE) | Noise (LM.MAE) | Noise (LM.SE)",-0.738196115069871,"LM","RMSE | MAE | SE | AICc | Intercept",4,0,0.025,0.025,0.0032009219983224,2,0.5,1,0.05,0.00081,20,"Picarro Oct2022",0.44844606214481,0.0281902787551443,FALSE,"wassmann | mad | 0.95",TRUE,"uptake",1.01006297738734,FALSE,-0.127931946550012,TRUE,TRUE,FALSE,0.169739869665949,0.378506768136448,FALSE,TRUE,"CO2 slope <= 0; convex (accelerating) trace",FALSE,"soil"
"44851_SRS6_Soil_43",9.18855859149752,714.581954627599,982.338006797023,1.59300848479955,69.9572387049162,79.1612387373723,678.133779516265,1.24090097901203,13.5048491736264,0.485700172979006,7.41661662003153e-10,63.329759645405,539.78986425197,932.992380163202,10.9793982865603,40.411688993334,47.1608958743769,620.365135182183,11.6822665847057,18.4467249680354,0.817461150905644,0.0279230112785925,612.87667582,823.74147754,0.000852848583282542,0.025,5.76805376692875,58,63.7203393919821,1,6.89224093363306,"Noise (HM.RMSE) | Noise (HM.MAE) | Noise (HM.SE) | Exaggerated curvature (g-fact)","Noise (LM.RMSE) | Noise (LM.MAE) | Noise (LM.SE)",9.18855859149752,"LM","SE | g-fact. > 2 | Intercept",1,3,0.025,0.025,0.00328266082149306,2,0.5,1,0.05,0.00085,20,"Picarro Oct2022",0.44844606214481,0.0296459996293427,FALSE,"wassmann | mad | 0.95",TRUE,"emission",1.21845754581217,FALSE,1.59300848479955,FALSE,FALSE,FALSE,0.433092346338596,0.965762402433013,FALSE,FALSE,NA,FALSE,"soil"
"44851_SRS6_Soil_44",1.70616342083163,472.951742222983,500.960106444681,0.295962003746193,1.11484362318663,1.48483207798027,122.968516954057,0.0553439747289377,3.2437675109669,0.968379842969582,2.83097367095002e-24,2.48725688183743,471.065016438734,522.75857053168,0.431455464108651,0.893532089537661,1.18113039459245,110.947751859015,0.23054489925769,9.26904257220825,0.97999193771226,0.00834640743278909,473.28740316,499.01385898,0.00150698113005941,0.025,5.76480561435438,32,11.8384801498477,1,1.4578069436192,"Noise (HM.RMSE) | Noise (HM.MAE) | Noise (HM.SE)","Noise (LM.RMSE) | Noise (LM.MAE) | Noise (LM.SE)",2.48725688183743,"HM","SE",1,3,0.025,0.025,0.00441941738241592,2,0.5,1,0.05,0.0015,20,"Picarro Oct2022",0.44844606214481,0.0518751724970817,FALSE,"wassmann | mad | 0.95",TRUE,"emission",0.940940698953144,FALSE,0.295962003746193,FALSE,FALSE,FALSE,1.07931181881376,2.40678179590132,TRUE,TRUE,"closure sigma = 1.08 ppm = 2.4x campaign sigma (disturbed closure?)",FALSE,"soil"
"44851_SRS6_Soil_45",0.167652747221141,543.914393631727,548.887977898095,0.0290917529190092,12.4950641207947,14.2045331640433,462.5815030439,0.221644186869551,132.204327422797,-0.00784010996519413,0.452693932579019,13.0414703686141,510.431047601182,551.065576363135,2.2630063625731,9.35464515753776,11.0480266892352,436.757634612366,6.2866090966504,48.2047569711149,0.39031271537417,0.0556917092808021,518.98046743,526.45910368,0.000837815334107043,0.025,5.76289602375911,56,1.16367011676037,1,77.7885873317178,"Noise (HM.RMSE) | Noise (HM.MAE) | Noise (HM.SE) | Exaggerated curvature (g-fact)","Noise (LM.RMSE) | Noise (LM.MAE) | Noise (LM.SE) | No detect. flux (p-val.)",0.167652747221141,"LM","SE | g-fact. > 2 | p-value | Intercept",1,3,0.025,0.025,0.0033407655239053,2,0.5,1,0.05,0.00084,20,"Picarro Oct2022",0.44844606214481,0.0290986382355726,FALSE,"wassmann | mad | 0.95",TRUE,"emission",1.03178288816939,FALSE,0.0290917529190092,FALSE,FALSE,FALSE,0.427696193273072,0.953729398865726,FALSE,FALSE,NA,FALSE,"soil"
"44851_SRS6_Soil_46",-2.56663765336094,579.960298306714,483.575056968597,-0.445747139984471,13.9158102220001,16.2050717858866,275.92996203466,0.262300121393156,-10.2196007702794,0.753476222599339,7.56941951085801e-11,-3.08906253981674,582.980370339759,275.910885919216,-0.536476502849326,13.5724588503176,16.0972595978242,278.127086562584,1.18614189069615,-38.3981183743374,0.756745551575025,0.00174708504122996,537.14291433,507.86943454,0.000662659158421534,0.025,5.7580574795171,32,17.8298855993789,1,1.2035444643975,"Noise (HM.RMSE) | Noise (HM.MAE) | Noise (HM.SE)","Noise (LM.RMSE) | Noise (LM.MAE) | Noise (LM.SE)",-3.08906253981674,"HM","SE | AICc | Intercept",2,2,0.025,0.025,0.00441941738241592,2,0.5,1,0.05,0.00066,20,"Picarro Oct2022",0.415227040898045,0.0209822919834964,FALSE,"wassmann | mad | 0.95",TRUE,"uptake",1.06789157258964,FALSE,-0.445747139984471,TRUE,FALSE,FALSE,1.92450041512466,4.63481475330313,TRUE,TRUE,"CO2 slope <= 0; closure sigma = 1.92 ppm = 4.6x campaign sigma (disturbed closure?)",FALSE,"soil"
"44851_SRS6_Soil_47",1.34273132902253,498.335638141816,537.274755529574,0.233382184631846,5.39309243375614,6.1226005360752,342.516248221626,0.101438358657048,7.55462812734787,0.773550728909627,5.77713547925575e-18,5.55101248547838,483.914790555637,531.759555571813,0.964829964697921,2.2836120408443,2.65376870611419,257.922672709519,0.501422534085056,9.0329923666501,0.957457283890249,0.0201658418506545,489.96368975,527.81634115,0.000856934931188889,0.025,5.75335829999471,52,9.33528738527386,1,4.13412003242626,"Noise (HM.RMSE) | Noise (HM.MAE) | Noise (HM.SE) | Exaggerated curvature (g-fact)","Noise (LM.RMSE) | Noise (LM.MAE) | Noise (LM.SE)",1.34273132902253,"LM","SE | g-fact. > 2 | Intercept",1,3,0.025,0.025,0.00346687622640768,2,0.5,1,0.05,0.00086,20,"Picarro Oct2022",0.286860010661435,0.0190155844269163,FALSE,"wassmann | mad | 0.95",TRUE,"emission",0.97409475430127,FALSE,0.233382184631846,FALSE,FALSE,FALSE,0.276456823017543,0.963734270176228,FALSE,FALSE,NA,FALSE,"soil"
"44851_SRS6_Soil_48",0.430743755268819,503.471141849576,506.876348254219,0.0748627357884502,1.76069676024826,1.88702895271385,47.7709585690312,0.280333236628424,65.0812073766393,0.145386912948947,0.168286862208135,0.43028977762466,503.471522704192,4563.07894290126,0.0747838350312997,1.76060797509019,1.88714383989095,54.9720544219782,1.10269338715936,256.267623471463,0.145284185890459,1.84214450538346e-05,505.52524019,509.09009985,0.0030943620506305,0.025,5.75378057897898,9,2.99450943153801,1,0.998946060996575,"Noise (HM.RMSE) | Noise (HM.MAE) | Noise (HM.SE)","Noise (LM.RMSE) | Noise (LM.MAE) | Noise (LM.SE) | No detect. flux (p-val.)",0.430743755268819,"LM","SE | AICc | p-value | Intercept | nb.obs",2,2,0.025,0.025,0.00833333333333333,2,0.5,1,0.05,0.0031,20,"Picarro Oct2022",0.611454356008973,0.134891032885026,FALSE,"wassmann | mad | 0.95",TRUE,"emission",1.00503260739021,FALSE,0.0748627357884502,FALSE,TRUE,TRUE,0.274640435279972,0.449159340482222,FALSE,TRUE,"convex (accelerating) trace; window < 60 s",TRUE,"soil"
"44851_SRS6_Soil_49",0.414413101670802,451.851176257233,464.008537705477,0.0720052206492817,1.57587760171746,1.83908243255473,124.595907544129,0.0406886998944645,9.818391293716,0.785823936005744,9.56833980243062e-11,1.7770390585231,447.310197861857,462.089371302356,0.308764585374987,0.536974159272725,0.626335200069206,64.8286654988585,0.159952814303818,9.0010860220909,0.975158250346867,0.0208918710249985,447.26213745,461.01126769,0.000847167954177242,0.025,5.75532021058999,29,2.88020882597127,1,4.2880860941861,"Noise (HM.RMSE) | Noise (HM.MAE) | Noise (HM.SE) | Exaggerated curvature (g-fact)","Noise (LM.RMSE) | Noise (LM.MAE) | Noise (LM.SE) | Intercept (LM)",0.414413101670802,"LM","SE | g-fact. > 2 | Intercept (LM)",1,3,0.025,0.025,0.0046423834544263,2,0.5,1,0.05,0.00085,20,"Picarro Oct2022",0.478926765694051,0.0308991045681408,FALSE,"wassmann | mad | 0.95",TRUE,"emission",0.889199977471634,FALSE,0.0720052206492817,FALSE,FALSE,FALSE,0.476403460675675,0.994731334310122,FALSE,FALSE,NA,FALSE,"soil"
"44851_SRS6_Soil_50",-2.6507386464936,544.87811203481,470.460300995352,-0.460417933565574,6.12871301184274,7.23033500585778,163.53545747085,0.187046487308964,-7.05639115181683,0.900826234452643,3.20135704214776e-12,-5.66146909991813,556.501063935432,459.75073211005,-0.983364356715336,4.05340557936905,4.71214647252093,146.79999716949,0.83782052134293,-14.7986415991398,0.95787717144905,0.0101639378197704,547.4534402,486.46234085,0.00088501647369645,0.025,5.75724456683456,23,18.416717342623,1,2.13580811047031,"Noise (HM.RMSE) | Noise (HM.MAE) | Noise (HM.SE) | Exaggerated curvature (g-fact) | Intercept (HM)","Noise (LM.RMSE) | Noise (LM.MAE) | Noise (LM.SE)",-2.6507386464936,"LM","SE | g-fact. > 2 | Intercept (HM)",1,3,0.025,0.025,0.00521286035142687,2,0.5,1,0.05,0.00089,20,"Picarro Oct2022",0.657216449248494,0.0438793390619774,FALSE,"wassmann | mad | 0.95",TRUE,"uptake",1.08838988577929,FALSE,-0.460417933565574,TRUE,FALSE,FALSE,0.862138230479812,1.31180257503542,FALSE,TRUE,"CO2 slope <= 0",FALSE,"soil"
"44852_FLM30_Water_51",0.610557938647652,444.066594192612,504.038015079921,0.114362413447594,1.77300896423703,2.72846413687889,1018.79622506077,0.0066721233160501,1.09279118224692,0.975760002141562,2.14377355030581e-169,0.613006863310811,444.024921742848,6559.29742608007,0.114821116736999,1.78476894958849,2.74068425896269,1022.74316995728,0.026671347429608,4.350905189798,0.975544267527755,1.87761243109874e-05,457.11424395,506.45276372,0.000254035940411864,0.025,5.33879900083989,209,4.57449653790375,1,1.00401096195487,"Noise (HM.RMSE) | Noise (HM.MAE) | Noise (HM.SE)","Noise (LM.RMSE) | Noise (LM.MAE) | Noise (LM.SE)",0.610557938647652,"LM","RMSE | MAE | SE | AICc | Intercept",4,0,0.025,0.025,0.00172928615966519,2,0.5,1,0.05,0.00025,20,"Picarro Oct2022",0.340578018582881,0.00676346679851171,FALSE,"wassmann | mad | 0.95",TRUE,"emission",0.908786909036633,FALSE,0.114362413447594,NA,TRUE,FALSE,0.290274460650899,0.852299458017605,FALSE,TRUE,"convex (accelerating) trace",FALSE,"water"
"44852_FLM30_Water_52",0.281381199304431,442.354384136503,463.599005614397,0.0529335645800477,0.60259433622801,0.771481885620555,268.266380354817,0.00333123886259375,1.18388821670691,0.984542660287285,1.45343879920204e-102,0.321361983129738,441.872601771609,531.600363400285,0.0604547685830491,0.571875908318882,0.74092713133719,261.283701598285,0.0139979896051979,4.35583246931444,0.985742798706159,0.000673757680852792,442.32478833,464.05163583,0.000330297537373741,0.025,5.31574250736351,113,2.11734258320191,1,1.14208761610278,"Noise (HM.RMSE) | Noise (HM.MAE) | Noise (HM.SE)","Noise (LM.RMSE) | Noise (LM.MAE) | Noise (LM.SE)",0.321361983129738,"HM","SE",1,3,0.025,0.025,0.00235180217095899,2,0.5,1,0.05,0.00033,20,"Picarro Oct2022",0.286860010661435,0.00738082256075695,FALSE,"wassmann | mad | 0.95",TRUE,"emission",0.879384054417418,FALSE,0.0529335645800478,NA,FALSE,FALSE,0.131107082964081,0.457042034760361,FALSE,FALSE,NA,FALSE,"water"
"44852_FLM30_Water_53",0.378652944920252,445.210532231184,476.983973176734,0.0712447327670602,0.705649285835384,0.845504830269511,174.030648532553,0.00428459898097009,1.13153721328444,0.991619262937225,1.93524991488252e-69,0.41062585278225,444.775996830627,655.381177680222,0.0772605351184553,0.662605900829605,0.821111849724927,172.372068398273,0.0174347417235637,4.24589479825302,0.992095859189286,0.000366850116444341,447.08029489,477.79739716,0.000297265412465722,0.025,5.31482020093029,67,2.84978931068241,1,1.08443855591492,"Noise (HM.RMSE) | Noise (HM.MAE) | Noise (HM.SE)","Noise (LM.RMSE) | Noise (LM.MAE) | Noise (LM.SE)",0.41062585278225,"HM","SE",1,3,0.025,0.025,0.00305423610890763,2,0.5,1,0.05,3e-04,20,"Picarro Oct2022",0.415227040898045,0.00955379301860505,FALSE,"wassmann | mad | 0.95",TRUE,"emission",0.88883845704163,FALSE,0.0712447327670601,NA,FALSE,FALSE,0.390392733114181,0.940191015184964,FALSE,FALSE,NA,FALSE,"water"
"44854_SRS5_Soil_57",0.803613934829995,426.982870700354,436.425391235466,0.0215265168996199,0.385727865143518,0.490420598435961,630.55362542833,0.00687745758712013,0.855816118790308,0.968708636139647,0,1.05582955193442,426.516653268179,448.615379014715,0.0282826512928035,0.351781431085606,0.445872839553759,548.407407574837,0.0306588412609383,2.90376805657382,0.974135200106863,0.00127983177026564,425.544,435.003,0.0297193024976254,0.35,37.3313499149593,442,0.061504333998914,1,1.31385172179448,"Noise (HM.RMSE) | Noise (HM.SE)","Noise (LM.RMSE) | Noise (LM.MAE)",1.05582955193442,"HM","SE | Intercept",1,3,0.35,0.35,0.0166478022954073,2,0.5,1,0.05,0.03,20,"LGR2 Oct2022",0.696108725154671,0.115851237107947,FALSE,"wassmann | mad | 0.95",TRUE,"emission",0.841368510961374,FALSE,0.0215265168996199,FALSE,FALSE,FALSE,0.42563274459754,0.611445783132465,FALSE,FALSE,NA,FALSE,"soil"
"44854_SRS5_Soil_58",0.892391053772161,428.367090116841,434.953930036146,0.0239079806095163,0.33310170007783,0.424561205365245,318.692715338888,0.0119502022435824,1.33912169928963,0.952669612128155,4.40634718893655e-185,0.912876688211456,428.341980097647,575.657493582083,0.0244568096782055,0.332175866524425,0.424434062321269,320.58511438113,0.0485367246882296,5.31689825307344,0.952698007464764,0.000166016525345711,428.323,434.712,0.04724682797605,0.35,37.3260740146725,278,0.0683085160271895,1,1.02295589400264,"Noise (HM.RMSE) | Noise (HM.SE)","Noise (LM.RMSE)",0.912876688211456,"HM","SE | AICc",2,2,0.35,0.35,0.0209916050366424,2,0.5,1,0.05,0.047,20,"LGR2 Oct2022",0.696108725154671,0.184177949653394,FALSE,"wassmann | mad | 0.95",TRUE,"emission",0.846863038182911,FALSE,0.0239079806095163,FALSE,FALSE,FALSE,0.420390962028668,0.60391566265063,FALSE,FALSE,NA,FALSE,"soil"
"44854_SRS5_Soil_59",1.35371192226356,428.28787133562,437.342746940295,0.0362705713829318,0.373360420836366,0.468684650830067,339.297932947421,0.0152907419590588,1.12954179597465,0.968965686258316,9.39405490502476e-191,1.3722952413424,428.267011666609,753.136431318877,0.0367684820462685,0.374046030982593,0.469282898161398,342.006017057712,0.0617842605635907,4.50225714571103,0.968887001154291,0.000113179264720036,427.592,436.742,0.0521165498405476,0.35,37.3225970986657,252,0.103630203951234,1,1.01372767630485,"Noise (HM.RMSE) | Noise (HM.MAE) | Noise (HM.SE)","Noise (LM.RMSE) | Noise (LM.MAE)",1.3722952413424,"HM","SE | AICc",2,2,0.35,0.35,0.0220479275922049,2,0.5,1,0.05,0.052,20,"LGR2 Oct2022",0.696108725154671,0.203161516069953,FALSE,"wassmann | mad | 0.95",TRUE,"emission",0.845417734332985,FALSE,0.0362705713829318,FALSE,FALSE,FALSE,0.509501265700616,0.731927710843458,FALSE,FALSE,NA,FALSE,"soil"
"44854_SRS5_Soil_60",1.50067485630538,427.394691021909,441.43525463017,0.040212636137702,0.351335663636314,0.425821039171187,403.971466652029,0.00840308730564864,0.559953894765505,0.989113918419403,0,1.52567014068933,427.355647584276,852.556857230321,0.0408824189836442,0.351714038459407,0.42614888104057,406.55957968964,0.0340217266179882,2.2299529702152,0.989097320233667,9.61484070510439e-05,427.473,441.57,0.0373016508884461,0.35,37.3184899186055,352,0.11489324610772,1,1.01665602930503,"Noise (HM.RMSE) | Noise (HM.SE)","Noise (LM.RMSE)",1.52567014068933,"HM","SE | AICc",2,2,0.35,0.35,0.0186550626811159,2,0.5,1,0.05,0.037,20,"LGR2 Oct2022",0.696108725154671,0.145409445708273,FALSE,"wassmann | mad | 0.95",TRUE,"emission",0.845182452310904,FALSE,0.040212636137702,FALSE,FALSE,FALSE,0.441358092304393,0.634036144578314,FALSE,FALSE,NA,FALSE,"soil"
"44854_SRS5_Soil_61",1.08026667771827,440.789551386311,450.638030687777,0.0289512142160477,0.37529592642225,0.46964700473178,461.001720966031,0.00963539076645945,0.891945569108109,0.973510247871248,3.62221431173662e-271,1.41253185065338,440.313891981815,463.647411370465,0.0378559415362449,0.341024320399754,0.425592078298633,395.478244428105,0.0426530432724758,3.01961638972929,0.978246865149077,0.00162238455784167,440.15,450.438,0.0382785114611646,0.35,37.3133461573253,343,0.0827177549029934,1,1.3075769898197,"Noise (HM.RMSE) | Noise (HM.SE)","Noise (LM.RMSE) | Noise (LM.MAE)",1.41253185065338,"HM","SE",1,3,0.35,0.35,0.0188982236504614,2,0.5,1,0.05,0.038,20,"LGR2 Oct2022",0.696108725154671,0.149217514745137,FALSE,"wassmann | mad | 0.95",TRUE,"emission",0.870246907721995,FALSE,0.0289512142160477,FALSE,FALSE,FALSE,0.415149179459707,0.596385542168666,FALSE,FALSE,NA,FALSE,"soil"
"44854_SRS5_Soil_62",1.03733013143043,438.295619523937,444.933007348882,0.027805235741628,0.332438507043711,0.410505157187305,260.872847501196,0.014316623805836,1.38014151638438,0.95627555804506,1.17958332277818e-164,1.0538679114132,438.277987789834,648.727296558138,0.0282485245820187,0.332800091343234,0.410527742869583,262.967591748609,0.0578597853860246,5.49023124809227,0.956270843968882,0.000134229590714024,438.584,445.024,0.0544718724116392,0.35,37.3070072510627,241,0.0794435306903657,1,1.01594263916731,"Noise (HM.RMSE) | Noise (HM.SE)","Noise (LM.RMSE)",1.0538679114132,"HM","SE | AICc",2,2,0.35,0.35,0.0225454819240291,2,0.5,1,0.05,0.054,20,"LGR2 Oct2022",0.696108725154671,0.212343263126695,FALSE,"wassmann | mad | 0.95",TRUE,"emission",0.867150675397805,FALSE,0.027805235741628,FALSE,FALSE,FALSE,0.388940266615052,0.558734939759061,FALSE,FALSE,NA,FALSE,"soil"
"44854_SRS5_Soil_63",1.07400135127452,426.144499527098,435.421458066597,0.0287859353676301,0.320799254571295,0.405293832043063,341.341886523947,0.00901617181157359,0.839493525857681,0.977674328288585,5.84763615906984e-269,1.08223368015039,426.1329299382,1013.90253015859,0.0290065824707876,0.321880015983814,0.406594330661875,345.47448782496,0.036346646930049,3.35848417922071,0.977530949321341,4.93502597955244e-05,426.105,435.549,0.0403944546254543,0.35,37.3099340896262,325,0.0822455296218002,1,1.00766510104117,"Noise (HM.RMSE) | Noise (HM.SE)","Noise (LM.RMSE)",1.08223368015039,"HM","SE | AICc",2,2,0.35,0.35,0.019414506867883,2,0.5,1,0.05,0.04,20,"LGR2 Oct2022",0.696108725154671,0.15746556301286,FALSE,"wassmann | mad | 0.95",TRUE,"emission",0.842477697636899,FALSE,0.02878593536763,FALSE,TRUE,FALSE,0.441882270561304,0.634789156626531,FALSE,TRUE,"convex (accelerating) trace",FALSE,"soil"
"44854_SRS5_Soil_64",1.20308946406517,424.274918182466,432.709320714024,0.03224221613806,0.355483858478457,0.439943016843578,321.745737515577,0.013379133056291,1.11206468478942,0.968495881482357,5.86992651631149e-199,1.34098579393657,424.117932410447,466.955650216181,0.0359377711280736,0.351071709265081,0.434354554638627,317.057883869769,0.0572100928122491,4.26627135581388,0.969291172478434,0.000838928238218692,424.174,433.109,0.0497341420327551,0.35,37.314105795755,264,0.0921206175373142,1,1.11461851673562,"Noise (HM.RMSE) | Noise (HM.SE)","Noise (LM.RMSE) | Noise (LM.MAE)",1.34098579393657,"HM","SE",1,3,0.35,0.35,0.0215410109213832,2,0.5,1,0.05,0.05,20,"LGR2 Oct2022",0.696108725154671,0.193874202268538,FALSE,"wassmann | mad | 0.95",TRUE,"emission",0.838659801967669,FALSE,0.03224221613806,FALSE,FALSE,FALSE,0.39732711872536,0.57078313253016,FALSE,FALSE,NA,FALSE,"soil"
"44855_SRS6_Soil_65",1.34627855188203,416.318088392996,435.39029494104,0.036246337386164,0.686755683213918,0.855037301653753,1344.11367824164,0.00908200047187799,0.674600398200044,0.976490856081555,0,1.57735287458211,415.790568713458,485.2069029429,0.0424676337517322,0.660164328829503,0.822078740504929,1304.4767926993,0.0392972341369208,2.49134069935567,0.97826830876463,0.00061178156730899,413.879,435.344,0.024659112696559,0.35,37.1424714596388,530,0.103560963960468,1,1.17163931073331,"Noise (HM.RMSE) | Noise (HM.MAE) | Noise (HM.SE)","Noise (LM.RMSE) | Noise (LM.MAE) | Intercept (LM)",1.57735287458211,"HM","SE | Intercept (LM)",1,3,0.35,0.35,0.0152030284967074,2,0.5,1,0.05,0.025,20,"LGR3 Oct2022",1.04730815727329,0.144622851755168,FALSE,"wassmann | mad | 0.95",TRUE,"emission",0.81000670310153,FALSE,0.036246337386164,FALSE,FALSE,FALSE,0.816669724240265,0.779779779779903,FALSE,FALSE,NA,FALSE,"soil"
"44855_SRS6_Soil_66",1.52252568990472,419.602049850505,430.61226186355,0.0409976727714281,0.659046172313823,0.8080962424562,659.66840198025,0.0235146779906668,1.54445196863236,0.939479371558535,4.45993670832489e-166,1.86798551551418,419.204186130918,451.546584537317,0.0503000109716443,0.640442925465928,0.788874017868928,648.680495858806,0.106840598603762,5.7195624760695,0.942324341813041,0.00155523441210509,418.213,429.481,0.0482195168326757,0.35,37.1368808759747,271,0.117136207918366,1,1.22689917674301,"Noise (HM.RMSE) | Noise (HM.MAE) | Noise (HM.SE)","Noise (LM.RMSE) | Noise (LM.MAE) | Intercept (LM)",1.86798551551418,"HM","SE | Intercept (LM)",1,3,0.35,0.35,0.0212609858730775,2,0.5,1,0.05,0.048,20,"LGR3 Oct2022",1.04730815727329,0.282804980673948,FALSE,"wassmann | mad | 0.95",TRUE,"emission",0.818488817563105,FALSE,0.0409976727714281,FALSE,FALSE,FALSE,0.764776076807776,0.730230230230326,FALSE,FALSE,NA,FALSE,"soil"
"44855_SRS6_Soil_67",3.14174791828683,418.792330255828,435.284390594246,0.0845976617046104,0.56545308162081,0.708241266972657,429.267768927735,0.0332989587401165,1.05988639464983,0.978454133708496,1.11536458273822e-164,3.2188797484655,418.725519655864,766.210296335905,0.0866745859664623,0.567406435058183,0.707600900215861,430.995347888008,0.135216196955142,4.20072222392282,0.978493078118167,0.000249434196210187,419.575,435.404,0.0663349495050363,0.35,37.1375266760549,197,0.241707604870315,1,1.02455061073796,"Noise (HM.RMSE) | Noise (HM.MAE) | Noise (HM.SE)","Noise (LM.RMSE) | Noise (LM.MAE) | Noise (LM.SE)",3.2188797484655,"HM","SE | AICc",2,2,0.35,0.35,0.0249364674957684,2,0.5,1,0.05,0.066,20,"LGR3 Oct2022",1.04730815727329,0.389052327721273,FALSE,"wassmann | mad | 0.95",TRUE,"emission",0.821154401295607,FALSE,0.0845976617046104,FALSE,FALSE,FALSE,0.744857303045784,0.711211211211272,FALSE,FALSE,NA,FALSE,"soil"
"44855_SRS6_Soil_68",4.81999900590535,423.561489125272,443.700878043674,0.129785009786675,0.657775602191389,0.848444041173945,400.097302082898,0.0561438131943787,1.16480964260766,0.979270159742091,1.34980691409428e-132,4.94602009201611,423.474274460991,820.51230529056,0.133178298431377,0.657288968799816,0.847625927807197,401.900676218924,0.228150189489665,4.61280353183252,0.979310200725804,0.000335429576237608,423.012,443.031,0.083229817753981,0.35,37.1383337245794,157,0.370814313676215,1,1.02614545894229,"Noise (HM.RMSE) | Noise (HM.MAE) | Noise (HM.SE)","Noise (LM.RMSE) | Noise (LM.MAE) | Noise (LM.SE)",4.94602009201611,"HM","SE | AICc",2,2,0.35,0.35,0.0279330409563668,2,0.5,1,0.05,0.083,20,"LGR3 Oct2022",1.04730815727329,0.488143354368009,FALSE,"wassmann | mad | 0.95",TRUE,"emission",0.827880988144807,FALSE,0.129785009786675,FALSE,FALSE,FALSE,0.7951784157076,0.759259259259354,FALSE,FALSE,NA,FALSE,"soil"
"44855_SRS6_Soil_69",2.47058004681867,438.139501793119,450.248284971658,0.0665222725161024,0.684868940766127,0.87410498062198,478.786548841138,0.0455492680845065,1.84366696165784,0.941420288046462,2.70795570384727e-114,3.17074523645007,437.599049559179,467.94554786278,0.0853747600568013,0.66495789098223,0.841027739800625,466.6807701352,0.210777663192106,6.64757485934412,0.945769865307961,0.00281333151530932,438.015,450.774,0.0710210532181454,0.35,37.1391408226567,184,0.190063635760293,1,1.28340113510307,"Noise (HM.RMSE) | Noise (HM.MAE) | Noise (HM.SE)","Noise (LM.RMSE) | Noise (LM.MAE) | Noise (LM.SE)",3.17074523645007,"HM","SE",1,3,0.35,0.35,0.025802342327107,2,0.5,1,0.05,0.071,20,"LGR3 Oct2022",1.04730815727329,0.416536924430368,FALSE,"wassmann | mad | 0.95",TRUE,"emission",0.857243508510982,FALSE,0.0665222725161025,FALSE,FALSE,FALSE,0.836588498002168,0.798798798798873,FALSE,FALSE,NA,FALSE,"soil"
"44855_SRS6_Soil_70",3.60620630240421,423.415847612078,442.344289752423,0.097097316306573,0.551623732964505,0.703098976180442,426.396637678306,0.0330600047767377,0.916753008686637,0.983793060059525,9.75252532001165e-177,3.65802720265452,423.370240455091,1077.49515384903,0.098492597086694,0.553008364590813,0.704117487783502,429.05095544336,0.133614442757794,3.65263666330404,0.983746510401059,0.00015057154233075,422.421,441.457,0.0663409418017934,0.35,37.1401233275907,197,0.277420903733066,1,1.01436992115946,"Noise (HM.RMSE) | Noise (HM.MAE) | Noise (HM.SE)","Noise (LM.RMSE) | Noise (LM.MAE) | Noise (LM.SE)",3.65802720265452,"HM","SE | AICc",2,2,0.35,0.35,0.0249364674957684,2,0.5,1,0.05,0.066,20,"LGR3 Oct2022",1.04730815727329,0.389088465128113,FALSE,"wassmann | mad | 0.95",TRUE,"emission",0.826724336172774,FALSE,0.097097316306573,FALSE,FALSE,FALSE,0.760058472495696,0.725725725725785,FALSE,FALSE,NA,FALSE,"soil"
"44855_SRS6_Soil_71",7.87295415744595,438.257883742894,470.937886664874,0.211961440552883,0.659123487745056,0.821871624662242,387.661343100924,0.0549213543444535,0.697595251364583,0.992513201298463,8.19282904434356e-166,8.77665779419434,437.650348118245,603.41355960832,0.236291612029483,0.629447881853751,0.776221622566197,371.938755535333,0.224449795351969,2.55734928505974,0.993321796391358,0.00142547679853337,438.358,470.399,0.0837752931000036,0.35,37.1433319990184,156,0.605604115865381,1,1.11478583752373,"Noise (HM.RMSE) | Noise (HM.MAE) | Noise (HM.SE)","Noise (LM.RMSE) | Noise (LM.MAE) | Noise (LM.SE)",8.77665779419434,"HM","SE",1,3,0.35,0.35,0.0280224269158902,2,0.5,1,0.05,0.084,20,"LGR3 Oct2022",1.04730815727329,0.491345836778359,FALSE,"wassmann | mad | 0.95",TRUE,"emission",0.857914797218947,FALSE,0.211961440552883,FALSE,FALSE,FALSE,0.825056576350483,0.787787787787836,FALSE,FALSE,NA,FALSE,"soil"
"44855_SRS6_Soil_72",0.959472213258281,415.631408336397,419.690444875266,0.0258292228438777,0.647776612393143,0.77357556837511,375.736542640533,0.0502339623741567,5.23558282147293,0.697209360102384,8.57189160021672e-43,1.19339201751289,415.474460220754,426.795134431719,0.0321264002589178,0.645474894369433,0.770161915139907,376.435060644487,0.234835627070884,19.6779954637452,0.699875787773657,0.00283785220387332,415.743,418.882,0.0822096230891866,0.35,37.1467705032288,159,0.0737977795539364,1,1.24380049888077,"Noise (HM.RMSE) | Noise (HM.MAE) | Noise (HM.SE)","Noise (LM.RMSE) | Noise (LM.MAE) | Noise (LM.SE)",1.19339201751289,"HM","SE | AICc",2,2,0.35,0.35,0.027756805500135,2,0.5,1,0.05,0.082,20,"LGR3 Oct2022",1.04730815727329,0.482159714170554,FALSE,"wassmann | mad | 0.95",TRUE,"emission",0.813654756021783,FALSE,0.0258292228438777,FALSE,FALSE,FALSE,0.779977246257658,0.744744744744812,FALSE,FALSE,NA,FALSE,"soil"
"44855_SRS6_Soil_73",2.02402440256148,419.707932617424,431.088267134037,0.0544813390963102,0.633640176680838,0.781493604405464,500.864614999119,0.0331459139234448,1.63762422436692,0.94667100935482,3.19239398388913e-135,2.13262592708087,419.607708456993,533.71353885479,0.057404602509651,0.633106549225785,0.780166184464753,502.225442625635,0.137363152722691,6.44103360924214,0.946852021315566,0.000503082115169109,420.264,429.555,0.0619518975937689,0.35,37.1507829310782,211,0.1556609688466,1,1.05365623279144,"Noise (HM.RMSE) | Noise (HM.MAE) | Noise (HM.SE)","Noise (LM.RMSE) | Noise (LM.MAE) | Noise (LM.SE)",2.13262592708087,"HM","SE | AICc",2,2,0.35,0.35,0.024094993678753,2,0.5,1,0.05,0.062,20,"LGR3 Oct2022",1.04730815727329,0.363345254665431,FALSE,"wassmann | mad | 0.95",TRUE,"emission",0.822502850041344,FALSE,0.0544813390963102,FALSE,FALSE,FALSE,0.801468554790264,0.765265265265304,FALSE,FALSE,NA,FALSE,"soil"
"44855_SRS6_Soil_74",1.1211180412868,463.993279883348,468.135362274712,0.0301751492523055,0.610563859745524,0.782039064420056,332.296227327758,0.0622000537322886,5.54803789089829,0.7012202223184,5.66345402168022e-38,1.47487572336454,463.788760335171,473.446613260447,0.0396966184132094,0.612396207407912,0.776636304477696,332.489713778679,0.302318487445296,20.4978956976549,0.705334235212393,0.00411029436049057,463.883,468.455,0.0940477213188551,0.35,37.1536866947276,139,0.0862147121494444,1,1.31554008503127,"Noise (HM.RMSE) | Noise (HM.MAE) | Noise (HM.SE)","Noise (LM.RMSE) | Noise (LM.MAE) | Noise (LM.SE)",1.47487572336454,"HM","SE | AICc",2,2,0.35,0.35,0.029686612538799,2,0.5,1,0.05,0.094,20,"LGR3 Oct2022",1.04730815727329,0.551592707474834,FALSE,"wassmann | mad | 0.95",TRUE,"emission",0.907870028329166,FALSE,0.0301751492523055,FALSE,FALSE,FALSE,0.868039193415784,0.828828828828907,FALSE,FALSE,NA,FALSE,"soil"
"44857_CP40_Water_76",0.660462995366085,423.871113403298,455.893101608673,0.122403064847824,0.558437526626693,0.687558070556729,557.498308223461,0.00302342493232434,0.45777355484519,0.994518754035367,1.86212217430437e-298,0.703768477899252,423.526850449003,690.479885772532,0.130428834382173,0.537982347804645,0.668939738019428,545.065618964396,0.0123182022030502,1.75032025302128,0.994811587295103,0.000488583447736797,425.029,454.55,0.00719136493937178,0.35,5.39580439580654,264,0.349723042422356,1,1.06556837072933,"Noise (HM.RMSE) | Noise (HM.MAE)","Noise (LM.RMSE) | Noise (LM.MAE)",0.703768477899252,"HM","",0,4,0.35,0.35,0.0215410109213832,2,0.5,1,0.05,0.0072,20,"LGR2 Oct2022",0.696108725154671,0.0280334611390522,FALSE,"wassmann | mad | 0.95",TRUE,"emission",0.840350273638923,FALSE,0.122403064847824,NA,FALSE,FALSE,0.445551518359561,0.640060240963885,FALSE,FALSE,NA,FALSE,"water"
"44857_CP40_Water_77",0.544704189460576,423.448317903814,443.344739442977,0.10103142454692,0.424905685186506,0.543022519213966,327.840026890971,0.00365073044490465,0.670222575031044,0.991183888180367,1.41008414455718e-204,0.549706091192906,423.41846441352,1490.23004616331,0.101959174447213,0.428216943857473,0.546649772505066,332.572835179523,0.014771650586225,2.68719063202835,0.991065809851608,9.55737415973487e-05,423.146,443.588,0.00953353742885031,0.35,5.39143332783166,199,0.288661212991201,1,1.0091827854992,"Noise (HM.RMSE) | Noise (HM.MAE)","Noise (LM.RMSE) | Noise (LM.MAE)",0.544704189460576,"LM","RMSE | MAE | AICc",3,1,0.35,0.35,0.0248108421752918,2,0.5,1,0.05,0.0095,20,"LGR2 Oct2022",0.696108725154671,0.0371641637419537,FALSE,"wassmann | mad | 0.95",TRUE,"emission",0.836627281642466,FALSE,0.10103142454692,NA,TRUE,FALSE,0.579741152124275,0.832831325301174,FALSE,TRUE,"convex (accelerating) trace",FALSE,"water"
"44857_CP40_Water_78",0.567001997659157,423.554857453129,459.027803191799,0.105201654134858,0.502230444737982,0.632296691590544,659.239979685209,0.0018987588420824,0.334876922818852,0.996212722685915,0,0.621417188632811,422.999590842043,633.140836625086,0.115297858599968,0.45352221291594,0.582184719603705,605.13970966311,0.00748011417280919,1.20371858224043,0.996789247033151,0.000548668388113606,422.767,460.524,0.00557788175392283,0.35,5.38966808385274,340,0.300576154671022,1,1.09597001632852,"Noise (HM.RMSE) | Noise (HM.MAE)","Noise (LM.RMSE) | Noise (LM.MAE)",0.621417188632811,"HM","",0,4,0.35,0.35,0.0189814150591324,2,0.5,1,0.05,0.0056,20,"LGR2 Oct2022",0.696108725154671,0.0217436700101048,FALSE,"wassmann | mad | 0.95",TRUE,"emission",0.835877938059536,FALSE,0.105201654134858,NA,FALSE,FALSE,0.526274969921172,0.756024096385571,FALSE,FALSE,NA,FALSE,"water"
"44857_CP40_Water_79",0.607504063976152,421.211024550926,444.900811889615,0.112885918652397,0.424415988109285,0.518437826380387,329.204811016407,0.00316302122747305,0.520658447413648,0.99431247924842,6.19180031743963e-238,0.613341638714239,421.172223914637,1586.14746729642,0.113970652115245,0.429275773726283,0.524209069605779,335.97654774393,0.0128656150894655,2.0976262293941,0.994186457917169,9.78309648747575e-05,421.462,445.75,0.00893287993717577,0.35,5.38157523301733,212,0.322531196149707,1,1.00960911224179,"Noise (HM.RMSE) | Noise (HM.MAE)","Noise (LM.RMSE) | Noise (LM.MAE)",0.613341638714239,"HM","MAE | AICc",2,2,0.35,0.35,0.0240380986910206,2,0.5,1,0.05,0.0089,20,"LGR2 Oct2022",0.696108725154671,0.0348224176156831,FALSE,"wassmann | mad | 0.95",TRUE,"emission",0.833297744456044,FALSE,0.112885918652397,NA,TRUE,FALSE,0.519984830838478,0.7469879518073,FALSE,TRUE,"convex (accelerating) trace",FALSE,"water"
"44857_CP40_Water_80",0.609626820592759,425.075936616021,459.242937097335,0.113363992693419,0.42780713248047,0.534085084292588,487.456955937986,0.00189322976284437,0.31055552329596,0.997086210934696,0,0.652971064425233,424.678036961039,689.211408658819,0.121424131084884,0.405753431707506,0.504153242952475,454.444405234351,0.00751437839084901,1.15079806751673,0.997403655358045,0.000459012525737611,424.547,458.889,0.00622424500093188,0.35,5.37760541163567,304,0.323897121981198,1,1.07109963401927,"Noise (HM.RMSE) | Noise (HM.MAE)","Noise (LM.RMSE) | Noise (LM.MAE)",0.652971064425233,"HM","",0,4,0.35,0.35,0.0200738767136742,2,0.5,1,0.05,0.0062,20,"LGR2 Oct2022",0.696108725154671,0.0242633623687663,FALSE,"wassmann | mad | 0.95",TRUE,"emission",0.839397282591503,FALSE,0.113363992693419,NA,FALSE,FALSE,0.512646335241963,0.736445783132594,FALSE,FALSE,NA,FALSE,"water"
"44859_BL60_Soil_85",2.16328549878539,512.260430047902,526.651908307327,0.0873974643042639,0.615985292796347,0.814196491774155,74.9495589629384,0.0798610061958377,3.69165356309543,0.964462783763073,1.39027426541465e-20,2.37537097976422,512.039083347893,595.766342312033,0.095965789319019,0.607272547437814,0.806938081403782,77.1872212239553,0.335306414165601,14.1159598657252,0.965093574834758,0.00114617139634442,510.96679028,526.29356932,0.00373524426216341,0.025,24.7522684554574,28,3.49589857217056,1,1.09803859966607,"Noise (HM.RMSE) | Noise (HM.MAE) | Noise (HM.SE)","Noise (LM.RMSE) | Noise (LM.MAE) | Noise (LM.SE)",2.16328549878539,"LM","SE | AICc",2,2,0.025,0.025,0.00472455591261534,2,0.5,1,0.05,0.0037,20,"Picarro Oct2022",0.478926765694051,0.136027445169132,FALSE,"wassmann | mad | 0.95",TRUE,"emission",1.01585093027581,FALSE,0.0873974643042639,FALSE,FALSE,FALSE,0.318150003505068,0.664297813975821,FALSE,FALSE,NA,TRUE,"soil"
"44859_BL60_Water_81",2.19606629898431,495.148440679582,613.770388139734,0.407183598544539,3.13630697482795,3.68737532614785,638.14828482456,0.0220305485883912,1.00318230822905,0.988557959697165,9.8506974194073e-113,2.90048906133109,489.26768712032,761.000150050619,0.537794134028694,1.79859530986916,2.55957416774515,555.597189775783,0.074493183589567,2.56829734621997,0.994486794008524,0.00197913097400747,500.46249886,606.11774196,0.000461245553809298,0.025,5.39330736020326,116,16.2873439417816,1,1.32076570851826,"Noise (HM.RMSE) | Noise (HM.MAE) | Noise (HM.SE) | Intercept (HM)","Noise (LM.RMSE) | Noise (LM.MAE) | Noise (LM.SE)",2.90048906133109,"HM","SE | Intercept (HM)",1,3,0.025,0.025,0.00232119172721315,2,0.5,1,0.05,0.00046,20,"Picarro Oct2022",0.340578018582881,0.0122513885619702,FALSE,"wassmann | mad | 0.95",TRUE,"emission",0.994967392609794,FALSE,0.407183598544539,NA,FALSE,FALSE,0.606436512875014,1.78060966881642,TRUE,TRUE,"closure sigma = 0.61 ppm = 1.8x campaign sigma (disturbed closure?)",FALSE,"water"
"44859_BL60_Water_82",1.70458015306814,538.850231465289,635.686783712282,0.31653173021888,1.08408859632528,1.39338175780369,394.873537427421,0.00810714561223622,0.47560952752171,0.997517870989067,4.83643930353692e-144,1.88192955030722,537.237434973669,1067.52179615539,0.349464597271402,0.953648204261513,1.18954638245963,361.914706461551,0.0295389143680454,1.56960787204937,0.998190965410175,0.000659013583754631,534.9242585,634.9138035,0.000438632538280507,0.025,5.38517940014871,111,12.6612692087552,1,1.10404286176855,"Noise (HM.RMSE) | Noise (HM.MAE) | Noise (HM.SE)","Noise (LM.RMSE) | Noise (LM.MAE) | Noise (LM.SE)",1.88192955030722,"HM","SE",1,3,0.025,0.025,0.00237289498938125,2,0.5,1,0.05,0.00044,20,"Picarro Oct2022",0.44844606214481,0.0153328134607266,FALSE,"wassmann | mad | 0.95",TRUE,"emission",1.06348067224985,FALSE,0.31653173021888,NA,FALSE,FALSE,0.844291444257167,1.88270455585923,TRUE,TRUE,"closure sigma = 0.84 ppm = 1.9x campaign sigma (disturbed closure?)",FALSE,"water"
"44859_BL60_Water_83",2.20291335438999,447.780571264292,547.686540349161,0.40954636555606,0.99519232201639,1.20930164359999,196.296189149617,0.0120954028706917,0.549063940557981,0.998254466629799,1.59274451137999e-80,2.22387496645887,447.620841395429,5470.96474382745,0.413443364964548,1.02587715061494,1.2474102199781,202.261697874727,0.04968118037546,2.23399161934758,0.998143566124673,8.23044117613334e-05,450.14446242,549.57311227,0.000548996170856204,0.025,5.37891076483853,59,16.3818546222424,1,1.00951540469221,"Noise (HM.RMSE) | Noise (HM.MAE) | Noise (HM.SE)","Noise (LM.RMSE) | Noise (LM.MAE) | Noise (LM.SE)",2.20291335438999,"LM","RMSE | MAE | SE | AICc",4,0,0.025,0.025,0.0032547227745206,2,0.5,1,0.05,0.00055,20,"Picarro Oct2022",0.42518551570885,0.0180647878231719,FALSE,"wassmann | mad | 0.95",TRUE,"emission",0.894930315642002,FALSE,0.40954636555606,NA,TRUE,FALSE,1.29695165846539,3.05031947361417,TRUE,TRUE,"convex (accelerating) trace; closure sigma = 1.30 ppm = 3.1x campaign sigma (disturbed closure?)",FALSE,"water"
"44859_BL60_Water_84",1.41324606142991,460.262942656972,526.193895612679,0.263459298763248,0.852202931293343,1.00923551010135,152.180067287087,0.010571764585585,0.748048402476256,0.997209768296848,1.81310548259207e-64,1.45905879551824,459.905105344473,1535.92741830539,0.271999772447729,0.856992341412431,0.996608559433071,153.254780741465,0.0429572674090039,2.94417658431277,0.997279150945657,0.000252782650667588,457.97112983,524.78185357,0.000533748247509549,0.025,5.36419123585344,51,10.5383719505299,1,1.03241667204222,"Noise (HM.RMSE) | Noise (HM.MAE) | Noise (HM.SE)","Noise (LM.RMSE) | Noise (LM.MAE) | Noise (LM.SE)",1.41324606142991,"LM","MAE | SE | AICc",3,1,0.025,0.025,0.00350070021007002,2,0.5,1,0.05,0.00053,20,"Picarro Oct2022",0.894250905372317,0.0368447964311893,FALSE,"wassmann | mad | 0.95",TRUE,"emission",0.910490480256714,FALSE,0.263459298763248,NA,FALSE,FALSE,0.836973003720729,0.935948735072579,FALSE,FALSE,NA,FALSE,"water"
"44996_SRS6_Soil_89",1.29103166821645,452.233695492625,502.695918272946,0.104388256660085,1.67108528217169,1.93428561331522,2030.68069728882,0.00776794786727056,0.601685307843915,0.982709171374769,0,2.06730870221793,447.67022487992,529.223073056828,0.167155273348859,0.431201728535787,0.531757856573541,774.98281212265,0.0121560217002084,0.588011925222715,0.998693220137221,0.00204965586224846,447.02,500.062,0.00893595743533803,0.35,12.3675948763123,487,0.298252161885958,1,1.60128426986916,"Noise (HM.RMSE) | Noise (HM.MAE)","Noise (LM.RMSE) | Noise (LM.MAE)",2.06730870221793,"HM","",0,4,0.35,0.35,0.0158600139050305,2,0.5,1,0.05,0.0089,20,"LGR2 Mar2023",0.686673516530571,0.0343618010423115,FALSE,"wassmann | mad | 0.95",TRUE,"emission",0.897636830780939,FALSE,0.104388256660085,FALSE,FALSE,FALSE,0.469139539919781,0.683206106870287,FALSE,FALSE,NA,FALSE,"soil"
"44996_SRS6_Soil_90",0.518263803201772,450.0643050056,463.574377189093,0.0419239358625389,0.483598401001994,0.608518929813021,605.512095198799,0.00448542004454723,0.865470445135632,0.97630442491592,8.79247344473914e-265,0.744190106357696,449.158130085934,474.945953864641,0.0601998019073105,0.390715025665185,0.478803063833212,451.732207464979,0.018494880121288,2.48523595829672,0.985329905573429,0.00233442738029789,449.409,463.211,0.0133849161055726,0.35,12.3620025777414,325,0.119782673892968,1,1.43592915762239,"Noise (HM.RMSE) | Noise (HM.MAE)","Noise (LM.RMSE) | Noise (LM.MAE)",0.744190106357696,"HM","",0,4,0.35,0.35,0.019414506867883,2,0.5,1,0.05,0.013,20,"LGR2 Mar2023",0.686673516530571,0.0514698278705516,FALSE,"wassmann | mad | 0.95",TRUE,"emission",0.902434053251378,FALSE,0.0419239358625389,FALSE,FALSE,FALSE,0.4591801530388,0.668702290076389,FALSE,FALSE,NA,FALSE,"soil"
"44996_SRS6_Soil_91",0.510075755538679,432.328098707123,442.343990843987,0.0412725232921749,0.439240503188901,0.543381312844058,402.506920101426,0.00612442566566616,1.20068942684764,0.96601421436618,1.12726738503781e-180,0.589936063110601,432.075413703853,471.305739873607,0.0477343799254146,0.426988189411471,0.53177122687088,393.991013601811,0.0266855600303858,4.52346647358339,0.967451004830978,0.00121677244585892,432.129,443.029,0.0177511774412728,0.35,12.3587247604846,245,0.1179214951205,1,1.15656558208218,"Noise (HM.RMSE) | Noise (HM.MAE) | Noise (HM.SE)","Noise (LM.RMSE) | Noise (LM.MAE)",0.589936063110601,"HM","SE",1,3,0.35,0.35,0.0223606797749979,2,0.5,1,0.05,0.018,20,"LGR2 Mar2023",0.686673516530571,0.0682603016531642,FALSE,"wassmann | mad | 0.95",TRUE,"emission",0.867735014201907,FALSE,0.0412725232921749,FALSE,FALSE,FALSE,0.494824274507556,0.720610687022944,FALSE,FALSE,NA,FALSE,"soil"
"44996_SRS6_Soil_92",2.82647205830401,449.259042585986,511.378236040355,0.228779752325817,0.864342468644382,1.08668538274784,829.223612297523,0.0103477608341844,0.366101649714995,0.996354260532961,0,3.45159848536531,447.07024161845,632.97455623592,0.279378614159683,0.440169074772238,0.536485975233105,444.47927263526,0.0236948881630428,0.686490281633523,0.999111423700311,0.00150280866118978,447.274,509.219,0.0158668384796856,0.35,12.3545551106231,274,0.65365643521662,1,1.22116844397054,"Noise (HM.RMSE) | Noise (HM.MAE)","Noise (LM.RMSE) | Noise (LM.MAE)",3.45159848536531,"HM","",0,4,0.35,0.35,0.0211442732665562,2,0.5,1,0.05,0.016,20,"LGR2 Mar2023",0.686673516530571,0.0610141136635396,FALSE,"wassmann | mad | 0.95",TRUE,"emission",0.898146874526227,FALSE,0.228779752325817,FALSE,FALSE,FALSE,0.458131796525008,0.66717557251913,FALSE,FALSE,NA,FALSE,"soil"
"44996_SRS6_Soil_93",1.26638366586929,501.710285038604,520.577711962342,0.102545379424773,0.433121952640978,0.542965728623697,306.793226244178,0.00925718783690355,0.730993938598309,0.990210734043724,5.05237006768733e-187,1.50035724360562,501.152096343167,565.935506644793,0.121491382876163,0.385995681646554,0.483315252490162,265.590084160859,0.0373316796528893,2.48818605115505,0.992243491142433,0.00187534713455978,501.012,520.047,0.0233650463991642,0.35,12.3494951500794,186,0.292986798356495,1,1.1847572612015,"Noise (HM.RMSE) | Noise (HM.MAE) | Noise (HM.SE)","Noise (LM.RMSE) | Noise (LM.MAE)",1.50035724360562,"HM","SE",1,3,0.35,0.35,0.0256632451287368,2,0.5,1,0.05,0.023,20,"LGR2 Mar2023",0.686673516530571,0.0898485511073691,FALSE,"wassmann | mad | 0.95",TRUE,"emission",1.00605526344061,FALSE,0.102545379424773,FALSE,FALSE,FALSE,0.458131796524889,0.667175572518956,FALSE,FALSE,NA,FALSE,"soil"
"44996_SRS6_Soil_94",1.92038445037825,443.741084828484,478.088013675114,0.155540540857381,0.493193361546069,0.631519179489575,433.962547866658,0.00819106695142967,0.426532663801579,0.995977325057801,6.49171727074128e-267,2.24091374487586,442.819542218647,570.59306933207,0.181501644540017,0.386895992093291,0.483574493728987,316.988814806583,0.0281062778662036,1.25423291862403,0.997641322184766,0.00142049490720328,442.706,476.801,0.0194807667266899,0.35,12.3465203334936,223,0.444401545306803,1,1.16690891994802,"Noise (HM.RMSE) | Noise (HM.MAE) | Noise (HM.SE)","Noise (LM.RMSE) | Noise (LM.MAE)",2.24091374487586,"HM","SE",1,3,0.35,0.35,0.0234377335563849,2,0.5,1,0.05,0.019,20,"LGR2 Mar2023",0.686673516530571,0.0749111009889408,FALSE,"wassmann | mad | 0.95",TRUE,"emission",0.888974119296019,FALSE,0.155540540857381,FALSE,FALSE,FALSE,0.460228509552592,0.670229007633648,FALSE,FALSE,NA,FALSE,"soil"
"44996_SRS6_Soil_95",2.51487369918106,452.101276537915,490.610159904783,0.203746393607335,0.434997008135509,0.548316764003504,318.618251123665,0.0089767849274239,0.356947743751389,0.997584993436331,1.70945438467172e-249,2.67121205503124,451.70918950466,788.726652193852,0.216412388005919,0.407286494880551,0.519312043527886,299.943944885357,0.0354977753749531,1.32890143663783,0.997833732637679,0.000642139983723933,451.893,490.347,0.0227369155792159,0.35,12.3431568758355,191,0.582132553163814,1,1.06216549002087,"Noise (HM.RMSE) | Noise (HM.MAE) | Noise (HM.SE)","Noise (LM.RMSE) | Noise (LM.MAE)",2.67121205503124,"HM","SE",1,3,0.35,0.35,0.0253251111852348,2,0.5,1,0.05,0.023,20,"LGR2 Mar2023",0.686673516530571,0.087432585824919,FALSE,"wassmann | mad | 0.95",TRUE,"emission",0.90742204011474,FALSE,0.203746393607335,FALSE,FALSE,FALSE,0.50635619615918,0.737404580152665,FALSE,FALSE,NA,FALSE,"soil"
"44996_SRS6_Soil_96",0.789584127921583,489.003755290778,504.785861818854,0.0639806483903539,0.896675882191692,1.10742421317518,763.543670166533,0.0121633771005514,1.54047892687116,0.944406355487888,3.24575320642237e-157,1.24453843167133,487.636830575678,513.628447079453,0.100845968135968,0.772925319576621,0.964094164513694,696.585302522744,0.0595155067021447,4.78213490138825,0.957865676605482,0.00387994213908634,487.821,505.678,0.0174399169772954,0.35,12.340983528398,249,0.182801852543868,1,1.57619484442693,"Noise (HM.RMSE) | Noise (HM.MAE) | Noise (HM.SE)","Noise (LM.RMSE) | Noise (LM.MAE)",1.24453843167133,"HM","SE",1,3,0.35,0.35,0.0221803487683567,2,0.5,1,0.05,0.017,20,"LGR2 Mar2023",0.686673516530571,0.067063084613883,FALSE,"wassmann | mad | 0.95",TRUE,"emission",0.979567125471765,FALSE,0.0639806483903539,FALSE,FALSE,FALSE,0.519460652581538,0.756488549618341,FALSE,FALSE,NA,FALSE,"soil"
"44996_SRS6_Soil_97",0.46939005724538,437.130890222018,449.959198738178,0.0380471173521298,0.360016288112555,0.447844755722472,424.699760012352,0.00307863619599198,0.655880146686316,0.985625939677003,1.13338935635117e-313,0.47722046827243,437.095146525916,826.572338622714,0.0386818230998612,0.359983513812833,0.44771811944536,426.555424826309,0.012450357959519,2.60893209475908,0.985634170963291,9.93172999209861e-05,436.946,450.081,0.0127686910509429,0.35,12.3370728168741,340,0.108706049577514,1,1.0166820981957,"Noise (HM.RMSE) | Noise (HM.MAE)","Noise (LM.RMSE) | Noise (LM.MAE)",0.47722046827243,"HM","AICc",1,3,0.35,0.35,0.0189814150591324,2,0.5,1,0.05,0.013,20,"LGR2 Mar2023",0.686673516530571,0.0491003320618243,FALSE,"wassmann | mad | 0.95",TRUE,"emission",0.877407772946196,FALSE,0.0380471173521299,FALSE,FALSE,FALSE,0.434019596707877,0.632061068702297,FALSE,FALSE,NA,FALSE,"soil"
"44996_SRS6_Soil_98",0.444246887923049,447.049016518891,459.409314448321,0.0360217813657735,0.421600396109956,0.522810958008677,539.189187059363,0.003499447582767,0.787725851975617,0.97903974634413,5.02662427586677e-291,0.448489940147212,447.028820548895,1059.83745699994,0.0363658294698737,0.423051476883849,0.524210043639778,543.085689820628,0.014125360009135,3.14953775875074,0.978928640242118,5.93428801533856e-05,447.038,459.408,0.0125429493914753,0.35,12.3327295619299,346,0.102919375330781,1,1.00955111299485,"Noise (HM.RMSE) | Noise (HM.MAE)","Noise (LM.RMSE) | Noise (LM.MAE)",0.448489940147212,"HM","AICc",1,3,0.35,0.35,0.0188161165699665,2,0.5,1,0.05,0.013,20,"LGR2 Mar2023",0.686673516530571,0.0482321170427306,FALSE,"wassmann | mad | 0.95",TRUE,"emission",0.897672975613283,FALSE,0.0360217813657735,FALSE,TRUE,FALSE,0.526274969921172,0.766412213740505,FALSE,TRUE,"convex (accelerating) trace",FALSE,"soil"
"44996_SRS6_Water_86",1.40776036725895,440.439732619868,598.444913952367,0.26388733605287,1.4206947823735,1.70188748350826,2358.55586882289,0.0021389606906362,0.151940681126076,0.99861215003305,0,1.5696104234959,437.483160432421,1237.98325050416,0.294226434363711,0.898067901359042,1.090514920761,1823.80664748466,0.0059440126732653,0.378693501539479,0.99943017164652,0.000367553280771451,437.524,596.316,0.00311315491198398,0.35,5.33470225709092,603,0.753963817293913,1,1.11496989118403,"Noise (HM.RMSE) | Noise (HM.MAE)","Noise (LM.RMSE) | Noise (LM.MAE)",1.5696104234959,"HM","",0,4,0.35,0.35,0.0142531018415689,2,0.5,1,0.05,0.0031,20,"LGR2 Mar2023",0.686673516530571,0.0119711176003461,FALSE,"wassmann | mad | 0.95",TRUE,"emission",0.87856842367366,FALSE,0.263887336052869,NA,FALSE,FALSE,0.526799148178113,0.767175572519199,FALSE,FALSE,NA,FALSE,"water"
"44996_SRS6_Water_87",1.42098584507529,441.221960135994,592.844851046917,0.266507695959277,1.5476033177264,1.81030361598843,2312.29052109293,0.00245523230967054,0.172783727450884,0.998295244576297,0,1.65242894028038,437.23808829281,1012.49128586715,0.309915141756545,0.407231071722676,0.518972333761527,882.507190740765,0.00315019182665874,0.190640078363928,0.999859896928727,0.000538745622038015,436.902,588.954,0.00327438945929051,0.35,5.33187546408575,573,0.761450559883648,1,1.16287501807791,"Noise (HM.RMSE) | Noise (HM.MAE)","Noise (LM.RMSE) | Noise (LM.MAE)",1.65242894028038,"HM","",0,4,0.35,0.35,0.0146214597600525,2,0.5,1,0.05,0.0033,20,"LGR2 Mar2023",0.686673516530571,0.012591123635652,FALSE,"wassmann | mad | 0.95",TRUE,"emission",0.877319418911579,FALSE,0.266507695959277,NA,FALSE,FALSE,0.469139539919781,0.683206106870287,FALSE,FALSE,NA,FALSE,"water"
"44996_SRS6_Water_88",1.3776567338737,437.350201375678,562.559076525693,0.25850908470046,0.7494050209323,0.981969757622635,1373.17550179211,0.00169420308705018,0.122977157182429,0.999264032229296,0,1.4883007716316,435.703694239847,1304.34833907419,0.279270779704072,0.511634660644416,0.657159895712412,983.214776527693,0.00480113257414207,0.322591553109166,0.999670386739828,0.000321501757208589,434.97,559.367,0.00384306933468677,0.35,5.32923914635348,488,0.738597384858458,1,1.08031321231,"Noise (HM.RMSE) | Noise (HM.MAE)","Noise (LM.RMSE) | Noise (LM.MAE)",1.4883007716316,"HM","",0,4,0.35,0.35,0.0158437555574407,2,0.5,1,0.05,0.0038,20,"LGR2 Mar2023",0.686673516530571,0.0147779107256391,FALSE,"wassmann | mad | 0.95",TRUE,"emission",0.873439873573409,FALSE,0.25850908470046,NA,FALSE,FALSE,0.48748577891101,0.709923664122129,FALSE,FALSE,NA,FALSE,"water"
"44997_SRS5_Soil_100",1.25384804643058,454.782052329024,469.626291745077,0.100815937289199,0.706519184722317,0.900451358649646,397.761178871587,0.0215860400262981,1.72158341576945,0.957966371630618,2.78378134857804e-103,2.00801800535797,453.447654313346,477.407415649182,0.161455144329532,0.567926277723889,0.717473086277028,332.179547617549,0.0976341001232003,4.86221238368801,0.973313747318605,0.00673859568409159,452.615,469.337,0.0293640141086901,0.35,12.4370023246802,149,0.288045535111996,1,1.60148433542194,"Noise (HM.RMSE) | Noise (HM.MAE) | Noise (HM.SE)","Noise (LM.RMSE) | Noise (LM.MAE) | Intercept (LM)",2.00801800535797,"HM","SE | Intercept (LM)",1,3,0.35,0.35,0.0286731172181664,2,0.5,1,0.05,0.029,20,"LGR3 Mar2023",0.897393175801846,0.147568234527278,FALSE,"wassmann | mad | 0.95",TRUE,"emission",0.942802567937443,FALSE,0.100815937289199,FALSE,FALSE,FALSE,0.820338972038493,0.914135514018699,FALSE,FALSE,NA,FALSE,"soil"
"44997_SRS5_Soil_101",0.714474297070399,440.655073190849,455.176847124128,0.0574787407619433,0.62856115481095,0.767075435574614,594.517502662006,0.00818704077628065,1.14588317730259,0.967720891588295,7.39341196800322e-191,0.721217646722857,440.631931183436,1181.32730135541,0.058021236479606,0.629380513888282,0.768190452506911,597.322680247642,0.0329861756368285,4.5736783877536,0.967627606372978,7.83334671933145e-05,441.858,455.433,0.0171521825957434,0.35,12.4302357288845,255,0.164224973605552,1,1.0094381976792,"Noise (HM.RMSE) | Noise (HM.MAE) | Noise (HM.SE)","Noise (LM.RMSE) | Noise (LM.MAE)",0.721217646722857,"HM","SE | AICc",2,2,0.35,0.35,0.0219178501879802,2,0.5,1,0.05,0.017,20,"LGR3 Mar2023",0.897393175801846,0.08619672433455,FALSE,"wassmann | mad | 0.95",TRUE,"emission",0.920395605677458,FALSE,0.0574787407619433,FALSE,FALSE,FALSE,0.794130059193778,0.884929906542024,FALSE,FALSE,NA,FALSE,"soil"
"44997_SRS5_Soil_102",0.709780226401864,437.754373657408,450.779052188486,0.0571882386256171,0.752640298302987,0.916074039018541,618.495199046676,0.0114030001653255,1.60655365437996,0.944179631470288,4.49259561250622e-145,0.712105799567324,437.74686736555,1997.50766214819,0.0573756141373327,0.753718040914701,0.917889812973792,621.477657549135,0.0457672783680157,6.42703351044521,0.943960030063114,3.67848803029622e-05,438.561,451.726,0.0189898799318135,0.35,12.4112972083026,230,0.163394967501763,1,1.00327646936186,"Noise (HM.RMSE) | Noise (HM.MAE) | Noise (HM.SE)","Noise (LM.RMSE) | Noise (LM.MAE)",0.712105799567324,"HM","SE | AICc",2,2,0.35,0.35,0.0230783165688525,2,0.5,1,0.05,0.019,20,"LGR3 Mar2023",0.897393175801846,0.0954321089016659,FALSE,"wassmann | mad | 0.95",TRUE,"emission",0.913527914446523,FALSE,0.0571882386256172,FALSE,TRUE,FALSE,0.700302151209899,0.780373831775754,FALSE,TRUE,"convex (accelerating) trace",FALSE,"soil"
"44997_SRS5_Soil_103",0.654247690616516,438.851180493195,453.073932886211,0.0527675427115913,0.588836279597161,0.759261994439646,628.169956978188,0.00733602972664645,1.12129241445751,0.967045948976485,2.47738912934814e-202,0.662524881134822,438.820723615863,985.056293065477,0.0534351293312629,0.589534513336647,0.760309281772537,630.980066339676,0.0296299905312501,4.4722834379439,0.966955953389009,9.78243313321835e-05,438.4,454.552,0.0160405150037787,0.35,12.3986764779327,272,0.150764407747404,1,1.01265146310338,"Noise (HM.RMSE) | Noise (HM.MAE) | Noise (HM.SE)","Noise (LM.RMSE) | Noise (LM.MAE)",0.662524881134822,"HM","SE | AICc",2,2,0.35,0.35,0.0212218671906791,2,0.5,1,0.05,0.016,20,"LGR3 Mar2023",0.897393175801846,0.0806103392291025,FALSE,"wassmann | mad | 0.95",TRUE,"emission",0.913192549481955,FALSE,0.0527675427115913,FALSE,FALSE,FALSE,0.734897916164833,0.818925233644863,FALSE,FALSE,NA,FALSE,"soil"
"44997_SRS5_Soil_104",0.86851719070118,455.927451465415,465.620475614667,0.0701133046343426,0.628461443084624,0.782602820661173,334.842869687194,0.0205305957238847,2.36386751393023,0.927889260883164,6.80358023813754e-81,0.939298645923279,455.798769169339,522.17531991073,0.0758273213349706,0.628564238103294,0.78036623353739,336.1613425848,0.086564623535636,9.21587866769974,0.92830083999811,0.00114238116455314,455.861,464.366,0.0311355871185042,0.35,12.3873378274024,140,0.200323727526693,1,1.08149689606599,"Noise (HM.RMSE) | Noise (HM.MAE) | Noise (HM.SE)","Noise (LM.RMSE) | Noise (LM.MAE)",0.939298645923279,"HM","SE | AICc",2,2,0.35,0.35,0.0295803989154981,2,0.5,1,0.05,0.031,20,"LGR3 Mar2023",0.897393175801846,0.156471578493276,FALSE,"wassmann | mad | 0.95",TRUE,"emission",0.949564025546062,FALSE,0.0701133046343425,FALSE,FALSE,FALSE,0.748526550844101,0.834112149532753,FALSE,FALSE,NA,FALSE,"soil"
"44997_SRS5_Soil_105",1.04781835632033,439.014532114876,458.881655725057,0.0846439650438887,0.712221951498124,0.876400922924809,616.14428201586,0.0104004292279269,0.992579407031055,0.977275093045901,2.47276997305647e-195,1.05372621022584,438.995219221064,1986.79301570633,0.0851212082382326,0.715823236435203,0.880066919150728,620.192304153993,0.0418960639578221,3.97599144362582,0.97708625220365,5.49950442050801e-05,439.146,458.935,0.0183811496063892,0.35,12.3791265659286,237,0.241839900125396,1,1.00563824242043,"Noise (HM.RMSE) | Noise (HM.MAE) | Noise (HM.SE)","Noise (LM.RMSE) | Noise (LM.MAE)",1.04781835632033,"LM","MAE | SE | AICc",3,1,0.35,0.35,0.0227349430861571,2,0.5,1,0.05,0.018,20,"LGR3 Mar2023",0.897393175801846,0.0923729241364767,FALSE,"wassmann | mad | 0.95",TRUE,"emission",0.91474647658486,FALSE,0.0846439650438886,FALSE,TRUE,FALSE,0.786791563597263,0.876752336448561,FALSE,TRUE,"convex (accelerating) trace",FALSE,"soil"
"44997_SRS5_Soil_106",0.709022219783356,438.640676800206,452.717205534622,0.0573031904292734,0.752627200870237,0.932588004586516,675.275161640612,0.0103330543859018,1.45736679297005,0.950144117005171,2.08646204131969e-162,0.877799238699343,438.10826762646,478.026200500838,0.0709437525797559,0.713519226097596,0.902783530739137,661.230973114695,0.0468649081922282,5.33890964198933,0.953279872657233,0.00177724013923808,439.39,452.384,0.0175577138771511,0.35,12.3731717984964,248,0.163723401226495,1,1.23804193184179,"Noise (HM.RMSE) | Noise (HM.MAE) | Noise (HM.SE)","Noise (LM.RMSE) | Noise (LM.MAE)",0.877799238699343,"HM","SE",1,3,0.35,0.35,0.0222250222250333,2,0.5,1,0.05,0.018,20,"LGR3 Mar2023",0.897393175801846,0.0882347340226379,FALSE,"wassmann | mad | 0.95",TRUE,"emission",0.915254731562217,FALSE,0.0573031904292734,FALSE,FALSE,FALSE,0.930940584242987,1.03738317757004,FALSE,FALSE,NA,FALSE,"soil"
"44997_SRS5_Soil_107",0.978200666513679,437.987594056429,450.419002725328,0.0791063753197456,0.743693607449696,0.923372942072873,432.025673424569,0.019962591961823,2.04074610099889,0.938236981593665,4.70547143414316e-97,1.14905816351388,437.639802885492,482.235658499595,0.0929234966390976,0.735260313816513,0.910946341269234,429.821925389537,0.0886185236895899,7.71227484417234,0.939888188523748,0.00208368009447295,439.163,450.61,0.0273665977835198,0.35,12.3656363037722,159,0.226018215199273,1,1.17466507931255,"Noise (HM.RMSE) | Noise (HM.MAE) | Noise (HM.SE)","Noise (LM.RMSE) | Noise (LM.MAE)",1.14905816351388,"HM","SE | Intercept",1,3,0.35,0.35,0.027756805500135,2,0.5,1,0.05,0.027,20,"LGR3 Mar2023",0.897393175801846,0.137530405159612,FALSE,"wassmann | mad | 0.95",TRUE,"emission",0.914781887792299,FALSE,0.0791063753197456,FALSE,FALSE,FALSE,0.81876643726779,0.912383177570076,FALSE,FALSE,NA,FALSE,"soil"
"44997_SRS5_Soil_108",0.980407655901731,443.07020799488,459.087632946737,0.079336993473135,0.561056302699527,0.720318190823451,451.197530525999,0.0106930152496164,1.09067031303234,0.976418540844566,1.46844781166947e-166,0.996885005022841,443.025367152039,925.13942314509,0.0806703810000548,0.561460186002751,0.720358914826965,453.301601640498,0.0432278247230521,4.33628999385557,0.976415996129696,0.000167326341137039,442.373,459.263,0.0213174973159836,0.35,12.3575095675098,204,0.226677124208957,1,1.01680663040718,"Noise (HM.RMSE) | Noise (HM.MAE) | Noise (HM.SE)","Noise (LM.RMSE) | Noise (LM.MAE)",0.996885005022841,"HM","SE | AICc",2,2,0.35,0.35,0.0245049014704902,2,0.5,1,0.05,0.021,20,"LGR3 Mar2023",0.897393175801846,0.107129660671897,FALSE,"wassmann | mad | 0.95",TRUE,"emission",0.921468356961635,FALSE,0.0793369934731349,FALSE,FALSE,FALSE,0.726511064054495,0.809579439252296,FALSE,FALSE,NA,FALSE,"soil"
"44997_SRS5_Soil_109",0.816445498610155,432.546358041252,449.248463711363,0.0661113446837875,0.561145895927487,0.730828681135158,569.830402858092,0.00774996760933177,0.949232694959386,0.977623615240141,5.45145241332542e-211,0.895863046334367,432.281679904881,530.06552629428,0.0725421485530898,0.547500274038919,0.721318401280013,565.214591385826,0.0327434071058812,3.65495677490644,0.978202194230262,0.000741862293534762,432.327,448.776,0.0170415211266306,0.35,12.3495521459326,255,0.188889556239393,1,1.09727231990305,"Noise (HM.RMSE) | Noise (HM.MAE) | Noise (HM.SE)","Noise (LM.RMSE) | Noise (LM.MAE)",0.895863046334367,"HM","SE",1,3,0.35,0.35,0.0219178501879802,2,0.5,1,0.05,0.017,20,"LGR3 Mar2023",0.897393175801846,0.0856409429479389,FALSE,"wassmann | mad | 0.95",TRUE,"emission",0.900542416377475,FALSE,0.0661113446837875,FALSE,FALSE,FALSE,0.706592290292593,0.787383177570113,FALSE,FALSE,NA,FALSE,"soil"
"44997_SRS5_Soil_110",2.76475438133796,448.981640518307,480.626136279911,0.22404610400455,1.38645277460115,1.73612282732135,569.762231272004,0.0439460566365851,1.58951033528403,0.965357213539128,4.57484323623939e-105,5.07148028447008,445.15414073612,489.862480912088,0.410975169056985,0.642754185342496,0.798341059748949,349.693532983476,0.127020086555574,2.50459588583111,0.992674641995268,0.0091923602495514,443.816,477.825,0.0303642393664876,0.35,12.3401136280496,143,0.640131725727285,1,1.83433303106506,"Noise (HM.RMSE) | Noise (HM.MAE) | Noise (HM.SE)","Noise (LM.RMSE) | Noise (LM.MAE) | Noise (LM.SE) | Intercept (LM)",5.07148028447008,"HM","SE | Intercept (LM)",1,3,0.35,0.35,0.0292684703502482,2,0.5,1,0.05,0.03,20,"LGR3 Mar2023",0.897393175801846,0.152596135362839,FALSE,"wassmann | mad | 0.95",TRUE,"emission",0.924474143569533,FALSE,0.22404610400455,FALSE,FALSE,FALSE,0.900538245343163,1.00350467289715,FALSE,FALSE,NA,FALSE,"soil"
"44997_SRS5_Soil_111",0.883703347838707,438.898171836408,452.43672857952,0.071643947404678,0.558664809000621,0.708010477487204,416.259642215672,0.0115838365708923,1.31082863940972,0.968379718415942,6.31230114966162e-144,0.892369653354641,438.875742308877,1100.97358159448,0.0723465455538137,0.559110278851399,0.709184770264595,418.979406863012,0.0466680261806893,5.22967427290389,0.968275540554147,0.000109268662818588,440.535,453.078,0.0227253204252208,0.35,12.3346546337982,191,0.204696992584794,1,1.00980680398816,"Noise (HM.RMSE) | Noise (HM.MAE) | Noise (HM.SE)","Noise (LM.RMSE) | Noise (LM.MAE)",0.892369653354641,"HM","SE | AICc | Intercept",2,2,0.35,0.35,0.0253251111852348,2,0.5,1,0.05,0.023,20,"LGR3 Mar2023",0.897393175801846,0.114204773227363,FALSE,"wassmann | mad | 0.95",TRUE,"emission",0.917639780533834,FALSE,0.071643947404678,FALSE,FALSE,FALSE,0.674617416622006,0.751752336448532,FALSE,FALSE,NA,FALSE,"soil"
"44997_SRS5_Soil_112",0.923070946714454,436.864073602329,452.501075263652,0.0748740766014572,0.72312049092616,1.12004166957312,652.748408448721,0.0157670839613813,1.70811182146964,0.942250908296317,1.31496731967474e-131,1.20434471575002,436.117504753565,473.380739367891,0.0976893475226257,0.717400776120117,1.07655251221318,638.114566601521,0.0738258190399117,6.12995748430179,0.946648426229245,0.00262160138629154,435.475,452.355,0.0205624609524007,0.35,12.3283115947835,211,0.213925933147021,1,1.30471522263454,"Noise (HM.RMSE) | Noise (HM.MAE) | Noise (HM.SE)","Noise (LM.RMSE) | Noise (LM.MAE)",1.20434471575002,"HM","SE",1,3,0.35,0.35,0.024094993678753,2,0.5,1,0.05,0.021,20,"LGR3 Mar2023",0.897393175801846,0.10333519141278,FALSE,"wassmann | mad | 0.95",TRUE,"emission",0.90709973879027,FALSE,0.0748740766014572,FALSE,FALSE,FALSE,0.768445324606004,0.856308411214935,FALSE,FALSE,NA,FALSE,"soil"
"44997_SRS5_Soil_113",0.731919682969133,448.31425840506,462.495849405102,0.0594067987531096,1.57474578811941,1.98519653894931,1020.54567689545,0.0228631920012097,3.12372962952192,0.810101501068066,2.10869953760255e-88,0.82286635858804,448.028582745722,515.292088911138,0.0667885524912238,1.56665751233523,1.98098278237075,1021.58972730469,0.0994400428070598,12.0845920809899,0.810906798478526,0.000992938909948823,450.18,463.254,0.0179883385039826,0.35,12.3204700191124,241,0.16973371072317,1,1.12425772627123,"Noise (HM.RMSE) | Noise (HM.MAE) | Noise (HM.SE)","Noise (LM.RMSE) | Noise (LM.MAE)",0.82286635858804,"HM","SE | AICc | Intercept",2,2,0.35,0.35,0.0225454819240291,2,0.5,1,0.05,0.018,20,"LGR3 Mar2023",0.897393175801846,0.0903988528742708,FALSE,"wassmann | mad | 0.95",TRUE,"emission",0.937730433224878,FALSE,0.0594067987531096,FALSE,FALSE,FALSE,0.743284768275111,0.828271028037365,FALSE,FALSE,NA,FALSE,"soil"
"44997_SRS5_Soil_114",0.876616473953885,445.588909417145,458.623064632648,0.0712213891722261,0.646546527030778,0.808389754519024,452.436796066278,0.0138475942669444,1.57966393267586,0.956090877549114,2.27464972817729e-126,0.965562633067466,445.374026248812,518.90745657021,0.0784478892458903,0.641386012513008,0.802833409657292,451.974502298612,0.0589945826889089,6.10986596503749,0.956692408594149,0.0010668329887918,445.203,459.758,0.0234114421232589,0.35,12.3083315860923,185,0.203489683349217,1,1.10146530638695,"Noise (HM.RMSE) | Noise (HM.MAE) | Noise (HM.SE)","Noise (LM.RMSE) | Noise (LM.MAE)",0.965562633067466,"HM","SE",1,3,0.35,0.35,0.0257325117732833,2,0.5,1,0.05,0.023,20,"LGR3 Mar2023",0.897393175801846,0.117653577358826,FALSE,"wassmann | mad | 0.95",TRUE,"emission",0.927363281494103,FALSE,0.0712213891722261,FALSE,FALSE,FALSE,0.802516911304086,0.894275700934559,FALSE,FALSE,NA,FALSE,"soil"
"44997_SRS5_Soil_99",0.458626690482197,431.835246032969,442.278471406968,0.0368426218201349,0.572244546503564,0.728118990004558,636.227611873501,0.00654993011012072,1.42816156278087,0.945052961231133,3.48627757099858e-181,0.460988542402835,431.825936577185,1307.19777071018,0.0370323552545666,0.573072674126462,0.729406877846449,639.295707024376,0.0263238615407904,5.7103071160036,0.944860125628287,4.23047141918209e-05,432.858,443.643,0.0153166316986492,0.35,12.4482642066356,286,0.105264633771814,1,1.00514983530103,"Noise (HM.RMSE) | Noise (HM.MAE) | Noise (HM.SE)","Noise (LM.RMSE) | Noise (LM.MAE)",0.460988542402835,"HM","SE | AICc",2,2,0.35,0.35,0.0206959338596179,2,0.5,1,0.05,0.015,20,"LGR3 Mar2023",0.897393175801846,0.0769721668951452,FALSE,"wassmann | mad | 0.95",TRUE,"emission",0.901648495856889,FALSE,0.0368426218201349,FALSE,TRUE,FALSE,0.626917195244685,0.698598130841052,FALSE,TRUE,"convex (accelerating) trace",FALSE,"soil"
"44997_SRS5_Water_115",0.784641297571868,470.256045191056,552.008350275174,0.14730490099012,2.23007992822427,2.73216278958102,2716.11108561697,0.00384203772360961,0.489655303066393,0.986797579916524,0,1.17010608315205,464.12327673521,610.189311230339,0.219670263673399,0.888113672972248,1.13527234286872,1736.28901757707,0.00861539427359041,0.736291725822166,0.997720495160446,0.00150391064173598,460.09,549.119,0.00335318390649345,0.35,5.32664760166056,559,0.420871145686056,1,1.49126242369989,"Noise (HM.RMSE) | Noise (HM.MAE)","Noise (LM.RMSE) | Noise (LM.MAE) | Intercept (LM)",1.17010608315205,"HM","Intercept (LM)",0,4,0.35,0.35,0.0148034227053235,2,0.5,1,0.05,0.0034,20,"LGR3 Mar2023",0.897393175801846,0.0168509382887925,FALSE,"wassmann | mad | 0.95",TRUE,"emission",0.958373084149527,FALSE,0.14730490099012,NA,FALSE,FALSE,0.706592290292563,0.78738317757008,FALSE,FALSE,NA,FALSE,"water"
"44997_SRS5_Water_116",1.52549095635143,431.950164223834,519.178103482323,0.286605922313523,1.26787725389088,1.53048482679179,1138.61639050365,0.00529190991882157,0.346898806367126,0.996331099450791,0,1.84964267432944,428.991043909404,698.010877194666,0.347506841924873,0.687732407691981,0.834743420207603,768.453347839039,0.0133189521155044,0.720082440806192,0.998908600144575,0.00129175175555322,429.81,516.651,0.00610094966065279,0.35,5.32260793509588,307,0.818874063752922,1,1.21249009483038,"Noise (HM.RMSE) | Noise (HM.MAE)","Noise (LM.RMSE) | Noise (LM.MAE)",1.84964267432944,"HM","",0,4,0.35,0.35,0.0199755550937372,2,0.5,1,0.05,0.0061,20,"LGR3 Mar2023",0.897393175801846,0.0306597121779494,FALSE,"wassmann | mad | 0.95",TRUE,"emission",0.895299474664323,FALSE,0.286605922313523,NA,FALSE,FALSE,0.795702593964452,0.886682242990614,FALSE,FALSE,NA,FALSE,"water"
"44997_SRS5_Water_117",0.893974923837943,440.414736064368,508.082660466985,0.167995105261837,0.751584983898388,0.921580676662052,1091.92584583853,0.00209321433306683,0.23414687339108,0.997784504142935,0,0.929245663717811,439.974288555352,1345.31682269718,0.174623156564823,0.733548017255414,0.90022032584884,1074.92385942073,0.00841060374571641,0.905100133808157,0.997886015244339,0.000192880760573509,440.853,507.4,0.00461247117475779,0.35,5.32143435039131,406,0.47998601503382,1,1.03945383582847,"Noise (HM.RMSE) | Noise (HM.MAE)","Noise (LM.RMSE) | Noise (LM.MAE)",0.929245663717811,"HM","",0,4,0.35,0.35,0.0173702083444913,2,0.5,1,0.05,0.0046,20,"LGR3 Mar2023",0.897393175801846,0.0231794393679745,FALSE,"wassmann | mad | 0.95",TRUE,"emission",0.918302178414161,FALSE,0.167995105261837,NA,FALSE,FALSE,0.805137802588521,0.897196261682186,FALSE,FALSE,NA,FALSE,"water"
"44997_SRS5_Water_118",0.981818421300523,446.210917320746,533.208827453706,0.184531850858433,0.774484976503622,0.98801044654187,1342.58365448459,0.00177224459340935,0.180506349744571,0.998457964272558,0,1.06510027069538,445.003697995913,1019.81075644342,0.200184596293164,0.65512867742171,0.830613384312957,1179.76542073596,0.00632854025618014,0.594173190102409,0.998910143765723,0.000348263984151207,445.643,532.964,0.00394157859811917,0.35,5.3205905470148,475,0.527233859595523,1,1.08482408517508,"Noise (HM.RMSE) | Noise (HM.MAE)","Noise (LM.RMSE) | Noise (LM.MAE)",1.06510027069538,"HM","",0,4,0.35,0.35,0.0160591013709393,2,0.5,1,0.05,0.0039,20,"LGR3 Mar2023",0.897393175801846,0.0198079036900064,FALSE,"wassmann | mad | 0.95",TRUE,"emission",0.928279806863109,FALSE,0.184531850858433,NA,FALSE,FALSE,0.879571115067468,0.980140186915893,FALSE,FALSE,NA,FALSE,"water"
"44997_SRS5_Water_119",1.00624883214045,461.071808351122,567.366116875179,0.189152608880033,0.704669356916056,0.879070609076858,1466.37758121482,0.00121173306402778,0.120420816931557,0.999181353130903,0,1.03051108625403,460.64713434477,2738.07696463061,0.193713378061879,0.687956465729769,0.8584201988125,1441.49683811558,0.00481474636205896,0.467219268796111,0.999219364460172,8.50578909109865e-05,459.497,565.479,0.00330743467109393,0.35,5.31977242131852,566,0.540436025371524,1,1.02411158486711,"Noise (HM.RMSE) | Noise (HM.MAE)","Noise (LM.RMSE) | Noise (LM.MAE)",1.03051108625403,"HM","",0,4,0.35,0.35,0.014711597309822,2,0.5,1,0.05,0.0033,20,"LGR3 Mar2023",0.897393175801846,0.0166210598237537,FALSE,"wassmann | mad | 0.95",TRUE,"emission",0.957137857913572,FALSE,0.189152608880033,NA,FALSE,FALSE,0.811427941671275,0.904205607476612,FALSE,FALSE,NA,FALSE,"water"
"45000_CP40_Water_120",0.482594459198962,855.971155424397,904.634534555196,0.0878335342339561,0.734413331246818,0.927221689912278,1505.25086910208,0.00134856233180373,0.279440077708757,0.995669370380696,0,0.488758443787047,855.866539006974,2738.67709430924,0.0889553965782395,0.736623851014961,0.932987158194656,1514.1976878668,0.00547692434850446,1.12057897272681,0.99561576035557,4.72460685583731e-05,855.813,904.34,0.00346469454780944,0.35,5.49442150322118,558,0.25095295495416,1,1.01277259709595,"Noise (HM.RMSE) | Noise (HM.MAE)","Noise (LM.RMSE) | Noise (LM.MAE)",0.488758443787047,"HM","MAE | AICc",2,2,0.35,0.35,0.0148166814833556,2,0.5,1,0.05,0.0035,20,"LGR3 Mar2023",0.897393175801846,0.0174113190739383,FALSE,"wassmann | mad | 0.95",TRUE,"emission",1.78266892187454,TRUE,0.0878335342339561,NA,TRUE,FALSE,0.95085935800489,1.05957943925222,FALSE,TRUE,"C0 > 1.5x group median; convex (accelerating) trace",FALSE,"water"
"45000_CP40_Water_121",0.610750480662172,586.334628072664,625.520430701234,0.111288841330892,1.01043197105204,1.37513302433743,1239.68556934601,0.00394046422416355,0.64518397429525,0.985477704391954,0,0.738917628868581,585.020969058857,707.004057424638,0.134643016026115,0.960613504352325,1.2543090426409,1176.43589299759,0.0165626921163304,2.24148016899947,0.98791755142618,0.00110378428542793,581.597,624.416,0.00543965622482485,0.35,5.48797591347228,355,0.317968118088262,1,1.20985189903977,"Noise (HM.RMSE) | Noise (HM.MAE)","Noise (LM.RMSE) | Noise (LM.MAE) | Intercept (LM)",0.738917628868581,"HM","Intercept (LM)",0,4,0.35,0.35,0.0185760712351996,2,0.5,1,0.05,0.0054,20,"LGR3 Mar2023",0.897393175801846,0.027336420268483,FALSE,"wassmann | mad | 0.95",TRUE,"emission",1.21147364781263,FALSE,0.111288841330892,NA,FALSE,FALSE,0.963963814427337,1.07418224299066,FALSE,FALSE,NA,FALSE,"water"
"45000_CP40_Water_122",0.236532332116462,482.247072060439,497.985018902105,0.0431110482827632,0.710442659382149,0.913161473474562,983.544574979546,0.00247839457626636,1.04780372056961,0.961263873094867,1.08848599805745e-260,0.331091609112053,481.273266237844,512.866548590309,0.0603456881295177,0.646797191863738,0.818908210126657,905.408461435437,0.0114280497546897,3.45162771878706,0.968847601837345,0.00191007972695851,481.199,496.826,0.00524592944389939,0.35,5.48658270996005,368,0.123174423665038,1,1.39977315637776,"Noise (HM.RMSE) | Noise (HM.MAE)","Noise (LM.RMSE) | Noise (LM.MAE)",0.331091609112053,"HM","",0,4,0.35,0.35,0.018245011229994,2,0.5,1,0.05,0.0052,20,"LGR3 Mar2023",0.897393175801846,0.0263627788645479,FALSE,"wassmann | mad | 0.95",TRUE,"emission",1.00234338872757,FALSE,0.0431110482827632,NA,FALSE,FALSE,0.72441435102697,0.80724299065422,FALSE,FALSE,NA,FALSE,"water"
"45000_CP40_Water_123",0.209579144684291,420.08689969505,431.222007647184,0.0382064188506434,0.548295134202745,0.682868876304847,616.124593287135,0.00259667357528621,1.23899426118845,0.956951041159512,1.04737787954779e-201,0.212149159783618,420.063869761372,865.442949449203,0.0386749343295345,0.548360367974574,0.683373230236607,618.614368260928,0.0104774190414257,4.93870400057779,0.956887989972847,8.68359922891799e-05,418.924,431.787,0.00656499031567458,0.35,5.48544331002542,294,0.109161196716124,1,1.01226274257011,"Noise (HM.RMSE) | Noise (HM.MAE)","Noise (LM.RMSE) | Noise (LM.MAE)",0.212149159783618,"HM","AICc",1,3,0.35,0.35,0.0204124145231931,2,0.5,1,0.05,0.0066,20,"LGR3 Mar2023",0.897393175801846,0.0329916718943136,FALSE,"wassmann | mad | 0.95",TRUE,"emission",0.872623803830243,FALSE,0.0382064188506434,NA,FALSE,FALSE,0.678286664420353,0.755841121495363,FALSE,FALSE,NA,FALSE,"water"
"45000_CP40_Water_124",0.0566706248700734,425.316958893371,427.896808772595,0.0103337841464808,0.583363342274042,0.725235028638988,559.327007317525,0.0034766770662999,6.13488394431992,0.513280479407318,3.45194768961038e-41,0.144478043677643,424.774829810413,427.944095107615,0.026345305362232,0.559620855562896,0.693275509378566,538.677753677717,0.0267984719832212,18.5484737341914,0.555232610259432,0.00831274850530534,423.146,428.105,0.00765764952694897,0.35,5.48401476814018,252,0.0295250975613736,1,2.54943445583814,"Noise (HM.RMSE) | Noise (HM.MAE) | Noise (HM.SE) | Exaggerated curvature (g-fact)","Noise (LM.RMSE) | Noise (LM.MAE)",0.0566706248700734,"LM","SE | g-fact. > 2 | Intercept",1,3,0.35,0.35,0.0220479275922049,2,0.5,1,0.05,0.0077,20,"LGR3 Mar2023",0.897393175801846,0.0384829796267703,FALSE,"wassmann | mad | 0.95",TRUE,"emission",0.881418281348292,FALSE,0.0103337841464808,NA,FALSE,FALSE,0.764251898550835,0.851635514018651,FALSE,FALSE,NA,FALSE,"water"
"45000_CP40_Water_125",0.16236600052791,399.285365651764,404.647908486488,0.0296212533154835,1.73580918892151,2.18287132878916,811.180236208921,0.0169248066202497,10.4238612549555,0.333413474452926,7.02350464025458e-18,3.54659662053353,391.089776715914,403.257036221862,0.647023616786093,0.715214712754755,0.891807343383105,485.647336444843,0.275838942832349,7.7775674074503,0.888739157152494,0.0531774321464756,391.85,402.741,0.0105390153669142,0.35,5.48140211349663,183,0.0846321523299527,1,21.843222158594,"Noise (HM.RMSE) | Noise (HM.MAE) | Noise (HM.SE) | Exaggerated curvature (g-fact)","Noise (LM.RMSE) | Noise (LM.MAE) | Intercept (LM)",0.16236600052791,"LM","SE | g-fact. > 2 | Intercept (LM)",1,3,0.35,0.35,0.02587274448341,2,0.5,1,0.05,0.011,20,"LGR3 Mar2023",0.897393175801846,0.0529632681310536,FALSE,"wassmann | mad | 0.95",TRUE,"emission",0.816228331465566,FALSE,0.0296212533154835,NA,FALSE,FALSE,0.720220924971772,0.802570093457903,FALSE,FALSE,NA,FALSE,"water"
"45000_CP40_Water_126",0.104333438094073,426.131289839424,433.783866859346,0.0190427509412919,0.588424630307153,0.72809511045779,898.367951870433,0.00170873495646412,1.6377634895185,0.902207278726918,8.93467324188085e-206,0.144032752218072,425.679363742823,441.501479173372,0.0262885981520564,0.566341750502678,0.704157283138399,873.329849170844,0.00841144425765492,5.83995246089559,0.908531900936585,0.00166150969302749,426.445,433.731,0.00475997304658065,0.35,5.47890577447185,405,0.0544078598322626,1,1.38050422615426,"Noise (HM.RMSE) | Noise (HM.MAE) | Intercept (HM)","Noise (LM.RMSE) | Noise (LM.MAE)",0.144032752218072,"HM","Intercept (HM)",0,4,0.35,0.35,0.0173916398249984,2,0.5,1,0.05,0.0048,20,"LGR3 Mar2023",0.897393175801846,0.0239206343823057,FALSE,"wassmann | mad | 0.95",TRUE,"emission",0.888290138603632,FALSE,0.0190427509412919,NA,FALSE,FALSE,0.711834072861494,0.793224299065402,FALSE,FALSE,NA,FALSE,"water"
"45000_CP40_Water_127",0.210901067210207,424.981837691509,441.335994485143,0.0385016580688017,1.61175989917787,12.1693845261438,2482.16562231851,0.0292149693553359,13.8524521197501,0.139610078649293,3.97104246602623e-12,0.211220041218709,424.978473723602,3211.85002666584,0.0385598892971716,1.61610081929866,12.1697189161534,2484.23468244477,0.110908743683535,52.5086270429676,0.139563497265323,1.38362635538269e-05,428.105,441.047,0.00450295318120942,0.35,5.47771389048573,316,0.110004737339434,1,1.00151243430259,"Noise (HM.RMSE) | Noise (HM.MAE) | Noise (HM.SE)","Noise (LM.RMSE) | Noise (LM.MAE) | Noise (LM.SE)",0.210901067210207,"LM","MAE | SE | AICc | Intercept",3,1,0.35,0.35,0.0196890382662054,2,0.5,1,0.05,0.0045,20,"LGR3 Mar2023",0.897393175801846,0.0226289988876613,FALSE,"wassmann | mad | 0.95",TRUE,"emission",0.891747938859426,FALSE,0.0385016580688017,NA,FALSE,FALSE,0.738042985706239,0.82242990654211,FALSE,FALSE,"CO2 slope <= 0",FALSE,"water"
"45000_CP40_Water_128",0.22124404496713,433.270131468794,442.188621758794,0.0403915303592532,0.670481290402368,0.835252483383517,558.666708710944,0.00480655107141527,2.17251093566355,0.905117342224462,3.25899211062596e-115,0.237000021195609,433.166209227844,502.119446083076,0.0432680280849516,0.666150419866189,0.833942653268774,560.04064658277,0.020171450837513,8.51115992975565,0.905414695941738,0.000627498143064598,434.099,441.148,0.00864342417850883,0.35,5.47748607193948,223,0.115404372455009,1,1.07121536867046,"Noise (HM.RMSE) | Noise (HM.MAE)","Noise (LM.RMSE) | Noise (LM.MAE)",0.237000021195609,"HM","AICc | Intercept",1,3,0.35,0.35,0.0234377335563849,2,0.5,1,0.05,0.0086,20,"LGR3 Mar2023",0.897393175801846,0.043436860339426,FALSE,"wassmann | mad | 0.95",TRUE,"emission",0.904233513999925,FALSE,0.0403915303592532,NA,FALSE,FALSE,0.688246051301274,0.766939252336421,FALSE,FALSE,NA,FALSE,"water"
"45000_CP40_Water_129",0.303756936636546,433.711696118671,449.377225205579,0.0554592860855568,0.692574211992451,0.867070970056392,733.578737529447,0.00344994272296494,1.13575767558286,0.964655805384146,1.13145844215723e-207,0.329655547123362,433.493603499257,536.504141019101,0.0601877985077285,0.685883423283968,0.861926644527219,732.244307744834,0.0145618515026332,4.41729302895181,0.96507395493482,0.000584287782171161,433.689,449.371,0.00676261093134758,0.35,5.4771158822337,285,0.158455103101591,1,1.08526096810689,"Noise (HM.RMSE) | Noise (HM.MAE)","Noise (LM.RMSE) | Noise (LM.MAE)",0.329655547123362,"HM","",0,4,0.35,0.35,0.0207322107215682,2,0.5,1,0.05,0.0068,20,"LGR3 Mar2023",0.897393175801846,0.0339848120215207,FALSE,"wassmann | mad | 0.95",TRUE,"emission",0.903379478996988,FALSE,0.0554592860855568,NA,FALSE,FALSE,0.830298358919415,0.925233644859757,FALSE,FALSE,NA,FALSE,"water"
"45001_BL60_Soil_132",12.9953353027083,502.477990894918,915.23431891048,1.03233214203947,8.60609462288953,9.93280146640926,3000.17371130519,0.0539640917996299,0.415257402310994,0.993115568588619,0,17.7140293507595,479.123571742336,1358.08996172238,1.40717891750039,0.868271569976824,1.09785359965577,1227.01070271946,0.0300640767287396,0.169719018374837,0.99991589662427,0.0016009473553731,482.739,895.324,0.01099200580851,0.35,12.5883277033637,403,2.94952040582706,1,1.36310675624259,"Noise (HM.RMSE) | Noise (HM.MAE) | Noise (HM.SE)","Noise (LM.RMSE) | Noise (LM.MAE) | Noise (LM.SE)",17.7140293507595,"HM","",0,4,0.35,0.35,0.0174347418485351,2,0.5,1,0.05,0.011,20,"LGR3 Mar2023",0.897393175801846,0.0552390574162079,FALSE,"wassmann | mad | 0.95",TRUE,"emission",1.00555122751909,FALSE,1.03233214203947,FALSE,FALSE,FALSE,0.73384955965107,0.817757009345826,FALSE,FALSE,NA,FALSE,"soil"
"45001_BL60_Soil_133",12.8309401118686,496.10384013957,718.40192137623,1.0204555651751,3.19997106705321,3.74294595859403,1211.18818168441,0.0504588442264584,0.393259136014392,0.99662448501647,1.27453463043686e-271,15.8567296326648,487.782120217032,1122.23053083057,1.26109917574647,0.843924423409414,1.05357925119584,655.483999444701,0.0664307178945009,0.418943372520232,0.999732547079226,0.00198770956731838,487.45,713.375,0.0201095220462554,0.35,12.5737372108573,220,2.91558732907173,1,1.23581978361799,"Noise (HM.RMSE) | Noise (HM.MAE) | Noise (HM.SE)","Noise (LM.RMSE) | Noise (LM.MAE) | Noise (LM.SE)",15.8567296326648,"HM","SE",1,3,0.35,0.35,0.0235969951862135,2,0.5,1,0.05,0.02,20,"LGR3 Mar2023",0.897393175801846,0.101058880003198,FALSE,"wassmann | mad | 0.95",TRUE,"emission",1.01536429800406,FALSE,1.0204555651751,FALSE,FALSE,FALSE,0.822959863323018,0.917056074766426,FALSE,FALSE,NA,FALSE,"soil"
"45001_BL60_Soil_134",4.75779454565264,459.073002693739,610.820784627938,0.37856122653021,1.28067648255221,1.52978037630999,1496.06267243531,0.00826647971572014,0.173746042129404,0.998784910797794,0,5.2818873035466,456.352136216638,1253.88093537625,0.420261471326452,0.748768397179741,0.942304203285388,1106.58546998018,0.0220036581745058,0.41658704379647,0.999538966751067,0.00052695460247868,458.22,608.36,0.0109463493066354,0.35,12.5680978722023,404,1.08160350437203,1,1.11015455855967,"Noise (HM.RMSE) | Noise (HM.MAE)","Noise (LM.RMSE) | Noise (LM.MAE)",5.2818873035466,"HM","",0,4,0.35,0.35,0.0174131508286748,2,0.5,1,0.05,0.011,20,"LGR3 Mar2023",0.897393175801846,0.055009476982895,FALSE,"wassmann | mad | 0.95",TRUE,"emission",0.954477851331253,FALSE,0.37856122653021,FALSE,FALSE,FALSE,0.806186159102284,0.898364485981224,FALSE,FALSE,NA,FALSE,"soil"
"45001_BL60_Soil_135",4.73938921879349,485.524938159954,570.719873889564,0.377346087974144,0.872462623586278,1.08405542716477,689.946433402644,0.0138354932997527,0.291925660903513,0.998069211173122,6.25433499820426e-309,5.34339643250091,483.766996492337,879.224565856408,0.425436622150336,0.618737872819933,0.759625147649226,529.847174803763,0.0423432015372017,0.792439828713654,0.999051951689772,0.00107580851931719,482.468,570.005,0.0193846207129753,0.35,12.5597942309083,228,1.07813167992613,1,1.12744410425553,"Noise (HM.RMSE) | Noise (HM.MAE) | Noise (HM.SE)","Noise (LM.RMSE) | Noise (LM.MAE)",5.34339643250091,"HM","SE",1,3,0.35,0.35,0.0231793162486383,2,0.5,1,0.05,0.019,20,"LGR3 Mar2023",0.897393175801846,0.0974158654013107,FALSE,"wassmann | mad | 0.95",TRUE,"emission",1.00498673121227,FALSE,0.377346087974144,FALSE,FALSE,FALSE,0.713930785889049,0.79556074766351,FALSE,FALSE,NA,FALSE,"soil"
"45001_BL60_Soil_136",3.98940134695901,454.723699306625,515.408519994925,0.317801440380013,0.579658948330111,0.719001433633066,426.498973992021,0.0117849205421696,0.295405739288498,0.998327308470067,2.4035129040487e-267,4.05162423425713,454.566052055805,2413.77408944478,0.322758204938941,0.589002340399841,0.722438242894358,430.425430684319,0.047805874839901,1.17991877024761,0.998311433344682,0.000164739118449656,454.286,515.684,0.0228890238273741,0.35,12.5531254426936,193,0.908004115371466,1,1.01559704875157,"Noise (HM.RMSE) | Noise (HM.MAE) | Noise (HM.SE)","Noise (LM.RMSE) | Noise (LM.MAE)",3.98940134695901,"LM","MAE | SE | AICc",3,1,0.35,0.35,0.0251935512762043,2,0.5,1,0.05,0.023,20,"LGR3 Mar2023",0.897393175801846,0.115028023097386,FALSE,"wassmann | mad | 0.95",TRUE,"emission",0.946283281327462,FALSE,0.317801440380013,FALSE,FALSE,FALSE,0.753244155156151,0.839369158878556,FALSE,FALSE,NA,FALSE,"soil"
"45001_BL60_Soil_137",3.99872742314402,541.502371428501,658.894808247338,0.159072222358994,0.687395101153352,0.840147501161233,1855.74691703534,0.00363689211030662,0.090951238367908,0.999386584134029,0,4.14674015400813,540.784410652499,2209.34961451438,0.164960274117587,0.627387305519522,0.776940325289215,1741.54274565588,0.0138166185346646,0.333192291330573,0.999475410913967,9.88635467980445e-05,541.478,659.138,0.0119058837229383,0.35,25.137810761955,743,0.45449206388284,1,1.037014958811,"Noise (HM.RMSE) | Noise (HM.MAE)","Noise (LM.RMSE) | Noise (LM.MAE)",4.14674015400813,"HM","",0,4,0.35,0.35,0.0128402546693234,2,0.5,1,0.05,0.012,20,"LGR3 Mar2023",0.897393175801846,0.0598311547136448,FALSE,"wassmann | mad | 0.95",TRUE,"emission",1.12790528126914,FALSE,0.159072222358994,FALSE,FALSE,FALSE,0.657319534144569,0.73247663551401,FALSE,FALSE,NA,FALSE,"soil"
"45001_BL60_Soil_138",3.72553897390759,467.53228768848,499.692806403073,0.148349402919427,0.624462463740556,0.770312597748686,513.306718018333,0.0208867185736807,0.560636158149578,0.993194396723587,2.4213255036563e-237,3.77137727321246,467.465840333127,1755.52153578236,0.150174664815852,0.628329371047293,0.773545774942449,517.216544330171,0.0845079122286048,2.24077057548318,0.993137584641598,0.000116590195087392,467.533,498.898,0.0403585367374998,0.35,25.1132724540255,219,0.423855436912649,1,1.0123038034566,"Noise (HM.RMSE) | Noise (HM.MAE) | Noise (HM.SE)","Noise (LM.RMSE) | Noise (LM.MAE)",3.72553897390759,"LM","MAE | SE | AICc",3,1,0.35,0.35,0.023650808243982,2,0.5,1,0.05,0.04,20,"LGR3 Mar2023",0.897393175801846,0.202818792134764,FALSE,"wassmann | mad | 0.95",TRUE,"emission",0.973876943971138,FALSE,0.148349402919427,FALSE,FALSE,FALSE,0.701350507723632,0.781542056074758,FALSE,FALSE,NA,FALSE,"soil"
"45001_BL60_Soil_139",5.80218016554758,451.898675721553,511.903113238601,0.231121424290791,0.62354626331628,0.789710550394063,625.90628735088,0.0163433588330465,0.28167616941802,0.997933450820215,0,5.8815388741485,451.760658421311,2624.40219501557,0.234282563248631,0.631984613017062,0.798670256007166,633.880505550824,0.0667021686661802,1.13409381615006,0.997886758271567,0.0001078330499084,452.188,511.492,0.0337136916073006,0.35,25.1044669846246,262,0.660346926545117,1,1.01367739476139,"Noise (HM.RMSE) | Noise (HM.MAE) | Noise (HM.SE)","Noise (LM.RMSE) | Noise (LM.MAE)",5.80218016554758,"LM","RMSE | MAE | SE | AICc",4,0,0.35,0.35,0.0216230722125325,2,0.5,1,0.05,0.034,20,"LGR3 Mar2023",0.897393175801846,0.169424983202512,FALSE,"wassmann | mad | 0.95",TRUE,"emission",0.941913121727067,FALSE,0.231121424290791,FALSE,FALSE,FALSE,0.814573011212621,0.907710280373792,FALSE,FALSE,NA,FALSE,"soil"
"45001_BL60_Soil_140",4.72399919749747,430.116877636589,479.387407410325,0.188351643663315,0.64305243941299,0.817281336230775,648.756294984246,0.0167061928205147,0.35364512401621,0.996721536321092,0,4.8062653689059,429.973740721769,1860.02251421845,0.191631696845981,0.640794462807164,0.818357883128054,651.513466837848,0.0676827215445161,1.40821857199956,0.996713063003983,0.000134003609105872,431.448,479.637,0.033429783928402,0.35,25.0807431547653,264,0.538147553323757,1,1.0174145184978,"Noise (HM.RMSE) | Noise (HM.MAE) | Noise (HM.SE)","Noise (LM.RMSE) | Noise (LM.MAE)",4.8062653689059,"HM","SE | AICc",2,2,0.35,0.35,0.0215410109213832,2,0.5,1,0.05,0.033,20,"LGR3 Mar2023",0.897393175801846,0.167998207771171,FALSE,"wassmann | mad | 0.95",TRUE,"emission",0.898711448651666,FALSE,0.188351643663315,FALSE,FALSE,FALSE,0.800944376533412,0.892523364485969,FALSE,FALSE,NA,FALSE,"soil"
"45001_BL60_Soil_141",4.44034870644013,432.179514550159,465.811888297982,0.177015288407381,0.654628217451919,0.837513372476582,482.909925787781,0.0276435022723926,0.622552508822098,0.992651495204527,6.85320678823504e-205,4.89972350734958,431.613942004575,618.237096120488,0.195328346287752,0.619876680480115,0.797545843482808,466.21937109194,0.11309783654328,2.30824936087993,0.993336125741443,0.00104664583134434,431.318,465.757,0.0459671733668013,0.35,25.08454917307,192,0.505757966878232,1,1.10345466792804,"Noise (HM.RMSE) | Noise (HM.MAE) | Noise (HM.SE)","Noise (LM.RMSE) | Noise (LM.MAE)",4.89972350734958,"HM","SE",1,3,0.35,0.35,0.0252590742770461,2,0.5,1,0.05,0.046,20,"LGR3 Mar2023",0.897393175801846,0.231005317814729,FALSE,"wassmann | mad | 0.95",TRUE,"emission",0.898440657065369,FALSE,0.177015288407381,FALSE,FALSE,FALSE,0.742236411761348,0.827102803738327,FALSE,FALSE,NA,FALSE,"soil"
"45001_BL60_Soil_142",4.92110237414672,433.473881902244,469.569740860078,0.196145430283461,0.667857474836953,0.847500372583387,472.424394446355,0.0293494535547613,0.596399979584865,0.993462467042993,3.73130750100373e-203,5.85614345934053,432.376900004903,553.631559619913,0.23341432291036,0.544865100960872,0.697947061709359,402.290456673317,0.109880405392804,1.87632707695276,0.995566169749014,0.0019249926035953,432.907,468.776,0.047459099049247,0.35,25.0890493193492,186,0.560415515095602,1,1.19000642825601,"Noise (HM.RMSE) | Noise (HM.MAE) | Noise (HM.SE)","Noise (LM.RMSE) | Noise (LM.MAE)",5.85614345934053,"HM","SE",1,3,0.35,0.35,0.0256632451287368,2,0.5,1,0.05,0.047,20,"LGR3 Mar2023",0.897393175801846,0.23850310381134,FALSE,"wassmann | mad | 0.95",TRUE,"emission",0.901750563454801,FALSE,0.19614543028346,FALSE,FALSE,FALSE,0.770542037633588,0.858644859813077,FALSE,FALSE,NA,FALSE,"soil"
"45001_BL60_Soil_143",4.48968285421012,444.210631859836,499.921326293865,0.178947638007962,0.75259052049853,0.927085722610475,849.625412635498,0.0146064228217106,0.32533306462869,0.996698061578493,0,5.1484549562429,442.89013415252,672.921472832721,0.205204662272774,0.575247083586963,0.725066263403502,697.325727932921,0.0505572769070303,0.981989302358094,0.997980310625583,0.000892072634320744,442.424,498.373,0.0281159252540596,0.35,25.089366387783,314,0.511278965737035,1,1.14673020866385,"Noise (HM.RMSE) | Noise (HM.MAE) | Noise (HM.SE)","Noise (LM.RMSE) | Noise (LM.MAE)",5.1484549562429,"HM","SE",1,3,0.35,0.35,0.0197516426794085,2,0.5,1,0.05,0.028,20,"LGR3 Mar2023",0.897393175801846,0.141293938920718,FALSE,"wassmann | mad | 0.95",TRUE,"emission",0.921574590583952,FALSE,0.178947638007962,FALSE,FALSE,FALSE,0.753768333412973,0.839953271028008,FALSE,FALSE,NA,FALSE,"soil"
"45002_SE1_Water_144",1.14419307721847,467.677167774545,641.983402121238,0.207399524698672,5.0331889573723,6.12309029561563,5472.88972927486,0.00478704352910531,0.418377249820686,0.985424489900358,0,1.77726499701954,453.071925250143,746.10930805194,0.322151849180485,1.40238856361234,1.69204264648483,3298.77606047876,0.0073642935490171,0.414361030086507,0.998886974678747,0.00109935410322164,448.245,631.573,0.00229476384247198,0.35,5.51685486686073,846,0.592570070567634,1,1.55329116423259,"Noise (HM.RMSE) | Noise (HM.MAE)","Noise (LM.RMSE) | Noise (LM.MAE) | Intercept (LM)",1.77726499701954,"HM","Intercept (LM)",0,4,0.35,0.35,0.0120332478730193,2,0.5,1,0.05,0.0023,20,"LGR2 Mar2023",0.686673516530571,0.00882411020983063,FALSE,"wassmann | mad | 0.95",TRUE,"emission",0.900096687426518,FALSE,0.207399524698672,NA,FALSE,FALSE,0.43506795322164,0.633587786259513,FALSE,FALSE,NA,FALSE,"water"
"45003_FLM30_Water_145",0.431930647462769,419.806421830894,468.53095419581,0.0803086326677209,1.21084730259567,1.47704394367742,2216.61467300945,0.00183497830887307,0.424831699174863,0.989110293156869,0,0.49711672215468,418.616728950063,615.307029197441,0.0924286444294114,1.13390339402518,1.37659223995168,2132.5736019867,0.0075951366127369,1.52783768363633,0.990541114026993,0.000469919687514654,419.246,467.205,0.00309755597030745,0.35,5.37838378160282,611,0.229453236193488,1,1.15091791951978,"Noise (HM.RMSE) | Noise (HM.MAE)","Noise (LM.RMSE) | Noise (LM.MAE)",0.49711672215468,"HM","",0,4,0.35,0.35,0.0141594843960979,2,0.5,1,0.05,0.0031,20,"LGR1 Mar2023",0.999083757639211,0.0173302726595627,FALSE,"wassmann | mad | 0.95",TRUE,"emission",0.99578760603725,FALSE,0.0803086326677209,NA,FALSE,FALSE,0.967108883968654,0.967995802728179,FALSE,FALSE,NA,FALSE,"water"
"45003_FLM30_Water_146",0.0985538918380456,617.951524780141,631.764863558599,0.0183712934180205,0.998202987263175,1.22299913917689,2459.08232718596,0.00109859734754142,1.11471736635906,0.914117015147363,0,0.100160930467556,617.913870014707,1047.07197808932,0.0186708592458757,0.99812985225514,1.22295801387244,2461.05273463498,0.00444570920649536,4.43856620115507,0.914122868548095,4.3505782355228e-05,618.389,633.702,0.00249382483901631,0.35,5.36455923900131,757,0.0524894097657728,1,1.01630619146072,"Noise (HM.RMSE) | Noise (HM.MAE)","Noise (LM.RMSE) | Noise (LM.MAE)",0.100160930467556,"HM","AICc",1,3,0.35,0.35,0.0127209663732342,2,0.5,1,0.05,0.0025,20,"LGR1 Mar2023",0.999083757639211,0.0139524596676848,FALSE,"wassmann | mad | 0.95",TRUE,"emission",1.46878945036988,FALSE,0.0183712934180205,NA,FALSE,FALSE,1.04678397901647,1.04774396642177,FALSE,FALSE,NA,FALSE,"water"
"45003_FLM30_Water_147",0.341076226215285,441.70027677327,475.085217253673,0.0638112103696124,0.838109507409617,1.04238467422491,1545.35974381953,0.00160698770917612,0.471152072663604,0.988458137278708,0,0.392397690178227,440.888125835467,575.947037045043,0.0734128315959147,0.779866234328112,0.979474085286403,1481.77841037117,0.00670335482250927,1.70830639177937,0.989809258870384,0.00054356155353568,440.228,473.233,0.00356894273002958,0.35,5.34508316390922,527,0.182317743913178,1,1.15046919139579,"Noise (HM.RMSE) | Noise (HM.MAE)","Noise (LM.RMSE) | Noise (LM.MAE)",0.392397690178227,"HM","",0,4,0.35,0.35,0.0152462394654161,2,0.5,1,0.05,0.0036,20,"LGR1 Mar2023",0.999083757639211,0.019967628837496,FALSE,"wassmann | mad | 0.95",TRUE,"emission",1.04562377752099,FALSE,0.0638112103696124,NA,FALSE,FALSE,0.950335179748128,0.95120671563486,FALSE,FALSE,NA,FALSE,"water"
"45003_FLM30_Water_148",0.318101241857298,418.500606227807,431.876879478326,0.0595082892260053,0.809543460324775,0.981586133838249,641.867895051151,0.0053672307401973,1.68727123127833,0.939533594021843,2.76950528705183e-139,0.321868892655375,418.473971243256,970.827698728677,0.0602131165699208,0.810425916215657,0.982216070916512,644.231714895183,0.021640210616127,6.72329979998944,0.939456509084418,0.000109011876943494,419.426,432.088,0.00828648741576428,0.35,5.34549465284052,227,0.170023683502872,1,1.01184418764315,"Noise (HM.RMSE) | Noise (HM.MAE)","Noise (LM.RMSE) | Noise (LM.MAE)",0.321868892655375,"HM","AICc",1,3,0.35,0.35,0.023230315905999,2,0.5,1,0.05,0.0083,20,"LGR1 Mar2023",0.999083757639211,0.0463619867128097,FALSE,"wassmann | mad | 0.95",TRUE,"emission",0.996215139678803,FALSE,0.0595082892260053,NA,FALSE,FALSE,1.09291166562312,1.0939139559286,FALSE,FALSE,NA,FALSE,"water"
"45003_FLM30_Water_149",0.471646554007317,420.999340144196,469.619012891962,0.088227441725301,0.956463935948455,1.6304023724947,2123.66311992347,0.00232569972488527,0.493102240464836,0.986708221936964,0,0.489119672815816,420.701827722352,1111.22686383497,0.0914960091691588,0.953976187858635,1.6247342778839,2121.82665116026,0.00951919353760873,1.9461890548805,0.986800479037107,0.00013250208809842,421.802,468.544,0.00338910717276571,0.35,5.34580335533024,555,0.252078404929431,1,1.03704706132174,"Noise (HM.RMSE) | Noise (HM.MAE)","Noise (LM.RMSE) | Noise (LM.MAE)",0.489119672815816,"HM","",0,4,0.35,0.35,0.0148566725992303,2,0.5,1,0.05,0.0034,20,"LGR1 Mar2023",0.999083757639211,0.0189614341131727,FALSE,"wassmann | mad | 0.95",TRUE,"emission",1.00185858374731,FALSE,0.088227441725301,NA,FALSE,FALSE,0.925698801674056,0.926547743966372,FALSE,FALSE,NA,FALSE,"water"
"45003_FLM30_Water_150",0.470536052865633,422.599307764782,470.57673938928,0.0880163193610283,0.976042502437928,1.65010283000113,2113.95823884336,0.00239262998159562,0.508490256384003,0.986028388223664,0,0.49948925818861,422.113972660738,846.032007783277,0.0934321733656528,0.96285392722701,1.63526816634225,2106.07191296914,0.00991045820036254,1.98411838450794,0.986278472630882,0.000220401506009635,423.497,469.873,0.00342632026846663,0.35,5.34600919785764,549,0.251475198174367,1,1.06153238449349,"Noise (HM.RMSE) | Noise (HM.MAE)","Noise (LM.RMSE) | Noise (LM.MAE)",0.49948925818861,"HM","",0,4,0.35,0.35,0.0149376359921712,2,0.5,1,0.05,0.0034,20,"LGR1 Mar2023",0.999083757639211,0.0191696364698336,FALSE,"wassmann | mad | 0.95",TRUE,"emission",1.0058845255386,FALSE,0.0880163193610284,NA,FALSE,FALSE,0.941948327637731,0.942812172088065,FALSE,FALSE,NA,FALSE,"water"
"45003_FLM30_Water_151",0.406335976153452,421.329875385312,442.497254986355,0.0760022247020487,0.828937615858567,1.02372707503278,816.708977356174,0.00406106620575679,0.999435551880134,0.972789909991891,1.29642529361738e-220,0.479208060866199,420.720079762671,495.13193658776,0.0896324245412904,0.80556332029323,0.986377490781817,797.879908607632,0.0176798365710685,3.68938630521179,0.974739153163213,0.00120454492557521,421.074,441.351,0.00669467756218339,0.35,5.34636950097724,281,0.217149213434425,1,1.17933948503055,"Noise (HM.RMSE) | Noise (HM.MAE)","Noise (LM.RMSE) | Noise (LM.MAE)",0.479208060866199,"HM","",0,4,0.35,0.35,0.0208792495195163,2,0.5,1,0.05,0.0067,20,"LGR1 Mar2023",0.999083757639211,0.0374558260260417,FALSE,"wassmann | mad | 0.95",TRUE,"emission",1.00012944768591,FALSE,0.0760022247020487,NA,FALSE,FALSE,0.929892227729195,0.930745015739709,FALSE,FALSE,NA,FALSE,"water"
"45003_FLM30_Water_152",0.381786257609304,418.022436773841,434.935444986302,0.0714455033433298,0.743779455779594,0.954674024230097,662.18255752257,0.00482914331456467,1.26488138803218,0.963312897914341,2.51344234136726e-172,0.38842365456846,417.973465579857,910.412447201456,0.072687591441539,0.743670251776857,0.954773898210281,664.301373767486,0.019536774873684,5.02975929604222,0.963305346887887,0.000147607305989829,417.526,434.387,0.00786750003262774,0.35,5.34374088981694,239,0.204130009552371,1,1.01738511228958,"Noise (HM.RMSE) | Noise (HM.MAE)","Noise (LM.RMSE) | Noise (LM.MAE)",0.38842365456846,"HM","AICc",1,3,0.35,0.35,0.0226396179573603,2,0.5,1,0.05,0.0079,20,"LGR1 Mar2023",0.999083757639211,0.0440177493719632,FALSE,"wassmann | mad | 0.95",TRUE,"emission",0.991702284573517,FALSE,0.0714455033433299,NA,FALSE,FALSE,0.811427941671304,0.812172088142711,FALSE,FALSE,NA,FALSE,"water"
"45003_FLM30_Water_153",0.464880535933426,420.72772703742,452.847807832319,0.0870406282546434,0.803424558856989,1.00665234223779,1066.68843900651,0.00261676655694272,0.562890109324227,0.988381249003981,0,0.468477789236876,420.684899892495,2336.13930813366,0.0877141500808361,0.807638425106454,1.01264807670924,1073.15041641269,0.010584640694365,2.25936873370385,0.988243891731521,4.57928675845531e-05,420.097,452.884,0.00505193200717805,0.35,5.34096025333579,372,0.248687509298981,1,1.00773801659867,"Noise (HM.RMSE) | Noise (HM.MAE)","Noise (LM.RMSE) | Noise (LM.MAE)",0.468477789236876,"HM","MAE | AICc",2,2,0.35,0.35,0.0181466546577824,2,0.5,1,0.05,0.0051,20,"LGR1 Mar2023",0.999083757639211,0.0282647605592459,FALSE,"wassmann | mad | 0.95",TRUE,"emission",0.997808890087039,FALSE,0.0870406282546434,NA,TRUE,FALSE,0.911021810481085,0.911857292759706,FALSE,TRUE,"convex (accelerating) trace",FALSE,"water"
"45003_FLM30_Water_154",0.666532541218676,419.053916712327,494.827618708832,0.124893814961197,1.19762813067712,1.46536401041702,2206.91312676994,0.00180641068892783,0.271016128578662,0.995539518157051,0,0.670620107454912,418.972779221921,5887.68229468289,0.125659736667311,1.22278975659965,1.49377601335742,2232.40623312158,0.00739924578894549,1.10334386140412,0.995366799707374,2.29779505223397e-05,420.965,494.586,0.00307365883297797,0.35,5.33679383102964,611,0.356839471317707,1,1.00613258315755,"Noise (HM.RMSE) | Noise (HM.MAE)","Noise (LM.RMSE) | Noise (LM.MAE)",0.666532541218676,"LM","RMSE | MAE | AICc",3,1,0.35,0.35,0.0141594843960979,2,0.5,1,0.05,0.0031,20,"LGR1 Mar2023",0.999083757639211,0.0171965441497901,FALSE,"wassmann | mad | 0.95",TRUE,"emission",0.999870552314085,FALSE,0.124893814961197,NA,TRUE,FALSE,1.02686520525454,1.02780692549839,FALSE,TRUE,"convex (accelerating) trace",FALSE,"water"
"45003_FLM30_Water_155",0.674988622697825,425.244717915489,505.554669626252,0.126757419373613,0.817749837180852,1.00744604593392,1826.06937947155,0.0011612464724457,0.172039414205884,0.998118177550021,0,0.687662592838785,424.992299085628,2597.48900657899,0.129137488747028,0.811136199239135,1.00222608494178,1821.4660870125,0.00468315297963232,0.68102482647769,0.998137771158195,5.94419721335399e-05,426.212,505.964,0.00293704230940155,0.35,5.32504232125711,638,0.36216405535318,1,1.01877656854467,"Noise (HM.RMSE) | Noise (HM.MAE)","Noise (LM.RMSE) | Noise (LM.MAE)",0.687662592838785,"HM","",0,4,0.35,0.35,0.0138566326931357,2,0.5,1,0.05,0.0029,20,"LGR1 Mar2023",0.999083757639211,0.0164321946231937,FALSE,"wassmann | mad | 0.95",TRUE,"emission",1.01233315796537,FALSE,0.126757419373613,NA,FALSE,FALSE,1.04521144424583,1.0461699895068,FALSE,FALSE,NA,FALSE,"water"
"45003_FLM30_Water_156",0.535988223596117,428.176864685242,497.157418372481,0.100661126814255,1.94754352402165,2.29715596059481,3111.87727135241,0.00235385678834162,0.439162034670994,0.986885730563979,0,0.763051741281203,423.658947552803,557.604057990887,0.143304730800996,1.02483655647284,1.2840070834481,2311.17386628325,0.00685610335088183,0.898510937065694,0.995902697979249,0.00106987653623413,422.529,493.931,0.00271558452994198,0.35,5.32467935298547,690,0.287603219469301,1,1.42363527347979,"Noise (HM.RMSE) | Noise (HM.MAE)","Noise (LM.RMSE) | Noise (LM.MAE)",0.763051741281203,"HM","",0,4,0.35,0.35,0.0133242722834704,2,0.5,1,0.05,0.0027,20,"LGR1 Mar2023",0.999083757639211,0.0151931934659148,FALSE,"wassmann | mad | 0.95",TRUE,"emission",1.0035853446218,FALSE,0.100661126814255,NA,FALSE,FALSE,1.09448420039379,1.0954879328436,FALSE,FALSE,NA,FALSE,"water"
"45005_MI_Soil_157",-1.38017630971964,445.306158815264,429.900118972355,-0.109074714071358,0.621660943866945,0.775009711041596,339.093482638362,0.0201135927805266,-1.45732053498385,0.970719107411548,3.24108035391089e-110,-1.40438544209865,445.349811311819,0,-0.110987950933605,0.623558362780005,0.777042595131645,341.959884072449,0.0814181837437372,-5.79742436108349,0.970565304055786,0.000249215219395018,444.099,431.146,0.031134910839864,0.35,12.6534946386998,143,0.311642040203879,1,1.01754060855017,"Noise (HM.RMSE) | Noise (HM.MAE) | Noise (HM.SE)","Noise (LM.RMSE) | Noise (LM.MAE)",-1.40438544209865,"HM","SE | AICc",2,2,0.35,0.35,0.0292684703502482,2,0.5,1,0.05,0.031,20,"LGR3 Mar2023",0.897393175801846,0.156469161530166,FALSE,"wassmann | mad | 0.95",TRUE,"uptake",0.92506363602278,FALSE,-0.109074714071358,TRUE,FALSE,FALSE,0.831346715433237,0.926401869158861,FALSE,TRUE,"CO2 slope <= 0",FALSE,"soil"
"45005_MI_Soil_158",-0.831395535322209,420.621689288799,407.871880619811,-0.0657359112887211,0.660957552436099,0.826966418339006,487.872357992805,0.0133431432611259,-1.60490917911349,0.952163547297337,3.07600824472256e-130,-0.926308686330889,420.857753583306,355.881552911706,-0.0732404048898583,0.656734796348147,0.820343649376231,486.80480787124,0.0572794634455197,-6.1836258572079,0.952926676682288,0.0011271881724822,420.478,407.75,0.022705897165743,0.35,12.6475090863289,196,0.187816889396346,1,1.11416124693513,"Noise (HM.RMSE) | Noise (HM.MAE) | Noise (HM.SE)","Noise (LM.RMSE) | Noise (LM.MAE)",-0.926308686330889,"HM","SE",1,3,0.35,0.35,0.025,2,0.5,1,0.05,0.023,20,"LGR3 Mar2023",0.897393175801846,0.114107671106644,FALSE,"wassmann | mad | 0.95",TRUE,"uptake",0.875860804792594,FALSE,-0.0657359112887211,TRUE,FALSE,FALSE,0.84707206313997,0.94392523364476,FALSE,TRUE,"CO2 slope <= 0",FALSE,"soil"
"45005_MI_Soil_159",-0.837279125638897,420.934636585703,407.496010196618,-0.0662298191731286,0.652428974871214,0.817030998427228,505.03212194008,0.0123161269763083,-1.47097026537122,0.957716685764485,1.24864830247371e-141,-0.919830645055473,421.150178343258,343.406645925899,-0.0727597469307984,0.648598274390636,0.811489479654333,504.322417578044,0.0523860415344302,-5.69518332706461,0.958288314411616,0.000935894532553453,420.884,406.845,0.0216994308902314,0.35,12.6420264480898,205,0.189228054780367,1,1.0985949809194,"Noise (HM.RMSE) | Noise (HM.MAE) | Noise (HM.SE)","Noise (LM.RMSE) | Noise (LM.MAE)",-0.919830645055473,"HM","SE",1,3,0.35,0.35,0.0244450603519352,2,0.5,1,0.05,0.022,20,"LGR3 Mar2023",0.897393175801846,0.109049563595415,FALSE,"wassmann | mad | 0.95",TRUE,"uptake",0.876706507746722,FALSE,-0.0662298191731285,TRUE,FALSE,FALSE,0.819290615524642,0.912967289719562,FALSE,TRUE,"CO2 slope <= 0",FALSE,"soil"
"45005_MI_Soil_160",-0.391330519766404,417.981898635486,410.063988202079,-0.0309705914358109,0.689787891822758,0.85971129768703,660.26890975001,0.00916347187198885,-2.34161952854042,0.876427961660252,1.88254558591775e-118,-0.431764743320138,418.114979517337,374.1447888099,-0.0341706276058865,0.686385729884174,0.857790677368692,661.178475585229,0.0392999958790822,-9.10217809283762,0.87697947206055,0.000777131667070687,418.986,410.361,0.0172308129270246,0.35,12.6355520390196,258,0.088487404102317,1,1.10332499386419,"Noise (HM.RMSE) | Noise (HM.MAE) | Noise (HM.SE)","Noise (LM.RMSE) | Noise (LM.MAE)",-0.431764743320138,"HM","SE | AICc | Intercept",2,2,0.35,0.35,0.0217900482227642,2,0.5,1,0.05,0.017,20,"LGR3 Mar2023",0.897393175801846,0.0865918538311086,FALSE,"wassmann | mad | 0.95",TRUE,"uptake",0.872752950586784,FALSE,-0.030970591435811,TRUE,FALSE,FALSE,0.887957967177776,0.989485981308428,FALSE,TRUE,"CO2 slope <= 0",FALSE,"soil"
"45005_MI_Soil_161",-0.511879902290446,425.440734372291,412.214689375108,-0.0405373649640159,1.45236207934372,2.46864708635618,1534.35043356902,0.0182473909237071,-3.56477971533123,0.705546308543001,4.86085428510872e-89,-0.519324913544608,425.466874278925,0,-0.0411269586109255,1.45453751965253,2.47244711359931,1537.41213517858,0.0738355562546123,-14.2176033402006,0.70463940075387,9.66631272543295e-05,419.589,411.898,0.0135044550971052,0.35,12.6273600354841,329,0.115821042754331,1,1.01454444923672,"Noise (HM.RMSE) | Noise (HM.MAE) | Noise (HM.SE)","Noise (LM.RMSE) | Noise (LM.MAE)",-0.519324913544608,"HM","SE | AICc | Intercept",2,2,0.35,0.35,0.019296124624699,2,0.5,1,0.05,0.014,20,"LGR3 Mar2023",0.897393175801846,0.0678651025691781,FALSE,"wassmann | mad | 0.95",TRUE,"uptake",0.874009006944763,FALSE,-0.0405373649640159,TRUE,TRUE,FALSE,0.842878637084891,0.939252336448575,FALSE,TRUE,"CO2 slope <= 0; convex (accelerating) trace",FALSE,"soil"
"45005_MI_Soil_162",-0.532740874167576,420.594658650415,411.776795549204,-0.0422101209137178,0.657095433322021,0.809236304453562,515.58566419133,0.0116595985511559,-2.18860596521233,0.90856383549227,9.59536472120416e-111,-0.696511245509329,421.019924315071,400.111925802988,-0.0551859737375157,0.636238915220268,0.788164044434565,506.529544023475,0.0554062956652113,-7.95483145784603,0.913263773997796,0.00263946707790433,420.894,411.567,0.0210448944702893,0.35,12.6211643708995,211,0.120600345467765,1,1.30741093706701,"Noise (HM.RMSE) | Noise (HM.MAE) | Noise (HM.SE)","Noise (LM.RMSE) | Noise (LM.MAE)",-0.696511245509329,"HM","SE",1,3,0.35,0.35,0.024094993678753,2,0.5,1,0.05,0.021,20,"LGR3 Mar2023",0.897393175801846,0.105759626173686,FALSE,"wassmann | mad | 0.95",TRUE,"uptake",0.876727337868745,FALSE,-0.0422101209137178,TRUE,FALSE,FALSE,0.740663876990675,0.825350467289737,FALSE,TRUE,"CO2 slope <= 0",FALSE,"soil"
"45005_MI_Soil_163",-0.638364167807244,420.554767967789,413.003568784081,-0.0506061668602413,0.723027009220067,0.886433965202856,398.277011369009,0.0211271368591049,-3.30957436594159,0.858752844527838,2.01393130806074e-65,-0.644016744850689,420.565248491936,0,-0.0510542735546279,0.723645748876538,0.887039075273244,400.59380383769,0.083784886726227,-13.0097373082515,0.85855995075776,0.000121394417959397,420.961,414.954,0.029391368027577,0.35,12.6143552735423,151,0.144589048172118,1,1.00885478435117,"Noise (HM.RMSE) | Noise (HM.MAE) | Noise (HM.SE)","Noise (LM.RMSE) | Noise (LM.MAE)",-0.644016744850689,"HM","SE | AICc",2,2,0.35,0.35,0.0284825960569906,2,0.5,1,0.05,0.029,20,"LGR3 Mar2023",0.897393175801846,0.147705635835929,FALSE,"wassmann | mad | 0.95",TRUE,"uptake",0.876866899686298,FALSE,-0.0506061668602412,TRUE,FALSE,FALSE,0.897917354058757,1.00058411214955,FALSE,TRUE,"CO2 slope <= 0",FALSE,"soil"
"45005_MI_Soil_164",-0.115296608560531,423.721686720596,422.220793146509,-0.00914504283910269,0.648163145374267,0.816108831419679,409.770830895723,0.0168556272524221,-14.6193608492594,0.217226502495232,1.49157930431525e-10,-0.115433475990416,423.721687364383,0.108704869868053,-0.00915589882632735,0.648190814151599,0.816177167164501,411.898928349778,0.0173789553629914,-15.0553859821689,0.217095427297024,2.16138296149739e-05,422.328,421.109,0.0267236960325771,0.35,12.6075525931428,166,0.0261286938260077,1,1.00118708981638,"Noise (HM.RMSE) | Noise (HM.MAE)","Noise (LM.RMSE) | Noise (LM.MAE)",-0.115433475990416,"HM","AICc | Intercept",1,3,0.35,0.35,0.0271652683997216,2,0.5,1,0.05,0.027,20,"LGR3 Mar2023",0.897393175801846,0.134298908760461,TRUE,"wassmann | mad | 0.95",FALSE,"below detection",0.879714377366823,FALSE,-0.00914504283910269,TRUE,TRUE,FALSE,0.773687107174875,0.86214953271019,FALSE,TRUE,"CO2 slope <= 0; convex (accelerating) trace",FALSE,"soil"
"45005_MI_Soil_165",-0.179541808946626,422.669066836242,420.189195136459,-0.0142477963422959,0.650845950223625,0.819146026832923,435.384393519205,0.0154861876442148,-8.62539356992802,0.432579549200534,2.14514466731896e-23,-0.180235161835247,422.67079248302,167.087252503504,-0.0143028183497512,0.650877241447864,0.819215194130581,437.508497790832,0.0619991083114319,-34.3990083178694,0.432484892289337,5.59614220497044e-05,423.868,420.234,0.0251951172463731,0.35,12.6013738990387,176,0.0407079895494168,1,1.00386179070317,"Noise (HM.RMSE) | Noise (HM.MAE) | Noise (HM.SE)","Noise (LM.RMSE) | Noise (LM.MAE)",-0.180235161835247,"HM","SE | AICc | Intercept",2,2,0.35,0.35,0.0263822426505543,2,0.5,1,0.05,0.025,20,"LGR3 Mar2023",0.897393175801846,0.126617600297645,FALSE,"wassmann | mad | 0.95",TRUE,"uptake",0.882922216158342,FALSE,-0.0142477963422959,TRUE,FALSE,FALSE,0.88481289763637,0.985981308411182,FALSE,TRUE,"CO2 slope <= 0",FALSE,"soil"
"45005_MI_Soil_166",-0.302950193027924,425.251163920781,422.093061360932,-0.0240527540899221,0.671705014009842,0.83493648466869,335.637396549062,0.0240588224956998,-7.94151086528015,0.544135973445711,2.55847523620222e-24,-0.303924926345459,425.252952702753,46.931942666622,-0.0241301431173249,0.671812658256549,0.835061722360885,337.803746159533,0.096222161474058,-31.6598452884665,0.544000451743122,6.37821915177811e-05,424.881,421.357,0.033320990680534,0.35,12.595239276772,133,0.0687221545426347,1,1.00321747052805,"Noise (HM.RMSE) | Noise (HM.MAE) | Noise (HM.SE)","Noise (LM.RMSE) | Noise (LM.MAE)",-0.302950193027924,"LM","RMSE | SE | AICc | Intercept",3,1,0.35,0.35,0.0303488489333442,2,0.5,1,0.05,0.033,20,"LGR3 Mar2023",0.897393175801846,0.16745461785626,FALSE,"wassmann | mad | 0.95",TRUE,"uptake",0.885032307519257,FALSE,-0.0240527540899221,TRUE,FALSE,FALSE,0.833967606717672,0.929322429906489,FALSE,TRUE,"CO2 slope <= 0",FALSE,"soil"
"45005_MI_Soil_167",-0.507158209795639,421.649957250905,415.599511644141,-0.0402868854614981,0.607945804762338,0.764643192396825,355.942301641307,0.0180104480301284,-3.5512484432394,0.83986180972492,9.35289197565699e-62,-0.510701091219262,421.657244733409,28.7275018818128,-0.0405683196478335,0.608581702055058,0.764957906886716,358.177343952284,0.0723148300026165,-14.1599129600389,0.839731362585051,0.000103245733838875,421.784,414.693,0.029143518231188,0.35,12.5886676020246,152,0.115105387032852,1,1.006985751892,"Noise (HM.RMSE) | Noise (HM.MAE) | Noise (HM.SE)","Noise (LM.RMSE) | Noise (LM.MAE)",-0.510701091219262,"HM","SE | AICc",2,2,0.35,0.35,0.0283887486978834,2,0.5,1,0.05,0.029,20,"LGR3 Mar2023",0.897393175801846,0.146460041206032,FALSE,"wassmann | mad | 0.95",TRUE,"uptake",0.878581218728779,FALSE,-0.0402868854614981,TRUE,FALSE,FALSE,0.792557524423135,0.883177570093468,FALSE,TRUE,"CO2 slope <= 0",FALSE,"soil"
"45007_BL60_Water_168",2.24586174833198,409.903521258801,459.426830806277,0.414955755246756,10.8637920238311,13.1021326213779,972.199806261395,0.187133291145519,8.33236023029934,0.543784575789057,3.12956177794921e-22,2.24497638231509,409.905409266371,26898.0069957302,0.414792170945771,10.8599892037171,13.1051218697781,974.394711586785,0.743236620513876,33.1066565496528,0.543578549321573,1.56595658466419e-05,424.968,486.101,0.0157404668975024,0.35,5.41229208158944,121,1.18558787213359,1,0.999605778932051,"Noise (HM.RMSE) | Noise (HM.MAE) | Noise (HM.SE)","Noise (LM.RMSE) | Noise (LM.MAE) | Noise (LM.SE)",2.24586174833198,"LM","RMSE | SE | AICc | Intercept",3,1,0.35,0.35,0.0318181818181818,2,0.5,1,0.05,0.016,20,"LGR3 Mar2023",0.897393175801846,0.0791040035137011,FALSE,"wassmann | mad | 0.95",TRUE,"emission",0.885213529580856,FALSE,0.414955755246756,NA,TRUE,FALSE,0.844975350112475,0.941588785046717,FALSE,TRUE,"convex (accelerating) trace",FALSE,"water"
"45007_BL60_Water_169",-0.0699632354619753,433.690254669738,432.160326683749,-0.0129258375672693,3.62187099330211,4.11517587891201,686.275722314934,0.0595178820559601,-85.0702253304277,0.00319813500755051,0.242161291550527,-1.69583642763882,439.472624086601,430.988986276623,-0.313308926603762,2.98441464135239,3.52374411777806,651.178856649053,0.761807268453369,-44.9222139610518,0.26912893757413,0.0369309644779124,439.59,439.971,0.0158713236716394,0.35,5.41266553117884,120,0.0369309644779124,1,24.2389651713649,"Noise (HM.RMSE) | Noise (HM.MAE) | Noise (HM.SE) | Exaggerated curvature (g-fact)","Noise (LM.RMSE) | Noise (LM.MAE) | Noise (LM.SE) | No detect. flux (p-val.)",-0.0699632354619753,"LM","SE | g-fact. > 2 | p-value | Intercept",1,3,0.35,0.35,0.0319504825211347,2,0.5,1,0.05,0.016,20,"LGR3 Mar2023",0.897393175801846,0.079761653780299,TRUE,"wassmann | mad | 0.95",FALSE,"below detection",0.915671334002675,FALSE,-0.0129258375672693,NA,FALSE,FALSE,0.966584705711743,1.07710280373825,FALSE,FALSE,"CO2 slope <= 0",FALSE,"water"
"45007_BL60_Water_170",-1.94319749176232,461.088124834883,418.236051331882,-0.359000322536562,4.83175980701033,5.63224674617679,767.887293146286,0.0804407672425217,-4.1396084331896,0.829194787712302,1.04809644082961e-47,-7.96362308249213,476.81565424663,424.544609477667,-1.471257176532,0.98703079409528,1.28363017355942,412.15344976538,0.212137550025457,-2.66383212550374,0.991128080176456,0.028146695422579,471.505,428.056,0.0157394635658157,0.35,5.41280152071288,121,1.02571520724732,1,4.09820572342845,"Noise (HM.RMSE) | Noise (HM.MAE) | Noise (HM.SE) | Exaggerated curvature (g-fact)","Noise (LM.RMSE) | Noise (LM.MAE) | Noise (LM.SE)",-1.94319749176232,"LM","SE | g-fact. > 2 | Intercept",1,3,0.35,0.35,0.0318181818181818,2,0.5,1,0.05,0.016,20,"LGR3 Mar2023",0.897393175801846,0.0790996178774923,FALSE,"wassmann | mad | 0.95",TRUE,"uptake",0.982150668438616,FALSE,-0.359000322536562,NA,FALSE,FALSE,0.645787612492914,0.719626168224296,FALSE,FALSE,"CO2 slope <= 0",FALSE,"water"
"45007_BL60_Water_171",1.13888909049766,434.484403969574,459.385881877275,0.210405389755826,0.566051049111837,0.704126450101796,262.56078716132,0.0101824713284015,0.894070494955056,0.990576477661283,1.34720525171435e-121,1.19186830527766,434.294801443718,719.501272723083,0.220193096414667,0.553691660095455,0.698765348193422,262.867404566511,0.0416577272476532,3.49516192881296,0.990719429644905,0.00077204803743385,435.782,459.351,0.0158734084955927,0.35,5.41283230348485,120,0.601158256445218,1,1.046518326694,"Noise (HM.RMSE) | Noise (HM.MAE) | Noise (HM.SE)","Noise (LM.RMSE) | Noise (LM.MAE)",1.19186830527766,"HM","SE | AICc",2,2,0.35,0.35,0.0319504825211347,2,0.5,1,0.05,0.016,20,"LGR3 Mar2023",0.897393175801846,0.0797727999733728,FALSE,"wassmann | mad | 0.95",TRUE,"emission",0.907739223536371,FALSE,0.210405389755826,NA,FALSE,FALSE,0.631110621299854,0.703271028037336,FALSE,FALSE,NA,FALSE,"water"
"Mar_22_T1_10_FLM30_stem",0.382440246365027,425.326294399793,471.949239831658,0.137865920255817,0.663137033839027,0.767945140429429,87.6173022644296,0.00369158827519857,0.965271911177221,0.996841760586684,4.6445450513025e-43,0.465036942287504,423.763491542045,565.662108676569,0.167641210910173,0.186009404226034,0.225803542234823,4.49273486455681,0.00496371300113538,1.06738036266947,0.999726947500088,0.00118141539569229,423.693,470.914,0.00286252702545738,0.35,2.77400133155018,35,0.393902629302334,1,1.21597281328922,"","Noise (LM.RMSE) | Noise (LM.MAE)",0.465036942287504,"HM","",0,4,0.35,0.35,0.0591607978309962,2,0.5,1,0.05,0.0029,20,"LGR3 Mar2022",2.97313907310044,0.046434258073859,FALSE,"wassmann | mad | 0.95",TRUE,"emission",0.957530763754703,FALSE,0.137865920255817,FALSE,FALSE,FALSE,0.245315424226208,0.0825105782792693,FALSE,FALSE,NA,FALSE,"stem"
"Mar_22_T1_11_FLM30_stem",0.28394070789213,418.615382346219,456.313984801707,0.102441019375763,0.685494715140215,0.995170984567982,114.17731670369,0.00421502120305504,1.48447231619086,0.991910638472425,1.78102044905254e-39,0.369262935893089,416.880108555678,507.479354580379,0.13322384046794,0.485426570255756,0.61847095192712,80.5330656614065,0.0125999862562618,3.4121990136345,0.996875666047885,0.00147047405263856,415.03,454.797,0.00262900805445565,0.35,2.77174816906702,38,0.292688626787895,1,1.30049311574363,"Noise (HM.RMSE) | Noise (HM.MAE)","Noise (LM.RMSE) | Noise (LM.MAE)",0.369262935893089,"HM","",0,4,0.35,0.35,0.0567774973957669,2,0.5,1,0.05,0.0026,20,"LGR3 Mar2022",2.97313907310044,0.0427351303592839,FALSE,"wassmann | mad | 0.95",TRUE,"emission",0.937952698961547,FALSE,0.102441019375763,FALSE,FALSE,FALSE,0.354344501660029,0.119181946403372,FALSE,FALSE,NA,FALSE,"stem"
"Mar_22_T1_12_FLM30_stem",0.960903523676183,444.685591410931,579.46338746225,0.347454108247635,5.55685709800006,6.3786776401684,268.418614078461,0.0249243893368177,2.59384930148482,0.974414713445596,4.48613547828062e-32,1.69357378931416,429.98901252166,626.169912667556,0.612381114460372,1.03312062771628,1.29379099019191,143.264072660812,0.0304871969092522,1.80016938745837,0.998947414893127,0.00312151241025479,428.367,570.234,0.00248892218804048,0.35,2.76555522259456,40,0.992726023564671,1,1.76248056915741,"Noise (HM.RMSE) | Noise (HM.MAE)","Noise (LM.RMSE) | Noise (LM.MAE) | Intercept (LM)",1.69357378931416,"HM","Intercept (LM)",0,4,0.35,0.35,0.0553398590529466,2,0.5,1,0.05,0.0025,20,"LGR3 Mar2022",2.97313907310044,0.0405069517498649,FALSE,"wassmann | mad | 0.95",TRUE,"emission",0.968093833689278,FALSE,0.347454108247635,FALSE,FALSE,FALSE,1.02738938351145,0.345557122708044,FALSE,FALSE,NA,FALSE,"stem"
"Mar_22_T1_13_FLM30_stem",0.476258139137844,448.168416584469,497.919505598665,0.172469568034716,1.34180633897936,1.68949123808077,123.525035378766,0.0102403722779052,2.1501726556197,0.986763939627668,4.6596446274577e-28,0.518815752333795,447.466323047745,761.035847473001,0.187881153814187,1.33217582132813,1.65904962129346,125.111007259765,0.042345783249586,8.16200800748657,0.987236622829831,0.000599169049219805,444.834,499.798,0.00333891159669006,0.35,2.76140390774319,30,0.492770194384902,1,1.08935829059634,"Noise (HM.RMSE) | Noise (HM.MAE)","Noise (LM.RMSE) | Noise (LM.MAE)",0.518815752333795,"HM","AICc",1,3,0.35,0.35,0.0639009650422694,2,0.5,1,0.05,0.0033,20,"LGR3 Mar2022",2.97313907310044,0.0539237241218348,FALSE,"wassmann | mad | 0.95",TRUE,"emission",1.00530865453066,FALSE,0.172469568034716,FALSE,FALSE,FALSE,0.406762327349459,0.136812411847684,FALSE,FALSE,NA,FALSE,"stem"
"Mar_22_T1_14_FLM30_stem",0.399419078140115,435.34102504996,505.90903677161,0.144784595215106,4.0076495440702,4.47871373043244,298.349181596811,0.012424102102899,3.11054298176028,0.954694276404644,3.9927330443794e-34,0.81567084895703,425.09308607914,518.044686914797,0.295670838370863,0.928524695944752,1.29219559197622,176.417020297462,0.024186007644093,2.96516758874229,0.996228596731234,0.00318091174022516,428.274,497.709,0.00197696434917676,0.35,2.75871253807562,50,0.413670272043159,1,2.04214293607401,"Noise (HM.RMSE) | Noise (HM.MAE) | Exaggerated curvature (g-fact)","Noise (LM.RMSE) | Noise (LM.MAE) | Intercept (LM)",0.399419078140115,"LM","g-fact. > 2 | Intercept (LM)",0,4,0.35,0.35,0.0494974746830583,2,0.5,1,0.05,0.002,20,"LGR3 Mar2022",2.97313907310044,0.0323228957472894,FALSE,"wassmann | mad | 0.95",TRUE,"emission",0.967883657073121,FALSE,0.144784595215106,FALSE,FALSE,FALSE,0.502162770104041,0.16889985895627,FALSE,FALSE,NA,FALSE,"stem"
"Mar_22_T1_15_FLM30_stem",0.169767463711417,431.485042799492,454.484926495306,0.0563999109491336,1.11319491553349,1.31766372037772,148.994677547527,0.00520186671877691,3.06411287831891,0.962899289011917,1.90099698668422e-30,0.315808730927312,428.677842389527,460.786636854395,0.104917537859532,0.431740755961272,0.512133301667526,72.0616098974608,0.0126922293296167,4.01896087304124,0.994395471407326,0.00326756390602981,428.965,452.326,0.00257711144226064,0.35,3.01006616596484,42,0.16114260271181,1,1.86024297013795,"Noise (HM.RMSE) | Noise (HM.MAE)","Noise (LM.RMSE) | Noise (LM.MAE) | Intercept (LM)",0.315808730927312,"HM","Intercept (LM)",0,4,0.35,0.35,0.0540061724867322,2,0.5,1,0.05,0.0026,20,"LGR3 Mar2022",2.97313907310044,0.0419881806914222,FALSE,"wassmann | mad | 0.95",TRUE,"emission",0.9694452919308,FALSE,0.0563999109491336,FALSE,FALSE,FALSE,0.311361884594818,0.104724964739078,FALSE,FALSE,NA,FALSE,"stem"
"Mar_22_T1_16_FLM30_stem",0.263689010366214,456.821802739976,505.690433680845,0.0877407793901976,3.963164783726,4.28396948694376,334.068146393783,0.0106096145981432,4.02353309431004,0.916754668909727,1.38781171759489e-31,0.263928733300194,456.812793706386,12346.2013189756,0.0878205456157068,3.96538933658398,4.29115652410646,336.575639776315,0.0422521492468779,16.0089235903012,0.916477977813251,7.38646444508533e-06,463.851,510.331,0.00188517143704058,0.35,3.00531876054515,57,0.25068794111485,1,1.00090911234278,"Noise (HM.RMSE) | Noise (HM.MAE)","Noise (LM.RMSE) | Noise (LM.MAE)",0.263689010366214,"LM","RMSE | MAE | AICc | Intercept",3,1,0.35,0.35,0.0463586324972765,2,0.5,1,0.05,0.0019,20,"LGR3 Mar2022",2.97313907310044,0.0308914983632609,FALSE,"wassmann | mad | 0.95",TRUE,"emission",1.04828638258924,FALSE,0.0877407793901976,FALSE,TRUE,FALSE,0.597039034601802,0.200811001410438,FALSE,TRUE,"convex (accelerating) trace",FALSE,"stem"
"Mar_22_T1_17_FLM30_stem",-0.0327919320300434,425.380832721765,422.337490965404,-0.0109268730527473,5.28976631240447,6.0388207562044,193.554542648944,0.0419102702003544,-127.806651227372,-0.0140445336819199,0.440769453646277,-0.0325654192711184,425.36676413485,0,-0.0108513948479458,5.29102088082558,6.03953157651419,196.268036004696,0.129000804551867,-396.128185784715,-0.0142826403702656,2.55106786963396e-05,421.37,418.307,0.00375774943303384,0.35,3.00103532563678,29,0.0312196372935638,1,0.993092424114643,"Noise (HM.RMSE) | Noise (HM.MAE) | Noise (HM.SE)","Noise (LM.RMSE) | Noise (LM.MAE) | No detect. flux (p-val.)",-0.0327919320300434,"LM","SE | AICc | p-value | Intercept",2,2,0.35,0.35,0.0649933683619681,2,0.5,1,0.05,0.0038,20,"LGR3 Mar2022",2.97313907310044,0.0606234353935773,TRUE,"wassmann | mad | 0.95",FALSE,"below detection",0.952280868278021,FALSE,-0.0109268730527473,TRUE,TRUE,FALSE,1.40427355021797,0.472320169252482,FALSE,TRUE,"CO2 slope <= 0; convex (accelerating) trace",TRUE,"stem"
"Mar_22_T1_18_FLM30_stem",1.58697955337346,456.053429764865,682.496409550707,0.529462056925397,9.93076099553038,10.8377335085061,341.173573085268,0.0396862426122372,2.50074063826945,0.97379729707977,4.61070197155098e-35,2.58111587343689,435.278215043821,793.741434748759,0.861134547453798,5.21655917356456,5.864701090051,289.559965335279,0.122103151951246,4.73063426589443,0.99232707556146,0.00240229541028679,446.114,676.574,0.00244718186565349,0.35,2.99734330839325,44,1.51274873407256,1,1.62643297322273,"Noise (HM.RMSE) | Noise (HM.MAE) | Noise (HM.SE)","Noise (LM.RMSE) | Noise (LM.MAE)",2.58111587343689,"HM","SE",1,3,0.35,0.35,0.0527644853011086,2,0.5,1,0.05,0.0024,20,"LGR3 Mar2022",2.97313907310044,0.0399109188483814,FALSE,"wassmann | mad | 0.95",TRUE,"emission",1.00820140795733,FALSE,0.529462056925398,FALSE,FALSE,FALSE,1.8660745945412,0.627644569816651,FALSE,FALSE,NA,FALSE,"stem"
"Mar_22_T1_19_FLM30_stem",0.518663929608475,410.736317390866,460.66058440341,0.173090917030128,0.684509291012889,0.75885601326864,75.5027953900753,0.00499163896165756,0.962403336091949,0.9973209100975,8.98403884651167e-38,0.613780909358925,409.314813032966,581.534290439388,0.204833793891779,0.262119085074202,0.326330385488207,27.5456144886515,0.00960429776225949,1.56477622809919,0.99950456856874,0.00118937646877414,409.549,459.738,0.0036235917993552,0.35,2.9964826491629,30,0.494545477228938,1,1.1833884608522,"","Noise (LM.RMSE) | Noise (LM.MAE)",0.613780909358925,"HM","",0,4,0.35,0.35,0.0639009650422694,2,0.5,1,0.05,0.0036,20,"LGR3 Mar2022",2.97313907310044,0.0585213190686033,FALSE,"wassmann | mad | 0.95",TRUE,"emission",0.925565838390002,FALSE,0.173090917030128,FALSE,FALSE,FALSE,0.270475980557072,0.0909732016925177,FALSE,FALSE,NA,FALSE,"stem"
"Mar_22_T1_20_FLM30_stem",0.484165422269874,422.220154897066,494.543690965049,0.1615919245235,1.90282310569461,2.24661963829553,211.581030350799,0.00768559583519983,1.58739048302294,0.988785202632457,9.1354742172663e-45,0.705089580799221,417.263902696758,551.589743045897,0.235326144912731,0.480047550457787,0.572128251510772,88.1458819046788,0.0102586348885979,1.45494064413343,0.999272690740702,0.0017519052499584,416.81,490.873,0.00233782987610886,0.35,2.99622288488472,46,0.461691212924285,1,1.45629891844322,"Noise (HM.RMSE) | Noise (HM.MAE)","Noise (LM.RMSE) | Noise (LM.MAE)",0.705089580799221,"HM","",0,4,0.35,0.35,0.051604684654214,2,0.5,1,0.05,0.0023,20,"LGR3 Mar2022",2.97313907310044,0.0381620850484408,FALSE,"wassmann | mad | 0.95",TRUE,"emission",0.94197543419551,FALSE,0.1615919245235,FALSE,FALSE,FALSE,0.296684893401787,0.0997884344146736,FALSE,FALSE,NA,FALSE,"stem"
"Mar_22_T1_21_FLM30_stem",0.22986163048456,446.03611444899,481.895035315703,0.0767104656909413,2.9025908120371,3.56951408139321,264.916783320907,0.0114456003588667,4.97934358802675,0.895398778237594,2.11423079269514e-24,0.730803047932091,436.461362282095,478.783716329972,0.243886907166943,0.836447216069224,0.940094614055586,139.217955214652,0.0285566217467316,3.90756741197735,0.992744594544852,0.00576260259273493,434.713,477.389,0.00223876881208571,0.35,2.99648331442347,48,0.219172759116975,1,3.17931725443486,"Noise (HM.RMSE) | Noise (HM.MAE) | Exaggerated curvature (g-fact)","Noise (LM.RMSE) | Noise (LM.MAE) | Intercept (LM)",0.22986163048456,"LM","g-fact. > 2 | Intercept (LM)",0,4,0.35,0.35,0.0505181485540923,2,0.5,1,0.05,0.0022,20,"LGR3 Mar2022",2.97313907310044,0.0365754034760844,FALSE,"wassmann | mad | 0.95",TRUE,"emission",0.982435562787439,FALSE,0.0767104656909413,FALSE,FALSE,FALSE,0.529420039462519,0.178067700987304,FALSE,FALSE,NA,FALSE,"stem"
"Mar_22_T1_22_FLM30_stem",0.240607788462378,424.188039540824,454.54069516382,0.0803058913656831,2.16634337120877,2.622342185881,192.560214710821,0.0115384717180695,4.79555204418233,0.919463070278789,4.7680351367421e-22,0.61963016788924,418.019358534688,454.614052210529,0.206809402419631,0.933752510643903,1.15709462622091,131.234830173638,0.0408719956609362,6.59619201566089,0.984319709681716,0.00565134946207125,417.265,453.151,0.00276715514269261,0.35,2.99614118429667,39,0.229445403901952,1,2.57527061716927,"Noise (HM.RMSE) | Noise (HM.MAE) | Exaggerated curvature (g-fact)","Noise (LM.RMSE) | Noise (LM.MAE) | Intercept (LM)",0.240607788462378,"LM","g-fact. > 2 | Intercept (LM)",0,4,0.35,0.35,0.0560448538317805,2,0.5,1,0.05,0.0028,20,"LGR3 Mar2022",2.97313907310044,0.0450085077533313,FALSE,"wassmann | mad | 0.95",TRUE,"emission",0.943003717640146,FALSE,0.0803058913656831,FALSE,FALSE,FALSE,0.755865046440557,0.254231311706629,FALSE,FALSE,NA,FALSE,"stem"
"Mar_22_T1_23_FLM30_stem",0.141431158425092,430.079315354317,448.395348286908,0.0472167360058432,2.39498419481657,2.96442623085781,207.116429297348,0.0125460386343799,8.8707741448818,0.763750832585725,1.10282109869723e-13,0.768182559482852,421.717375867604,444.595505444476,0.256457442046658,0.959717545810632,1.19615508869342,136.98692539461,0.0726625200013367,9.45901714434312,0.961535155944062,0.011209720671655,422.175,446.777,0.00269565062514138,0.35,2.99536076376795,40,0.134904960016695,1,5.43149450260435,"Noise (HM.RMSE) | Noise (HM.MAE) | Noise (HM.SE) | Exaggerated curvature (g-fact)","Noise (LM.RMSE) | Noise (LM.MAE) | Intercept (LM)",0.141431158425092,"LM","SE | g-fact. > 2 | Intercept (LM)",1,3,0.35,0.35,0.0553398590529466,2,0.5,1,0.05,0.0027,20,"LGR3 Mar2022",2.97313907310044,0.0438714687040237,FALSE,"wassmann | mad | 0.95",TRUE,"emission",0.954100138987762,FALSE,0.0472167360058432,FALSE,FALSE,FALSE,0.626917195244745,0.210860366713685,FALSE,FALSE,NA,FALSE,"stem"
"Mar_22_T1_24_SRS6_stem",0.2595866477647,470.580567608539,493.885883315478,0.0867704039299089,0.922075542813526,1.14753830398163,94.1672242546711,0.00837880415021131,3.22774850800731,0.972612304116315,4.68607366242689e-22,0.457037969097675,468.077132913226,501.991167862724,0.152771221214188,0.229053113487838,0.293177699803337,20.4890115836683,0.0128219211749212,2.80543894421625,0.998212347990961,0.0045046607235525,467.757,491.969,0.00388401984701262,0.35,2.99164964098114,28,0.24791543979974,1,1.76063743275406,"","Noise (LM.RMSE) | Noise (LM.MAE) | Intercept (LM)",0.2595866477647,"LM","Intercept (LM)",0,4,0.35,0.35,0.0661437827766148,2,0.5,1,0.05,0.0039,20,"LGR3 Mar2022",2.97313907310044,0.0625889101878144,FALSE,"wassmann | mad | 0.95",TRUE,"emission",1.05711380046781,FALSE,0.0867704039299089,FALSE,FALSE,FALSE,0.361682997256544,0.121650211565574,FALSE,FALSE,NA,TRUE,"stem"
"Mar_22_T1_25_SRS6_stem",1.04805073515047,438.948008826642,519.094628004092,0.350379987677654,2.20634798715859,2.8019498144208,124.7641953759,0.0259552925652469,2.47653016163578,0.986081438062957,3.94133279658858e-22,1.5210397966169,433.639072404676,583.17002390448,0.508507734713183,0.963443992710078,1.29218421528653,90.5183436327314,0.0620337668364549,4.07837894671991,0.997039789976892,0.00340068547423006,433.371,514.374,0.00455691219681608,0.35,2.99118320682933,24,1.00108567907901,1,1.45130359209044,"Noise (HM.RMSE) | Noise (HM.MAE)","Noise (LM.RMSE) | Noise (LM.MAE)",1.04805073515047,"LM","",0,4,0.35,0.35,0.071443450831176,2,0.5,1,0.05,0.0046,20,"LGR3 Mar2022",2.97313907310044,0.0730260085044615,FALSE,"wassmann | mad | 0.95",TRUE,"emission",0.979402691616665,FALSE,0.350379987677654,FALSE,FALSE,FALSE,1.23077054718612,0.413963328631866,FALSE,FALSE,NA,TRUE,"stem"
"Mar_22_T1_26_SRS6_stem",0.341069134577745,429.903280220018,476.415273338792,0.114047502948472,2.0043992321092,2.39884295433433,199.321283311099,0.00940805751592486,2.75840190803907,0.969725401468613,3.24700315335842e-32,0.60995696503062,424.654472576376,491.621725157018,0.203958850905384,0.61850372583727,0.74076375049443,103.065741369988,0.017712043092208,2.90381848354151,0.997113083632521,0.00304565056868324,425.356,471.053,0.00256024735341982,0.35,2.99058835800941,42,0.325850008424206,1,1.78836752784965,"Noise (HM.RMSE) | Noise (HM.MAE)","Noise (LM.RMSE) | Noise (LM.MAE)",0.60995696503062,"HM","",0,4,0.35,0.35,0.0540061724867322,2,0.5,1,0.05,0.0026,20,"LGR3 Mar2022",2.97313907310044,0.0417134841721029,FALSE,"wassmann | mad | 0.95",TRUE,"emission",0.96128908324576,FALSE,0.114047502948472,FALSE,FALSE,FALSE,0.571354300013968,0.192172073342721,FALSE,FALSE,NA,FALSE,"stem"
"Mar_22_T1_28_SRS6_stem",2.4052079743857,558.113356929725,877.94955741485,0.80392364948034,9.83278587838177,11.6431526628699,324.288505113854,0.0473996969419143,1.97071095084908,0.984696976376593,3.12949691146951e-37,3.6752807836096,533.079220033753,1082.65903324722,1.22843644786228,2.85311123554083,3.46102065903704,227.272280599769,0.0764222621448348,2.07935846658709,0.998647789050933,0.00223522847514986,533.806,860.215,0.00262544431489053,0.35,2.99183632169601,41,2.29692471280097,1,1.52805113850842,"Noise (HM.RMSE) | Noise (HM.MAE) | Noise (HM.SE)","Noise (LM.RMSE) | Noise (LM.MAE)",3.6752807836096,"HM","SE",1,3,0.35,0.35,0.0546608166610121,2,0.5,1,0.05,0.0026,20,"LGR3 Mar2022",2.97313907310044,0.042752801078388,FALSE,"wassmann | mad | 0.95",TRUE,"emission",1.20638213724759,FALSE,0.80392364948034,FALSE,FALSE,FALSE,2.0154653977558,0.677891396332845,FALSE,FALSE,NA,FALSE,"stem"
"Mar_22_T1_29_SRS6_stem",0.487249551466925,598.016834365518,643.366481583064,0.162831265363222,2.91144358973252,3.33563734355766,159.128933505971,0.0230832975990295,4.73746923512488,0.940748404998413,2.58427100477339e-18,1.10085038730163,590.404872862312,647.338896812474,0.367887176089243,0.586066606930417,0.697036766500198,71.0319086342067,0.0347555582631914,3.15715547399525,0.997412658443992,0.00646164016812292,590.918,637.694,0.00374704583661523,0.35,2.99235868725846,29,0.465232186752063,1,2.25931534259474,"Noise (HM.RMSE) | Noise (HM.MAE) | Exaggerated curvature (g-fact)","Noise (LM.RMSE) | Noise (LM.MAE) | Intercept (LM)",0.487249551466925,"LM","g-fact. > 2 | Intercept (LM)",0,4,0.35,0.35,0.0649933683619681,2,0.5,1,0.05,0.0037,20,"LGR3 Mar2022",2.97313907310044,0.0604505699620303,FALSE,"wassmann | mad | 0.95",TRUE,"emission",1.33545317920381,FALSE,0.162831265363222,FALSE,FALSE,FALSE,0.827153289378128,0.278208744710875,FALSE,FALSE,NA,FALSE,"stem"
"Mar_22_T1_30_SRS6_stem",0.663249261685721,537.672195948731,641.26953473485,0.221617547662907,2.45663438564407,3.0097832665369,248.542888615876,0.00963902969757726,1.45330424840257,0.990168678607653,4.84691789909212e-48,0.944737602618938,531.022729485223,731.632382900754,0.315673823963565,0.435090074372011,0.545127441381687,86.9017070171157,0.00900454551127284,0.953126612755864,0.999677494194813,0.00157357245072199,529.302,634.981,0.00223598126765668,0.35,2.99276509771041,48,0.633192993322591,1,1.4244080727927,"Noise (HM.RMSE) | Noise (HM.MAE)","Noise (LM.RMSE) | Noise (LM.MAE)",0.944737602618938,"HM","",0,4,0.35,0.35,0.0505181485540923,2,0.5,1,0.05,0.0022,20,"LGR3 Mar2022",2.97313907310044,0.0365299420216178,FALSE,"wassmann | mad | 0.95",TRUE,"emission",1.1962032611275,FALSE,0.221617547662907,FALSE,FALSE,FALSE,0.505307839645388,0.169957686882923,FALSE,FALSE,NA,FALSE,"stem"
"Mar_22_T1_31_SRS6_root",1.45157697018045,462.234666235346,602.158152253076,0.485065627497105,3.81891592805184,4.44017991430954,181.501082727201,0.0291656101070113,2.00923621042194,0.988423467919519,7.13675391962802e-29,2.12418312205463,452.632270825008,710.166015480423,0.709826788509945,0.332872068704362,0.393066593408688,38.7097380368415,0.0135065802136187,0.635848203169716,0.999909278627172,0.00275624768885998,453.007,593.654,0.00361838316548457,0.35,2.99253727309119,30,1.38590179284887,1,1.46336237463905,"Noise (HM.RMSE)","Noise (LM.RMSE) | Noise (LM.MAE)",2.12418312205463,"HM","",0,4,0.35,0.35,0.0639009650422694,2,0.5,1,0.05,0.0036,20,"LGR3 Mar2022",2.97313907310044,0.0584374109888412,FALSE,"wassmann | mad | 0.95",TRUE,"emission",1.02377933715267,FALSE,0.485065627497105,FALSE,FALSE,FALSE,1.04730815727341,0.352256699576876,FALSE,FALSE,NA,FALSE,"root"
"Mar_22_T1_32_SRS6_stem",1.81161871181347,675.132198071713,1041.1536703731,0.597778342286984,5.17676714616003,6.68581383221154,1280.59542651033,0.00824876549159704,0.455325695070782,0.996055696447429,1.45693515585656e-230,2.19723829605711,662.800517114383,1788.00098926095,0.725020920606242,3.25819805026216,4.01882649219437,1087.22643847158,0.0228519815633655,1.04003200765128,0.998574850959096,0.000644348219320514,653.76618303,1037.9566285,0.000123535432784341,0.025,3.03058606118544,192,23.9111336914793,1,1.21285913074812,"Noise (HM.RMSE) | Noise (HM.MAE) | Noise (HM.SE)","Noise (LM.RMSE) | Noise (LM.MAE) | Noise (LM.SE)",2.19723829605711,"HM","SE",1,3,0.025,0.025,0.00180421959121758,2,0.5,1,0.05,0.00012,20,"Picarro Mar2022",1.41591458481546,0.0136642286832133,FALSE,"wassmann | mad | 0.95",TRUE,"emission",1.20935392022461,FALSE,0.597778342286984,FALSE,FALSE,FALSE,0.77279456788977,0.54579179858543,FALSE,FALSE,NA,FALSE,"stem"
"Mar_22_T1_33_SRS6_stem",3.03781657100823,465.359968403962,1053.50972169788,1.10174239528945,7.7162202210572,20.6218505987375,1535.32253304271,0.0280737789552743,0.924143321331505,0.985604900064676,1.04931868220883e-158,3.08183011824023,463.936619956114,20799.6739989755,1.1177050414266,7.40916046271624,20.6443987820158,1537.79512517398,0.113901371971778,3.6959004098778,0.98557364514636,5.49626020731244e-05,667.14507383,1049.6897034,0.000128884550706787,0.025,2.75728390229562,172,44.0696958115782,1,1.0144885466924,"Noise (HM.RMSE) | Noise (HM.MAE) | Noise (HM.SE)","Noise (LM.RMSE) | Noise (LM.MAE) | Noise (LM.SE)",3.03781657100823,"LM","RMSE | SE | AICc | Intercept",3,1,0.025,0.025,0.00190623212915756,2,0.5,1,0.05,0.00013,20,"Picarro Mar2022",1.41591458481546,0.0142502164704016,FALSE,"wassmann | mad | 0.95",TRUE,"emission",1.23410254512632,FALSE,1.10174239528945,FALSE,FALSE,FALSE,2.34195945945839,1.65402594519049,TRUE,TRUE,"closure sigma = 2.34 ppm = 1.7x campaign sigma (disturbed closure?)",FALSE,"stem"
"Mar_22_T1_34_SRS6_stem",4.85128877156565,619.182311399176,1527.00905026659,1.7610776799951,8.42543928756746,9.80215623068057,1235.05973299666,0.0140605350777101,0.289830924106635,0.998615874094418,1.4258128360577e-236,5.52774130277533,598.957849906741,4492.84830344013,2.00663829499537,2.99071084214147,3.51216149492698,896.40495083923,0.0219946615323069,0.397895999967726,0.999822302502705,0.000515329930038096,607.32320824,1505.3747967,0.000133337559147947,0.025,2.75472730514598,166,70.4431071998041,1,1.13943769646831,"Noise (HM.RMSE) | Noise (HM.MAE) | Noise (HM.SE)","Noise (LM.RMSE) | Noise (LM.MAE) | Noise (LM.SE)",5.52774130277533,"HM","SE",1,3,0.025,0.025,0.00194037631426583,2,0.5,1,0.05,0.00013,20,"Picarro Mar2022",1.41591458481546,0.0147406343659026,FALSE,"wassmann | mad | 0.95",TRUE,"emission",1.12344248110907,FALSE,1.7610776799951,FALSE,FALSE,FALSE,3.70805467503963,2.61884065239918,TRUE,TRUE,"closure sigma = 3.71 ppm = 2.6x campaign sigma (disturbed closure?)",FALSE,"stem"
"Mar_22_T1_35_SRS6_stem",5.69734748120343,930.758693570554,1978.71379366524,2.07131130725454,8.17473181821002,9.99955513273472,1219.35314254156,0.0148108336095425,0.259960159677922,0.998906405191762,1.62014447685682e-240,5.69779192205861,930.735684503895,4107776.65383616,2.07147288689696,8.17365407940863,9.99056617813263,1221.16217894847,0.0318240323944633,0.558532723374097,0.998908380819764,5.04395082791239e-07,914.16489812,1962.4146622,0.000135647718460639,0.025,2.75059932384335,163,82.8524522901817,1,1.00007800838138,"Noise (HM.RMSE) | Noise (HM.MAE) | Noise (HM.SE)","Noise (LM.RMSE) | Noise (LM.MAE) | Noise (LM.SE)",5.69779192205861,"HM","SE | AICc",2,2,0.025,0.025,0.00195815112496989,2,0.5,1,0.05,0.00014,20,"Picarro Mar2022",1.41591458481546,0.0149948681692287,FALSE,"wassmann | mad | 0.95",TRUE,"emission",1.69104632813719,TRUE,2.07131130725454,FALSE,FALSE,FALSE,5.40325924538411,3.81609124118765,TRUE,TRUE,"C0 > 1.5x group median; closure sigma = 5.40 ppm = 3.8x campaign sigma (disturbed closure?)",FALSE,"stem"
"Mar_22_T1_36_SRS6_stem",3.36676361649809,633.397234231419,1189.45083985779,1.22464471253153,3.77541284329632,5.75319936313709,944.100281366177,0.00989467607696427,0.293892806387641,0.998731916458449,1.3573041875307e-213,3.58730620093313,627.495832639549,5252.2643602933,1.30486605880986,2.77109919230086,5.07818736489667,909.272022582975,0.0364218834256594,1.01529898440745,0.999012023852556,0.000282147322835171,673.70263455,1185.806837,0.000151036022599599,0.025,2.7491758075193,148,48.985788501261,1,1.06550581197751,"Noise (HM.RMSE) | Noise (HM.MAE) | Noise (HM.SE)","Noise (LM.RMSE) | Noise (LM.MAE) | Noise (LM.SE)",3.58730620093313,"HM","SE",1,3,0.025,0.025,0.00205498734131697,2,0.5,1,0.05,0.00015,20,"Picarro Mar2022",1.41591458481546,0.0166893485933165,FALSE,"wassmann | mad | 0.95",TRUE,"emission",1.24623289381932,FALSE,1.22464471253153,FALSE,FALSE,FALSE,3.0253255894086,2.13665825739263,TRUE,TRUE,"closure sigma = 3.03 ppm = 2.1x campaign sigma (disturbed closure?)",FALSE,"stem"
"Mar_22_T1_37_SRS6_stem",3.7607746014618,523.355451653322,1235.83352217817,1.36759903734518,3.78318812824492,4.57660892178457,1005.70950629364,0.0064293488749518,0.170958101888179,0.999506311550724,6.64186639430595e-280,3.9707755172809,516.808047679717,7409.77261290989,1.44396549924485,2.82238991786981,3.50646029109759,917.24792748275,0.020423618167022,0.514348345257444,0.999710196777292,0.000209483957966152,517.71979287,1232.6836452,0.000131708251580777,0.025,2.74991024325546,170,54.703961493807,1,1.05583980378337,"Noise (HM.RMSE) | Noise (HM.MAE) | Noise (HM.SE)","Noise (LM.RMSE) | Noise (LM.MAE) | Noise (LM.SE)",3.9707755172809,"HM","SE",1,3,0.025,0.025,0.00191741247211843,2,0.5,1,0.05,0.00013,20,"Picarro Mar2022",1.41591458481546,0.0145625269090306,FALSE,"wassmann | mad | 0.95",TRUE,"emission",0.957691721195183,FALSE,1.36759903734518,FALSE,FALSE,FALSE,3.42618634053343,2.41976908584495,TRUE,TRUE,"closure sigma = 3.43 ppm = 2.4x campaign sigma (disturbed closure?)",FALSE,"stem"
"Mar_22_T1_38_SRS6_stem",3.05397746000131,600.373912982412,1249.07052930867,1.1100918716952,4.6952980245457,5.60145958671503,1112.11147447308,0.00702414909224511,0.230000030590995,0.999075100855557,4.12025592433839e-266,3.38371740612433,589.171667803759,3999.44886515035,1.22994921797837,1.96988473792262,2.32790055057436,805.128598982906,0.0122660912939923,0.362503419221457,0.999840257377563,0.000360659602373482,585.63811476,1238.8458639,0.000117495611443848,0.025,2.75110334366978,176,44.403674867808,1,1.10797065480728,"Noise (HM.RMSE) | Noise (HM.MAE) | Noise (HM.SE)","Noise (LM.RMSE) | Noise (LM.MAE) | Noise (LM.SE)",3.38371740612433,"HM","SE",1,3,0.025,0.025,0.00188444590361102,2,0.5,1,0.05,0.00012,20,"Picarro Mar2022",1.49622256220728,0.013728982991725,FALSE,"wassmann | mad | 0.95",TRUE,"emission",1.08332882351832,FALSE,1.1100918716952,FALSE,FALSE,FALSE,3.66279273172558,2.44802666678284,TRUE,TRUE,"closure sigma = 3.66 ppm = 2.4x campaign sigma (disturbed closure?)",FALSE,"stem"
"Mar_22_T1_39_SRS6_stem",2.82810636138714,574.223194048647,1274.08503966627,1.02825594743098,23.472113734927,37.545829790063,1428.72442154044,0.0439188342638098,1.55294139087005,0.967332286443363,2.2469357112199e-105,4.45279906816893,515.026014014467,1662.66412972501,1.61896921101444,19.0254361119474,28.928099642893,1357.31217090913,0.189980130940482,4.26653275910348,0.980607440423221,0.00141069662017289,444.49030464,1242.8924886,0.000100875527956241,0.025,2.75039144529427,141,41.1302378972394,1,1.5744807652796,"Noise (HM.RMSE) | Noise (HM.MAE) | Noise (HM.SE)","Noise (LM.RMSE) | Noise (LM.MAE) | Noise (LM.SE) | Intercept (LM)",4.45279906816893,"HM","SE | Intercept (LM)",1,3,0.025,0.025,0.0021053798026663,2,0.5,1,0.05,1e-04,20,"Picarro Mar2022",2.1309171999207,0.0167582735487371,FALSE,"wassmann | mad | 0.95",TRUE,"emission",0.822229883361139,FALSE,1.02825594743098,FALSE,FALSE,FALSE,1.0502032304787,0.492840937469455,FALSE,FALSE,NA,FALSE,"stem"
"Mar_22_T1_40_FLM30_stem",0.747045354099579,445.649704500951,530.278724731046,0.250252888228812,1.05117302996099,1.43781115137503,131.51842551052,0.00743808306346989,0.995666865827054,0.996640392829035,1.28795369517267e-42,0.86611281132428,443.534654071235,769.977363573039,0.290139322032362,0.872279380142027,1.03550540791015,111.101304362222,0.0236522352697284,2.73084925664179,0.998257432752157,0.000888790938156203,441.55,527.635,0.0030804443102424,0.35,2.9851617673101,35,0.71500825208232,1,1.15938450934912,"Noise (HM.RMSE) | Noise (HM.MAE)","Noise (LM.RMSE) | Noise (LM.MAE)",0.86611281132428,"HM","",0,4,0.35,0.35,0.0591607978309962,2,0.5,1,0.05,0.0031,20,"LGR3 Mar2022",2.97313907310044,0.0499691786968421,FALSE,"wassmann | mad | 0.95",TRUE,"emission",0.997886934020362,FALSE,0.250252888228812,FALSE,FALSE,FALSE,0.394182049183983,0.132581100141045,FALSE,FALSE,NA,FALSE,"stem"
"Mar_22_T1_41_FLM30_stem",0.49308112726138,421.67232870197,466.073130312375,0.165339019398039,1.29750573268417,1.72307621639866,116.930784570783,0.0125435800925242,2.54391810982351,0.982816034718105,1.08935595799296e-24,0.58726888235337,420.362329500773,568.645455558187,0.196921877076462,1.27449603935269,1.61394692284336,116.005918588838,0.0527902240824737,8.98910629674892,0.984923764697048,0.00132801271670126,417.573,466.176,0.00387241058127597,0.35,2.98224296392088,28,0.472397198280112,1,1.19101877943518,"Noise (HM.RMSE) | Noise (HM.MAE)","Noise (LM.RMSE) | Noise (LM.MAE)",0.49308112726138,"LM","",0,4,0.35,0.35,0.0661437827766148,2,0.5,1,0.05,0.0039,20,"LGR3 Mar2022",2.97313907310044,0.0624017447795613,FALSE,"wassmann | mad | 0.95",TRUE,"emission",0.943699786433438,FALSE,0.165339019398039,FALSE,FALSE,FALSE,0.401520544780528,0.135049365303257,FALSE,FALSE,NA,TRUE,"stem"
"Mar_22_T1_42_FLM30_stem",0.813676724901668,478.455601504306,581.630338224,0.272977925638595,2.30827390775207,2.93923764017957,201.458638725439,0.0128663686078839,1.58126295297912,0.990585606212806,2.61635024104749e-39,1.12555380479621,472.471612514143,684.606672912797,0.377608617064756,0.80561045207605,1.16494032397668,131.761925387002,0.0256794953674018,2.28149869495144,0.998521128921317,0.00178003869966207,469.794,576.333,0.00275295452095745,0.35,2.98074184203056,39,0.779936930395987,1,1.38329359848929,"Noise (HM.RMSE) | Noise (HM.MAE)","Noise (LM.RMSE) | Noise (LM.MAE)",1.12555380479621,"HM","",0,4,0.35,0.35,0.0560448538317805,2,0.5,1,0.05,0.0028,20,"LGR3 Mar2022",2.97313907310044,0.0447775227212717,FALSE,"wassmann | mad | 0.95",TRUE,"emission",1.06171734635072,FALSE,0.272977925638596,FALSE,FALSE,FALSE,0.745381481302635,0.250705218617755,FALSE,FALSE,NA,FALSE,"stem"
"Mar_22_T1_43_FLM30_stem",0.413388054529963,439.19495618493,473.708289379674,0.13879449540562,1.09128552097589,1.32511381986347,95.5136274092467,0.0107999199084314,2.61253797493285,0.983211618771679,4.98801239532557e-23,0.647228072682631,436.37008703708,493.543089205263,0.217305973832455,0.289869455320682,0.334458548325075,26.7369645549711,0.0149562431258034,2.31081495952622,0.998930484564646,0.00380084944976685,435.786,471.465,0.00417538052437156,0.35,2.97841822416556,26,0.396555701158915,1,1.56566709074008,"","Noise (LM.RMSE) | Noise (LM.MAE)",0.413388054529963,"LM","",0,4,0.35,0.35,0.0686406472983644,2,0.5,1,0.05,0.0042,20,"LGR3 Mar2022",2.97313907310044,0.0671122813902527,FALSE,"wassmann | mad | 0.95",TRUE,"emission",0.98486050374589,FALSE,0.13879449540562,FALSE,FALSE,FALSE,0.262089128446734,0.0881523272214182,FALSE,FALSE,NA,TRUE,"stem"
"Mar_22_T1_44_FLM30_stem",-0.0297694179340722,406.535058105025,403.660650417636,-0.00996553014702943,5.49720335118486,7.28352633469363,211.196296809257,0.0477636916323394,-160.445500607763,-0.0215418944076173,0.538154863862523,-0.117822997228685,407.698638222714,403.816331088561,-0.0394421091301201,5.46249369594209,7.25870233457926,213.6683762563,0.47368224761714,-402.028686044846,-0.0145904424359355,0.0101594510086914,400.938,410.276,0.00361232596863066,0.35,2.9872387614969,30,0.028472943277227,1,3.95785357609672,"Noise (HM.RMSE) | Noise (HM.MAE) | Noise (HM.SE) | Exaggerated curvature (g-fact)","Noise (LM.RMSE) | Noise (LM.MAE) | No detect. flux (p-val.)",-0.0297694179340722,"LM","SE | AICc | g-fact. > 2 | p-value | Intercept",2,2,0.35,0.35,0.0639009650422694,2,0.5,1,0.05,0.0036,20,"LGR3 Mar2022",2.97313907310044,0.0583392216856272,TRUE,"wassmann | mad | 0.95",FALSE,"below detection",0.906105291704803,FALSE,-0.00996553014702944,TRUE,FALSE,FALSE,2.62927813657822,0.884344146685462,FALSE,TRUE,"CO2 slope <= 0",FALSE,"stem"
"Mar_22_T1_45_FLM30_stem",0.735107944828564,451.483401096673,529.842876519823,0.246213686348209,0.91365534914464,1.12617215914164,108.319940621576,0.00637654504702187,0.867429755300625,0.997597812855141,2.18232917308991e-42,0.811517154429766,450.195458364105,882.923621570901,0.271805836860542,0.791871097499891,0.938925973250186,98.9192844717621,0.0226251194925715,2.78800261572654,0.998330217245978,0.000628121439673084,449.38,527.635,0.00327314452178634,0.35,2.98565021194206,33,0.703467675280596,1,1.10394284286918,"Noise (HM.RMSE) | Noise (HM.MAE)","Noise (LM.RMSE) | Noise (LM.MAE)",0.811517154429766,"HM","",0,4,0.35,0.35,0.0609271795844942,2,0.5,1,0.05,0.0033,20,"LGR3 Mar2022",2.97313907310044,0.0530100692714617,FALSE,"wassmann | mad | 0.95",TRUE,"emission",1.01558244912257,FALSE,0.246213686348209,FALSE,FALSE,FALSE,0.377408344963368,0.126939351198866,FALSE,FALSE,NA,FALSE,"stem"
"Mar_22_T1_46_FLM30_stem",0.369704519463054,430.153451332287,488.272109066374,0.124322505329067,4.10356170788748,4.88230282326203,294.982785596081,0.0155354331287697,4.20212150809864,0.923242904840788,1.68784629570562e-27,0.987466590622559,417.581731792566,487.541728511061,0.332060643059618,0.45199044186098,0.548253307949172,87.4506173728613,0.0144215260725806,1.46045711414787,0.999032097467153,0.00474643594389748,416.929,480.604,0.00222166828139916,0.35,2.97375377438292,48,0.355207158083049,1,2.67096164271056,"Noise (HM.RMSE) | Noise (HM.MAE) | Exaggerated curvature (g-fact)","Noise (LM.RMSE) | Noise (LM.MAE) | Intercept (LM)",0.369704519463054,"LM","g-fact. > 2 | Intercept (LM)",0,4,0.35,0.35,0.0505181485540923,2,0.5,1,0.05,0.0022,20,"LGR3 Mar2022",2.97313907310044,0.0362959875323485,FALSE,"wassmann | mad | 0.95",TRUE,"emission",0.942244369865645,FALSE,0.124322505329067,FALSE,FALSE,FALSE,0.621675412675813,0.209097320169258,FALSE,FALSE,NA,FALSE,"stem"
"Mar_22_T1_47_FLM30_stem",0.276924475188782,472.94774517464,498.887246216473,0.0931450564719997,0.754930181151561,0.905775818601533,83.5185551509692,0.00622814137917353,2.24903969753044,0.986027912113349,8.56611975641397e-27,0.410221433205492,471.105848010305,517.862990452708,0.137980214771201,0.257171646268834,0.310751110607239,24.1768490633958,0.0112732095965346,2.74807913093305,0.998355456962897,0.00295099759231798,471.411,497.373,0.00372315460941108,0.35,2.9730453303448,29,0.266128732777142,1,1.48134769570599,"","Noise (LM.RMSE) | Noise (LM.MAE)",0.276924475188782,"LM","",0,4,0.35,0.35,0.0649933683619681,2,0.5,1,0.05,0.0037,20,"LGR3 Mar2022",2.97313907310044,0.0600654059760067,FALSE,"wassmann | mad | 0.95",TRUE,"emission",1.06537170751551,FALSE,0.0931450564719997,FALSE,FALSE,FALSE,0.290394754319064,0.097672778561359,FALSE,FALSE,NA,TRUE,"stem"
"Mar_22_T1_48_FLM30_stem",0.357345067001311,420.495872141723,467.130051350208,0.120228367522755,1.5773494473859,1.85045826117129,169.416414695579,0.00777133637836906,2.1747428734872,0.981880566209901,6.35730488086638e-35,0.576003467469274,416.321955272331,490.897910451215,0.193795753674202,0.212196432238049,0.245383382729381,10.2632626762478,0.00581363042708989,1.00930476211066,0.999681377578865,0.00259863589020549,416.346,463.824,0.00267505845833107,0.35,2.9722192388055,40,0.343509621493586,1,1.61189707277297,"","Noise (LM.RMSE) | Noise (LM.MAE)",0.576003467469274,"HM","",0,4,0.35,0.35,0.0553398590529466,2,0.5,1,0.05,0.0027,20,"LGR3 Mar2022",2.97313907310044,0.0435362475007155,FALSE,"wassmann | mad | 0.95",TRUE,"emission",0.940926811078342,FALSE,0.120228367522755,FALSE,FALSE,FALSE,0.417245892487322,0.140338504936538,FALSE,FALSE,NA,FALSE,"stem"
"Mar_22_T1_49_FLM30_stem",1.43790851798544,456.14059208004,677.424079113107,0.483676581405846,7.99719014563078,9.42591268206494,350.823842760399,0.030963160563281,2.15334704370912,0.979106216397504,1.15565435366212e-39,2.37282503421407,435.108903874247,779.631033421276,0.79815919195667,1.72858901776553,2.35982666003631,223.039890790688,0.0445915924167658,1.87926171436132,0.998690424702891,0.00231671385813757,437.152,656.57,0.00226935301463206,0.35,2.9728719009013,47,1.38193308973099,1,1.65019193122138,"Noise (HM.RMSE) | Noise (HM.MAE)","Noise (LM.RMSE) | Noise (LM.MAE)",2.37282503421407,"HM","",0,4,0.35,0.35,0.0510527470242631,2,0.5,1,0.05,0.0023,20,"LGR3 Mar2022",2.97313907310044,0.0370599881804229,FALSE,"wassmann | mad | 0.95",TRUE,"emission",0.987947614043414,FALSE,0.483676581405846,FALSE,FALSE,FALSE,1.82780958178792,0.614774330042304,FALSE,FALSE,NA,FALSE,"stem"
"Mar_22_T1_50_FLM30_stem",1.53009019343496,605.652131185461,922.960125984387,0.514546551787346,22.0263942303492,26.1618140253488,596.494944170153,0.0550723163535038,3.59928562314812,0.925562289948463,2.49900976819403e-36,4.05915834513876,537.140085289719,920.175929574509,1.36503451797253,1.37441780243421,1.83428080914092,263.914122213582,0.0318853409192633,0.785516065355005,0.999634077646225,0.00356372527098956,536.089,880.509,0.00168500184230571,0.35,2.97366717961667,63,1.4701330051067,1,2.65288828237386,"Noise (HM.RMSE) | Noise (HM.MAE) | Exaggerated curvature (g-fact)","Noise (LM.RMSE) | Noise (LM.MAE) | Noise (LM.SE) | Intercept (LM)",1.53009019343496,"LM","g-fact. > 2 | Intercept (LM)",0,4,0.35,0.35,0.0440958551844098,2,0.5,1,0.05,0.0017,20,"LGR3 Mar2022",2.97313907310044,0.0276535397136252,FALSE,"wassmann | mad | 0.95",TRUE,"emission",1.21154163417969,FALSE,0.514546551787346,FALSE,FALSE,FALSE,2.38815613840721,0.803244005641752,FALSE,FALSE,NA,FALSE,"stem"
"Mar_22_T1_51_FLM30_stem",2.01407515669878,678.617808313734,988.398970302901,0.677086214380819,10.8614024283178,12.8354672484411,379.84631013892,0.0421860897479121,2.09456383033185,0.980209595144828,3.4075706417834e-40,3.32303479446099,649.2023772484,1131.4658126098,1.11712864425835,1.66352079881922,1.9813243246252,206.606557436566,0.0374583968869993,1.1272345673129,0.999528434031609,0.00231642824719064,648.935,960.703,0.00227059937664274,0.35,2.97462142031736,47,1.93453204108805,1,1.64990605410559,"Noise (HM.RMSE) | Noise (HM.MAE)","Noise (LM.RMSE) | Noise (LM.MAE)",3.32303479446099,"HM","",0,4,0.35,0.35,0.0510527470242631,2,0.5,1,0.05,0.0023,20,"LGR3 Mar2022",2.97313907310044,0.0370803699475531,FALSE,"wassmann | mad | 0.95",TRUE,"emission",1.46656948823124,FALSE,0.677086214380819,FALSE,FALSE,FALSE,1.67527370903186,0.563469675599418,FALSE,FALSE,NA,FALSE,"stem"
"Mar_22_T1_52_FLM30_stem",0.668556919358443,501.353390959348,614.040672173563,0.241741423783335,2.85668115797349,3.97732673923921,829.235077429003,0.00677944204324232,1.01404111556395,0.985207676164755,8.60824391387001e-135,0.939317580077409,494.339095090472,717.942754715569,0.339644931669439,2.14431878361891,2.7104371379798,718.599937561816,0.0236228321134968,2.51489300472264,0.993130382683398,0.00151895962811567,487.19793954,605.93944781,0.000148003786746111,0.025,2.76558691884619,147,9.66965695133338,1,1.40499268331377,"Noise (HM.RMSE) | Noise (HM.MAE) | Noise (HM.SE)","Noise (LM.RMSE) | Noise (LM.MAE) | Noise (LM.SE) | Intercept (LM)",0.939317580077409,"HM","SE | Intercept (LM)",1,3,0.025,0.025,0.00206196524710581,2,0.5,1,0.05,0.00015,20,"Picarro Mar2022",1.41591458481546,0.0163523533492812,FALSE,"wassmann | mad | 0.95",TRUE,"emission",0.901231592275572,FALSE,0.241741423783335,FALSE,FALSE,FALSE,1.05956908507756,0.748328392433121,FALSE,FALSE,NA,FALSE,"stem"
"Mar_22_T1_53_FLM30_stem",0.731359937609418,531.222545694706,645.916503497777,0.264823405930068,7.94192148286474,9.68215621420612,1098.1767217572,0.0175852122689567,2.40445386254504,0.921628635769806,7.82443178272867e-83,0.732716712119588,531.183563989139,20229.8082296161,0.265314690218946,7.95955592022847,9.69774284093895,1100.76590194806,0.0702642562244765,9.58955283293832,0.921378519748905,1.34686910747584e-05,567.07770622,651.52480591,0.000159048297554531,0.025,2.76168919073018,148,10.5929362372027,1,1.00185513922817,"Noise (HM.RMSE) | Noise (HM.MAE) | Noise (HM.SE)","Noise (LM.RMSE) | Noise (LM.MAE) | Noise (LM.SE)",0.731359937609418,"LM","RMSE | MAE | SE | AICc | Intercept",4,0,0.025,0.025,0.00205498734131697,2,0.5,1,0.05,0.00016,20,"Picarro Mar2022",1.41591458481546,0.0175769120488136,FALSE,"wassmann | mad | 0.95",TRUE,"emission",1.04899529050383,FALSE,0.264823405930068,FALSE,TRUE,FALSE,0.749815557595574,0.529562705008297,FALSE,TRUE,"convex (accelerating) trace",FALSE,"stem"
"Mar_22_T1_54_FLM30_stem",1.51550153164068,500.244731167722,768.539511685587,0.549328488720593,4.04871224046954,4.79562879971312,728.972823620069,0.00855365184920851,0.56441063704821,0.996191725149491,5.02522166893582e-146,1.86375526263719,490.65264023003,1263.19705911293,0.675561086804818,1.6662911114534,2.11029234455625,532.459963156468,0.0173183863860146,0.929219985756566,0.99926256726483,0.000874462451986487,489.25117839,758.2463441,0.00014092753763888,0.025,2.75882566216497,121,21.9731395488237,1,1.22979437745569,"Noise (HM.RMSE) | Noise (HM.MAE) | Noise (HM.SE)","Noise (LM.RMSE) | Noise (LM.MAE) | Noise (LM.SE)",1.86375526263719,"HM","SE",1,3,0.025,0.025,0.00227272727272727,2,0.5,1,0.05,0.00014,20,"Picarro Mar2022",1.53810377591901,0.0168863021719449,FALSE,"wassmann | mad | 0.95",TRUE,"emission",0.905029727628638,FALSE,0.549328488720593,FALSE,FALSE,FALSE,2.05761608102607,1.33776154329812,FALSE,FALSE,NA,FALSE,"stem"
"Mar_22_T1_55_FLM30_stem",1.01416861251919,602.342712260841,781.086203700691,0.368019706847561,8.09049587834001,9.87691632529428,555.295411889408,0.0222738484618458,2.19626679300572,0.965969666871419,8.13777942773535e-55,1.17630544730502,597.91115775785,1281.44199596362,0.426855633803389,8.07569350117072,9.6513754905528,554.113478634238,0.0969823371882407,8.24465596163247,0.967506097269598,0.000624486284955131,588.17000962,782.89711538,0.000141555476533353,0.025,2.7557453952847,74,14.7207882739024,1,1.15987167497038,"Noise (HM.RMSE) | Noise (HM.MAE) | Noise (HM.SE)","Noise (LM.RMSE) | Noise (LM.MAE) | Noise (LM.SE)",1.17630544730502,"HM","SE",1,3,0.025,0.025,0.00290619096859548,2,0.5,1,0.05,0.00014,20,"Picarro Mar2022",1.71011746796199,0.0187636279302138,FALSE,"wassmann | mad | 0.95",TRUE,"emission",1.08801238937721,FALSE,0.368019706847561,FALSE,FALSE,FALSE,3.04193865396064,1.77878930012091,TRUE,TRUE,"closure sigma = 3.04 ppm = 1.8x campaign sigma (disturbed closure?)",FALSE,"stem"
"Mar_22_T1_56_FLM30_stem",0.461597893129445,501.385612194036,587.921582938285,0.167654033736817,2.69336028649027,3.42326542801957,419.651539756689,0.00721910867827858,1.56393882765278,0.981510232854875,7.79227856846853e-68,0.655018984297925,495.816665265567,664.562846559511,0.23790527757228,2.04468906669433,2.50669990452221,373.261225387618,0.0272608353841818,4.16183897530864,0.990085861480298,0.00140984095609171,493.1753591,584.31645987,0.000133096480773271,0.025,2.75327639210912,78,6.70616134947269,1,1.419025073657,"Noise (HM.RMSE) | Noise (HM.MAE) | Noise (HM.SE)","Noise (LM.RMSE) | Noise (LM.MAE) | Noise (LM.SE)",0.655018984297925,"HM","SE",1,3,0.025,0.025,0.00283069258536149,2,0.5,1,0.05,0.00013,20,"Picarro Mar2022",1.71011746796199,0.0176502172477169,FALSE,"wassmann | mad | 0.95",TRUE,"emission",0.912288780556878,FALSE,0.167654033736817,FALSE,FALSE,FALSE,0.471327648668187,0.275611270861928,FALSE,FALSE,NA,FALSE,"stem"
"Mar_22_T1_57_FLM30_stem",0.504468632688319,471.557200899973,596.858375650569,0.183403358814184,3.58351484507011,3.99145735523857,600.491423381476,0.00541908733980459,1.07421690639638,0.98802728969685,5.55673260929117e-102,0.739435845093984,462.722147324722,692.292840740151,0.268827452948159,1.08906663453741,1.32742337598902,369.257836053038,0.00957368106320313,1.29472774774481,0.998675815775567,0.00117100074468866,464.0626948,590.64251608,0.000100504109805524,0.025,2.75059647734927,106,7.33613435256736,1,1.46577169952772,"Noise (HM.RMSE) | Noise (HM.MAE) | Noise (HM.SE)","Noise (LM.RMSE) | Noise (LM.MAE) | Noise (LM.SE)",0.739435845093984,"HM","SE",1,3,0.025,0.025,0.00242821465589316,2,0.5,1,0.05,1e-04,20,"Picarro Mar2022",1.71011746796199,0.0133672850512867,FALSE,"wassmann | mad | 0.95",TRUE,"emission",0.858435406654587,FALSE,0.183403358814184,FALSE,FALSE,FALSE,0.381822659735928,0.223272767449689,FALSE,FALSE,NA,FALSE,"stem"
"Mar_22_T1_63_BL60_stem",4.04675904000056,919.422497096866,1427.44913645307,1.34284901524066,4.9197469089947,5.96451998370753,365.395455160131,0.0219230760593588,0.541744043632401,0.998388377575597,2.60023317457576e-77,4.3140762322681,914.0232578998,5119.01374800685,1.43155373544889,4.69707598800051,5.39796622044582,356.539922204394,0.0827712925050291,1.91863305256228,0.998680003953087,0.000340441610704439,921.02396298,1419.884604,0.000198616089714112,0.025,3.01356220548392,56,53.7139606096265,1,1.06605710634738,"Noise (HM.RMSE) | Noise (HM.MAE) | Noise (HM.SE)","Noise (LM.RMSE) | Noise (LM.MAE) | Noise (LM.SE)",4.3140762322681,"HM","SE",1,3,0.025,0.025,0.0033407655239053,2,0.5,1,0.05,2e-04,20,"Picarro Mar2022",2.04582541974504,0.0313723190882733,FALSE,"wassmann | mad | 0.95",TRUE,"emission",1.70373440713674,TRUE,1.34284901524066,FALSE,FALSE,FALSE,9.3619380542988,4.57611776838002,TRUE,TRUE,"C0 > 1.5x group median; closure sigma = 9.36 ppm = 4.6x campaign sigma (disturbed closure?)",FALSE,"stem"
"Mar_22_T1_64_BL60_stem",-1.29719018908768,866.635299842257,629.386356665862,-0.432090769816812,127.971211384684,157.415593742196,1340.67497886681,0.290443954130617,-22.3902367265734,0.156656983702651,2.07948669210476e-05,-1.40183575503007,864.543805100836,0,-0.466947943056582,128.30112555074,158.362281033441,1344.07587830993,1.31579904978454,-93.8625687826262,0.146694594039232,0.000540109061335671,656.15760195,717.0696653,0.000136442332771622,0.025,3.0021242750398,103,17.2836307926725,1,1.08067095081561,"Noise (HM.RMSE) | Noise (HM.MAE) | Noise (HM.SE)","Noise (LM.RMSE) | Noise (LM.MAE) | Noise (LM.SE)",-1.29719018908768,"LM","RMSE | MAE | SE | AICc | Intercept",4,0,0.025,0.025,0.00246332319541073,2,0.5,1,0.05,0.00014,20,"Picarro Mar2022",2.1309171999207,0.0226204272722785,FALSE,"wassmann | mad | 0.95",TRUE,"uptake",1.2137776299864,FALSE,-0.432090769816812,TRUE,TRUE,FALSE,4.22872845956995,1.98446399500052,TRUE,TRUE,"CO2 slope <= 0; convex (accelerating) trace; closure sigma = 4.23 ppm = 2.0x campaign sigma (disturbed closure?)",FALSE,"stem"
"Mar_22_T1_65_BL60_stem",2.45814436727456,595.39709371272,917.520585468958,0.81903576886903,14.5359049549503,23.433523378698,710.587114741391,0.0708103191303915,2.88064118906497,0.940629448372698,5.87388253358939e-48,4.48270592951152,557.643051783588,1010.74984874471,1.49360491046421,10.508772277585,18.0991849018684,673.035592917695,0.339529341322583,7.5742051042724,0.964582823735015,0.00329636394881174,506.55323412,898.46494856,0.000190292711377526,0.025,3.00126619704156,77,32.7614307547612,1,1.82361377516719,"Noise (HM.RMSE) | Noise (HM.MAE) | Noise (HM.SE)","Noise (LM.RMSE) | Noise (LM.MAE) | Noise (LM.SE)",4.48270592951152,"HM","SE | Intercept",1,3,0.025,0.025,0.00284901441149095,2,0.5,1,0.05,0.00019,20,"Picarro Mar2022",2.1309171999207,0.0314616769059656,FALSE,"wassmann | mad | 0.95",TRUE,"emission",0.937035526441973,FALSE,0.81903576886903,FALSE,FALSE,FALSE,4.07343965502653,1.91158983332535,TRUE,TRUE,"closure sigma = 4.07 ppm = 1.9x campaign sigma (disturbed closure?)",FALSE,"stem"
"Mar_22_T1_66_BL60_stem",1.09600721316341,570.476934500486,816.277574946036,0.365358297585942,12.4681713021057,14.2373632629711,1065.64062325132,0.019241008675612,1.75555493107354,0.961751430569734,8.44940198381001e-93,2.18431842201941,536.047860725983,863.659586719013,0.728151101990632,1.95952597079748,2.4808652987012,613.481945256172,0.0223282319622559,1.02220590813007,0.998838651848576,0.00222260390644907,537.11855671,790.16234131,0.000111307737335717,0.025,2.99981475829382,130,14.6143319034377,1,1.99297814447297,"Noise (HM.RMSE) | Noise (HM.MAE) | Noise (HM.SE)","Noise (LM.RMSE) | Noise (LM.MAE) | Noise (LM.SE) | Intercept (LM)",2.18431842201941,"HM","SE | Intercept (LM)",1,3,0.025,0.025,0.00219264504826757,2,0.5,1,0.05,0.00011,20,"Picarro Mar2022",2.1309171999207,0.0184795035141511,FALSE,"wassmann | mad | 0.95",TRUE,"emission",0.993576065944687,FALSE,0.365358297585942,FALSE,FALSE,FALSE,2.04883266709733,0.961479248078514,FALSE,FALSE,NA,FALSE,"stem"
"Mar_22_T1_67_BL60_stem",1.53846547977107,487.105219518439,689.53082782363,0.5132039710841,3.2980573891483,4.21662209890048,377.929918352008,0.0137618308471855,0.894516713448344,0.994904660263931,3.64852157911907e-74,1.93392957334256,479.077257079272,1018.33156084355,0.645123566233069,1.69883847473381,2.06687900665337,287.513842607057,0.0314253283105385,1.62494688243604,0.998775739342096,0.00119632529908388,473.58046322,681.34968837,0.000189523317707783,0.025,2.99776612507731,65,20.528158843364,1,1.25705100229505,"Noise (HM.RMSE) | Noise (HM.MAE) | Noise (HM.SE)","Noise (LM.RMSE) | Noise (LM.MAE) | Noise (LM.SE)",1.93392957334256,"HM","SE",1,3,0.025,0.025,0.00310086836473021,2,0.5,1,0.05,0.00019,20,"Picarro Mar2022",1.72517111268329,0.0253003435883523,FALSE,"wassmann | mad | 0.95",TRUE,"emission",0.876041625589268,FALSE,0.5132039710841,FALSE,FALSE,FALSE,3.34945784017188,1.94152209919758,TRUE,TRUE,"closure sigma = 3.35 ppm = 1.9x campaign sigma (disturbed closure?)",FALSE,"stem"
"Mar_22_T1_68_BL60_stem",2.45074231061936,655.172365447003,971.713273475879,0.817434563428161,8.63968493664797,10.0407008135009,468.38638855299,0.0344123071816875,1.40415852913523,0.988113484689922,1.12151473509971e-59,3.55794708884036,633.340107090567,1225.89847129575,1.18673795799106,3.0549169346984,3.64943446788205,345.177087198514,0.065882865938809,1.85171010961498,0.99842971804406,0.00200273598294891,639.62902246,954.4377771,0.000193057971203842,0.025,2.99808990256226,62,32.6973825371265,1,1.45178343452241,"Noise (HM.RMSE) | Noise (HM.MAE) | Noise (HM.SE)","Noise (LM.RMSE) | Noise (LM.MAE) | Noise (LM.SE)",3.55794708884036,"HM","SE",1,3,0.025,0.025,0.00317500317500476,2,0.5,1,0.05,0.00019,20,"Picarro Mar2022",1.71011746796199,0.0255354224808106,FALSE,"wassmann | mad | 0.95",TRUE,"emission",1.18320262791252,FALSE,0.817434563428161,FALSE,FALSE,FALSE,5.42798701917903,3.17404337472079,TRUE,TRUE,"closure sigma = 5.43 ppm = 3.2x campaign sigma (disturbed closure?)",FALSE,"stem"
"Mar_22_T1_69_BL60_stem",4.0197833262771,852.633848704671,1335.18842231797,1.33191620629197,4.69419785231978,5.69709178337479,713.814559847596,0.0154700321268368,0.384847412687895,0.998358680187181,3.16274646131139e-155,4.6049856229312,841.398641485581,2846.53389448467,1.52581730981109,2.27082954904752,2.61047139050519,541.150965642654,0.0312178125740773,0.67791335587724,0.999655392555377,0.00076095480717768,837.33733046,1326.4360862,0.000207682142963727,0.025,3.01804520981698,112,53.2766482516789,1,1.14558055724762,"Noise (HM.RMSE) | Noise (HM.MAE) | Noise (HM.SE)","Noise (LM.RMSE) | Noise (LM.MAE) | Noise (LM.SE)",4.6049856229312,"HM","SE",1,3,0.025,0.025,0.00236227795630767,2,0.5,1,0.05,0.00021,20,"Picarro Mar2022",1.49622256220728,0.024211122594279,FALSE,"wassmann | mad | 0.95",TRUE,"emission",1.54892866811947,TRUE,1.33191620629197,FALSE,FALSE,FALSE,3.61463554222746,2.41584082042916,TRUE,TRUE,"C0 > 1.5x group median; closure sigma = 3.61 ppm = 2.4x campaign sigma (disturbed closure?)",FALSE,"stem"
"Mar_22_T1_70_BL60_stem",3.43990401041699,486.171957820065,969.831519851339,1.13966361447127,7.55610468239658,8.93909772501617,1002.36610538222,0.0188656362670348,0.548434962426404,0.995896088294482,2.07184681088396e-164,4.29724904814477,467.148442854431,1788.55048326309,1.42370786151623,2.41944617593955,3.14339229330681,716.03129497064,0.0311332075264689,0.724491580023965,0.99949253299942,0.00107742217582465,481.68798139,945.90725305,0.000177388072651885,0.025,3.0183502980508,138,45.5865445788506,1,1.24923516328697,"Noise (HM.RMSE) | Noise (HM.MAE) | Noise (HM.SE)","Noise (LM.RMSE) | Noise (LM.MAE) | Noise (LM.SE)",4.29724904814477,"HM","SE",1,3,0.025,0.025,0.00212814132689687,2,0.5,1,0.05,0.00018,20,"Picarro Mar2022",1.41591458481546,0.0195956333899268,FALSE,"wassmann | mad | 0.95",TRUE,"emission",0.891039126433896,FALSE,1.13966361447127,FALSE,FALSE,FALSE,2.48400327538871,1.75434542593716,TRUE,TRUE,"closure sigma = 2.48 ppm = 1.8x campaign sigma (disturbed closure?)",FALSE,"stem"
"Mar_22_T1_72_BL60_stem",2.30860435272358,676.970611880172,940.759680745385,0.766463281571863,2.87273277747117,3.58605460059385,373.029794266938,0.0132452888387282,0.573735764775027,0.997799323616546,1.20175488072322e-89,2.6364929536133,670.979308137459,1787.55508440778,0.875323239637631,2.03982446190558,2.34394978586284,317.460454224526,0.0380087533012059,1.44164061766656,0.999059802711109,0.000783935365821263,673.0362071,933.48714049,0.000218158767460841,0.025,3.01202211277374,68,30.6585312628745,1,1.1420289277818,"Noise (HM.RMSE) | Noise (HM.MAE) | Noise (HM.SE)","Noise (LM.RMSE) | Noise (LM.MAE) | Noise (LM.SE)",2.6364929536133,"HM","SE",1,3,0.025,0.025,0.00303169531295416,2,0.5,1,0.05,0.00022,20,"Picarro Mar2022",2.1309171999207,0.0360109394589676,FALSE,"wassmann | mad | 0.95",TRUE,"emission",1.24500011875367,FALSE,0.766463281571863,FALSE,FALSE,FALSE,3.48465353974865,1.63528340748215,TRUE,TRUE,"closure sigma = 3.48 ppm = 1.6x campaign sigma (disturbed closure?)",FALSE,"stem"
"Mar_22_T1_74_BL60_stem",2.76206722001055,825.574934365705,1207.24735378225,0.916745736152065,4.46621152242745,5.49476594830498,418.588054282497,0.0169362203328738,0.613171910161156,0.997561997277276,1.46989208782673e-85,3.19438487400949,816.149290788234,2305.1523954122,1.06023441126305,2.88613051038107,3.33343765944766,354.884165508436,0.0451914561381983,1.41471544352373,0.999102735542142,0.000712043116613112,815.13300373,1201.8344143,0.000180485196105079,0.025,3.01290435405133,66,36.6698294460826,1,1.1565195991129,"Noise (HM.RMSE) | Noise (HM.MAE) | Noise (HM.SE)","Noise (LM.RMSE) | Noise (LM.MAE) | Noise (LM.SE)",3.19438487400949,"HM","SE",1,3,0.025,0.025,0.00307728727448332,2,0.5,1,0.05,0.00018,20,"Picarro Mar2022",1.71011746796199,0.0238912258086427,FALSE,"wassmann | mad | 0.95",TRUE,"emission",1.50785451917463,TRUE,0.916745736152065,FALSE,FALSE,FALSE,6.29055749229126,3.67843590287862,TRUE,TRUE,"C0 > 1.5x group median; closure sigma = 6.29 ppm = 3.7x campaign sigma (disturbed closure?)",FALSE,"stem"
"Mar_22_T1_75_BL60_stem",2.25478250526358,789.25275841251,1134.23047508378,0.748165718858387,9.84620065545342,12.2555702032377,508.789641896232,0.0349095453804429,1.54824446699182,0.985119660293727,1.38892669665965e-58,3.31174118093463,764.764978967719,1395.39879134259,1.09887814701544,4.53778465729766,5.71754580794146,413.475174673912,0.0853941430648232,2.5785270768268,0.996761341864917,0.00174249798449155,773.19953699,1104.0546019,0.000163046984628073,0.025,3.01374742042995,64,29.9266287543355,1,1.46876302845338,"Noise (HM.RMSE) | Noise (HM.MAE) | Noise (HM.SE)","Noise (LM.RMSE) | Noise (LM.MAE) | Noise (LM.SE)",3.31174118093463,"HM","SE",1,3,0.025,0.025,0.003125,2,0.5,1,0.05,0.00016,20,"Picarro Mar2022",1.52309362750952,0.0192069394398658,FALSE,"wassmann | mad | 0.95",TRUE,"emission",1.43028488693151,FALSE,0.748165718858387,FALSE,FALSE,FALSE,3.33124779317548,2.18715890671971,TRUE,TRUE,"closure sigma = 3.33 ppm = 2.2x campaign sigma (disturbed closure?)",FALSE,"stem"
"Mar_22_T1_77_BL60_stem",1.49163267583876,737.720162986418,1016.56968324637,0.495642603938295,8.52320928772516,9.90675381403337,615.101155142515,0.0203554979189651,1.36464548200643,0.985137139232603,4.17316327388629e-75,2.23208325044716,716.86429289373,1210.69938060344,0.741680959648188,3.24020074244669,3.96225456036781,467.022764221193,0.0435800731489877,1.95243941462565,0.997622478703795,0.0015018798341931,722.87093212,999.80535034,0.000133493691151328,0.025,3.00949245280064,82,19.8257041575318,1,1.49640275826758,"Noise (HM.RMSE) | Noise (HM.MAE) | Noise (HM.SE)","Noise (LM.RMSE) | Noise (LM.MAE) | Noise (LM.SE)",2.23208325044716,"HM","SE",1,3,0.025,0.025,0.00276078815187116,2,0.5,1,0.05,0.00013,20,"Picarro Mar2022",2.04582541974504,0.0211871962216115,FALSE,"wassmann | mad | 0.95",TRUE,"emission",1.33718570685939,FALSE,0.495642603938295,FALSE,FALSE,FALSE,3.39326396224586,1.65862831182767,TRUE,TRUE,"closure sigma = 3.39 ppm = 1.7x campaign sigma (disturbed closure?)",FALSE,"stem"
"Mar_22_T1_78_BL60_stem",10.631082170103,493.712835365179,1098.59447128715,3.57759359221852,23.9804202974029,28.7934751335644,179.761429839666,0.414562158799104,3.89952924985329,0.97476324731055,2.01080319750009e-14,18.2449426596754,433.776530408289,1332.62019460849,6.13982555164624,4.31840796504445,5.26060832348633,121.927590425249,0.441413109710343,2.41937241428522,0.9991576021693,0.00683080472855038,421.756,1056.16,0.0061152474628528,0.35,2.97157346022371,18,10.2216959777672,1,1.71618865960648,"Noise (HM.RMSE) | Noise (HM.MAE) | Noise (HM.SE)","Noise (LM.RMSE) | Noise (LM.MAE) | Noise (LM.SE) | Intercept (LM)",10.631082170103,"LM","SE | Intercept (LM) | nb.obs",1,3,0.35,0.35,0.0824957911384305,2,0.5,1,0.05,0.0061,20,"LGR3 Mar2022",2.97313907310044,0.0967265746405151,FALSE,"wassmann | mad | 0.95",TRUE,"emission",0.953153214233251,FALSE,3.57759359221852,FALSE,FALSE,FALSE,7.55760210789157,2.54196050775733,TRUE,TRUE,"closure sigma = 7.56 ppm = 2.5x campaign sigma (disturbed closure?)",TRUE,"stem"
"Mar_22_T1_79_BL60_stem",2.28277444281175,820.275128889201,1087.27253463159,0.766973858631211,13.4516400921884,15.4037636469068,305.805629190349,0.0760962692561019,3.33349926427125,0.962523164100169,4.79248153090288e-26,4.48611498916968,784.432059311213,1143.11532049575,1.50725926266668,1.10630084070433,1.46888091758664,139.137956754144,0.0473533051763684,1.0555526394372,0.999659213484166,0.00420220128948593,788.08,1059.95,0.00298385863039221,0.35,2.9763393069038,36,2.19135388180346,1,1.9652029149424,"Noise (HM.RMSE) | Noise (HM.MAE)","Noise (LM.RMSE) | Noise (LM.MAE) | Noise (LM.SE) | Intercept (LM)",4.48611498916968,"HM","Intercept (LM)",0,4,0.35,0.35,0.0583333333333333,2,0.5,1,0.05,0.003,20,"LGR3 Mar2022",2.97313907310044,0.0484378765783799,FALSE,"wassmann | mad | 0.95",TRUE,"emission",1.78103212538278,TRUE,0.766973858631211,FALSE,FALSE,FALSE,3.1985357235646,1.07581100141041,FALSE,TRUE,"C0 > 1.5x group median",FALSE,"stem"
"Mar_22_T1_80_BL60_stem",2.78455791705887,701.817997151394,1064.75645222536,0.935659184256991,15.8297974878699,18.4216676346952,353.263954174495,0.0774615607673897,2.78182616683394,0.970681781495306,5.97641698929261e-31,5.10917116726737,658.843223206048,1170.13475380798,1.71676907752882,1.07103655395517,1.3074450962462,144.103933773357,0.0341510452607342,0.668426328707242,0.999852318323667,0.00335771076729496,659.224,1032.19,0.00267838582845436,0.35,2.97603867295985,40,2.67331195501997,1,1.83482309201305,"Noise (HM.RMSE) | Noise (HM.MAE)","Noise (LM.RMSE) | Noise (LM.MAE) | Noise (LM.SE) | Intercept (LM)",5.10917116726737,"HM","Intercept (LM)",0,4,0.35,0.35,0.0553398590529466,2,0.5,1,0.05,0.0027,20,"LGR3 Mar2022",2.97313907310044,0.0435904403429496,FALSE,"wassmann | mad | 0.95",TRUE,"emission",1.48982225386171,FALSE,0.935659184256991,FALSE,FALSE,FALSE,3.2635338274193,1.09767277856129,FALSE,FALSE,NA,FALSE,"stem"
"Mar_22_T1_81_BL60_stem",8.30494475821653,785.109154884806,1368.42364605875,2.79286260713929,8.81718923804135,10.0294409897452,171.209722924591,0.105691722583702,1.27263606996465,0.996609816812714,2.1725792614691e-26,10.1587749085783,765.319460568589,2496.17627729769,3.41628552657659,1.76736870843213,2.16119880806089,106.695411782172,0.104041319095736,1.02415222339341,0.999842580274935,0.00197375397754306,770.088,1346.62,0.00495938269094208,0.35,2.97363169136459,22,7.9796074489694,1,1.22322004592839,"Noise (HM.RMSE) | Noise (HM.MAE) | Noise (HM.SE)","Noise (LM.RMSE) | Noise (LM.MAE) | Noise (LM.SE)",8.30494475821653,"LM","",0,4,0.35,0.35,0.0746202507244636,2,0.5,1,0.05,0.005,20,"LGR3 Mar2022",2.97313907310044,0.0791941770054541,FALSE,"wassmann | mad | 0.95",TRUE,"emission",1.74037086002915,TRUE,2.79286260713929,FALSE,FALSE,FALSE,1.96042668078238,0.65937940761648,FALSE,TRUE,"C0 > 1.5x group median",TRUE,"stem"
"Mar_22_T1_82_BL60_stem",7.71787264990381,599.42322950121,1270.90630281427,2.59637802343842,9.50852182424108,11.1882373619297,214.068760561186,0.0858547202606556,1.11241431616166,0.996792513319751,6.50718705906219e-33,9.31887899164333,577.972987102098,2684.41202880397,3.1349743270623,3.47605146352005,3.93542571018202,160.421891936479,0.136980869633928,1.46992862292519,0.999603151305769,0.00148828153343067,586.117,1244.29,0.00400732498537163,0.35,2.9725535265789,27,7.41822292410977,1,1.20744140443409,"Noise (HM.RMSE) | Noise (HM.MAE) | Noise (HM.SE)","Noise (LM.RMSE) | Noise (LM.MAE) | Noise (LM.SE)",7.71787264990381,"LM","SE",1,3,0.35,0.35,0.0673575314054563,2,0.5,1,0.05,0.004,20,"LGR3 Mar2022",2.97313907310044,0.0644966439674563,FALSE,"wassmann | mad | 0.95",TRUE,"emission",1.32460309389019,FALSE,2.59637802343842,FALSE,FALSE,FALSE,2.52706337648406,0.849964739069132,FALSE,FALSE,NA,TRUE,"stem"
"Mar_22_T1_9_FLM30_stem",0.21814675776399,463.191421283956,486.635196871001,0.0785688811025827,0.415481196092973,0.534262959842338,55.9973160694766,0.00309632587359654,1.41937744357696,0.993991207684711,5.58609260605484e-34,0.234012566576987,462.920768040508,640.661384963777,0.0842831940678632,0.40857674998617,0.518200731216052,56.7543094104231,0.0125083018638211,5.34514109510696,0.994347076544795,0.000474192086911955,463.016,486.899,0.00324590796299183,0.35,2.77650330134101,31,0.224482517435951,1,1.07272997763351,"Noise (HM.RMSE) | Noise (HM.MAE)","Noise (LM.RMSE) | Noise (LM.MAE)",0.234012566576987,"HM","AICc",1,3,0.35,0.35,0.0628618557093712,2,0.5,1,0.05,0.0032,20,"LGR3 Mar2022",2.97313907310044,0.0524740177787028,FALSE,"wassmann | mad | 0.95",TRUE,"emission",1.04639931297106,FALSE,0.0785688811025827,FALSE,FALSE,FALSE,0.232210967803881,0.0781029619182014,FALSE,FALSE,NA,FALSE,"stem"
"Mar_23_100_SE1_stem",0.221537670045274,434.726551969726,444.789165909336,0.0441790319896483,0.564379143531989,0.698571532914522,493.807779711425,0.0035129490643431,1.5857118401693,0.945540526194436,2.69273363637181e-146,0.32377379037154,434.015016556622,452.627424179956,0.0645669544114586,0.510733890414734,0.630424309745007,448.662900818089,0.016818953636178,5.19466187083202,0.955647553973544,0.00346902752820176,434.827,443.616,0.00767188807901113,0.35,5.01454332673434,230,0.12622580568471,1,1.46148413633389,"Noise (HM.RMSE) | Noise (HM.MAE)","Noise (LM.RMSE) | Noise (LM.MAE)",0.32377379037154,"HM","",0,4,0.35,0.35,0.0230783165688525,2,0.5,1,0.05,0.0077,20,"LGR3 Mar2023",0.897393175801846,0.0385544542676023,FALSE,"wassmann | mad | 0.95",TRUE,"emission",0.905749946883189,FALSE,0.0441790319896483,FALSE,FALSE,FALSE,0.646835969006647,0.720794392523301,FALSE,FALSE,NA,FALSE,"stem"
"Mar_23_101_SE1_root",0.476979077417426,424.075864852002,434.628938461798,0.0592659541724744,0.512029804434674,0.642542239018199,357.718055414056,0.00749856307247609,1.57209475792452,0.957624668450681,2.40929428584233e-124,0.612407958856563,423.604665193461,450.002008118737,0.0760933628807544,0.493642818524171,0.610221562362552,341.230501903501,0.0342648512902749,5.59510221817681,0.961780513868109,0.0028826144773796,423.11,433.543,0.0157309965526279,0.35,8.04811268252483,180,0.169331297635641,1,1.2839304444388,"Noise (HM.RMSE) | Noise (HM.MAE)","Noise (LM.RMSE) | Noise (LM.MAE)",0.612407958856563,"HM","",0,4,0.35,0.35,0.0260874597374975,2,0.5,1,0.05,0.016,20,"LGR3 Mar2023",0.897393175801846,0.079055332918816,FALSE,"wassmann | mad | 0.95",TRUE,"emission",0.88134329290901,FALSE,0.0592659541724744,FALSE,FALSE,FALSE,0.613288560565476,0.683411214953229,FALSE,FALSE,NA,FALSE,"root"
"Mar_23_102_SE1_root",0.199583919715054,468.196448441643,472.331621452071,0.0292774266131718,0.524201592477299,0.66536626914756,295.467646113743,0.00930226793388817,4.660830365076,0.763858510757742,2.99173117333844e-46,0.238454649710103,468.068021544262,481.693182438427,0.034979463863744,0.516870276905757,0.663010070696566,296.57025716232,0.0422246286891255,17.7076138965876,0.765528000421896,0.00256726978385439,467.61,471.677,0.0167739712493485,0.35,6.81698983835083,143,0.0836497903233481,1,1.1947588265154,"Noise (HM.RMSE) | Noise (HM.MAE) | Noise (HM.SE)","Noise (LM.RMSE) | Noise (LM.MAE)",0.238454649710103,"HM","SE | AICc | Intercept",2,2,0.35,0.35,0.0292684703502482,2,0.5,1,0.05,0.017,20,"LGR3 Mar2023",0.897393175801846,0.0842973593473235,FALSE,"wassmann | mad | 0.95",TRUE,"emission",0.974037335910714,FALSE,0.0292774266131718,FALSE,FALSE,FALSE,0.676189951392768,0.753504672897221,FALSE,FALSE,NA,FALSE,"root"
"Mar_23_103_SE1_stem",0.311860445367926,431.736814576047,444.347144955383,0.0704314602491983,1.07999103685064,1.25961392744905,603.342848975794,0.00802139726499693,2.5721111427047,0.893525334999025,3.31837527393984e-89,0.806342568671981,429.054202312683,444.448321149658,0.182106725672297,0.580023080157308,0.728787468267975,407.355949336715,0.0378416796312777,4.69300283793794,0.964357088945965,0.01182962971774,429.42,441.799,0.00860761815887446,0.35,4.42785715736279,181,0.201232743569138,1,2.58558781868177,"Noise (HM.RMSE) | Noise (HM.MAE) | Noise (HM.SE) | Exaggerated curvature (g-fact)","Noise (LM.RMSE) | Noise (LM.MAE) | Intercept (LM)",0.311860445367926,"LM","SE | g-fact. > 2 | Intercept (LM)",1,3,0.35,0.35,0.0260152951186508,2,0.5,1,0.05,0.0086,20,"LGR3 Mar2023",0.897393175801846,0.0432573863163709,FALSE,"wassmann | mad | 0.95",TRUE,"emission",0.894487099905431,FALSE,0.0704314602491983,FALSE,FALSE,FALSE,0.649456860291142,0.723714953270995,FALSE,FALSE,NA,FALSE,"stem"
"Mar_23_104_SE1_root",0.719246104670775,439.63914737793,469.54699748473,0.162531180432578,0.608348316942122,0.763064457194604,433.383451063448,0.0046615667431728,0.648118455268739,0.992288538849771,1.48118643889846e-196,0.840958810763724,438.826634153384,548.868320318786,0.190035131676062,0.527138613945529,0.67354457130932,389.051317139178,0.0184586134650928,2.19494857879299,0.993991765078394,0.00172693765697504,439.228,469.018,0.00837156450495872,0.35,4.42528075386209,186,0.464374801235937,1,1.16922261421028,"Noise (HM.RMSE) | Noise (HM.MAE)","Noise (LM.RMSE) | Noise (LM.MAE)",0.840958810763724,"HM","",0,4,0.35,0.35,0.0256632451287368,2,0.5,1,0.05,0.0084,20,"LGR3 Mar2023",0.897393175801846,0.0420708391431757,FALSE,"wassmann | mad | 0.95",TRUE,"emission",0.914917283585447,FALSE,0.162531180432578,FALSE,FALSE,FALSE,0.703447220751186,0.783878504672867,FALSE,FALSE,NA,FALSE,"root"
"Mar_23_106_SE1_stem",0.225696106521013,506.384735981357,517.276190789763,0.0542095364511455,0.539177194263161,0.67811680344641,424.504741355712,0.00341667081256381,1.51383684248257,0.955746091461784,2.89076437403476e-138,0.29577569390465,505.854195437392,531.515662724154,0.0710418248114271,0.516311517214665,0.637019717664725,401.20346868696,0.0156848725489746,5.30296196482967,0.960947542164389,0.00276842411299199,506.68,516.407,0.0072168883307175,0.35,4.1634022590179,203,0.154884389860416,1,1.31050419284531,"Noise (HM.RMSE) | Noise (HM.MAE)","Noise (LM.RMSE) | Noise (LM.MAE)",0.29577569390465,"HM","",0,4,0.35,0.35,0.0245651842220259,2,0.5,1,0.05,0.0072,20,"LGR3 Mar2023",0.897393175801846,0.0362679951925608,FALSE,"wassmann | mad | 0.95",TRUE,"emission",1.05542062265401,FALSE,0.0542095364511455,FALSE,FALSE,FALSE,0.502162770104041,0.559579439252304,FALSE,FALSE,NA,FALSE,"stem"
"Mar_23_107_SE1_root",0.553469444794868,506.601003835721,544.617430248676,0.133173686415619,0.601554756738423,0.730150219125511,642.238230010134,0.00216984636393289,0.392044472253948,0.995608148073624,0,0.569678123737689,506.4171831896,1182.22299083993,0.137073756323801,0.598873875531275,0.725571745430671,640.671833254912,0.0088001819127377,1.54476388438426,0.995663054402576,0.000202830095231624,505.512,544.926,0.00507775455505753,0.35,4.15599702682674,288,0.380496246901768,1,1.02928558946705,"Noise (HM.RMSE) | Noise (HM.MAE)","Noise (LM.RMSE) | Noise (LM.MAE)",0.569678123737689,"HM","",0,4,0.35,0.35,0.0206239477846076,2,0.5,1,0.05,0.0051,20,"LGR3 Mar2023",0.897393175801846,0.0255177333076851,FALSE,"wassmann | mad | 0.95",TRUE,"emission",1.05298766440174,FALSE,0.133173686415619,FALSE,FALSE,FALSE,0.603853351941436,0.67289719626169,FALSE,FALSE,NA,FALSE,"root"
"Mar_23_108_SE1_root",-0.489259196185427,488.811121820121,477.081889469955,-0.0497633956710112,0.565114041192446,0.719254301509278,524.656125002383,0.00673674505629261,-1.37692763034737,0.95699086084195,1.85322162050006e-163,-0.494893734845937,488.830871096112,0,-0.0503364943045631,0.569464444769887,0.724525949303988,530.201269940549,0.0272406240245875,-5.50433802381186,0.956358202747048,0.000102973231194857,487.846,477.079,0.0145378029129032,0.35,9.83170841917519,238,0.142181130488603,1,1.01151646960229,"Noise (HM.RMSE) | Noise (HM.MAE) | Noise (HM.SE)","Noise (LM.RMSE) | Noise (LM.MAE)",-0.494893734845937,"HM","SE | AICc",2,2,0.35,0.35,0.0226871303243258,2,0.5,1,0.05,0.015,20,"LGR3 Mar2023",0.897393175801846,0.0730585015450837,FALSE,"wassmann | mad | 0.95",TRUE,"uptake",1.01618917083616,FALSE,-0.0497633956710112,TRUE,TRUE,FALSE,0.584982934693296,0.651869158878545,FALSE,TRUE,"CO2 slope <= 0; convex (accelerating) trace",FALSE,"root"
"Mar_23_109_SE1_stem",0.636830121806779,434.954035880183,449.348880479317,0.0786414447137505,0.729187503842509,0.905236242199924,494.302902521041,0.0101994837255085,1.60160196200693,0.954917863069109,2.53996341576477e-125,0.953363419064455,433.865838358867,459.429525678571,0.117729790167208,0.63400262565083,0.784248168439773,443.308465590997,0.0477121294540295,5.0046108860407,0.96616332704649,0.00460535245541294,432.593,448.73,0.015399921066502,0.35,8.09789448966505,185,0.224689842039287,1,1.49704510892108,"Noise (HM.RMSE) | Noise (HM.MAE) | Noise (HM.SE)","Noise (LM.RMSE) | Noise (LM.MAE) | Intercept (LM)",0.953363419064455,"HM","SE | Intercept (LM)",1,3,0.35,0.35,0.0257325117732833,2,0.5,1,0.05,0.015,20,"LGR3 Mar2023",0.897393175801846,0.0773914713091252,FALSE,"wassmann | mad | 0.95",TRUE,"emission",0.901096497623283,FALSE,0.0786414447137504,FALSE,FALSE,FALSE,0.773687107174965,0.86214953271029,FALSE,FALSE,NA,FALSE,"stem"
"Mar_23_10_BL60_stem",8.63398998941534,835.941317368199,966.737556313775,0.730444081585291,0.679185715776722,0.855283104950485,463.20250748205,0.0145367616922888,0.168366672999503,0.999490006724657,7.68229957869787e-297,8.92387689398436,835.218326745755,2875.21525204277,0.754968800056253,0.636094524552611,0.790091615967705,436.5935155664,0.0549296427858608,0.615535640377213,0.999564789294358,0.000370083302917887,836.498,964.905,0.0229755394627517,0.35,11.8201929580659,181,2.08698309024369,1,1.03357507999481,"Noise (HM.RMSE) | Noise (HM.MAE) | Noise (HM.SE)","Noise (LM.RMSE) | Noise (LM.MAE)",8.92387689398436,"HM","SE",1,3,0.35,0.35,0.0260152951186508,2,0.5,1,0.05,0.023,20,"LGR2 Mar2023",0.686673516530571,0.08835080957136,FALSE,"wassmann | mad | 0.95",TRUE,"emission",1.67972666474564,TRUE,0.73044408158529,FALSE,FALSE,FALSE,0.58655546946388,0.854198473282413,FALSE,TRUE,"C0 > 1.5x group median",FALSE,"stem"
"Mar_23_110_SE1_stem",0.153996157252126,458.067204200648,463.447106012379,0.0260000377638692,0.669258286013454,0.819918828909146,516.239508157117,0.00562389003940822,3.6519677761833,0.782608993919085,9.63107333348069e-71,0.290307281476867,457.378394812388,464.837758877514,0.0490142118882031,0.617743296785407,0.771241428529551,492.735289569876,0.0339879194776843,11.7075669975548,0.807655154015955,0.0065708298268159,457.369,461.838,0.00997033548496221,0.35,5.92292052229732,209,0.0742858221824834,1,1.88515925758829,"Noise (HM.RMSE) | Noise (HM.MAE) | Noise (HM.SE)","Noise (LM.RMSE) | Noise (LM.MAE) | Intercept (LM)",0.290307281476867,"HM","SE | Intercept (LM)",1,3,0.35,0.35,0.0242100062353126,2,0.5,1,0.05,0.01,20,"LGR3 Mar2023",0.897393175801846,0.0501052259973854,FALSE,"wassmann | mad | 0.95",TRUE,"emission",0.952705207947108,FALSE,0.0260000377638692,FALSE,FALSE,FALSE,0.775259641945608,0.863901869158847,FALSE,FALSE,NA,FALSE,"stem"
"Mar_23_111_SE1_root",0.826325425302341,455.613945423074,478.568074587524,0.115960985321087,1.08689560839291,1.38157228632287,702.986737674006,0.0121835405071724,1.47442401433002,0.958524148093154,5.09626996932196e-139,1.493132619566,452.910641408909,485.754583851805,0.209536248647532,0.67804571002305,0.840910755274598,506.472644674786,0.0461399662639761,3.09014521947737,0.984634457307701,0.00637975325318628,453.152,476.243,0.0125363142050268,0.35,7.12589172137778,200,0.33131710091739,1,1.80695471039111,"Noise (HM.RMSE) | Noise (HM.MAE) | Noise (HM.SE)","Noise (LM.RMSE) | Noise (LM.MAE) | Intercept (LM)",1.493132619566,"HM","SE | Intercept (LM)",1,3,0.35,0.35,0.0247487373415292,2,0.5,1,0.05,0.013,20,"LGR3 Mar2023",0.897393175801846,0.0630004415204009,FALSE,"wassmann | mad | 0.95",TRUE,"emission",0.94392114549007,FALSE,0.115960985321087,FALSE,FALSE,FALSE,0.614336917079358,0.684579439252399,FALSE,FALSE,NA,FALSE,"root"
"Mar_23_113_BL60_stem",0.662609491902705,491.137548290391,501.118320889949,0.0557494740914199,0.413653185293295,0.512006202535784,277.461830873263,0.00875229161256473,1.32088231749175,0.969545957492457,7.09888357162645e-138,0.716947448935531,491.004056323048,558.961164672972,0.0603212657195226,0.412938914907324,0.508550712264782,277.10211890923,0.0367985783695215,5.13267442741546,0.96995563432919,0.000887637322778908,490.439,500.475,0.0231069408769415,0.35,11.8854841718531,181,0.159284211689771,1,1.0820060045877,"Noise (HM.RMSE) | Noise (HM.MAE) | Noise (HM.SE)","Noise (LM.RMSE) | Noise (LM.MAE)",0.716947448935531,"HM","SE",1,3,0.35,0.35,0.0260152951186508,2,0.5,1,0.05,0.023,20,"LGR2 Mar2023",0.686673516530571,0.0888556114930619,FALSE,"wassmann | mad | 0.95",TRUE,"emission",0.98482419053146,FALSE,0.0557494740914199,FALSE,FALSE,FALSE,0.432971240194115,0.630534351145081,FALSE,FALSE,NA,FALSE,"stem"
"Mar_23_114_BL60_stem",1.30321880705156,486.010392383292,505.657042614176,0.109737591570945,0.585188944595377,0.735259123923372,408.464652411654,0.012557884986529,0.963605260956932,0.983559620865878,7.69152298994408e-162,1.86326684177897,484.712195803998,522.534889925319,0.15689645864874,0.38386363345638,0.484820230601051,259.803306005126,0.0431838613856024,2.31764234823028,0.992851869849315,0.00414820948887127,485.161,504.076,0.0230875495342131,0.35,11.8757737289053,181,0.313535975916985,1,1.42974213669804,"Noise (HM.RMSE) | Noise (HM.MAE) | Noise (HM.SE)","Noise (LM.RMSE) | Noise (LM.MAE)",1.86326684177897,"HM","SE",1,3,0.35,0.35,0.0260152951186508,2,0.5,1,0.05,0.023,20,"LGR2 Mar2023",0.686673516530571,0.0887810438170148,FALSE,"wassmann | mad | 0.95",TRUE,"emission",0.974225722469937,FALSE,0.109737591570945,FALSE,FALSE,FALSE,0.486437422397248,0.708396946564913,FALSE,FALSE,NA,FALSE,"stem"
"Mar_23_115_BL60_stem",0.543789524358016,490.122295199467,498.340308630611,0.0459012015556259,0.513422167634938,0.636240845330699,356.102870149323,0.0108406112975965,1.99353073422933,0.933215889533337,2.40637164757826e-107,0.831105018746821,489.461969774501,503.63604344701,0.0701534642919566,0.453720743986581,0.565337081241383,315.422431668058,0.0527872766359366,6.35145684904318,0.947271550908546,0.00494942145164816,490.278,496.395,0.0230310139908989,0.35,11.8469562000249,181,0.131146290158931,1,1.52835790598946,"Noise (HM.RMSE) | Noise (HM.MAE) | Noise (HM.SE) | Intercept (HM)","Noise (LM.RMSE) | Noise (LM.MAE)",0.831105018746821,"HM","SE | Intercept (HM)",1,3,0.35,0.35,0.0260152951186508,2,0.5,1,0.05,0.023,20,"LGR2 Mar2023",0.686673516530571,0.0885636415412749,FALSE,"wassmann | mad | 0.95",TRUE,"emission",0.984500895086612,FALSE,0.0459012015556259,FALSE,FALSE,FALSE,0.532040930746984,0.774809160305365,FALSE,FALSE,NA,FALSE,"stem"
"Mar_23_117_BL60_stem",1.33745603159889,648.260285105567,668.207753506206,0.111407251490586,0.455015158525893,0.574116375741812,318.909159037984,0.00991196891332681,0.74110615071789,0.990209960382011,5.44092966583624e-182,1.46649234605137,647.947289485297,765.556769493111,0.122155702875893,0.447381750092465,0.557423687315566,310.319481657622,0.0411464118783566,2.80577065329704,0.990770983558012,0.00103865524163339,647.357,667.434,0.0233367821396272,0.35,12.0051075105457,181,0.318306432830247,1,1.09647892072999,"Noise (HM.RMSE) | Noise (HM.MAE) | Noise (HM.SE)","Noise (LM.RMSE) | Noise (LM.MAE)",1.46649234605137,"HM","SE",1,3,0.35,0.35,0.0260152951186508,2,0.5,1,0.05,0.023,20,"LGR2 Mar2023",0.686673516530571,0.0897394444758734,FALSE,"wassmann | mad | 0.95",TRUE,"emission",1.29992279062202,FALSE,0.111407251490586,FALSE,FALSE,FALSE,0.54409703065555,0.792366412213782,FALSE,FALSE,NA,FALSE,"stem"
"Mar_23_11_BL60_stem",9.80308769355908,589.123442186694,737.61017116081,0.829344836479535,0.534934682195749,0.661057814781935,369.954482448931,0.0112370978048634,0.114628147336135,0.99976354257929,0,9.95810708692188,588.732245471235,5335.65066846797,0.842459534364376,0.528782649613201,0.656150945034721,369.349102659967,0.0450419454365048,0.452314330859717,0.999767143748052,0.000177475039445176,588.409,736.791,0.0229786425880574,0.35,11.8202794089512,181,2.36955667565582,1,1.01581332312927,"Noise (HM.RMSE) | Noise (HM.MAE) | Noise (HM.SE)","Noise (LM.RMSE) | Noise (LM.MAE)",9.95810708692188,"HM","SE",1,3,0.35,0.35,0.0260152951186508,2,0.5,1,0.05,0.023,20,"LGR2 Mar2023",0.686673516530571,0.088362252084179,FALSE,"wassmann | mad | 0.95",TRUE,"emission",1.18155248079053,FALSE,0.829344836479535,FALSE,FALSE,FALSE,0.496396809278229,0.722900763358811,FALSE,FALSE,NA,FALSE,"stem"
"Mar_23_120_BL60_stem",1.78630127528971,648.836408424986,675.60181226077,0.149498999339569,0.63203981985523,0.766243099097003,423.40674342065,0.0131674449246861,0.737134609196904,0.990313598056836,2.09886780755617e-182,1.79802198690311,648.806328992217,2495.47801103004,0.150479928302668,0.638164826561266,0.77280598701204,428.585757629257,0.053285976815578,2.9635887215905,0.990148381339668,8.14871044844374e-05,649.267,676.06,0.0232289691024077,0.35,11.9485834900629,181,0.427139998113055,1,1.00656144166471,"Noise (HM.RMSE) | Noise (HM.MAE) | Noise (HM.SE)","Noise (LM.RMSE) | Noise (LM.MAE)",1.78630127528971,"LM","MAE | SE | AICc",3,1,0.35,0.35,0.0260152951186508,2,0.5,1,0.05,0.023,20,"LGR2 Mar2023",0.686673516530571,0.089324859659322,FALSE,"wassmann | mad | 0.95",TRUE,"emission",1.30375815894288,FALSE,0.149498999339569,FALSE,TRUE,FALSE,0.491155026709298,0.715267175572558,FALSE,TRUE,"convex (accelerating) trace",FALSE,"stem"
"Mar_23_121_BL60_stem",2.79634728115704,704.133648397472,746.083800256113,0.23432304551973,0.823871700297385,1.11117615662057,557.953040115273,0.0190726115773463,0.682054468193758,0.991695581790114,2.17931130650392e-188,3.47702185591097,702.514557871608,819.579259623769,0.291360932208179,0.658520975080328,0.844242409584657,460.590770754742,0.0680605534085872,1.95743818212945,0.99520622425402,0.00248888800677956,704.647,743.795,0.0232009892413867,0.35,11.933727111453,181,0.669494415770658,1,1.24341560840479,"Noise (HM.RMSE) | Noise (HM.MAE) | Noise (HM.SE)","Noise (LM.RMSE) | Noise (LM.MAE)",3.47702185591097,"HM","SE",1,3,0.35,0.35,0.0260152951186508,2,0.5,1,0.05,0.023,20,"LGR2 Mar2023",0.686673516530571,0.0892172658381065,FALSE,"wassmann | mad | 0.95",TRUE,"emission",1.41496375978546,FALSE,0.23432304551973,FALSE,FALSE,FALSE,0.597563212858623,0.870229007633527,FALSE,FALSE,NA,FALSE,"stem"
"Mar_23_122_BL60_stem",0.955281762342111,452.393599402426,466.843407632358,0.0807103060918827,0.655000072674357,0.804532165300555,441.058394193817,0.013695097541492,1.43361865382158,0.964317989506885,1.02408238788469e-131,0.961540901529189,452.377132292963,1434.31487887004,0.0812391312611419,0.656452529935444,0.806417087801914,443.997204366808,0.0550825992897953,5.72857578936003,0.96415256894607,8.27334844233583e-05,454.539,465.547,0.0230100953376729,0.35,11.8359328392906,181,0.230600874548236,1,1.00655213930991,"Noise (HM.RMSE) | Noise (HM.MAE) | Noise (HM.SE)","Noise (LM.RMSE) | Noise (LM.MAE)",0.955281762342111,"LM","RMSE | SE | AICc | Intercept",3,1,0.35,0.35,0.0260152951186508,2,0.5,1,0.05,0.023,20,"LGR2 Mar2023",0.686673516530571,0.0884832007257807,FALSE,"wassmann | mad | 0.95",TRUE,"emission",0.91273533046919,FALSE,0.0807103060918827,FALSE,TRUE,FALSE,0.54409703065555,0.792366412213782,FALSE,TRUE,"convex (accelerating) trace",FALSE,"stem"
"Mar_23_123_BL60_stem",1.11332158879739,582.497345379473,599.365643837916,0.0942094624981914,0.631734671957355,0.775810682224625,427.898817014092,0.0131845763236847,1.18425587506362,0.975373897963468,3.92284095402004e-146,1.51411622618215,581.552286216504,617.688155430348,0.128124772988993,0.518257079005862,0.654455303438166,368.412402409749,0.0558594883694948,3.68924706066619,0.982475560069272,0.00354563971412387,582.759,597.861,0.0229719896312042,0.35,11.8175134352216,181,0.269169892851976,1,1.35999898090336,"Noise (HM.RMSE) | Noise (HM.MAE) | Noise (HM.SE)","Noise (LM.RMSE) | Noise (LM.MAE)",1.51411622618215,"HM","SE",1,3,0.35,0.35,0.0260152951186508,2,0.5,1,0.05,0.023,20,"LGR2 Mar2023",0.686673516530571,0.0883369138569165,FALSE,"wassmann | mad | 0.95",TRUE,"emission",1.17020701952725,FALSE,0.0942094624981915,FALSE,FALSE,FALSE,0.531516752490103,0.774045801526758,FALSE,FALSE,NA,FALSE,"stem"
"Mar_23_124_BL60_root",0.569793795050013,497.641250789131,506.282985916913,0.0482632899631468,0.430923705674677,0.539597344637398,296.461930857313,0.00916140912948144,1.60784641901502,0.955524998530524,3.75366352441915e-123,0.682481088237103,497.368236105771,525.518714595492,0.0578082508832167,0.409773797856547,0.525825441143279,289.194496166785,0.0407711185692685,5.97395580214291,0.957766258915052,0.00205354416637443,497.659,505.351,0.0229491213554521,0.35,11.8059459992284,181,0.13789511418042,1,1.19776855094956,"Noise (HM.RMSE) | Noise (HM.MAE) | Noise (HM.SE)","Noise (LM.RMSE) | Noise (LM.MAE)",0.682481088237103,"HM","SE",1,3,0.35,0.35,0.0260152951186508,2,0.5,1,0.05,0.023,20,"LGR2 Mar2023",0.686673516530571,0.0882487307282697,FALSE,"wassmann | mad | 0.95",TRUE,"emission",0.999322284393565,FALSE,0.0482632899631468,FALSE,FALSE,FALSE,0.614336917079268,0.894656488549632,FALSE,FALSE,NA,FALSE,"root"
"Mar_23_126_BL60_stem",1.28918074135065,441.479814501536,461.084048979783,0.109496394562243,0.456238285535867,0.577813837274869,321.233059664201,0.00978414357643261,0.758942734917214,0.989737912195093,3.68268194733169e-180,1.65256432972891,440.610307325276,489.899105775852,0.140360331242544,0.353313111345238,0.441106186701383,225.597009769138,0.035894231058756,2.17203230234579,0.994019380833461,0.00284771257678941,440.118,461.148,0.0228882732742931,0.35,11.7737277698017,181,0.312846841606408,1,1.28187171644959,"Noise (HM.RMSE) | Noise (HM.SE)","Noise (LM.RMSE) | Noise (LM.MAE)",1.65256432972891,"HM","SE",1,3,0.35,0.35,0.0260152951186508,2,0.5,1,0.05,0.023,20,"LGR2 Mar2023",0.686673516530571,0.0880147452312011,FALSE,"wassmann | mad | 0.95",TRUE,"emission",0.883777295623564,FALSE,0.109496394562243,FALSE,FALSE,FALSE,0.448696587900938,0.653435114503883,FALSE,FALSE,NA,FALSE,"stem"
"Mar_23_127_BL60_stem",2.14294595604982,490.526678888757,523.109316756457,0.18199744088369,1.15172980749281,1.36068611017995,631.283383883966,0.023043471930019,1.07531745562524,0.979608523890029,1.81308651594529e-153,2.17987272714389,490.43298913931,1448.25649446303,0.185133580561056,1.15245082424473,1.36013153960996,633.227494112136,0.093119665934004,4.27179370494768,0.979625274849918,0.000193285693587657,492.955,520.808,0.022891482769562,0.35,11.7745938934346,181,0.519992688239115,1,1.01723177898622,"Noise (HM.RMSE) | Noise (HM.MAE) | Noise (HM.SE)","Noise (LM.RMSE) | Noise (LM.MAE)",2.17987272714389,"HM","SE | AICc",2,2,0.35,0.35,0.0260152951186508,2,0.5,1,0.05,0.023,20,"LGR2 Mar2023",0.686673516530571,0.0880270872123919,FALSE,"wassmann | mad | 0.95",TRUE,"emission",0.989876434874542,FALSE,0.18199744088369,FALSE,FALSE,FALSE,0.536234356802093,0.780916030534316,FALSE,FALSE,NA,FALSE,"stem"
"Mar_23_128_BL60_stem",1.76673591225931,743.132056079488,769.990194208897,0.150023673242858,1.21753954035963,1.56396974567057,681.687624020723,0.0264902636779148,1.49939011790613,0.961098415468053,2.338338440174e-128,2.19040702577905,742.108817956297,817.929173059791,0.186000015975282,1.21408371213647,1.48987558725515,666.209749457825,0.118240373304773,5.39810053169086,0.96469708198766,0.00245316730212347,742.752,767.633,0.0228952112257425,0.35,11.7763808475701,181,0.428639066408165,1,1.23980443855808,"Noise (HM.RMSE) | Noise (HM.MAE) | Noise (HM.SE)","Noise (LM.RMSE) | Noise (LM.MAE)",2.19040702577905,"HM","SE",1,3,0.35,0.35,0.0260152951186508,2,0.5,1,0.05,0.023,20,"LGR2 Mar2023",0.686673516530571,0.0880414246741707,FALSE,"wassmann | mad | 0.95",TRUE,"emission",1.49148036180977,FALSE,0.150023673242858,FALSE,FALSE,FALSE,0.934609832041215,1.36106870229006,FALSE,FALSE,NA,FALSE,"stem"
"Mar_23_129_CP40_stem",0.313617298985189,449.337369271857,463.664106840803,0.080017077000552,0.341274148872916,0.427132654148465,211.852187466433,0.00240768546018457,0.767714494058656,0.98950181819255,2.82051667187149e-179,0.31655562215711,449.314719010411,1178.96849009234,0.080766767888972,0.343295955422945,0.429578125149952,216.01052220484,0.00973596733557346,3.07559450981458,0.989382111077295,0.000110691907710161,450.265,463.825,0.00761906878699424,0.35,3.91937959672065,181,0.228620220001577,1,1.00936913614596,"Noise (HM.RMSE)","Noise (LM.RMSE)",0.31655562215711,"HM","AICc",1,3,0.35,0.35,0.0260152951186508,2,0.5,1,0.05,0.0076,20,"LGR2 Mar2023",0.686673516530571,0.0292985894538124,FALSE,"wassmann | mad | 0.95",TRUE,"emission",0.904152940833922,FALSE,0.080017077000552,FALSE,TRUE,FALSE,0.390512801385725,0.568702290076363,FALSE,TRUE,"convex (accelerating) trace",FALSE,"stem"
"Mar_23_12_BL60_stem",6.56881881392478,601.175864260975,700.655883753732,0.555633239719586,0.824270591699294,1.02773791860884,529.695731578624,0.0174743179059213,0.266019179412876,0.998727819875638,2.60457077040786e-261,7.32003653175787,599.33139349437,1105.5704624652,0.619176099725031,0.502858587423586,0.621785824742569,349.875254239664,0.0457496572955954,0.624992199111455,0.99953434370366,0.00122309030984867,598.327,698.486,0.0229826718982087,0.35,11.8222207462604,181,1.58752354205596,1,1.11436115671826,"Noise (HM.RMSE) | Noise (HM.MAE) | Noise (HM.SE)","Noise (LM.RMSE) | Noise (LM.MAE)",7.32003653175787,"HM","SE",1,3,0.35,0.35,0.0260152951186508,2,0.5,1,0.05,0.023,20,"LGR2 Mar2023",0.686673516530571,0.0883777464522471,FALSE,"wassmann | mad | 0.95",TRUE,"emission",1.20146828341163,FALSE,0.555633239719586,FALSE,FALSE,FALSE,0.54409703065549,0.792366412213695,FALSE,FALSE,NA,FALSE,"stem"
"Mar_23_130_CP40_stem",0.285698366217974,457.018846337837,470.072564416396,0.0729046203070727,0.516497302202779,0.625303629809022,349.825848135039,0.00352371555484743,1.23336916535218,0.973344225738259,4.70385581188454e-143,0.286705570418684,457.010741059048,1907.57742775963,0.0731616390670906,0.519102359051569,0.62816816959238,353.572076563243,0.0141770961772973,4.94482760017328,0.973101768673735,5.04365912562781e-05,458.069,469.801,0.00761768129321843,0.35,3.91879643587221,181,0.208298915163065,1,1.00352541113218,"Noise (HM.RMSE) | Noise (HM.MAE)","Noise (LM.RMSE) | Noise (LM.MAE)",0.286705570418684,"HM","AICc",1,3,0.35,0.35,0.0260152951186508,2,0.5,1,0.05,0.0076,20,"LGR2 Mar2023",0.686673516530571,0.0292930912262,FALSE,"wassmann | mad | 0.95",TRUE,"emission",0.91982373370094,FALSE,0.0729046203070727,FALSE,TRUE,FALSE,0.47805057028694,0.696183206106882,FALSE,TRUE,"convex (accelerating) trace",FALSE,"stem"
"Mar_23_131_CP40_stem",0.402725379844869,447.240443268565,465.64156640621,0.102775455658226,0.437634742575666,0.541489865350058,297.729346087976,0.00305159557633564,0.757736097365187,0.989770187294759,2.77790458921941e-180,0.405162438097889,447.221329749386,1795.16116629019,0.103397392553577,0.442344949039143,0.546614023771964,303.230551247527,0.0123569118087384,3.04986608994414,0.989577357861918,7.67077207384301e-05,447.319,466.609,0.00761752353078272,0.35,3.91849763414438,181,0.293644159023503,1,1.00605141462393,"Noise (HM.RMSE) | Noise (HM.MAE)","Noise (LM.RMSE) | Noise (LM.MAE)",0.405162438097889,"HM","RMSE | AICc",2,2,0.35,0.35,0.0260152951186508,2,0.5,1,0.05,0.0076,20,"LGR2 Mar2023",0.686673516530571,0.0292925659367033,FALSE,"wassmann | mad | 0.95",TRUE,"emission",0.898237236607085,FALSE,0.102775455658226,FALSE,TRUE,FALSE,0.43087452716653,0.627480916030563,FALSE,TRUE,"convex (accelerating) trace",FALSE,"stem"
"Mar_23_132_CP40_stem",0.519467788071599,456.095665028499,479.834089259566,0.132586526246699,0.493614734367534,0.634695256936746,355.222411606316,0.00357636439048959,0.688467018092881,0.991540014252095,1.14752009357945e-187,0.609435428745047,455.436476942343,541.168686541853,0.155549445652704,0.448250332050192,0.567300992981067,316.677796075142,0.014376150262903,2.3589291965691,0.993241252636451,0.00181436412731385,455.233,479.446,0.00761650722181295,0.35,3.9179530739424,181,0.37881864641914,1,1.17319195287822,"Noise (HM.RMSE) | Noise (HM.MAE)","Noise (LM.RMSE) | Noise (LM.MAE)",0.609435428745047,"HM","",0,4,0.35,0.35,0.0260152951186508,2,0.5,1,0.05,0.0076,20,"LGR2 Mar2023",0.686673516530571,0.0292885764925302,FALSE,"wassmann | mad | 0.95",TRUE,"emission",0.914128914560645,FALSE,0.132586526246699,FALSE,FALSE,FALSE,0.479623105057643,0.698473282442793,FALSE,FALSE,NA,FALSE,"stem"
"Mar_23_133_CP40_stem",0.353864518971833,483.390522552088,499.563820480821,0.0903198127802677,1.03790642520936,1.35109955372089,628.723927994051,0.00761228227681425,2.15118551555607,0.923075213050466,7.55754100730017e-102,0.874815577692795,480.210662703933,499.955880225414,0.2232865262221,0.604761660601123,0.769220812479833,426.902472332817,0.0343523245450594,3.92680759476859,0.975065902490708,0.0113083852319775,478.429,498.299,0.00761531558405976,0.35,3.91790580692105,181,0.258056607943622,1,2.47217658394971,"Noise (HM.RMSE) | Noise (HM.MAE) | Exaggerated curvature (g-fact)","Noise (LM.RMSE) | Noise (LM.MAE) | Intercept (LM)",0.353864518971833,"LM","g-fact. > 2 | Intercept (LM)",0,4,0.35,0.35,0.0260152951186508,2,0.5,1,0.05,0.0076,20,"LGR2 Mar2023",0.686673516530571,0.0292839940419518,FALSE,"wassmann | mad | 0.95",TRUE,"emission",0.96070755517358,FALSE,0.0903198127802677,FALSE,FALSE,FALSE,0.523129900379795,0.761832061068727,FALSE,FALSE,NA,FALSE,"stem"
"Mar_23_134_CP40_stem",0.314470755077729,467.372919432801,481.744181829358,0.080265755148123,0.457800425826013,0.582874108934168,324.389515200171,0.00328405973561312,1.04431324140185,0.98074526469056,1.06813566814348e-155,0.316228617495707,467.358867194119,1587.47992355707,0.0807144332911529,0.45928704842708,0.585556411503696,328.143245156659,0.0132305099910338,4.18384335225873,0.980569632603473,7.20586697595295e-05,469.193,482.539,0.00761613326437167,0.35,3.91786951356033,181,0.229330728994637,1,1.00558990745433,"Noise (HM.RMSE) | Noise (HM.MAE)","Noise (LM.RMSE) | Noise (LM.MAE)",0.316228617495707,"HM","RMSE | AICc | Intercept",2,2,0.35,0.35,0.0260152951186508,2,0.5,1,0.05,0.0076,20,"LGR2 Mar2023",0.686673516530571,0.0292872197606445,FALSE,"wassmann | mad | 0.95",TRUE,"emission",0.942161240089037,FALSE,0.080265755148123,FALSE,TRUE,FALSE,0.454986726983661,0.662595419847395,FALSE,TRUE,"convex (accelerating) trace",FALSE,"stem"
"Mar_23_135_CP40_stem",1.05737145741477,611.263923321039,659.425300343905,0.268865710649508,0.657678217083561,0.823173737600745,449.350487040967,0.00465333701363973,0.440085362717939,0.996525891376707,2.91468035032287e-222,1.14614336401942,610.604748243394,931.714436387113,0.291438404084346,0.611763195611635,0.769757776056441,427.155082504352,0.0184449694391433,1.60930735352849,0.996962134441027,0.000907597667853317,608.088,659.589,0.00764150640605935,0.35,3.93271218877424,181,0.768187744712879,1,1.08395527038501,"Noise (HM.RMSE) | Noise (HM.MAE)","Noise (LM.RMSE) | Noise (LM.MAE)",1.14614336401942,"HM","",0,4,0.35,0.35,0.0260152951186508,2,0.5,1,0.05,0.0076,20,"LGR2 Mar2023",0.686673516530571,0.0293847081377093,FALSE,"wassmann | mad | 0.95",TRUE,"emission",1.22106882277285,FALSE,0.268865710649508,FALSE,FALSE,FALSE,0.575023547812255,0.837404580152691,FALSE,FALSE,NA,FALSE,"stem"
"Mar_23_136_CP40_stem",0.401508026407121,584.603135460722,602.887294443759,0.102139862865489,3.81192642689519,5.08866832946392,1108.77119631363,0.0287719459274289,7.16597030074182,0.51837876747711,1.9947909834776e-30,0.401285208993332,584.603518705762,9654.89254835179,0.102083180212612,3.81640408589494,5.08968939655657,1110.93550566886,0.114087205076685,28.430453582599,0.518188651203427,1.12546777593256e-05,602.803,605.124,0.00764307218218689,0.35,3.93096304560226,181,0.291828179615684,1,0.999445048668683,"Noise (HM.RMSE) | Noise (HM.MAE) | Noise (HM.SE)","Noise (LM.RMSE) | Noise (LM.MAE)",0.401508026407121,"LM","MAE | SE | AICc | Intercept",3,1,0.35,0.35,0.0260152951186508,2,0.5,1,0.05,0.0076,20,"LGR2 Mar2023",0.686673516530571,0.0293908929616712,FALSE,"wassmann | mad | 0.95",TRUE,"emission",1.21045629838764,FALSE,0.102139862865489,FALSE,TRUE,FALSE,0.491679204966239,0.716030534351253,FALSE,TRUE,"convex (accelerating) trace",FALSE,"stem"
"Mar_23_137_CP40_stem",0.973287026037556,484.993006713416,547.61471482389,0.247864426825002,5.57445511018374,7.20147555914735,1736.64010079991,0.0242806104418936,2.49470195249029,0.863426400997863,1.37597400439326e-111,0.973964539531865,484.983946586818,16960.8047118554,0.24803696739057,5.58434527087655,7.20913169275685,1739.24639360594,0.097126243916069,9.97225668634226,0.8631387147596,1.50546046187537e-05,511.886,555.587,0.00541836766761919,0.35,3.92669104842835,255,0.708184076642862,1,1.00069610862591,"Noise (HM.RMSE) | Noise (HM.MAE) | Noise (HM.SE)","Noise (LM.RMSE) | Noise (LM.MAE)",0.973287026037556,"LM","RMSE | MAE | SE | AICc | Intercept",4,0,0.35,0.35,0.0219178501879802,2,0.5,1,0.05,0.0054,20,"LGR2 Mar2023",0.686673516530571,0.0208357065842313,FALSE,"wassmann | mad | 0.95",TRUE,"emission",1.02789075826838,FALSE,0.247864426825001,FALSE,TRUE,FALSE,0.526799148178053,0.767175572519113,FALSE,TRUE,"convex (accelerating) trace",FALSE,"stem"
"Mar_23_138_CP40_stem",1.32988005792826,493.165889130893,553.818521432777,0.338727981242412,0.582392306899528,0.721512247494237,401.632397076104,0.0040741601316571,0.306355457198446,0.998313467020246,2.3700774478605e-250,1.34098102115456,493.079985795392,3897.81221203881,0.341555459435707,0.605507993469756,0.751359214647281,418.397565367161,0.0170460020653423,1.27115908401641,0.998172173160268,0.000100317862533513,494.628,555.659,0.00763154023970282,0.35,3.92610038606917,181,0.967794232121177,1,1.00834734167199,"Noise (HM.RMSE) | Noise (HM.MAE)","Noise (LM.RMSE) | Noise (LM.MAE)",1.32988005792826,"LM","RMSE | MAE | AICc",3,1,0.35,0.35,0.0260152951186508,2,0.5,1,0.05,0.0076,20,"LGR2 Mar2023",0.686673516530571,0.0293463844911991,FALSE,"wassmann | mad | 0.95",TRUE,"emission",0.993235896236219,FALSE,0.338727981242412,FALSE,TRUE,FALSE,0.512646335241933,0.746564885496221,FALSE,TRUE,"convex (accelerating) trace",FALSE,"stem"
"Mar_23_139_CP40_stem",-0.0965912159295823,492.169836224326,487.764064403815,-0.0246088510701016,0.600852998015491,0.763122785420513,421.929588568886,0.00430808674910201,-4.46012270126377,0.735953116118263,7.3132426645576e-54,-0.250268688918393,493.131511705617,487.67986378247,-0.063761749283623,0.511116674226959,0.644039876908004,362.604964192237,0.0294322267539654,-11.7602513047737,0.811930780894316,0.0116958670446956,493.118,489.756,0.0076307044656928,0.35,3.92505995726616,181,0.0703110030574332,1,2.59100878387167,"Noise (HM.RMSE) | Noise (HM.MAE) | Exaggerated curvature (g-fact)","Noise (LM.RMSE) | Noise (LM.MAE) | Intercept (LM)",-0.0965912159295823,"LM","g-fact. > 2 | Intercept (LM)",0,4,0.35,0.35,0.0260152951186508,2,0.5,1,0.05,0.0076,20,"LGR2 Mar2023",0.686673516530571,0.0293431707260216,FALSE,"wassmann | mad | 0.95",TRUE,"uptake",0.990203746411872,FALSE,-0.0246088510701016,TRUE,FALSE,FALSE,0.501114413590309,0.729770992366499,FALSE,TRUE,"CO2 slope <= 0",FALSE,"stem"
"Mar_23_140_CP40_stem",0.253598831096531,471.218514734665,486.712306676658,0.0646339499107925,0.410027848878035,0.522393706869192,378.589556536111,0.00190408439113455,0.75082538152937,0.986595255330701,5.86955861529293e-227,0.286942495936407,470.888649615748,540.97066099115,0.0731321466642408,0.396468010360718,0.500557683393123,359.99132774115,0.00799045797826846,2.78468964737775,0.987692469033034,0.00104352237084777,471.311,486.456,0.00570492101838994,0.35,3.92361648091362,242,0.18466842831655,1,1.13148193426485,"Noise (HM.RMSE) | Noise (HM.MAE)","Noise (LM.RMSE) | Noise (LM.MAE)",0.286942495936407,"HM","",0,4,0.35,0.35,0.0224988521286629,2,0.5,1,0.05,0.0057,20,"LGR2 Mar2023",0.686673516530571,0.0219376854779064,FALSE,"wassmann | mad | 0.95",TRUE,"emission",0.946414282028087,FALSE,0.0646339499107925,FALSE,FALSE,FALSE,0.460228509552533,0.670229007633562,FALSE,FALSE,NA,FALSE,"stem"
"Mar_23_141_CP40_CWD",0.378126353296771,453.113564725474,470.429814438476,0.0967139713405075,0.339158794761937,0.432023765975285,215.973908652552,0.00242923350823454,0.642439620263115,0.99262536790249,5.28088661742604e-193,0.404643711990593,452.915047533453,588.668906482277,0.103496357826877,0.331253476014387,0.422725204929579,210.189095738631,0.00997841100848656,2.46597456300483,0.99293940388719,0.000762382437068643,452.984,469.949,0.00760032732238889,0.35,3.90973866604521,181,0.27632563240145,1,1.07012830093069,"Noise (HM.RMSE)","Noise (LM.RMSE)",0.404643711990593,"HM","",0,4,0.35,0.35,0.0260152951186508,2,0.5,1,0.05,0.0076,20,"LGR2 Mar2023",0.686673516530571,0.0292263581580873,FALSE,"wassmann | mad | 0.95",TRUE,"emission",0.909612818563986,FALSE,0.0967139713405076,NA,FALSE,FALSE,0.452890013956047,0.659541984732833,FALSE,FALSE,NA,FALSE,"CWD"
"Mar_23_142_CP40_CWD",0.495156008877711,451.554024813146,468.414028272132,0.0941731280043705,0.483148614053142,0.610446007037269,341.12065661523,0.00461610788830003,0.932253230403607,0.984595908426875,2.26521308585985e-164,0.599939005797687,450.985700631884,503.141599566766,0.114101680631636,0.450295248056991,0.557974825078265,310.677222651747,0.0194378850319286,3.23997687166277,0.987130229972415,0.00218770422831935,450.912,468.554,0.0102219416093723,0.35,5.25793312137547,181,0.269066080012487,1,1.21161612712218,"Noise (HM.RMSE) | Noise (HM.MAE)","Noise (LM.RMSE) | Noise (LM.MAE)",0.599939005797687,"HM","",0,4,0.35,0.35,0.0260152951186508,2,0.5,1,0.05,0.01,20,"LGR2 Mar2023",0.686673516530571,0.0393075343362801,FALSE,"wassmann | mad | 0.95",TRUE,"emission",0.905452146752035,FALSE,0.0941731280043705,NA,FALSE,FALSE,0.560346556619194,0.816030534351105,FALSE,FALSE,NA,FALSE,"CWD"
"Mar_23_143_CP40_CWD",0.355107874660879,480.921759405298,493.019933906074,0.0675626556789522,0.667077220764927,0.813566261120801,445.100641086591,0.00614883624068114,1.73154037954049,0.94878068589668,1.15853383317367e-117,0.467670730848402,480.322902168153,508.397150123332,0.0889788112685732,0.642521128835864,0.776126348444773,430.137759162499,0.0287721326196525,6.15222008173506,0.953386388386577,0.00316941032260699,479.398,492.206,0.0102162125100129,0.35,5.25597863334887,181,0.19303615908272,1,1.31698214604511,"Noise (HM.RMSE) | Noise (HM.MAE)","Noise (LM.RMSE) | Noise (LM.MAE) | Intercept (LM)",0.467670730848402,"HM","Intercept (LM)",0,4,0.35,0.35,0.0260152951186508,2,0.5,1,0.05,0.01,20,"LGR2 Mar2023",0.686673516530571,0.0392855034067002,FALSE,"wassmann | mad | 0.95",TRUE,"emission",0.96265335198139,FALSE,0.0675626556789522,NA,FALSE,FALSE,0.710785716347702,1.03511450381683,FALSE,FALSE,NA,FALSE,"CWD"
"Mar_23_144_CP40_stem",1.12140111895906,437.847852686729,489.277252802283,0.287212394153931,1.08015221584526,1.31067988946911,617.728995027452,0.00735821467538372,0.656162594363557,0.992309383961212,2.25701136350139e-191,1.49746286735462,435.15850306079,550.292894871242,0.383529040606597,0.523366140528927,0.642014559328953,361.464786064369,0.0178609996848148,1.19275075690976,0.99815473981339,0.00333114228143064,435.745,488.456,0.00758925174308341,0.35,3.9044315001185,181,0.820606840439803,1,1.33534989580236,"Noise (HM.RMSE) | Noise (HM.MAE)","Noise (LM.RMSE) | Noise (LM.MAE)",1.49746286735462,"HM","",0,4,0.35,0.35,0.0260152951186508,2,0.5,1,0.05,0.0076,20,"LGR2 Mar2023",0.686673516530571,0.0291839300064891,FALSE,"wassmann | mad | 0.95",TRUE,"emission",0.874996109410408,FALSE,0.287212394153931,FALSE,FALSE,FALSE,0.405713970835607,0.59083969465647,FALSE,FALSE,NA,FALSE,"stem"
"Mar_23_145_CP40_stem",0.240497552296703,497.689701570692,508.719318709715,0.061605238820278,0.429934843501153,0.536901415987191,294.648778353402,0.00301470747181101,1.25352937816671,0.972489732132616,7.9269528068609e-142,0.254677609735994,497.583157240394,598.926431952675,0.0652375661212854,0.431341528517018,0.534727258904104,295.27157976405,0.0125062374332219,4.91061520727566,0.972712084094233,0.000643728617478548,497.168,507.851,0.00758925756208757,0.35,3.90384903787664,181,0.176014968057937,1,1.05896133787589,"Noise (HM.RMSE) | Noise (HM.MAE)","Noise (LM.RMSE) | Noise (LM.MAE)",0.254677609735994,"HM","AICc",1,3,0.35,0.35,0.0260152951186508,2,0.5,1,0.05,0.0076,20,"LGR2 Mar2023",0.686673516530571,0.0291839525095736,FALSE,"wassmann | mad | 0.95",TRUE,"emission",0.998336333689092,FALSE,0.0616052388202779,FALSE,FALSE,FALSE,0.519460652581538,0.756488549618341,FALSE,FALSE,NA,FALSE,"stem"
"Mar_23_146_CP40_stem",0.422455871886512,465.379607096333,484.754166491942,0.108217206667319,0.416772424272212,0.504453447264696,272.082084164527,0.00283234113799716,0.670446625667457,0.99197360327701,1.03438115200249e-189,0.432340937682048,465.304429581977,890.640577868545,0.11074938642692,0.418141880901163,0.503385925652385,273.406889547343,0.0114774202913658,2.65471513128062,0.992007598421515,0.000260380846709278,464.984,484.605,0.00758924449931877,0.35,3.90377727254803,181,0.309192019049482,1,1.02339904935252,"Noise (HM.RMSE) | Noise (HM.MAE)","Noise (LM.RMSE) | Noise (LM.MAE)",0.432340937682048,"HM","AICc",1,3,0.35,0.35,0.0260152951186508,2,0.5,1,0.05,0.0076,20,"LGR2 Mar2023",0.686673516530571,0.0291837402375523,FALSE,"wassmann | mad | 0.95",TRUE,"emission",0.933709373459452,FALSE,0.108217206667319,FALSE,FALSE,FALSE,0.549338813224481,0.800000000000035,FALSE,FALSE,NA,FALSE,"stem"
"Mar_23_147_CP40_stem",0.380574570883944,453.597939612782,471.050557160779,0.0974821405755678,0.50522141752274,0.641264921170173,358.950176013513,0.00360051715718663,0.946074024027372,0.98414304282799,3.03007889725038e-163,0.384731340759082,453.565784639431,1224.13857744297,0.0985468749438347,0.507566328152744,0.643423514351317,362.258355093941,0.0145408712650949,3.77948706658664,0.984036979306243,0.000127887820416415,454.157,471.873,0.00758976314511259,0.35,3.90404404988341,181,0.278520401644479,1,1.01092235318162,"Noise (HM.RMSE) | Noise (HM.MAE)","Noise (LM.RMSE) | Noise (LM.MAE)",0.384731340759082,"HM","AICc",1,3,0.35,0.35,0.0260152951186508,2,0.5,1,0.05,0.0076,20,"LGR2 Mar2023",0.686673516530571,0.029185734642151,FALSE,"wassmann | mad | 0.95",TRUE,"emission",0.911968256805018,FALSE,0.0974821405755679,FALSE,FALSE,FALSE,0.566112517445096,0.824427480916096,FALSE,FALSE,NA,FALSE,"stem"
"Mar_23_148_CP40_stem",0.402161565038167,455.934410280239,474.37266213204,0.102983405134247,1.94651287019908,2.44485858321974,843.414738353447,0.0137316231629855,3.41445437772809,0.826379377838665,3.49412778561546e-70,0.402361972452592,455.932339366595,5900.63225338668,0.103034724404277,1.95038997730302,2.44679278295595,845.792693511928,0.0548987353032481,13.644116258953,0.826107260242278,1.89238573349034e-05,463.514,476.722,0.00759154100645519,0.35,3.90511038660954,181,0.294238300383563,1,1.00049832562793,"Noise (HM.RMSE) | Noise (HM.MAE) | Noise (HM.SE)","Noise (LM.RMSE) | Noise (LM.MAE)",0.402161565038167,"LM","RMSE | SE | AICc | Intercept",3,1,0.35,0.35,0.0260152951186508,2,0.5,1,0.05,0.0076,20,"LGR2 Mar2023",0.686673516530571,0.0291925712125577,FALSE,"wassmann | mad | 0.95",TRUE,"emission",0.930757545484758,FALSE,0.102983405134247,FALSE,TRUE,FALSE,0.698205438182255,1.01679389312981,FALSE,TRUE,"convex (accelerating) trace",FALSE,"stem"
"Mar_23_14_BL60_stem",4.49916882955138,486.480918694364,609.534299046922,0.381840293597373,8.11811781534503,9.89809177356264,2418.40710540901,0.069541373162066,1.54564933650201,0.928140460600219,5.86765251794419e-187,8.76701386130263,469.930967364541,635.578195311091,0.744048350616314,6.75976789082815,8.08692500104169,2289.09661061931,0.376166232404249,4.29069964249329,0.952032364875149,0.00449176457608093,456.952,615.713,0.0127573725076176,0.35,11.7828550443539,325,1.09097226742107,1,1.94858521505556,"Noise (HM.RMSE) | Noise (HM.MAE) | Noise (HM.SE)","Noise (LM.RMSE) | Noise (LM.MAE) | Noise (LM.SE) | Intercept (LM)",8.76701386130263,"HM","SE | Intercept (LM)",1,3,0.35,0.35,0.019414506867883,2,0.5,1,0.05,0.013,20,"LGR2 Mar2023",0.686673516530571,0.0490566964702292,FALSE,"wassmann | mad | 0.95",TRUE,"emission",0.91758074604942,FALSE,0.381840293597373,FALSE,FALSE,FALSE,0.733849559651011,1.06870229007636,FALSE,FALSE,NA,FALSE,"stem"
"Mar_23_150_CP40_CWD",0.573944061092412,449.6011893362,473.835239412444,0.109252939724417,0.643896920980412,0.808775799856625,546.71293110328,0.00443315309435066,0.772401597102139,0.986869631436535,4.39727982191165e-211,0.637726607045206,449.163946454032,575.545198272578,0.121394246030797,0.623885998608377,0.785741824952985,535.84221192157,0.0186055178922541,2.91747555876013,0.987606888317115,0.000960539987411197,447.94,472.332,0.00825197883995325,0.35,5.25335119164888,224,0.312151256355479,1,1.11113024818376,"Noise (HM.RMSE) | Noise (HM.MAE)","Noise (LM.RMSE) | Noise (LM.MAE)",0.637726607045206,"HM","",0,4,0.35,0.35,0.0233853586673371,2,0.5,1,0.05,0.0083,20,"LGR3 Mar2023",0.897393175801846,0.0414696777340765,FALSE,"wassmann | mad | 0.95",TRUE,"emission",0.933064485891758,FALSE,0.109252939724418,NA,FALSE,FALSE,0.726511064054495,0.809579439252296,FALSE,FALSE,NA,FALSE,"CWD"
"Mar_23_151_CP40_CWD",0.70944420914433,538.041811739954,563.533372988884,0.134886690641692,0.604085201808311,0.745373125482459,435.904389602668,0.00519999160970281,0.732966953944777,0.989895034533506,9.4901343323739e-191,0.717797487709226,537.990978578225,1583.40907319366,0.136474900238873,0.606002793260474,0.749026803482695,439.859018469467,0.0210467547662412,2.93212990106856,0.989796790435701,0.00013054576053524,537.686,566.048,0.00968942218547164,0.35,5.25955678628716,191,0.38539054469055,1,1.01177439812353,"Noise (HM.RMSE) | Noise (HM.MAE)","Noise (LM.RMSE) | Noise (LM.MAE)",0.717797487709226,"HM","MAE | AICc",2,2,0.35,0.35,0.0253251111852348,2,0.5,1,0.05,0.0097,20,"LGR3 Mar2023",0.897393175801846,0.0486936263335681,FALSE,"wassmann | mad | 0.95",TRUE,"emission",1.12000649899807,FALSE,0.134886690641692,NA,FALSE,FALSE,0.748002372587101,0.833528037383101,FALSE,FALSE,NA,FALSE,"CWD"
"Mar_23_154_CP40_stem",1.6651705060991,531.45115760855,620.221636157338,0.425013662148925,0.730832476731913,0.88605929224013,553.858068294843,0.0039637862791429,0.238040865162129,0.998811474822982,7.30043831699636e-308,1.70335740026761,531.113817240837,2519.14628467163,0.434760382786363,0.721994307621943,0.876706819097582,551.458360729482,0.0159254814837826,0.934946563843889,0.99883647507942,0.000218688773905297,530.548,620.741,0.00653407097924193,0.35,3.91792230320263,211,1.21432474899693,1,1.02293272312273,"Noise (HM.RMSE) | Noise (HM.MAE)","Noise (LM.RMSE) | Noise (LM.MAE)",1.70335740026761,"HM","",0,4,0.35,0.35,0.024094993678753,2,0.5,1,0.05,0.0065,20,"LGR3 Mar2023",0.897393175801846,0.0328365109262812,FALSE,"wassmann | mad | 0.95",TRUE,"emission",1.10513795789816,FALSE,0.425013662148925,FALSE,FALSE,FALSE,1.03001027479586,1.1477803738317,FALSE,FALSE,NA,FALSE,"stem"
"Mar_23_155_CP40_stem",1.3788449332276,604.569208651826,661.976127667785,0.351934912181485,0.786545005721956,1.00255044708877,475.239360352486,0.00649426472853462,0.470993116922353,0.996375022317559,4.60103500350458e-201,1.40091263572107,604.415666938782,2387.23240694899,0.357567449062123,0.792944988584619,1.01188085047524,480.397288949784,0.0264722771706521,1.88964511388153,0.996307804845114,0.000200563210473375,605.94,661.153,0.00835535495960614,0.35,3.91789755861607,165,1.00552832051853,1,1.01600448459553,"Noise (HM.RMSE) | Noise (HM.MAE)","Noise (LM.RMSE) | Noise (LM.MAE)",1.40091263572107,"HM","RMSE | AICc",2,2,0.35,0.35,0.0272474630456533,2,0.5,1,0.05,0.0084,20,"LGR3 Mar2023",0.897393175801846,0.0419897792226804,FALSE,"wassmann | mad | 0.95",TRUE,"emission",1.26218041385286,FALSE,0.351934912181485,FALSE,FALSE,FALSE,0.959246210115346,1.06892523364492,FALSE,FALSE,NA,FALSE,"stem"
"Mar_23_156_CP40_stem",1.20378173489719,581.699447561433,671.252767562036,0.307254505657444,0.897292567467075,1.10156982972681,897.299549004248,0.00299166574284198,0.248522274106235,0.998193592355611,0,1.34974984908579,579.937191294055,1013.50722864013,0.344511559379561,0.601408229946035,0.776921685236569,694.053819590239,0.00918165968535662,0.680248987734694,0.999101441857565,0.00079459263718579,581.276,668.631,0.00468863691923829,0.35,3.91786519882405,294,0.877870016164126,1,1.12125795728332,"Noise (HM.RMSE) | Noise (HM.MAE)","Noise (LM.RMSE) | Noise (LM.MAE)",1.34974984908579,"HM","",0,4,0.35,0.35,0.0204124145231931,2,0.5,1,0.05,0.0047,20,"LGR3 Mar2023",0.897393175801846,0.0235623347535262,FALSE,"wassmann | mad | 0.95",TRUE,"emission",1.2108050008957,FALSE,0.307254505657444,FALSE,FALSE,FALSE,0.836588498002168,0.932242990654183,FALSE,FALSE,NA,FALSE,"stem"
"Mar_23_157_CP40_stem",1.51945713318847,447.637911681489,512.889778889124,0.388191390456853,0.602213304598014,0.776403109347814,402.535315827676,0.00480331375131425,0.316120385787709,0.998313978252869,4.25600421163062e-235,1.54328503952458,447.467257454222,2540.86180137799,0.394278951527351,0.609661306394922,0.779599069532866,406.029853876863,0.0194740285011502,1.26185558742599,0.998300258812778,0.000188344310283876,448.044,511.614,0.00810191227695559,0.35,3.91419585941939,170,1.10911825844815,1,1.01568185493072,"Noise (HM.RMSE) | Noise (HM.MAE)","Noise (LM.RMSE) | Noise (LM.MAE)",1.54328503952458,"HM","MAE | AICc",2,2,0.35,0.35,0.026843774609658,2,0.5,1,0.05,0.0081,20,"LGR3 Mar2023",0.897393175801846,0.0407160609668484,FALSE,"wassmann | mad | 0.95",TRUE,"emission",0.933281119160796,FALSE,0.388191390456853,FALSE,FALSE,FALSE,0.763203542037073,0.850467289719614,FALSE,FALSE,NA,FALSE,"stem"
"Mar_23_158_CP40_stem",1.05806647429123,532.664900145927,609.585427518512,0.270390880690067,0.760650249757583,0.948464571256801,790.184700005665,0.00266787598710013,0.252146349206203,0.998184964513117,0,1.12994610572129,531.808424875053,1152.5601773948,0.288759855908823,0.703000476871787,0.867503747473433,741.026815271527,0.0102373250045403,0.906001175870718,0.998481602032509,0.000465177673259388,530.416,609.993,0.00479749787127607,0.35,3.91309970066641,287,0.772545373400193,1,1.06793489178287,"Noise (HM.RMSE) | Noise (HM.MAE)","Noise (LM.RMSE) | Noise (LM.MAE)",1.12994610572129,"HM","",0,4,0.35,0.35,0.0206598467635334,2,0.5,1,0.05,0.0048,20,"LGR3 Mar2023",0.897393175801846,0.0241093758328825,FALSE,"wassmann | mad | 0.95",TRUE,"emission",1.10486300028746,FALSE,0.270390880690067,FALSE,FALSE,FALSE,0.813000476441978,0.905957943925235,FALSE,FALSE,NA,FALSE,"stem"
"Mar_23_159_CP40_stem",1.00932084366647,508.155506862748,561.284496425048,0.258050520783054,0.600513016376925,0.768854335234024,487.048917520514,0.00350852826366765,0.347612781969559,0.997504933033445,2.67830125499965e-270,1.02420522490489,508.024276817785,2305.21940498523,0.261855973087153,0.606324971902843,0.774147897713943,491.98266015544,0.0142610082145868,1.39239752618048,0.997470802894601,0.000145702583421846,507.426,561.727,0.00661700470251782,0.35,3.91133038834291,208,0.737287202237297,1,1.01474692743325,"Noise (HM.RMSE) | Noise (HM.MAE)","Noise (LM.RMSE) | Noise (LM.MAE)",1.02420522490489,"HM","MAE | AICc",2,2,0.35,0.35,0.0242681335848538,2,0.5,1,0.05,0.0066,20,"LGR3 Mar2023",0.897393175801846,0.0332534605743282,FALSE,"wassmann | mad | 0.95",TRUE,"emission",1.05697454975691,FALSE,0.258050520783054,FALSE,FALSE,FALSE,0.639497473410072,0.71261682242977,FALSE,FALSE,NA,FALSE,"stem"
"Mar_23_15_BL60_root",3.12670279653654,627.64184845124,688.117284452233,0.337813852792399,1.10224721377028,1.64141461869603,699.183498392843,0.0218513651090789,0.698862876679029,0.991284824151834,1.64039738365654e-186,3.28542591308455,627.138058631557,1265.59755403786,0.354962546166036,1.10663165116515,1.62524029996671,697.690378541436,0.0895985306057679,2.72715115105571,0.991455734680095,0.000555967212830229,626.473,685.301,0.0179951898873839,0.35,9.25569739278286,181,0.965182436549711,1,1.05076373639472,"Noise (HM.RMSE) | Noise (HM.MAE) | Noise (HM.SE)","Noise (LM.RMSE) | Noise (LM.MAE)",3.28542591308455,"HM","MAE | SE",2,2,0.35,0.35,0.0260152951186508,2,0.5,1,0.05,0.018,20,"LGR2 Mar2023",0.686673516530571,0.0691992286631576,FALSE,"wassmann | mad | 0.95",TRUE,"emission",1.25798675291895,FALSE,0.337813852792399,FALSE,FALSE,FALSE,0.613288560565476,0.893129770992372,FALSE,FALSE,NA,FALSE,"root"
"Mar_23_160_CP40_stem",0.41986285394534,440.260085121896,455.508475246772,0.0798503897812406,0.674921846764774,0.847701635638083,490.059809694732,0.00582070615263206,1.38633510869953,0.964405663224065,1.6176942116222e-140,0.489905340341701,439.851467623159,496.597917304993,0.0931712153494981,0.651054828525892,0.828180672383192,483.152796989618,0.0254716358302827,5.19929744234196,0.966026128104196,0.0016418862478955,439.121,455.946,0.00958701024689342,0.35,5.25811902854329,193,0.228143970803545,1,1.16682229861058,"Noise (HM.RMSE) | Noise (HM.MAE)","Noise (LM.RMSE) | Noise (LM.MAE)",0.489905340341701,"HM","",0,4,0.35,0.35,0.0251935512762043,2,0.5,1,0.05,0.0096,20,"LGR3 Mar2023",0.897393175801846,0.0481789480471773,FALSE,"wassmann | mad | 0.95",TRUE,"emission",0.914694401279803,FALSE,0.0798503897812406,FALSE,FALSE,FALSE,0.862273232589942,0.960864485981272,FALSE,FALSE,NA,FALSE,"stem"
"Mar_23_161_CP40_stem",0.623184571950326,467.641757480944,484.858167316755,0.118558884387137,0.611999487382095,0.765751261149972,344.867782350983,0.00791905676973779,1.27074018295322,0.976963588549405,7.65838049767228e-121,0.691597603292228,467.335456993338,558.082439766932,0.131574246189265,0.594946324712498,0.753183143696851,342.116241464963,0.0335819197284175,4.85570215520654,0.977713566741736,0.00144990215837292,467.371,484.168,0.0125823474909694,0.35,5.25632958821886,147,0.338739669677534,1,1.10977972565623,"Noise (HM.RMSE) | Noise (HM.MAE)","Noise (LM.RMSE) | Noise (LM.MAE)",0.691597603292228,"HM","",0,4,0.35,0.35,0.0288675134594813,2,0.5,1,0.05,0.013,20,"LGR3 Mar2023",0.897393175801846,0.0632323520148404,FALSE,"wassmann | mad | 0.95",TRUE,"emission",0.973539495994368,FALSE,0.118558884387137,FALSE,FALSE,FALSE,0.696632903411552,0.776285046728923,FALSE,FALSE,NA,FALSE,"stem"
"Mar_23_162_CP40_stem",0.602253501503536,472.802721045442,504.830296287957,0.114587590258821,0.603819606755537,0.746853870075525,641.74410891134,0.00289708942171822,0.481041523957202,0.993539491733596,7.94221110709664e-309,0.639281565310633,472.479596984178,755.658566766592,0.121632724231497,0.587780286815696,0.732571275788643,632.911961231056,0.0118682807640006,1.85650289450059,0.993784226411153,0.000429525979012338,472.995,504.446,0.00655801311887148,0.35,5.25583529720114,282,0.327393115025204,1,1.06148252142106,"Noise (HM.RMSE) | Noise (HM.MAE)","Noise (LM.RMSE) | Noise (LM.MAE)",0.639281565310633,"HM","",0,4,0.35,0.35,0.0208421966961395,2,0.5,1,0.05,0.0066,20,"LGR3 Mar2023",0.897393175801846,0.0329566327135165,FALSE,"wassmann | mad | 0.95",TRUE,"emission",0.985254356620021,FALSE,0.114587590258822,FALSE,FALSE,FALSE,0.804089446074759,0.896028037383149,FALSE,FALSE,NA,FALSE,"stem"
"Mar_23_163_CP40_stem",0.679857471510402,454.962442679772,469.600328314852,0.0572584184392593,0.720761094627211,0.930627136680931,701.168136257704,0.00932168665819786,1.3711236617711,0.953903044527997,2.7595921506856e-173,1.00061362218986,453.904974284541,480.659845012905,0.0842728893573589,0.630168752841365,0.815330776634751,634.983110116047,0.0435676125835948,4.35408949243029,0.964617502010361,0.00314981485849672,454.881,469.612,0.0161924316061157,0.35,11.8734937157163,258,0.163595481255027,1,1.4717991110208,"Noise (HM.RMSE) | Noise (HM.MAE) | Noise (HM.SE)","Noise (LM.RMSE) | Noise (LM.MAE)",1.00061362218986,"HM","SE",1,3,0.35,0.35,0.0217900482227642,2,0.5,1,0.05,0.016,20,"LGR3 Mar2023",0.897393175801846,0.0813735647951685,FALSE,"wassmann | mad | 0.95",TRUE,"emission",0.947522673587822,FALSE,0.0572584184392593,FALSE,FALSE,FALSE,0.731752846623426,0.815420560747617,FALSE,FALSE,NA,FALSE,"stem"
"Mar_23_164_CP40_stem",0.828104803278042,442.813502863683,462.514642531612,0.0697454602913414,0.696085935227102,0.914449857495108,763.903766573408,0.00788727090270305,0.952448394391796,0.97488156876167,1.1569229600634e-228,1.08778117104363,441.844263206136,487.940881798089,0.0916161797037899,0.637954691507723,0.816117410170794,701.115502937024,0.034490705336893,3.17073932285499,0.979993182778032,0.00198748156594252,442.508,461.436,0.0146597726539618,0.35,11.8732430730097,285,0.199272743689547,1,1.31357911068462,"Noise (HM.RMSE) | Noise (HM.MAE) | Noise (HM.SE)","Noise (LM.RMSE) | Noise (LM.MAE)",1.08778117104363,"HM","SE",1,3,0.35,0.35,0.0207322107215682,2,0.5,1,0.05,0.015,20,"LGR3 Mar2023",0.897393175801846,0.073671193340677,FALSE,"wassmann | mad | 0.95",TRUE,"emission",0.921749563608944,FALSE,0.0697454602913414,FALSE,FALSE,FALSE,0.778928889743866,0.867990654205578,FALSE,FALSE,NA,FALSE,"stem"
"Mar_23_165_CP40_stem",0.484337100617761,464.071548192799,475.878113904375,0.0407931785903813,0.594034510999917,0.746907428823879,664.324045856763,0.00621173488269213,1.28252303504505,0.954313701861767,1.35708274689175e-196,0.544828313603118,463.832488448701,519.57302025662,0.045888036802385,0.590890536699581,0.73961054907872,660.646670665865,0.0268311670327339,4.92470129815595,0.955202002075206,0.000823243613112891,464.97,474.907,0.014308504265615,0.35,11.8729924304541,292,0.116551938829661,1,1.12489485713195,"Noise (HM.RMSE) | Noise (HM.MAE) | Noise (HM.SE) | Intercept (HM)","Noise (LM.RMSE) | Noise (LM.MAE)",0.544828313603118,"HM","SE | Intercept (HM)",1,3,0.35,0.35,0.0204822007593229,2,0.5,1,0.05,0.014,20,"LGR3 Mar2023",0.897393175801846,0.071905899551497,FALSE,"wassmann | mad | 0.95",TRUE,"emission",0.96853818369668,FALSE,0.0407931785903813,FALSE,FALSE,FALSE,0.694012012127146,0.773364485981328,FALSE,FALSE,NA,FALSE,"stem"
"Mar_23_169_SRS5_stem",1.51812736807179,655.244863022939,731.824355162294,0.396869242147038,1.36396466857436,1.62431293497104,748.694800078474,0.00798810043514652,0.526181175779236,0.994657335174159,1.86981122778149e-221,1.8728075433722,652.404674586725,872.491683308423,0.489589823658479,0.854579552269622,1.06251819210618,585.246834289948,0.0244057087818817,1.30316160185561,0.997713920795043,0.00222452850126002,653.171,728.727,0.00690269803987925,0.35,3.82525831394446,195,1.13391212042011,1,1.23363005157525,"Noise (HM.RMSE) | Noise (HM.MAE)","Noise (LM.RMSE) | Noise (LM.MAE)",1.8728075433722,"HM","",0,4,0.35,0.35,0.0250640205913801,2,0.5,1,0.05,0.0069,20,"LGR3 Mar2023",0.897393175801846,0.0346892667088862,FALSE,"wassmann | mad | 0.95",TRUE,"emission",1.36056316317901,FALSE,0.396869242147038,FALSE,FALSE,FALSE,0.891627214976004,0.993574766355126,FALSE,FALSE,NA,FALSE,"stem"
"Mar_23_16_BL60_stem",-0.752128840434036,655.790557872687,621.345010460057,-0.0638946601906006,29.4443760657208,35.4402396909882,5421.69458142001,0.115036094311771,-15.2947325148955,0.0715172276070322,1.44238887517169e-10,-0.767958144192535,655.843466067111,0,-0.0652393872244947,29.4448621727474,35.4482650794423,5423.97029917114,0.468799378087216,-61.0449126208736,0.0710973362780352,9.94740217749138e-05,613.069,651.693,0.00762820487205852,0.35,11.7713880657695,543,0.182556171973145,1,1.02104600024294,"Noise (HM.RMSE) | Noise (HM.MAE) | Noise (HM.SE)","Noise (LM.RMSE) | Noise (LM.MAE) | Noise (LM.SE)",-0.752128840434036,"LM","RMSE | SE | AICc | Intercept",3,1,0.35,0.35,0.0150199376398006,2,0.5,1,0.05,0.0076,20,"LGR2 Mar2023",0.686673516530571,0.0293330156326148,FALSE,"wassmann | mad | 0.95",TRUE,"uptake",1.23107090110071,FALSE,-0.0638946601906006,TRUE,TRUE,FALSE,0.644215077722241,0.938167938931369,FALSE,TRUE,"CO2 slope <= 0; convex (accelerating) trace",FALSE,"stem"
"Mar_23_170_SRS5_stem",1.16821110422358,558.185500376418,609.550296102104,0.305570039066857,0.595347546564659,0.760532336336073,395.513219163949,0.0045956138048254,0.393388984936909,0.997391424118368,3.55291384690369e-219,1.25862753403642,557.536758622614,925.886613759576,0.329220346695594,0.549834849841818,0.701846360666544,370.307667689981,0.0178907036646053,1.42144543805027,0.997778469854517,0.00089377080540233,558.811,608.614,0.00791312158191012,0.35,3.82305512605568,170,0.873057254476734,1,1.07739733810605,"Noise (HM.RMSE) | Noise (HM.MAE)","Noise (LM.RMSE) | Noise (LM.MAE)",1.25862753403642,"HM","",0,4,0.35,0.35,0.026843774609658,2,0.5,1,0.05,0.0079,20,"LGR3 Mar2023",0.897393175801846,0.0397670605038997,FALSE,"wassmann | mad | 0.95",TRUE,"emission",1.16401013177135,FALSE,0.305570039066857,FALSE,FALSE,FALSE,0.599659925886386,0.668224299065539,FALSE,FALSE,NA,FALSE,"stem"
"Mar_23_171_SRS5_stem",2.25265455231057,528.885372139271,616.248569346795,0.589467415151814,0.821017664648587,1.04646312856094,445.470752278038,0.00763261850398528,0.338827739750705,0.998292318225963,6.2825536268907e-207,2.27606752696488,528.731245172177,4557.6013155395,0.5955940472341,0.841740314910068,1.07595726422767,455.92064513746,0.0315596660614146,1.38658742271584,0.998195744146333,0.00014783153510329,531.027,616.889,0.00896424339945956,0.35,3.82150818587727,150,1.68419261471947,1,1.01039350424605,"Noise (HM.RMSE) | Noise (HM.MAE)","Noise (LM.RMSE) | Noise (LM.MAE)",2.25265455231057,"LM","RMSE | MAE | AICc",3,1,0.35,0.35,0.0285773803324704,2,0.5,1,0.05,0.009,20,"LGR3 Mar2023",0.897393175801846,0.0450496066607279,FALSE,"wassmann | mad | 0.95",TRUE,"emission",1.10613572074305,FALSE,0.589467415151814,FALSE,TRUE,FALSE,0.740139698733764,0.824766355140185,FALSE,TRUE,"convex (accelerating) trace",FALSE,"stem"
"Mar_23_172_SRS5_stem",2.67670492145559,714.789245283237,844.616665004777,0.974066052936368,1.53745433490474,1.87047963183361,558.369229181627,0.0114984151326711,0.429573504367387,0.99753330712236,1.58139420316329e-175,3.12943024913143,711.270919856847,1189.17224457416,1.13881502076571,0.833012912740251,1.00433266683729,392.588389395014,0.0276647757221815,0.884019566496483,0.999288844962865,0.00238295012352043,712.682,840.129,0.00716235535829264,0.35,2.74797064674058,135,2.78304586553248,1,1.16913531411212,"Noise (HM.RMSE) | Noise (HM.MAE)","Noise (LM.RMSE) | Noise (LM.MAE)",3.12943024913143,"HM","",0,4,0.35,0.35,0.0301232038038355,2,0.5,1,0.05,0.0072,20,"LGR3 Mar2023",0.897393175801846,0.0359945262575113,FALSE,"wassmann | mad | 0.95",TRUE,"emission",1.48452530234922,FALSE,0.974066052936368,FALSE,FALSE,FALSE,0.778928889743925,0.867990654205645,FALSE,FALSE,NA,FALSE,"stem"
"Mar_23_173_SRS5_root",4.49497415070287,560.604010029002,636.530356185153,0.38747618621879,2.33252046164796,2.77722708425868,972.518749860829,0.0404797005616012,0.900554690737686,0.984273308845597,6.4940208158351e-179,6.90624179286366,554.435298572358,684.148876382282,0.595332507214794,0.783430351906107,0.987289070284475,565.041120760218,0.0792370529239661,1.1473252066825,0.998012517869619,0.00458959283419941,555.528,631.156,0.0206154128368505,0.35,11.6006462089125,198,1.10707481776797,1,1.5364363756761,"Noise (HM.RMSE) | Noise (HM.MAE) | Noise (HM.SE)","Noise (LM.RMSE) | Noise (LM.MAE) | Noise (LM.SE)",6.90624179286366,"HM","SE",1,3,0.35,0.35,0.0248734169081546,2,0.5,1,0.05,0.021,20,"LGR3 Mar2023",0.897393175801846,0.103601458963592,FALSE,"wassmann | mad | 0.95",TRUE,"emission",1.15717160271125,FALSE,0.38747618621879,FALSE,FALSE,FALSE,0.686673516530452,0.765186915887665,FALSE,FALSE,NA,FALSE,"root"
"Mar_23_174_SRS5_stem",4.66937176981283,736.528313828616,988.67790708579,1.70126502504222,1.23796307209165,1.5334821776301,560.108268268,0.0080325786674624,0.17202696772599,0.999559253235365,1.86100842217852e-250,4.92428637593509,734.273675919081,3222.13322560806,1.79414203829953,0.913295613432617,1.15149384447961,476.275450413511,0.0250355037775796,0.5084087696428,0.999751483683109,0.000721158892801575,734.476,986.817,0.00643795388557478,0.35,2.7446468957398,150,4.86075721440634,1,1.05459291285613,"Noise (HM.RMSE) | Noise (HM.MAE)","Noise (LM.RMSE) | Noise (LM.MAE)",4.92428637593509,"HM","",0,4,0.35,0.35,0.0285773803324704,2,0.5,1,0.05,0.0064,20,"LGR3 Mar2023",0.897393175801846,0.0323537946182608,FALSE,"wassmann | mad | 0.95",TRUE,"emission",1.52992247028583,TRUE,1.70126502504222,FALSE,FALSE,FALSE,0.870135906443279,0.969626168224188,FALSE,TRUE,"C0 > 1.5x group median",FALSE,"stem"
"Mar_23_175_SRS5_root",3.21046596170571,528.618131199197,570.763512051611,0.276957021452376,1.31074529604686,1.58605977272262,585.258933775313,0.0337283759770752,1.05057572263297,0.983391870155417,2.19689317241958e-137,4.80868645178108,525.429158866062,600.231784459715,0.41483058617326,0.68104489880384,0.841520972873797,392.157867124992,0.0965906052447913,2.00866923250975,0.995324678082242,0.00554566879011339,525.958,567.54,0.0264875332881933,0.35,11.59192839694,154,0.791305775578217,1,1.49781574049962,"Noise (HM.RMSE) | Noise (HM.MAE) | Noise (HM.SE)","Noise (LM.RMSE) | Noise (LM.MAE)",4.80868645178108,"HM","SE",1,3,0.35,0.35,0.0282038037408883,2,0.5,1,0.05,0.026,20,"LGR3 Mar2023",0.897393175801846,0.133113265178097,FALSE,"wassmann | mad | 0.95",TRUE,"emission",1.09557693188967,FALSE,0.276957021452376,FALSE,FALSE,FALSE,0.871184262957161,0.970794392523359,FALSE,FALSE,NA,FALSE,"root"
"Mar_23_177_SRS5_stem",3.40879269134045,534.749910935169,676.995330048405,0.665111583576386,0.696971763098256,0.875825216252518,561.816321330903,0.00494685355846368,0.145120399108765,0.999547415458701,0,3.52390893971224,533.958463136621,2740.1584372788,0.687572659148519,0.636694538011472,0.799740678217879,524.632949173017,0.0184849752348557,0.52455882235042,0.999622633625697,0.000311654730852702,533.839,675.352,0.00834842216421617,0.35,5.12514407433856,216,1.90031881021825,1,1.03377038699485,"Noise (HM.RMSE) | Noise (HM.MAE)","Noise (LM.RMSE) | Noise (LM.MAE)",3.52390893971224,"HM","",0,4,0.35,0.35,0.023814483610392,2,0.5,1,0.05,0.0083,20,"LGR3 Mar2023",0.897393175801846,0.0419543809869145,FALSE,"wassmann | mad | 0.95",TRUE,"emission",1.11199315105588,FALSE,0.665111583576385,FALSE,FALSE,FALSE,0.915215236536254,1.01985981308414,FALSE,FALSE,NA,FALSE,"stem"
"Mar_23_178_SRS5_stem",5.42701998026257,715.091546104211,886.765137358143,1.05896832734716,0.861862372025744,1.03518348138261,482.903648457994,0.00885205410057673,0.163110770418583,0.999566523312334,1.49399945120848e-274,5.56828722932113,714.35512079756,4132.81825986898,1.08653364735492,0.800226214091637,0.979966944691752,467.025859622151,0.0340825421978606,0.612083048058134,0.999611533177663,0.00031784272731695,713.917,886.176,0.0109965196931973,0.35,5.1248180329037,164,3.02562379242044,1,1.02603035359596,"Noise (HM.RMSE) | Noise (HM.MAE)","Noise (LM.RMSE) | Noise (LM.MAE)",5.56828722932113,"HM","",0,4,0.35,0.35,0.0273304083305061,2,0.5,1,0.05,0.011,20,"LGR3 Mar2023",0.897393175801846,0.0552629470498679,FALSE,"wassmann | mad | 0.95",TRUE,"emission",1.48709782241904,FALSE,1.05896832734716,FALSE,FALSE,FALSE,1.138515173973,1.26869158878516,FALSE,FALSE,NA,FALSE,"stem"
"Mar_23_179_SRS5_stem",3.87255669052049,567.561047325094,659.262290720334,0.755688131306363,0.815314813550008,0.998714522773887,354.944129017084,0.0131748472468561,0.340210571458033,0.998589907116307,1.4899829508872e-174,4.18115510081683,566.371841322618,1206.94676785673,0.815907819392997,0.681634626375723,0.842488642356227,315.234668177788,0.0469160812032378,1.12208421051093,0.998996556093291,0.00127371176359889,566.194,658.806,0.0146597428586846,0.35,5.12454348571809,123,2.15910894658961,1,1.07968854556778,"Noise (HM.RMSE) | Noise (HM.MAE) | Noise (HM.SE)","Noise (LM.RMSE) | Noise (LM.MAE)",4.18115510081683,"HM","SE",1,3,0.35,0.35,0.0315584372133601,2,0.5,1,0.05,0.015,20,"LGR3 Mar2023",0.897393175801846,0.073672755054461,FALSE,"wassmann | mad | 0.95",TRUE,"emission",1.17938901086083,FALSE,0.755688131306363,FALSE,FALSE,FALSE,0.954004427546356,1.06308411214953,FALSE,FALSE,NA,FALSE,"stem"
"Mar_23_17_BL60_stem",3.8660063726199,455.371710426687,513.821984037805,0.326494065790955,1.25189970253744,1.86962446649951,746.308350054177,0.0318415885239639,0.823630006134358,0.98793589693126,7.15750723475957e-174,4.75702422352886,453.234377051102,622.840427768077,0.401742788321756,1.20376360338178,1.63533879305676,699.932720213334,0.129801533699678,2.72862881499874,0.990769998925222,0.00236868193453871,448.655,513.137,0.0230210384799457,0.35,11.8409697991117,181,0.932840187974156,1,1.23047500832368,"Noise (HM.RMSE) | Noise (HM.MAE) | Noise (HM.SE)","Noise (LM.RMSE) | Noise (LM.MAE) | Intercept (LM)",4.75702422352886,"HM","SE | Intercept (LM)",1,3,0.35,0.35,0.0260152951186508,2,0.5,1,0.05,0.023,20,"LGR2 Mar2023",0.686673516530571,0.0885257734159516,FALSE,"wassmann | mad | 0.95",TRUE,"emission",0.900919986385446,FALSE,0.326494065790955,FALSE,FALSE,FALSE,0.505307839645418,0.735877862595449,FALSE,FALSE,NA,FALSE,"stem"
"Mar_23_180_SRS5_stem",1.21568184218347,508.666754498775,562.923213611357,0.317202050514554,0.606652372104751,0.777607793175832,410.064325009074,0.00458854058507464,0.377445843629055,0.997555551155716,1.81253348747594e-225,1.29407047923319,508.094461608784,967.26512804548,0.337655622778618,0.580726415893338,0.734396350232625,392.378410069314,0.0181172256201056,1.40001846196516,0.997819677362463,0.000735359741942857,508.699,563.265,0.00779659336932911,0.35,3.8325157110789,173,0.906291572898725,1,1.06448121073267,"Noise (HM.RMSE) | Noise (HM.MAE)","Noise (LM.RMSE) | Noise (LM.MAE)",1.29407047923319,"HM","",0,4,0.35,0.35,0.0266100072444397,2,0.5,1,0.05,0.0078,20,"LGR3 Mar2023",0.897393175801846,0.0391816607091311,FALSE,"wassmann | mad | 0.95",TRUE,"emission",1.05962622429042,FALSE,0.317202050514554,FALSE,FALSE,FALSE,0.609095134510427,0.678738317757078,FALSE,FALSE,NA,FALSE,"stem"
"Mar_23_184_SRS5_root",7.82109553608438,547.116634686234,681.354107632478,0.671348487894531,4.43567745764142,5.13289292431329,1240.18282647073,0.0728911529812889,0.931981365589888,0.982839465832225,9.79622510943163e-179,12.5616938974338,534.926221477629,751.002906311963,1.07827275149975,0.869725911755189,1.11101116334299,623.983518782652,0.0898426409974206,0.715211194692258,0.999196023715185,0.00499023183517677,537.4,671.968,0.020290618571343,0.35,11.6498296743212,202,1.91813853684152,1,1.60612970900018,"Noise (HM.RMSE) | Noise (HM.MAE) | Noise (HM.SE)","Noise (LM.RMSE) | Noise (LM.MAE) | Noise (LM.SE)",12.5616938974338,"HM","SE",1,3,0.35,0.35,0.0246259140655602,2,0.5,1,0.05,0.02,20,"LGR3 Mar2023",0.897393175801846,0.10196968170098,FALSE,"wassmann | mad | 0.95",TRUE,"emission",1.11941075750822,FALSE,0.67134848789453,FALSE,FALSE,FALSE,0.816669724240206,0.910046728971934,FALSE,FALSE,NA,FALSE,"root"
"Mar_23_185_SRS5_stem",1.8001210885557,639.610381702735,684.014074392855,0.469964889676405,0.706341503025754,0.903230697079099,259.155830237862,0.0129463629663753,0.719194005818943,0.995109995291744,1.24964901602632e-110,2.08807091785814,638.474820073131,809.330634681763,0.5451411156652,0.59292795521676,0.748013339607006,225.131541061103,0.0476856348634412,2.28371720785975,0.99664625077797,0.00319065006311854,638.399,683.265,0.0140403616503541,0.35,3.8303310057804,96,1.34275682764687,1,1.15996136656199,"Noise (HM.RMSE) | Noise (HM.MAE) | Noise (HM.SE)","Noise (LM.RMSE) | Noise (LM.MAE)",2.08807091785814,"HM","SE",1,3,0.35,0.35,0.035721725415588,2,0.5,1,0.05,0.014,20,"LGR3 Mar2023",0.897393175801846,0.070561595973925,FALSE,"wassmann | mad | 0.95",TRUE,"emission",1.32979290692685,FALSE,0.469964889676405,FALSE,FALSE,FALSE,0.889006323691598,0.990654205607532,FALSE,FALSE,NA,FALSE,"stem"
"Mar_23_186_SRS5_stem",1.43938644813903,605.253049797849,670.300412176475,0.375850753303593,0.871213671280472,1.09427581810661,534.301314401533,0.00634105138426971,0.440538494194384,0.996634410196671,4.54233571990643e-216,1.67435876959242,603.54738923383,849.84541206405,0.437206426158463,0.638974501041231,0.799194068286371,426.41076493048,0.0206934717758363,1.23590428477127,0.998204803128153,0.00177511139202218,602.817,668.072,0.00770040529548352,0.35,3.82967557065495,175,1.07385929515312,1,1.16324477818809,"Noise (HM.RMSE) | Noise (HM.MAE)","Noise (LM.RMSE) | Noise (LM.MAE)",1.67435876959242,"HM","",0,4,0.35,0.35,0.0264575131106459,2,0.5,1,0.05,0.0077,20,"LGR3 Mar2023",0.897393175801846,0.0386980310449837,FALSE,"wassmann | mad | 0.95",TRUE,"emission",1.25567516674513,FALSE,0.375850753303593,FALSE,FALSE,FALSE,0.798323485248947,0.889602803738308,FALSE,FALSE,NA,FALSE,"stem"
"Mar_23_187_SRS5_stem",1.48681424948585,608.361362580614,671.695139528622,0.3882911240986,0.836764568979618,1.06056953079251,493.804783101793,0.00671479128603928,0.451622742273374,0.996666088321425,5.01379597398091e-204,1.68794782237738,606.978255200206,886.664856128887,0.440818453009409,0.675656402985979,0.863256694728911,427.97546408872,0.0239767582068246,1.42046797234849,0.997791203485078,0.00157611573649113,607.822,670.512,0.00816647988780258,0.35,3.82912242183599,165,1.10940321171029,1,1.13527821176121,"Noise (HM.RMSE) | Noise (HM.MAE)","Noise (LM.RMSE) | Noise (LM.MAE)",1.68794782237738,"HM","",0,4,0.35,0.35,0.0272474630456533,2,0.5,1,0.05,0.0082,20,"LGR3 Mar2023",0.897393175801846,0.0410403389118358,FALSE,"wassmann | mad | 0.95",TRUE,"emission",1.26610064281757,FALSE,0.3882911240986,FALSE,FALSE,FALSE,0.916263593050016,1.02102803738318,FALSE,FALSE,NA,FALSE,"stem"
"Mar_23_188_SRS5_root",4.74634916796091,470.0855047606,593.338962651679,0.407617884716261,0.860885077440147,1.03663175829441,893.578065078018,0.00791805647795124,0.166824146259617,0.999154671820381,0,5.15167996316,468.365865259331,1277.83180287074,0.44242781451761,0.559784168846313,0.701276239843613,657.225262042365,0.0227504885740052,0.441613002684473,0.999613139332738,0.000546567550233353,469.082,591.124,0.013433671010579,0.35,11.644114122384,305,1.16462252776074,1,1.08539843590421,"Noise (HM.RMSE) | Noise (HM.MAE)","Noise (LM.RMSE) | Noise (LM.MAE)",5.15167996316,"HM","",0,4,0.35,0.35,0.0200409417009854,2,0.5,1,0.05,0.013,20,"LGR3 Mar2023",0.897393175801846,0.0675094664302167,FALSE,"wassmann | mad | 0.95",TRUE,"emission",0.977103529872478,FALSE,0.407617884716261,FALSE,FALSE,FALSE,0.786267385340381,0.876168224299042,FALSE,FALSE,NA,FALSE,"root"
"Mar_23_189_SRS5_stem",0.404949552360046,516.722943693574,530.772938586286,0.0784815073625313,0.49376763125639,0.614854035811782,343.725264865526,0.00456297764900911,1.12680150463584,0.977653607767495,6.56528108192828e-150,0.407524705806084,516.707442314787,1499.62131532129,0.0789805866255088,0.495874884147704,0.617208474782855,347.200490966388,0.0183766112069446,4.50932445202204,0.977484013085715,8.03535170217159e-05,517.75,530.521,0.0100316792350849,0.35,5.15980854559092,181,0.224232878178661,1,1.00635919568507,"Noise (HM.RMSE) | Noise (HM.MAE)","Noise (LM.RMSE) | Noise (LM.MAE)",0.404949552360046,"LM","RMSE | MAE | AICc",3,1,0.35,0.35,0.0260152951186508,2,0.5,1,0.05,0.01,20,"LGR2 Mar2023",0.686673516530571,0.0385761122401502,FALSE,"wassmann | mad | 0.95",TRUE,"emission",1.0396659414273,FALSE,0.0784815073625312,FALSE,TRUE,FALSE,0.47805057028697,0.696183206106926,FALSE,TRUE,"convex (accelerating) trace",FALSE,"stem"
"Mar_23_18_BL60_stem",6.29252870350399,660.273624664025,755.030802425862,0.53222409448517,0.707813690591226,0.877964860687586,470.100700658265,0.0150540956559763,0.239237615993606,0.99897654263331,2.85763999219676e-268,6.40090387806385,660.002042527866,3452.69256243021,0.541390501483468,0.691508201214809,0.872272509799228,469.851222025742,0.0604550918857024,0.944477421273023,0.998989854714092,0.000193859827154209,658.329,754.16,0.023112591781688,0.35,11.8230812334621,180,1.52064026995763,1,1.01722283356443,"Noise (HM.RMSE) | Noise (HM.MAE) | Noise (HM.SE)","Noise (LM.RMSE) | Noise (LM.MAE)",6.40090387806385,"HM","SE",1,3,0.35,0.35,0.0260874597374975,2,0.5,1,0.05,0.023,20,"LGR2 Mar2023",0.686673516530571,0.0888778515537104,FALSE,"wassmann | mad | 0.95",TRUE,"emission",1.32195507398144,FALSE,0.53222409448517,FALSE,FALSE,FALSE,0.711834072861464,1.03664122137405,FALSE,FALSE,NA,FALSE,"stem"
"Mar_23_190_SRS5_stem",0.840753900035989,505.956847687659,535.134333265089,0.162968116042534,0.65373480548172,0.841195750476086,457.190361180233,0.00624152140814808,0.742371983987336,0.990176816383432,7.3629101097734e-182,0.981968085290968,505.170456257186,613.13931579617,0.190340465702167,0.626270845015812,0.770051636369138,427.293252116292,0.0256086877993114,2.60789410398438,0.991768142988703,0.00176292003560008,503.019,535.078,0.0100292881659857,0.35,5.15900852542564,181,0.465623188692955,1,1.16796137995784,"Noise (HM.RMSE) | Noise (HM.MAE)","Noise (LM.RMSE) | Noise (LM.MAE)",0.981968085290968,"HM","",0,4,0.35,0.35,0.0260152951186508,2,0.5,1,0.05,0.01,20,"LGR2 Mar2023",0.686673516530571,0.0385667032402695,FALSE,"wassmann | mad | 0.95",TRUE,"emission",1.01008541224687,FALSE,0.162968116042534,FALSE,FALSE,FALSE,0.474905500745623,0.691603053435191,FALSE,FALSE,NA,FALSE,"stem"
"Mar_23_191_SRS5_stem",-0.740263583575019,609.425447494714,592.43606826077,-0.14353380841106,41.9998347622908,48.0940056159059,1276.309955555,0.662716388208505,-89.5243806277747,0.002077360745945,0.26625753705525,-0.703419227251425,608.932839381761,0,-0.13638985198943,42.052227753258,48.1098157791916,1278.52976842704,2.65339166790612,-377.213412018053,0.00143140238544259,0.000223981764767203,515.306,559.556,0.0151224869705894,0.35,5.15741616396751,120,0.410096595460173,1,0.950228057760645,"Noise (HM.RMSE) | Noise (HM.MAE) | Noise (HM.SE)","Noise (LM.RMSE) | Noise (LM.MAE) | Noise (LM.SE) | No detect. flux (p-val.)",-0.740263583575019,"LM","RMSE | MAE | SE | AICc | p-value | Intercept",4,0,0.35,0.35,0.0319504825211347,2,0.5,1,0.05,0.015,20,"LGR2 Mar2023",0.686673516530571,0.0581529507544886,FALSE,"wassmann | mad | 0.95",TRUE,"uptake",1.03475827641359,FALSE,-0.14353380841106,TRUE,TRUE,FALSE,2.59782744116469,3.78320610687049,TRUE,TRUE,"CO2 slope <= 0; convex (accelerating) trace; closure sigma = 2.60 ppm = 3.8x campaign sigma (disturbed closure?)",FALSE,"stem"
"Mar_23_192_SRS5_root",-0.0236928695504898,680.521455105453,680.07662034521,-0.00203291697259042,0.566199821312854,0.712617620194027,483.527278380392,0.00884498160882776,-37.3318292660962,0.0273032550991062,0.00795212379816259,-0.0236877272449991,680.521402746378,2.70003432057858,-0.00203247574785451,0.566204117560789,0.712621589988314,485.604326739275,0.00888547123660909,-37.5108643590321,0.0272924261248151,2.99854186151554e-06,679.498,682.172,0.018556957160866,0.35,11.6546174142565,221,0.0058083342074012,1,0.999782959785443,"Noise (HM.RMSE) | Noise (HM.MAE)","Noise (LM.RMSE) | Noise (LM.MAE)",-0.0236877272449991,"HM","AICc | Intercept",1,3,0.35,0.35,0.0235435477898709,2,0.5,1,0.05,0.019,20,"LGR2 Mar2023",0.686673516530571,0.0713590343375064,TRUE,"wassmann | mad | 0.95",FALSE,"below detection",1.36446340486329,FALSE,-0.00203291697259042,TRUE,TRUE,FALSE,0.656795355887628,0.956488549618306,FALSE,TRUE,"CO2 slope <= 0; convex (accelerating) trace",FALSE,"root"
"Mar_23_193_SRS5_stem",0.97917939772168,990.64583422237,1024.64867745983,0.189934552076047,0.567392993278078,0.7284068871536,405.075179931067,0.00540114882375243,0.551599516525739,0.994552950569559,8.83015336250102e-205,1.00262551897902,990.511392712777,1723.73448088701,0.194482471026646,0.563406258070782,0.725879758509479,405.908756033545,0.0218624506727817,2.18052007044907,0.994590683114284,0.000265243244741403,990.64,1025.04,0.0100229583952517,0.35,5.15535160411272,181,0.542670148788706,1,1.02394466357431,"Noise (HM.RMSE) | Noise (HM.MAE)","Noise (LM.RMSE) | Noise (LM.MAE)",1.00262551897902,"HM","AICc",1,3,0.35,0.35,0.0260152951186508,2,0.5,1,0.05,0.01,20,"LGR2 Mar2023",0.686673516530571,0.0385425768608851,FALSE,"wassmann | mad | 0.95",TRUE,"emission",1.98925092847038,TRUE,0.189934552076047,FALSE,FALSE,FALSE,0.773687107174875,1.12671755725187,FALSE,TRUE,"C0 > 1.5x group median",FALSE,"stem"
"Mar_23_194_SRS5_stem",1.04544241904416,650.634939355525,686.940053333428,0.202795808234225,0.433144165196371,0.533859648262008,292.592067635645,0.00395861988998462,0.378654990257995,0.997425773840535,6.48326963002086e-234,1.13829770905475,650.109667434503,880.359743084575,0.220807956243043,0.385711870564016,0.480139023686184,256.291012217697,0.0151415991390477,1.33019675069199,0.997917780461169,0.000958991894441854,650.156,686.287,0.0100226183533631,0.35,5.15514806813315,181,0.579416594954928,1,1.08881913371708,"Noise (HM.RMSE) | Noise (HM.MAE)","Noise (LM.RMSE) | Noise (LM.MAE)",1.13829770905475,"HM","",0,4,0.35,0.35,0.0260152951186508,2,0.5,1,0.05,0.01,20,"LGR2 Mar2023",0.686673516530571,0.0385412692610134,FALSE,"wassmann | mad | 0.95",TRUE,"emission",1.30554331205139,FALSE,0.202795808234225,FALSE,FALSE,FALSE,0.501114413590279,0.729770992366456,FALSE,FALSE,NA,FALSE,"stem"
"Mar_23_195_SRS5_stem",0.846420656135484,630.679938376997,660.07983043095,0.16419475604139,0.452802605167298,0.579905059358178,322.540843824424,0.00429891556897143,0.5078935087193,0.995378136641221,3.63482864441573e-211,0.939328620119832,630.156280261057,785.131614545864,0.182217709959318,0.418251064236951,0.53127971590648,292.930103684193,0.0169906353970376,1.80880631475596,0.996120732068333,0.00117578523576175,629.742,659.564,0.0100205100719457,0.35,5.1549798333518,181,0.469127874403971,1,1.10976570965144,"Noise (HM.RMSE) | Noise (HM.MAE)","Noise (LM.RMSE) | Noise (LM.MAE)",0.939328620119832,"HM","",0,4,0.35,0.35,0.0260152951186508,2,0.5,1,0.05,0.01,20,"LGR2 Mar2023",0.686673516530571,0.0385329477876758,FALSE,"wassmann | mad | 0.95",TRUE,"emission",1.26455105608172,FALSE,0.16419475604139,FALSE,FALSE,FALSE,0.534137643774509,0.777862595419797,FALSE,FALSE,NA,FALSE,"stem"
"Mar_23_196_SRS5_root",0.548105797497077,566.887376859245,585.924105174316,0.106329053034035,1.62922328323795,1.94806423786494,761.18603976002,0.0144425373459815,2.63499080139879,0.888838296460505,1.57215002889511e-87,0.548659813846169,566.883011519029,4652.71230470312,0.106436528696642,1.6336279731796,1.95048272287098,763.726856698572,0.057798022942403,10.5344006402131,0.888566023612785,2.60501653542397e-05,567.941,586.599,0.0100212325249367,0.35,5.15480747601157,181,0.303797294382958,1,1.0010107835962,"Noise (HM.RMSE) | Noise (HM.MAE) | Noise (HM.SE)","Noise (LM.RMSE) | Noise (LM.MAE)",0.548659813846169,"HM","SE | AICc",2,2,0.35,0.35,0.0260152951186508,2,0.5,1,0.05,0.01,20,"LGR2 Mar2023",0.686673516530571,0.0385359400121408,FALSE,"wassmann | mad | 0.95",TRUE,"emission",1.14045179032383,FALSE,0.106329053034035,FALSE,TRUE,FALSE,0.59179725203287,0.861832061068753,FALSE,TRUE,"convex (accelerating) trace",FALSE,"root"
"Mar_23_197_SRS5_root",0.18282572152975,916.944502687427,920.690998699067,0.0156941676617865,0.581365108486922,0.748777923601935,550.580851575354,0.00815392394436286,4.45994353318389,0.676435397133029,1.04600706400078e-60,0.512193768393671,916.06183606499,920.564876047379,0.0439678553391324,0.524917460762618,0.677633919970494,504.528490978001,0.0642499205135739,12.5440652499684,0.735000401424974,0.00976403840762875,918.794,919.103,0.0170084444128975,0.35,11.6492779655279,241,0.0448404790336758,1,2.80154107478978,"Noise (HM.RMSE) | Noise (HM.MAE) | Noise (HM.SE) | Exaggerated curvature (g-fact)","Noise (LM.RMSE) | Noise (LM.MAE)",0.18282572152975,"LM","SE | g-fact. > 2 | Intercept",1,3,0.35,0.35,0.0225454819240291,2,0.5,1,0.05,0.017,20,"LGR2 Mar2023",0.686673516530571,0.0654039530808308,FALSE,"wassmann | mad | 0.95",TRUE,"emission",1.84498083821874,TRUE,0.0156941676617865,FALSE,FALSE,FALSE,0.565064160931334,0.82290076335888,FALSE,TRUE,"C0 > 1.5x group median",FALSE,"root"
"Mar_23_199_SRS5_CWD",2.38218608768268,515.301766705465,552.003465453252,0.205003065149153,0.443100449234947,0.527967912732679,288.574786057132,0.00882367711541594,0.370402512257107,0.997536485546542,1.26786657163796e-235,2.42213526325673,515.199129295445,1623.85315012478,0.208440959226869,0.442833168579818,0.52646781688357,289.636464306554,0.0355570979992266,1.46800628926964,0.997550576440628,0.000188012630911619,515.77,551.639,0.022591157966781,0.35,11.6202461946093,181,0.585723043283295,1,1.01676996426963,"Noise (HM.RMSE) | Noise (HM.MAE) | Noise (HM.SE)","Noise (LM.RMSE) | Noise (LM.MAE)",2.42213526325673,"HM","SE | AICc",2,2,0.35,0.35,0.0260152951186508,2,0.5,1,0.05,0.023,20,"LGR2 Mar2023",0.686673516530571,0.0868722158357256,FALSE,"wassmann | mad | 0.95",TRUE,"emission",1.03569000986955,FALSE,0.205003065149153,NA,FALSE,FALSE,0.473857144231801,0.690076335877889,FALSE,FALSE,NA,FALSE,"CWD"
"Mar_23_19_BL60_stem",3.52271522976287,618.591987366556,707.047149774405,0.494060794344531,1.4725117815496,1.87373930606814,747.104197112763,0.0192151600361184,0.545464472227914,0.994672804795094,1.20539775817221e-205,4.48303439425842,614.790694292821,842.430041573714,0.628745552631645,0.718209785127895,0.90595483652163,486.129793641975,0.0444039500107817,0.990488720489216,0.998754644416542,0.00276202493172593,613.443,703.691,0.0138612827187298,0.35,7.13012501717819,181,1.4116022695558,1,1.27260766251611,"Noise (HM.RMSE) | Noise (HM.MAE) | Noise (HM.SE)","Noise (LM.RMSE) | Noise (LM.MAE)",4.48303439425842,"HM","SE",1,3,0.35,0.35,0.0260152951186508,2,0.5,1,0.05,0.014,20,"LGR2 Mar2023",0.686673516530571,0.0533022851051632,FALSE,"wassmann | mad | 0.95",TRUE,"emission",1.23182191039495,FALSE,0.494060794344531,FALSE,FALSE,FALSE,0.642118364694657,0.93511450381685,FALSE,FALSE,NA,FALSE,"stem"
"Mar_23_1_MI_stem",0.891692186368694,509.863063956119,578.007349535757,0.229128048833442,0.91064596298177,1.12448266096715,927.838044786889,0.00294294508495304,0.330040470236464,0.996753628663898,0,1.02687630502024,508.195859935318,782.157399181044,0.263864781770441,0.651641801962308,0.854565007390173,765.201091465736,0.00992906076532833,0.966918870051502,0.998125079405221,0.000963145346959707,508.735,576.73,0.00456452659984031,0.35,3.89167625224654,300,0.65465156809555,1,1.15160401842486,"Noise (HM.RMSE) | Noise (HM.MAE)","Noise (LM.RMSE) | Noise (LM.MAE)",1.02687630502024,"HM","",0,4,0.35,0.35,0.0202072594216369,2,0.5,1,0.05,0.0046,20,"LGR3 Mar2023",0.897393175801846,0.0229385429771436,FALSE,"wassmann | mad | 0.95",TRUE,"emission",1.0597012127297,FALSE,0.229128048833442,FALSE,FALSE,FALSE,0.783122315799094,0.872663551401929,FALSE,FALSE,NA,FALSE,"stem"
"Mar_23_200_SRS5_CWD",0.599924438396058,547.806743567484,568.703924124035,0.116708817273708,0.488672857340041,0.605924316939602,338.429273369646,0.00447919233870668,0.746626083558478,0.990065024451853,2.0273325098956e-181,0.687051213297461,547.317533485969,634.330373685909,0.133658389921226,0.459502748906075,0.566099341375783,315.910197847199,0.0184817382806563,2.69000882655521,0.991328078499814,0.00153607662517512,547.351,568.56,0.00999213185637907,0.35,5.1403523093641,181,0.333453763639166,1,1.14522958113582,"Noise (HM.RMSE) | Noise (HM.MAE)","Noise (LM.RMSE) | Noise (LM.MAE)",0.687051213297461,"HM","",0,4,0.35,0.35,0.0260152951186508,2,0.5,1,0.05,0.01,20,"LGR2 Mar2023",0.686673516530571,0.038423821981555,FALSE,"wassmann | mad | 0.95",TRUE,"emission",1.09910611821569,FALSE,0.116708817273708,NA,FALSE,FALSE,0.595466499831098,0.867175572519095,FALSE,FALSE,NA,FALSE,"CWD"
"Mar_23_201_SRS5_CWD",2.30128592049017,605.800641742664,641.274479666646,0.198132483318906,0.490417821118938,0.609231500510209,340.39972586856,0.0101764815399671,0.442208482195011,0.996492407795992,6.87746709920798e-222,2.33110257379704,605.723501292667,1952.40450333242,0.200699590479016,0.492256497114906,0.615492370918745,346.192574078352,0.0414404085604745,1.7777170780166,0.996420513132374,0.000149032762900067,606.863,640.741,0.0225793546859054,0.35,11.6148845557349,181,0.56609280948259,1,1.01295651837149,"Noise (HM.RMSE) | Noise (HM.MAE) | Noise (HM.SE)","Noise (LM.RMSE) | Noise (LM.MAE)",2.30128592049017,"LM","RMSE | SE | AICc",3,1,0.35,0.35,0.0260152951186508,2,0.5,1,0.05,0.023,20,"LGR2 Mar2023",0.686673516530571,0.086827309502166,FALSE,"wassmann | mad | 0.95",TRUE,"emission",1.21860896612727,FALSE,0.198132483318906,NA,FALSE,FALSE,0.616957808363704,0.898473282442715,FALSE,FALSE,NA,FALSE,"CWD"
"Mar_23_202_SRS5_CWD",0.707241802577608,472.786352481441,496.061773470922,0.137663291337673,0.518194268671022,0.639257660067755,338.393583692217,0.00514555530497652,0.727552484344543,0.991081132535438,2.36553105528127e-175,0.814013983627346,472.22089792845,566.095726205804,0.158446296263342,0.472534475582573,0.589338304871821,312.68377030346,0.0210231792696943,2.58265578878785,0.992419686486614,0.00168784645650921,471.974,495.499,0.010572491344293,0.35,5.13747561681363,171,0.39332368953621,1,1.15096983897247,"Noise (HM.RMSE) | Noise (HM.MAE)","Noise (LM.RMSE) | Noise (LM.MAE)",0.814013983627346,"HM","",0,4,0.35,0.35,0.0267651689515655,2,0.5,1,0.05,0.011,20,"LGR2 Mar2023",0.686673516530571,0.0406556071404144,FALSE,"wassmann | mad | 0.95",TRUE,"emission",0.947745616686061,FALSE,0.137663291337674,NA,FALSE,FALSE,0.633731512584319,0.922900763358776,FALSE,FALSE,NA,FALSE,"CWD"
"Mar_23_203_SRS5_stem",1.10487205562286,457.639526081967,496.031625088638,0.214441466144825,0.46492357889031,0.584451115169776,325.367608695971,0.00433092230114316,0.39198405635317,0.997241859233966,3.11978105816384e-231,1.17434547986926,457.24429531137,789.764830097237,0.227925364916345,0.442752754911329,0.556628682248611,309.802823929579,0.0172289559201604,1.46711135824173,0.997498207960542,0.00068544748691422,458.934,494.853,0.0100165727032781,0.35,5.15232466689384,181,0.612689903270929,1,1.06287915772043,"Noise (HM.RMSE) | Noise (HM.MAE)","Noise (LM.RMSE) | Noise (LM.MAE)",1.17434547986926,"HM","",0,4,0.35,0.35,0.0260152951186508,2,0.5,1,0.05,0.01,20,"LGR2 Mar2023",0.686673516530571,0.0385180210703426,FALSE,"wassmann | mad | 0.95",TRUE,"emission",0.921560693699655,FALSE,0.214441466144825,FALSE,FALSE,FALSE,0.627441373501596,0.913740458015264,FALSE,FALSE,NA,FALSE,"stem"
"Mar_23_204_SRS5_stem",1.26735579411993,506.112010492179,550.165204691327,0.246027511630654,0.452747893598314,0.583913958150964,325.03474894357,0.00432511731111665,0.341270962044251,0.997907975896948,5.61732420732633e-242,1.28889675553917,505.986686209264,1799.77243237206,0.250209185917145,0.461771216226207,0.590575934636648,331.233166817969,0.017683853628768,1.37201475236631,0.997860518329707,0.000193393061145737,506.943,550.032,0.0100131449450285,0.35,5.15127672397278,181,0.702935747516155,1,1.01699677511175,"Noise (HM.RMSE) | Noise (HM.MAE)","Noise (LM.RMSE) | Noise (LM.MAE)",1.26735579411993,"LM","RMSE | MAE | AICc",3,1,0.35,0.35,0.0260152951186508,2,0.5,1,0.05,0.01,20,"LGR2 Mar2023",0.686673516530571,0.038504839639541,FALSE,"wassmann | mad | 0.95",TRUE,"emission",1.01796498569769,FALSE,0.246027511630654,FALSE,FALSE,FALSE,0.526274969921202,0.766412213740548,FALSE,FALSE,NA,FALSE,"stem"
"Mar_23_205_SRS5_stem",1.40520994394681,464.095387662152,512.948731847109,0.272868831862383,0.456598841919882,0.575368840841947,319.698020937435,0.00426151737803461,0.303265529566727,0.99834726087185,3.8726027835795e-251,1.47387750609258,463.703521446333,998.096577223993,0.286202951472245,0.436671842780585,0.547427674947531,303.768998329031,0.0167673823861845,1.13763744387665,0.998503884475196,0.000535566374558809,464.519,513.02,0.0100114266941969,0.35,5.14976347557169,181,0.779625233892524,1,1.04886640778594,"Noise (HM.RMSE) | Noise (HM.MAE)","Noise (LM.RMSE) | Noise (LM.MAE)",1.47387750609258,"HM","",0,4,0.35,0.35,0.0260152951186508,2,0.5,1,0.05,0.01,20,"LGR2 Mar2023",0.686673516530571,0.0384982324099299,FALSE,"wassmann | mad | 0.95",TRUE,"emission",0.932775631957253,FALSE,0.272868831862384,FALSE,FALSE,FALSE,0.476478035516267,0.693893129771015,FALSE,FALSE,NA,FALSE,"stem"
"Mar_23_206_SRS5_stem",0.424786661006428,455.657665533722,470.432941438692,0.0825300699961995,0.54289930418244,0.695622667066382,388.404198573897,0.00514960974414239,1.2122814148499,0.974224776859379,2.32571921246048e-144,0.431285119147494,455.619908856781,938.00815313879,0.0837926289569231,0.544264217847418,0.696181870854631,390.786769189062,0.0208064102589793,4.82428197386142,0.974183650892262,0.000173703712621855,454.777,470.271,0.0100065468348927,0.35,5.1470532016511,181,0.235800199989142,1,1.01529816902835,"Noise (HM.RMSE) | Noise (HM.MAE)","Noise (LM.RMSE) | Noise (LM.MAE)",0.431285119147494,"HM","AICc",1,3,0.35,0.35,0.0260152951186508,2,0.5,1,0.05,0.01,20,"LGR2 Mar2023",0.686673516530571,0.0384794673063987,FALSE,"wassmann | mad | 0.95",TRUE,"emission",0.913213245474617,FALSE,0.0825300699961995,FALSE,FALSE,FALSE,0.591273073775959,0.861068702290101,FALSE,FALSE,NA,FALSE,"stem"
"Mar_23_207_SRS5_CWD",2.20639661243736,532.739279079124,566.714898147042,0.189740087837568,0.560737662947426,0.691308917766156,386.152346645103,0.011560592714603,0.523958052212209,0.9950825879681,9.32915697114735e-209,2.23388316760453,532.668278042045,1877.88896609633,0.192103806745752,0.563164891039905,0.695289692911885,390.322557820405,0.0468439731906656,2.09697507327108,0.995026222535719,0.000142804677664904,532.688,566.837,0.0226029766241455,0.35,11.6285210868365,181,0.542114536678765,1,1.01245766740768,"Noise (HM.RMSE) | Noise (HM.MAE) | Noise (HM.SE)","Noise (LM.RMSE) | Noise (LM.MAE)",2.20639661243736,"LM","RMSE | SE | AICc",3,1,0.35,0.35,0.0260152951186508,2,0.5,1,0.05,0.023,20,"LGR2 Mar2023",0.686673516530571,0.0869176629375146,FALSE,"wassmann | mad | 0.95",TRUE,"emission",1.06966213617967,FALSE,0.189740087837568,NA,FALSE,FALSE,0.739615520476942,1.0770992366414,FALSE,FALSE,NA,FALSE,"CWD"
"Mar_23_209_SRS5_stem",2.2806389911454,635.640247440675,784.645203092352,0.832257889156357,1.71464888025972,2.07921475626965,784.771831350857,0.00819538721502609,0.359346097600047,0.997681026592217,5.66019161494043e-238,2.65919086532856,631.669330751406,1188.31731129541,0.97040021898894,0.869767537471723,1.14352390551199,570.4325213643,0.020176180859524,0.758733836017112,0.999298564782376,0.0017432924449678,630.823,783.244,0.00532727236470772,0.35,2.74030324117112,181,2.37787968330388,1,1.16598500492752,"Noise (HM.RMSE) | Noise (HM.MAE)","Noise (LM.RMSE) | Noise (LM.MAE)",2.65919086532856,"HM","",0,4,0.35,0.35,0.0260152951186508,2,0.5,1,0.05,0.0053,20,"LGR3 Mar2023",0.897393175801846,0.0267719356411552,FALSE,"wassmann | mad | 0.95",TRUE,"emission",1.31401200648233,FALSE,0.832257889156357,FALSE,FALSE,FALSE,0.949286823234306,1.05782710280373,FALSE,FALSE,NA,FALSE,"stem"
"Mar_23_20_BL60_stem",0.880890726540895,511.882044252076,535.807587198939,0.133624179495896,1.07004132910131,1.33627417032246,624.729810475463,0.0126675414424313,1.43803777934802,0.964105530628948,1.74233916000379e-131,1.58119593843507,509.101844286533,543.533605426296,0.239854959905542,0.572046545707537,0.695009014615934,390.176394202522,0.0407622920531784,2.57794059941245,0.990290043923965,0.00696609618462279,510.926,532.079,0.0128147309784274,0.35,6.59230035959134,181,0.381783369988275,1,1.79499669004821,"Noise (HM.RMSE) | Noise (HM.MAE) | Noise (HM.SE)","Noise (LM.RMSE) | Noise (LM.MAE)",1.58119593843507,"HM","SE",1,3,0.35,0.35,0.0260152951186508,2,0.5,1,0.05,0.013,20,"LGR2 Mar2023",0.686673516530571,0.0492781403541406,FALSE,"wassmann | mad | 0.95",TRUE,"emission",1.02596303387674,FALSE,0.133624179495896,FALSE,FALSE,FALSE,0.524178256893588,0.763358778625986,FALSE,FALSE,NA,FALSE,"stem"
"Mar_23_210_SRS5_stem",2.69259917519175,586.435887490018,841.505452143398,0.982574894997555,1.13652776648578,1.43975858122797,940.601949201516,0.00325275875183301,0.120803674821054,0.999619253373012,0,2.73107957766353,585.835521501194,9560.06131469684,0.996617043478673,1.24138166709681,1.58019939239874,991.4361767044,0.0144121021368395,0.527707147558445,0.999541413191912,0.000111053261467337,590.627,842.117,0.00368053831918501,0.35,2.74035006277913,262,2.80735684285016,1,1.01429117368316,"Noise (HM.RMSE) | Noise (HM.MAE)","Noise (LM.RMSE) | Noise (LM.MAE)",2.69259917519175,"LM","RMSE | MAE | AICc",3,1,0.35,0.35,0.0216230722125325,2,0.5,1,0.05,0.0037,20,"LGR3 Mar2023",0.897393175801846,0.018496198860239,FALSE,"wassmann | mad | 0.95",TRUE,"emission",1.23028324799927,FALSE,0.982574894997555,FALSE,TRUE,FALSE,0.849168776167674,0.946261682243034,FALSE,TRUE,"convex (accelerating) trace",FALSE,"stem"
"Mar_23_211_SRS5_stem",2.28850658311684,537.215079933857,759.830744410435,0.835111469157151,0.928321437264815,1.15328703450131,846.206988883527,0.00250419207633638,0.109424726798286,0.99967920558854,0,2.33423463137406,536.472284908846,6204.28495527152,0.851798341654487,0.908116216724939,1.11350468748652,829.382126573313,0.00980137731297414,0.41989683390159,0.999701118668962,0.000150286960983836,540.294,758.559,0.00358458054442115,0.35,2.74036061967458,269,2.38603276902043,1,1.01998161097485,"Noise (HM.RMSE) | Noise (HM.MAE)","Noise (LM.RMSE) | Noise (LM.MAE)",2.33423463137406,"HM","",0,4,0.35,0.35,0.0213398766297392,2,0.5,1,0.05,0.0036,20,"LGR3 Mar2023",0.897393175801846,0.0180140303879733,FALSE,"wassmann | mad | 0.95",TRUE,"emission",1.12543899482163,FALSE,0.835111469157151,FALSE,FALSE,FALSE,0.753768333412913,0.839953271027941,FALSE,FALSE,NA,FALSE,"stem"
"Mar_23_212_SRS5_stem",0.878412477872554,549.601013249334,629.941640969015,0.320544481347652,0.706974016350379,0.88579675561008,662.717801759649,0.00210927657212234,0.240123703300623,0.998549082894836,0,0.889244095261347,549.433844197844,3744.31044990987,0.324497083644987,0.723813262079803,0.90486518862123,675.559717654905,0.00868632524407947,0.976821245186517,0.998486557973074,0.000101567955101874,551.138,628.622,0.00381155342609158,0.35,2.74037623165272,253,0.915841375279005,1,1.01233090109902,"Noise (HM.RMSE) | Noise (HM.MAE)","Noise (LM.RMSE) | Noise (LM.MAE)",0.878412477872554,"LM","RMSE | MAE | AICc",3,1,0.35,0.35,0.0220043114711676,2,0.5,1,0.05,0.0038,20,"LGR3 Mar2023",0.897393175801846,0.0191546921424976,FALSE,"wassmann | mad | 0.95",TRUE,"emission",1.14802717914322,FALSE,0.320544481347652,FALSE,TRUE,FALSE,0.834491784974583,0.929906542056041,FALSE,TRUE,"convex (accelerating) trace",FALSE,"stem"
"Mar_23_213_SRS5_stem",1.92119548096198,467.46107613741,584.62147236311,0.70106809093924,0.703575008217806,0.903038508805271,451.274031368868,0.00394638301951346,0.205412882687889,0.999291632569367,3.71684967147066e-265,1.94484115008871,467.218272813762,5134.23584736762,0.70969668926665,0.74026759378614,0.942191873284233,467.718464415185,0.0165842261308091,0.852729084329209,0.999229488120702,0.000152066427419548,468.76,583.254,0.00570515920734035,0.35,2.740383574423,169,2.00305168839783,1,1.0123077892703,"Noise (HM.RMSE) | Noise (HM.MAE)","Noise (LM.RMSE) | Noise (LM.MAE)",1.92119548096198,"LM","RMSE | MAE | AICc",3,1,0.35,0.35,0.0269230769230769,2,0.5,1,0.05,0.0057,20,"LGR3 Mar2023",0.897393175801846,0.0286710431607321,FALSE,"wassmann | mad | 0.95",TRUE,"emission",0.976432799943342,FALSE,0.70106809093924,FALSE,TRUE,FALSE,0.867515015158903,0.966705607476627,FALSE,TRUE,"convex (accelerating) trace",FALSE,"stem"
"Mar_23_214_SRS5_stem",4.49124092180329,735.597126516491,998.046467847413,1.63895624472897,1.25871713015252,1.51892943383141,601.321851955352,0.00707522012674046,0.157533747352383,0.999600606920182,4.95288239232521e-274,4.53998638347222,735.117656791958,12497.102408178,1.65674457543655,1.3726524939668,1.66706331999441,633.575464161216,0.0312443927716531,0.688204548044418,0.999519521076611,0.000140855868329647,736.146,1000.06,0.00595230586535496,0.35,2.74030556718493,162,4.68273212779705,1,1.01085345064262,"Noise (HM.RMSE) | Noise (HM.MAE)","Noise (LM.RMSE) | Noise (LM.MAE)",4.49124092180329,"LM","RMSE | MAE | AICc",3,1,0.35,0.35,0.0274985970461435,2,0.5,1,0.05,0.006,20,"LGR3 Mar2023",0.897393175801846,0.0299131071028849,FALSE,"wassmann | mad | 0.95",TRUE,"emission",1.53340110066365,TRUE,1.63895624472897,FALSE,TRUE,FALSE,0.736994629192477,0.821261682243072,FALSE,TRUE,"C0 > 1.5x group median; convex (accelerating) trace",FALSE,"stem"
"Mar_23_215_SRS5_stem",1.80329425738214,455.476879196322,511.145166596434,0.352047957446921,0.739266765591065,0.907264856937217,429.071502465382,0.00804887753938111,0.446342991801334,0.996842308424465,1.08728216128586e-199,2.00247132673613,454.480032893773,746.348814431316,0.390932282702927,0.619587475600795,0.790032167462934,386.900278008016,0.0302387904960408,1.51007358219344,0.997605631003944,0.001339411089612,453.951,510.053,0.0112664978896559,0.35,5.12229717354356,160,1.0058513069912,1,1.11045178485908,"Noise (HM.RMSE) | Noise (HM.MAE)","Noise (LM.RMSE) | Noise (LM.MAE)",2.00247132673613,"HM","",0,4,0.35,0.35,0.0276699295264733,2,0.5,1,0.05,0.011,20,"LGR3 Mar2023",0.897393175801846,0.0566194173226544,FALSE,"wassmann | mad | 0.95",TRUE,"emission",0.945585472239696,FALSE,0.352047957446921,FALSE,FALSE,FALSE,0.729656133595902,0.813084112149542,FALSE,FALSE,NA,FALSE,"stem"
"Mar_23_216_SRS5_stem",1.7113669422373,479.833003063996,525.024321558904,0.33411445252448,0.96916844159476,1.2117895453499,447.604524278492,0.0135820418495006,0.793637034483357,0.991506132032203,6.85575530183893e-142,2.12844784699826,478.0931482981,603.967700703149,0.415542201719191,0.785614482194074,0.960957387441309,386.180080069943,0.0505575295199587,2.37532385824064,0.994658547596929,0.00330124074945687,476.132,525.292,0.0131570067762936,0.35,5.12209791975974,137,0.954612721498513,1,1.24371214288836,"Noise (HM.RMSE) | Noise (HM.MAE) | Noise (HM.SE)","Noise (LM.RMSE) | Noise (LM.MAE)",2.12844784699826,"HM","SE",1,3,0.35,0.35,0.0299025180200866,2,0.5,1,0.05,0.013,20,"LGR3 Mar2023",0.897393175801846,0.0661209418784674,FALSE,"wassmann | mad | 0.95",TRUE,"emission",0.991788765898591,FALSE,0.33411445252448,FALSE,FALSE,FALSE,0.683528446989284,0.761682242990685,FALSE,FALSE,NA,FALSE,"stem"
"Mar_23_217_SRS5_root",1.74789139609661,472.531744270782,522.425199201211,0.341259164808972,0.92795779966102,1.13234912143536,462.963598139881,0.0112966422213411,0.646301151580056,0.99389695443337,8.88828739447085e-164,2.12708569584517,470.810897659645,622.307146543286,0.415293243998045,0.692469751023404,0.839445996151342,376.481638704618,0.0386828380653078,1.81858390288961,0.996645935255867,0.00274127740494102,472.037,520.736,0.0121780724674574,0.35,5.12188851272327,148,0.975026185168491,1,1.21694385623465,"Noise (HM.RMSE) | Noise (HM.MAE) | Noise (HM.SE)","Noise (LM.RMSE) | Noise (LM.MAE)",2.12708569584517,"HM","SE",1,3,0.35,0.35,0.0287698227784375,2,0.5,1,0.05,0.012,20,"LGR3 Mar2023",0.897393175801846,0.0612006613685373,FALSE,"wassmann | mad | 0.95",TRUE,"emission",0.983258830930231,FALSE,0.341259164808972,FALSE,FALSE,FALSE,0.806186159102284,0.898364485981224,FALSE,FALSE,NA,FALSE,"root"
"Mar_23_218_SRS5_stem",0.377109521997253,501.797702417192,514.79370705365,0.0725879681744138,0.534695409296044,0.670508904135786,375.09331890598,0.0050099698069876,1.32851851113537,0.969203637533523,1.9308154144632e-137,0.45414177927662,501.374463716337,542.657623154584,0.087415530762024,0.510134141116883,0.645454100774332,363.398995422674,0.0221167900616319,4.87001880709162,0.971462163054769,0.00211746222797662,500.481,514.804,0.0100996592894216,0.35,5.195207022342,181,0.20739419478404,1,1.20427025250221,"Noise (HM.RMSE) | Noise (HM.MAE)","Noise (LM.RMSE) | Noise (LM.MAE)",0.45414177927662,"HM","",0,4,0.35,0.35,0.0260152951186508,2,0.5,1,0.05,0.01,20,"LGR2 Mar2023",0.686673516530571,0.0388373088836033,FALSE,"wassmann | mad | 0.95",TRUE,"emission",1.00498899088648,FALSE,0.0725879681744138,FALSE,FALSE,FALSE,0.438213022763076,0.638167938931377,FALSE,FALSE,NA,FALSE,"stem"
"Mar_23_219_SRS5_stem",0.816483407674815,520.392176490519,533.469391278049,0.0695622431973902,0.520976028138906,0.642969258023807,377.495495752208,0.0100890379853269,1.2356696891194,0.971947240724705,4.60783325640057e-148,0.820291330412988,520.38158238409,1719.28594004195,0.069886668219503,0.52269527881757,0.645130043326443,380.857580153723,0.040566832097536,4.94541763316114,0.971760025796963,5.82921129388764e-05,520.874,534.31,0.0217368250802666,0.35,11.7374508087377,190,0.198749266278258,1,1.00466380908954,"Noise (HM.RMSE) | Noise (HM.MAE) | Noise (HM.SE)","Noise (LM.RMSE) | Noise (LM.MAE)",0.816483407674815,"LM","RMSE | SE | AICc",3,1,0.35,0.35,0.0253916687538504,2,0.5,1,0.05,0.022,20,"LGR2 Mar2023",0.686673516530571,0.0835872896160982,FALSE,"wassmann | mad | 0.95",TRUE,"emission",1.04593907788509,FALSE,0.0695622431973902,FALSE,TRUE,FALSE,0.51579140478325,0.751145038167912,FALSE,TRUE,"convex (accelerating) trace",FALSE,"stem"
"Mar_23_21_BL60_stem",8.33720248674712,934.363864687256,1060.63827945219,0.705337266445375,0.721516221000566,0.880970248818708,473.914566968916,0.0149761642645453,0.179630568987037,0.999419526682333,8.26038831941749e-292,8.47461646471236,934.017219764383,4812.06726776921,0.71696265274773,0.719233768895652,0.87620900335783,474.044494340635,0.060176549029562,0.710079910756227,0.999425890053544,0.000184877101603315,933.459,1059.68,0.0229802060854576,0.35,11.8201644565916,181,2.01524933270107,1,1.01648202477794,"Noise (HM.RMSE) | Noise (HM.MAE) | Noise (HM.SE)","Noise (LM.RMSE) | Noise (LM.MAE)",8.47461646471236,"HM","SE | AICc",2,2,0.35,0.35,0.0260152951186508,2,0.5,1,0.05,0.023,20,"LGR2 Mar2023",0.686673516530571,0.0883682645601801,FALSE,"wassmann | mad | 0.95",TRUE,"emission",1.87442883634724,TRUE,0.705337266445375,FALSE,FALSE,FALSE,0.699777972953018,1.01908396946581,FALSE,TRUE,"C0 > 1.5x group median",FALSE,"stem"
"Mar_23_220_SRS5_stem",0.958120147503317,479.31369099654,493.935213117577,0.081672161772327,0.407798832930719,0.502399151233939,270.604894363038,0.00847699513693783,0.88475283178496,0.986104525467416,2.23110347048224e-168,1.01483308901773,479.171906473971,613.040115619059,0.0865064913144201,0.403571947194362,0.498385093875362,269.792658139627,0.0350318478759629,3.45198124253817,0.986325681923713,0.000646206383628123,480.113,493.405,0.0228074284523501,0.35,11.7312940751368,181,0.23334903363522,1,1.05919188909888,"Noise (HM.RMSE) | Noise (HM.MAE) | Noise (HM.SE)","Noise (LM.RMSE) | Noise (LM.MAE)",1.01483308901773,"HM","SE",1,3,0.35,0.35,0.0260152951186508,2,0.5,1,0.05,0.023,20,"LGR2 Mar2023",0.686673516530571,0.087704351247432,FALSE,"wassmann | mad | 0.95",TRUE,"emission",0.964089105043911,FALSE,0.081672161772327,FALSE,FALSE,FALSE,0.494824274507526,0.7206106870229,FALSE,FALSE,NA,FALSE,"stem"
"Mar_23_221_SRS5_root",0.856016437693237,475.900007406305,488.249734794393,0.0730333914651689,0.449824303808021,0.551353557915217,287.80106961313,0.0101245409891156,1.18275076777718,0.976767947867049,3.23788049266654e-140,1.04426564072181,475.467792095831,512.599862788638,0.089094388815688,0.412967618238118,0.516431171373345,267.519807638191,0.0439039402038858,4.20428849631965,0.979617750814711,0.00239939187751643,475.391,487.546,0.0241174855178529,0.35,11.7208912323548,171,0.208666832757626,1,1.2199130702862,"Noise (HM.RMSE) | Noise (HM.MAE) | Noise (HM.SE)","Noise (LM.RMSE) | Noise (LM.MAE)",1.04426564072181,"HM","SE",1,3,0.35,0.35,0.0267651689515655,2,0.5,1,0.05,0.024,20,"LGR2 Mar2023",0.686673516530571,0.0927417181137822,FALSE,"wassmann | mad | 0.95",TRUE,"emission",0.954607110692545,FALSE,0.0730333914651689,FALSE,FALSE,FALSE,0.447124053130235,0.651145038167973,FALSE,FALSE,NA,FALSE,"root"
"Mar_23_222_SRS5_stem",0.588988020111286,599.899370409409,627.300565544959,0.153039973721647,0.478124678169752,0.580028320549915,322.61778022844,0.00321053788183404,0.545093919096593,0.994680000893718,1.06804048051097e-205,0.648058400962321,599.4525255001,755.661754979907,0.168388553360774,0.440003235712291,0.544044621775423,301.524930066686,0.0129086196372767,1.99189141258076,0.995319608261543,0.00107796801713654,600.028,626.977,0.00748145634315163,0.35,3.84858939653605,181,0.437257067776134,1,1.100291311256,"Noise (HM.RMSE) | Noise (HM.MAE)","Noise (LM.RMSE) | Noise (LM.MAE)",0.648058400962321,"HM","",0,4,0.35,0.35,0.0260152951186508,2,0.5,1,0.05,0.0075,20,"LGR2 Mar2023",0.686673516530571,0.0287692507643627,FALSE,"wassmann | mad | 0.95",TRUE,"emission",1.20488397006806,FALSE,0.153039973721647,FALSE,FALSE,FALSE,0.50163859184716,0.730534351145064,FALSE,FALSE,NA,FALSE,"stem"
"Mar_23_223_SRS5_stem",0.660287530995416,467.970289733285,502.145572888912,0.171803294548951,1.93365770020011,2.47977053062644,941.617860984373,0.011707366261676,1.77307092927025,0.940826356288674,2.37232109065024e-124,1.51663148308068,461.92369699132,504.592262316838,0.394619424384877,1.04052241390969,1.21510732832297,656.940000382611,0.0429603254076305,2.8326146388816,0.985791945853205,0.00924848120330118,460.448,500.52,0.00672839124749721,0.35,3.84327630461873,201,0.490866555854146,1,2.29692582683529,"Noise (HM.RMSE) | Noise (HM.MAE) | Noise (HM.SE) | Exaggerated curvature (g-fact)","Noise (LM.RMSE) | Noise (LM.MAE) | Intercept (LM)",0.660287530995416,"LM","SE | g-fact. > 2 | Intercept (LM)",1,3,0.35,0.35,0.0246870965550509,2,0.5,1,0.05,0.0067,20,"LGR2 Mar2023",0.686673516530571,0.0258733369180205,FALSE,"wassmann | mad | 0.95",TRUE,"emission",0.924600875708966,FALSE,0.171803294548951,FALSE,FALSE,FALSE,0.658367890658331,0.958778625954217,FALSE,FALSE,NA,FALSE,"stem"
"Mar_23_224_SRS5_stem",0.546184106997923,552.910434860833,578.395774863242,0.14234677735266,0.473507299174766,0.59574450079364,332.29583369419,0.0032873251784611,0.60187126215183,0.993521526996655,4.85908469249532e-198,0.613804870180785,552.399909797843,673.614780242466,0.15997013474787,0.440050742517393,0.551532447243816,306.473253836593,0.0132525651874736,2.15908439820138,0.994447421538472,0.00131972367879527,553.173,578.84,0.00745929350128597,0.35,3.83699664408115,181,0.406705078150457,1,1.12380580525226,"Noise (HM.RMSE) | Noise (HM.MAE)","Noise (LM.RMSE) | Noise (LM.MAE)",0.613804870180785,"HM","",0,4,0.35,0.35,0.0260152951186508,2,0.5,1,0.05,0.0075,20,"LGR2 Mar2023",0.686673516530571,0.02868418495536,FALSE,"wassmann | mad | 0.95",TRUE,"emission",1.11079696343247,FALSE,0.14234677735266,FALSE,FALSE,FALSE,0.573451013041612,0.835114503816868,FALSE,FALSE,NA,FALSE,"stem"
"Mar_23_225_SRS5_root",0.993190926548572,504.192997743071,519.447300430749,0.0851991012725498,0.47331299824455,0.594511755945839,331.545988789888,0.00996647075556338,1.00347984351788,0.982195429970774,9.65535770081634e-159,1.29798774399461,503.459410978931,539.661950996968,0.111345549274626,0.395231493541248,0.504947983555402,274.52847319751,0.0412700839423121,3.17954342275233,0.987155894002365,0.00307562809734207,503.225,518.559,0.0226615459272859,0.35,11.6572934657066,181,0.243426003635857,1,1.30688642968703,"Noise (HM.RMSE) | Noise (HM.MAE) | Noise (HM.SE)","Noise (LM.RMSE) | Noise (LM.MAE)",1.29798774399461,"HM","SE",1,3,0.35,0.35,0.0260152951186508,2,0.5,1,0.05,0.023,20,"LGR2 Mar2023",0.686673516530571,0.0871433700106107,FALSE,"wassmann | mad | 0.95",TRUE,"emission",1.01049906977258,FALSE,0.0851991012725499,FALSE,FALSE,FALSE,0.505832017902329,0.736641221374101,FALSE,FALSE,NA,FALSE,"root"
"Mar_23_226_SRS5_stem",0.441733155642388,584.80426761306,605.460300852763,0.115356877704494,0.454755641717837,0.571706695247647,317.386575583446,0.00314789181057979,0.712622942238053,0.990941380412305,5.21624779681009e-185,0.533743326634117,584.118649004344,648.780662477159,0.139384972283963,0.381867707383639,0.487382202185372,261.711212895877,0.0123366623236363,2.31134736642677,0.993416530962183,0.00215559282487489,584.993,605.108,0.00744324783276158,0.35,3.82927454723559,181,0.329591079155698,1,1.20829355871629,"Noise (HM.RMSE) | Noise (HM.MAE)","Noise (LM.RMSE) | Noise (LM.MAE)",0.533743326634117,"HM","",0,4,0.35,0.35,0.0260152951186508,2,0.5,1,0.05,0.0074,20,"LGR2 Mar2023",0.686673516530571,0.0286223233888934,FALSE,"wassmann | mad | 0.95",TRUE,"emission",1.17469299483029,FALSE,0.115356877704494,FALSE,FALSE,FALSE,0.506880374416151,0.738167938931403,FALSE,FALSE,NA,FALSE,"stem"
"Mar_23_227_SRS5_stem",0.612123352965445,527.192318278607,555.835036058574,0.159991050444351,0.718410586696764,0.935901675118108,495.81070437813,0.00515008258042364,0.841347181981205,0.987417854462534,3.08399625165394e-172,0.809929421971235,525.747448067757,591.399976251747,0.211691742161451,0.56224338752462,0.719040240830108,402.481682018399,0.0194729417429977,2.40427637455171,0.99257321848908,0.00322442635519211,524.031,555.069,0.0074382994599348,0.35,3.82598496144231,181,0.45711728698386,1,1.32314739839203,"Noise (HM.RMSE) | Noise (HM.MAE)","Noise (LM.RMSE) | Noise (LM.MAE) | Intercept (LM)",0.809929421971235,"HM","Intercept (LM)",0,4,0.35,0.35,0.0260152951186508,2,0.5,1,0.05,0.0074,20,"LGR2 Mar2023",0.686673516530571,0.0286034538710355,FALSE,"wassmann | mad | 0.95",TRUE,"emission",1.05227847986883,FALSE,0.159991050444351,FALSE,FALSE,FALSE,0.554580595793412,0.807633587786288,FALSE,FALSE,NA,FALSE,"stem"
"Mar_23_228_SRS5_stem",0.497383348572493,459.033423736463,482.334952953691,0.130142696383786,0.373224739101207,0.464747654795112,242.404969362552,0.0025544935797152,0.513586469480066,0.995274433477404,2.64848760245598e-210,0.541508258959638,458.696675228896,606.634283254934,0.141688187064077,0.352988256488173,0.439405816096482,224.198880221393,0.0102698431587879,1.89652567414552,0.995775735830828,0.000957756374154293,460.437,482.085,0.0074294387802198,0.35,3.8218306704337,181,0.371836275382245,1,1.08871408846674,"Noise (HM.RMSE)","Noise (LM.RMSE) | Noise (LM.MAE)",0.541508258959638,"HM","",0,4,0.35,0.35,0.0260152951186508,2,0.5,1,0.05,0.0074,20,"LGR2 Mar2023",0.686673516530571,0.0285692220208271,FALSE,"wassmann | mad | 0.95",TRUE,"emission",0.924578787200312,FALSE,0.130142696383786,FALSE,FALSE,FALSE,0.470712074690425,0.685496183206111,FALSE,FALSE,NA,FALSE,"stem"
"Mar_23_229_SRS5_root",1.1086888100905,499.283669924582,516.373282133802,0.0954513640128531,0.449152128317735,0.56569494629373,313.559829941627,0.00945020206107648,0.852376426556077,0.987090074785384,3.08185504761512e-171,1.33805810579332,498.719935619555,552.500168980858,0.115198665454196,0.410780495762119,0.509046394381992,277.454786855022,0.0390637771129454,2.91943802319295,0.989546207873775,0.00214202613589041,499.346,516.466,0.0225801366330747,0.35,11.6152222815926,181,0.272718182893866,1,1.20688338658717,"Noise (HM.RMSE) | Noise (HM.MAE) | Noise (HM.SE)","Noise (LM.RMSE) | Noise (LM.MAE)",1.33805810579332,"HM","SE",1,3,0.35,0.35,0.0260152951186508,2,0.5,1,0.05,0.023,20,"LGR2 Mar2023",0.686673516530571,0.0868298341787938,FALSE,"wassmann | mad | 0.95",TRUE,"emission",1.00270985840262,FALSE,0.0954513640128531,FALSE,FALSE,FALSE,0.551435526252065,0.803053435114553,FALSE,FALSE,NA,FALSE,"root"
"Mar_23_22_BL60_stem",5.33084220103512,761.224892010005,841.982188842818,0.451034615826754,0.598925498489886,0.74672014898462,414.063885631612,0.0126931129802442,0.238107085176514,0.9989805248808,6.43117551683267e-270,5.7156605005152,760.272090134764,1377.03042135618,0.483593518777473,0.496221339079533,0.612774331742886,344.590427271603,0.0437925182798954,0.766184735359072,0.999313466046533,0.000784089155017609,759.649,840.218,0.0229754107377802,0.35,11.8191420657672,181,1.28867033093358,1,1.07218714885339,"Noise (HM.RMSE) | Noise (HM.MAE) | Noise (HM.SE)","Noise (LM.RMSE) | Noise (LM.MAE)",5.7156605005152,"HM","SE",1,3,0.35,0.35,0.0260152951186508,2,0.5,1,0.05,0.023,20,"LGR2 Mar2023",0.686673516530571,0.0883498241928041,FALSE,"wassmann | mad | 0.95",TRUE,"emission",1.52541031914883,TRUE,0.451034615826754,FALSE,FALSE,FALSE,0.61538527359306,0.896183206106891,FALSE,TRUE,"C0 > 1.5x group median",FALSE,"stem"
"Mar_23_230_SRS5_stem",0.59851428637202,473.628142655286,494.492886640026,0.116538726585183,0.383837048366365,0.48451728644418,257.485356934848,0.00357874818821401,0.597938640680928,0.993605372024757,1.51426480942767e-198,0.624402994754453,473.479829810254,729.400913680474,0.121579603931841,0.380595413451665,0.479936563840357,256.138335769659,0.014601556133277,2.33848271964472,0.993725712625409,0.00047506677485586,472.378,494.562,0.00998413696208991,0.35,5.13575447329554,181,0.33296779024338,1,1.04325495476367,"Noise (HM.RMSE) | Noise (HM.MAE)","Noise (LM.RMSE) | Noise (LM.MAE)",0.624402994754453,"HM","",0,4,0.35,0.35,0.0260152951186508,2,0.5,1,0.05,0.01,20,"LGR2 Mar2023",0.686673516530571,0.0383930784532098,FALSE,"wassmann | mad | 0.95",TRUE,"emission",0.948556867367542,FALSE,0.116538726585183,FALSE,FALSE,FALSE,0.43035034890962,0.626717557251911,FALSE,FALSE,NA,FALSE,"stem"
"Mar_23_231_SRS5_stem",1.19076255882691,726.346419713091,744.726561217989,0.102662281233072,0.433892643885518,0.5222203354392,284.612365495618,0.00871143635372942,0.731584671448817,0.990457529917977,5.49608891042088e-183,1.27043849295018,726.145252554843,876.531007419717,0.109531587876815,0.429036095250505,0.514401840231465,281.243330382485,0.0359437782159707,2.82924190469882,0.990741123839266,0.000728337520899054,725.446,743.566,0.022548900070137,0.35,11.5988320591041,181,0.293320803523063,1,1.0669116890959,"Noise (HM.RMSE) | Noise (HM.MAE) | Noise (HM.SE)","Noise (LM.RMSE) | Noise (LM.MAE)",1.27043849295018,"HM","SE",1,3,0.35,0.35,0.0260152951186508,2,0.5,1,0.05,0.023,20,"LGR2 Mar2023",0.686673516530571,0.0867101984153279,FALSE,"wassmann | mad | 0.95",TRUE,"emission",1.45672911355803,FALSE,0.102662281233072,FALSE,FALSE,FALSE,0.592321430289752,0.862595419847361,FALSE,FALSE,NA,FALSE,"stem"
"Mar_23_232_SRS5_stem",0.254334694579866,662.122379330209,666.050944097305,0.0219403026344188,0.489999228388468,0.595722734576236,332.282607362037,0.00993084327890212,3.90463569876176,0.784405825528324,9.34594835128225e-62,0.255190564523724,662.120053171986,1119.8078603119,0.0220141346596365,0.490216267493422,0.59598343165471,334.532668769791,0.0397698817543907,15.5843856643428,0.784218781142072,4.80985823004602e-05,661.462,666.339,0.0225331043832939,0.35,11.5921233548018,181,0.0626865789554824,1,1.00336513248919,"Noise (HM.RMSE) | Noise (HM.MAE) | Noise (HM.SE)","Noise (LM.RMSE) | Noise (LM.MAE)",0.255190564523724,"HM","SE | AICc | Intercept",2,2,0.35,0.35,0.0260152951186508,2,0.5,1,0.05,0.023,20,"LGR2 Mar2023",0.686673516530571,0.0866489757700832,FALSE,"wassmann | mad | 0.95",TRUE,"emission",1.3282462828554,FALSE,0.0219403026344188,FALSE,TRUE,FALSE,0.604901708455198,0.880916030534385,FALSE,TRUE,"convex (accelerating) trace",FALSE,"stem"
"Mar_23_233_SRS5_root",0.952793374796112,440.204340925999,454.924875661769,0.082220628923808,0.877069247625637,1.04506655853798,535.748510668931,0.0174159099050771,1.82787898885253,0.943253269975089,1.11825075899279e-113,1.21161381190485,439.571582977132,477.622873073305,0.104555355088302,0.813738757449951,1.00083647543634,522.1856992818,0.0796508677126091,6.57394847516514,0.947954978918633,0.00274774796922892,441.764,454.046,0.0225280816282361,0.35,11.5882520879163,181,0.234916082639452,1,1.27164382536153,"Noise (HM.RMSE) | Noise (HM.MAE) | Noise (HM.SE)","Noise (LM.RMSE) | Noise (LM.MAE)",1.21161381190485,"HM","SE | Intercept",1,3,0.35,0.35,0.0260152951186508,2,0.5,1,0.05,0.023,20,"LGR2 Mar2023",0.686673516530571,0.086630142653912,FALSE,"wassmann | mad | 0.95",TRUE,"emission",0.887082539736725,FALSE,0.082220628923808,FALSE,FALSE,FALSE,0.440833914047511,0.64198473282446,FALSE,FALSE,NA,FALSE,"root"
"Mar_23_234_SRS5_stem",1.07957303783256,534.920154829557,551.615836154016,0.0932511243620626,1.34552559714313,2.28036094187951,818.200155497384,0.0379674157819082,3.51689181290916,0.817722187716547,2.73488181802799e-68,1.08107301572259,534.91577482147,3874.09214500607,0.09338068912504,1.34861490928858,2.28190235216214,820.536446289367,0.151998649838483,14.0599800039303,0.817478049654098,2.79651862533627e-05,547.515,552.141,0.022505931475585,0.35,11.5770511639189,181,0.266431783891608,1,1.00138941770261,"Noise (HM.RMSE) | Noise (HM.MAE) | Noise (HM.SE)","Noise (LM.RMSE) | Noise (LM.MAE) | Noise (LM.SE)",1.08107301572259,"HM","SE | AICc | Intercept",2,2,0.35,0.35,0.0260152951186508,2,0.5,1,0.05,0.023,20,"LGR2 Mar2023",0.686673516530571,0.0865449657623116,FALSE,"wassmann | mad | 0.95",TRUE,"emission",1.09943543779926,FALSE,0.0932511243620626,FALSE,TRUE,FALSE,0.524178256893528,0.763358778625899,FALSE,TRUE,"convex (accelerating) trace",FALSE,"stem"
"Mar_23_235_SRS5_stem",1.6389584856212,483.526772305491,508.878302961587,0.141589903616243,0.631167647226465,0.754879400073379,417.997927787511,0.0125670799594374,0.766772317278935,0.989527299949829,2.26914721975366e-179,2.03282208146847,482.560296372844,553.963788576069,0.175615846959661,0.49753853887775,0.620839978978089,349.324169219794,0.0484517866443995,2.38347404261759,0.992916255833806,0.00245948540527727,484.955,508.23,0.0225015791465707,0.35,11.5753909266253,181,0.404542581760693,1,1.2403133449094,"Noise (HM.RMSE) | Noise (HM.MAE) | Noise (HM.SE) | Intercept (HM)","Noise (LM.RMSE) | Noise (LM.MAE)",2.03282208146847,"HM","SE | Intercept (HM)",1,3,0.35,0.35,0.0260152951186508,2,0.5,1,0.05,0.023,20,"LGR2 Mar2023",0.686673516530571,0.0865282289305625,FALSE,"wassmann | mad | 0.95",TRUE,"emission",0.973812064944232,FALSE,0.141589903616243,FALSE,FALSE,FALSE,0.443978983588858,0.646564885496195,FALSE,FALSE,NA,FALSE,"stem"
"Mar_23_236_SRS5_stem",1.13524940476769,549.884345936436,567.443223048527,0.0980685357410334,0.462885579769196,0.618635085845607,345.944570046644,0.0102990707152405,0.907207761747124,0.985400614103604,1.85973074106824e-166,1.14313143305973,549.863506160764,1703.22520641208,0.098749424865505,0.465748372406178,0.622069506262584,350.040374265227,0.0415672788142022,3.63626417855928,0.985239448166722,8.56187827669218e-05,552.221,569.051,0.0225031723829019,0.35,11.5760819327976,181,0.280195816402953,1,1.00694299266657,"Noise (HM.RMSE) | Noise (HM.MAE) | Noise (HM.SE)","Noise (LM.RMSE) | Noise (LM.MAE)",1.13524940476769,"LM","MAE | SE | AICc | Intercept",3,1,0.35,0.35,0.0260152951186508,2,0.5,1,0.05,0.023,20,"LGR2 Mar2023",0.686673516530571,0.0865338750979269,FALSE,"wassmann | mad | 0.95",TRUE,"emission",1.10888530341077,FALSE,0.0980685357410334,FALSE,TRUE,FALSE,0.535710178545272,0.780152671755795,FALSE,TRUE,"convex (accelerating) trace",FALSE,"stem"
"Mar_23_237_SRS5_root",1.15646750036965,488.350297117948,506.234543967053,0.099894693428529,0.613021585359952,0.776318501112294,428.135692199312,0.0129262829994503,1.11773854391227,0.978003794104922,1.59675758831111e-150,1.25127410227338,488.11100608886,609.956901501853,0.108084008242086,0.598826547840863,0.76802601311318,426.339755336924,0.0541267855279519,4.32573370052266,0.978471202969832,0.000887054979371588,491.513,506.043,0.0225066970348345,0.35,11.5768662045803,181,0.285413409795797,1,1.08197947791306,"Noise (HM.RMSE) | Noise (HM.MAE) | Noise (HM.SE)","Noise (LM.RMSE) | Noise (LM.MAE)",1.25127410227338,"HM","SE | Intercept",1,3,0.35,0.35,0.0260152951186508,2,0.5,1,0.05,0.023,20,"LGR2 Mar2023",0.686673516530571,0.0865474290929588,FALSE,"wassmann | mad | 0.95",TRUE,"emission",0.986980832194604,FALSE,0.099894693428529,FALSE,FALSE,FALSE,0.446075696616443,0.649618320610713,FALSE,FALSE,NA,FALSE,"root"
"Mar_23_238_SRS5_stem",0.84573422078724,493.746624777384,523.303107583135,0.165088658126258,0.62202853556446,0.757081305225647,419.05230734359,0.00557800999566779,0.659546445983418,0.992230469513415,5.62810286776174e-191,1.05327323747139,492.598372476359,574.546218965353,0.205600602577716,0.449719861538846,0.57413506281222,321.012621189836,0.0198929054852714,1.8886747310725,0.995531745808546,0.00250892014112082,492.802,522.849,0.00995933131043516,0.35,5.12290929241444,181,0.471681880360738,1,1.24539507989988,"Noise (HM.RMSE) | Noise (HM.MAE)","Noise (LM.RMSE) | Noise (LM.MAE)",1.05327323747139,"HM","",0,4,0.35,0.35,0.0260152951186508,2,0.5,1,0.05,0.01,20,"LGR2 Mar2023",0.686673516530571,0.0382976905984649,FALSE,"wassmann | mad | 0.95",TRUE,"emission",0.989569203799625,FALSE,0.165088658126258,FALSE,FALSE,FALSE,0.483816531112723,0.7045801526717,FALSE,FALSE,NA,FALSE,"stem"
"Mar_23_239_SRS5_stem",0.674994218926207,484.428343354426,508.020904232646,0.13175932322529,0.58709183816909,0.723336601054124,402.546563759096,0.00532876681902761,0.789453697470878,0.988905499986807,3.96176443078154e-177,0.901800602441793,483.191479294125,535.957792466719,0.176032081061245,0.393917460925094,0.489989513062681,263.642614760347,0.0178929801758557,1.98413930168234,0.994909031343491,0.00333606936845217,483.078,506.669,0.00995805041485552,0.35,5.12293325742163,181,0.376455209215116,1,1.33601233485584,"Noise (HM.RMSE) | Noise (HM.MAE)","Noise (LM.RMSE) | Noise (LM.MAE)",0.901800602441793,"HM","",0,4,0.35,0.35,0.0260152951186508,2,0.5,1,0.05,0.01,20,"LGR2 Mar2023",0.686673516530571,0.0382929775261935,FALSE,"wassmann | mad | 0.95",TRUE,"emission",0.970042962149332,FALSE,0.13175932322529,FALSE,FALSE,FALSE,0.462325222580147,0.673282442748123,FALSE,FALSE,NA,FALSE,"stem"
"Mar_23_23_BL60_stem",8.27547281224098,569.588595228869,694.937865272372,0.700161817430629,0.761767023095995,0.958574302013029,504.475773678573,0.0162965017500868,0.196925325233154,0.999302451727729,1.14395779959781e-284,8.88663214014437,568.076221916424,1505.79805632774,0.751870092652264,0.548560841871184,0.677257784972393,380.810426022576,0.0484646614286565,0.545365900876247,0.9996517984379,0.000801805039683519,568.826,693.52,0.0229784096724836,0.35,11.8193717598159,181,2.00046233551608,1,1.07385189242594,"Noise (HM.RMSE) | Noise (HM.MAE) | Noise (HM.SE)","Noise (LM.RMSE) | Noise (LM.MAE)",8.88663214014437,"HM","SE",1,3,0.35,0.35,0.0260152951186508,2,0.5,1,0.05,0.023,20,"LGR2 Mar2023",0.686673516530571,0.0883618473905188,FALSE,"wassmann | mad | 0.95",TRUE,"emission",1.14222891124737,FALSE,0.700161817430629,FALSE,FALSE,FALSE,0.737518807449298,1.07404580152679,FALSE,FALSE,NA,FALSE,"stem"
"Mar_23_240_SRS5_stem",0.704094025472807,474.215240264873,502.921858706047,0.137439044932588,0.553295340894402,0.678737945700538,441.374492377917,0.00397019268563693,0.563872514465792,0.993367080937567,7.83941210780173e-230,0.804624289458595,473.553608300808,594.782166301501,0.157062536922524,0.500512710043864,0.612145898123254,399.875122223916,0.0157947830903852,1.96300103008486,0.994604765496429,0.0012955902430319,473.964,502.388,0.00854362840714007,0.35,5.12295487660115,211,0.39268298552168,1,1.14277960094645,"Noise (HM.RMSE) | Noise (HM.MAE)","Noise (LM.RMSE) | Noise (LM.MAE)",0.804624289458595,"HM","",0,4,0.35,0.35,0.024094993678753,2,0.5,1,0.05,0.0085,20,"LGR2 Mar2023",0.686673516530571,0.0328536058778582,FALSE,"wassmann | mad | 0.95",TRUE,"emission",0.951741628706226,FALSE,0.137439044932588,FALSE,FALSE,FALSE,0.43087452716653,0.627480916030563,FALSE,FALSE,NA,FALSE,"stem"
"Mar_23_241_SRS5_root",1.10122637670435,458.255807474998,475.285324132854,0.0951183659602409,0.391804195556994,0.498573864679836,267.838065583866,0.0083014969718094,0.753841094567072,0.98987402843399,1.11460841258514e-180,1.11527066489158,458.219258339802,1112.85255474728,0.0963314405575294,0.39320016141698,0.500352155981793,271.218613571601,0.0335745110604783,3.01043613155037,0.989802329922888,0.000147153285795546,457.857,475.288,0.0225072961444427,0.35,11.5774316094187,181,0.271766759886403,1,1.01275331619759,"Noise (HM.RMSE) | Noise (HM.MAE)","Noise (LM.RMSE) | Noise (LM.MAE)",1.11527066489158,"HM","AICc",1,3,0.35,0.35,0.0260152951186508,2,0.5,1,0.05,0.023,20,"LGR2 Mar2023",0.686673516530571,0.086549732860328,FALSE,"wassmann | mad | 0.95",TRUE,"emission",0.919398027897787,FALSE,0.0951183659602409,FALSE,FALSE,FALSE,0.493251739736823,0.71832061068699,FALSE,FALSE,NA,FALSE,"root"
"Mar_23_242_SRS5_root",1.8102277492174,468.700642773057,496.69766428204,0.156372997529408,0.394861965039634,0.488641084749839,260.553354840028,0.00813541172309071,0.449413711982252,0.996377587900693,1.22870355574168e-220,1.89453529663653,468.486530475238,788.825374285431,0.163655740769854,0.384681302496396,0.47900786192929,255.437168553127,0.0329248439980547,1.73788496084016,0.996519006760311,0.000510883222350718,468.115,496.473,0.0225045584495876,0.35,11.5763448793451,181,0.446779992941167,1,1.04657289529208,"Noise (HM.RMSE) | Noise (HM.MAE)","Noise (LM.RMSE) | Noise (LM.MAE)",1.89453529663653,"HM","",0,4,0.35,0.35,0.0260152951186508,2,0.5,1,0.05,0.023,20,"LGR2 Mar2023",0.686673516530571,0.0865392051830391,FALSE,"wassmann | mad | 0.95",TRUE,"emission",0.939996566240927,FALSE,0.156372997529408,FALSE,FALSE,FALSE,0.433495418450966,0.631297709923646,FALSE,FALSE,NA,FALSE,"root"
"Mar_23_243_SRS6_CWD",1.35784167587711,513.851215647271,694.791327583886,0.356008224070591,7.40776643013715,8.55961647357712,3657.62501598919,0.00983384379910266,0.724226098948569,0.97389614510157,0,2.43712907772005,492.755091817983,753.200346091388,0.638983182063146,0.91134820437607,1.13553018995209,1591.22201510915,0.0080936393588293,0.332097279246324,0.999540597446081,0.00245342609081434,495.287,675.723,0.00262137207423838,0.35,3.81407390074189,512,1.0171663544874,1,1.79485511530331,"Noise (HM.RMSE) | Noise (HM.MAE)","Noise (LM.RMSE) | Noise (LM.MAE) | Intercept (LM)",2.43712907772005,"HM","Intercept (LM)",0,4,0.35,0.35,0.0154679608384557,2,0.5,1,0.05,0.0026,20,"LGR2 Mar2023",0.686673516530571,0.0100800637173978,FALSE,"wassmann | mad | 0.95",TRUE,"emission",0.994559198709228,FALSE,0.356008224070591,NA,FALSE,FALSE,0.50635619615915,0.737404580152622,FALSE,FALSE,NA,FALSE,"CWD"
"Mar_23_244_SRS6_CWD",3.49323720311829,494.757051663886,616.588970216516,0.680533997890808,0.662044208644249,0.836136084621093,455.006410984327,0.00617307035616359,0.176714892153705,0.999438207371139,4.42119167955279e-293,3.75122509771834,493.287122036657,1404.70852731565,0.730793835145169,0.408857190643074,0.514183986475894,281.089987688763,0.0159786441079495,0.425958018826128,0.99978754879541,0.000801817722200048,493.381,615.489,0.00997966325575947,0.35,5.13308257037113,181,1.94438285111659,1,1.07385352886135,"Noise (HM.RMSE) | Noise (HM.MAE)","Noise (LM.RMSE) | Noise (LM.MAE)",3.75122509771834,"HM","",0,4,0.35,0.35,0.0260152951186508,2,0.5,1,0.05,0.01,20,"LGR2 Mar2023",0.686673516530571,0.0383758753048213,FALSE,"wassmann | mad | 0.95",TRUE,"emission",0.990731862573331,FALSE,0.680533997890807,NA,FALSE,FALSE,0.43087452716653,0.627480916030563,FALSE,FALSE,NA,FALSE,"CWD"
"Mar_23_245_SRS6_CWD",2.76247180955274,449.378083800718,545.736073391194,0.538192524636991,2.46042241974353,2.81057938959346,893.878757742845,0.020748136086125,0.751071414172519,0.989947555485327,5.80546841808842e-181,2.77441099489126,449.305847186642,9750.3376385061,0.540518550291706,2.48816688816073,2.84117950900897,899.890403288482,0.0840242434988284,3.0285434873762,0.989729363253405,5.81138267687855e-05,452.126,548.219,0.00997836150236358,0.35,5.13286915572827,181,1.53769292753426,1,1.00432192114947,"Noise (HM.RMSE) | Noise (HM.MAE) | Noise (HM.SE)","Noise (LM.RMSE) | Noise (LM.MAE)",2.76247180955274,"LM","RMSE | MAE | SE | AICc",4,0,0.35,0.35,0.0260152951186508,2,0.5,1,0.05,0.01,20,"LGR2 Mar2023",0.686673516530571,0.0383710825023732,FALSE,"wassmann | mad | 0.95",TRUE,"emission",0.90788991488896,FALSE,0.538192524636991,NA,TRUE,FALSE,0.517888117810835,0.75419847328243,FALSE,TRUE,"convex (accelerating) trace",FALSE,"CWD"
"Mar_23_246_SRS6_CWD",2.974445010181,570.025840119878,673.77638756383,0.579443666741658,1.9399874693894,2.29947058389086,821.221109659537,0.0169764949127127,0.570744957617476,0.994170494232592,3.8340075137744e-202,3.92884516010033,564.818882047256,803.92198288821,0.765367804022782,0.410487210608499,0.51828030742369,283.962485987534,0.0188061025922345,0.478667441089846,0.999703854297155,0.00320099489019964,564.725,668.958,0.00997848981371801,0.35,5.13327728113239,181,1.65555333354759,1,1.3208666311371,"Noise (HM.RMSE) | Noise (HM.MAE)","Noise (LM.RMSE) | Noise (LM.MAE)",3.92884516010033,"HM","",0,4,0.35,0.35,0.0260152951186508,2,0.5,1,0.05,0.01,20,"LGR2 Mar2023",0.686673516530571,0.0383713627250462,FALSE,"wassmann | mad | 0.95",TRUE,"emission",1.13399391361184,FALSE,0.579443666741658,NA,FALSE,FALSE,0.5210331873523,0.758778625954338,FALSE,FALSE,NA,FALSE,"CWD"
"Mar_23_247_SRS6_CWD",6.81344027843067,574.126806541439,732.556968683821,1.32729708748752,1.17823952142691,1.76405355075113,486.950917396241,0.0238954930956339,0.350711125644999,0.998526177855684,1.47845712225592e-170,7.08131957115845,573.105131546264,2699.71648055173,1.37948150395058,1.09264779843709,1.70162870525691,480.371729369501,0.0945710554779924,1.3355004604392,0.998628641020753,0.000648675887390385,579.229,731.67,0.0149270281897728,0.35,5.1333196935797,121,3.79227739282149,1,1.03931630450711,"Noise (HM.RMSE) | Noise (HM.MAE) | Noise (HM.SE)","Noise (LM.RMSE) | Noise (LM.MAE)",7.08131957115845,"HM","SE",1,3,0.35,0.35,0.0318181818181818,2,0.5,1,0.05,0.015,20,"LGR2 Mar2023",0.686673516530571,0.0574013014795532,FALSE,"wassmann | mad | 0.95",TRUE,"emission",1.1631186162955,FALSE,1.32729708748752,NA,FALSE,FALSE,0.490630848452417,0.71450381679395,FALSE,FALSE,NA,FALSE,"CWD"
"Mar_23_248_SRS6_stem",2.39986692759653,465.563679270004,549.2452471634,0.467453009106664,1.51132271399983,1.96844293043852,764.953250170627,0.0145359054096173,0.605696309343912,0.993439457738068,1.49925718640729e-197,3.03279915590204,462.08129395866,682.433729429037,0.590737375952084,0.980982429598022,1.2986406346049,616.480156458845,0.0455967022874145,1.50345274920959,0.997144566456698,0.00268087518384383,461.811,547.555,0.00998173734703318,0.35,5.13392123024909,181,1.33558002601904,1,1.26373638514174,"Noise (HM.RMSE) | Noise (HM.MAE) | Noise (HM.SE)","Noise (LM.RMSE) | Noise (LM.MAE)",3.03279915590204,"HM","SE",1,3,0.35,0.35,0.0260152951186508,2,0.5,1,0.05,0.01,20,"LGR2 Mar2023",0.686673516530571,0.0383838510790422,FALSE,"wassmann | mad | 0.95",TRUE,"emission",0.927337842735843,FALSE,0.467453009106664,FALSE,FALSE,FALSE,0.711309894604613,1.03587786259548,FALSE,FALSE,NA,FALSE,"stem"
"Mar_23_249_SRS6_stem",2.07897899543807,487.224754337194,553.682143049403,0.404921819961746,2.56084800212056,3.08976773797642,851.76358740264,0.0259885860367773,1.2500648680821,0.974860348706897,2.58377391890666e-133,3.5194900673637,480.411669569718,581.29510589037,0.685489524685605,1.00267635673897,1.29052814974907,564.013155823216,0.0642493331821224,1.82552960662989,0.995614263399035,0.00679486692450504,479.749,548.915,0.0108827027156535,0.35,5.13427257546771,166,1.15691948560499,1,1.69289351892759,"Noise (HM.RMSE) | Noise (HM.MAE) | Noise (HM.SE)","Noise (LM.RMSE) | Noise (LM.MAE) | Intercept (LM)",3.5194900673637,"HM","SE | Intercept (LM)",1,3,0.35,0.35,0.0271652683997216,2,0.5,1,0.05,0.011,20,"LGR2 Mar2023",0.686673516530571,0.0418485352080687,FALSE,"wassmann | mad | 0.95",TRUE,"emission",0.963358176212082,FALSE,0.404921819961746,FALSE,FALSE,FALSE,0.542000317628025,0.78931297709935,FALSE,FALSE,NA,FALSE,"stem"
"Mar_23_24_BL60_root",2.22943852621879,665.082763345381,698.851513894969,0.188620625342033,0.778621863239425,0.989700122852124,516.043452002955,0.0168241553622711,0.754636432645015,0.989852864766721,1.34363263211435e-180,3.02487535915996,663.210801793669,735.877004819537,0.255918194252316,0.492386479073041,0.597977179940634,335.741649272725,0.0509749237585185,1.68519088246581,0.996295706228005,0.00352183248326894,663.46,697.844,0.0229789131837351,0.35,11.8196963994583,181,0.538916072405807,1,1.35678796413834,"Noise (HM.RMSE) | Noise (HM.MAE) | Noise (HM.SE)","Noise (LM.RMSE) | Noise (LM.MAE)",3.02487535915996,"HM","SE",1,3,0.35,0.35,0.0260152951186508,2,0.5,1,0.05,0.023,20,"LGR2 Mar2023",0.686673516530571,0.0883632927848663,FALSE,"wassmann | mad | 0.95",TRUE,"emission",1.3322583592455,FALSE,0.188620625342032,FALSE,FALSE,FALSE,0.447124053130265,0.651145038168016,FALSE,FALSE,NA,FALSE,"root"
"Mar_23_250_SRS6_stem",2.22773788103874,440.023263639014,517.70784453193,0.433875725228491,1.18006181453242,1.47469965503945,660.411815259156,0.0108899583907259,0.48883481685234,0.99571704943589,3.98368185368009e-214,2.58356265135948,438.027308862516,737.462315680254,0.503176396367227,0.954208685558248,1.17032487456244,578.818881608736,0.0385282235061633,1.49128272487953,0.997302578741522,0.00168041940625033,439.325,515.066,0.0099811016770966,0.35,5.13450684493942,181,1.23964492922426,1,1.1597247025107,"Noise (HM.RMSE) | Noise (HM.MAE) | Noise (HM.SE)","Noise (LM.RMSE) | Noise (LM.MAE)",2.58356265135948,"HM","SE",1,3,0.35,0.35,0.0260152951186508,2,0.5,1,0.05,0.01,20,"LGR2 Mar2023",0.686673516530571,0.0383814064794022,FALSE,"wassmann | mad | 0.95",TRUE,"emission",0.882184914954222,FALSE,0.433875725228491,FALSE,FALSE,FALSE,0.568209230472651,0.827480916030571,FALSE,FALSE,NA,FALSE,"stem"
"Mar_23_251_SRS6_stem",3.0914114033025,600.530433737159,708.313123978911,0.602016858250377,0.703680909019417,0.891179895942884,478.085695652138,0.00658170235869984,0.212902829809993,0.999184764356393,1.31335159953459e-278,3.36719355147432,598.964234120915,1279.90876280069,0.65572226356349,0.428898847384075,0.552360531416576,307.016361787386,0.0173532369282719,0.515362026654922,0.999686817363646,0.000962959882848035,598.823,707.089,0.00998290275543724,0.35,5.13509108746053,181,1.72004816642965,1,1.08920913854339,"Noise (HM.RMSE) | Noise (HM.MAE)","Noise (LM.RMSE) | Noise (LM.MAE)",3.36719355147432,"HM","",0,4,0.35,0.35,0.0260152951186508,2,0.5,1,0.05,0.01,20,"LGR2 Mar2023",0.686673516530571,0.0383885455978858,FALSE,"wassmann | mad | 0.95",TRUE,"emission",1.20246427434731,FALSE,0.602016858250377,FALSE,FALSE,FALSE,0.408334862120103,0.59465648854964,FALSE,FALSE,NA,FALSE,"stem"
"Mar_23_252_SRS6_stem",4.02020957052512,609.922358672251,750.081348118586,0.782836178933189,0.742811943944005,0.945847473780948,499.637370270026,0.00698591904609903,0.173770021774923,0.999456765314658,2.18705954688757e-294,4.08459160796506,609.547324880166,4969.09965936142,0.795372985111389,0.787905801669862,0.998126214465146,521.20407508469,0.0297813712618374,0.729115028385284,0.999395543320678,0.000182443729100463,612.557,749.229,0.0099833625926265,0.35,5.13544171655897,181,2.23667479695197,1,1.01601459732646,"Noise (HM.RMSE) | Noise (HM.MAE)","Noise (LM.RMSE) | Noise (LM.MAE)",4.02020957052512,"LM","RMSE | MAE | AICc",3,1,0.35,0.35,0.0260152951186508,2,0.5,1,0.05,0.01,20,"LGR2 Mar2023",0.686673516530571,0.0383901006690451,FALSE,"wassmann | mad | 0.95",TRUE,"emission",1.23004278142517,FALSE,0.782836178933189,FALSE,TRUE,FALSE,0.66780309928255,0.97251908396968,FALSE,TRUE,"convex (accelerating) trace",FALSE,"stem"
"Mar_23_253_SRS6_stem",3.60661591426629,615.354944294772,734.113079980928,0.702253773238692,0.691144489345227,0.881263076975509,448.192203571991,0.00708969553690938,0.196574731145212,0.999343521104997,4.22806833878245e-271,3.66245675567508,615.048586190156,4480.72949308118,0.713126691928212,0.692910160463291,0.886957691311738,452.492307427549,0.0288072397647654,0.786555082735866,0.999335151020002,0.000184476346885481,615.149,733.991,0.0105668127795805,0.35,5.13577292384361,171,2.00643935211055,1,1.01548289109131,"Noise (HM.RMSE) | Noise (HM.MAE)","Noise (LM.RMSE) | Noise (LM.MAE)",3.66245675567508,"HM","RMSE | AICc",2,2,0.35,0.35,0.0267651689515655,2,0.5,1,0.05,0.011,20,"LGR2 Mar2023",0.686673516530571,0.0406337704618821,FALSE,"wassmann | mad | 0.95",TRUE,"emission",1.23524763728259,FALSE,0.702253773238692,FALSE,FALSE,FALSE,0.505832017902269,0.736641221374014,FALSE,FALSE,NA,FALSE,"stem"
"Mar_23_254_SRS6_stem",1.304399429333,487.467930627857,532.932006271525,0.253919740614982,1.14423451069678,1.40031324667503,641.675279477514,0.0103454077554539,0.793116550253632,0.988803460054494,8.99024500663548e-177,1.83539096312288,484.613575398598,574.917262046685,0.357284729510771,0.550542873730402,0.708227588236421,396.996719710648,0.0269641026770288,1.46912037918885,0.997135959730917,0.00395647999292774,484.644,529.855,0.0099859977767857,0.35,5.13705403988599,181,0.725484973185663,1,1.40707740424373,"Noise (HM.RMSE) | Noise (HM.MAE)","Noise (LM.RMSE) | Noise (LM.MAE)",1.83539096312288,"HM","",0,4,0.35,0.35,0.0260152951186508,2,0.5,1,0.05,0.01,20,"LGR2 Mar2023",0.686673516530571,0.0384002339735302,FALSE,"wassmann | mad | 0.95",TRUE,"emission",0.973187562563191,FALSE,0.253919740614982,FALSE,FALSE,FALSE,0.583410399922503,0.849618320610635,FALSE,FALSE,NA,FALSE,"stem"
"Mar_23_255_SRS6_stem",3.77740475935217,439.371110242583,570.99527899739,0.735211439054867,1.19010178274361,1.41822738363235,646.276955134399,0.0104798042768949,0.277433977678692,0.998616453073866,4.76006867910433e-258,3.81131570093585,439.168813298432,7259.35806145616,0.741811661628242,1.26849212880574,1.49388343988946,667.182243223562,0.0443713773756354,1.1642010491217,0.998466602239082,0.000108767020186224,441.125,571.847,0.00998865107887965,0.35,5.13784818719376,181,2.10060411158534,1,1.00897731213467,"Noise (HM.RMSE) | Noise (HM.MAE) | Noise (HM.SE)","Noise (LM.RMSE) | Noise (LM.MAE)",3.77740475935217,"LM","RMSE | MAE | SE | AICc",4,0,0.35,0.35,0.0260152951186508,2,0.5,1,0.05,0.01,20,"LGR2 Mar2023",0.686673516530571,0.0384106504692546,FALSE,"wassmann | mad | 0.95",TRUE,"emission",0.885799398188542,FALSE,0.735211439054867,FALSE,TRUE,FALSE,0.536758535059034,0.78167938931301,FALSE,TRUE,"convex (accelerating) trace",FALSE,"stem"
"Mar_23_256_SRS6_stem",4.45649616930626,546.695087184958,701.948293941982,0.867239451272479,1.12944953608366,1.34693942071806,627.607584342408,0.00995500215308633,0.223381817797815,0.999102611773262,7.0843282798351e-275,4.90881295955288,544.134361321639,1419.94061723658,0.955260836251223,0.560232153222403,0.712527163950555,399.187739881573,0.0225896682164145,0.460185963542439,0.999748876652471,0.00109072164054512,542.588,699.278,0.00999083526302594,0.35,5.13871476068963,181,2.47782700363565,1,1.10149605723032,"Noise (HM.RMSE) | Noise (HM.MAE)","Noise (LM.RMSE) | Noise (LM.MAE)",4.90881295955288,"HM","",0,4,0.35,0.35,0.0260152951186508,2,0.5,1,0.05,0.01,20,"LGR2 Mar2023",0.686673516530571,0.038419049607868,FALSE,"wassmann | mad | 0.95",TRUE,"emission",1.08954179396843,FALSE,0.867239451272479,FALSE,FALSE,FALSE,0.527323326434934,0.76793893129772,FALSE,FALSE,NA,FALSE,"stem"
"Mar_23_257_SRS6_stem",5.03314278712624,544.30077154107,780.215739503973,1.31781347328812,1.48187793309123,1.83580240565194,739.69970468542,0.0100852409147253,0.200376610425623,0.999277804704436,2.55923384558475e-283,5.5180157014195,540.603705300236,1933.47894531385,1.44476637057577,0.65327646007198,0.798336777960111,440.351664766175,0.0187481142640321,0.339761886853804,0.999863423789121,0.00103725468661619,541.04,776.281,0.00742561784602268,0.35,3.81931349856963,181,3.76518135225177,1,1.09633601405735,"Noise (HM.RMSE) | Noise (HM.MAE)","Noise (LM.RMSE) | Noise (LM.MAE)",5.5180157014195,"HM","",0,4,0.35,0.35,0.0260152951186508,2,0.5,1,0.05,0.0074,20,"LGR2 Mar2023",0.686673516530571,0.0285546876975396,FALSE,"wassmann | mad | 0.95",TRUE,"emission",1.08643333838692,FALSE,1.31781347328812,FALSE,FALSE,FALSE,0.557201487077877,0.811450381679414,FALSE,FALSE,NA,FALSE,"stem"
"Mar_23_259_SRS6_stem",3.45301459253651,601.034181761596,762.875359286639,0.903857885411351,1.17137909925983,1.86172115384653,744.774853160609,0.0102277932112964,0.296198957091092,0.998423267370373,5.72857996182963e-253,3.5875826799561,599.996744667271,2790.73196947321,0.939082302708,1.08637013191174,1.80249444603195,735.163107974211,0.0406689199933315,1.13360230610293,0.998521992428968,0.000428660794821148,593.705,761.187,0.00742606436097862,0.35,3.82030698439392,181,2.58245110117529,1,1.03897118990185,"Noise (HM.RMSE) | Noise (HM.MAE) | Noise (HM.SE)","Noise (LM.RMSE) | Noise (LM.MAE)",3.5875826799561,"HM","SE",1,3,0.35,0.35,0.0260152951186508,2,0.5,1,0.05,0.0074,20,"LGR2 Mar2023",0.686673516530571,0.0285562459586267,FALSE,"wassmann | mad | 0.95",TRUE,"emission",1.19218709368439,FALSE,0.903857885411351,FALSE,FALSE,FALSE,0.613288560565476,0.893129770992372,FALSE,FALSE,NA,FALSE,"stem"
"Mar_23_262_SRS6_stem",1.16179128569898,525.701739736275,582.479197269154,0.422769026741791,0.869279997261622,1.09042954558825,415.680600833893,0.0066297294119473,0.57064719744034,0.995622983195791,3.81160856432162e-160,1.16925223938887,525.639367418132,4505.4292451905,0.425484023978275,0.884986052354574,1.11198544193577,423.128636819783,0.0271029501095777,2.31797290580717,0.995449726560842,0.000106911177988229,527.779,585.119,0.00710883460524077,0.35,2.74805203837354,136,1.20791150497655,1,1.00642193979395,"Noise (HM.RMSE) | Noise (HM.MAE)","Noise (LM.RMSE) | Noise (LM.MAE)",1.16179128569898,"LM","RMSE | MAE | AICc",3,1,0.35,0.35,0.030012252399939,2,0.5,1,0.05,0.0071,20,"LGR3 Mar2023",0.897393175801846,0.0357256779072604,FALSE,"wassmann | mad | 0.95",TRUE,"emission",1.09937009711003,FALSE,0.422769026741791,FALSE,TRUE,FALSE,0.791509167909313,0.882009345794364,FALSE,TRUE,"convex (accelerating) trace",FALSE,"stem"
"Mar_23_263_SRS6_stem",1.24159404417013,618.248866133718,676.63074195293,0.324313125050428,0.79162582744415,0.967771988256474,510.704265713627,0.00528498965583881,0.425661646868742,0.996731161917923,7.13280595441322e-226,1.31695932147423,617.66846112464,1139.94454495145,0.34399906726121,0.769161052827606,0.932299603830439,499.20283163432,0.0212329741749697,1.61227259101679,0.996966400016936,0.000658653685117394,617.991,676.596,0.00740225048286007,0.35,3.82838050102683,182,0.926608928715509,1,1.06070041786844,"Noise (HM.RMSE) | Noise (HM.MAE)","Noise (LM.RMSE) | Noise (LM.MAE)",1.31695932147423,"HM","",0,4,0.35,0.35,0.0259437260831385,2,0.5,1,0.05,0.0074,20,"LGR3 Mar2023",0.897393175801846,0.0371996267812694,FALSE,"wassmann | mad | 0.95",TRUE,"emission",1.28728279390261,FALSE,0.324313125050428,FALSE,FALSE,FALSE,0.995938688097864,1.10981308411217,FALSE,FALSE,NA,FALSE,"stem"
"Mar_23_264_SRS6_stem",0.752065599784797,554.628186225261,595.688197420657,0.196575071343538,0.661068382386378,0.841740211297485,532.20421834187,0.00367680567244028,0.488894276442428,0.995005579021537,1.04108830805138e-242,0.765039543026133,554.509849558148,1747.13925677206,0.199966203472175,0.666110567984086,0.845458002053628,536.142232838523,0.0149370468014483,1.95245421463633,0.9949617725757,0.000167668348828756,555.387,595.575,0.00638014396593167,0.35,3.82584421638323,211,0.561643060981538,1,1.01725107922108,"Noise (HM.RMSE) | Noise (HM.MAE)","Noise (LM.RMSE) | Noise (LM.MAE)",0.752065599784797,"LM","RMSE | MAE | AICc",3,1,0.35,0.35,0.024094993678753,2,0.5,1,0.05,0.0064,20,"LGR3 Mar2023",0.897393175801846,0.0320631143427377,FALSE,"wassmann | mad | 0.95",TRUE,"emission",1.15687789799073,FALSE,0.196575071343538,FALSE,FALSE,FALSE,0.849168776167674,0.946261682243034,FALSE,FALSE,NA,FALSE,"stem"
"Mar_23_265_SRS6_stem",0.56329926221064,547.1585797185,579.394966217809,0.147327275448717,0.599222777040274,0.767047922090345,516.060378906197,0.00312321537855796,0.554450464980383,0.993282089338503,3.96424592102814e-240,0.604159246111798,546.776077443286,791.899225303904,0.158013939726266,0.587686414554582,0.747389272588107,506.659268028738,0.0128028892449439,2.11912493723132,0.993622023002615,0.000644630835991534,546.882,579.65,0.00608808313787037,0.35,3.82345536829476,221,0.420935072710621,1,1.07253690292582,"Noise (HM.RMSE) | Noise (HM.MAE)","Noise (LM.RMSE) | Noise (LM.MAE)",0.604159246111798,"HM","",0,4,0.35,0.35,0.0235435477898709,2,0.5,1,0.05,0.0061,20,"LGR3 Mar2023",0.897393175801846,0.0305953367934876,FALSE,"wassmann | mad | 0.95",TRUE,"emission",1.13916187921029,FALSE,0.147327275448717,FALSE,FALSE,FALSE,0.746954016073398,0.83235981308413,FALSE,FALSE,NA,FALSE,"stem"
"Mar_23_266_SRS6_stem",1.31761986386941,494.004165336721,564.995545526792,0.344809167298165,0.881301998278587,1.1066398567937,638.548636434022,0.00493318975905578,0.374401592927466,0.997106700580613,1.12718642695972e-263,1.33730555202038,493.827094118849,2878.24314849553,0.349960733334135,0.889653125149808,1.11083437308075,642.201825038204,0.0199916850871313,1.49492276143833,0.997084925574325,0.000146769995400664,495.569,561.879,0.00646469844420782,0.35,3.82130171942335,208,0.985169049423329,1,1.01494033954009,"Noise (HM.RMSE) | Noise (HM.MAE)","Noise (LM.RMSE) | Noise (LM.MAE)",1.33730555202038,"HM","MAE | AICc",2,2,0.35,0.35,0.0242681335848538,2,0.5,1,0.05,0.0065,20,"LGR3 Mar2023",0.897393175801846,0.0324878953106236,FALSE,"wassmann | mad | 0.95",TRUE,"emission",1.03227627407441,FALSE,0.344809167298165,FALSE,FALSE,FALSE,0.958197853601524,1.06775700934582,FALSE,FALSE,NA,FALSE,"stem"
"Mar_23_267_SRS6_stem",1.13219541455848,488.8643307984,546.064134564048,0.296405827543536,0.653357492975389,0.803881212789994,474.373213658268,0.00394765063377927,0.348672197662868,0.997647017663112,8.01156361879425e-256,1.17753846776438,488.487428977706,1243.01633111498,0.308276521450284,0.640452331257138,0.785644629806821,467.508775914838,0.0158582021018762,1.34672475982749,0.997752564681472,0.000408568208026309,488.098,545.276,0.00689207858916655,0.35,3.8197474858762,195,0.846873792981532,1,1.04004878718184,"Noise (HM.RMSE) | Noise (HM.MAE)","Noise (LM.RMSE) | Noise (LM.MAE)",1.17753846776438,"HM","",0,4,0.35,0.35,0.0250640205913801,2,0.5,1,0.05,0.0069,20,"LGR3 Mar2023",0.897393175801846,0.034635809653168,FALSE,"wassmann | mad | 0.95",TRUE,"emission",1.01671408991114,FALSE,0.296405827543536,FALSE,FALSE,FALSE,0.840257745800455,0.936331775700948,FALSE,FALSE,NA,FALSE,"stem"
"Mar_23_268_SRS6_stem",1.18234176520375,457.096684619982,494.176397497695,0.230101541357798,0.609006213491899,0.772111417890822,384.412693709842,0.00668048563829977,0.56502153902586,0.994854607832087,2.24731734119033e-186,1.24811029682071,456.758753632198,816.306667341918,0.242901089629945,0.606235290715537,0.757068230625676,380.100708064168,0.0272126608428404,2.18030897687157,0.995053151894089,0.000675573631129591,456.995,494.185,0.0110914413342615,0.35,5.13834787123509,163,0.657432975307994,1,1.0556256520344,"Noise (HM.RMSE) | Noise (HM.MAE)","Noise (LM.RMSE) | Noise (LM.MAE)",1.24811029682071,"HM","",0,4,0.35,0.35,0.0274141157495785,2,0.5,1,0.05,0.011,20,"LGR3 Mar2023",0.897393175801846,0.0557399873877884,FALSE,"wassmann | mad | 0.95",TRUE,"emission",0.951926161383453,FALSE,0.230101541357798,FALSE,FALSE,FALSE,0.758485937724993,0.845210280373777,FALSE,FALSE,NA,FALSE,"stem"
"Mar_23_269_SRS6_root",1.00353962447967,456.250558996343,473.887507362867,0.0864993028837573,0.637423385724837,0.781558275499845,489.177675554867,0.0107331460093361,1.06952887036236,0.977084947120774,1.85039278278836e-169,1.19624435856074,455.708850946493,514.470341842427,0.103109334768702,0.605381511946965,0.744908687402513,471.470302887333,0.046569086003855,3.89294090881937,0.979183667787725,0.0017547093036034,455.906,473.345,0.0198177507626891,0.35,11.6017076557054,206,0.247140865382164,1,1.19202503755743,"Noise (HM.RMSE) | Noise (HM.MAE) | Noise (HM.SE)","Noise (LM.RMSE) | Noise (LM.MAE)",1.19624435856074,"HM","SE",1,3,0.35,0.35,0.0243856555002066,2,0.5,1,0.05,0.02,20,"LGR3 Mar2023",0.897393175801846,0.0995927603865162,FALSE,"wassmann | mad | 0.95",TRUE,"emission",0.949657761095165,FALSE,0.0864993028837572,FALSE,FALSE,FALSE,0.782073959285213,0.871495327102758,FALSE,FALSE,NA,FALSE,"root"
"Mar_23_26_BL60_stem",2.66300829734865,520.74153639144,606.592798905911,0.510697194280661,0.681539989465863,0.864862446444846,439.220845513014,0.0071276105748397,0.267652586059762,0.998790774472313,3.18425264504476e-247,2.89069356553227,519.545566070816,1082.75345932989,0.554361432111306,0.52347698717674,0.679934987049902,359.523774026862,0.0237708754787833,0.822324294841204,0.999252608756622,0.000984292725202106,519.044,606.451,0.0107924010434143,0.35,5.21445648648925,170,1.45913484080189,1,1.08549927103506,"Noise (HM.RMSE) | Noise (HM.MAE)","Noise (LM.RMSE) | Noise (LM.MAE)",2.89069356553227,"HM","",0,4,0.35,0.35,0.026843774609658,2,0.5,1,0.05,0.011,20,"LGR3 Mar2023",0.897393175801846,0.0542367584527323,FALSE,"wassmann | mad | 0.95",TRUE,"emission",1.08117498552307,FALSE,0.510697194280661,FALSE,FALSE,FALSE,0.630062264786091,0.702102803738298,FALSE,FALSE,NA,FALSE,"stem"
"Mar_23_270_SRS6_stem",1.31261700129908,490.395136515703,558.167612510731,0.344158986901712,0.623946636504819,0.775162145793688,469.496758787455,0.00368679181578715,0.280873385925855,0.998440404294975,1.12092531878152e-278,1.32781573129318,490.263331397057,3355.89280609719,0.348143987485877,0.637869880312803,0.793651050501543,480.961385644535,0.0152006177185504,1.14478367444452,0.998365637917042,0.000121489533297848,491.182,557.359,0.00674454853174349,0.35,3.81398438296178,199,0.98331139114775,1,1.01157895256503,"Noise (HM.RMSE) | Noise (HM.MAE)","Noise (LM.RMSE) | Noise (LM.MAE)",1.31261700129908,"LM","RMSE | MAE | AICc",3,1,0.35,0.35,0.0248108421752918,2,0.5,1,0.05,0.0067,20,"LGR3 Mar2023",0.897393175801846,0.0338944708918967,FALSE,"wassmann | mad | 0.95",TRUE,"emission",1.02313809954299,FALSE,0.344158986901712,FALSE,TRUE,FALSE,0.691391120842651,0.770443925233634,FALSE,TRUE,"convex (accelerating) trace",FALSE,"stem"
"Mar_23_271_SRS6_stem",0.711194693021468,558.203035604414,597.516493206969,0.186443410898763,0.588997674188968,0.730050168814405,476.545145969205,0.00313478119755113,0.440776798296006,0.995897991443355,4.95070736447065e-254,0.724994479612712,558.075649821631,1587.01213488562,0.190061097176505,0.584410661297791,0.72813307693962,477.502485351783,0.012663369565031,1.7466849639732,0.995919690096855,0.00018471606356216,558.523,598.456,0.00630174092012876,0.35,3.81453380193543,213,0.532695459710751,1,1.01940366924367,"Noise (HM.RMSE) | Noise (HM.MAE)","Noise (LM.RMSE) | Noise (LM.MAE)",0.724994479612712,"HM","AICc",1,3,0.35,0.35,0.0239816048439636,2,0.5,1,0.05,0.0063,20,"LGR3 Mar2023",0.897393175801846,0.0316690950200251,FALSE,"wassmann | mad | 0.95",TRUE,"emission",1.16341022425709,FALSE,0.186443410898763,FALSE,FALSE,FALSE,0.732801203137189,0.816588785046655,FALSE,FALSE,NA,FALSE,"stem"
"Mar_23_272_SRS6_stem",0.520299545813987,502.557554535283,523.731633849358,0.101360367073214,0.621926177107454,0.777244278594054,498.563753572364,0.00455499038353902,0.875455383381688,0.984158884509211,2.54535145711961e-190,0.563416333870291,502.271144452769,645.106661585843,0.109760015890066,0.617340276326401,0.766553933055674,494.797442766999,0.0190318239038047,3.37793258017013,0.984591650345462,0.000768436437190951,502.876,524.149,0.00855939260311794,0.35,5.13316556399371,211,0.289601048780613,1,1.08286916335637,"Noise (HM.RMSE) | Noise (HM.MAE)","Noise (LM.RMSE) | Noise (LM.MAE)",0.563416333870291,"HM","",0,4,0.35,0.35,0.024094993678753,2,0.5,1,0.05,0.0086,20,"LGR3 Mar2023",0.897393175801846,0.0430146211363166,FALSE,"wassmann | mad | 0.95",TRUE,"emission",1.04749684423651,FALSE,0.101360367073214,FALSE,FALSE,FALSE,0.868563371672695,0.967873831775698,FALSE,FALSE,NA,FALSE,"stem"
"Mar_23_273_SRS6_stem",0.820654792428407,489.35332927094,536.548273938886,0.298409438060661,0.635138165916248,0.791087330079322,385.223164729056,0.00376753023817963,0.459088312520676,0.996660006143465,9.16393575978506e-198,0.841858971593934,489.152389296421,1435.6462939414,0.306119777715899,0.635655056255016,0.78576017204644,385.165224666178,0.0152162039332676,1.80745284503627,0.996704837521144,0.00032342498584893,488.694,535.827,0.00604777621535924,0.35,2.75009663823563,160,0.852598394459031,1,1.02583812263227,"Noise (HM.RMSE) | Noise (HM.MAE)","Noise (LM.RMSE) | Noise (LM.MAE)",0.841858971593934,"HM","",0,4,0.35,0.35,0.0276699295264733,2,0.5,1,0.05,0.006,20,"LGR3 Mar2023",0.897393175801846,0.0303930926701199,FALSE,"wassmann | mad | 0.95",TRUE,"emission",1.0179555651837,FALSE,0.298409438060661,FALSE,FALSE,FALSE,0.820863150295315,0.914719626168152,FALSE,FALSE,NA,FALSE,"stem"
"Mar_23_274_SRS6_stem",2.19919353386686,583.721018590003,709.569236824202,0.80085156916556,1.13187357441558,1.38565565834178,561.100442101143,0.00665227886553689,0.302487196469704,0.998556397585185,4.01591448092876e-225,2.22820120191411,583.44217876262,5274.68613657658,0.811414912552907,1.18870322035572,1.41813208252619,570.572495342311,0.0274365981669253,1.23133396316976,0.998488565564404,0.000172963700001441,578.933,708.635,0.00607756328608231,0.35,2.74606883290282,159,2.28814734047303,1,1.01319013883978,"Noise (HM.RMSE) | Noise (HM.MAE)","Noise (LM.RMSE) | Noise (LM.MAE)",2.19919353386686,"LM","RMSE | MAE | AICc",3,1,0.35,0.35,0.027756805500135,2,0.5,1,0.05,0.0061,20,"LGR3 Mar2023",0.897393175801846,0.0305426018493345,FALSE,"wassmann | mad | 0.95",TRUE,"emission",1.20592450330574,FALSE,0.80085156916556,FALSE,TRUE,FALSE,0.670423990566956,0.747079439252381,FALSE,TRUE,"convex (accelerating) trace",FALSE,"stem"
"Mar_23_275_SRS6_stem",1.57942006031998,542.815177964917,630.325040291035,0.575072039308187,1.00743815498478,1.40798839582226,548.578969185341,0.00709429551089582,0.449170913370478,0.996922592493329,4.97261500712913e-193,1.7234869073718,541.516998034625,1083.55194643182,0.627527252213362,0.993443419518546,1.28814882683439,523.289024898623,0.0276382050039663,1.6036214076098,0.99742415964762,0.00115772470773143,537.441,630.01,0.00627572722957,0.35,2.74647340221936,154,1.64306296945196,1,1.09121502928273,"Noise (HM.RMSE) | Noise (HM.MAE)","Noise (LM.RMSE) | Noise (LM.MAE)",1.7234869073718,"HM","",0,4,0.35,0.35,0.0282038037408883,2,0.5,1,0.05,0.0063,20,"LGR3 Mar2023",0.897393175801846,0.0315387066821053,FALSE,"wassmann | mad | 0.95",TRUE,"emission",1.11949616100851,FALSE,0.575072039308187,FALSE,FALSE,FALSE,0.939327436353265,1.04672897196254,FALSE,FALSE,NA,FALSE,"stem"
"Mar_23_276_SRS6_stem",0.23397614632995,592.208690596632,607.615840469276,0.0609841193272949,0.728429230784315,0.881901643798964,665.660149942275,0.00290514431242482,1.24164123479836,0.962311513738296,2.40920399602775e-182,0.276734599429611,591.757071907633,645.113029191355,0.0721287879056169,0.705103829019131,0.859283858501333,654.47411268446,0.0128172411735841,4.6316005298948,0.964219887821525,0.00135184132339844,592.098,605.899,0.00529421656535878,0.35,3.83667336531051,255,0.174240340935128,1,1.18274706105879,"Noise (HM.RMSE) | Noise (HM.MAE)","Noise (LM.RMSE) | Noise (LM.MAE)",0.276734599429611,"HM","",0,4,0.35,0.35,0.0219178501879802,2,0.5,1,0.05,0.0053,20,"LGR3 Mar2023",0.897393175801846,0.0266056534070309,FALSE,"wassmann | mad | 0.95",TRUE,"emission",1.23334735894883,FALSE,0.0609841193272949,FALSE,FALSE,FALSE,1.05150158332852,1.17172897196257,FALSE,FALSE,NA,FALSE,"stem"
"Mar_23_277_SRS6_stem",0.308263991187682,572.015574994688,587.683123559782,0.0803690710266906,0.786159825460882,0.966227549164608,551.649904153387,0.00469245947322762,1.52222108561836,0.956547126692054,5.70261749741036e-135,0.309313582179379,572.006195264886,2391.70695339287,0.0806427152257282,0.787901025618988,0.968691965006817,554.73752417964,0.0188360396016607,6.08962576714049,0.956327138652534,4.43164706425078e-05,573.249,590.249,0.00685121673917158,0.35,3.83560475752304,197,0.229625917219116,1,1.00340484461923,"Noise (HM.RMSE) | Noise (HM.MAE)","Noise (LM.RMSE) | Noise (LM.MAE)",0.309313582179379,"HM","AICc",1,3,0.35,0.35,0.0249364674957684,2,0.5,1,0.05,0.0069,20,"LGR3 Mar2023",0.897393175801846,0.0344303627577134,FALSE,"wassmann | mad | 0.95",TRUE,"emission",1.19408466194795,FALSE,0.0803690710266906,FALSE,TRUE,FALSE,0.972874844794555,1.08411214953274,FALSE,TRUE,"convex (accelerating) trace",FALSE,"stem"
"Mar_23_278_SRS6_stem",0.39002562594871,586.686025310192,607.928662305591,0.101694881436473,0.655005691523478,0.804275521995852,512.990756910047,0.00352169819131033,0.902940206234921,0.983165532164215,1.4661838150702e-187,0.393595880591504,586.652806838068,1676.09246784957,0.102625785967974,0.656847658741571,0.807437197330713,516.724655299821,0.0142185876170436,3.61248384908796,0.983034303679224,9.42005231135882e-05,586.943,608.612,0.00639556065140656,0.35,3.83525326387594,211,0.290556804104209,1,1.0091538976038,"Noise (HM.RMSE) | Noise (HM.MAE)","Noise (LM.RMSE) | Noise (LM.MAE)",0.393595880591504,"HM","RMSE | AICc",2,2,0.35,0.35,0.024094993678753,2,0.5,1,0.05,0.0064,20,"LGR3 Mar2023",0.897393175801846,0.0321404370072112,FALSE,"wassmann | mad | 0.95",TRUE,"emission",1.22260943104605,FALSE,0.101694881436473,FALSE,TRUE,FALSE,0.820863150295374,0.914719626168218,FALSE,TRUE,"convex (accelerating) trace",FALSE,"stem"
"Mar_23_279_SRS6_root",0.00914924727630005,491.012893013546,491.385011408786,0.00177298016037579,0.59670004736322,0.750042754688744,485.792293936401,0.00438753152952426,47.9551092786572,0.0156213334266843,0.0382519983165731,0.00915260978982366,491.012869984654,827.525581738156,0.00177363176258811,0.59670192016726,0.750043179019198,487.8703859104,0.017735040635798,193.770312982388,0.0156202210891216,5.27062336916208e-06,490.989,491.828,0.00856461731237795,0.35,5.16037769670296,212,0.00506565760107368,1,1.00036751805062,"Noise (HM.RMSE) | Noise (HM.MAE)","Noise (LM.RMSE) | Noise (LM.MAE)",0.00915260978982366,"HM","AICc",1,3,0.35,0.35,0.0240380986910206,2,0.5,1,0.05,0.0086,20,"LGR3 Mar2023",0.897393175801846,0.0430408727582998,TRUE,"wassmann | mad | 0.95",FALSE,"below detection",1.02273607818795,FALSE,0.00177298016037579,TRUE,FALSE,FALSE,0.755865046440617,0.842289719626216,FALSE,TRUE,"CO2 slope <= 0",FALSE,"root"
"Mar_23_27_BL60_stem",1.07046908196078,523.54189766298,564.200325806631,0.205420295001902,0.807040112297423,0.992730021007142,570.779248632799,0.00640227452544657,0.598081218162741,0.992931806335789,4.16400393625583e-215,1.36347792015641,521.786699523707,626.134867891053,0.261647946033224,0.512127801623653,0.637700818138133,395.82612440288,0.0196739620923891,1.44292487627025,0.997083378467682,0.00250745125790921,521.789,562.754,0.00916859750125444,0.35,5.21111646709918,200,0.586915128576863,1,1.27372003837694,"Noise (HM.RMSE) | Noise (HM.MAE)","Noise (LM.RMSE) | Noise (LM.MAE)",1.36347792015641,"HM","",0,4,0.35,0.35,0.0247487373415292,2,0.5,1,0.05,0.0092,20,"LGR3 Mar2023",0.897393175801846,0.0460764292852467,FALSE,"wassmann | mad | 0.95",TRUE,"emission",1.08689285401834,FALSE,0.205420295001902,FALSE,FALSE,FALSE,0.592321430289811,0.660046728972009,FALSE,FALSE,NA,FALSE,"stem"
"Mar_23_280_SRS6_stem",0.730130500376819,480.118999106275,523.502603972948,0.190449370778886,0.578326441791817,0.720218882818622,507.845869706143,0.00276869793423933,0.379205899878229,0.996717807113232,2.23478620299987e-285,0.754669680440962,479.878648549874,1155.86591427826,0.196850242130287,0.568189343551633,0.712105763765418,504.706239417692,0.0112031898576742,1.48451569581118,0.996791337086275,0.000291204068642001,480.074,522.675,0.00586462929841954,0.35,3.83372492852448,230,0.544141059368247,1,1.0336093068999,"Noise (HM.RMSE) | Noise (HM.MAE)","Noise (LM.RMSE) | Noise (LM.MAE)",0.754669680440962,"HM","",0,4,0.35,0.35,0.0230783165688525,2,0.5,1,0.05,0.0059,20,"LGR3 Mar2023",0.897393175801846,0.0294722210713344,FALSE,"wassmann | mad | 0.95",TRUE,"emission",1,FALSE,0.190449370778886,FALSE,FALSE,FALSE,0.752719976899151,0.838785046728904,FALSE,FALSE,NA,FALSE,"stem"
"Mar_23_281_SRS6_stem",0.592006711032428,534.571513022664,561.45399549278,0.154441994602603,0.677345096639415,0.885049223760224,462.622469132345,0.00508922110267635,0.859655981568355,0.987231540719664,6.328600373149e-167,0.641174823419705,534.207455800305,715.19558083361,0.167268912281785,0.680434556940278,0.869897324672497,458.638489462284,0.0211882497827426,3.30459790509788,0.987664986328405,0.000924198271300973,534.655,561.323,0.00766368042828764,0.35,3.83319778118463,176,0.441262841721724,1,1.0830533023883,"Noise (HM.RMSE) | Noise (HM.MAE)","Noise (LM.RMSE) | Noise (LM.MAE)",0.641174823419705,"HM","",0,4,0.35,0.35,0.0263822426505543,2,0.5,1,0.05,0.0077,20,"LGR3 Mar2023",0.897393175801846,0.0385134656335173,FALSE,"wassmann | mad | 0.95",TRUE,"emission",1.11369288901294,FALSE,0.154441994602604,FALSE,FALSE,FALSE,0.767396968092301,0.855140186915964,FALSE,FALSE,NA,FALSE,"stem"
"Mar_23_282_SRS6_stem",0.618889509415752,558.972193079267,597.678541350635,0.161472909874927,0.665767267192256,0.843396451190136,610.43310802351,0.00300298656683265,0.485221759481356,0.994357773714666,4.67691353037131e-272,0.696591114717748,558.18470615287,740.1564010299,0.181745840857246,0.616739975230231,0.766749206807908,566.386799372834,0.0119097063118351,1.70971263632336,0.995336697029764,0.000998758850820525,559.109,596.274,0.0055730247210268,0.35,3.83277609783045,242,0.461351171071221,1,1.12555004426452,"Noise (HM.RMSE) | Noise (HM.MAE)","Noise (LM.RMSE) | Noise (LM.MAE)",0.696591114717748,"HM","",0,4,0.35,0.35,0.0224988521286629,2,0.5,1,0.05,0.0056,20,"LGR3 Mar2023",0.897393175801846,0.0280067555197887,FALSE,"wassmann | mad | 0.95",TRUE,"emission",1.16463086940763,FALSE,0.161472909874927,FALSE,FALSE,FALSE,0.716027498916633,0.797897196261652,FALSE,FALSE,NA,FALSE,"stem"
"Mar_23_283_SRS6_root",0.734067816286393,581.445239512326,615.70633374636,0.14234354242475,0.671832413792248,0.854432161582108,619.247915324329,0.0040682218278685,0.554202450728517,0.992621816637551,3.83070992220537e-259,0.765639294104698,581.20273358299,1003.70116669084,0.148465587135792,0.663467324047705,0.847396672117803,617.297219533163,0.0166254363466351,2.17144502308703,0.992742821957472,0.000351399142580713,580.93,615.401,0.00746796693311965,0.35,5.1570152307714,243,0.406695835499287,1,1.0430089388444,"Noise (HM.RMSE) | Noise (HM.MAE)","Noise (LM.RMSE) | Noise (LM.MAE)",0.765639294104698,"HM","",0,4,0.35,0.35,0.0224525104684854,2,0.5,1,0.05,0.0075,20,"LGR3 Mar2023",0.897393175801846,0.0375296211463049,FALSE,"wassmann | mad | 0.95",TRUE,"emission",1.2100842786737,FALSE,0.14234354242475,FALSE,FALSE,FALSE,0.838161032772871,0.933995327102806,FALSE,FALSE,NA,FALSE,"root"
"Mar_23_284_SRS6_stem",0.066797688004075,541.742105482873,543.854537625836,0.0129494580585254,0.589153537877733,0.747481516034235,378.353702707503,0.0063747559999281,9.54337820725054,0.398823249673763,5.7699542073701e-20,0.0810493383645726,541.670467335311,548.160339220556,0.0157122954279381,0.588360286324105,0.746882853398123,380.190229418065,0.0293692204364829,36.2362247849273,0.399785836511145,0.00242104862865792,541.318,543.524,0.0109999967959622,0.35,5.15833849588,165,0.0369984515957869,1,1.21335544367386,"Noise (HM.RMSE) | Noise (HM.MAE)","Noise (LM.RMSE) | Noise (LM.MAE)",0.0810493383645726,"HM","AICc | Intercept",1,3,0.35,0.35,0.0272474630456533,2,0.5,1,0.05,0.011,20,"LGR3 Mar2023",0.897393175801846,0.0552804085941778,FALSE,"wassmann | mad | 0.95",TRUE,"emission",1.12757199931677,FALSE,0.0129494580585254,FALSE,FALSE,FALSE,0.744857303045754,0.830023364485921,FALSE,FALSE,NA,FALSE,"stem"
"Mar_23_285_SRS6_stem",0.104744642794482,527.219885960313,530.915539881528,0.0203034480805731,0.593153453920562,0.72890655258639,411.937528885803,0.00527622779229315,5.03722925729535,0.682351855158142,2.05698527834969e-47,0.181745393814453,526.82055331491,532.292918694868,0.0352290873189123,0.575701617993966,0.711051776648921,404.901153036014,0.0310617724772587,17.0908168979348,0.697723025780192,0.00643763434509149,527.09,531.077,0.00986572808423167,0.35,5.15895833943123,184,0.0580098516587804,1,1.73512829836132,"Noise (HM.RMSE) | Noise (HM.MAE)","Noise (LM.RMSE) | Noise (LM.MAE)",0.181745393814453,"HM","",0,4,0.35,0.35,0.025802342327107,2,0.5,1,0.05,0.0099,20,"LGR3 Mar2023",0.897393175801846,0.0495796909368343,FALSE,"wassmann | mad | 0.95",TRUE,"emission",1.09793490170265,FALSE,0.0203034480805731,FALSE,FALSE,FALSE,0.666754742768609,0.742990654205549,FALSE,FALSE,NA,FALSE,"stem"
"Mar_23_286_SRS6_stem",0.49796379861652,507.932584729738,522.812732121373,0.0965071464399547,0.534653828974468,0.659651905954081,319.061301622391,0.00612299655973871,1.22960676594364,0.977098275578357,2.02214771742067e-128,0.505140283603897,507.896738545041,1021.61993630231,0.0978979746277169,0.535668739680653,0.660317565777964,321.482990405407,0.0247216908426536,4.89402481747803,0.977052402478174,0.000190565610147845,508.081,521.031,0.0116372671261594,0.35,5.15986449694008,156,0.275734704114156,1,1.01441166005906,"Noise (HM.RMSE) | Noise (HM.MAE)","Noise (LM.RMSE) | Noise (LM.MAE)",0.505140283603897,"HM","MAE | AICc",2,2,0.35,0.35,0.0280224269158902,2,0.5,1,0.05,0.012,20,"LGR3 Mar2023",0.897393175801846,0.0584827526732248,FALSE,"wassmann | mad | 0.95",TRUE,"emission",1.05833892274941,FALSE,0.0965071464399547,FALSE,FALSE,FALSE,0.66256131671356,0.738317757009398,FALSE,FALSE,NA,FALSE,"stem"
"Mar_23_287_SRS6_root",0.394739841214757,512.879473580745,523.3769968461,0.0764885878552657,0.606841034933604,0.743770891789328,318.34850931362,0.00821787875293504,2.08184680007107,0.943541926124544,1.32435251032966e-87,0.397746621533637,512.865893482899,1151.38762740897,0.0770712105261225,0.608481686874344,0.744716636562299,320.822506429069,0.0330182129364593,8.30131826365922,0.943399403323088,0.000120702564112009,513.138,524.053,0.0130658964963451,0.35,5.16076779926565,139,0.218538822443616,1,1.00761711893491,"Noise (HM.RMSE) | Noise (HM.MAE)","Noise (LM.RMSE) | Noise (LM.MAE)",0.397746621533637,"HM","AICc",1,3,0.35,0.35,0.029686612538799,2,0.5,1,0.05,0.013,20,"LGR3 Mar2023",0.897393175801846,0.0656625479757405,FALSE,"wassmann | mad | 0.95",TRUE,"emission",1.06887271545637,FALSE,0.0764885878552657,FALSE,FALSE,FALSE,0.697681259925374,0.777453271028027,FALSE,FALSE,NA,FALSE,"root"
"Mar_23_288_SRS6_root",0.0372882433485291,514.3603630412,514.834245376449,0.00319659441121235,0.712141308656704,0.908505718141022,403.059714387206,0.0202242607037458,54.2376333331444,0.0158479556959269,0.0672211469767255,0.0372996279806281,514.36030712908,689.196684268506,0.00319757037704162,0.712157769833982,0.908507975371615,405.171938259497,0.080891085020635,216.86834266188,0.0158431322840588,1.82889306525247e-05,514.276,515.589,0.0273558196780451,0.35,11.6649904716523,150,0.00913312688917815,1,1.00030531425127,"Noise (HM.RMSE) | Noise (HM.MAE) | Noise (HM.SE)","Noise (LM.RMSE) | Noise (LM.MAE) | No detect. flux (p-val.)",0.0372996279806281,"HM","SE | AICc | p-value",2,2,0.35,0.35,0.0285773803324704,2,0.5,1,0.05,0.027,20,"LGR3 Mar2023",0.897393175801846,0.137476064701665,TRUE,"wassmann | mad | 0.95",FALSE,"below detection",1.07124318334257,FALSE,0.00319659441121235,TRUE,FALSE,FALSE,0.903683314884629,1.00700934579446,FALSE,TRUE,"CO2 slope <= 0",FALSE,"root"
"Mar_23_289_SRS6_stem",1.74925725051686,656.628558181236,770.115242722669,0.633883422099782,8.15508567867262,11.6061589455044,1407.24733832627,0.0460641978246652,2.63335754709916,0.888960844846936,1.42426265913308e-87,5.22983412897767,627.842142594566,762.910921587301,1.89515015799481,5.08281803928102,5.97616405020946,1169.05898317137,0.217496141874573,4.158757935925,0.970559570446056,0.0140310008880494,625.835,754.894,0.00536485270452338,0.35,2.7595882610754,181,1.81109549171366,1,2.98974557769155,"Noise (HM.RMSE) | Noise (HM.MAE) | Noise (HM.SE) | Exaggerated curvature (g-fact)","Noise (LM.RMSE) | Noise (LM.MAE) | Noise (LM.SE) | Intercept (LM)",1.74925725051686,"LM","SE | g-fact. > 2 | Intercept (LM)",1,3,0.35,0.35,0.0260152951186508,2,0.5,1,0.05,0.0054,20,"LGR2 Mar2023",0.686673516530571,0.020630161179722,FALSE,"wassmann | mad | 0.95",TRUE,"emission",1.256705619417,FALSE,0.633883422099782,FALSE,FALSE,FALSE,0.850741310938258,1.23893129770992,FALSE,FALSE,NA,FALSE,"stem"
"Mar_23_28_BL60_stem",2.64775222139129,600.499604150271,755.28391619527,0.50856169560013,1.66735490857884,1.97489324861672,1295.14327548166,0.00667945991567772,0.252269070410521,0.998056398219502,0,3.09421892257246,596.29996771004,1167.4558184808,0.594315891460038,0.57475525386617,0.724531872714167,681.511781071074,0.0109998354585569,0.355496354130361,0.999738401633179,0.00104054942387095,596.147,751.795,0.00596751966246005,0.35,5.20635400640388,307,1.45303341600037,1,1.16862102789459,"Noise (HM.RMSE) | Noise (HM.MAE)","Noise (LM.RMSE) | Noise (LM.MAE)",3.09421892257246,"HM","",0,4,0.35,0.35,0.0199755550937372,2,0.5,1,0.05,0.006,20,"LGR3 Mar2023",0.897393175801846,0.029989123963867,FALSE,"wassmann | mad | 0.95",TRUE,"emission",1.24178147535588,FALSE,0.50856169560013,FALSE,FALSE,FALSE,0.73332538139413,0.81717289719624,FALSE,FALSE,NA,FALSE,"stem"
"Mar_23_290_SRS6_stem",2.30819088302443,556.467943626692,706.186583904279,0.836225446521876,1.11886330625079,1.37187489459935,634.247901483971,0.00544590870797973,0.235938403016476,0.998998993053002,1.25226897990747e-270,2.42875086740981,555.184983809513,2094.418238654,0.879902651694457,0.95856971518214,1.24574874196677,601.427724638754,0.0205019561132899,0.844135822590754,0.999174591401132,0.000571649975028219,552.504,704.826,0.00536592959100348,0.35,2.76024951479881,181,2.38921556149107,1,1.0522313753477,"Noise (HM.RMSE) | Noise (HM.MAE)","Noise (LM.RMSE) | Noise (LM.MAE)",2.42875086740981,"HM","",0,4,0.35,0.35,0.0260152951186508,2,0.5,1,0.05,0.0054,20,"LGR2 Mar2023",0.686673516530571,0.0206341876535663,FALSE,"wassmann | mad | 0.95",TRUE,"emission",1.10945358049705,FALSE,0.836225446521876,FALSE,FALSE,FALSE,0.46389775735088,0.675572519084077,FALSE,FALSE,NA,FALSE,"stem"
"Mar_23_291_SRS6_stem",1.83332503009577,559.731777568701,644.801351155223,0.477841102098868,0.444222286634459,0.557205146380891,306.418387239934,0.00310059235334862,0.16912398524263,0.999488268118445,4.61817212574615e-295,1.86372735389031,559.497035650709,3160.20249166697,0.485765217937505,0.437574561148326,0.552855680386293,305.68945994949,0.012429808101485,0.666932750412189,0.999496307287334,0.000186782096686026,561.108,643.79,0.00750067974431578,0.35,3.83668341221188,180,1.36526029171105,1,1.01658316081189,"Noise (HM.RMSE) | Noise (HM.MAE)","Noise (LM.RMSE) | Noise (LM.MAE)",1.86372735389031,"HM","",0,4,0.35,0.35,0.0260874597374975,2,0.5,1,0.05,0.0075,20,"LGR2 Mar2023",0.686673516530571,0.0288433381962939,FALSE,"wassmann | mad | 0.95",TRUE,"emission",1.1267308103571,FALSE,0.477841102098868,FALSE,FALSE,FALSE,0.461276866066295,0.671755725190777,FALSE,FALSE,NA,FALSE,"stem"
"Mar_23_292_SRS6_stem",2.68839370788119,592.118130397413,717.586650557809,0.700816167584275,0.582873811553939,0.728322685588732,405.033331441013,0.00401834980105105,0.149470287379077,0.999598016210112,4.31632647154295e-306,2.84437272435026,590.925266816759,1761.06996295687,0.741477108065189,0.390923736837377,0.492664571091854,265.613549221051,0.0113143396454251,0.397779782816953,0.999816065358755,0.000633662751718705,591.534,717.264,0.00745773755449128,0.35,3.83608973683945,181,2.00233190738364,1,1.05801940988472,"Noise (HM.RMSE) | Noise (HM.MAE)","Noise (LM.RMSE) | Noise (LM.MAE)",2.84437272435026,"HM","",0,4,0.35,0.35,0.0260152951186508,2,0.5,1,0.05,0.0075,20,"LGR2 Mar2023",0.686673516530571,0.0286780424107834,FALSE,"wassmann | mad | 0.95",TRUE,"emission",1.18782762529456,FALSE,0.700816167584275,FALSE,FALSE,FALSE,0.512122156985022,0.74580152671757,FALSE,FALSE,NA,FALSE,"stem"
"Mar_23_293_SRS6_stem",1.87461824145702,859.243398473578,949.67325602049,0.488775694363738,0.844530664596225,1.03496580514332,549.667935945375,0.00543554041929222,0.289954525091334,0.998438658658684,8.91437073632545e-262,2.12677208880139,857.278275665303,1258.49457974629,0.554520638639134,0.446806964389835,0.559386741480203,321.64088090653,0.0128852695382838,0.605860383730434,0.999543889369874,0.00138209896506899,857.46,948.21,0.00721652274258001,0.35,3.83533441428035,187,1.3965019838964,1,1.13450943865157,"Noise (HM.RMSE) | Noise (HM.MAE)","Noise (LM.RMSE) | Noise (LM.MAE)",2.12677208880139,"HM","",0,4,0.35,0.35,0.0255945348444496,2,0.5,1,0.05,0.0072,20,"LGR2 Mar2023",0.686673516530571,0.0277505974807128,FALSE,"wassmann | mad | 0.95",TRUE,"emission",1.72181933005553,TRUE,0.488775694363738,FALSE,FALSE,FALSE,0.539379426343559,0.785496183206223,FALSE,TRUE,"C0 > 1.5x group median",FALSE,"stem"
"Mar_23_294_SRS6_root",3.09366727726595,549.948063073216,656.087456507556,0.599488243224662,0.871200330973312,1.065056698807,536.68117465415,0.00803783941588562,0.259815897945855,0.998799857557936,1.1834845746027e-260,3.46251051632176,547.898723023327,1069.13387166545,0.670962375892955,0.433470078482414,0.553106728802308,304.200741819465,0.0181214807757658,0.523362476167042,0.999676327932642,0.00128725466354463,547.931,653.044,0.0101442279516656,0.35,5.16051367517241,179,1.71282355207046,1,1.11922524499202,"Noise (HM.RMSE) | Noise (HM.MAE)","Noise (LM.RMSE) | Noise (LM.MAE)",3.46251051632176,"HM","",0,4,0.35,0.35,0.0261602282463178,2,0.5,1,0.05,0.01,20,"LGR2 Mar2023",0.686673516530571,0.0390087056886859,FALSE,"wassmann | mad | 0.95",TRUE,"emission",1.10027078503564,FALSE,0.599488243224662,FALSE,FALSE,FALSE,0.532565109003925,0.77557251908406,FALSE,FALSE,NA,FALSE,"root"
"Mar_23_295_SRS6_stem",1.0571837851253,725.805246777826,794.393362949459,0.383088227134976,0.871699694423515,1.06001846714095,540.890993629225,0.00420679189226082,0.397924367688085,0.997157866602237,4.57246987341389e-230,1.20051577516567,724.30372579735,1026.60791904354,0.43502697111579,0.67532574793475,0.83082524663168,454.791462471958,0.0144717504129506,1.20546107867292,0.998254029242931,0.00143903717128235,723.264,793.936,0.00536476531067316,0.35,2.75963527522556,181,1.09453779181422,1,1.13557906587016,"Noise (HM.RMSE) | Noise (HM.MAE)","Noise (LM.RMSE) | Noise (LM.MAE)",1.20051577516567,"HM","",0,4,0.35,0.35,0.0260152951186508,2,0.5,1,0.05,0.0054,20,"LGR2 Mar2023",0.686673516530571,0.020629710524053,FALSE,"wassmann | mad | 0.95",TRUE,"emission",1.45234755665953,FALSE,0.383088227134976,FALSE,FALSE,FALSE,0.636352403868785,0.926717557251903,FALSE,FALSE,NA,FALSE,"stem"
"Mar_23_296_SRS6_stem",1.2130640226346,579.378217061427,658.098878669374,0.439686891418656,0.529673066963821,0.645213083077922,361.17211699195,0.00256027278384292,0.211058339549332,0.999198817645633,2.7700865566622e-279,1.26790120440466,578.793638300857,1505.08608447002,0.459563163022417,0.4679545467043,0.588928578191129,330.221990659605,0.00963964984370061,0.760283988232893,0.999332501484657,0.000496131826317935,577.48,656.909,0.0053634479378967,0.35,2.75892696896337,181,1.25624826119616,1,1.04520551326793,"Noise (HM.RMSE) | Noise (HM.MAE)","Noise (LM.RMSE) | Noise (LM.MAE)",1.26790120440466,"HM","",0,4,0.35,0.35,0.0260152951186508,2,0.5,1,0.05,0.0054,20,"LGR2 Mar2023",0.686673516530571,0.0206246446948287,FALSE,"wassmann | mad | 0.95",TRUE,"emission",1.15960654341948,FALSE,0.439686891418656,FALSE,FALSE,FALSE,0.586555469463939,0.8541984732825,FALSE,FALSE,NA,FALSE,"stem"
"Mar_23_297_SRS6_stem",1.77287455676507,549.335314278032,664.40034557149,0.64264548407153,3.80824252251978,8.21244017781405,1282.03667825934,0.0325824563811182,1.83783202577912,0.942668924243135,2.79820350591939e-113,2.30008115510573,543.965588107174,822.857035629992,0.833751469716983,3.06680370284644,7.88645248407546,1269.46602287595,0.151733863567021,6.59689173272,0.947130033535205,0.00298951967556756,574.442,660.963,0.00536270463766047,0.35,2.75871316411172,181,1.83612995449008,1,1.29737388713087,"Noise (HM.RMSE) | Noise (HM.MAE) | Noise (HM.SE)","Noise (LM.RMSE) | Noise (LM.MAE)",2.30008115510573,"HM","SE | Intercept",1,3,0.35,0.35,0.0260152951186508,2,0.5,1,0.05,0.0054,20,"LGR2 Mar2023",0.686673516530571,0.0206218436183841,FALSE,"wassmann | mad | 0.95",TRUE,"emission",1.15350609893845,FALSE,0.64264548407153,FALSE,FALSE,FALSE,0.595990678088039,0.86793893129779,FALSE,FALSE,NA,FALSE,"stem"
"Mar_23_298_BL60_leaves",-0.973596563250638,527.848050053666,346.661654743076,-0.321808792291462,2.04486155388968,2.38869809900202,2602.54771203837,0.00186738892619935,-0.191803155093782,0.997922092295383,0,-1.18226721208508,533.608361756795,0,-0.39078197073396,3.7754458241775,4.27841591798001,3265.51039850908,0.0155537624034715,-1.31558773215408,0.993350219389334,0.000732338544035163,525.688,349.735,0.00187737407695674,0.35,3.02538832552733,567,0.91945369226132,1,1.21432968922747,"Noise (HM.RMSE) | Noise (HM.MAE) | Noise (HM.SE)","Noise (LM.RMSE) | Noise (LM.MAE)",-0.973596563250638,"LM","RMSE | MAE | SE | AICc",4,0,0.35,0.35,0.0146986183948033,2,0.5,1,0.05,0.0019,20,"LGR1 Mar2023",0.999083757639211,0.0105035808314564,FALSE,"wassmann | mad | 0.95",TRUE,"uptake",1.24860724978297,FALSE,-0.321808792291462,NA,TRUE,FALSE,1.03263116608038,1.03357817418676,FALSE,TRUE,"CO2 slope <= 0; convex (accelerating) trace",FALSE,"leaves"
"Mar_23_299_BL60_leaves",-0.160480552416979,473.031515898309,457.028904733533,-0.0530954971020985,0.783746842606868,0.965742557822628,847.600974173542,0.001924219833774,-1.19903614786561,0.958250741340144,1.4856610522492e-210,-0.163213738755329,473.075134862021,0,-0.0539997804256646,0.785933759885535,0.968665325319393,851.492053632621,0.00782496629883251,-4.79430614022192,0.957997674911531,0.000114146308791762,473.292,457.53,0.00349833205904934,0.35,3.0224889336357,304,0.15170142029171,1,1.01703126202637,"Noise (HM.RMSE) | Noise (HM.MAE)","Noise (LM.RMSE) | Noise (LM.MAE)",-0.163213738755329,"HM","MAE | AICc",2,2,0.35,0.35,0.0200738767136742,2,0.5,1,0.05,0.0035,20,"LGR1 Mar2023",0.999083757639211,0.0195726737225533,FALSE,"wassmann | mad | 0.95",TRUE,"uptake",1.12415695710056,FALSE,-0.0530954971020985,NA,TRUE,FALSE,0.831346715433237,0.832109129066086,FALSE,TRUE,"CO2 slope <= 0; convex (accelerating) trace",FALSE,"leaves"
"Mar_23_29_BL60_root",2.14665736448946,672.708786508059,776.464638327796,0.436420218094619,2.24970329727638,2.68491781883209,1161.26424844442,0.0124223878670627,0.578685172238331,0.992059734321343,3.78949652724892e-252,2.96180058926887,666.597991561993,881.474688643791,0.602140649226948,0.586678495350937,0.736700240911694,542.58509353039,0.0173208743704988,0.584808931204058,0.99940220171682,0.00280226128474847,666.477,772.062,0.00721099619843695,0.35,4.91878532544074,240,1.24691490884177,1,1.37972675018553,"Noise (HM.RMSE) | Noise (HM.MAE)","Noise (LM.RMSE) | Noise (LM.MAE)",2.96180058926887,"HM","",0,4,0.35,0.35,0.0225924028528766,2,0.5,1,0.05,0.0072,20,"LGR3 Mar2023",0.897393175801846,0.0362382462347843,FALSE,"wassmann | mad | 0.95",TRUE,"emission",1.38827972354262,FALSE,0.436420218094619,FALSE,FALSE,FALSE,0.697157081668553,0.776869158878574,FALSE,FALSE,NA,FALSE,"root"
"Mar_23_2_MI_stem",1.26355956337011,475.927986154608,515.673431002883,0.3248477317337,0.66531399090054,0.834673040364897,313.279386823366,0.00825575460724435,0.653372808577774,0.994776384220974,2.74765733083543e-141,1.43017628254492,475.083213588818,654.369613123658,0.367683119048951,0.563362968544532,0.742769517351474,286.485257704981,0.0321242233925123,2.24617229250572,0.995863370760339,0.00205081433953109,474.078,514.214,0.0110367511366807,0.35,3.88969797211309,124,0.928136376382002,1,1.13186297188113,"Noise (HM.RMSE) | Noise (HM.MAE)","Noise (LM.RMSE) | Noise (LM.MAE)",1.43017628254492,"HM","",0,4,0.35,0.35,0.0314309278546856,2,0.5,1,0.05,0.011,20,"LGR3 Mar2023",0.897393175801846,0.055465338015427,FALSE,"wassmann | mad | 0.95",TRUE,"emission",0.987510258835096,FALSE,0.324847731733701,FALSE,FALSE,FALSE,0.6531261080894,0.727803738317726,FALSE,FALSE,NA,FALSE,"stem"
"Mar_23_300_BL60_leaves",-0.266980511415174,453.202952594835,430.436483788524,-0.0883767475939558,0.8482497962423,1.06980926317515,779.031581678326,0.00269519928473511,-1.00951161957431,0.974281180749777,2.55244314681472e-207,-0.273803421792546,453.295629831467,0,-0.0906352893320058,0.85424363053305,1.07804102217086,785.080573388323,0.0110436589331565,-4.03342619345496,0.973883916182241,0.000199947414815589,454.683,430.204,0.00408855000900875,0.35,3.02093614761439,260,0.252504993125588,1,1.02555583679575,"Noise (HM.RMSE) | Noise (HM.MAE)","Noise (LM.RMSE) | Noise (LM.MAE)",-0.273803421792546,"HM","RMSE | AICc",2,2,0.35,0.35,0.0217060785531115,2,0.5,1,0.05,0.0041,20,"LGR1 Mar2023",0.999083757639211,0.0228749238256305,FALSE,"wassmann | mad | 0.95",TRUE,"uptake",1.07995710412463,FALSE,-0.0883767475939558,NA,TRUE,FALSE,0.949811001491187,0.950682056663144,FALSE,TRUE,"CO2 slope <= 0; convex (accelerating) trace",FALSE,"leaves"
"Mar_23_301_BL60_leaves",-0.970696039639294,428.387642961282,346.89342457601,-0.32130889791145,2.54108662767459,3.10849732236762,1313.27115696426,0.00801663399569503,-0.825864500145068,0.982903845171335,1.15925053005999e-226,-1.52277171442118,435.36953549922,300.240824650117,-0.504050785571571,1.01422161996266,1.29205731201925,865.848602475189,0.0186570181046571,-1.22520125163664,0.997046336587145,0.00373015314365309,437.198,351.817,0.00415255667420954,0.35,3.02106803125885,256,0.918025422604143,1,1.56874206985231,"Noise (HM.RMSE) | Noise (HM.MAE)","Noise (LM.RMSE) | Noise (LM.MAE) | Intercept (LM)",-1.52277171442118,"HM","Intercept (LM)",0,4,0.35,0.35,0.021875,2,0.5,1,0.05,0.0042,20,"LGR1 Mar2023",0.999083757639211,0.023233040091516,FALSE,"wassmann | mad | 0.95",TRUE,"uptake",1.03842696122151,FALSE,-0.32130889791145,NA,FALSE,FALSE,0.981261696904714,0.98216159496316,FALSE,FALSE,"CO2 slope <= 0",FALSE,"leaves"
"Mar_23_302_BL60_leaves",-1.99987789731725,450.330478197493,310.097196185474,-0.661930480750483,1.3622459387737,1.6613518082813,830.686308422466,0.00561047358349967,-0.280540806567535,0.998326415562826,1.69289705162158e-296,-2.38816201717479,454.5343160622,0,-0.790446873911213,1.62134660944836,2.13678165217811,940.477820540064,0.0329824866989782,-1.38108245846723,0.997234380434291,0.00173902573684458,448.223,312.151,0.0049679279492691,0.35,3.02128086781837,214,1.89122994500138,1,1.19415391328561,"Noise (HM.RMSE) | Noise (HM.MAE) | Noise (HM.SE)","Noise (LM.RMSE) | Noise (LM.MAE)",-1.99987789731725,"LM","RMSE | MAE | SE | AICc",4,0,0.35,0.35,0.0239255074458632,2,0.5,1,0.05,0.005,20,"LGR1 Mar2023",0.999083757639211,0.0277950484775396,FALSE,"wassmann | mad | 0.95",TRUE,"uptake",1.06461339676666,FALSE,-0.661930480750483,NA,FALSE,FALSE,1.07980720920076,1.08079748163687,FALSE,FALSE,"CO2 slope <= 0",FALSE,"leaves"
"Mar_23_303_BL60_leaves",0.179149346528488,308.469777415978,321.44492380964,0.0592938124444339,0.895475437898041,1.11797310160299,682.572084008842,0.00359723193260983,2.0079514674857,0.918495529268303,2.02832049911998e-121,0.265375507885934,307.512052207072,331.017003527005,0.0878324476022176,0.837961799158429,1.03244823461159,649.470362474695,0.0177920844139057,6.70449377775785,0.930488718614551,0.00373676364637832,307.72,318.254,0.00481050741677391,0.35,3.0213834992711,221,0.169410892698383,1,1.48130882433185,"Noise (HM.RMSE) | Noise (HM.MAE)","Noise (LM.RMSE) | Noise (LM.MAE)",0.265375507885934,"HM","",0,4,0.35,0.35,0.0235435477898709,2,0.5,1,0.05,0.0048,20,"LGR1 Mar2023",0.999083757639211,0.0269143990515201,FALSE,"wassmann | mad | 0.95",TRUE,"emission",0.730892512104546,FALSE,0.0592938124444339,NA,FALSE,FALSE,0.805137802588521,0.80587618048263,FALSE,FALSE,NA,FALSE,"leaves"
"Mar_23_304_BL60_leaves",-4.25728197605278,488.423937782931,314.675543630782,-0.441094366394756,2.5521722314997,3.01550906646149,2009.09058052287,0.0128461741382978,-0.301745907613297,0.996407317349159,0,-5.26256434559756,494.938361629479,0,-0.545251054238418,1.03344186069474,1.28326298212168,1332.76763114921,0.0256098982682805,-0.486642947932876,0.99934940353051,0.00110165446146323,492.48,321.958,0.00855418259902545,0.35,9.65163534245353,397,1.26026961827073,1,1.2361324373625,"Noise (HM.RMSE) | Noise (HM.MAE) | Noise (HM.SE)","Noise (LM.RMSE) | Noise (LM.MAE)",-5.26256434559756,"HM","SE",1,3,0.35,0.35,0.0175659964629973,2,0.5,1,0.05,0.0086,20,"LGR1 Mar2023",0.999083757639211,0.0478592579555179,FALSE,"wassmann | mad | 0.95",TRUE,"uptake",1.16973204329016,FALSE,-0.441094366394756,NA,FALSE,FALSE,0.807758693873047,0.80849947534103,FALSE,FALSE,"CO2 slope <= 0",FALSE,"leaves"
"Mar_23_305_BL60_leaves",0.561634294684868,318.830853112004,330.990555200608,0.0582076863385265,0.677052249342644,0.853993120830909,538.3028397676,0.00940684654603721,1.67490600824428,0.944351223785955,2.7357841262182e-133,0.567045837959653,318.811034641659,924.980253712002,0.0587685377974333,0.677553308838277,0.854708603227035,540.73447951195,0.0378689578270691,6.67828864829153,0.944258655393058,9.69507126864082e-05,319.415,332.244,0.0160888406250016,0.35,9.64879949734634,211,0.166307675252933,1,1.00963535048696,"Noise (HM.RMSE) | Noise (HM.MAE) | Noise (HM.SE)","Noise (LM.RMSE) | Noise (LM.MAE)",0.567045837959653,"HM","SE | AICc",2,2,0.35,0.35,0.024094993678753,2,0.5,1,0.05,0.016,20,"LGR1 Mar2023",0.999083757639211,0.0900154465757244,FALSE,"wassmann | mad | 0.95",TRUE,"emission",0.758670322871031,FALSE,0.0582076863385265,NA,FALSE,FALSE,0.825056576350513,0.825813221406065,FALSE,FALSE,NA,FALSE,"leaves"
"Mar_23_306_BL60_leaves",-1.18645243680625,354.470776503593,297.764138325697,-0.39313813827304,1.10874852417482,1.40438448888552,519.66200899414,0.00842546053376045,-0.710138921071334,0.992740406864897,3.91599349342619e-156,-1.35439151177157,355.763248697989,114.663157546556,-0.448785759051576,1.0353437326826,1.2863275848906,496.136806544296,0.0339814257804534,-2.50898100623836,0.993909633904524,0.00186140850013074,358.761,297.76,0.00727250402143159,0.35,3.01790216033999,146,1.12325182363726,1,1.14154724602142,"Noise (HM.RMSE) | Noise (HM.MAE)","Noise (LM.RMSE) | Noise (LM.MAE)",-1.35439151177157,"HM","",0,4,0.35,0.35,0.0289662061010829,2,0.5,1,0.05,0.0073,20,"LGR1 Mar2023",0.999083757639211,0.0406896408088872,FALSE,"wassmann | mad | 0.95",TRUE,"uptake",0.852124426540814,FALSE,-0.39313813827304,NA,FALSE,FALSE,0.836588498002168,0.837355718782765,FALSE,FALSE,"CO2 slope <= 0",FALSE,"leaves"
"Mar_23_307_BL60_leaves",-3.76596039902529,408.738905526047,260.970107251531,-0.619002091569956,2.28559502813307,2.6621115670898,1161.96530053448,0.0151392686255388,-0.402002863053396,0.99613637168619,1.387924606796e-290,-4.67558296039679,414.400382550403,0,-0.768514621806309,0.842479291779877,1.06849105396394,724.02912252379,0.0285326642304731,-0.610248272186613,0.999377581616278,0.00185452198928131,412.911,266.207,0.0088827123011933,0.35,6.08392192904195,241,1.76857740448559,1,1.24153800491554,"Noise (HM.RMSE) | Noise (HM.MAE) | Noise (HM.SE)","Noise (LM.RMSE) | Noise (LM.MAE)",-4.67558296039679,"HM","SE",1,3,0.35,0.35,0.0225454819240291,2,0.5,1,0.05,0.0089,20,"LGR1 Mar2023",0.999083757639211,0.0496977354628118,FALSE,"wassmann | mad | 0.95",TRUE,"uptake",0.980740797041467,FALSE,-0.619002091569956,NA,FALSE,FALSE,0.907352562682797,0.908184679957994,FALSE,FALSE,"CO2 slope <= 0",FALSE,"leaves"
"Mar_23_308_BL60_leaves",0.828314695498973,268.242240799652,295.886891710466,0.136238934401752,0.692245649027371,0.8855059831355,538.029814951293,0.0064194067351556,0.774996118025962,0.987894965404346,9.00951367027008e-197,0.97524417106669,267.455703427444,365.452458604968,0.160405492465165,0.6380195734585,0.815377898843267,506.282325219411,0.0266645611695693,2.73414207032937,0.989736371922285,0.00163684493608573,267.623,294.024,0.0104355960172586,0.35,6.07986769080543,205,0.38925409829072,1,1.17738363977619,"Noise (HM.RMSE) | Noise (HM.MAE) | Noise (HM.SE)","Noise (LM.RMSE) | Noise (LM.MAE)",0.97524417106669,"HM","SE",1,3,0.35,0.35,0.0244450603519352,2,0.5,1,0.05,0.01,20,"LGR1 Mar2023",0.999083757639211,0.0583864382401306,FALSE,"wassmann | mad | 0.95",TRUE,"emission",0.635654643074727,FALSE,0.136238934401752,NA,FALSE,FALSE,0.765824433321568,0.766526757607566,FALSE,FALSE,NA,FALSE,"leaves"
"Mar_23_309_BL60_leaves",-2.98438939281042,424.954167021022,304.767012421868,-0.491191346536405,1.45876907096831,1.74566988050089,982.28075446073,0.00955387612333773,-0.32012833668266,0.997485252838008,1.12548154122636e-320,-3.49713976409645,428.14610138466,0,-0.57558333168277,1.56717587059031,2.11300606396413,1078.68805924157,0.052114998503092,-1.49021777848667,0.996318482806369,0.00134436195920338,419.618,307.056,0.00865554030674009,0.35,6.07581834218904,247,1.40340384724687,1,1.17181081413882,"Noise (HM.RMSE) | Noise (HM.MAE) | Noise (HM.SE)","Noise (LM.RMSE) | Noise (LM.MAE)",-2.98438939281042,"LM","RMSE | MAE | SE | AICc",4,0,0.35,0.35,0.0222699667041522,2,0.5,1,0.05,0.0087,20,"LGR1 Mar2023",0.999083757639211,0.048426710227569,FALSE,"wassmann | mad | 0.95",TRUE,"uptake",0.996671175563127,FALSE,-0.491191346536405,NA,FALSE,FALSE,0.853362202222724,0.854144805876115,FALSE,FALSE,"CO2 slope <= 0",FALSE,"leaves"
"Mar_23_30_BL60_stem",4.56027156898365,539.405976335026,606.556802773982,0.385804557650044,1.51476858586297,1.79613940765888,711.751033568376,0.0318503145041439,0.698430214568173,0.991535263747778,1.85651591147392e-182,6.17750451240283,535.703733594351,680.785681336547,0.52262444456129,0.662083782337392,0.860494476088656,454.812956681078,0.0764157973668283,1.23700107727004,0.998057193618855,0.00360227066629936,536.087,603.144,0.0236330273747959,0.35,11.8201599192101,176,1.10229873614298,1,1.35463522708136,"Noise (HM.RMSE) | Noise (HM.MAE) | Noise (HM.SE)","Noise (LM.RMSE) | Noise (LM.MAE)",6.17750451240283,"HM","SE",1,3,0.35,0.35,0.0263822426505543,2,0.5,1,0.05,0.024,20,"LGR3 Mar2023",0.897393175801846,0.118767346232939,FALSE,"wassmann | mad | 0.95",TRUE,"emission",1.11667576248662,FALSE,0.385804557650044,FALSE,FALSE,FALSE,0.660464603685916,0.73598130841119,FALSE,FALSE,NA,FALSE,"stem"
"Mar_23_311_BL60_leaves",-0.0361637496476459,-16.6780403405931,-20.1608452237548,-0.0120336147606105,0.747795903555769,0.95350177946509,806.936867909289,0.00200716008205909,-5.55019902973404,0.526541026698492,3.21239699426349e-49,NA,NA,NA,NA,NA,NA,NA,NA,NA,NA,NA,-16.4774,-19.6517,0.00362171596318424,0.35,3.0052274704705,292,0.0343817564588872,1,NA,"HM.flux is NA","Noise (LM.RMSE) | Noise (LM.MAE)",-0.0361637496476459,"LM","HM.flux is NA",NA,NA,0.35,0.35,0.0204822007593229,2,0.5,1,0.05,0.0036,20,"LGR1 Mar2023",0.999083757639211,0.0202630030475544,FALSE,"wassmann | mad | 0.95",TRUE,"uptake",-0.0391369045851795,FALSE,-0.0120336147606105,NA,FALSE,FALSE,0.900433409691803,0.901259181531973,FALSE,FALSE,"CO2 slope <= 0",FALSE,"leaves"
"Mar_23_312_BL60_leaves",-0.038982548655568,-17.3884082108892,-20.0462279664832,-0.01297294804488,0.767149539440086,0.980387191493486,585.358394865661,0.00346222693941091,-8.88147917162001,0.379095041521485,3.30800834387487e-23,NA,NA,NA,NA,NA,NA,NA,NA,NA,NA,NA,-15.9586,-18.8514,0.00510855522813855,0.35,3.00491056625739,207,0.0370655658425143,1,NA,"HM.flux is NA",NA,-0.038982548655568,"LM","HM.flux is NA",NA,NA,0.35,0.35,0.0243266816399921,2,0.5,1,0.05,0.0051,20,"LGR1 Mar2023",0.999083757639211,0.028582005304763,FALSE,"wassmann | mad | 0.95",TRUE,"uptake",-0.0379046576227467,FALSE,-0.01297294804488,NA,FALSE,FALSE,0.918150634774808,0.918992654774366,FALSE,FALSE,"CO2 slope <= 0",FALSE,"leaves"
"Mar_23_31_BL60_stem",2.2638214350307,596.185133809422,653.147286351324,0.191539597821355,1.99078010589917,2.31850616736458,1361.99805195139,0.0184282499170289,0.814032839863934,0.980570455537594,2.70914123662114e-257,3.67510473424042,590.868859592356,681.39487829099,0.310946822861151,0.647232021466862,0.8244535935287,743.678059375244,0.0376568108663598,1.02464592411521,0.99754315058788,0.00343488896707485,590.756,647.787,0.0138632776395921,0.35,11.8190779388715,300,0.5472559937753,1,1.62340751676405,"Noise (HM.RMSE) | Noise (HM.MAE) | Noise (HM.SE)","Noise (LM.RMSE) | Noise (LM.MAE)",3.67510473424042,"HM","SE",1,3,0.35,0.35,0.0202072594216369,2,0.5,1,0.05,0.014,20,"LGR3 Mar2023",0.897393175801846,0.0696684274414571,FALSE,"wassmann | mad | 0.95",TRUE,"emission",1.23055195657336,FALSE,0.191539597821355,FALSE,FALSE,FALSE,0.769493681119707,0.857476635513907,FALSE,FALSE,NA,FALSE,"stem"
"Mar_23_32_BL60_root",1.33306892092465,728.984083712846,806.61930760084,0.271005525515266,2.61220052906972,3.24063587320204,1505.82549285468,0.0113391388508399,0.850604096521492,0.979586306279839,8.59075910150413e-245,2.2296015032535,721.226757282284,840.50588815608,0.453265632102298,0.684354948470624,0.863017145551184,743.135940690342,0.0177470864640024,0.795975713063763,0.998552228670898,0.0038000413717122,719.261,800.14,0.0059889193179553,0.35,4.91897321425486,289,0.774301501472188,1,1.67253280626105,"Noise (HM.RMSE) | Noise (HM.MAE)","Noise (LM.RMSE) | Noise (LM.MAE) | Intercept (LM)",2.2296015032535,"HM","Intercept (LM)",0,4,0.35,0.35,0.0205882352941176,2,0.5,1,0.05,0.006,20,"LGR3 Mar2023",0.897393175801846,0.0300966962788103,FALSE,"wassmann | mad | 0.95",TRUE,"emission",1.49822943962806,FALSE,0.271005525515266,FALSE,FALSE,FALSE,0.56768505221568,0.632593457943824,FALSE,FALSE,NA,FALSE,"root"
"Mar_23_33_BL60_stem",1.40132242423992,556.922280002344,578.26549261604,0.1185529860173,0.82828389084107,0.992709623481875,519.965039996363,0.0167374997386663,1.19440747176688,0.974824843584013,4.46781103444595e-146,2.1777702421881,555.13792052751,591.001858930472,0.184241085852213,0.52317059469075,0.659826221337703,373.376138999947,0.0617749398656562,2.83661419689473,0.988877898499446,0.00513722402102376,555.254,576.601,0.0228528657721675,0.35,11.8202204036888,182,0.338722817192286,1,1.5540822044358,"Noise (HM.RMSE) | Noise (HM.MAE) | Noise (HM.SE)","Noise (LM.RMSE) | Noise (LM.MAE)",2.1777702421881,"HM","SE",1,3,0.35,0.35,0.0259437260831385,2,0.5,1,0.05,0.023,20,"LGR3 Mar2023",0.897393175801846,0.114846528573363,FALSE,"wassmann | mad | 0.95",TRUE,"emission",1.15660085736782,FALSE,0.1185529860173,FALSE,FALSE,FALSE,0.687721873044453,0.766355140186969,FALSE,FALSE,NA,FALSE,"stem"
"Mar_23_34_BL60_stem",4.78484378204389,530.640139449028,601.900883234219,0.404800889412535,1.57064426994848,1.80002588354464,720.537220713634,0.031381643981394,0.655855142004009,0.992443622089995,7.16566282691325e-189,6.33180048675016,527.039045237167,690.447748495496,0.53567443063404,0.69934325771105,0.904713038366632,477.724392287565,0.0776087968113207,1.22569870882261,0.998091123339124,0.0032781266845206,529.028,597.761,0.0233682075719831,0.35,11.8202402889674,178,1.1565739697501,1,1.32330349227106,"Noise (HM.RMSE) | Noise (HM.MAE) | Noise (HM.SE)","Noise (LM.RMSE) | Noise (LM.MAE)",6.33180048675016,"HM","SE",1,3,0.35,0.35,0.0262336091148551,2,0.5,1,0.05,0.023,20,"LGR3 Mar2023",0.897393175801846,0.117436454033138,FALSE,"wassmann | mad | 0.95",TRUE,"emission",1.10197177935068,FALSE,0.404800889412535,FALSE,FALSE,FALSE,0.640545829923954,0.713785046728941,FALSE,FALSE,NA,FALSE,"stem"
"Mar_23_35_BL60_stem",1.3113862522076,637.874787680178,671.239382758533,0.250351502587027,0.723577515833263,0.898625897035038,360.436724941192,0.0105302059687766,0.802982794050946,0.991433393161408,1.43376226978284e-139,1.38758353050101,637.557703038594,948.32597937907,0.264898020122714,0.705723043189395,0.88655975359051,358.91127328641,0.0432091551107501,3.11398587263057,0.991661901917695,0.000852397237073496,637.366,670.165,0.0136541995438683,0.35,5.2381800734419,135,0.715290007391505,1,1.05810437479052,"Noise (HM.RMSE) | Noise (HM.MAE) | Noise (HM.SE)","Noise (LM.RMSE) | Noise (LM.MAE)",1.38758353050101,"HM","SE",1,3,0.35,0.35,0.0301232038038355,2,0.5,1,0.05,0.014,20,"LGR3 Mar2023",0.897393175801846,0.0686196441652695,FALSE,"wassmann | mad | 0.95",TRUE,"emission",1.32764115532189,FALSE,0.250351502587027,FALSE,FALSE,FALSE,0.688770229558155,0.76752336448594,FALSE,FALSE,NA,FALSE,"stem"
"Mar_23_36_BL60_stem",2.42280277511252,571.754512057815,603.52713643638,0.204749541713599,0.620931741320454,0.79150374733078,378.283873296968,0.0166882479088448,0.688799273315584,0.992652697905877,1.64477567436658e-167,2.8220175848774,570.914152947463,690.332763580316,0.238486934696751,0.556654738174647,0.698398542301604,341.094733761039,0.0658418984653624,2.3331498293347,0.994279571066725,0.00199706673384409,572.046,604.193,0.0265181554121184,0.35,11.8330070721306,157,0.584998690610283,1,1.16477396091242,"Noise (HM.RMSE) | Noise (HM.MAE) | Noise (HM.SE)","Noise (LM.RMSE) | Noise (LM.MAE)",2.8220175848774,"HM","SE",1,3,0.35,0.35,0.0279330409563668,2,0.5,1,0.05,0.027,20,"LGR3 Mar2023",0.897393175801846,0.133266203347251,FALSE,"wassmann | mad | 0.95",TRUE,"emission",1.1915787982686,FALSE,0.204749541713599,FALSE,FALSE,FALSE,0.659416247172094,0.734813084112086,FALSE,FALSE,NA,FALSE,"stem"
"Mar_23_37_BL60_stem",1.91810622338209,560.305358300497,590.144444150609,0.162131936412038,0.784314665614495,0.981362933515758,526.97859437396,0.0160232175507372,0.835366537859641,0.98725367660923,1.78047590118605e-176,2.00985954296517,560.070951091558,893.075800320817,0.16988757746825,0.786438493885295,0.975384388487765,526.794534347213,0.0658174175661912,3.27472722144006,0.987408506884031,0.000510165476152842,560.82,590.096,0.0223769975925868,0.35,11.8305268279005,186,0.463234104034396,1,1.04783536931615,"Noise (HM.RMSE) | Noise (HM.MAE) | Noise (HM.SE)","Noise (LM.RMSE) | Noise (LM.MAE)",2.00985954296517,"HM","MAE | SE",2,2,0.35,0.35,0.0256632451287368,2,0.5,1,0.05,0.022,20,"LGR3 Mar2023",0.897393175801846,0.11245498351708,FALSE,"wassmann | mad | 0.95",TRUE,"emission",1.16819490328574,FALSE,0.162131936412038,FALSE,FALSE,FALSE,0.824008219836781,0.918224299065464,FALSE,FALSE,NA,FALSE,"stem"
"Mar_23_38_BL60_stem",2.5867215648521,453.330360102455,464.143894201013,0.494287798610831,0.924301802774,1.14981263375038,78.9558845108167,0.19904918448561,7.69503711532985,0.884137444694184,1.65218914481219e-11,3.53719025795748,452.734931141674,475.628163528119,0.675909618425998,0.935473693407872,1.10185912501691,79.9553426234125,0.944730534534733,26.7085021058567,0.893600130507853,0.0295244291857269,453.891,461.916,0.0800642737329383,0.35,5.23322965309267,23,1.4122508531738,1,1.36744143862261,"Noise (HM.RMSE) | Noise (HM.MAE) | Noise (HM.SE) | Intercept (HM)","Noise (LM.RMSE) | Noise (LM.MAE) | Noise (LM.SE)",2.5867215648521,"LM","MAE | SE | AICc | Intercept (HM)",3,1,0.35,0.35,0.0729800449199762,2,0.5,1,0.05,0.08,20,"LGR3 Mar2023",0.897393175801846,0.40245330375378,FALSE,"wassmann | mad | 0.95",TRUE,"emission",0.945460491507559,FALSE,0.494287798610831,FALSE,FALSE,TRUE,0.789412454881728,0.879672897196222,FALSE,TRUE,"window < 60 s",FALSE,"stem"
"Mar_23_39_BL60_stem",3.60590776102797,540.861261689216,597.580509305735,0.304948749439849,1.03499354432622,1.25621445381355,625.417974921942,0.0201784268932213,0.559593540115094,0.994178099103465,5.03859088350117e-210,4.60845235494888,538.376834006444,682.367233899629,0.389733147831312,0.517401674001287,0.650494897701845,380.051261626629,0.0501054556397368,1.08725124576649,0.998438920483649,0.00270666063932334,538.385,595.174,0.0221321438404909,0.35,11.8246353449606,188,0.871282141256711,1,1.27802835245988,"Noise (HM.RMSE) | Noise (HM.MAE) | Noise (HM.SE)","Noise (LM.RMSE) | Noise (LM.MAE)",4.60845235494888,"HM","SE",1,3,0.35,0.35,0.0255263735121315,2,0.5,1,0.05,0.022,20,"LGR3 Mar2023",0.897393175801846,0.111223845434726,FALSE,"wassmann | mad | 0.95",TRUE,"emission",1.12146252452747,FALSE,0.304948749439849,FALSE,FALSE,FALSE,0.69086694258574,0.769859813084082,FALSE,FALSE,NA,FALSE,"stem"
"Mar_23_3_MI_stem",2.37164782312228,455.665181452683,590.004044471891,0.453251851245522,1.31201528807859,1.596463186819,1134.34542197685,0.00564638869358302,0.238078716347925,0.998313731047579,0,2.72567769061,452.42779274917,999.364661386126,0.520911430071084,0.587410537866613,0.736478112564347,673.747591784118,0.0115467905537565,0.423630078990459,0.999641136973105,0.000952416009857351,450.899,588.36,0.0061581995274024,0.35,5.2325165724201,299,1.29500528927292,1,1.14927590177434,"Noise (HM.RMSE) | Noise (HM.MAE)","Noise (LM.RMSE) | Noise (LM.MAE)",2.72567769061,"HM","",0,4,0.35,0.35,0.0202410226188184,2,0.5,1,0.05,0.0062,20,"LGR3 Mar2023",0.897393175801846,0.0309473785580778,FALSE,"wassmann | mad | 0.95",TRUE,"emission",0.939228118998321,FALSE,0.453251851245522,FALSE,FALSE,FALSE,0.739615520476853,0.824182242990633,FALSE,FALSE,NA,FALSE,"stem"
"Mar_23_40_BL60_stem",0.975227313132285,1196.17092242558,1240.84921724554,0.250921305197634,0.950737702056853,1.17987375340373,576.500915470718,0.00664974367997334,0.681866021432004,0.991745860752355,1.39681760949589e-187,1.21470184720109,1194.43430163467,1318.24359833636,0.312536952996854,0.723284148576544,0.9155103981368,487.267962842588,0.024266779474876,1.99775603624802,0.995030333182267,0.00252434155853317,1193.08,1240.13,0.00759705129609933,0.35,3.88658632380445,180,0.716918014850382,1,1.24555765701398,"Noise (HM.RMSE) | Noise (HM.MAE)","Noise (LM.RMSE) | Noise (LM.MAE)",1.21470184720109,"HM","",0,4,0.35,0.35,0.0260874597374975,2,0.5,1,0.05,0.0076,20,"LGR3 Mar2023",0.897393175801846,0.0381785997325023,FALSE,"wassmann | mad | 0.95",TRUE,"emission",2.48520019830276,TRUE,0.250921305197633,FALSE,FALSE,FALSE,0.744333124789171,0.829439252336734,FALSE,TRUE,"C0 > 1.5x group median",FALSE,"stem"
"Mar_23_41_BL60_stem",3.76867955413718,545.01106855431,706.251441454634,0.72046958679097,0.908052642570428,1.10450297779186,692.395063964346,0.00594874603708727,0.157846958109157,0.999439710397154,0,4.05658429575018,542.997640375531,1712.94346002062,0.775509185474114,0.50465323691751,0.642554695448061,449.620104279858,0.0145987956393964,0.359879015818569,0.999810373519592,0.000662859059327525,544.45,704.115,0.00814417746717362,0.35,5.23086556772394,226,2.05848453368849,1,1.07639406255619,"Noise (HM.RMSE) | Noise (HM.MAE)","Noise (LM.RMSE) | Noise (LM.MAE)",4.05658429575018,"HM","",0,4,0.35,0.35,0.0232816536833209,2,0.5,1,0.05,0.0081,20,"LGR3 Mar2023",0.897393175801846,0.0409279222629145,FALSE,"wassmann | mad | 0.95",TRUE,"emission",1.13409599353433,FALSE,0.72046958679097,FALSE,FALSE,FALSE,0.653126108089341,0.72780373831766,FALSE,FALSE,NA,FALSE,"stem"
"Mar_23_42_BL60_stem",3.28131775280401,660.98952760638,896.87353479589,0.627367768247897,1.5564874229335,1.85094798215853,1548.3184395904,0.00458149029003805,0.139623487732116,0.999263640889458,0,3.61387743342963,657.092871762085,1989.47079909454,0.690951133335001,0.540497969567169,0.676511438465232,787.431470244724,0.00719205468235032,0.199012136267304,0.999901632524688,0.000518584944377116,655.985,893.189,0.00485583923262263,0.35,5.23029380672204,379,1.79247933785113,1,1.10134942900347,"Noise (HM.RMSE) | Noise (HM.MAE)","Noise (LM.RMSE) | Noise (LM.MAE)",3.61387743342963,"HM","",0,4,0.35,0.35,0.017978292392813,2,0.5,1,0.05,0.0049,20,"LGR3 Mar2023",0.897393175801846,0.0244024183978571,FALSE,"wassmann | mad | 0.95",TRUE,"emission",1.36642475951624,FALSE,0.627367768247897,FALSE,FALSE,FALSE,0.711834072861524,0.793224299065435,FALSE,FALSE,NA,FALSE,"stem"
"Mar_23_43_FLM30_stem",1.40851828676837,449.94738006657,511.914183137084,0.366480980584412,0.826333112062144,1.00602293178615,493.474355251206,0.00605763863499771,0.430071706693708,0.996865449944913,9.9614352527358e-214,1.65207630092699,448.229125966351,672.357472620416,0.42985209950885,0.534662012259148,0.658308610360429,350.534088054565,0.0178190014933356,1.07858223517505,0.998657796028061,0.00191788368551307,448.648,509.067,0.0079087987721745,0.35,3.84335985055013,171,1.04708851595546,1,1.17291789282866,"Noise (HM.RMSE) | Noise (HM.MAE)","Noise (LM.RMSE) | Noise (LM.MAE)",1.65207630092699,"HM","",0,4,0.35,0.35,0.0267651689515655,2,0.5,1,0.05,0.0079,20,"LGR3 Mar2023",0.897393175801846,0.039745446363483,FALSE,"wassmann | mad | 0.95",TRUE,"emission",0.934539258530977,FALSE,0.366480980584412,FALSE,FALSE,FALSE,0.635828225611934,0.708528037383172,FALSE,FALSE,NA,FALSE,"stem"
"Mar_23_44_FLM30_stem",1.74105560735815,541.452258996216,621.711159828606,0.453319744833393,0.53952496635788,0.675062395113565,373.44098219127,0.00379185423779286,0.217790530168451,0.999156405935869,3.34041311596286e-274,1.80261511707982,540.985222876931,1732.52805114314,0.469348033143749,0.518425006999326,0.641389606374479,357.215565616822,0.0147556597820649,0.818569623779066,0.999238465611902,0.000393899423511858,540.197,621.22,0.00754990332588258,0.35,3.84067896270001,179,1.29519927095255,1,1.03535757816207,"Noise (HM.RMSE) | Noise (HM.MAE)","Noise (LM.RMSE) | Noise (LM.MAE)",1.80261511707982,"HM","",0,4,0.35,0.35,0.0261602282463178,2,0.5,1,0.05,0.0075,20,"LGR3 Mar2023",0.897393175801846,0.0379417725062994,FALSE,"wassmann | mad | 0.95",TRUE,"emission",1.12523694263801,FALSE,0.453319744833393,FALSE,FALSE,FALSE,0.583410399922533,0.650116822429856,FALSE,FALSE,NA,FALSE,"stem"
"Mar_23_45_FLM30_stem",2.07172287688223,479.136721596692,562.339887913353,0.539684544823804,0.704241396091048,0.894737993927329,414.16472058918,0.00617940524463097,0.298273736974439,0.998622894562079,1.95792838117573e-222,2.2556680223973,477.934473766672,1005.76315541362,0.587602320525179,0.555235495655126,0.71499439553566,346.303783706189,0.0209917030577839,0.930620235307237,0.999120611646785,0.00111324439341138,476.972,561.883,0.00865868548120177,0.35,3.83876636222481,156,1.54195584235373,1,1.08878848979642,"Noise (HM.RMSE) | Noise (HM.MAE)","Noise (LM.RMSE) | Noise (LM.MAE)",2.2556680223973,"HM","",0,4,0.35,0.35,0.0280224269158902,2,0.5,1,0.05,0.0087,20,"LGR3 Mar2023",0.897393175801846,0.043514256422452,FALSE,"wassmann | mad | 0.95",TRUE,"emission",0.99353849614851,FALSE,0.539684544823804,FALSE,FALSE,FALSE,0.63425569084132,0.706775700934648,FALSE,FALSE,NA,FALSE,"stem"
"Mar_23_46_FLM30_stem",1.90235021981656,480.65272064283,547.252316473401,0.496008786392623,0.652518817555941,0.794211421550352,329.462781674696,0.00673873274480058,0.354231974460012,0.998308859987052,8.12132205399193e-188,2.05411528830535,479.787428806742,944.564584447013,0.535579211782106,0.565394123636333,0.691415528884497,293.884737203913,0.0247721408432853,1.20597616814986,0.998718302411341,0.00115233549085325,480.509,546.11,0.00992349023064712,0.35,3.83531556699225,136,1.41716796112178,1,1.0797776702249,"Noise (HM.RMSE) | Noise (HM.MAE)","Noise (LM.RMSE) | Noise (LM.MAE)",2.05411528830535,"HM","",0,4,0.35,0.35,0.030012252399939,2,0.5,1,0.05,0.0099,20,"LGR3 Mar2023",0.897393175801846,0.0498704525448581,FALSE,"wassmann | mad | 0.95",TRUE,"emission",1.00090611030799,FALSE,0.496008786392623,FALSE,FALSE,FALSE,0.815621367726384,0.90887850467283,FALSE,FALSE,NA,FALSE,"stem"
"Mar_23_47_FLM30_stem",1.47789862171539,474.322092288032,532.600812959837,0.385510115736393,0.694548675954256,0.828955952849121,382.954257998221,0.00588723327086635,0.398351631455822,0.997593768167634,7.70535946932819e-200,1.62450875582672,473.383321601796,808.724787053474,0.423753395037774,0.584779005183642,0.71621928782853,340.332180786432,0.0217755284655154,1.34043774078852,0.998203750817833,0.00126364747188962,473.093,532.525,0.00881737492602109,0.35,3.83361826677968,153,1.10145747353255,1,1.09920175305473,"Noise (HM.RMSE) | Noise (HM.MAE)","Noise (LM.RMSE) | Noise (LM.MAE)",1.62450875582672,"HM","",0,4,0.35,0.35,0.0282958229209055,2,0.5,1,0.05,0.0088,20,"LGR3 Mar2023",0.897393175801846,0.0443114934565808,FALSE,"wassmann | mad | 0.95",TRUE,"emission",0.985458491815845,FALSE,0.385510115736393,FALSE,FALSE,FALSE,0.646835969006677,0.720794392523334,FALSE,FALSE,NA,FALSE,"stem"
"Mar_23_48_FLM30_stem",1.81149160299788,470.362478682547,552.646646819395,0.472745370108196,0.718160295210744,0.906820161500531,471.176381897168,0.0052129200623896,0.287769485310482,0.99855288799656,3.37684886098e-249,1.97845116923986,469.127987709968,974.230979816405,0.516316845573799,0.5826722388218,0.718670769392605,391.416403570664,0.017608774785185,0.89002827357879,0.999091092319244,0.00102220112262768,468.407,549.598,0.00766125794428007,0.35,3.83185477328587,176,1.35070105745199,1,1.09216690045136,"Noise (HM.RMSE) | Noise (HM.MAE)","Noise (LM.RMSE) | Noise (LM.MAE)",1.97845116923986,"HM","",0,4,0.35,0.35,0.0263822426505543,2,0.5,1,0.05,0.0077,20,"LGR3 Mar2023",0.897393175801846,0.0385012915917388,FALSE,"wassmann | mad | 0.95",TRUE,"emission",0.975697496635935,FALSE,0.472745370108196,FALSE,FALSE,FALSE,0.731752846623486,0.815420560747684,FALSE,FALSE,NA,FALSE,"stem"
"Mar_23_49_FLM30_stem",0.942803516189138,527.152367827199,562.852784118228,0.244115425200834,0.615213301944838,0.787685251240067,355.530090397279,0.00592381458287865,0.628319101611226,0.994229920459103,1.47950187196167e-165,0.953217791538351,527.085950338499,2086.40196783097,0.246811941719258,0.620674253338711,0.795092028673605,360.413492248202,0.0240589064314866,2.52396741280491,0.994121781018672,0.000158282182027576,526.344,564.527,0.00918029015571245,0.35,3.86212184426073,148,0.697472643430956,1,1.01104607181707,"Noise (HM.RMSE) | Noise (HM.MAE)","Noise (LM.RMSE) | Noise (LM.MAE)",0.953217791538351,"HM","RMSE | AICc",2,2,0.35,0.35,0.0287698227784375,2,0.5,1,0.05,0.0092,20,"LGR3 Mar2023",0.897393175801846,0.046135678702577,FALSE,"wassmann | mad | 0.95",TRUE,"emission",1.09638097459975,FALSE,0.244115425200834,FALSE,TRUE,FALSE,0.639497473410191,0.712616822429903,FALSE,TRUE,"convex (accelerating) trace",FALSE,"stem"
"Mar_23_4_MI_stem",2.73356560832304,479.833827050071,586.500604569516,0.523168719590128,0.650403107822703,0.805314188353023,501.514101534662,0.00498113210190264,0.182221055413351,0.999319768175858,0,2.84691272088528,479.106206556181,1840.68411336086,0.544861875067308,0.589999436984639,0.735518013127995,466.243418378942,0.0187208274331011,0.657583469130015,0.999432569244781,0.000400169444836232,479.574,586.108,0.00892572481358938,0.35,5.22501729550006,206,1.49476777025751,1,1.0414649321813,"Noise (HM.RMSE) | Noise (HM.MAE)","Noise (LM.RMSE) | Noise (LM.MAE)",2.84691272088528,"HM","",0,4,0.35,0.35,0.0243856555002066,2,0.5,1,0.05,0.0089,20,"LGR3 Mar2023",0.897393175801846,0.0448556238518292,FALSE,"wassmann | mad | 0.95",TRUE,"emission",0.998958493898857,FALSE,0.523168719590129,FALSE,FALSE,FALSE,0.702398864237484,0.782710280373896,FALSE,FALSE,NA,FALSE,"stem"
"Mar_23_50_FLM30_stem",1.94497374167654,480.330567619232,573.09874032861,0.504144712820027,0.69756372730712,0.907269975206043,497.775742199104,0.00483172917346117,0.24842130615585,0.998859601668653,6.33622073748181e-273,2.06333201435299,479.405986109948,1307.33794372971,0.534823634653135,0.637802176289994,0.808337417878599,456.913564243861,0.0179569994074008,0.870291319210288,0.99909474931715,0.000645975348252905,479.083,573.46,0.00729842281612248,0.35,3.85796715152871,186,1.44041346520008,1,1.06085340389965,"Noise (HM.RMSE) | Noise (HM.MAE)","Noise (LM.RMSE) | Noise (LM.MAE)",2.06333201435299,"HM","",0,4,0.35,0.35,0.0256632451287368,2,0.5,1,0.05,0.0073,20,"LGR3 Mar2023",0.897393175801846,0.0366780225341227,FALSE,"wassmann | mad | 0.95",TRUE,"emission",0.997935734907535,FALSE,0.504144712820027,FALSE,FALSE,FALSE,0.716027498916573,0.797897196261586,FALSE,FALSE,NA,FALSE,"stem"
"Mar_23_51_FLM30_stem",2.26803051583513,620.892785023349,769.00643837747,0.588556018587349,0.937837473099056,1.14166442153686,794.220280853572,0.00379988715679458,0.167541271171803,0.999290329109054,0,2.40500860843551,619.425272525172,1950.62393590043,0.624101960430589,0.732300053396474,0.937142280363753,696.001975363228,0.0130152596537473,0.54117310050769,0.999521820314689,0.000468827063609106,619.922,768.355,0.00533825747371837,0.35,3.85355079925756,254,1.68158862453528,1,1.06039517177746,"Noise (HM.RMSE) | Noise (HM.MAE)","Noise (LM.RMSE) | Noise (LM.MAE)",2.40500860843551,"HM","",0,4,0.35,0.35,0.0219609531798355,2,0.5,1,0.05,0.0053,20,"LGR3 Mar2023",0.897393175801846,0.0268269265945393,FALSE,"wassmann | mad | 0.95",TRUE,"emission",1.29130509046522,FALSE,0.588556018587349,FALSE,FALSE,FALSE,0.706592290292533,0.787383177570047,FALSE,FALSE,NA,FALSE,"stem"
"Mar_23_52_FLM30_stem",1.02810676090497,511.820219045302,552.732051311806,0.267058972707646,0.573941118696727,0.744465669598692,354.552438307999,0.0052060612367925,0.506373601921457,0.996066652366937,3.91382705412114e-186,1.12783920678544,511.17531755945,751.253852059321,0.292965275005488,0.533949134046029,0.686518375465193,331.539702912827,0.0205225679913779,1.81963597895051,0.996655144868373,0.00122028933413723,511.19,552.733,0.00873839376165861,0.35,3.84973682210054,155,0.763025636307559,1,1.09700592358004,"Noise (HM.RMSE) | Noise (HM.MAE)","Noise (LM.RMSE) | Noise (LM.MAE)",1.12783920678544,"HM","",0,4,0.35,0.35,0.0281126765115875,2,0.5,1,0.05,0.0087,20,"LGR3 Mar2023",0.897393175801846,0.0439145567104872,FALSE,"wassmann | mad | 0.95",TRUE,"emission",1.06481500768631,FALSE,0.267058972707646,FALSE,FALSE,FALSE,0.792557524423135,0.883177570093468,FALSE,FALSE,NA,FALSE,"stem"
"Mar_23_53_FLM30_stem",1.61571399895723,519.548872403767,568.414984464029,0.419909361273717,0.715959362942495,0.887678409707194,312.961622488176,0.0093601321986871,0.579318629703527,0.996088588603228,1.02030663819668e-141,1.80625996950841,518.618114434627,760.822023981479,0.469430524573079,0.618605901819509,0.782919982350213,285.468427610828,0.0357596297194646,1.97976096038916,0.99695731538807,0.0019381624576224,519.238,568.54,0.0114738395050882,0.35,3.84776846616676,118,1.19974103221062,1,1.11793298236826,"Noise (HM.RMSE) | Noise (HM.MAE) | Noise (HM.SE)","Noise (LM.RMSE) | Noise (LM.MAE)",1.80625996950841,"HM","SE",1,3,0.35,0.35,0.0322201116264413,2,0.5,1,0.05,0.011,20,"LGR3 Mar2023",0.897393175801846,0.0576620504112411,FALSE,"wassmann | mad | 0.95",TRUE,"emission",1.08157908989031,FALSE,0.419909361273717,FALSE,FALSE,FALSE,0.582886221665592,0.64953271028027,FALSE,FALSE,NA,FALSE,"stem"
"Mar_23_54_FLM30_stem",1.81883587545926,618.14140940948,725.873170592322,0.472947482450024,0.73375108422936,0.907881710249001,614.362975359585,0.00350112722305933,0.192492751561506,0.999152192036301,0,1.88958850554105,617.451338449236,2078.19079638509,0.491345117291843,0.672987817878672,0.85334223747126,587.935989032482,0.0135197417748744,0.715486029642379,0.99925099374943,0.000336367388874504,617.935,725.833,0.00588322416152795,0.35,3.84574597170301,230,1.35127852128578,1,1.03889995300644,"Noise (HM.RMSE) | Noise (HM.MAE)","Noise (LM.RMSE) | Noise (LM.MAE)",1.88958850554105,"HM","",0,4,0.35,0.35,0.0230783165688525,2,0.5,1,0.05,0.0059,20,"LGR3 Mar2023",0.897393175801846,0.0295656680772638,FALSE,"wassmann | mad | 0.95",TRUE,"emission",1.28716614521928,FALSE,0.472947482450024,FALSE,FALSE,FALSE,0.796750950478124,0.887850467289552,FALSE,FALSE,NA,FALSE,"stem"
"Mar_23_55_FLM30_stem",8.45407437205122,502.721238968521,649.252521259866,0.72929073522832,1.17190856238804,1.42299621963706,725.432100466841,0.0199614061299371,0.236115809389241,0.998875096964907,1.48081296157584e-298,9.3546285488582,500.185304940548,1292.84854239894,0.806977042305028,0.680789710334678,0.864849644481314,525.340023604576,0.0522337041988314,0.558372830369699,0.999584482979323,0.00101805786388244,501.385,646.08,0.0200931313073459,0.35,11.5921867146776,203,2.08368781493806,1,1.10652309610431,"Noise (HM.RMSE) | Noise (HM.MAE) | Noise (HM.SE)","Noise (LM.RMSE) | Noise (LM.MAE)",9.3546285488582,"HM","SE",1,3,0.35,0.35,0.0245651842220259,2,0.5,1,0.05,0.02,20,"LGR3 Mar2023",0.897393175801846,0.100976702902858,FALSE,"wassmann | mad | 0.95",TRUE,"emission",1.04439107304291,FALSE,0.729290735228319,FALSE,FALSE,FALSE,0.723365994513089,0.80607476635505,FALSE,FALSE,NA,FALSE,"stem"
"Mar_23_56_FLM30_stem",6.33181465862522,491.51136333939,577.879633373833,0.546123062153177,0.772582882606391,0.970315525750668,450.571304427619,0.0194811009217378,0.307670106786852,0.998497139526817,3.65053218536014e-225,6.76125176346691,490.554097497194,1188.57359169946,0.583162286979329,0.679792064900501,0.869546001284794,417.587501976241,0.0731466921697006,1.08185133062097,0.998793081829355,0.000835452722772157,491.333,576.051,0.025497907211477,0.35,11.5941169626879,160,1.56035160615193,1,1.06782212177621,"Noise (HM.RMSE) | Noise (HM.MAE) | Noise (HM.SE)","Noise (LM.RMSE) | Noise (LM.MAE)",6.76125176346691,"HM","SE",1,3,0.35,0.35,0.0276699295264733,2,0.5,1,0.05,0.025,20,"LGR3 Mar2023",0.897393175801846,0.12813889971971,FALSE,"wassmann | mad | 0.95",TRUE,"emission",1.02345263438553,FALSE,0.546123062153177,FALSE,FALSE,FALSE,1.02214760094252,1.13901869158878,FALSE,FALSE,NA,FALSE,"stem"
"Mar_23_57_FLM30_stem",7.2350035409553,583.958275681161,668.424222555657,0.624457145467344,0.645206586341959,0.81562484990609,339.128197562468,0.0206787129143811,0.285814827834219,0.998890238298993,1.4888975096896e-201,7.42185097295842,583.59920843462,2278.35194074797,0.640584050363256,0.640402573945742,0.799078412448388,335.635029656506,0.0823457743620516,1.10950455165536,0.998934808650524,0.000377980833515964,583.664,668.2,0.0297595394980175,0.35,11.5860689455969,137,1.78416327276384,1,1.02582547899879,"Noise (HM.RMSE) | Noise (HM.MAE) | Noise (HM.SE)","Noise (LM.RMSE) | Noise (LM.MAE)",7.42185097295842,"HM","SE",1,3,0.35,0.35,0.0299025180200866,2,0.5,1,0.05,0.03,20,"LGR3 Mar2023",0.897393175801846,0.149557479989176,FALSE,"wassmann | mad | 0.95",TRUE,"emission",1.21577923403475,FALSE,0.624457145467344,FALSE,FALSE,FALSE,0.7951784157076,0.886098130841129,FALSE,FALSE,NA,FALSE,"stem"
"Mar_23_58_FLM30_stem",7.71609174308608,481.302262639627,577.321963830559,0.665795540321655,0.719052325126778,0.90923607794407,392.715117790508,0.0209482494230033,0.271487822080054,0.998932401325373,4.47933114033003e-216,8.12836130412275,480.461927576218,1446.99988934319,0.701368890702634,0.651364288237636,0.826118117912937,366.836625028326,0.0789263752856393,0.970999840344295,0.999118669094011,0.000725650640167752,481.654,575.611,0.0279321325471057,0.35,11.5892812068977,146,1.90227297234759,1,1.05342984178565,"Noise (HM.RMSE) | Noise (HM.MAE) | Noise (HM.SE)","Noise (LM.RMSE) | Noise (LM.MAE)",8.12836130412275,"HM","SE",1,3,0.35,0.35,0.0289662061010829,2,0.5,1,0.05,0.028,20,"LGR3 Mar2023",0.897393175801846,0.140373409056892,FALSE,"wassmann | mad | 0.95",TRUE,"emission",1.00329115927961,FALSE,0.665795540321655,FALSE,FALSE,FALSE,0.920457019105125,1.0257009345794,FALSE,FALSE,NA,FALSE,"stem"
"Mar_23_59_FLM30_stem",1.70823769393413,459.899020309389,518.151398613424,0.447080688206952,0.709876999863676,0.875344550361822,345.638920417413,0.00774050344520671,0.453128008630935,0.997317402875904,3.05134636604771e-169,1.79642288974844,459.406684831641,1064.78951507492,0.470160554770211,0.692876744122967,0.846217351578525,338.832267993889,0.0309798701077645,1.72453102688436,0.997492960119322,0.000776633447931241,457.771,516.829,0.0101854975010242,0.35,3.82087112906874,132,1.27737339487701,1,1.05162349251949,"Noise (HM.RMSE) | Noise (HM.MAE)","Noise (LM.RMSE) | Noise (LM.MAE)",1.79642288974844,"HM","",0,4,0.35,0.35,0.0304635897922471,2,0.5,1,0.05,0.01,20,"LGR3 Mar2023",0.897393175801846,0.0511876159784612,FALSE,"wassmann | mad | 0.95",TRUE,"emission",0.953542578852427,FALSE,0.447080688206952,FALSE,FALSE,FALSE,0.877474402039914,0.977803738317785,FALSE,FALSE,NA,FALSE,"stem"
"Mar_23_5_MI_stem",2.83104277769657,455.936952753637,528.678000552091,0.541756084945302,1.04088155254648,1.25368407735881,453.628621376308,0.0144931630978593,0.511937269618067,0.996474305101122,1.93813128163942e-166,3.37931972798869,453.690069822533,694.449793520645,0.646675860936001,0.61971278534412,0.767262885060927,322.19680917352,0.04037342215138,1.19472039940446,0.998679443801183,0.00268598024205603,454.582,526.245,0.0135211116344617,0.35,5.22567785829743,136,1.54787452841515,1,1.19366607760629,"Noise (HM.RMSE) | Noise (HM.MAE) | Noise (HM.SE)","Noise (LM.RMSE) | Noise (LM.MAE)",3.37931972798869,"HM","SE",1,3,0.35,0.35,0.030012252399939,2,0.5,1,0.05,0.014,20,"LGR3 Mar2023",0.897393175801846,0.0679507838873742,FALSE,"wassmann | mad | 0.95",TRUE,"emission",0.946899852939338,FALSE,0.541756084945302,FALSE,FALSE,FALSE,0.812476298185097,0.905373831775717,FALSE,FALSE,NA,FALSE,"stem"
"Mar_23_60_FLM30_stem",1.80015495501058,466.7214208066,532.817180447198,0.471338227423574,2.28651268180503,2.57312204850429,677.566526957963,0.0203733760356143,1.13175679565288,0.982257836993895,1.11170431807606e-124,2.73981547667822,461.49684329909,575.971838592112,0.717371449969206,1.04295475761954,1.31122352949556,488.223351128908,0.0566918444800782,2.06918476673516,0.995392776715008,0.00626662135371091,463.331,528.452,0.00946494971889675,0.35,3.81924242565805,142,1.34668064978164,1,1.5219886871695,"Noise (HM.RMSE) | Noise (HM.MAE) | Noise (HM.SE)","Noise (LM.RMSE) | Noise (LM.MAE)",2.73981547667822,"HM","SE",1,3,0.35,0.35,0.0293713475403841,2,0.5,1,0.05,0.0095,20,"LGR3 Mar2023",0.897393175801846,0.0475663219224924,FALSE,"wassmann | mad | 0.95",TRUE,"emission",0.965124126697134,FALSE,0.471338227423574,FALSE,FALSE,FALSE,0.949811001491068,1.05841121495312,FALSE,FALSE,NA,FALSE,"stem"
"Mar_23_61_FLM30_stem",1.69331772794354,481.766664760456,633.096442769918,0.443583312935403,2.88835537324804,3.35917878843605,1815.94751577862,0.00702042782962487,0.414596015489123,0.994138634140976,0,2.23583792116267,474.161671378351,823.316349058833,0.585702479746914,0.6713795811515,0.856751416515908,877.977769115167,0.00881007556955093,0.394039097653802,0.999618721554754,0.00167748713446395,476.23,625.261,0.00390490926481695,0.35,3.81736120039784,344,1.26738089410115,1,1.32038889351144,"Noise (HM.RMSE) | Noise (HM.MAE)","Noise (LM.RMSE) | Noise (LM.MAE)",2.23583792116267,"HM","",0,4,0.35,0.35,0.0188707353106017,2,0.5,1,0.05,0.0039,20,"LGR3 Mar2023",0.897393175801846,0.0196237215211668,FALSE,"wassmann | mad | 0.95",TRUE,"emission",0.991992901094415,FALSE,0.443583312935403,FALSE,FALSE,FALSE,0.726511064054495,0.809579439252296,FALSE,FALSE,NA,FALSE,"stem"
"Mar_23_62_FLM30_stem",1.80041068331145,455.07451039436,545.232377112711,0.472097452558716,0.928417555897934,1.14943750644083,607.59651932587,0.00572372966848749,0.317912447506697,0.99806322690846,2.88874042059231e-261,2.00593709911225,453.405152462804,912.927896401705,0.525989877344053,0.710379556853522,0.874161079794497,504.009661039731,0.0188353753557707,0.938981355103635,0.998879811919127,0.00114464383816003,453.726,542.184,0.00695292936418563,0.35,3.81364202147973,193,1.34884986445348,1,1.11415529673639,"Noise (HM.RMSE) | Noise (HM.MAE)","Noise (LM.RMSE) | Noise (LM.MAE)",2.00593709911225,"HM","",0,4,0.35,0.35,0.0251935512762043,2,0.5,1,0.05,0.007,20,"LGR3 Mar2023",0.897393175801846,0.034941713626663,FALSE,"wassmann | mad | 0.95",TRUE,"emission",0.945116794494182,FALSE,0.472097452558716,FALSE,FALSE,FALSE,0.944045040665315,1.05198598130834,FALSE,FALSE,NA,FALSE,"stem"
"Mar_23_63_FLM30_stem",1.94065753567917,475.990214608451,542.826070579071,0.509058791085505,0.651946006199477,0.782732225306505,318.463105550964,0.00682727512818835,0.351802159972497,0.998368949294807,1.10437929755607e-184,1.96617534850251,475.843139359357,2969.09857657576,0.515752433167208,0.666947734932405,0.804015364600297,327.725734489262,0.0282482147329581,1.4367088242904,0.998279712374291,0.000206859042787457,476.716,543.572,0.0100858415203451,0.35,3.81224638423581,133,1.45445368881573,1,1.01314905507757,"Noise (HM.RMSE) | Noise (HM.MAE)","Noise (LM.RMSE) | Noise (LM.MAE)",1.94065753567917,"LM","RMSE | MAE | AICc",3,1,0.35,0.35,0.0303488489333442,2,0.5,1,0.05,0.01,20,"LGR3 Mar2023",0.897393175801846,0.0506863903488277,FALSE,"wassmann | mad | 0.95",TRUE,"emission",0.993005245024725,FALSE,0.509058791085505,FALSE,TRUE,FALSE,0.838685211029693,0.934579439252258,FALSE,TRUE,"convex (accelerating) trace",FALSE,"stem"
"Mar_23_64_FLM30_stem",2.09300649104259,528.981541699227,612.581406149364,0.549334124755264,0.858575486879021,1.0686404492908,463.640335814686,0.0074687499288433,0.356843132632757,0.998055507038771,3.49596337441181e-208,2.33529744733392,527.414505434375,948.425952799839,0.612926230646973,0.656973907314924,0.807976245486255,379.628957629363,0.0244494545773608,1.04695248158959,0.998888420974647,0.00145584219736171,528.106,611.473,0.00870539808187164,0.35,3.81007914258931,154,1.56952607072933,1,1.11576216190836,"Noise (HM.RMSE) | Noise (HM.MAE)","Noise (LM.RMSE) | Noise (LM.MAE)",2.33529744733392,"HM","",0,4,0.35,0.35,0.0282038037408883,2,0.5,1,0.05,0.0087,20,"LGR3 Mar2023",0.897393175801846,0.0437487471863037,FALSE,"wassmann | mad | 0.95",TRUE,"emission",1.10005124210018,FALSE,0.549334124755264,FALSE,FALSE,FALSE,0.844975350112386,0.941588785046618,FALSE,FALSE,NA,FALSE,"stem"
"Mar_23_65_FLM30_stem",0.763724432186808,453.117323707625,483.865062545651,0.199437893078644,1.07621809588152,1.2792059266373,525.693445966377,0.00881308398058148,1.15396124690506,0.979774554855335,1.4110201000938e-132,1.13554340462648,450.838569385455,506.055555703664,0.296534161503242,0.702367590951377,0.847873260979747,399.48620046756,0.0313573742997589,2.76144215817743,0.99111455788916,0.00537034310047913,450.247,481.607,0.00863741315041241,0.35,3.82938477937917,156,0.569822551653267,1,1.48684964991237,"Noise (HM.RMSE) | Noise (HM.MAE)","Noise (LM.RMSE) | Noise (LM.MAE)",1.13554340462648,"HM","",0,4,0.35,0.35,0.0280224269158902,2,0.5,1,0.05,0.0086,20,"LGR3 Mar2023",0.897393175801846,0.0434070724967492,FALSE,"wassmann | mad | 0.95",TRUE,"emission",0.937869995042431,FALSE,0.199437893078644,FALSE,FALSE,FALSE,0.720220924971802,0.802570093457936,FALSE,FALSE,NA,FALSE,"stem"
"Mar_23_66_FLM30_stem",0.228894693080876,471.771250339258,482.359510064464,0.0598061472423831,1.5117789341607,1.87039421641872,738.278558349794,0.0104696903763513,4.57402058362794,0.72823325541184,3.58668759962516e-52,0.882186852523245,468.075897270269,481.000363041702,0.230499869119543,1.08315383800265,1.30524099622134,611.576674811653,0.0803992353889073,9.11362883712765,0.867653816358948,0.0178343827277571,469.065,479.962,0.00752372717618068,0.35,3.82727702142738,179,0.170874706406809,1,3.85411667107346,"Noise (HM.RMSE) | Noise (HM.MAE) | Noise (HM.SE) | Exaggerated curvature (g-fact)","Noise (LM.RMSE) | Noise (LM.MAE) | Intercept (LM)",0.228894693080876,"LM","SE | g-fact. > 2 | Intercept (LM)",1,3,0.35,0.35,0.0261602282463178,2,0.5,1,0.05,0.0075,20,"LGR3 Mar2023",0.897393175801846,0.0378103314207846,FALSE,"wassmann | mad | 0.95",TRUE,"emission",0.977068118665039,FALSE,0.0598061472423832,FALSE,FALSE,FALSE,0.668851455796193,0.745327102803691,FALSE,FALSE,NA,FALSE,"stem"
"Mar_23_67_FLM30_stem",1.47995274706158,468.050690095163,637.75086902554,0.386863918353983,1.9635357298605,2.3820691902959,2027.68151148031,0.00342296702615056,0.231288940335885,0.997646428447068,0,1.76206617484129,462.860595392412,1031.54615239803,0.460609182388816,0.611563626588503,0.760917065967966,1020.89707440057,0.00497962761326765,0.282601623274232,0.999759844071835,0.000809954071656274,461.933,632.37,0.00304540224108799,0.35,3.82551247828549,442,1.10532548101138,1,1.1906232670873,"Noise (HM.RMSE) | Noise (HM.MAE)","Noise (LM.RMSE) | Noise (LM.MAE)",1.76206617484129,"HM","",0,4,0.35,0.35,0.0166478022954073,2,0.5,1,0.05,0.003,20,"LGR3 Mar2023",0.897393175801846,0.0153042974951826,FALSE,"wassmann | mad | 0.95",TRUE,"emission",0.962212075638339,FALSE,0.386863918353983,FALSE,FALSE,FALSE,0.689818586072037,0.768691588785111,FALSE,FALSE,NA,FALSE,"stem"
"Mar_23_68_FLM30_stem",1.32748466991307,492.293906259158,579.295160383084,0.347106704572018,1.66773797807976,2.02702007787368,1081.60207029817,0.00673596421253487,0.507423126247929,0.993553211630478,3.62193781879425e-277,1.73821915153145,488.06838078922,693.481764462671,0.454504323241308,0.711988279343157,0.891239841876778,667.882485428402,0.0144725407196654,0.832607367541339,0.998753717494682,0.00221263247366511,489.364,574.377,0.00531915688013676,0.35,3.82442820155218,253,0.991733441634337,1,1.30940807899897,"Noise (HM.RMSE) | Noise (HM.MAE)","Noise (LM.RMSE) | Noise (LM.MAE)",1.73821915153145,"HM","",0,4,0.35,0.35,0.0220043114711676,2,0.5,1,0.05,0.0053,20,"LGR3 Mar2023",0.897393175801846,0.0267309404228022,FALSE,"wassmann | mad | 0.95",TRUE,"emission",1.01935118335923,FALSE,0.347106704572018,FALSE,FALSE,FALSE,0.79517841570754,0.886098130841062,FALSE,FALSE,NA,FALSE,"stem"
"Mar_23_69_FLM30_stem",2.74412086561001,500.132459665679,668.547833811882,0.717424384009387,1.56341657086294,1.81958560244652,962.420432741532,0.0066711292821008,0.243106248186988,0.998607159320603,0,3.09940906068834,496.602714277387,1268.07469989817,0.810311114216594,0.715421573519719,0.925214473146391,643.905398132329,0.0148340841290296,0.478610078197783,0.999639884931328,0.00105034418529735,499.91,664.932,0.00567862834003739,0.35,3.82496180332519,237,2.04978395431253,1,1.12947250229787,"Noise (HM.RMSE) | Noise (HM.MAE)","Noise (LM.RMSE) | Noise (LM.MAE)",3.09940906068834,"HM","",0,4,0.35,0.35,0.0227349430861571,2,0.5,1,0.05,0.0057,20,"LGR3 Mar2023",0.897393175801846,0.0285374698746806,FALSE,"wassmann | mad | 0.95",TRUE,"emission",1.04131863004453,FALSE,0.717424384009387,FALSE,FALSE,FALSE,0.720745103228743,0.803154205607522,FALSE,FALSE,NA,FALSE,"stem"
"Mar_23_6_MI_stem",0.985011629390445,500.164960357769,539.335108736807,0.188433074024281,2.29270127167604,2.7547708221805,1027.67107506173,0.0165604757536276,1.68124672435347,0.944204642070941,1.52841959449638e-132,2.19156639663325,493.495247900218,543.268960209695,0.419247428887185,0.73641532661921,0.929929039523375,573.63756701702,0.0407260217745336,1.85830654444685,0.993641909006651,0.00842306931579546,493.176,533.915,0.00875931137654932,0.35,5.22738184095811,210,0.538380211497947,1,2.2249142357735,"Noise (HM.RMSE) | Noise (HM.MAE) | Noise (HM.SE) | Exaggerated curvature (g-fact)","Noise (LM.RMSE) | Noise (LM.MAE) | Intercept (LM)",0.985011629390445,"LM","SE | g-fact. > 2 | Intercept (LM)",1,3,0.35,0.35,0.0241522945769824,2,0.5,1,0.05,0.0088,20,"LGR3 Mar2023",0.897393175801846,0.0440193039198989,FALSE,"wassmann | mad | 0.95",TRUE,"emission",1.02729162587434,FALSE,0.188433074024282,FALSE,FALSE,FALSE,0.792557524423194,0.883177570093534,FALSE,FALSE,NA,FALSE,"stem"
"Mar_23_70_FLM30_stem",1.26705373345947,440.965176784006,504.227432796622,0.331276705370354,1.66660003086356,1.96476700204418,814.531492351225,0.0098119869188497,0.774393907672709,0.988616420627975,8.34354632658206e-188,1.82043085914926,436.720330178693,557.387472799486,0.475959559920891,0.630787723733166,0.787490033849818,463.705878151035,0.020588459172282,1.13096628025211,0.998171281487903,0.0039444006842578,436.044,500.284,0.0069734890916885,0.35,3.82475952253555,193,0.946504872486725,1,1.43674321859965,"Noise (HM.RMSE) | Noise (HM.MAE)","Noise (LM.RMSE) | Noise (LM.MAE)",1.82043085914926,"HM","",0,4,0.35,0.35,0.0251935512762043,2,0.5,1,0.05,0.007,20,"LGR3 Mar2023",0.897393175801846,0.0350450359377394,FALSE,"wassmann | mad | 0.95",TRUE,"emission",0.90828497273337,FALSE,0.331276705370354,FALSE,FALSE,FALSE,0.80933122864369,0.90186915887847,FALSE,FALSE,NA,FALSE,"stem"
"Mar_23_71_FLM30_stem",1.19893304685269,785.999062475904,827.418088144657,0.231352430739943,0.518117401076425,0.657892317677619,368.216869898252,0.0049037525656523,0.409009708967911,0.996997789219605,6.1658330610498e-228,1.22893484637793,785.82763776581,1638.30528187259,0.237141735876671,0.51735742164714,0.655118151453659,368.778859138394,0.0198520269803388,1.61538482197401,0.99702310138297,0.000278179419150805,783.55,826.196,0.0100749761597855,0.35,5.18227987930837,181,0.661006944971266,1,1.02502374891075,"Noise (HM.RMSE) | Noise (HM.MAE)","Noise (LM.RMSE) | Noise (LM.MAE)",1.22893484637793,"HM","AICc",1,3,0.35,0.35,0.0260152951186508,2,0.5,1,0.05,0.01,20,"LGR2 Mar2023",0.686673516530571,0.0387423922571679,FALSE,"wassmann | mad | 0.95",TRUE,"emission",1.57340463236187,TRUE,0.231352430739943,FALSE,FALSE,FALSE,0.561919091389987,0.818320610687146,FALSE,TRUE,"C0 > 1.5x group median",FALSE,"stem"
"Mar_23_72_FLM30_stem",1.22425611039359,531.21271601315,588.16774712519,0.318090347800349,0.627563041809721,0.752663379229926,416.933679218071,0.00416626650291947,0.340310043588841,0.997919715259611,3.39467249309342e-242,1.38454301192546,530.007418487285,788.466313857136,0.359736630651835,0.428237687162656,0.533226174169856,294.253945446265,0.0129150407988364,0.932801703348726,0.998955895109734,0.00139185238773484,529.599,587.679,0.00748151362656577,0.35,3.84876849882286,181,0.908829565143855,1,1.13092595590994,"Noise (HM.RMSE) | Noise (HM.MAE)","Noise (LM.RMSE) | Noise (LM.MAE)",1.38454301192546,"HM","",0,4,0.35,0.35,0.0260152951186508,2,0.5,1,0.05,0.0075,20,"LGR2 Mar2023",0.686673516530571,0.0287694710113881,FALSE,"wassmann | mad | 0.95",TRUE,"emission",1.06345928134033,FALSE,0.318090347800349,FALSE,FALSE,FALSE,0.432447061937234,0.629770992366473,FALSE,FALSE,NA,FALSE,"stem"
"Mar_23_73_FLM30_stem",1.07414528624511,550.386042283566,600.385593691996,0.27924598103147,0.53942591755744,0.689355792328676,385.128156086996,0.00381314312283786,0.354993237103656,0.997736742095918,6.42014773399118e-239,1.17739154167806,549.604289136777,845.389971207023,0.306086951480621,0.49026636087079,0.5958327502125,334.441133374987,0.0140886262349103,1.19659652173403,0.998309185634678,0.00103482680208952,549.646,601.079,0.00747732383640091,0.35,3.84659174781126,181,0.797845660089916,1,1.09611945120931,"Noise (HM.RMSE) | Noise (HM.MAE)","Noise (LM.RMSE) | Noise (LM.MAE)",1.17739154167806,"HM","",0,4,0.35,0.35,0.0260152951186508,2,0.5,1,0.05,0.0075,20,"LGR2 Mar2023",0.686673516530571,0.0287533595639561,FALSE,"wassmann | mad | 0.95",TRUE,"emission",1.10371458433945,FALSE,0.27924598103147,FALSE,FALSE,FALSE,0.470712074690514,0.685496183206241,FALSE,FALSE,NA,FALSE,"stem"
"Mar_23_74_FLM30_stem",16.0409194662983,480.436685438894,726.080939843388,1.371961699224,8.62442064485256,11.0068100787199,1388.05347514763,0.185066665885442,1.15371607141513,0.976598471973438,4.08110076655672e-148,27.3833589653191,454.796476448337,824.41421701149,2.34206772095898,2.38226378780137,3.57131321817388,982.684903996907,0.357883101377336,1.3069364566655,0.997536360533211,0.00633645916830341,455.938,704.643,0.0227285556461081,0.35,11.6919586569882,181,3.91989056921142,1,1.70709409911639,"Noise (HM.RMSE) | Noise (HM.MAE) | Noise (HM.SE)","Noise (LM.RMSE) | Noise (LM.MAE) | Noise (LM.SE)",27.3833589653191,"HM","SE",1,3,0.35,0.35,0.0260152951186508,2,0.5,1,0.05,0.023,20,"LGR2 Mar2023",0.686673516530571,0.0874010510324215,FALSE,"wassmann | mad | 0.95",TRUE,"emission",0.915544587160753,FALSE,1.371961699224,FALSE,FALSE,FALSE,0.586031291207058,0.853435114503892,FALSE,FALSE,NA,FALSE,"stem"
"Mar_23_75_FLM30_stem",1.49686861924959,604.133211179999,655.980104976507,0.289587592584941,0.457287637034323,0.570746864677673,316.778307973679,0.00424283262871097,0.283447229379288,0.998555914980041,2.19899858280728e-256,1.60494693513685,603.521443281042,999.404710175029,0.31049666830871,0.401682080174451,0.500461835687361,271.297957093784,0.0156416907156055,0.974592391384689,0.998889681379466,0.000784313696168061,603.359,655.454,0.0100487029960362,0.35,5.16896668772347,181,0.827393121671259,1,1.07220294052355,"Noise (HM.RMSE) | Noise (HM.MAE)","Noise (LM.RMSE) | Noise (LM.MAE)",1.60494693513685,"HM","",0,4,0.35,0.35,0.0260152951186508,2,0.5,1,0.05,0.01,20,"LGR2 Mar2023",0.686673516530571,0.0386414684706897,FALSE,"wassmann | mad | 0.95",TRUE,"emission",1.2115727720978,FALSE,0.289587592584941,FALSE,FALSE,FALSE,0.540951961114143,0.787786259541961,FALSE,FALSE,NA,FALSE,"stem"
"Mar_23_77_FLM30_stem",2.06588908770063,525.710935607317,597.324850880216,0.399950380628381,1.27862770731217,1.50677047209735,668.199975517339,0.0111924535590559,0.541774174891124,0.994744266014491,3.59895551698618e-206,2.64912127012933,522.5276009299,702.450803117079,0.51286250875076,0.486259177274045,0.591939671488131,332.068120634291,0.0211352525915433,0.797821256046595,0.999188863268768,0.00285045231807966,524.019,594.642,0.0100405827979573,0.35,5.16536347447605,181,1.14271537322395,1,1.2823153410805,"Noise (HM.RMSE) | Noise (HM.MAE)","Noise (LM.RMSE) | Noise (LM.MAE)",2.64912127012933,"HM","",0,4,0.35,0.35,0.0260152951186508,2,0.5,1,0.05,0.01,20,"LGR2 Mar2023",0.686673516530571,0.0386101355422075,FALSE,"wassmann | mad | 0.95",TRUE,"emission",1.05225438331394,FALSE,0.399950380628381,FALSE,FALSE,FALSE,0.369021492853179,0.53740458015283,FALSE,FALSE,NA,FALSE,"stem"
"Mar_23_78_FLM30_stem",0.834394992934512,505.246485640724,544.452926779472,0.218982686361289,1.29644915602644,1.5362338377307,675.21020001089,0.00841813643431638,1.00889105346981,0.982006338220772,2.48565638022837e-158,1.05771385684832,503.588275839057,605.882305950599,0.277591576813769,1.07415560929138,1.33943651937843,627.67716611785,0.0349682242239416,3.30601929789752,0.986321163119597,0.00271366351009029,505.282,541.892,0.00740735848072456,0.35,3.81032403428408,181,0.625664818175111,1,1.26764166348651,"Noise (HM.RMSE) | Noise (HM.MAE)","Noise (LM.RMSE) | Noise (LM.MAE)",1.05771385684832,"HM","",0,4,0.35,0.35,0.0260152951186508,2,0.5,1,0.05,0.0074,20,"LGR2 Mar2023",0.686673516530571,0.0284844725008446,FALSE,"wassmann | mad | 0.95",TRUE,"emission",1.01462962089091,FALSE,0.218982686361289,FALSE,FALSE,FALSE,0.527323326434964,0.767938931297764,FALSE,FALSE,NA,FALSE,"stem"
"Mar_23_79_FLM30_stem",2.03486510788076,490.497921578474,561.493678866982,0.396520228296118,0.526156540127312,0.648340851839448,362.922727411367,0.00478471008781656,0.235136475105206,0.999005779213133,6.8122499306086e-271,2.18065142659037,489.666659441025,1035.57374478867,0.42492860984107,0.413519084592829,0.529420888952621,291.661327098121,0.0164204703108443,0.753007569693021,0.99933705391494,0.000778389988418025,490.151,560.815,0.00997590793472905,0.35,5.1318065578262,181,1.13291493798891,1,1.07164421766583,"Noise (HM.RMSE) | Noise (HM.MAE)","Noise (LM.RMSE) | Noise (LM.MAE)",2.18065142659037,"HM","",0,4,0.35,0.35,0.0260152951186508,2,0.5,1,0.05,0.01,20,"LGR2 Mar2023",0.686673516530571,0.0383614344277853,FALSE,"wassmann | mad | 0.95",TRUE,"emission",0.984245873213969,FALSE,0.396520228296118,FALSE,FALSE,FALSE,0.43978555753369,0.640458015267158,FALSE,FALSE,NA,FALSE,"stem"
"Mar_23_7_MI_stem",2.70707175576101,450.274088888335,551.803270773521,0.518196387323277,0.655806323210976,0.816645806317271,487.813646631075,0.00536051045649713,0.198018779705017,0.999228127999448,3.29811810183894e-307,2.81071536737164,449.634429440528,1847.13220316262,0.538036181001249,0.615425694037511,0.763859586056247,463.435880376956,0.0205823205039078,0.732280498510768,0.999324687355857,0.000384999669493744,450.905,552.17,0.0092846590530352,0.35,5.22402668560521,198,1.48056110663793,1,1.0382862446812,"Noise (HM.RMSE) | Noise (HM.MAE)","Noise (LM.RMSE) | Noise (LM.MAE)",2.81071536737164,"HM","",0,4,0.35,0.35,0.0248734169081546,2,0.5,1,0.05,0.0093,20,"LGR3 Mar2023",0.897393175801846,0.0466594695114107,FALSE,"wassmann | mad | 0.95",TRUE,"emission",0.939240617071535,FALSE,0.518196387323277,FALSE,FALSE,FALSE,0.773687107174935,0.862149532710257,FALSE,FALSE,NA,FALSE,"stem"
"Mar_23_80_FLM30_stem",1.70505092436058,515.782012846659,575.252572684635,0.332143131279347,0.77941145753421,0.945861766857181,499.642840554233,0.00698235470748197,0.409510039126864,0.996990461054388,7.66928416435908e-228,2.03837684582074,513.924692349352,709.354611288718,0.39707486657744,0.37557531240404,0.47839696118935,254.975198668432,0.0161059591912558,0.790136486502861,0.99923012281365,0.00203180182815629,512.808,573.391,0.00997894399243126,0.35,5.13348241703231,181,0.94898037508385,1,1.19549323524466,"Noise (HM.RMSE) | Noise (HM.MAE)","Noise (LM.RMSE) | Noise (LM.MAE)",2.03837684582074,"HM","",0,4,0.35,0.35,0.0260152951186508,2,0.5,1,0.05,0.01,20,"LGR2 Mar2023",0.686673516530571,0.038373322373955,FALSE,"wassmann | mad | 0.95",TRUE,"emission",1.02974217690285,FALSE,0.332143131279347,FALSE,FALSE,FALSE,0.44030973579063,0.641221374045853,FALSE,FALSE,NA,FALSE,"stem"
"Mar_23_81_FLM30_stem",7.27772269323332,500.65244269581,648.109935608538,0.628144259058555,0.517099705175274,0.667291008215072,486.933106896078,0.00741118278916768,0.101833816724818,0.999755324650185,0,7.49569294141237,499.923743363381,3065.571565161,0.646957391381739,0.459994252473407,0.581448574662906,423.730956645868,0.0263610088402188,0.351682079912571,0.999814227128993,0.000252161417434311,498.334,646.537,0.0172008777574883,0.35,11.5860689455969,237,1.79469788302444,1,1.02995033712698,"Noise (HM.RMSE) | Noise (HM.MAE) | Noise (HM.SE)","Noise (LM.RMSE) | Noise (LM.MAE)",7.49569294141237,"HM","SE",1,3,0.35,0.35,0.0227349430861571,2,0.5,1,0.05,0.017,20,"LGR2 Mar2023",0.686673516530571,0.0661439558759729,FALSE,"wassmann | mad | 0.95",TRUE,"emission",1.00067771560644,FALSE,0.628144259058555,FALSE,FALSE,FALSE,0.55824984359164,0.81297709923663,FALSE,FALSE,NA,FALSE,"stem"
"Mar_23_82_FLM30_stem",4.7927607869945,463.6189747771,537.392561978443,0.412076184211863,0.395836610290243,0.50327087712887,271.232465721633,0.00841853802819588,0.175651120561664,0.999444946865099,1.50115567621795e-293,4.91416088291649,463.310843755321,1971.41490691066,0.422514027975365,0.374305870141206,0.4835601700087,258.861233671609,0.0328866043500252,0.669221157661966,0.99948757300145,0.000280162382887131,463.013,536.912,0.0226117311471627,0.35,11.6307638505271,181,1.17736052631961,1,1.02532988841242,"Noise (HM.RMSE) | Noise (HM.MAE)","Noise (LM.RMSE) | Noise (LM.MAE)",4.91416088291649,"HM","",0,4,0.35,0.35,0.0260152951186508,2,0.5,1,0.05,0.023,20,"LGR2 Mar2023",0.686673516530571,0.0869515695430153,FALSE,"wassmann | mad | 0.95",TRUE,"emission",0.929751514317872,FALSE,0.412076184211863,FALSE,FALSE,FALSE,0.479098926800762,0.697709923664185,FALSE,FALSE,NA,FALSE,"stem"
"Mar_23_83_FLM30_stem",4.78051410834813,467.576661330448,541.165299544496,0.41099949831368,1.91485567094911,2.49015799953946,850.060652918396,0.0416538774337194,0.871326315322026,0.986517453047937,1.49917156333414e-169,7.14166959428244,462.049912010298,593.131047459374,0.61399727180941,0.792229914573189,0.99487943419763,520.024614808317,0.0897100550562792,1.25614961420366,0.997847916882713,0.00468410095553332,461.064,537.809,0.0226106503983917,0.35,11.6314353860831,181,1.17428428089623,1,1.49391246054709,"Noise (HM.RMSE) | Noise (HM.MAE) | Noise (HM.SE)","Noise (LM.RMSE) | Noise (LM.MAE) | Noise (LM.SE)",7.14166959428244,"HM","SE",1,3,0.35,0.35,0.0260152951186508,2,0.5,1,0.05,0.023,20,"LGR2 Mar2023",0.686673516530571,0.086947413331365,FALSE,"wassmann | mad | 0.95",TRUE,"emission",0.9258378321936,FALSE,0.41099949831368,FALSE,FALSE,FALSE,0.505832017902329,0.736641221374101,FALSE,FALSE,NA,FALSE,"stem"
"Mar_23_84_FLM30_stem",6.36272694414195,536.886773784803,634.833214902309,0.546994304447755,0.661037966080108,0.816891376578957,446.57715103909,0.0136633263151315,0.214740101768961,0.999170644960503,6.10681713124885e-278,6.88129639978787,535.584602885821,1206.20893185975,0.59157496006744,0.469606786987566,0.571897990740367,319.599361570368,0.0404759820401027,0.588202857260305,0.999593510804597,0.000882125706612171,534.488,633.788,0.0226101812867959,0.35,11.6321630634998,181,1.56284086985073,1,1.08150113311453,"Noise (HM.RMSE) | Noise (HM.MAE) | Noise (HM.SE)","Noise (LM.RMSE) | Noise (LM.MAE)",6.88129639978787,"HM","SE",1,3,0.35,0.35,0.0260152951186508,2,0.5,1,0.05,0.023,20,"LGR2 Mar2023",0.686673516530571,0.0869453678169778,FALSE,"wassmann | mad | 0.95",TRUE,"emission",1.07327661941399,FALSE,0.546994304447755,FALSE,FALSE,FALSE,0.538855248086619,0.784732824427529,FALSE,FALSE,NA,FALSE,"stem"
"Mar_23_85_FLM30_stem",1.28639545318147,500.486861798457,560.71922967186,0.336403466784796,0.53868528250918,0.660347439600066,369.565266741249,0.00363152450762408,0.282302343236889,0.998567540342316,1.06670655550606e-256,1.41902943963851,499.477935280604,834.63166866903,0.371088394150863,0.38379157752903,0.483608205322333,258.897191802567,0.0114207123032852,0.804825607155447,0.999231710805769,0.00110721844092004,499.712,560.162,0.00743350737766705,0.35,3.8239661008143,181,0.961152762242274,1,1.10310514245757,"Noise (HM.RMSE) | Noise (HM.MAE)","Noise (LM.RMSE) | Noise (LM.MAE)",1.41902943963851,"HM","",0,4,0.35,0.35,0.0260152951186508,2,0.5,1,0.05,0.0074,20,"LGR2 Mar2023",0.686673516530571,0.0285850261468825,FALSE,"wassmann | mad | 0.95",TRUE,"emission",1.00344480332693,FALSE,0.336403466784796,FALSE,FALSE,FALSE,0.533089287260806,0.776335877862668,FALSE,FALSE,NA,FALSE,"stem"
"Mar_23_86_FLM30_stem",2.61522046588095,541.043920759163,632.119425409547,0.508676664372915,0.711412678277577,0.85104025781949,461.4022463353,0.00629211482381449,0.240595961445834,0.998959123188655,4.12882807071171e-269,2.88542531420764,539.515378407841,1045.36978364012,0.561233189812124,0.398034849717093,0.509997809811246,278.130738857977,0.016194364004335,0.561247034348629,0.999626203056061,0.00110947573848727,538.601,631.326,0.00999438057880905,0.35,5.14122358867185,181,1.45336189820833,1,1.10332010316219,"Noise (HM.RMSE) | Noise (HM.MAE)","Noise (LM.RMSE) | Noise (LM.MAE)",2.88542531420764,"HM","",0,4,0.35,0.35,0.0260152951186508,2,0.5,1,0.05,0.01,20,"LGR2 Mar2023",0.686673516530571,0.0384324692956528,FALSE,"wassmann | mad | 0.95",TRUE,"emission",1.08153571360441,FALSE,0.508676664372915,FALSE,FALSE,FALSE,0.495872631021288,0.722137404580116,FALSE,FALSE,NA,FALSE,"stem"
"Mar_23_88_FLM30_stem",1.48937345298127,435.839634595994,487.516728703245,0.288634350526483,0.459476726387407,0.565225506698267,313.259301035517,0.00419447114417257,0.28162655482925,0.998574380674122,6.95006074775837e-257,1.6182628041848,435.110882194407,770.499912097355,0.313612568111835,0.369956078949536,0.461293784505186,241.796322967229,0.0145360118831719,0.898247914095414,0.99905045560123,0.000935071037363936,435.183,486.449,0.0100312402811208,0.35,5.16006999951523,181,0.824669572932808,1,1.086539310168,"Noise (HM.RMSE) | Noise (HM.MAE)","Noise (LM.RMSE) | Noise (LM.MAE)",1.6182628041848,"HM","",0,4,0.35,0.35,0.0260152951186508,2,0.5,1,0.05,0.01,20,"LGR2 Mar2023",0.686673516530571,0.0385744241268178,FALSE,"wassmann | mad | 0.95",TRUE,"emission",0.873867587422803,FALSE,0.288634350526483,FALSE,FALSE,FALSE,0.388416088358141,0.565648854961844,FALSE,FALSE,NA,FALSE,"stem"
"Mar_23_89_FLM30_stem",1.43049690354648,500.70840300508,550.364563839659,0.277325057222769,0.606751251463691,0.727698589829055,404.723002625561,0.0053980018563332,0.37735152330288,0.99744342159874,3.50268883033745e-234,1.63959243473728,499.53875356854,705.195363636418,0.317861621831018,0.412777245253915,0.510263973047007,278.319614095979,0.0167265252088892,1.02016360008208,0.998742969366643,0.001545593996352,499.283,549.16,0.0100268168204028,0.35,5.15819564907689,181,0.792357306350768,1,1.14616985934916,"Noise (HM.RMSE) | Noise (HM.MAE)","Noise (LM.RMSE) | Noise (LM.MAE)",1.63959243473728,"HM","",0,4,0.35,0.35,0.0260152951186508,2,0.5,1,0.05,0.01,20,"LGR2 Mar2023",0.686673516530571,0.0385574139474934,FALSE,"wassmann | mad | 0.95",TRUE,"emission",1.00258335148942,FALSE,0.277325057222769,FALSE,FALSE,FALSE,0.461801044323236,0.672519083969472,FALSE,FALSE,NA,FALSE,"stem"
"Mar_23_8_MI_stem",2.2602093829554,461.829064093406,527.243204855218,0.432727650465223,1.39326571450955,1.64223876011718,592.150750008506,0.0158916638590406,0.703105826339904,0.992541436998307,9.60195615337196e-163,2.9423185776386,458.733694926731,615.787910161164,0.56332064392941,0.753469773873887,0.92393315334072,418.256101653893,0.0434362977250173,1.47626086634975,0.997639175690477,0.0035867909886312,460.781,524.52,0.0120138330509716,0.35,5.22316838437632,153,1.23636471561492,1,1.3017902676748,"Noise (HM.RMSE) | Noise (HM.MAE) | Noise (HM.SE)","Noise (LM.RMSE) | Noise (LM.MAE)",2.9423185776386,"HM","SE",1,3,0.35,0.35,0.0282958229209055,2,0.5,1,0.05,0.012,20,"LGR3 Mar2023",0.897393175801846,0.0603756092618124,FALSE,"wassmann | mad | 0.95",TRUE,"emission",0.959812445581306,FALSE,0.432727650465223,FALSE,FALSE,FALSE,0.827153289378068,0.921728971962577,FALSE,FALSE,NA,FALSE,"stem"
"Mar_23_90_FLM30_stem",0.986106389463827,446.92997788068,498.671468812486,0.191261129920574,6.52361472122805,7.43878228776822,1876.4917702506,0.0297231960308665,3.0141976918969,0.801701370013765,2.00693776448612e-97,0.986569446837279,446.924461378952,15969.7795122025,0.191350942619701,6.53024619615052,7.44382443013226,1878.9217680437,0.118882921749213,12.0501321149084,0.801435076331733,1.2327045636463e-05,457.336,504.786,0.00664584915319173,0.35,5.15581179444738,273,0.546460371201639,1,1.00046958155672,"Noise (HM.RMSE) | Noise (HM.MAE) | Noise (HM.SE)","Noise (LM.RMSE) | Noise (LM.MAE) | Noise (LM.SE)",0.986106389463827,"LM","MAE | SE | AICc | Intercept",3,1,0.35,0.35,0.0211829636434081,2,0.5,1,0.05,0.0066,20,"LGR2 Mar2023",0.686673516530571,0.0255557612160993,FALSE,"wassmann | mad | 0.95",TRUE,"emission",0.918351835806075,FALSE,0.191261129920574,FALSE,TRUE,FALSE,0.60595006496896,0.882442748091601,FALSE,TRUE,"convex (accelerating) trace",FALSE,"stem"
"Mar_23_91_FLM30_stem",1.65653367707323,506.529929856421,564.090592784063,0.321483537561178,0.743116125852974,0.913719672524788,487.127554230017,0.00677096714795006,0.408743102640268,0.997001689821587,5.48854645803314e-228,1.94866687270497,504.902548551368,709.883811176432,0.378177835099802,0.445979459663834,0.561600697628852,313.021987119566,0.0187520226994365,0.962300070991948,0.99886732351239,0.00184493855807463,504.553,562.902,0.0100166773760573,0.35,5.15277917382627,181,0.918524393031937,1,1.17635210178635,"Noise (HM.RMSE) | Noise (HM.MAE)","Noise (LM.RMSE) | Noise (LM.MAE)",1.94866687270497,"HM","",0,4,0.35,0.35,0.0260152951186508,2,0.5,1,0.05,0.01,20,"LGR2 Mar2023",0.686673516530571,0.0385182095564656,FALSE,"wassmann | mad | 0.95",TRUE,"emission",1.01316575518101,FALSE,0.321483537561178,FALSE,FALSE,FALSE,0.569781765243324,0.829770992366438,FALSE,FALSE,NA,FALSE,"stem"
"Mar_23_92_FLM30_stem",1.45471072879024,477.863083472858,528.427037108223,0.28240761387737,0.742226790752169,0.935659441254971,495.716997944311,0.00693108296604184,0.476457815898962,0.995930320180335,4.1198045998447e-216,1.706060550157,476.46218111995,659.423453091126,0.331202952975282,0.585347365568711,0.711731995039894,398.783528086619,0.0237048593750498,1.38945006218381,0.997645180556176,0.00181023529956361,475.623,527.982,0.010013474761366,0.35,5.15110307692312,181,0.806878896792487,1,1.17278336949902,"Noise (HM.RMSE) | Noise (HM.MAE)","Noise (LM.RMSE) | Noise (LM.MAE)",1.706060550157,"HM","",0,4,0.35,0.35,0.0260152951186508,2,0.5,1,0.05,0.01,20,"LGR2 Mar2023",0.686673516530571,0.0385061080614175,FALSE,"wassmann | mad | 0.95",TRUE,"emission",0.955072977420524,FALSE,0.28240761387737,FALSE,FALSE,FALSE,0.574499369555374,0.836641221374083,FALSE,FALSE,NA,FALSE,"stem"
"Mar_23_93_FLM30_stem",1.20602698783675,479.690480189031,566.8140184848,0.234211874321812,3.46374984283359,4.27759242029012,2160.31133945317,0.010592479615399,0.878295404848168,0.971956440243841,8.43228264850862e-292,2.19237427583412,469.287689336855,593.32854917555,0.42576168985991,0.838032906275299,1.07418954313818,1125.98685592476,0.016657857874132,0.759809037067552,0.998231536183835,0.00343243097809529,469.962,558.517,0.00483196333377398,0.35,5.14929907515983,375,0.669176783776605,1,1.81784843784182,"Noise (HM.RMSE) | Noise (HM.MAE)","Noise (LM.RMSE) | Noise (LM.MAE) | Intercept (LM)",2.19237427583412,"HM","Intercept (LM)",0,4,0.35,0.35,0.0180739222823013,2,0.5,1,0.05,0.0048,20,"LGR2 Mar2023",0.686673516530571,0.0185806275839282,FALSE,"wassmann | mad | 0.95",TRUE,"emission",0.943705427648588,FALSE,0.234211874321812,FALSE,FALSE,FALSE,0.513694691755725,0.74809160305348,FALSE,FALSE,NA,FALSE,"stem"
"Mar_23_94_SE1_leaves",-0.537793424366556,312.72666397588,234.855222646114,-0.145516288859444,14.5551356937941,16.8380917447335,4579.54849165465,0.0173520166415473,-3.22652078946214,0.640752436644688,1.09402815007161e-121,-3.76343316088582,362.135696468226,251.386570444531,-1.01831075303257,5.28951009495041,6.11548771223079,3489.75948058961,0.10884926404906,-2.89228636183456,0.95261179223008,0.00919475204539946,375.707,265.3,0.00241265109886004,0.35,3.69576099405625,539,0.415760825312698,1,6.99791591040483,"Noise (HM.RMSE) | Noise (HM.MAE) | Noise (HM.SE) | Exaggerated curvature (g-fact)","Noise (LM.RMSE) | Noise (LM.MAE)",-0.537793424366556,"LM","SE | g-fact. > 2 | Intercept",1,3,0.35,0.35,0.0150755672288882,2,0.5,1,0.05,0.0024,20,"LGR2 Mar2023",0.686673516530571,0.00927747358461998,FALSE,"wassmann | mad | 0.95",TRUE,"uptake",0.754437029175908,FALSE,-0.145516288859444,NA,FALSE,FALSE,0.49692098753514,0.723664122137462,FALSE,FALSE,"CO2 slope <= 0",FALSE,"leaves"
"Mar_23_95_SE1_leaves",-0.841919431492635,459.387507403015,418.496332629742,-0.228381075192451,17.4852945965284,22.1007731250672,1640.40310016307,0.117165854711362,-13.9165162756297,0.21954396472805,1.74014392328292e-11,-0.84827673121769,458.943178180128,0,-0.230105571494852,17.5445434609455,22.2158087885465,1644.37412152861,0.485982814324962,-57.2905982729646,0.211473863337119,0.000501381396292461,434.034,350.359,0.0071662204258321,0.35,3.68646758836374,181,0.652517357692718,1,1.00755095973232,"Noise (HM.RMSE) | Noise (HM.MAE) | Noise (HM.SE)","Noise (LM.RMSE) | Noise (LM.MAE) | Noise (LM.SE)",-0.841919431492635,"LM","RMSE | MAE | SE | AICc | Intercept",4,0,0.35,0.35,0.0260152951186508,2,0.5,1,0.05,0.0072,20,"LGR2 Mar2023",0.686673516530571,0.027557040092679,FALSE,"wassmann | mad | 0.95",TRUE,"uptake",0.871560342291562,FALSE,-0.228381075192451,NA,TRUE,FALSE,0.933561475527483,1.35954198473289,FALSE,TRUE,"CO2 slope <= 0; convex (accelerating) trace",FALSE,"leaves"
"Mar_23_96_SE1_leaves",6.31208695230256,245.429277893901,552.300854293561,1.7141173704402,28.0969574128571,34.6728837306902,1803.42811390656,0.183637312260392,2.90929630165193,0.867693129818627,9.33810540614585e-81,11.20624256177,210.528384239061,656.509417179413,3.04317972449495,27.0644105488694,31.5067610522376,1770.85620344272,1.02365039640249,9.13464429098349,0.890752882216712,0.00682356311081499,256.386,520.117,0.00715921210187985,0.35,3.6824123371911,181,4.89747820125772,1,1.77536251424454,"Noise (HM.RMSE) | Noise (HM.MAE) | Noise (HM.SE) | Intercept (HM)","Noise (LM.RMSE) | Noise (LM.MAE) | Noise (LM.SE)",11.20624256177,"HM","SE | Intercept (HM)",1,3,0.35,0.35,0.0260152951186508,2,0.5,1,0.05,0.0072,20,"LGR2 Mar2023",0.686673516530571,0.0275301667623465,FALSE,"wassmann | mad | 0.95",TRUE,"emission",0.514834943619082,FALSE,1.7141173704402,NA,FALSE,FALSE,1.49233549737606,2.17328244274821,TRUE,TRUE,"closure sigma = 1.49 ppm = 2.2x campaign sigma (disturbed closure?)",FALSE,"leaves"
"Mar_23_97_SE1_leaves",-0.0618232957925133,453.330332687237,450.32007157672,-0.0168145649055777,16.5919808820343,22.4498938780007,1646.07683338484,0.118724026258086,-192.037685367888,-0.00406556839260008,0.603197674311418,-0.0606142545104107,453.298206054675,0,-0.01648573249943,16.5906505499908,22.4502752192497,1648.1746618901,0.361278133638809,-596.028337817399,-0.00409947663199905,3.63684044614143e-05,435.642,471.333,0.00714820369476191,0.35,3.67677047486405,181,0.0480416140159363,1,0.980443597084176,"Noise (HM.RMSE) | Noise (HM.MAE) | Noise (HM.SE)","Noise (LM.RMSE) | Noise (LM.MAE) | Noise (LM.SE) | No detect. flux (p-val.)",-0.0606142545104107,"HM","SE | AICc | p-value | Intercept",2,2,0.35,0.35,0.0260152951186508,2,0.5,1,0.05,0.0071,20,"LGR2 Mar2023",0.686673516530571,0.0274877585031108,FALSE,"wassmann | mad | 0.95",TRUE,"uptake",0.874789280647555,FALSE,-0.0168145649055778,NA,TRUE,FALSE,0.901586601856985,1.31297709923672,FALSE,TRUE,"CO2 slope <= 0; convex (accelerating) trace",FALSE,"leaves"
"Mar_23_98_SE1_leaves",0.459723194923114,463.611325535057,486.017491570898,0.125162225044854,9.18779969753115,11.1881068030542,1393.96752062677,0.0591093003402864,12.8575849539574,0.248401841086499,5.63707003383129e-13,0.460014385645077,463.607646915974,6097.20844230377,0.125241503356403,9.18596136959237,11.1887233328707,1396.07914789147,0.236018388765062,51.3067408607437,0.248320157765639,2.22311640290412e-05,454.12,493.009,0.00714130637839107,0.35,3.67301871437938,181,0.357606357271012,1,1.00063340445985,"Noise (HM.RMSE) | Noise (HM.MAE) | Noise (HM.SE)","Noise (LM.RMSE) | Noise (LM.MAE) | Noise (LM.SE)",0.460014385645077,"HM","SE | AICc | Intercept",2,2,0.35,0.35,0.0260152951186508,2,0.5,1,0.05,0.0071,20,"LGR2 Mar2023",0.686673516530571,0.0274613880567278,FALSE,"wassmann | mad | 0.95",TRUE,"emission",0.91189395909409,FALSE,0.125162225044854,NA,TRUE,FALSE,1.28266419461861,1.86793893129779,TRUE,TRUE,"convex (accelerating) trace; closure sigma = 1.28 ppm = 1.9x campaign sigma (disturbed closure?)",FALSE,"leaves"
"Mar_23_9_MI_stem",1.13667064703198,471.273826129452,490.109859713278,0.217677085583481,1.63646473174018,1.86503836422003,365.716461867773,0.041561566998623,3.65643004041201,0.89567996284484,3.39167214636734e-44,2.53683608695493,468.060607090319,492.007465041612,0.485814503482832,1.02722292879377,1.31700464911565,306.678461253849,0.212782451050934,8.38770987787177,0.947980423806767,0.0202871919343643,469.46,487.268,0.0208796456167412,0.35,5.22182040422467,88,0.621934530238518,1,2.23181278902467,"Noise (HM.RMSE) | Noise (HM.MAE) | Noise (HM.SE) | Exaggerated curvature (g-fact)","Noise (LM.RMSE) | Noise (LM.MAE) | Intercept (LM)",1.13667064703198,"LM","SE | g-fact. > 2 | Intercept (LM)",1,3,0.35,0.35,0.0373101253622318,2,0.5,1,0.05,0.021,20,"LGR3 Mar2023",0.897393175801846,0.104933873139458,FALSE,"wassmann | mad | 0.95",TRUE,"emission",0.977890908484942,FALSE,0.217677085583481,FALSE,FALSE,FALSE,0.739091342220002,0.823598130841147,FALSE,FALSE,NA,FALSE,"stem"
"Oct_22_100_FLM30_root",1.42936863654794,462.270406333041,476.197399434067,0.123892405689354,0.508724857630122,0.616941774615479,219.616584190668,0.0205476133212482,1.43753072481517,0.977176846393835,5.42119561472593e-94,1.57886683144621,462.034587370866,538.56982945685,0.136850358269659,0.507264101765857,0.60767172723994,218.313491998265,0.0868871851721626,5.50313575797748,0.97785756605349,0.00178806984259505,462.659,475.589,0.0356048038789209,0.35,11.5371771868884,114,0.353978301969582,1,1.1045903702346,"Noise (HM.RMSE) | Noise (HM.MAE) | Noise (HM.SE)","Noise (LM.RMSE) | Noise (LM.MAE)",1.57886683144621,"HM","SE",1,3,0.35,0.35,0.0327805034053593,2,0.5,1,0.05,0.036,20,"LGR3 Oct2022",1.04730815727329,0.208824897763499,FALSE,"wassmann | mad | 0.95",TRUE,"emission",0.905474525767799,FALSE,0.123892405689354,FALSE,FALSE,FALSE,0.704495577265008,0.672672672672759,FALSE,FALSE,NA,FALSE,"root"
"Oct_22_101_FLM30_stem",1.55401295682104,442.03214955171,497.140454321793,0.304433814979782,0.539738370002902,0.666868943921063,377.176385166485,0.00481541528204045,0.309869699663964,0.998255481646842,8.4715113532127e-252,1.64745277447006,441.489476984257,938.765349746712,0.322738836204378,0.500668839701308,0.620521003489776,352.90255008013,0.0186770799403291,1.13369440567648,0.998489545910043,0.000649013664008081,442.248,496.447,0.00981551442458351,0.35,5.10460034449277,183,0.869810899942233,1,1.06012808145446,"Noise (HM.RMSE) | Noise (HM.MAE)","Noise (LM.RMSE) | Noise (LM.MAE)",1.64745277447006,"HM","",0,4,0.35,0.35,0.02587274448341,2,0.5,1,0.05,0.0098,20,"LGR3 Oct2022",1.04730815727329,0.0575681024710566,FALSE,"wassmann | mad | 0.95",TRUE,"emission",0.865527954869045,FALSE,0.304433814979781,FALSE,FALSE,FALSE,0.63425569084123,0.60560560560565,FALSE,FALSE,NA,FALSE,"stem"
"Oct_22_102_FLM30_stem",1.39018983584579,456.64450254191,515.976060796245,0.272345507974758,0.492373738895053,0.618157960971609,418.79911400211,0.003382946971249,0.24334424580157,0.998704832292617,5.74612970456487e-317,1.47311769984043,456.064103950213,995.435442934287,0.288591513133574,0.438038365906635,0.561144747771637,378.29738982002,0.0128029348531441,0.869104678772846,0.998932723667361,0.000535051628210625,456.027,515.518,0.00816333179260157,0.35,5.10450804268317,220,0.778130022785023,1,1.05965218695776,"Noise (HM.RMSE) | Noise (HM.MAE)","Noise (LM.RMSE) | Noise (LM.MAE)",1.47311769984043,"HM","",0,4,0.35,0.35,0.0235969951862135,2,0.5,1,0.05,0.0082,20,"LGR3 Oct2022",1.04730815727329,0.0478775483624636,FALSE,"wassmann | mad | 0.95",TRUE,"emission",0.892494972673853,FALSE,0.272345507974758,FALSE,FALSE,FALSE,0.542000317628025,0.517517517517617,FALSE,FALSE,NA,FALSE,"stem"
"Oct_22_103_FLM30_stem",1.45362101996984,447.119707904382,514.247279765622,0.284777942806258,0.496501925006673,0.611343996892089,447.279861298279,0.00297270771573683,0.204503627485967,0.999009802340596,0,1.48246061754527,446.899431446615,2184.55790495761,0.290427889495294,0.489755081432454,0.6036719590281,443.337628462293,0.0118941092635829,0.802322107097706,0.999034499965194,0.000167137497916075,446.619,514.386,0.0075470942411639,0.35,5.10440171610755,238,0.813651265160737,1,1.01983983251427,"Noise (HM.RMSE) | Noise (HM.MAE)","Noise (LM.RMSE) | Noise (LM.MAE)",1.48246061754527,"HM","",0,4,0.35,0.35,0.0226871303243258,2,0.5,1,0.05,0.0075,20,"LGR3 Oct2022",1.04730815727329,0.0442632684383198,FALSE,"wassmann | mad | 0.95",TRUE,"emission",0.874082482398243,FALSE,0.284777942806258,FALSE,FALSE,FALSE,0.601756638913792,0.574574574574582,FALSE,FALSE,NA,FALSE,"stem"
"Oct_22_104_FLM30_stem",0.668997878159203,480.292633840784,503.23437169494,0.131037239659803,0.449793749872583,0.574441283979139,312.20045280287,0.00436170521415906,0.651975941412641,0.992573963181831,1.8034687092979e-188,0.734881336074052,479.925317038413,612.790185199847,0.143941894138169,0.431654754446352,0.550292022133019,299.090406810378,0.017886188407172,2.43388796655596,0.993185213679848,0.00108337061655212,479.675,503.21,0.0101482919329662,0.35,5.10540270762757,177,0.374392113313724,1,1.09848081745212,"Noise (HM.RMSE) | Noise (HM.MAE)","Noise (LM.RMSE) | Noise (LM.MAE)",0.734881336074052,"HM","",0,4,0.35,0.35,0.026307610980099,2,0.5,1,0.05,0.01,20,"LGR3 Oct2022",1.04730815727329,0.059519574484659,FALSE,"wassmann | mad | 0.95",TRUE,"emission",0.938776708434655,FALSE,0.131037239659803,FALSE,FALSE,FALSE,0.536758535059034,0.512512512512559,FALSE,FALSE,NA,FALSE,"stem"
"Oct_22_105_FLM30_stem",0.797538587682211,435.690777468759,464.897751989922,0.156189535256931,0.386195732288424,0.491980414421084,274.366906903456,0.00338511478681836,0.424445266862398,0.996624480636948,2.81474440906119e-233,0.81658377893158,435.575148045228,1064.30644347182,0.15991933543972,0.383355434228594,0.489463190060732,274.515561712295,0.0136813438990284,1.67543664863502,0.996658993539483,0.000254352434184486,435.32,465.356,0.0095064178081224,0.35,5.10622293849753,189,0.446255815019804,1,1.0238799621028,"Noise (HM.RMSE) | Noise (HM.MAE)","Noise (LM.RMSE) | Noise (LM.MAE)",0.81658377893158,"HM","AICc",1,3,0.35,0.35,0.0254587538608658,2,0.5,1,0.05,0.0095,20,"LGR3 Oct2022",1.04730815727329,0.0557551888955657,FALSE,"wassmann | mad | 0.95",TRUE,"emission",0.851969097234114,FALSE,0.156189535256931,FALSE,FALSE,FALSE,0.456035083497394,0.435435435435448,FALSE,FALSE,NA,FALSE,"stem"
"Oct_22_106_FLM30_stem",0.601513949119853,517.676812149879,537.366635892648,0.117795920770382,0.495592206928584,0.627327231888219,328.141681707381,0.0051078042645037,0.849158073886324,0.988030171117522,1.24837036848217e-162,0.763493041345451,516.840788592875,567.946580022553,0.149516675280205,0.407108803551325,0.511139927967277,261.009306278965,0.0198474291997502,2.59955600443645,0.992053438004037,0.00292563075724872,516.737,537.042,0.0106287320621102,0.35,5.10640729480248,169,0.336559773629663,1,1.26928567901478,"Noise (HM.RMSE) | Noise (HM.MAE)","Noise (LM.RMSE) | Noise (LM.MAE)",0.763493041345451,"HM","",0,4,0.35,0.35,0.0269230769230769,2,0.5,1,0.05,0.011,20,"LGR3 Oct2022",1.04730815727329,0.062337802437509,FALSE,"wassmann | mad | 0.95",TRUE,"emission",1.01131111687371,FALSE,0.117795920770382,FALSE,FALSE,FALSE,0.569257586986443,0.543543543543599,FALSE,FALSE,NA,FALSE,"stem"
"Oct_22_107_SRS5_stem",0.329384607448103,428.212991274802,443.353541900766,0.0623868944003216,0.481283211030883,0.609778268417892,458.996124009557,0.00293595669927827,0.891346053485772,0.980981429610244,2.60745964408788e-211,0.346836988410674,428.081218891739,581.671149075269,0.0656924521693428,0.479573056156249,0.606888449192317,458.735511327823,0.0121269794760109,3.49644930651165,0.981161265466401,0.000427713275804242,428.323,443.633,0.00758304850312051,0.35,5.27970835243893,245,0.178248269715205,1,1.05298481036434,"Noise (HM.RMSE) | Noise (HM.MAE)","Noise (LM.RMSE) | Noise (LM.MAE)",0.346836988410674,"HM","",0,4,0.35,0.35,0.0223606797749979,2,0.5,1,0.05,0.0076,20,"LGR3 Oct2022",1.04730815727329,0.0444742936782182,FALSE,"wassmann | mad | 0.95",TRUE,"emission",0.838275199013617,FALSE,0.0623868944003216,FALSE,FALSE,FALSE,0.549338813224511,0.524524524524601,FALSE,FALSE,NA,FALSE,"stem"
"Oct_22_108_SRS5_stem",0.289516901378737,429.782011071649,436.867281826337,0.0547933303470917,0.542096560111473,0.653272268491616,266.401415043809,0.00808042681432258,2.7910034874793,0.907980647447094,6.60937355112843e-69,0.2911406726163,429.775208476508,992.494168012932,0.0551006417109677,0.542077257434347,0.653825731353821,268.75177565757,0.0323969112835893,11.1275800088179,0.907825888404818,9.79185804515285e-05,430.649,436.773,0.0141918775904177,0.35,5.28379822041798,131,0.156552372420262,1,1.00560855421507,"Noise (HM.RMSE) | Noise (HM.MAE)","Noise (LM.RMSE) | Noise (LM.MAE)",0.2911406726163,"HM","AICc | Intercept",1,3,0.35,0.35,0.0305796419831363,2,0.5,1,0.05,0.014,20,"LGR3 Oct2022",1.04730815727329,0.0832359717531246,FALSE,"wassmann | mad | 0.95",TRUE,"emission",0.84282743672419,FALSE,0.0547933303470917,FALSE,FALSE,FALSE,0.659940425429034,0.630130130130194,FALSE,FALSE,NA,FALSE,"stem"
"Oct_22_109_SRS5_stem",-0.00104643742963885,456.660074710569,456.619328106054,-0.000197912418383283,0.510911933838875,0.627611185216118,402.608951464078,0.00387146553810612,-369.966271126429,-0.00449811670070521,0.787203993677145,-0.0010446751983905,456.660050692761,404.185339722186,-0.000197579128080171,0.510910351706235,0.627611348879387,404.688457221264,0.00897604009802106,-859.218263422942,-0.00449863933608952,3.76522565681139e-06,456.998,456.306,0.00894510737456244,0.35,5.28737629597498,208,0.000565464052523666,1,0.998315970741835,"Noise (HM.RMSE) | Noise (HM.MAE) | MDF (HM)","Noise (LM.RMSE) | Noise (LM.MAE) | No detect. flux (p-val.) | MDF (LM)",-0.0010446751983905,"HM","AICc | p-value | MDF | Intercept",1,3,0.35,0.35,0.0242681335848538,2,0.5,1,0.05,0.0089,20,"LGR3 Oct2022",1.04730815727329,0.0524626939158714,TRUE,"wassmann | mad | 0.95",FALSE,"below detection",0.894395326421473,FALSE,-0.000197912418383283,TRUE,TRUE,FALSE,0.659416247172153,0.629629629629705,FALSE,TRUE,"CO2 slope <= 0; convex (accelerating) trace",FALSE,"stem"
"Oct_22_110_SRS5_root",-0.435623757432695,549.693672292824,543.279096881001,-0.0364338235490042,0.510694953832113,0.644147944026646,354.701689361259,0.0113581291064422,-2.60732545290464,0.892531171449381,2.18345713793765e-87,-0.47604276657772,549.790519501791,510.650933086357,-0.0398143073313722,0.512121515390592,0.642724927722618,356.00764654866,0.0483222436562816,-10.1508198525252,0.893005475448809,0.00101723883611789,550.971,542.59,0.0236348003139494,0.35,11.956575374165,178,0.104096638711441,1,1.092784216782,"Noise (HM.RMSE) | Noise (HM.MAE) | Noise (HM.SE)","Noise (LM.RMSE) | Noise (LM.MAE)",-0.47604276657772,"HM","SE | AICc | Intercept",2,2,0.35,0.35,0.0262336091148551,2,0.5,1,0.05,0.024,20,"LGR3 Oct2022",1.04730815727329,0.138617714707518,FALSE,"wassmann | mad | 0.95",TRUE,"uptake",1.07831081841445,FALSE,-0.0364338235490042,TRUE,FALSE,FALSE,0.630062264786091,0.601601601601655,FALSE,TRUE,"CO2 slope <= 0",FALSE,"root"
"Oct_22_111_SRS5_root",-2.58065803570023,536.655516934709,499.097578894852,-0.215772094285838,0.681667575142719,0.850435787624451,448.579656487988,0.0152588437090365,-0.59127724394124,0.993918838988273,5.92438766490197e-195,-3.09183952852572,537.843477714133,415.657679514678,-0.258512627801425,0.531604745153619,0.67104788601279,367.282279463996,0.0549973559520488,-1.77879076338328,0.99621373966142,0.00211573383822752,538.189,500.735,0.0239116123168079,0.35,11.9601102461451,176,0.616491697959536,1,1.19808184027249,"Noise (HM.RMSE) | Noise (HM.MAE) | Noise (HM.SE)","Noise (LM.RMSE) | Noise (LM.MAE)",-3.09183952852572,"HM","SE",1,3,0.35,0.35,0.0263822426505543,2,0.5,1,0.05,0.024,20,"LGR3 Oct2022",1.04730815727329,0.140241257747541,FALSE,"wassmann | mad | 0.95",TRUE,"uptake",1.05329503921559,FALSE,-0.215772094285838,TRUE,FALSE,FALSE,0.726511064054376,0.693693693693626,FALSE,TRUE,"CO2 slope <= 0",FALSE,"root"
"Oct_22_112_SRS5_root",0.394296521661208,429.319699574082,434.564381778531,0.032953091355526,0.532593815654279,0.659302484245068,328.914617887111,0.0135325017135402,3.43206215883581,0.841264307776571,1.18712215836977e-65,0.440050958445765,429.221155414285,455.576396459136,0.0367769905087061,0.533206112539496,0.657873862450976,330.319673199897,0.0584776029363074,13.2888252630666,0.841951481208779,0.00139543366141556,430.227,434.636,0.0261487910487358,0.35,11.9653879330228,161,0.0941516895872173,1,1.11604068073385,"Noise (HM.RMSE) | Noise (HM.MAE) | Noise (HM.SE)","Noise (LM.RMSE) | Noise (LM.MAE)",0.440050958445765,"HM","SE | AICc | Intercept",2,2,0.35,0.35,0.0275838642183685,2,0.5,1,0.05,0.026,20,"LGR3 Oct2022",1.04730815727329,0.153362686127951,FALSE,"wassmann | mad | 0.95",TRUE,"emission",0.8420015363313,FALSE,0.032953091355526,FALSE,FALSE,FALSE,0.620102877905081,0.592092092092113,FALSE,FALSE,NA,FALSE,"root"
"Oct_22_113_SRS5_stem",0.845527657962718,535.777916306498,570.728686034505,0.15972310569902,0.545739680671476,0.677492996536467,461.186050689021,0.00381919144259333,0.451693260016544,0.995531376851265,1.62013839327743e-259,0.852578878814942,535.728429578671,2512.33757773237,0.161055105761799,0.553094058777871,0.686853735511313,469.325827486815,0.0155612543406194,1.82519819893369,0.995407991949309,8.14805020568869e-05,535.588,570.899,0.00842866779707672,0.35,5.2937090990205,221,0.45635173056863,1,1.00833943252574,"Noise (HM.RMSE) | Noise (HM.MAE)","Noise (LM.RMSE) | Noise (LM.MAE)",0.852578878814942,"HM","RMSE | AICc",2,2,0.35,0.35,0.0235435477898709,2,0.5,1,0.05,0.0084,20,"LGR3 Oct2022",1.04730815727329,0.0494337262994448,FALSE,"wassmann | mad | 0.95",TRUE,"emission",1.04820459627268,FALSE,0.15972310569902,FALSE,TRUE,FALSE,0.556677308821056,0.531531531531642,FALSE,TRUE,"convex (accelerating) trace",FALSE,"stem"
"Oct_22_114_SRS5_stem",0.516040289343135,425.443871141549,441.153626722293,0.0974943716863109,0.445454253330897,0.556297146620158,277.541327914324,0.00495794155708141,0.960766370275534,0.985265211192715,1.36844106838911e-149,0.568121592927374,425.186342532453,514.245205783442,0.107333979318522,0.447352538432062,0.544165594520766,272.455579759749,0.0207905697153052,3.65952816688011,0.985900866915833,0.00120520266484909,425.064,440.809,0.0114260293101982,0.35,5.29302646314292,163,0.278555347675174,1,1.10092487865731,"Noise (HM.RMSE) | Noise (HM.MAE)","Noise (LM.RMSE) | Noise (LM.MAE)",0.568121592927374,"HM","",0,4,0.35,0.35,0.0274141157495785,2,0.5,1,0.05,0.011,20,"LGR3 Oct2022",1.04730815727329,0.0670136480016039,FALSE,"wassmann | mad | 0.95",TRUE,"emission",0.831896977732982,FALSE,0.097494371686311,FALSE,FALSE,FALSE,0.608046777996545,0.580580580580617,FALSE,FALSE,NA,FALSE,"stem"
"Oct_22_115_SRS5_stem",0.63053935521643,429.733016405786,448.106979658052,0.119166747183275,0.440758701635824,0.550857168280578,262.827442536491,0.00524298703069543,0.831508293228707,0.989396113779262,3.58186512629199e-154,0.669016757970083,429.549572605395,593.119381583781,0.126438659536215,0.433244261332027,0.544463146040112,261.291755864833,0.0216060876298112,3.22952861380751,0.989640852301582,0.000772995091978881,430.087,447.374,0.0119335544784642,0.35,5.29123576937684,156,0.340476420523642,1,1.06102299949294,"Noise (HM.RMSE) | Noise (HM.MAE)","Noise (LM.RMSE) | Noise (LM.MAE)",0.669016757970083,"HM","",0,4,0.35,0.35,0.0280224269158902,2,0.5,1,0.05,0.012,20,"LGR3 Oct2022",1.04730815727329,0.0699903791364953,FALSE,"wassmann | mad | 0.95",TRUE,"emission",0.841727540940293,FALSE,0.119166747183275,FALSE,FALSE,FALSE,0.542000317627965,0.51751751751756,FALSE,FALSE,NA,FALSE,"stem"
"Oct_22_116_SRS5_stem",1.35012221485714,507.116596759826,568.96765824406,0.345459458765708,0.652372782368777,0.784200714952916,431.7926618118,0.00440796464292634,0.32648634282288,0.998084973999406,2.05781725303135e-245,1.53358254640999,505.759346009221,777.869912710329,0.392401954893684,0.404774868037776,0.504007235949932,273.853417010111,0.0124359484340807,0.810908318120362,0.999208968550795,0.00144206805215582,505.98,566.603,0.00759757568486926,0.35,3.90819293146868,181,0.987027025044881,1,1.13588424035543,"Noise (HM.RMSE) | Noise (HM.MAE)","Noise (LM.RMSE) | Noise (LM.MAE)",1.53358254640999,"HM","",0,4,0.35,0.35,0.0260152951186508,2,0.5,1,0.05,0.0076,20,"LGR2 Oct2022",0.696108725154671,0.0296172151741597,FALSE,"wassmann | mad | 0.95",TRUE,"emission",1.00040334060928,FALSE,0.345459458765708,FALSE,FALSE,FALSE,0.479098926800732,0.688253012048196,FALSE,FALSE,NA,FALSE,"stem"
"Oct_22_117_SRS5_stem",1.25368375992452,561.796443138861,619.227451404436,0.320797025338401,0.413278595154639,0.506686818633269,273.681232724734,0.00284795251140169,0.227166738729483,0.999071972149014,1.42979155895407e-273,1.26983007931266,561.671993268031,2757.67468744634,0.324928602531514,0.428331078102611,0.521737536109037,286.369216606231,0.0118190842168443,0.930761084446968,0.999016574180744,0.000147963662974054,561.637,618.788,0.00759784588141037,0.35,3.9080280080591,181,0.91656292953829,1,1.0128791006985,"Noise (HM.RMSE) | Noise (HM.MAE)","Noise (LM.RMSE) | Noise (LM.MAE)",1.25368375992452,"LM","RMSE | MAE | AICc",3,1,0.35,0.35,0.0260152951186508,2,0.5,1,0.05,0.0076,20,"LGR2 Oct2022",0.696108725154671,0.029618268530578,FALSE,"wassmann | mad | 0.95",TRUE,"emission",1.11044612634842,FALSE,0.320797025338401,FALSE,TRUE,FALSE,0.382650127532269,0.549698795180661,FALSE,TRUE,"convex (accelerating) trace",FALSE,"stem"
"Oct_22_118_SRS5_stem",1.22223216516477,521.37645881175,581.077843142102,0.312623432592462,0.51372923063513,0.662375124662704,394.834891178041,0.00338149748405904,0.276665725255493,0.998532502359908,8.96872915263626e-273,1.33141954835143,520.507458454463,897.20821006176,0.340551460916768,0.443629362796055,0.538196482094824,316.783850999183,0.0116907277797739,0.878064904052927,0.99903116216084,0.000904037115571744,520.22,579.719,0.00712802350240303,0.35,3.90959869843821,193,0.893209807407033,1,1.08933440495074,"Noise (HM.RMSE) | Noise (HM.MAE)","Noise (LM.RMSE) | Noise (LM.MAE)",1.33141954835143,"HM","",0,4,0.35,0.35,0.0251935512762043,2,0.5,1,0.05,0.0071,20,"LGR2 Oct2022",0.696108725154671,0.0277867375399972,FALSE,"wassmann | mad | 0.95",TRUE,"emission",1.02855809686502,FALSE,0.312623432592462,FALSE,FALSE,FALSE,0.514743048269488,0.739457831325293,FALSE,FALSE,NA,FALSE,"stem"
"Oct_22_119_SRS5_stem",7.03449403676844,1097.66667564402,1741.66715049261,1.79843188863959,7.44873688683858,8.67179012833688,2590.11517355332,0.0172696854598202,0.24550003695438,0.997834955080767,0,8.38689238712277,1077.81903208612,3221.74049193621,2.14418473265481,0.632542648216699,0.805288344140317,876.233361337371,0.00730979410808191,0.0871573614000982,0.999981329660288,0.00100012279964992,1076.51,1722.95,0.00381244515465051,0.35,3.91145980073208,361,5.13837682468455,1,1.19225239843626,"Noise (HM.RMSE) | Noise (HM.MAE)","Noise (LM.RMSE) | Noise (LM.MAE)",8.38689238712277,"HM","",0,4,0.35,0.35,0.0184210526315789,2,0.5,1,0.05,0.0038,20,"LGR2 Oct2022",0.696108725154671,0.0148616413355691,FALSE,"wassmann | mad | 0.95",TRUE,"emission",2.12843234949859,TRUE,1.79843188863959,FALSE,FALSE,FALSE,0.539903604600381,0.775602409638549,FALSE,TRUE,"C0 > 1.5x group median",FALSE,"stem"
"Oct_22_120_SRS5_root",2.51325501443926,494.610567156639,532.320255400456,0.210638053908349,0.5225623393849,0.638168909008582,357.198215789193,0.01095164613115,0.435755467241889,0.996593687101487,4.99526992164277e-223,2.81499155483564,493.877469823673,677.968664369991,0.235926851621665,0.451174772677929,0.548667993047309,304.588261385845,0.0408973554167067,1.45284114072927,0.99748213461529,0.00128157597218646,493.936,531.228,0.023197038130616,0.35,11.9316285343806,181,0.601823011166712,1,1.12005806759077,"Noise (HM.RMSE) | Noise (HM.MAE) | Noise (HM.SE)","Noise (LM.RMSE) | Noise (LM.MAE)",2.81499155483564,"HM","SE",1,3,0.35,0.35,0.0260152951186508,2,0.5,1,0.05,0.023,20,"LGR2 Oct2022",0.696108725154671,0.0904277495477579,FALSE,"wassmann | mad | 0.95",TRUE,"emission",0.976590427382873,FALSE,0.210638053908349,FALSE,FALSE,FALSE,0.45918015303877,0.659638554216862,FALSE,FALSE,NA,FALSE,"root"
"Oct_22_121_SRS5_stem",1.08848657026486,574.494117539735,624.085422333385,0.277013896799882,0.358042340303663,0.45562442433361,235.228051074335,0.00257485897404917,0.236554041582952,0.998993767085341,1.99570585290199e-270,1.10678628546124,574.355421483376,2070.78912921386,0.28167107453212,0.357890111123013,0.453371294868842,235.525146691758,0.0103529432686082,0.935405814528484,0.999003772146104,0.000188228234285972,573.972,624.039,0.00763952564668389,0.35,3.92935727354932,181,0.791468276571091,1,1.01681207255679,"Noise (HM.RMSE) | Noise (HM.MAE)","Noise (LM.RMSE) | Noise (LM.MAE)",1.10678628546124,"HM","AICc",1,3,0.35,0.35,0.0260152951186508,2,0.5,1,0.05,0.0076,20,"LGR2 Oct2022",0.696108725154671,0.0297807465110463,FALSE,"wassmann | mad | 0.95",TRUE,"emission",1.13483439309101,FALSE,0.277013896799882,FALSE,FALSE,FALSE,0.449220766157789,0.645331325301195,FALSE,FALSE,NA,FALSE,"stem"
"Oct_22_122_SRS5_stem",0.949496602427701,480.434693951391,557.068624650587,0.241511237316869,0.612275360880784,0.769862651054779,746.808991226912,0.00184712532303073,0.194537328338822,0.998794202894593,0,1.05099242327421,479.101429975084,892.427103829707,0.267327423717598,0.401210447269251,0.491693001058093,461.911172522549,0.0050848394823416,0.483813143628622,0.999508146475164,0.000646771881418679,479.42,555.512,0.00432288650937632,0.35,3.93148001300634,320,0.690032106619625,1,1.1068943486338,"Noise (HM.RMSE) | Noise (HM.MAE)","Noise (LM.RMSE) | Noise (LM.MAE)",1.05099242327421,"HM","",0,4,0.35,0.35,0.0195655948031232,2,0.5,1,0.05,0.0043,20,"LGR2 Oct2022",0.696108725154671,0.0168514695530649,FALSE,"wassmann | mad | 0.95",TRUE,"emission",0.9478899750087,FALSE,0.241511237316869,FALSE,FALSE,FALSE,0.458131796525008,0.658132530120512,FALSE,FALSE,NA,FALSE,"stem"
"Oct_22_123_SRS5_stem",1.07104038175335,512.958201935207,577.958020760463,0.272317845370841,0.459628191075663,0.581665333657987,428.853106911521,0.0021387627900302,0.199690210235484,0.999043882655503,0,1.12892582217655,512.381331579886,1159.71310824579,0.28703553359524,0.420292803128572,0.521285972264165,378.095833114725,0.00796087762726908,0.705172782027489,0.999232078352216,0.000443413322104506,512.988,576.82,0.00574309579453931,0.35,3.93305249714654,241,0.778050986773831,1,1.05404599248484,"Noise (HM.RMSE) | Noise (HM.MAE)","Noise (LM.RMSE) | Noise (LM.MAE)",1.12892582217655,"HM","",0,4,0.35,0.35,0.0225454819240291,2,0.5,1,0.05,0.0057,20,"LGR2 Oct2022",0.696108725154671,0.0223878425595953,FALSE,"wassmann | mad | 0.95",TRUE,"emission",1.01425927683401,FALSE,0.272317845370841,FALSE,FALSE,FALSE,0.485913244140307,0.698042168674642,FALSE,FALSE,NA,FALSE,"stem"
"Oct_22_124_SRS5_root",1.42664988822026,482.856629547369,515.950195286976,0.119247498349239,0.918038266888641,1.10307052822925,855.627236146753,0.00984469010035309,0.690056486993756,0.986888205550787,6.61669362484614e-264,2.1021071618587,480.459306433298,540.804745769308,0.175706052608591,0.37325058576017,0.465626543038642,374.703062610697,0.0221966418450818,1.0559234204528,0.997663686985166,0.00291167078310991,480.649,514.353,0.0150341814558021,0.35,11.9637720536664,280,0.340707138140684,1,1.47345692816131,"Noise (HM.RMSE) | Noise (HM.MAE)","Noise (LM.RMSE) | Noise (LM.MAE)",2.1021071618587,"HM","",0,4,0.35,0.35,0.0209165006633519,2,0.5,1,0.05,0.015,20,"LGR2 Oct2022",0.696108725154671,0.0586065649478921,FALSE,"wassmann | mad | 0.95",TRUE,"emission",0.950319904463636,FALSE,0.11924749834924,FALSE,FALSE,FALSE,0.457083440011126,0.656626506023991,FALSE,FALSE,NA,FALSE,"root"
"Oct_22_125_SRS5_stem",0.742551261907549,498.491615913051,532.283384432782,0.188750250274828,0.358785272081846,0.450160462533342,230.860616394094,0.00254725597148663,0.34304109388259,0.997886262744881,1.41540461541603e-241,0.768290887986694,498.298813207203,1009.51183305751,0.195293045518268,0.348080191745052,0.441692852259556,226.07814523474,0.0102313923546702,1.33170814787113,0.997965034513627,0.000382018919579657,498.632,533.097,0.00764829234735072,0.35,3.93404120432352,181,0.539286429356651,1,1.03466376989653,"Noise (HM.RMSE)","Noise (LM.RMSE) | Noise (LM.MAE)",0.768290887986694,"HM","",0,4,0.35,0.35,0.0260152951186508,2,0.5,1,0.05,0.0076,20,"LGR2 Oct2022",0.696108725154671,0.0298150040083827,FALSE,"wassmann | mad | 0.95",TRUE,"emission",0.985875170035747,FALSE,0.188750250274828,FALSE,FALSE,FALSE,0.407286505606311,0.585090361445784,FALSE,FALSE,NA,FALSE,"stem"
"Oct_22_126_SRS5_root",1.53289315864604,483.300035731955,515.805526692538,0.128162581068282,0.460056358619015,0.571465541336887,446.10160763944,0.0058345673190893,0.380624525993892,0.996319231356831,2.27697519730011e-311,1.77235443012685,482.481841273237,610.015077925245,0.148183529329269,0.35127371811358,0.444128406946362,319.095416144555,0.020183416032121,1.13879118583953,0.997776815385217,0.00116192087035012,483.343,515.135,0.016440470106767,0.35,11.9605359526066,256,0.366178803052234,1,1.15621523922275,"Noise (HM.RMSE)","Noise (LM.RMSE) | Noise (LM.MAE)",1.77235443012685,"HM","",0,4,0.35,0.35,0.021875,2,0.5,1,0.05,0.016,20,"LGR2 Oct2022",0.696108725154671,0.0640887187972896,FALSE,"wassmann | mad | 0.95",TRUE,"emission",0.955646373097972,FALSE,0.128162581068282,FALSE,FALSE,FALSE,0.408859040376984,0.587349397590352,FALSE,FALSE,NA,FALSE,"root"
"Oct_22_127_SRS5_stem",1.25918241515372,482.870184368123,533.791546720868,0.238124990615486,0.381748424236048,0.478939943341867,301.064864223386,0.00279149158223001,0.221690801001952,0.998944453575125,1.07607497664223e-320,1.33054490559811,482.396765023902,967.702047670572,0.251620408088651,0.347334168640006,0.42919346782968,255.76490509598,0.0104065811464235,0.78212926919182,0.999152340508637,0.00051847860941552,482.967,533.795,0.00861450863152559,0.35,5.28790536389772,216,0.680357116044245,1,1.05667367141216,"Noise (HM.RMSE)","Noise (LM.RMSE) | Noise (LM.MAE)",1.33054490559811,"HM","",0,4,0.35,0.35,0.023814483610392,2,0.5,1,0.05,0.0086,20,"LGR2 Oct2022",0.696108725154671,0.0335813183673183,FALSE,"wassmann | mad | 0.95",TRUE,"emission",0.95490296099459,FALSE,0.238124990615486,FALSE,FALSE,FALSE,0.425632744597599,0.611445783132551,FALSE,FALSE,NA,FALSE,"stem"
"Oct_22_128_SRS5_stem",0.952523218572897,437.634012263463,469.882767334269,0.180114356478889,0.364911399922976,0.451960450647204,232.305204480681,0.00343735215841176,0.360868070340765,0.997661387785122,1.20399361667429e-237,0.988085480742512,437.435900639604,892.100029810421,0.186838889635373,0.354580919894414,0.443014118367391,227.159404233515,0.0138215134355385,1.3988175825792,0.997753054795401,0.000410938267718889,437.365,469.812,0.0102804424695734,0.35,5.28843584261724,181,0.514612447082541,1,1.03733479822455,"Noise (HM.RMSE)","Noise (LM.RMSE) | Noise (LM.MAE)",0.988085480742512,"HM","",0,4,0.35,0.35,0.0260152951186508,2,0.5,1,0.05,0.01,20,"LGR2 Oct2022",0.696108725154671,0.0400756884898817,FALSE,"wassmann | mad | 0.95",TRUE,"emission",0.864740517541362,FALSE,0.180114356478889,FALSE,FALSE,FALSE,0.491679204966179,0.706325301204824,FALSE,FALSE,NA,FALSE,"stem"
"Oct_22_129_SRS5_stem",1.10602456925389,495.880989038196,533.319847917894,0.209122924376223,0.354110282391556,0.446404871716036,227.82786066357,0.0033954480851968,0.306995719587616,0.998306422447828,3.44176697301793e-250,1.14801893244142,495.647182670916,1015.06471739401,0.217063059054259,0.342380343454806,0.433684624936033,219.454581699899,0.013535284500264,1.17901230700781,0.998401563864209,0.000417897056883108,495.99,532.679,0.0102823200790264,0.35,5.28887290837658,181,0.59749406964635,1,1.0379687435116,"Noise (HM.RMSE)","Noise (LM.RMSE)",1.14801893244142,"HM","",0,4,0.35,0.35,0.0260152951186508,2,0.5,1,0.05,0.01,20,"LGR2 Oct2022",0.696108725154671,0.0400830079306807,FALSE,"wassmann | mad | 0.95",TRUE,"emission",0.980651513713581,FALSE,0.209122924376223,FALSE,FALSE,FALSE,0.415673357716589,0.597138554216841,FALSE,FALSE,NA,FALSE,"stem"
"Oct_22_130_SRS5_stem",1.52373098538816,487.912780358145,543.80812315861,0.288181228183751,0.492340112883179,0.590567394929292,355.893670005087,0.0039837311319455,0.261445830671395,0.998668863481493,3.89732728194098e-281,1.67792859536657,486.993000410629,803.124386514364,0.317344418440236,0.339867817881316,0.426313751507514,230.222087517735,0.0123365929051032,0.735227526318434,0.999306346870989,0.00100383711453472,487.422,542.638,0.00949221064548955,0.35,5.28740541148847,196,0.82337493766786,1,1.1011973973471,"Noise (HM.RMSE)","Noise (LM.RMSE) | Noise (LM.MAE)",1.67792859536657,"HM","",0,4,0.35,0.35,0.025,2,0.5,1,0.05,0.0095,20,"LGR2 Oct2022",0.696108725154671,0.0370030784740493,FALSE,"wassmann | mad | 0.95",TRUE,"emission",0.963711208123754,FALSE,0.288181228183751,FALSE,FALSE,FALSE,0.382650127532269,0.549698795180661,FALSE,FALSE,NA,FALSE,"stem"
"Oct_22_131_SRS5_root",2.36411318798639,468.814855386013,508.547280860346,0.19775148179423,0.383872558626625,0.487219306348277,290.279027390872,0.00704833659932246,0.298138711595522,0.998207691077923,3.17372947119957e-278,2.46576508731216,468.533920188599,958.630909226127,0.206254379972295,0.369985637833176,0.470370963309241,278.072218226596,0.0280308468736357,1.13680119074892,0.998329506089047,0.000420844005545405,468.17,507.995,0.0207221625064266,0.35,11.9549707872549,203,0.565004233697801,1,1.04299789868029,"Noise (HM.RMSE) | Noise (HM.MAE) | Noise (HM.SE)","Noise (LM.RMSE) | Noise (LM.MAE)",2.46576508731216,"HM","SE",1,3,0.35,0.35,0.0245651842220259,2,0.5,1,0.05,0.021,20,"LGR2 Oct2022",0.696108725154671,0.080780233528361,FALSE,"wassmann | mad | 0.95",TRUE,"emission",0.92564692670273,FALSE,0.19775148179423,FALSE,FALSE,FALSE,0.447648231387146,0.64307228915667,FALSE,FALSE,NA,FALSE,"root"
"Oct_22_134_SRS5_stem",1.12426033306284,515.261748099509,569.78913665419,0.290076331734952,0.464067786655106,0.572454817399294,333.353516944073,0.00296637104312328,0.263850903201569,0.998685953132587,4.9821096136849e-273,1.18795939044368,514.755223424159,1034.56563257311,0.306511661130298,0.419724508896225,0.524989566736655,302.549640835185,0.0113141388881383,0.952401149328233,0.998894828258892,0.000589660491085838,515.229,569.206,0.00717820711678892,0.35,3.87573962459681,190,0.82878951924272,1,1.05665863635632,"Noise (HM.RMSE) | Noise (HM.MAE)","Noise (LM.RMSE) | Noise (LM.MAE)",1.18795939044368,"HM","",0,4,0.35,0.35,0.0253916687538504,2,0.5,1,0.05,0.0072,20,"LGR2 Oct2022",0.696108725154671,0.0279823767946944,FALSE,"wassmann | mad | 0.95",TRUE,"emission",1.01869009205656,FALSE,0.290076331734952,FALSE,FALSE,FALSE,0.438213022763046,0.629518072289178,FALSE,FALSE,NA,FALSE,"stem"
"Oct_22_135_SRS5_stem",1.02361811648183,564.573079433631,611.884838276382,0.264298213084902,0.521082603842242,0.649368966390399,363.496318733685,0.00361731516376143,0.353385223015993,0.997757152971645,2.85372802420336e-239,1.16688732458307,563.504803337999,766.590431094594,0.30129032477338,0.354431860442369,0.442610190562267,226.829192259613,0.0108501846298855,0.929839959806081,0.998958019930307,0.00148356300788792,563.163,611.185,0.00753039160744609,0.35,3.87296646668213,181,0.755137751671148,1,1.13996353307389,"Noise (HM.RMSE)","Noise (LM.RMSE) | Noise (LM.MAE)",1.16688732458307,"HM","",0,4,0.35,0.35,0.0260152951186508,2,0.5,1,0.05,0.0075,20,"LGR2 Oct2022",0.696108725154671,0.0293554783580675,FALSE,"wassmann | mad | 0.95",TRUE,"emission",1.11346327227864,FALSE,0.264298213084902,FALSE,FALSE,FALSE,0.398375475239122,0.57228915662651,FALSE,FALSE,NA,FALSE,"stem"
"Oct_22_136_SRS5_stem",0.72816231706935,537.586369125521,571.263659721675,0.188123421818543,0.459495302106209,0.588499575620772,327.866517668814,0.0032764148408726,0.449956659946268,0.996368862017903,1.52393773375386e-220,0.828397724129188,536.838092849805,683.405868661613,0.214019609140298,0.385013174109586,0.486717344320283,261.217056861416,0.011908363486425,1.43751764877711,0.997516271677205,0.00146020916231339,536.387,570.358,0.00752557789014515,0.35,3.8706627278538,181,0.537495490910121,1,1.13765530666742,"Noise (HM.RMSE) | Noise (HM.MAE)","Noise (LM.RMSE) | Noise (LM.MAE)",0.828397724129188,"HM","",0,4,0.35,0.35,0.0260152951186508,2,0.5,1,0.05,0.0075,20,"LGR2 Oct2022",0.696108725154671,0.0293365501994421,FALSE,"wassmann | mad | 0.95",TRUE,"emission",1.06052284015058,FALSE,0.188123421818543,FALSE,FALSE,FALSE,0.506880374416091,0.728162650602412,FALSE,FALSE,NA,FALSE,"stem"
"Oct_22_137_SRS5_stem",1.21844019208969,592.024111639075,648.414744188629,0.314957566002012,0.406925416740423,0.511975151962915,277.439876748155,0.0028485945583513,0.233790265360978,0.999017119516065,2.43998842228523e-271,1.26920529946663,591.637887885813,1308.17250554932,0.328079961964549,0.384725214400994,0.48135142772483,257.203950029948,0.0110186283778183,0.868151778317404,0.99913118467412,0.000457870358077548,591.401,646.953,0.00752049429980991,0.35,3.86858524326388,181,0.899878760005749,1,1.04166401248622,"Noise (HM.RMSE) | Noise (HM.MAE)","Noise (LM.RMSE) | Noise (LM.MAE)",1.26920529946663,"HM","",0,4,0.35,0.35,0.0260152951186508,2,0.5,1,0.05,0.0075,20,"LGR2 Oct2022",0.696108725154671,0.0293167330031834,FALSE,"wassmann | mad | 0.95",TRUE,"emission",1.16929431210655,FALSE,0.314957566002012,FALSE,FALSE,FALSE,0.440833914047571,0.633283132530224,FALSE,FALSE,NA,FALSE,"stem"
"Oct_22_138_SRS5_root",5.32071423797098,508.163938396291,589.191690392581,0.452610848859791,0.65536482782127,0.832554076270308,453.452271042662,0.0140777030212618,0.2645829561903,0.99874150251465,9.89506147395681e-262,5.93127306143019,506.656578626832,917.786991363581,0.504548527713615,0.398001343716259,0.492884456970992,265.7750808898,0.0360744091764781,0.608206852101655,0.999558919665728,0.00122722258456876,505.56,588.308,0.0228551999311661,0.35,11.7556047350054,181,1.29317385388512,1,1.11475129017491,"Noise (HM.RMSE) | Noise (HM.MAE) | Noise (HM.SE)","Noise (LM.RMSE) | Noise (LM.MAE)",5.93127306143019,"HM","SE",1,3,0.35,0.35,0.0260152951186508,2,0.5,1,0.05,0.023,20,"LGR2 Oct2022",0.696108725154671,0.0890951803656478,FALSE,"wassmann | mad | 0.95",TRUE,"emission",0.999572933472525,FALSE,0.452610848859791,FALSE,FALSE,FALSE,0.475429679002504,0.682981927710886,FALSE,FALSE,NA,FALSE,"root"
"Oct_22_139_SRS5_root",3.12691884745075,495.812716334019,543.468206931555,0.266169338179162,0.458438909707808,0.558321247818318,308.810223745182,0.00943325514419083,0.301678924346929,0.998364481213566,1.51664583387098e-251,3.36459986874359,495.221245082233,842.56343288787,0.286401203226392,0.398143527360265,0.490919220088204,264.328823441428,0.0349610570235292,1.03908513307362,0.998735533591939,0.000824550582340012,495.011,543.21,0.0228377230270377,0.35,11.7478552144349,181,0.760483823369034,1,1.07601125353369,"Noise (HM.RMSE) | Noise (HM.MAE)","Noise (LM.RMSE) | Noise (LM.MAE)",3.36459986874359,"HM","",0,4,0.35,0.35,0.0260152951186508,2,0.5,1,0.05,0.023,20,"LGR2 Oct2022",0.696108725154671,0.0890275453017477,FALSE,"wassmann | mad | 0.95",TRUE,"emission",0.978715874220999,FALSE,0.266169338179162,FALSE,FALSE,FALSE,0.449220766157789,0.645331325301195,FALSE,FALSE,NA,FALSE,"root"
"Oct_22_140_SRS5_stem",0.487780014438953,798.538902487593,805.979874966508,0.0415608556534168,0.360508811960651,0.448437141021041,229.472134720422,0.00756924515765238,1.55177435187839,0.958447005423564,8.55721891705192e-126,0.52511326020934,798.445916848794,852.346567336098,0.0447418011464815,0.359516515389499,0.446520686740589,230.013445062633,0.0317818515298517,6.0523803030953,0.95880141072613,0.000830079057339397,797.93,804.844,0.0228162037401022,0.35,11.7365248325644,181,0.118745301866905,1,1.07653705495361,"Noise (HM.RMSE) | Noise (HM.MAE)","Noise (LM.RMSE) | Noise (LM.MAE)",0.52511326020934,"HM","AICc",1,3,0.35,0.35,0.0260152951186508,2,0.5,1,0.05,0.023,20,"LGR2 Oct2022",0.696108725154671,0.0889436573795001,FALSE,"wassmann | mad | 0.95",TRUE,"emission",1.57763515864731,TRUE,0.0415608556534168,FALSE,FALSE,FALSE,0.473332965975039,0.679969879518272,FALSE,TRUE,"C0 > 1.5x group median",FALSE,"stem"
"Oct_22_141_SRS5_stem",2.1525131121772,477.648025241085,510.496587807964,0.1834449085884,0.351519736678542,0.437826115623973,220.803435613108,0.00738828025023613,0.3432397325916,0.997883819304469,1.5695943354737e-241,2.27085133880297,477.351910599255,799.348796546403,0.193530117845928,0.338367277782555,0.417309582496992,205.521473608864,0.0292492833998124,1.28803162496892,0.998077500935987,0.00060103102325559,476.981,510.837,0.0228075629318489,0.35,11.7338394875098,181,0.524128310252571,1,1.05497677387251,"Noise (HM.RMSE)","Noise (LM.RMSE)",2.27085133880297,"HM","",0,4,0.35,0.35,0.0260152951186508,2,0.5,1,0.05,0.023,20,"LGR2 Oct2022",0.696108725154671,0.0889094789535155,FALSE,"wassmann | mad | 0.95",TRUE,"emission",0.943067682135965,FALSE,0.1834449085884,FALSE,FALSE,FALSE,0.387367731844349,0.55647590361445,FALSE,FALSE,NA,FALSE,"stem"
"Oct_22_142_SRS5_stem",2.4401165239785,515.525674055355,552.764355596123,0.207993171944235,0.32130617955797,0.412366034887302,199.115854109592,0.00695774352555013,0.285139806119006,0.998538642140086,6.37367995010158e-256,2.49914023774869,515.377056185199,1310.23501630641,0.213024296206683,0.321440079115832,0.408089241951844,197.433499591063,0.0279727600313946,1.11929533240573,0.998568799939721,0.000268002972725087,515.326,553.014,0.0228068524093155,0.35,11.7317145614411,181,0.594266205554956,1,1.02418889146898,"Noise (HM.RMSE)","Noise (LM.RMSE)",2.49914023774869,"HM","",0,4,0.35,0.35,0.0260152951186508,2,0.5,1,0.05,0.023,20,"LGR2 Oct2022",0.696108725154671,0.088907203452817,FALSE,"wassmann | mad | 0.95",TRUE,"emission",1.01888187656196,FALSE,0.207993171944235,FALSE,FALSE,FALSE,0.374263275421991,0.537650602409605,FALSE,FALSE,NA,FALSE,"stem"
"Oct_22_143_SRS5_stem",-0.181874851060516,797.93723659018,792.92101845232,-0.0350240755047045,0.765495232052209,0.968949570332119,408.51500107581,0.0101065770404988,-5.55688539760559,0.691546382253082,1.45312124075327e-38,-0.182290426788584,797.937689816825,0,-0.0351041039176099,0.766139142345303,0.969894340693854,410.913128159213,0.0195495608383814,-10.7244034603389,0.690944708771442,4.39935403047178e-05,796.06,790.788,0.0126020877998604,0.35,5.1928523005864,145,0.100068787156299,1,1.00228495432791,"Noise (HM.RMSE) | Noise (HM.MAE)","Noise (LM.RMSE) | Noise (LM.MAE)",-0.182290426788584,"HM","AICc | Intercept",1,3,0.35,0.35,0.029065917948809,2,0.5,1,0.05,0.013,20,"LGR3 Oct2022",1.04730815727329,0.0739115127291818,FALSE,"wassmann | mad | 0.95",TRUE,"uptake",1.55797693545941,TRUE,-0.0350240755047045,TRUE,TRUE,FALSE,0.632158977813616,0.60360360360361,FALSE,TRUE,"C0 > 1.5x group median; CO2 slope <= 0; convex (accelerating) trace",FALSE,"stem"
"Oct_22_144_SRS5_stem",0.80578888587426,455.528843149385,488.878111860378,0.15521972665504,0.437708190392464,0.567358451694996,375.956429949392,0.00322366877965576,0.400063693625926,0.996554754888187,5.89487426977101e-267,0.836082074646138,455.322405133839,922.378945181767,0.161055126674958,0.431135717077531,0.559665226534903,372.10724869926,0.0130507764402605,1.5609444139541,0.99664755458374,0.00034483004275763,456.052,488.522,0.0084175620404068,0.35,5.19127886151381,217,0.443484933300114,1,1.03759444850001,"Noise (HM.RMSE) | Noise (HM.MAE)","Noise (LM.RMSE) | Noise (LM.MAE)",0.836082074646138,"HM","",0,4,0.35,0.35,0.0237595481655746,2,0.5,1,0.05,0.0084,20,"LGR3 Oct2022",1.04730815727329,0.0493686122261186,FALSE,"wassmann | mad | 0.95",TRUE,"emission",0.892543900422247,FALSE,0.15521972665504,FALSE,FALSE,FALSE,0.57240265652779,0.546546546546588,FALSE,FALSE,NA,FALSE,"stem"
"Oct_22_145_SRS5_stem",1.00550899079088,493.621271887285,524.450976063288,0.193711109433373,0.441416599489383,0.544538062777656,267.333859876467,0.00484864119192823,0.482207641735214,0.996293317118548,2.08556943780761e-195,1.05685119048958,493.363172698878,817.056143153919,0.203602174113523,0.435879340369431,0.532010559450284,261.943012866873,0.019615540770825,1.8560362090086,0.996461905299462,0.000628997824164372,493.81,524.03,0.0113439524159035,0.35,5.19076574251268,161,0.553460312666779,1,1.05106090563976,"Noise (HM.RMSE) | Noise (HM.MAE)","Noise (LM.RMSE) | Noise (LM.MAE)",1.05685119048958,"HM","",0,4,0.35,0.35,0.0275838642183685,2,0.5,1,0.05,0.011,20,"LGR3 Oct2022",1.04730815727329,0.0665327078751477,FALSE,"wassmann | mad | 0.95",TRUE,"emission",0.966440457376592,FALSE,0.193711109433373,FALSE,FALSE,FALSE,0.66256131671356,0.632632632632752,FALSE,FALSE,NA,FALSE,"stem"
"Oct_22_146_SRS5_root",0.78926445542246,497.526939334097,510.778182198591,0.0672846604107494,0.450595197315357,0.563385832777234,342.491966359595,0.00824058348010362,1.04408394721042,0.978869577409569,3.51221344187893e-167,0.89528081556392,497.239320422329,556.096816002086,0.0763225370579168,0.443809932920487,0.549082331472306,334.3399825616,0.0352258565508972,3.93461536743743,0.979928895259988,0.00129673436333173,497.823,510.46,0.0207412237487444,0.35,11.7302287119274,199,0.192241886887856,1,1.13432298821149,"Noise (HM.RMSE) | Noise (HM.MAE) | Noise (HM.SE)","Noise (LM.RMSE) | Noise (LM.MAE)",0.89528081556392,"HM","SE",1,3,0.35,0.35,0.0248108421752918,2,0.5,1,0.05,0.021,20,"LGR3 Oct2022",1.04730815727329,0.121646573382929,FALSE,"wassmann | mad | 0.95",TRUE,"emission",0.974294339548788,FALSE,0.0672846604107494,FALSE,FALSE,FALSE,0.515267226526369,0.49199199199201,FALSE,FALSE,NA,FALSE,"root"
"Oct_22_147_SRS5_stem",0.645476697703281,877.139483733588,911.939297985059,0.167397741260507,0.639583445606325,0.780401518670539,497.933064628135,0.00346026145765057,0.536078447132605,0.994029444046483,1.70835304123101e-233,0.690146262096522,876.745382512053,1152.89160312239,0.178982333251396,0.613877033521117,0.759965604599093,488.866822287595,0.0141412112832288,2.04901657226553,0.994338044720023,0.00064814333817718,876.691,912.166,0.00646081947405774,0.35,3.85594628005632,210,0.478279260744305,1,1.06920399226213,"Noise (HM.RMSE) | Noise (HM.MAE)","Noise (LM.RMSE) | Noise (LM.MAE)",0.690146262096522,"HM","",0,4,0.35,0.35,0.0241522945769824,2,0.5,1,0.05,0.0065,20,"LGR3 Oct2022",1.04730815727329,0.037892436802197,FALSE,"wassmann | mad | 0.95",TRUE,"emission",1.7157806666895,TRUE,0.167397741260507,FALSE,FALSE,FALSE,0.740139698733764,0.706706706706788,FALSE,TRUE,"C0 > 1.5x group median",FALSE,"stem"
"Oct_22_148_SRS5_stem",0.985249200599806,528.540798011105,569.713206791082,0.189878105049421,0.501363784154811,0.638526290689195,431.123221702006,0.00357672295599771,0.363027237557792,0.997135197478713,4.09213315231603e-278,1.03343919337493,528.209917916742,978.207141130154,0.199165323455603,0.488509135247303,0.621106529599087,421.083325498919,0.0143947186802871,1.39289459627303,0.997289375790255,0.000442592338755719,528.379,569.803,0.00833699599754876,0.35,5.1888510281023,219,0.542508871569775,1,1.04891147614816,"Noise (HM.RMSE) | Noise (HM.MAE)","Noise (LM.RMSE) | Noise (LM.MAE)",1.03343919337493,"HM","",0,4,0.35,0.35,0.023650808243982,2,0.5,1,0.05,0.0083,20,"LGR3 Oct2022",1.04730815727329,0.0488961979924459,FALSE,"wassmann | mad | 0.95",TRUE,"emission",1.03409579074581,FALSE,0.189878105049421,FALSE,FALSE,FALSE,0.603329173684495,0.576076076076105,FALSE,FALSE,NA,FALSE,"stem"
"Oct_22_149_SRS5_stem",2.37155377765953,523.775931814559,619.70802441506,0.457089389132773,0.776197543492106,0.991526723117224,604.137345924189,0.0058318500777408,0.245908405395564,0.99872568146252,3.78568612037261e-306,2.40918846757595,523.521260468234,3528.26224533536,0.46434303759993,0.794076300166946,1.01818732080805,617.46531257148,0.0241969866015372,1.00436254478187,0.998656780511862,0.000154536793666581,524.263,622.919,0.00861137946237688,0.35,5.18838072824012,212,1.3059696832365,1,1.01586921210514,"Noise (HM.RMSE) | Noise (HM.MAE)","Noise (LM.RMSE) | Noise (LM.MAE)",2.37155377765953,"LM","RMSE | MAE | AICc",3,1,0.35,0.35,0.0240380986910206,2,0.5,1,0.05,0.0086,20,"LGR3 Oct2022",1.04730815727329,0.0505053700532126,FALSE,"wassmann | mad | 0.95",TRUE,"emission",1.02604032625023,FALSE,0.457089389132773,FALSE,TRUE,FALSE,0.704495577265008,0.672672672672759,FALSE,TRUE,"convex (accelerating) trace",FALSE,"stem"
"Oct_22_150_SRS5_stem",0.315422328996699,451.363489994028,464.195458495209,0.0811405261167153,0.579957011533679,0.705132207301213,348.415787766786,0.00474675901706217,1.50488997787847,0.965235328600479,2.20247357571871e-117,0.326696491741742,451.288067964604,639.836813012721,0.0840407377141884,0.580374009466963,0.704320424668964,350.151394279119,0.0194193648681472,5.94416082175088,0.965315328099193,0.000445724195579988,452.044,464.28,0.00854928235450307,0.35,3.88735868612665,160,0.231830074619186,1,1.0357430711418,"Noise (HM.RMSE) | Noise (HM.MAE)","Noise (LM.RMSE) | Noise (LM.MAE)",0.326696491741742,"HM","AICc",1,3,0.35,0.35,0.0276699295264733,2,0.5,1,0.05,0.0085,20,"LGR3 Oct2022",1.04730815727329,0.0501415596598632,FALSE,"wassmann | mad | 0.95",TRUE,"emission",0.884699803799729,FALSE,0.0811405261167153,FALSE,FALSE,FALSE,0.760058472495726,0.725725725725814,FALSE,FALSE,NA,FALSE,"stem"
"Oct_22_151_SRS5_stem",0.61292126595682,559.126508086658,586.465594726687,0.157988307249418,0.565025207763579,0.689787479517422,372.788732162565,0.0040495292088571,0.660693213594972,0.992461559555105,8.95844756771106e-186,0.620494314034932,559.069837978237,1643.16839572664,0.159940357395225,0.567508283428326,0.693564217773456,376.794775344467,0.0164021867336634,2.64340645234985,0.992379378190557,0.000147533041393774,558.742,587.047,0.00780164593856624,0.35,3.87953562277994,175,0.451395163569766,1,1.01235566213597,"Noise (HM.RMSE) | Noise (HM.MAE)","Noise (LM.RMSE) | Noise (LM.MAE)",0.620494314034932,"HM","AICc",1,3,0.35,0.35,0.0264575131106459,2,0.5,1,0.05,0.0078,20,"LGR3 Oct2022",1.04730815727329,0.0457565473719169,FALSE,"wassmann | mad | 0.95",TRUE,"emission",1.09351951972522,FALSE,0.157988307249418,FALSE,FALSE,FALSE,0.78102560277145,0.745745745745818,FALSE,FALSE,NA,FALSE,"stem"
"Oct_22_152_SRS5_stem",0.96419557552446,481.936516436169,517.97443995633,0.184860108210051,0.554785377793013,0.677463286885984,411.762567197118,0.0044733259323672,0.463943835246702,0.995798853153364,6.59235276589169e-234,0.973442169381495,481.877417178577,2243.0584250644,0.186632908650518,0.565017906508514,0.688912731142986,420.449689008782,0.0182979409202164,1.87971525127605,0.995657298485176,0.000105970316404081,482.284,518.248,0.00931646929445924,0.35,5.21581202597194,197,0.528171737743004,1,1.00958995673881,"Noise (HM.RMSE) | Noise (HM.MAE)","Noise (LM.RMSE) | Noise (LM.MAE)",0.96419557552446,"LM","RMSE | MAE | AICc",3,1,0.35,0.35,0.0249364674957684,2,0.5,1,0.05,0.0093,20,"LGR3 Oct2022",1.04730815727329,0.0546407902952851,FALSE,"wassmann | mad | 0.95",TRUE,"emission",0.943882808257047,FALSE,0.184860108210051,FALSE,TRUE,FALSE,0.573975191298463,0.548048048048083,FALSE,TRUE,"convex (accelerating) trace",FALSE,"stem"
"Oct_22_153_SRS5_root",1.5145157526888,535.912449972941,554.837388663008,0.128539962559364,0.55610041993751,0.692833813423294,319.653595562221,0.0157362165440274,1.03902627068025,0.98427188389592,1.14879231533065e-134,1.71148095195636,535.514978782335,621.887823386202,0.145256790558281,0.547501241560174,0.669194848621179,311.420818373514,0.066424192165549,3.8810944456975,0.985326837249685,0.00168174142260192,536.214,553.288,0.0278206685039122,0.35,11.7824505510444,149,0.367257035883897,1,1.13005160158808,"Noise (HM.RMSE) | Noise (HM.MAE) | Noise (HM.SE)","Noise (LM.RMSE) | Noise (LM.MAE)",1.71148095195636,"HM","SE",1,3,0.35,0.35,0.0286731172181664,2,0.5,1,0.05,0.028,20,"LGR3 Oct2022",1.04730815727329,0.163168658974638,FALSE,"wassmann | mad | 0.95",TRUE,"emission",1.04942974709247,FALSE,0.128539962559364,FALSE,FALSE,FALSE,0.651553573318697,0.622122122122147,FALSE,FALSE,NA,FALSE,"root"
"Oct_22_154_SRS5_root",1.14764989377612,451.389808901239,471.077589544982,0.0975014269511599,0.654021672131618,0.817233974891998,502.700345952277,0.0115546315436313,1.00680805237676,0.979835539726036,1.99397631095338e-173,1.39855135061356,450.704775804772,510.128034844353,0.11881737896618,0.611472708949739,0.762193185694348,476.333392367824,0.0498767497060945,3.56631522211988,0.982460229806896,0.00199950963455297,449.837,471.97,0.0203018315021444,0.35,11.7705958739557,204,0.278575505574743,1,1.21862194925309,"Noise (HM.RMSE) | Noise (HM.MAE) | Noise (HM.SE)","Noise (LM.RMSE) | Noise (LM.MAE)",1.39855135061356,"HM","SE",1,3,0.35,0.35,0.0245049014704902,2,0.5,1,0.05,0.02,20,"LGR3 Oct2022",1.04730815727329,0.119069478952659,FALSE,"wassmann | mad | 0.95",TRUE,"emission",0.880380462171511,FALSE,0.0975014269511599,FALSE,FALSE,FALSE,0.783122315799035,0.747747747747829,FALSE,FALSE,NA,FALSE,"root"
"Oct_22_155_SRS5_stem",0.834919402145841,468.273095703112,509.500579514636,0.215874435365978,0.548800258756401,0.700919470093423,416.667418961008,0.00353960078423995,0.423945206584343,0.996560998537427,1.88061987984627e-237,0.846281718968553,468.180743036131,1991.93496093902,0.218812244359575,0.551428574325151,0.707620196836619,422.425798866622,0.0144082516935275,1.70253609059266,0.99649497843464,0.00014360074727847,467.549,509.419,0.00705111272619853,0.35,3.86761591630976,193,0.616784101045653,1,1.01360887864566,"Noise (HM.RMSE) | Noise (HM.MAE)","Noise (LM.RMSE) | Noise (LM.MAE)",0.846281718968553,"HM","RMSE | AICc",2,2,0.35,0.35,0.0251935512762043,2,0.5,1,0.05,0.0071,20,"LGR3 Oct2022",1.04730815727329,0.0413545692958837,FALSE,"wassmann | mad | 0.95",TRUE,"emission",0.915044793353655,FALSE,0.215874435365978,FALSE,FALSE,FALSE,0.658892068915242,0.629129129129188,FALSE,FALSE,NA,FALSE,"stem"
"Oct_22_156_SRS5_stem",0.659302725872488,445.464844407298,472.430095565634,0.170521526980936,0.521515808106431,0.636558765525069,315.677044233579,0.00426211565410082,0.646458066506635,0.993398849358971,2.17182296913698e-174,0.672761968274538,445.374012285623,1124.28827532123,0.174002614615402,0.520096067381507,0.63528644512297,317.141023263153,0.0172268808378065,2.56062049434647,0.993425211708102,0.000256295417682625,445.552,472.036,0.008503754683213,0.35,3.86638999512476,160,0.487204362802675,1,1.02041435879738,"Noise (HM.RMSE) | Noise (HM.MAE)","Noise (LM.RMSE) | Noise (LM.MAE)",0.672761968274538,"HM","AICc",1,3,0.35,0.35,0.0276699295264733,2,0.5,1,0.05,0.0085,20,"LGR3 Oct2022",1.04730815727329,0.0498745398767453,FALSE,"wassmann | mad | 0.95",TRUE,"emission",0.871994246096789,FALSE,0.170521526980936,FALSE,FALSE,FALSE,0.616433630106882,0.588588588588664,FALSE,FALSE,NA,FALSE,"stem"
"Oct_22_157_SRS5_stem",0.636260491747819,439.143638735277,456.669174581726,0.12234145559414,0.488004318033186,0.594711731211711,266.955629298493,0.00621146005113892,0.976244813515911,0.98646054731994,1.04592175272304e-135,0.646331626984022,439.09753496639,998.030398096787,0.124277953868452,0.48815246694794,0.594919126122018,269.172245419015,0.0250805779426782,3.8804503594713,0.986451219853286,0.00022234862550828,439.309,456.082,0.0126185811642036,0.35,5.20069414457986,145,0.349547015983256,1,1.01582863523168,"Noise (HM.RMSE) | Noise (HM.MAE)","Noise (LM.RMSE) | Noise (LM.MAE)",0.646331626984022,"HM","AICc",1,3,0.35,0.35,0.029065917948809,2,0.5,1,0.05,0.013,20,"LGR3 Oct2022",1.04730815727329,0.0740082460233484,FALSE,"wassmann | mad | 0.95",TRUE,"emission",0.859776008767853,FALSE,0.12234145559414,FALSE,FALSE,FALSE,0.632158977813676,0.603603603603667,FALSE,FALSE,NA,FALSE,"stem"
"Oct_22_158_SRS5_root",1.04138193820055,458.639863823902,473.897850861991,0.0886736543920238,0.485806369743278,0.611031286097653,328.504509525928,0.010952913822095,1.05176721626467,0.981219822737953,1.28601076522524e-150,1.05668236977896,458.602418081283,976.978098095639,0.0899764858816664,0.485275450074446,0.611669462618763,330.963289771414,0.0442430801779354,4.18698006546567,0.981180876309285,0.000173573895054596,459.098,474.201,0.0237500317283212,0.35,11.7439835466421,174,0.253353298262925,1,1.0146924303343,"Noise (HM.RMSE) | Noise (HM.MAE) | Noise (HM.SE)","Noise (LM.RMSE) | Noise (LM.MAE)",1.05668236977896,"HM","SE | AICc",2,2,0.35,0.35,0.0265334315252616,2,0.5,1,0.05,0.024,20,"LGR3 Oct2022",1.04730815727329,0.139293635789959,FALSE,"wassmann | mad | 0.95",TRUE,"emission",0.898505257286565,FALSE,0.0886736543920238,FALSE,FALSE,FALSE,0.601756638913851,0.574574574574639,FALSE,FALSE,NA,FALSE,"root"
"Oct_22_159_SRS5_root",-3.28202610487183,606.790870035955,544.49792641595,-0.279573741253891,1.01113356848057,1.27651694925568,754.49179321299,0.0155329723277792,-0.473273881177303,0.995007601524524,7.46778330933591e-259,-4.13552131284349,609.353419815484,443.611448586369,-0.352277260607593,0.497016571170139,0.623914037013531,434.419951539407,0.0360349490843762,-0.871352034203382,0.998807370400088,0.00212545596022035,609.042,547.608,0.0183580457547062,0.35,11.7393932997853,225,0.798782117868259,1,1.2600513160772,"Noise (HM.RMSE) | Noise (HM.MAE) | Noise (HM.SE)","Noise (LM.RMSE) | Noise (LM.MAE)",-4.13552131284349,"HM","SE",1,3,0.35,0.35,0.0233333333333333,2,0.5,1,0.05,0.018,20,"LGR3 Oct2022",1.04730815727329,0.107669000937731,FALSE,"wassmann | mad | 0.95",TRUE,"uptake",1.19196214949384,FALSE,-0.279573741253891,TRUE,FALSE,FALSE,0.586031291206999,0.559559559559579,FALSE,TRUE,"CO2 slope <= 0",FALSE,"root"
"Oct_22_160_SRS5_stem",0.542995962420114,442.110433411144,468.029970770823,0.140868581937081,0.409411441640134,0.521815150124868,292.012625970175,0.00277666992109239,0.511361062192225,0.995185596909723,2.22493922597774e-215,0.558563922036435,441.987954775746,912.249764654877,0.144907353026705,0.409716605232647,0.518888559622775,292.009524667081,0.0112543667631087,2.0148753471361,0.995239448451605,0.000308141869023874,441.221,468.063,0.00729261805333386,0.35,3.85462787339367,186,0.402481662677376,1,1.02867048872138,"Noise (HM.RMSE) | Noise (HM.MAE)","Noise (LM.RMSE) | Noise (LM.MAE)",0.558563922036435,"HM","",0,4,0.35,0.35,0.0256632451287368,2,0.5,1,0.05,0.0073,20,"LGR3 Oct2022",1.04730815727329,0.0427710329926079,FALSE,"wassmann | mad | 0.95",TRUE,"emission",0.863518002965022,FALSE,0.140868581937081,FALSE,FALSE,FALSE,0.495872631021348,0.473473473473529,FALSE,FALSE,NA,FALSE,"stem"
"Oct_22_161_SRS5_stem",0.33688419660493,511.697504678235,521.710043600357,0.0649553272786123,0.436507264149762,0.53287590377053,252.47310424097,0.00497201507048775,1.47588254972925,0.9673332401987,1.52850648714895e-116,0.364205263497922,511.565207661122,580.413469191056,0.0702231577661205,0.431464621796461,0.529458280818859,252.572640097129,0.0208842703270392,5.73420332437298,0.967750915889023,0.0010199699484872,510.97,522.075,0.0117002764669133,0.35,5.18639826353173,156,0.185586649367464,1,1.08109928327992,"Noise (HM.RMSE) | Noise (HM.MAE)","Noise (LM.RMSE) | Noise (LM.MAE)",0.364205263497922,"HM","AICc",1,3,0.35,0.35,0.0280224269158902,2,0.5,1,0.05,0.012,20,"LGR3 Oct2022",1.04730815727329,0.0686226447817271,FALSE,"wassmann | mad | 0.95",TRUE,"emission",1.0000244638742,FALSE,0.0649553272786123,FALSE,FALSE,FALSE,0.48329235285602,0.46146146146163,FALSE,FALSE,NA,FALSE,"stem"
"Oct_22_162_SRS5_stem",0.765325681025306,443.689531922645,469.375851472296,0.147564009380221,0.446458748075921,0.565273285319891,304.80891574322,0.00439816919479584,0.574679421302525,0.99425353422653,4.30147710173467e-197,0.776752216753195,443.625449755353,1301.9442385314,0.14976718309716,0.447130665781681,0.567388688711442,308.218118195764,0.0178186053571618,2.29398834954642,0.994210785556654,0.00017448899529594,443.469,469.718,0.0103687077379129,0.35,5.18639798579428,176,0.42161145537206,1,1.01493029178451,"Noise (HM.RMSE) | Noise (HM.MAE)","Noise (LM.RMSE) | Noise (LM.MAE)",0.776752216753195,"HM","AICc",1,3,0.35,0.35,0.0263822426505543,2,0.5,1,0.05,0.01,20,"LGR3 Oct2022",1.04730815727329,0.0608123197086121,FALSE,"wassmann | mad | 0.95",TRUE,"emission",0.867917586100605,FALSE,0.147564009380221,FALSE,FALSE,FALSE,0.522081543866003,0.498498498498534,FALSE,FALSE,NA,FALSE,"stem"
"Oct_22_163_SRS5_root",1.5340890399544,428.100099244407,438.515655057871,0.130873353125234,0.430920514529016,0.54729296864448,138.530824111693,0.0310317111031096,2.02281029946162,0.968290903050503,3.46310688652523e-61,1.6048297109592,428.02179380487,548.293724096362,0.136908249780907,0.428520909973757,0.54611222199226,140.395570257925,0.127433143091555,7.94060218485044,0.968427575818712,0.00113832254499528,427.983,437.914,0.0509111809791523,0.35,11.721935774706,81,0.373923866072096,1,1.04611249357918,"Noise (HM.RMSE) | Noise (HM.MAE) | Noise (HM.SE)","Noise (LM.RMSE) | Noise (LM.MAE)",1.6048297109592,"HM","SE | AICc",2,2,0.35,0.35,0.0388888888888889,2,0.5,1,0.05,0.051,20,"LGR3 Oct2022",1.04730815727329,0.298603332862795,FALSE,"wassmann | mad | 0.95",TRUE,"emission",0.837609781635459,FALSE,0.130873353125234,FALSE,FALSE,FALSE,0.518412296067805,0.494994994995084,FALSE,FALSE,NA,FALSE,"root"
"Oct_22_164_SRS5_CWD",4.56348705561665,503.357386439109,550.600198338647,0.389287902210365,0.634468796394355,0.790184596996273,297.330341182281,0.0238420882341056,0.52245328941519,0.996680881482945,4.63421920636041e-152,5.07506637137827,502.500724279099,747.047524672253,0.432928135264591,0.531069412090265,0.688784689331593,265.682529898884,0.0896909995640231,1.76728722347064,0.997478072424767,0.0017703283566523,504.267,549.203,0.0335324387569243,0.35,11.7226531564565,123,1.11225114917247,1,1.11210272090768,"Noise (HM.RMSE) | Noise (HM.MAE) | Noise (HM.SE)","Noise (LM.RMSE) | Noise (LM.MAE)",5.07506637137827,"HM","SE",1,3,0.35,0.35,0.0315584372133601,2,0.5,1,0.05,0.034,20,"LGR3 Oct2022",1.04730815727329,0.196671291637783,FALSE,"wassmann | mad | 0.95",TRUE,"emission",0.986905955974812,FALSE,0.389287902210365,NA,FALSE,FALSE,0.577644439096721,0.551551551551589,FALSE,FALSE,NA,FALSE,"CWD"
"Oct_22_175_CP40_stem",1.91471459059407,517.219049595048,636.197427935123,0.498415999251975,1.91055753056575,2.33872222947074,1099.53911600999,0.0083982445389831,0.438615999493555,0.995403915916523,1.41886909573755e-281,2.40398938989489,512.407763796967,832.841245930116,0.625778264730229,0.913748132424635,1.12657439414759,749.543356585586,0.0191540825427831,0.796762357741544,0.998933525612223,0.00195291160138565,510.722,633.784,0.0056090399011261,0.35,3.8415993737514,241,1.4240457121485,1,1.25553406325118,"Noise (HM.RMSE) | Noise (HM.MAE)","Noise (LM.RMSE) | Noise (LM.MAE)",2.40398938989489,"HM","",0,4,0.35,0.35,0.0225454819240291,2,0.5,1,0.05,0.0056,20,"LGR2 Oct2022",0.696108725154671,0.0218652633473189,FALSE,"wassmann | mad | 0.95",TRUE,"emission",1.00977903261523,FALSE,0.498415999251975,FALSE,FALSE,FALSE,0.466518648635226,0.670180722891483,FALSE,FALSE,NA,FALSE,"stem"
"Oct_22_176_CP40_stem",16.4567088306736,513.025862135998,1280.24322902113,4.28536444674103,5.93809073757599,7.1811549237038,1233.45994296941,0.0396642926136192,0.241022023429673,0.998955436985407,5.6654958411938e-269,16.6628303261233,511.413877418572,30739.2327084501,4.339038953436,6.2100707516224,7.37076178850975,1244.98564702171,0.16401810831361,0.984335224589483,0.99889997623227,0.000143544559985969,513.597,1265.12,0.00746575204055637,0.35,3.84021220019892,181,12.2438984192601,1,1.0125250739726,"Noise (HM.RMSE) | Noise (HM.MAE) | Noise (HM.SE)","Noise (LM.RMSE) | Noise (LM.MAE) | Noise (LM.SE)",16.4567088306736,"LM","RMSE | MAE | SE | AICc",4,0,0.35,0.35,0.0260152951186508,2,0.5,1,0.05,0.0075,20,"LGR2 Oct2022",0.696108725154671,0.0291034959328365,FALSE,"wassmann | mad | 0.95",TRUE,"emission",1.01546336718231,FALSE,4.28536444674103,FALSE,TRUE,FALSE,0.916263593049897,1.31626506024085,FALSE,TRUE,"convex (accelerating) trace",FALSE,"stem"
"Oct_22_177_CP40_stem",3.08011384515632,531.75203401109,748.036136613198,0.802380616918493,4.53391303205829,5.52958056640437,1708.29302365087,0.0165405398113348,0.537010663983926,0.992245269526748,3.64995324987587e-287,4.0911703060868,520.650421648058,1011.54237211571,1.06576442272703,2.41933258891741,3.02245377129543,1381.75391543942,0.0446683175200201,1.09182249034128,0.9976831300241,0.00217107740656923,515.982,744.01,0.00496594642752144,0.35,3.83871915673308,272,2.29251604833855,1,1.32825295159802,"Noise (HM.RMSE) | Noise (HM.MAE) | Noise (HM.SE)","Noise (LM.RMSE) | Noise (LM.MAE)",4.0911703060868,"HM","SE",1,3,0.35,0.35,0.0212218671906791,2,0.5,1,0.05,0.005,20,"LGR2 Oct2022",0.696108725154671,0.0193582984155742,FALSE,"wassmann | mad | 0.95",TRUE,"emission",1.02017889342318,FALSE,0.802380616918493,FALSE,FALSE,FALSE,0.608046777996605,0.873493975903693,FALSE,FALSE,NA,FALSE,"stem"
"Oct_22_178_CP40_stem",1.97821136174891,443.543103489898,535.410256661613,0.516006139958017,0.912702641427934,1.15192552428008,567.87080359376,0.00640453753045887,0.323753955431573,0.998127276120921,6.45868938398723e-245,2.19940845478743,441.877137372124,918.463360791354,0.573704250663354,0.711715257195781,0.88335953169443,474.39816677065,0.0212145425399617,0.964556742236042,0.998898714440981,0.00120377850317904,440.286,534.639,0.00749459080822575,0.35,3.83369733141132,180,1.47430325702291,1,1.11181671347948,"Noise (HM.RMSE) | Noise (HM.MAE)","Noise (LM.RMSE) | Noise (LM.MAE)",2.19940845478743,"HM","",0,4,0.35,0.35,0.0260874597374975,2,0.5,1,0.05,0.0075,20,"LGR2 Oct2022",0.696108725154671,0.0292157593976866,FALSE,"wassmann | mad | 0.95",TRUE,"emission",0.870515801461517,FALSE,0.516006139958017,FALSE,FALSE,FALSE,0.575547726069077,0.82680722891556,FALSE,FALSE,NA,FALSE,"stem"
"Oct_22_179_CP40_stem",2.44385855341726,498.827957332819,612.418779333862,0.638003729025962,1.95364492020357,2.37504602750308,828.360289818087,0.0131936257335556,0.539868631722033,0.994809825931659,1.62885662782721e-205,3.16396896949901,493.572196282448,770.638534340765,0.825998705301558,0.550747061795721,0.742005597303736,411.62298615167,0.0199553234203168,0.630705408703065,0.999493415117734,0.00298123081674289,492.19,609.558,0.00748804417999791,0.35,3.83047691139406,180,1.82286779721703,1,1.29466124996261,"Noise (HM.RMSE) | Noise (HM.MAE)","Noise (LM.RMSE) | Noise (LM.MAE)",3.16396896949901,"HM","",0,4,0.35,0.35,0.0260874597374975,2,0.5,1,0.05,0.0075,20,"LGR2 Oct2022",0.696108725154671,0.0291902390024011,FALSE,"wassmann | mad | 0.95",TRUE,"emission",0.973138306285787,FALSE,0.638003729025962,FALSE,FALSE,FALSE,0.548290456710599,0.78765060240952,FALSE,FALSE,NA,FALSE,"stem"
"Oct_22_17_SRS6_stem",1.22733401795498,367.297997855369,470.220846779732,0.321474170251252,17.0822238291422,43.5945960916461,3361.31637464449,0.100171967243448,8.16175269144395,0.316519625204368,1.4144560497129e-28,279.2903154333,0,427.669454795701,73.1541871240011,16.0930018647902,23.7356647702871,2970.62835733357,25.246111153178,9.03937936910214,0.801474233759055,0.171053102585844,-44.8455,448.963,0.0041606830613881,0.35,3.81783089134577,323,0.918497629289292,1,227.558522250253,"Noise (HM.RMSE) | Noise (HM.MAE) | Noise (HM.SE) | Exaggerated curvature (g-fact)","Noise (LM.RMSE) | Noise (LM.MAE) | Noise (LM.SE) | Intercept (LM)",1.22733401795498,"LM","SE | g-fact. > 2 | Intercept (LM)",1,3,0.35,0.35,0.019474520942613,2,0.5,1,0.05,0.0042,20,"LGR2 Oct2022",0.696108725154671,0.016219216548254,FALSE,"wassmann | mad | 0.95",TRUE,"emission",-0.0886667220271424,FALSE,0.321474170251252,FALSE,FALSE,FALSE,0.465994470378345,0.669427710843308,FALSE,FALSE,NA,FALSE,"stem"
"Oct_22_180_CP40_stem",1.96521970497545,510.442010283222,602.407460403679,0.513658680406901,0.951742514075138,1.1367453024425,566.188585859764,0.00625479005050017,0.318274340251351,0.998179926017742,2.17131237943629e-247,2.24329542107582,508.342748365553,899.594894071224,0.586340632976222,0.517267212948424,0.653847231071283,368.075901933971,0.0158498758719597,0.706544297422874,0.999397835313562,0.00149862598687781,510.434,600.439,0.007437646249625,0.35,3.82592522999646,181,1.467596229734,1,1.1414985385076,"Noise (HM.RMSE) | Noise (HM.MAE)","Noise (LM.RMSE) | Noise (LM.MAE)",2.24329542107582,"HM","",0,4,0.35,0.35,0.0260152951186508,2,0.5,1,0.05,0.0074,20,"LGR2 Oct2022",0.696108725154671,0.0289937709739599,FALSE,"wassmann | mad | 0.95",TRUE,"emission",1.0092096105786,FALSE,0.513658680406901,FALSE,FALSE,FALSE,0.516839761297072,0.742469879518079,FALSE,FALSE,NA,FALSE,"stem"
"Oct_22_181_CP40_stem",1.58752325985275,473.605049485785,547.923466762478,0.415042930725961,0.803640447092866,1.03931822089662,533.751851009772,0.00571600647899493,0.360058124724744,0.997671849846468,8.06018700017033e-238,1.8275201914216,471.796311205524,771.232862305905,0.477787856965853,0.52714000034522,0.671074858948464,377.490421987617,0.0163645565652994,0.89545147802551,0.999029365236277,0.00159562303002108,469.588,545.885,0.00743486437542608,0.35,3.82496156982116,181,1.18583694493132,1,1.15117695446624,"Noise (HM.RMSE) | Noise (HM.MAE)","Noise (LM.RMSE) | Noise (LM.MAE)",1.8275201914216,"HM","",0,4,0.35,0.35,0.0260152951186508,2,0.5,1,0.05,0.0074,20,"LGR2 Oct2022",0.696108725154671,0.0289829264086752,FALSE,"wassmann | mad | 0.95",TRUE,"emission",0.928450539369207,FALSE,0.415042930725961,FALSE,FALSE,FALSE,0.62953808652921,0.904367469879552,FALSE,FALSE,NA,FALSE,"stem"
"Oct_22_182_CP40_stem",1.39581800144795,600.055937876764,665.421043843765,0.365035634803639,0.553389179544052,0.656419510730177,367.405561156119,0.00360935335315953,0.258583379023295,0.998797862531646,1.63876198567038e-263,1.48645396113466,599.361402743306,1149.03508272859,0.38873883611352,0.479615659143571,0.577442123116045,323.091785549164,0.0132802762478605,0.893419950774874,0.999069731973656,0.000707217482423256,599.306,664.566,0.00743245470953569,0.35,3.82378559342238,181,1.04295895658183,1,1.06493393808698,"Noise (HM.RMSE) | Noise (HM.MAE)","Noise (LM.RMSE) | Noise (LM.MAE)",1.48645396113466,"HM","",0,4,0.35,0.35,0.0260152951186508,2,0.5,1,0.05,0.0074,20,"LGR2 Oct2022",0.696108725154671,0.0289735329644815,FALSE,"wassmann | mad | 0.95",TRUE,"emission",1.18492376071621,FALSE,0.365035634803639,FALSE,FALSE,FALSE,0.713930785889049,1.02560240963855,FALSE,FALSE,NA,FALSE,"stem"
"Oct_22_183_CP40_stem",1.75385524437326,524.827021102033,606.957236932337,0.458705017062733,2.95721206399272,3.47721989950178,970.927722651654,0.0191188865837884,1.09010630410497,0.979055545060998,1.98867894763115e-152,1.77057938490723,524.694658989997,4636.25144214461,0.463079065145439,2.96877732043473,3.48677389058002,974.012667530271,0.0770929971653656,4.35411130517624,0.978941174012734,0.00011262864398291,519.856,610.617,0.00743258695273539,0.35,3.82349261319154,181,1.31058576303638,1,1.009535644739,"Noise (HM.RMSE) | Noise (HM.MAE) | Noise (HM.SE)","Noise (LM.RMSE) | Noise (LM.MAE)",1.75385524437326,"LM","RMSE | MAE | SE | AICc",4,0,0.35,0.35,0.0260152951186508,2,0.5,1,0.05,0.0074,20,"LGR2 Oct2022",0.696108725154671,0.0289742094362595,FALSE,"wassmann | mad | 0.95",TRUE,"emission",1.02783841067983,FALSE,0.458705017062733,FALSE,FALSE,FALSE,0.664658029741084,0.954819277108474,FALSE,FALSE,NA,FALSE,"stem"
"Oct_22_184_CP40_stem",0.72387640938699,759.740561984573,793.632944855719,0.189290046551479,0.93084693892762,1.71722985955286,715.529247594373,0.00944379945831289,1.30461489500816,0.970269413167938,8.25124443556699e-139,0.897400538979272,758.454628558619,853.973353178073,0.234665735194439,1.01626576794628,1.63354752767045,699.535986848434,0.0421055993173205,4.69195164126072,0.973096414207631,0.00245675113575212,748.397,793.388,0.00743381182893411,0.35,3.8241652034785,181,0.540828704432796,1,1.23971513277968,"Noise (HM.RMSE) | Noise (HM.MAE) | Noise (HM.SE)","Noise (LM.RMSE) | Noise (LM.MAE)",0.897400538979272,"HM","MAE | SE | Intercept",2,2,0.35,0.35,0.0260152951186508,2,0.5,1,0.05,0.0074,20,"LGR2 Oct2022",0.696108725154671,0.0289788234160805,FALSE,"wassmann | mad | 0.95",TRUE,"emission",1.47970049982601,FALSE,0.189290046551479,FALSE,FALSE,FALSE,0.611191847537951,0.878012048192828,FALSE,FALSE,NA,FALSE,"stem"
"Oct_22_185_CP40_stem",0.173122314737194,466.456970902015,475.458385882685,0.0452512051542966,0.642658997586152,0.784646308960219,479.041183483381,0.00368732405251041,2.12989530443138,0.916783355389515,1.30272482827725e-109,0.334291180027267,465.251104129183,477.537328480122,0.0873779835467726,0.494963158158405,0.614284861622784,382.724173187029,0.0188784624198372,5.6473109515774,0.948996268151743,0.007111866188582,464.941,474.632,0.00669780545820969,0.35,3.8258056143894,201,0.129289157583704,1,1.93095373369246,"Noise (HM.RMSE) | Noise (HM.MAE)","Noise (LM.RMSE) | Noise (LM.MAE) | Intercept (LM)",0.334291180027267,"HM","Intercept (LM)",0,4,0.35,0.35,0.0246870965550509,2,0.5,1,0.05,0.0067,20,"LGR2 Oct2022",0.696108725154671,0.0261096178317055,FALSE,"wassmann | mad | 0.95",TRUE,"emission",0.919262677548954,FALSE,0.0452512051542966,FALSE,FALSE,FALSE,0.538855248086589,0.774096385542156,FALSE,FALSE,NA,FALSE,"stem"
"Oct_22_186_CP40_stem",0.146003950305834,431.182040248649,438.010872201166,0.0381420150849953,3.69234292952933,4.15327754072977,1035.24234272355,0.0228675891184106,15.662308499537,0.180943598032404,1.43158276612845e-09,2.09652405923895,422.000768980747,436.879676319679,0.547695128289635,2.41597923666084,3.01210717848446,921.038663060692,0.401949612408702,19.172191735048,0.569202926607131,0.0368101713259924,425.21,429.666,0.00744161589196861,0.35,3.82790342829242,181,0.108977185957129,1,14.3593653106465,"Noise (HM.RMSE) | Noise (HM.MAE) | Noise (HM.SE) | Exaggerated curvature (g-fact)","Noise (LM.RMSE) | Noise (LM.MAE)",0.146003950305834,"LM","SE | g-fact. > 2 | Intercept",1,3,0.35,0.35,0.0260152951186508,2,0.5,1,0.05,0.0074,20,"LGR2 Oct2022",0.696108725154671,0.0290092456277614,FALSE,"wassmann | mad | 0.95",TRUE,"emission",0.840708139571668,FALSE,0.0381420150849953,FALSE,FALSE,FALSE,0.591273073775959,0.849397590361451,FALSE,FALSE,NA,FALSE,"stem"
"Oct_22_187_CP40_CWD",1.82612332972719,449.751413957993,477.814279255639,0.156740757951432,0.626784968378469,0.77191634319833,426.077108561034,0.012934508556913,0.708304217264742,0.991049868383806,1.77425943570344e-185,2.39959167995185,448.371742464363,513.964092190419,0.205962988680393,0.411441488606831,0.496614457019764,268.504273199657,0.0407410053694825,1.69783074803377,0.996295516486891,0.00314004589773945,448.169,476.823,0.0226489046000612,0.35,11.650596523803,181,0.44783073700409,1,1.31403593661461,"Noise (HM.RMSE) | Noise (HM.MAE) | Noise (HM.SE)","Noise (LM.RMSE) | Noise (LM.MAE)",2.39959167995185,"HM","SE",1,3,0.35,0.35,0.0260152951186508,2,0.5,1,0.05,0.023,20,"LGR2 Oct2022",0.696108725154671,0.088290990287196,FALSE,"wassmann | mad | 0.95",TRUE,"emission",0.88610175255449,FALSE,0.156740757951432,NA,FALSE,FALSE,0.507928730929854,0.729668674698762,FALSE,FALSE,NA,FALSE,"CWD"
"Oct_22_188_CP40_CWD",9.54895207313453,458.437628817439,555.453888834533,0.819463300333676,0.724581779854561,0.884818581114481,317.382708981852,0.0275450510648195,0.288461507125123,0.999010771757402,2.35261104349518e-179,10.4777300030037,456.907304642259,1024.86483736372,0.899168321560981,0.424415324768472,0.55528744861339,207.708424324097,0.0738496349449188,0.70482475616138,0.999610395689905,0.00158316118681,457.078,553.672,0.0341606635313928,0.35,11.6526903270059,120,2.34132371523908,1,1.09726490642699,"Noise (HM.RMSE) | Noise (HM.MAE) | Noise (HM.SE)","Noise (LM.RMSE) | Noise (LM.MAE)",10.4777300030037,"HM","SE",1,3,0.35,0.35,0.0319504825211347,2,0.5,1,0.05,0.034,20,"LGR2 Oct2022",0.696108725154671,0.133169646609073,FALSE,"wassmann | mad | 0.95",TRUE,"emission",0.903716269652969,FALSE,0.819463300333676,NA,FALSE,FALSE,0.670948168823778,0.963855421686745,FALSE,FALSE,NA,FALSE,"CWD"
"Oct_22_189_CP40_stem",0.134679124034422,452.388910735698,459.81321407001,0.025916874366371,0.653470873237721,0.82899290848904,717.830436731201,0.00306429212147445,2.27525397380165,0.870194424479745,1.75106684095864e-129,0.184825465499049,451.959639754334,467.517147105324,0.0355667472846096,0.645342970455675,0.809561124511993,706.177303410607,0.0151541704296043,8.19917882456642,0.876208448483803,0.00228614690529745,452.713,459.335,0.00632702015399937,0.35,5.19658050313266,289,0.0740482124753458,1,1.37233937942609,"Noise (HM.RMSE) | Noise (HM.MAE) | Intercept (HM)","Noise (LM.RMSE) | Noise (LM.MAE)",0.184825465499049,"HM","Intercept (HM)",0,4,0.35,0.35,0.0205882352941176,2,0.5,1,0.05,0.0063,20,"LGR3 Oct2022",1.04730815727329,0.0371074665321834,FALSE,"wassmann | mad | 0.95",TRUE,"emission",0.886009110346751,FALSE,0.025916874366371,FALSE,FALSE,FALSE,0.826104932864276,0.788788788788842,FALSE,FALSE,NA,FALSE,"stem"
"Oct_22_18_SRS6_stem",14.719158236308,495.386876890225,1185.71485765055,3.8554393440114,31.9040827884723,37.0445155335942,1827.37889518511,0.203391167623683,1.38181249469806,0.966766557616607,1.76429713155007e-134,21.8283150744499,444.529190077574,1689.94157783775,5.71756505368071,27.0003730584325,30.1870038050421,1755.36598263967,0.888489147186385,4.07035148684638,0.977931769640181,0.00459090106206789,505.572,1183.62,0.00742124521201258,0.35,3.81776418274381,181,11.0155409828897,1,1.48298664393767,"Noise (HM.RMSE) | Noise (HM.MAE) | Noise (HM.SE)","Noise (LM.RMSE) | Noise (LM.MAE) | Noise (LM.SE)",21.8283150744499,"HM","SE",1,3,0.35,0.35,0.0260152951186508,2,0.5,1,0.05,0.0074,20,"LGR2 Oct2022",0.696108725154671,0.0289299962743882,FALSE,"wassmann | mad | 0.95",TRUE,"emission",0.999596659390718,FALSE,3.8554393440114,FALSE,FALSE,FALSE,1.86240534674292,2.67545180722897,TRUE,TRUE,"closure sigma = 1.86 ppm = 2.7x campaign sigma (disturbed closure?)",FALSE,"stem"
"Oct_22_190_CP40_stem",0.117091166466369,457.816766763988,463.805100436529,0.0226336994780416,0.691208712114935,0.846495428022002,674.81307598611,0.00350909873778079,2.99689450850988,0.8070247422477,7.04871523203539e-97,0.269269225190748,456.737420813934,464.279971809095,0.0520496883375311,0.577519976152417,0.730868707924721,598.445398733709,0.0226215030402532,8.4010725786537,0.856142956001565,0.00690080695124495,456.216,462.655,0.00681785571720095,0.35,5.17331099937802,267,0.0646677127944046,1,2.29965447707865,"Noise (HM.RMSE) | Noise (HM.MAE) | Exaggerated curvature (g-fact)","Noise (LM.RMSE) | Noise (LM.MAE) | Intercept (LM)",0.117091166466369,"LM","g-fact. > 2 | Intercept (LM)",0,4,0.35,0.35,0.0214196521476737,2,0.5,1,0.05,0.0068,20,"LGR3 Oct2022",1.04730815727329,0.0399862351653822,FALSE,"wassmann | mad | 0.95",TRUE,"emission",0.892864866451711,FALSE,0.0226336994780416,FALSE,FALSE,FALSE,0.692963655613295,0.661661661661694,FALSE,FALSE,NA,FALSE,"stem"
"Oct_22_191_CP40_stem",0.767406765178525,445.830557263634,453.413249184599,0.0657164442656557,0.52131849375427,0.665150645704207,242.832441543857,0.0215621910639413,2.80974732597324,0.916043973616491,6.39668972285539e-64,0.940822041079199,445.558735704559,467.906520171874,0.0805667633280486,0.50072714613469,0.653276171845554,240.762016776642,0.0982664164979272,10.4447400472472,0.919014834019309,0.00360513425596539,445.657,452.892,0.0351174198586806,0.35,11.6775454569075,117,0.187761269330445,1,1.22597569342555,"Noise (HM.RMSE) | Noise (HM.MAE) | Noise (HM.SE)","Noise (LM.RMSE) | Noise (LM.MAE)",0.940822041079199,"HM","SE",1,3,0.35,0.35,0.0323575114464717,2,0.5,1,0.05,0.035,20,"LGR3 Oct2022",1.04730815727329,0.205966121250249,FALSE,"wassmann | mad | 0.95",TRUE,"emission",0.872199742640043,FALSE,0.0657164442656557,FALSE,FALSE,FALSE,0.564015804417512,0.538538538538598,FALSE,FALSE,NA,FALSE,"stem"
"Oct_22_192_CP40_stem",7.49294813456982,842.462663993102,1231.16045473066,2.71406679784479,1.72228700791165,2.47401318282423,680.356452121089,0.0137201209636853,0.183107112411275,0.999517425254503,3.03453495652646e-239,7.60939580426714,841.457072740864,13426.4553147385,2.75624602400996,1.84148556896268,2.51757153505576,687.533369408846,0.0563427361032232,0.74043639669299,0.999500456684898,0.000219010441718779,845.055,1230.01,0.00670018497552087,0.35,2.76078250561846,145,7.75447656527084,1,1.01554096833529,"Noise (HM.RMSE) | Noise (HM.MAE) | Noise (HM.SE)","Noise (LM.RMSE) | Noise (LM.MAE)",7.49294813456982,"LM","RMSE | MAE | SE | AICc",4,0,0.35,0.35,0.029065917948809,2,0.5,1,0.05,0.0067,20,"LGR3 Oct2022",1.04730815727329,0.0392967273109998,FALSE,"wassmann | mad | 0.95",TRUE,"emission",1.65386553676186,TRUE,2.71406679784479,FALSE,FALSE,FALSE,0.911021810481025,0.86986986986992,FALSE,TRUE,"C0 > 1.5x group median",FALSE,"stem"
"Oct_22_193_CP40_stem",1.01384217092518,600.140662007717,754.068010665314,0.367608767145232,2.94818627343394,3.27860769337876,2205.82304647002,0.0036414359474078,0.359171876238371,0.994598181457598,0,1.31005172266331,593.051473709027,970.760052780354,0.475011310907769,1.00760721585503,1.27634609271516,1411.61721058098,0.00686478611472768,0.52400878499451,0.999181350519724,0.00125761324266364,594.797,750.361,0.00229978196142209,0.35,2.75793795343471,422,1.05031076327209,1,1.29216534903833,"Noise (HM.RMSE) | Noise (HM.MAE)","Noise (LM.RMSE) | Noise (LM.MAE)",1.31005172266331,"HM","",0,4,0.35,0.35,0.0170377334228932,2,0.5,1,0.05,0.0023,20,"LGR3 Oct2022",1.04730815727329,0.0134879631190248,FALSE,"wassmann | mad | 0.95",TRUE,"emission",1.16408311845897,FALSE,0.367608767145232,FALSE,FALSE,FALSE,0.814573011212562,0.777777777777778,FALSE,FALSE,NA,FALSE,"stem"
"Oct_22_194_CP40_stem",1.36709286436175,534.962639925861,644.040532148652,0.357179225959104,0.65272598452566,0.816772170835476,755.469712277166,0.00202081983752108,0.147818768585595,0.999329641203736,0,1.38912610113478,534.668768151487,3929.60658188682,0.36293583157173,0.662083054874816,0.836993810766956,772.587970168183,0.00837361679561502,0.602797455808697,0.999296313371496,0.000106905001353295,535.779,644.892,0.0043722957932247,0.35,3.82747025863782,308,1.02051207416887,1,1.01611685449278,"Noise (HM.RMSE) | Noise (HM.MAE)","Noise (LM.RMSE) | Noise (LM.MAE)",1.36709286436175,"LM","RMSE | MAE | AICc",3,1,0.35,0.35,0.0199431008804366,2,0.5,1,0.05,0.0044,20,"LGR3 Oct2022",1.04730815727329,0.025643137147685,FALSE,"wassmann | mad | 0.95",TRUE,"emission",1.04857840427041,FALSE,0.357179225959104,FALSE,FALSE,FALSE,0.763203542037013,0.728728728728746,FALSE,FALSE,NA,FALSE,"stem"
"Oct_22_195_CP40_stem",2.63811689272993,898.25781227196,1227.12020404367,0.958332653649211,0.828475106589619,1.01785955114455,1000.22538506451,0.00152053465177606,0.0576371219928244,0.999885402825759,0,2.68184293567601,897.347640970105,10942.5494263281,0.974216746914968,0.79770386314104,0.992886912861126,985.082921050412,0.00599937224767338,0.223703341007222,0.999891062731736,9.69832928926327e-05,897.357,1225.39,0.00279952363231325,0.35,2.75281957959411,346,2.7380932961406,1,1.01657471777182,"Noise (HM.RMSE) | Noise (HM.MAE)","Noise (LM.RMSE) | Noise (LM.MAE)",2.68184293567601,"HM","",0,4,0.35,0.35,0.0188161165699665,2,0.5,1,0.05,0.0028,20,"LGR3 Oct2022",1.04730815727329,0.0164189825762857,FALSE,"wassmann | mad | 0.95",TRUE,"emission",1.75622630062187,TRUE,0.958332653649211,FALSE,FALSE,FALSE,0.849168776167436,0.810810810810715,FALSE,TRUE,"C0 > 1.5x group median",FALSE,"stem"
"Oct_22_196_CP40_stem",2.56608999884413,795.325001724538,1170.80352546569,0.932108631824136,1.51277200958933,1.86945919616904,1666.26493202873,0.00219654218499784,0.0855987976254634,0.999703338167097,0,2.64697793730137,793.369365687261,7013.92257696142,0.961490432805556,1.30932848545643,1.6515765142773,1567.68283908214,0.0079364922209358,0.299832201435996,0.999768459433376,0.00015456670816077,793.181,1166.57,0.00238604179146967,0.35,2.75299456654778,406,2.66316751949753,1,1.0315218634162,"Noise (HM.RMSE) | Noise (HM.MAE)","Noise (LM.RMSE) | Noise (LM.MAE)",2.64697793730137,"HM","",0,4,0.35,0.35,0.0173702083444913,2,0.5,1,0.05,0.0024,20,"LGR3 Oct2022",1.04730815727329,0.0139939085483804,FALSE,"wassmann | mad | 0.95",TRUE,"emission",1.55234241595436,TRUE,0.932108631824135,FALSE,FALSE,FALSE,0.863845767360705,0.824824824824968,FALSE,TRUE,"C0 > 1.5x group median",FALSE,"stem"
"Oct_22_197_CP40_stem",3.41381546957047,605.677652196744,849.815407425242,1.23952333190595,0.854570218376985,1.07672673888698,600.283018511999,0.00369742772682306,0.108307779368294,0.99976778832512,0,3.52396865236833,604.379781948008,4559.2686700743,1.27951888567231,0.7303348304827,0.904478228523522,532.985698025698,0.0126960906638679,0.36027819530504,0.999836141381303,0.000323528402912606,602.449,848.941,0.00486938082189031,0.35,2.75413570821715,199,3.541495234017,1,1.0322668825482,"Noise (HM.RMSE) | Noise (HM.MAE)","Noise (LM.RMSE) | Noise (LM.MAE)",3.52396865236833,"HM","",0,4,0.35,0.35,0.0248108421752918,2,0.5,1,0.05,0.0049,20,"LGR3 Oct2022",1.04730815727329,0.0285587532006051,FALSE,"wassmann | mad | 0.95",TRUE,"emission",1.17905892368739,FALSE,1.23952333190595,FALSE,FALSE,FALSE,0.866466658645111,0.827327327327412,FALSE,FALSE,NA,FALSE,"stem"
"Oct_22_198_CP40_stem",1.07737223756299,456.133350054766,480.63872205344,0.391016131818273,0.595611285741835,0.760589400455175,152.995444973056,0.0144837868401096,1.34436236011352,0.988740116334066,2.44609389594122e-62,1.20917196142058,455.653217833339,573.368455157083,0.438850869340457,0.570886886945293,0.727764012516557,149.626457780076,0.0600234840193856,4.96401553579422,0.989691047981145,0.0037280719074075,455.728,479.41,0.0151459834724059,0.35,2.75531403922666,64,1.11718894805221,1,1.12233443489849,"Noise (HM.RMSE) | Noise (HM.MAE) | Noise (HM.SE)","Noise (LM.RMSE) | Noise (LM.MAE)",1.20917196142058,"HM","SE",1,3,0.35,0.35,0.04375,2,0.5,1,0.05,0.015,20,"LGR3 Oct2022",1.04730815727329,0.0888354111090721,FALSE,"wassmann | mad | 0.95",TRUE,"emission",0.891909796803061,FALSE,0.391016131818273,FALSE,FALSE,FALSE,0.630062264786091,0.601601601601655,FALSE,FALSE,NA,FALSE,"stem"
"Oct_22_19_SRS6_root",-14.7256548959346,1074.70959293096,822.406518018379,-1.26823065598309,46.2087493830751,53.604860932934,2177.15429847028,0.764459163073582,-5.19134237815549,0.649157890603902,2.32309807690708e-47,-15.9234324786802,1074.25665851245,0,-1.37138791861232,47.747724773885,55.8647048681705,2195.83635076238,3.4933666445325,-21.9385276962724,0.619286036518815,0.00127659243044518,1003.87,707.143,0.0203255616877498,0.35,11.6111803688579,201,3.62351615995169,1,1.08133951197487,"Noise (HM.RMSE) | Noise (HM.MAE) | Noise (HM.SE)","Noise (LM.RMSE) | Noise (LM.MAE) | Noise (LM.SE)",-14.7256548959346,"LM","RMSE | MAE | SE | AICc | Intercept",4,0,0.35,0.35,0.0246870965550509,2,0.5,1,0.05,0.02,20,"LGR2 Oct2022",0.696108725154671,0.0792338102181976,FALSE,"wassmann | mad | 0.95",TRUE,"uptake",1.98481145803676,TRUE,-1.26823065598309,TRUE,TRUE,FALSE,1.52011694499145,2.18373493975915,TRUE,TRUE,"C0 > 1.5x group median; CO2 slope <= 0; convex (accelerating) trace; closure sigma = 1.52 ppm = 2.2x campaign sigma (disturbed closure?)",FALSE,"root"
"Oct_22_1_FLM30_stem",2.07064466487515,789.415507360762,986.049535683511,0.543136910804673,1.06029980238774,1.22299852467315,1188.84473601592,0.00233518792181561,0.112775888660569,0.999537263914244,0,2.09350303039492,789.046414522945,9294.9951337625,0.549132735315298,1.19341009590106,1.38300390016922,1280.64448746358,0.0106427589848819,0.508370842093994,0.999409582182891,6.45586698722058e-05,790.287,987.914,0.00367550487830512,0.35,3.81238067913195,365,1.55181974515621,1,1.01103925067759,"Noise (HM.RMSE) | Noise (HM.MAE)","Noise (LM.RMSE) | Noise (LM.MAE)",2.07064466487515,"LM","RMSE | MAE | AICc",3,1,0.35,0.35,0.0183198372906575,2,0.5,1,0.05,0.0037,20,"LGR2 Oct2022",0.696108725154671,0.0143278197454267,FALSE,"wassmann | mad | 0.95",TRUE,"emission",1.56252372591819,TRUE,0.543136910804673,FALSE,TRUE,FALSE,0.389988623128844,0.560240963855454,FALSE,TRUE,"C0 > 1.5x group median; convex (accelerating) trace",FALSE,"stem"
"Oct_22_200_CP40_stem",7.45831036726582,698.604349223112,847.717751705735,1.94692974850981,1.17418739476959,1.43128842065564,283.61644050972,0.0280858660400724,0.37657143048565,0.998909268923779,1.50616883270379e-114,7.88784413530892,697.207990688645,2097.10227147127,2.05905595804152,1.01622374979508,1.28098068878765,268.532004225632,0.104265523184253,1.32185070338195,0.999126327760122,0.00147086532626621,698.564,847.262,0.0172805698887841,0.35,3.83080610534328,78,5.56265642431374,1,1.05759129707558,"Noise (HM.RMSE) | Noise (HM.MAE) | Noise (HM.SE)","Noise (LM.RMSE) | Noise (LM.MAE)",7.88784413530892,"HM","SE",1,3,0.35,0.35,0.0396296961950608,2,0.5,1,0.05,0.017,20,"LGR3 Oct2022",1.04730815727329,0.101353927413892,FALSE,"wassmann | mad | 0.95",TRUE,"emission",1.36716654516276,FALSE,1.94692974850981,FALSE,FALSE,FALSE,0.894248106260529,0.853853853853996,FALSE,FALSE,NA,FALSE,"stem"
"Oct_22_201_CP40_stem",1.34703654183581,659.965111015943,756.400145541853,0.348761638777326,1.52082581421019,1.89560693200424,1154.71777419752,0.00549152315297755,0.407674400984951,0.995400855935389,0,1.62921390970646,656.737966340807,957.436236429273,0.421820266504172,1.05226740666977,1.25848251080087,928.201591288565,0.0167903232634942,1.03057819255418,0.997972901714306,0.00140280243840469,657.421,751.749,0.00487129879510299,0.35,3.86234147355826,279,0.996461825078075,1,1.20948011364716,"Noise (HM.RMSE) | Noise (HM.MAE)","Noise (LM.RMSE) | Noise (LM.MAE)",1.62921390970646,"HM","",0,4,0.35,0.35,0.0209539519031237,2,0.5,1,0.05,0.0049,20,"LGR1 Oct2022",1.53846318398268,0.041968218185487,FALSE,"wassmann | mad | 0.95",TRUE,"emission",1.24791743583368,FALSE,0.348761638777326,FALSE,FALSE,FALSE,0.908400919196619,0.59045996592847,FALSE,FALSE,NA,FALSE,"stem"
"Oct_22_202_CP40_stem",1.91337394982474,550.149112028108,665.05901129133,0.495824897872664,0.94208184162432,1.17725419672923,746.538056062739,0.00443910340559759,0.232003963783671,0.998747422052292,0,2.08537816467553,548.464532063166,1269.55367726947,0.540397456347118,0.732060441646278,0.904651868426537,625.341926220463,0.0145256024165065,0.696545243570559,0.99926034834076,0.000749418376270959,549.528,663.488,0.00580283939385757,0.35,3.85897109651829,234,1.41664256535047,1,1.08989576494785,"Noise (HM.RMSE) | Noise (HM.MAE)","Noise (LM.RMSE) | Noise (LM.MAE)",2.08537816467553,"HM","",0,4,0.35,0.35,0.0228802157661215,2,0.5,1,0.05,0.0058,20,"LGR1 Oct2022",1.53846318398268,0.0499939020496197,FALSE,"wassmann | mad | 0.95",TRUE,"emission",1.04311479657451,FALSE,0.495824897872664,FALSE,FALSE,FALSE,0.978116627363427,0.635775127768308,FALSE,FALSE,NA,FALSE,"stem"
"Oct_22_203_CP40_stem",1.3224297836896,492.366066066678,560.630006733851,0.34309349657574,1.59627244572578,4.32671765281744,1165.38841885392,0.020481656386366,1.54878970807977,0.954210768778334,1.95587302630784e-135,1.45817194846897,491.226895827496,872.554289739049,0.378310681277205,1.51032862959196,4.29700864527015,1164.70085690336,0.087352447182837,5.9905450296554,0.954837424990674,0.000992088917076205,492.747,560.298,0.00674639896525247,0.35,3.85442976007463,201,0.980267133073543,1,1.10264602813213,"Noise (HM.RMSE) | Noise (HM.MAE) | Noise (HM.SE)","Noise (LM.RMSE) | Noise (LM.MAE)",1.45817194846897,"HM","SE",1,3,0.35,0.35,0.0246870965550509,2,0.5,1,0.05,0.0067,20,"LGR1 Oct2022",1.53846318398268,0.0581232693624288,FALSE,"wassmann | mad | 0.95",TRUE,"emission",0.93533302519198,FALSE,0.34309349657574,FALSE,FALSE,FALSE,0.901062423600104,0.585689948892691,FALSE,FALSE,NA,FALSE,"stem"
"Oct_22_204_CP40_stem",2.47501105324737,525.588083923821,700.588487181559,0.8930232250294,1.0208564190975,1.2485733249265,655.935988023865,0.00434759231264529,0.175659510972324,0.99939249907602,2.12028074286513e-317,2.56622408256152,524.526365591919,3022.1808181537,0.9259343320307,0.909416498896895,1.15365391285789,626.7088645128,0.0164748228694539,0.641986916941768,0.999481355322756,0.000370721550805794,526.973,697.982,0.00492487914959941,0.35,2.77149684787413,198,2.55149492865543,1,1.03685358463126,"Noise (HM.RMSE) | Noise (HM.MAE)","Noise (LM.RMSE) | Noise (LM.MAE)",2.56622408256152,"HM","",0,4,0.35,0.35,0.0248734169081546,2,0.5,1,0.05,0.0049,20,"LGR1 Oct2022",1.53846318398268,0.042430286270263,FALSE,"wassmann | mad | 0.95",TRUE,"emission",1.00030086491545,FALSE,0.893023225029399,FALSE,FALSE,FALSE,1.1070644785593,0.71959114139696,FALSE,FALSE,NA,FALSE,"stem"
"Oct_22_205_CP40_stem",0.637242795691916,544.126175289413,592.682290763161,0.230266731873391,0.761255963236099,0.956833328416169,591.784944765733,0.00298073246589339,0.467754596214292,0.995382873188347,1.30276453541285e-248,0.644467662787913,544.033625720869,2637.0269447377,0.232877426801073,0.764780849201671,0.964866058377447,597.423812424245,0.0121030971237866,1.87799913364615,0.995305561130614,0.000111265250913684,544.463,591.892,0.00457166464100863,0.35,2.76741147324006,213,0.657904948209688,1,1.01133769913892,"Noise (HM.RMSE) | Noise (HM.MAE)","Noise (LM.RMSE) | Noise (LM.MAE)",0.644467662787913,"HM","AICc",1,3,0.35,0.35,0.0239816048439636,2,0.5,1,0.05,0.0046,20,"LGR1 Oct2022",1.53846318398268,0.0393868971345596,FALSE,"wassmann | mad | 0.95",TRUE,"emission",1.03350040668964,FALSE,0.230266731873391,FALSE,TRUE,FALSE,0.830822537176296,0.540034071550229,FALSE,TRUE,"convex (accelerating) trace",FALSE,"stem"
"Oct_22_206_CP40_stem",-0.0442796365829846,501.214109151358,497.820065150746,-0.0115279772324027,0.828376871521569,1.07112923780381,889.747191902264,0.00280897190804984,-6.34371039334422,0.455374326051588,4.92689498690464e-41,-0.044412459065511,501.21539624079,0,-0.0115625568873565,0.828506667584648,1.07129594545981,891.894708299947,0.0083693401577921,-18.8445772512772,0.455204807014692,2.30690377312385e-05,499.194,497.486,0.0045507400533216,0.35,3.84105864284012,297,0.032937077806865,1,1.0029996290118,"Noise (HM.RMSE) | Noise (HM.MAE)","Noise (LM.RMSE) | Noise (LM.MAE)",-0.044412459065511,"HM","AICc | Intercept",1,3,0.35,0.35,0.0203090598614981,2,0.5,1,0.05,0.0046,20,"LGR1 Oct2022",1.53846318398268,0.0392064936490463,FALSE,"wassmann | mad | 0.95",TRUE,"uptake",0.947570729355399,FALSE,-0.0115279772324027,TRUE,TRUE,FALSE,1.03210698782344,0.670868824531494,FALSE,TRUE,"CO2 slope <= 0; convex (accelerating) trace",FALSE,"stem"
"Oct_22_207_CP40_stem",6.9628839759697,670.81639836386,1006.5255029602,1.81461438224387,0.965810332143466,1.26506928274272,624.751615687247,0.00664731250024477,0.095467805052992,0.999830506289324,0,7.09215167519573,669.784824547957,9923.96815322454,1.84830315646224,0.951664825410854,1.18301609246312,601.7599199504,0.0251521917951224,0.354648249882899,0.999851787761687,0.000199726230918159,666.94,1006.59,0.00722026113887438,0.35,3.83711495075868,187,5.18461252069678,1,1.01856525251206,"Noise (HM.RMSE) | Noise (HM.MAE)","Noise (LM.RMSE) | Noise (LM.MAE)",7.09215167519573,"HM","",0,4,0.35,0.35,0.0255945348444496,2,0.5,1,0.05,0.0072,20,"LGR2 Oct2022",0.696108725154671,0.0281463253851575,FALSE,"wassmann | mad | 0.95",TRUE,"emission",1.31864698997185,FALSE,1.81461438224387,FALSE,FALSE,FALSE,0.609619312767248,0.875753012048218,FALSE,FALSE,NA,FALSE,"stem"
"Oct_22_208_CP40_stem",7.42462131230135,634.58964418015,992.898864427822,1.93674378218221,0.838644991852682,1.03635484213499,550.169548202696,0.00544051740951595,0.0732766989812924,0.999900137698616,0,7.63030822518753,632.952837391732,7352.45053972711,1.99039808088005,0.5649573603005,0.725895142008703,419.092001189055,0.015523091653627,0.203439903022338,0.999951007185577,0.000296212331494404,633.595,990.343,0.00721345335902257,0.35,3.83355887371726,187,5.53355366337776,1,1.02770335404789,"Noise (HM.RMSE) | Noise (HM.MAE)","Noise (LM.RMSE) | Noise (LM.MAE)",7.63030822518753,"HM","",0,4,0.35,0.35,0.0255945348444496,2,0.5,1,0.05,0.0072,20,"LGR2 Oct2022",0.696108725154671,0.0281199381521376,FALSE,"wassmann | mad | 0.95",TRUE,"emission",1.25271859479295,FALSE,1.93674378218222,FALSE,FALSE,FALSE,0.780501424514569,1.12123493975908,FALSE,FALSE,NA,FALSE,"stem"
"Oct_22_209_CP40_stem",6.25026030560774,684.226325921852,981.282789075956,1.63201696171676,0.751724387500697,0.937046423456182,504.374450777307,0.00503533462749447,0.0805619987215055,0.999881242742988,0,6.40985018668105,682.97537734626,6709.08043301896,1.67368776902639,0.569896362734804,0.746560545264085,422.834333907209,0.0163140445168447,0.254515223315881,0.999924617938199,0.000277739560389983,682.384,980.843,0.0073239888800346,0.35,3.82977656006279,184,4.66290560490502,1,1.02553331753721,"Noise (HM.RMSE) | Noise (HM.MAE)","Noise (LM.RMSE) | Noise (LM.MAE)",6.40985018668105,"HM","",0,4,0.35,0.35,0.025802342327107,2,0.5,1,0.05,0.0073,20,"LGR2 Oct2022",0.696108725154671,0.0285506937427633,FALSE,"wassmann | mad | 0.95",TRUE,"emission",1.34918224668628,FALSE,1.63201696171676,FALSE,FALSE,FALSE,0.599659925886267,0.861445783132551,FALSE,FALSE,NA,FALSE,"stem"
"Oct_22_20_SRS6_stem",0.0566144566848321,612.558572549483,614.529077213643,0.0110064383096103,30.1799309995792,35.6703148925951,1813.69475771258,0.263877504933033,466.095623600199,-0.00532806589612722,0.8303637723561,12.3100515835255,551.04851722697,627.151306276402,2.39320186531957,27.4058742735919,30.4970266298829,1759.06478900387,4.50901555197487,36.6287299560081,0.265132707092902,0.0314469665988865,537.753,595.993,0.00999997416870189,0.35,5.14375814339496,181,0.0314469665988865,1,217.436540141232,"Noise (HM.RMSE) | Noise (HM.MAE) | Noise (HM.SE) | Exaggerated curvature (g-fact)","Noise (LM.RMSE) | Noise (LM.MAE) | Noise (LM.SE) | No detect. flux (p-val.)",0.0566144566848321,"LM","SE | g-fact. > 2 | p-value | Intercept",1,3,0.35,0.35,0.0260152951186508,2,0.5,1,0.05,0.01,20,"LGR2 Oct2022",0.696108725154671,0.0389823542851736,FALSE,"wassmann | mad | 0.95",TRUE,"emission",1.06322364050489,FALSE,0.0110064383096102,TRUE,FALSE,FALSE,1.15528887819338,1.65963855421678,TRUE,TRUE,"CO2 slope <= 0; closure sigma = 1.16 ppm = 1.7x campaign sigma (disturbed closure?)",FALSE,"stem"
"Oct_22_210_CP40_stem",1.57406186733914,456.023564700583,529.660071357324,0.411305900096946,0.506836348635219,0.634066619825403,354.863689206003,0.00349015421961733,0.22172916402055,0.999115829360355,1.87729686751599e-275,1.65857274078803,455.375256102997,1193.19832565827,0.433388781077119,0.459222396122337,0.563602926813245,314.310301010521,0.012873048320448,0.776152170108119,0.999301425404786,0.000587388493203859,455.359,529.156,0.00744008005835177,0.35,3.82698586859105,181,1.1751597145627,1,1.0536896771356,"Noise (HM.RMSE) | Noise (HM.MAE)","Noise (LM.RMSE) | Noise (LM.MAE)",1.65857274078803,"HM","",0,4,0.35,0.35,0.0260152951186508,2,0.5,1,0.05,0.0074,20,"LGR2 Oct2022",0.696108725154671,0.0290032585981284,FALSE,"wassmann | mad | 0.95",TRUE,"emission",0.900317531871817,FALSE,0.411305900096946,FALSE,FALSE,FALSE,0.55353223927962,0.795180722891569,FALSE,FALSE,NA,FALSE,"stem"
"Oct_22_212_CP40_stem",2.92448618630392,529.344737630392,666.21346890768,0.764488844420414,1.7478300739388,1.9974611532132,770.250798417779,0.0109894399758295,0.375773359002198,0.997464707290677,1.65737881484213e-234,3.50701155935852,524.992273059805,968.333956328823,0.916766585166015,0.464724792396008,0.579417239149648,324.327878236309,0.0145725917487211,0.415527337223452,0.999786668862697,0.00206785560610083,525.206,661.82,0.00743694119996058,0.35,3.82541381427361,181,2.18425384120118,1,1.1991889637854,"Noise (HM.RMSE) | Noise (HM.MAE)","Noise (LM.RMSE) | Noise (LM.MAE)",3.50701155935852,"HM","",0,4,0.35,0.35,0.0260152951186508,2,0.5,1,0.05,0.0074,20,"LGR2 Oct2022",0.696108725154671,0.0289911835356037,FALSE,"wassmann | mad | 0.95",TRUE,"emission",1.03841621587422,FALSE,0.764488844420414,FALSE,FALSE,FALSE,0.511597978728081,0.734939759036072,FALSE,FALSE,NA,FALSE,"stem"
"Oct_22_213_CP40_stem",1.12220492121917,449.875686034385,510.190480984286,0.291523695379111,0.475152831430875,0.57789951486666,370.020875043841,0.00257645632068002,0.229588756203364,0.998904806430218,1.30120920677864e-308,1.1605137847592,449.536471530939,1375.47688903076,0.301475479811524,0.460378203618829,0.557342807560507,356.960129386571,0.0101714158758428,0.876457997261385,0.998981335837765,0.000325588422444667,451.186,509.045,0.00648070582748219,0.35,3.84944667965943,209,0.832924843940317,1,1.03413713735849,"Noise (HM.RMSE) | Noise (HM.MAE)","Noise (LM.RMSE) | Noise (LM.MAE)",1.1605137847592,"HM","",0,4,0.35,0.35,0.0242100062353126,2,0.5,1,0.05,0.0065,20,"LGR2 Oct2022",0.696108725154671,0.0252632882763526,FALSE,"wassmann | mad | 0.95",TRUE,"emission",0.892066843820189,FALSE,0.291523695379111,FALSE,FALSE,FALSE,0.52522661340738,0.754518072289178,FALSE,FALSE,NA,FALSE,"stem"
"Oct_22_214_CP40_stem",1.62915684440172,494.307526182726,641.674232483866,0.423325221857993,1.07690814220112,1.33285451013392,1203.86468374381,0.0027244804731216,0.167232546239102,0.999022119225799,0,1.79947796478824,491.798538777227,1301.99942789783,0.467581995736143,0.598380275770966,0.74872980989016,801.067736553072,0.00658703550135521,0.366052579150663,0.999691417946485,0.000577118591222062,491.446,641.565,0.00385820944528231,0.35,3.84847573516002,351,1.20950063387998,1,1.10454556353601,"Noise (HM.RMSE) | Noise (HM.MAE)","Noise (LM.RMSE) | Noise (LM.MAE)",1.79947796478824,"HM","",0,4,0.35,0.35,0.0186816179439268,2,0.5,1,0.05,0.0039,20,"LGR2 Oct2022",0.696108725154671,0.0150400883652029,FALSE,"wassmann | mad | 0.95",TRUE,"emission",0.971667299357818,FALSE,0.423325221857993,FALSE,FALSE,FALSE,0.664133851484203,0.954066265060299,FALSE,FALSE,NA,FALSE,"stem"
"Oct_22_215_CP40_stem",1.35811236164862,442.783435632314,500.770949372463,0.26261152619932,1.49268368237352,1.84706462290727,912.620743985436,0.0100349596951063,0.738890240489734,0.988024210249938,1.47158738476938e-214,1.98017213929376,438.717343611184,546.347679062002,0.382896174368118,0.570125893577433,0.763507746451859,520.684996301421,0.0219713533259782,1.10956784463266,0.997953711433486,0.0035575116695895,436.55,497.45,0.00816031423801293,0.35,5.17156417810019,223,0.750318646283773,1,1.45803263059178,"Noise (HM.RMSE) | Noise (HM.MAE)","Noise (LM.RMSE) | Noise (LM.MAE) | Intercept (LM)",1.98017213929376,"HM","Intercept (LM)",0,4,0.35,0.35,0.0234377335563849,2,0.5,1,0.05,0.0082,20,"LGR2 Oct2022",0.696108725154671,0.0318108852007191,FALSE,"wassmann | mad | 0.95",TRUE,"emission",0.863129132264085,FALSE,0.26261152619932,FALSE,FALSE,FALSE,0.658367890658331,0.945783132530117,FALSE,FALSE,NA,FALSE,"stem"
"Oct_22_216_CP40_stem",0.810305909145,600.400279685468,637.9282041312,0.209625102838432,1.12327701222376,1.341949833219,626.26410562145,0.00746084938990172,0.92074478363043,0.984968228666449,2.53517243599129e-165,1.14727790630806,597.996237968743,671.616859148015,0.296799327735189,0.699977230126378,0.875179705661002,473.618996782918,0.0251941800408923,2.19599627103142,0.99360659706778,0.00403147002811157,598.16,635.845,0.00751524864739108,0.35,3.86550035359812,181,0.598928865252662,1,1.41585775613881,"Noise (HM.RMSE) | Noise (HM.MAE)","Noise (LM.RMSE) | Noise (LM.MAE)",1.14727790630806,"HM","",0,4,0.35,0.35,0.0260152951186508,2,0.5,1,0.05,0.0075,20,"LGR3 Oct2022",1.04730815727329,0.0440770338951054,FALSE,"wassmann | mad | 0.95",TRUE,"emission",1.17066487917293,FALSE,0.209625102838432,FALSE,FALSE,FALSE,0.800944376533412,0.764764764764844,FALSE,FALSE,NA,FALSE,"stem"
"Oct_22_217_CP40_stem",1.84233397225632,491.670165524197,607.606684648603,0.477700668371053,0.770438115616829,0.963589577931355,683.205452542,0.00338867857883902,0.183934000559566,0.999175184084501,0,1.94423020413227,490.617440698516,1620.78363193121,0.504121447016319,0.667956116963452,0.840458839793747,618.280971706909,0.0122868335050787,0.631963924794719,0.999372511540266,0.000446059571527673,491.307,607.484,0.00553898734568267,0.35,3.85667028379639,245,1.36485905248872,1,1.0553082304351,"Noise (HM.RMSE) | Noise (HM.MAE)","Noise (LM.RMSE) | Noise (LM.MAE)",1.94423020413227,"HM","",0,4,0.35,0.35,0.0223606797749979,2,0.5,1,0.05,0.0055,20,"LGR3 Oct2022",1.04730815727329,0.0324858187316215,FALSE,"wassmann | mad | 0.95",TRUE,"emission",0.96154181120739,FALSE,0.477700668371053,FALSE,FALSE,FALSE,0.773162928918054,0.738238238238316,FALSE,FALSE,NA,FALSE,"stem"
"Oct_22_218_CP40_stem",1.25786683500426,485.470002669635,582.603773330736,0.326603264951779,0.658711346366604,0.868468924034319,772.830115923704,0.00224935489228431,0.178822974713114,0.999044778212203,0,1.28063143362573,485.178419522152,3230.30440638802,0.332514059344465,0.642214051814858,0.859116490566752,768.388260529081,0.0090081040376834,0.703411129943893,0.999065247889233,0.000121128888413642,484.825,583.918,0.00451725531635584,0.35,3.85136025872238,300,0.933152185576512,1,1.01809778109095,"Noise (HM.RMSE) | Noise (HM.MAE)","Noise (LM.RMSE) | Noise (LM.MAE)",1.28063143362573,"HM","",0,4,0.35,0.35,0.0202072594216369,2,0.5,1,0.05,0.0045,20,"LGR3 Oct2022",1.04730815727329,0.0264934125706957,FALSE,"wassmann | mad | 0.95",TRUE,"emission",0.948855824603808,FALSE,0.326603264951779,FALSE,FALSE,FALSE,0.772638750661113,0.737737737737771,FALSE,FALSE,NA,FALSE,"stem"
"Oct_22_219_CP40_stem",2.35044112671935,523.990508134544,669.236223595555,0.611005213835266,1.91472040336069,2.26300967126274,1079.20609819226,0.00818906225735897,0.348405333971879,0.997107225200773,2.47494012668073e-304,2.8146283405836,519.402912612766,993.005209981279,0.731672268475595,0.864088673909798,1.06062215598676,717.511432969373,0.0175386110097606,0.623123513569256,0.999364576612211,0.00154490861328376,519.213,665.6,0.00564015419067107,0.35,3.84684299494874,240,1.74572918238648,1,1.19748940255829,"Noise (HM.RMSE) | Noise (HM.MAE)","Noise (LM.RMSE) | Noise (LM.MAE)",2.8146283405836,"HM","",0,4,0.35,0.35,0.0225924028528766,2,0.5,1,0.05,0.0056,20,"LGR3 Oct2022",1.04730815727329,0.0330791701922113,FALSE,"wassmann | mad | 0.95",TRUE,"emission",1.01615692107465,FALSE,0.611005213835267,FALSE,FALSE,FALSE,0.853362202222724,0.814814814814853,FALSE,FALSE,NA,FALSE,"stem"
"Oct_22_21_SRS6_stem",-0.0748282268210032,570.696839560251,568.094415248256,-0.0145353539699715,6.69223975654874,7.63032403867329,1255.42251569891,0.0564924803764622,-75.4962168375285,0.00417408475146419,0.187002572754863,-4.77501035952605,588.683041485761,566.348506821029,-0.927543906018504,4.91085413110433,5.77319074627409,1156.55044156873,1.20882243813992,-25.3155982317052,0.429928572235155,0.0415295827713471,590.666,575.706,0.0100077504930487,0.35,5.14801545085111,181,0.0415295827713471,1,63.8129561849483,"Noise (HM.RMSE) | Noise (HM.MAE) | Noise (HM.SE) | Exaggerated curvature (g-fact)","Noise (LM.RMSE) | Noise (LM.MAE) | Noise (LM.SE) | No detect. flux (p-val.)",-0.0748282268210032,"LM","SE | g-fact. > 2 | p-value | Intercept",1,3,0.35,0.35,0.0260152951186508,2,0.5,1,0.05,0.01,20,"LGR2 Oct2022",0.696108725154671,0.0390126682523855,FALSE,"wassmann | mad | 0.95",TRUE,"uptake",1.16784109961722,FALSE,-0.0145353539699714,TRUE,FALSE,FALSE,0.519460652581538,0.746234939759039,FALSE,TRUE,"CO2 slope <= 0",FALSE,"stem"
"Oct_22_220_CP40_stem",2.75464871014487,556.756369137319,668.652469450865,0.716584482928395,0.727461988377822,0.90649335173333,423.518200480766,0.00615043364484181,0.223274700043998,0.999217938329811,1.82470356544732e-244,2.80442470061922,556.420103196146,3686.25051752924,0.729533031418424,0.734065289778553,0.916230052575721,428.999870631166,0.0251387870208371,0.896397290156747,0.999201247709878,0.000233090274820489,558.863,668.5,0.00856144270330809,0.35,3.84413670093402,158,2.04738423693827,1,1.01806981423476,"Noise (HM.RMSE) | Noise (HM.MAE)","Noise (LM.RMSE) | Noise (LM.MAE)",2.80442470061922,"HM","RMSE | AICc",2,2,0.35,0.35,0.0278445049461505,2,0.5,1,0.05,0.0086,20,"LGR3 Oct2022",1.04730815727329,0.0502132195710174,FALSE,"wassmann | mad | 0.95",TRUE,"emission",1.09375633002745,FALSE,0.716584482928395,FALSE,FALSE,FALSE,0.733849559650951,0.700700700700696,FALSE,FALSE,NA,FALSE,"stem"
"Oct_22_221_CP40_stem",3.08007318902005,728.925125172945,942.673836184853,0.80186939313021,5.50633412597913,6.50627023510836,1777.02780045378,0.0198022192860103,0.642913920247153,0.989043452424463,5.89310941190018e-264,4.38235209304838,714.980125851996,1130.50988248303,1.14090601024115,2.00213471521723,2.59868489284518,1285.33340857612,0.0411376810968503,0.938712367774056,0.998252099215922,0.00274566620569175,716.757,928.673,0.0050245756227826,0.35,3.84111579193284,269,2.29105540894346,1,1.42280777894199,"Noise (HM.RMSE) | Noise (HM.MAE) | Noise (HM.SE)","Noise (LM.RMSE) | Noise (LM.MAE)",4.38235209304838,"HM","SE",1,3,0.35,0.35,0.0213398766297392,2,0.5,1,0.05,0.005,20,"LGR3 Oct2022",1.04730815727329,0.0294687718104758,FALSE,"wassmann | mad | 0.95",TRUE,"emission",1.402772246224,FALSE,0.80186939313021,FALSE,FALSE,FALSE,0.879046936810557,0.839339339339425,FALSE,FALSE,NA,FALSE,"stem"
"Oct_22_222_CP40_stem",5.86052606002355,980.482437648629,1282.6184987573,2.12420333128315,1.00038170564194,1.28014175394595,485.953321450534,0.00716792785275748,0.122308608123972,0.99978612608266,1.12174999477899e-262,5.9746341099903,979.512273279613,8945.37728295544,2.16556287774418,0.95411390860852,1.20479329376178,470.598774740108,0.0272934988417205,0.456822934078633,0.99981056262859,0.000271855332109413,979.531,1280.95,0.00674154452860882,0.35,2.75892894701536,144,6.06915237509471,1,1.0194706155724,"Noise (HM.RMSE) | Noise (HM.MAE)","Noise (LM.RMSE) | Noise (LM.MAE)",5.9746341099903,"HM","",0,4,0.35,0.35,0.0291666666666667,2,0.5,1,0.05,0.0067,20,"LGR3 Oct2022",1.04730815727329,0.0395393113583047,FALSE,"wassmann | mad | 0.95",TRUE,"emission",1.91704985248284,TRUE,2.12420333128315,FALSE,FALSE,FALSE,0.838685211029693,0.800800800800827,FALSE,TRUE,"C0 > 1.5x group median",FALSE,"stem"
"Oct_22_223_CP40_stem",4.47010504947871,829.775392237342,1212.03645538922,1.62164676990462,2.2883660445502,2.80253644551782,1172.04714903774,0.00735871168445016,0.164620553722967,0.99935814222753,0,4.84413577789283,824.553275366269,3380.99538382491,1.75733613645509,1.29229682400475,1.57932377303689,901.116875134686,0.0175840728437811,0.362997109288917,0.999796165068448,0.000687414798340433,824.11,1208.45,0.00407555934893842,0.35,2.75652203207091,238,4.63327648544178,1,1.08367381175029,"Noise (HM.RMSE) | Noise (HM.MAE)","Noise (LM.RMSE) | Noise (LM.MAE)",4.84413577789283,"HM","",0,4,0.35,0.35,0.0226871303243258,2,0.5,1,0.05,0.0041,20,"LGR3 Oct2022",1.04730815727329,0.0239029183488847,FALSE,"wassmann | mad | 0.95",TRUE,"emission",1.61287386915742,TRUE,1.62164676990462,FALSE,FALSE,FALSE,0.757961759468082,0.723723723723745,FALSE,TRUE,"C0 > 1.5x group median",FALSE,"stem"
"Oct_22_224_CP40_stem",5.72500914932016,667.372540602082,951.526806912918,1.49577707321883,8.87737434764203,9.54991577835643,1417.50847313152,0.0481029035279733,0.840224046343846,0.986694325361738,2.14675506657019e-180,8.53179292495311,646.15343730293,1154.53575638426,2.22910739838921,2.84703607086997,3.60041223290803,1045.00886614415,0.0976018402977086,1.14397807302906,0.998108779034491,0.00438470677425864,649.645,939.633,0.0070147134533007,0.35,3.82744812166445,192,4.27364878062522,1,1.49026712489468,"Noise (HM.RMSE) | Noise (HM.MAE) | Noise (HM.SE)","Noise (LM.RMSE) | Noise (LM.MAE) | Noise (LM.SE)",8.53179292495311,"HM","SE",1,3,0.35,0.35,0.0252590742770461,2,0.5,1,0.05,0.007,20,"LGR3 Oct2022",1.04730815727329,0.0411410942840675,FALSE,"wassmann | mad | 0.95",TRUE,"emission",1.27142668421542,FALSE,1.49577707321883,FALSE,FALSE,FALSE,0.782073959285213,0.746746746746795,FALSE,FALSE,NA,FALSE,"stem"
"Oct_22_225_CP40_CWD",6.44189505398093,433.887631835853,513.750498180002,0.553761060749251,1.06363571486788,1.29239944281849,495.397218743464,0.0298897255660219,0.463989638383675,0.996887995186147,1.27400096485618e-182,7.59381483103144,431.602444633361,712.885614298098,0.652782903280407,0.676034171381869,0.81361005607554,362.381709929026,0.0848742818162237,1.11767647361366,0.998766669841498,0.00232073217910073,430.973,511.745,0.0280372771359969,0.35,11.6329866987486,146,1.58217445928357,1,1.17881691138986,"Noise (HM.RMSE) | Noise (HM.MAE) | Noise (HM.SE)","Noise (LM.RMSE) | Noise (LM.MAE)",7.59381483103144,"HM","SE",1,3,0.35,0.35,0.0289662061010829,2,0.5,1,0.05,0.028,20,"LGR3 Oct2022",1.04730815727329,0.164440319345528,FALSE,"wassmann | mad | 0.95",TRUE,"emission",0.843461540343375,FALSE,0.553761060749251,NA,FALSE,FALSE,0.696108725154671,0.664664664664712,FALSE,FALSE,NA,FALSE,"CWD"
"Oct_22_226_CP40_CWD",33.172129816236,1066.54627089387,2220.59006642563,6.44555164925017,35.5442310996446,41.2577101181876,1866.37270087249,0.305371418499343,0.92056621082521,0.984973972931409,2.44990826532391e-165,51.4182861457698,970.830367465519,2915.80543681829,9.99089358761258,11.0115220304338,13.091990825925,1452.94725918305,0.537115344632972,1.04459985910511,0.998486977761994,0.00513677205689699,964.677,2160.46,0.0100046118164596,0.35,5.14651524359362,181,18.4158618550005,1,1.5500447644035,"Noise (HM.RMSE) | Noise (HM.MAE) | Noise (HM.SE)","Noise (LM.RMSE) | Noise (LM.MAE) | Noise (LM.SE)",51.4182861457698,"HM","SE",1,3,0.35,0.35,0.0260152951186508,2,0.5,1,0.05,0.01,20,"LGR2 Oct2022",0.696108725154671,0.0390004328448088,FALSE,"wassmann | mad | 0.95",TRUE,"emission",1.90732063205846,TRUE,6.44555164925017,NA,FALSE,FALSE,1.4467319890263,2.07831325301208,TRUE,TRUE,"C0 > 1.5x group median; closure sigma = 1.45 ppm = 2.1x campaign sigma (disturbed closure?)",FALSE,"CWD"
"Oct_22_227_CP40_CWD",3.83034575220215,497.59780372795,630.894866583172,0.744580656417341,2.27651772075124,2.67392206231344,875.835114343104,0.0197838732673117,0.516503588636549,0.995220854015029,7.26505049508783e-210,4.93566424563761,491.551271493311,821.355000323632,0.959443444957837,0.459627234300721,0.588843439271142,330.169654063673,0.0210154727730737,0.425788135642498,0.999768232525255,0.00290913461882493,491.361,625.023,0.0100015262283347,0.35,5.14429930349308,181,2.12737330404955,1,1.28856885642764,"Noise (HM.RMSE) | Noise (HM.MAE)","Noise (LM.RMSE) | Noise (LM.MAE)",4.93566424563761,"HM","",0,4,0.35,0.35,0.0260152951186508,2,0.5,1,0.05,0.01,20,"LGR2 Oct2022",0.696108725154671,0.0389884046487874,FALSE,"wassmann | mad | 0.95",TRUE,"emission",0.971499240770618,FALSE,0.744580656417341,NA,FALSE,FALSE,0.619578699648229,0.890060240963885,FALSE,FALSE,NA,FALSE,"CWD"
"Oct_22_228_BL60_stem",10.5671176414365,740.326296768829,1256.99676847315,3.8474805806228,0.880916462551743,1.09208611413828,416.093506675028,0.00663459085074479,0.0627852464207342,0.999946785977243,1.84075428063741e-288,10.7350097443215,738.962201207653,17157.2017361692,3.90860998481878,0.940528912583852,1.1692595317018,436.789446666144,0.0286667581852519,0.267039889744076,0.999939121181665,0.000238065109020712,739.677,1256.13,0.00710540560276038,0.35,2.74650317786036,136,10.9928016589223,1,1.01588816445334,"Noise (HM.RMSE) | Noise (HM.MAE)","Noise (LM.RMSE) | Noise (LM.MAE)",10.5671176414365,"LM","RMSE | MAE | AICc",3,1,0.35,0.35,0.030012252399939,2,0.5,1,0.05,0.0071,20,"LGR3 Oct2022",1.04730815727329,0.0416734502571049,FALSE,"wassmann | mad | 0.95",TRUE,"emission",1.44762920595157,FALSE,3.8474805806228,FALSE,FALSE,FALSE,0.7757838202024,0.740740740740703,FALSE,FALSE,NA,FALSE,"stem"
"Oct_22_229_BL60_stem",11.2170076552963,438.748875751013,604.091238760675,0.966513102242931,0.872001109415916,1.08490927557315,525.292487136652,0.0193863423122454,0.172829892855532,0.99948649535901,2.08903542204245e-283,11.8206940511931,437.28977706678,2090.44674348851,1.01852972104274,0.67115677874917,0.863578090847685,448.442678949531,0.0640401368719995,0.541762916751373,0.99967464254684,0.000616111925080746,438.374,603.334,0.0236063929426836,0.35,11.6056446925196,173,2.76146600640837,1,1.05381884495833,"Noise (HM.RMSE) | Noise (HM.MAE) | Noise (HM.SE)","Noise (LM.RMSE) | Noise (LM.MAE)",11.8206940511931,"HM","SE",1,3,0.35,0.35,0.0266100072444397,2,0.5,1,0.05,0.024,20,"LGR3 Oct2022",1.04730815727329,0.138451219328629,FALSE,"wassmann | mad | 0.95",TRUE,"emission",0.857946110977919,FALSE,0.966513102242931,FALSE,FALSE,FALSE,0.717600033687306,0.685185185185233,FALSE,FALSE,NA,FALSE,"stem"
"Oct_22_22_SRS6_stem",0.088847657493808,599.513511729569,602.600920621745,0.0172443372202958,0.991309700980722,1.22786579243247,594.101809621664,0.00909823457197229,10.2402638725803,0.343933685528818,2.51342737031184e-18,0.0889738285221321,599.512678393374,1203.60492824546,0.0172688256066104,0.991315859333251,1.2279646516229,596.222633670758,0.0363663434121016,40.8730792145867,0.343829095065132,2.85864048261483e-05,602.452,602.355,0.0100161524734515,0.35,5.15228021574748,181,0.0492695349151309,1,1.00142008277858,"Noise (HM.RMSE) | Noise (HM.MAE) | Noise (HM.SE)","Noise (LM.RMSE) | Noise (LM.MAE)",0.0889738285221321,"HM","SE | AICc | Intercept",2,2,0.35,0.35,0.0260152951186508,2,0.5,1,0.05,0.01,20,"LGR2 Oct2022",0.696108725154671,0.0390455296522764,FALSE,"wassmann | mad | 0.95",TRUE,"emission",1.19114390560248,FALSE,0.0172443372202958,FALSE,TRUE,FALSE,0.545145387169312,0.78313253012047,FALSE,TRUE,"convex (accelerating) trace",FALSE,"stem"
"Oct_22_230_BL60_stem",10.7207232862869,583.035424557087,717.19343483009,0.923647899724011,0.661377048248707,0.817991918401276,364.270331222834,0.0186755286478067,0.174200267548132,0.99955714713104,2.87085105521946e-245,10.972938284787,582.513817024609,3515.80715991132,0.945377576670484,0.632169921657682,0.792309399963219,357.005446664162,0.0734268798594016,0.669163335778542,0.999584552286299,0.000322292204072614,580.936,716.764,0.0277776657538689,0.35,11.6069373291384,147,2.63899399921146,1,1.02352593120492,"Noise (HM.RMSE) | Noise (HM.MAE) | Noise (HM.SE)","Noise (LM.RMSE) | Noise (LM.MAE)",10.972938284787,"HM","SE",1,3,0.35,0.35,0.0288675134594813,2,0.5,1,0.05,0.028,20,"LGR3 Oct2022",1.04730815727329,0.162916521647898,FALSE,"wassmann | mad | 0.95",TRUE,"emission",1.13695561763943,FALSE,0.923647899724011,FALSE,FALSE,FALSE,0.730704490109664,0.697697697697763,FALSE,FALSE,NA,FALSE,"stem"
"Oct_22_231_BL60_stem",35.3278860760923,941.893794224972,1283.92150465774,3.04297823510457,1.57462529488475,1.92343089204813,478.873364657003,0.0644654043414085,0.182477389681786,0.999623872871959,7.56830244026141e-194,35.7127247345332,941.26845318765,16217.9638428539,3.07612643024821,1.754162425748,2.12075743743442,503.289271971376,0.285699588018008,0.799993812126422,0.99954335053342,0.000201360723100431,941.65,1285.1,0.0358325425273463,0.35,11.6096413929422,114,8.6942235288702,1,1.0108933395452,"Noise (HM.RMSE) | Noise (HM.MAE) | Noise (HM.SE)","Noise (LM.RMSE) | Noise (LM.MAE) | Noise (LM.SE)",35.3278860760923,"LM","RMSE | MAE | SE | AICc",4,0,0.35,0.35,0.0327805034053593,2,0.5,1,0.05,0.036,20,"LGR3 Oct2022",1.04730815727329,0.210160603415897,FALSE,"wassmann | mad | 0.95",TRUE,"emission",1.8429125710064,TRUE,3.04297823510457,FALSE,TRUE,FALSE,0.744333124789052,0.710710710710925,FALSE,TRUE,"C0 > 1.5x group median; convex (accelerating) trace",FALSE,"stem"
"Oct_22_232_BL60_stem",12.7066520960656,457.257576892785,623.778056753275,1.09431276868275,0.735898505084581,0.893520406589349,408.516547669153,0.0190336390726456,0.149792714310161,0.999656817828748,1.96706874445468e-265,13.3041884723094,455.973016310147,2344.12817925455,1.14577334864768,0.539227603082869,0.678912329024018,326.024435119076,0.0597049653351355,0.448768186495568,0.999801873230856,0.000606821606154945,455.863,622.33,0.0265330294770708,0.35,11.6115359883453,154,3.12660791052214,1,1.04702547702781,"Noise (HM.RMSE) | Noise (HM.MAE) | Noise (HM.SE)","Noise (LM.RMSE) | Noise (LM.MAE)",13.3041884723094,"HM","SE",1,3,0.35,0.35,0.0282038037408883,2,0.5,1,0.05,0.027,20,"LGR3 Oct2022",1.04730815727329,0.155617482474968,FALSE,"wassmann | mad | 0.95",TRUE,"emission",0.892174006644388,FALSE,1.09431276868275,FALSE,FALSE,FALSE,0.735946272678476,0.70270270270265,FALSE,FALSE,NA,FALSE,"stem"
"Oct_22_233_BL60_stem",9.21257308660156,459.76642676728,578.117967614177,0.793304695254615,0.577717320544792,0.700121118043701,327.019118528899,0.0153640475252843,0.166772598500513,0.999582976305856,6.31334748094339e-254,9.35798466583256,459.455502299808,4249.66123013699,0.805826244605047,0.575491587982234,0.697191983953834,327.863681838729,0.0617551451370399,0.659919281151607,0.999586563077753,0.000212607521192491,459.158,576.569,0.0270628625656308,0.35,11.6129062915035,151,2.26658484358461,1,1.01578403534649,"Noise (HM.RMSE) | Noise (HM.MAE) | Noise (HM.SE)","Noise (LM.RMSE) | Noise (LM.MAE)",9.35798466583256,"HM","SE | AICc",2,2,0.35,0.35,0.0284825960569906,2,0.5,1,0.05,0.027,20,"LGR3 Oct2022",1.04730815727329,0.158724045406796,FALSE,"wassmann | mad | 0.95",TRUE,"emission",0.89862268388271,FALSE,0.793304695254615,FALSE,FALSE,FALSE,0.725462707540733,0.692692692692762,FALSE,FALSE,NA,FALSE,"stem"
"Oct_22_235_BL60_stem",-12.0366462362455,1323.02344941003,1189.07755804897,-1.02792552542415,1.07712490915205,1.31868230434415,453.818380469671,0.0357269067572328,-0.296817785087425,0.99884719983487,4.3860505809848e-193,-12.6912993877524,1324.21191107558,0,-1.08383268357482,1.00270448559762,1.24968566003426,441.758233993307,0.140506232059403,-1.10710674901419,0.998964679921916,0.000818473746165357,1320.87,1189.45,0.0312121734412312,0.35,11.7096481588769,132,2.93693007264044,1,1.05438833531018,"Noise (HM.RMSE) | Noise (HM.MAE) | Noise (HM.SE)","Noise (LM.RMSE) | Noise (LM.MAE) | Noise (LM.SE)",-12.6912993877524,"HM","SE",1,3,0.35,0.35,0.0304635897922471,2,0.5,1,0.05,0.031,20,"LGR3 Oct2022",1.04730815727329,0.183060684722772,FALSE,"wassmann | mad | 0.95",TRUE,"uptake",2.58508780084449,TRUE,-1.02792552542415,TRUE,FALSE,FALSE,1.18464286057962,1.13113113113134,FALSE,TRUE,"C0 > 1.5x group median; CO2 slope <= 0",FALSE,"stem"
"Oct_22_236_BL60_stem",1.7040047481317,779.510431051922,909.600265516558,0.329463963776755,0.938493737261107,1.18236223901424,1268.87739665385,0.00268923620977569,0.15781858663975,0.999012178059997,0,1.82878227393721,777.949250684038,1758.70105059354,0.353589306318912,0.754189494278893,0.957762611944404,1103.22521316391,0.00917732504038168,0.501827099440532,0.999351823435817,0.000360528837521929,776.577,907.776,0.00457295560574927,0.35,5.17205198589286,398,0.94132561079073,1,1.07322604349683,"Noise (HM.RMSE) | Noise (HM.MAE)","Noise (LM.RMSE) | Noise (LM.MAE)",1.82878227393721,"HM","",0,4,0.35,0.35,0.017543914749098,2,0.5,1,0.05,0.0046,20,"LGR3 Oct2022",1.04730815727329,0.0268199584611357,FALSE,"wassmann | mad | 0.95",TRUE,"emission",1.51984656258104,TRUE,0.329463963776755,FALSE,FALSE,FALSE,0.836588498002049,0.798798798798759,FALSE,TRUE,"C0 > 1.5x group median",FALSE,"stem"
"Oct_22_237_BL60_stem",2.38718264032453,644.152014898283,730.105790742128,0.462097198944489,1.17725325645764,2.72476926325288,916.547613453504,0.0191199197811644,0.800940801855242,0.988145284669086,2.6574030820284e-181,2.86948556680923,641.378724709775,916.866946371781,0.555458648381393,1.02858757665286,2.43119929352198,875.77210440404,0.0781424753459846,2.72322245666063,0.990562156136975,0.00201627004243718,642.203,699.828,0.00966852378728937,0.35,5.16597513635068,188,1.32027771126997,1,1.20203855303637,"Noise (HM.RMSE) | Noise (HM.MAE) | Noise (HM.SE)","Noise (LM.RMSE) | Noise (LM.MAE)",2.86948556680923,"HM","SE",1,3,0.35,0.35,0.0255263735121315,2,0.5,1,0.05,0.0097,20,"LGR3 Oct2022",1.04730815727329,0.0567056476475842,FALSE,"wassmann | mad | 0.95",TRUE,"emission",1.25686187207351,FALSE,0.462097198944489,FALSE,FALSE,FALSE,0.764251898550895,0.729729729729838,FALSE,FALSE,NA,FALSE,"stem"
"Oct_22_238_BL60_stem",1.08900571397842,668.439567920094,706.201460099577,0.210941436366824,0.957712699973409,1.16975673370932,576.551424477512,0.00868604873432246,0.797612778595081,0.988677584216275,2.44537206983278e-176,1.38717263328537,666.809534057327,763.713672938196,0.268696650529938,0.736705015951309,0.929436520401419,495.39303154925,0.0330075809088222,2.37948616609076,0.99285195203969,0.00277280881532074,668.821,704.609,0.0100374916380576,0.35,5.16259741440584,181,0.602689818190925,1,1.27379738735958,"Noise (HM.RMSE) | Noise (HM.MAE)","Noise (LM.RMSE) | Noise (LM.MAE)",1.38717263328537,"HM","",0,4,0.35,0.35,0.0260152951186508,2,0.5,1,0.05,0.01,20,"LGR3 Oct2022",1.04730815727329,0.058870022839287,FALSE,"wassmann | mad | 0.95",TRUE,"emission",1.30895622434351,FALSE,0.210941436366824,FALSE,FALSE,FALSE,0.981785875161714,0.937437437437546,FALSE,FALSE,NA,FALSE,"stem"
"Oct_22_239_BL60_stem",9.34918165765358,693.877535407401,1018.55989651568,1.81350321211411,4.10707954609951,5.02948043051374,1104.53598208155,0.0372908610143173,0.398867648312188,0.997144415226348,6.97721962493387e-230,11.3865647105436,682.620316600335,1665.0473051729,2.20870365275355,0.860663035176913,1.1058959195947,558.320418966509,0.0379182389970528,0.333008593557123,0.999861936994429,0.00224821149911886,679.385,1007.69,0.0100222206091032,0.35,5.15531574204088,181,5.18143774889746,1,1.21792100394392,"Noise (HM.RMSE) | Noise (HM.MAE) | Noise (HM.SE)","Noise (LM.RMSE) | Noise (LM.MAE) | Noise (LM.SE)",11.3865647105436,"HM","",0,4,0.35,0.35,0.0260152951186508,2,0.5,1,0.05,0.01,20,"LGR3 Oct2022",1.04730815727329,0.0587801314320183,FALSE,"wassmann | mad | 0.95",TRUE,"emission",1.32963113370486,FALSE,1.81350321211411,FALSE,FALSE,FALSE,0.946665931949781,0.903903903903949,FALSE,FALSE,NA,FALSE,"stem"
"Oct_22_23_SRS6_stem",0.00804441623338807,601.311679991416,601.701590896282,0.00156178639147506,0.744333066197737,0.982351611839265,712.267582091328,0.00442272603934497,54.9788314158658,0.00911273435676496,0.0701258027168893,0.0229287320050838,601.110845695225,602.108439053022,0.00445150780123625,0.747875614790414,0.969945164483879,707.927030821527,0.0258757929408886,112.853135250355,0.0339831817116654,0.00446224683278588,600.626,600.949,0.00719218924989649,0.35,5.15077879875133,252,0.00446224683278588,1,2.8502667365618,"Noise (HM.RMSE) | Noise (HM.MAE) | Noise (HM.SE) | Exaggerated curvature (g-fact)","Noise (LM.RMSE) | Noise (LM.MAE) | No detect. flux (p-val.)",0.00804441623338807,"LM","MAE | SE | g-fact. > 2 | p-value | Intercept",2,2,0.35,0.35,0.0220479275922049,2,0.5,1,0.05,0.0072,20,"LGR2 Oct2022",0.696108725154671,0.0280368118073167,TRUE,"wassmann | mad | 0.95",FALSE,"below detection",1.18753361171744,FALSE,0.00156178639147506,TRUE,FALSE,FALSE,0.48224399634202,0.692771084337246,FALSE,TRUE,"CO2 slope <= 0",FALSE,"stem"
"Oct_22_240_BL60_stem",7.53342381854042,715.888522807221,960.314792933284,1.46267567769995,2.1820922915383,2.59715073050331,808.338939046522,0.0213314907112123,0.283157980023819,0.998654803192896,6.71948128684057e-242,8.58765570298073,710.371189134475,1759.77313050822,1.66736339648084,0.691007223269622,0.881772729412933,445.317651449426,0.0318713191741493,0.371129447621974,0.999844938192007,0.00158887012758728,710.61,957.2,0.0107231267671277,0.35,5.15044034258277,169,4.179073364857,1,1.13994060467509,"Noise (HM.RMSE) | Noise (HM.MAE)","Noise (LM.RMSE) | Noise (LM.MAE)",8.58765570298073,"HM","",0,4,0.35,0.35,0.0269230769230769,2,0.5,1,0.05,0.011,20,"LGR3 Oct2022",1.04730815727329,0.0628910565162898,FALSE,"wassmann | mad | 0.95",TRUE,"emission",1.3907418914489,FALSE,1.46267567769995,FALSE,FALSE,FALSE,0.793605880936897,0.757757757757831,FALSE,FALSE,NA,FALSE,"stem"
"Oct_22_241_BL60_stem",1.95617673800571,596.13525954778,651.361824115931,0.38031419050405,1.18580808250826,1.50670101556398,543.852976769921,0.0152490112884786,0.779531368112717,0.99120552124451,3.64096806789052e-151,2.54764364710304,593.518112820003,725.939673493846,0.495305466278349,0.742923327574827,0.977902746358377,418.880172661491,0.0480952146669439,1.88783131901644,0.996295349233585,0.00374036874175115,592.8,647.375,0.0123125389086044,0.35,5.14358072049084,147,1.08661197286871,1,1.30235862517224,"Noise (HM.RMSE) | Noise (HM.MAE) | Noise (HM.SE)","Noise (LM.RMSE) | Noise (LM.MAE)",2.54764364710304,"HM","SE",1,3,0.35,0.35,0.0288675134594813,2,0.5,1,0.05,0.012,20,"LGR3 Oct2022",1.04730815727329,0.072213268236267,FALSE,"wassmann | mad | 0.95",TRUE,"emission",1.16017476991726,FALSE,0.38031419050405,FALSE,FALSE,FALSE,0.827153289378068,0.789789789789848,FALSE,FALSE,NA,FALSE,"stem"
"Oct_22_242_BL60_CWD",3.26587008632961,496.666581019599,544.497163241309,0.28122567878917,1.43316436145142,1.73274214802576,683.356304906925,0.0312531093528184,0.956961193393416,0.984580309183023,3.62503908170148e-156,4.86276954591578,493.104229254236,578.815761883117,0.418735476365012,0.684852740183101,0.866780819220982,447.172992967482,0.0840461473669953,1.72835966363212,0.996141430106534,0.00488540414016488,493.093,542.216,0.0237582951066674,0.35,11.6129867670369,172,0.803501939397629,1,1.48896600825322,"Noise (HM.RMSE) | Noise (HM.MAE) | Noise (HM.SE)","Noise (LM.RMSE) | Noise (LM.MAE)",4.86276954591578,"HM","SE",1,3,0.35,0.35,0.0266872498082058,2,0.5,1,0.05,0.024,20,"LGR3 Oct2022",1.04730815727329,0.139342147228174,FALSE,"wassmann | mad | 0.95",TRUE,"emission",0.965037209552654,FALSE,0.28122567878917,NA,FALSE,FALSE,0.833443428460881,0.79579579579594,FALSE,FALSE,NA,FALSE,"CWD"
"Oct_22_243_BL60_CWD",5.7649388256616,584.303695018608,767.357778876002,1.12224630482578,0.709929199917169,0.865098977539783,426.578037561238,0.00734754578493924,0.127452276722052,0.999733667564335,1.78161581233997e-293,5.95370717872306,583.317236101366,3507.48059040751,1.15899337068332,0.595687708734759,0.741450043188298,377.781043494374,0.0257384917661133,0.432310340322005,0.999804360631189,0.000396350418993035,582.318,767.622,0.0109554174915114,0.35,5.13696396314404,165,3.20641801378794,1,1.03274420748772,"Noise (HM.RMSE) | Noise (HM.MAE)","Noise (LM.RMSE) | Noise (LM.MAE)",5.95370717872306,"HM","",0,4,0.35,0.35,0.0272474630456533,2,0.5,1,0.05,0.011,20,"LGR3 Oct2022",1.04730815727329,0.0642534863622734,FALSE,"wassmann | mad | 0.95",TRUE,"emission",1.13966034357065,FALSE,1.12224630482578,NA,FALSE,FALSE,0.60595006496896,0.578578578578605,FALSE,FALSE,NA,FALSE,"CWD"
"Oct_22_244_BL60_stem",1.40871422491751,501.210944058965,525.591059818505,0.121336968638543,1.22387521820328,1.53682908101113,756.676477183435,0.0215900219512843,1.53260480865439,0.954691784079386,3.08243615587937e-137,1.41687744290916,501.186723466383,2384.72065294846,0.12204009217341,1.2254662311576,1.5395805077606,759.484117277893,0.0867567688200542,6.12309619679763,0.954530673843778,6.47931477438093e-05,502.773,527.167,0.0201232957160168,0.35,11.6099342246963,203,0.346677053252979,1,1.00579480056867,"Noise (HM.RMSE) | Noise (HM.MAE) | Noise (HM.SE)","Noise (LM.RMSE) | Noise (LM.MAE)",1.40871422491751,"LM","MAE | SE | AICc",3,1,0.35,0.35,0.0245651842220259,2,0.5,1,0.05,0.02,20,"LGR1 Oct2022",1.53846318398268,0.173371225014633,FALSE,"wassmann | mad | 0.95",TRUE,"emission",0.954364392020341,FALSE,0.121336968638543,FALSE,TRUE,FALSE,1.08609734828352,0.705962521294719,FALSE,TRUE,"convex (accelerating) trace",FALSE,"stem"
"Oct_22_245_BL60_stem",1.96593875699981,430.59558993542,464.447477882589,0.1693237827523,0.799735155014499,0.992680492718393,576.404423306058,0.0140518732238989,0.714766580284694,0.989834949604207,1.76772694185463e-201,2.18684971658755,429.978345356377,604.849417488974,0.188350560262868,0.7565611133794,0.954142689322656,562.489625224115,0.0583814137310906,2.66965824346591,0.990608883783316,0.00107708243545308,431.336,462.819,0.0202249869996479,0.35,11.6105293954821,202,0.483782236435143,1,1.11236919705722,"Noise (HM.RMSE) | Noise (HM.MAE) | Noise (HM.SE)","Noise (LM.RMSE) | Noise (LM.MAE)",2.18684971658755,"HM","SE",1,3,0.35,0.35,0.0246259140655602,2,0.5,1,0.05,0.02,20,"LGR1 Oct2022",1.53846318398268,0.174248229842936,FALSE,"wassmann | mad | 0.95",TRUE,"emission",0.818762581515885,FALSE,0.1693237827523,FALSE,FALSE,FALSE,0.896344819288054,0.582623509369688,FALSE,FALSE,NA,FALSE,"stem"
"Oct_22_246_BL60_stem",1.2131309792104,474.974373354257,494.199265727021,0.104482542922792,0.885600467967049,1.09909879125694,569.127492044621,0.0176177897709598,1.45225784131132,0.962440096687532,2.72401440786354e-133,1.66149630293707,473.87119287774,514.365147417308,0.143098611578342,0.76738584887722,0.991304537549166,532.817271074974,0.080246998074135,4.82980298736028,0.969446202684026,0.00353382654782497,473.37,493.964,0.0219663514508718,0.35,11.6108485233447,186,0.298521551207978,1,1.36959349930912,"Noise (HM.RMSE) | Noise (HM.MAE) | Noise (HM.SE)","Noise (LM.RMSE) | Noise (LM.MAE)",1.66149630293707,"HM","SE",1,3,0.35,0.35,0.0256632451287368,2,0.5,1,0.05,0.022,20,"LGR1 Oct2022",1.53846318398268,0.189251428923608,FALSE,"wassmann | mad | 0.95",TRUE,"emission",0.898551577452785,FALSE,0.104482542922792,FALSE,FALSE,FALSE,0.907876740939678,0.590119250425884,FALSE,FALSE,NA,FALSE,"stem"
"Oct_22_247_BL60_stem",4.49382951655422,442.723506725671,526.653380029741,0.387026871448448,1.26543980712593,1.54193679565039,817.277912608034,0.0193280618628522,0.430102250021995,0.995983386191055,3.43749246721882e-262,5.43434463893354,439.92087588109,701.750601337224,0.468027858251244,0.772434853416841,0.940531283873084,602.828052347666,0.0542608288475388,0.998479714716568,0.998505577410399,0.0017875275904441,439.258,525.335,0.0186539154964174,0.35,11.6111563513305,219,1.10579106128128,1,1.20929034332849,"Noise (HM.RMSE) | Noise (HM.MAE) | Noise (HM.SE)","Noise (LM.RMSE) | Noise (LM.MAE)",5.43434463893354,"HM","SE",1,3,0.35,0.35,0.023650808243982,2,0.5,1,0.05,0.019,20,"LGR1 Oct2022",1.53846318398268,0.160711563911674,FALSE,"wassmann | mad | 0.95",TRUE,"emission",0.833800132684275,FALSE,0.387026871448448,FALSE,FALSE,FALSE,0.95138353626183,0.618398637137969,FALSE,FALSE,NA,FALSE,"stem"
"Oct_22_248_BL60_stem",4.06074769734381,459.352570803063,528.921915311121,0.349710680440353,1.40165367852414,1.68375337644181,785.98735028798,0.0240142633145711,0.591375409269559,0.993053844621387,6.17209454507198e-217,5.21810948561014,456.230530652699,629.872546710539,0.449382417927278,0.812129276160932,1.00345543541286,580.004062584375,0.0689210276511851,1.3208045527072,0.997532917264911,0.00258798203412698,457.489,525.213,0.0203272439857588,0.35,11.6117348553111,201,0.999173372686724,1,1.28501199151658,"Noise (HM.RMSE) | Noise (HM.MAE) | Noise (HM.SE)","Noise (LM.RMSE) | Noise (LM.MAE)",5.21810948561014,"HM","SE",1,3,0.35,0.35,0.0246870965550509,2,0.5,1,0.05,0.02,20,"LGR1 Oct2022",1.53846318398268,0.175128374173228,FALSE,"wassmann | mad | 0.95",TRUE,"emission",0.86840624166571,FALSE,0.349710680440353,FALSE,FALSE,FALSE,0.975495736078991,0.634071550255552,FALSE,FALSE,NA,FALSE,"stem"
"Oct_22_249_BL60_stem",3.32885729447416,456.844300879199,518.723061667686,0.286672167916134,1.31975387280096,1.66029073221529,845.818178947931,0.020954642456342,0.629484552886249,0.991474328886851,1.09165180680325e-225,3.35121542943183,456.772319858183,4594.18127457026,0.288597589900884,1.33203404345488,1.67654720206756,852.142082465216,0.0849523547329796,2.53497146100758,0.991308377472306,6.9753218272562e-05,459.874,519.209,0.0187419277507977,0.35,11.6120700473721,218,0.81906333690324,1,1.00671645942732,"Noise (HM.RMSE) | Noise (HM.MAE) | Noise (HM.SE)","Noise (LM.RMSE) | Noise (LM.MAE)",3.32885729447416,"LM","RMSE | MAE | SE | AICc",4,0,0.35,0.35,0.0237049911517509,2,0.5,1,0.05,0.019,20,"LGR1 Oct2022",1.53846318398268,0.161470589205189,FALSE,"wassmann | mad | 0.95",TRUE,"emission",0.872933451907645,FALSE,0.286672167916134,FALSE,TRUE,FALSE,0.89948988882946,0.58466780238505,FALSE,TRUE,"convex (accelerating) trace",FALSE,"stem"
"Oct_22_24_SRS6_stem",0.859510015335856,515.032747777529,564.30220191119,0.225141219168284,1.62686192513941,1.93114180373647,924.166685528372,0.00785074907154345,0.913398207288573,0.981974817647077,3.4457884022927e-193,1.35957530498664,510.726065357189,591.525568823225,0.35612899937667,0.700271220585622,0.833341112747914,554.774014940957,0.0190800763587302,1.40338503419034,0.996643420382769,0.00440756420646036,511.437,561.543,0.00607800716872318,0.35,3.81764840090613,221,0.643260626195097,1,1.58180274892479,"Noise (HM.RMSE) | Noise (HM.MAE)","Noise (LM.RMSE) | Noise (LM.MAE)",1.35957530498664,"HM","",0,4,0.35,0.35,0.0235435477898709,2,0.5,1,0.05,0.0061,20,"LGR2 Oct2022",0.696108725154671,0.0236934449273498,FALSE,"wassmann | mad | 0.95",TRUE,"emission",1.01119270190756,FALSE,0.225141219168284,FALSE,FALSE,FALSE,0.489582491938535,0.703313253011953,FALSE,FALSE,NA,FALSE,"stem"
"Oct_22_250_BL60_stem",3.55522787332192,467.762963928551,531.137389785675,0.306282414850581,3.56319684651645,4.14069012070641,1193.15389241324,0.0556629560085202,1.56566493040318,0.951475077363676,3.42618486491136e-138,7.70955257656691,457.420566363435,538.705232299242,0.664176942999181,0.864371354113774,1.07007246812594,629.622009392516,0.102822437522463,1.33370174859421,0.996759248193228,0.0081709992327914,459.343,523.575,0.0195401368707811,0.35,11.6076787335516,209,0.875092613858802,1,2.16851151354282,"Noise (HM.RMSE) | Noise (HM.MAE) | Noise (HM.SE) | Exaggerated curvature (g-fact)","Noise (LM.RMSE) | Noise (LM.MAE) | Noise (LM.SE) | Intercept (LM)",3.55522787332192,"LM","SE | g-fact. > 2 | Intercept (LM)",1,3,0.35,0.35,0.0242100062353126,2,0.5,1,0.05,0.02,20,"LGR1 Oct2022",1.53846318398268,0.168346929791291,FALSE,"wassmann | mad | 0.95",TRUE,"emission",0.871925506985856,FALSE,0.306282414850581,FALSE,FALSE,FALSE,0.946141753692929,0.614991482112438,FALSE,FALSE,NA,FALSE,"stem"
"Oct_22_251_BL60_stem",3.20759867503332,672.254913469485,779.055001538615,0.624291756749205,137.058807359745,173.697119878755,2281.52507418998,1.37398163454363,42.8352101912923,0.0252197241773272,0.0207299964355066,3.20376038257746,672.274303224848,191487.044968149,0.623544713685858,137.065983908191,173.698367080287,2283.62364197681,5.08426389503764,158.696759054973,0.0252058703006851,3.26780108014184e-06,1003.62,922.74,0.0104506959973271,0.35,5.13798018371385,173,1.78369073356916,1,0.998803375096226,"Noise (HM.RMSE) | Noise (HM.MAE) | Noise (HM.SE)","Noise (LM.RMSE) | Noise (LM.MAE) | Noise (LM.SE)",3.20759867503332,"LM","MAE | SE | AICc | Intercept",3,1,0.35,0.35,0.0266100072444397,2,0.5,1,0.05,0.01,20,"LGR3 Oct2022",1.04730815727329,0.0612932100400922,FALSE,"wassmann | mad | 0.95",TRUE,"emission",1.96419467372531,TRUE,0.624291756749205,FALSE,TRUE,FALSE,3.66138512440172,3.49599599599632,TRUE,TRUE,"C0 > 1.5x group median; convex (accelerating) trace; closure sigma = 3.66 ppm = 3.5x campaign sigma (disturbed closure?)",FALSE,"stem"
"Oct_22_252_BL60_stem",4.44385210525429,604.927738124693,645.66575545598,0.382778968812093,0.94080549298851,1.18284751975682,348.993224111873,0.0430146493288857,0.967958615860018,0.990073288843048,3.19834252691602e-108,5.337299265565,603.626512545907,734.584658653143,0.459737601685465,0.847538079348005,1.04155582981032,323.673639149788,0.173060056036764,3.2424649139183,0.992303151004421,0.0035105689516176,603.82,646.303,0.0378238841847345,0.35,11.6094468801283,108,1.09365419660598,1,1.20105240659434,"Noise (HM.RMSE) | Noise (HM.MAE) | Noise (HM.SE)","Noise (LM.RMSE) | Noise (LM.MAE) | Noise (LM.SE)",5.337299265565,"HM","SE",1,3,0.35,0.35,0.0336787657027282,2,0.5,1,0.05,0.038,20,"LGR3 Oct2022",1.04730815727329,0.221842583363086,FALSE,"wassmann | mad | 0.95",TRUE,"emission",1.18174212140931,FALSE,0.382778968812093,FALSE,FALSE,FALSE,0.933037297270572,0.890890890890958,FALSE,FALSE,NA,FALSE,"stem"
"Oct_22_253_BL60_CWD",8.84314289174926,591.812131536212,1025.56661064772,1.72368297682224,1.44676889120226,1.75770766238606,1013.43410660865,0.00778974600672049,0.0880879807335059,0.999803723250334,0,9.2522744487077,588.510709267966,5582.7272609817,1.8034298619108,0.759274297223427,0.94663688063309,701.122849274387,0.0173303130371685,0.187308678890185,0.999943069839735,0.000361103657247694,588.188,1023.82,0.00710735986684088,0.35,5.13037664736492,254,4.9248085052064,1,1.04626540156217,"Noise (HM.RMSE) | Noise (HM.MAE)","Noise (LM.RMSE) | Noise (LM.MAE)",9.2522744487077,"HM","",0,4,0.35,0.35,0.0219609531798355,2,0.5,1,0.05,0.0071,20,"LGR3 Oct2022",1.04730815727329,0.0416841964274634,FALSE,"wassmann | mad | 0.95",TRUE,"emission",1.15114857889355,FALSE,1.72368297682224,NA,FALSE,FALSE,0.945617575435959,0.902902902902914,FALSE,FALSE,NA,FALSE,"CWD"
"Oct_22_254_BL60_stem",15.1050426634384,605.09374673805,919.893483608181,1.30230525052781,1.00475846543871,1.2297391976151,799.461435075857,0.0130863540495694,0.0866356642688919,0.999817643682623,0,15.6787210266746,603.124130366222,4969.51070044466,1.35176584201393,0.660268061665745,0.852506173067728,622.736851807445,0.0372485662693965,0.237574010061309,0.999912362527164,0.000309584554715606,603.387,917.747,0.016724868010139,0.35,11.5986959718671,244,3.72087214436518,1,1.03797926136447,"Noise (HM.RMSE) | Noise (HM.MAE) | Noise (HM.SE)","Noise (LM.RMSE) | Noise (LM.MAE)",15.6787210266746,"HM","SE",1,3,0.35,0.35,0.0224064539882568,2,0.5,1,0.05,0.017,20,"LGR3 Oct2022",1.04730815727329,0.0980907301287269,FALSE,"wassmann | mad | 0.95",TRUE,"emission",1.18089469280713,FALSE,1.30230525052781,FALSE,FALSE,FALSE,0.89005468020536,0.849849849849973,FALSE,FALSE,NA,FALSE,"stem"
"Oct_22_255_BL60_stem",16.9886725859752,527.782698349083,766.681538912226,1.46445112306497,0.776326672936039,0.963690572924042,462.193728227854,0.0184816531177938,0.10878809409189,0.999805945908782,1.10776122927385e-304,17.5818227016448,526.410503378635,4116.06262633574,1.51558162479443,0.602236223634011,0.737376523363064,375.963027815375,0.0578881594015575,0.32925004639105,0.999886387479473,0.000422208496222168,525.416,765.612,0.0247377016822261,0.35,11.6007098621491,165,4.18414606589991,1,1.03491444741594,"Noise (HM.RMSE) | Noise (HM.MAE) | Noise (HM.SE)","Noise (LM.RMSE) | Noise (LM.MAE)",17.5818227016448,"HM","SE",1,3,0.35,0.35,0.0272474630456533,2,0.5,1,0.05,0.025,20,"LGR3 Oct2022",1.04730815727329,0.14508653582517,FALSE,"wassmann | mad | 0.95",TRUE,"emission",1.02829687400616,FALSE,1.46445112306497,FALSE,FALSE,FALSE,0.857555628277892,0.818818818818876,FALSE,FALSE,NA,FALSE,"stem"
"Oct_22_256_BL60_stem",12.4291949166655,620.548569892376,833.530761002804,1.05991873749997,1.24154899731339,1.56848970967121,764.955601827996,0.0222565423369006,0.179066644992898,0.999352706990428,1.18575755001899e-322,12.7951892371427,619.514535043354,4385.83975391853,1.09112946681054,1.19658150934231,1.49798981026629,748.365442318777,0.086710391688553,0.677679634755574,0.999409587847957,0.000289706651284992,619.144,832.55,0.0203241232481012,0.35,11.7265545715157,203,3.02833924999992,1,1.02944634169237,"Noise (HM.RMSE) | Noise (HM.MAE) | Noise (HM.SE)","Noise (LM.RMSE) | Noise (LM.MAE)",12.7951892371427,"HM","SE",1,3,0.35,0.35,0.0245651842220259,2,0.5,1,0.05,0.02,20,"LGR1 Oct2022",1.53846318398268,0.175101444066644,FALSE,"wassmann | mad | 0.95",TRUE,"emission",1.17525998240367,FALSE,1.05991873749997,FALSE,FALSE,FALSE,1.48552118003646,0.965587734241928,FALSE,FALSE,NA,FALSE,"stem"
"Oct_22_257_BL60_stem",12.4220630630414,624.821156250804,830.383039913746,1.05970112261966,1.247789952541,1.57967239990998,741.578158631125,0.0236222455114932,0.190163625732789,0.999295331415346,6.24564183208841e-308,12.7737647243736,623.86151112718,4398.69773630546,1.08970408134314,1.21877321838716,1.519583432091,728.460334969343,0.0926149863429497,0.72504064652319,0.999347921397203,0.000288675856736454,622.498,830.656,0.0210419549176176,0.35,11.7222326162429,196,3.02771749319903,1,1.02831266107307,"Noise (HM.RMSE) | Noise (HM.MAE) | Noise (HM.SE)","Noise (LM.RMSE) | Noise (LM.MAE)",12.7737647243736,"HM","SE",1,3,0.35,0.35,0.025,2,0.5,1,0.05,0.021,20,"LGR1 Oct2022",1.53846318398268,0.18128604634485,FALSE,"wassmann | mad | 0.95",TRUE,"emission",1.18162654976277,FALSE,1.05970112261966,FALSE,FALSE,FALSE,1.50124652774325,0.97580919931858,FALSE,FALSE,NA,FALSE,"stem"
"Oct_22_258_BL60_stem",3.71253145000568,559.699234721505,618.966720398209,0.316926562569187,2.03036090026247,2.45038413548808,881.269030535944,0.0386792647910798,1.04185689231052,0.97999922179931,5.02425249233633e-161,5.71858973503368,554.852518812456,655.73939295902,0.488177140550524,1.0850151388402,1.35710684062957,660.000388706195,0.11815823056902,2.06621275600783,0.993865112137102,0.0048388568352442,555.675,613.071,0.0218074821697332,0.35,11.7141694274844,189,0.90550446448339,1,1.54034782251473,"Noise (HM.RMSE) | Noise (HM.MAE) | Noise (HM.SE)","Noise (LM.RMSE) | Noise (LM.MAE) | Noise (LM.SE)",5.71858973503368,"HM","SE",1,3,0.35,0.35,0.0254587538608658,2,0.5,1,0.05,0.022,20,"LGR1 Oct2022",1.53846318398268,0.18788259083292,FALSE,"wassmann | mad | 0.95",TRUE,"emission",1.05478304033014,FALSE,0.316926562569187,FALSE,FALSE,FALSE,1.04888069204406,0.681771720613279,FALSE,FALSE,NA,FALSE,"stem"
"Oct_22_259_BL60_stem",5.26538636811606,435.36347388908,528.87834677926,0.449835116961028,1.32320096456772,1.68038674746495,820.06075777366,0.0226186940341636,0.429573301042607,0.996158002098285,2.09181973806182e-253,6.15414839639281,432.828014291518,777.579824537091,0.525764278277909,0.997688485688439,1.26374967174086,702.464263170212,0.0763139957072971,1.24004152633089,0.997826994931165,0.00152505153752028,431.036,526.925,0.0196125254675465,0.35,11.7051474408838,210,1.28524319131722,1,1.16879331660418,"Noise (HM.RMSE) | Noise (HM.MAE) | Noise (HM.SE)","Noise (LM.RMSE) | Noise (LM.MAE)",6.15414839639281,"HM","SE",1,3,0.35,0.35,0.0241522945769824,2,0.5,1,0.05,0.02,20,"LGR1 Oct2022",1.53846318398268,0.168971379371354,FALSE,"wassmann | mad | 0.95",TRUE,"emission",0.818193121108094,FALSE,0.449835116961028,FALSE,FALSE,FALSE,1.35237990278542,0.87904599659282,FALSE,FALSE,NA,FALSE,"stem"
"Oct_22_25_SRS6_stem",0.571764752115684,510.583576966262,534.420087320937,0.149766335062124,5.0464324034539,6.19573875801908,1050.3345602226,0.040572180443564,7.09595691120097,0.552572014530092,8.75300210275249e-30,0.571532659976633,510.584528865723,13536.4309931649,0.149705541547075,5.0495845646916,6.19719239953264,1052.51364287485,0.161580258692865,28.2713954963608,0.552364211621174,1.14929607037349e-05,529.998,539.328,0.00834300653782224,0.35,3.81771211720252,161,0.427903814463211,1,0.999594077567406,"Noise (HM.RMSE) | Noise (HM.MAE) | Noise (HM.SE)","Noise (LM.RMSE) | Noise (LM.MAE) | Noise (LM.SE)",0.571532659976633,"HM","SE | AICc | Intercept",2,2,0.35,0.35,0.0275838642183685,2,0.5,1,0.05,0.0083,20,"LGR2 Oct2022",0.696108725154671,0.0325231997688283,FALSE,"wassmann | mad | 0.95",TRUE,"emission",1.04789076587264,FALSE,0.149766335062124,FALSE,TRUE,FALSE,0.600708282400089,0.862951807228986,FALSE,TRUE,"convex (accelerating) trace",FALSE,"stem"
"Oct_22_260_BL60_stem",7.47483710831467,506.03392588914,640.812431020415,0.639196917163428,3.82168572260657,8.63801579549971,1529.11230441998,0.113703976855573,1.52115658452402,0.953228507775937,1.64407291139868e-142,9.93828159820537,499.091190187096,804.335300379163,0.849853831919447,2.03635092404318,8.1077964309016,1504.20405041942,0.527297983008362,5.3057259225134,0.95879414686315,0.00278417765828373,502.377,635.433,0.0193194312732787,0.35,11.6941069451427,213,1.82627690618122,1,1.32956497301466,"Noise (HM.RMSE) | Noise (HM.MAE) | Noise (HM.SE)","Noise (LM.RMSE) | Noise (LM.MAE) | Noise (LM.SE)",9.93828159820537,"HM","SE",1,3,0.35,0.35,0.0239816048439636,2,0.5,1,0.05,0.019,20,"LGR1 Oct2022",1.53846318398268,0.166445378709265,FALSE,"wassmann | mad | 0.95",TRUE,"emission",0.953612704282058,FALSE,0.639196917163428,FALSE,FALSE,FALSE,0.959770388372168,0.623850085178881,FALSE,FALSE,NA,FALSE,"stem"
"Oct_22_261_BL60_stem",3.43422970425187,453.839007912325,518.727066803199,0.293854453763324,2.09464643074825,8.39485633265272,1587.87432776601,0.103061088584823,3.00099578246687,0.833254949728554,3.87681366990086e-88,4.19842639308183,451.539170179594,644.937167443605,0.359243964629717,1.66785743586265,8.33192357545023,1586.59215256844,0.474586372073852,11.3039107427458,0.83574561586908,0.00185753714987704,451.581,516.153,0.01844039757061,0.35,11.6868390465773,223,0.839584153609497,1,1.22252346367042,"Noise (HM.RMSE) | Noise (HM.MAE) | Noise (HM.SE)","Noise (LM.RMSE) | Noise (LM.MAE) | Noise (LM.SE)",4.19842639308183,"HM","SE",1,3,0.35,0.35,0.0234377335563849,2,0.5,1,0.05,0.018,20,"LGR1 Oct2022",1.53846318398268,0.158872665589312,FALSE,"wassmann | mad | 0.95",TRUE,"emission",0.857191668034954,FALSE,0.293854453763324,FALSE,FALSE,FALSE,1.02319595745631,0.665076660988093,FALSE,FALSE,NA,FALSE,"stem"
"Oct_22_262_BL60_stem",0.80096750978768,573.998735219672,594.808908666591,0.0685959971288648,1.14536887780108,1.41778202094956,1088.11519288606,0.0108059109040464,1.34910726989549,0.947397766924197,1.11585201380601e-196,1.37222729007821,571.811651227864,602.962941177699,0.117519497482871,0.928517305549451,1.13870246057933,956.015598766589,0.0519786478435762,3.78790366722802,0.96606828817,0.00377254032408037,571.611,595.092,0.013426970836426,0.35,11.6765925609767,306,0.195988563225328,1,1.71321217566235,"Noise (HM.RMSE) | Noise (HM.MAE) | Noise (HM.SE)","Noise (LM.RMSE) | Noise (LM.MAE) | Intercept (LM)",1.37222729007821,"HM","SE | Intercept (LM)",1,3,0.35,0.35,0.020008168266626,2,0.5,1,0.05,0.013,20,"LGR1 Oct2022",1.53846318398268,0.115678796343176,FALSE,"wassmann | mad | 0.95",TRUE,"emission",1.08503277719197,FALSE,0.0685959971288648,FALSE,FALSE,FALSE,0.905780027912154,0.588756388415695,FALSE,FALSE,NA,FALSE,"stem"
"Oct_22_263_BL60_stem",7.95509780533066,973.046552074262,1319.84222093722,2.07560161374254,3.78581527319715,4.61859995603125,1002.91764610817,0.0282307271950458,0.354875928440861,0.997888700203088,1.49210696772364e-225,9.30549898724876,963.603753404321,2236.33829617222,2.42794107467423,1.63726208945506,2.03684086162146,728.298330142138,0.0558518156019712,0.600202264043061,0.999589376869588,0.00190765709037332,961.437,1311.13,0.00798083553300687,0.35,3.83267085198817,169,5.93029032497869,1,1.16975293264317,"Noise (HM.RMSE) | Noise (HM.MAE) | Noise (HM.SE)","Noise (LM.RMSE) | Noise (LM.MAE)",9.30549898724876,"HM","SE",1,3,0.35,0.35,0.0269230769230769,2,0.5,1,0.05,0.008,20,"LGR1 Oct2022",1.53846318398268,0.068759232272596,FALSE,"wassmann | mad | 0.95",TRUE,"emission",1.82500102028323,TRUE,2.07560161374254,FALSE,FALSE,FALSE,1.07508960488865,0.698807495740993,FALSE,TRUE,"C0 > 1.5x group median",FALSE,"stem"
"Oct_22_264_BL60_stem",7.26946332074883,639.251800671379,1045.32147165388,1.89874625227591,1.11041477610021,1.34899255048508,748.417333634575,0.005692508255521,0.0783071322373027,0.999868179171438,0,7.49645986906464,637.161210003683,7425.26907965929,1.95803657762414,0.760569502971454,0.965136627252332,605.841238435441,0.0166364598595444,0.221924216898665,0.999932525056524,0.000288451010977155,637.204,1042.5,0.00623654198407689,0.35,3.82855966774673,216,5.4249892922169,1,1.03122603943374,"Noise (HM.RMSE) | Noise (HM.MAE)","Noise (LM.RMSE) | Noise (LM.MAE)",7.49645986906464,"HM","",0,4,0.35,0.35,0.023814483610392,2,0.5,1,0.05,0.0062,20,"LGR1 Oct2022",1.53846318398268,0.0537305283445254,FALSE,"wassmann | mad | 0.95",TRUE,"emission",1.20954149895267,FALSE,1.89874625227592,FALSE,FALSE,FALSE,1.10182269599025,0.716183986371332,FALSE,FALSE,NA,FALSE,"stem"
"Oct_22_265_BL60_stem",6.05415708736205,546.34798764833,821.287461735051,1.17629720253283,1.42830099891037,1.75124238388638,940.316057647384,0.00869558027968339,0.14362990841178,0.999515439464829,0,6.47938006292421,543.18722583906,2695.63012882816,1.25891623428055,0.822790056548687,1.0381988197639,695.60615703315,0.0216538261118853,0.33419595550184,0.999829699241269,0.000584877876450191,542.437,816.099,0.00767415410819449,0.35,5.14679204738914,236,3.36084915009379,1,1.07023652829389,"Noise (HM.RMSE) | Noise (HM.MAE)","Noise (LM.RMSE) | Noise (LM.MAE)",6.47938006292421,"HM","",0,4,0.35,0.35,0.0227830594216442,2,0.5,1,0.05,0.0077,20,"LGR1 Oct2022",1.53846318398268,0.0661163350035183,FALSE,"wassmann | mad | 0.95",TRUE,"emission",1.0296546507357,FALSE,1.17629720253283,FALSE,FALSE,FALSE,1.08924241782486,0.708006814310042,FALSE,FALSE,NA,FALSE,"stem"
"Oct_22_266_BL60_stem",0.707028666519117,617.150586323412,650.650693682187,0.137474689705228,1.02939756566475,1.27356976328375,823.194238875874,0.00593683832166937,0.839688488289725,0.983017777086144,3.58182100490626e-218,0.948742366583891,615.364025819975,689.435793738198,0.184473513780502,0.816851122238892,1.02842295459161,720.072779728015,0.0238594119108791,2.514846258715,0.988926304399188,0.00249046997209743,613.719,648.882,0.0073566534278545,0.35,5.14297335775131,246,0.392784827729224,1,1.34187255978572,"Noise (HM.RMSE) | Noise (HM.MAE)","Noise (LM.RMSE) | Noise (LM.MAE)",0.948742366583891,"HM","",0,4,0.35,0.35,0.0223151849572168,2,0.5,1,0.05,0.0074,20,"LGR1 Oct2022",1.53846318398268,0.063380597115354,FALSE,"wassmann | mad | 0.95",TRUE,"emission",1.16496224002946,FALSE,0.137474689705228,FALSE,FALSE,FALSE,1.1343217479176,0.73730834752973,FALSE,FALSE,NA,FALSE,"stem"
"Oct_22_267_BL60_stem",3.07412222438447,554.160231099908,596.801428067235,0.264638472042055,1.71120197343184,2.0086966120466,696.105360786532,0.0392920253426292,1.27815429819147,0.974212674404663,5.071683510328e-130,5.01628975069186,550.14269720705,617.498219147733,0.431831644302666,0.921687885679045,1.12850963560328,510.239827325453,0.127096476325706,2.53367493989311,0.991860679446014,0.00641122853569392,550.438,593.942,0.0250768401900715,0.35,11.6163088483066,163,0.756109920120157,1,1.63177954048209,"Noise (HM.RMSE) | Noise (HM.MAE) | Noise (HM.SE)","Noise (LM.RMSE) | Noise (LM.MAE) | Noise (LM.SE)",5.01628975069186,"HM","SE",1,3,0.35,0.35,0.0274141157495785,2,0.5,1,0.05,0.025,20,"LGR1 Oct2022",1.53846318398268,0.216049547347071,FALSE,"wassmann | mad | 0.95",TRUE,"emission",1.04484215981147,FALSE,0.264638472042055,FALSE,FALSE,FALSE,0.969205596996268,0.629982964224888,FALSE,FALSE,NA,FALSE,"stem"
"Oct_22_268_BL60_stem",2.52948529698659,469.951521186082,537.995052353731,0.217874556264995,98.8073043499176,173.024933136131,4146.67294129798,1.25544131963281,49.6322837348942,0.00964957685496237,0.044778579327127,2.52672265230638,469.965312071607,111835.901490989,0.217636598770427,98.8327790517133,173.02546117146,4148.72672576123,4.77290348755319,188.897007876845,0.00964357990788323,1.95424746774254e-06,526.656,580.407,0.0129695520412518,0.35,11.6098242050349,315,0.622498732185701,1,0.998907823388616,"Noise (HM.RMSE) | Noise (HM.MAE) | Noise (HM.SE)","Noise (LM.RMSE) | Noise (LM.MAE) | Noise (LM.SE)",2.52948529698659,"LM","RMSE | MAE | SE | AICc | Intercept",4,0,0.35,0.35,0.0197202659436654,2,0.5,1,0.05,0.013,20,"LGR1 Oct2022",1.53846318398268,0.111737528671764,FALSE,"wassmann | mad | 0.95",TRUE,"emission",0.999699135084551,FALSE,0.217874556264995,TRUE,TRUE,FALSE,1.16629662158818,0.758091993185658,FALSE,TRUE,"CO2 slope <= 0; convex (accelerating) trace",FALSE,"stem"
"Oct_22_269_Long Pine Key_stem",2.14134061484471,496.166364295492,596.726356674384,0.56168097916534,1.50243399588031,1.84543548503614,741.594275370789,0.0101184130794147,0.472527023924613,0.995996927644227,9.40661800400892e-217,2.63684874322334,492.471112878191,783.571824777295,0.691654458770907,0.727625339974437,0.874448283465246,473.316332614382,0.0223567980142957,0.847860464949017,0.999101198135195,0.00237599713947328,492.616,592.471,0.00741155867290574,0.35,3.8123787243548,181,1.60480279761526,1,1.23140089201295,"Noise (HM.RMSE) | Noise (HM.MAE)","Noise (LM.RMSE) | Noise (LM.MAE)",2.63684874322334,"HM","",0,4,0.35,0.35,0.0260152951186508,2,0.5,1,0.05,0.0074,20,"LGR2 Oct2022",0.696108725154671,0.0288920752223232,FALSE,"wassmann | mad | 0.95",TRUE,"emission",0.973980576381639,FALSE,0.56168097916534,FALSE,FALSE,FALSE,0.508977087443676,0.731174698795197,FALSE,FALSE,NA,FALSE,"stem"
"Oct_22_26_SRS6_root",1.69870942102978,606.955271068625,640.57615870967,0.145693184237197,0.540466152367682,0.707614687147079,506.161468714559,0.00811386720650566,0.477648920177704,0.994734704140023,2.13033594823892e-265,1.78494615205341,606.674876179108,961.574344072989,0.153089448592653,0.53548145452855,0.696716187074275,500.999046295427,0.0331009328728888,1.85444994151836,0.99489564461468,0.000431360039791405,604.509,640.099,0.0176075955228274,0.35,11.6594982114206,233,0.416266240677706,1,1.05076602858384,"Noise (HM.RMSE) | Noise (HM.MAE) | Noise (HM.SE)","Noise (LM.RMSE) | Noise (LM.MAE)",1.78494615205341,"HM","SE",1,3,0.35,0.35,0.0229292623728146,2,0.5,1,0.05,0.018,20,"LGR2 Oct2022",0.696108725154671,0.0686383043817234,FALSE,"wassmann | mad | 0.95",TRUE,"emission",1.19521092341274,FALSE,0.145693184237197,FALSE,FALSE,FALSE,0.601232460656911,0.863704819277076,FALSE,FALSE,NA,FALSE,"root"
"Oct_22_270_Long Pine Key_stem",2.29980337984702,488.448301892419,596.470169172106,0.603329185112203,0.452058458049188,0.54556631606733,300.444352178978,0.00299104482863963,0.130056545479057,0.999695627463094,6.6560731315304e-317,2.35379645866802,488.029783974699,2860.71852571304,0.617493700449571,0.424169745133785,0.522155128990561,286.658841461793,0.0116258202662417,0.493917824688233,0.999721192568805,0.000260250613402063,488.621,596.301,0.00741017009996661,0.35,3.8118550148031,181,1.72379767174915,1,1.02347725866226,"Noise (HM.RMSE) | Noise (HM.MAE)","Noise (LM.RMSE) | Noise (LM.MAE)",2.35379645866802,"HM","",0,4,0.35,0.35,0.0260152951186508,2,0.5,1,0.05,0.0074,20,"LGR2 Oct2022",0.696108725154671,0.0288868225826028,FALSE,"wassmann | mad | 0.95",TRUE,"emission",0.966081822783208,FALSE,0.603329185112203,FALSE,FALSE,FALSE,0.439261379276868,0.631024096385614,FALSE,FALSE,NA,FALSE,"stem"
"Oct_22_271_Long Pine Key_stem",1.677534950847,526.547556045517,605.365169443032,0.440174318232451,1.38136448843759,1.57202203656909,683.54664401429,0.00861539029342714,0.513574413998179,0.99527465452381,2.63742230168779e-210,2.12521617271388,523.228279269848,729.121550127804,0.557642974561326,0.51905531374285,0.628590244979506,353.815227982183,0.0164092476245298,0.772121341593941,0.99924447023176,0.00270840796417304,523.46,603.207,0.00740794374556823,0.35,3.81106957258037,181,1.25764090923557,1,1.26686849155711,"Noise (HM.RMSE) | Noise (HM.MAE)","Noise (LM.RMSE) | Noise (LM.MAE)",2.12521617271388,"HM","",0,4,0.35,0.35,0.0260152951186508,2,0.5,1,0.05,0.0074,20,"LGR2 Oct2022",0.696108725154671,0.0288779832322939,FALSE,"wassmann | mad | 0.95",TRUE,"emission",1.03496409477713,FALSE,0.440174318232451,FALSE,FALSE,FALSE,0.442406448818215,0.635542168674749,FALSE,FALSE,NA,FALSE,"stem"
"Oct_22_272_Mahogany Hammock_stem",6.06751852334766,1177.95423262861,1574.05985666921,2.2126210011293,1.41519376118022,1.71052727895621,714.113547957359,0.00674690592986223,0.11119712125971,0.999777482808055,0,6.36567304364512,1174.75945281617,5485.07487412919,2.32134797916048,0.743367333658066,0.925330770412647,493.790368044288,0.0150964665280217,0.237154287135318,0.999934882522304,0.000538556405334565,1175.1,1571.45,0.00533149437568248,0.35,2.74223128147607,181,6.32177428894086,1,1.04913944953776,"Noise (HM.RMSE) | Noise (HM.MAE)","Noise (LM.RMSE) | Noise (LM.MAE)",6.36567304364512,"HM","",0,4,0.35,0.35,0.0260152951186508,2,0.5,1,0.05,0.0053,20,"LGR2 Oct2022",0.696108725154671,0.0207834739839101,FALSE,"wassmann | mad | 0.95",TRUE,"emission",2.32336053905286,TRUE,2.2126210011293,FALSE,FALSE,FALSE,0.513694691755725,0.737951807228944,FALSE,TRUE,"C0 > 1.5x group median",FALSE,"stem"
"Oct_22_273_Mahogany Hammock_stem",6.28866863096401,967.16581429549,1377.65200515888,2.29300117282287,1.37266381077154,1.64007269280771,698.887427037058,0.00646968468907173,0.102878448026605,0.999809524501185,0,6.36734980699475,966.304569436421,17132.9129449608,2.32169023874523,1.56231480466616,1.89558965785815,753.392865540341,0.0301298911375359,0.473193589967951,0.999746010089153,0.000143610223295826,966.594,1379.92,0.00533223104095887,0.35,2.7425492431049,181,6.55143192235106,1,1.01251157926232,"Noise (HM.RMSE) | Noise (HM.MAE)","Noise (LM.RMSE) | Noise (LM.MAE)",6.28866863096401,"LM","RMSE | MAE | AICc",3,1,0.35,0.35,0.0260152951186508,2,0.5,1,0.05,0.0053,20,"LGR2 Oct2022",0.696108725154671,0.0207863456988412,FALSE,"wassmann | mad | 0.95",TRUE,"emission",1.9111108474898,TRUE,2.29300117282287,FALSE,TRUE,FALSE,0.706068112035592,1.01430722891558,FALSE,TRUE,"C0 > 1.5x group median; convex (accelerating) trace",FALSE,"stem"
"Oct_22_274_Mahogany Hammock_stem",5.63819842344821,873.925592871856,1241.89483599378,2.05549888113563,2.06450022774956,2.53132808981064,855.996707053084,0.00998684933279684,0.177128376526505,0.999435576682695,6.71625807630919e-293,6.08694846506953,869.146597947712,3442.5729265885,2.2190981621801,1.03742246173697,1.35276565164783,631.261729981267,0.0225536171289944,0.370524200400583,0.999838804391908,0.000862312683088221,870.561,1237.96,0.00533307431693458,0.35,2.74298296885143,181,5.87285394610181,1,1.07959103385845,"Noise (HM.RMSE) | Noise (HM.MAE)","Noise (LM.RMSE) | Noise (LM.MAE)",6.08694846506953,"HM","",0,4,0.35,0.35,0.0260152951186508,2,0.5,1,0.05,0.0053,20,"LGR2 Oct2022",0.696108725154671,0.0207897484506222,FALSE,"wassmann | mad | 0.95",TRUE,"emission",1.72123825567049,TRUE,2.05549888113563,FALSE,FALSE,FALSE,0.63425569084126,0.911144578313298,FALSE,TRUE,"C0 > 1.5x group median",FALSE,"stem"
"Oct_22_275_Cypress Boardwalk_stem",13.815280653463,539.286495711936,752.212146416402,1.18937595002987,3.1415636437643,3.72035808613362,995.394154498823,0.062158245603687,0.449923871710171,0.996369388852908,1.50427493287234e-220,17.2798332328982,530.838074172445,1112.12633800021,1.48764390556078,0.559733569297035,0.689304749982994,387.193030838764,0.0543340354107191,0.314436109876775,0.999875367073352,0.0025592188904085,530.296,745.334,0.0225829466724657,0.35,11.6155708824582,181,3.39821700008535,1,1.25077685110702,"Noise (HM.RMSE) | Noise (HM.MAE) | Noise (HM.SE)","Noise (LM.RMSE) | Noise (LM.MAE) | Noise (LM.SE)",17.2798332328982,"HM","",0,4,0.35,0.35,0.0260152951186508,2,0.5,1,0.05,0.023,20,"LGR2 Oct2022",0.696108725154671,0.0880343593195042,FALSE,"wassmann | mad | 0.95",TRUE,"emission",1.04847995950777,FALSE,1.18937595002987,FALSE,FALSE,FALSE,0.47805057028697,0.686746987951846,FALSE,FALSE,NA,FALSE,"stem"
"Oct_22_276_Cypress Boardwalk_stem",5.74808516236315,578.887700481826,779.056424273158,1.11811735804449,2.11393781749593,2.72155428125096,882.226880381536,0.0201245701428071,0.350109115894406,0.997798455096878,5.40692381444204e-240,6.62479429284569,573.970987548778,1374.85860848055,1.28865479252217,1.36679268374857,1.59776525699816,691.518371504227,0.0524296510826112,0.791415533297865,0.999241213679093,0.00160903322618836,576.423,772.185,0.00999484017603571,0.35,5.14086032294155,181,3.19462102298426,1,1.15252194525979,"Noise (HM.RMSE) | Noise (HM.MAE) | Noise (HM.SE)","Noise (LM.RMSE) | Noise (LM.MAE)",6.62479429284569,"HM","SE",1,3,0.35,0.35,0.0260152951186508,2,0.5,1,0.05,0.01,20,"LGR2 Oct2022",0.696108725154671,0.0389623407754759,FALSE,"wassmann | mad | 0.95",TRUE,"emission",1.13968041188194,FALSE,1.11811735804449,FALSE,FALSE,FALSE,0.538331069829678,0.773343373493938,FALSE,FALSE,NA,FALSE,"stem"
"Oct_22_277_Cypress Boardwalk_stem",5.74700472096613,474.2367138475,562.766020352885,0.494433496876614,1.91296623326237,2.58717012169966,863.895749618668,0.043247530600249,0.752522969791099,0.98990905323722,8.17402916907389e-181,7.43935897368043,470.13822530037,686.289456420664,0.640032234262526,1.5089013229949,1.84134018945006,742.881730404741,0.14897508832874,2.00252587428293,0.99488848069558,0.00296103904171765,471.032,556.939,0.0225945534560449,0.35,11.6234129711489,181,1.41266713393318,1,1.29447587654492,"Noise (HM.RMSE) | Noise (HM.MAE) | Noise (HM.SE)","Noise (LM.RMSE) | Noise (LM.MAE) | Noise (LM.SE)",7.43935897368043,"HM","SE",1,3,0.35,0.35,0.0260152951186508,2,0.5,1,0.05,0.023,20,"LGR2 Oct2022",0.696108725154671,0.088079116021939,FALSE,"wassmann | mad | 0.95",TRUE,"emission",0.931305558191769,FALSE,0.494433496876614,FALSE,FALSE,FALSE,0.471236252947306,0.676957831325272,FALSE,FALSE,NA,FALSE,"stem"
"Oct_22_278_SRS5_stem",2.2790350130522,612.621508543388,872.315424008486,0.831672560471156,1.68564304211939,2.09548484559081,1366.07296891596,0.00358898377515455,0.157478220150203,0.999221902997797,0,2.44123540188803,609.59442577525,2618.27516863433,0.890863231926375,1.31062893156342,1.61176536533369,1202.77825762342,0.011607364902296,0.475470939562773,0.999539671004283,0.000443506632446903,609.452,869.056,0.00306174245920897,0.35,2.74030324117112,315,2.37620731563188,1,1.07117064367458,"Noise (HM.RMSE) | Noise (HM.MAE)","Noise (LM.RMSE) | Noise (LM.MAE)",2.44123540188803,"HM","",0,4,0.35,0.35,0.0197202659436654,2,0.5,1,0.05,0.0031,20,"LGR3 Mar2023",0.897393175801846,0.0153864979986735,FALSE,"wassmann | mad | 0.95",TRUE,"emission",1.26949595270729,FALSE,0.831672560471157,FALSE,FALSE,FALSE,0.88481289763631,0.985981308411115,FALSE,FALSE,NA,FALSE,"stem"
"Oct_22_279_SRS5_stem",2.70263449739083,600.429799371883,864.299468795175,0.986236953482486,0.953978536642398,1.19379317797752,867.970355878224,0.0025777783880022,0.0953802073676938,0.999755340010858,0,2.74314404766271,599.768729016331,9423.86318369106,1.00101957225156,0.990980116133499,1.26113853210802,899.665802660105,0.0109996901334102,0.400988425773065,0.999727182226007,0.000113441620258411,603.479,863.016,0.00357145923995802,0.35,2.74035006277913,270,2.81781986709282,1,1.01498891186026,"Noise (HM.RMSE) | Noise (HM.MAE)","Noise (LM.RMSE) | Noise (LM.MAE)",2.70263449739083,"LM","RMSE | MAE | AICc",3,1,0.35,0.35,0.0213003216807565,2,0.5,1,0.05,0.0036,20,"LGR3 Mar2023",0.897393175801846,0.0179480220092131,FALSE,"wassmann | mad | 0.95",TRUE,"emission",1.25705412082304,FALSE,0.986236953482486,FALSE,FALSE,FALSE,0.834491784974762,0.92990654205624,FALSE,FALSE,NA,FALSE,"stem"
"Oct_22_27_SRS6_stem",1.0640346426575,477.983611476884,514.996516078614,0.206735580104366,1.38643709138848,1.66246787359337,703.79708949329,0.0123050782461609,1.15645466348992,0.97648983773252,6.17763599271171e-148,1.78911817768062,474.253456955643,530.759288359819,0.347614983112095,0.611002843602663,0.740697721922629,413.224135373439,0.0323153970216353,1.80621925509294,0.995333071777318,0.00615184264126061,475,513.926,0.0100057959483416,0.35,5.14683849833852,181,0.590673086012473,1,1.68144730063693,"Noise (HM.RMSE) | Noise (HM.MAE)","Noise (LM.RMSE) | Noise (LM.MAE)",1.78911817768062,"HM","",0,4,0.35,0.35,0.0260152951186508,2,0.5,1,0.05,0.01,20,"LGR2 Oct2022",0.696108725154671,0.0390051572893181,FALSE,"wassmann | mad | 0.95",TRUE,"emission",0.939150928474265,FALSE,0.206735580104366,FALSE,FALSE,FALSE,0.458131796525038,0.658132530120555,FALSE,FALSE,NA,FALSE,"stem"
"Oct_22_280_SRS5_stem",2.26016586492159,567.21788369873,860.068790891422,0.824769502486134,1.29931604004561,1.55165024062069,1336.58021611685,0.00219245035805412,0.0970039585183355,0.999664183871034,0,2.39012930038394,564.450652874693,3318.38474200705,0.872195171403308,0.742544695376149,0.940788414741074,980.370800639471,0.00553801631897919,0.231703628673544,0.999876548092074,0.000316708803905361,564.849,857.993,0.00269364511771821,0.35,2.74036061967458,358,2.35648429281753,1,1.05750172475366,"Noise (HM.RMSE) | Noise (HM.MAE)","Noise (LM.RMSE) | Noise (LM.MAE)",2.39012930038394,"HM","",0,4,0.35,0.35,0.0184980747903591,2,0.5,1,0.05,0.0027,20,"LGR3 Mar2023",0.897393175801846,0.0135365903298886,FALSE,"wassmann | mad | 0.95",TRUE,"emission",1.17658735944875,FALSE,0.824769502486134,FALSE,FALSE,FALSE,0.835540141488405,0.931074766355145,FALSE,FALSE,NA,FALSE,"stem"
"Oct_22_281_SRS5_stem",2.2469989542398,590.275348014358,873.266936666121,0.819963632445822,1.18688292324683,1.41997682059241,1237.69680792793,0.00209367639969597,0.0931765631552907,0.999698829477698,0,2.35882683895137,587.957605896429,3631.28141072651,0.86077130544621,0.774628834371269,0.973016037947628,976.658956281465,0.00594397424496567,0.251988579526596,0.999858586800209,0.000282839211548924,587.774,872.532,0.00277102756267081,0.35,2.7403641641244,348,2.34275323555949,1,1.04976766210797,"Noise (HM.RMSE) | Noise (HM.MAE)","Noise (LM.RMSE) | Noise (LM.MAE)",2.35882683895137,"HM","",0,4,0.35,0.35,0.0187619693596614,2,0.5,1,0.05,0.0028,20,"LGR3 Mar2023",0.897393175801846,0.0139254721394079,FALSE,"wassmann | mad | 0.95",TRUE,"emission",1.22434041418615,FALSE,0.819963632445822,FALSE,FALSE,FALSE,0.86594248038811,0.964953271027904,FALSE,FALSE,NA,FALSE,"stem"
"Oct_22_282_SRS5_stem",2.52901106964632,440.881215356636,836.498844476076,0.92286754790479,25.3290366877077,32.5679451823309,4241.61481566747,0.0346983710515539,1.37201341140853,0.92494309961898,3.92521042228834e-244,2.53176271602087,440.784519685714,83399.8964990539,0.923871657840433,25.3805222266867,32.6281430788476,4245.24794280843,0.139153237832072,5.49629856508737,0.924669337663755,1.11364699524532e-05,473.347,902.039,0.00223219036092236,0.35,2.740383574423,432,2.63676442258512,1,1.00108803255453,"Noise (HM.RMSE) | Noise (HM.MAE) | Noise (HM.SE)","Noise (LM.RMSE) | Noise (LM.MAE) | Noise (LM.SE)",2.52901106964632,"LM","RMSE | MAE | SE | AICc",4,0,0.35,0.35,0.0168393828513641,2,0.5,1,0.05,0.0022,20,"LGR3 Mar2023",0.897393175801846,0.0112175778322568,FALSE,"wassmann | mad | 0.95",TRUE,"emission",0.985987576915226,FALSE,0.922867547904789,FALSE,TRUE,FALSE,1.00537389672184,1.12032710280365,FALSE,TRUE,"convex (accelerating) trace",FALSE,"stem"
"Oct_22_283_SRS5_stem",4.49070399669289,691.946813811544,1158.06924110119,1.63876030851045,1.31396748768312,1.58247244219878,1084.0149002079,0.00311738805303784,0.0694186937133598,0.99986219685539,0,4.55588512932715,690.813998100815,16729.3673515818,1.66254639040395,1.45907631652199,1.77495304597286,1151.95882058407,0.0141197108953327,0.309922451829202,0.999826920606948,0.000103659373371297,695.885,1156.99,0.0033601471018001,0.35,2.74030556718493,287,4.68217231002986,1,1.01451468025554,"Noise (HM.RMSE) | Noise (HM.MAE)","Noise (LM.RMSE) | Noise (LM.MAE)",4.49070399669289,"LM","RMSE | MAE | AICc",3,1,0.35,0.35,0.0206598467635334,2,0.5,1,0.05,0.0034,20,"LGR3 Mar2023",0.897393175801846,0.0168861338985991,FALSE,"wassmann | mad | 0.95",TRUE,"emission",1.44953694638743,FALSE,1.63876030851045,FALSE,TRUE,FALSE,0.828725824148712,0.923481308411134,FALSE,TRUE,"convex (accelerating) trace",FALSE,"stem"
"Oct_22_28_SRS6_stem",1.2458395869262,507.046262972074,550.417890241157,0.242261697839987,1.33636796008916,1.68729444037801,709.163071251646,0.0124791923536537,1.00166927464899,0.982258487740971,7.02826590891643e-159,1.25215194829264,507.008287098304,4200.53269240001,0.243489178005217,1.34149231157674,1.69673741178684,713.275041743914,0.0502963639487874,4.01679396956325,0.982061087274881,6.5923262252095e-05,506.828,554.739,0.00999782100960685,0.35,5.14253634823066,181,0.692176279542819,1,1.00506675292122,"Noise (HM.RMSE) | Noise (HM.MAE) | Noise (HM.SE)","Noise (LM.RMSE) | Noise (LM.MAE)",1.2458395869262,"LM","RMSE | SE | AICc",3,1,0.35,0.35,0.0260152951186508,2,0.5,1,0.05,0.01,20,"LGR2 Oct2022",0.696108725154671,0.0389741771947107,FALSE,"wassmann | mad | 0.95",TRUE,"emission",1.00207997216159,FALSE,0.242261697839987,FALSE,TRUE,FALSE,0.430350348909649,0.618222891566297,FALSE,TRUE,"convex (accelerating) trace",FALSE,"stem"
"Oct_22_29_SRS6_stem",0.526617196804489,510.753721853202,532.210771935205,0.137408665018307,2.85878768897834,4.51651175812003,930.986248316382,0.0305486220713816,5.80091616011602,0.653552619725893,5.89022661047083e-38,7.42563261378441,491.433207688468,525.374356264673,1.93754831890788,2.14816902409733,2.54048206977054,751.269832350686,0.61483099235161,8.27984663838987,0.890386698301726,0.0570855259820598,491.434,530.839,0.00853533867372341,0.35,3.83248899721373,158,0.392596185766592,1,14.1006269047861,"Noise (HM.RMSE) | Noise (HM.MAE) | Noise (HM.SE) | Exaggerated curvature (g-fact)","Noise (LM.RMSE) | Noise (LM.MAE) | Intercept (LM)",0.526617196804489,"LM","SE | g-fact. > 2 | Intercept (LM)",1,3,0.35,0.35,0.0278445049461505,2,0.5,1,0.05,0.0085,20,"LGR2 Oct2022",0.696108725154671,0.0332729800859617,FALSE,"wassmann | mad | 0.95",TRUE,"emission",0.971643573439625,FALSE,0.137408665018307,FALSE,FALSE,FALSE,0.59127307377593,0.849397590361409,FALSE,FALSE,NA,FALSE,"stem"
"Oct_22_2_FLM30_stem",3.33906492679811,670.618443308808,929.663576158096,0.876935973999874,1.86182784928124,2.25967863220065,1337.64167104199,0.00584489858917261,0.175045969973917,0.999090784398593,0,3.3671949482385,670.247936163464,15137.866937901,0.884323739224947,2.0003376019577,2.42382241829157,1381.48998478399,0.0252134836826133,0.74879785905486,0.998954922265653,6.11243452788424e-05,677.472,933.847,0.00449624277642189,0.35,3.80764961844135,298,2.50553135428535,1,1.00842452065386,"Noise (HM.RMSE) | Noise (HM.MAE) | Noise (HM.SE)","Noise (LM.RMSE) | Noise (LM.MAE)",3.33906492679811,"LM","RMSE | MAE | SE | AICc",4,0,0.35,0.35,0.0202749556227222,2,0.5,1,0.05,0.0045,20,"LGR2 Oct2022",0.696108725154671,0.0175273261584734,FALSE,"wassmann | mad | 0.95",TRUE,"emission",1.33947043750593,FALSE,0.876935973999874,FALSE,TRUE,FALSE,0.453938370469839,0.652108433734941,FALSE,TRUE,"convex (accelerating) trace",FALSE,"stem"
"Oct_22_30_SRS6_root",0.552373945738659,514.123327117909,534.384709854863,0.107218967486534,1.70903497492966,2.91062796723273,956.279764235581,0.0198894496708689,3.60072190665543,0.802144220459478,1.25473655142415e-68,1.34942757740629,510.267259529156,534.852106731587,0.261931672671272,1.93955584038593,2.66198621073058,924.255283696454,0.143695480434905,10.6486248570004,0.834504210970169,0.0106541916048747,499.388,533.359,0.00949161281730923,0.35,5.15183048939575,191,0.306339907104384,1,2.44296022253868,"Noise (HM.RMSE) | Noise (HM.MAE) | Noise (HM.SE) | Exaggerated curvature (g-fact)","Noise (LM.RMSE) | Noise (LM.MAE)",0.552373945738659,"LM","MAE | SE | g-fact. > 2 | Intercept",2,2,0.35,0.35,0.0253251111852348,2,0.5,1,0.05,0.0095,20,"LGR2 Oct2022",0.696108725154671,0.0370005831647086,FALSE,"wassmann | mad | 0.95",TRUE,"emission",0.987369902881908,FALSE,0.107218967486534,FALSE,FALSE,FALSE,0.580265330381186,0.833584337349392,FALSE,FALSE,NA,FALSE,"root"
"Oct_22_31_SRS6_stem",2.59131407685655,504.691864585513,558.309591108649,0.224602265018443,0.490001163729234,0.625180203378187,463.626842345402,0.00674223948882683,0.26018611750088,0.998377900862597,0,2.82372033975987,503.907604958306,841.047505491731,0.244746088385419,0.399395963841346,0.520378211039963,377.255752351963,0.0238955308378267,0.846242827285747,0.998876158239177,0.000725948153861883,503.514,557.267,0.0168447380957142,0.35,11.5373461467264,241,0.641720757195551,1,1.08968664392286,"Noise (HM.RMSE) | Noise (HM.MAE)","Noise (LM.RMSE) | Noise (LM.MAE)",2.82372033975987,"HM","",0,4,0.35,0.35,0.0225454819240291,2,0.5,1,0.05,0.017,20,"LGR2 Oct2022",0.696108725154671,0.0656644703285083,FALSE,"wassmann | mad | 0.95",TRUE,"emission",0.995527664420613,FALSE,0.224602265018443,FALSE,FALSE,FALSE,0.428253635882125,0.615210843373597,FALSE,FALSE,NA,FALSE,"stem"
"Oct_22_32_SRS6_stem",2.33148184462079,545.922113306826,582.107604197601,0.202089228047935,0.325116023443733,0.410457683896081,197.436699068955,0.00681044474320722,0.292107989556956,0.998466454813179,4.77018767334816e-254,2.40479044540885,545.734692893571,1146.63296842489,0.208443503796088,0.319996826355133,0.401678458437915,191.701603599423,0.0272208265319693,1.13194172839211,0.998531354834176,0.000346886506891336,545.838,582.053,0.0224257464484467,0.35,11.5368932186121,181,0.577397794422673,1,1.03144292157247,"Noise (HM.RMSE)","Noise (LM.RMSE)",2.40479044540885,"HM","",0,4,0.35,0.35,0.0260152951186508,2,0.5,1,0.05,0.022,20,"LGR2 Oct2022",0.696108725154671,0.0874215501831827,FALSE,"wassmann | mad | 0.95",TRUE,"emission",1.07920897788744,FALSE,0.202089228047935,FALSE,FALSE,FALSE,0.332329014870542,0.477409638554237,FALSE,FALSE,NA,FALSE,"stem"
"Oct_22_34_SRS6_root",2.21315475618453,490.725774603199,536.515350169054,0.191818524984032,0.929549420835539,1.10889544817564,739.851293199649,0.0119600341530331,0.540406590167791,0.993039638756251,4.91573116988316e-260,2.95701192723925,488.321499644282,590.710881628831,0.256290105632329,0.33550236309911,0.42277164754148,277.132937063817,0.0226200678882665,0.764963701360016,0.998988275452591,0.00250309261238635,488.008,534.638,0.0168460347925578,0.35,11.5377529692128,241,0.548052928525807,1,1.33610716511173,"Noise (HM.RMSE)","Noise (LM.RMSE) | Noise (LM.MAE)",2.95701192723925,"HM","",0,4,0.35,0.35,0.0225454819240291,2,0.5,1,0.05,0.017,20,"LGR2 Oct2022",0.696108725154671,0.0656695251933247,FALSE,"wassmann | mad | 0.95",TRUE,"emission",0.964869823795514,FALSE,0.191818524984032,FALSE,FALSE,FALSE,0.450269122671611,0.646837349397631,FALSE,FALSE,NA,FALSE,"root"
"Oct_22_35_SRS6_CWD",1.82929420738282,450.680809716953,514.86215030402,0.35849088746045,0.402812638956686,0.485570466204279,258.271370822563,0.00356383977728984,0.194820481194692,0.999317273355248,1.67341321809574e-285,1.85818814536886,450.511863971479,2497.05622560164,0.364153297273502,0.406255406195291,0.490971482595522,264.36735935508,0.0145528930672365,0.783176510059352,0.999302166433784,0.000177935696924467,451.262,514.41,0.00992027648595083,0.35,5.10276347703437,181,1.02425967845843,1,1.01579512900081,"Noise (HM.RMSE) | Noise (HM.MAE)","Noise (LM.RMSE) | Noise (LM.MAE)",1.85818814536886,"HM","MAE | AICc",2,2,0.35,0.35,0.0260152951186508,2,0.5,1,0.05,0.0099,20,"LGR2 Oct2022",0.696108725154671,0.0386718878969885,FALSE,"wassmann | mad | 0.95",TRUE,"emission",0.892217107968745,FALSE,0.35849088746045,NA,FALSE,FALSE,0.542000317627965,0.778614457831334,FALSE,FALSE,NA,FALSE,"CWD"
"Oct_22_36_SRS6_CWD",5.38388470101613,515.856473249025,704.778076879918,1.05531593615501,0.865106818198853,1.01891314543902,526.573960856383,0.0074768442234682,0.138874523484076,0.999652969339709,8.34373398017403e-312,5.7199798996015,513.925421481788,2161.09767811656,1.12119524799565,0.432529482735192,0.534075185118295,294.829869060503,0.0163645879144227,0.286095199662551,0.999904654913879,0.000680678807865727,514.367,703.911,0.00991888725035675,0.35,5.101680469862,181,3.01518838901431,1,1.06242615086499,"Noise (HM.RMSE) | Noise (HM.MAE)","Noise (LM.RMSE) | Noise (LM.MAE)",5.7199798996015,"HM","",0,4,0.35,0.35,0.0260152951186508,2,0.5,1,0.05,0.0099,20,"LGR2 Oct2022",0.696108725154671,0.0386664723785748,FALSE,"wassmann | mad | 0.95",TRUE,"emission",1.01698578026636,FALSE,1.05531593615501,NA,FALSE,FALSE,0.499017700562754,0.716867469879616,FALSE,FALSE,NA,FALSE,"CWD"
"Oct_22_37_SRS6_CWD",6.8597879251606,596.113185568748,836.782666629797,1.34422936530805,1.030242724847,1.35758704596475,630.457961516514,0.00996356087541809,0.14524590241155,0.999620408647478,2.55419999588514e-308,7.1718580772963,594.314894199156,3409.40519241431,1.40538196464692,0.899060344089558,1.09341013461832,554.210119981939,0.0331073274656109,0.461628313176157,0.999753766504958,0.000499231575462418,590.791,835.957,0.00992061883426556,0.35,5.10313797793621,181,3.84065532945157,1,1.04549268221414,"Noise (HM.RMSE) | Noise (HM.MAE)","Noise (LM.RMSE) | Noise (LM.MAE)",7.1718580772963,"HM","",0,4,0.35,0.35,0.0260152951186508,2,0.5,1,0.05,0.0099,20,"LGR2 Oct2022",0.696108725154671,0.0386730076681893,FALSE,"wassmann | mad | 0.95",TRUE,"emission",1.1680882445984,FALSE,1.34422936530805,NA,FALSE,FALSE,0.504783661388507,0.725150602409626,FALSE,FALSE,NA,FALSE,"CWD"
"Oct_22_38_SRS6_stem",1.96794443765859,498.329185261248,591.206827874136,0.518776769400134,0.416044556907477,0.517986438729857,281.665491641705,0.00282606573677941,0.143604955643046,0.999628934061398,3.34438251510097e-309,2.02635625517195,497.874946455994,2127.8638014802,0.534174914492291,0.363362102116372,0.475832887228835,253.029761708558,0.0105896498559722,0.522595660508551,0.999686871050211,0.000327716912202053,497.876,591.639,0.00737480684737187,0.35,3.79343207664088,181,1.48221934114324,1,1.02968163958067,"Noise (HM.RMSE) | Noise (HM.MAE)","Noise (LM.RMSE) | Noise (LM.MAE)",2.02635625517195,"HM","",0,4,0.35,0.35,0.0260152951186508,2,0.5,1,0.05,0.0074,20,"LGR2 Oct2022",0.696108725154671,0.0287488075927994,FALSE,"wassmann | mad | 0.95",TRUE,"emission",0.984380437189586,FALSE,0.518776769400134,FALSE,FALSE,FALSE,0.394706227440834,0.567018072289114,FALSE,FALSE,NA,FALSE,"stem"
"Oct_22_39_SRS6_stem",2.36025381502682,544.419958552665,692.890889564444,0.621974584499381,0.681474729813709,0.823229909271208,596.27111345263,0.00292044184554169,0.12373422836766,0.999632690515056,0,2.51187449869632,542.856693802616,1803.79570136089,0.661929699125806,0.333547556566724,0.433311107935098,289.00159474996,0.00643079136501716,0.256015631686805,0.999898237092583,0.000524949815302795,544.241,691.823,0.00554076555122155,0.35,3.79477533945628,241,1.7770702414268,1,1.06423914356337,"Noise (HM.RMSE)","Noise (LM.RMSE) | Noise (LM.MAE)",2.51187449869632,"HM","",0,4,0.35,0.35,0.0225454819240291,2,0.5,1,0.05,0.0055,20,"LGR2 Oct2022",0.696108725154671,0.0215991600578819,FALSE,"wassmann | mad | 0.95",TRUE,"emission",1.07605145360792,FALSE,0.621974584499381,FALSE,FALSE,FALSE,0.374787453678872,0.53840361445778,FALSE,FALSE,NA,FALSE,"stem"
"Oct_22_3_FLM30_stem",2.37678932945611,888.478515657777,1064.86417876127,0.624440340870295,1.48541726622626,1.72854988370949,1126.83159169432,0.00477932103325756,0.201083073456545,0.998852975341035,0,2.65098345525937,885.173125667083,1776.16852066796,0.696477803871022,0.724496042320193,0.909399106954943,762.80422589331,0.0108976266798148,0.411078637936978,0.999682518833855,0.000781685076913711,885.178,1060.73,0.00469959764512023,0.35,3.80627127027625,285,1.78411525962942,1,1.11536324334896,"Noise (HM.RMSE) | Noise (HM.MAE)","Noise (LM.RMSE) | Noise (LM.MAE)",2.65098345525937,"HM","",0,4,0.35,0.35,0.0207322107215682,2,0.5,1,0.05,0.0047,20,"LGR2 Oct2022",0.696108725154671,0.0183199996938136,FALSE,"wassmann | mad | 0.95",TRUE,"emission",1.75013840118946,TRUE,0.624440340870296,FALSE,FALSE,FALSE,0.497969344048932,0.71536144578318,FALSE,TRUE,"C0 > 1.5x group median",FALSE,"stem"
"Oct_22_40_SRS6_stem",2.32808192364862,573.032918735755,682.819944854851,0.613239415330267,0.488268266053612,0.599061917914435,334.306047340374,0.00327102774136627,0.140503120106695,0.999644785225724,6.72026344702987e-311,2.44231272500548,572.148640220624,1768.55927645325,0.643328919108125,0.371261861887142,0.447673784543012,230.947071134501,0.0101104368613911,0.413969790104106,0.999801632316363,0.000537715813973288,572.75,681.935,0.0073806767522939,0.35,3.79636707205913,181,1.75211261522934,1,1.04906648696358,"Noise (HM.RMSE) | Noise (HM.MAE)","Noise (LM.RMSE) | Noise (LM.MAE)",2.44231272500548,"HM","",0,4,0.35,0.35,0.0260152951186508,2,0.5,1,0.05,0.0074,20,"LGR2 Oct2022",0.696108725154671,0.0287718497335431,FALSE,"wassmann | mad | 0.95",TRUE,"emission",1.13241830375502,FALSE,0.613239415330267,FALSE,FALSE,FALSE,0.410431575147628,0.589608433734877,FALSE,FALSE,NA,FALSE,"stem"
"Oct_22_41_SRS6_stem",3.0906801370243,539.18724090862,647.129278390537,0.602879947902333,0.49701171163623,0.623847123811422,348.981665943986,0.00459970137403026,0.148824891936531,0.999601478777135,1.99000578878378e-306,3.23026068205843,538.386366676843,1809.73073311988,0.630107065555269,0.41441941720744,0.510173585984102,278.255484514375,0.0155151656981102,0.480306923347852,0.99973347924254,0.00049562265125552,538.068,646.482,0.00996581022467411,0.35,5.12652667878249,181,1.72251413686381,1,1.04516175690976,"Noise (HM.RMSE) | Noise (HM.MAE)","Noise (LM.RMSE) | Noise (LM.MAE)",3.23026068205843,"HM","",0,4,0.35,0.35,0.0260152951186508,2,0.5,1,0.05,0.01,20,"LGR2 Oct2022",0.696108725154671,0.0388491747722501,FALSE,"wassmann | mad | 0.95",TRUE,"emission",1.06384644585745,FALSE,0.602879947902333,FALSE,FALSE,FALSE,0.479098926800732,0.688253012048196,FALSE,FALSE,NA,FALSE,"stem"
"Oct_22_42_SRS6_stem",1.22084548725251,467.637173766044,524.539509738442,0.238348367895291,0.694726228949482,0.850158585940095,611.785433978203,0.00407028342774787,0.333398736387842,0.997339355558302,6.05468322577186e-310,1.43960607625502,466.001221055289,666.102826650451,0.281057482105887,0.360922235670853,0.458676333016626,316.422015826797,0.00991985104428209,0.689067044652071,0.999225538890288,0.0014045738477207,466.758,523.407,0.00747796295182048,0.35,5.12210550478301,241,0.680995336843687,1,1.17918777706655,"Noise (HM.RMSE) | Noise (HM.MAE)","Noise (LM.RMSE) | Noise (LM.MAE)",1.43960607625502,"HM","",0,4,0.35,0.35,0.0225454819240291,2,0.5,1,0.05,0.0075,20,"LGR2 Oct2022",0.696108725154671,0.0291507337794131,FALSE,"wassmann | mad | 0.95",TRUE,"emission",0.92285517699535,FALSE,0.238348367895291,FALSE,FALSE,FALSE,0.417245892487322,0.599397590361494,FALSE,FALSE,NA,FALSE,"stem"
"Oct_22_43_SRS6_stem",1.79277670340172,445.046437081278,507.758118848199,0.350299580312318,0.346756625516516,0.452356118243569,232.621977796471,0.00332993293307655,0.185741644609624,0.999379384111253,3.28205073990639e-289,1.82098306438731,444.882164885579,2455.43415758665,0.355810961845021,0.349223678199203,0.456604244216301,238.097375367417,0.0135730930129711,0.745371732358093,0.999367803071245,0.000176971778465181,444.872,507.196,0.00995008137685382,0.35,5.11783857064095,181,1.00085594374948,1,1.01573333752724,"Noise (HM.RMSE)","Noise (LM.RMSE)",1.82098306438731,"HM","RMSE | AICc",2,2,0.35,0.35,0.0260152951186508,2,0.5,1,0.05,0.01,20,"LGR2 Oct2022",0.696108725154671,0.0387878599878183,FALSE,"wassmann | mad | 0.95",TRUE,"emission",0.879583056530954,FALSE,0.350299580312318,FALSE,FALSE,FALSE,0.503211126617863,0.722891566265101,FALSE,FALSE,NA,FALSE,"stem"
"Oct_22_44_SRS6_stem",1.9978919472729,531.574111072258,657.07570025207,0.525738178266706,0.491853711246935,0.614940848440427,455.667165777507,0.0021845808428054,0.109344293908754,0.999713133746781,0,2.08985563550765,530.624006388309,1982.4957615523,0.549938096578215,0.347888163558273,0.442857945455115,299.50586396061,0.00649683145618784,0.310874653052754,0.999851220992416,0.000378778700406702,529.838,656.258,0.00554849647456789,0.35,3.80016523407089,241,1.50210908076202,1,1.04603036133174,"Noise (HM.RMSE)","Noise (LM.RMSE) | Noise (LM.MAE)",2.08985563550765,"HM","",0,4,0.35,0.35,0.0225454819240291,2,0.5,1,0.05,0.0055,20,"LGR2 Oct2022",0.696108725154671,0.0216292518355282,FALSE,"wassmann | mad | 0.95",TRUE,"emission",1.04757442029673,FALSE,0.525738178266706,FALSE,FALSE,FALSE,0.437164666249284,0.628012048192828,FALSE,FALSE,NA,FALSE,"stem"
"Oct_22_45_SRS6_stem",1.89620581124976,498.834277142778,588.233228225782,0.499301589710214,0.456479017077288,0.560779796443128,310.400779019093,0.0030626392787957,0.161514075140249,0.9995306567384,4.53807691856481e-300,1.98906839284346,498.115661400688,1474.04553679819,0.523753805993515,0.361995198677768,0.458525054193421,239.617016873914,0.0103570728018777,0.520699682280499,0.999686215121016,0.00053667155724707,497.768,588.075,0.00738247979472523,0.35,3.79771635085376,181,1.42657597060061,1,1.04897283883573,"Noise (HM.RMSE) | Noise (HM.MAE)","Noise (LM.RMSE) | Noise (LM.MAE)",1.98906839284346,"HM","",0,4,0.35,0.35,0.0260152951186508,2,0.5,1,0.05,0.0074,20,"LGR2 Oct2022",0.696108725154671,0.0287787185542467,FALSE,"wassmann | mad | 0.95",TRUE,"emission",0.984166903925848,FALSE,0.499301589710214,FALSE,FALSE,FALSE,0.442406448818215,0.635542168674749,FALSE,FALSE,NA,FALSE,"stem"
"Oct_22_46_SRS6_stem",1.85427271111332,572.397798510003,659.844830174837,0.488383569184904,0.529543020121347,0.647972485019849,362.716991979212,0.00353859778865401,0.190834809111191,0.999344904438901,4.14735083820886e-287,1.98852475645657,571.363399672397,1237.27097659046,0.523743251006325,0.362997523899105,0.452114431725599,234.520194903571,0.0103810618032974,0.522048406467707,0.999681075217856,0.000786510424510106,572.338,658.45,0.00738036486394603,0.35,3.79675490354444,181,1.39538162624258,1,1.07240145666742,"Noise (HM.RMSE) | Noise (HM.MAE)","Noise (LM.RMSE) | Noise (LM.MAE)",1.98852475645657,"HM","",0,4,0.35,0.35,0.0260152951186508,2,0.5,1,0.05,0.0074,20,"LGR2 Oct2022",0.696108725154671,0.0287704740082523,FALSE,"wassmann | mad | 0.95",TRUE,"emission",1.13160371389706,FALSE,0.488383569184904,FALSE,FALSE,FALSE,0.43506795322164,0.624999999999957,FALSE,FALSE,NA,FALSE,"stem"
"Oct_22_47_SRS6_root",1.99807035249665,602.390649894939,633.391938616878,0.173127722317922,0.359860785926339,0.444581146674562,226.345930816474,0.00737786774455752,0.36924964805862,0.997551759633553,7.26650172046554e-236,2.15744498285981,601.9872273009,818.357324913766,0.186937129336828,0.332333859636837,0.406550305840692,196.065789082901,0.0285134674128315,1.32163126473035,0.997952704389912,0.000863969334946183,601.126,633.204,0.0224326451988054,0.35,11.5410191143594,181,0.494650635194064,1,1.07976427364733,"Noise (HM.RMSE)","Noise (LM.RMSE) | Noise (LM.MAE)",2.15744498285981,"HM","",0,4,0.35,0.35,0.0260152951186508,2,0.5,1,0.05,0.022,20,"LGR2 Oct2022",0.696108725154671,0.0874479577001664,FALSE,"wassmann | mad | 0.95",TRUE,"emission",1.18852219164215,FALSE,0.173127722317923,FALSE,FALSE,FALSE,0.405189792578816,0.582078313253127,FALSE,FALSE,NA,FALSE,"root"
"Oct_22_48_SRS6_root",8.36428218249764,626.092649209482,755.830432592024,0.724618015755888,0.776571893774508,0.943769799144108,498.841316452773,0.0156671143795893,0.187309730085062,0.999368867570436,1.47666944359972e-288,9.08184487149905,624.278559097872,1472.85033360306,0.786782208754144,0.3906731036872,0.48233455940135,257.942559483903,0.0339827965117117,0.374183846922531,0.999835151459869,0.000927184043109287,624.085,755.16,0.0224394057789615,0.35,11.5430226693611,181,2.07033718787396,1,1.08578891449919,"Noise (HM.RMSE) | Noise (HM.MAE)","Noise (LM.RMSE) | Noise (LM.MAE)",9.08184487149905,"HM","",0,4,0.35,0.35,0.0260152951186508,2,0.5,1,0.05,0.022,20,"LGR2 Oct2022",0.696108725154671,0.0874743124114945,FALSE,"wassmann | mad | 0.95",TRUE,"emission",1.23391580462497,FALSE,0.724618015755888,FALSE,FALSE,FALSE,0.514218870012607,0.738704819277118,FALSE,FALSE,NA,FALSE,"root"
"Oct_22_49_SRS6_stem",1.21908298173664,663.234379226236,758.808041674283,0.319209846220518,0.828815942012286,1.01083513765802,869.628633293201,0.00257031433399455,0.210839981568197,0.998663731441791,0,1.22983326296404,663.091315206321,5806.96676407194,0.322024745344561,0.874204399564776,1.0547076518115,897.344781418679,0.0107879108433368,0.877184832140313,0.99854612332764,6.26035269605093e-05,663.382,759.746,0.00444953867163836,0.35,3.8190644686269,302,0.912028132058621,1,1.00881833426309,"Noise (HM.RMSE) | Noise (HM.MAE)","Noise (LM.RMSE) | Noise (LM.MAE)",1.21908298173664,"LM","RMSE | MAE | AICc",3,1,0.35,0.35,0.0201402368176953,2,0.5,1,0.05,0.0044,20,"LGR2 Oct2022",0.696108725154671,0.0173452010554849,FALSE,"wassmann | mad | 0.95",TRUE,"emission",1.31161225522761,FALSE,0.319209846220518,FALSE,TRUE,FALSE,0.440309735790571,0.632530120481878,FALSE,TRUE,"convex (accelerating) trace",FALSE,"stem"
"Oct_22_4_FLM30_stem",1.64749748429441,514.428743210968,635.439018001929,0.432910863038024,0.851919703843225,0.978328299409679,794.01043448654,0.00274759700961905,0.166773972999163,0.99921904700438,0,1.66440160024084,514.218633671851,6138.43673255307,0.437352736541944,0.929639431832845,1.05979981809216,841.182879299751,0.0119850652987309,0.720082538793319,0.999084658599836,7.7762406943099e-05,515.416,636.337,0.00474809777426203,0.35,3.80562749738555,282,1.23688818010864,1,1.01026048058196,"Noise (HM.RMSE) | Noise (HM.MAE)","Noise (LM.RMSE) | Noise (LM.MAE)",1.64749748429441,"LM","RMSE | MAE | AICc",3,1,0.35,0.35,0.0208421966961395,2,0.5,1,0.05,0.0047,20,"LGR2 Oct2022",0.696108725154671,0.0185090666129393,FALSE,"wassmann | mad | 0.95",TRUE,"emission",1.0190598209484,FALSE,0.432910863038024,FALSE,TRUE,FALSE,0.461276866066414,0.662650602409733,FALSE,TRUE,"convex (accelerating) trace",FALSE,"stem"
"Oct_22_50_SRS6_stem",-1.0160210965858,741.57757222973,598.176151265018,-0.265987707852554,49.9545045340642,63.1741722625774,6049.4543422333,0.066536251790902,-6.54870770050818,0.299903229184007,4.9225820506369e-44,-6.34754041984934,829.803411613331,622.3857239791,-1.66174475357912,40.3355086042,54.3700520034199,5888.4950440689,0.857596997970681,-13.5106977072394,0.481440672266229,0.00801158653600223,797.549,675.573,0.00247521262540137,0.35,3.81980469995635,543,0.759964879578725,1,6.24744942913033,"Noise (HM.RMSE) | Noise (HM.MAE) | Noise (HM.SE) | Exaggerated curvature (g-fact)","Noise (LM.RMSE) | Noise (LM.MAE) | Noise (LM.SE)",-1.0160210965858,"LM","SE | g-fact. > 2 | Intercept",1,3,0.35,0.35,0.0150199376398006,2,0.5,1,0.05,0.0025,20,"LGR2 Oct2022",0.696108725154671,0.00964880780982836,FALSE,"wassmann | mad | 0.95",TRUE,"uptake",1.57688186074468,TRUE,-0.265987707852554,TRUE,FALSE,FALSE,0.663609673227322,0.953313253012124,FALSE,TRUE,"C0 > 1.5x group median; CO2 slope <= 0",FALSE,"stem"
"Oct_22_52_SRS6_root",0.199267412017,609.659976569705,618.996526134171,0.0521513369886168,0.3781441063229,0.474774874402834,250.132280236572,0.00260915681563759,1.3093745681883,0.970058550904177,1.55335679401275e-138,0.240145173354742,609.354400617119,638.930797423024,0.0628496738881944,0.371553096975234,0.454990755325263,236.815921237496,0.011472658362025,4.77738453026398,0.972501911497661,0.00212499427501756,609.449,617.69,0.00742846054400837,0.35,3.82094541623151,181,0.149003819967477,1,1.2051402229997,"Noise (HM.RMSE) | Noise (HM.MAE)","Noise (LM.RMSE) | Noise (LM.MAE)",0.240145173354742,"HM","",0,4,0.35,0.35,0.0260152951186508,2,0.5,1,0.05,0.0074,20,"LGR2 Oct2022",0.696108725154671,0.028957962892044,FALSE,"wassmann | mad | 0.95",TRUE,"emission",1.20497809306887,FALSE,0.0521513369886168,FALSE,FALSE,FALSE,0.390512801385785,0.560993975903714,FALSE,FALSE,NA,FALSE,"root"
"Oct_22_53_SRS6_stem",2.04791806714892,639.73807374959,735.154272166768,0.535865429181621,0.394807146360534,0.483799634540547,255.563838557993,0.00268115050434559,0.130920789623105,0.999693283021419,7.57376455524189e-315,2.08204918182645,639.473502839526,3542.34848696661,0.544796296440673,0.396931849374177,0.477736164584624,253.115647290323,0.010698883922864,0.513863169816122,0.999701004050733,0.000187674736052919,639.683,734.471,0.00747009803405412,0.35,3.82170215808942,180,1.53104408337606,1,1.01666625009322,"Noise (HM.RMSE) | Noise (HM.MAE)","Noise (LM.RMSE) | Noise (LM.MAE)",2.08204918182645,"HM","MAE",1,3,0.35,0.35,0.0260874597374975,2,0.5,1,0.05,0.0075,20,"LGR2 Oct2022",0.696108725154671,0.02912044300622,FALSE,"wassmann | mad | 0.95",TRUE,"emission",1.26475554395622,FALSE,0.535865429181621,FALSE,FALSE,FALSE,0.483292352855901,0.694277108433767,FALSE,FALSE,NA,FALSE,"stem"
"Oct_22_55_SRS6_stem",1.35631119036183,522.071113424758,564.147960845151,0.355483862771954,0.446442866051743,0.559326653825583,207.306955096039,0.00570169643356159,0.42038261381892,0.997901390412611,4.39803789083228e-160,1.48728156650607,521.412163289383,769.310294287889,0.389810686550522,0.378890721924274,0.473942076110942,169.692233963607,0.0206319116987477,1.3872229820757,0.998493215461998,0.00157246319276554,521.531,563.779,0.011187434257589,0.35,3.81539454361088,120,1.01566817934844,1,1.09656366258344,"Noise (HM.RMSE) | Noise (HM.MAE)","Noise (LM.RMSE) | Noise (LM.MAE)",1.48728156650607,"HM","",0,4,0.35,0.35,0.0319504825211347,2,0.5,1,0.05,0.011,20,"LGR2 Oct2022",0.696108725154671,0.0436119808664253,FALSE,"wassmann | mad | 0.95",TRUE,"emission",1.0311501534276,FALSE,0.355483862771954,FALSE,FALSE,FALSE,0.414100822945915,0.594879518072273,FALSE,FALSE,NA,FALSE,"stem"
"Oct_22_57_SRS6_stem",0.879659783902061,741.867408438027,771.003962886861,0.172312863694874,0.996217479910383,1.85364557122674,702.487454378868,0.0148260146016318,1.68542598774557,0.953920891384716,4.43609750692784e-115,1.28241080331744,739.831351031657,793.870662144961,0.251206070797793,0.926544153299477,1.66308204995577,667.483950040486,0.0704121504960803,5.49060802622159,0.962908190065435,0.00464858018399039,729.908,770.359,0.0105047022487325,0.35,5.10501517437336,171,0.49232246769964,1,1.4578486214623,"Noise (HM.RMSE) | Noise (HM.MAE) | Noise (HM.SE)","Noise (LM.RMSE) | Noise (LM.MAE)",1.28241080331744,"HM","SE | Intercept",1,3,0.35,0.35,0.0267651689515655,2,0.5,1,0.05,0.011,20,"LGR3 Oct2022",1.04730815727329,0.0616099770318445,FALSE,"wassmann | mad | 0.95",TRUE,"emission",1.42851019898915,FALSE,0.172312863694874,FALSE,FALSE,FALSE,0.504259483131625,0.481481481481519,FALSE,FALSE,NA,FALSE,"stem"
"Oct_22_58_SRS6_stem",-15.7836661581904,910.779756337062,747.470127374284,-1.36800439724301,7.80535635532543,9.13554633239943,884.934117920315,0.278067824771191,-1.76174421065601,0.964081715910476,4.96631828680514e-88,-25.5812410619689,925.926426825665,665.571568866797,-2.21718135121271,4.96413303957826,6.39333025961656,800.699735226098,1.11263030542065,-4.34939924425627,0.982408583523079,0.00851599762184195,921.66,760.013,0.0335460441266444,0.35,11.5377305730886,121,3.90858399212289,1,1.62074139211912,"Noise (HM.RMSE) | Noise (HM.MAE) | Noise (HM.SE)","Noise (LM.RMSE) | Noise (LM.MAE) | Noise (LM.SE)",-25.5812410619689,"HM","SE",1,3,0.35,0.35,0.0318181818181818,2,0.5,1,0.05,0.034,20,"LGR3 Oct2022",1.04730815727329,0.19674961240429,FALSE,"wassmann | mad | 0.95",TRUE,"uptake",1.8037899433906,TRUE,-1.36800439724301,TRUE,FALSE,FALSE,1.02162342268564,0.975475475475598,FALSE,TRUE,"C0 > 1.5x group median; CO2 slope <= 0",FALSE,"stem"
"Oct_22_59_SRS6_stem",2.5431603307937,670.861296273367,800.712651008798,0.666030758938078,0.697456694792253,0.846682476693874,499.612897800946,0.00409268962622622,0.16092928065408,0.999492650923532,1.97626258336499e-323,2.60631527861626,670.329264527893,3376.07352292582,0.682570470304142,0.686590001932524,0.811950103397395,485.193457863728,0.0159550818232277,0.61217006070342,0.999533421831479,0.000252267178683137,671.145,799.545,0.0068198279670274,0.35,3.81838270479959,197,1.90294502553737,1,1.02483325453683,"Noise (HM.RMSE) | Noise (HM.MAE)","Noise (LM.RMSE) | Noise (LM.MAE)",2.60631527861626,"HM","",0,4,0.35,0.35,0.0249364674957684,2,0.5,1,0.05,0.0068,20,"LGR3 Oct2022",1.04730815727329,0.03999806978825,FALSE,"wassmann | mad | 0.95",TRUE,"emission",1.31350454783421,FALSE,0.666030758938078,FALSE,FALSE,FALSE,0.698205438182255,0.666666666666724,FALSE,FALSE,NA,FALSE,"stem"
"Oct_22_5_FLM30_stem",5.83320562442369,635.294495537933,970.522012425219,1.53188740716445,0.79120488833386,0.963266534192023,616.739523022006,0.00390600596776225,0.0669615682911598,0.999901364932823,0,5.97472076549396,633.950412011646,7770.77816529906,1.56905140865636,0.606474504846933,0.750339749203656,508.400721031366,0.0123666482904696,0.206982866243578,0.999940153891451,0.000219852778138524,632.984,969.483,0.0060625536882206,0.35,3.80785532744932,221,4.37682116332701,1,1.0242602695982,"Noise (HM.RMSE) | Noise (HM.MAE)","Noise (LM.RMSE) | Noise (LM.MAE)",5.97472076549396,"HM","",0,4,0.35,0.35,0.0235435477898709,2,0.5,1,0.05,0.0061,20,"LGR2 Oct2022",0.696108725154671,0.0236332037817329,FALSE,"wassmann | mad | 0.95",TRUE,"emission",1.25151055012496,FALSE,1.53188740716445,FALSE,FALSE,FALSE,0.499541878819576,0.717620481927705,FALSE,FALSE,NA,FALSE,"stem"
"Oct_22_60_SRS6_stem",1.99001043817722,774.527613148139,857.308558671,0.387094558496525,0.54179432846361,0.693854600913685,461.201743039234,0.00393150499885528,0.197562028993999,0.99916153918216,0,2.08840387172604,773.855161286823,1669.55129639488,0.406233936857486,0.494181794491288,0.62484698318287,418.023673796776,0.0146542488275783,0.7016961147207,0.999320024629656,0.000453539901462765,773.797,856.016,0.00837465512810797,0.35,5.1408897244808,216,1.10598445284721,1,1.04944367710902,"Noise (HM.RMSE) | Noise (HM.MAE)","Noise (LM.RMSE) | Noise (LM.MAE)",2.08840387172604,"HM","",0,4,0.35,0.35,0.023814483610392,2,0.5,1,0.05,0.0084,20,"LGR3 Oct2022",1.04730815727329,0.0491169704647903,FALSE,"wassmann | mad | 0.95",TRUE,"emission",1.51440579695963,TRUE,0.387094558496525,FALSE,FALSE,FALSE,0.61538527359306,0.58758758758763,FALSE,TRUE,"C0 > 1.5x group median",FALSE,"stem"
"Oct_22_61_SRS6_stem",2.2172981604178,617.788836004054,727.51058482838,0.580529138755186,0.812706899865082,1.02458254693716,557.439830620667,0.00519007126911623,0.234071870069935,0.998960073509858,4.50331041166371e-284,2.41290408383601,616.211281480769,1316.32190539614,0.631742340608017,0.578464832164507,0.74402833595894,437.301280744777,0.0160248047347866,0.664129371827764,0.999451612325221,0.00090234645644283,618.171,725.722,0.00703570561258923,0.35,3.81944335330402,191,1.65865468215768,1,1.08821814175021,"Noise (HM.RMSE) | Noise (HM.MAE)","Noise (LM.RMSE) | Noise (LM.MAE)",2.41290408383601,"HM","",0,4,0.35,0.35,0.0253251111852348,2,0.5,1,0.05,0.007,20,"LGR3 Oct2022",1.04730815727329,0.0412642182038495,FALSE,"wassmann | mad | 0.95",TRUE,"emission",1.20982860609738,FALSE,0.580529138755186,FALSE,FALSE,FALSE,0.585507112950177,0.559059059059147,FALSE,FALSE,NA,FALSE,"stem"
"Oct_22_62_SRS6_root",1.56033386892782,512.180676649416,532.216356946544,0.13429460231722,0.731802290868645,0.898020333592812,402.19880687731,0.0197161152205648,1.26358310956313,0.976606889213893,1.25976000364012e-123,2.36979315443223,510.606803410331,545.40056892186,0.203963033544373,0.496334047010176,0.61346086718188,289.22449111241,0.0734643167352147,3.10003075997642,0.989083350536383,0.00586205691007454,510.945,530.561,0.0270757329568992,0.35,11.6187385196772,151,0.383698863763485,1,1.51877313030488,"Noise (HM.RMSE) | Noise (HM.MAE) | Noise (HM.SE)","Noise (LM.RMSE) | Noise (LM.MAE)",2.36979315443223,"HM","SE",1,3,0.35,0.35,0.0284825960569906,2,0.5,1,0.05,0.027,20,"LGR3 Oct2022",1.04730815727329,0.158799530280304,FALSE,"wassmann | mad | 0.95",TRUE,"emission",0.999975536125803,FALSE,0.13429460231722,FALSE,FALSE,FALSE,0.630062264786091,0.601601601601655,FALSE,FALSE,NA,FALSE,"root"
"Oct_22_63_SRS6_stem",5.37318633452313,677.406287960169,837.380797965664,1.04452003096223,0.739442299694568,0.9113724645276,417.260765695146,0.00851720310923558,0.158513079185658,0.999613202222068,3.42807378792747e-263,5.63016127203389,676.151503653263,2461.61762937826,1.09447464875776,0.570448537733374,0.712401531242118,343.012402731903,0.0274981958326301,0.488408670799876,0.999763657484839,0.000612990990413411,677.06,835.089,0.0116794593574269,0.35,5.1441678237355,155,2.98434294560638,1,1.0478254282491,"Noise (HM.RMSE) | Noise (HM.MAE)","Noise (LM.RMSE) | Noise (LM.MAE)",5.63016127203389,"HM","",0,4,0.35,0.35,0.0281126765115875,2,0.5,1,0.05,0.012,20,"LGR3 Oct2022",1.04730815727329,0.0685001242644856,FALSE,"wassmann | mad | 0.95",TRUE,"emission",1.32508085310422,FALSE,1.04452003096223,FALSE,FALSE,FALSE,0.565588339188155,0.540040040040064,FALSE,FALSE,NA,FALSE,"stem"
"Oct_22_64_SRS6_stem",1.07250801176717,564.071794837781,610.751100852634,0.208573191692796,7.7001391891325,9.30844401847921,1655.84504524652,0.0492826392608377,4.59508355370091,0.677466323207019,3.57493258007348e-57,1.07593606344332,564.044392563475,6065.7147856169,0.20923985308044,7.7001206034268,9.31074401367265,1658.02960212682,0.19742220980234,18.3488793163535,0.677308904344499,3.80320590169546e-05,568.671,606.985,0.00800586015982787,0.35,5.1421182322743,226,0.595923404836559,1,1.00319629470227,"Noise (HM.RMSE) | Noise (HM.MAE) | Noise (HM.SE)","Noise (LM.RMSE) | Noise (LM.MAE) | Noise (LM.SE)",1.07593606344332,"HM","SE | AICc | Intercept",2,2,0.35,0.35,0.0232816536833209,2,0.5,1,0.05,0.008,20,"LGR3 Oct2022",1.04730815727329,0.0469539564206106,FALSE,"wassmann | mad | 0.95",TRUE,"emission",1.11295166427736,FALSE,0.208573191692796,FALSE,TRUE,FALSE,0.885861254150072,0.845845845845836,FALSE,TRUE,"convex (accelerating) trace",FALSE,"stem"
"Oct_22_65_SRS6_stem",4.18511205395982,710.733883581072,882.463566831351,0.814347890540046,0.732980626521706,0.90989685246124,570.358008839486,0.00526317476569797,0.125759470662634,0.999664824443124,0,4.3763504104558,709.443822680535,2709.94808345853,0.851559451471967,0.554659753449335,0.699711569127857,460.541029758544,0.0167068096341859,0.381752100889148,0.999801789743518,0.000425672400787986,710.032,880.769,0.00848936476794419,0.35,5.13921888001013,213,2.32670825868584,1,1.04569491904405,"Noise (HM.RMSE) | Noise (HM.MAE)","Noise (LM.RMSE) | Noise (LM.MAE)",4.3763504104558,"HM","",0,4,0.35,0.35,0.0239816048439636,2,0.5,1,0.05,0.0085,20,"LGR3 Oct2022",1.04730815727329,0.0497898710152813,FALSE,"wassmann | mad | 0.95",TRUE,"emission",1.38961068190603,FALSE,0.814347890540045,FALSE,FALSE,FALSE,0.584982934693236,0.558558558558602,FALSE,FALSE,NA,FALSE,"stem"
"Oct_22_66_SRS6_root",4.35723080477042,635.819002372437,705.661889060983,0.375481222706612,1.17730438981168,1.42591511826677,673.061310512188,0.0224744191397676,0.51579592972587,0.995049448051201,1.4252189516692e-216,5.51716291360024,632.88403688434,815.655031873366,0.475437535785839,0.514812441212981,0.64131287901613,374.706043504873,0.0481286596238295,0.872344362084877,0.998998603202659,0.00260127453929102,632.358,702.34,0.0217184025638006,0.35,11.6043906892649,188,1.07280349344746,1,1.26620855327652,"Noise (HM.RMSE) | Noise (HM.MAE) | Noise (HM.SE)","Noise (LM.RMSE) | Noise (LM.MAE)",5.51716291360024,"HM","SE",1,3,0.35,0.35,0.0255263735121315,2,0.5,1,0.05,0.022,20,"LGR3 Oct2022",1.04730815727329,0.127377882101742,FALSE,"wassmann | mad | 0.95",TRUE,"emission",1.23759412475597,FALSE,0.375481222706612,FALSE,FALSE,FALSE,0.515791404783369,0.492492492492613,FALSE,FALSE,NA,FALSE,"root"
"Oct_22_67_FLM30_stem",2.50970807458697,456.113011144401,535.447550263599,0.21734239711988,1.10797547623133,1.32108402957612,1255.34583320002,0.0075467609489738,0.300702740107165,0.996692453717796,0,3.07677085927072,453.256046729226,686.982607230239,0.266450413382258,0.376650532837755,0.464162336069748,487.553551943158,0.0123408618564341,0.40109785294051,0.999591694867216,0.00114000913208622,453.502,532.417,0.011041823390755,0.35,11.5472549665618,368,0.620978277485371,1,1.22594770699659,"Noise (HM.RMSE) | Noise (HM.MAE)","Noise (LM.RMSE) | Noise (LM.MAE)",3.07677085927072,"HM","",0,4,0.35,0.35,0.018245011229994,2,0.5,1,0.05,0.011,20,"LGR2 Oct2022",0.696108725154671,0.0430431308512356,FALSE,"wassmann | mad | 0.95",TRUE,"emission",0.896645946031445,FALSE,0.21734239711988,FALSE,FALSE,FALSE,0.477002213773148,0.685240963855411,FALSE,FALSE,NA,FALSE,"stem"
"Oct_22_68_FLM30_stem",3.44194976390253,502.825718112582,571.322160767025,0.29812819173208,0.494126025629969,0.630926688575385,450.790301327967,0.00721027638635269,0.209482324872097,0.99898732846695,0,3.708827808185,501.957670874615,992.380271054745,0.321244121426741,0.394504954765446,0.499804233105731,344.76169182843,0.0241167136701323,0.650251640610255,0.999364507155975,0.000655035313031555,501.517,570.359,0.0175113007109175,0.35,11.545200552505,232,0.851794833520229,1,1.07753687955628,"Noise (HM.RMSE) | Noise (HM.MAE)","Noise (LM.RMSE) | Noise (LM.MAE)",3.708827808185,"HM","",0,4,0.35,0.35,0.0229786257504514,2,0.5,1,0.05,0.018,20,"LGR2 Oct2022",0.696108725154671,0.0682632281485906,FALSE,"wassmann | mad | 0.95",TRUE,"emission",0.991579276201322,FALSE,0.29812819173208,FALSE,FALSE,FALSE,0.480147283314614,0.689759036144718,FALSE,FALSE,NA,FALSE,"stem"
"Oct_22_69_FLM30_stem",3.84631417967506,516.67868441113,597.205728456684,0.333196971298039,0.36106442875316,0.456321850729902,315.678234352848,0.00483369144552497,0.125670738783313,0.999616373456442,0,3.93574921822794,516.367889683677,2294.60990349675,0.340944514161597,0.3498066413926,0.439000700181288,298.861283991038,0.0188920241737186,0.480010872802122,0.999645004583501,0.000191731221910854,515.83,596.733,0.0166486019081457,0.35,11.5436648919434,244,0.951991346565826,1,1.02325214071837,"Noise (HM.RMSE)","Noise (LM.RMSE) | Noise (LM.MAE)",3.93574921822794,"HM","",0,4,0.35,0.35,0.0224064539882568,2,0.5,1,0.05,0.017,20,"LGR2 Oct2022",0.696108725154671,0.0649001395284814,FALSE,"wassmann | mad | 0.95",TRUE,"emission",1.01987836512606,FALSE,0.333196971298039,FALSE,FALSE,FALSE,0.43506795322164,0.624999999999957,FALSE,FALSE,NA,FALSE,"stem"
"Oct_22_6_FLM30_stem",1.24991720960796,539.655805000819,638.225268614883,0.328127375702405,0.785597062355596,1.00918157805536,871.495666948453,0.00254674231999243,0.203752880624087,0.998747804671064,0,1.39009964918775,537.858751616221,1047.92254196886,0.364927969906003,0.484366407891524,0.618059066337544,576.421202116811,0.00674608488633311,0.485295057104354,0.999530329358255,0.0007154555504787,537.106,635.581,0.00442347502082288,0.35,3.80924391612352,303,0.937506787721158,1,1.11215337984166,"Noise (HM.RMSE) | Noise (HM.MAE)","Noise (LM.RMSE) | Noise (LM.MAE)",1.39009964918775,"HM","",0,4,0.35,0.35,0.0201069746367499,2,0.5,1,0.05,0.0044,20,"LGR2 Oct2022",0.696108725154671,0.0172435987311735,FALSE,"wassmann | mad | 0.95",TRUE,"emission",1.06194441808231,FALSE,0.328127375702405,FALSE,FALSE,FALSE,0.546717921940015,0.78539156626508,FALSE,FALSE,NA,FALSE,"stem"
"Oct_22_70_FLM30_stem",4.73325794656923,448.402819158633,558.528006133803,0.410067200332422,1.49284805444221,1.79860668320685,1093.31523938596,0.0162680963949129,0.343697651354589,0.996820644987341,0,5.744689802993,444.64849511841,782.838478153392,0.497692897975067,0.652426046118148,0.794339868267877,652.422886842281,0.0331734093258022,0.57746215136836,0.999379874857037,0.00147163701747957,443.242,555.737,0.0149874381133544,0.35,11.5426397008398,271,1.17162057237835,1,1.21368618990158,"Noise (HM.RMSE) | Noise (HM.MAE) | Noise (HM.SE)","Noise (LM.RMSE) | Noise (LM.MAE)",5.744689802993,"HM","SE",1,3,0.35,0.35,0.0212609858730775,2,0.5,1,0.05,0.015,20,"LGR2 Oct2022",0.696108725154671,0.0584241742415366,FALSE,"wassmann | mad | 0.95",TRUE,"emission",0.876360285976401,FALSE,0.410067200332422,FALSE,FALSE,FALSE,0.432971240194025,0.621987951807129,FALSE,FALSE,NA,FALSE,"stem"
"Oct_22_71_FLM30_stem",1.33879079273911,454.8519169261,480.579923681451,0.115991716988852,1.47528662008516,1.72290496282173,885.510839314267,0.0207500323361486,1.54990850315716,0.949142750650571,8.47153042678361e-146,2.93721407074652,450.56868726899,483.430410246327,0.254477775823856,0.365172123346951,0.454611470882642,290.703274811777,0.0394786750577873,1.34408572568745,0.996459121678836,0.00774389632580611,450.764,477.593,0.0181309706375431,0.35,11.5421241058771,224,0.331404905682435,1,2.19393058771872,"Noise (HM.RMSE) | Noise (HM.MAE) | Noise (HM.SE) | Exaggerated curvature (g-fact)","Noise (LM.RMSE) | Noise (LM.MAE) | Intercept (LM)",1.33879079273911,"LM","SE | g-fact. > 2 | Intercept (LM)",1,3,0.35,0.35,0.0233853586673371,2,0.5,1,0.05,0.018,20,"LGR2 Oct2022",0.696108725154671,0.0706785977815425,FALSE,"wassmann | mad | 0.95",TRUE,"emission",0.891232482363734,FALSE,0.115991716988852,FALSE,FALSE,FALSE,0.420390962028609,0.603915662650544,FALSE,FALSE,NA,FALSE,"stem"
"Oct_22_72_FLM30_stem",2.28701391969381,478.881687293738,540.367146797084,0.198144604050453,3.22288273027345,3.86012261545175,1739.87073353348,0.0281143048770346,1.2293018697848,0.954967516235995,1.1792264166751e-211,4.78022566428918,469.448889226835,549.505651503722,0.414153981908953,1.17605825506962,1.47997551546092,1141.79338247983,0.0750776962176161,1.57058895312174,0.993380384533881,0.00517325420276862,469.98,533.963,0.0129767850545693,0.35,11.5421458517814,313,0.566127440144152,1,2.09016028417053,"Noise (HM.RMSE) | Noise (HM.MAE) | Noise (HM.SE) | Exaggerated curvature (g-fact)","Noise (LM.RMSE) | Noise (LM.MAE) | Noise (LM.SE) | Intercept (LM)",2.28701391969381,"LM","SE | g-fact. > 2 | Intercept (LM)",1,3,0.35,0.35,0.0197831696630478,2,0.5,1,0.05,0.013,20,"LGR2 Oct2022",0.696108725154671,0.0505862639011946,FALSE,"wassmann | mad | 0.95",TRUE,"emission",0.929225586030179,FALSE,0.198144604050453,FALSE,FALSE,FALSE,0.540427782857322,0.776355421686809,FALSE,FALSE,NA,FALSE,"stem"
"Oct_22_73_FLM30_stem",3.65072814338944,457.21555304723,527.998875904332,0.316294915506318,1.2130199182772,1.43332867748172,810.188092679039,0.0170356080412487,0.466635897611164,0.995124427014383,3.71183558893008e-261,4.69560980638699,454.025288693697,630.16548474174,0.40682226904546,0.320657131371949,0.405998058643454,242.105293205316,0.0232613725478803,0.495385551760287,0.99960881517817,0.00230965037040436,454.725,526.228,0.0179713321986178,0.35,11.5421651263203,226,0.903699758589481,1,1.2862118519807,"Noise (HM.RMSE)","Noise (LM.RMSE) | Noise (LM.MAE)",4.69560980638699,"HM","",0,4,0.35,0.35,0.0232816536833209,2,0.5,1,0.05,0.018,20,"LGR2 Oct2022",0.696108725154671,0.0700562774258027,FALSE,"wassmann | mad | 0.95",TRUE,"emission",0.899064012527285,FALSE,0.316294915506318,FALSE,FALSE,FALSE,0.43087452716653,0.618975903614472,FALSE,FALSE,NA,FALSE,"stem"
"Oct_22_74_FLM30_stem",1.47972419287877,468.033400678836,560.259742676799,0.289781192987954,2.16395415557542,2.51992411183653,1510.38912917037,0.00781699761408891,0.528273961573955,0.991148452291119,0,2.09028347413361,462.154124700185,643.927981945627,0.40934982460415,0.375872682548265,0.473055757213664,438.521145365261,0.00759459028602783,0.363328246144972,0.999688061517577,0.0022519730329066,462.307,555.888,0.00559798065077406,0.35,5.10634999332162,321,0.827946265679869,1,1.41261694861325,"Noise (HM.RMSE) | Noise (HM.MAE)","Noise (LM.RMSE) | Noise (LM.MAE)",2.09028347413361,"HM","",0,4,0.35,0.35,0.0195350950265082,2,0.5,1,0.05,0.0056,20,"LGR2 Oct2022",0.696108725154671,0.0218220385549903,FALSE,"wassmann | mad | 0.95",TRUE,"emission",0.914054838505584,FALSE,0.289781192987955,FALSE,FALSE,FALSE,0.51579140478325,0.740963855421643,FALSE,FALSE,NA,FALSE,"stem"
"Oct_22_75_FLM30_stem",-1.57264641385195,619.78955464154,450.992103537809,-0.308016676804847,74.6263945342437,86.0285968105933,6490.51839356398,0.11817540166925,-7.51442922123844,0.242190505486996,3.1470564634259e-35,-1.63280850801957,615.567478910974,0,-0.319799953803356,76.7028243831596,87.3373439570354,6509.21633028118,0.532690197843861,-32.6241684329512,0.219567908113122,0.000519520547721473,488.813,419.089,0.00325492872626994,0.35,5.10571839864486,552,0.880047648013848,1,1.03825532149993,"Noise (HM.RMSE) | Noise (HM.MAE) | Noise (HM.SE)","Noise (LM.RMSE) | Noise (LM.MAE) | Noise (LM.SE)",-1.57264641385195,"LM","RMSE | MAE | SE | AICc | Intercept",4,0,0.35,0.35,0.0148969892882781,2,0.5,1,0.05,0.0033,20,"LGR2 Oct2022",0.696108725154671,0.0126882744078055,FALSE,"wassmann | mad | 0.95",TRUE,"uptake",0.966461437474297,FALSE,-0.308016676804847,TRUE,TRUE,FALSE,0.555628952307234,0.798192771084397,FALSE,TRUE,"CO2 slope <= 0; convex (accelerating) trace",FALSE,"stem"
"Oct_22_76_FLM30_stem",1.39349988242384,493.750820394747,558.897970322317,0.272941952544934,0.765700528793749,1.03938746928666,708.650054507753,0.00496071348855544,0.355989516118712,0.996967699719777,3.69847321957024e-303,1.62090009758463,492.040929193905,738.766318475544,0.317482364437302,0.599250008420532,0.729245417202028,539.908796453399,0.0155604995455529,0.959991276991117,0.99850732702569,0.00128678432877004,490.084,557.104,0.00745527780276007,0.35,5.10548074207986,241,0.779834150128383,1,1.16318638991576,"Noise (HM.RMSE) | Noise (HM.MAE)","Noise (LM.RMSE) | Noise (LM.MAE)",1.62090009758463,"HM","",0,4,0.35,0.35,0.0225454819240291,2,0.5,1,0.05,0.0075,20,"LGR2 Oct2022",0.696108725154671,0.0290623022398651,FALSE,"wassmann | mad | 0.95",TRUE,"emission",0.968974407642909,FALSE,0.272941952544934,FALSE,FALSE,FALSE,0.40256890129429,0.578313253012081,FALSE,FALSE,NA,FALSE,"stem"
"Oct_22_77_FLM30_stem",3.72545156763024,488.879745951781,562.420275283667,0.322880390556068,0.979473263680939,1.16850349311284,730.450897584458,0.0135212853582186,0.362943528126967,0.996992461291644,1.05329315458265e-289,4.51066042095263,486.407190592803,714.60266609854,0.390933494086303,0.359865135724244,0.452056537157832,295.673411660285,0.0240992637310351,0.534273509464173,0.999549871300815,0.00171315181959633,485.989,559.812,0.0176529631324942,0.35,11.538178460495,230,0.922515401588766,1,1.21076877234022,"Noise (HM.RMSE) | Noise (HM.MAE)","Noise (LM.RMSE) | Noise (LM.MAE)",4.51066042095263,"HM","",0,4,0.35,0.35,0.0230783165688525,2,0.5,1,0.05,0.018,20,"LGR2 Oct2022",0.696108725154671,0.0688151769122556,FALSE,"wassmann | mad | 0.95",TRUE,"emission",0.960877938059536,FALSE,0.322880390556068,FALSE,FALSE,FALSE,0.487485778910951,0.700301204819167,FALSE,FALSE,NA,FALSE,"stem"
"Oct_22_78_FLM30_stem",0.684902193856083,706.161839544729,718.326244094921,0.0593620140422013,0.482687506229115,0.613829931036258,391.511306310735,0.0083213875964282,1.21497458630958,0.970484222930635,5.19854868344705e-159,1.0037580152202,705.294474205464,727.693653678462,0.0869979654452587,0.392978877070283,0.488772058568806,299.272931611839,0.0352147944583054,3.5082952190006,0.981285818356322,0.00388398001588114,705.163,716.779,0.0196106303723938,0.35,11.5377182682713,207,0.169605754406289,1,1.46554942329636,"Noise (HM.RMSE) | Noise (HM.MAE) | Noise (HM.SE)","Noise (LM.RMSE) | Noise (LM.MAE)",1.0037580152202,"HM","SE",1,3,0.35,0.35,0.0243266816399921,2,0.5,1,0.05,0.02,20,"LGR2 Oct2022",0.696108725154671,0.0764467846423735,FALSE,"wassmann | mad | 0.95",TRUE,"emission",1.39421997089621,FALSE,0.0593620140422013,FALSE,FALSE,FALSE,0.430350348909649,0.618222891566297,FALSE,FALSE,NA,FALSE,"stem"
"Oct_22_79_FLM30_stem",4.02055221228675,457.615819265557,520.359294990424,0.348483872259995,0.651679390579269,0.824116283053602,452.214973017242,0.0135601013859471,0.337269625413834,0.997945317471315,5.06546296043846e-244,4.54051317758997,456.30376042713,744.00551834423,0.39355181343961,0.463613819184256,0.579179977566817,325.923924011122,0.0416515039580083,0.917330317717881,0.998985166447724,0.00136791591503939,455.976,518.637,0.0223038447891931,0.35,11.5372691029073,182,0.995668206457129,1,1.129325758714,"Noise (HM.RMSE) | Noise (HM.MAE) | Noise (HM.SE)","Noise (LM.RMSE) | Noise (LM.MAE)",4.54051317758997,"HM","SE",1,3,0.35,0.35,0.0259437260831385,2,0.5,1,0.05,0.022,20,"LGR2 Oct2022",0.696108725154671,0.0869463292236938,FALSE,"wassmann | mad | 0.95",TRUE,"emission",0.901537439498909,FALSE,0.348483872259995,FALSE,FALSE,FALSE,0.44974494441467,0.64608433734937,FALSE,FALSE,NA,FALSE,"stem"
"Oct_22_7_SRS6_stem",2.13360610620837,618.177976534609,680.29452006782,0.557564098279762,0.735836647839973,0.98042029720495,322.431385040147,0.0109750979267695,0.514391943987888,0.997045168591406,1.89372225611657e-142,2.40462052859197,616.906022812994,906.048893597881,0.628386876484901,0.600173781211951,0.79520034670757,277.260050468121,0.0387870832049331,1.61302304225294,0.998056156749865,0.00217327466791461,615.992,678.784,0.0119150023094658,0.35,3.82665618677946,113,1.59304028079932,1,1.12702176919864,"Noise (HM.RMSE) | Noise (HM.MAE) | Noise (HM.SE)","Noise (LM.RMSE) | Noise (LM.MAE)",2.40462052859197,"HM","SE",1,3,0.35,0.35,0.0329252303934259,2,0.5,1,0.05,0.012,20,"LGR3 Oct2022",1.04730815727329,0.0698824274847369,FALSE,"wassmann | mad | 0.95",TRUE,"emission",1.20556406354736,FALSE,0.557564098279762,FALSE,FALSE,FALSE,0.626917195244745,0.598598598598666,FALSE,FALSE,NA,FALSE,"stem"
"Oct_22_80_FLM30_stem",3.60689923508085,510.577285632045,566.55016639649,0.312626051010828,0.82072697778778,1.01308977699824,524.499096570067,0.0168095412762515,0.466038560566405,0.996105685296301,7.99421416412802e-218,4.38217076130998,508.661891284119,679.796176744462,0.379822293519864,0.457671884837168,0.571497830383274,319.345979403832,0.0437731437571707,0.998891785405582,0.998760734525749,0.00221944008763738,508.364,565.922,0.0224287708098178,0.35,11.5374237796834,181,0.893217288602366,1,1.21494127662032,"Noise (HM.RMSE) | Noise (HM.MAE) | Noise (HM.SE)","Noise (LM.RMSE) | Noise (LM.MAE)",4.38217076130998,"HM","SE",1,3,0.35,0.35,0.0260152951186508,2,0.5,1,0.05,0.022,20,"LGR2 Oct2022",0.696108725154671,0.0874328547179525,FALSE,"wassmann | mad | 0.95",TRUE,"emission",1.0051168896903,FALSE,0.312626051010828,FALSE,FALSE,FALSE,0.441882270561214,0.634789156626403,FALSE,FALSE,NA,FALSE,"stem"
"Oct_22_81_FLM30_root",1.66318190532131,584.345098553412,614.158738363682,0.144114967563949,1.03116382048269,1.23495164015763,687.444677276576,0.016509094382917,0.992621091541255,0.979915465468925,7.53947684777933e-178,2.62241916054711,581.759355892349,630.868085519487,0.227233023069905,0.516685500970275,0.643645646577989,417.138683326142,0.0483339373990546,1.84310495157345,0.994544236436846,0.00462714113753683,582.416,613.187,0.0194311513389239,0.35,11.5406604423881,209,0.411757050182712,1,1.57674825114243,"Noise (HM.RMSE) | Noise (HM.MAE) | Noise (HM.SE)","Noise (LM.RMSE) | Noise (LM.MAE)",2.62241916054711,"HM","SE",1,3,0.35,0.35,0.0242100062353126,2,0.5,1,0.05,0.019,20,"LGR2 Oct2022",0.696108725154671,0.0757471164526139,FALSE,"wassmann | mad | 0.95",TRUE,"emission",1.15152953085951,FALSE,0.144114967563949,FALSE,FALSE,FALSE,0.426156922854421,0.61219879518064,FALSE,FALSE,NA,FALSE,"root"
"Oct_22_82_FLM30_stem",4.17500441637591,544.415578390445,617.4886254117,0.36182298772519,1.69156714292834,1.97061831664364,861.812644354367,0.0273091569493207,0.654110851768304,0.991388846483557,9.4440912233668e-211,5.82829824270233,539.941376713769,687.499279805749,0.505104204262992,0.412547510174666,0.540521242307293,336.117619257334,0.0383871794257374,0.658634438857043,0.999352139004694,0.00342309150292095,540.434,614.454,0.0198986060103717,0.35,11.5388036637044,204,1.03377996492911,1,1.39599810238322,"Noise (HM.RMSE) | Noise (HM.MAE) | Noise (HM.SE)","Noise (LM.RMSE) | Noise (LM.MAE) | Noise (LM.SE)",5.82829824270233,"HM","SE",1,3,0.35,0.35,0.0245049014704902,2,0.5,1,0.05,0.02,20,"LGR2 Oct2022",0.696108725154671,0.0775694079370265,FALSE,"wassmann | mad | 0.95",TRUE,"emission",1.06852440606118,FALSE,0.36182298772519,FALSE,FALSE,FALSE,0.480147283314495,0.689759036144546,FALSE,FALSE,NA,FALSE,"stem"
"Oct_22_83_FLM30_stem",2.78779000102707,494.274344167845,605.082957210621,0.546116188421245,1.50921276179446,1.77927631057513,824.128954560622,0.0108302283025076,0.388487952769671,0.996930576708291,2.93740912467701e-257,3.40202509582682,490.388177670755,822.980229882907,0.666442227557271,0.443766688971355,0.534589099839264,333.199484020579,0.0150758599606019,0.44314370223474,0.999722916803001,0.00200378278171291,491.4,600.685,0.00876232654954107,0.35,5.10475620414444,205,1.56033196691784,1,1.22033047488278,"Noise (HM.RMSE) | Noise (HM.MAE)","Noise (LM.RMSE) | Noise (LM.MAE)",3.40202509582682,"HM","",0,4,0.35,0.35,0.0244450603519352,2,0.5,1,0.05,0.0088,20,"LGR2 Oct2022",0.696108725154671,0.0341575889606153,FALSE,"wassmann | mad | 0.95",TRUE,"emission",0.971576350004745,FALSE,0.546116188421245,FALSE,FALSE,FALSE,0.381601771018507,0.548192771084312,FALSE,FALSE,NA,FALSE,"stem"
"Oct_22_84_FLM30_stem",0.931497246713651,657.897741300263,697.792016708883,0.182303825876766,1.11493121549294,1.41294041485811,786.068867392374,0.00768753293949039,0.825287779068829,0.9852360229632,1.11051148939053e-202,0.936489526442372,657.860811450964,3922.76753736336,0.183280867620693,1.12051719961156,1.42159120990862,790.841368915303,0.0310209870255558,3.31247559632636,0.985056248372865,5.61366320716173e-05,661.759,698.72,0.00813502655608773,0.35,5.10958693397542,221,0.520868073933616,1,1.005359414369,"Noise (HM.RMSE) | Noise (HM.MAE) | Noise (HM.SE)","Noise (LM.RMSE) | Noise (LM.MAE)",0.931497246713651,"LM","RMSE | MAE | SE | AICc | Intercept",4,0,0.35,0.35,0.0235435477898709,2,0.5,1,0.05,0.0081,20,"LGR3 Oct2022",1.04730815727329,0.0477116431382823,FALSE,"wassmann | mad | 0.95",TRUE,"emission",1.29513511397719,FALSE,0.182303825876766,FALSE,TRUE,FALSE,0.800944376533353,0.764764764764787,FALSE,TRUE,"convex (accelerating) trace",FALSE,"stem"
"Oct_22_85_FLM30_stem",1.88946731284542,434.219305310812,531.315340325512,0.369788229532567,2.94235527161377,3.58997071699874,1435.54572081176,0.0148662564249576,0.786796168628605,0.983918943020835,4.06127881600065e-238,2.87514271432884,426.538682548063,594.597839140467,0.562695065829966,1.53212557857385,1.79975775376594,1071.6468682925,0.0407872651811982,1.41861706474349,0.995958329680092,0.00334819641630523,429.429,526.275,0.00678508155457489,0.35,5.10959290195313,265,1.05653779866448,1,1.52166840610704,"Noise (HM.RMSE) | Noise (HM.MAE) | Noise (HM.SE)","Noise (LM.RMSE) | Noise (LM.MAE)",2.87514271432884,"HM","SE",1,3,0.35,0.35,0.0215003290891883,2,0.5,1,0.05,0.0068,20,"LGR3 Oct2022",1.04730815727329,0.0397941737012078,FALSE,"wassmann | mad | 0.95",TRUE,"emission",0.840439762602565,FALSE,0.369788229532567,FALSE,FALSE,FALSE,0.623772125703368,0.595595595595648,FALSE,FALSE,NA,FALSE,"stem"
"Oct_22_86_FLM30_stem",2.11076019305683,545.62311022339,642.171952933744,0.413067917580625,1.61196702373593,2.55055472391446,1117.7811686191,0.0125741150105585,0.595714996517369,0.991729087599643,7.17322301907878e-246,2.35128146552104,543.837597788252,1036.59032905186,0.460137035843061,1.65824562053167,2.43019246426996,1097.03420384208,0.0518600163379037,2.20560647878078,0.992491287626804,0.000933809204188673,531.52,639.735,0.00761913686297613,0.35,5.10995916947445,236,1.18019405023036,1,1.1139500703374,"Noise (HM.RMSE) | Noise (HM.MAE) | Noise (HM.SE)","Noise (LM.RMSE) | Noise (LM.MAE)",2.35128146552104,"HM","MAE | SE | Intercept",2,2,0.35,0.35,0.0227830594216442,2,0.5,1,0.05,0.0076,20,"LGR3 Oct2022",1.04730815727329,0.0446858021957958,FALSE,"wassmann | mad | 0.95",TRUE,"emission",1.04024307305402,FALSE,0.413067917580625,FALSE,FALSE,FALSE,0.741188055247526,0.707707707707765,FALSE,FALSE,NA,FALSE,"stem"
"Oct_22_87_FLM30_stem",0.903939728683194,424.345781207949,462.699056885613,0.176892382484694,0.634985996138918,0.778796149979167,518.104099777285,0.00429684181097346,0.475346051802906,0.995098239754798,8.33322086873102e-253,1.00747523058714,423.632968946913,618.539405356913,0.197153292612206,0.571446212930173,0.712351892534094,481.119726175687,0.01701661607121,1.6890356759732,0.99589896346479,0.00101152787072398,422.49,462.637,0.00821119971616076,0.35,5.11011110815587,219,0.505406807099127,1,1.11453805891989,"Noise (HM.RMSE) | Noise (HM.MAE)","Noise (LM.RMSE) | Noise (LM.MAE)",1.00747523058714,"HM","",0,4,0.35,0.35,0.023650808243982,2,0.5,1,0.05,0.0082,20,"LGR3 Oct2022",1.04730815727329,0.0481584071863812,FALSE,"wassmann | mad | 0.95",TRUE,"emission",0.826859376758341,FALSE,0.176892382484695,FALSE,FALSE,FALSE,0.757961759468112,0.723723723723774,FALSE,FALSE,NA,FALSE,"stem"
"Oct_22_88_FLM30_stem",1.06270506987196,503.310792709861,544.481304176332,0.207991752675237,0.643049798229723,0.797981386142861,483.429859285505,0.00504607623182329,0.474833175721208,0.995533157541244,7.71753944652988e-235,1.09031511847686,503.134347993422,1324.32788101608,0.213395568431452,0.638955293571365,0.794085819445068,483.555046034058,0.0204303223788462,1.87379978802704,0.995576663340802,0.000259860264176683,503.781,543.704,0.008988889049111,0.35,5.10936157902033,200,0.594262150500679,1,1.02598091360215,"Noise (HM.RMSE) | Noise (HM.MAE)","Noise (LM.RMSE) | Noise (LM.MAE)",1.09031511847686,"HM","AICc",1,3,0.35,0.35,0.0247487373415292,2,0.5,1,0.05,0.009,20,"LGR3 Oct2022",1.04730815727329,0.0527195225192832,FALSE,"wassmann | mad | 0.95",TRUE,"emission",0.985954800546034,FALSE,0.207991752675237,FALSE,FALSE,FALSE,0.61538527359306,0.58758758758763,FALSE,FALSE,NA,FALSE,"stem"
"Oct_22_8_SRS6_stem",5.20500829851583,612.978539285965,858.961792516133,1.35863317261325,2.29321024585503,2.71694501698413,891.285543613843,0.0147229165813162,0.282860578445462,0.998545921615297,5.8946730500029e-259,5.98538474511525,607.037907255826,1604.93712070929,1.5623303171074,0.543354624206487,0.698580326112057,396.27015240252,0.016771269557583,0.28020370071064,0.99990387002698,0.00156561934917315,605.423,853.308,0.00736532307962561,0.35,3.83106227894046,183,3.8818090646093,1,1.14992799277994,"Noise (HM.RMSE) | Noise (HM.MAE)","Noise (LM.RMSE) | Noise (LM.MAE)",5.98538474511525,"HM","",0,4,0.35,0.35,0.02587274448341,2,0.5,1,0.05,0.0074,20,"LGR3 Oct2022",1.04730815727329,0.0431975837591147,FALSE,"wassmann | mad | 0.95",TRUE,"emission",1.18487936863633,FALSE,1.35863317261325,FALSE,FALSE,FALSE,0.657843712401569,0.628128128128296,FALSE,FALSE,NA,FALSE,"stem"
"Oct_22_90_FLM30_stem",0.636214321460433,441.222431498885,472.570784382564,0.167623012295102,0.656131637339407,0.817029974089196,466.102445489392,0.00417804586155756,0.656704151514042,0.991957167407719,5.08557228015501e-198,0.756462481041615,440.274404263773,546.02291820713,0.199304724026568,0.549148571447465,0.700945805266386,410.263418161418,0.016283654790945,2.15260574040938,0.994080269547765,0.00188470472628412,441.127,472.602,0.00706546461534755,0.35,3.79550702943085,189,0.47892289227172,1,1.189005741501,"Noise (HM.RMSE) | Noise (HM.MAE)","Noise (LM.RMSE) | Noise (LM.MAE)",0.756462481041615,"HM","",0,4,0.35,0.35,0.0254587538608658,2,0.5,1,0.05,0.0071,20,"LGR3 Oct2022",1.04730815727329,0.0414387653959144,FALSE,"wassmann | mad | 0.95",TRUE,"emission",0.86333403463106,FALSE,0.167623012295102,FALSE,FALSE,FALSE,0.673044881851332,0.642642642642668,FALSE,FALSE,NA,FALSE,"stem"
"Oct_22_91_FLM30_stem",2.40937633466512,478.906522918597,552.56606068574,0.471732007224294,8.60021774493037,9.77202681191324,1174.86997214493,0.0880929074298237,3.65625353592043,0.826335978488364,2.11912204675491e-61,2.4211310429983,478.84312303555,6834.07877076617,0.474033462616116,8.60261723971164,9.77678646830513,1177.12944239412,0.353138922791872,14.5857005060969,0.826168736650675,7.4589439147766e-05,493.036,540.743,0.0113755196653111,0.35,5.10751082768811,158,1.34780573492655,1,1.00487873486763,"Noise (HM.RMSE) | Noise (HM.MAE) | Noise (HM.SE)","Noise (LM.RMSE) | Noise (LM.MAE) | Noise (LM.SE)",2.40937633466512,"LM","RMSE | SE | AICc | Intercept",3,1,0.35,0.35,0.0278445049461505,2,0.5,1,0.05,0.011,20,"LGR3 Oct2022",1.04730815727329,0.066717898744085,FALSE,"wassmann | mad | 0.95",TRUE,"emission",0.964925654286315,FALSE,0.471732007224294,FALSE,FALSE,FALSE,0.686673516530571,0.655655655655688,FALSE,FALSE,NA,FALSE,"stem"
"Oct_22_92_FLM30_stem",4.40043871347003,529.692474714599,699.384970792102,0.861623783975337,0.727215496799617,0.917204793776685,536.463661550143,0.00584087030888981,0.132733817903441,0.999651279319017,0,4.46302614770842,529.288959512298,6478.36686580614,0.873878657961586,0.767432547716374,0.969823964035364,560.748721459059,0.0249189175987056,0.558341286248131,0.999610420098027,0.000146893127258775,529.326,699.043,0.00903029226714313,0.35,5.10714629204803,199,2.46178223992953,1,1.0142229987312,"Noise (HM.RMSE) | Noise (HM.MAE)","Noise (LM.RMSE) | Noise (LM.MAE)",4.40043871347003,"LM","RMSE | MAE | AICc",3,1,0.35,0.35,0.0248108421752918,2,0.5,1,0.05,0.009,20,"LGR3 Oct2022",1.04730815727329,0.0529623576685264,FALSE,"wassmann | mad | 0.95",TRUE,"emission",1.03594917385497,FALSE,0.861623783975336,FALSE,TRUE,FALSE,0.571354300014027,0.545545545545611,FALSE,TRUE,"convex (accelerating) trace",FALSE,"stem"
"Oct_22_93_FLM30_stem",1.93980798661272,540.483131652601,611.501017886579,0.37982150871338,1.15413988308375,1.41247669210178,673.028785355089,0.00972137669448966,0.501151493425133,0.995300399379424,7.71926020876803e-220,2.42686953899564,537.661345125244,731.375452121885,0.475189944630277,0.53876069686968,0.700926692534852,410.253111072105,0.0227647567041858,0.938029685502047,0.998842706349541,0.00245304770002381,536.09,608.971,0.00950916796602561,0.35,5.10715676208988,189,1.08520431060966,1,1.2510875074978,"Noise (HM.RMSE) | Noise (HM.MAE)","Noise (LM.RMSE) | Noise (LM.MAE)",2.42686953899564,"HM","",0,4,0.35,0.35,0.0254587538608658,2,0.5,1,0.05,0.0095,20,"LGR3 Oct2022",1.04730815727329,0.055771022096437,FALSE,"wassmann | mad | 0.95",TRUE,"emission",1.04918706546043,FALSE,0.37982150871338,FALSE,FALSE,FALSE,0.574499369555374,0.5485485485486,FALSE,FALSE,NA,FALSE,"stem"
"Oct_22_94_FLM30_stem",1.75961829005672,612.149350008848,677.186753557141,0.463678517485554,1.13345708101272,1.35260021802112,494.928643439694,0.0106388922835759,0.60461364511237,0.994871881442803,2.04118310827547e-162,2.22684195952165,609.428008650377,779.913860960572,0.586797025411882,0.506905623412849,0.638346677348409,283.790365884194,0.023877215721303,1.07224563553815,0.998857825775272,0.00344191038411926,610.639,673.757,0.00940238515298686,0.35,3.79491010193617,142,1.32479576424444,1,1.26552558137474,"Noise (HM.RMSE) | Noise (HM.MAE)","Noise (LM.RMSE) | Noise (LM.MAE)",2.22684195952165,"HM","",0,4,0.35,0.35,0.0293713475403841,2,0.5,1,0.05,0.0094,20,"LGR3 Oct2022",1.04730815727329,0.0551452287493123,FALSE,"wassmann | mad | 0.95",TRUE,"emission",1.19508765406125,FALSE,0.463678517485554,FALSE,FALSE,FALSE,0.722317637999446,0.68968968968983,FALSE,FALSE,NA,FALSE,"stem"
"Oct_22_95_FLM30_stem",2.38948593014666,489.450242522232,576.510403095824,0.629716248908744,1.0163888088622,1.22567231255181,460.456325490968,0.00984926943811054,0.412191982963718,0.997643883427543,1.98119935215436e-183,2.4512217931502,489.079891386886,2235.31607469138,0.645985888994613,1.01886283126344,1.21343301359143,459.766077819792,0.039634570289161,1.6169312136469,0.997690703827615,0.000369930422454184,490.876,574.107,0.00953724769444231,0.35,3.79454386684078,140,1.79918928259641,1,1.02583646223845,"Noise (HM.RMSE) | Noise (HM.MAE) | Noise (HM.SE)","Noise (LM.RMSE) | Noise (LM.MAE)",2.4512217931502,"HM","SE",1,3,0.35,0.35,0.0295803989154981,2,0.5,1,0.05,0.0095,20,"LGR3 Oct2022",1.04730815727329,0.0559362295882076,FALSE,"wassmann | mad | 0.95",TRUE,"emission",0.960698296825078,FALSE,0.629716248908744,FALSE,FALSE,FALSE,0.627965551758567,0.5995995995997,FALSE,FALSE,NA,FALSE,"stem"
"Oct_22_96_FLM30_stem",0.0964385153476401,507.212655097188,509.992845262873,0.018887546384646,0.538253258780779,0.66292432710317,306.503059278281,0.00652581466603899,6.76681369732293,0.594952641544099,7.28834729962754e-31,0.385662737659085,506.230466950351,509.58119888447,0.0755322997259702,0.469675070716608,0.577324608847919,267.414984752243,0.0652067999731784,16.9077262607671,0.692802249432857,0.0225420299836154,506.577,509.075,0.0120587864445948,0.35,5.10593135729036,149,0.0539644182418456,1,3.99905303673386,"Noise (HM.RMSE) | Noise (HM.MAE) | Noise (HM.SE) | Exaggerated curvature (g-fact)","Noise (LM.RMSE) | Noise (LM.MAE)",0.0964385153476401,"LM","SE | g-fact. > 2 | Intercept",1,3,0.35,0.35,0.0286731172181664,2,0.5,1,0.05,0.012,20,"LGR3 Oct2022",1.04730815727329,0.0707249729649505,FALSE,"wassmann | mad | 0.95",TRUE,"emission",0.991426879926413,FALSE,0.018887546384646,FALSE,FALSE,FALSE,0.637400760382607,0.608608608608668,FALSE,FALSE,NA,FALSE,"stem"
"Oct_22_97_FLM30_stem",0.29447729873265,476.68880798971,485.695742783827,0.0576783436939308,0.570501929887198,0.732844041672664,356.320552710541,0.00660339392280133,2.24241187732315,0.926796283556956,1.0914277711171e-90,0.416420846991218,476.115628404766,493.810883137798,0.0815630435264319,0.559397423240463,0.694116037037055,341.269316654358,0.0323428857319672,7.7668747772009,0.934328919055035,0.00460931728629926,476.592,485.363,0.0113702651166115,0.35,5.1055089288848,158,0.164795267696945,1,1.41410169403,"Noise (HM.RMSE) | Noise (HM.MAE)","Noise (LM.RMSE) | Noise (LM.MAE)",0.416420846991218,"HM","",0,4,0.35,0.35,0.0278445049461505,2,0.5,1,0.05,0.011,20,"LGR3 Oct2022",1.04730815727329,0.0666870805190901,FALSE,"wassmann | mad | 0.95",TRUE,"emission",0.932742938502713,FALSE,0.0576783436939309,FALSE,FALSE,FALSE,0.618530343134467,0.590590590590676,FALSE,FALSE,NA,FALSE,"stem"
"Oct_22_98_FLM30_stem",1.63689044772179,461.858242733318,517.346268379013,0.32062327393674,0.824101506948822,1.02488187107001,511.370912873121,0.00791698339131876,0.483659942077219,0.995946077499019,4.44488022989849e-209,1.94832605557498,460.170337879492,646.379144626454,0.381625220859543,0.562635388656308,0.701504153829913,380.77882040322,0.0246310039859661,1.26421365230354,0.99810072297892,0.00204944775452071,459.578,514.36,0.0102656428312332,0.35,5.10533882217408,175,0.916066496962114,1,1.19026050783462,"Noise (HM.RMSE) | Noise (HM.MAE)","Noise (LM.RMSE) | Noise (LM.MAE)",1.94832605557498,"HM","",0,4,0.35,0.35,0.0264575131106459,2,0.5,1,0.05,0.01,20,"LGR3 Oct2022",1.04730815727329,0.0602082012735667,FALSE,"wassmann | mad | 0.95",TRUE,"emission",0.899444670055729,FALSE,0.32062327393674,FALSE,FALSE,FALSE,0.609095134510367,0.581581581581651,FALSE,FALSE,NA,FALSE,"stem"
"Oct_22_99_FLM30_root",1.48062208451687,451.886898449639,478.056380251845,0.128331470528864,0.486585990970689,0.604333543058313,383.226335499115,0.00825253529663035,0.557369458616656,0.993671561264833,1.83478694269553e-226,1.61197250623619,451.508489885681,617.652396264913,0.139716139817602,0.470233746177668,0.58029175218852,368.581276924796,0.0337062749711994,2.09099564916901,0.994165065628189,0.000840934481814175,452.344,477.459,0.0197057346254026,0.35,11.5374824149923,206,0.366661344368184,1,1.08871299644445,"Noise (HM.RMSE) | Noise (HM.MAE) | Noise (HM.SE)","Noise (LM.RMSE) | Noise (LM.MAE)",1.61197250623619,"HM","SE",1,3,0.35,0.35,0.0243856555002066,2,0.5,1,0.05,0.02,20,"LGR3 Oct2022",1.04730815727329,0.115573365401094,FALSE,"wassmann | mad | 0.95",TRUE,"emission",0.885286936780456,FALSE,0.128331470528864,FALSE,FALSE,FALSE,0.624820482217101,0.596596596596597,FALSE,FALSE,NA,FALSE,"root"
