UniqueID,measurement_type,component,plot,analyzer,chamber_id,excluded,Area,Vtot,Tcham,date,pre_Area,pre_Vtot_cm3,pre_Tcham,final_Area,final_Vtot_cm3,final_Tcham,final_date,Vtot_cm3,d_pre_Area,d_pre_Vtot,d_pre_T,d_final_Area,d_final_Vtot,d_final_T,date_matches_final,geometry_mismatch_vs_final,Tcham_changed
44638_MI_Soil_1,surface,soil,MI,Picarro,Soil 6 in,FALSE,182.4,1.4714,28.637166665000002,2022-03-18,324.3,3871,25.6,182.4,1471.4,25.6,2022-03-18,1471.4,0.4375578168362627,0.6198915009041591,3.037166665000001,0,0,3.037166665000001,TRUE,FALSE,TRUE
44638_MI_Soil_2,surface,soil,MI,Picarro,Soil 6 in,FALSE,182.4,1.4714,28.906277778333333,2022-03-18,324.3,3871,25.6,182.4,1471.4,25.6,2022-03-18,1471.4,0.4375578168362627,0.6198915009041591,3.3062777783333317,0,0,3.3062777783333317,TRUE,FALSE,TRUE
44638_MI_Soil_3,surface,soil,MI,Picarro,Soil 6 in,FALSE,182.4,1.4714,28.945700001,2022-03-18,324.3,3871,25.6,182.4,1471.4,25.6,2022-03-18,1471.4,0.4375578168362627,0.6198915009041591,3.3457000009999973,0,0,3.3457000009999973,TRUE,FALSE,TRUE
44638_MI_Soil_4,surface,soil,MI,Picarro,Soil 6 in,FALSE,182.4,1.4714,29.004833335,2022-03-18,324.3,3871,26.6,182.4,1471.4,26.6,2022-03-18,1471.4,0.4375578168362627,0.6198915009041591,2.4048333349999993,0,0,2.4048333349999993,TRUE,FALSE,TRUE
44638_MI_Soil_5,surface,soil,MI,Picarro,Soil 6 in,FALSE,182.4,1.4714,29.123100002999998,2022-03-18,324.3,3871,26.6,182.4,1471.4,26.6,2022-03-18,1471.4,0.4375578168362627,0.6198915009041591,2.523100002999996,0,0,2.523100002999996,TRUE,FALSE,TRUE
44638_MI_Soil_6,surface,soil,MI,Picarro,Soil 6 in,FALSE,182.4,1.4714,29.149488891999997,2022-03-18,324.3,3871,26.6,182.4,1471.4,26.6,2022-03-18,1471.4,0.4375578168362627,0.6198915009041591,2.549488891999996,0,0,2.549488891999996,TRUE,FALSE,TRUE
44638_MI_Soil_7,surface,soil,MI,Picarro,Soil 6 in,FALSE,182.4,1.4714,29.127244446,2022-03-18,324.3,3871,26.6,182.4,1471.4,26.6,2022-03-18,1471.4,0.4375578168362627,0.6198915009041591,2.5272444459999974,0,0,2.5272444459999974,TRUE,FALSE,TRUE
44638_MI_Soil_8,surface,soil,MI,Picarro,Soil 6 in,FALSE,182.4,1.4714,29.092288888,2022-03-18,324.3,3871,26.6,182.4,1471.4,26.6,2022-03-18,1471.4,0.4375578168362627,0.6198915009041591,2.4922888879999974,0,0,2.4922888879999974,TRUE,FALSE,TRUE
44638_MI_Soil_9,surface,soil,MI,Picarro,Soil 6 in,FALSE,182.4,1.4714,29.076399998,2022-03-18,324.3,3871,26.6,182.4,1471.4,26.6,2022-03-18,1471.4,0.4375578168362627,0.6198915009041591,2.476399997999998,0,0,2.476399997999998,TRUE,FALSE,TRUE
44638_MI_Soil_10,surface,soil,MI,Picarro,Soil 6 in,FALSE,182.4,1.4714,29.060511108,2022-03-18,324.3,3871,26.6,182.4,1471.4,26.6,2022-03-18,1471.4,0.4375578168362627,0.6198915009041591,2.4605111079999986,0,0,2.4605111079999986,TRUE,FALSE,TRUE
44639_RB10_Soil_11,surface,soil,RB10,LGR3,Soil 6 in,FALSE,182.4,2.014,27.769766667,2022-03-19,182.4,2014,29.6,182.4,2014,29.6,2022-03-19,2013.9999999999998,0,1.1289656178909238e-16,1.8302333330000025,0,1.1289656178909238e-16,1.8302333330000025,TRUE,FALSE,TRUE
44639_RB10_Soil_12,surface,soil,RB10,LGR3,Soil 6 in,FALSE,182.4,2.014,27.99275,2022-03-19,182.4,2014,29.6,182.4,2014,29.6,2022-03-19,2013.9999999999998,0,1.1289656178909238e-16,1.6072500000000005,0,1.1289656178909238e-16,1.6072500000000005,TRUE,FALSE,TRUE
44639_RB10_Soil_13,surface,soil,RB10,LGR3,Soil 6 in,FALSE,182.4,2.014,28.058899999999998,2022-03-19,182.4,2014,29.6,182.4,2014,29.6,2022-03-19,2013.9999999999998,0,1.1289656178909238e-16,1.5411000000000037,0,1.1289656178909238e-16,1.5411000000000037,TRUE,FALSE,TRUE
44639_RB10_Soil_14,surface,soil,RB10,LGR3,Soil 6 in,FALSE,182.4,2.014,28.14395,2022-03-19,182.4,2014,29.6,182.4,2014,29.6,2022-03-19,2013.9999999999998,0,1.1289656178909238e-16,1.4560500000000012,0,1.1289656178909238e-16,1.4560500000000012,TRUE,FALSE,TRUE
44639_RB10_Soil_15,surface,soil,RB10,LGR3,Soil 6 in,FALSE,182.4,2.014,28.3235,2022-03-19,182.4,2014,29.6,182.4,2014,29.6,2022-03-19,2013.9999999999998,0,1.1289656178909238e-16,1.2765000000000022,0,1.1289656178909238e-16,1.2765000000000022,TRUE,FALSE,TRUE
44639_RB10_Soil_16,surface,soil,RB10,LGR3,Soil 6 in,FALSE,182.4,2.014,28.84064833135,2022-03-19,182.4,2014,29.6,182.4,2014,29.6,2022-03-19,2013.9999999999998,0,1.1289656178909238e-16,0.7593516686500017,0,1.1289656178909238e-16,0.7593516686500017,TRUE,FALSE,TRUE
44639_RB10_Soil_17,surface,soil,RB10,LGR3,Soil 6 in,FALSE,182.4,2.014,28.891555553333333,2022-03-19,182.4,2014,29.6,182.4,2014,29.6,2022-03-19,2013.9999999999998,0,1.1289656178909238e-16,0.7084444466666682,0,1.1289656178909238e-16,0.7084444466666682,TRUE,FALSE,TRUE
44639_RB10_Soil_18,surface,soil,RB10,LGR3,Soil 6 in,FALSE,182.4,2.014,29.11965147818889,2022-03-19,182.4,2014,29.6,182.4,2014,29.6,2022-03-19,2013.9999999999998,0,1.1289656178909238e-16,0.48034852181111276,0,1.1289656178909238e-16,0.48034852181111276,TRUE,FALSE,TRUE
44639_RB10_Soil_19,surface,soil,RB10,LGR3,Soil 6 in,FALSE,182.4,2.014,29.158309626855555,2022-03-19,182.4,2014,29.6,182.4,2014,29.6,2022-03-19,2013.9999999999998,0,1.1289656178909238e-16,0.44169037314444637,0,1.1289656178909238e-16,0.44169037314444637,TRUE,FALSE,TRUE
44639_RB10_Soil_20,surface,soil,RB10,LGR3,Soil 6 in,FALSE,182.4,2.014,29.18540740513889,2022-03-19,182.4,2014,29.6,182.4,2014,29.6,2022-03-19,2013.9999999999998,0,1.1289656178909238e-16,0.4145925948611122,0,1.1289656178909238e-16,0.4145925948611122,TRUE,FALSE,TRUE
Mar_22_T1_1_RB10_stem,tree,stem,RB10,Picarro,R2,TRUE,NA,NA,23.030600003333333,2022-03-19,NA,NA,29.6,NA,NA,29.6,2022-03-19,NA,NA,NA,6.569399996666668,NA,NA,6.569399996666668,TRUE,FALSE,TRUE
Mar_22_T1_2_RB10_stem,tree,stem,RB10,Picarro,R2,TRUE,NA,NA,23.28896667,2022-03-19,NA,NA,29.6,NA,NA,29.6,2022-03-19,NA,NA,NA,6.311033330000001,NA,NA,6.311033330000001,TRUE,FALSE,TRUE
Mar_22_T1_3_RB10_root,tree,root,RB10,Picarro,small root chamber,TRUE,NA,NA,23.62516667,2022-03-19,NA,NA,29.6,NA,NA,29.6,2022-03-19,NA,NA,NA,5.974833330000003,NA,NA,5.974833330000003,TRUE,FALSE,TRUE
Mar_22_T1_4_RB10_root,tree,root,RB10,Picarro,small root chamber,TRUE,NA,NA,23.766333336666666,2022-03-19,NA,NA,29.6,NA,NA,29.6,2022-03-19,NA,NA,NA,5.833666663333336,NA,NA,5.833666663333336,TRUE,FALSE,TRUE
Mar_22_T1_5_RB10_root,tree,root,RB10,Picarro,small root chamber,TRUE,NA,NA,23.86716667,2022-03-19,NA,NA,29.6,NA,NA,29.6,2022-03-19,NA,NA,NA,5.732833330000002,NA,NA,5.732833330000002,TRUE,FALSE,TRUE
Mar_22_T1_6_RB10_stem,tree,stem,RB10,Picarro,NA,TRUE,NA,NA,25.39733333,2022-03-19,NA,NA,29.6,NA,NA,29.6,2022-03-19,NA,NA,NA,4.202666670000003,NA,NA,4.202666670000003,TRUE,FALSE,TRUE
Mar_22_T1_7_RB10_stem,tree,stem,RB10,Picarro,NA,TRUE,NA,NA,25.955911108666665,2022-03-19,NA,NA,29.6,NA,NA,29.6,2022-03-19,NA,NA,NA,3.644088891333336,NA,NA,3.644088891333336,TRUE,FALSE,TRUE
Mar_22_T1_8_RB10_stem,tree,stem,RB10,Picarro,NA,TRUE,NA,NA,26.541155555666666,2022-03-19,NA,NA,29.6,NA,NA,29.6,2022-03-19,NA,NA,NA,3.058844444333335,NA,NA,3.058844444333335,TRUE,FALSE,TRUE
Mar_22_T1_9_FLM30_stem,tree,stem,FLM30,LGR3,C,FALSE,213.35,1.4406016666666668,23.237349999,2022-03-21,213.35,1440.6016666666667,26.6,213.35,1440.6016666666667,26.6,2022-03-21,1440.6016666666667,0,0,3.362650001000002,0,0,3.362650001000002,TRUE,FALSE,TRUE
Mar_22_T1_10_FLM30_stem,tree,stem,FLM30,LGR3,C,FALSE,213.35,1.4406016666666668,23.504672219666666,2022-03-21,213.35,1440.6016666666667,26.8,213.35,1440.6016666666667,26.8,2022-03-21,1440.6016666666667,0,0,3.2953277803333343,0,0,3.2953277803333343,TRUE,FALSE,TRUE
Mar_22_T1_11_FLM30_stem,tree,stem,FLM30,LGR3,C,FALSE,213.35,1.4406016666666668,23.745823701377777,2022-03-21,213.35,1440.6016666666667,26.9,213.35,1440.6016666666667,26.9,2022-03-21,1440.6016666666667,0,0,3.1541762986222217,0,0,3.1541762986222217,TRUE,FALSE,TRUE
Mar_22_T1_12_FLM30_stem,tree,stem,FLM30,LGR3,C,FALSE,213.35,1.4406016666666668,24.41066667,2022-03-21,213.35,1440.6016666666667,27,213.35,1440.6016666666667,27,2022-03-21,1440.6016666666667,0,0,2.5893333299999988,0,0,2.5893333299999988,TRUE,FALSE,TRUE
Mar_22_T1_13_FLM30_stem,tree,stem,FLM30,LGR3,C,FALSE,213.35,1.4406016666666668,24.858000003333334,2022-03-21,213.35,1440.6016666666667,27.1,213.35,1440.6016666666667,27.1,2022-03-21,1440.6016666666667,0,0,2.2419999966666673,0,0,2.2419999966666673,TRUE,FALSE,TRUE
Mar_22_T1_14_FLM30_stem,tree,stem,FLM30,LGR3,C,FALSE,213.35,1.4406016666666668,25.148733336666666,2022-03-21,213.35,1440.6016666666667,26.9,213.35,1440.6016666666667,26.9,2022-03-21,1440.6016666666667,0,0,1.7512666633333325,0,0,1.7512666633333325,TRUE,FALSE,TRUE
Mar_22_T1_15_FLM30_stem,tree,stem,FLM30,LGR3,B,FALSE,107.68,0.7949955555555555,25.773600003333332,2022-03-21,107.68,794.9955555555555,27.5,107.68,794.9955555555555,27.5,2022-03-21,794.9955555555555,0,0,1.726399996666668,0,0,1.726399996666668,TRUE,FALSE,TRUE
Mar_22_T1_16_FLM30_stem,tree,stem,FLM30,LGR3,B,FALSE,107.68,0.7949955555555555,26.245800003333333,2022-03-21,107.68,794.9955555555555,28.6,107.68,794.9955555555555,28.6,2022-03-21,794.9955555555555,0,0,2.3541999966666687,0,0,2.3541999966666687,TRUE,FALSE,TRUE
Mar_22_T1_17_FLM30_stem,tree,stem,FLM30,LGR3,B,FALSE,107.68,0.7949955555555555,26.673133334,2022-03-21,107.68,794.9955555555555,28.6,107.68,794.9955555555555,28.6,2022-03-21,794.9955555555555,0,0,1.9268666660000022,0,0,1.9268666660000022,TRUE,FALSE,TRUE
Mar_22_T1_18_FLM30_stem,tree,stem,FLM30,LGR3,B,FALSE,107.68,0.7949955555555555,27.042444442,2022-03-21,107.68,794.9955555555555,29.6,107.68,794.9955555555555,29.6,2022-03-21,794.9955555555555,0,0,2.5575555580000007,0,0,2.5575555580000007,TRUE,FALSE,TRUE
Mar_22_T1_19_FLM30_stem,tree,stem,FLM30,LGR3,B,FALSE,107.68,0.7949955555555555,27.128666666,2022-03-21,107.68,794.9955555555555,27.4,107.68,794.9955555555555,27.4,2022-03-21,794.9955555555555,0,0,0.2713333339999977,0,0,0.2713333339999977,TRUE,FALSE,TRUE
Mar_22_T1_20_FLM30_stem,tree,stem,FLM30,LGR3,B,FALSE,107.68,0.7949955555555555,27.154700000000002,2022-03-21,107.68,794.9955555555555,27.6,107.68,794.9955555555555,27.6,2022-03-21,794.9955555555555,0,0,0.4452999999999996,0,0,0.4452999999999996,TRUE,FALSE,TRUE
Mar_22_T1_21_FLM30_stem,tree,stem,FLM30,LGR3,B,FALSE,107.68,0.7949955555555555,27.1286,2022-03-21,107.68,794.9955555555555,30.6,107.68,794.9955555555555,30.6,2022-03-21,794.9955555555555,0,0,3.4714000000000027,0,0,3.4714000000000027,TRUE,FALSE,TRUE
Mar_22_T1_22_FLM30_stem,tree,stem,FLM30,LGR3,B,FALSE,107.68,0.7949955555555555,27.162888889999998,2022-03-21,107.68,794.9955555555555,29.9,107.68,794.9955555555555,29.9,2022-03-21,794.9955555555555,0,0,2.7371111100000007,0,0,2.7371111100000007,TRUE,FALSE,TRUE
Mar_22_T1_23_FLM30_stem,tree,stem,FLM30,LGR3,B,FALSE,107.68,0.7949955555555555,27.241133335999997,2022-03-21,107.68,794.9955555555555,27.6,107.68,794.9955555555555,27.6,2022-03-21,794.9955555555555,0,0,0.3588666640000042,0,0,0.3588666640000042,TRUE,FALSE,TRUE
Mar_22_T1_24_SRS6_stem,tree,stem,SRS6,LGR3,B,FALSE,107.68,0.7949955555555555,27.61376667,2022-03-22,107.68,794.9955555555555,29.3,107.68,794.9955555555555,29.3,2022-03-22,794.9955555555555,0,0,1.6862333300000003,0,0,1.6862333300000003,TRUE,FALSE,TRUE
Mar_22_T1_25_SRS6_stem,tree,stem,SRS6,LGR3,B,FALSE,107.68,0.7949955555555555,27.66066667,2022-03-22,107.68,794.9955555555555,27.6,107.68,794.9955555555555,27.6,2022-03-22,794.9955555555555,0,0,0.06066666999999981,0,0,0.06066666999999981,TRUE,FALSE,TRUE
Mar_22_T1_26_SRS6_stem,tree,stem,SRS6,LGR3,B,FALSE,107.68,0.7949955555555555,27.720500003333335,2022-03-22,107.68,794.9955555555555,28.45,107.68,794.9955555555555,28.450000000000003,2022-03-22,794.9955555555555,0,0,0.7294999966666644,0,0,0.729499996666668,TRUE,FALSE,TRUE
Mar_22_T1_27_SRS6_CWD,tree,CWD,SRS6,LGR3,RA,TRUE,NA,NA,27.673200003333335,2022-03-22,NA,NA,27.9166666666667,NA,NA,27.916666666666668,2022-03-22,NA,NA,NA,0.24346666333336486,NA,NA,0.2434666633333329,TRUE,FALSE,TRUE
Mar_22_T1_28_SRS6_stem,tree,stem,SRS6,LGR3,B,FALSE,107.68,0.7949955555555555,27.595000003333332,2022-03-22,107.68,794.9955555555555,27.8083333333333,107.68,794.9955555555555,27.808333333333337,2022-03-22,794.9955555555555,0,0,0.21333332999996912,0,0,0.21333333000000465,TRUE,FALSE,TRUE
Mar_22_T1_29_SRS6_stem,tree,stem,SRS6,LGR3,B,FALSE,107.68,0.7949955555555555,27.54250000333333,2022-03-22,107.68,794.9955555555555,27.7,107.68,794.9955555555555,27.7,2022-03-22,794.9955555555555,0,0,0.1574999966666688,0,0,0.1574999966666688,TRUE,FALSE,TRUE
Mar_22_T1_30_SRS6_stem,tree,stem,SRS6,LGR3,B,FALSE,107.68,0.7949955555555555,27.50166667,2022-03-22,107.68,794.9955555555555,27.7541666666667,107.68,794.9955555555555,27.754166666666663,2022-03-22,794.9955555555555,0,0,0.25249999666669964,0,0,0.2524999966666641,TRUE,FALSE,TRUE
Mar_22_T1_31_SRS6_root,tree,root,SRS6,LGR3,B,FALSE,107.68,0.7949955555555555,27.524555558333333,2022-03-22,107.68,794.9955555555555,27.7541666666667,107.68,794.9955555555555,27.754166666666663,2022-03-22,794.9955555555555,0,0,0.22961110833336562,0,0,0.2296111083333301,TRUE,FALSE,TRUE
Mar_22_T1_32_SRS6_stem,tree,stem,SRS6,Picarro,B,FALSE,107.68,0.8019955555555555,26.363833333333332,2022-03-22,107.68,801.9955555555555,25.5,107.68,801.9955555555555,25.5,2022-03-22,801.9955555555555,0,0,0.8638333333333321,0,0,0.8638333333333321,TRUE,FALSE,TRUE
Mar_22_T1_33_SRS6_stem,tree,stem,SRS6,Picarro,C,FALSE,213.35,1.4476016666666667,26.7535,2022-03-22,213.35,1447.6016666666667,29,213.35,1447.6016666666667,29,2022-03-22,1447.6016666666667,0,0,2.246500000000001,0,0,2.246500000000001,TRUE,FALSE,TRUE
Mar_22_T1_34_SRS6_stem,tree,stem,SRS6,Picarro,C,FALSE,213.35,1.4476016666666667,27.03183333333333,2022-03-22,213.35,1447.6016666666667,28.6,213.35,1447.6016666666667,28.6,2022-03-22,1447.6016666666667,0,0,1.56816666666667,0,0,1.56816666666667,TRUE,FALSE,TRUE
Mar_22_T1_35_SRS6_stem,tree,stem,SRS6,Picarro,C,FALSE,213.35,1.4476016666666667,27.482333333333333,2022-03-22,213.35,1447.6016666666667,28.9,213.35,1447.6016666666667,28.9,2022-03-22,1447.6016666666667,0,0,1.4176666666666655,0,0,1.4176666666666655,TRUE,FALSE,TRUE
Mar_22_T1_36_SRS6_stem,tree,stem,SRS6,Picarro,C,FALSE,213.35,1.4476016666666667,27.638,2022-03-22,213.35,1447.6016666666667,30.1,213.35,1447.6016666666667,30.1,2022-03-22,1447.6016666666667,0,0,2.4619999999999997,0,0,2.4619999999999997,TRUE,FALSE,TRUE
Mar_22_T1_37_SRS6_stem,tree,stem,SRS6,Picarro,C,FALSE,213.35,1.4476016666666667,27.557666666666666,2022-03-22,213.35,1447.6016666666667,30.3,213.35,1447.6016666666667,30.3,2022-03-22,1447.6016666666667,0,0,2.7423333333333346,0,0,2.7423333333333346,TRUE,FALSE,TRUE
Mar_22_T1_38_SRS6_stem,tree,stem,SRS6,Picarro,C,FALSE,213.35,1.4476016666666667,27.427255556333332,2022-03-22,213.35,1447.6016666666667,30.1,213.35,1447.6016666666667,30.1,2022-03-22,1447.6016666666667,0,0,2.6727444436666694,0,0,2.6727444436666694,TRUE,FALSE,TRUE
Mar_22_T1_39_SRS6_stem,tree,stem,SRS6,Picarro,C,FALSE,213.35,1.4476016666666667,27.505055558333332,2022-03-22,213.35,1447.6016666666667,26,213.35,1447.6016666666667,26,2022-03-22,1447.6016666666667,0,0,1.505055558333332,0,0,1.505055558333332,TRUE,FALSE,TRUE
Mar_22_T1_44_FLM30_stem,tree,stem,FLM30,LGR3,B,FALSE,107.68,0.7949955555555555,28.057866668,2022-03-23,107.68,794.9955555555555,29.8,107.68,794.9955555555555,29.8,2022-03-23,794.9955555555555,0,0,1.7421333320000016,0,0,1.7421333320000016,TRUE,FALSE,TRUE
Mar_22_T1_45_FLM30_stem,tree,stem,FLM30,LGR3,B,FALSE,107.68,0.7949955555555555,28.21812777983333,2022-03-23,107.68,794.9955555555555,31.4,107.68,794.9955555555555,31.4,2022-03-23,794.9955555555555,0,0,3.1818722201666674,0,0,3.1818722201666674,TRUE,FALSE,TRUE
Mar_22_T1_40_FLM30_stem,tree,stem,FLM30,LGR3,B,FALSE,107.68,0.7949955555555555,28.267438891166666,2022-03-23,107.68,794.9955555555555,30.6,107.68,794.9955555555555,30.6,2022-03-23,794.9955555555555,0,0,2.3325611088333353,0,0,2.3325611088333353,TRUE,FALSE,TRUE
Mar_22_T1_41_FLM30_stem,tree,stem,FLM30,LGR3,B,FALSE,107.68,0.7949955555555555,28.562444446666667,2022-03-23,107.68,794.9955555555555,31.9,107.68,794.9955555555555,31.9,2022-03-23,794.9955555555555,0,0,3.337555553333331,0,0,3.337555553333331,TRUE,FALSE,TRUE
Mar_22_T1_42_FLM30_stem,tree,stem,FLM30,LGR3,B,FALSE,107.68,0.7949955555555555,28.714388888333332,2022-03-23,107.68,794.9955555555555,30.5,107.68,794.9955555555555,30.5,2022-03-23,794.9955555555555,0,0,1.7856111116666682,0,0,1.7856111116666682,TRUE,FALSE,TRUE
Mar_22_T1_43_FLM30_stem,tree,stem,FLM30,LGR3,B,FALSE,107.68,0.7949955555555555,28.949888886666667,2022-03-23,107.68,794.9955555555555,30.2,107.68,794.9955555555555,30.2,2022-03-23,794.9955555555555,0,0,1.2501111133333325,0,0,1.2501111133333325,TRUE,FALSE,TRUE
Mar_22_T1_46_FLM30_stem,tree,stem,FLM30,LGR3,B,FALSE,107.68,0.7949955555555555,29.423744446999997,2022-03-23,107.68,794.9955555555555,31.3,107.68,794.9955555555555,31.3,2022-03-23,794.9955555555555,0,0,1.8762555530000036,0,0,1.8762555530000036,TRUE,FALSE,TRUE
Mar_22_T1_47_FLM30_stem,tree,stem,FLM30,LGR3,B,FALSE,107.68,0.7949955555555555,29.495844446,2022-03-23,107.68,794.9955555555555,28.8,107.68,794.9955555555555,28.8,2022-03-23,794.9955555555555,0,0,0.6958444459999988,0,0,0.6958444459999988,TRUE,FALSE,TRUE
Mar_22_T1_48_FLM30_stem,tree,stem,FLM30,LGR3,B,FALSE,107.68,0.7949955555555555,29.5799611115,2022-03-23,107.68,794.9955555555555,30.4,107.68,794.9955555555555,30.4,2022-03-23,794.9955555555555,0,0,0.8200388884999974,0,0,0.8200388884999974,TRUE,FALSE,TRUE
Mar_22_T1_49_FLM30_stem,tree,stem,FLM30,LGR3,B,FALSE,107.68,0.7949955555555555,29.5135,2022-03-23,107.68,794.9955555555555,30.9,107.68,794.9955555555555,30.9,2022-03-23,794.9955555555555,0,0,1.386499999999998,0,0,1.386499999999998,TRUE,FALSE,TRUE
Mar_22_T1_50_FLM30_stem,tree,stem,FLM30,LGR3,B,FALSE,107.68,0.7949955555555555,29.432555555,2022-03-23,107.68,794.9955555555555,31,107.68,794.9955555555555,31,2022-03-23,794.9955555555555,0,0,1.5674444449999996,0,0,1.5674444449999996,TRUE,FALSE,TRUE
Mar_22_T1_51_FLM30_stem,tree,stem,FLM30,LGR3,B,FALSE,107.68,0.7949955555555555,29.335488887,2022-03-23,107.68,794.9955555555555,31,107.68,794.9955555555555,31,2022-03-23,794.9955555555555,0,0,1.6645111129999997,0,0,1.6645111129999997,TRUE,FALSE,TRUE
44643_FLM30_Soil_21,surface,soil,FLM30,LGR3,Soil 6 in,FALSE,182.4,1.4644000000000001,29.1475,2022-03-23,324.3,3864,31,182.4,1464.4,31,2022-03-23,1464.4,0.4375578168362627,0.6210144927536232,1.8524999999999991,0,0,1.8524999999999991,TRUE,FALSE,TRUE
44643_FLM30_Soil_22,surface,soil,FLM30,LGR3,Soil 6 in,FALSE,182.4,1.4644000000000001,29.11482685316667,2022-03-23,324.3,3864,31,182.4,1464.4,31,2022-03-23,1464.4,0.4375578168362627,0.6210144927536232,1.8851731468333313,0,0,1.8851731468333313,TRUE,FALSE,TRUE
44643_FLM30_Soil_23,surface,soil,FLM30,LGR3,Soil 6 in,FALSE,182.4,1.4644000000000001,29.095959261333334,2022-03-23,324.3,3864,31,182.4,1464.4,31,2022-03-23,1464.4,0.4375578168362627,0.6210144927536232,1.9040407386666658,0,0,1.9040407386666658,TRUE,FALSE,TRUE
44643_FLM30_Soil_24,surface,soil,FLM30,LGR3,Soil 6 in,FALSE,182.4,1.4644000000000001,29.0770916695,2022-03-23,324.3,3864,31,182.4,1464.4,31,2022-03-23,1464.4,0.4375578168362627,0.6210144927536232,1.9229083305000003,0,0,1.9229083305000003,TRUE,FALSE,TRUE
44643_FLM30_Soil_25,surface,soil,FLM30,LGR3,Soil 6 in,FALSE,182.4,1.4644000000000001,29.05869444777778,2022-03-23,324.3,3864,31,182.4,1464.4,31,2022-03-23,1464.4,0.4375578168362627,0.6210144927536232,1.9413055522222216,0,0,1.9413055522222216,TRUE,FALSE,TRUE
44643_FLM30_Soil_26,surface,soil,FLM30,LGR3,Soil 6 in,FALSE,182.4,1.4644000000000001,29.005900003333334,2022-03-23,324.3,3864,31,182.4,1464.4,31,2022-03-23,1464.4,0.4375578168362627,0.6210144927536232,1.994099996666666,0,0,1.994099996666666,TRUE,FALSE,TRUE
44643_FLM30_Soil_27,surface,soil,FLM30,LGR3,Soil 6 in,FALSE,182.4,1.4644000000000001,28.994433336666667,2022-03-23,324.3,3864,31,182.4,1464.4,31,2022-03-23,1464.4,0.4375578168362627,0.6210144927536232,2.005566663333333,0,0,2.005566663333333,TRUE,FALSE,TRUE
44643_FLM30_Soil_28,surface,soil,FLM30,LGR3,Soil 6 in,FALSE,182.4,1.4644000000000001,28.98511667,2022-03-23,324.3,3864,31,182.4,1464.4,31,2022-03-23,1464.4,0.4375578168362627,0.6210144927536232,2.01488333,0,0,2.01488333,TRUE,FALSE,TRUE
44643_FLM30_Soil_29,surface,soil,FLM30,LGR3,Soil 6 in,FALSE,182.4,1.4644000000000001,28.972083336666667,2022-03-23,324.3,3864,31,182.4,1464.4,31,2022-03-23,1464.4,0.4375578168362627,0.6210144927536232,2.0279166633333325,0,0,2.0279166633333325,TRUE,FALSE,TRUE
44643_FLM30_Soil_30,surface,soil,FLM30,LGR3,Soil 6 in,FALSE,182.4,1.4644000000000001,28.948383336666666,2022-03-23,324.3,3864,31,182.4,1464.4,31,2022-03-23,1464.4,0.4375578168362627,0.6210144927536232,2.051616663333334,0,0,2.051616663333334,TRUE,FALSE,TRUE
Mar_22_T1_52_FLM30_stem,tree,stem,FLM30,Picarro,C,FALSE,213.35,1.4476016666666667,25.853111114333334,2022-03-23,213.35,1447.6016666666667,30.6,213.35,1447.6016666666667,30.6,2022-03-23,1447.6016666666667,0,0,4.746888885666667,0,0,4.746888885666667,TRUE,FALSE,TRUE
Mar_22_T1_53_FLM30_stem,tree,stem,FLM30,Picarro,C,FALSE,213.35,1.4476016666666667,26.275111112333335,2022-03-23,213.35,1447.6016666666667,30.5,213.35,1447.6016666666667,30.5,2022-03-23,1447.6016666666667,0,0,4.2248888876666655,0,0,4.2248888876666655,TRUE,FALSE,TRUE
Mar_22_T1_54_FLM30_stem,tree,stem,FLM30,Picarro,C,FALSE,213.35,1.4476016666666667,26.585900000000002,2022-03-23,213.35,1447.6016666666667,30.7,213.35,1447.6016666666667,30.7,2022-03-23,1447.6016666666667,0,0,4.114099999999997,0,0,4.114099999999997,TRUE,FALSE,TRUE
Mar_22_T1_55_FLM30_stem,tree,stem,FLM30,Picarro,C,FALSE,213.35,1.4476016666666667,26.920933333333334,2022-03-23,213.35,1447.6016666666667,30.2,213.35,1447.6016666666667,30.2,2022-03-23,1447.6016666666667,0,0,3.2790666666666652,0,0,3.2790666666666652,TRUE,FALSE,TRUE
Mar_22_T1_56_FLM30_stem,tree,stem,FLM30,Picarro,C,FALSE,213.35,1.4476016666666667,27.190022223,2022-03-23,213.35,1447.6016666666667,30.3,213.35,1447.6016666666667,30.3,2022-03-23,1447.6016666666667,0,0,3.109977777000001,0,0,3.109977777000001,TRUE,FALSE,TRUE
Mar_22_T1_57_FLM30_stem,tree,stem,FLM30,Picarro,C,FALSE,213.35,1.4476016666666667,27.482644447000002,2022-03-23,213.35,1447.6016666666667,28.8,213.35,1447.6016666666667,28.8,2022-03-23,1447.6016666666667,0,0,1.3173555529999987,0,0,1.3173555529999987,TRUE,FALSE,TRUE
Mar_22_T1_58_FLM30_CWD,tree,CWD,FLM30,Picarro,RA,TRUE,NA,NA,27.756955555666668,2022-03-23,NA,NA,31,NA,NA,31,2022-03-23,NA,NA,NA,3.243044444333332,NA,NA,3.243044444333332,TRUE,FALSE,TRUE
Mar_22_T1_60_FLM30_pneumatophore,tree,pneumatophore,FLM30,Picarro,pneumatophore,TRUE,NA,NA,28.817711108666668,2022-03-23,NA,NA,30.8666666666667,NA,NA,30.866666666666667,2022-03-23,NA,NA,NA,2.0489555580000314,NA,NA,2.0489555579999994,TRUE,FALSE,TRUE
Mar_22_T1_61_FLM30_pneumatophore,tree,pneumatophore,FLM30,Picarro,pneumatophore,TRUE,NA,NA,28.966599998,2022-03-23,NA,NA,30.5222222222222,NA,NA,30.522222222222226,2022-03-23,NA,NA,NA,1.5556222242222013,NA,NA,1.5556222242222262,TRUE,FALSE,TRUE
Mar_22_T1_59_FLM30_pneumatophore,tree,pneumatophore,FLM30,Picarro,pneumatophore,TRUE,NA,NA,29.03886667,2022-03-23,NA,NA,31,NA,NA,31,2022-03-23,NA,NA,NA,1.9611333299999991,NA,NA,1.9611333299999991,TRUE,FALSE,TRUE
Mar_22_T1_79_BL60_stem,tree,stem,BL60,LGR3,B,FALSE,107.68,0.7949955555555555,29.160900001,2022-03-24,107.68,794.9955555555555,33.4,107.68,794.9955555555555,33.4,2022-03-24,794.9955555555555,0,0,4.239099998999997,0,0,4.239099998999997,TRUE,FALSE,TRUE
Mar_22_T1_80_BL60_stem,tree,stem,BL60,LGR3,B,FALSE,107.68,0.7949955555555555,29.191438891166666,2022-03-24,107.68,794.9955555555555,27.3,107.68,794.9955555555555,27.3,2022-03-24,794.9955555555555,0,0,1.8914388911666649,0,0,1.8914388911666649,TRUE,FALSE,TRUE
Mar_22_T1_81_BL60_stem,tree,stem,BL60,LGR3,B,FALSE,107.68,0.7949955555555555,29.43616667,2022-03-24,107.68,794.9955555555555,33.9,107.68,794.9955555555555,33.9,2022-03-24,794.9955555555555,0,0,4.46383333,0,0,4.46383333,TRUE,FALSE,TRUE
Mar_22_T1_82_BL60_stem,tree,stem,BL60,LGR3,B,FALSE,107.68,0.7949955555555555,29.545916669999997,2022-03-24,107.68,794.9955555555555,32.4,107.68,794.9955555555555,32.4,2022-03-24,794.9955555555555,0,0,2.8540833300000017,0,0,2.8540833300000017,TRUE,FALSE,TRUE
Mar_22_T1_83_BL60_stem,tree,stem,BL60,LGR3,R2,TRUE,NA,NA,29.56846667,2022-03-24,NA,NA,33.3,NA,NA,33.3,2022-03-24,NA,NA,NA,3.7315333299999978,NA,NA,3.7315333299999978,TRUE,FALSE,TRUE
Mar_22_T1_78_BL60_stem,tree,stem,BL60,LGR3,B,FALSE,107.68,0.7949955555555555,29.645750003333333,2022-03-24,107.68,794.9955555555555,32.6,107.68,794.9955555555555,32.6,2022-03-24,794.9955555555555,0,0,2.954249996666668,0,0,2.954249996666668,TRUE,FALSE,TRUE
44644_BL60_Soil_31,surface,soil,BL60,LGR3,Soil 6 in,FALSE,182.4,1.4644000000000001,29.660250003333335,2022-03-24,324.3,3864,32.95,182.4,1464.4,32.95,2022-03-24,1464.4,0.4375578168362627,0.6210144927536232,3.289749996666668,0,0,3.289749996666668,TRUE,FALSE,TRUE
44644_BL60_Soil_32,surface,soil,BL60,LGR3,Soil 6 in,FALSE,182.4,1.4644000000000001,29.68441667,2022-03-24,324.3,3864,32.6,182.4,1464.4,32.6,2022-03-24,1464.4,0.4375578168362627,0.6210144927536232,2.9155833300000005,0,0,2.9155833300000005,TRUE,FALSE,TRUE
44644_BL60_Soil_33,surface,soil,BL60,LGR3,Soil 6 in,FALSE,182.4,1.4644000000000001,29.672922225166666,2022-03-24,324.3,3864,32.6,182.4,1464.4,32.6,2022-03-24,1464.4,0.4375578168362627,0.6210144927536232,2.927077774833336,0,0,2.927077774833336,TRUE,FALSE,TRUE
44644_BL60_Soil_34,surface,soil,BL60,LGR3,Soil 6 in,FALSE,182.4,1.4644000000000001,29.648822224666667,2022-03-24,324.3,3864,32.6,182.4,1464.4,32.6,2022-03-24,1464.4,0.4375578168362627,0.6210144927536232,2.951177775333335,0,0,2.951177775333335,TRUE,FALSE,TRUE
44644_BL60_Soil_35,surface,soil,BL60,LGR3,Soil 6 in,FALSE,182.4,1.4644000000000001,29.6193666685,2022-03-24,324.3,3864,32.6,182.4,1464.4,32.6,2022-03-24,1464.4,0.4375578168362627,0.6210144927536232,2.9806333315000018,0,0,2.9806333315000018,TRUE,FALSE,TRUE
44644_BL60_Soil_36,surface,soil,BL60,LGR3,Soil 6 in,FALSE,182.4,1.4644000000000001,29.584555556666665,2022-03-24,324.3,3864,32.6,182.4,1464.4,32.6,2022-03-24,1464.4,0.4375578168362627,0.6210144927536232,3.0154444433333367,0,0,3.0154444433333367,TRUE,FALSE,TRUE
44644_BL60_Soil_37,surface,soil,BL60,LGR3,Soil 6 in,FALSE,182.4,1.4644000000000001,29.549744444833333,2022-03-24,324.3,3864,32.6,182.4,1464.4,32.6,2022-03-24,1464.4,0.4375578168362627,0.6210144927536232,3.050255555166668,0,0,3.050255555166668,TRUE,FALSE,TRUE
44644_BL60_Soil_38,surface,soil,BL60,LGR3,Soil 6 in,FALSE,182.4,1.4644000000000001,29.4980277775,2022-03-24,324.3,3864,32.6,182.4,1464.4,32.6,2022-03-24,1464.4,0.4375578168362627,0.6210144927536232,3.1019722225000024,0,0,3.1019722225000024,TRUE,FALSE,TRUE
44644_BL60_Soil_39,surface,soil,BL60,LGR3,Soil 6 in,FALSE,182.4,1.4644000000000001,29.4188944435,2022-03-24,324.3,3864,32.6,182.4,1464.4,32.6,2022-03-24,1464.4,0.4375578168362627,0.6210144927536232,3.1811055565000004,0,0,3.1811055565000004,TRUE,FALSE,TRUE
44644_BL60_Soil_40,surface,soil,BL60,LGR3,Soil 6 in,FALSE,182.4,1.4644000000000001,29.333166665,2022-03-24,324.3,3864,30.5,182.4,1464.4,30.5,2022-03-24,1464.4,0.4375578168362627,0.6210144927536232,1.1668333349999997,0,0,1.1668333349999997,TRUE,FALSE,TRUE
Mar_22_T1_84_BL60_pneumatophore,tree,pneumatophore,BL60,LGR3,pneumatophore,TRUE,NA,NA,28.8957933359,2022-03-24,NA,NA,30.5,NA,NA,30.5,2022-03-24,NA,NA,NA,1.6042066641000012,NA,NA,1.6042066641000012,TRUE,FALSE,TRUE
Mar_22_T1_85_BL60_pneumatophore,tree,pneumatophore,BL60,LGR3,pneumatophore,TRUE,NA,NA,28.884314706558822,2022-03-24,NA,NA,NA,NA,NA,NA,2022-03-24,NA,NA,NA,NA,NA,NA,NA,TRUE,FALSE,TRUE
Mar_22_T1_86_BL60_pneumatophore,tree,pneumatophore,BL60,LGR3,pneumatophore,TRUE,NA,NA,28.884314706558822,2022-03-24,NA,NA,NA,NA,NA,NA,2022-03-24,NA,NA,NA,NA,NA,NA,NA,TRUE,FALSE,TRUE
Mar_22_T1_69_BL60_stem,tree,stem,BL60,Picarro,B,FALSE,107.68,0.8019955555555555,27.6084,2022-03-24,107.68,801.9955555555555,31.3,107.68,801.9955555555555,31.3,2022-03-24,801.9955555555555,0,0,3.691600000000001,0,0,3.691600000000001,TRUE,FALSE,TRUE
Mar_22_T1_70_BL60_stem,tree,stem,BL60,Picarro,B,FALSE,107.68,0.8019955555555555,27.578,2022-03-24,107.68,801.9955555555555,31.3,107.68,801.9955555555555,31.3,2022-03-24,801.9955555555555,0,0,3.7220000000000013,0,0,3.7220000000000013,TRUE,FALSE,TRUE
Mar_22_T1_71_BL60_stem,tree,stem,BL60,Picarro,R2,TRUE,NA,NA,28.2025,2022-03-24,NA,NA,31.3,NA,NA,31.3,2022-03-24,NA,NA,NA,3.0975,NA,NA,3.0975,TRUE,FALSE,TRUE
Mar_22_T1_72_BL60_stem,tree,stem,BL60,Picarro,B,FALSE,107.68,0.8019955555555555,28.209822221333333,2022-03-24,107.68,801.9955555555555,30.8,107.68,801.9955555555555,30.8,2022-03-24,801.9955555555555,0,0,2.5901777786666678,0,0,2.5901777786666678,TRUE,FALSE,TRUE
Mar_22_T1_74_BL60_stem,tree,stem,BL60,Picarro,B,FALSE,107.68,0.8019955555555555,28.12157777566667,2022-03-24,107.68,801.9955555555555,30.8,107.68,801.9955555555555,30.8,2022-03-24,801.9955555555555,0,0,2.6784222243333318,0,0,2.6784222243333318,TRUE,FALSE,TRUE
Mar_22_T1_75_BL60_stem,tree,stem,BL60,Picarro,B,FALSE,107.68,0.8019955555555555,28.037299997,2022-03-24,107.68,801.9955555555555,30.3,107.68,801.9955555555555,30.3,2022-03-24,801.9955555555555,0,0,2.262700002999999,0,0,2.262700002999999,TRUE,FALSE,TRUE
Mar_22_T1_63_BL60_stem,tree,stem,BL60,Picarro,B,FALSE,107.68,0.8019955555555555,28.055811109666667,2022-03-24,107.68,801.9955555555555,30.8,107.68,801.9955555555555,30.8,2022-03-24,801.9955555555555,0,0,2.7441888903333336,0,0,2.7441888903333336,TRUE,FALSE,TRUE
Mar_22_T1_76_BL60_root,tree,root,BL60,Picarro,R2,TRUE,NA,NA,28.062422221333335,2022-03-24,NA,NA,30.8722222222222,NA,NA,30.872222222222224,2022-03-24,NA,NA,NA,2.8098000008888633,NA,NA,2.809800000888888,TRUE,FALSE,TRUE
Mar_22_T1_77_BL60_stem,tree,stem,BL60,Picarro,B,FALSE,107.68,0.8019955555555555,28.463133333333335,2022-03-24,107.68,801.9955555555555,31.3877777777778,107.68,801.9955555555555,31.387777777777774,2022-03-24,801.9955555555555,0,0,2.924644444444464,0,0,2.9246444444444393,TRUE,FALSE,TRUE
Mar_22_T1_73_BL60_stem,tree,stem,BL60,Picarro,R2,TRUE,NA,NA,28.64046666666667,2022-03-24,NA,NA,31.5166666666667,NA,NA,31.516666666666666,2022-03-24,NA,NA,NA,2.8762000000000327,NA,NA,2.876199999999997,TRUE,FALSE,TRUE
Mar_22_T1_62_BL60_stem,tree,stem,BL60,Picarro,R2,TRUE,NA,NA,29.155588889666667,2022-03-24,NA,NA,30.35,NA,NA,30.35,2022-03-24,NA,NA,NA,1.1944111103333341,NA,NA,1.1944111103333341,TRUE,FALSE,TRUE
Mar_22_T1_64_BL60_stem,tree,stem,BL60,Picarro,B,FALSE,107.68,0.8019955555555555,29.203388891666666,2022-03-24,107.68,801.9955555555555,31.47,107.68,801.9955555555555,31.47,2022-03-24,801.9955555555555,0,0,2.2666111083333327,0,0,2.2666111083333327,TRUE,FALSE,TRUE
Mar_22_T1_65_BL60_stem,tree,stem,BL60,Picarro,B,FALSE,107.68,0.8019955555555555,29.289833336666664,2022-03-24,107.68,801.9955555555555,31.3171428571429,107.68,801.9955555555555,31.317142857142855,2022-03-24,801.9955555555555,0,0,2.027309520476237,0,0,2.027309520476191,TRUE,FALSE,TRUE
Mar_22_T1_66_BL60_stem,tree,stem,BL60,Picarro,B,FALSE,107.68,0.8019955555555555,29.43616667,2022-03-24,107.68,801.9955555555555,30.5774285714286,107.68,801.9955555555555,30.57742857142857,2022-03-24,801.9955555555555,0,0,1.141261901428603,0,0,1.141261901428571,TRUE,FALSE,TRUE
Mar_22_T1_67_BL60_stem,tree,stem,BL60,Picarro,B,FALSE,107.68,0.8019955555555555,29.642950003333333,2022-03-24,107.68,801.9955555555555,30.4,107.68,801.9955555555555,30.4,2022-03-24,801.9955555555555,0,0,0.757049996666666,0,0,0.757049996666666,TRUE,FALSE,TRUE
Mar_22_T1_68_BL60_stem,tree,stem,BL60,Picarro,B,FALSE,107.68,0.8019955555555555,29.610250003333334,2022-03-24,107.68,801.9955555555555,32.1154857142857,107.68,801.9955555555555,32.11548571428571,2022-03-24,801.9955555555555,0,0,2.5052357109523626,0,0,2.505235710952377,TRUE,FALSE,TRUE
Oct_22_1_FLM30_stem,tree,stem,FLM30,LGR2,C,FALSE,213.35,2.012601666666667,27.846407407,2022-10-15,213.35,2012.6016666666667,NA,213.35,2012.6016666666667,NA,2022-10-15,2012.601666666667,0,1.129750010690468e-16,NA,0,1.129750010690468e-16,NA,TRUE,FALSE,TRUE
Oct_22_2_FLM30_stem,tree,stem,FLM30,LGR2,C,FALSE,213.35,2.012601666666667,28.173788515322222,2022-10-15,213.35,2012.6016666666667,NA,213.35,2012.6016666666667,NA,2022-10-15,2012.601666666667,0,1.129750010690468e-16,NA,0,1.129750010690468e-16,NA,TRUE,FALSE,TRUE
Oct_22_3_FLM30_stem,tree,stem,FLM30,LGR2,C,FALSE,213.35,2.012601666666667,28.261311109333334,2022-10-15,213.35,2012.6016666666667,NA,213.35,2012.6016666666667,NA,2022-10-15,2012.601666666667,0,1.129750010690468e-16,NA,0,1.129750010690468e-16,NA,TRUE,FALSE,TRUE
Oct_22_4_FLM30_stem,tree,stem,FLM30,LGR2,C,FALSE,213.35,2.012601666666667,28.178650001500003,2022-10-15,213.35,2012.6016666666667,NA,213.35,2012.6016666666667,NA,2022-10-15,2012.601666666667,0,1.129750010690468e-16,NA,0,1.129750010690468e-16,NA,TRUE,FALSE,TRUE
Oct_22_5_FLM30_stem,tree,stem,FLM30,LGR2,C,FALSE,213.35,2.012601666666667,27.973611111666667,2022-10-15,213.35,2012.6016666666667,NA,213.35,2012.6016666666667,NA,2022-10-15,2012.601666666667,0,1.129750010690468e-16,NA,0,1.129750010690468e-16,NA,TRUE,FALSE,TRUE
Oct_22_6_FLM30_stem,tree,stem,FLM30,LGR2,C,FALSE,213.35,2.012601666666667,27.84011111066667,2022-10-15,213.35,2012.6016666666667,NA,213.35,2012.6016666666667,NA,2022-10-15,2012.601666666667,0,1.129750010690468e-16,NA,0,1.129750010690468e-16,NA,TRUE,FALSE,TRUE
Oct_22_16_SRS6_stem,tree,stem,SRS6,LGR2,C,FALSE,213.35,2.012601666666667,27.371838888916667,2022-10-16,213.35,2012.6016666666667,27.8166666666667,213.35,2012.6016666666667,27.8166666666667,2022-10-16,2012.601666666667,0,1.129750010690468e-16,0.44482777775003157,0,1.129750010690468e-16,0.44482777775003157,TRUE,FALSE,TRUE
Oct_22_17_SRS6_stem,tree,stem,SRS6,LGR2,C,FALSE,213.35,2.012601666666667,27.355733334,2022-10-16,213.35,2012.6016666666667,27.7563636363636,213.35,2012.6016666666667,27.7563636363636,2022-10-16,2012.601666666667,0,1.129750010690468e-16,0.40063030236359864,0,1.129750010690468e-16,0.40063030236359864,TRUE,FALSE,TRUE
Oct_22_18_SRS6_stem,tree,stem,SRS6,LGR2,C,FALSE,213.35,2.012601666666667,27.334105557166666,2022-10-16,213.35,2012.6016666666667,27.55,213.35,2012.6016666666667,27.55,2022-10-16,2012.601666666667,0,1.129750010690468e-16,0.21589444283333492,0,1.129750010690468e-16,0.21589444283333492,TRUE,FALSE,TRUE
Oct_22_25_SRS6_stem,tree,stem,SRS6,LGR2,C,FALSE,213.35,2.012601666666667,27.317227409755557,2022-10-16,213.35,2012.6016666666667,27.8,213.35,2012.6016666666667,27.8,2022-10-16,2012.601666666667,0,1.129750010690468e-16,0.4827725902444442,0,1.129750010690468e-16,0.4827725902444442,TRUE,FALSE,TRUE
Oct_22_19_SRS6_root,tree,root,SRS6,LGR2,A,FALSE,40.45,1.1605366666666665,27.311629632222225,2022-10-16,40.45,1160.5366666666666,27.5151515151515,40.45,1160.5366666666666,27.5151515151515,2022-10-16,1160.5366666666666,0,0,0.20352188292927664,0,0,0.20352188292927664,TRUE,FALSE,TRUE
Oct_22_24_SRS6_stem,tree,stem,SRS6,LGR2,C,FALSE,213.35,2.012601666666667,27.296575003250002,2022-10-16,213.35,2012.6016666666667,28.1,213.35,2012.6016666666667,28.1,2022-10-16,2012.601666666667,0,1.129750010690468e-16,0.8034249967499996,0,1.129750010690468e-16,0.8034249967499996,TRUE,FALSE,TRUE
Oct_22_20_SRS6_stem,tree,stem,SRS6,LGR2,B,FALSE,107.68,1.3669955555555555,26.915716670000002,2022-10-16,107.68,1366.9955555555557,27.3388888888889,107.68,1366.9955555555557,27.3388888888889,2022-10-16,1366.9955555555555,0,1.6633095441983785e-16,0.42317221888889733,0,1.6633095441983785e-16,0.42317221888889733,TRUE,FALSE,TRUE
Oct_22_21_SRS6_stem,tree,stem,SRS6,LGR2,B,FALSE,107.68,1.3669955555555555,26.65336667,2022-10-16,107.68,1366.9955555555557,27.2444444444444,107.68,1366.9955555555557,27.2444444444444,2022-10-16,1366.9955555555555,0,1.6633095441983785e-16,0.5910777744444005,0,1.6633095441983785e-16,0.5910777744444005,TRUE,FALSE,TRUE
Oct_22_23_SRS6_stem,tree,stem,SRS6,LGR2,B,FALSE,107.68,1.3669955555555555,26.483325003333334,2022-10-16,107.68,1366.9955555555557,27.8,107.68,1366.9955555555557,27.8,2022-10-16,1366.9955555555555,0,1.6633095441983785e-16,1.3166749966666664,0,1.6633095441983785e-16,1.3166749966666664,TRUE,FALSE,TRUE
Oct_22_22_SRS6_stem,tree,stem,SRS6,LGR2,B,FALSE,107.68,1.3669955555555555,26.39101667,2022-10-16,107.68,1366.9955555555557,27.2166666666667,107.68,1366.9955555555557,27.2166666666667,2022-10-16,1366.9955555555555,0,1.6633095441983785e-16,0.8256499966667015,0,1.6633095441983785e-16,0.8256499966667015,TRUE,FALSE,TRUE
Oct_22_26_SRS6_root,tree,root,SRS6,LGR2,A,FALSE,40.45,1.1605366666666665,25.97417167,2022-10-16,40.45,1160.5366666666666,28.8,40.45,1160.5366666666666,28.8,2022-10-16,1160.5366666666666,0,0,2.8258283300000002,0,0,2.8258283300000002,TRUE,FALSE,TRUE
Oct_22_29_SRS6_stem,tree,stem,SRS6,LGR2,C,FALSE,213.35,2.012601666666667,25.9985429641,2022-10-16,213.35,2012.6016666666667,26.3,213.35,2012.6016666666667,26.3,2022-10-16,2012.601666666667,0,1.129750010690468e-16,0.3014570359000004,0,1.129750010690468e-16,0.3014570359000004,TRUE,FALSE,TRUE
Oct_22_30_SRS6_root,tree,root,SRS6,LGR2,B,FALSE,107.68,1.3669955555555555,26.3078429626,2022-10-16,107.68,1366.9955555555557,25.6,107.68,1366.9955555555557,25.6,2022-10-16,1366.9955555555555,0,1.6633095441983785e-16,0.7078429625999973,0,1.6633095441983785e-16,0.7078429625999973,TRUE,FALSE,TRUE
Oct_22_27_SRS6_stem,tree,stem,SRS6,LGR2,B,FALSE,107.68,1.3669955555555555,26.5759029613,2022-10-16,107.68,1366.9955555555557,24.6,107.68,1366.9955555555557,24.6,2022-10-16,1366.9955555555555,0,1.6633095441983785e-16,1.9759029612999974,0,1.6633095441983785e-16,1.9759029612999974,TRUE,FALSE,TRUE
Oct_22_28_SRS6_stem,tree,stem,SRS6,LGR2,B,FALSE,107.68,1.3669955555555555,26.807305182399997,2022-10-16,107.68,1366.9955555555557,24,107.68,1366.9955555555557,24,2022-10-16,1366.9955555555555,0,1.6633095441983785e-16,2.807305182399997,0,1.6633095441983785e-16,2.807305182399997,TRUE,FALSE,TRUE
Oct_22_7_SRS6_stem,tree,stem,SRS6,LGR3,C,FALSE,213.35,2.012601666666667,26.546483336666668,2022-10-16,213.35,2012.6016666666667,26.5,213.35,2012.6016666666667,26.5,2022-10-16,2012.601666666667,0,1.129750010690468e-16,0.04648333666666815,0,1.129750010690468e-16,0.04648333666666815,TRUE,FALSE,TRUE
Oct_22_8_SRS6_stem,tree,stem,SRS6,LGR3,C,FALSE,213.35,2.012601666666667,26.182108336666666,2022-10-16,213.35,2012.6016666666667,26.5,213.35,2012.6016666666667,26.5,2022-10-16,2012.601666666667,0,1.129750010690468e-16,0.3178916633333344,0,1.129750010690468e-16,0.3178916633333344,TRUE,FALSE,TRUE
Oct_22_9_SRS6_stem,tree,stem,SRS6,LGR3,C,FALSE,213.35,2.012601666666667,25.77303667,2022-10-16,213.35,2012.6016666666667,26.5,213.35,2012.6016666666667,26.5,2022-10-16,2012.601666666667,0,1.129750010690468e-16,0.7269633300000002,0,1.129750010690468e-16,0.7269633300000002,TRUE,FALSE,TRUE
Oct_22_10_SRS6_root,tree,root,SRS6,LGR3,A,FALSE,40.45,1.1605366666666665,25.741174817199997,2022-10-16,40.45,1160.5366666666666,26.5,40.45,1160.5366666666666,26.5,2022-10-16,1160.5366666666666,0,0,0.7588251828000026,0,0,0.7588251828000026,TRUE,FALSE,TRUE
Oct_22_11_SRS6_stem,tree,stem,SRS6,LGR3,B,FALSE,107.68,1.3669955555555555,26.330754073599998,2022-10-16,107.68,1366.9955555555557,27.3,107.68,1366.9955555555557,27.3,2022-10-16,1366.9955555555555,0,1.6633095441983785e-16,0.9692459264000028,0,1.6633095441983785e-16,0.9692459264000028,TRUE,FALSE,TRUE
Oct_22_12_SRS6_stem,tree,stem,SRS6,LGR3,B,FALSE,107.68,1.3669955555555555,26.6644925905,2022-10-16,107.68,1366.9955555555557,27.3,107.68,1366.9955555555557,27.3,2022-10-16,1366.9955555555555,0,1.6633095441983785e-16,0.6355074095000006,0,1.6633095441983785e-16,0.6355074095000006,TRUE,FALSE,TRUE
Oct_22_13_SRS6_stem,tree,stem,SRS6,LGR3,B,FALSE,107.68,1.3669955555555555,27.084894256405555,2022-10-16,107.68,1366.9955555555557,27.3,107.68,1366.9955555555557,27.3,2022-10-16,1366.9955555555555,0,1.6633095441983785e-16,0.2151057435944459,0,1.6633095441983785e-16,0.2151057435944459,TRUE,FALSE,TRUE
Oct_22_14_SRS6_root,tree,root,SRS6,LGR3,A,FALSE,40.45,1.1605366666666665,27.4692933316,2022-10-16,40.45,1160.5366666666666,27.3,40.45,1160.5366666666666,27.3,2022-10-16,1160.5366666666666,0,0,0.1692933315999987,0,0,0.1692933315999987,TRUE,FALSE,TRUE
Oct_22_15_SRS6_root,tree,root,SRS6,LGR3,A,FALSE,40.45,1.1605366666666665,27.688496110016665,2022-10-16,40.45,1160.5366666666666,27.3,40.45,1160.5366666666666,27.3,2022-10-16,1160.5366666666666,0,0,0.3884961100166642,0,0,0.3884961100166642,TRUE,FALSE,TRUE
Oct_22_49_SRS6_stem,tree,stem,SRS6,LGR2,C,FALSE,213.35,2.012601666666667,26.790533331,2022-10-17,213.35,2012.6016666666667,27.1,213.35,2012.6016666666667,27.1,2022-10-17,2012.601666666667,0,1.129750010690468e-16,0.3094666690000025,0,1.129750010690468e-16,0.3094666690000025,TRUE,FALSE,TRUE
Oct_22_50_SRS6_stem,tree,stem,SRS6,LGR2,C,FALSE,213.35,2.012601666666667,26.720377774666666,2022-10-17,213.35,2012.6016666666667,27.0444444444444,213.35,2012.6016666666667,27.0444444444444,2022-10-17,2012.601666666667,0,1.129750010690468e-16,0.3240666697777357,0,1.129750010690468e-16,0.3240666697777357,TRUE,FALSE,TRUE
Oct_22_51_SRS6_stem,tree,stem,SRS6,LGR2,C,TRUE,213.35,2.012601666666667,26.607933336,2022-10-17,213.35,2012.6016666666667,26.7666666666667,NA,NA,NA,NA,2012.601666666667,0,1.129750010690468e-16,0.1587333306667027,NA,NA,NA,TRUE,FALSE,TRUE
Oct_22_52_SRS6_root,tree,root,SRS6,LGR2,C,FALSE,213.35,2.012601666666667,26.54116667,2022-10-17,213.35,2012.6016666666667,26.1,213.35,2012.6016666666667,26.1,2022-10-17,2012.601666666667,0,1.129750010690468e-16,0.44116666999999765,0,1.129750010690468e-16,0.44116666999999765,TRUE,FALSE,TRUE
Oct_22_53_SRS6_stem,tree,stem,SRS6,LGR2,C,FALSE,213.35,2.012601666666667,26.411100003333335,2022-10-17,213.35,2012.6016666666667,25.6833333333333,213.35,2012.6016666666667,25.6833333333333,2022-10-17,2012.601666666667,0,1.129750010690468e-16,0.7277666700000331,0,1.129750010690468e-16,0.7277666700000331,TRUE,FALSE,TRUE
Oct_22_54_SRS6_stem,tree,stem,SRS6,LGR2,C,TRUE,213.35,2.012601666666667,26.474800003333332,2022-10-17,213.35,2012.6016666666667,25.6138888888889,NA,NA,NA,NA,2012.601666666667,0,1.129750010690468e-16,0.8609111144444306,NA,NA,NA,TRUE,FALSE,TRUE
Oct_22_55_SRS6_stem,tree,stem,SRS6,LGR2,C,FALSE,213.35,2.012601666666667,26.711400003333335,2022-10-17,213.35,2012.6016666666667,25.6,213.35,2012.6016666666667,25.6,2022-10-17,2012.601666666667,0,1.129750010690468e-16,1.1114000033333333,0,1.129750010690468e-16,1.1114000033333333,TRUE,FALSE,TRUE
Oct_22_41_SRS6_stem,tree,stem,SRS6,LGR2,B,FALSE,107.68,1.3669955555555555,27.145250003333334,2022-10-17,107.68,1366.9955555555557,25.6,107.68,1366.9955555555557,25.6,2022-10-17,1366.9955555555555,0,1.6633095441983785e-16,1.545250003333333,0,1.6633095441983785e-16,1.545250003333333,TRUE,FALSE,TRUE
Oct_22_42_SRS6_stem,tree,stem,SRS6,LGR2,B,FALSE,107.68,1.3669955555555555,27.391000003333335,2022-10-17,107.68,1366.9955555555557,25.6,107.68,1366.9955555555557,25.6,2022-10-17,1366.9955555555555,0,1.6633095441983785e-16,1.791000003333334,0,1.6633095441983785e-16,1.791000003333334,TRUE,FALSE,TRUE
Oct_22_43_SRS6_stem,tree,stem,SRS6,LGR2,B,FALSE,107.68,1.3669955555555555,27.628558336666668,2022-10-17,107.68,1366.9955555555557,25.6,107.68,1366.9955555555557,25.6,2022-10-17,1366.9955555555555,0,1.6633095441983785e-16,2.0285583366666664,0,1.6633095441983785e-16,2.0285583366666664,TRUE,FALSE,TRUE
Oct_22_44_SRS6_stem,tree,stem,SRS6,LGR2,C,FALSE,213.35,2.012601666666667,27.807366668,2022-10-17,213.35,2012.6016666666667,25.6,213.35,2012.6016666666667,25.6,2022-10-17,2012.601666666667,0,1.129750010690468e-16,2.207366667999999,0,1.129750010690468e-16,2.207366667999999,TRUE,FALSE,TRUE
Oct_22_45_SRS6_stem,tree,stem,SRS6,LGR2,C,FALSE,213.35,2.012601666666667,27.945344442666666,2022-10-17,213.35,2012.6016666666667,25.6,213.35,2012.6016666666667,25.6,2022-10-17,2012.601666666667,0,1.129750010690468e-16,2.345344442666665,0,1.129750010690468e-16,2.345344442666665,TRUE,FALSE,TRUE
Oct_22_46_SRS6_stem,tree,stem,SRS6,LGR2,C,FALSE,213.35,2.012601666666667,27.999549997,2022-10-17,213.35,2012.6016666666667,25.6,213.35,2012.6016666666667,25.6,2022-10-17,2012.601666666667,0,1.129750010690468e-16,2.3995499969999976,0,1.129750010690468e-16,2.3995499969999976,TRUE,FALSE,TRUE
Oct_22_48_SRS6_root,tree,root,SRS6,LGR2,A,FALSE,40.45,1.1605366666666665,28.025822221333332,2022-10-17,40.45,1160.5366666666666,26.7,40.45,1160.5366666666666,26.7,2022-10-17,1160.5366666666666,0,0,1.3258222213333326,0,0,1.3258222213333326,TRUE,FALSE,TRUE
Oct_22_47_SRS6_root,tree,root,SRS6,LGR2,A,FALSE,40.45,1.1605366666666665,28.032088889333334,2022-10-17,40.45,1160.5366666666666,26.8,40.45,1160.5366666666666,26.8,2022-10-17,1160.5366666666666,0,0,1.2320888893333333,0,0,1.2320888893333333,TRUE,FALSE,TRUE
Oct_22_31_SRS6_stem,tree,stem,SRS6,LGR2,A,FALSE,40.45,1.1605366666666665,28.043577780666666,2022-10-17,40.45,1160.5366666666666,27.0125,40.45,1160.5366666666666,27.0125,2022-10-17,1160.5366666666666,0,0,1.031077780666667,0,0,1.031077780666667,TRUE,FALSE,TRUE
Oct_22_32_SRS6_stem,tree,stem,SRS6,LGR2,A,FALSE,40.45,1.1605366666666665,28.022244447333332,2022-10-17,40.45,1160.5366666666666,27.4,40.45,1160.5366666666666,27.4,2022-10-17,1160.5366666666666,0,0,0.6222444473333333,0,0,0.6222444473333333,TRUE,FALSE,TRUE
Oct_22_33_SRS6_stem,tree,stem,SRS6,LGR2,A,TRUE,40.45,1.1605366666666665,27.992966669,2022-10-17,40.45,1160.5366666666666,27.4,NA,NA,NA,NA,1160.5366666666666,0,0,0.5929666690000026,NA,NA,NA,TRUE,FALSE,TRUE
Oct_22_34_SRS6_root,tree,root,SRS6,LGR2,A,FALSE,40.45,1.1605366666666665,27.928555556666666,2022-10-17,40.45,1160.5366666666666,27.3354166666667,40.45,1160.5366666666666,27.3354166666667,2022-10-17,1160.5366666666666,0,0,0.5931388899999668,0,0,0.5931388899999668,TRUE,FALSE,TRUE
Oct_22_35_SRS6_CWD,tree,CWD,SRS6,LGR2,B,FALSE,107.68,1.3669955555555555,28.013266669,2022-10-17,107.68,1366.9955555555557,27.4,107.68,1366.9955555555557,27.4,2022-10-17,1366.9955555555555,0,1.6633095441983785e-16,0.6132666690000015,0,1.6633095441983785e-16,0.6132666690000015,TRUE,FALSE,TRUE
Oct_22_36_SRS6_CWD,tree,CWD,SRS6,LGR2,B,FALSE,107.68,1.3669955555555555,28.070577781,2022-10-17,107.68,1366.9955555555557,27.4,107.68,1366.9955555555557,27.4,2022-10-17,1366.9955555555555,0,1.6633095441983785e-16,0.6705777810000022,0,1.6633095441983785e-16,0.6705777810000022,TRUE,FALSE,TRUE
Oct_22_37_SRS6_CWD,tree,CWD,SRS6,LGR2,B,FALSE,107.68,1.3669955555555555,27.976533334,2022-10-17,107.68,1366.9955555555557,27.4,107.68,1366.9955555555557,27.4,2022-10-17,1366.9955555555555,0,1.6633095441983785e-16,0.5765333340000005,0,1.6633095441983785e-16,0.5765333340000005,TRUE,FALSE,TRUE
Oct_22_38_SRS6_stem,tree,stem,SRS6,LGR2,C,FALSE,213.35,2.012601666666667,27.853866664,2022-10-17,213.35,2012.6016666666667,27.4,213.35,2012.6016666666667,27.4,2022-10-17,2012.601666666667,0,1.129750010690468e-16,0.4538666640000031,0,1.129750010690468e-16,0.4538666640000031,TRUE,FALSE,TRUE
Oct_22_39_SRS6_stem,tree,stem,SRS6,LGR2,C,FALSE,213.35,2.012601666666667,27.742444442,2022-10-17,213.35,2012.6016666666667,27.4,213.35,2012.6016666666667,27.4,2022-10-17,2012.601666666667,0,1.129750010690468e-16,0.34244444200000146,0,1.129750010690468e-16,0.34244444200000146,TRUE,FALSE,TRUE
Oct_22_40_SRS6_stem,tree,stem,SRS6,LGR2,C,FALSE,213.35,2.012601666666667,27.61211111,2022-10-17,213.35,2012.6016666666667,27.4,213.35,2012.6016666666667,27.4,2022-10-17,2012.601666666667,0,1.129750010690468e-16,0.21211111000000216,0,1.129750010690468e-16,0.21211111000000216,TRUE,FALSE,TRUE
Oct_22_59_SRS6_stem,tree,stem,SRS6,LGR3,C,FALSE,213.35,2.012601666666667,26.85517666505,2022-10-17,213.35,2012.6016666666667,27.1,213.35,2012.6016666666667,27.1,2022-10-17,2012.601666666667,0,1.129750010690468e-16,0.2448233349500022,0,1.129750010690468e-16,0.2448233349500022,TRUE,FALSE,TRUE
Oct_22_61_SRS6_stem,tree,stem,SRS6,LGR3,C,FALSE,213.35,2.012601666666667,26.75462036763889,2022-10-17,213.35,2012.6016666666667,27.1,213.35,2012.6016666666667,27.1,2022-10-17,2012.601666666667,0,1.129750010690468e-16,0.34537963236111224,0,1.129750010690468e-16,0.34537963236111224,TRUE,FALSE,TRUE
Oct_22_60_SRS6_stem,tree,stem,SRS6,LGR3,B,FALSE,107.68,1.3669955555555555,26.68635925683333,2022-10-17,107.68,1366.9955555555557,27.1,107.68,1366.9955555555557,27.1,2022-10-17,1366.9955555555555,0,1.6633095441983785e-16,0.41364074316667043,0,1.6633095441983785e-16,0.41364074316667043,TRUE,FALSE,TRUE
Oct_22_62_SRS6_root,tree,root,SRS6,LGR3,A,FALSE,40.45,1.1605366666666665,26.658411110499998,2022-10-17,40.45,1160.5366666666666,27.1,40.45,1160.5366666666666,27.1,2022-10-17,1160.5366666666666,0,0,0.44158888950000375,0,0,0.44158888950000375,TRUE,FALSE,TRUE
Oct_22_63_SRS6_stem,tree,stem,SRS6,LGR3,B,FALSE,107.68,1.3669955555555555,26.374303336666667,2022-10-17,107.68,1366.9955555555557,25.6,107.68,1366.9955555555557,25.6,2022-10-17,1366.9955555555555,0,1.6633095441983785e-16,0.7743033366666658,0,1.6633095441983785e-16,0.7743033366666658,TRUE,FALSE,TRUE
Oct_22_64_SRS6_stem,tree,stem,SRS6,LGR3,B,FALSE,107.68,1.3669955555555555,26.445275558888888,2022-10-17,107.68,1366.9955555555557,25.6,107.68,1366.9955555555557,25.6,2022-10-17,1366.9955555555555,0,1.6633095441983785e-16,0.8452755588888863,0,1.6633095441983785e-16,0.8452755588888863,TRUE,FALSE,TRUE
Oct_22_65_SRS6_stem,tree,stem,SRS6,LGR3,B,FALSE,107.68,1.3669955555555555,26.547802225555557,2022-10-17,107.68,1366.9955555555557,25.6,107.68,1366.9955555555557,25.6,2022-10-17,1366.9955555555555,0,1.6633095441983785e-16,0.9478022255555558,0,1.6633095441983785e-16,0.9478022255555558,TRUE,FALSE,TRUE
Oct_22_66_SRS6_root,tree,root,SRS6,LGR3,A,FALSE,40.45,1.1605366666666665,26.70816444777778,2022-10-17,40.45,1160.5366666666666,25.6,40.45,1160.5366666666666,25.6,2022-10-17,1160.5366666666666,0,0,1.108164447777778,0,0,1.108164447777778,TRUE,FALSE,TRUE
Oct_22_56_SRS6_stem,tree,stem,SRS6,LGR3,B,TRUE,107.68,1.3669955555555555,28.0122900027,2022-10-17,107.68,1366.9955555555557,27.4,NA,NA,NA,NA,1366.9955555555555,0,1.6633095441983785e-16,0.6122900027,NA,NA,NA,TRUE,FALSE,TRUE
Oct_22_57_SRS6_stem,tree,stem,SRS6,LGR3,B,FALSE,107.68,1.3669955555555555,27.974619261244445,2022-10-17,107.68,1366.9955555555557,27.4,107.68,1366.9955555555557,27.4,2022-10-17,1366.9955555555555,0,1.6633095441983785e-16,0.5746192612444467,0,1.6633095441983785e-16,0.5746192612444467,TRUE,FALSE,TRUE
Oct_22_58_SRS6_stem,tree,stem,SRS6,LGR3,A,FALSE,40.45,1.1605366666666665,27.93099537152778,2022-10-17,40.45,1160.5366666666666,27.4,40.45,1160.5366666666666,27.4,2022-10-17,1160.5366666666666,0,0,0.53099537152778,0,0,0.53099537152778,TRUE,FALSE,TRUE
44851_SRS6_Soil_41,surface,soil,SRS6,Picarro,Soil 6 in,FALSE,182.4,2.593,25.72858092498889,2022-10-17,182.4,2593,27.1,182.4,2593,27.1,2022-10-17,2593,0,0,1.3714190750111115,0,0,1.3714190750111115,TRUE,FALSE,TRUE
44851_SRS6_Soil_42,surface,soil,SRS6,Picarro,Soil 6 in,FALSE,182.4,2.593,25.944600001999998,2022-10-17,182.4,2593,27.1,182.4,2593,27.1,2022-10-17,2593,0,0,1.1553999980000036,0,0,1.1553999980000036,TRUE,FALSE,TRUE
44851_SRS6_Soil_43,surface,soil,SRS6,Picarro,Soil 6 in,FALSE,182.4,2.593,26.0730633363,2022-10-17,182.4,2593,27.1,182.4,2593,27.1,2022-10-17,2593,0,0,1.0269366637000026,0,0,1.0269366637000026,TRUE,FALSE,TRUE
44851_SRS6_Soil_44,surface,soil,SRS6,Picarro,Soil 6 in,FALSE,182.4,2.593,26.311324074166667,2022-10-17,182.4,2593,27.1,182.4,2593,27.1,2022-10-17,2593,0,0,0.7886759258333349,0,0,0.7886759258333349,TRUE,FALSE,TRUE
44851_SRS6_Soil_45,surface,soil,SRS6,Picarro,Soil 6 in,FALSE,182.4,2.593,26.41323333333333,2022-10-17,182.4,2593,27.1,182.4,2593,27.1,2022-10-17,2593,0,0,0.6867666666666707,0,0,0.6867666666666707,TRUE,FALSE,TRUE
44851_SRS6_Soil_47,surface,soil,SRS6,Picarro,Soil 6 in,FALSE,182.4,2.593,26.920733333333335,2022-10-17,182.4,2593,27.1,182.4,2593,27.1,2022-10-17,2593,0,0,0.1792666666666669,0,0,0.1792666666666669,TRUE,FALSE,TRUE
44851_SRS6_Soil_48,surface,soil,SRS6,Picarro,Soil 6 in,FALSE,182.4,2.593,26.887414813555555,2022-10-17,182.4,2593,27.1,182.4,2593,27.1,2022-10-17,2593,0,0,0.21258518644444635,0,0,0.21258518644444635,TRUE,FALSE,TRUE
44851_SRS6_Soil_49,surface,soil,SRS6,Picarro,Soil 6 in,FALSE,182.4,2.593,26.790533331,2022-10-17,182.4,2593,27.1,182.4,2593,27.1,2022-10-17,2593,0,0,0.3094666690000025,0,0,0.3094666690000025,TRUE,FALSE,TRUE
44851_SRS6_Soil_50,surface,soil,SRS6,Picarro,Soil 6 in,FALSE,182.4,2.593,26.61705926133333,2022-10-17,182.4,2593,27.1,182.4,2593,27.1,2022-10-17,2593,0,0,0.4829407386666702,0,0,0.4829407386666702,TRUE,FALSE,TRUE
44851_SRS6_Soil_46,surface,soil,SRS6,Picarro,Soil 6 in,FALSE,182.4,2.593,26.548072225555554,2022-10-17,182.4,2593,26.1,182.4,2593,26.1,2022-10-17,2593,0,0,0.4480722255555527,0,0,0.4480722255555527,TRUE,FALSE,TRUE
Oct_22_67_FLM30_stem,tree,stem,FLM30,LGR2,A,FALSE,40.45,1.1605366666666665,27.930342221733333,2022-10-18,40.45,1160.5366666666666,26.4,40.45,1160.5366666666666,26.4,2022-10-18,1160.5366666666666,0,0,1.530342221733335,0,0,1.530342221733335,TRUE,FALSE,TRUE
Oct_22_68_FLM30_stem,tree,stem,FLM30,LGR2,A,FALSE,40.45,1.1605366666666665,27.959491483755556,2022-10-18,40.45,1160.5366666666666,25.8,40.45,1160.5366666666666,25.8,2022-10-18,1160.5366666666666,0,0,2.1594914837555557,0,0,2.1594914837555557,TRUE,FALSE,TRUE
Oct_22_69_FLM30_stem,tree,stem,FLM30,LGR2,A,FALSE,40.45,1.1605366666666665,27.970992225555555,2022-10-18,40.45,1160.5366666666666,25.7,40.45,1160.5366666666666,25.7,2022-10-18,1160.5366666666666,0,0,2.270992225555556,0,0,2.270992225555556,TRUE,FALSE,TRUE
Oct_22_70_FLM30_stem,tree,stem,FLM30,LGR2,A,FALSE,40.45,1.1605366666666665,27.97143833666667,2022-10-18,40.45,1160.5366666666666,30.6,40.45,1160.5366666666666,30.6,2022-10-18,1160.5366666666666,0,0,2.6285616633333326,0,0,2.6285616633333326,TRUE,FALSE,TRUE
Oct_22_71_FLM30_stem,tree,stem,FLM30,LGR2,A,FALSE,40.45,1.1605366666666665,27.95329259511111,2022-10-18,40.45,1160.5366666666666,30.8,40.45,1160.5366666666666,30.8,2022-10-18,1160.5366666666666,0,0,2.846707404888889,0,0,2.846707404888889,TRUE,FALSE,TRUE
Oct_22_72_FLM30_stem,tree,stem,FLM30,LGR2,A,FALSE,40.45,1.1605366666666665,27.909528889466667,2022-10-18,40.45,1160.5366666666666,31.2,40.45,1160.5366666666666,31.2,2022-10-18,1160.5366666666666,0,0,3.290471110533332,0,0,3.290471110533332,TRUE,FALSE,TRUE
Oct_22_73_FLM30_stem,tree,stem,FLM30,LGR2,A,FALSE,40.45,1.1605366666666665,27.820942218933336,2022-10-18,40.45,1160.5366666666666,31.4,40.45,1160.5366666666666,31.4,2022-10-18,1160.5366666666666,0,0,3.5790577810666626,0,0,3.5790577810666626,TRUE,FALSE,TRUE
Oct_22_74_FLM30_stem,tree,stem,FLM30,LGR2,B,FALSE,107.68,1.3669955555555555,27.792,2022-10-18,107.68,1366.9955555555557,31.4,107.68,1366.9955555555557,31.4,2022-10-18,1366.9955555555555,0,1.6633095441983785e-16,3.607999999999997,0,1.6633095441983785e-16,3.607999999999997,TRUE,FALSE,TRUE
Oct_22_75_FLM30_stem,tree,stem,FLM30,LGR2,B,FALSE,107.68,1.3669955555555555,27.769282965544445,2022-10-18,107.68,1366.9955555555557,31.4,107.68,1366.9955555555557,31.4,2022-10-18,1366.9955555555555,0,1.6633095441983785e-16,3.6307170344555537,0,1.6633095441983785e-16,3.6307170344555537,TRUE,FALSE,TRUE
Oct_22_76_FLM30_stem,tree,stem,FLM30,LGR2,B,FALSE,107.68,1.3669955555555555,27.746903706,2022-10-18,107.68,1366.9955555555557,31.4,107.68,1366.9955555555557,31.4,2022-10-18,1366.9955555555555,0,1.6633095441983785e-16,3.6530962939999974,0,1.6633095441983785e-16,3.6530962939999974,TRUE,FALSE,TRUE
Oct_22_77_FLM30_stem,tree,stem,FLM30,LGR2,A,FALSE,40.45,1.1605366666666665,27.72041629685,2022-10-18,40.45,1160.5366666666666,27.4,40.45,1160.5366666666666,27.4,2022-10-18,1160.5366666666666,0,0,0.32041629685000217,0,0,0.32041629685000217,TRUE,FALSE,TRUE
Oct_22_78_FLM30_stem,tree,stem,FLM30,LGR2,A,FALSE,40.45,1.1605366666666665,27.7075244436,2022-10-18,40.45,1160.5366666666666,27.4,40.45,1160.5366666666666,27.4,2022-10-18,1160.5366666666666,0,0,0.307524443600002,0,0,0.307524443600002,TRUE,FALSE,TRUE
Oct_22_79_FLM30_stem,tree,stem,FLM30,LGR2,A,FALSE,40.45,1.1605366666666665,27.702440368566666,2022-10-18,40.45,1160.5366666666666,27.4,40.45,1160.5366666666666,27.4,2022-10-18,1160.5366666666666,0,0,0.30244036856666767,0,0,0.30244036856666767,TRUE,FALSE,TRUE
Oct_22_80_FLM30_stem,tree,stem,FLM30,LGR2,A,FALSE,40.45,1.1605366666666665,27.597060183611113,2022-10-18,40.45,1160.5366666666666,30.8,40.45,1160.5366666666666,30.8,2022-10-18,1160.5366666666666,0,0,3.202939816388888,0,0,3.202939816388888,TRUE,FALSE,TRUE
Oct_22_81_FLM30_root,tree,root,FLM30,LGR2,A,FALSE,40.45,1.1605366666666665,27.523023705822222,2022-10-18,40.45,1160.5366666666666,30.8,40.45,1160.5366666666666,30.8,2022-10-18,1160.5366666666666,0,0,3.2769762941777785,0,0,3.2769762941777785,TRUE,FALSE,TRUE
Oct_22_82_FLM30_stem,tree,stem,FLM30,LGR2,A,FALSE,40.45,1.1605366666666665,27.571343888366666,2022-10-18,40.45,1160.5366666666666,30.8,40.45,1160.5366666666666,30.8,2022-10-18,1160.5366666666666,0,0,3.2286561116333345,0,0,3.2286561116333345,TRUE,FALSE,TRUE
Oct_22_83_FLM30_stem,tree,stem,FLM30,LGR2,B,FALSE,107.68,1.3669955555555555,27.62113795985,2022-10-18,107.68,1366.9955555555557,30.8,107.68,1366.9955555555557,30.8,2022-10-18,1366.9955555555555,0,1.6633095441983785e-16,3.178862040150001,0,1.6633095441983785e-16,3.178862040150001,TRUE,FALSE,TRUE
Oct_22_84_FLM30_stem,tree,stem,FLM30,LGR3,B,FALSE,107.68,1.3669955555555555,27.934027781111112,2022-10-18,107.68,1366.9955555555557,25.9,107.68,1366.9955555555557,25.9,2022-10-18,1366.9955555555555,0,1.6633095441983785e-16,2.0340277811111136,0,1.6633095441983785e-16,2.0340277811111136,TRUE,FALSE,TRUE
Oct_22_85_FLM30_stem,tree,stem,FLM30,LGR3,B,FALSE,107.68,1.3669955555555555,27.939587965277777,2022-10-18,107.68,1366.9955555555557,25.9,107.68,1366.9955555555557,25.9,2022-10-18,1366.9955555555555,0,1.6633095441983785e-16,2.0395879652777786,0,1.6633095441983785e-16,2.0395879652777786,TRUE,FALSE,TRUE
Oct_22_86_FLM30_stem,tree,stem,FLM30,LGR3,B,FALSE,107.68,1.3669955555555555,27.920411110666667,2022-10-18,107.68,1366.9955555555557,25.9,107.68,1366.9955555555557,25.9,2022-10-18,1366.9955555555555,0,1.6633095441983785e-16,2.020411110666668,0,1.6633095441983785e-16,2.020411110666668,TRUE,FALSE,TRUE
Oct_22_87_FLM30_stem,tree,stem,FLM30,LGR3,B,FALSE,107.68,1.3669955555555555,27.907757404777776,2022-10-18,107.68,1366.9955555555557,29.2,107.68,1366.9955555555557,29.2,2022-10-18,1366.9955555555555,0,1.6633095441983785e-16,1.2922425952222234,0,1.6633095441983785e-16,1.2922425952222234,TRUE,FALSE,TRUE
Oct_22_88_FLM30_stem,tree,stem,FLM30,LGR3,B,FALSE,107.68,1.3669955555555555,27.93178796261111,2022-10-18,107.68,1366.9955555555557,29.2,107.68,1366.9955555555557,29.2,2022-10-18,1366.9955555555555,0,1.6633095441983785e-16,1.2682120373888885,0,1.6633095441983785e-16,1.2682120373888885,TRUE,FALSE,TRUE
Oct_22_90_FLM30_stem,tree,stem,FLM30,LGR3,C,FALSE,213.35,2.012601666666667,27.970977781111113,2022-10-18,213.35,2012.6016666666667,27.6,213.35,2012.6016666666667,27.6,2022-10-18,2012.601666666667,0,1.129750010690468e-16,0.3709777811111117,0,1.129750010690468e-16,0.3709777811111117,TRUE,FALSE,TRUE
Oct_22_91_FLM30_stem,tree,stem,FLM30,LGR3,B,FALSE,107.68,1.3669955555555555,27.97129444777778,2022-10-18,107.68,1366.9955555555557,27.6,107.68,1366.9955555555557,27.6,2022-10-18,1366.9955555555555,0,1.6633095441983785e-16,0.3712944477777782,0,1.6633095441983785e-16,0.3712944477777782,TRUE,FALSE,TRUE
Oct_22_92_FLM30_stem,tree,stem,FLM30,LGR3,B,FALSE,107.68,1.3669955555555555,27.908192593111114,2022-10-18,107.68,1366.9955555555557,27.6,107.68,1366.9955555555557,27.6,2022-10-18,1366.9955555555555,0,1.6633095441983785e-16,0.30819259311111225,0,1.6633095441983785e-16,0.30819259311111225,TRUE,FALSE,TRUE
Oct_22_93_FLM30_stem,tree,stem,FLM30,LGR3,B,FALSE,107.68,1.3669955555555555,27.860587035444446,2022-10-18,107.68,1366.9955555555557,27.6,107.68,1366.9955555555557,27.6,2022-10-18,1366.9955555555555,0,1.6633095441983785e-16,0.26058703544444484,0,1.6633095441983785e-16,0.26058703544444484,TRUE,FALSE,TRUE
Oct_22_94_FLM30_stem,tree,stem,FLM30,LGR3,C,FALSE,213.35,2.012601666666667,27.81644444166667,2022-10-18,213.35,2012.6016666666667,30.3,213.35,2012.6016666666667,30.3,2022-10-18,2012.601666666667,0,1.129750010690468e-16,2.4835555583333324,0,1.129750010690468e-16,2.4835555583333324,TRUE,FALSE,TRUE
Oct_22_95_FLM30_stem,tree,stem,FLM30,LGR3,C,FALSE,213.35,2.012601666666667,27.798714073311114,2022-10-18,213.35,2012.6016666666667,30.3,213.35,2012.6016666666667,30.3,2022-10-18,2012.601666666667,0,1.129750010690468e-16,2.5012859266888867,0,1.129750010690468e-16,2.5012859266888867,TRUE,FALSE,TRUE
Oct_22_96_FLM30_stem,tree,stem,FLM30,LGR3,B,FALSE,107.68,1.3669955555555555,27.776942223933336,2022-10-18,107.68,1366.9955555555557,30.3,107.68,1366.9955555555557,30.3,2022-10-18,1366.9955555555555,0,1.6633095441983785e-16,2.523057776066665,0,1.6633095441983785e-16,2.523057776066665,TRUE,FALSE,TRUE
Oct_22_97_FLM30_stem,tree,stem,FLM30,LGR3,B,FALSE,107.68,1.3669955555555555,27.7551792621,2022-10-18,107.68,1366.9955555555557,29.9,107.68,1366.9955555555557,29.9,2022-10-18,1366.9955555555555,0,1.6633095441983785e-16,2.144820737899998,0,1.6633095441983785e-16,2.144820737899998,TRUE,FALSE,TRUE
Oct_22_98_FLM30_stem,tree,stem,FLM30,LGR3,B,FALSE,107.68,1.3669955555555555,27.711411111,2022-10-18,107.68,1366.9955555555557,29.9,107.68,1366.9955555555557,29.9,2022-10-18,1366.9955555555555,0,1.6633095441983785e-16,2.1885888889999983,0,1.6633095441983785e-16,2.1885888889999983,TRUE,FALSE,TRUE
Oct_22_99_FLM30_root,tree,root,FLM30,LGR3,A,FALSE,40.45,1.1605366666666665,27.704854813466667,2022-10-18,40.45,1160.5366666666666,29.9,40.45,1160.5366666666666,29.9,2022-10-18,1160.5366666666666,0,0,2.195145186533331,0,0,2.195145186533331,TRUE,FALSE,TRUE
Oct_22_100_FLM30_root,tree,root,FLM30,LGR3,A,FALSE,40.45,1.1605366666666665,27.701399998,2022-10-18,40.45,1160.5366666666666,29.9,40.45,1160.5366666666666,29.9,2022-10-18,1160.5366666666666,0,0,2.198600001999999,0,0,2.198600001999999,TRUE,FALSE,TRUE
Oct_22_101_FLM30_stem,tree,stem,FLM30,LGR3,B,FALSE,107.68,1.3669955555555555,27.679522218888888,2022-10-18,107.68,1366.9955555555557,29.7,107.68,1366.9955555555557,29.7,2022-10-18,1366.9955555555555,0,1.6633095441983785e-16,2.0204777811111114,0,1.6633095441983785e-16,2.0204777811111114,TRUE,FALSE,TRUE
Oct_22_102_FLM30_stem,tree,stem,FLM30,LGR3,B,FALSE,107.68,1.3669955555555555,27.66023333,2022-10-18,107.68,1366.9955555555557,29.7,107.68,1366.9955555555557,29.7,2022-10-18,1366.9955555555555,0,1.6633095441983785e-16,2.039766669999999,0,1.6633095441983785e-16,2.039766669999999,TRUE,FALSE,TRUE
Oct_22_103_FLM30_stem,tree,stem,FLM30,LGR3,B,FALSE,107.68,1.3669955555555555,27.638016663333335,2022-10-18,107.68,1366.9955555555557,29.7,107.68,1366.9955555555557,29.7,2022-10-18,1366.9955555555555,0,1.6633095441983785e-16,2.061983336666664,0,1.6633095441983785e-16,2.061983336666664,TRUE,FALSE,TRUE
Oct_22_104_FLM30_stem,tree,stem,FLM30,LGR3,B,FALSE,107.68,1.3669955555555555,27.57916370302222,2022-10-18,107.68,1366.9955555555557,28.8,107.68,1366.9955555555557,28.8,2022-10-18,1366.9955555555555,0,1.6633095441983785e-16,1.2208362969777795,0,1.6633095441983785e-16,1.2208362969777795,TRUE,FALSE,TRUE
Oct_22_105_FLM30_stem,tree,stem,FLM30,LGR3,B,FALSE,107.68,1.3669955555555555,27.5367616681,2022-10-18,107.68,1366.9955555555557,28.8,107.68,1366.9955555555557,28.8,2022-10-18,1366.9955555555555,0,1.6633095441983785e-16,1.263238331900002,0,1.6633095441983785e-16,1.263238331900002,TRUE,FALSE,TRUE
Oct_22_106_FLM30_stem,tree,stem,FLM30,LGR3,B,FALSE,107.68,1.3669955555555555,27.529734260944444,2022-10-18,107.68,1366.9955555555557,28.8,107.68,1366.9955555555557,28.8,2022-10-18,1366.9955555555555,0,1.6633095441983785e-16,1.2702657390555565,0,1.6633095441983785e-16,1.2702657390555565,TRUE,FALSE,TRUE
44852_FLM30_Water_51,surface,water,FLM30,Picarro,Floating 8 in,FALSE,324.3,4.283,26.403733331999998,2022-10-18,324.3,4283,25.9,324.3,4283,25.9,2022-10-18,4283,0,0,0.5037333319999995,0,0,0.5037333319999995,TRUE,FALSE,TRUE
44852_FLM30_Water_52,surface,water,FLM30,Picarro,Floating 8 in,FALSE,324.3,4.283,27.934311112666666,2022-10-18,324.3,4283,26.725,324.3,4283,26.725,2022-10-18,4283,0,0,1.209311112666665,0,0,1.209311112666665,TRUE,FALSE,TRUE
44852_FLM30_Water_53,surface,water,FLM30,Picarro,Floating 8 in,FALSE,324.3,4.283,27.949566668,2022-10-18,324.3,4283,27.357142857142858,324.3,4283,27.357142857142858,2022-10-18,4283,0,0,0.5924238108571416,0,0,0.5924238108571416,TRUE,FALSE,TRUE
Oct_22_116_SRS5_stem,tree,stem,SRS5,LGR2,C,FALSE,213.35,2.012601666666667,20.60309073997222,2022-10-19,213.35,2012.6016666666667,18.3,213.35,2012.6016666666667,18.3,2022-10-19,2012.601666666667,0,1.129750010690468e-16,2.3030907399722196,0,1.129750010690468e-16,2.3030907399722196,TRUE,FALSE,TRUE
Oct_22_117_SRS5_stem,tree,stem,SRS5,LGR2,C,FALSE,213.35,2.012601666666667,20.597962037194442,2022-10-19,213.35,2012.6016666666667,18.3,213.35,2012.6016666666667,18.3,2022-10-19,2012.601666666667,0,1.129750010690468e-16,2.2979620371944414,0,1.129750010690468e-16,2.2979620371944414,TRUE,FALSE,TRUE
Oct_22_118_SRS5_stem,tree,stem,SRS5,LGR2,C,FALSE,213.35,2.012601666666667,20.459346482727778,2022-10-19,213.35,2012.6016666666667,18.3,213.35,2012.6016666666667,18.3,2022-10-19,2012.601666666667,0,1.129750010690468e-16,2.159346482727777,0,1.129750010690468e-16,2.159346482727777,TRUE,FALSE,TRUE
Oct_22_119_SRS5_stem,tree,stem,SRS5,LGR2,C,FALSE,213.35,2.012601666666667,20.29527092846111,2022-10-19,213.35,2012.6016666666667,18.3,213.35,2012.6016666666667,18.3,2022-10-19,2012.601666666667,0,1.129750010690468e-16,1.9952709284611103,0,1.129750010690468e-16,1.9952709284611103,TRUE,FALSE,TRUE
Oct_22_120_SRS5_root,tree,root,SRS5,LGR2,A,FALSE,40.45,1.1605366666666665,19.3473870401,2022-10-19,40.45,1160.5366666666666,18.3,40.45,1160.5366666666666,18.3,2022-10-19,1160.5366666666666,0,0,1.0473870400999985,0,0,1.0473870400999985,TRUE,FALSE,TRUE
Oct_22_121_SRS5_stem,tree,stem,SRS5,LGR2,C,FALSE,213.35,2.012601666666667,18.8258648123,2022-10-19,213.35,2012.6016666666667,15.9,213.35,2012.6016666666667,15.9,2022-10-19,2012.601666666667,0,1.129750010690468e-16,2.9258648123000004,0,1.129750010690468e-16,2.9258648123000004,TRUE,FALSE,TRUE
Oct_22_122_SRS5_stem,tree,stem,SRS5,LGR2,C,FALSE,213.35,2.012601666666667,18.641284442133333,2022-10-19,213.35,2012.6016666666667,15.9,213.35,2012.6016666666667,15.9,2022-10-19,2012.601666666667,0,1.129750010690468e-16,2.741284442133333,0,1.129750010690468e-16,2.741284442133333,TRUE,FALSE,TRUE
Oct_22_123_SRS5_stem,tree,stem,SRS5,LGR2,C,FALSE,213.35,2.012601666666667,18.499372406438887,2022-10-19,213.35,2012.6016666666667,15.9,213.35,2012.6016666666667,15.9,2022-10-19,2012.601666666667,0,1.129750010690468e-16,2.599372406438887,0,1.129750010690468e-16,2.599372406438887,TRUE,FALSE,TRUE
Oct_22_125_SRS5_stem,tree,stem,SRS5,LGR2,C,FALSE,213.35,2.012601666666667,18.40977222275,2022-10-19,213.35,2012.6016666666667,15.9,213.35,2012.6016666666667,15.9,2022-10-19,2012.601666666667,0,1.129750010690468e-16,2.5097722227499997,0,1.129750010690468e-16,2.5097722227499997,TRUE,FALSE,TRUE
Oct_22_124_SRS5_root,tree,root,SRS5,LGR2,A,FALSE,40.45,1.1605366666666665,18.446027409433334,2022-10-19,40.45,1160.5366666666666,15.9,40.45,1160.5366666666666,15.9,2022-10-19,1160.5366666666666,0,0,2.546027409433334,0,0,2.546027409433334,TRUE,FALSE,TRUE
Oct_22_126_SRS5_root,tree,root,SRS5,LGR2,A,FALSE,40.45,1.1605366666666665,18.527822594866667,2022-10-19,40.45,1160.5366666666666,16.1,40.45,1160.5366666666666,16.1,2022-10-19,1160.5366666666666,0,0,2.427822594866665,0,0,2.427822594866665,TRUE,FALSE,TRUE
Oct_22_131_SRS5_root,tree,root,SRS5,LGR2,A,FALSE,40.45,1.1605366666666665,18.658824258766668,2022-10-19,40.45,1160.5366666666666,16.1,40.45,1160.5366666666666,16.1,2022-10-19,1160.5366666666666,0,0,2.5588242587666663,0,0,2.5588242587666663,TRUE,FALSE,TRUE
Oct_22_130_SRS5_stem,tree,stem,SRS5,LGR2,B,FALSE,107.68,1.3669955555555555,18.787303700777777,2022-10-19,107.68,1366.9955555555557,16.1,107.68,1366.9955555555557,16.1,2022-10-19,1366.9955555555555,0,1.6633095441983785e-16,2.6873037007777754,0,1.6633095441983785e-16,2.6873037007777754,TRUE,FALSE,TRUE
Oct_22_127_SRS5_stem,tree,stem,SRS5,LGR2,B,FALSE,107.68,1.3669955555555555,18.762088887666668,2022-10-19,107.68,1366.9955555555557,16.1,107.68,1366.9955555555557,16.1,2022-10-19,1366.9955555555555,0,1.6633095441983785e-16,2.662088887666666,0,1.6633095441983785e-16,2.662088887666666,TRUE,FALSE,TRUE
Oct_22_128_SRS5_stem,tree,stem,SRS5,LGR2,B,FALSE,107.68,1.3669955555555555,18.735339259844444,2022-10-19,107.68,1366.9955555555557,16.1,107.68,1366.9955555555557,16.1,2022-10-19,1366.9955555555555,0,1.6633095441983785e-16,2.635339259844443,0,1.6633095441983785e-16,2.635339259844443,TRUE,FALSE,TRUE
Oct_22_129_SRS5_stem,tree,stem,SRS5,LGR2,B,FALSE,107.68,1.3669955555555555,18.71330370577778,2022-10-19,107.68,1366.9955555555557,16.1,107.68,1366.9955555555557,16.1,2022-10-19,1366.9955555555555,0,1.6633095441983785e-16,2.6133037057777777,0,1.6633095441983785e-16,2.6133037057777777,TRUE,FALSE,TRUE
Oct_22_132_SRS5_CWD,tree,CWD,SRS5,LGR2,B,FALSE,107.68,1.3669955555555555,18.243171109133332,2022-10-19,107.68,1366.9955555555557,16.1,107.68,1366.9955555555557,16.1,2022-10-19,1366.9955555555555,0,1.6633095441983785e-16,2.1431711091333305,0,1.6633095441983785e-16,2.1431711091333305,TRUE,FALSE,TRUE
Oct_22_133_SRS5_CWD,tree,CWD,SRS5,LGR2,B,FALSE,107.68,1.3669955555555555,18.01692870286111,2022-10-19,107.68,1366.9955555555557,16.1,107.68,1366.9955555555557,16.1,2022-10-19,1366.9955555555555,0,1.6633095441983785e-16,1.9169287028611102,0,1.6633095441983785e-16,1.9169287028611102,TRUE,FALSE,TRUE
Oct_22_107_SRS5_stem,tree,stem,SRS5,LGR3,B,FALSE,107.68,1.3669955555555555,19.3335351881,2022-10-19,107.68,1366.9955555555557,15.4,107.68,1366.9955555555557,15.4,2022-10-19,1366.9955555555555,0,1.6633095441983785e-16,3.9335351881000005,0,1.6633095441983785e-16,3.9335351881000005,TRUE,FALSE,TRUE
Oct_22_108_SRS5_stem,tree,stem,SRS5,LGR3,B,FALSE,107.68,1.3669955555555555,19.081777778,2022-10-19,107.68,1366.9955555555557,15.4,107.68,1366.9955555555557,15.4,2022-10-19,1366.9955555555555,0,1.6633095441983785e-16,3.681777777999999,0,1.6633095441983785e-16,3.681777777999999,TRUE,FALSE,TRUE
Oct_22_109_SRS5_stem,tree,stem,SRS5,LGR3,B,FALSE,107.68,1.3669955555555555,18.8618796275,2022-10-19,107.68,1366.9955555555557,15.4,107.68,1366.9955555555557,15.4,2022-10-19,1366.9955555555555,0,1.6633095441983785e-16,3.4618796274999983,0,1.6633095441983785e-16,3.4618796274999983,TRUE,FALSE,TRUE
Oct_22_110_SRS5_root,tree,root,SRS5,LGR3,A,FALSE,40.45,1.1605366666666665,18.6612499975,2022-10-19,40.45,1160.5366666666666,15.4,40.45,1160.5366666666666,15.4,2022-10-19,1160.5366666666666,0,0,3.2612499975,0,0,3.2612499975,TRUE,FALSE,TRUE
Oct_22_111_SRS5_root,tree,root,SRS5,LGR3,A,FALSE,40.45,1.1605366666666665,18.556332961455553,2022-10-19,40.45,1160.5366666666666,15.4,40.45,1160.5366666666666,15.4,2022-10-19,1160.5366666666666,0,0,3.1563329614555524,0,0,3.1563329614555524,TRUE,FALSE,TRUE
Oct_22_112_SRS5_root,tree,root,SRS5,LGR3,A,FALSE,40.45,1.1605366666666665,18.399733703816665,2022-10-19,40.45,1160.5366666666666,15.4,40.45,1160.5366666666666,15.4,2022-10-19,1160.5366666666666,0,0,2.9997337038166645,0,0,2.9997337038166645,TRUE,FALSE,TRUE
Oct_22_113_SRS5_stem,tree,stem,SRS5,LGR3,B,FALSE,107.68,1.3669955555555555,18.44584815016667,2022-10-19,107.68,1366.9955555555557,18,107.68,1366.9955555555557,18,2022-10-19,1366.9955555555555,0,1.6633095441983785e-16,0.44584815016666823,0,1.6633095441983785e-16,0.44584815016666823,TRUE,FALSE,TRUE
Oct_22_114_SRS5_stem,tree,stem,SRS5,LGR3,B,FALSE,107.68,1.3669955555555555,18.48783815126667,2022-10-19,107.68,1366.9955555555557,18,107.68,1366.9955555555557,18,2022-10-19,1366.9955555555555,0,1.6633095441983785e-16,0.4878381512666685,0,1.6633095441983785e-16,0.4878381512666685,TRUE,FALSE,TRUE
Oct_22_115_SRS5_stem,tree,stem,SRS5,LGR3,B,FALSE,107.68,1.3669955555555555,18.58306426036667,2022-10-19,107.68,1366.9955555555557,18,107.68,1366.9955555555557,18,2022-10-19,1366.9955555555555,0,1.6633095441983785e-16,0.5830642603666689,0,1.6633095441983785e-16,0.5830642603666689,TRUE,FALSE,TRUE
Oct_22_134_SRS5_stem,tree,stem,SRS5,LGR2,C,FALSE,213.35,2.012601666666667,22.761436484072224,2022-10-20,213.35,2012.6016666666667,21,213.35,2012.6016666666667,21,2022-10-20,2012.601666666667,0,1.129750010690468e-16,1.7614364840722239,0,1.129750010690468e-16,1.7614364840722239,TRUE,FALSE,TRUE
Oct_22_135_SRS5_stem,tree,stem,SRS5,LGR2,C,FALSE,213.35,2.012601666666667,22.930056297644445,2022-10-20,213.35,2012.6016666666667,21,213.35,2012.6016666666667,21,2022-10-20,2012.601666666667,0,1.129750010690468e-16,1.9300562976444446,0,1.129750010690468e-16,1.9300562976444446,TRUE,FALSE,TRUE
Oct_22_136_SRS5_stem,tree,stem,SRS5,LGR2,C,FALSE,213.35,2.012601666666667,23.070279629944444,2022-10-20,213.35,2012.6016666666667,21,213.35,2012.6016666666667,21,2022-10-20,2012.601666666667,0,1.129750010690468e-16,2.0702796299444444,0,1.129750010690468e-16,2.0702796299444444,TRUE,FALSE,TRUE
Oct_22_137_SRS5_stem,tree,stem,SRS5,LGR2,C,FALSE,213.35,2.012601666666667,23.19363036912222,2022-10-20,213.35,2012.6016666666667,21,213.35,2012.6016666666667,21,2022-10-20,2012.601666666667,0,1.129750010690468e-16,2.1936303691222214,0,1.129750010690468e-16,2.1936303691222214,TRUE,FALSE,TRUE
Oct_22_138_SRS5_root,tree,root,SRS5,LGR2,A,FALSE,40.45,1.1605366666666665,23.396899996666665,2022-10-20,40.45,1160.5366666666666,21,40.45,1160.5366666666666,21,2022-10-20,1160.5366666666666,0,0,2.396899996666665,0,0,2.396899996666665,TRUE,FALSE,TRUE
Oct_22_139_SRS5_root,tree,root,SRS5,LGR2,A,FALSE,40.45,1.1605366666666665,23.554811107777777,2022-10-20,40.45,1160.5366666666666,21,40.45,1160.5366666666666,21,2022-10-20,1160.5366666666666,0,0,2.554811107777777,0,0,2.554811107777777,TRUE,FALSE,TRUE
Oct_22_140_SRS5_stem,tree,stem,SRS5,LGR2,A,FALSE,40.45,1.1605366666666665,23.783666665,2022-10-20,40.45,1160.5366666666666,21.4,40.45,1160.5366666666666,21.4,2022-10-20,1160.5366666666666,0,0,2.383666665,0,0,2.383666665,TRUE,FALSE,TRUE
Oct_22_141_SRS5_stem,tree,stem,SRS5,LGR2,A,FALSE,40.45,1.1605366666666665,23.83698518461111,2022-10-20,40.45,1160.5366666666666,21.4,40.45,1160.5366666666666,21.4,2022-10-20,1160.5366666666666,0,0,2.4369851846111104,0,0,2.4369851846111104,TRUE,FALSE,TRUE
Oct_22_142_SRS5_stem,tree,stem,SRS5,LGR2,A,FALSE,40.45,1.1605366666666665,23.86738888833333,2022-10-20,40.45,1160.5366666666666,21.4,40.45,1160.5366666666666,21.4,2022-10-20,1160.5366666666666,0,0,2.467388888333332,0,0,2.467388888333332,TRUE,FALSE,TRUE
44854_SRS5_Soil_57,surface,soil,SRS5,LGR2,3 ft soil,FALSE,433.7,39.606,23.878138885833334,2022-10-20,433.7,39606,18.057142857142857,433.7,39606,18.057142857142857,2022-10-20,39606,0,0,5.820996028690477,0,0,5.820996028690477,TRUE,FALSE,TRUE
44854_SRS5_Soil_58,surface,soil,SRS5,LGR2,3 ft soil,FALSE,433.7,39.606,23.875722221666667,2022-10-20,433.7,39606,18.14,433.7,39606,18.14,2022-10-20,39606,0,0,5.735722221666666,0,0,5.735722221666666,TRUE,FALSE,TRUE
44854_SRS5_Soil_59,surface,soil,SRS5,LGR2,3 ft soil,FALSE,433.7,39.606,23.872688890666666,2022-10-20,433.7,39606,18.575000000000003,433.7,39606,18.575000000000003,2022-10-20,39606,0,0,5.297688890666663,0,0,5.297688890666663,TRUE,FALSE,TRUE
44854_SRS5_Soil_60,surface,soil,SRS5,LGR2,3 ft soil,FALSE,433.7,39.606,23.873333336666665,2022-10-20,433.7,39606,18.56,433.7,39606,18.56,2022-10-20,39606,0,0,5.313333336666666,0,0,5.313333336666666,TRUE,FALSE,TRUE
44854_SRS5_Soil_61,surface,soil,SRS5,LGR2,3 ft soil,FALSE,433.7,39.606,23.881000003333334,2022-10-20,433.7,39606,18.52,433.7,39606,18.52,2022-10-20,39606,0,0,5.361000003333334,0,0,5.361000003333334,TRUE,FALSE,TRUE
44854_SRS5_Soil_62,surface,soil,SRS5,LGR2,3 ft soil,FALSE,433.7,39.606,23.889255558833334,2022-10-20,433.7,39606,18.5,433.7,39606,18.5,2022-10-20,39606,0,0,5.389255558833334,0,0,5.389255558833334,TRUE,FALSE,TRUE
44854_SRS5_Soil_63,surface,soil,SRS5,LGR2,3 ft soil,FALSE,433.7,39.606,23.8610333355,2022-10-20,433.7,39606,18.5,433.7,39606,18.5,2022-10-20,39606,0,0,5.3610333355,0,0,5.3610333355,TRUE,FALSE,TRUE
44854_SRS5_Soil_64,surface,soil,SRS5,LGR2,3 ft soil,FALSE,433.7,39.606,23.82081666725,2022-10-20,433.7,39606,18.5,433.7,39606,18.5,2022-10-20,39606,0,0,5.32081666725,0,0,5.32081666725,TRUE,FALSE,TRUE
Oct_22_150_SRS5_stem,tree,stem,SRS5,LGR3,C,FALSE,213.35,2.012601666666667,21.99469074011111,2022-10-20,213.35,2012.6016666666667,21.1,213.35,2012.6016666666667,21.1,2022-10-20,2012.601666666667,0,1.129750010690468e-16,0.894690740111109,0,1.129750010690468e-16,0.894690740111109,TRUE,FALSE,TRUE
Oct_22_151_SRS5_stem,tree,stem,SRS5,LGR3,C,FALSE,213.35,2.012601666666667,22.517512965444446,2022-10-20,213.35,2012.6016666666667,21.1,213.35,2012.6016666666667,21.1,2022-10-20,2012.601666666667,0,1.129750010690468e-16,1.4175129654444447,0,1.129750010690468e-16,1.4175129654444447,TRUE,FALSE,TRUE
Oct_22_152_SRS5_stem,tree,stem,SRS5,LGR3,B,FALSE,107.68,1.3669955555555555,22.76118518777778,2022-10-20,107.68,1366.9955555555557,21.1,107.68,1366.9955555555557,21.1,2022-10-20,1366.9955555555555,0,1.6633095441983785e-16,1.6611851877777788,0,1.6633095441983785e-16,1.6611851877777788,TRUE,FALSE,TRUE
Oct_22_153_SRS5_root,tree,root,SRS5,LGR3,A,FALSE,40.45,1.1605366666666665,22.866729631444446,2022-10-20,40.45,1160.5366666666666,21.1,40.45,1160.5366666666666,21.1,2022-10-20,1160.5366666666666,0,0,1.766729631444445,0,0,1.766729631444445,TRUE,FALSE,TRUE
Oct_22_154_SRS5_root,tree,root,SRS5,LGR3,A,FALSE,40.45,1.1605366666666665,23.1039533334,2022-10-20,40.45,1160.5366666666666,21.1,40.45,1160.5366666666666,21.1,2022-10-20,1160.5366666666666,0,0,2.0039533333999984,0,0,2.0039533333999984,TRUE,FALSE,TRUE
Oct_22_155_SRS5_stem,tree,stem,SRS5,LGR3,C,FALSE,213.35,2.012601666666667,23.250454442316666,2022-10-20,213.35,2012.6016666666667,19.9,213.35,2012.6016666666667,19.9,2022-10-20,2012.601666666667,0,1.129750010690468e-16,3.350454442316668,0,1.129750010690468e-16,3.350454442316668,TRUE,FALSE,TRUE
Oct_22_156_SRS5_stem,tree,stem,SRS5,LGR3,C,FALSE,213.35,2.012601666666667,23.32235184861111,2022-10-20,213.35,2012.6016666666667,19.9,213.35,2012.6016666666667,19.9,2022-10-20,2012.601666666667,0,1.129750010690468e-16,3.422351848611111,0,1.129750010690468e-16,3.422351848611111,TRUE,FALSE,TRUE
Oct_22_157_SRS5_stem,tree,stem,SRS5,LGR3,B,FALSE,107.68,1.3669955555555555,23.438455552222223,2022-10-20,107.68,1366.9955555555557,19.9,107.68,1366.9955555555557,19.9,2022-10-20,1366.9955555555555,0,1.6633095441983785e-16,3.5384555522222243,0,1.6633095441983785e-16,3.5384555522222243,TRUE,FALSE,TRUE
Oct_22_158_SRS5_root,tree,root,SRS5,LGR3,A,FALSE,40.45,1.1605366666666665,23.633766663333333,2022-10-20,40.45,1160.5366666666666,19.9,40.45,1160.5366666666666,19.9,2022-10-20,1160.5366666666666,0,0,3.733766663333334,0,0,3.733766663333334,TRUE,FALSE,TRUE
Oct_22_159_SRS5_root,tree,root,SRS5,LGR3,A,FALSE,40.45,1.1605366666666665,23.726733330499997,2022-10-20,40.45,1160.5366666666666,19.9,40.45,1160.5366666666666,19.9,2022-10-20,1160.5366666666666,0,0,3.826733330499998,0,0,3.826733330499998,TRUE,FALSE,TRUE
Oct_22_143_SRS5_stem,tree,stem,SRS5,LGR3,B,FALSE,107.68,1.3669955555555555,23.797222220833333,2022-10-20,107.68,1366.9955555555557,16.4,107.68,1366.9955555555557,16.4,2022-10-20,1366.9955555555555,0,1.6633095441983785e-16,7.397222220833335,0,1.6633095441983785e-16,7.397222220833335,TRUE,FALSE,TRUE
Oct_22_144_SRS5_stem,tree,stem,SRS5,LGR3,B,FALSE,107.68,1.3669955555555555,23.865477777666666,2022-10-20,107.68,1366.9955555555557,16.4,107.68,1366.9955555555557,16.4,2022-10-20,1366.9955555555555,0,1.6633095441983785e-16,7.465477777666667,0,1.6633095441983785e-16,7.465477777666667,TRUE,FALSE,TRUE
Oct_22_145_SRS5_stem,tree,stem,SRS5,LGR3,B,FALSE,107.68,1.3669955555555555,23.869355739727776,2022-10-20,107.68,1366.9955555555557,16.4,107.68,1366.9955555555557,16.4,2022-10-20,1366.9955555555555,0,1.6633095441983785e-16,7.469355739727778,0,1.6633095441983785e-16,7.469355739727778,TRUE,FALSE,TRUE
Oct_22_146_SRS5_root,tree,root,SRS5,LGR3,A,FALSE,40.45,1.1605366666666665,23.872357776066668,2022-10-20,40.45,1160.5366666666666,16.4,40.45,1160.5366666666666,16.4,2022-10-20,1160.5366666666666,0,0,7.472357776066669,0,0,7.472357776066669,TRUE,FALSE,TRUE
Oct_22_147_SRS5_stem,tree,stem,SRS5,LGR3,C,FALSE,213.35,2.012601666666667,23.877599998,2022-10-20,213.35,2012.6016666666667,18.6,213.35,2012.6016666666667,18.6,2022-10-20,2012.601666666667,0,1.129750010690468e-16,5.2775999979999995,0,1.129750010690468e-16,5.2775999979999995,TRUE,FALSE,TRUE
Oct_22_148_SRS5_stem,tree,stem,SRS5,LGR3,B,FALSE,107.68,1.3669955555555555,23.87560185138889,2022-10-20,107.68,1366.9955555555557,18.6,107.68,1366.9955555555557,18.6,2022-10-20,1366.9955555555555,0,1.6633095441983785e-16,5.275601851388888,0,1.6633095441983785e-16,5.275601851388888,TRUE,FALSE,TRUE
Oct_22_149_SRS5_stem,tree,stem,SRS5,LGR3,B,FALSE,107.68,1.3669955555555555,23.872650372177777,2022-10-20,107.68,1366.9955555555557,18.6,107.68,1366.9955555555557,18.6,2022-10-20,1366.9955555555555,0,1.6633095441983785e-16,5.272650372177775,0,1.6633095441983785e-16,5.272650372177775,TRUE,FALSE,TRUE
Oct_22_160_SRS5_stem,tree,stem,SRS5,LGR3,C,FALSE,213.35,2.012601666666667,23.87784444777778,2022-10-20,213.35,2012.6016666666667,18.5,213.35,2012.6016666666667,18.5,2022-10-20,2012.601666666667,0,1.129750010690468e-16,5.377844447777779,0,1.129750010690468e-16,5.377844447777779,TRUE,FALSE,TRUE
Oct_22_161_SRS5_stem,tree,stem,SRS5,LGR3,B,FALSE,107.68,1.3669955555555555,23.88853333666667,2022-10-20,107.68,1366.9955555555557,18.5,107.68,1366.9955555555557,18.5,2022-10-20,1366.9955555555555,0,1.6633095441983785e-16,5.388533336666669,0,1.6633095441983785e-16,5.388533336666669,TRUE,FALSE,TRUE
Oct_22_162_SRS5_stem,tree,stem,SRS5,LGR3,B,FALSE,107.68,1.3669955555555555,23.876884817605557,2022-10-20,107.68,1366.9955555555557,18.5,107.68,1366.9955555555557,18.5,2022-10-20,1366.9955555555555,0,1.6633095441983785e-16,5.376884817605557,0,1.6633095441983785e-16,5.376884817605557,TRUE,FALSE,TRUE
Oct_22_163_SRS5_root,tree,root,SRS5,LGR3,A,FALSE,40.45,1.1605366666666665,23.85600037233889,2022-10-20,40.45,1160.5366666666666,18.5,40.45,1160.5366666666666,18.5,2022-10-20,1160.5366666666666,0,0,5.35600037233889,0,0,5.35600037233889,TRUE,FALSE,TRUE
Oct_22_164_SRS5_CWD,tree,CWD,SRS5,LGR3,A,FALSE,40.45,1.1605366666666665,23.83398703813889,2022-10-20,40.45,1160.5366666666666,18.5,40.45,1160.5366666666666,18.5,2022-10-20,1160.5366666666666,0,0,5.33398703813889,0,0,5.33398703813889,TRUE,FALSE,TRUE
44854_SRS5_Water_54,surface,water,SRS5,Picarro,Floating 8 in,TRUE,324.3,4.283,23.14888888833333,2022-10-20,324.3,4283,20.788888888888888,324.3,4283,20.788888888888888,2022-10-20,4283,0,0,2.359999999444444,0,0,2.359999999444444,TRUE,FALSE,TRUE
44854_SRS5_Water_55,surface,water,SRS5,Picarro,Floating 8 in,TRUE,324.3,4.283,23.227844442666665,2022-10-20,324.3,4283,20.6,324.3,4283,20.6,2022-10-20,4283,0,0,2.627844442666664,0,0,2.627844442666664,TRUE,FALSE,TRUE
44854_SRS5_Water_56,surface,water,SRS5,Picarro,Floating 8 in,TRUE,324.3,4.283,23.299622219333333,2022-10-20,324.3,4283,20.522222222222226,324.3,4283,20.522222222222226,2022-10-20,4283,0,0,2.7773999971111074,0,0,2.7773999971111074,TRUE,FALSE,TRUE
Oct_22_165_SRS5_stem,tree,stem,SRS5,LGR3,B,FALSE,107.68,1.3669955555555555,21.938210371966665,2022-10-21,107.68,1366.9955555555557,17.6,107.68,1366.9955555555557,17.6,2022-10-21,1366.9955555555555,0,1.6633095441983785e-16,4.338210371966664,0,1.6633095441983785e-16,4.338210371966664,TRUE,FALSE,TRUE
Oct_22_166_SRS5_stem,tree,stem,SRS5,LGR3,B,FALSE,107.68,1.3669955555555555,22.388118517833334,2022-10-21,107.68,1366.9955555555557,17.6,107.68,1366.9955555555557,17.6,2022-10-21,1366.9955555555555,0,1.6633095441983785e-16,4.7881185178333325,0,1.6633095441983785e-16,4.7881185178333325,TRUE,FALSE,TRUE
Oct_22_167_SRS5_stem,tree,stem,SRS5,LGR3,B,FALSE,107.68,1.3669955555555555,22.906681478166668,2022-10-21,107.68,1366.9955555555557,17.6,107.68,1366.9955555555557,17.6,2022-10-21,1366.9955555555555,0,1.6633095441983785e-16,5.3066814781666665,0,1.6633095441983785e-16,5.3066814781666665,TRUE,FALSE,TRUE
Oct_22_168_SRS5_root,tree,root,SRS5,LGR3,A,FALSE,40.45,1.1605366666666665,23.195272035455556,2022-10-21,40.45,1160.5366666666666,17.6,40.45,1160.5366666666666,17.6,2022-10-21,1160.5366666666666,0,0,5.5952720354555545,0,0,5.5952720354555545,TRUE,FALSE,TRUE
Oct_22_169_SRS5_root,tree,root,SRS5,LGR3,A,FALSE,40.45,1.1605366666666665,23.425994073911113,2022-10-21,40.45,1160.5366666666666,17.6,40.45,1160.5366666666666,17.6,2022-10-21,1160.5366666666666,0,0,5.825994073911112,0,0,5.825994073911112,TRUE,FALSE,TRUE
Oct_22_170_SRS5_stem,tree,stem,SRS5,LGR3,C,FALSE,213.35,2.012601666666667,24.036551299483335,2022-10-21,213.35,2012.6016666666667,16.8,213.35,2012.6016666666667,16.8,2022-10-21,2012.601666666667,0,1.129750010690468e-16,7.2365512994833345,0,1.129750010690468e-16,7.2365512994833345,TRUE,FALSE,TRUE
Oct_22_171_SRS5_stem,tree,stem,SRS5,LGR3,D,FALSE,462.19,3.138644,24.596426853083333,2022-10-21,462.19,3138.644,16.8,462.19,3138.644,16.8,2022-10-21,3138.6440000000002,0,1.448865659458238e-16,7.796426853083332,0,1.448865659458238e-16,7.796426853083332,TRUE,FALSE,TRUE
Oct_22_172_SRS5_stem,tree,stem,SRS5,LGR3,C,FALSE,213.35,2.012601666666667,24.949814814822222,2022-10-21,213.35,2012.6016666666667,16.8,213.35,2012.6016666666667,16.8,2022-10-21,2012.601666666667,0,1.129750010690468e-16,8.149814814822221,0,1.129750010690468e-16,8.149814814822221,TRUE,FALSE,TRUE
Oct_22_173_SRS5_stem,tree,stem,SRS5,LGR3,C,FALSE,213.35,2.012601666666667,25.089962964244446,2022-10-21,213.35,2012.6016666666667,16.8,213.35,2012.6016666666667,16.8,2022-10-21,2012.601666666667,0,1.129750010690468e-16,8.289962964244445,0,1.129750010690468e-16,8.289962964244445,TRUE,FALSE,TRUE
Oct_22_174_SRS5_root,tree,root,SRS5,LGR3,A,FALSE,40.45,1.1605366666666665,25.194462965194443,2022-10-21,40.45,1160.5366666666666,16.8,40.45,1160.5366666666666,16.8,2022-10-21,1160.5366666666666,0,0,8.394462965194442,0,0,8.394462965194442,TRUE,FALSE,TRUE
44855_SRS6_Soil_65,surface,soil,SRS6,LGR3,3 ft soil,FALSE,433.7,39.606,25.4320833315,2022-10-21,433.7,39606,16.8,433.7,39606,16.8,2022-10-21,39606,0,0,8.632083331499999,0,0,8.632083331499999,TRUE,FALSE,TRUE
44855_SRS6_Soil_66,surface,soil,SRS6,LGR3,3 ft soil,FALSE,433.7,39.606,25.4660277745,2022-10-21,433.7,39606,16.8,433.7,39606,16.8,2022-10-21,39606,0,0,8.666027774499998,0,0,8.666027774499998,TRUE,FALSE,TRUE
44855_SRS6_Soil_67,surface,soil,SRS6,LGR3,3 ft soil,FALSE,433.7,39.606,25.457555554,2022-10-21,433.7,39606,16.8,433.7,39606,16.8,2022-10-21,39606,0,0,8.657555553999998,0,0,8.657555553999998,TRUE,FALSE,TRUE
44855_SRS6_Soil_68,surface,soil,SRS6,LGR3,3 ft soil,FALSE,433.7,39.606,25.448388889,2022-10-21,433.7,39606,16.8,433.7,39606,16.8,2022-10-21,39606,0,0,8.648388889,0,0,8.648388889,TRUE,FALSE,TRUE
44855_SRS6_Soil_69,surface,soil,SRS6,LGR3,3 ft soil,FALSE,433.7,39.606,25.439222224,2022-10-21,433.7,39606,16.8,433.7,39606,16.8,2022-10-21,39606,0,0,8.639222224000001,0,0,8.639222224000001,TRUE,FALSE,TRUE
44855_SRS6_Soil_70,surface,soil,SRS6,LGR3,3 ft soil,FALSE,433.7,39.606,25.428744447666666,2022-10-21,433.7,39606,16.8,433.7,39606,16.8,2022-10-21,39606,0,0,8.628744447666666,0,0,8.628744447666666,TRUE,FALSE,TRUE
44855_SRS6_Soil_71,surface,soil,SRS6,LGR3,3 ft soil,FALSE,433.7,39.606,25.401833335,2022-10-21,433.7,39606,16.8,433.7,39606,16.8,2022-10-21,39606,0,0,8.601833334999998,0,0,8.601833334999998,TRUE,FALSE,TRUE
44855_SRS6_Soil_72,surface,soil,SRS6,LGR3,3 ft soil,FALSE,433.7,39.606,25.373,2022-10-21,433.7,39606,16.8,433.7,39606,16.8,2022-10-21,39606,0,0,8.573,0,0,8.573,TRUE,FALSE,TRUE
44855_SRS6_Soil_73,surface,soil,SRS6,LGR3,3 ft soil,FALSE,433.7,39.606,25.339361109166667,2022-10-21,433.7,39606,16.8,433.7,39606,16.8,2022-10-21,39606,0,0,8.539361109166666,0,0,8.539361109166666,TRUE,FALSE,TRUE
44855_SRS6_Soil_74,surface,soil,SRS6,LGR3,3 ft soil,FALSE,433.7,39.606,25.314608330000002,2022-10-21,433.7,39606,16.8,433.7,39606,16.8,2022-10-21,39606,0,0,8.514608330000002,0,0,8.514608330000002,TRUE,FALSE,TRUE
44855_SRS6_Soil_75,surface,soil,SRS6,LGR3,3 ft soil,FALSE,433.7,39.606,25.416684721625,2022-10-21,433.7,39606,NA,433.7,39606,NA,2022-10-21,39606,0,0,NA,0,0,NA,TRUE,FALSE,TRUE
Oct_22_201_CP40_stem,tree,stem,CP40,LGR1,C,FALSE,213.35,2.012601666666667,24.77306851893889,2022-10-23,213.35,2012.6016666666667,27.9,213.35,2012.6016666666667,27.9,2022-10-23,2012.601666666667,0,1.129750010690468e-16,3.12693148106111,0,1.129750010690468e-16,3.12693148106111,TRUE,FALSE,TRUE
Oct_22_202_CP40_stem,tree,stem,CP40,LGR1,C,FALSE,213.35,2.012601666666667,25.004259261444446,2022-10-23,213.35,2012.6016666666667,27.9,213.35,2012.6016666666667,27.9,2022-10-23,2012.601666666667,0,1.129750010690468e-16,2.8957407385555527,0,1.129750010690468e-16,2.8957407385555527,TRUE,FALSE,TRUE
Oct_22_203_CP40_stem,tree,stem,CP40,LGR1,C,FALSE,213.35,2.012601666666667,25.318610003333333,2022-10-23,213.35,2012.6016666666667,27.9,213.35,2012.6016666666667,27.9,2022-10-23,2012.601666666667,0,1.129750010690468e-16,2.5813899966666654,0,1.129750010690468e-16,2.5813899966666654,TRUE,FALSE,TRUE
Oct_22_204_CP40_stem,tree,stem,CP40,LGR1,D,FALSE,462.19,3.138644,25.629600003333334,2022-10-23,462.19,3138.644,29.7,462.19,3138.644,29.7,2022-10-23,3138.6440000000002,0,1.448865659458238e-16,4.070399996666666,0,1.448865659458238e-16,4.070399996666666,TRUE,FALSE,TRUE
Oct_22_205_CP40_stem,tree,stem,CP40,LGR1,D,FALSE,462.19,3.138644,26.018243891850002,2022-10-23,462.19,3138.644,29.7,462.19,3138.644,29.7,2022-10-23,3138.6440000000002,0,1.448865659458238e-16,3.6817561081499974,0,1.448865659458238e-16,3.6817561081499974,TRUE,FALSE,TRUE
Oct_22_206_CP40_stem,tree,stem,CP40,LGR1,C,FALSE,213.35,2.012601666666667,26.2066859272,2022-10-23,213.35,2012.6016666666667,29.7,213.35,2012.6016666666667,29.7,2022-10-23,2012.601666666667,0,1.129750010690468e-16,3.4933140728000005,0,1.129750010690468e-16,3.4933140728000005,TRUE,FALSE,TRUE
44857_CP40_Water_76,surface,water,CP40,LGR2,Floating 8 in,FALSE,324.3,4.276,24.90722222366667,2022-10-23,324.3,4276,28,324.3,4276,28,2022-10-23,4276,0,0,3.0927777763333317,0,0,3.0927777763333317,TRUE,FALSE,TRUE
44857_CP40_Water_77,surface,water,CP40,LGR2,Floating 8 in,FALSE,324.3,4.276,25.12191666975,2022-10-23,324.3,4276,28.34,324.3,4276,28.34,2022-10-23,4276,0,0,3.21808333025,0,0,3.21808333025,TRUE,FALSE,TRUE
44857_CP40_Water_78,surface,water,CP40,LGR2,Floating 8 in,FALSE,324.3,4.276,25.20946667,2022-10-23,324.3,4276,28.34,324.3,4276,28.34,2022-10-23,4276,0,0,3.1305333299999987,0,0,3.1305333299999987,TRUE,FALSE,TRUE
44857_CP40_Water_79,surface,water,CP40,LGR2,Floating 8 in,FALSE,324.3,4.276,25.61361667,2022-10-23,324.3,4276,29.18,324.3,4276,29.18,2022-10-23,4276,0,0,3.5663833300000007,0,0,3.5663833300000007,TRUE,FALSE,TRUE
44857_CP40_Water_80,surface,water,CP40,LGR2,Floating 8 in,FALSE,324.3,4.276,25.81226667,2022-10-23,324.3,4276,29.73333333333333,324.3,4276,29.733333333333334,2022-10-23,4276,0,0,3.921066663333331,0,0,3.9210666633333346,TRUE,FALSE,TRUE
Oct_22_175_CP40_stem,tree,stem,CP40,LGR2,C,FALSE,213.35,2.012601666666667,26.175244446,2022-10-23,213.35,2012.6016666666667,30.7,213.35,2012.6016666666667,30.7,2022-10-23,2012.601666666667,0,1.129750010690468e-16,4.524755553999999,0,1.129750010690468e-16,4.524755553999999,TRUE,FALSE,TRUE
Oct_22_176_CP40_stem,tree,stem,CP40,LGR2,C,FALSE,213.35,2.012601666666667,26.2559166675,2022-10-23,213.35,2012.6016666666667,30.7,213.35,2012.6016666666667,30.7,2022-10-23,2012.601666666667,0,1.129750010690468e-16,4.4440833325,0,1.129750010690468e-16,4.4440833325,TRUE,FALSE,TRUE
Oct_22_177_CP40_stem,tree,stem,CP40,LGR2,C,FALSE,213.35,2.012601666666667,26.3427944445,2022-10-23,213.35,2012.6016666666667,30.7,213.35,2012.6016666666667,30.7,2022-10-23,2012.601666666667,0,1.129750010690468e-16,4.357205555499998,0,1.129750010690468e-16,4.357205555499998,TRUE,FALSE,TRUE
Oct_22_178_CP40_stem,tree,stem,CP40,LGR2,C,FALSE,213.35,2.012601666666667,26.56968888933333,2022-10-23,213.35,2012.6016666666667,30.7,213.35,2012.6016666666667,30.7,2022-10-23,2012.601666666667,0,1.129750010690468e-16,4.130311110666668,0,1.129750010690468e-16,4.130311110666668,TRUE,FALSE,TRUE
Oct_22_179_CP40_stem,tree,stem,CP40,LGR2,C,FALSE,213.35,2.012601666666667,26.7560666635,2022-10-23,213.35,2012.6016666666667,30.7,213.35,2012.6016666666667,30.7,2022-10-23,2012.601666666667,0,1.129750010690468e-16,3.943933336499999,0,1.129750010690468e-16,3.943933336499999,TRUE,FALSE,TRUE
Oct_22_180_CP40_stem,tree,stem,CP40,LGR2,C,FALSE,213.35,2.012601666666667,26.998688888666667,2022-10-23,213.35,2012.6016666666667,30.7,213.35,2012.6016666666667,30.7,2022-10-23,2012.601666666667,0,1.129750010690468e-16,3.7013111113333323,0,1.129750010690468e-16,3.7013111113333323,TRUE,FALSE,TRUE
Oct_22_181_CP40_stem,tree,stem,CP40,LGR2,C,FALSE,213.35,2.012601666666667,27.040466666666667,2022-10-23,213.35,2012.6016666666667,30.8,213.35,2012.6016666666667,30.8,2022-10-23,2012.601666666667,0,1.129750010690468e-16,3.7595333333333336,0,1.129750010690468e-16,3.7595333333333336,TRUE,FALSE,TRUE
Oct_22_182_CP40_stem,tree,stem,CP40,LGR2,C,FALSE,213.35,2.012601666666667,27.084955555555556,2022-10-23,213.35,2012.6016666666667,30.8,213.35,2012.6016666666667,30.8,2022-10-23,2012.601666666667,0,1.129750010690468e-16,3.7150444444444446,0,1.129750010690468e-16,3.7150444444444446,TRUE,FALSE,TRUE
Oct_22_183_CP40_stem,tree,stem,CP40,LGR2,C,FALSE,213.35,2.012601666666667,27.076555555,2022-10-23,213.35,2012.6016666666667,30.8,213.35,2012.6016666666667,30.8,2022-10-23,2012.601666666667,0,1.129750010690468e-16,3.723444445000002,0,1.129750010690468e-16,3.723444445000002,TRUE,FALSE,TRUE
Oct_22_184_CP40_stem,tree,stem,CP40,LGR2,C,FALSE,213.35,2.012601666666667,26.995773331200002,2022-10-23,213.35,2012.6016666666667,31,213.35,2012.6016666666667,31,2022-10-23,2012.601666666667,0,1.129750010690468e-16,4.004226668799998,0,1.129750010690468e-16,4.004226668799998,TRUE,FALSE,TRUE
Oct_22_185_CP40_stem,tree,stem,CP40,LGR2,C,FALSE,213.35,2.012601666666667,26.844033330000002,2022-10-23,213.35,2012.6016666666667,31,213.35,2012.6016666666667,31,2022-10-23,2012.601666666667,0,1.129750010690468e-16,4.155966669999998,0,1.129750010690468e-16,4.155966669999998,TRUE,FALSE,TRUE
Oct_22_186_CP40_stem,tree,stem,CP40,LGR2,C,FALSE,213.35,2.012601666666667,26.67633333,2022-10-23,213.35,2012.6016666666667,31,213.35,2012.6016666666667,31,2022-10-23,2012.601666666667,0,1.129750010690468e-16,4.3236666700000015,0,1.129750010690468e-16,4.3236666700000015,TRUE,FALSE,TRUE
Oct_22_187_CP40_CWD,tree,CWD,CP40,LGR2,A,FALSE,40.45,1.1605366666666665,26.46011111,2022-10-23,40.45,1160.5366666666666,30,40.45,1160.5366666666666,30,2022-10-23,1160.5366666666666,0,0,3.5398888900000003,0,0,3.5398888900000003,TRUE,FALSE,TRUE
Oct_22_188_CP40_CWD,tree,CWD,CP40,LGR2,A,FALSE,40.45,1.1605366666666665,26.406055555000002,2022-10-23,40.45,1160.5366666666666,31.2,40.45,1160.5366666666666,31.2,2022-10-23,1160.5366666666666,0,0,4.7939444449999975,0,0,4.7939444449999975,TRUE,FALSE,TRUE
Oct_22_189_CP40_stem,tree,stem,CP40,LGR3,B,FALSE,107.68,1.3669955555555555,24.833959260144443,2022-10-23,107.68,1366.9955555555557,28.3,107.68,1366.9955555555557,28.3,2022-10-23,1366.9955555555555,0,1.6633095441983785e-16,3.4660407398555577,0,1.6633095441983785e-16,3.4660407398555577,TRUE,FALSE,TRUE
Oct_22_190_CP40_stem,tree,stem,CP40,LGR3,B,FALSE,107.68,1.3669955555555555,26.026311114,2022-10-23,107.68,1366.9955555555557,29.9,107.68,1366.9955555555557,29.9,2022-10-23,1366.9955555555555,0,1.6633095441983785e-16,3.873688886,0,1.6633095441983785e-16,3.873688886,TRUE,FALSE,TRUE
Oct_22_191_CP40_stem,tree,stem,CP40,LGR3,A,FALSE,40.45,1.1605366666666665,26.2964596301,2022-10-23,40.45,1160.5366666666666,30.1,40.45,1160.5366666666666,30.1,2022-10-23,1160.5366666666666,0,0,3.803540369900002,0,0,3.803540369900002,TRUE,FALSE,TRUE
Oct_22_192_CP40_stem,tree,stem,CP40,LGR3,D,FALSE,462.19,3.138644,26.488444446666666,2022-10-23,462.19,3138.644,28.6,462.19,3138.644,28.6,2022-10-23,3138.6440000000002,0,1.448865659458238e-16,2.1115555533333357,0,1.448865659458238e-16,2.1115555533333357,TRUE,FALSE,TRUE
Oct_22_193_CP40_stem,tree,stem,CP40,LGR3,D,FALSE,462.19,3.138644,26.718637034222223,2022-10-23,462.19,3138.644,29.8,462.19,3138.644,29.8,2022-10-23,3138.6440000000002,0,1.448865659458238e-16,3.081362965777778,0,1.448865659458238e-16,3.081362965777778,TRUE,FALSE,TRUE
Oct_22_194_CP40_stem,tree,stem,CP40,LGR3,C,FALSE,213.35,2.012601666666667,26.916288887666667,2022-10-23,213.35,2012.6016666666667,30.8,213.35,2012.6016666666667,30.8,2022-10-23,2012.601666666667,0,1.129750010690468e-16,3.8837111123333337,0,1.129750010690468e-16,3.8837111123333337,TRUE,FALSE,TRUE
Oct_22_195_CP40_stem,tree,stem,CP40,LGR3,D,FALSE,462.19,3.138644,27.075666666666667,2022-10-23,462.19,3138.644,28.7,462.19,3138.644,28.7,2022-10-23,3138.6440000000002,0,1.448865659458238e-16,1.6243333333333325,0,1.448865659458238e-16,1.6243333333333325,TRUE,FALSE,TRUE
Oct_22_196_CP40_stem,tree,stem,CP40,LGR3,D,FALSE,462.19,3.138644,26.9826888865,2022-10-23,462.19,3138.644,29.6,462.19,3138.644,29.6,2022-10-23,3138.6440000000002,0,1.448865659458238e-16,2.6173111135000013,0,1.448865659458238e-16,2.6173111135000013,TRUE,FALSE,TRUE
Oct_22_197_CP40_stem,tree,stem,CP40,LGR3,D,FALSE,462.19,3.138644,26.83973333,2022-10-23,462.19,3138.644,30.9,462.19,3138.644,30.9,2022-10-23,3138.6440000000002,0,1.448865659458238e-16,4.060266669999997,0,1.448865659458238e-16,4.060266669999997,TRUE,FALSE,TRUE
Oct_22_198_CP40_stem,tree,stem,CP40,LGR3,D,FALSE,462.19,3.138644,26.708869996666664,2022-10-23,462.19,3138.644,28.4,462.19,3138.644,28.4,2022-10-23,3138.6440000000002,0,1.448865659458238e-16,1.6911300033333347,0,1.448865659458238e-16,1.6911300033333347,TRUE,FALSE,TRUE
Oct_22_199_CP40_stem,tree,stem,CP40,LGR3,D,TRUE,462.19,3.138644,26.582456849483332,2022-10-23,462.19,3138.644,27.4,NA,NA,NA,NA,3138.6440000000002,0,1.448865659458238e-16,0.8175431505166664,NA,NA,NA,TRUE,FALSE,TRUE
Oct_22_200_CP40_stem,tree,stem,CP40,LGR3,C,FALSE,213.35,2.012601666666667,26.4482188879,2022-10-23,213.35,2012.6016666666667,27.7,213.35,2012.6016666666667,27.7,2022-10-23,2012.601666666667,0,1.129750010690468e-16,1.251781112099998,0,1.129750010690468e-16,1.251781112099998,TRUE,FALSE,TRUE
Oct_22_213_CP40_stem,tree,stem,CP40,LGR2,C,FALSE,213.35,2.012601666666667,25.709625003333333,2022-10-24,213.35,2012.6016666666667,28.6,213.35,2012.6016666666667,28.6,2022-10-24,2012.601666666667,0,1.129750010690468e-16,2.8903749966666687,0,1.129750010690468e-16,2.8903749966666687,TRUE,FALSE,TRUE
Oct_22_214_CP40_stem,tree,stem,CP40,LGR2,C,FALSE,213.35,2.012601666666667,25.749069447777778,2022-10-24,213.35,2012.6016666666667,29.3,213.35,2012.6016666666667,29.3,2022-10-24,2012.601666666667,0,1.129750010690468e-16,3.5509305522222228,0,1.129750010690468e-16,3.5509305522222228,TRUE,FALSE,TRUE
Oct_22_215_CP40_stem,tree,stem,CP40,LGR2,B,FALSE,107.68,1.3669955555555555,26.113694445833335,2022-10-24,107.68,1366.9955555555557,29.1,107.68,1366.9955555555557,29.1,2022-10-24,1366.9955555555555,0,1.6633095441983785e-16,2.986305554166666,0,1.6633095441983785e-16,2.986305554166666,TRUE,FALSE,TRUE
Oct_22_207_CP40_stem,tree,stem,CP40,LGR2,C,FALSE,213.35,2.012601666666667,26.48213500065,2022-10-24,213.35,2012.6016666666667,25.5,213.35,2012.6016666666667,25.5,2022-10-24,2012.601666666667,0,1.129750010690468e-16,0.9821350006500005,0,1.129750010690468e-16,0.9821350006500005,TRUE,FALSE,TRUE
Oct_22_208_CP40_stem,tree,stem,CP40,LGR2,C,FALSE,213.35,2.012601666666667,26.700715927877777,2022-10-24,213.35,2012.6016666666667,27.6,213.35,2012.6016666666667,27.6,2022-10-24,2012.601666666667,0,1.129750010690468e-16,0.8992840721222244,0,1.129750010690468e-16,0.8992840721222244,TRUE,FALSE,TRUE
Oct_22_209_CP40_stem,tree,stem,CP40,LGR2,C,FALSE,213.35,2.012601666666667,26.93315667,2022-10-24,213.35,2012.6016666666667,30.8,213.35,2012.6016666666667,30.8,2022-10-24,2012.601666666667,0,1.129750010690468e-16,3.866843330000002,0,1.129750010690468e-16,3.866843330000002,TRUE,FALSE,TRUE
Oct_22_210_CP40_stem,tree,stem,CP40,LGR2,C,FALSE,213.35,2.012601666666667,27.02821667,2022-10-24,213.35,2012.6016666666667,30.5,213.35,2012.6016666666667,30.5,2022-10-24,2012.601666666667,0,1.129750010690468e-16,3.471783330000001,0,1.129750010690468e-16,3.471783330000001,TRUE,FALSE,TRUE
Oct_22_212_CP40_stem,tree,stem,CP40,LGR2,C,FALSE,213.35,2.012601666666667,27.09005000275,2022-10-24,213.35,2012.6016666666667,30.5,213.35,2012.6016666666667,30.5,2022-10-24,2012.601666666667,0,1.129750010690468e-16,3.409949997249999,0,1.129750010690468e-16,3.409949997249999,TRUE,FALSE,TRUE
Oct_22_226_CP40_CWD,tree,CWD,CP40,LGR2,B,FALSE,107.68,1.3669955555555555,27.14385000175,2022-10-24,107.68,1366.9955555555557,25.3,107.68,1366.9955555555557,25.3,2022-10-24,1366.9955555555555,0,1.6633095441983785e-16,1.843850001749999,0,1.6633095441983785e-16,1.843850001749999,TRUE,FALSE,TRUE
Oct_22_227_CP40_CWD,tree,CWD,CP40,LGR2,B,FALSE,107.68,1.3669955555555555,27.220066667,2022-10-24,107.68,1366.9955555555557,25.1,107.68,1366.9955555555557,25.1,2022-10-24,1366.9955555555555,0,1.6633095441983785e-16,2.1200666669999997,0,1.6633095441983785e-16,2.1200666669999997,TRUE,FALSE,TRUE
Oct_22_216_CP40_stem,tree,stem,CP40,LGR3,C,FALSE,213.35,2.012601666666667,24.582511112666666,2022-10-24,213.35,2012.6016666666667,26.6,213.35,2012.6016666666667,26.6,2022-10-24,2012.601666666667,0,1.129750010690468e-16,2.017488887333336,0,1.129750010690468e-16,2.017488887333336,TRUE,FALSE,TRUE
Oct_22_217_CP40_stem,tree,stem,CP40,LGR3,C,FALSE,213.35,2.012601666666667,25.243933336666668,2022-10-24,213.35,2012.6016666666667,26.6,213.35,2012.6016666666667,26.6,2022-10-24,2012.601666666667,0,1.129750010690468e-16,1.3560666633333334,0,1.129750010690468e-16,1.3560666633333334,TRUE,FALSE,TRUE
Oct_22_218_CP40_stem,tree,stem,CP40,LGR3,C,FALSE,213.35,2.012601666666667,25.631916670000003,2022-10-24,213.35,2012.6016666666667,26.6,213.35,2012.6016666666667,26.6,2022-10-24,2012.601666666667,0,1.129750010690468e-16,0.9680833299999989,0,1.129750010690468e-16,0.9680833299999989,TRUE,FALSE,TRUE
Oct_22_219_CP40_stem,tree,stem,CP40,LGR3,C,FALSE,213.35,2.012601666666667,25.854388891666666,2022-10-24,213.35,2012.6016666666667,23.4,213.35,2012.6016666666667,23.4,2022-10-24,2012.601666666667,0,1.129750010690468e-16,2.4543888916666674,0,1.129750010690468e-16,2.4543888916666674,TRUE,FALSE,TRUE
Oct_22_220_CP40_stem,tree,stem,CP40,LGR3,C,FALSE,213.35,2.012601666666667,26.030716668500002,2022-10-24,213.35,2012.6016666666667,23.4,213.35,2012.6016666666667,23.4,2022-10-24,2012.601666666667,0,1.129750010690468e-16,2.6307166685000034,0,1.129750010690468e-16,2.6307166685000034,TRUE,FALSE,TRUE
Oct_22_221_CP40_stem,tree,stem,CP40,LGR3,C,FALSE,213.35,2.012601666666667,26.22778888966667,2022-10-24,213.35,2012.6016666666667,23.4,213.35,2012.6016666666667,23.4,2022-10-24,2012.601666666667,0,1.129750010690468e-16,2.827788889666671,0,1.129750010690468e-16,2.827788889666671,TRUE,FALSE,TRUE
Oct_22_222_CP40_stem,tree,stem,CP40,LGR3,D,FALSE,462.19,3.138644,26.764766669,2022-10-24,462.19,3138.644,29.3,462.19,3138.644,29.3,2022-10-24,3138.6440000000002,0,1.448865659458238e-16,2.5352333310000006,0,1.448865659458238e-16,2.5352333310000006,TRUE,FALSE,TRUE
Oct_22_223_CP40_stem,tree,stem,CP40,LGR3,D,FALSE,462.19,3.138644,26.95366667,2022-10-24,462.19,3138.644,29.3,462.19,3138.644,29.3,2022-10-24,3138.6440000000002,0,1.448865659458238e-16,2.34633333,0,1.448865659458238e-16,2.34633333,TRUE,FALSE,TRUE
Oct_22_224_CP40_stem,tree,stem,CP40,LGR3,C,FALSE,213.35,2.012601666666667,27.012466670000002,2022-10-24,213.35,2012.6016666666667,29.3,213.35,2012.6016666666667,29.3,2022-10-24,2012.601666666667,0,1.129750010690468e-16,2.2875333299999987,0,1.129750010690468e-16,2.2875333299999987,TRUE,FALSE,TRUE
Oct_22_225_CP40_CWD,tree,CWD,CP40,LGR3,A,FALSE,40.45,1.1605366666666665,27.115455557833332,2022-10-24,40.45,1160.5366666666666,29.7,40.45,1160.5366666666666,29.7,2022-10-24,1160.5366666666666,0,0,2.584544442166667,0,0,2.584544442166667,TRUE,FALSE,TRUE
Oct_22_256_BL60_stem,tree,stem,BL60,LGR1,A,FALSE,40.45,1.1605366666666665,24.680444447499998,2022-10-25,40.45,1160.5366666666666,24.8,40.45,1160.5366666666666,24.8,2022-10-25,1160.5366666666666,0,0,0.11955555250000316,0,0,0.11955555250000316,TRUE,FALSE,TRUE
Oct_22_257_BL60_stem,tree,stem,BL60,LGR1,A,FALSE,40.45,1.1605366666666665,24.7826266688,2022-10-25,40.45,1160.5366666666666,24.8,40.45,1160.5366666666666,24.8,2022-10-25,1160.5366666666666,0,0,0.01737333120000173,0,0,0.01737333120000173,TRUE,FALSE,TRUE
Oct_22_258_BL60_stem,tree,stem,BL60,LGR1,A,FALSE,40.45,1.1605366666666665,24.9734488893,2022-10-25,40.45,1160.5366666666666,24.8,40.45,1160.5366666666666,24.8,2022-10-25,1160.5366666666666,0,0,0.1734488892999977,0,0,0.1734488892999977,TRUE,FALSE,TRUE
Oct_22_259_BL60_stem,tree,stem,BL60,LGR1,A,FALSE,40.45,1.1605366666666665,25.187251850333332,2022-10-25,40.45,1160.5366666666666,24.8,40.45,1160.5366666666666,24.8,2022-10-25,1160.5366666666666,0,0,0.38725185033333176,0,0,0.38725185033333176,TRUE,FALSE,TRUE
Oct_22_260_BL60_stem,tree,stem,BL60,LGR1,A,FALSE,40.45,1.1605366666666665,25.448366663999998,2022-10-25,40.45,1160.5366666666666,26.3,40.45,1160.5366666666666,26.3,2022-10-25,1160.5366666666666,0,0,0.8516333360000026,0,0,0.8516333360000026,TRUE,FALSE,TRUE
Oct_22_261_BL60_stem,tree,stem,BL60,LGR1,A,FALSE,40.45,1.1605366666666665,25.61846111033333,2022-10-25,40.45,1160.5366666666666,26.3,40.45,1160.5366666666666,26.3,2022-10-25,1160.5366666666666,0,0,0.681538889666669,0,0,0.681538889666669,TRUE,FALSE,TRUE
Oct_22_262_BL60_stem,tree,stem,BL60,LGR1,A,FALSE,40.45,1.1605366666666665,25.858594446333335,2022-10-25,40.45,1160.5366666666666,26.3,40.45,1160.5366666666666,26.3,2022-10-25,1160.5366666666666,0,0,0.4414055536666659,0,0,0.4414055536666659,TRUE,FALSE,TRUE
Oct_22_263_BL60_stem,tree,stem,BL60,LGR1,C,FALSE,213.35,2.012601666666667,26.33066667,2022-10-25,213.35,2012.6016666666667,26.9,213.35,2012.6016666666667,26.9,2022-10-25,2012.601666666667,0,1.129750010690468e-16,0.5693333299999992,0,1.129750010690468e-16,0.5693333299999992,TRUE,FALSE,TRUE
Oct_22_264_BL60_stem,tree,stem,BL60,LGR1,C,FALSE,213.35,2.012601666666667,26.62991667,2022-10-25,213.35,2012.6016666666667,26.9,213.35,2012.6016666666667,26.9,2022-10-25,2012.601666666667,0,1.129750010690468e-16,0.2700833299999985,0,1.129750010690468e-16,0.2700833299999985,TRUE,FALSE,TRUE
Oct_22_265_BL60_stem,tree,stem,BL60,LGR1,B,FALSE,107.68,1.3669955555555555,26.92916667,2022-10-25,107.68,1366.9955555555557,26.9,107.68,1366.9955555555557,26.9,2022-10-25,1366.9955555555555,0,1.6633095441983785e-16,0.02916667000000217,0,1.6633095441983785e-16,0.02916667000000217,TRUE,FALSE,TRUE
Oct_22_266_BL60_stem,tree,stem,BL60,LGR1,B,FALSE,107.68,1.3669955555555555,27.112888891333334,2022-10-25,107.68,1366.9955555555557,27.9,107.68,1366.9955555555557,27.9,2022-10-25,1366.9955555555555,0,1.6633095441983785e-16,0.7871111086666644,0,1.6633095441983785e-16,0.7871111086666644,TRUE,FALSE,TRUE
Oct_22_267_BL60_stem,tree,stem,BL60,LGR1,A,FALSE,40.45,1.1605366666666665,27.24487500125,2022-10-25,40.45,1160.5366666666666,27.9,40.45,1160.5366666666666,27.9,2022-10-25,1160.5366666666666,0,0,0.6551249987499972,0,0,0.6551249987499972,TRUE,FALSE,TRUE
Oct_22_268_BL60_stem,tree,stem,BL60,LGR1,A,FALSE,40.45,1.1605366666666665,27.37072222233333,2022-10-25,40.45,1160.5366666666666,27.9,40.45,1160.5366666666666,27.9,2022-10-25,1160.5366666666666,0,0,0.5292777776666675,0,0,0.5292777776666675,TRUE,FALSE,TRUE
Oct_22_244_BL60_stem,tree,stem,BL60,LGR1,A,FALSE,40.45,1.1605366666666665,27.294022223666666,2022-10-25,40.45,1160.5366666666666,24.8,40.45,1160.5366666666666,24.8,2022-10-25,1160.5366666666666,0,0,2.494022223666665,0,0,2.494022223666665,TRUE,FALSE,TRUE
Oct_22_245_BL60_stem,tree,stem,BL60,LGR1,A,FALSE,40.45,1.1605366666666665,27.22272592852778,2022-10-25,40.45,1160.5366666666666,24.8,40.45,1160.5366666666666,24.8,2022-10-25,1160.5366666666666,0,0,2.422725928527779,0,0,2.422725928527779,TRUE,FALSE,TRUE
Oct_22_246_BL60_stem,tree,stem,BL60,LGR1,A,FALSE,40.45,1.1605366666666665,27.184511114333333,2022-10-25,40.45,1160.5366666666666,24.8,40.45,1160.5366666666666,24.8,2022-10-25,1160.5366666666666,0,0,2.384511114333332,0,0,2.384511114333332,TRUE,FALSE,TRUE
Oct_22_247_BL60_stem,tree,stem,BL60,LGR1,A,FALSE,40.45,1.1605366666666665,27.13734667,2022-10-25,40.45,1160.5366666666666,24.8,40.45,1160.5366666666666,24.8,2022-10-25,1160.5366666666666,0,0,2.3373466699999987,0,0,2.3373466699999987,TRUE,FALSE,TRUE
Oct_22_248_BL60_stem,tree,stem,BL60,LGR1,A,FALSE,40.45,1.1605366666666665,27.044333336666668,2022-10-25,40.45,1160.5366666666666,28.5,40.45,1160.5366666666666,28.5,2022-10-25,1160.5366666666666,0,0,1.4556666633333322,0,0,1.4556666633333322,TRUE,FALSE,TRUE
Oct_22_249_BL60_stem,tree,stem,BL60,LGR1,A,FALSE,40.45,1.1605366666666665,26.99046667,2022-10-25,40.45,1160.5366666666666,28.5,40.45,1160.5366666666666,28.5,2022-10-25,1160.5366666666666,0,0,1.50953333,0,0,1.50953333,TRUE,FALSE,TRUE
Oct_22_250_BL60_stem,tree,stem,BL60,LGR1,A,FALSE,40.45,1.1605366666666665,27.07866667,2022-10-25,40.45,1160.5366666666666,28.5,40.45,1160.5366666666666,28.5,2022-10-25,1160.5366666666666,0,0,1.4213333299999995,0,0,1.4213333299999995,TRUE,FALSE,TRUE
Oct_22_235_BL60_stem,tree,stem,BL60,LGR3,A,FALSE,40.45,1.1605366666666665,25.080555554999997,2022-10-25,40.45,1160.5366666666666,24.9,40.45,1160.5366666666666,24.9,2022-10-25,1160.5366666666666,0,0,0.18055555499999798,0,0,0.18055555499999798,TRUE,FALSE,TRUE
Oct_22_236_BL60_stem,tree,stem,BL60,LGR3,B,FALSE,107.68,1.3669955555555555,25.57176851722222,2022-10-25,107.68,1366.9955555555557,23,107.68,1366.9955555555557,23,2022-10-25,1366.9955555555555,0,1.6633095441983785e-16,2.571768517222221,0,1.6633095441983785e-16,2.571768517222221,TRUE,FALSE,TRUE
Oct_22_237_BL60_stem,tree,stem,BL60,LGR3,B,FALSE,107.68,1.3669955555555555,25.893613891166666,2022-10-25,107.68,1366.9955555555557,23,107.68,1366.9955555555557,23,2022-10-25,1366.9955555555555,0,1.6633095441983785e-16,2.893613891166666,0,1.6633095441983785e-16,2.893613891166666,TRUE,FALSE,TRUE
Oct_22_238_BL60_stem,tree,stem,BL60,LGR3,B,FALSE,107.68,1.3669955555555555,26.07416667,2022-10-25,107.68,1366.9955555555557,23,107.68,1366.9955555555557,23,2022-10-25,1366.9955555555555,0,1.6633095441983785e-16,3.0741666700000003,0,1.6633095441983785e-16,3.0741666700000003,TRUE,FALSE,TRUE
Oct_22_239_BL60_stem,tree,stem,BL60,LGR3,B,FALSE,107.68,1.3669955555555555,26.46746667,2022-10-25,107.68,1366.9955555555557,22.9,107.68,1366.9955555555557,22.9,2022-10-25,1366.9955555555555,0,1.6633095441983785e-16,3.5674666700000017,0,1.6633095441983785e-16,3.5674666700000017,TRUE,FALSE,TRUE
Oct_22_240_BL60_stem,tree,stem,BL60,LGR3,B,FALSE,107.68,1.3669955555555555,26.73137667,2022-10-25,107.68,1366.9955555555557,22.9,107.68,1366.9955555555557,22.9,2022-10-25,1366.9955555555555,0,1.6633095441983785e-16,3.831376670000001,0,1.6633095441983785e-16,3.831376670000001,TRUE,FALSE,TRUE
Oct_22_241_BL60_stem,tree,stem,BL60,LGR3,B,FALSE,107.68,1.3669955555555555,27.086287039722222,2022-10-25,107.68,1366.9955555555557,22.9,107.68,1366.9955555555557,22.9,2022-10-25,1366.9955555555555,0,1.6633095441983785e-16,4.186287039722224,0,1.6633095441983785e-16,4.186287039722224,TRUE,FALSE,TRUE
Oct_22_242_BL60_CWD,tree,CWD,BL60,LGR3,A,FALSE,40.45,1.1605366666666665,27.309333333999998,2022-10-25,40.45,1160.5366666666666,28.8,40.45,1160.5366666666666,28.8,2022-10-25,1160.5366666666666,0,0,1.4906666660000027,0,0,1.4906666660000027,TRUE,FALSE,TRUE
Oct_22_243_BL60_CWD,tree,CWD,BL60,LGR3,B,FALSE,107.68,1.3669955555555555,27.341933334,2022-10-25,107.68,1366.9955555555557,23.3,107.68,1366.9955555555557,23.3,2022-10-25,1366.9955555555555,0,1.6633095441983785e-16,4.041933333999999,0,1.6633095441983785e-16,4.041933333999999,TRUE,FALSE,TRUE
Oct_22_251_BL60_stem,tree,stem,BL60,LGR3,B,FALSE,107.68,1.3669955555555555,27.02886667,2022-10-25,107.68,1366.9955555555557,23,107.68,1366.9955555555557,23,2022-10-25,1366.9955555555555,0,1.6633095441983785e-16,4.028866669999999,0,1.6633095441983785e-16,4.028866669999999,TRUE,FALSE,TRUE
Oct_22_252_BL60_stem,tree,stem,BL60,LGR3,A,FALSE,40.45,1.1605366666666665,27.041466670000002,2022-10-25,40.45,1160.5366666666666,23,40.45,1160.5366666666666,23,2022-10-25,1160.5366666666666,0,0,4.041466670000002,0,0,4.041466670000002,TRUE,FALSE,TRUE
Oct_22_253_BL60_CWD,tree,CWD,BL60,LGR3,B,FALSE,107.68,1.3669955555555555,27.350058336500002,2022-10-25,107.68,1366.9955555555557,23,107.68,1366.9955555555557,23,2022-10-25,1366.9955555555555,0,1.6633095441983785e-16,4.350058336500002,0,1.6633095441983785e-16,4.350058336500002,TRUE,FALSE,TRUE
Oct_22_254_BL60_stem,tree,stem,BL60,LGR3,A,FALSE,40.45,1.1605366666666665,27.20719074077778,2022-10-25,40.45,1160.5366666666666,24.1,40.45,1160.5366666666666,24.1,2022-10-25,1160.5366666666666,0,0,3.107190740777778,0,0,3.107190740777778,TRUE,FALSE,TRUE
Oct_22_255_BL60_stem,tree,stem,BL60,LGR3,A,FALSE,40.45,1.1605366666666665,27.136179628111112,2022-10-25,40.45,1160.5366666666666,24.1,40.45,1160.5366666666666,24.1,2022-10-25,1160.5366666666666,0,0,3.0361796281111104,0,0,3.0361796281111104,TRUE,FALSE,TRUE
Oct_22_228_BL60_stem,tree,stem,BL60,LGR3,D,FALSE,462.19,3.138644,27.028299997,2022-10-25,462.19,3138.644,23.5,462.19,3138.644,23.5,2022-10-25,3138.6440000000002,0,1.448865659458238e-16,3.5282999970000013,0,1.448865659458238e-16,3.5282999970000013,TRUE,FALSE,TRUE
Oct_22_229_BL60_stem,tree,stem,BL60,LGR3,A,FALSE,40.45,1.1605366666666665,26.961544442333334,2022-10-25,40.45,1160.5366666666666,23.5,40.45,1160.5366666666666,23.5,2022-10-25,1160.5366666666666,0,0,3.4615444423333344,0,0,3.4615444423333344,TRUE,FALSE,TRUE
Oct_22_230_BL60_stem,tree,stem,BL60,LGR3,A,FALSE,40.45,1.1605366666666665,26.9156499985,2022-10-25,40.45,1160.5366666666666,23.5,40.45,1160.5366666666666,23.5,2022-10-25,1160.5366666666666,0,0,3.415649998500001,0,0,3.415649998500001,TRUE,FALSE,TRUE
Oct_22_231_BL60_stem,tree,stem,BL60,LGR3,A,FALSE,40.45,1.1605366666666665,26.81968888866667,2022-10-25,40.45,1160.5366666666666,24,40.45,1160.5366666666666,24,2022-10-25,1160.5366666666666,0,0,2.8196888886666684,0,0,2.8196888886666684,TRUE,FALSE,TRUE
Oct_22_232_BL60_stem,tree,stem,BL60,LGR3,A,FALSE,40.45,1.1605366666666665,26.757305554583333,2022-10-25,40.45,1160.5366666666666,24,40.45,1160.5366666666666,24,2022-10-25,1160.5366666666666,0,0,2.7573055545833327,0,0,2.7573055545833327,TRUE,FALSE,TRUE
Oct_22_233_BL60_stem,tree,stem,BL60,LGR3,A,FALSE,40.45,1.1605366666666665,26.713351849944445,2022-10-25,40.45,1160.5366666666666,24,40.45,1160.5366666666666,24,2022-10-25,1160.5366666666666,0,0,2.713351849944445,0,0,2.713351849944445,TRUE,FALSE,TRUE
44859_BL60_Water_81,surface,water,BL60,Picarro,Floating 8 in,FALSE,324.3,4.283,24.920511112,2022-10-25,324.3,4283,24.77142857142857,324.3,4283,24.771428571428572,2022-10-25,4283,0,0,0.1490825405714311,0,0,0.14908254057142756,TRUE,FALSE,TRUE
44859_BL60_Water_82,surface,water,BL60,Picarro,Floating 8 in,FALSE,324.3,4.283,25.339088886,2022-10-25,324.3,4283,24.9,324.3,4283,24.9,2022-10-25,4283,0,0,0.4390888860000004,0,0,0.4390888860000004,TRUE,FALSE,TRUE
44859_BL60_Water_83,surface,water,BL60,Picarro,Floating 8 in,FALSE,324.3,4.283,25.658483333,2022-10-25,324.3,4283,24.944444444444443,324.3,4283,24.944444444444443,2022-10-25,4283,0,0,0.7140388885555566,0,0,0.7140388885555566,TRUE,FALSE,TRUE
44859_BL60_Water_84,surface,water,BL60,Picarro,Floating 8 in,FALSE,324.3,4.283,26.41616667,2022-10-25,324.3,4283,24.96,324.3,4283,24.96,2022-10-25,4283,0,0,1.4561666699999982,0,0,1.4561666699999982,TRUE,FALSE,TRUE
44859_BL60_Soil_85,surface,soil,BL60,Picarro,2 ft soil,FALSE,433.7,26.513,27.235666668,2022-10-25,433.7,26513,26.02,433.7,26513,26.02,2022-10-25,26513,0,0,1.2156666680000008,0,0,1.2156666680000008,TRUE,FALSE,TRUE
Oct_22_269_Long Pine Key_stem,tree,stem,Long Pine Key,LGR2,C,FALSE,213.35,2.012601666666667,27.03444444133333,2022-10-26,213.35,2012.6016666666667,31.2,213.35,2012.6016666666667,31.2,2022-10-26,2012.601666666667,0,1.129750010690468e-16,4.165555558666668,0,1.129750010690468e-16,4.165555558666668,TRUE,FALSE,TRUE
Oct_22_270_Long Pine Key_stem,tree,stem,Long Pine Key,LGR2,C,FALSE,213.35,2.012601666666667,27.053111109333333,2022-10-26,213.35,2012.6016666666667,31.2,213.35,2012.6016666666667,31.2,2022-10-26,2012.601666666667,0,1.129750010690468e-16,4.146888890666666,0,1.129750010690468e-16,4.146888890666666,TRUE,FALSE,TRUE
Oct_22_271_Long Pine Key_stem,tree,stem,Long Pine Key,LGR2,C,FALSE,213.35,2.012601666666667,27.081111111333332,2022-10-26,213.35,2012.6016666666667,31.2,213.35,2012.6016666666667,31.2,2022-10-26,2012.601666666667,0,1.129750010690468e-16,4.1188888886666675,0,1.129750010690468e-16,4.1188888886666675,TRUE,FALSE,TRUE
Oct_22_272_Mahogany Hammock_stem,tree,stem,Mahogany Hammock,LGR2,D,FALSE,462.19,3.138644,27.038366667,2022-10-26,462.19,3138.644,27.6,462.19,3138.644,27.6,2022-10-26,3138.6440000000002,0,1.448865659458238e-16,0.5616333330000032,0,1.448865659458238e-16,0.5616333330000032,TRUE,FALSE,TRUE
Oct_22_273_Mahogany Hammock_stem,tree,stem,Mahogany Hammock,LGR2,D,FALSE,462.19,3.138644,26.996872223166665,2022-10-26,462.19,3138.644,27.6,462.19,3138.644,27.6,2022-10-26,3138.6440000000002,0,1.448865659458238e-16,0.6031277768333361,0,1.448865659458238e-16,0.6031277768333361,TRUE,FALSE,TRUE
Oct_22_274_Mahogany Hammock_stem,tree,stem,Mahogany Hammock,LGR2,D,FALSE,462.19,3.138644,26.940288890666668,2022-10-26,462.19,3138.644,27.6,462.19,3138.644,27.6,2022-10-26,3138.6440000000002,0,1.448865659458238e-16,0.6597111093333332,0,1.448865659458238e-16,0.6597111093333332,TRUE,FALSE,TRUE
Oct_22_275_Cypress Boardwalk_stem,tree,stem,Cypress Boardwalk,LGR2,A,FALSE,40.45,1.1605366666666665,26.2767,2022-10-26,40.45,1160.5366666666666,29.2,40.45,1160.5366666666666,29.2,2022-10-26,1160.5366666666666,0,0,2.9232999999999976,0,0,2.9232999999999976,TRUE,FALSE,TRUE
Oct_22_276_Cypress Boardwalk_stem,tree,stem,Cypress Boardwalk,LGR2,B,FALSE,107.68,1.3669955555555555,26.212666666666667,2022-10-26,107.68,1366.9955555555557,29.2,107.68,1366.9955555555557,29.2,2022-10-26,1366.9955555555555,0,1.6633095441983785e-16,2.987333333333332,0,1.6633095441983785e-16,2.987333333333332,TRUE,FALSE,TRUE
Oct_22_277_Cypress Boardwalk_stem,tree,stem,Cypress Boardwalk,LGR2,A,FALSE,40.45,1.1605366666666665,26.090544443833334,2022-10-26,40.45,1160.5366666666666,29.2,40.45,1160.5366666666666,29.2,2022-10-26,1160.5366666666666,0,0,3.1094555561666652,0,0,3.1094555561666652,TRUE,FALSE,TRUE
Mar_23_291_SRS6_stem,tree,stem,SRS6,LGR2,C,FALSE,213.35,2.012601666666667,26.184510738477776,2023-03-10,213.35,2012.6016666666667,30.2,213.35,2012.6016666666667,30.2,2023-03-10,2012.601666666667,0,1.129750010690468e-16,4.015489261522223,0,1.129750010690468e-16,4.015489261522223,TRUE,FALSE,TRUE
Mar_23_292_SRS6_stem,tree,stem,SRS6,LGR2,C,FALSE,213.35,2.012601666666667,26.187158889033334,2023-03-10,213.35,2012.6016666666667,30.2,213.35,2012.6016666666667,30.2,2023-03-10,2012.601666666667,0,1.129750010690468e-16,4.012841110966665,0,1.129750010690468e-16,4.012841110966665,TRUE,FALSE,TRUE
Mar_23_293_SRS6_stem,tree,stem,SRS6,LGR2,C,FALSE,213.35,2.012601666666667,26.190528151355554,2023-03-10,213.35,2012.6016666666667,30.2,213.35,2012.6016666666667,30.2,2023-03-10,2012.601666666667,0,1.129750010690468e-16,4.009471848644445,0,1.129750010690468e-16,4.009471848644445,TRUE,FALSE,TRUE
Mar_23_294_SRS6_root,tree,root,SRS6,LGR2,B,FALSE,107.68,1.3669955555555555,26.17335555888889,2023-03-10,107.68,1366.9955555555557,30.2,107.68,1366.9955555555557,30.2,2023-03-10,1366.9955555555555,0,1.6633095441983785e-16,4.0266444411111095,0,1.6633095441983785e-16,4.0266444411111095,TRUE,FALSE,TRUE
Mar_23_295_SRS6_stem,tree,stem,SRS6,LGR2,D,FALSE,462.19,3.138644,26.158444446666667,2023-03-10,462.19,3138.644,28.3,462.19,3138.644,28.3,2023-03-10,3138.6440000000002,0,1.448865659458238e-16,2.1415555533333333,0,1.448865659458238e-16,2.1415555533333333,TRUE,FALSE,TRUE
Mar_23_296_SRS6_stem,tree,stem,SRS6,LGR2,D,FALSE,462.19,3.138644,26.183851850444444,2023-03-10,462.19,3138.644,28.3,462.19,3138.644,28.3,2023-03-10,3138.6440000000002,0,1.448865659458238e-16,2.1161481495555563,0,1.448865659458238e-16,2.1161481495555563,TRUE,FALSE,TRUE
Mar_23_297_SRS6_stem,tree,stem,SRS6,LGR2,D,FALSE,462.19,3.138644,26.176351849333333,2023-03-10,462.19,3138.644,28.3,462.19,3138.644,28.3,2023-03-10,3138.6440000000002,0,1.448865659458238e-16,2.123648150666668,0,1.448865659458238e-16,2.123648150666668,TRUE,FALSE,TRUE
Mar_23_289_SRS6_stem,tree,stem,SRS6,LGR2,D,FALSE,462.19,3.138644,26.063051853733334,2023-03-10,462.19,3138.644,28.3,462.19,3138.644,28.3,2023-03-10,3138.6440000000002,0,1.448865659458238e-16,2.2369481462666663,0,1.448865659458238e-16,2.2369481462666663,TRUE,FALSE,TRUE
Mar_23_290_SRS6_stem,tree,stem,SRS6,LGR2,D,FALSE,462.19,3.138644,25.971674076722223,2023-03-10,462.19,3138.644,28.3,462.19,3138.644,28.3,2023-03-10,3138.6440000000002,0,1.448865659458238e-16,2.3283259232777773,0,1.448865659458238e-16,2.3283259232777773,TRUE,FALSE,TRUE
Mar_23_276_SRS6_stem,tree,stem,SRS6,LGR3,C,FALSE,213.35,2.012601666666667,26.184555553333333,2023-03-10,213.35,2012.6016666666667,30.2,213.35,2012.6016666666667,30.2,2023-03-10,2012.601666666667,0,1.129750010690468e-16,4.015444446666667,0,1.129750010690468e-16,4.015444446666667,TRUE,FALSE,TRUE
Mar_23_277_SRS6_stem,tree,stem,SRS6,LGR3,C,FALSE,213.35,2.012601666666667,26.18932222433333,2023-03-10,213.35,2012.6016666666667,30.2,213.35,2012.6016666666667,30.2,2023-03-10,2012.601666666667,0,1.129750010690468e-16,4.010677775666668,0,1.129750010690468e-16,4.010677775666668,TRUE,FALSE,TRUE
Mar_23_278_SRS6_stem,tree,stem,SRS6,LGR3,C,FALSE,213.35,2.012601666666667,26.189333336666664,2023-03-10,213.35,2012.6016666666667,30.2,213.35,2012.6016666666667,30.2,2023-03-10,2012.601666666667,0,1.129750010690468e-16,4.010666663333335,0,1.129750010690468e-16,4.010666663333335,TRUE,FALSE,TRUE
Mar_23_279_SRS6_root,tree,root,SRS6,LGR3,B,FALSE,107.68,1.3669955555555555,26.17066667,2023-03-10,107.68,1366.9955555555557,30.2,107.68,1366.9955555555557,30.2,2023-03-10,1366.9955555555555,0,1.6633095441983785e-16,4.02933333,0,1.6633095441983785e-16,4.02933333,TRUE,FALSE,TRUE
Mar_23_280_SRS6_stem,tree,stem,SRS6,LGR3,C,FALSE,213.35,2.012601666666667,26.152611114166668,2023-03-10,213.35,2012.6016666666667,28.3,213.35,2012.6016666666667,28.3,2023-03-10,2012.601666666667,0,1.129750010690468e-16,2.147388885833333,0,1.129750010690468e-16,2.147388885833333,TRUE,FALSE,TRUE
Mar_23_281_SRS6_stem,tree,stem,SRS6,LGR3,C,FALSE,213.35,2.012601666666667,26.16622222333333,2023-03-10,213.35,2012.6016666666667,28.3,213.35,2012.6016666666667,28.3,2023-03-10,2012.601666666667,0,1.129750010690468e-16,2.133777776666669,0,1.129750010690468e-16,2.133777776666669,TRUE,FALSE,TRUE
Mar_23_282_SRS6_stem,tree,stem,SRS6,LGR3,C,FALSE,213.35,2.012601666666667,26.177111110666665,2023-03-10,213.35,2012.6016666666667,28.3,213.35,2012.6016666666667,28.3,2023-03-10,2012.601666666667,0,1.129750010690468e-16,2.1228888893333355,0,1.129750010690468e-16,2.1228888893333355,TRUE,FALSE,TRUE
Mar_23_283_SRS6_root,tree,root,SRS6,LGR3,B,FALSE,107.68,1.3669955555555555,26.195777774666666,2023-03-10,107.68,1366.9955555555557,28.3,107.68,1366.9955555555557,28.3,2023-03-10,1366.9955555555555,0,1.6633095441983785e-16,2.1042222253333343,0,1.6633095441983785e-16,2.1042222253333343,TRUE,FALSE,TRUE
Mar_23_284_SRS6_stem,tree,stem,SRS6,LGR3,B,FALSE,107.68,1.3669955555555555,26.100055556,2023-03-10,107.68,1366.9955555555557,28.3,107.68,1366.9955555555557,28.3,2023-03-10,1366.9955555555555,0,1.6633095441983785e-16,2.1999444439999998,0,1.6633095441983785e-16,2.1999444439999998,TRUE,FALSE,TRUE
Mar_23_285_SRS6_stem,tree,stem,SRS6,LGR3,B,FALSE,107.68,1.3669955555555555,26.057138891,2023-03-10,107.68,1366.9955555555557,28.3,107.68,1366.9955555555557,28.3,2023-03-10,1366.9955555555555,0,1.6633095441983785e-16,2.2428611089999997,0,1.6633095441983785e-16,2.2428611089999997,TRUE,FALSE,TRUE
Mar_23_286_SRS6_stem,tree,stem,SRS6,LGR3,B,FALSE,107.68,1.3669955555555555,25.990644447333334,2023-03-10,107.68,1366.9955555555557,28.3,107.68,1366.9955555555557,28.3,2023-03-10,1366.9955555555555,0,1.6633095441983785e-16,2.3093555526666663,0,1.6633095441983785e-16,2.3093555526666663,TRUE,FALSE,TRUE
Mar_23_287_SRS6_root,tree,root,SRS6,LGR3,B,FALSE,107.68,1.3669955555555555,25.920600002,2023-03-10,107.68,1366.9955555555557,28.3,107.68,1366.9955555555557,28.3,2023-03-10,1366.9955555555555,0,1.6633095441983785e-16,2.3793999980000002,0,1.6633095441983785e-16,2.3793999980000002,TRUE,FALSE,TRUE
Mar_23_288_SRS6_root,tree,root,SRS6,LGR3,A,FALSE,40.45,1.1605366666666665,25.863688890166667,2023-03-10,40.45,1160.5366666666666,28.3,40.45,1160.5366666666666,28.3,2023-03-10,1160.5366666666666,0,0,2.4363111098333334,0,0,2.4363111098333334,TRUE,FALSE,TRUE
44996_SRS6_Soil_89,surface,soil,SRS6,LGR2,1 ft soil,FALSE,433.7,13.206,25.929599996666667,2023-03-11,433.7,13206,26.7,433.7,13206,26.7,2023-03-11,13206,0,0,0.7704000033333323,0,0,0.7704000033333323,TRUE,FALSE,TRUE
44996_SRS6_Soil_90,surface,soil,SRS6,LGR2,1 ft soil,FALSE,433.7,13.206,26.041644441333332,2023-03-11,433.7,13206,26.7,433.7,13206,26.7,2023-03-11,13206,0,0,0.658355558666667,0,0,0.658355558666667,TRUE,FALSE,TRUE
44996_SRS6_Soil_91,surface,soil,SRS6,LGR2,1 ft soil,FALSE,433.7,13.206,26.1084999975,2023-03-11,433.7,13206,26.7,433.7,13206,26.7,2023-03-11,13206,0,0,0.5915000024999983,0,0,0.5915000024999983,TRUE,FALSE,TRUE
44996_SRS6_Soil_92,surface,soil,SRS6,LGR2,1 ft soil,FALSE,433.7,13.206,26.193588887166666,2023-03-11,433.7,13206,26.7,433.7,13206,26.7,2023-03-11,13206,0,0,0.5064111128333337,0,0,0.5064111128333337,TRUE,FALSE,TRUE
44996_SRS6_Soil_93,surface,soil,SRS6,LGR2,1 ft soil,FALSE,433.7,13.206,26.296911110333333,2023-03-11,433.7,13206,26.7,433.7,13206,26.7,2023-03-11,13206,0,0,0.403088889666666,0,0,0.403088889666666,TRUE,FALSE,TRUE
44996_SRS6_Soil_94,surface,soil,SRS6,LGR2,1 ft soil,FALSE,433.7,13.206,26.35768888866667,2023-03-11,433.7,13206,27.1,433.7,13206,27.1,2023-03-11,13206,0,0,0.7423111113333327,0,0,0.7423111113333327,TRUE,FALSE,TRUE
44996_SRS6_Soil_95,surface,soil,SRS6,LGR2,1 ft soil,FALSE,433.7,13.206,26.417944445,2023-03-11,433.7,13206,26.52,433.7,13206,26.52,2023-03-11,13206,0,0,0.10205555499999974,0,0,0.10205555499999974,TRUE,FALSE,TRUE
44996_SRS6_Soil_96,surface,soil,SRS6,LGR2,1 ft soil,FALSE,433.7,13.206,26.45388889,2023-03-11,433.7,13206,26.84,433.7,13206,26.84,2023-03-11,13206,0,0,0.3861111099999981,0,0,0.3861111099999981,TRUE,FALSE,TRUE
44996_SRS6_Soil_97,surface,soil,SRS6,LGR2,1 ft soil,FALSE,433.7,13.206,26.518588891,2023-03-11,433.7,13206,27.08333333333333,433.7,13206,27.083333333333332,2023-03-11,13206,0,0,0.5647444423333283,0,0,0.5647444423333319,TRUE,FALSE,TRUE
44996_SRS6_Soil_98,surface,soil,SRS6,LGR2,1 ft soil,FALSE,433.7,13.206,26.590477781,2023-03-11,433.7,13206,27.16,433.7,13206,27.16,2023-03-11,13206,0,0,0.5695222189999996,0,0,0.5695222189999996,TRUE,FALSE,TRUE
44996_SRS6_Water_86,surface,water,SRS6,LGR2,Floating 8 in,FALSE,324.3,4.276,26.754600003333334,2023-03-11,324.3,4276,27.275,324.3,4276,27.275,2023-03-11,4276,0,0,0.520399996666665,0,0,0.520399996666665,TRUE,FALSE,TRUE
44996_SRS6_Water_87,surface,water,SRS6,LGR2,Floating 8 in,FALSE,324.3,4.276,26.873600003333333,2023-03-11,324.3,4276,28.3,324.3,4276,28.3,2023-03-11,4276,0,0,1.4263999966666674,0,0,1.4263999966666674,TRUE,FALSE,TRUE
44996_SRS6_Water_88,surface,water,SRS6,LGR2,Floating 8 in,FALSE,324.3,4.276,26.98466667,2023-03-11,324.3,4276,26.950000000000003,324.3,4276,26.950000000000003,2023-03-11,4276,0,0,0.03466666999999646,0,0,0.03466666999999646,TRUE,FALSE,TRUE
Mar_23_243_SRS6_CWD,tree,CWD,SRS6,LGR2,C,FALSE,213.35,2.012601666666667,26.849733336666667,2023-03-11,213.35,2012.6016666666667,25.6,213.35,2012.6016666666667,25.6,2023-03-11,2012.601666666667,0,1.129750010690468e-16,1.2497333366666652,0,1.129750010690468e-16,1.2497333366666652,TRUE,FALSE,TRUE
Mar_23_247_SRS6_CWD,tree,CWD,SRS6,LGR2,B,FALSE,107.68,1.3669955555555555,26.799000002,2023-03-11,107.68,1366.9955555555557,24.4,107.68,1366.9955555555557,24.4,2023-03-11,1366.9955555555555,0,1.6633095441983785e-16,2.399000002000001,0,1.6633095441983785e-16,2.399000002000001,TRUE,FALSE,TRUE
Mar_23_244_SRS6_CWD,tree,CWD,SRS6,LGR2,B,FALSE,107.68,1.3669955555555555,26.796222222,2023-03-11,107.68,1366.9955555555557,26.1,107.68,1366.9955555555557,26.1,2023-03-11,1366.9955555555555,0,1.6633095441983785e-16,0.6962222219999994,0,1.6633095441983785e-16,0.6962222219999994,TRUE,FALSE,TRUE
Mar_23_245_SRS6_CWD,tree,CWD,SRS6,LGR2,B,FALSE,107.68,1.3669955555555555,26.79372222,2023-03-11,107.68,1366.9955555555557,25.9,107.68,1366.9955555555557,25.9,2023-03-11,1366.9955555555555,0,1.6633095441983785e-16,0.8937222200000008,0,1.6633095441983785e-16,0.8937222200000008,TRUE,FALSE,TRUE
Mar_23_246_SRS6_CWD,tree,CWD,SRS6,LGR2,B,FALSE,107.68,1.3669955555555555,26.74703333,2023-03-11,107.68,1366.9955555555557,24.2,107.68,1366.9955555555557,24.2,2023-03-11,1366.9955555555555,0,1.6633095441983785e-16,2.5470333300000014,0,1.6633095441983785e-16,2.5470333300000014,TRUE,FALSE,TRUE
Mar_23_248_SRS6_stem,tree,stem,SRS6,LGR2,B,FALSE,107.68,1.3669955555555555,26.691666663333333,2023-03-11,107.68,1366.9955555555557,24.1,107.68,1366.9955555555557,24.1,2023-03-11,1366.9955555555555,0,1.6633095441983785e-16,2.5916666633333314,0,1.6633095441983785e-16,2.5916666633333314,TRUE,FALSE,TRUE
Mar_23_249_SRS6_stem,tree,stem,SRS6,LGR2,B,FALSE,107.68,1.3669955555555555,26.661466663333332,2023-03-11,107.68,1366.9955555555557,24.1,107.68,1366.9955555555557,24.1,2023-03-11,1366.9955555555555,0,1.6633095441983785e-16,2.5614666633333307,0,1.6633095441983785e-16,2.5614666633333307,TRUE,FALSE,TRUE
Mar_23_250_SRS6_stem,tree,stem,SRS6,LGR2,B,FALSE,107.68,1.3669955555555555,26.64133333,2023-03-11,107.68,1366.9955555555557,24.1,107.68,1366.9955555555557,24.1,2023-03-11,1366.9955555555555,0,1.6633095441983785e-16,2.541333329999997,0,1.6633095441983785e-16,2.541333329999997,TRUE,FALSE,TRUE
Mar_23_251_SRS6_stem,tree,stem,SRS6,LGR2,B,FALSE,107.68,1.3669955555555555,26.596666663333334,2023-03-11,107.68,1366.9955555555557,24.1,107.68,1366.9955555555557,24.1,2023-03-11,1366.9955555555555,0,1.6633095441983785e-16,2.4966666633333325,0,1.6633095441983785e-16,2.4966666633333325,TRUE,FALSE,TRUE
Mar_23_252_SRS6_stem,tree,stem,SRS6,LGR2,B,FALSE,107.68,1.3669955555555555,26.569866663333332,2023-03-11,107.68,1366.9955555555557,24.1,107.68,1366.9955555555557,24.1,2023-03-11,1366.9955555555555,0,1.6633095441983785e-16,2.469866663333331,0,1.6633095441983785e-16,2.469866663333331,TRUE,FALSE,TRUE
Mar_23_253_SRS6_stem,tree,stem,SRS6,LGR2,B,FALSE,107.68,1.3669955555555555,26.544555552222224,2023-03-11,107.68,1366.9955555555557,24.1,107.68,1366.9955555555557,24.1,2023-03-11,1366.9955555555555,0,1.6633095441983785e-16,2.444555552222223,0,1.6633095441983785e-16,2.444555552222223,TRUE,FALSE,TRUE
Mar_23_254_SRS6_stem,tree,stem,SRS6,LGR2,B,FALSE,107.68,1.3669955555555555,26.469138886166668,2023-03-11,107.68,1366.9955555555557,24.2,107.68,1366.9955555555557,24.2,2023-03-11,1366.9955555555555,0,1.6633095441983785e-16,2.269138886166669,0,1.6633095441983785e-16,2.269138886166669,TRUE,FALSE,TRUE
Mar_23_255_SRS6_stem,tree,stem,SRS6,LGR2,B,FALSE,107.68,1.3669955555555555,26.430944442333335,2023-03-11,107.68,1366.9955555555557,24.2,107.68,1366.9955555555557,24.2,2023-03-11,1366.9955555555555,0,1.6633095441983785e-16,2.2309444423333353,0,1.6633095441983785e-16,2.2309444423333353,TRUE,FALSE,TRUE
Mar_23_256_SRS6_stem,tree,stem,SRS6,LGR2,B,FALSE,107.68,1.3669955555555555,26.389277776333333,2023-03-11,107.68,1366.9955555555557,24.2,107.68,1366.9955555555557,24.2,2023-03-11,1366.9955555555555,0,1.6633095441983785e-16,2.189277776333334,0,1.6633095441983785e-16,2.189277776333334,TRUE,FALSE,TRUE
Mar_23_257_SRS6_stem,tree,stem,SRS6,LGR2,C,FALSE,213.35,2.012601666666667,26.333722221666665,2023-03-11,213.35,2012.6016666666667,23.1,213.35,2012.6016666666667,23.1,2023-03-11,2012.601666666667,0,1.129750010690468e-16,3.233722221666664,0,1.129750010690468e-16,3.233722221666664,TRUE,FALSE,TRUE
Mar_23_259_SRS6_stem,tree,stem,SRS6,LGR2,C,FALSE,213.35,2.012601666666667,26.26983333275,2023-03-11,213.35,2012.6016666666667,23.1,213.35,2012.6016666666667,23.1,2023-03-11,2012.601666666667,0,1.129750010690468e-16,3.169833332749999,0,1.129750010690468e-16,3.169833332749999,TRUE,FALSE,TRUE
Mar_23_263_SRS6_stem,tree,stem,SRS6,LGR3,C,FALSE,213.35,2.012601666666667,26.132811108833334,2023-03-11,213.35,2012.6016666666667,26.7,213.35,2012.6016666666667,26.7,2023-03-11,2012.601666666667,0,1.129750010690468e-16,0.5671888911666656,0,1.129750010690468e-16,0.5671888911666656,TRUE,FALSE,TRUE
Mar_23_264_SRS6_stem,tree,stem,SRS6,LGR3,C,FALSE,213.35,2.012601666666667,26.29994999925,2023-03-11,213.35,2012.6016666666667,26.7,213.35,2012.6016666666667,26.7,2023-03-11,2012.601666666667,0,1.129750010690468e-16,0.4000500007499994,0,1.129750010690468e-16,0.4000500007499994,TRUE,FALSE,TRUE
Mar_23_265_SRS6_stem,tree,stem,SRS6,LGR3,C,FALSE,213.35,2.012601666666667,26.4431055565,2023-03-11,213.35,2012.6016666666667,26.7,213.35,2012.6016666666667,26.7,2023-03-11,2012.601666666667,0,1.129750010690468e-16,0.25689444349999846,0,1.129750010690468e-16,0.25689444349999846,TRUE,FALSE,TRUE
Mar_23_266_SRS6_stem,tree,stem,SRS6,LGR3,C,FALSE,213.35,2.012601666666667,26.558127780499998,2023-03-11,213.35,2012.6016666666667,28.3,213.35,2012.6016666666667,28.3,2023-03-11,2012.601666666667,0,1.129750010690468e-16,1.741872219500003,0,1.129750010690468e-16,1.741872219500003,TRUE,FALSE,TRUE
Mar_23_273_SRS6_stem,tree,stem,SRS6,LGR3,D,FALSE,462.19,3.138644,26.610083336666666,2023-03-11,462.19,3138.644,24.2,462.19,3138.644,24.2,2023-03-11,3138.6440000000002,0,1.448865659458238e-16,2.4100833366666663,0,1.448865659458238e-16,2.4100833366666663,TRUE,FALSE,TRUE
Mar_23_267_SRS6_stem,tree,stem,SRS6,LGR3,C,FALSE,213.35,2.012601666666667,26.62995000333333,2023-03-11,213.35,2012.6016666666667,28.3,213.35,2012.6016666666667,28.3,2023-03-11,2012.601666666667,0,1.129750010690468e-16,1.6700499966666698,0,1.129750010690468e-16,1.6700499966666698,TRUE,FALSE,TRUE
Mar_23_268_SRS6_stem,tree,stem,SRS6,LGR3,B,FALSE,107.68,1.3669955555555555,26.692033336666665,2023-03-11,107.68,1366.9955555555557,28.3,107.68,1366.9955555555557,28.3,2023-03-11,1366.9955555555555,0,1.6633095441983785e-16,1.607966663333336,0,1.6633095441983785e-16,1.607966663333336,TRUE,FALSE,TRUE
Mar_23_269_SRS6_root,tree,root,SRS6,LGR3,A,FALSE,40.45,1.1605366666666665,26.87756667,2023-03-11,40.45,1160.5366666666666,28.3,40.45,1160.5366666666666,28.3,2023-03-11,1160.5366666666666,0,0,1.4224333300000005,0,0,1.4224333300000005,TRUE,FALSE,TRUE
Mar_23_270_SRS6_stem,tree,stem,SRS6,LGR3,C,FALSE,213.35,2.012601666666667,26.858933336666666,2023-03-11,213.35,2012.6016666666667,25.3666666666667,213.35,2012.6016666666667,25.3666666666667,2023-03-11,2012.601666666667,0,1.129750010690468e-16,1.4922666699999674,0,1.129750010690468e-16,1.4922666699999674,TRUE,FALSE,TRUE
Mar_23_271_SRS6_stem,tree,stem,SRS6,LGR3,C,FALSE,213.35,2.012601666666667,26.800388891999997,2023-03-11,213.35,2012.6016666666667,25.4733333333333,213.35,2012.6016666666667,25.4733333333333,2023-03-11,2012.601666666667,0,1.129750010690468e-16,1.3270555586666966,0,1.129750010690468e-16,1.3270555586666966,TRUE,FALSE,TRUE
Mar_23_272_SRS6_stem,tree,stem,SRS6,LGR3,B,FALSE,107.68,1.3669955555555555,26.797194445,2023-03-11,107.68,1366.9955555555557,25.2914285714286,107.68,1366.9955555555557,25.2914285714286,2023-03-11,1366.9955555555555,0,1.6633095441983785e-16,1.5057658735713986,0,1.6633095441983785e-16,1.5057658735713986,TRUE,FALSE,TRUE
Mar_23_274_SRS6_stem,tree,stem,SRS6,LGR3,D,FALSE,462.19,3.138644,26.719349996666665,2023-03-11,462.19,3138.644,24.2,462.19,3138.644,24.2,2023-03-11,3138.6440000000002,0,1.448865659458238e-16,2.5193499966666657,0,1.448865659458238e-16,2.5193499966666657,TRUE,FALSE,TRUE
Mar_23_275_SRS6_stem,tree,stem,SRS6,LGR3,D,FALSE,462.19,3.138644,26.654336107777777,2023-03-11,462.19,3138.644,24.2,462.19,3138.644,24.2,2023-03-11,3138.6440000000002,0,1.448865659458238e-16,2.4543361077777774,0,1.448865659458238e-16,2.4543361077777774,TRUE,FALSE,TRUE
Mar_23_262_SRS6_stem,tree,stem,SRS6,LGR3,D,FALSE,462.19,3.138644,26.456986108583333,2023-03-11,462.19,3138.644,23.6,462.19,3138.644,23.6,2023-03-11,3138.6440000000002,0,1.448865659458238e-16,2.8569861085833317,0,1.448865659458238e-16,2.8569861085833317,TRUE,FALSE,TRUE
Mar_23_218_SRS5_stem,tree,stem,SRS5,LGR2,B,FALSE,107.68,1.3669955555555555,23.883900001,2023-03-12,107.68,1366.9955555555557,25.4,107.68,1366.9955555555557,25.4,2023-03-12,1366.9955555555555,0,1.6633095441983785e-16,1.516099998999998,0,1.6633095441983785e-16,1.516099998999998,TRUE,FALSE,TRUE
Mar_23_219_SRS5_stem,tree,stem,SRS5,LGR2,A,FALSE,40.45,1.1605366666666665,23.973955556,2023-03-12,40.45,1160.5366666666666,25.4,40.45,1160.5366666666666,25.4,2023-03-12,1160.5366666666666,0,0,1.4260444439999986,0,0,1.4260444439999986,TRUE,FALSE,TRUE
Mar_23_220_SRS5_stem,tree,stem,SRS5,LGR2,A,FALSE,40.45,1.1605366666666665,24.122566667,2023-03-12,40.45,1160.5366666666666,25.4,40.45,1160.5366666666666,25.4,2023-03-12,1160.5366666666666,0,0,1.2774333329999976,0,0,1.2774333329999976,TRUE,FALSE,TRUE
Mar_23_221_SRS5_root,tree,root,SRS5,LGR2,A,FALSE,40.45,1.1605366666666665,24.372684445866668,2023-03-12,40.45,1160.5366666666666,25.4,40.45,1160.5366666666666,25.4,2023-03-12,1160.5366666666666,0,0,1.027315554133331,0,0,1.027315554133331,TRUE,FALSE,TRUE
Mar_23_222_SRS5_stem,tree,stem,SRS5,LGR2,C,FALSE,213.35,2.012601666666667,24.75211481788889,2023-03-12,213.35,2012.6016666666667,27.7,213.35,2012.6016666666667,27.7,2023-03-12,2012.601666666667,0,1.129750010690468e-16,2.947885182111108,0,1.129750010690468e-16,2.947885182111108,TRUE,FALSE,TRUE
Mar_23_223_SRS5_stem,tree,stem,SRS5,LGR2,C,FALSE,213.35,2.012601666666667,25.130088889666666,2023-03-12,213.35,2012.6016666666667,27.7,213.35,2012.6016666666667,27.7,2023-03-12,2012.601666666667,0,1.129750010690468e-16,2.569911110333333,0,1.129750010690468e-16,2.569911110333333,TRUE,FALSE,TRUE
Mar_23_224_SRS5_stem,tree,stem,SRS5,LGR2,C,FALSE,213.35,2.012601666666667,25.575418515722223,2023-03-12,213.35,2012.6016666666667,27.7,213.35,2012.6016666666667,27.7,2023-03-12,2012.601666666667,0,1.129750010690468e-16,2.124581484277776,0,1.129750010690468e-16,2.124581484277776,TRUE,FALSE,TRUE
Mar_23_225_SRS5_root,tree,root,SRS5,LGR2,A,FALSE,40.45,1.1605366666666665,25.861022220333332,2023-03-12,40.45,1160.5366666666666,27.7,40.45,1160.5366666666666,27.7,2023-03-12,1160.5366666666666,0,0,1.838977779666667,0,0,1.838977779666667,TRUE,FALSE,TRUE
Mar_23_226_SRS5_stem,tree,stem,SRS5,LGR2,C,FALSE,213.35,2.012601666666667,26.106346296027777,2023-03-12,213.35,2012.6016666666667,29,213.35,2012.6016666666667,29,2023-03-12,2012.601666666667,0,1.129750010690468e-16,2.893653703972223,0,1.129750010690468e-16,2.893653703972223,TRUE,FALSE,TRUE
Mar_23_227_SRS5_stem,tree,stem,SRS5,LGR2,C,FALSE,213.35,2.012601666666667,26.32015277875,2023-03-12,213.35,2012.6016666666667,29,213.35,2012.6016666666667,29,2023-03-12,2012.601666666667,0,1.129750010690468e-16,2.67984722125,0,1.129750010690468e-16,2.67984722125,TRUE,FALSE,TRUE
Mar_23_228_SRS5_stem,tree,stem,SRS5,LGR2,C,FALSE,213.35,2.012601666666667,26.58730278025,2023-03-12,213.35,2012.6016666666667,29,213.35,2012.6016666666667,29,2023-03-12,2012.601666666667,0,1.129750010690468e-16,2.412697219750001,0,1.129750010690468e-16,2.412697219750001,TRUE,FALSE,TRUE
Mar_23_229_SRS5_root,tree,root,SRS5,LGR2,A,FALSE,40.45,1.1605366666666665,26.767811114249998,2023-03-12,40.45,1160.5366666666666,29,40.45,1160.5366666666666,29,2023-03-12,1160.5366666666666,0,0,2.232188885750002,0,0,2.232188885750002,TRUE,FALSE,TRUE
Mar_23_230_SRS5_stem,tree,stem,SRS5,LGR2,B,FALSE,107.68,1.3669955555555555,26.944637779649998,2023-03-12,107.68,1366.9955555555557,29,107.68,1366.9955555555557,29,2023-03-12,1366.9955555555555,0,1.6633095441983785e-16,2.055362220350002,0,1.6633095441983785e-16,2.055362220350002,TRUE,FALSE,TRUE
Mar_23_231_SRS5_stem,tree,stem,SRS5,LGR2,A,FALSE,40.45,1.1605366666666665,27.11215777845,2023-03-12,40.45,1160.5366666666666,29,40.45,1160.5366666666666,29,2023-03-12,1160.5366666666666,0,0,1.8878422215499988,0,0,1.8878422215499988,TRUE,FALSE,TRUE
Mar_23_232_SRS5_stem,tree,stem,SRS5,LGR2,A,FALSE,40.45,1.1605366666666665,27.25145907462778,2023-03-12,40.45,1160.5366666666666,29,40.45,1160.5366666666666,29,2023-03-12,1160.5366666666666,0,0,1.7485409253722217,0,0,1.7485409253722217,TRUE,FALSE,TRUE
Mar_23_233_SRS5_root,tree,root,SRS5,LGR2,A,FALSE,40.45,1.1605366666666665,27.329758149655554,2023-03-12,40.45,1160.5366666666666,29,40.45,1160.5366666666666,29,2023-03-12,1160.5366666666666,0,0,1.6702418503444463,0,0,1.6702418503444463,TRUE,FALSE,TRUE
Mar_23_234_SRS5_stem,tree,stem,SRS5,LGR2,A,FALSE,40.45,1.1605366666666665,27.525822225555554,2023-03-12,40.45,1160.5366666666666,28.3,40.45,1160.5366666666666,28.3,2023-03-12,1160.5366666666666,0,0,0.7741777744444462,0,0,0.7741777744444462,TRUE,FALSE,TRUE
Mar_23_235_SRS5_stem,tree,stem,SRS5,LGR2,A,FALSE,40.45,1.1605366666666665,27.543274077333333,2023-03-12,40.45,1160.5366666666666,28.3,40.45,1160.5366666666666,28.3,2023-03-12,1160.5366666666666,0,0,0.7567259226666678,0,0,0.7567259226666678,TRUE,FALSE,TRUE
Mar_23_236_SRS5_stem,tree,stem,SRS5,LGR2,A,FALSE,40.45,1.1605366666666665,27.499170372666665,2023-03-12,40.45,1160.5366666666666,28.3,40.45,1160.5366666666666,28.3,2023-03-12,1160.5366666666666,0,0,0.8008296273333357,0,0,0.8008296273333357,TRUE,FALSE,TRUE
Mar_23_237_SRS5_root,tree,root,SRS5,LGR2,A,FALSE,40.45,1.1605366666666665,27.449129630833333,2023-03-12,40.45,1160.5366666666666,28.3,40.45,1160.5366666666666,28.3,2023-03-12,1160.5366666666666,0,0,0.8508703691666675,0,0,0.8508703691666675,TRUE,FALSE,TRUE
Mar_23_238_SRS5_stem,tree,stem,SRS5,LGR2,B,FALSE,107.68,1.3669955555555555,27.373944444444444,2023-03-12,107.68,1366.9955555555557,28.3,107.68,1366.9955555555557,28.3,2023-03-12,1366.9955555555555,0,1.6633095441983785e-16,0.926055555555557,0,1.6633095441983785e-16,0.926055555555557,TRUE,FALSE,TRUE
Mar_23_239_SRS5_stem,tree,stem,SRS5,LGR2,B,FALSE,107.68,1.3669955555555555,27.347027777777775,2023-03-12,107.68,1366.9955555555557,28.3,107.68,1366.9955555555557,28.3,2023-03-12,1366.9955555555555,0,1.6633095441983785e-16,0.9529722222222254,0,1.6633095441983785e-16,0.9529722222222254,TRUE,FALSE,TRUE
Mar_23_240_SRS5_stem,tree,stem,SRS5,LGR2,B,FALSE,107.68,1.3669955555555555,27.32275,2023-03-12,107.68,1366.9955555555557,28.3,107.68,1366.9955555555557,28.3,2023-03-12,1366.9955555555555,0,1.6633095441983785e-16,0.9772500000000015,0,1.6633095441983785e-16,0.9772500000000015,TRUE,FALSE,TRUE
Mar_23_241_SRS5_root,tree,root,SRS5,LGR2,A,FALSE,40.45,1.1605366666666665,27.300086111749998,2023-03-12,40.45,1160.5366666666666,28.3,40.45,1160.5366666666666,28.3,2023-03-12,1160.5366666666666,0,0,0.9999138882500027,0,0,0.9999138882500027,TRUE,FALSE,TRUE
Mar_23_242_SRS5_root,tree,root,SRS5,LGR2,A,FALSE,40.45,1.1605366666666665,27.3024944465,2023-03-12,40.45,1160.5366666666666,28.3,40.45,1160.5366666666666,28.3,2023-03-12,1160.5366666666666,0,0,0.9975055535000017,0,0,0.9975055535000017,TRUE,FALSE,TRUE
44997_SRS5_Soil_99,surface,soil,SRS5,LGR3,1 ft soil,FALSE,433.7,13.206,24.173611111666666,2023-03-12,433.7,13206,25.86,433.7,13206,25.86,2023-03-12,13206,0,0,1.6863888883333331,0,0,1.6863888883333331,TRUE,FALSE,TRUE
44997_SRS5_Soil_100,surface,soil,SRS5,LGR3,1 ft soil,FALSE,433.7,13.206,24.428833335,2023-03-12,433.7,13206,26.166666666666664,433.7,13206,26.166666666666664,2023-03-12,13206,0,0,1.737833331666664,0,0,1.737833331666664,TRUE,FALSE,TRUE
44997_SRS5_Soil_101,surface,soil,SRS5,LGR3,1 ft soil,FALSE,433.7,13.206,24.582392039372223,2023-03-12,433.7,13206,26.32,433.7,13206,26.32,2023-03-12,13206,0,0,1.737607960627777,0,0,1.737607960627777,TRUE,FALSE,TRUE
44997_SRS5_Soil_102,surface,soil,SRS5,LGR3,1 ft soil,FALSE,433.7,13.206,25.00548889066667,2023-03-12,433.7,13206,27.125,433.7,13206,27.125,2023-03-12,13206,0,0,2.119511109333331,0,0,2.119511109333331,TRUE,FALSE,TRUE
44997_SRS5_Soil_103,surface,soil,SRS5,LGR3,1 ft soil,FALSE,433.7,13.206,25.282377777333334,2023-03-12,433.7,13206,27.7,433.7,13206,27.7,2023-03-12,13206,0,0,2.4176222226666653,0,0,2.4176222226666653,TRUE,FALSE,TRUE
44997_SRS5_Soil_104,surface,soil,SRS5,LGR3,1 ft soil,FALSE,433.7,13.206,25.531577775333332,2023-03-12,433.7,13206,27.7,433.7,13206,27.7,2023-03-12,13206,0,0,2.168422224666667,0,0,2.168422224666667,TRUE,FALSE,TRUE
44997_SRS5_Soil_105,surface,soil,SRS5,LGR3,1 ft soil,FALSE,433.7,13.206,25.709622219333333,2023-03-12,433.7,13206,28.025,433.7,13206,28.025,2023-03-12,13206,0,0,2.3153777806666653,0,0,2.3153777806666653,TRUE,FALSE,TRUE
44997_SRS5_Soil_106,surface,soil,SRS5,LGR3,1 ft soil,FALSE,433.7,13.206,25.83578888683333,2023-03-12,433.7,13206,28.22,433.7,13206,28.22,2023-03-12,13206,0,0,2.3842111131666677,0,0,2.3842111131666677,TRUE,FALSE,TRUE
44997_SRS5_Soil_107,surface,soil,SRS5,LGR3,1 ft soil,FALSE,433.7,13.206,25.995599999,2023-03-12,433.7,13206,28.35,433.7,13206,28.35,2023-03-12,13206,0,0,2.354400001000002,0,0,2.354400001000002,TRUE,FALSE,TRUE
44997_SRS5_Soil_108,surface,soil,SRS5,LGR3,1 ft soil,FALSE,433.7,13.206,26.166788889,2023-03-12,433.7,13206,28.675,433.7,13206,28.675,2023-03-12,13206,0,0,2.5082111110000014,0,0,2.5082111110000014,TRUE,FALSE,TRUE
44997_SRS5_Soil_109,surface,soil,SRS5,LGR3,1 ft soil,FALSE,433.7,13.206,26.325100001,2023-03-12,433.7,13206,28.74,433.7,13206,28.74,2023-03-12,13206,0,0,2.4148999989999993,0,0,2.4148999989999993,TRUE,FALSE,TRUE
44997_SRS5_Soil_110,surface,soil,SRS5,LGR3,1 ft soil,FALSE,433.7,13.206,26.5130944465,2023-03-12,433.7,13206,29,433.7,13206,29,2023-03-12,13206,0,0,2.4869055535000015,0,0,2.4869055535000015,TRUE,FALSE,TRUE
44997_SRS5_Soil_111,surface,soil,SRS5,LGR3,1 ft soil,FALSE,433.7,13.206,26.621933335999998,2023-03-12,433.7,13206,29,433.7,13206,29,2023-03-12,13206,0,0,2.378066664000002,0,0,2.378066664000002,TRUE,FALSE,TRUE
44997_SRS5_Soil_112,surface,soil,SRS5,LGR3,1 ft soil,FALSE,433.7,13.206,26.7484222255,2023-03-12,433.7,13206,29,433.7,13206,29,2023-03-12,13206,0,0,2.2515777744999994,0,0,2.2515777744999994,TRUE,FALSE,TRUE
44997_SRS5_Soil_113,surface,soil,SRS5,LGR3,1 ft soil,FALSE,433.7,13.206,26.9035333355,2023-03-12,433.7,13206,29,433.7,13206,29,2023-03-12,13206,0,0,2.0964666644999994,0,0,2.0964666644999994,TRUE,FALSE,TRUE
44997_SRS5_Soil_114,surface,soil,SRS5,LGR3,1 ft soil,FALSE,433.7,13.206,27.143955555999998,2023-03-12,433.7,13206,29,433.7,13206,29,2023-03-12,13206,0,0,1.856044444000002,0,0,1.856044444000002,TRUE,FALSE,TRUE
44997_SRS5_Water_115,surface,water,SRS5,LGR3,Floating 8 in,FALSE,324.3,4.276,27.283538889833334,2023-03-12,324.3,4276,29,324.3,4276,29,2023-03-12,4276,0,0,1.7164611101666658,0,0,1.7164611101666658,TRUE,FALSE,TRUE
44997_SRS5_Water_116,surface,water,SRS5,LGR3,Floating 8 in,FALSE,324.3,4.276,27.461422225333333,2023-03-12,324.3,4276,28.766666666666666,324.3,4276,28.766666666666666,2023-03-12,4276,0,0,1.3052444413333326,0,0,1.3052444413333326,TRUE,FALSE,TRUE
44997_SRS5_Water_117,surface,water,SRS5,LGR3,Floating 8 in,FALSE,324.3,4.276,27.49976667,2023-03-12,324.3,4276,28.53333333333333,324.3,4276,28.533333333333335,2023-03-12,4276,0,0,1.0335666633333318,0,0,1.0335666633333354,TRUE,FALSE,TRUE
44997_SRS5_Water_118,surface,water,SRS5,LGR3,Floating 8 in,FALSE,324.3,4.276,27.522100003333335,2023-03-12,324.3,4276,28.3,324.3,4276,28.3,2023-03-12,4276,0,0,0.7778999966666653,0,0,0.7778999966666653,TRUE,FALSE,TRUE
44997_SRS5_Water_119,surface,water,SRS5,LGR3,Floating 8 in,FALSE,324.3,4.276,27.531400003,2023-03-12,324.3,4276,28.3,324.3,4276,28.3,2023-03-12,4276,0,0,0.768599996999999,0,0,0.768599996999999,TRUE,FALSE,TRUE
Mar_23_209_SRS5_stem,tree,stem,SRS5,LGR3,D,FALSE,462.19,3.138644,27.404177777999998,2023-03-12,462.19,3138.644,28.3,462.19,3138.644,28.3,2023-03-12,3138.6440000000002,0,1.448865659458238e-16,0.8958222220000032,0,1.448865659458238e-16,0.8958222220000032,TRUE,FALSE,TRUE
Oct_22_278_SRS5_stem,tree,stem,SRS5,LGR3,D,FALSE,462.19,3.138644,27.404177777999998,2023-03-12,462.19,3138.644,28.3,462.19,3138.644,28.3,2023-03-12,3138.6440000000002,0,1.448865659458238e-16,0.8958222220000032,0,1.448865659458238e-16,0.8958222220000032,TRUE,FALSE,TRUE
Mar_23_210_SRS5_stem,tree,stem,SRS5,LGR3,D,FALSE,462.19,3.138644,27.375,2023-03-12,462.19,3138.644,28.3,462.19,3138.644,28.3,2023-03-12,3138.6440000000002,0,1.448865659458238e-16,0.9250000000000007,0,1.448865659458238e-16,0.9250000000000007,TRUE,FALSE,TRUE
Oct_22_279_SRS5_stem,tree,stem,SRS5,LGR3,D,FALSE,462.19,3.138644,27.375,2023-03-12,462.19,3138.644,28.3,462.19,3138.644,28.3,2023-03-12,3138.6440000000002,0,1.448865659458238e-16,0.9250000000000007,0,1.448865659458238e-16,0.9250000000000007,TRUE,FALSE,TRUE
Mar_23_211_SRS5_stem,tree,stem,SRS5,LGR3,D,FALSE,462.19,3.138644,27.352833333333333,2023-03-12,462.19,3138.644,28.3,462.19,3138.644,28.3,2023-03-12,3138.6440000000002,0,1.448865659458238e-16,0.9471666666666678,0,1.448865659458238e-16,0.9471666666666678,TRUE,FALSE,TRUE
Oct_22_280_SRS5_stem,tree,stem,SRS5,LGR3,D,FALSE,462.19,3.138644,27.352833333333333,2023-03-12,462.19,3138.644,28.3,462.19,3138.644,28.3,2023-03-12,3138.6440000000002,0,1.448865659458238e-16,0.9471666666666678,0,1.448865659458238e-16,0.9471666666666678,TRUE,FALSE,TRUE
Oct_22_281_SRS5_stem,tree,stem,SRS5,LGR3,D,FALSE,462.19,3.138644,27.345391666666664,2023-03-12,462.19,3138.644,27.8,462.19,3138.644,27.8,2023-03-12,3138.6440000000002,0,1.448865659458238e-16,0.4546083333333364,0,1.448865659458238e-16,0.4546083333333364,TRUE,FALSE,TRUE
Mar_23_212_SRS5_stem,tree,stem,SRS5,LGR3,D,FALSE,462.19,3.138644,27.320058333333332,2023-03-12,462.19,3138.644,27.8,462.19,3138.644,27.8,2023-03-12,3138.6440000000002,0,1.448865659458238e-16,0.4799416666666687,0,1.448865659458238e-16,0.4799416666666687,TRUE,FALSE,TRUE
Mar_23_213_SRS5_stem,tree,stem,SRS5,LGR3,D,FALSE,462.19,3.138644,27.299025185199998,2023-03-12,462.19,3138.644,27.8,462.19,3138.644,27.8,2023-03-12,3138.6440000000002,0,1.448865659458238e-16,0.5009748148000028,0,1.448865659458238e-16,0.5009748148000028,TRUE,FALSE,TRUE
Oct_22_282_SRS5_stem,tree,stem,SRS5,LGR3,D,FALSE,462.19,3.138644,27.299025185199998,2023-03-12,462.19,3138.644,27.8,462.19,3138.644,27.8,2023-03-12,3138.6440000000002,0,1.448865659458238e-16,0.5009748148000028,0,1.448865659458238e-16,0.5009748148000028,TRUE,FALSE,TRUE
Mar_23_214_SRS5_stem,tree,stem,SRS5,LGR3,D,FALSE,462.19,3.138644,27.299755556,2023-03-12,462.19,3138.644,27.8,462.19,3138.644,27.8,2023-03-12,3138.6440000000002,0,1.448865659458238e-16,0.5002444439999998,0,1.448865659458238e-16,0.5002444439999998,TRUE,FALSE,TRUE
Oct_22_283_SRS5_stem,tree,stem,SRS5,LGR3,D,FALSE,462.19,3.138644,27.299755556,2023-03-12,462.19,3138.644,27.8,462.19,3138.644,27.8,2023-03-12,3138.6440000000002,0,1.448865659458238e-16,0.5002444439999998,0,1.448865659458238e-16,0.5002444439999998,TRUE,FALSE,TRUE
Mar_23_215_SRS5_stem,tree,stem,SRS5,LGR3,B,FALSE,107.68,1.3669955555555555,27.302400002,2023-03-12,107.68,1366.9955555555557,28.1,107.68,1366.9955555555557,28.1,2023-03-12,1366.9955555555555,0,1.6633095441983785e-16,0.7975999980000026,0,1.6633095441983785e-16,0.7975999980000026,TRUE,FALSE,TRUE
Mar_23_216_SRS5_stem,tree,stem,SRS5,LGR3,B,FALSE,107.68,1.3669955555555555,27.30339796555,2023-03-12,107.68,1366.9955555555557,28.1,107.68,1366.9955555555557,28.1,2023-03-12,1366.9955555555555,0,1.6633095441983785e-16,0.7966020344500002,0,1.6633095441983785e-16,0.7966020344500002,TRUE,FALSE,TRUE
Mar_23_217_SRS5_root,tree,root,SRS5,LGR3,B,FALSE,107.68,1.3669955555555555,27.302155558666666,2023-03-12,107.68,1366.9955555555557,28.1,107.68,1366.9955555555557,28.1,2023-03-12,1366.9955555555555,0,1.6633095441983785e-16,0.7978444413333357,0,1.6633095441983785e-16,0.7978444413333357,TRUE,FALSE,TRUE
Mar_23_189_SRS5_stem,tree,stem,SRS5,LGR2,B,FALSE,107.68,1.3669955555555555,25.936779631700002,2023-03-13,107.68,1366.9955555555557,26.1,107.68,1366.9955555555557,26.1,2023-03-13,1366.9955555555555,0,1.6633095441983785e-16,0.1632203682999993,0,1.6633095441983785e-16,0.1632203682999993,TRUE,FALSE,TRUE
Mar_23_190_SRS5_stem,tree,stem,SRS5,LGR2,B,FALSE,107.68,1.3669955555555555,25.982862966200003,2023-03-13,107.68,1366.9955555555557,26.1,107.68,1366.9955555555557,26.1,2023-03-13,1366.9955555555555,0,1.6633095441983785e-16,0.11713703379999885,0,1.6633095441983785e-16,0.11713703379999885,TRUE,FALSE,TRUE
Mar_23_191_SRS5_stem,tree,stem,SRS5,LGR2,B,FALSE,107.68,1.3669955555555555,26.074302964866668,2023-03-13,107.68,1366.9955555555557,26.1,107.68,1366.9955555555557,26.1,2023-03-13,1366.9955555555555,0,1.6633095441983785e-16,0.025697035133333657,0,1.6633095441983785e-16,0.025697035133333657,TRUE,FALSE,TRUE
Mar_23_192_SRS5_root,tree,root,SRS5,LGR2,A,FALSE,40.45,1.1605366666666665,26.103250186616666,2023-03-13,40.45,1160.5366666666666,26.1,40.45,1160.5366666666666,26.1,2023-03-13,1160.5366666666666,0,0,0.003250186616664763,0,0,0.003250186616664763,TRUE,FALSE,TRUE
Mar_23_193_SRS5_stem,tree,stem,SRS5,LGR2,B,FALSE,107.68,1.3669955555555555,26.19152722222222,2023-03-13,107.68,1366.9955555555557,26.6,107.68,1366.9955555555557,26.6,2023-03-13,1366.9955555555555,0,1.6633095441983785e-16,0.40847277777778146,0,1.6633095441983785e-16,0.40847277777778146,TRUE,FALSE,TRUE
Mar_23_194_SRS5_stem,tree,stem,SRS5,LGR2,B,FALSE,107.68,1.3669955555555555,26.194733888888887,2023-03-13,107.68,1366.9955555555557,26.6,107.68,1366.9955555555557,26.6,2023-03-13,1366.9955555555555,0,1.6633095441983785e-16,0.4052661111111142,0,1.6633095441983785e-16,0.4052661111111142,TRUE,FALSE,TRUE
Mar_23_195_SRS5_stem,tree,stem,SRS5,LGR2,B,FALSE,107.68,1.3669955555555555,26.197384444444445,2023-03-13,107.68,1366.9955555555557,26.6,107.68,1366.9955555555557,26.6,2023-03-13,1366.9955555555555,0,1.6633095441983785e-16,0.40261555555555617,0,1.6633095441983785e-16,0.40261555555555617,TRUE,FALSE,TRUE
Mar_23_196_SRS5_root,tree,root,SRS5,LGR2,B,FALSE,107.68,1.3669955555555555,26.2001,2023-03-13,107.68,1366.9955555555557,26.6,107.68,1366.9955555555557,26.6,2023-03-13,1366.9955555555555,0,1.6633095441983785e-16,0.39990000000000236,0,1.6633095441983785e-16,0.39990000000000236,TRUE,FALSE,TRUE
Mar_23_197_SRS5_root,tree,root,SRS5,LGR2,A,FALSE,40.45,1.1605366666666665,26.204383333333332,2023-03-13,40.45,1160.5366666666666,26.6,40.45,1160.5366666666666,26.6,2023-03-13,1160.5366666666666,0,0,0.39561666666666895,0,0,0.39561666666666895,TRUE,FALSE,TRUE
Mar_23_203_SRS5_stem,tree,stem,SRS5,LGR2,B,FALSE,107.68,1.3669955555555555,26.286876666666664,2023-03-13,107.68,1366.9955555555557,26.7,107.68,1366.9955555555557,26.7,2023-03-13,1366.9955555555555,0,1.6633095441983785e-16,0.41312333333333484,0,1.6633095441983785e-16,0.41312333333333484,TRUE,FALSE,TRUE
Mar_23_204_SRS5_stem,tree,stem,SRS5,LGR2,B,FALSE,107.68,1.3669955555555555,26.325746666666667,2023-03-13,107.68,1366.9955555555557,26.7,107.68,1366.9955555555557,26.7,2023-03-13,1366.9955555555555,0,1.6633095441983785e-16,0.374253333333332,0,1.6633095441983785e-16,0.374253333333332,TRUE,FALSE,TRUE
Mar_23_205_SRS5_stem,tree,stem,SRS5,LGR2,B,FALSE,107.68,1.3669955555555555,26.393329444816665,2023-03-13,107.68,1366.9955555555557,26.7,107.68,1366.9955555555557,26.7,2023-03-13,1366.9955555555555,0,1.6633095441983785e-16,0.3066705551833344,0,1.6633095441983785e-16,0.3066705551833344,TRUE,FALSE,TRUE
Mar_23_206_SRS5_stem,tree,stem,SRS5,LGR2,B,FALSE,107.68,1.3669955555555555,26.522802223533333,2023-03-13,107.68,1366.9955555555557,26.7,107.68,1366.9955555555557,26.7,2023-03-13,1366.9955555555555,0,1.6633095441983785e-16,0.17719777646666657,0,1.6633095441983785e-16,0.17719777646666657,TRUE,FALSE,TRUE
Mar_23_207_SRS5_CWD,tree,CWD,SRS5,LGR2,A,FALSE,40.45,1.1605366666666665,26.603499261155555,2023-03-13,40.45,1160.5366666666666,26.7,40.45,1160.5366666666666,26.7,2023-03-13,1160.5366666666666,0,0,0.0965007388444441,0,0,0.0965007388444441,TRUE,FALSE,TRUE
Mar_23_199_SRS5_CWD,tree,CWD,SRS5,LGR2,A,FALSE,40.45,1.1605366666666665,26.7786833365,2023-03-13,40.45,1160.5366666666666,25.89,40.45,1160.5366666666666,25.89,2023-03-13,1160.5366666666666,0,0,0.888683336499998,0,0,0.888683336499998,TRUE,FALSE,TRUE
Mar_23_200_SRS5_CWD,tree,CWD,SRS5,LGR2,B,FALSE,107.68,1.3669955555555555,26.83898963251111,2023-03-13,107.68,1366.9955555555557,25.8,107.68,1366.9955555555557,25.8,2023-03-13,1366.9955555555555,0,1.6633095441983785e-16,1.038989632511111,0,1.6633095441983785e-16,1.038989632511111,TRUE,FALSE,TRUE
Mar_23_201_SRS5_CWD,tree,CWD,SRS5,LGR2,A,FALSE,40.45,1.1605366666666665,26.88273703938889,2023-03-13,40.45,1160.5366666666666,24.4,40.45,1160.5366666666666,24.4,2023-03-13,1160.5366666666666,0,0,2.4827370393888906,0,0,2.4827370393888906,TRUE,FALSE,TRUE
Mar_23_202_SRS5_CWD,tree,CWD,SRS5,LGR2,B,FALSE,107.68,1.3669955555555555,26.96227777916667,2023-03-13,107.68,1366.9955555555557,24.4,107.68,1366.9955555555557,24.4,2023-03-13,1366.9955555555555,0,1.6633095441983785e-16,2.5622777791666707,0,1.6633095441983785e-16,2.5622777791666707,TRUE,FALSE,TRUE
Mar_23_180_SRS5_stem,tree,stem,SRS5,LGR3,C,FALSE,213.35,2.012601666666667,26.061588891,2023-03-13,213.35,2012.6016666666667,27.5,213.35,2012.6016666666667,27.5,2023-03-13,2012.601666666667,0,1.129750010690468e-16,1.4384111090000005,0,1.129750010690468e-16,1.4384111090000005,TRUE,FALSE,TRUE
Mar_23_184_SRS5_root,tree,root,SRS5,LGR3,A,FALSE,40.45,1.1605366666666665,26.200316666666666,2023-03-13,40.45,1160.5366666666666,26.6,40.45,1160.5366666666666,26.6,2023-03-13,1160.5366666666666,0,0,0.3996833333333356,0,0,0.3996833333333356,TRUE,FALSE,TRUE
Mar_23_185_SRS5_stem,tree,stem,SRS5,LGR3,C,FALSE,213.35,2.012601666666667,26.201833333333333,2023-03-13,213.35,2012.6016666666667,26.6,213.35,2012.6016666666667,26.6,2023-03-13,2012.601666666667,0,1.129750010690468e-16,0.39816666666666833,0,1.129750010690468e-16,0.39816666666666833,TRUE,FALSE,TRUE
Mar_23_186_SRS5_stem,tree,stem,SRS5,LGR3,C,FALSE,213.35,2.012601666666667,26.2316,2023-03-13,213.35,2012.6016666666667,26.6,213.35,2012.6016666666667,26.6,2023-03-13,2012.601666666667,0,1.129750010690468e-16,0.36840000000000117,0,1.129750010690468e-16,0.36840000000000117,TRUE,FALSE,TRUE
Mar_23_187_SRS5_stem,tree,stem,SRS5,LGR3,C,FALSE,213.35,2.012601666666667,26.2592,2023-03-13,213.35,2012.6016666666667,26.6,213.35,2012.6016666666667,26.6,2023-03-13,2012.601666666667,0,1.129750010690468e-16,0.34080000000000155,0,1.129750010690468e-16,0.34080000000000155,TRUE,FALSE,TRUE
Mar_23_188_SRS5_root,tree,root,SRS5,LGR3,A,FALSE,40.45,1.1605366666666665,26.289099999999998,2023-03-13,40.45,1160.5366666666666,26.6,40.45,1160.5366666666666,26.6,2023-03-13,1160.5366666666666,0,0,0.31090000000000373,0,0,0.31090000000000373,TRUE,FALSE,TRUE
Mar_23_169_SRS5_stem,tree,stem,SRS5,LGR3,C,FALSE,213.35,2.012601666666667,26.483730556583332,2023-03-13,213.35,2012.6016666666667,26.6,213.35,2012.6016666666667,26.6,2023-03-13,2012.601666666667,0,1.129750010690468e-16,0.11626944341666956,0,1.129750010690468e-16,0.11626944341666956,TRUE,FALSE,TRUE
Mar_23_170_SRS5_stem,tree,stem,SRS5,LGR3,C,FALSE,213.35,2.012601666666667,26.625461113166665,2023-03-13,213.35,2012.6016666666667,26.6,213.35,2012.6016666666667,26.6,2023-03-13,2012.601666666667,0,1.129750010690468e-16,0.02546111316666355,0,1.129750010690468e-16,0.02546111316666355,TRUE,FALSE,TRUE
Mar_23_171_SRS5_stem,tree,stem,SRS5,LGR3,C,FALSE,213.35,2.012601666666667,26.72505555833333,2023-03-13,213.35,2012.6016666666667,26.6,213.35,2012.6016666666667,26.6,2023-03-13,2012.601666666667,0,1.129750010690468e-16,0.1250555583333295,0,1.129750010690468e-16,0.1250555583333295,TRUE,FALSE,TRUE
Mar_23_172_SRS5_stem,tree,stem,SRS5,LGR3,D,FALSE,462.19,3.138644,26.976044445666666,2023-03-13,462.19,3138.644,24.4,462.19,3138.644,24.4,2023-03-13,3138.6440000000002,0,1.448865659458238e-16,2.5760444456666676,0,1.448865659458238e-16,2.5760444456666676,TRUE,FALSE,TRUE
Mar_23_173_SRS5_root,tree,root,SRS5,LGR3,A,FALSE,40.45,1.1605366666666665,27.17312777716667,2023-03-13,40.45,1160.5366666666666,25.6,40.45,1160.5366666666666,25.6,2023-03-13,1160.5366666666666,0,0,1.5731277771666683,0,0,1.5731277771666683,TRUE,FALSE,TRUE
Mar_23_174_SRS5_stem,tree,stem,SRS5,LGR3,D,FALSE,462.19,3.138644,27.286733332,2023-03-13,462.19,3138.644,25.8,462.19,3138.644,25.8,2023-03-13,3138.6440000000002,0,1.448865659458238e-16,1.486733332,0,1.448865659458238e-16,1.486733332,TRUE,FALSE,TRUE
Mar_23_175_SRS5_root,tree,root,SRS5,LGR3,A,FALSE,40.45,1.1605366666666665,27.38286110916667,2023-03-13,40.45,1160.5366666666666,26.7,40.45,1160.5366666666666,26.7,2023-03-13,1160.5366666666666,0,0,0.6828611091666694,0,0,0.6828611091666694,TRUE,FALSE,TRUE
Mar_23_177_SRS5_stem,tree,stem,SRS5,LGR3,B,FALSE,107.68,1.3669955555555555,27.601772219,2023-03-13,107.68,1366.9955555555557,26.7,107.68,1366.9955555555557,26.7,2023-03-13,1366.9955555555555,0,1.6633095441983785e-16,0.9017722190000015,0,1.6633095441983785e-16,0.9017722190000015,TRUE,FALSE,TRUE
Mar_23_178_SRS5_stem,tree,stem,SRS5,LGR3,B,FALSE,107.68,1.3669955555555555,27.61011111,2023-03-13,107.68,1366.9955555555557,27.2,107.68,1366.9955555555557,27.2,2023-03-13,1366.9955555555555,0,1.6633095441983785e-16,0.410111109999999,0,1.6633095441983785e-16,0.410111109999999,TRUE,FALSE,TRUE
Mar_23_179_SRS5_stem,tree,stem,SRS5,LGR3,B,FALSE,107.68,1.3669955555555555,27.617133334,2023-03-13,107.68,1366.9955555555557,27.2,107.68,1366.9955555555557,27.2,2023-03-13,1366.9955555555555,0,1.6633095441983785e-16,0.41713333399999897,0,1.6633095441983785e-16,0.41713333399999897,TRUE,FALSE,TRUE
Mar_23_135_CP40_stem,tree,stem,CP40,LGR2,C,FALSE,213.35,2.012601666666667,19.637808149566666,2023-03-15,213.35,2012.6016666666667,22.7,213.35,2012.6016666666667,22.7,2023-03-15,2012.601666666667,0,1.129750010690468e-16,3.062191850433333,0,1.129750010690468e-16,3.062191850433333,TRUE,FALSE,TRUE
Mar_23_136_CP40_stem,tree,stem,CP40,LGR2,C,FALSE,213.35,2.012601666666667,19.770248148166665,2023-03-15,213.35,2012.6016666666667,22.7,213.35,2012.6016666666667,22.7,2023-03-15,2012.601666666667,0,1.129750010690468e-16,2.929751851833334,0,1.129750010690468e-16,2.929751851833334,TRUE,FALSE,TRUE
Mar_23_137_CP40_stem,tree,stem,CP40,LGR2,C,FALSE,213.35,2.012601666666667,20.093688885666666,2023-03-15,213.35,2012.6016666666667,22.7,213.35,2012.6016666666667,22.7,2023-03-15,2012.601666666667,0,1.129750010690468e-16,2.6063111143333337,0,1.129750010690468e-16,2.6063111143333337,TRUE,FALSE,TRUE
Mar_23_138_CP40_stem,tree,stem,CP40,LGR2,C,FALSE,213.35,2.012601666666667,20.135105923427776,2023-03-15,213.35,2012.6016666666667,22.7,213.35,2012.6016666666667,22.7,2023-03-15,2012.601666666667,0,1.129750010690468e-16,2.564894076572223,0,1.129750010690468e-16,2.564894076572223,TRUE,FALSE,TRUE
Mar_23_139_CP40_stem,tree,stem,CP40,LGR2,C,FALSE,213.35,2.012601666666667,20.208088887666666,2023-03-15,213.35,2012.6016666666667,22.7,213.35,2012.6016666666667,22.7,2023-03-15,2012.601666666667,0,1.129750010690468e-16,2.4919111123333337,0,1.129750010690468e-16,2.4919111123333337,TRUE,FALSE,TRUE
Mar_23_140_CP40_stem,tree,stem,CP40,LGR2,C,FALSE,213.35,2.012601666666667,20.317111111416665,2023-03-15,213.35,2012.6016666666667,22.5333333333333,213.35,2012.6016666666667,22.5333333333333,2023-03-15,2012.601666666667,0,1.129750010690468e-16,2.2162222219166345,0,1.129750010690468e-16,2.2162222219166345,TRUE,FALSE,TRUE
Mar_23_129_CP40_stem,tree,stem,CP40,LGR2,C,FALSE,213.35,2.012601666666667,20.68807407727778,2023-03-15,213.35,2012.6016666666667,22.2,213.35,2012.6016666666667,22.2,2023-03-15,2012.601666666667,0,1.129750010690468e-16,1.5119259227222202,0,1.129750010690468e-16,1.5119259227222202,TRUE,FALSE,TRUE
Mar_23_130_CP40_stem,tree,stem,CP40,LGR2,C,FALSE,213.35,2.012601666666667,20.71594444777778,2023-03-15,213.35,2012.6016666666667,22.2,213.35,2012.6016666666667,22.2,2023-03-15,2012.601666666667,0,1.129750010690468e-16,1.4840555522222196,0,1.129750010690468e-16,1.4840555522222196,TRUE,FALSE,TRUE
Mar_23_131_CP40_stem,tree,stem,CP40,LGR2,C,FALSE,213.35,2.012601666666667,20.724500003333333,2023-03-15,213.35,2012.6016666666667,22.2,213.35,2012.6016666666667,22.2,2023-03-15,2012.601666666667,0,1.129750010690468e-16,1.4754999966666666,0,1.129750010690468e-16,1.4754999966666666,TRUE,FALSE,TRUE
Mar_23_132_CP40_stem,tree,stem,CP40,LGR2,C,FALSE,213.35,2.012601666666667,20.73614167,2023-03-15,213.35,2012.6016666666667,22.2,213.35,2012.6016666666667,22.2,2023-03-15,2012.601666666667,0,1.129750010690468e-16,1.4638583300000008,0,1.129750010690468e-16,1.4638583300000008,TRUE,FALSE,TRUE
Mar_23_133_CP40_stem,tree,stem,CP40,LGR2,C,FALSE,213.35,2.012601666666667,20.72496667,2023-03-15,213.35,2012.6016666666667,22.2,213.35,2012.6016666666667,22.2,2023-03-15,2012.601666666667,0,1.129750010690468e-16,1.4750333299999987,0,1.129750010690468e-16,1.4750333299999987,TRUE,FALSE,TRUE
Mar_23_134_CP40_stem,tree,stem,CP40,LGR2,C,FALSE,213.35,2.012601666666667,20.716386670000002,2023-03-15,213.35,2012.6016666666667,22.2,213.35,2012.6016666666667,22.2,2023-03-15,2012.601666666667,0,1.129750010690468e-16,1.4836133299999972,0,1.129750010690468e-16,1.4836133299999972,TRUE,FALSE,TRUE
Mar_23_141_CP40_CWD,tree,CWD,CP40,LGR2,C,FALSE,213.35,2.012601666666667,21.30771111111111,2023-03-15,213.35,2012.6016666666667,22.2,213.35,2012.6016666666667,22.2,2023-03-15,2012.601666666667,0,1.129750010690468e-16,0.8922888888888885,0,1.129750010690468e-16,0.8922888888888885,TRUE,FALSE,TRUE
Mar_23_142_CP40_CWD,tree,CWD,CP40,LGR2,B,FALSE,107.68,1.3669955555555555,21.532177777777775,2023-03-15,107.68,1366.9955555555557,22.2,107.68,1366.9955555555557,22.2,2023-03-15,1366.9955555555555,0,1.6633095441983785e-16,0.6678222222222239,0,1.6633095441983785e-16,0.6678222222222239,TRUE,FALSE,TRUE
Mar_23_143_CP40_CWD,tree,CWD,CP40,LGR2,B,FALSE,107.68,1.3669955555555555,21.64307222138333,2023-03-15,107.68,1366.9955555555557,22.2,107.68,1366.9955555555557,22.2,2023-03-15,1366.9955555555555,0,1.6633095441983785e-16,0.556927778616668,0,1.6633095441983785e-16,0.556927778616668,TRUE,FALSE,TRUE
Mar_23_144_CP40_stem,tree,stem,CP40,LGR2,C,FALSE,213.35,2.012601666666667,21.71848147888889,2023-03-15,213.35,2012.6016666666667,22.2,213.35,2012.6016666666667,22.2,2023-03-15,2012.601666666667,0,1.129750010690468e-16,0.48151852111110927,0,1.129750010690468e-16,0.48151852111110927,TRUE,FALSE,TRUE
Mar_23_145_CP40_stem,tree,stem,CP40,LGR2,C,FALSE,213.35,2.012601666666667,21.750433702377777,2023-03-15,213.35,2012.6016666666667,22.3285714285714,213.35,2012.6016666666667,22.3285714285714,2023-03-15,2012.601666666667,0,1.129750010690468e-16,0.5781377261936242,0,1.129750010690468e-16,0.5781377261936242,TRUE,FALSE,TRUE
Mar_23_146_CP40_stem,tree,stem,CP40,LGR2,C,FALSE,213.35,2.012601666666667,21.750511111333335,2023-03-15,213.35,2012.6016666666667,22.3469387755102,213.35,2012.6016666666667,22.3469387755102,2023-03-15,2012.601666666667,0,1.129750010690468e-16,0.5964276641768649,0,1.129750010690468e-16,0.5964276641768649,TRUE,FALSE,TRUE
Mar_23_147_CP40_stem,tree,stem,CP40,LGR2,C,FALSE,213.35,2.012601666666667,21.718048891766667,2023-03-15,213.35,2012.6016666666667,22.5,213.35,2012.6016666666667,22.5,2023-03-15,2012.601666666667,0,1.129750010690468e-16,0.7819511082333328,0,1.129750010690468e-16,0.7819511082333328,TRUE,FALSE,TRUE
Mar_23_148_CP40_stem,tree,stem,CP40,LGR2,C,FALSE,213.35,2.012601666666667,21.63345481651111,2023-03-15,213.35,2012.6016666666667,22.5,213.35,2012.6016666666667,22.5,2023-03-15,2012.601666666667,0,1.129750010690468e-16,0.8665451834888884,0,1.129750010690468e-16,0.8665451834888884,TRUE,FALSE,TRUE
Mar_23_166_CP40_stem,tree,stem,CP40,LGR2,C,FALSE,213.35,2.012601666666667,21.230799998,2023-03-15,213.35,2012.6016666666667,22.8,213.35,2012.6016666666667,22.8,2023-03-15,2012.601666666667,0,1.129750010690468e-16,1.5692000020000023,0,1.129750010690468e-16,1.5692000020000023,TRUE,FALSE,TRUE
Mar_23_167_CP40_stem,tree,stem,CP40,LGR2,C,FALSE,213.35,2.012601666666667,21.188266666,2023-03-15,213.35,2012.6016666666667,22.8,213.35,2012.6016666666667,22.8,2023-03-15,2012.601666666667,0,1.129750010690468e-16,1.6117333340000002,0,1.129750010690468e-16,1.6117333340000002,TRUE,FALSE,TRUE
Mar_23_168_CP40_stem,tree,stem,CP40,LGR2,C,FALSE,213.35,2.012601666666667,21.131555556666665,2023-03-15,213.35,2012.6016666666667,22.8,213.35,2012.6016666666667,22.8,2023-03-15,2012.601666666667,0,1.129750010690468e-16,1.6684444433333354,0,1.129750010690468e-16,1.6684444433333354,TRUE,FALSE,TRUE
45000_CP40_Water_131,surface,water,CP40,LGR2,Floating 8 in,FALSE,324.3,4.276,21.034655558666667,2023-03-15,324.3,4276,22.8,324.3,4276,22.8,2023-03-15,4276,0,0,1.7653444413333332,0,0,1.7653444413333332,TRUE,FALSE,TRUE
45000_CP40_Water_120,surface,water,CP40,LGR3,Floating 8 in,FALSE,324.3,4.276,19.772,2023-03-15,324.3,4276,22.7,324.3,4276,22.7,2023-03-15,4276,0,0,2.928000000000001,0,0,2.928000000000001,TRUE,FALSE,TRUE
45000_CP40_Water_121,surface,water,CP40,LGR3,Floating 8 in,FALSE,324.3,4.276,20.119111108333332,2023-03-15,324.3,4276,22.7,324.3,4276,22.7,2023-03-15,4276,0,0,2.5808888916666675,0,0,2.5808888916666675,TRUE,FALSE,TRUE
45000_CP40_Water_122,surface,water,CP40,LGR3,Floating 8 in,FALSE,324.3,4.276,20.189022220666665,2023-03-15,324.3,4276,22.7,324.3,4276,22.7,2023-03-15,4276,0,0,2.5109777793333343,0,0,2.5109777793333343,TRUE,FALSE,TRUE
45000_CP40_Water_123,surface,water,CP40,LGR3,Floating 8 in,FALSE,324.3,4.276,20.246222221666667,2023-03-15,324.3,4276,22.7,324.3,4276,22.7,2023-03-15,4276,0,0,2.4537777783333325,0,0,2.4537777783333325,TRUE,FALSE,TRUE
45000_CP40_Water_124,surface,water,CP40,LGR3,Floating 8 in,FALSE,324.3,4.276,20.327777778166666,2023-03-15,324.3,4276,22.2,324.3,4276,22.2,2023-03-15,4276,0,0,1.8722222218333329,0,0,1.8722222218333329,TRUE,FALSE,TRUE
45000_CP40_Water_125,surface,water,CP40,LGR3,Floating 8 in,FALSE,324.3,4.276,20.491333335,2023-03-15,324.3,4276,22.2,324.3,4276,22.2,2023-03-15,4276,0,0,1.708666664999999,0,0,1.708666664999999,TRUE,FALSE,TRUE
45000_CP40_Water_126,surface,water,CP40,LGR3,Floating 8 in,FALSE,324.3,4.276,20.64777778066667,2023-03-15,324.3,4276,22.2,324.3,4276,22.2,2023-03-15,4276,0,0,1.5522222193333306,0,0,1.5522222193333306,TRUE,FALSE,TRUE
45000_CP40_Water_127,surface,water,CP40,LGR3,Floating 8 in,FALSE,324.3,4.276,20.710500003333333,2023-03-15,324.3,4276,22.2,324.3,4276,22.2,2023-03-15,4276,0,0,1.489499996666666,0,0,1.489499996666666,TRUE,FALSE,TRUE
45000_CP40_Water_128,surface,water,CP40,LGR3,Floating 8 in,FALSE,324.3,4.276,20.715166670000002,2023-03-15,324.3,4276,22.2,324.3,4276,22.2,2023-03-15,4276,0,0,1.4848333299999972,0,0,1.4848333299999972,TRUE,FALSE,TRUE
45000_CP40_Water_129,surface,water,CP40,LGR3,Floating 8 in,FALSE,324.3,4.276,20.722750003333335,2023-03-15,324.3,4276,22.2,324.3,4276,22.2,2023-03-15,4276,0,0,1.4772499966666643,0,0,1.4772499966666643,TRUE,FALSE,TRUE
Mar_23_154_CP40_stem,tree,stem,CP40,LGR3,C,FALSE,213.35,2.012601666666667,20.72886667,2023-03-15,213.35,2012.6016666666667,NA,213.35,2012.6016666666667,NA,2023-03-15,2012.601666666667,0,1.129750010690468e-16,NA,0,1.129750010690468e-16,NA,TRUE,FALSE,TRUE
Mar_23_155_CP40_stem,tree,stem,CP40,LGR3,C,FALSE,213.35,2.012601666666667,20.72301667,2023-03-15,213.35,2012.6016666666667,22.2,213.35,2012.6016666666667,22.2,2023-03-15,2012.601666666667,0,1.129750010690468e-16,1.4769833299999995,0,1.129750010690468e-16,1.4769833299999995,TRUE,FALSE,TRUE
Mar_23_156_CP40_stem,tree,stem,CP40,LGR3,C,FALSE,213.35,2.012601666666667,20.71536667,2023-03-15,213.35,2012.6016666666667,22.2,213.35,2012.6016666666667,22.2,2023-03-15,2012.601666666667,0,1.129750010690468e-16,1.4846333299999976,0,1.129750010690468e-16,1.4846333299999976,TRUE,FALSE,TRUE
Mar_23_157_CP40_stem,tree,stem,CP40,LGR3,C,FALSE,213.35,2.012601666666667,20.963555556666666,2023-03-15,213.35,2012.6016666666667,22.2,213.35,2012.6016666666667,22.2,2023-03-15,2012.601666666667,0,1.129750010690468e-16,1.2364444433333333,0,1.129750010690468e-16,1.2364444433333333,TRUE,FALSE,TRUE
Mar_23_158_CP40_stem,tree,stem,CP40,LGR3,C,FALSE,213.35,2.012601666666667,21.038822222666667,2023-03-15,213.35,2012.6016666666667,22.2,213.35,2012.6016666666667,22.2,2023-03-15,2012.601666666667,0,1.129750010690468e-16,1.1611777773333323,0,1.129750010690468e-16,1.1611777773333323,TRUE,FALSE,TRUE
Mar_23_159_CP40_stem,tree,stem,CP40,LGR3,C,FALSE,213.35,2.012601666666667,21.17533333333333,2023-03-15,213.35,2012.6016666666667,22.2,213.35,2012.6016666666667,22.2,2023-03-15,2012.601666666667,0,1.129750010690468e-16,1.0246666666666684,0,1.129750010690468e-16,1.0246666666666684,TRUE,FALSE,TRUE
Mar_23_160_CP40_stem,tree,stem,CP40,LGR3,B,FALSE,107.68,1.3669955555555555,21.520666666666667,2023-03-15,107.68,1366.9955555555557,22.2,107.68,1366.9955555555557,22.2,2023-03-15,1366.9955555555555,0,1.6633095441983785e-16,0.6793333333333322,0,1.6633095441983785e-16,0.6793333333333322,TRUE,FALSE,TRUE
Mar_23_161_CP40_stem,tree,stem,CP40,LGR3,B,FALSE,107.68,1.3669955555555555,21.626111110666667,2023-03-15,107.68,1366.9955555555557,22.2,107.68,1366.9955555555557,22.2,2023-03-15,1366.9955555555555,0,1.6633095441983785e-16,0.5738888893333325,0,1.6633095441983785e-16,0.5738888893333325,TRUE,FALSE,TRUE
Mar_23_162_CP40_stem,tree,stem,CP40,LGR3,B,FALSE,107.68,1.3669955555555555,21.649999999,2023-03-15,107.68,1366.9955555555557,22.2,107.68,1366.9955555555557,22.2,2023-03-15,1366.9955555555555,0,1.6633095441983785e-16,0.5500000010000008,0,1.6633095441983785e-16,0.5500000010000008,TRUE,FALSE,TRUE
Mar_23_163_CP40_stem,tree,stem,CP40,LGR3,A,FALSE,40.45,1.1605366666666665,21.75033333,2023-03-15,40.45,1160.5366666666666,22.2,40.45,1160.5366666666666,22.2,2023-03-15,1160.5366666666666,0,0,0.44966666999999916,0,0,0.44966666999999916,TRUE,FALSE,TRUE
Mar_23_164_CP40_stem,tree,stem,CP40,LGR3,A,FALSE,40.45,1.1605366666666665,21.750422220666668,2023-03-15,40.45,1160.5366666666666,22.2,40.45,1160.5366666666666,22.2,2023-03-15,1160.5366666666666,0,0,0.44957777933333176,0,0,0.44957777933333176,TRUE,FALSE,TRUE
Mar_23_165_CP40_stem,tree,stem,CP40,LGR3,A,FALSE,40.45,1.1605366666666665,21.750511111333335,2023-03-15,40.45,1160.5366666666666,22.2,40.45,1160.5366666666666,22.2,2023-03-15,1160.5366666666666,0,0,0.44948888866666437,0,0,0.44948888866666437,TRUE,FALSE,TRUE
Mar_23_150_CP40_CWD,tree,CWD,CP40,LGR3,B,FALSE,107.68,1.3669955555555555,21.750661114333333,2023-03-15,107.68,1366.9955555555557,22.5,107.68,1366.9955555555557,22.5,2023-03-15,1366.9955555555555,0,1.6633095441983785e-16,0.749338885666667,0,1.6633095441983785e-16,0.749338885666667,TRUE,FALSE,TRUE
Mar_23_151_CP40_CWD,tree,CWD,CP40,LGR3,B,FALSE,107.68,1.3669955555555555,21.384711109333335,2023-03-15,107.68,1366.9955555555557,22.5,107.68,1366.9955555555557,22.5,2023-03-15,1366.9955555555555,0,1.6633095441983785e-16,1.1152888906666654,0,1.6633095441983785e-16,1.1152888906666654,TRUE,FALSE,TRUE
45000_CP40_Water_130,surface,water,CP40,LGR3,Floating 8 in,FALSE,324.3,4.276,21.259155552666666,2023-03-15,324.3,4276,22.65,324.3,4276,22.65,2023-03-15,4276,0,0,1.3908444473333326,0,0,1.3908444473333326,TRUE,FALSE,TRUE
Mar_23_117_BL60_stem,tree,stem,BL60,LGR2,A,FALSE,40.45,1.1605366666666665,19.219283336666667,2023-03-16,40.45,1160.5366666666666,25.3,40.45,1160.5366666666666,25.3,2023-03-16,1160.5366666666666,0,0,6.080716663333334,0,0,6.080716663333334,TRUE,FALSE,TRUE
Mar_23_119_BL60_stem,tree,stem,BL60,LGR2,A,TRUE,40.45,1.1605366666666665,20.138733336666668,2023-03-16,40.45,1160.5366666666666,25.3,NA,NA,NA,NA,1160.5366666666666,0,0,5.161266663333333,NA,NA,NA,TRUE,FALSE,TRUE
Mar_23_120_BL60_stem,tree,stem,BL60,LGR2,A,FALSE,40.45,1.1605366666666665,20.61356667,2023-03-16,40.45,1160.5366666666666,25.3,40.45,1160.5366666666666,25.3,2023-03-16,1160.5366666666666,0,0,4.68643333,0,0,4.68643333,TRUE,FALSE,TRUE
Mar_23_121_BL60_stem,tree,stem,BL60,LGR2,A,FALSE,40.45,1.1605366666666665,20.966300003333334,2023-03-16,40.45,1160.5366666666666,25.3,40.45,1160.5366666666666,25.3,2023-03-16,1160.5366666666666,0,0,4.333699996666667,0,0,4.333699996666667,TRUE,FALSE,TRUE
Mar_23_113_BL60_stem,tree,stem,BL60,LGR2,A,FALSE,40.45,1.1605366666666665,22.108955552333335,2023-03-16,40.45,1160.5366666666666,28.1,40.45,1160.5366666666666,28.1,2023-03-16,1160.5366666666666,0,0,5.991044447666667,0,0,5.991044447666667,TRUE,FALSE,TRUE
Mar_23_114_BL60_stem,tree,stem,BL60,LGR2,A,FALSE,40.45,1.1605366666666665,22.333688887333334,2023-03-16,40.45,1160.5366666666666,28.1,40.45,1160.5366666666666,28.1,2023-03-16,1160.5366666666666,0,0,5.766311112666667,0,0,5.766311112666667,TRUE,FALSE,TRUE
Mar_23_115_BL60_stem,tree,stem,BL60,LGR2,A,FALSE,40.45,1.1605366666666665,22.983627225555555,2023-03-16,40.45,1160.5366666666666,28.1,40.45,1160.5366666666666,28.1,2023-03-16,1160.5366666666666,0,0,5.1163727744444465,0,0,5.1163727744444465,TRUE,FALSE,TRUE
Mar_23_122_BL60_stem,tree,stem,BL60,LGR2,A,FALSE,40.45,1.1605366666666665,23.19196667,2023-03-16,40.45,1160.5366666666666,28.1,40.45,1160.5366666666666,28.1,2023-03-16,1160.5366666666666,0,0,4.908033330000002,0,0,4.908033330000002,TRUE,FALSE,TRUE
Mar_23_123_BL60_stem,tree,stem,BL60,LGR2,A,FALSE,40.45,1.1605366666666665,23.582051852666666,2023-03-16,40.45,1160.5366666666666,28.1,40.45,1160.5366666666666,28.1,2023-03-16,1160.5366666666666,0,0,4.517948147333335,0,0,4.517948147333335,TRUE,FALSE,TRUE
Mar_23_124_BL60_root,tree,root,BL60,LGR2,A,FALSE,40.45,1.1605366666666665,23.83248,2023-03-16,40.45,1160.5366666666666,28.1,40.45,1160.5366666666666,28.1,2023-03-16,1160.5366666666666,0,0,4.267520000000001,0,0,4.267520000000001,TRUE,FALSE,TRUE
Mar_23_126_BL60_stem,tree,stem,BL60,LGR2,A,FALSE,40.45,1.1605366666666665,24.520911108666667,2023-03-16,40.45,1160.5366666666666,28.3,40.45,1160.5366666666666,28.3,2023-03-16,1160.5366666666666,0,0,3.779088891333334,0,0,3.779088891333334,TRUE,FALSE,TRUE
Mar_23_127_BL60_stem,tree,stem,BL60,LGR2,A,FALSE,40.45,1.1605366666666665,24.489681480222224,2023-03-16,40.45,1160.5366666666666,28.3,40.45,1160.5366666666666,28.3,2023-03-16,1160.5366666666666,0,0,3.810318519777777,0,0,3.810318519777777,TRUE,FALSE,TRUE
Mar_23_128_BL60_stem,tree,stem,BL60,LGR2,A,FALSE,40.45,1.1605366666666665,24.425270371555555,2023-03-16,40.45,1160.5366666666666,28.3,40.45,1160.5366666666666,28.3,2023-03-16,1160.5366666666666,0,0,3.8747296284444452,0,0,3.8747296284444452,TRUE,FALSE,TRUE
45001_BL60_Soil_132,surface,soil,BL60,LGR3,1 ft soil,FALSE,433.7,13.206,22.672266668,2023-03-16,433.7,13206,28.1,433.7,13206,28.1,2023-03-16,13206,0,0,5.4277333320000025,0,0,5.4277333320000025,TRUE,FALSE,TRUE
45001_BL60_Soil_133,surface,soil,BL60,LGR3,1 ft soil,FALSE,433.7,13.206,22.975350003333332,2023-03-16,433.7,13206,28.1,433.7,13206,28.1,2023-03-16,13206,0,0,5.124649996666669,0,0,5.124649996666669,TRUE,FALSE,TRUE
45001_BL60_Soil_134,surface,soil,BL60,LGR3,1 ft soil,FALSE,433.7,13.206,23.075733336666666,2023-03-16,433.7,13206,28.1,433.7,13206,28.1,2023-03-16,13206,0,0,5.024266663333336,0,0,5.024266663333336,TRUE,FALSE,TRUE
45001_BL60_Soil_135,surface,soil,BL60,LGR3,1 ft soil,FALSE,433.7,13.206,23.22366667,2023-03-16,433.7,13206,28.1,433.7,13206,28.1,2023-03-16,13206,0,0,4.876333330000001,0,0,4.876333330000001,TRUE,FALSE,TRUE
45001_BL60_Soil_136,surface,soil,BL60,LGR3,1 ft soil,FALSE,433.7,13.206,23.3580611135,2023-03-16,433.7,13206,28.1,433.7,13206,28.1,2023-03-16,13206,0,0,4.741938886500002,0,0,4.741938886500002,TRUE,FALSE,TRUE
45001_BL60_Soil_137,surface,soil,BL60,LGR3,2 ft soil,FALSE,433.7,26.506,23.944000000000003,2023-03-16,433.7,26506,28.1,433.7,26506,28.1,2023-03-16,26506,0,0,4.155999999999999,0,0,4.155999999999999,TRUE,FALSE,TRUE
45001_BL60_Soil_138,surface,soil,BL60,LGR3,2 ft soil,FALSE,433.7,26.506,24.1959055555,2023-03-16,433.7,26506,28.1,433.7,26506,28.1,2023-03-16,26506,0,0,3.9040944445,0,0,3.9040944445,TRUE,FALSE,TRUE
45001_BL60_Soil_139,surface,soil,BL60,LGR3,2 ft soil,FALSE,433.7,26.506,24.284488888000002,2023-03-16,433.7,26506,28.200000000000003,433.7,26506,28.200000000000003,2023-03-16,26506,0,0,3.915511112000001,0,0,3.915511112000001,TRUE,FALSE,TRUE
45001_BL60_Soil_140,surface,soil,BL60,LGR3,2 ft soil,FALSE,433.7,26.506,24.509199998,2023-03-16,433.7,26506,28.3,433.7,26506,28.3,2023-03-16,26506,0,0,3.790800002000001,0,0,3.790800002000001,TRUE,FALSE,TRUE
45001_BL60_Soil_141,surface,soil,BL60,LGR3,2 ft soil,FALSE,433.7,26.506,24.444788889333335,2023-03-16,433.7,26506,28.3,433.7,26506,28.3,2023-03-16,26506,0,0,3.8552111106666658,0,0,3.8552111106666658,TRUE,FALSE,TRUE
45007_BL60_Water_168,surface,water,BL60,LGR3,Floating 8 in,FALSE,324.3,4.276,24.406727779666667,2023-03-16,324.3,4276,26.7,324.3,4276,26.7,2023-03-16,4276,0,0,2.293272220333332,0,0,2.293272220333332,TRUE,FALSE,TRUE
45007_BL60_Water_169,surface,water,BL60,LGR3,Floating 8 in,FALSE,324.3,4.276,24.377450003,2023-03-16,324.3,4276,26.7,324.3,4276,26.7,2023-03-16,4276,0,0,2.3225499969999994,0,0,2.3225499969999994,TRUE,FALSE,TRUE
45001_BL60_Soil_142,surface,soil,BL60,LGR3,2 ft soil,FALSE,433.7,26.506,24.36866667,2023-03-16,433.7,26506,28.3,433.7,26506,28.3,2023-03-16,26506,0,0,3.931333330000001,0,0,3.931333330000001,TRUE,FALSE,TRUE
45007_BL60_Water_170,surface,water,BL60,LGR3,Floating 8 in,FALSE,324.3,4.276,24.358711113666665,2023-03-16,324.3,4276,26.7,324.3,4276,26.7,2023-03-16,4276,0,0,2.3412888863333343,0,0,2.3412888863333343,TRUE,FALSE,TRUE
45007_BL60_Water_171,surface,water,BL60,LGR3,Floating 8 in,FALSE,324.3,4.276,24.345911112666666,2023-03-16,324.3,4276,26.7,324.3,4276,26.7,2023-03-16,4276,0,0,2.354088887333333,0,0,2.354088887333333,TRUE,FALSE,TRUE
45001_BL60_Soil_143,surface,soil,BL60,LGR3,2 ft soil,FALSE,433.7,26.506,24.340222223333335,2023-03-16,433.7,26506,28.3,433.7,26506,28.3,2023-03-16,26506,0,0,3.959777776666666,0,0,3.959777776666666,TRUE,FALSE,TRUE
45002_SE1_Water_144,surface,water,SE1,LGR2,Floating 8 in,FALSE,324.3,4.276,18.303933336,2023-03-17,324.3,4276,26.6,324.3,4276,26.6,2023-03-17,4276,0,0,8.296066664000001,0,0,8.296066664000001,TRUE,FALSE,TRUE
Mar_23_94_SE1_leaves,tree,leaves,SE1,LGR2,LB,FALSE,351,3.138644,21.99116667,2023-03-17,351,3138.644,27.3,351,3138.644,27.3,2023-03-17,3138.6440000000002,0,1.448865659458238e-16,5.308833330000002,0,1.448865659458238e-16,5.308833330000002,TRUE,FALSE,TRUE
Mar_23_95_SE1_leaves,tree,leaves,SE1,LGR2,LB,FALSE,351,3.138644,22.75306667,2023-03-17,351,3138.644,26.8,351,3138.644,26.8,2023-03-17,3138.6440000000002,0,1.448865659458238e-16,4.046933330000002,0,1.448865659458238e-16,4.046933330000002,TRUE,FALSE,TRUE
Mar_23_96_SE1_leaves,tree,leaves,SE1,LGR2,LB,FALSE,351,3.138644,23.083500003,2023-03-17,351,3138.644,27.8,351,3138.644,27.8,2023-03-17,3138.6440000000002,0,1.448865659458238e-16,4.716499997,0,1.448865659458238e-16,4.716499997,TRUE,FALSE,TRUE
Mar_23_97_SE1_leaves,tree,leaves,SE1,LGR2,LB,FALSE,351,3.138644,23.532666668,2023-03-17,351,3138.644,28.9,351,3138.644,28.9,2023-03-17,3138.6440000000002,0,1.448865659458238e-16,5.367333331999998,0,1.448865659458238e-16,5.367333331999998,TRUE,FALSE,TRUE
Mar_23_98_SE1_leaves,tree,leaves,SE1,LGR2,LB,FALSE,351,3.138644,23.832111111333333,2023-03-17,351,3138.644,28.0857142857143,351,3138.644,28.0857142857143,2023-03-17,3138.6440000000002,0,1.448865659458238e-16,4.253603174380967,0,1.448865659458238e-16,4.253603174380967,TRUE,FALSE,TRUE
Mar_23_106_SE1_stem,tree,stem,SE1,LGR3,HB,FALSE,125.67941410685967,1.2570260682120533,19.854922223666666,2023-03-17,125.67941410685968,1257.0260682120534,26.6,125.67941410685968,1257.0260682120531,26.6,2023-03-17,1257.0260682120534,1.1307225464242806e-16,0,6.745077776333336,1.1307225464242806e-16,1.8088222765868323e-16,6.745077776333336,TRUE,FALSE,TRUE
Mar_23_107_SE1_root,tree,root,SE1,LGR3,HB,FALSE,125.67941410685967,1.2570260682120533,20.38838889166667,2023-03-17,125.67941410685968,1257.0260682120534,26.6,125.67941410685968,1257.0260682120531,26.6,2023-03-17,1257.0260682120534,1.1307225464242806e-16,0,6.211611108333333,1.1307225464242806e-16,1.8088222765868323e-16,6.211611108333333,TRUE,FALSE,TRUE
Mar_23_108_SE1_root,tree,root,SE1,LGR3,HA,FALSE,47.877872040708446,1.1365977306463124,21.37766667,2023-03-17,47.877872040708446,1136.5977306463124,26.6,47.877872040708446,1136.5977306463124,26.6,2023-03-17,1136.5977306463124,0,0,5.222333330000001,0,0,5.222333330000001,TRUE,FALSE,TRUE
Mar_23_109_SE1_stem,tree,stem,SE1,LGR3,HA,FALSE,57.45344644885014,1.1260645987973568,22.09141667,2023-03-17,57.45344644885014,1126.064598797357,26.6,57.45344644885014,1126.064598797357,26.6,2023-03-17,1126.0645987973567,0,2.0191885588630383e-16,4.5085833300000004,0,2.0191885588630383e-16,4.5085833300000004,TRUE,FALSE,TRUE
Mar_23_110_SE1_stem,tree,stem,SE1,LGR3,HA,FALSE,76.60459526513351,1.09925299045456,22.39216667,2023-03-17,76.60459526513351,1099.25299045456,26.6,76.60459526513351,1099.25299045456,26.6,2023-03-17,1099.25299045456,0,0,4.20783333,0,0,4.20783333,TRUE,FALSE,TRUE
Mar_23_111_SE1_root,tree,root,SE1,LGR3,HA,FALSE,64.6351272549564,1.1169079557695711,22.67286667,2023-03-17,64.6351272549564,1116.9079557695711,26.6,64.6351272549564,1116.9079557695711,26.6,2023-03-17,1116.9079557695711,0,0,3.92713333,0,0,3.92713333,TRUE,FALSE,TRUE
Mar_23_100_SE1_stem,tree,stem,SE1,LGR3,HA,FALSE,88.57406327531064,1.0786056581370045,23.098472225166667,2023-03-17,88.57406327531064,1078.6056581370044,27.3,88.57406327531064,1078.6056581370044,27.3,2023-03-17,1078.6056581370044,0,0,4.201527774833334,0,0,4.201527774833334,TRUE,FALSE,TRUE
Mar_23_101_SE1_root,tree,root,SE1,LGR3,HA,FALSE,57.45344644885014,1.1260645987973568,23.926166666666667,2023-03-17,57.45344644885014,1126.064598797357,27.3,57.45344644885014,1126.064598797357,27.3,2023-03-17,1126.0645987973567,0,2.0191885588630383e-16,3.3738333333333337,0,2.0191885588630383e-16,3.3738333333333337,TRUE,FALSE,TRUE
Mar_23_102_SE1_root,tree,root,SE1,LGR3,HA,FALSE,67.02902085699182,1.1136163520667723,24.137999999999998,2023-03-17,67.02902085699182,1113.6163520667724,28.9,67.02902085699182,1113.6163520667724,28.9,2023-03-17,1113.6163520667724,0,0,4.7620000000000005,0,0,4.7620000000000005,TRUE,FALSE,TRUE
Mar_23_103_SE1_stem,tree,stem,SE1,LGR3,HA,FALSE,98.1496376834523,1.059933288041128,24.343,2023-03-17,98.1496376834523,1059.933288041128,28.2,98.1496376834523,1059.933288041128,28.2,2023-03-17,1059.933288041128,0,0,3.8569999999999993,0,0,3.8569999999999993,TRUE,FALSE,TRUE
Mar_23_104_SE1_root,tree,root,SE1,LGR3,HA,FALSE,98.1496376834523,1.059933288041128,24.506999999999998,2023-03-17,98.1496376834523,1059.933288041128,28.2,98.1496376834523,1059.933288041128,28.2,2023-03-17,1059.933288041128,0,0,3.6930000000000014,0,0,3.6930000000000014,TRUE,FALSE,TRUE
45003_FLM30_Water_145,surface,water,FLM30,LGR1,Floating 8 in,FALSE,324.3,4.276,25.140800002,2023-03-18,324.3,4276,27.025,324.3,4276,27.025,2023-03-18,4276,0,0,1.8841999979999997,0,0,1.8841999979999997,TRUE,FALSE,TRUE
45003_FLM30_Water_147,surface,water,FLM30,LGR1,Floating 8 in,FALSE,324.3,4.276,26.868088888666666,2023-03-18,324.3,4276,28.375,324.3,4276,28.375,2023-03-18,4276,0,0,1.5069111113333342,0,0,1.5069111113333342,TRUE,FALSE,TRUE
45003_FLM30_Water_148,surface,water,FLM30,LGR1,Floating 8 in,FALSE,324.3,4.276,26.820444443333333,2023-03-18,324.3,4276,28.30909090909091,324.3,4276,28.30909090909091,2023-03-18,4276,0,0,1.4886464657575758,0,0,1.4886464657575758,TRUE,FALSE,TRUE
45003_FLM30_Water_149,surface,water,FLM30,LGR1,Floating 8 in,FALSE,324.3,4.276,26.784711109333333,2023-03-18,324.3,4276,28.363636363636363,324.3,4276,28.363636363636363,2023-03-18,4276,0,0,1.57892525430303,0,0,1.57892525430303,TRUE,FALSE,TRUE
45003_FLM30_Water_150,surface,water,FLM30,LGR1,Floating 8 in,FALSE,324.3,4.276,26.760888886666667,2023-03-18,324.3,4276,28.39090909090909,324.3,4276,28.39090909090909,2023-03-18,4276,0,0,1.6300202042424239,0,0,1.6300202042424239,TRUE,FALSE,TRUE
45003_FLM30_Water_151,surface,water,FLM30,LGR1,Floating 8 in,FALSE,324.3,4.276,26.719199997,2023-03-18,324.3,4276,28.41818181818181,324.3,4276,28.418181818181814,2023-03-18,4276,0,0,1.6989818211818104,0,0,1.698981821181814,TRUE,FALSE,TRUE
45003_FLM30_Water_152,surface,water,FLM30,LGR1,Floating 8 in,FALSE,324.3,4.276,26.831866664,2023-03-18,324.3,4276,28.60909090909091,324.3,4276,28.60909090909091,2023-03-18,4276,0,0,1.7772242450909097,0,0,1.7772242450909097,TRUE,FALSE,TRUE
45003_FLM30_Water_153,surface,water,FLM30,LGR1,Floating 8 in,FALSE,324.3,4.276,26.962399998,2023-03-18,324.3,4276,28.99090909090909,324.3,4276,28.990909090909092,2023-03-18,4276,0,0,2.02850909290909,0,0,2.0285090929090934,TRUE,FALSE,TRUE
45003_FLM30_Water_154,surface,water,FLM30,LGR1,Floating 8 in,FALSE,324.3,4.276,27.158199999,2023-03-18,324.3,4276,29.34,324.3,4276,29.34,2023-03-18,4276,0,0,2.181800000999999,0,0,2.181800000999999,TRUE,FALSE,TRUE
45003_FLM30_Water_155,surface,water,FLM30,LGR1,Floating 8 in,FALSE,324.3,4.276,27.7036,2023-03-18,324.3,4276,29.23333333333333,324.3,4276,29.233333333333334,2023-03-18,4276,0,0,1.5297333333333292,0,0,1.5297333333333327,TRUE,FALSE,TRUE
45003_FLM30_Water_156,surface,water,FLM30,LGR1,Floating 8 in,FALSE,324.3,4.276,27.671399999000002,2023-03-18,324.3,4276,28.9,324.3,4276,28.9,2023-03-18,4276,0,0,1.2286000009999967,0,0,1.2286000009999967,TRUE,FALSE,TRUE
45003_FLM30_Water_146,surface,water,FLM30,LGR1,Floating 8 in,FALSE,324.3,4.276,26.39584142549794,2023-03-18,324.3,4276,NA,324.3,4276,NA,2023-03-18,4276,0,0,NA,0,0,NA,TRUE,FALSE,TRUE
Mar_23_71_FLM30_stem,tree,stem,FLM30,LGR2,B,FALSE,107.68,1.3669955555555555,24.890933334,2023-03-18,107.68,1366.9955555555557,26.2,107.68,1366.9955555555557,26.2,2023-03-18,1366.9955555555555,0,1.6633095441983785e-16,1.3090666659999997,0,1.6633095441983785e-16,1.3090666659999997,TRUE,FALSE,TRUE
Mar_23_72_FLM30_stem,tree,stem,FLM30,LGR2,C,FALSE,213.35,2.012601666666667,25.06792222383333,2023-03-18,213.35,2012.6016666666667,26.2,213.35,2012.6016666666667,26.2,2023-03-18,2012.601666666667,0,1.129750010690468e-16,1.1320777761666676,0,1.129750010690468e-16,1.1320777761666676,TRUE,FALSE,TRUE
Mar_23_73_FLM30_stem,tree,stem,FLM30,LGR2,C,FALSE,213.35,2.012601666666667,25.255322224833336,2023-03-18,213.35,2012.6016666666667,26.2,213.35,2012.6016666666667,26.2,2023-03-18,2012.601666666667,0,1.129750010690468e-16,0.9446777751666637,0,1.129750010690468e-16,0.9446777751666637,TRUE,FALSE,TRUE
Mar_23_74_FLM30_stem,tree,stem,FLM30,LGR2,A,FALSE,40.45,1.1605366666666665,25.451033336000002,2023-03-18,40.45,1160.5366666666666,26.2,40.45,1160.5366666666666,26.2,2023-03-18,1160.5366666666666,0,0,0.7489666639999975,0,0,0.7489666639999975,TRUE,FALSE,TRUE
Mar_23_75_FLM30_stem,tree,stem,FLM30,LGR2,B,FALSE,107.68,1.3669955555555555,25.712622222,2023-03-18,107.68,1366.9955555555557,26.2,107.68,1366.9955555555557,26.2,2023-03-18,1366.9955555555555,0,1.6633095441983785e-16,0.48737777799999904,0,1.6633095441983785e-16,0.48737777799999904,TRUE,FALSE,TRUE
Mar_23_76_FLM30_stem,tree,stem,FLM30,LGR2,B,TRUE,107.68,1.3669955555555555,25.823294443,2023-03-18,107.68,1366.9955555555557,26.2,NA,NA,NA,NA,1366.9955555555555,0,1.6633095441983785e-16,0.3767055569999975,NA,NA,NA,TRUE,FALSE,TRUE
Mar_23_77_FLM30_stem,tree,stem,FLM30,LGR2,B,FALSE,107.68,1.3669955555555555,25.923905553,2023-03-18,107.68,1366.9955555555557,26.2,107.68,1366.9955555555557,26.2,2023-03-18,1366.9955555555555,0,1.6633095441983785e-16,0.2760944469999984,0,1.6633095441983785e-16,0.2760944469999984,TRUE,FALSE,TRUE
Mar_23_88_FLM30_stem,tree,stem,FLM30,LGR2,B,FALSE,107.68,1.3669955555555555,26.19713333,2023-03-18,107.68,1366.9955555555557,28.4,107.68,1366.9955555555557,28.4,2023-03-18,1366.9955555555555,0,1.6633095441983785e-16,2.202866669999999,0,1.6633095441983785e-16,2.202866669999999,TRUE,FALSE,TRUE
Mar_23_89_FLM30_stem,tree,stem,FLM30,LGR2,B,FALSE,107.68,1.3669955555555555,26.29008333,2023-03-18,107.68,1366.9955555555557,28.4,107.68,1366.9955555555557,28.4,2023-03-18,1366.9955555555555,0,1.6633095441983785e-16,2.109916669999997,0,1.6633095441983785e-16,2.109916669999997,TRUE,FALSE,TRUE
Mar_23_90_FLM30_stem,tree,stem,FLM30,LGR2,B,FALSE,107.68,1.3669955555555555,26.40838333,2023-03-18,107.68,1366.9955555555557,28.4,107.68,1366.9955555555557,28.4,2023-03-18,1366.9955555555555,0,1.6633095441983785e-16,1.991616669999999,0,1.6633095441983785e-16,1.991616669999999,TRUE,FALSE,TRUE
Mar_23_91_FLM30_stem,tree,stem,FLM30,LGR2,B,FALSE,107.68,1.3669955555555555,26.558133330500002,2023-03-18,107.68,1366.9955555555557,29.1,107.68,1366.9955555555557,29.1,2023-03-18,1366.9955555555555,0,1.6633095441983785e-16,2.541866669499999,0,1.6633095441983785e-16,2.541866669499999,TRUE,FALSE,TRUE
Mar_23_92_FLM30_stem,tree,stem,FLM30,LGR2,B,FALSE,107.68,1.3669955555555555,26.640177775666668,2023-03-18,107.68,1366.9955555555557,29.1,107.68,1366.9955555555557,29.1,2023-03-18,1366.9955555555555,0,1.6633095441983785e-16,2.459822224333333,0,1.6633095441983785e-16,2.459822224333333,TRUE,FALSE,TRUE
Mar_23_93_FLM30_stem,tree,stem,FLM30,LGR2,B,FALSE,107.68,1.3669955555555555,26.728533332,2023-03-18,107.68,1366.9955555555557,29.1,107.68,1366.9955555555557,29.1,2023-03-18,1366.9955555555555,0,1.6633095441983785e-16,2.371466668,0,1.6633095441983785e-16,2.371466668,TRUE,FALSE,TRUE
Mar_23_82_FLM30_stem,tree,stem,FLM30,LGR2,A,FALSE,40.45,1.1605366666666665,26.862133333,2023-03-18,40.45,1160.5366666666666,27.6,40.45,1160.5366666666666,27.6,2023-03-18,1160.5366666666666,0,0,0.7378666670000023,0,0,0.7378666670000023,TRUE,FALSE,TRUE
Mar_23_83_FLM30_stem,tree,stem,FLM30,LGR2,A,FALSE,40.45,1.1605366666666665,26.826399999,2023-03-18,40.45,1160.5366666666666,27.6,40.45,1160.5366666666666,27.6,2023-03-18,1160.5366666666666,0,0,0.7736000010000019,0,0,0.7736000010000019,TRUE,FALSE,TRUE
Mar_23_84_FLM30_stem,tree,stem,FLM30,LGR2,A,FALSE,40.45,1.1605366666666665,26.787688887166667,2023-03-18,40.45,1160.5366666666666,27.6,40.45,1160.5366666666666,27.6,2023-03-18,1160.5366666666666,0,0,0.8123111128333349,0,0,0.8123111128333349,TRUE,FALSE,TRUE
Mar_23_85_FLM30_stem,tree,stem,FLM30,LGR2,C,FALSE,213.35,2.012601666666667,26.777477774833333,2023-03-18,213.35,2012.6016666666667,29.4,213.35,2012.6016666666667,29.4,2023-03-18,2012.601666666667,0,1.129750010690468e-16,2.6225222251666658,0,1.129750010690468e-16,2.6225222251666658,TRUE,FALSE,TRUE
Mar_23_86_FLM30_stem,tree,stem,FLM30,LGR2,B,FALSE,107.68,1.3669955555555555,27.016788887166665,2023-03-18,107.68,1366.9955555555557,29.4,107.68,1366.9955555555557,29.4,2023-03-18,1366.9955555555555,0,1.6633095441983785e-16,2.383211112833333,0,1.6633095441983785e-16,2.383211112833333,TRUE,FALSE,TRUE
Mar_23_80_FLM30_stem,tree,stem,FLM30,LGR2,B,FALSE,107.68,1.3669955555555555,27.394058333333334,2023-03-18,107.68,1366.9955555555557,29.7,107.68,1366.9955555555557,29.7,2023-03-18,1366.9955555555555,0,1.6633095441983785e-16,2.3059416666666657,0,1.6633095441983785e-16,2.3059416666666657,TRUE,FALSE,TRUE
Mar_23_79_FLM30_stem,tree,stem,FLM30,LGR2,B,FALSE,107.68,1.3669955555555555,27.474175,2023-03-18,107.68,1366.9955555555557,29.7,107.68,1366.9955555555557,29.7,2023-03-18,1366.9955555555555,0,1.6633095441983785e-16,2.2258250000000004,0,1.6633095441983785e-16,2.2258250000000004,TRUE,FALSE,TRUE
Mar_23_78_FLM30_stem,tree,stem,FLM30,LGR2,C,FALSE,213.35,2.012601666666667,27.667183333333334,2023-03-18,213.35,2012.6016666666667,29.7,213.35,2012.6016666666667,29.7,2023-03-18,2012.601666666667,0,1.129750010690468e-16,2.0328166666666654,0,1.129750010690468e-16,2.0328166666666654,TRUE,FALSE,TRUE
Mar_23_81_FLM30_stem,tree,stem,FLM30,LGR2,A,FALSE,40.45,1.1605366666666665,27.6780444435,2023-03-18,40.45,1160.5366666666666,29.5,40.45,1160.5366666666666,29.5,2023-03-18,1160.5366666666666,0,0,1.8219555565000007,0,0,1.8219555565000007,TRUE,FALSE,TRUE
Mar_23_49_FLM30_stem,tree,stem,FLM30,LGR3,C,FALSE,213.35,2.012601666666667,23.976125923777776,2023-03-18,213.35,2012.6016666666667,29.3,213.35,2012.6016666666667,29.3,2023-03-18,2012.601666666667,0,1.129750010690468e-16,5.323874076222225,0,1.129750010690468e-16,5.323874076222225,TRUE,FALSE,TRUE
Mar_23_50_FLM30_stem,tree,stem,FLM30,LGR3,C,FALSE,213.35,2.012601666666667,24.30909870246111,2023-03-18,213.35,2012.6016666666667,29.3,213.35,2012.6016666666667,29.3,2023-03-18,2012.601666666667,0,1.129750010690468e-16,4.9909012975388904,0,1.129750010690468e-16,4.9909012975388904,TRUE,FALSE,TRUE
Mar_23_51_FLM30_stem,tree,stem,FLM30,LGR3,C,FALSE,213.35,2.012601666666667,24.66386111083333,2023-03-18,213.35,2012.6016666666667,29.3,213.35,2012.6016666666667,29.3,2023-03-18,2012.601666666667,0,1.129750010690468e-16,4.63613888916667,0,1.129750010690468e-16,4.63613888916667,TRUE,FALSE,TRUE
Mar_23_52_FLM30_stem,tree,stem,FLM30,LGR3,C,FALSE,213.35,2.012601666666667,24.9846333345,2023-03-18,213.35,2012.6016666666667,26.2,213.35,2012.6016666666667,26.2,2023-03-18,2012.601666666667,0,1.129750010690468e-16,1.2153666654999995,0,1.129750010690468e-16,1.2153666654999995,TRUE,FALSE,TRUE
Mar_23_53_FLM30_stem,tree,stem,FLM30,LGR3,C,FALSE,213.35,2.012601666666667,25.15398740947778,2023-03-18,213.35,2012.6016666666667,26.2,213.35,2012.6016666666667,26.2,2023-03-18,2012.601666666667,0,1.129750010690468e-16,1.0460125905222206,0,1.129750010690468e-16,1.0460125905222206,TRUE,FALSE,TRUE
Mar_23_54_FLM30_stem,tree,stem,FLM30,LGR3,C,FALSE,213.35,2.012601666666667,25.328200003000003,2023-03-18,213.35,2012.6016666666667,29.1,213.35,2012.6016666666667,29.1,2023-03-18,2012.601666666667,0,1.129750010690468e-16,3.7717999969999987,0,1.129750010690468e-16,3.7717999969999987,TRUE,FALSE,TRUE
Mar_23_43_FLM30_stem,tree,stem,FLM30,LGR3,C,FALSE,213.35,2.012601666666667,25.521461113,2023-03-18,213.35,2012.6016666666667,26.6,213.35,2012.6016666666667,26.6,2023-03-18,2012.601666666667,0,1.129750010690468e-16,1.0785388870000006,0,1.129750010690468e-16,1.0785388870000006,TRUE,FALSE,TRUE
Mar_23_44_FLM30_stem,tree,stem,FLM30,LGR3,C,FALSE,213.35,2.012601666666667,25.732744444,2023-03-18,213.35,2012.6016666666667,26.6,213.35,2012.6016666666667,26.6,2023-03-18,2012.601666666667,0,1.129750010690468e-16,0.8672555559999999,0,1.129750010690468e-16,0.8672555559999999,TRUE,FALSE,TRUE
Mar_23_45_FLM30_stem,tree,stem,FLM30,LGR3,C,FALSE,213.35,2.012601666666667,25.883661109000002,2023-03-18,213.35,2012.6016666666667,26.6,213.35,2012.6016666666667,26.6,2023-03-18,2012.601666666667,0,1.129750010690468e-16,0.7163388909999995,0,1.129750010690468e-16,0.7163388909999995,TRUE,FALSE,TRUE
Mar_23_46_FLM30_stem,tree,stem,FLM30,LGR3,C,FALSE,213.35,2.012601666666667,26.130941663333335,2023-03-18,213.35,2012.6016666666667,26.2,213.35,2012.6016666666667,26.2,2023-03-18,2012.601666666667,0,1.129750010690468e-16,0.06905833666666439,0,1.129750010690468e-16,0.06905833666666439,TRUE,FALSE,TRUE
Mar_23_47_FLM30_stem,tree,stem,FLM30,LGR3,C,FALSE,213.35,2.012601666666667,26.244171663333333,2023-03-18,213.35,2012.6016666666667,26.2,213.35,2012.6016666666667,26.2,2023-03-18,2012.601666666667,0,1.129750010690468e-16,0.044171663333333555,0,1.129750010690468e-16,0.044171663333333555,TRUE,FALSE,TRUE
Mar_23_48_FLM30_stem,tree,stem,FLM30,LGR3,C,FALSE,213.35,2.012601666666667,26.361908330000002,2023-03-18,213.35,2012.6016666666667,26.2,213.35,2012.6016666666667,26.2,2023-03-18,2012.601666666667,0,1.129750010690468e-16,0.16190833000000282,0,1.129750010690468e-16,0.16190833000000282,TRUE,FALSE,TRUE
Mar_23_65_FLM30_stem,tree,stem,FLM30,LGR3,C,FALSE,213.35,2.012601666666667,26.526577774666666,2023-03-18,213.35,2012.6016666666667,29.4,213.35,2012.6016666666667,29.4,2023-03-18,2012.601666666667,0,1.129750010690468e-16,2.873422225333332,0,1.129750010690468e-16,2.873422225333332,TRUE,FALSE,TRUE
Mar_23_66_FLM30_stem,tree,stem,FLM30,LGR3,C,FALSE,213.35,2.012601666666667,26.665422220333333,2023-03-18,213.35,2012.6016666666667,29.1,213.35,2012.6016666666667,29.1,2023-03-18,2012.601666666667,0,1.129750010690468e-16,2.434577779666668,0,1.129750010690468e-16,2.434577779666668,TRUE,FALSE,TRUE
Mar_23_67_FLM30_stem,tree,stem,FLM30,LGR3,C,FALSE,213.35,2.012601666666667,26.781757036172223,2023-03-18,213.35,2012.6016666666667,29.1,213.35,2012.6016666666667,29.1,2023-03-18,2012.601666666667,0,1.129750010690468e-16,2.318242963827778,0,1.129750010690468e-16,2.318242963827778,TRUE,FALSE,TRUE
Mar_23_68_FLM30_stem,tree,stem,FLM30,LGR3,C,FALSE,213.35,2.012601666666667,26.814488887666666,2023-03-18,213.35,2012.6016666666667,27.6,213.35,2012.6016666666667,27.6,2023-03-18,2012.601666666667,0,1.129750010690468e-16,0.7855111123333351,0,1.129750010690468e-16,0.7855111123333351,TRUE,FALSE,TRUE
Mar_23_70_FLM30_stem,tree,stem,FLM30,LGR3,C,FALSE,213.35,2.012601666666667,26.760888886666667,2023-03-18,213.35,2012.6016666666667,27.6,213.35,2012.6016666666667,27.6,2023-03-18,2012.601666666667,0,1.129750010690468e-16,0.8391111133333347,0,1.129750010690468e-16,0.8391111133333347,TRUE,FALSE,TRUE
Mar_23_69_FLM30_stem,tree,stem,FLM30,LGR3,C,FALSE,213.35,2.012601666666667,26.712211107833333,2023-03-18,213.35,2012.6016666666667,27.6,213.35,2012.6016666666667,27.6,2023-03-18,2012.601666666667,0,1.129750010690468e-16,0.8877888921666681,0,1.129750010690468e-16,0.8877888921666681,TRUE,FALSE,TRUE
Mar_23_59_FLM30_stem,tree,stem,FLM30,LGR3,C,FALSE,213.35,2.012601666666667,26.980529627722223,2023-03-18,213.35,2012.6016666666667,29.4,213.35,2012.6016666666667,29.4,2023-03-18,2012.601666666667,0,1.129750010690468e-16,2.4194703722777753,0,1.129750010690468e-16,2.4194703722777753,TRUE,FALSE,TRUE
Mar_23_60_FLM30_stem,tree,stem,FLM30,LGR3,C,FALSE,213.35,2.012601666666667,27.087494443083333,2023-03-18,213.35,2012.6016666666667,29.4,213.35,2012.6016666666667,29.4,2023-03-18,2012.601666666667,0,1.129750010690468e-16,2.3125055569166655,0,1.129750010690468e-16,2.3125055569166655,TRUE,FALSE,TRUE
Mar_23_61_FLM30_stem,tree,stem,FLM30,LGR3,C,FALSE,213.35,2.012601666666667,27.21113851778889,2023-03-18,213.35,2012.6016666666667,29.4,213.35,2012.6016666666667,29.4,2023-03-18,2012.601666666667,0,1.129750010690468e-16,2.1888614822111094,0,1.129750010690468e-16,2.1888614822111094,TRUE,FALSE,TRUE
Mar_23_62_FLM30_stem,tree,stem,FLM30,LGR3,C,FALSE,213.35,2.012601666666667,27.45353888888889,2023-03-18,213.35,2012.6016666666667,29.7,213.35,2012.6016666666667,29.7,2023-03-18,2012.601666666667,0,1.129750010690468e-16,2.2464611111111097,0,1.129750010690468e-16,2.2464611111111097,TRUE,FALSE,TRUE
Mar_23_63_FLM30_stem,tree,stem,FLM30,LGR3,C,FALSE,213.35,2.012601666666667,27.543366666666667,2023-03-18,213.35,2012.6016666666667,29.7,213.35,2012.6016666666667,29.7,2023-03-18,2012.601666666667,0,1.129750010690468e-16,2.156633333333332,0,1.129750010690468e-16,2.156633333333332,TRUE,FALSE,TRUE
Mar_23_64_FLM30_stem,tree,stem,FLM30,LGR3,C,FALSE,213.35,2.012601666666667,27.68296388888889,2023-03-18,213.35,2012.6016666666667,29.7,213.35,2012.6016666666667,29.7,2023-03-18,2012.601666666667,0,1.129750010690468e-16,2.0170361111111106,0,1.129750010690468e-16,2.0170361111111106,TRUE,FALSE,TRUE
Mar_23_57_FLM30_stem,tree,stem,FLM30,LGR3,A,FALSE,40.45,1.1605366666666665,27.6780444435,2023-03-18,40.45,1160.5366666666666,27.8,40.45,1160.5366666666666,27.8,2023-03-18,1160.5366666666666,0,0,0.12195555650000145,0,0,0.12195555650000145,TRUE,FALSE,TRUE
Mar_23_58_FLM30_stem,tree,stem,FLM30,LGR3,A,FALSE,40.45,1.1605366666666665,27.562874072166668,2023-03-18,40.45,1160.5366666666666,27.6,40.45,1160.5366666666666,27.6,2023-03-18,1160.5366666666666,0,0,0.03712592783333335,0,0,0.03712592783333335,TRUE,FALSE,TRUE
Mar_23_55_FLM30_stem,tree,stem,FLM30,LGR3,A,FALSE,40.45,1.1605366666666665,27.458777775,2023-03-18,40.45,1160.5366666666666,28.8,40.45,1160.5366666666666,28.8,2023-03-18,1160.5366666666666,0,0,1.3412222249999992,0,0,1.3412222249999992,TRUE,FALSE,TRUE
Mar_23_56_FLM30_stem,tree,stem,FLM30,LGR3,A,FALSE,40.45,1.1605366666666665,27.389488885555554,2023-03-18,40.45,1160.5366666666666,28.4,40.45,1160.5366666666666,28.4,2023-03-18,1160.5366666666666,0,0,1.0105111144444443,0,0,1.0105111144444443,TRUE,FALSE,TRUE
Mar_23_298_BL60_leaves,tree,leaves,BL60,LGR1,LB,FALSE,428,3.138644,22.295333335000002,2023-03-19,428,3138.644,26.9,428,3138.644,26.9,2023-03-19,3138.6440000000002,0,1.448865659458238e-16,4.604666664999996,0,1.448865659458238e-16,4.604666664999996,TRUE,FALSE,TRUE
Mar_23_299_BL60_leaves,tree,leaves,BL60,LGR1,LB,FALSE,428,3.138644,22.583944441666667,2023-03-19,428,3138.644,26.8,428,3138.644,26.8,2023-03-19,3138.6440000000002,0,1.448865659458238e-16,4.216055558333334,0,1.448865659458238e-16,4.216055558333334,TRUE,FALSE,TRUE
Mar_23_300_BL60_leaves,tree,leaves,BL60,LGR1,LB,FALSE,428,3.138644,22.824788889,2023-03-19,428,3138.644,26.8,428,3138.644,26.8,2023-03-19,3138.6440000000002,0,1.448865659458238e-16,3.975211111,0,1.448865659458238e-16,3.975211111,TRUE,FALSE,TRUE
Mar_23_301_BL60_leaves,tree,leaves,BL60,LGR1,LB,FALSE,428,3.138644,22.822255557,2023-03-19,428,3138.644,26.9,428,3138.644,26.9,2023-03-19,3138.6440000000002,0,1.448865659458238e-16,4.077744443,0,1.448865659458238e-16,4.077744443,TRUE,FALSE,TRUE
Mar_23_302_BL60_leaves,tree,leaves,BL60,LGR1,LB,FALSE,428,3.138644,22.766266666,2023-03-19,428,3138.644,27.2,428,3138.644,27.2,2023-03-19,3138.6440000000002,0,1.448865659458238e-16,4.433733333999999,0,1.448865659458238e-16,4.433733333999999,TRUE,FALSE,TRUE
Mar_23_303_BL60_leaves,tree,leaves,BL60,LGR1,LB,FALSE,428,3.138644,22.737322221,2023-03-19,428,3138.644,27.3,428,3138.644,27.3,2023-03-19,3138.6440000000002,0,1.448865659458238e-16,4.562677779000001,0,1.448865659458238e-16,4.562677779000001,TRUE,FALSE,TRUE
Mar_23_304_BL60_leaves,tree,leaves,BL60,LGR1,LB,FALSE,134,3.138644,22.62733333,2023-03-19,134,3138.644,27.2,134,3138.644,27.2,2023-03-19,3138.6440000000002,0,1.448865659458238e-16,4.57266667,0,1.448865659458238e-16,4.57266667,TRUE,FALSE,TRUE
Mar_23_305_BL60_leaves,tree,leaves,BL60,LGR1,LB,FALSE,134,3.138644,22.69021666333333,2023-03-19,134,3138.644,26.8,134,3138.644,26.8,2023-03-19,3138.6440000000002,0,1.448865659458238e-16,4.10978333666667,0,1.448865659458238e-16,4.10978333666667,TRUE,FALSE,TRUE
Mar_23_306_BL60_leaves,tree,leaves,BL60,LGR1,LB,FALSE,428,3.138644,22.90173333,2023-03-19,428,3138.644,27.8,428,3138.644,27.8,2023-03-19,3138.6440000000002,0,1.448865659458238e-16,4.898266670000002,0,1.448865659458238e-16,4.898266670000002,TRUE,FALSE,TRUE
Mar_23_307_BL60_leaves,tree,leaves,BL60,LGR1,LB,FALSE,212,3.138644,23.273199996666666,2023-03-19,212,3138.644,27.3125,212,3138.644,27.3125,2023-03-19,3138.6440000000002,0,1.448865659458238e-16,4.039300003333334,0,1.448865659458238e-16,4.039300003333334,TRUE,FALSE,TRUE
Mar_23_308_BL60_leaves,tree,leaves,BL60,LGR1,LB,FALSE,212,3.138644,23.452166663333333,2023-03-19,212,3138.644,27.3125,212,3138.644,27.3125,2023-03-19,3138.6440000000002,0,1.448865659458238e-16,3.860333336666667,0,1.448865659458238e-16,3.860333336666667,TRUE,FALSE,TRUE
Mar_23_309_BL60_leaves,tree,leaves,BL60,LGR1,LB,FALSE,212,3.138644,23.63113333,2023-03-19,212,3138.644,28.3,212,3138.644,28.3,2023-03-19,3138.6440000000002,0,1.448865659458238e-16,4.66886667,0,1.448865659458238e-16,4.66886667,TRUE,FALSE,TRUE
Mar_23_311_BL60_leaves,tree,leaves,BL60,LGR1,LB,FALSE,428,3.138644,23.885166665,2023-03-19,428,3138.644,28.8,428,3138.644,28.8,2023-03-19,3138.6440000000002,0,1.448865659458238e-16,4.914833335000001,0,1.448865659458238e-16,4.914833335000001,TRUE,FALSE,TRUE
Mar_23_312_BL60_leaves,tree,leaves,BL60,LGR1,LB,FALSE,428,3.138644,23.8863166655,2023-03-19,428,3138.644,28.8,428,3138.644,28.8,2023-03-19,3138.6440000000002,0,1.448865659458238e-16,4.9136833345,0,1.448865659458238e-16,4.9136833345,TRUE,FALSE,TRUE
Mar_23_17_BL60_stem,tree,stem,BL60,LGR2,A,FALSE,40.45,1.1605366666666665,22.140955555666668,2023-03-19,40.45,1160.5366666666666,26.9,40.45,1160.5366666666666,26.9,2023-03-19,1160.5366666666666,0,0,4.75904444433333,0,0,4.75904444433333,TRUE,FALSE,TRUE
Mar_23_19_BL60_stem,tree,stem,BL60,LGR2,HA,FALSE,64.6351272549564,1.1169079557695711,22.24888889116667,2023-03-19,64.6351272549564,1116.9079557695711,26.9,64.6351272549564,1116.9079557695711,26.9,2023-03-19,1116.9079557695711,0,0,4.65111110883333,0,0,4.65111110883333,TRUE,FALSE,TRUE
Mar_23_20_BL60_stem,tree,stem,BL60,LGR2,HA,FALSE,69.42291445902725,1.110205053683872,22.536116849894444,2023-03-19,69.42291445902725,1110.205053683872,26.9,69.42291445902725,1110.205053683872,26.9,2023-03-19,1110.205053683872,0,0,4.363883150105554,0,0,4.363883150105554,TRUE,FALSE,TRUE
Mar_23_18_BL60_stem,tree,stem,BL60,LGR2,A,FALSE,40.45,1.1605366666666665,22.649951849055554,2023-03-19,40.45,1160.5366666666666,26.9,40.45,1160.5366666666666,26.9,2023-03-19,1160.5366666666666,0,0,4.250048150944444,0,0,4.250048150944444,TRUE,FALSE,TRUE
Mar_23_22_BL60_stem,tree,stem,BL60,LGR2,A,FALSE,40.45,1.1605366666666665,22.82036296288889,2023-03-19,40.45,1160.5366666666666,26.9,40.45,1160.5366666666666,26.9,2023-03-19,1160.5366666666666,0,0,4.079637037111109,0,0,4.079637037111109,TRUE,FALSE,TRUE
Mar_23_23_BL60_stem,tree,stem,BL60,LGR2,A,FALSE,40.45,1.1605366666666665,22.823346297166665,2023-03-19,40.45,1160.5366666666666,26.9,40.45,1160.5366666666666,26.9,2023-03-19,1160.5366666666666,0,0,4.076653702833333,0,0,4.076653702833333,TRUE,FALSE,TRUE
Mar_23_24_BL60_root,tree,root,BL60,LGR2,A,FALSE,40.45,1.1605366666666665,22.821752409116666,2023-03-19,40.45,1160.5366666666666,26.9,40.45,1160.5366666666666,26.9,2023-03-19,1160.5366666666666,0,0,4.078247590883333,0,0,4.078247590883333,TRUE,FALSE,TRUE
Mar_23_10_BL60_stem,tree,stem,BL60,LGR2,A,FALSE,40.45,1.1605366666666665,22.812532409583334,2023-03-19,40.45,1160.5366666666666,26.8,40.45,1160.5366666666666,26.8,2023-03-19,1160.5366666666666,0,0,3.987467590416667,0,0,3.987467590416667,TRUE,FALSE,TRUE
Mar_23_21_BL60_stem,tree,stem,BL60,LGR2,A,FALSE,40.45,1.1605366666666665,22.81120740933333,2023-03-19,40.45,1160.5366666666666,26.9,40.45,1160.5366666666666,26.9,2023-03-19,1160.5366666666666,0,0,4.088792590666667,0,0,4.088792590666667,TRUE,FALSE,TRUE
Mar_23_13_BL60_root,tree,root,BL60,LGR2,HA,FALSE,NA,NA,22.804533334,2023-03-19,NA,NA,26.8,NA,NA,26.8,2023-03-19,NA,NA,NA,3.995466666000002,NA,NA,3.995466666000002,TRUE,FALSE,TRUE
Mar_23_11_BL60_stem,tree,stem,BL60,LGR2,A,FALSE,40.45,1.1605366666666665,22.776879629166665,2023-03-19,40.45,1160.5366666666666,26.8,40.45,1160.5366666666666,26.8,2023-03-19,1160.5366666666666,0,0,4.023120370833336,0,0,4.023120370833336,TRUE,FALSE,TRUE
Mar_23_12_BL60_stem,tree,stem,BL60,LGR2,A,FALSE,40.45,1.1605366666666665,22.636981478333333,2023-03-19,40.45,1160.5366666666666,26.8,40.45,1160.5366666666666,26.8,2023-03-19,1160.5366666666666,0,0,4.163018521666668,0,0,4.163018521666668,TRUE,FALSE,TRUE
Mar_23_14_BL60_stem,tree,stem,BL60,LGR2,A,FALSE,40.45,1.1605366666666665,23.438399996666664,2023-03-19,40.45,1160.5366666666666,27.4,40.45,1160.5366666666666,27.4,2023-03-19,1160.5366666666666,0,0,3.9616000033333343,0,0,3.9616000033333343,TRUE,FALSE,TRUE
Mar_23_16_BL60_stem,tree,stem,BL60,LGR2,A,FALSE,40.45,1.1605366666666665,23.69996666333333,2023-03-19,40.45,1160.5366666666666,26.6,40.45,1160.5366666666666,26.6,2023-03-19,1160.5366666666666,0,0,2.90003333666667,0,0,2.90003333666667,TRUE,FALSE,TRUE
Mar_23_15_BL60_root,tree,root,BL60,LGR2,HA,FALSE,50.27176564274387,1.134143989704226,23.71373333,2023-03-19,50.27176564274387,1134.143989704226,26.6,50.27176564274387,1134.143989704226,26.6,2023-03-19,1134.143989704226,0,0,2.8862666700000013,0,0,2.8862666700000013,TRUE,FALSE,TRUE
Mar_23_35_BL60_stem,tree,stem,BL60,LGR3,B,FALSE,107.68,1.3669955555555555,22.24888889116667,2023-03-19,107.68,1366.9955555555557,26.9,107.68,1366.9955555555557,26.9,2023-03-19,1366.9955555555555,0,1.6633095441983785e-16,4.65111110883333,0,1.6633095441983785e-16,4.65111110883333,TRUE,FALSE,TRUE
Mar_23_36_BL60_stem,tree,stem,BL60,LGR3,A,FALSE,40.45,1.1605366666666665,22.386111111583332,2023-03-19,40.45,1160.5366666666666,26.9,40.45,1160.5366666666666,26.9,2023-03-19,1160.5366666666666,0,0,4.513888888416666,0,0,4.513888888416666,TRUE,FALSE,TRUE
Mar_23_37_BL60_stem,tree,stem,BL60,LGR3,A,FALSE,40.45,1.1605366666666665,22.449530555083335,2023-03-19,40.45,1160.5366666666666,26.9,40.45,1160.5366666666666,26.9,2023-03-19,1160.5366666666666,0,0,4.4504694449166635,0,0,4.4504694449166635,TRUE,FALSE,TRUE
Mar_23_38_BL60_stem,tree,stem,BL60,LGR3,B,FALSE,107.68,1.3669955555555555,22.53536110916667,2023-03-19,107.68,1366.9955555555557,27.3,107.68,1366.9955555555557,27.3,2023-03-19,1366.9955555555555,0,1.6633095441983785e-16,4.764638890833332,0,1.6633095441983785e-16,4.764638890833332,TRUE,FALSE,TRUE
Mar_23_39_BL60_stem,tree,stem,BL60,LGR3,A,FALSE,40.45,1.1605366666666665,22.596899997,2023-03-19,40.45,1160.5366666666666,27.3,40.45,1160.5366666666666,27.3,2023-03-19,1160.5366666666666,0,0,4.703100002999999,0,0,4.703100002999999,TRUE,FALSE,TRUE
Mar_23_34_BL60_stem,tree,stem,BL60,LGR3,A,FALSE,40.45,1.1605366666666665,22.7728333325,2023-03-19,40.45,1160.5366666666666,27.3,40.45,1160.5366666666666,27.3,2023-03-19,1160.5366666666666,0,0,4.527166667500001,0,0,4.527166667500001,TRUE,FALSE,TRUE
Mar_23_30_BL60_stem,tree,stem,BL60,LGR3,A,FALSE,40.45,1.1605366666666665,22.77631111033333,2023-03-19,40.45,1160.5366666666666,26.7,40.45,1160.5366666666666,26.7,2023-03-19,1160.5366666666666,0,0,3.9236888896666677,0,0,3.9236888896666677,TRUE,FALSE,TRUE
Mar_23_31_BL60_stem,tree,stem,BL60,LGR3,A,FALSE,40.45,1.1605366666666665,22.824788889,2023-03-19,40.45,1160.5366666666666,26.7,40.45,1160.5366666666666,26.7,2023-03-19,1160.5366666666666,0,0,3.8752111109999987,0,0,3.8752111109999987,TRUE,FALSE,TRUE
Mar_23_29_BL60_root,tree,root,BL60,LGR3,HB,FALSE,107.725212091594,1.28620164648686,22.821727779499998,2023-03-19,107.725212091594,1286.20164648686,26.7,107.725212091594,1286.20164648686,26.7,2023-03-19,1286.20164648686,0,0,3.8782722205000013,0,0,3.8782722205000013,TRUE,FALSE,TRUE
Mar_23_32_BL60_root,tree,root,BL60,LGR3,HB,FALSE,107.725212091594,1.28620164648686,22.819511113999997,2023-03-19,107.725212091594,1286.20164648686,27.3,107.725212091594,1286.20164648686,27.3,2023-03-19,1286.20164648686,0,0,4.480488886000003,0,0,4.480488886000003,TRUE,FALSE,TRUE
Mar_23_33_BL60_stem,tree,stem,BL60,LGR3,A,FALSE,40.45,1.1605366666666665,22.81380833575,2023-03-19,40.45,1160.5366666666666,27.3,40.45,1160.5366666666666,27.3,2023-03-19,1160.5366666666666,0,0,4.486191664250001,0,0,4.486191664250001,TRUE,FALSE,TRUE
Mar_23_40_BL60_stem,tree,stem,BL60,LGR3,C,FALSE,213.35,2.012601666666667,22.746005554499998,2023-03-19,213.35,2012.6016666666667,26.8,213.35,2012.6016666666667,26.8,2023-03-19,2012.601666666667,0,1.129750010690468e-16,4.0539944455000025,0,1.129750010690468e-16,4.0539944455000025,TRUE,FALSE,TRUE
Mar_23_41_BL60_stem,tree,stem,BL60,LGR3,B,FALSE,107.68,1.3669955555555555,22.6707499975,2023-03-19,107.68,1366.9955555555557,26.8,107.68,1366.9955555555557,26.8,2023-03-19,1366.9955555555555,0,1.6633095441983785e-16,4.129250002500001,0,1.6633095441983785e-16,4.129250002500001,TRUE,FALSE,TRUE
Mar_23_42_BL60_stem,tree,stem,BL60,LGR3,B,FALSE,107.68,1.3669955555555555,22.66163333,2023-03-19,107.68,1366.9955555555557,26.8,107.68,1366.9955555555557,26.8,2023-03-19,1366.9955555555555,0,1.6633095441983785e-16,4.13836667,0,1.6633095441983785e-16,4.13836667,TRUE,FALSE,TRUE
Mar_23_26_BL60_stem,tree,stem,BL60,LGR3,B,FALSE,107.68,1.3669955555555555,23.397099996666665,2023-03-19,107.68,1366.9955555555557,27.6,107.68,1366.9955555555557,27.6,2023-03-19,1366.9955555555555,0,1.6633095441983785e-16,4.202900003333337,0,1.6633095441983785e-16,4.202900003333337,TRUE,FALSE,TRUE
Mar_23_27_BL60_stem,tree,stem,BL60,LGR3,B,FALSE,107.68,1.3669955555555555,23.569183329999998,2023-03-19,107.68,1366.9955555555557,27.6,107.68,1366.9955555555557,27.6,2023-03-19,1366.9955555555555,0,1.6633095441983785e-16,4.030816670000004,0,1.6633095441983785e-16,4.030816670000004,TRUE,FALSE,TRUE
Mar_23_28_BL60_stem,tree,stem,BL60,LGR3,B,FALSE,107.68,1.3669955555555555,23.80908333,2023-03-19,107.68,1366.9955555555557,26.6,107.68,1366.9955555555557,26.6,2023-03-19,1366.9955555555555,0,1.6633095441983785e-16,2.7909166700000014,0,1.6633095441983785e-16,2.7909166700000014,TRUE,FALSE,TRUE
45005_MI_Soil_157,surface,soil,MI,LGR3,1 ft soil,FALSE,433.7,13.206,20.982444443333332,2023-03-20,433.7,13206,26.8,433.7,13206,26.8,2023-03-20,13206,0,0,5.817555556666669,0,0,5.817555556666669,TRUE,FALSE,TRUE
45005_MI_Soil_158,surface,soil,MI,LGR3,1 ft soil,FALSE,433.7,13.206,21.097711111333332,2023-03-20,433.7,13206,26.8,433.7,13206,26.8,2023-03-20,13206,0,0,5.7022888886666685,0,0,5.7022888886666685,TRUE,FALSE,TRUE
45005_MI_Soil_159,surface,soil,MI,LGR3,1 ft soil,FALSE,433.7,13.206,21.203372223666666,2023-03-20,433.7,13206,26.8,433.7,13206,26.8,2023-03-20,13206,0,0,5.596627776333335,0,0,5.596627776333335,TRUE,FALSE,TRUE
45005_MI_Soil_160,surface,soil,MI,LGR3,1 ft soil,FALSE,433.7,13.206,21.328244447333333,2023-03-20,433.7,13206,26.8,433.7,13206,26.8,2023-03-20,13206,0,0,5.471755552666668,0,0,5.471755552666668,TRUE,FALSE,TRUE
45005_MI_Soil_161,surface,soil,MI,LGR3,1 ft soil,FALSE,433.7,13.206,21.493055558333335,2023-03-20,433.7,13206,26.8,433.7,13206,26.8,2023-03-20,13206,0,0,5.306944441666666,0,0,5.306944441666666,TRUE,FALSE,TRUE
45005_MI_Soil_162,surface,soil,MI,LGR3,1 ft soil,FALSE,433.7,13.206,21.619444446666666,2023-03-20,433.7,13206,26.8,433.7,13206,26.8,2023-03-20,13206,0,0,5.180555553333335,0,0,5.180555553333335,TRUE,FALSE,TRUE
45005_MI_Soil_163,surface,soil,MI,LGR3,1 ft soil,FALSE,433.7,13.206,21.758472223833333,2023-03-20,433.7,13206,26.8,433.7,13206,26.8,2023-03-20,13206,0,0,5.041527776166667,0,0,5.041527776166667,TRUE,FALSE,TRUE
45005_MI_Soil_164,surface,soil,MI,LGR3,1 ft soil,FALSE,433.7,13.206,21.897500001,2023-03-20,433.7,13206,26.8,433.7,13206,26.8,2023-03-20,13206,0,0,4.902499999,0,0,4.902499999,TRUE,FALSE,TRUE
45005_MI_Soil_165,surface,soil,MI,LGR3,1 ft soil,FALSE,433.7,13.206,22.023888889333332,2023-03-20,433.7,13206,26.8,433.7,13206,26.8,2023-03-20,13206,0,0,4.776111110666669,0,0,4.776111110666669,TRUE,FALSE,TRUE
45005_MI_Soil_166,surface,soil,MI,LGR3,1 ft soil,FALSE,433.7,13.206,22.148777777666666,2023-03-20,433.7,13206,26.8,433.7,13206,26.8,2023-03-20,13206,0,0,4.651222222333335,0,0,4.651222222333335,TRUE,FALSE,TRUE
45005_MI_Soil_167,surface,soil,MI,LGR3,1 ft soil,FALSE,433.7,13.206,22.279555554833333,2023-03-20,433.7,13206,26.8,433.7,13206,26.8,2023-03-20,13206,0,0,4.520444445166667,0,0,4.520444445166667,TRUE,FALSE,TRUE
Mar_23_1_MI_stem,tree,stem,MI,LGR3,C,FALSE,213.35,2.012601666666667,22.814555552333335,2023-03-20,213.35,2012.6016666666667,26.8,213.35,2012.6016666666667,26.8,2023-03-20,2012.601666666667,0,1.129750010690468e-16,3.9854444476666657,0,1.129750010690468e-16,3.9854444476666657,TRUE,FALSE,TRUE
Mar_23_2_MI_stem,tree,stem,MI,LGR3,C,FALSE,213.35,2.012601666666667,22.94693333,2023-03-20,213.35,2012.6016666666667,26.8,213.35,2012.6016666666667,26.8,2023-03-20,2012.601666666667,0,1.129750010690468e-16,3.8530666700000005,0,1.129750010690468e-16,3.8530666700000005,TRUE,FALSE,TRUE
Mar_23_3_MI_stem,tree,stem,MI,LGR3,B,FALSE,107.68,1.3669955555555555,23.051008330000002,2023-03-20,107.68,1366.9955555555557,26.8,107.68,1366.9955555555557,26.8,2023-03-20,1366.9955555555555,0,1.6633095441983785e-16,3.7489916699999988,0,1.6633095441983785e-16,3.7489916699999988,TRUE,FALSE,TRUE
Mar_23_6_MI_stem,tree,stem,MI,LGR3,B,FALSE,107.68,1.3669955555555555,23.308933330000002,2023-03-20,107.68,1366.9955555555557,25.9,107.68,1366.9955555555557,25.9,2023-03-20,1366.9955555555555,0,1.6633095441983785e-16,2.5910666699999965,0,1.6633095441983785e-16,2.5910666699999965,TRUE,FALSE,TRUE
Mar_23_5_MI_stem,tree,stem,MI,LGR3,B,FALSE,107.68,1.3669955555555555,23.392555552666668,2023-03-20,107.68,1366.9955555555557,25.9,107.68,1366.9955555555557,25.9,2023-03-20,1366.9955555555555,0,1.6633095441983785e-16,2.507444447333331,0,1.6633095441983785e-16,2.507444447333331,TRUE,FALSE,TRUE
Mar_23_4_MI_stem,tree,stem,MI,LGR3,B,FALSE,107.68,1.3669955555555555,23.420611109333333,2023-03-20,107.68,1366.9955555555557,25.9,107.68,1366.9955555555557,25.9,2023-03-20,1366.9955555555555,0,1.6633095441983785e-16,2.479388890666666,0,1.6633095441983785e-16,2.479388890666666,TRUE,FALSE,TRUE
Mar_23_7_MI_stem,tree,stem,MI,LGR3,B,FALSE,107.68,1.3669955555555555,23.462694444333334,2023-03-20,107.68,1366.9955555555557,25.7,107.68,1366.9955555555557,25.7,2023-03-20,1366.9955555555555,0,1.6633095441983785e-16,2.2373055556666657,0,1.6633095441983785e-16,2.2373055556666657,TRUE,FALSE,TRUE
Mar_23_8_MI_stem,tree,stem,MI,LGR3,B,FALSE,107.68,1.3669955555555555,23.499166668,2023-03-20,107.68,1366.9955555555557,25.7,107.68,1366.9955555555557,25.7,2023-03-20,1366.9955555555555,0,1.6633095441983785e-16,2.2008333319999984,0,1.6633095441983785e-16,2.2008333319999984,TRUE,FALSE,TRUE
Mar_23_9_MI_stem,tree,stem,MI,LGR3,B,FALSE,107.68,1.3669955555555555,23.55588889166667,2023-03-20,107.68,1366.9955555555557,25.7,107.68,1366.9955555555557,25.7,2023-03-20,1366.9955555555555,0,1.6633095441983785e-16,2.1441111083333304,0,1.6633095441983785e-16,2.1441111083333304,TRUE,FALSE,TRUE
45007_BL60_Water_172,surface,water,BL60,LGR3,Floating 8 in,FALSE,324.3,4.276,26.5871833315,2023-03-22,324.3,4276,26.7,324.3,4276,26.7,2023-03-22,4276,0,0,0.11281666849999894,0,0,0.11281666849999894,TRUE,FALSE,TRUE
45007_BL60_Water_173,surface,water,BL60,LGR3,Floating 8 in,FALSE,324.3,4.276,26.582777776666667,2023-03-22,324.3,4276,26.7,324.3,4276,26.7,2023-03-22,4276,0,0,0.11722222333333221,0,0,0.11722222333333221,TRUE,FALSE,TRUE
45007_BL60_Water_174,surface,water,BL60,LGR3,Floating 8 in,FALSE,324.3,4.276,26.578372221833334,2023-03-22,324.3,4276,26.7,324.3,4276,26.7,2023-03-22,4276,0,0,0.12162777816666548,0,0,0.12162777816666548,TRUE,FALSE,TRUE
45007_BL60_Water_175,surface,water,BL60,LGR3,Floating 8 in,FALSE,324.3,4.276,26.567083333333333,2023-03-22,324.3,4276,26.7,324.3,4276,26.7,2023-03-22,4276,0,0,0.13291666666666657,0,0,0.13291666666666657,TRUE,FALSE,TRUE
45007_BL60_Water_176,surface,water,BL60,LGR3,Floating 8 in,FALSE,324.3,4.276,26.545683333333333,2023-03-22,324.3,4276,26.7,324.3,4276,26.7,2023-03-22,4276,0,0,0.15431666666666644,0,0,0.15431666666666644,TRUE,FALSE,TRUE
45007_BL60_Water_177,surface,water,BL60,LGR3,Floating 8 in,FALSE,324.3,4.276,26.5225,2023-03-22,324.3,4276,28.3,324.3,4276,28.3,2023-03-22,4276,0,0,1.7774999999999999,0,0,1.7774999999999999,TRUE,FALSE,TRUE
