flux_id,in_final_dataset,measurement_type,component,plot,date,campaign,analyzer,chamber,flux_source,also_rescued,data_source_legacy,patch_ha_hb_geometry,patch_mar2022_soil,patch_date_fix,air_temp_source,fieldlog_start_time,fieldlog_end_time,has_fieldlog_start,has_fieldlog_end,raw_on_date,has_raw_in_fieldlog_window,raw_obs_in_fieldlog_window,raw_serial,raw_serials_in_window,logging_interval_s,logging_interval_basis,has_saved_window,saved_window_file,saved_window_files,n_saved_window_files,saved_start,saved_end,saved_n_obs,saved_minus_fieldlog_s,other_window_source,CH4_best.flux,CH4_model,CH4_below_MDF,CH4_flagged,CO2_best.flux,CO2_model,CO2_below_MDF,CO2_flagged
44639_RB10_Soil_11,TRUE,surface,soil,RB10,2022-03-19,Mar2022,LGR3,Soil 6 in,original,FALSE,original,FALSE,FALSE,FALSE,Tree same-day,11:42:00,11:44:00,TRUE,TRUE,TRUE,TRUE,12,SN:3K60180500001584,SN:3K60180500001584,9.944000005722046,fieldlog_window,TRUE,results_surface/lgr3_manual_identification_results_soil.csv,results_surface/lgr3_manual_identification_results_soil.csv;results_surface/lgr3_manual_identification_results_updated.csv,2,2022-03-19T11:41:57Z,2022-03-19T11:45:46Z,90,-3,NA,1.9840228065127907,HM,FALSE,TRUE,1.2315691777885478,HM,FALSE,TRUE
44639_RB10_Soil_12,TRUE,surface,soil,RB10,2022-03-19,Mar2022,LGR3,Soil 6 in,original,FALSE,original,FALSE,FALSE,FALSE,Tree same-day,11:52:30,11:54:30,TRUE,TRUE,TRUE,TRUE,12,SN:3K60180500001584,SN:3K60180500001584,9.943000078201294,fieldlog_window,TRUE,results_surface/lgr3_manual_identification_results_soil.csv,results_surface/lgr3_manual_identification_results_soil.csv;results_surface/lgr3_manual_identification_results_updated.csv,2,2022-03-19T11:52:14Z,2022-03-19T11:54:53Z,91,-16,NA,0.04183172271691724,HM,FALSE,TRUE,1.2080934341153358,HM,FALSE,TRUE
44639_RB10_Soil_13,TRUE,surface,soil,RB10,2022-03-19,Mar2022,LGR3,Soil 6 in,original,FALSE,original,FALSE,FALSE,FALSE,Tree same-day,11:56:00,11:58:00,TRUE,TRUE,TRUE,TRUE,12,SN:3K60180500001584,SN:3K60180500001584,9.945000171661377,fieldlog_window,TRUE,results_surface/lgr3_manual_identification_results_soil.csv,results_surface/lgr3_manual_identification_results_soil.csv;results_surface/lgr3_manual_identification_results_updated.csv,2,2022-03-19T11:56:02Z,2022-03-19T11:59:11Z,91,2,NA,0.1196371333612824,LM,FALSE,TRUE,1.2440661709958096,HM,FALSE,TRUE
44639_RB10_Soil_14,TRUE,surface,soil,RB10,2022-03-19,Mar2022,LGR3,Soil 6 in,original,FALSE,original,FALSE,FALSE,FALSE,Tree same-day,12:00:30,12:02:30,TRUE,TRUE,TRUE,TRUE,12,SN:3K60180500001584,SN:3K60180500001584,9.946000099182129,fieldlog_window,TRUE,results_surface/lgr3_manual_identification_results_soil.csv,results_surface/lgr3_manual_identification_results_soil.csv;results_surface/lgr3_manual_identification_results_updated.csv,2,2022-03-19T12:00:31Z,2022-03-19T12:04:10Z,91,1,NA,1.4528750969137785,HM,FALSE,TRUE,1.1944728391113166,HM,FALSE,TRUE
44639_RB10_Soil_15,TRUE,surface,soil,RB10,2022-03-19,Mar2022,LGR3,Soil 6 in,original,FALSE,original,FALSE,FALSE,FALSE,Tree same-day,12:10:00,12:13:00,TRUE,TRUE,TRUE,TRUE,18,SN:3K60180500001584,SN:3K60180500001584,9.94700002670288,fieldlog_window,TRUE,results_surface/lgr3_manual_identification_results_soil.csv,results_surface/lgr3_manual_identification_results_soil.csv;results_surface/lgr3_manual_identification_results_updated.csv,2,2022-03-19T12:09:48Z,2022-03-19T12:13:07Z,90,-12,NA,3.617837503295175,HM,FALSE,TRUE,1.380890014549171,HM,FALSE,TRUE
44639_RB10_Soil_16,TRUE,surface,soil,RB10,2022-03-19,Mar2022,LGR3,Soil 6 in,original,FALSE,original,FALSE,FALSE,FALSE,Tree same-day,12:32:51,12:36:10,TRUE,TRUE,TRUE,TRUE,20,SN:3K60180500001584,SN:3K60180500001584,9.946000099182129,fieldlog_window,TRUE,results_surface/lgr3_manual_identification_results_soil.csv,results_surface/lgr3_manual_identification_results_soil.csv;results_surface/lgr3_manual_identification_results_updated.csv,2,2022-03-19T12:32:41Z,2022-03-19T12:36:19Z,91,-10,NA,0.6923482745210334,HM,FALSE,TRUE,1.059265502126299,HM,FALSE,TRUE
44639_RB10_Soil_17,TRUE,surface,soil,RB10,2022-03-19,Mar2022,LGR3,Soil 6 in,original,FALSE,original,FALSE,FALSE,FALSE,Tree same-day,12:35:00,12:42:20,TRUE,TRUE,TRUE,TRUE,44,SN:3K60180500001584,SN:3K60180500001584,9.94700002670288,fieldlog_window,TRUE,results_surface/lgr3_manual_identification_results_soil.csv,results_surface/lgr3_manual_identification_results_soil.csv;results_surface/lgr3_manual_identification_results_updated.csv,2,2022-03-19T12:37:49Z,2022-03-19T12:42:27Z,91,169,NA,2.3019736149066254,HM,FALSE,TRUE,1.121230383101922,LM,FALSE,TRUE
44639_RB10_Soil_18,TRUE,surface,soil,RB10,2022-03-19,Mar2022,LGR3,Soil 6 in,original,FALSE,original,FALSE,FALSE,FALSE,Tree same-day,12:44:38,12:48:03,TRUE,TRUE,TRUE,TRUE,20,SN:3K60180500001584,SN:3K60180500001584,9.944999933242798,fieldlog_window,TRUE,results_surface/lgr3_manual_identification_results_soil.csv,results_surface/lgr3_manual_identification_results_soil.csv;results_surface/lgr3_manual_identification_results_updated.csv,2,2022-03-19T12:44:37Z,2022-03-19T12:48:15Z,91,-1,NA,0.22225424099144273,HM,FALSE,TRUE,1.2968618514947687,HM,FALSE,TRUE
44639_RB10_Soil_19,TRUE,surface,soil,RB10,2022-03-19,Mar2022,LGR3,Soil 6 in,original,FALSE,original,FALSE,FALSE,FALSE,Tree same-day,12:50:02,12:53:00,TRUE,TRUE,TRUE,TRUE,18,SN:3K60180500001584,SN:3K60180500001584,9.946999788284302,fieldlog_window,TRUE,results_surface/lgr3_manual_identification_results_soil.csv,results_surface/lgr3_manual_identification_results_soil.csv;results_surface/lgr3_manual_identification_results_updated.csv,2,2022-03-19T12:50:05Z,2022-03-19T12:53:14Z,91,3,NA,0.1381819137946872,LM,FALSE,TRUE,1.1147423648068946,HM,FALSE,TRUE
44639_RB10_Soil_20,TRUE,surface,soil,RB10,2022-03-19,Mar2022,LGR3,Soil 6 in,original,FALSE,original,FALSE,FALSE,FALSE,Tree same-day,12:54:35,12:57:00,TRUE,TRUE,TRUE,TRUE,14,SN:3K60180500001584,SN:3K60180500001584,9.94599986076355,fieldlog_window,TRUE,results_surface/lgr3_manual_identification_results_soil.csv,results_surface/lgr3_manual_identification_results_soil.csv;results_surface/lgr3_manual_identification_results_updated.csv,2,2022-03-19T12:54:43Z,2022-03-19T12:57:23Z,66,8,NA,1.6101216799454858,HM,FALSE,TRUE,2.246553795306296,HM,FALSE,TRUE
Mar_22_T1_9_FLM30_stem,TRUE,tree,stem,FLM30,2022-03-21,Mar2022,LGR3,C,original,FALSE,original,FALSE,FALSE,FALSE,NA,10:34:30,10:38:34,TRUE,TRUE,TRUE,TRUE,25,SN:3K60180500001584,SN:3K60180500001584,9.945500135421753,fieldlog_window,TRUE,results_trees/lgr3_manual_identification_results_additional.csv,results_trees/lgr3_manual_identification_results_additional.csv,1,2022-03-21T10:34:24Z,2022-03-21T10:39:23Z,82,-6,NA,62.41527026204899,HM,FALSE,TRUE,0.2319745304941953,HM,FALSE,TRUE
Mar_22_T1_10_FLM30_stem,TRUE,tree,stem,FLM30,2022-03-21,Mar2022,LGR3,C,original,FALSE,original,FALSE,FALSE,FALSE,NA,10:41:30,10:45:30,TRUE,TRUE,TRUE,TRUE,24,SN:3K60180500001584,SN:3K60180500001584,9.94700002670288,fieldlog_window,TRUE,results_trees/lgr3_manual_identification_results_additional.csv,results_trees/lgr3_manual_identification_results_additional.csv,1,2022-03-21T10:41:22Z,2022-03-21T10:47:20Z,91,-8,NA,22.527939553764536,HM,FALSE,TRUE,0.46597178673754247,HM,FALSE,TRUE
Mar_22_T1_11_FLM30_stem,TRUE,tree,stem,FLM30,2022-03-21,Mar2022,LGR3,C,original,FALSE,original,FALSE,FALSE,FALSE,NA,10:49:32,10:54:30,TRUE,TRUE,TRUE,TRUE,30,SN:3K60180500001584,SN:3K60180500001584,9.945000171661377,fieldlog_window,TRUE,results_trees/lgr3_manual_identification_results_additional.csv,results_trees/lgr3_manual_identification_results_additional.csv,1,2022-03-21T10:49:39Z,2022-03-21T10:55:57Z,90,7,NA,0.7636723932215601,HM,FALSE,TRUE,0.3633718498041786,HM,FALSE,TRUE
Mar_22_T1_12_FLM30_stem,TRUE,tree,stem,FLM30,2022-03-21,Mar2022,LGR3,C,original,FALSE,original,FALSE,FALSE,FALSE,NA,11:18:00,11:22:00,TRUE,TRUE,TRUE,TRUE,24,SN:3K60180500001584,SN:3K60180500001584,9.946000099182129,fieldlog_window,TRUE,results_trees/lgr3_manual_identification_results_additional.csv,results_trees/lgr3_manual_identification_results_additional.csv,1,2022-03-21T11:20:59Z,2022-03-21T11:27:37Z,91,179,NA,1.0004463310884335,HM,FALSE,TRUE,1.724015056338657,HM,FALSE,TRUE
Mar_22_T1_13_FLM30_stem,TRUE,tree,stem,FLM30,2022-03-21,Mar2022,LGR3,C,original,FALSE,original,FALSE,FALSE,FALSE,NA,11:40:00,11:44:00,TRUE,TRUE,TRUE,TRUE,24,SN:3K60180500001584,SN:3K60180500001584,9.946000099182129,fieldlog_window,TRUE,results_trees/lgr3_manual_identification_results_additional.csv,results_trees/lgr3_manual_identification_results_additional.csv,1,2022-03-21T11:39:53Z,2022-03-21T11:45:01Z,91,-7,NA,0.35783451405452127,HM,FALSE,TRUE,0.5307540170656729,HM,FALSE,TRUE
Mar_22_T1_14_FLM30_stem,TRUE,tree,stem,FLM30,2022-03-21,Mar2022,LGR3,C,original,FALSE,original,FALSE,FALSE,FALSE,NA,11:53:00,11:58:00,TRUE,TRUE,TRUE,TRUE,30,SN:3K60180500001584,SN:3K60180500001584,9.94700002670288,fieldlog_window,TRUE,results_trees/lgr3_manual_identification_results_additional.csv,results_trees/lgr3_manual_identification_results_additional.csv,1,2022-03-21T11:50:39Z,2022-03-21T11:58:47Z,91,-141,NA,0.12236037603102108,LM,FALSE,TRUE,0.397065619836356,LM,FALSE,TRUE
Mar_22_T1_15_FLM30_stem,TRUE,tree,stem,FLM30,2022-03-21,Mar2022,LGR3,B,original,FALSE,original,FALSE,FALSE,FALSE,NA,12:19:00,12:23:00,TRUE,TRUE,TRUE,TRUE,25,SN:3K60180500001584,SN:3K60180500001584,9.946499943733215,fieldlog_window,TRUE,results_trees/lgr3_manual_identification_results_additional.csv,results_trees/lgr3_manual_identification_results_additional.csv,1,2022-03-21T12:18:40Z,2022-03-21T12:25:38Z,91,-20,NA,2.2729210329208636,LM,FALSE,TRUE,0.30977227854327066,HM,FALSE,TRUE
Mar_22_T1_16_FLM30_stem,TRUE,tree,stem,FLM30,2022-03-21,Mar2022,LGR3,B,original,FALSE,original,FALSE,FALSE,FALSE,NA,12:37:00,12:47:00,TRUE,TRUE,TRUE,TRUE,60,SN:3K60180500001584,SN:3K60180500001584,9.945000171661377,fieldlog_window,TRUE,results_trees/lgr3_manual_identification_results_additional.csv,results_trees/lgr3_manual_identification_results_additional.csv,1,2022-03-21T12:36:54Z,2022-03-21T12:46:21Z,90,-6,NA,0.37941719120801687,HM,FALSE,TRUE,0.26396314258112835,LM,FALSE,TRUE
Mar_22_T1_17_FLM30_stem,TRUE,tree,stem,FLM30,2022-03-21,Mar2022,LGR3,B,original,FALSE,original,FALSE,FALSE,FALSE,NA,12:57:00,12:07:00,TRUE,TRUE,TRUE,TRUE,60,SN:3K60180500001584,SN:3K60180500001584,9.94700002670288,fieldlog_window,TRUE,results_trees/lgr3_manual_identification_results_additional.csv,results_trees/lgr3_manual_identification_results_additional.csv,1,2022-03-21T12:56:58Z,2022-03-21T13:01:56Z,91,-2,NA,-0.05667461192118906,HM,FALSE,TRUE,-0.03519860145634804,LM,FALSE,TRUE
Mar_22_T1_18_FLM30_stem,TRUE,tree,stem,FLM30,2022-03-21,Mar2022,LGR3,B,original,FALSE,original,FALSE,FALSE,FALSE,NA,13:23:00,12:30:00,TRUE,TRUE,TRUE,TRUE,60,SN:3K60180500001584,SN:3K60180500001584,9.946000099182129,fieldlog_window,TRUE,results_trees/lgr3_manual_identification_results_additional.csv,results_trees/lgr3_manual_identification_results_additional.csv,1,2022-03-21T13:22:59Z,2022-03-21T13:30:17Z,91,-1,NA,10.515146445087558,HM,FALSE,TRUE,2.4960979437343913,HM,FALSE,TRUE
Mar_22_T1_19_FLM30_stem,TRUE,tree,stem,FLM30,2022-03-21,Mar2022,LGR3,B,original,FALSE,original,FALSE,FALSE,FALSE,NA,13:39:00,12:44:00,TRUE,TRUE,TRUE,TRUE,60,SN:3K60180500001584,SN:3K60180500001584,9.94599986076355,fieldlog_window,TRUE,results_trees/lgr3_manual_identification_results_additional.csv,results_trees/lgr3_manual_identification_results_additional.csv,1,2022-03-21T13:39:14Z,2022-03-21T13:44:03Z,90,14,NA,1.3263434644394558,HM,FALSE,TRUE,0.6142562772759752,HM,FALSE,TRUE
Mar_22_T1_20_FLM30_stem,TRUE,tree,stem,FLM30,2022-03-21,Mar2022,LGR3,B,original,FALSE,original,FALSE,FALSE,FALSE,NA,13:48:30,13:53:00,TRUE,TRUE,TRUE,TRUE,28,SN:3K60180500001584,SN:3K60180500001584,9.946000099182129,fieldlog_window,TRUE,results_trees/lgr3_manual_identification_results_additional.csv,results_trees/lgr3_manual_identification_results_additional.csv,1,2022-03-21T13:48:31Z,2022-03-21T13:55:59Z,91,1,NA,0.17374115422931527,LM,FALSE,TRUE,0.7041115924118242,HM,FALSE,TRUE
Mar_22_T1_21_FLM30_stem,TRUE,tree,stem,FLM30,2022-03-21,Mar2022,LGR3,B,original,FALSE,original,FALSE,FALSE,FALSE,NA,14:03:00,14:12:00,TRUE,TRUE,TRUE,TRUE,54,SN:3K60180500001584,SN:3K60180500001584,9.946000099182129,fieldlog_window,TRUE,results_trees/lgr3_manual_identification_results_additional.csv,results_trees/lgr3_manual_identification_results_additional.csv,1,2022-03-21T14:03:26Z,2022-03-21T14:11:14Z,90,26,NA,4.96177988951816,HM,FALSE,TRUE,0.2272335825808068,LM,FALSE,TRUE
Mar_22_T1_22_FLM30_stem,TRUE,tree,stem,FLM30,2022-03-21,Mar2022,LGR3,B,original,FALSE,original,FALSE,FALSE,FALSE,NA,14:25:00,14:35:00,TRUE,TRUE,TRUE,TRUE,60,SN:3K60180500001584,SN:3K60180500001584,9.94700002670288,fieldlog_window,TRUE,results_trees/lgr3_manual_identification_results_additional.csv,results_trees/lgr3_manual_identification_results_additional.csv,1,2022-03-21T14:25:09Z,2022-03-21T14:31:37Z,91,9,NA,-0.00457473352183123,HM,TRUE,TRUE,0.23740187350055347,LM,FALSE,TRUE
Mar_22_T1_23_FLM30_stem,TRUE,tree,stem,FLM30,2022-03-21,Mar2022,LGR3,B,original,FALSE,original,FALSE,FALSE,FALSE,NA,14:39:00,14:49:00,TRUE,TRUE,TRUE,TRUE,60,SN:3K60180500001584,SN:3K60180500001584,9.946000099182129,fieldlog_window,TRUE,results_trees/lgr3_manual_identification_results_additional.csv,results_trees/lgr3_manual_identification_results_additional.csv,1,2022-03-21T14:39:15Z,2022-03-21T14:45:53Z,90,15,NA,0.1421319242880353,LM,FALSE,TRUE,0.1510691678274435,LM,FALSE,TRUE
Mar_22_T1_24_SRS6_stem,TRUE,tree,stem,SRS6,2022-03-22,Mar2022,LGR3,B,original,FALSE,original,FALSE,FALSE,FALSE,NA,13:58:00,14:01:51,TRUE,TRUE,TRUE,TRUE,23,SN:3K60180500001584,SN:3K60180500001584,9.94700002670288,fieldlog_window,TRUE,results_trees/lgr3_manual_identification_results_additional.csv,results_trees/lgr3_manual_identification_results_additional.csv,1,2022-03-22T13:57:53Z,2022-03-22T14:02:41Z,91,-7,NA,0.6181423727811957,HM,FALSE,TRUE,0.4914168320674677,HM,FALSE,TRUE
Mar_22_T1_25_SRS6_stem,TRUE,tree,stem,SRS6,2022-03-22,Mar2022,LGR3,B,original,FALSE,original,FALSE,FALSE,FALSE,NA,14:05:00,14:08:00,TRUE,TRUE,TRUE,TRUE,19,SN:3K60180500001584,SN:3K60180500001584,9.944999933242798,fieldlog_window,TRUE,results_trees/lgr3_manual_identification_results_additional.csv,results_trees/lgr3_manual_identification_results_additional.csv,1,2022-03-22T14:05:00Z,2022-03-22T14:08:59Z,91,0,NA,5.613314903211065,HM,FALSE,TRUE,1.5010421429725471,HM,FALSE,TRUE
Mar_22_T1_26_SRS6_stem,TRUE,tree,stem,SRS6,2022-03-22,Mar2022,LGR3,B,original,FALSE,original,FALSE,FALSE,FALSE,NA,14:17:30,14:22:00,TRUE,TRUE,TRUE,TRUE,27,SN:3K60180500001584,SN:3K60180500001584,9.94599986076355,fieldlog_window,TRUE,results_trees/lgr3_manual_identification_results_additional.csv,results_trees/lgr3_manual_identification_results_additional.csv,1,2022-03-22T14:17:56Z,2022-03-22T14:24:54Z,90,26,NA,0.0556775061925827,HM,FALSE,TRUE,0.613320998144399,HM,FALSE,TRUE
Mar_22_T1_27_SRS6_CWD,TRUE,tree,cwd,SRS6,2022-03-22,Mar2022,LGR3,NA,original,FALSE,original,FALSE,FALSE,FALSE,NA,14:34:00,12:42:00,TRUE,TRUE,TRUE,TRUE,61,SN:3K60180500001584,SN:3K60180500001584,9.946000099182129,fieldlog_window,FALSE,NA,NA,NA,NA,NA,NA,NA,NA,NA,NA,FALSE,FALSE,NA,NA,FALSE,FALSE
Mar_22_T1_28_SRS6_stem,TRUE,tree,stem,SRS6,2022-03-22,Mar2022,LGR3,B,original,FALSE,original,FALSE,FALSE,FALSE,NA,14:53:00,12:57:00,TRUE,TRUE,TRUE,TRUE,60,SN:3K60180500001584,SN:3K60180500001584,9.946000099182129,fieldlog_window,TRUE,results_trees/lgr3_manual_identification_results_additional.csv,results_trees/lgr3_manual_identification_results_additional.csv,1,2022-03-22T14:53:15Z,2022-03-22T15:00:03Z,90,15,NA,0.3470537589143768,HM,FALSE,TRUE,3.762328888497114,HM,FALSE,TRUE
Mar_22_T1_29_SRS6_stem,TRUE,tree,stem,SRS6,2022-03-22,Mar2022,LGR3,B,original,FALSE,original,FALSE,FALSE,FALSE,NA,15:02:00,15:06:00,TRUE,TRUE,TRUE,TRUE,24,SN:3K60180500001584,SN:3K60180500001584,9.946000099182129,fieldlog_window,TRUE,results_trees/lgr3_manual_identification_results_additional.csv,results_trees/lgr3_manual_identification_results_additional.csv,1,2022-03-22T15:02:02Z,2022-03-22T15:06:50Z,91,2,NA,0.1074747903410098,LM,FALSE,TRUE,0.4727523457928413,LM,FALSE,TRUE
Mar_22_T1_30_SRS6_stem,TRUE,tree,stem,SRS6,2022-03-22,Mar2022,LGR3,B,original,FALSE,original,FALSE,FALSE,FALSE,NA,15:09:00,15:13:00,TRUE,TRUE,TRUE,TRUE,24,SN:3K60180500001584,SN:3K60180500001584,9.945000171661377,fieldlog_window,TRUE,results_trees/lgr3_manual_identification_results_additional.csv,results_trees/lgr3_manual_identification_results_additional.csv,1,2022-03-22T15:09:00Z,2022-03-22T15:17:07Z,91,0,NA,0.6264773712132479,HM,FALSE,TRUE,0.9760064798301076,HM,FALSE,TRUE
Mar_22_T1_31_SRS6_root,TRUE,tree,root,SRS6,2022-03-22,Mar2022,LGR3,B,original,FALSE,original,FALSE,FALSE,FALSE,NA,15:20:00,12:24:00,TRUE,TRUE,TRUE,TRUE,60,SN:3K60180500001584,SN:3K60180500001584,9.946000099182129,fieldlog_window,TRUE,results_trees/lgr3_manual_identification_results_additional.csv,results_trees/lgr3_manual_identification_results_additional.csv,1,2022-03-22T15:19:46Z,2022-03-22T15:24:35Z,90,-14,NA,0.4773783583603557,HM,FALSE,TRUE,2.1192749172733287,HM,FALSE,TRUE
Mar_22_T1_44_FLM30_stem,TRUE,tree,stem,FLM30,2022-03-23,Mar2022,LGR3,B,original,FALSE,original,FALSE,FALSE,FALSE,NA,12:27:00,13:31:00,TRUE,TRUE,TRUE,TRUE,386,SN:3K60180500001584,SN:3K60180500001584,9.946000099182129,fieldlog_window,TRUE,results_trees/lgr3_manual_identification_results_additional.csv,results_trees/lgr3_manual_identification_results_additional.csv,1,2022-03-23T12:27:06Z,2022-03-23T12:31:55Z,90,6,NA,-0.2152665719003734,LM,FALSE,TRUE,-0.0295406137921379,LM,FALSE,TRUE
Mar_22_T1_45_FLM30_stem,TRUE,tree,stem,FLM30,2022-03-23,Mar2022,LGR3,B,original,FALSE,original,FALSE,FALSE,FALSE,NA,12:33:30,12:37:30,TRUE,TRUE,TRUE,TRUE,24,SN:3K60180500001584,SN:3K60180500001584,9.94700002670288,fieldlog_window,TRUE,results_trees/lgr3_manual_identification_results_additional.csv,results_trees/lgr3_manual_identification_results_additional.csv,1,2022-03-23T12:35:53Z,2022-03-23T12:41:12Z,90,143,NA,12.87953728419824,HM,FALSE,TRUE,0.800234654882116,HM,FALSE,TRUE
Mar_22_T1_40_FLM30_stem,TRUE,tree,stem,FLM30,2022-03-23,Mar2022,LGR3,B,original,FALSE,original,FALSE,FALSE,FALSE,NA,12:35:30,12:39:30,TRUE,TRUE,TRUE,TRUE,24,SN:3K60180500001584,SN:3K60180500001584,9.94599986076355,fieldlog_window,TRUE,results_trees/lgr3_manual_identification_results_additional.csv,results_trees/lgr3_manual_identification_results_additional.csv,1,2022-03-23T12:35:33Z,2022-03-23T12:41:12Z,91,3,NA,13.406917819908506,HM,FALSE,TRUE,0.85509819559575,HM,FALSE,TRUE
Mar_22_T1_41_FLM30_stem,TRUE,tree,stem,FLM30,2022-03-23,Mar2022,LGR3,B,original,FALSE,original,FALSE,FALSE,FALSE,NA,12:50:00,12:54:00,TRUE,TRUE,TRUE,TRUE,24,SN:3K60180500001584,SN:3K60180500001584,9.94700002670288,fieldlog_window,TRUE,results_trees/lgr3_manual_identification_results_additional.csv,results_trees/lgr3_manual_identification_results_additional.csv,1,2022-03-23T12:49:59Z,2022-03-23T12:54:47Z,91,-1,NA,1.9540941131939156,HM,FALSE,TRUE,0.6228769179367426,HM,FALSE,TRUE
Mar_22_T1_42_FLM30_stem,TRUE,tree,stem,FLM30,2022-03-23,Mar2022,LGR3,B,original,FALSE,original,FALSE,FALSE,FALSE,NA,13:02:30,13:06:30,TRUE,TRUE,TRUE,TRUE,24,SN:3K60180500001584,SN:3K60180500001584,9.94700002670288,fieldlog_window,TRUE,results_trees/lgr3_manual_identification_results_additional.csv,results_trees/lgr3_manual_identification_results_additional.csv,1,2022-03-23T13:02:35Z,2022-03-23T13:09:03Z,90,5,NA,0.8297195252984388,HM,FALSE,TRUE,1.171890505585821,HM,FALSE,TRUE
Mar_22_T1_43_FLM30_stem,TRUE,tree,stem,FLM30,2022-03-23,Mar2022,LGR3,B,original,FALSE,original,FALSE,FALSE,FALSE,NA,13:20:00,13:24:00,TRUE,TRUE,TRUE,TRUE,24,SN:3K60180500001584,SN:3K60180500001584,9.94599986076355,fieldlog_window,TRUE,results_trees/lgr3_manual_identification_results_additional.csv,results_trees/lgr3_manual_identification_results_additional.csv,1,2022-03-23T13:19:59Z,2022-03-23T13:24:08Z,91,-1,NA,4.972051424252084,HM,FALSE,TRUE,0.6457409344912709,HM,FALSE,TRUE
Mar_22_T1_46_FLM30_stem,TRUE,tree,stem,FLM30,2022-03-23,Mar2022,LGR3,B,original,FALSE,original,FALSE,FALSE,FALSE,NA,13:52:00,13:56:00,TRUE,TRUE,TRUE,TRUE,24,SN:3K60180500001584,SN:3K60180500001584,9.946000099182129,fieldlog_window,TRUE,results_trees/lgr3_manual_identification_results_additional.csv,results_trees/lgr3_manual_identification_results_additional.csv,1,2022-03-23T13:52:29Z,2022-03-23T14:00:26Z,91,29,NA,8.74858829914397,HM,FALSE,TRUE,0.3775432380895675,LM,FALSE,TRUE
Mar_22_T1_47_FLM30_stem,TRUE,tree,stem,FLM30,2022-03-23,Mar2022,LGR3,B,original,FALSE,original,FALSE,FALSE,FALSE,NA,14:01:00,14:08:00,TRUE,TRUE,TRUE,TRUE,42,SN:3K60180500001584,SN:3K60180500001584,9.945000171661377,fieldlog_window,TRUE,results_trees/lgr3_manual_identification_results_additional.csv,results_trees/lgr3_manual_identification_results_additional.csv,1,2022-03-23T14:05:04Z,2022-03-23T14:09:43Z,90,244,NA,36.63542790486645,HM,FALSE,TRUE,0.4072145812756427,HM,FALSE,TRUE
Mar_22_T1_48_FLM30_stem,TRUE,tree,stem,FLM30,2022-03-23,Mar2022,LGR3,B,original,FALSE,original,FALSE,FALSE,FALSE,NA,14:11:30,14:15:30,TRUE,TRUE,TRUE,TRUE,24,SN:3K60180500001584,SN:3K60180500001584,9.94599986076355,fieldlog_window,TRUE,results_trees/lgr3_manual_identification_results_additional.csv,results_trees/lgr3_manual_identification_results_additional.csv,1,2022-03-23T14:11:42Z,2022-03-23T14:18:20Z,91,12,NA,0.39576428636213545,LM,FALSE,TRUE,0.5716078316745172,HM,FALSE,TRUE
Mar_22_T1_49_FLM30_stem,TRUE,tree,stem,FLM30,2022-03-23,Mar2022,LGR3,B,original,FALSE,original,FALSE,FALSE,FALSE,NA,14:36:00,14:40:00,TRUE,TRUE,TRUE,TRUE,24,SN:3K60180500001584,SN:3K60180500001584,9.946000099182129,fieldlog_window,TRUE,results_trees/lgr3_manual_identification_results_additional.csv,results_trees/lgr3_manual_identification_results_additional.csv,1,2022-03-23T14:35:44Z,2022-03-23T14:43:22Z,90,-16,NA,0.14391609892054583,HM,FALSE,TRUE,2.339362516871596,HM,FALSE,TRUE
Mar_22_T1_50_FLM30_stem,TRUE,tree,stem,FLM30,2022-03-23,Mar2022,LGR3,B,original,FALSE,original,FALSE,FALSE,FALSE,NA,14:50:00,15:00:00,TRUE,TRUE,TRUE,TRUE,60,SN:3K60180500001584,SN:3K60180500001584,9.94599986076355,fieldlog_window,TRUE,results_trees/lgr3_manual_identification_results_additional.csv,results_trees/lgr3_manual_identification_results_additional.csv,1,2022-03-23T14:48:50Z,2022-03-23T14:59:07Z,91,-70,NA,0.3293906624845675,LM,FALSE,TRUE,1.4963369256500911,LM,FALSE,TRUE
Mar_22_T1_51_FLM30_stem,TRUE,tree,stem,FLM30,2022-03-23,Mar2022,LGR3,B,original,FALSE,original,FALSE,FALSE,FALSE,NA,15:02:00,15:12:00,TRUE,TRUE,TRUE,TRUE,60,SN:3K60180500001584,SN:3K60180500001584,9.94599986076355,fieldlog_window,TRUE,results_trees/lgr3_manual_identification_results_additional.csv,results_trees/lgr3_manual_identification_results_additional.csv,1,2022-03-23T15:03:35Z,2022-03-23T15:11:13Z,90,95,NA,0.5563919094963151,HM,FALSE,TRUE,3.2477450604653977,HM,FALSE,TRUE
44643_FLM30_Soil_21,TRUE,surface,soil,FLM30,2022-03-23,Mar2022,LGR3,Soil 8 in,original,FALSE,original,FALSE,TRUE,FALSE,Tree 30min,15:30:00,15:32:30,TRUE,TRUE,TRUE,TRUE,15,SN:3K60180500001584,SN:3K60180500001584,9.946000099182129,fieldlog_window,TRUE,results_surface/lgr3_manual_identification_results_soil.csv,results_surface/lgr3_manual_identification_results_soil.csv;results_surface/lgr3_manual_identification_results_updated.csv,2,2022-03-23T15:29:57Z,2022-03-23T15:32:36Z,90,-3,NA,4.848875324897272,LM,FALSE,TRUE,1.5656641132961056,LM,FALSE,TRUE
44643_FLM30_Soil_22,TRUE,surface,soil,FLM30,2022-03-23,Mar2022,LGR3,Soil 8 in,original,FALSE,original,FALSE,TRUE,FALSE,Tree same-day,15:35:55,15:37:35,TRUE,TRUE,TRUE,TRUE,10,SN:3K60180500001584,SN:3K60180500001584,9.944999933242798,fieldlog_window,TRUE,results_surface/lgr3_manual_identification_results_soil.csv,results_surface/lgr3_manual_identification_results_soil.csv;results_surface/lgr3_manual_identification_results_updated.csv,2,2022-03-23T15:36:25Z,2022-03-23T15:38:14Z,91,30,NA,56.41998024256296,LM,FALSE,TRUE,3.4455948075111755,LM,FALSE,TRUE
44643_FLM30_Soil_23,TRUE,surface,soil,FLM30,2022-03-23,Mar2022,LGR3,Soil 8 in,original,FALSE,original,FALSE,TRUE,FALSE,Tree same-day,15:39:20,15:41:20,TRUE,TRUE,TRUE,TRUE,12,SN:3K60180500001584,SN:3K60180500001584,9.944999933242798,fieldlog_window,TRUE,results_surface/lgr3_manual_identification_results_soil.csv,results_surface/lgr3_manual_identification_results_soil.csv;results_surface/lgr3_manual_identification_results_updated.csv,2,2022-03-23T15:39:34Z,2022-03-23T15:41:33Z,91,14,NA,51.76118958112237,LM,FALSE,TRUE,1.7396363450077248,LM,FALSE,TRUE
44643_FLM30_Soil_24,TRUE,surface,soil,FLM30,2022-03-23,Mar2022,LGR3,Soil 8 in,original,FALSE,original,FALSE,TRUE,FALSE,Tree same-day,15:42:45,15:44:45,TRUE,TRUE,TRUE,TRUE,12,SN:3K60180500001584,SN:3K60180500001584,9.94700002670288,fieldlog_window,TRUE,results_surface/lgr3_manual_identification_results_soil.csv,results_surface/lgr3_manual_identification_results_soil.csv;results_surface/lgr3_manual_identification_results_updated.csv,2,2022-03-23T15:43:02Z,2022-03-23T15:44:52Z,90,17,NA,123.43786537490006,LM,FALSE,TRUE,3.530588849058362,LM,FALSE,TRUE
44643_FLM30_Soil_25,TRUE,surface,soil,FLM30,2022-03-23,Mar2022,LGR3,Soil 8 in,original,FALSE,original,FALSE,TRUE,FALSE,Tree same-day,15:47:05,15:49:05,TRUE,TRUE,TRUE,TRUE,12,SN:3K60180500001584,SN:3K60180500001584,9.944000005722046,fieldlog_window,TRUE,results_surface/lgr3_manual_identification_results_soil.csv,results_surface/lgr3_manual_identification_results_soil.csv;results_surface/lgr3_manual_identification_results_updated.csv,2,2022-03-23T15:47:21Z,2022-03-23T15:49:11Z,90,16,NA,37.39771659406931,LM,FALSE,TRUE,3.039572359631523,LM,FALSE,TRUE
44643_FLM30_Soil_26,TRUE,surface,soil,FLM30,2022-03-23,Mar2022,LGR3,Soil 8 in,original,FALSE,original,FALSE,TRUE,FALSE,Tree same-day,16:05:30,16:07:30,TRUE,TRUE,TRUE,TRUE,12,SN:3K60180500001584,SN:3K60180500001584,9.947999954223633,fieldlog_window,TRUE,results_surface/lgr3_manual_identification_results_soil.csv,results_surface/lgr3_manual_identification_results_soil.csv;results_surface/lgr3_manual_identification_results_updated.csv,2,2022-03-23T16:05:35Z,2022-03-23T16:07:54Z,90,5,NA,14.572184523580166,LM,FALSE,TRUE,1.9760698780507588,LM,FALSE,TRUE
44643_FLM30_Soil_27,TRUE,surface,soil,FLM30,2022-03-23,Mar2022,LGR3,Soil 8 in,original,FALSE,original,FALSE,TRUE,FALSE,Tree same-day,16:09:30,16:11:30,TRUE,TRUE,TRUE,TRUE,12,SN:3K60180500001584,SN:3K60180500001584,9.947999954223633,fieldlog_window,TRUE,results_surface/lgr3_manual_identification_results_soil.csv,results_surface/lgr3_manual_identification_results_soil.csv;results_surface/lgr3_manual_identification_results_updated.csv,2,2022-03-23T16:09:44Z,2022-03-23T16:11:43Z,90,14,NA,19.48361741588481,LM,FALSE,TRUE,2.9200217438191975,LM,FALSE,TRUE
44643_FLM30_Soil_28,TRUE,surface,soil,FLM30,2022-03-23,Mar2022,LGR3,Soil 8 in,original,FALSE,original,FALSE,TRUE,FALSE,Tree same-day,16:12:45,16:14:45,TRUE,TRUE,TRUE,TRUE,12,SN:3K60180500001584,SN:3K60180500001584,9.947999954223633,fieldlog_window,TRUE,results_surface/lgr3_manual_identification_results_soil.csv,results_surface/lgr3_manual_identification_results_soil.csv;results_surface/lgr3_manual_identification_results_updated.csv,2,2022-03-23T16:12:53Z,2022-03-23T16:15:02Z,90,8,NA,6.752533146518568,LM,FALSE,TRUE,2.3903446815680813,LM,FALSE,TRUE
44643_FLM30_Soil_29,TRUE,surface,soil,FLM30,2022-03-23,Mar2022,LGR3,Soil 8 in,original,FALSE,original,FALSE,TRUE,FALSE,Tree same-day,16:16:15,16:18:15,TRUE,TRUE,TRUE,TRUE,12,SN:3K60180500001584,SN:3K60180500001584,9.94599986076355,fieldlog_window,TRUE,results_surface/lgr3_manual_identification_results_soil.csv,results_surface/lgr3_manual_identification_results_soil.csv;results_surface/lgr3_manual_identification_results_updated.csv,2,2022-03-23T16:16:22Z,2022-03-23T16:18:31Z,90,7,NA,19.3792039161052,LM,FALSE,TRUE,2.525651739379744,LM,FALSE,TRUE
44643_FLM30_Soil_30,TRUE,surface,soil,FLM30,2022-03-23,Mar2022,LGR3,Soil 8 in,original,FALSE,original,FALSE,TRUE,FALSE,Tree same-day,16:20:45,16:22:45,TRUE,TRUE,TRUE,TRUE,12,SN:3K60180500001584,SN:3K60180500001584,9.945000171661377,fieldlog_window,TRUE,results_surface/lgr3_manual_identification_results_soil.csv,results_surface/lgr3_manual_identification_results_soil.csv;results_surface/lgr3_manual_identification_results_updated.csv,2,2022-03-23T16:21:00Z,2022-03-23T16:23:19Z,65,15,NA,10.051355915166278,LM,FALSE,TRUE,2.0691368512426593,LM,FALSE,TRUE
Mar_22_T1_79_BL60_stem,TRUE,tree,stem,BL60,2022-03-24,Mar2022,LGR3,B,original,FALSE,original,FALSE,FALSE,FALSE,NA,13:24:00,13:29:30,TRUE,TRUE,TRUE,TRUE,33,SN:3K60180500001584,SN:3K60180500001584,9.946000099182129,fieldlog_window,TRUE,results_trees/lgr3_manual_identification_results_additional.csv,results_trees/lgr3_manual_identification_results_additional.csv,1,2022-03-24T13:24:00Z,2022-03-24T13:29:58Z,91,0,NA,0.00386700374409251,LM,TRUE,TRUE,4.413604720017094,HM,FALSE,TRUE
Mar_22_T1_80_BL60_stem,TRUE,tree,stem,BL60,2022-03-24,Mar2022,LGR3,B,original,FALSE,original,FALSE,FALSE,FALSE,NA,13:35:30,13:40:30,TRUE,TRUE,TRUE,TRUE,30,SN:3K60180500001584,SN:3K60180500001584,9.94700002670288,fieldlog_window,TRUE,results_trees/lgr3_manual_identification_results_additional.csv,results_trees/lgr3_manual_identification_results_additional.csv,1,2022-03-24T13:35:16Z,2022-03-24T13:41:44Z,90,-14,NA,0.04196684383113617,HM,FALSE,TRUE,5.031357858321591,HM,FALSE,TRUE
Mar_22_T1_81_BL60_stem,TRUE,tree,stem,BL60,2022-03-24,Mar2022,LGR3,B,original,FALSE,original,FALSE,FALSE,FALSE,NA,14:00:00,14:05:00,TRUE,TRUE,TRUE,TRUE,30,SN:3K60180500001584,SN:3K60180500001584,9.946999788284302,fieldlog_window,TRUE,results_trees/lgr3_manual_identification_results_additional.csv,results_trees/lgr3_manual_identification_results_additional.csv,1,2022-03-24T13:59:08Z,2022-03-24T14:02:47Z,91,-52,NA,2.6702310623795733,HM,FALSE,TRUE,9.8190303863619,HM,FALSE,TRUE
Mar_22_T1_82_BL60_stem,TRUE,tree,stem,BL60,2022-03-24,Mar2022,LGR3,B,original,FALSE,original,FALSE,FALSE,FALSE,NA,14:07:30,14:12:30,TRUE,TRUE,TRUE,TRUE,30,SN:3K60180500001584,SN:3K60180500001584,9.946000099182129,fieldlog_window,TRUE,results_trees/lgr3_manual_identification_results_additional.csv,results_trees/lgr3_manual_identification_results_additional.csv,1,2022-03-24T14:07:35Z,2022-03-24T14:12:04Z,90,5,NA,6.12579020006063,HM,FALSE,TRUE,9.021870138078246,HM,FALSE,TRUE
Mar_22_T1_83_BL60_stem,TRUE,tree,stem,BL60,2022-03-24,Mar2022,LGR3,NA,original,FALSE,original,FALSE,FALSE,FALSE,NA,14:39:00,12:44:00,TRUE,TRUE,TRUE,TRUE,60,SN:3K60180500001584,SN:3K60180500001584,9.94700002670288,fieldlog_window,FALSE,NA,NA,NA,NA,NA,NA,NA,NA,NA,NA,FALSE,FALSE,NA,NA,FALSE,FALSE
Mar_22_T1_78_BL60_stem,TRUE,tree,stem,BL60,2022-03-24,Mar2022,LGR3,B,original,FALSE,original,FALSE,FALSE,FALSE,NA,15:05:30,13:13:30,TRUE,TRUE,TRUE,TRUE,60,SN:3K60180500001584,SN:3K60180500001584,9.94599986076355,fieldlog_window,TRUE,results_trees/lgr3_manual_identification_results_additional.csv,results_trees/lgr3_manual_identification_results_additional.csv,1,2022-03-24T15:08:26Z,2022-03-24T15:11:25Z,90,176,NA,59.03539683682695,HM,FALSE,TRUE,16.73664237678639,HM,FALSE,TRUE
44644_BL60_Soil_31,TRUE,surface,soil,BL60,2022-03-24,Mar2022,LGR3,Soil 8 in,original,FALSE,original,FALSE,TRUE,FALSE,Tree 30min,15:08:30,15:10:30,TRUE,TRUE,TRUE,TRUE,12,SN:3K60180500001584,SN:3K60180500001584,9.94599986076355,fieldlog_window,TRUE,results_surface/lgr3_manual_identification_results_soil.csv,results_surface/lgr3_manual_identification_results_soil.csv;results_surface/lgr3_manual_identification_results_updated.csv,2,2022-03-24T15:08:56Z,2022-03-24T15:11:25Z,90,26,NA,63.28877406622737,LM,FALSE,TRUE,10.208809460211116,LM,FALSE,TRUE
44644_BL60_Soil_32,TRUE,surface,soil,BL60,2022-03-24,Mar2022,LGR3,Soil 8 in,original,FALSE,original,FALSE,TRUE,FALSE,Tree 30min,15:13:30,15:15:30,TRUE,TRUE,TRUE,TRUE,12,SN:3K60180500001584,SN:3K60180500001584,9.94599986076355,fieldlog_window,TRUE,results_surface/lgr3_manual_identification_results_soil.csv,results_surface/lgr3_manual_identification_results_soil.csv;results_surface/lgr3_manual_identification_results_updated.csv,2,2022-03-24T15:13:24Z,2022-03-24T15:16:03Z,90,-6,NA,49.706120050215475,LM,FALSE,TRUE,6.920003252066821,LM,FALSE,TRUE
44644_BL60_Soil_33,TRUE,surface,soil,BL60,2022-03-24,Mar2022,LGR3,Soil 8 in,original,FALSE,original,FALSE,TRUE,FALSE,Tree 30min,15:18:30,15:20:30,TRUE,TRUE,TRUE,TRUE,12,SN:3K60180500001584,SN:3K60180500001584,9.94700002670288,fieldlog_window,TRUE,results_surface/lgr3_manual_identification_results_soil.csv,results_surface/lgr3_manual_identification_results_soil.csv;results_surface/lgr3_manual_identification_results_updated.csv,2,2022-03-24T15:18:32Z,2022-03-24T15:21:12Z,91,2,NA,272.6768232117429,LM,FALSE,TRUE,6.167697676541068,LM,FALSE,TRUE
44644_BL60_Soil_34,TRUE,surface,soil,BL60,2022-03-24,Mar2022,LGR3,Soil 8 in,original,FALSE,original,FALSE,TRUE,FALSE,Tree 30min,15:23:00,15:25:00,TRUE,TRUE,TRUE,TRUE,12,SN:3K60180500001584,SN:3K60180500001584,9.949000120162964,fieldlog_window,TRUE,results_surface/lgr3_manual_identification_results_soil.csv,results_surface/lgr3_manual_identification_results_soil.csv;results_surface/lgr3_manual_identification_results_updated.csv,2,2022-03-24T15:23:11Z,2022-03-24T15:25:30Z,91,11,NA,52.06957551504954,LM,FALSE,TRUE,14.20512171604979,LM,FALSE,TRUE
44644_BL60_Soil_35,TRUE,surface,soil,BL60,2022-03-24,Mar2022,LGR3,Soil 8 in,original,FALSE,original,FALSE,TRUE,FALSE,Tree 30min,15:28:30,15:30:30,TRUE,TRUE,TRUE,TRUE,12,SN:3K60180500001584,SN:3K60180500001584,9.94700002670288,fieldlog_window,TRUE,results_surface/lgr3_manual_identification_results_soil.csv,results_surface/lgr3_manual_identification_results_soil.csv;results_surface/lgr3_manual_identification_results_updated.csv,2,2022-03-24T15:28:39Z,2022-03-24T15:30:48Z,91,9,NA,57.523033195154234,LM,FALSE,TRUE,10.92790875785156,LM,FALSE,TRUE
44644_BL60_Soil_36,TRUE,surface,soil,BL60,2022-03-24,Mar2022,LGR3,Soil 8 in,original,FALSE,original,FALSE,TRUE,FALSE,Tree 30min,15:35:00,15:37:00,TRUE,TRUE,TRUE,TRUE,12,SN:3K60180500001584,SN:3K60180500001584,9.945000171661377,fieldlog_window,TRUE,results_surface/lgr3_manual_identification_results_soil.csv,results_surface/lgr3_manual_identification_results_soil.csv;results_surface/lgr3_manual_identification_results_updated.csv,2,2022-03-24T15:35:37Z,2022-03-24T15:37:16Z,90,37,NA,56.20346492681297,LM,FALSE,TRUE,10.623033289408072,LM,FALSE,TRUE
44644_BL60_Soil_37,TRUE,surface,soil,BL60,2022-03-24,Mar2022,LGR3,Soil 8 in,original,FALSE,original,FALSE,TRUE,FALSE,Tree same-day,15:41:30,15:42:30,TRUE,TRUE,TRUE,TRUE,6,SN:3K60180500001584,SN:3K60180500001584,9.948999881744385,fieldlog_window,TRUE,results_surface/lgr3_manual_identification_results_soil.csv,results_surface/lgr3_manual_identification_results_soil.csv;results_surface/lgr3_manual_identification_results_updated.csv,2,2022-03-24T15:41:45Z,2022-03-24T15:43:44Z,90,15,NA,14.815744126171918,LM,FALSE,TRUE,10.231322455309574,LM,FALSE,TRUE
44644_BL60_Soil_38,TRUE,surface,soil,BL60,2022-03-24,Mar2022,LGR3,Soil 8 in,original,FALSE,original,FALSE,TRUE,FALSE,Tree same-day,15:47:30,15:49:30,TRUE,TRUE,TRUE,TRUE,12,SN:3K60180500001584,SN:3K60180500001584,9.944999933242798,fieldlog_window,TRUE,results_surface/lgr3_manual_identification_results_soil.csv,results_surface/lgr3_manual_identification_results_soil.csv;results_surface/lgr3_manual_identification_results_updated.csv,2,2022-03-24T15:47:43Z,2022-03-24T15:49:22Z,91,13,NA,182.1224805609456,LM,FALSE,TRUE,20.81664646135375,LM,FALSE,TRUE
44644_BL60_Soil_39,TRUE,surface,soil,BL60,2022-03-24,Mar2022,LGR3,Soil 8 in,original,FALSE,original,FALSE,TRUE,FALSE,Tree same-day,15:53:30,15:55:30,TRUE,TRUE,TRUE,TRUE,12,SN:3K60180500001584,SN:3K60180500001584,9.944999933242798,fieldlog_window,TRUE,results_surface/lgr3_manual_identification_results_soil.csv,results_surface/lgr3_manual_identification_results_soil.csv;results_surface/lgr3_manual_identification_results_updated.csv,2,2022-03-24T15:53:31Z,2022-03-24T15:56:30Z,91,1,NA,5.932325804097884,LM,FALSE,TRUE,4.250999305697193,LM,FALSE,TRUE
44644_BL60_Soil_40,TRUE,surface,soil,BL60,2022-03-24,Mar2022,LGR3,Soil 8 in,original,FALSE,original,FALSE,TRUE,FALSE,Tree same-day,16:00:00,16:02:00,TRUE,TRUE,TRUE,TRUE,12,SN:3K60180500001584,SN:3K60180500001584,9.94700002670288,fieldlog_window,TRUE,results_surface/lgr3_manual_identification_results_soil.csv,results_surface/lgr3_manual_identification_results_soil.csv;results_surface/lgr3_manual_identification_results_updated.csv,2,2022-03-24T16:00:09Z,2022-03-24T16:02:28Z,91,9,NA,22.598968485885543,LM,FALSE,TRUE,12.409098769448812,LM,FALSE,TRUE
Mar_22_T1_84_BL60_pneumatophore,TRUE,tree,pneumatophore,BL60,2022-03-24,Mar2022,LGR3,NA,original,FALSE,original,FALSE,FALSE,FALSE,NA,16:41:33,NA,TRUE,FALSE,TRUE,TRUE,55,SN:3K60180500001584,SN:3K60180500001584,9.946500062942505,fieldlog_window,FALSE,NA,NA,NA,NA,NA,NA,NA,NA,NA,NA,FALSE,FALSE,NA,NA,FALSE,FALSE
Mar_22_T1_85_BL60_pneumatophore,TRUE,tree,pneumatophore,BL60,2022-03-24,Mar2022,LGR3,NA,original,FALSE,original,FALSE,FALSE,FALSE,NA,NA,NA,FALSE,FALSE,TRUE,FALSE,NA,NA,NA,9.94400006532669,analyzer_day,FALSE,NA,NA,NA,NA,NA,NA,NA,NA,NA,NA,FALSE,FALSE,NA,NA,FALSE,FALSE
Mar_22_T1_86_BL60_pneumatophore,TRUE,tree,pneumatophore,BL60,2022-03-24,Mar2022,LGR3,NA,original,FALSE,original,FALSE,FALSE,FALSE,NA,NA,NA,FALSE,FALSE,TRUE,FALSE,NA,NA,NA,9.94400006532669,analyzer_day,FALSE,NA,NA,NA,NA,NA,NA,NA,NA,NA,NA,FALSE,FALSE,NA,NA,FALSE,FALSE
44638_MI_Soil_1,TRUE,surface,soil,MI,2022-03-18,Mar2022,Picarro,Soil 8 in,original,FALSE,original,FALSE,TRUE,FALSE,Weather station,13:30:00,13:44:00,TRUE,TRUE,TRUE,FALSE,0,NA,NA,4.988250017166138,analyzer_day,TRUE,results_surface/picarro_soilwater_manual_identification_CH4_results.csv,results_surface/picarro_soilwater_manual_identification_CH4_results.csv,1,2022-03-18T20:27:08Z,2022-03-18T20:39:56Z,283,25028,NA,3.3526524118169343,LM,FALSE,FALSE,1.5096027487809245,LM,FALSE,TRUE
44638_MI_Soil_2,TRUE,surface,soil,MI,2022-03-18,Mar2022,Picarro,Soil 8 in,original,FALSE,original,FALSE,TRUE,FALSE,Weather station,13:50:00,13:52:00,TRUE,TRUE,TRUE,FALSE,0,NA,NA,4.988250017166138,analyzer_day,TRUE,results_surface/picarro_soilwater_manual_identification_CH4_results.csv,results_surface/picarro_soilwater_manual_identification_CH4_results.csv,1,2022-03-18T20:49:35Z,2022-03-18T20:52:35Z,185,25175,NA,4.482860812034769,LM,FALSE,TRUE,2.6796042639594155,LM,FALSE,TRUE
44638_MI_Soil_3,TRUE,surface,soil,MI,2022-03-18,Mar2022,Picarro,Soil 8 in,original,FALSE,original,FALSE,TRUE,FALSE,Weather station,13:54:00,13:56:00,TRUE,TRUE,TRUE,FALSE,0,NA,NA,4.988250017166138,analyzer_day,TRUE,results_surface/picarro_soilwater_manual_identification_CH4_results.csv,results_surface/picarro_soilwater_manual_identification_CH4_results.csv,1,2022-03-18T20:54:05Z,2022-03-18T20:59:36Z,185,25205,NA,2.958849903551736,LM,FALSE,TRUE,2.166999504761183,LM,FALSE,TRUE
44638_MI_Soil_4,TRUE,surface,soil,MI,2022-03-18,Mar2022,Picarro,Soil 8 in,original,FALSE,original,FALSE,TRUE,FALSE,Weather station,14:00:00,14:02:00,TRUE,TRUE,TRUE,FALSE,0,NA,NA,4.988250017166138,analyzer_day,TRUE,results_surface/picarro_soilwater_manual_identification_CH4_results.csv,results_surface/picarro_soilwater_manual_identification_CH4_results.csv,1,2022-03-18T21:00:36Z,2022-03-18T21:09:29Z,184,25236,NA,3.7870295805448015,LM,FALSE,TRUE,1.5440794419752228,LM,FALSE,TRUE
44638_MI_Soil_5,TRUE,surface,soil,MI,2022-03-18,Mar2022,Picarro,Soil 8 in,original,FALSE,original,FALSE,TRUE,FALSE,Weather station,14:12:00,14:14:00,TRUE,TRUE,TRUE,TRUE,27,none,none,4.222999930381775,fieldlog_window,TRUE,results_surface/picarro_soilwater_manual_identification_CH4_results.csv,results_surface/picarro_soilwater_manual_identification_CH4_results.csv,1,2022-03-18T21:11:09Z,2022-03-18T21:14:35Z,181,25149,NA,1.7137545430420469,LM,FALSE,TRUE,1.7140604958289212,LM,FALSE,TRUE
44638_MI_Soil_6,TRUE,surface,soil,MI,2022-03-18,Mar2022,Picarro,Soil 8 in,original,FALSE,original,FALSE,TRUE,FALSE,Weather station,14:16:00,14:18:30,TRUE,TRUE,TRUE,TRUE,36,none,none,4.200000047683716,fieldlog_window,TRUE,results_surface/picarro_soilwater_manual_identification_CH4_results.csv,results_surface/picarro_soilwater_manual_identification_CH4_results.csv,1,2022-03-18T21:16:20Z,2022-03-18T21:19:44Z,172,25220,NA,1.8302300018653048,LM,FALSE,TRUE,2.6068871870923815,LM,FALSE,TRUE
44638_MI_Soil_7,TRUE,surface,soil,MI,2022-03-18,Mar2022,Picarro,Soil 8 in,original,FALSE,original,FALSE,TRUE,FALSE,Weather station,14:23:00,14:25:00,TRUE,TRUE,TRUE,TRUE,29,none,none,4.160499930381775,fieldlog_window,TRUE,results_surface/picarro_soilwater_manual_identification_CH4_results.csv,results_surface/picarro_soilwater_manual_identification_CH4_results.csv,1,2022-03-18T21:22:45Z,2022-03-18T21:30:00Z,151,25185,NA,1.257482794063262,LM,FALSE,FALSE,3.2542311073365418,LM,FALSE,TRUE
44638_MI_Soil_8,TRUE,surface,soil,MI,2022-03-18,Mar2022,Picarro,Soil 8 in,original,FALSE,original,FALSE,TRUE,FALSE,Weather station,14:34:00,14:36:00,TRUE,TRUE,TRUE,TRUE,29,none,none,4.021499991416931,fieldlog_window,TRUE,results_surface/picarro_soilwater_manual_identification_CH4_results.csv,results_surface/picarro_soilwater_manual_identification_CH4_results.csv,1,2022-03-18T21:32:22Z,2022-03-18T21:36:28Z,140,25102,NA,0.81864806165367765,LM,FALSE,TRUE,2.53339632339943,LM,FALSE,TRUE
44638_MI_Soil_9,TRUE,surface,soil,MI,2022-03-18,Mar2022,Picarro,Soil 8 in,original,FALSE,original,FALSE,TRUE,FALSE,Weather station,14:39:00,14:41:00,TRUE,TRUE,TRUE,TRUE,30,none,none,4.026000022888184,fieldlog_window,TRUE,results_surface/picarro_soilwater_manual_identification_CH4_results.csv,results_surface/picarro_soilwater_manual_identification_CH4_results.csv,1,2022-03-18T21:39:02Z,2022-03-18T21:41:18Z,133,25202,NA,1.4819106016040242,LM,FALSE,TRUE,3.5524965024799946,LM,FALSE,TRUE
44638_MI_Soil_10,TRUE,surface,soil,MI,2022-03-18,Mar2022,Picarro,Soil 8 in,original,FALSE,original,FALSE,TRUE,FALSE,Weather station,14:44:00,14:46:00,TRUE,TRUE,TRUE,TRUE,30,none,none,4.015000104904175,fieldlog_window,TRUE,results_surface/picarro_soilwater_manual_identification_CH4_results.csv,results_surface/picarro_soilwater_manual_identification_CH4_results.csv,1,2022-03-18T21:42:45Z,2022-03-18T21:46:19Z,90,25125,NA,1.4904346058898597,LM,FALSE,TRUE,2.465807986322647,LM,FALSE,TRUE
Mar_22_T1_1_RB10_stem,TRUE,tree,stem,RB10,2022-03-19,Mar2022,Picarro,NA,original,FALSE,original,FALSE,FALSE,FALSE,NA,08:19:00,08:28:00,TRUE,TRUE,TRUE,FALSE,0,NA,NA,4.386500000953674,analyzer_day,FALSE,NA,NA,NA,NA,NA,NA,NA,NA,NA,NA,FALSE,FALSE,NA,NA,FALSE,FALSE
Mar_22_T1_2_RB10_stem,TRUE,tree,stem,RB10,2022-03-19,Mar2022,Picarro,NA,original,FALSE,original,FALSE,FALSE,FALSE,NA,08:42:00,08:48:00,TRUE,TRUE,TRUE,FALSE,0,NA,NA,4.386500000953674,analyzer_day,FALSE,NA,NA,NA,NA,NA,NA,NA,NA,NA,NA,FALSE,FALSE,NA,NA,FALSE,FALSE
Mar_22_T1_3_RB10_root,TRUE,tree,root,RB10,2022-03-19,Mar2022,Picarro,NA,original,FALSE,original,FALSE,FALSE,FALSE,NA,09:00:00,09:05:00,TRUE,TRUE,TRUE,FALSE,0,NA,NA,4.386500000953674,analyzer_day,FALSE,NA,NA,NA,NA,NA,NA,NA,NA,NA,NA,FALSE,FALSE,NA,NA,FALSE,FALSE
Mar_22_T1_4_RB10_root,TRUE,tree,root,RB10,2022-03-19,Mar2022,Picarro,NA,original,FALSE,original,FALSE,FALSE,FALSE,NA,09:07:00,09:09:00,TRUE,TRUE,TRUE,FALSE,0,NA,NA,4.386500000953674,analyzer_day,FALSE,NA,NA,NA,NA,NA,NA,NA,NA,NA,NA,FALSE,FALSE,NA,NA,FALSE,FALSE
Mar_22_T1_5_RB10_root,TRUE,tree,root,RB10,2022-03-19,Mar2022,Picarro,NA,original,FALSE,original,FALSE,FALSE,FALSE,NA,09:12:00,09:21:00,TRUE,TRUE,TRUE,FALSE,0,NA,NA,4.386500000953674,analyzer_day,FALSE,NA,NA,NA,NA,NA,NA,NA,NA,NA,NA,FALSE,FALSE,NA,NA,FALSE,FALSE
Mar_22_T1_6_RB10_stem,TRUE,tree,stem,RB10,2022-03-19,Mar2022,Picarro,NA,original,FALSE,original,FALSE,FALSE,FALSE,NA,10:04:00,10:18:00,TRUE,TRUE,TRUE,FALSE,0,NA,NA,4.386500000953674,analyzer_day,FALSE,NA,NA,NA,NA,NA,NA,NA,NA,NA,NA,FALSE,FALSE,NA,NA,FALSE,FALSE
Mar_22_T1_7_RB10_stem,TRUE,tree,stem,RB10,2022-03-19,Mar2022,Picarro,NA,original,FALSE,original,FALSE,FALSE,FALSE,NA,10:23:00,10:33:00,TRUE,TRUE,TRUE,FALSE,0,NA,NA,4.386500000953674,analyzer_day,FALSE,NA,NA,NA,NA,NA,NA,NA,NA,NA,NA,FALSE,FALSE,NA,NA,FALSE,FALSE
Mar_22_T1_8_RB10_stem,TRUE,tree,stem,RB10,2022-03-19,Mar2022,Picarro,NA,original,FALSE,original,FALSE,FALSE,FALSE,NA,10:46:00,10:56:00,TRUE,TRUE,TRUE,FALSE,0,NA,NA,4.386500000953674,analyzer_day,FALSE,NA,NA,NA,NA,NA,NA,NA,NA,NA,NA,FALSE,FALSE,NA,NA,FALSE,FALSE
Mar_22_T1_32_SRS6_stem,TRUE,tree,stem,SRS6,2022-03-22,Mar2022,Picarro,B,original,FALSE,original,FALSE,FALSE,FALSE,NA,11:46:00,11:56:00,TRUE,TRUE,TRUE,FALSE,0,NA,NA,3.1089999675750732,analyzer_day,TRUE,results_trees/picarro_manual_identification_CH4_results.csv,results_trees/picarro_manual_identification_CH4_results.csv,1,2022-03-22T18:45:43Z,2022-03-22T18:55:56Z,320,25183,NA,0.1902863503716039,HM,FALSE,FALSE,2.204957614432334,HM,FALSE,TRUE
Mar_22_T1_33_SRS6_stem,TRUE,tree,stem,SRS6,2022-03-22,Mar2022,Picarro,C,original,FALSE,original,FALSE,FALSE,FALSE,NA,12:00:00,12:07:00,TRUE,TRUE,TRUE,FALSE,0,NA,NA,3.1089999675750732,analyzer_day,TRUE,results_trees/picarro_manual_identification_CH4_results.csv,results_trees/picarro_manual_identification_CH4_results.csv,1,2022-03-22T18:58:37Z,2022-03-22T19:07:34Z,326,25117,NA,0.2969968204003792,HM,FALSE,FALSE,2.9778105897934815,LM,FALSE,TRUE
Mar_22_T1_34_SRS6_stem,TRUE,tree,stem,SRS6,2022-03-22,Mar2022,Picarro,C,original,FALSE,original,FALSE,FALSE,FALSE,NA,12:10:00,12:18:00,TRUE,TRUE,TRUE,FALSE,0,NA,NA,3.1089999675750732,analyzer_day,TRUE,results_trees/picarro_manual_identification_CH4_results.csv,results_trees/picarro_manual_identification_CH4_results.csv,1,2022-03-22T19:09:12Z,2022-03-22T19:17:54Z,331,25152,NA,0.1842618438308648,HM,FALSE,TRUE,5.499591067363382,HM,FALSE,TRUE
Mar_22_T1_35_SRS6_stem,TRUE,tree,stem,SRS6,2022-03-22,Mar2022,Picarro,C,original,FALSE,original,FALSE,FALSE,FALSE,NA,12:35:00,12:40:00,TRUE,TRUE,TRUE,FALSE,0,NA,NA,3.1089999675750732,analyzer_day,TRUE,results_trees/picarro_manual_identification_CH4_results.csv,results_trees/picarro_manual_identification_CH4_results.csv,1,2022-03-22T19:33:13Z,2022-03-22T19:41:43Z,330,25093,NA,0.8392913404152341,HM,FALSE,FALSE,6.352852071495544,HM,FALSE,TRUE
Mar_22_T1_36_SRS6_stem,TRUE,tree,stem,SRS6,2022-03-22,Mar2022,Picarro,C,original,FALSE,original,FALSE,FALSE,FALSE,NA,12:45:00,12:50:00,TRUE,TRUE,TRUE,FALSE,0,NA,NA,3.1089999675750732,analyzer_day,TRUE,results_trees/picarro_manual_identification_CH4_results.csv,results_trees/picarro_manual_identification_CH4_results.csv,1,2022-03-22T19:43:07Z,2022-03-22T19:50:44Z,326,25087,NA,0.3713078810231255,HM,FALSE,FALSE,3.5563398050734563,HM,FALSE,TRUE
Mar_22_T1_37_SRS6_stem,TRUE,tree,stem,SRS6,2022-03-22,Mar2022,Picarro,C,original,FALSE,original,FALSE,FALSE,FALSE,NA,12:55:00,13:00:00,TRUE,TRUE,TRUE,FALSE,0,NA,NA,3.1089999675750732,analyzer_day,TRUE,results_trees/picarro_manual_identification_CH4_results.csv,results_trees/picarro_manual_identification_CH4_results.csv,1,2022-03-22T19:52:36Z,2022-03-22T20:01:20Z,327,25056,NA,0.12547654316015702,HM,FALSE,TRUE,3.925587320764835,HM,FALSE,TRUE
Mar_22_T1_38_SRS6_stem,TRUE,tree,stem,SRS6,2022-03-22,Mar2022,Picarro,C,original,FALSE,original,FALSE,FALSE,FALSE,NA,13:22:00,13:27:00,TRUE,TRUE,TRUE,FALSE,0,NA,NA,3.1089999675750732,analyzer_day,TRUE,results_trees/picarro_manual_identification_CH4_results.csv,results_trees/picarro_manual_identification_CH4_results.csv,1,2022-03-22T20:17:52Z,2022-03-22T20:27:43Z,289,24952,NA,0.4959743393715058,HM,FALSE,FALSE,3.3524601685514304,HM,FALSE,TRUE
Mar_22_T1_39_SRS6_stem,TRUE,tree,stem,SRS6,2022-03-22,Mar2022,Picarro,C,original,FALSE,original,FALSE,FALSE,FALSE,NA,13:40:00,13:47:00,TRUE,TRUE,TRUE,FALSE,0,NA,NA,3.1089999675750732,analyzer_day,TRUE,results_trees/picarro_manual_identification_CH4_results.csv,results_trees/picarro_manual_identification_CH4_results.csv,1,2022-03-22T20:38:13Z,2022-03-22T20:49:39Z,213,25093,NA,0.2530447756910093,HM,FALSE,FALSE,4.456491691247714,HM,FALSE,TRUE
Mar_22_T1_52_FLM30_stem,TRUE,tree,stem,FLM30,2022-03-23,Mar2022,Picarro,C,original,FALSE,original,FALSE,FALSE,FALSE,NA,10:16:00,10:21:00,TRUE,TRUE,TRUE,FALSE,0,NA,NA,5.4042500257492065,analyzer_day,TRUE,results_trees/picarro_manual_identification_CH4_results.csv,results_trees/picarro_manual_identification_CH4_results.csv,1,2022-03-23T17:16:49Z,2022-03-23T17:24:41Z,324,25249,NA,23.766279013296305,HM,FALSE,TRUE,0.9380866516634252,HM,FALSE,TRUE
Mar_22_T1_53_FLM30_stem,TRUE,tree,stem,FLM30,2022-03-23,Mar2022,Picarro,C,original,FALSE,original,FALSE,FALSE,FALSE,NA,10:34:00,10:40:00,TRUE,TRUE,TRUE,FALSE,0,NA,NA,5.4042500257492065,analyzer_day,TRUE,results_trees/picarro_manual_identification_CH4_results.csv,results_trees/picarro_manual_identification_CH4_results.csv,1,2022-03-23T17:30:33Z,2022-03-23T17:37:49Z,333,24993,NA,0.5118587110190127,HM,FALSE,TRUE,0.7112878277115369,LM,FALSE,TRUE
Mar_22_T1_54_FLM30_stem,TRUE,tree,stem,FLM30,2022-03-23,Mar2022,Picarro,C,original,FALSE,original,FALSE,FALSE,FALSE,NA,10:48:00,10:53:00,TRUE,TRUE,TRUE,FALSE,0,NA,NA,5.4042500257492065,analyzer_day,TRUE,results_trees/picarro_manual_identification_CH4_results.csv,results_trees/picarro_manual_identification_CH4_results.csv,1,2022-03-23T17:45:26Z,2022-03-23T17:53:42Z,251,25046,NA,0.11828874471647068,HM,FALSE,TRUE,1.83946519954594,HM,FALSE,TRUE
Mar_22_T1_55_FLM30_stem,TRUE,tree,stem,FLM30,2022-03-23,Mar2022,Picarro,C,original,FALSE,original,FALSE,FALSE,FALSE,NA,11:07:00,11:16:00,TRUE,TRUE,TRUE,FALSE,0,NA,NA,5.4042500257492065,analyzer_day,TRUE,results_trees/picarro_manual_identification_CH4_results.csv,results_trees/picarro_manual_identification_CH4_results.csv,1,2022-03-23T18:07:20Z,2022-03-23T18:15:32Z,167,25220,NA,8.783283524989876,LM,FALSE,TRUE,1.1865093659378758,HM,FALSE,TRUE
Mar_22_T1_56_FLM30_stem,TRUE,tree,stem,FLM30,2022-03-23,Mar2022,Picarro,C,original,FALSE,original,FALSE,FALSE,FALSE,NA,11:22:00,11:31:00,TRUE,TRUE,TRUE,FALSE,0,NA,NA,5.4042500257492065,analyzer_day,TRUE,results_trees/picarro_manual_identification_CH4_results.csv,results_trees/picarro_manual_identification_CH4_results.csv,1,2022-03-23T18:22:27Z,2022-03-23T18:31:10Z,151,25227,NA,3.1747862378294514,HM,FALSE,TRUE,0.6482298393814139,HM,FALSE,TRUE
Mar_22_T1_57_FLM30_stem,TRUE,tree,stem,FLM30,2022-03-23,Mar2022,Picarro,C,original,FALSE,original,FALSE,FALSE,FALSE,NA,11:38:00,11:48:00,TRUE,TRUE,TRUE,FALSE,0,NA,NA,5.4042500257492065,analyzer_day,TRUE,results_trees/picarro_manual_identification_CH4_results.csv,results_trees/picarro_manual_identification_CH4_results.csv,1,2022-03-23T18:35:56Z,2022-03-23T18:47:26Z,157,25076,NA,0.1349973274359076,LM,FALSE,TRUE,0.742796758268749,HM,FALSE,TRUE
Mar_22_T1_58_FLM30_CWD,TRUE,tree,cwd,FLM30,2022-03-23,Mar2022,Picarro,NA,original,FALSE,original,FALSE,FALSE,FALSE,NA,12:14:00,12:29:00,TRUE,TRUE,TRUE,FALSE,0,NA,NA,5.4042500257492065,analyzer_day,FALSE,NA,NA,NA,NA,NA,NA,NA,NA,NA,NA,FALSE,FALSE,NA,NA,FALSE,FALSE
Mar_22_T1_60_FLM30_pneumatophore,TRUE,tree,pneumatophore,FLM30,2022-03-23,Mar2022,Picarro,NA,original,FALSE,original,FALSE,FALSE,FALSE,NA,13:11:00,13:16:00,TRUE,TRUE,TRUE,FALSE,0,NA,NA,5.4042500257492065,analyzer_day,FALSE,NA,NA,NA,NA,NA,NA,NA,NA,NA,NA,FALSE,FALSE,NA,NA,FALSE,FALSE
Mar_22_T1_61_FLM30_pneumatophore,TRUE,tree,pneumatophore,FLM30,2022-03-23,Mar2022,Picarro,NA,original,FALSE,original,FALSE,FALSE,FALSE,NA,13:21:00,13:26:00,TRUE,TRUE,TRUE,FALSE,0,NA,NA,5.4042500257492065,analyzer_day,FALSE,NA,NA,NA,NA,NA,NA,NA,NA,NA,NA,FALSE,FALSE,NA,NA,FALSE,FALSE
Mar_22_T1_59_FLM30_pneumatophore,TRUE,tree,pneumatophore,FLM30,2022-03-23,Mar2022,Picarro,NA,original,FALSE,original,FALSE,FALSE,FALSE,NA,15:54:00,12:59:00,TRUE,TRUE,TRUE,FALSE,0,NA,NA,5.4042500257492065,analyzer_day,FALSE,NA,NA,NA,NA,NA,NA,NA,NA,NA,NA,FALSE,FALSE,NA,NA,FALSE,FALSE
Mar_22_T1_69_BL60_stem,TRUE,tree,stem,BL60,2022-03-24,Mar2022,Picarro,B,original,FALSE,original,FALSE,FALSE,FALSE,NA,11:02:00,11:06:00,TRUE,TRUE,TRUE,FALSE,0,NA,NA,5.516499996185303,analyzer_day,TRUE,results_trees/picarro_manual_identification_CH4_results.csv,results_trees/picarro_manual_identification_CH4_results.csv,1,2022-03-24T18:00:38Z,2022-03-24T18:06:43Z,319,25118,NA,0.10868583761505372,HM,FALSE,TRUE,4.548466427282438,HM,FALSE,TRUE
Mar_22_T1_70_BL60_stem,TRUE,tree,stem,BL60,2022-03-24,Mar2022,Picarro,B,original,FALSE,original,FALSE,FALSE,FALSE,NA,11:10:00,11:15:00,TRUE,TRUE,TRUE,FALSE,0,NA,NA,5.516499996185303,analyzer_day,TRUE,results_trees/picarro_manual_identification_CH4_results.csv,results_trees/picarro_manual_identification_CH4_results.csv,1,2022-03-24T18:08:48Z,2022-03-24T18:15:58Z,322,25128,NA,0.09655690490694883,HM,FALSE,TRUE,4.225124082412492,HM,FALSE,TRUE
Mar_22_T1_71_BL60_stem,TRUE,tree,stem,BL60,2022-03-24,Mar2022,Picarro,NA,original,FALSE,original,FALSE,FALSE,FALSE,NA,11:42:00,11:47:00,TRUE,TRUE,TRUE,FALSE,0,NA,NA,5.516499996185303,analyzer_day,FALSE,NA,NA,NA,NA,NA,NA,NA,NA,NA,NA,FALSE,FALSE,NA,NA,FALSE,FALSE
Mar_22_T1_72_BL60_stem,TRUE,tree,stem,BL60,2022-03-24,Mar2022,Picarro,B,original,FALSE,original,FALSE,FALSE,FALSE,NA,11:53:00,11:58:00,TRUE,TRUE,TRUE,FALSE,0,NA,NA,5.516499996185303,analyzer_day,TRUE,results_trees/picarro_manual_identification_CH4_results.csv,results_trees/picarro_manual_identification_CH4_results.csv,1,2022-03-24T18:52:15Z,2022-03-24T18:58:04Z,184,25155,NA,0.24461575207256975,HM,FALSE,TRUE,2.5977834788948613,HM,FALSE,TRUE
Mar_22_T1_74_BL60_stem,TRUE,tree,stem,BL60,2022-03-24,Mar2022,Picarro,B,original,FALSE,original,FALSE,FALSE,FALSE,NA,12:04:00,12:09:14,TRUE,TRUE,TRUE,FALSE,0,NA,NA,5.516499996185303,analyzer_day,TRUE,results_trees/picarro_manual_identification_CH4_results.csv,results_trees/picarro_manual_identification_CH4_results.csv,1,2022-03-24T19:04:24Z,2022-03-24T19:11:27Z,161,25224,NA,0.08021206967913189,HM,FALSE,TRUE,3.1613702158869454,HM,FALSE,TRUE
Mar_22_T1_75_BL60_stem,TRUE,tree,stem,BL60,2022-03-24,Mar2022,Picarro,B,original,FALSE,original,FALSE,FALSE,FALSE,NA,12:18:00,12:23:00,TRUE,TRUE,TRUE,FALSE,0,NA,NA,5.516499996185303,analyzer_day,TRUE,results_trees/picarro_manual_identification_CH4_results.csv,results_trees/picarro_manual_identification_CH4_results.csv,1,2022-03-24T19:17:57Z,2022-03-24T19:25:45Z,141,25197,NA,0.14493520278847022,HM,FALSE,TRUE,3.300106855950027,HM,FALSE,TRUE
Mar_22_T1_63_BL60_stem,TRUE,tree,stem,BL60,2022-03-24,Mar2022,Picarro,B,original,FALSE,original,FALSE,FALSE,FALSE,NA,12:32:00,13:36:00,TRUE,TRUE,TRUE,FALSE,0,NA,NA,5.516499996185303,analyzer_day,TRUE,results_trees/picarro_manual_identification_CH4_results.csv,results_trees/picarro_manual_identification_CH4_results.csv,1,2022-03-24T19:35:42Z,2022-03-24T19:42:13Z,140,25422,NA,20.046366161544036,HM,FALSE,TRUE,4.22983696066557,HM,FALSE,TRUE
Mar_22_T1_76_BL60_root,TRUE,tree,root,BL60,2022-03-24,Mar2022,Picarro,NA,original,FALSE,original,FALSE,FALSE,FALSE,NA,12:37:00,12:42:00,TRUE,TRUE,TRUE,FALSE,0,NA,NA,5.516499996185303,analyzer_day,FALSE,NA,NA,NA,NA,NA,NA,NA,NA,NA,NA,FALSE,FALSE,NA,NA,FALSE,FALSE
Mar_22_T1_77_BL60_stem,TRUE,tree,stem,BL60,2022-03-24,Mar2022,Picarro,B,original,FALSE,original,FALSE,FALSE,FALSE,NA,12:56:00,13:01:00,TRUE,TRUE,TRUE,FALSE,0,NA,NA,5.516499996185303,analyzer_day,TRUE,results_trees/picarro_manual_identification_CH4_results.csv,results_trees/picarro_manual_identification_CH4_results.csv,1,2022-03-24T19:54:49Z,2022-03-24T20:04:19Z,148,25129,NA,0.2671070178587574,HM,FALSE,TRUE,2.196306297352199,HM,FALSE,TRUE
Mar_22_T1_73_BL60_stem,TRUE,tree,stem,BL60,2022-03-24,Mar2022,Picarro,NA,original,FALSE,original,FALSE,FALSE,FALSE,NA,13:01:00,13:14:00,TRUE,TRUE,TRUE,FALSE,0,NA,NA,5.516499996185303,analyzer_day,FALSE,NA,NA,NA,NA,NA,NA,NA,NA,NA,NA,FALSE,FALSE,NA,NA,FALSE,FALSE
Mar_22_T1_62_BL60_stem,TRUE,tree,stem,BL60,2022-03-24,Mar2022,Picarro,NA,original,FALSE,original,FALSE,FALSE,FALSE,NA,13:22:00,13:26:00,TRUE,TRUE,TRUE,FALSE,0,NA,NA,5.516499996185303,analyzer_day,FALSE,NA,NA,NA,NA,NA,NA,NA,NA,NA,NA,FALSE,FALSE,NA,NA,FALSE,FALSE
Mar_22_T1_64_BL60_stem,TRUE,tree,stem,BL60,2022-03-24,Mar2022,Picarro,B,original,FALSE,original,FALSE,FALSE,FALSE,NA,13:40:00,13:44:00,TRUE,TRUE,TRUE,FALSE,0,NA,NA,5.516499996185303,analyzer_day,TRUE,results_trees/picarro_manual_identification_CH4_results.csv,results_trees/picarro_manual_identification_CH4_results.csv,1,2022-03-24T20:40:24Z,2022-03-24T20:49:39Z,189,25224,NA,0.08115332481680453,LM,FALSE,TRUE,-1.2139696388000207,LM,FALSE,TRUE
Mar_22_T1_65_BL60_stem,TRUE,tree,stem,BL60,2022-03-24,Mar2022,Picarro,B,original,FALSE,original,FALSE,FALSE,FALSE,NA,13:50:00,12:54:00,TRUE,TRUE,TRUE,FALSE,0,NA,NA,5.516499996185303,analyzer_day,TRUE,results_trees/picarro_manual_identification_CH4_results.csv,results_trees/picarro_manual_identification_CH4_results.csv,1,2022-03-24T20:47:29Z,2022-03-24T20:54:07Z,192,25049,NA,0.3224638870018608,HM,FALSE,TRUE,4.3932983569277315,HM,FALSE,TRUE
Mar_22_T1_66_BL60_stem,TRUE,tree,stem,BL60,2022-03-24,Mar2022,Picarro,B,original,FALSE,original,FALSE,FALSE,FALSE,NA,14:00:00,14:05:00,TRUE,TRUE,TRUE,FALSE,0,NA,NA,5.516499996185303,analyzer_day,TRUE,results_trees/picarro_manual_identification_CH4_results.csv,results_trees/picarro_manual_identification_CH4_results.csv,1,2022-03-24T20:58:36Z,2022-03-24T21:09:59Z,194,25116,NA,1.6927683110644576,HM,FALSE,FALSE,1.0886870139674971,LM,FALSE,TRUE
Mar_22_T1_67_BL60_stem,TRUE,tree,stem,BL60,2022-03-24,Mar2022,Picarro,B,original,FALSE,original,FALSE,FALSE,FALSE,NA,14:18:30,14:23:30,TRUE,TRUE,TRUE,FALSE,0,NA,NA,5.516499996185303,analyzer_day,TRUE,results_trees/picarro_manual_identification_CH4_results.csv,results_trees/picarro_manual_identification_CH4_results.csv,1,2022-03-24T21:17:58Z,2022-03-24T21:24:44Z,173,25168,NA,1.0111875621551416,HM,FALSE,TRUE,1.9430483449801577,HM,FALSE,TRUE
Mar_22_T1_68_BL60_stem,TRUE,tree,stem,BL60,2022-03-24,Mar2022,Picarro,B,original,FALSE,original,FALSE,FALSE,FALSE,NA,14:27:30,14:32:30,TRUE,TRUE,TRUE,FALSE,0,NA,NA,5.516499996185303,analyzer_day,TRUE,results_trees/picarro_manual_identification_CH4_results.csv,results_trees/picarro_manual_identification_CH4_results.csv,1,2022-03-24T21:27:00Z,2022-03-24T21:33:34Z,123,25170,NA,3.889522132296389,HM,FALSE,TRUE,3.4851799471526927,HM,FALSE,TRUE
LGR1_2023-03-18_FLM30_P01,TRUE,surface,water,FLM30,2023-03-18,Mar2023,LGR1,NA,ebullition_added_placement,FALSE,ebullition_reprocessing,FALSE,FALSE,FALSE,NA,11:01:02,11:11:02,TRUE,TRUE,TRUE,TRUE,603,SN:3K60180500001585,SN:3K60180500001585,0.9940001964569092,fieldlog_window,FALSE,NA,NA,NA,NA,NA,NA,NA,ebullition/placements_summary.csv,4.100213584544058,HM,FALSE,FALSE,NA,NA,NA,NA
45003_FLM30_Water_145,TRUE,surface,water,FLM30,2023-03-18,Mar2023,LGR1,Floating 8 in,original,FALSE,original,FALSE,FALSE,FALSE,Tree 30min,11:03:00,NA,TRUE,FALSE,TRUE,TRUE,604,SN:3K60180500001585,SN:3K60180500001585,0.9939999580383301,fieldlog_window,TRUE,results_surface/lgr1_manual_identification_results.csv,results_surface/lgr1_manual_identification_results.csv,1,2023-03-18T11:02:46Z,2023-03-18T11:12:53Z,906,-14,NA,3.7740342282827655,HM,FALSE,FALSE,0.4955750044820704,HM,FALSE,FALSE
LGR1_2023-03-18_FLM30_P02,TRUE,surface,water,FLM30,2023-03-18,Mar2023,LGR1,NA,ebullition_added_placement,FALSE,ebullition_reprocessing,FALSE,FALSE,FALSE,NA,11:11:03,11:21:02,TRUE,TRUE,TRUE,TRUE,602,SN:3K60180500001585,SN:3K60180500001585,0.9939999580383301,fieldlog_window,FALSE,NA,NA,NA,NA,NA,NA,NA,ebullition/placements_summary.csv,2.2913056841089965,HM,FALSE,FALSE,NA,NA,NA,NA
LGR1_2023-03-18_FLM30_P03,TRUE,surface,water,FLM30,2023-03-18,Mar2023,LGR1,NA,ebullition_added_placement,FALSE,ebullition_reprocessing,FALSE,FALSE,FALSE,NA,11:21:03,11:31:01,TRUE,TRUE,TRUE,TRUE,602,SN:3K60180500001585,SN:3K60180500001585,0.994999885559082,fieldlog_window,FALSE,NA,NA,NA,NA,NA,NA,NA,ebullition/placements_summary.csv,2.438335430262698,HM,FALSE,FALSE,NA,NA,NA,NA
LGR1_2023-03-18_FLM30_P04,TRUE,surface,water,FLM30,2023-03-18,Mar2023,LGR1,NA,ebullition_added_placement,FALSE,ebullition_reprocessing,FALSE,FALSE,FALSE,NA,11:31:02,11:41:02,TRUE,TRUE,TRUE,TRUE,603,SN:3K60180500001585,SN:3K60180500001585,0.9940001964569092,fieldlog_window,FALSE,NA,NA,NA,NA,NA,NA,NA,ebullition/placements_summary.csv,2.360919643570087,HM,FALSE,FALSE,NA,NA,NA,NA
LGR1_2023-03-18_FLM30_P05,TRUE,surface,water,FLM30,2023-03-18,Mar2023,LGR1,NA,ebullition_added_placement,FALSE,ebullition_reprocessing,FALSE,FALSE,FALSE,NA,11:41:03,11:51:02,TRUE,TRUE,TRUE,TRUE,602,SN:3K60180500001585,SN:3K60180500001585,0.994999885559082,fieldlog_window,FALSE,NA,NA,NA,NA,NA,NA,NA,ebullition/placements_summary.csv,3.0382638506563047,HM,FALSE,FALSE,NA,NA,NA,NA
LGR1_2023-03-18_FLM30_P06,TRUE,surface,water,FLM30,2023-03-18,Mar2023,LGR1,NA,ebullition_added_placement,FALSE,ebullition_reprocessing,FALSE,FALSE,FALSE,NA,11:51:03,12:01:02,TRUE,TRUE,TRUE,TRUE,602,SN:3K60180500001585,SN:3K60180500001585,0.994999885559082,fieldlog_window,FALSE,NA,NA,NA,NA,NA,NA,NA,ebullition/placements_summary.csv,1.6169776804288658,HM,FALSE,FALSE,NA,NA,NA,NA
LGR1_2023-03-18_FLM30_P07,TRUE,surface,water,FLM30,2023-03-18,Mar2023,LGR1,NA,ebullition_added_placement,FALSE,ebullition_reprocessing,FALSE,FALSE,FALSE,NA,12:01:03,12:11:01,TRUE,TRUE,TRUE,TRUE,602,SN:3K60180500001585,SN:3K60180500001585,0.9940001964569092,fieldlog_window,FALSE,NA,NA,NA,NA,NA,NA,NA,ebullition/placements_summary.csv,2.4497895823290636,HM,FALSE,FALSE,NA,NA,NA,NA
LGR1_2023-03-18_FLM30_P08,TRUE,surface,water,FLM30,2023-03-18,Mar2023,LGR1,NA,ebullition_added_placement,FALSE,ebullition_reprocessing,FALSE,FALSE,FALSE,NA,12:11:02,12:21:02,TRUE,TRUE,TRUE,TRUE,603,SN:3K60180500001585,SN:3K60180500001585,0.994999885559082,fieldlog_window,FALSE,NA,NA,NA,NA,NA,NA,NA,ebullition/placements_summary.csv,1.49738611804909,HM,FALSE,FALSE,NA,NA,NA,NA
LGR1_2023-03-18_FLM30_P09,TRUE,surface,water,FLM30,2023-03-18,Mar2023,LGR1,NA,ebullition_added_placement,FALSE,ebullition_reprocessing,FALSE,FALSE,FALSE,NA,12:24:10,12:27:47,TRUE,TRUE,TRUE,TRUE,218,SN:3K60180500001585,SN:3K60180500001585,0.9939999580383301,fieldlog_window,FALSE,NA,NA,NA,NA,NA,NA,NA,ebullition/placements_summary.csv,11.166579321918055,HM,FALSE,FALSE,NA,NA,NA,NA
LGR1_2023-03-18_FLM30_P10,TRUE,surface,water,FLM30,2023-03-18,Mar2023,LGR1,NA,ebullition_added_placement,FALSE,ebullition_reprocessing,FALSE,FALSE,FALSE,NA,12:28:31,12:32:35,TRUE,TRUE,TRUE,TRUE,246,SN:3K60180500001585,SN:3K60180500001585,0.9939999580383301,fieldlog_window,FALSE,NA,NA,NA,NA,NA,NA,NA,ebullition/placements_summary.csv,15.925436414177543,HM,FALSE,FALSE,NA,NA,NA,NA
LGR1_2023-03-18_FLM30_P11,TRUE,surface,water,FLM30,2023-03-18,Mar2023,LGR1,NA,ebullition_added_placement,FALSE,ebullition_reprocessing,FALSE,FALSE,FALSE,NA,12:33:56,12:43:56,TRUE,TRUE,TRUE,TRUE,603,SN:3K60180500001585,SN:3K60180500001585,0.994999885559082,fieldlog_window,FALSE,NA,NA,NA,NA,NA,NA,NA,ebullition/placements_summary.csv,8.36913842313874,HM,FALSE,FALSE,NA,NA,NA,NA
45003_FLM30_Water_147,TRUE,surface,water,FLM30,2023-03-18,Mar2023,LGR1,Floating 8 in,ebullition_partitioned,FALSE,original,FALSE,FALSE,FALSE,Tree 30min,12:47:00,12:50:00,TRUE,TRUE,TRUE,TRUE,181,SN:3K60180500001585,SN:3K60180500001585,0.994499921798706,fieldlog_window,TRUE,results_surface/lgr1_manual_identification_results.csv,results_surface/lgr1_manual_identification_results.csv,1,2023-03-18T12:42:02Z,2023-03-18T12:50:47Z,906,-298,ebullition/placements_summary.csv,7.236624697348368,LM,FALSE,TRUE,0.3913838442093799,HM,FALSE,FALSE
45003_FLM30_Water_148,TRUE,surface,water,FLM30,2023-03-18,Mar2023,LGR1,Floating 8 in,ebullition_partitioned,FALSE,original,FALSE,FALSE,FALSE,Tree 30min,12:55:00,12:58:00,TRUE,TRUE,TRUE,TRUE,181,SN:3K60180500001585,SN:3K60180500001585,0.994999885559082,fieldlog_window,TRUE,results_surface/lgr1_manual_identification_results.csv,results_surface/lgr1_manual_identification_results.csv,1,2023-03-18T12:54:31Z,2023-03-18T12:58:17Z,906,-29,ebullition/placements_summary.csv,5.287707599884525,HM,FALSE,FALSE,0.3216070534173941,HM,FALSE,TRUE
45003_FLM30_Water_149,TRUE,surface,water,FLM30,2023-03-18,Mar2023,LGR1,Floating 8 in,ebullition_partitioned,FALSE,original,FALSE,FALSE,FALSE,Tree 30min,13:01:00,13:04:00,TRUE,TRUE,TRUE,TRUE,181,SN:3K60180500001585,SN:3K60180500001585,0.9945000410079956,fieldlog_window,TRUE,results_surface/lgr1_manual_identification_results.csv,results_surface/lgr1_manual_identification_results.csv,1,2023-03-18T12:59:59Z,2023-03-18T13:09:11Z,906,-61,ebullition/placements_summary.csv,8.857010395257157,HM,FALSE,TRUE,0.48830829833892825,HM,FALSE,FALSE
45003_FLM30_Water_150,TRUE,surface,water,FLM30,2023-03-18,Mar2023,LGR1,Floating 8 in,original,FALSE,original,FALSE,FALSE,FALSE,Tree 30min,13:05:00,13:08:00,TRUE,TRUE,TRUE,TRUE,181,SN:3K60180500001585,SN:3K60180500001585,0.994999885559082,fieldlog_window,TRUE,results_surface/lgr1_manual_identification_results.csv,results_surface/lgr1_manual_identification_results.csv,1,2023-03-18T13:00:16Z,2023-03-18T13:09:23Z,906,-284,NA,7.819035701726688,HM,FALSE,TRUE,0.49785249452051705,HM,FALSE,FALSE
45003_FLM30_Water_151,TRUE,surface,water,FLM30,2023-03-18,Mar2023,LGR1,Floating 8 in,ebullition_partitioned,FALSE,original,FALSE,FALSE,FALSE,Tree 30min,13:12:00,13:15:00,TRUE,TRUE,TRUE,TRUE,181,SN:3K60180500001585,SN:3K60180500001585,0.994999885559082,fieldlog_window,TRUE,results_surface/lgr1_manual_identification_results.csv,results_surface/lgr1_manual_identification_results.csv,1,2023-03-18T13:11:36Z,2023-03-18T13:16:15Z,906,-24,ebullition/placements_summary.csv,8.644581011132495,LM,FALSE,TRUE,0.47768056078268534,HM,FALSE,FALSE
45003_FLM30_Water_152,TRUE,surface,water,FLM30,2023-03-18,Mar2023,LGR1,Floating 8 in,ebullition_partitioned,FALSE,original,FALSE,FALSE,FALSE,Tree 30min,13:21:00,13:24:00,TRUE,TRUE,TRUE,TRUE,181,SN:3K60180500001585,SN:3K60180500001585,0.994999885559082,fieldlog_window,TRUE,results_surface/lgr1_manual_identification_results.csv,results_surface/lgr1_manual_identification_results.csv,1,2023-03-18T13:20:15Z,2023-03-18T13:24:13Z,906,-45,ebullition/placements_summary.csv,7.554408077710382,HM,FALSE,FALSE,0.3863087241181033,HM,FALSE,TRUE
45003_FLM30_Water_153,TRUE,surface,water,FLM30,2023-03-18,Mar2023,LGR1,Floating 8 in,ebullition_partitioned,FALSE,original,FALSE,FALSE,FALSE,Tree 30min,13:27:00,13:33:00,TRUE,TRUE,TRUE,TRUE,362,SN:3K60180500001585,SN:3K60180500001585,0.994999885559082,fieldlog_window,TRUE,results_surface/lgr1_manual_identification_results.csv,results_surface/lgr1_manual_identification_results.csv,1,2023-03-18T13:25:40Z,2023-03-18T13:31:50Z,906,-80,ebullition/placements_summary.csv,5.647488260977649,LM,FALSE,TRUE,0.46306588500045454,LM,FALSE,TRUE
45003_FLM30_Water_154,TRUE,surface,water,FLM30,2023-03-18,Mar2023,LGR1,Floating 8 in,ebullition_partitioned,FALSE,original,FALSE,FALSE,FALSE,Tree 30min,13:36:00,14:06:00,TRUE,TRUE,TRUE,TRUE,1810,SN:3K60180500001585,SN:3K60180500001585,0.9940001964569092,fieldlog_window,TRUE,results_surface/lgr1_manual_identification_results.csv,results_surface/lgr1_manual_identification_results.csv,1,2023-03-18T13:35:33Z,2023-03-18T13:45:41Z,906,-27,ebullition/placements_summary.csv,5.12689280297244,HM,FALSE,FALSE,0.6634383388358196,LM,FALSE,TRUE
LGR1_2023-03-18_FLM30_P19,TRUE,surface,water,FLM30,2023-03-18,Mar2023,LGR1,NA,ebullition_added_placement,FALSE,ebullition_reprocessing,FALSE,FALSE,FALSE,NA,13:44:10,13:54:09,TRUE,TRUE,TRUE,TRUE,602,SN:3K60180500001585,SN:3K60180500001585,0.9940001964569092,fieldlog_window,FALSE,NA,NA,NA,NA,NA,NA,NA,ebullition/placements_summary.csv,4.107402994187669,HM,FALSE,FALSE,NA,NA,NA,NA
LGR1_2023-03-18_FLM30_P20,TRUE,surface,water,FLM30,2023-03-18,Mar2023,LGR1,NA,ebullition_added_placement,FALSE,ebullition_reprocessing,FALSE,FALSE,FALSE,NA,13:54:10,14:04:09,TRUE,TRUE,TRUE,TRUE,602,SN:3K60180500001585,SN:3K60180500001585,0.9939999580383301,fieldlog_window,FALSE,NA,NA,NA,NA,NA,NA,NA,ebullition/placements_summary.csv,4.926866405636018,HM,FALSE,FALSE,NA,NA,NA,NA
LGR1_2023-03-18_FLM30_P21,TRUE,surface,water,FLM30,2023-03-18,Mar2023,LGR1,NA,ebullition_added_placement,FALSE,ebullition_reprocessing,FALSE,FALSE,FALSE,NA,14:04:10,14:05:53,TRUE,TRUE,TRUE,TRUE,104,SN:3K60180500001585,SN:3K60180500001585,0.994999885559082,fieldlog_window,FALSE,NA,NA,NA,NA,NA,NA,NA,ebullition/placements_summary.csv,3.7426523460195114,HM,FALSE,FALSE,NA,NA,NA,NA
45003_FLM30_Water_155,TRUE,surface,water,FLM30,2023-03-18,Mar2023,LGR1,Floating 8 in,ebullition_partitioned,FALSE,original,FALSE,FALSE,FALSE,Tree 30min,14:09:00,14:19:00,TRUE,TRUE,TRUE,TRUE,603,SN:3K60180500001585,SN:3K60180500001585,0.994999885559082,fieldlog_window,TRUE,results_surface/lgr1_manual_identification_results.csv,results_surface/lgr1_manual_identification_results.csv,1,2023-03-18T14:08:18Z,2023-03-18T14:18:53Z,906,-42,ebullition/placements_summary.csv,5.3059395395503985,HM,FALSE,FALSE,0.6880514258588405,HM,FALSE,FALSE
LGR1_2023-03-18_FLM30_P23,TRUE,surface,water,FLM30,2023-03-18,Mar2023,LGR1,NA,ebullition_added_placement,FALSE,ebullition_reprocessing,FALSE,FALSE,FALSE,NA,14:17:11,14:20:18,TRUE,TRUE,TRUE,TRUE,188,SN:3K60180500001585,SN:3K60180500001585,0.9940001964569092,fieldlog_window,FALSE,NA,NA,NA,NA,NA,NA,NA,ebullition/placements_summary.csv,4.363816104279778,HM,FALSE,FALSE,NA,NA,NA,NA
45003_FLM30_Water_156,TRUE,surface,water,FLM30,2023-03-18,Mar2023,LGR1,Floating 8 in,ebullition_partitioned,FALSE,original,FALSE,FALSE,FALSE,Tree 30min,14:24:00,14:39:00,TRUE,TRUE,TRUE,TRUE,904,SN:3K60180500001585,SN:3K60180500001585,0.9940001964569092,fieldlog_window,TRUE,results_surface/lgr1_manual_identification_results.csv,results_surface/lgr1_manual_identification_results.csv,1,2023-03-18T14:22:26Z,2023-03-18T14:33:52Z,905,-94,ebullition/placements_summary.csv,8.35986728397571,HM,FALSE,TRUE,0.7624873983006684,HM,FALSE,FALSE
LGR1_2023-03-18_FLM30_P25,TRUE,surface,water,FLM30,2023-03-18,Mar2023,LGR1,NA,ebullition_added_placement,FALSE,ebullition_reprocessing,FALSE,FALSE,FALSE,NA,14:31:20,14:40:58,TRUE,TRUE,TRUE,TRUE,581,SN:3K60180500001585,SN:3K60180500001585,0.994999885559082,fieldlog_window,FALSE,NA,NA,NA,NA,NA,NA,NA,ebullition/placements_summary.csv,4.914507008369543,HM,FALSE,FALSE,NA,NA,NA,NA
45003_FLM30_Water_146,TRUE,surface,water,FLM30,2023-03-18,Mar2023,LGR1,Floating 8 in,rescued,FALSE,rescued,FALSE,FALSE,FALSE,Failed datetime,NA,NA,FALSE,FALSE,TRUE,FALSE,NA,NA,NA,0.994999885559082,analyzer_day,TRUE,rescue/lgr1_manual_identification_results.csv,rescue/lgr1_manual_identification_results.csv;rescue/lgr1_manual_identification_results_rescue.csv,2,2023-03-18T11:56:29Z,2023-03-18T12:09:02Z,906,NA,NA,1.8604540849601656,LM,FALSE,TRUE,0.10074685684101828,HM,FALSE,TRUE
Mar_23_298_BL60_leaves,TRUE,tree,leaves,BL60,2023-03-19,Mar2023,LGR1,LB,original,FALSE,original,FALSE,FALSE,FALSE,NA,10:00:00,10:03:00,TRUE,TRUE,TRUE,TRUE,181,SN:3K60180500001585,SN:3K60180500001585,0.9945000410079956,fieldlog_window,TRUE,results_trees/lgr1_manual_identification_results.csv,results_trees/lgr1_manual_identification_results.csv,1,2023-03-19T09:55:32Z,2023-03-19T10:04:56Z,906,-268,NA,0.00400245782321616,LM,TRUE,TRUE,-0.959210756109229,LM,FALSE,TRUE
Mar_23_299_BL60_leaves,TRUE,tree,leaves,BL60,2023-03-19,Mar2023,LGR1,LB,original,FALSE,original,FALSE,FALSE,FALSE,NA,10:40:00,10:43:00,TRUE,TRUE,TRUE,TRUE,181,SN:3K60180500001585,SN:3K60180500001585,0.9940000772476196,fieldlog_window,TRUE,results_trees/lgr1_manual_identification_results.csv,results_trees/lgr1_manual_identification_results.csv,1,2023-03-19T10:39:25Z,2023-03-19T10:44:27Z,906,-35,NA,0.00640311428646614,LM,TRUE,TRUE,-0.16099237018630214,HM,FALSE,TRUE
Mar_23_300_BL60_leaves,TRUE,tree,leaves,BL60,2023-03-19,Mar2023,LGR1,LB,original,FALSE,original,FALSE,FALSE,FALSE,NA,11:16:00,11:20:00,TRUE,TRUE,TRUE,TRUE,241,SN:3K60180500001585,SN:3K60180500001585,0.994999885559082,fieldlog_window,TRUE,results_trees/lgr1_manual_identification_results.csv,results_trees/lgr1_manual_identification_results.csv,1,2023-03-19T11:15:31Z,2023-03-19T11:19:50Z,906,-29,NA,-0.02521553450529741,LM,FALSE,TRUE,-0.2707929282263174,HM,FALSE,TRUE
Mar_23_301_BL60_leaves,TRUE,tree,leaves,BL60,2023-03-19,Mar2023,LGR1,LB,original,FALSE,original,FALSE,FALSE,FALSE,NA,11:28:00,11:31:00,TRUE,TRUE,TRUE,TRUE,181,SN:3K60180500001585,SN:3K60180500001585,0.994999885559082,fieldlog_window,TRUE,results_trees/lgr1_manual_identification_results.csv,results_trees/lgr1_manual_identification_results.csv,1,2023-03-19T11:25:54Z,2023-03-19T11:30:09Z,906,-126,NA,-0.01334504031260862,HM,FALSE,TRUE,-1.489618675182263,HM,FALSE,TRUE
Mar_23_302_BL60_leaves,TRUE,tree,leaves,BL60,2023-03-19,Mar2023,LGR1,LB,original,FALSE,original,FALSE,FALSE,FALSE,NA,12:21:00,12:24:00,TRUE,TRUE,TRUE,TRUE,181,SN:3K60180500001585,SN:3K60180500001585,0.994999885559082,fieldlog_window,TRUE,results_trees/lgr1_manual_identification_results.csv,results_trees/lgr1_manual_identification_results.csv,1,2023-03-19T12:20:57Z,2023-03-19T12:24:30Z,906,-3,NA,0.00655666223877614,LM,TRUE,TRUE,-1.966168545383473,LM,FALSE,TRUE
Mar_23_303_BL60_leaves,TRUE,tree,leaves,BL60,2023-03-19,Mar2023,LGR1,LB,original,FALSE,original,FALSE,FALSE,FALSE,NA,12:26:00,12:29:00,TRUE,TRUE,TRUE,TRUE,181,SN:3K60180500001585,SN:3K60180500001585,0.9940001964569092,fieldlog_window,TRUE,results_trees/lgr1_manual_identification_results.csv,results_trees/lgr1_manual_identification_results.csv,1,2023-03-19T12:25:03Z,2023-03-19T12:28:43Z,906,-57,NA,0.00788390800664379,LM,TRUE,TRUE,0.2630983165137844,HM,FALSE,FALSE
Mar_23_304_BL60_leaves,TRUE,tree,leaves,BL60,2023-03-19,Mar2023,LGR1,LB,original,FALSE,original,FALSE,FALSE,FALSE,NA,12:45:00,12:48:00,TRUE,TRUE,TRUE,TRUE,181,SN:3K60180500001585,SN:3K60180500001585,0.9945000410079956,fieldlog_window,TRUE,results_trees/lgr1_manual_identification_results.csv,results_trees/lgr1_manual_identification_results.csv,1,2023-03-19T12:42:46Z,2023-03-19T12:49:21Z,905,-134,NA,0.0249597125779382,HM,FALSE,TRUE,-5.1828184101329535,HM,FALSE,TRUE
Mar_23_305_BL60_leaves,TRUE,tree,leaves,BL60,2023-03-19,Mar2023,LGR1,LB,original,FALSE,original,FALSE,FALSE,FALSE,NA,12:50:30,12:53:30,TRUE,TRUE,TRUE,TRUE,181,SN:3K60180500001585,SN:3K60180500001585,0.994999885559082,fieldlog_window,TRUE,results_trees/lgr1_manual_identification_results.csv,results_trees/lgr1_manual_identification_results.csv,1,2023-03-19T12:49:58Z,2023-03-19T12:53:28Z,906,-32,NA,-0.00720618529231516,HM,TRUE,TRUE,0.5606807734893257,HM,FALSE,TRUE
Mar_23_306_BL60_leaves,TRUE,tree,leaves,BL60,2023-03-19,Mar2023,LGR1,LB,original,FALSE,original,FALSE,FALSE,FALSE,NA,13:09:00,13:11:00,TRUE,TRUE,TRUE,TRUE,121,SN:3K60180500001585,SN:3K60180500001585,0.9939999580383301,fieldlog_window,TRUE,results_trees/lgr1_manual_identification_results.csv,results_trees/lgr1_manual_identification_results.csv,1,2023-03-19T13:09:04Z,2023-03-19T13:11:29Z,906,4,NA,-0.01618458011477975,HM,TRUE,TRUE,-1.3294013022328632,HM,FALSE,FALSE
Mar_23_307_BL60_leaves,TRUE,tree,leaves,BL60,2023-03-19,Mar2023,LGR1,LB,original,FALSE,original,FALSE,FALSE,FALSE,NA,13:26:00,13:29:00,TRUE,TRUE,TRUE,TRUE,181,SN:3K60180500001585,SN:3K60180500001585,0.994999885559082,fieldlog_window,TRUE,results_trees/lgr1_manual_identification_results.csv,results_trees/lgr1_manual_identification_results.csv,1,2023-03-19T13:25:55Z,2023-03-19T13:29:55Z,906,-5,NA,0.06744031183433079,LM,FALSE,TRUE,-4.616874801226017,HM,FALSE,TRUE
Mar_23_308_BL60_leaves,TRUE,tree,leaves,BL60,2023-03-19,Mar2023,LGR1,LB,original,FALSE,original,FALSE,FALSE,FALSE,NA,13:32:30,13:35:30,TRUE,TRUE,TRUE,TRUE,181,SN:3K60180500001585,SN:3K60180500001585,0.9939999580383301,fieldlog_window,TRUE,results_trees/lgr1_manual_identification_results.csv,results_trees/lgr1_manual_identification_results.csv,1,2023-03-19T13:32:33Z,2023-03-19T13:35:57Z,906,3,NA,0.0249739275073683,LM,TRUE,TRUE,0.9564020124975962,HM,FALSE,TRUE
Mar_23_309_BL60_leaves,TRUE,tree,leaves,BL60,2023-03-19,Mar2023,LGR1,LB,original,FALSE,original,FALSE,FALSE,FALSE,NA,13:39:00,13:40:00,TRUE,TRUE,TRUE,TRUE,60,SN:3K60180500001585,SN:3K60180500001585,0.9939999580383301,fieldlog_window,TRUE,results_trees/lgr1_manual_identification_results.csv,results_trees/lgr1_manual_identification_results.csv,1,2023-03-19T13:38:49Z,2023-03-19T13:42:55Z,906,-11,NA,0.07066799542628237,HM,FALSE,TRUE,-2.9396512435868996,LM,FALSE,TRUE
Mar_23_311_BL60_leaves,TRUE,tree,leaves,BL60,2023-03-19,Mar2023,LGR1,LB,original,FALSE,original,FALSE,FALSE,FALSE,NA,14:30:00,14:33:00,TRUE,TRUE,TRUE,TRUE,181,SN:3K60180500001585,SN:3K60180500001585,0.994999885559082,fieldlog_window,TRUE,results_trees/lgr1_manual_identification_results.csv,results_trees/lgr1_manual_identification_results.csv,1,2023-03-19T14:30:06Z,2023-03-19T14:34:57Z,636,6,NA,0.01880165093447625,HM,FALSE,TRUE,-0.03514618777883567,LM,FALSE,TRUE
Mar_23_312_BL60_leaves,TRUE,tree,leaves,BL60,2023-03-19,Mar2023,LGR1,LB,original,FALSE,original,FALSE,FALSE,FALSE,NA,14:34:30,14:37:30,TRUE,TRUE,TRUE,TRUE,63,SN:3K60180500001585,SN:3K60180500001585,0.9950001239776611,fieldlog_window,TRUE,results_trees/lgr1_manual_identification_results.csv,results_trees/lgr1_manual_identification_results.csv,1,2023-03-19T14:31:02Z,2023-03-19T14:34:28Z,365,-208,NA,0.01969205371324258,HM,FALSE,TRUE,-0.03779220374883637,LM,FALSE,TRUE
Mar_23_291_SRS6_stem,TRUE,tree,stem,SRS6,2023-03-10,Mar2023,LGR2,C,original,FALSE,original,FALSE,FALSE,FALSE,NA,14:19:49,14:22:49,TRUE,TRUE,TRUE,TRUE,181,SN:3K60180500001583,SN:3K60180500001583,0.9950000047683716,fieldlog_window,FALSE,NA,NA,NA,NA,NA,NA,NA,NA,0.2935367317244783,HM,FALSE,FALSE,1.8673727851306088,HM,FALSE,FALSE
Mar_23_292_SRS6_stem,TRUE,tree,stem,SRS6,2023-03-10,Mar2023,LGR2,C,original,FALSE,original,FALSE,FALSE,FALSE,NA,14:30:39,14:33:39,TRUE,TRUE,TRUE,TRUE,181,SN:3K60180500001583,SN:3K60180500001583,0.994999885559082,fieldlog_window,FALSE,NA,NA,NA,NA,NA,NA,NA,NA,0.6530017089977974,HM,FALSE,FALSE,2.8897159456931805,HM,FALSE,FALSE
Mar_23_293_SRS6_stem,TRUE,tree,stem,SRS6,2023-03-10,Mar2023,LGR2,C,original,FALSE,original,FALSE,FALSE,FALSE,NA,14:44:26,14:47:32,TRUE,TRUE,TRUE,TRUE,187,SN:3K60180500001583,SN:3K60180500001583,0.9940001964569092,fieldlog_window,FALSE,NA,NA,NA,NA,NA,NA,NA,NA,0.22989065561188415,HM,FALSE,TRUE,2.1778471149831775,HM,FALSE,FALSE
Mar_23_294_SRS6_root,TRUE,tree,root,SRS6,2023-03-10,Mar2023,LGR2,B,original,FALSE,original,FALSE,FALSE,FALSE,NA,14:57:59,15:00:57,TRUE,TRUE,TRUE,TRUE,179,SN:3K60180500001583,SN:3K60180500001583,0.994999885559082,fieldlog_window,FALSE,NA,NA,NA,NA,NA,NA,NA,NA,0.7474188335727016,HM,FALSE,TRUE,3.653976636610161,HM,FALSE,FALSE
Mar_23_295_SRS6_stem,TRUE,tree,stem,SRS6,2023-03-10,Mar2023,LGR2,D,original,FALSE,original,FALSE,FALSE,FALSE,NA,15:20:00,15:23:00,TRUE,TRUE,TRUE,TRUE,181,SN:3K60180500001583,SN:3K60180500001583,0.994999885559082,fieldlog_window,FALSE,NA,NA,NA,NA,NA,NA,NA,NA,0.19190404236871375,HM,FALSE,FALSE,1.364403228291707,HM,FALSE,FALSE
Mar_23_296_SRS6_stem,TRUE,tree,stem,SRS6,2023-03-10,Mar2023,LGR2,D,original,FALSE,original,FALSE,FALSE,FALSE,NA,15:36:20,15:39:20,TRUE,TRUE,TRUE,TRUE,181,SN:3K60180500001583,SN:3K60180500001583,0.994999885559082,fieldlog_window,FALSE,NA,NA,NA,NA,NA,NA,NA,NA,0.05800431194010463,HM,FALSE,TRUE,1.258958379967512,HM,FALSE,FALSE
Mar_23_297_SRS6_stem,TRUE,tree,stem,SRS6,2023-03-10,Mar2023,LGR2,D,original,FALSE,original,FALSE,FALSE,FALSE,NA,15:48:40,15:51:40,TRUE,TRUE,TRUE,TRUE,181,SN:3K60180500001583,SN:3K60180500001583,0.9940001964569092,fieldlog_window,FALSE,NA,NA,NA,NA,NA,NA,NA,NA,0.09322849066409412,HM,FALSE,TRUE,1.8027915925946576,HM,FALSE,FALSE
Mar_23_289_SRS6_stem,TRUE,tree,stem,SRS6,2023-03-10,Mar2023,LGR2,D,original,FALSE,original,FALSE,FALSE,FALSE,NA,16:08:28,16:11:28,TRUE,TRUE,TRUE,TRUE,181,SN:3K60180500001583,SN:3K60180500001583,0.9940000772476196,fieldlog_window,FALSE,NA,NA,NA,NA,NA,NA,NA,NA,0.49703752111006666,HM,FALSE,TRUE,1.150771129378571,LM,FALSE,TRUE
Mar_23_290_SRS6_stem,TRUE,tree,stem,SRS6,2023-03-10,Mar2023,LGR2,D,original,FALSE,original,FALSE,FALSE,FALSE,NA,16:21:10,16:24:10,TRUE,TRUE,TRUE,TRUE,181,SN:3K60180500001583,SN:3K60180500001583,0.994999885559082,fieldlog_window,FALSE,NA,NA,NA,NA,NA,NA,NA,NA,0.16832180041831354,HM,FALSE,TRUE,2.4124468087076716,HM,FALSE,FALSE
44996_SRS6_Soil_89,TRUE,surface,soil,SRS6,2023-03-11,Mar2023,LGR2,1 ft soil,original,FALSE,original,FALSE,FALSE,FALSE,Tree 30min,11:31:00,11:35:00,TRUE,TRUE,TRUE,TRUE,241,SN:3K60180500001583,SN:3K60180500001583,0.9940000772476196,fieldlog_window,TRUE,results_surface/lgr2_manual_identification_results_soil.csv,results_surface/lgr2_manual_identification_results_soil.csv,1,2023-03-11T11:30:57Z,2023-03-11T11:39:02Z,905,-3,NA,10.601611269721316,LM,FALSE,TRUE,2.0724194332845767,HM,FALSE,FALSE
44996_SRS6_Soil_90,TRUE,surface,soil,SRS6,2023-03-11,Mar2023,LGR2,1 ft soil,original,FALSE,original,FALSE,FALSE,FALSE,Tree 30min,11:47:00,11:49:00,TRUE,TRUE,TRUE,TRUE,120,SN:3K60180500001583,SN:3K60180500001583,0.994999885559082,fieldlog_window,TRUE,results_surface/lgr2_manual_identification_results_soil.csv,results_surface/lgr2_manual_identification_results_soil.csv,1,2023-03-11T11:44:07Z,2023-03-11T11:49:30Z,906,-173,NA,3.3483204931980723,LM,FALSE,TRUE,0.7434402193450356,HM,FALSE,FALSE
44996_SRS6_Soil_91,TRUE,surface,soil,SRS6,2023-03-11,Mar2023,LGR2,1 ft soil,original,FALSE,original,FALSE,FALSE,FALSE,Tree 30min,11:52:30,11:54:30,TRUE,TRUE,TRUE,TRUE,120,SN:3K60180500001583,SN:3K60180500001583,0.9939999580383301,fieldlog_window,TRUE,results_surface/lgr2_manual_identification_results_soil.csv,results_surface/lgr2_manual_identification_results_soil.csv,1,2023-03-11T11:51:47Z,2023-03-11T11:55:50Z,905,-43,NA,2.7703988654278633,HM,FALSE,TRUE,0.5936196571018696,HM,FALSE,TRUE
44996_SRS6_Soil_92,TRUE,surface,soil,SRS6,2023-03-11,Mar2023,LGR2,1 ft soil,original,FALSE,original,FALSE,FALSE,FALSE,Tree 30min,11:59:30,12:01:30,TRUE,TRUE,TRUE,TRUE,121,SN:3K60180500001583,SN:3K60180500001583,0.9945000410079956,fieldlog_window,TRUE,results_surface/lgr2_manual_identification_results_soil.csv,results_surface/lgr2_manual_identification_results_soil.csv,1,2023-03-11T11:59:01Z,2023-03-11T12:03:34Z,906,-29,NA,4.611005029149672,HM,FALSE,TRUE,3.4692226843986216,HM,FALSE,FALSE
44996_SRS6_Soil_93,TRUE,surface,soil,SRS6,2023-03-11,Mar2023,LGR2,1 ft soil,original,FALSE,original,FALSE,FALSE,FALSE,Tree 30min,12:08:00,12:10:00,TRUE,TRUE,TRUE,TRUE,120,SN:3K60180500001583,SN:3K60180500001583,0.994999885559082,fieldlog_window,TRUE,results_surface/lgr2_manual_identification_results_soil.csv,results_surface/lgr2_manual_identification_results_soil.csv,1,2023-03-11T12:07:51Z,2023-03-11T12:10:56Z,906,-9,NA,2.6258744995323284,HM,FALSE,FALSE,1.5306106796087071,HM,FALSE,TRUE
44996_SRS6_Soil_94,TRUE,surface,soil,SRS6,2023-03-11,Mar2023,LGR2,1 ft soil,original,FALSE,original,FALSE,FALSE,FALSE,Tree 30min,12:13:00,12:15:00,TRUE,TRUE,TRUE,TRUE,121,SN:3K60180500001583,SN:3K60180500001583,0.994999885559082,fieldlog_window,TRUE,results_surface/lgr2_manual_identification_results_soil.csv,results_surface/lgr2_manual_identification_results_soil.csv,1,2023-03-11T12:13:08Z,2023-03-11T12:16:49Z,906,8,NA,1.8246959406781176,HM,FALSE,TRUE,2.2476905315417683,HM,FALSE,TRUE
44996_SRS6_Soil_95,TRUE,surface,soil,SRS6,2023-03-11,Mar2023,LGR2,1 ft soil,original,FALSE,original,FALSE,FALSE,FALSE,Tree 30min,12:20:00,12:22:00,TRUE,TRUE,TRUE,TRUE,120,SN:3K60180500001583,SN:3K60180500001583,0.994999885559082,fieldlog_window,TRUE,results_surface/lgr2_manual_identification_results_soil.csv,results_surface/lgr2_manual_identification_results_soil.csv,1,2023-03-11T12:19:44Z,2023-03-11T12:22:54Z,905,-16,NA,3.7171898698367074,HM,FALSE,FALSE,2.6992162894417593,HM,FALSE,TRUE
44996_SRS6_Soil_96,TRUE,surface,soil,SRS6,2023-03-11,Mar2023,LGR2,1 ft soil,original,FALSE,original,FALSE,FALSE,FALSE,Tree 30min,12:25:00,12:27:00,TRUE,TRUE,TRUE,TRUE,121,SN:3K60180500001583,SN:3K60180500001583,0.9950000047683716,fieldlog_window,TRUE,results_surface/lgr2_manual_identification_results_soil.csv,results_surface/lgr2_manual_identification_results_soil.csv,1,2023-03-11T12:24:51Z,2023-03-11T12:28:59Z,906,-9,NA,2.8101204523230954,HM,FALSE,FALSE,1.232603855220101,HM,FALSE,TRUE
44996_SRS6_Soil_97,TRUE,surface,soil,SRS6,2023-03-11,Mar2023,LGR2,1 ft soil,original,FALSE,original,FALSE,FALSE,FALSE,Tree 30min,12:34:00,12:56:00,TRUE,TRUE,TRUE,TRUE,955,SN:3K60180500001583,SN:3K60180500001583,0.9940001964569092,fieldlog_window,TRUE,results_surface/lgr2_manual_identification_results_soil.csv,results_surface/lgr2_manual_identification_results_soil.csv,1,2023-03-11T12:33:29Z,2023-03-11T12:39:07Z,906,-31,NA,0.3927088050453918,HM,FALSE,TRUE,0.4771518281409385,HM,FALSE,TRUE
44996_SRS6_Soil_98,TRUE,surface,soil,SRS6,2023-03-11,Mar2023,LGR2,1 ft soil,original,FALSE,original,FALSE,FALSE,FALSE,Tree 30min,12:44:00,12:46:00,TRUE,TRUE,TRUE,TRUE,121,SN:3K60180500001583,SN:3K60180500001583,0.994999885559082,fieldlog_window,TRUE,results_surface/lgr2_manual_identification_results_soil.csv,results_surface/lgr2_manual_identification_results_soil.csv,1,2023-03-11T12:43:41Z,2023-03-11T12:49:25Z,654,-19,NA,2.9831215102062494,HM,FALSE,TRUE,0.45014765023093856,HM,FALSE,TRUE
44996_SRS6_Water_86,TRUE,surface,water,SRS6,2023-03-11,Mar2023,LGR2,Floating 8 in,ebullition_partitioned,FALSE,original,FALSE,FALSE,FALSE,Tree 30min,13:16:00,13:21:00,TRUE,TRUE,TRUE,TRUE,302,SN:3K60180500001583,SN:3K60180500001583,0.994999885559082,fieldlog_window,TRUE,results_surface/lgr2_manual_identification_results_soil.csv,results_surface/lgr2_manual_identification_results_soil.csv,1,2023-03-11T13:15:40Z,2023-03-11T13:25:40Z,770,-20,ebullition/placements_summary.csv,1.522834540797132,HM,FALSE,FALSE,1.5728055169383874,HM,FALSE,FALSE
LGR2_2023-03-11_SRS6_P13,TRUE,surface,water,SRS6,2023-03-11,Mar2023,LGR2,NA,ebullition_added_placement,FALSE,ebullition_reprocessing,FALSE,FALSE,FALSE,NA,13:23:38,13:28:00,TRUE,TRUE,TRUE,TRUE,264,SN:3K60180500001583,SN:3K60180500001583,0.9940001964569092,fieldlog_window,FALSE,NA,NA,NA,NA,NA,NA,NA,ebullition/placements_summary.csv,1.3551199980433997,HM,FALSE,FALSE,NA,NA,NA,NA
44996_SRS6_Water_87,TRUE,surface,water,SRS6,2023-03-11,Mar2023,LGR2,Floating 8 in,ebullition_partitioned,FALSE,original,FALSE,FALSE,FALSE,Tree 30min,13:31:00,13:37:00,TRUE,TRUE,TRUE,TRUE,362,SN:3K60180500001583,SN:3K60180500001583,0.994999885559082,fieldlog_window,TRUE,results_surface/lgr2_manual_identification_results_soil.csv,results_surface/lgr2_manual_identification_results_soil.csv,1,2023-03-11T13:30:47Z,2023-03-11T13:40:17Z,906,-13,ebullition/placements_summary.csv,1.4197762766536182,HM,FALSE,FALSE,1.6533319014265275,HM,FALSE,FALSE
44996_SRS6_Water_88,TRUE,surface,water,SRS6,2023-03-11,Mar2023,LGR2,Floating 8 in,ebullition_partitioned,FALSE,original,FALSE,FALSE,FALSE,Tree 30min,13:45:00,13:50:00,TRUE,TRUE,TRUE,TRUE,302,SN:3K60180500001583,SN:3K60180500001583,0.994999885559082,fieldlog_window,TRUE,results_surface/lgr2_manual_identification_results_soil.csv,results_surface/lgr2_manual_identification_results_soil.csv,1,2023-03-11T13:44:50Z,2023-03-11T13:52:55Z,906,-10,ebullition/placements_summary.csv,1.1702995041108144,HM,FALSE,FALSE,1.498238155634744,HM,FALSE,FALSE
Mar_23_243_SRS6_CWD,TRUE,tree,cwd,SRS6,2023-03-11,Mar2023,LGR2,C,trimmed_window_refit,FALSE,original,FALSE,FALSE,FALSE,NA,14:07:00,14:10:00,TRUE,TRUE,TRUE,TRUE,181,SN:3K60180500001583,SN:3K60180500001583,0.994999885559082,fieldlog_window,FALSE,NA,NA,NA,NA,NA,NA,NA,ebullition/corrected_time_windows.csv,-0.01626726427004024,LM,FALSE,TRUE,2.477789813972825,HM,FALSE,TRUE
LGR2_2023-03-11_SRS6_P18,TRUE,surface,water,SRS6,2023-03-11,Mar2023,LGR2,NA,ebullition_added_placement,FALSE,ebullition_reprocessing,FALSE,FALSE,FALSE,NA,14:18:52,14:28:15,TRUE,TRUE,TRUE,TRUE,566,SN:3K60180500001583,SN:3K60180500001583,0.994999885559082,fieldlog_window,FALSE,NA,NA,NA,NA,NA,NA,NA,ebullition/placements_summary.csv,0.5188657413851326,LM,FALSE,FALSE,NA,NA,NA,NA
Mar_23_247_SRS6_CWD,TRUE,tree,cwd,SRS6,2023-03-11,Mar2023,LGR2,B,original,FALSE,original,FALSE,FALSE,FALSE,NA,14:21:00,14:23:00,TRUE,TRUE,TRUE,TRUE,121,SN:3K60180500001583,SN:3K60180500001583,0.994999885559082,fieldlog_window,FALSE,NA,NA,NA,NA,NA,NA,NA,NA,0.4586405617212978,HM,FALSE,TRUE,6.936447632568594,HM,FALSE,FALSE
Mar_23_244_SRS6_CWD,TRUE,tree,cwd,SRS6,2023-03-11,Mar2023,LGR2,B,original,FALSE,original,FALSE,FALSE,FALSE,NA,14:31:00,14:34:00,TRUE,TRUE,TRUE,TRUE,181,SN:3K60180500001583,SN:3K60180500001583,0.994999885559082,fieldlog_window,FALSE,NA,NA,NA,NA,NA,NA,NA,NA,0.08300785787182999,LM,FALSE,TRUE,3.928364618549835,HM,FALSE,FALSE
LGR2_2023-03-11_SRS6_P20,TRUE,surface,water,SRS6,2023-03-11,Mar2023,LGR2,NA,ebullition_added_placement,FALSE,ebullition_reprocessing,FALSE,FALSE,FALSE,NA,14:38:35,14:43:49,TRUE,TRUE,TRUE,TRUE,315,SN:3K60180500001583,SN:3K60180500001583,0.9939999580383301,fieldlog_window,FALSE,NA,NA,NA,NA,NA,NA,NA,ebullition/placements_summary.csv,0.9108282940441174,HM,FALSE,FALSE,NA,NA,NA,NA
Mar_23_245_SRS6_CWD,TRUE,tree,cwd,SRS6,2023-03-11,Mar2023,LGR2,B,original,FALSE,original,FALSE,FALSE,FALSE,NA,14:40:00,14:43:00,TRUE,TRUE,TRUE,TRUE,181,SN:3K60180500001583,SN:3K60180500001583,0.9939999580383301,fieldlog_window,FALSE,NA,NA,NA,NA,NA,NA,NA,NA,0.8548283082231077,HM,FALSE,TRUE,2.8338113749513107,HM,FALSE,TRUE
Mar_23_246_SRS6_CWD,TRUE,tree,cwd,SRS6,2023-03-11,Mar2023,LGR2,B,original,FALSE,original,FALSE,FALSE,FALSE,NA,14:54:00,14:57:00,TRUE,TRUE,TRUE,TRUE,181,SN:3K60180500001583,SN:3K60180500001583,0.9950001239776611,fieldlog_window,FALSE,NA,NA,NA,NA,NA,NA,NA,NA,0.05305492573193029,LM,FALSE,TRUE,5.303725647712931,HM,FALSE,TRUE
Mar_23_248_SRS6_stem,TRUE,tree,stem,SRS6,2023-03-11,Mar2023,LGR2,B,original,FALSE,original,FALSE,FALSE,FALSE,NA,15:05:00,15:08:00,TRUE,TRUE,TRUE,TRUE,181,SN:3K60180500001583,SN:3K60180500001583,0.994999885559082,fieldlog_window,FALSE,NA,NA,NA,NA,NA,NA,NA,NA,0.3386340254701699,HM,FALSE,TRUE,2.9778738807336564,HM,FALSE,FALSE
Mar_23_249_SRS6_stem,TRUE,tree,stem,SRS6,2023-03-11,Mar2023,LGR2,B,original,FALSE,original,FALSE,FALSE,FALSE,NA,15:11:00,15:13:45,TRUE,TRUE,TRUE,TRUE,166,SN:3K60180500001583,SN:3K60180500001583,0.994999885559082,fieldlog_window,FALSE,NA,NA,NA,NA,NA,NA,NA,NA,0.4276577373150397,HM,FALSE,TRUE,4.307413672584325,HM,FALSE,TRUE
Mar_23_250_SRS6_stem,TRUE,tree,stem,SRS6,2023-03-11,Mar2023,LGR2,B,original,FALSE,original,FALSE,FALSE,FALSE,NA,15:15:00,15:18:00,TRUE,TRUE,TRUE,TRUE,180,SN:3K60180500001583,SN:3K60180500001583,0.9940001964569092,fieldlog_window,FALSE,NA,NA,NA,NA,NA,NA,NA,NA,0.07483502653530705,HM,FALSE,TRUE,2.475838010014722,HM,FALSE,FALSE
Mar_23_251_SRS6_stem,TRUE,tree,stem,SRS6,2023-03-11,Mar2023,LGR2,B,original,FALSE,original,FALSE,FALSE,FALSE,NA,15:25:00,15:28:00,TRUE,TRUE,TRUE,TRUE,181,SN:3K60180500001583,SN:3K60180500001583,0.994999885559082,fieldlog_window,FALSE,NA,NA,NA,NA,NA,NA,NA,NA,0.16004298744767884,HM,FALSE,TRUE,3.4510925584336256,HM,FALSE,FALSE
Mar_23_252_SRS6_stem,TRUE,tree,stem,SRS6,2023-03-11,Mar2023,LGR2,B,original,FALSE,original,FALSE,FALSE,FALSE,NA,15:31:00,15:34:00,TRUE,TRUE,TRUE,TRUE,181,SN:3K60180500001583,SN:3K60180500001583,0.994999885559082,fieldlog_window,FALSE,NA,NA,NA,NA,NA,NA,NA,NA,0.16032332469106889,HM,FALSE,TRUE,4.1089821564733,HM,FALSE,FALSE
Mar_23_253_SRS6_stem,TRUE,tree,stem,SRS6,2023-03-11,Mar2023,LGR2,B,original,FALSE,original,FALSE,FALSE,FALSE,NA,15:36:40,15:39:30,TRUE,TRUE,TRUE,TRUE,170,SN:3K60180500001583,SN:3K60180500001583,0.994999885559082,fieldlog_window,FALSE,NA,NA,NA,NA,NA,NA,NA,NA,0.07648589758127129,HM,FALSE,TRUE,3.847459901277743,HM,FALSE,FALSE
Mar_23_254_SRS6_stem,TRUE,tree,stem,SRS6,2023-03-11,Mar2023,LGR2,B,original,FALSE,original,FALSE,FALSE,FALSE,NA,15:50:30,15:53:30,TRUE,TRUE,TRUE,TRUE,181,SN:3K60180500001583,SN:3K60180500001583,0.994999885559082,fieldlog_window,FALSE,NA,NA,NA,NA,NA,NA,NA,NA,0.21501936064661337,HM,FALSE,TRUE,1.7866636062372234,HM,FALSE,TRUE
Mar_23_255_SRS6_stem,TRUE,tree,stem,SRS6,2023-03-11,Mar2023,LGR2,B,original,FALSE,original,FALSE,FALSE,FALSE,NA,15:56:00,15:59:00,TRUE,TRUE,TRUE,TRUE,181,SN:3K60180500001583,SN:3K60180500001583,0.9939999580383301,fieldlog_window,FALSE,NA,NA,NA,NA,NA,NA,NA,NA,0.1854374062049053,HM,FALSE,TRUE,3.897761630379746,HM,FALSE,TRUE
Mar_23_256_SRS6_stem,TRUE,tree,stem,SRS6,2023-03-11,Mar2023,LGR2,B,original,FALSE,original,FALSE,FALSE,FALSE,NA,16:02:00,16:05:00,TRUE,TRUE,TRUE,TRUE,181,SN:3K60180500001583,SN:3K60180500001583,0.9940000772476196,fieldlog_window,FALSE,NA,NA,NA,NA,NA,NA,NA,NA,0.14937329674537045,HM,FALSE,TRUE,5.099517422697905,HM,FALSE,FALSE
Mar_23_257_SRS6_stem,TRUE,tree,stem,SRS6,2023-03-11,Mar2023,LGR2,C,original,FALSE,original,FALSE,FALSE,FALSE,NA,16:10:00,16:13:00,TRUE,TRUE,TRUE,TRUE,181,SN:3K60180500001583,SN:3K60180500001583,0.9939999580383301,fieldlog_window,FALSE,NA,NA,NA,NA,NA,NA,NA,NA,0.4102123742125654,HM,FALSE,TRUE,5.616553963034684,HM,FALSE,FALSE
Mar_23_259_SRS6_stem,TRUE,tree,stem,SRS6,2023-03-11,Mar2023,LGR2,C,original,FALSE,original,FALSE,FALSE,FALSE,NA,16:20:15,16:23:15,TRUE,TRUE,TRUE,TRUE,181,SN:3K60180500001583,SN:3K60180500001583,0.994999885559082,fieldlog_window,FALSE,NA,NA,NA,NA,NA,NA,NA,NA,0.06237624255178838,LM,FALSE,TRUE,3.9231490742320743,HM,FALSE,FALSE
Mar_23_218_SRS5_stem,TRUE,tree,stem,SRS5,2023-03-12,Mar2023,LGR2,B,original,FALSE,original,FALSE,FALSE,FALSE,NA,11:06:00,11:09:00,TRUE,TRUE,TRUE,TRUE,180,SN:3K60180500001583,SN:3K60180500001583,0.994999885559082,fieldlog_window,FALSE,NA,NA,NA,NA,NA,NA,NA,NA,-0.06908595409019917,HM,FALSE,TRUE,0.46017772052716455,HM,FALSE,FALSE
Mar_23_219_SRS5_stem,TRUE,tree,stem,SRS5,2023-03-12,Mar2023,LGR2,A,original,FALSE,original,FALSE,FALSE,FALSE,NA,11:11:00,11:14:09,TRUE,TRUE,TRUE,TRUE,190,SN:3K60180500001583,SN:3K60180500001583,0.9939999580383301,fieldlog_window,FALSE,NA,NA,NA,NA,NA,NA,NA,NA,-0.14201303462656426,LM,FALSE,TRUE,0.7163653198162333,LM,FALSE,TRUE
Mar_23_220_SRS5_stem,TRUE,tree,stem,SRS5,2023-03-12,Mar2023,LGR2,A,original,FALSE,original,FALSE,FALSE,FALSE,NA,11:18:00,11:21:00,TRUE,TRUE,TRUE,TRUE,181,SN:3K60180500001583,SN:3K60180500001583,0.9939999580383301,fieldlog_window,FALSE,NA,NA,NA,NA,NA,NA,NA,NA,0.0471367855665351,LM,FALSE,TRUE,1.0655589860091794,HM,FALSE,FALSE
Mar_23_221_SRS5_root,TRUE,tree,root,SRS5,2023-03-12,Mar2023,LGR2,A,original,FALSE,original,FALSE,FALSE,FALSE,NA,11:27:48,11:30:38,TRUE,TRUE,TRUE,TRUE,170,SN:3K60180500001583,SN:3K60180500001583,0.9950001239776611,fieldlog_window,FALSE,NA,NA,NA,NA,NA,NA,NA,NA,0.20969539910781732,HM,FALSE,TRUE,1.029569184317236,HM,FALSE,FALSE
Mar_23_222_SRS5_stem,TRUE,tree,stem,SRS5,2023-03-12,Mar2023,LGR2,C,original,FALSE,original,FALSE,FALSE,FALSE,NA,11:42:40,11:45:40,TRUE,TRUE,TRUE,TRUE,181,SN:3K60180500001583,SN:3K60180500001583,0.994999885559082,fieldlog_window,FALSE,NA,NA,NA,NA,NA,NA,NA,NA,0.08427038598921059,HM,FALSE,TRUE,0.6442969771423351,HM,FALSE,FALSE
Mar_23_223_SRS5_stem,TRUE,tree,stem,SRS5,2023-03-12,Mar2023,LGR2,C,original,FALSE,original,FALSE,FALSE,FALSE,NA,11:56:30,11:59:50,TRUE,TRUE,TRUE,TRUE,201,SN:3K60180500001583,SN:3K60180500001583,0.994999885559082,fieldlog_window,FALSE,NA,NA,NA,NA,NA,NA,NA,NA,0.1630099864928974,HM,FALSE,TRUE,0.5780406686149024,HM,FALSE,FALSE
Mar_23_224_SRS5_stem,TRUE,tree,stem,SRS5,2023-03-12,Mar2023,LGR2,C,original,FALSE,original,FALSE,FALSE,FALSE,NA,12:12:35,12:15:35,TRUE,TRUE,TRUE,TRUE,181,SN:3K60180500001583,SN:3K60180500001583,0.9939999580383301,fieldlog_window,FALSE,NA,NA,NA,NA,NA,NA,NA,NA,0.03872389753811674,LM,FALSE,TRUE,0.597159563570775,HM,FALSE,FALSE
Mar_23_225_SRS5_root,TRUE,tree,root,SRS5,2023-03-12,Mar2023,LGR2,A,original,FALSE,original,FALSE,FALSE,FALSE,NA,12:28:00,12:31:00,TRUE,TRUE,TRUE,TRUE,181,SN:3K60180500001583,SN:3K60180500001583,0.994999885559082,fieldlog_window,FALSE,NA,NA,NA,NA,NA,NA,NA,NA,0.14638638547565824,LM,FALSE,TRUE,1.260093136047759,HM,FALSE,TRUE
Mar_23_226_SRS5_stem,TRUE,tree,stem,SRS5,2023-03-12,Mar2023,LGR2,C,original,FALSE,original,FALSE,FALSE,FALSE,NA,12:42:35,12:45:35,TRUE,TRUE,TRUE,TRUE,181,SN:3K60180500001583,SN:3K60180500001583,0.9950001239776611,fieldlog_window,FALSE,NA,NA,NA,NA,NA,NA,NA,NA,0.15722443951506546,HM,FALSE,TRUE,0.49643141325312734,HM,FALSE,FALSE
Mar_23_227_SRS5_stem,TRUE,tree,stem,SRS5,2023-03-12,Mar2023,LGR2,C,original,FALSE,original,FALSE,FALSE,FALSE,NA,12:53:45,12:56:45,TRUE,TRUE,TRUE,TRUE,181,SN:3K60180500001583,SN:3K60180500001583,0.9940001964569092,fieldlog_window,FALSE,NA,NA,NA,NA,NA,NA,NA,NA,0.09500798479979168,HM,FALSE,TRUE,0.6015310933867499,HM,FALSE,FALSE
Mar_23_228_SRS5_stem,TRUE,tree,stem,SRS5,2023-03-12,Mar2023,LGR2,C,original,FALSE,original,FALSE,FALSE,FALSE,NA,13:07:15,13:10:15,TRUE,TRUE,TRUE,TRUE,181,SN:3K60180500001583,SN:3K60180500001583,0.9940001964569092,fieldlog_window,FALSE,NA,NA,NA,NA,NA,NA,NA,NA,0.0778157991776011,HM,FALSE,TRUE,0.5435975791786916,HM,FALSE,FALSE
Mar_23_229_SRS5_root,TRUE,tree,root,SRS5,2023-03-12,Mar2023,LGR2,A,original,FALSE,original,FALSE,FALSE,FALSE,NA,13:16:45,13:19:45,TRUE,TRUE,TRUE,TRUE,181,SN:3K60180500001583,SN:3K60180500001583,0.994999885559082,fieldlog_window,FALSE,NA,NA,NA,NA,NA,NA,NA,NA,1.437546780553384,HM,FALSE,FALSE,1.342504387936153,HM,FALSE,TRUE
Mar_23_230_SRS5_stem,TRUE,tree,stem,SRS5,2023-03-12,Mar2023,LGR2,B,original,FALSE,original,FALSE,FALSE,FALSE,NA,13:28:09,13:31:09,TRUE,TRUE,TRUE,TRUE,181,SN:3K60180500001583,SN:3K60180500001583,0.994999885559082,fieldlog_window,FALSE,NA,NA,NA,NA,NA,NA,NA,NA,0.14685737265785476,HM,FALSE,TRUE,0.6311583877462458,HM,FALSE,FALSE
Mar_23_231_SRS5_stem,TRUE,tree,stem,SRS5,2023-03-12,Mar2023,LGR2,A,original,FALSE,original,FALSE,FALSE,FALSE,NA,13:38:57,13:41:57,TRUE,TRUE,TRUE,TRUE,181,SN:3K60180500001583,SN:3K60180500001583,0.9940000772476196,fieldlog_window,FALSE,NA,NA,NA,NA,NA,NA,NA,NA,0.23018825702936935,HM,FALSE,TRUE,1.2480148567477498,HM,FALSE,FALSE
Mar_23_232_SRS5_stem,TRUE,tree,stem,SRS5,2023-03-12,Mar2023,LGR2,A,original,FALSE,original,FALSE,FALSE,FALSE,NA,13:49:59,13:52:59,TRUE,TRUE,TRUE,TRUE,181,SN:3K60180500001583,SN:3K60180500001583,0.994999885559082,fieldlog_window,FALSE,NA,NA,NA,NA,NA,NA,NA,NA,-0.06333067390306557,HM,FALSE,TRUE,0.24984529893891613,HM,FALSE,TRUE
Mar_23_233_SRS5_root,TRUE,tree,root,SRS5,2023-03-12,Mar2023,LGR2,A,original,FALSE,original,FALSE,FALSE,FALSE,NA,13:58:34,14:01:34,TRUE,TRUE,TRUE,TRUE,181,SN:3K60180500001583,SN:3K60180500001583,0.9940000772476196,fieldlog_window,FALSE,NA,NA,NA,NA,NA,NA,NA,NA,0.46203419197888235,HM,FALSE,TRUE,0.6967533951616243,LM,FALSE,TRUE
Mar_23_234_SRS5_stem,TRUE,tree,stem,SRS5,2023-03-12,Mar2023,LGR2,A,original,FALSE,original,FALSE,FALSE,FALSE,NA,14:35:40,14:38:40,TRUE,TRUE,TRUE,TRUE,181,SN:3K60180500001583,SN:3K60180500001583,0.9939999580383301,fieldlog_window,FALSE,NA,NA,NA,NA,NA,NA,NA,NA,0.2639883895749917,HM,FALSE,TRUE,1.4386215645750893,HM,FALSE,FALSE
Mar_23_235_SRS5_stem,TRUE,tree,stem,SRS5,2023-03-12,Mar2023,LGR2,A,original,FALSE,original,FALSE,FALSE,FALSE,NA,14:45:40,14:48:40,TRUE,TRUE,TRUE,TRUE,181,SN:3K60180500001583,SN:3K60180500001583,0.994999885559082,fieldlog_window,FALSE,NA,NA,NA,NA,NA,NA,NA,NA,0.27255593039960807,HM,FALSE,TRUE,1.4991099410537971,HM,FALSE,FALSE
Mar_23_236_SRS5_stem,TRUE,tree,stem,SRS5,2023-03-12,Mar2023,LGR2,A,original,FALSE,original,FALSE,FALSE,FALSE,NA,14:54:20,14:57:20,TRUE,TRUE,TRUE,TRUE,181,SN:3K60180500001583,SN:3K60180500001583,0.9950001239776611,fieldlog_window,FALSE,NA,NA,NA,NA,NA,NA,NA,NA,0.06927167138110948,HM,FALSE,TRUE,1.2609471349580263,HM,FALSE,FALSE
Mar_23_237_SRS5_root,TRUE,tree,root,SRS5,2023-03-12,Mar2023,LGR2,A,original,FALSE,original,FALSE,FALSE,FALSE,NA,15:04:10,15:07:10,TRUE,TRUE,TRUE,TRUE,181,SN:3K60180500001583,SN:3K60180500001583,0.994999885559082,fieldlog_window,FALSE,NA,NA,NA,NA,NA,NA,NA,NA,0.17679627086213476,LM,FALSE,TRUE,1.459271636486857,HM,FALSE,TRUE
Mar_23_238_SRS5_stem,TRUE,tree,stem,SRS5,2023-03-12,Mar2023,LGR2,B,original,FALSE,original,FALSE,FALSE,FALSE,NA,15:21:20,15:24:20,TRUE,TRUE,TRUE,TRUE,181,SN:3K60180500001583,SN:3K60180500001583,0.994999885559082,fieldlog_window,FALSE,NA,NA,NA,NA,NA,NA,NA,NA,0.06455924060102679,HM,FALSE,TRUE,0.831046926772652,HM,FALSE,FALSE
Mar_23_239_SRS5_stem,TRUE,tree,stem,SRS5,2023-03-12,Mar2023,LGR2,B,original,FALSE,original,FALSE,FALSE,FALSE,NA,15:29:50,15:32:50,TRUE,TRUE,TRUE,TRUE,180,SN:3K60180500001583,SN:3K60180500001583,0.9940001964569092,fieldlog_window,FALSE,NA,NA,NA,NA,NA,NA,NA,NA,0.12726680946872182,HM,FALSE,TRUE,0.7228944618865862,HM,FALSE,FALSE
Mar_23_240_SRS5_stem,TRUE,tree,stem,SRS5,2023-03-12,Mar2023,LGR2,B,original,FALSE,original,FALSE,FALSE,FALSE,NA,15:37:30,15:41:00,TRUE,TRUE,TRUE,TRUE,211,SN:3K60180500001583,SN:3K60180500001583,0.994999885559082,fieldlog_window,FALSE,NA,NA,NA,NA,NA,NA,NA,NA,0.165587660516575,HM,FALSE,TRUE,0.8840642627090441,HM,FALSE,FALSE
Mar_23_241_SRS5_root,TRUE,tree,root,SRS5,2023-03-12,Mar2023,LGR2,A,original,FALSE,original,FALSE,FALSE,FALSE,NA,15:50:45,15:53:45,TRUE,TRUE,TRUE,TRUE,181,SN:3K60180500001583,SN:3K60180500001583,0.994999885559082,fieldlog_window,FALSE,NA,NA,NA,NA,NA,NA,NA,NA,0.20338243353225657,HM,FALSE,TRUE,1.132449665104544,HM,FALSE,TRUE
Mar_23_242_SRS5_root,TRUE,tree,root,SRS5,2023-03-12,Mar2023,LGR2,A,original,FALSE,original,FALSE,FALSE,FALSE,NA,16:03:30,16:06:30,TRUE,TRUE,TRUE,TRUE,181,SN:3K60180500001583,SN:3K60180500001583,0.9950001239776611,fieldlog_window,FALSE,NA,NA,NA,NA,NA,NA,NA,NA,0.5772207884386925,HM,FALSE,FALSE,1.8345943705237515,HM,FALSE,TRUE
Mar_23_189_SRS5_stem,TRUE,tree,stem,SRS5,2023-03-13,Mar2023,LGR2,B,original,FALSE,original,FALSE,FALSE,FALSE,NA,10:39:19,10:42:19,TRUE,TRUE,TRUE,TRUE,181,SN:3K60180500001583,SN:3K60180500001583,0.9939999580383301,fieldlog_window,FALSE,NA,NA,NA,NA,NA,NA,NA,NA,0.00765121379940938,LM,TRUE,TRUE,0.3799879124786434,LM,FALSE,TRUE
Mar_23_190_SRS5_stem,TRUE,tree,stem,SRS5,2023-03-13,Mar2023,LGR2,B,original,FALSE,original,FALSE,FALSE,FALSE,NA,10:44:34,10:47:34,TRUE,TRUE,TRUE,TRUE,181,SN:3K60180500001583,SN:3K60180500001583,0.994999885559082,fieldlog_window,FALSE,NA,NA,NA,NA,NA,NA,NA,NA,0.15551790448364303,LM,FALSE,TRUE,0.8384752404573549,LM,FALSE,TRUE
Mar_23_191_SRS5_stem,TRUE,tree,stem,SRS5,2023-03-13,Mar2023,LGR2,B,original,FALSE,original,FALSE,FALSE,FALSE,NA,10:57:52,10:59:52,TRUE,TRUE,TRUE,TRUE,121,SN:3K60180500001583,SN:3K60180500001583,0.994999885559082,fieldlog_window,FALSE,NA,NA,NA,NA,NA,NA,NA,NA,-0.16546237515716247,HM,FALSE,TRUE,29.71853294565192,HM,FALSE,TRUE
Mar_23_192_SRS5_root,TRUE,tree,root,SRS5,2023-03-13,Mar2023,LGR2,A,original,FALSE,original,FALSE,FALSE,FALSE,NA,11:02:07,11:05:47,TRUE,TRUE,TRUE,TRUE,221,SN:3K60180500001583,SN:3K60180500001583,0.9939999580383301,fieldlog_window,FALSE,NA,NA,NA,NA,NA,NA,NA,NA,0.78762506007596,HM,FALSE,FALSE,-0.04861740436204535,HM,FALSE,TRUE
Mar_23_193_SRS5_stem,TRUE,tree,stem,SRS5,2023-03-13,Mar2023,LGR2,B,original,FALSE,original,FALSE,FALSE,FALSE,NA,11:16:13,11:19:13,TRUE,TRUE,TRUE,TRUE,181,SN:3K60180500001583,SN:3K60180500001583,0.9940000772476196,fieldlog_window,FALSE,NA,NA,NA,NA,NA,NA,NA,NA,0.16592973277450213,HM,FALSE,TRUE,1.0718840017188649,HM,FALSE,FALSE
Mar_23_194_SRS5_stem,TRUE,tree,stem,SRS5,2023-03-13,Mar2023,LGR2,B,original,FALSE,original,FALSE,FALSE,FALSE,NA,11:23:37,11:26:37,TRUE,TRUE,TRUE,TRUE,181,SN:3K60180500001583,SN:3K60180500001583,0.9939999580383301,fieldlog_window,FALSE,NA,NA,NA,NA,NA,NA,NA,NA,0.0963314180439748,LM,FALSE,TRUE,1.1800702623692063,HM,FALSE,FALSE
Mar_23_195_SRS5_stem,TRUE,tree,stem,SRS5,2023-03-13,Mar2023,LGR2,B,original,FALSE,original,FALSE,FALSE,FALSE,NA,11:29:44,11:32:44,TRUE,TRUE,TRUE,TRUE,181,SN:3K60180500001583,SN:3K60180500001583,0.994999885559082,fieldlog_window,FALSE,NA,NA,NA,NA,NA,NA,NA,NA,0.09466325649074524,HM,FALSE,TRUE,0.9427504802318204,HM,FALSE,FALSE
Mar_23_196_SRS5_root,TRUE,tree,root,SRS5,2023-03-13,Mar2023,LGR2,B,original,FALSE,original,FALSE,FALSE,FALSE,NA,11:36:00,11:39:00,TRUE,TRUE,TRUE,TRUE,181,SN:3K60180500001583,SN:3K60180500001583,0.9945000410079956,fieldlog_window,FALSE,NA,NA,NA,NA,NA,NA,NA,NA,0.4588444040308952,HM,FALSE,TRUE,0.9905610443588224,HM,FALSE,TRUE
Mar_23_197_SRS5_root,TRUE,tree,root,SRS5,2023-03-13,Mar2023,LGR2,A,original,FALSE,original,FALSE,FALSE,FALSE,NA,11:45:05,11:49:05,TRUE,TRUE,TRUE,TRUE,241,SN:3K60180500001583,SN:3K60180500001583,0.994999885559082,fieldlog_window,FALSE,NA,NA,NA,NA,NA,NA,NA,NA,0.65622410175402,HM,FALSE,TRUE,0.2280838809572477,HM,FALSE,TRUE
Mar_23_203_SRS5_stem,TRUE,tree,stem,SRS5,2023-03-13,Mar2023,LGR2,B,original,FALSE,original,FALSE,FALSE,FALSE,NA,12:03:01,12:06:01,TRUE,TRUE,TRUE,TRUE,181,SN:3K60180500001583,SN:3K60180500001583,0.9940001964569092,fieldlog_window,FALSE,NA,NA,NA,NA,NA,NA,NA,NA,0.07226889871120552,LM,FALSE,TRUE,1.1770116738918364,HM,FALSE,FALSE
Mar_23_204_SRS5_stem,TRUE,tree,stem,SRS5,2023-03-13,Mar2023,LGR2,B,original,FALSE,original,FALSE,FALSE,FALSE,NA,12:11:28,12:14:28,TRUE,TRUE,TRUE,TRUE,181,SN:3K60180500001583,SN:3K60180500001583,0.9940001964569092,fieldlog_window,FALSE,NA,NA,NA,NA,NA,NA,NA,NA,0.10152980925979815,HM,FALSE,TRUE,1.312336729179728,HM,FALSE,FALSE
Mar_23_205_SRS5_stem,TRUE,tree,stem,SRS5,2023-03-13,Mar2023,LGR2,B,original,FALSE,original,FALSE,FALSE,FALSE,NA,12:18:21,12:21:21,TRUE,TRUE,TRUE,TRUE,181,SN:3K60180500001583,SN:3K60180500001583,0.9939999580383301,fieldlog_window,FALSE,NA,NA,NA,NA,NA,NA,NA,NA,0.09238491217192003,HM,FALSE,TRUE,1.5096043482716868,HM,FALSE,FALSE
Mar_23_206_SRS5_stem,TRUE,tree,stem,SRS5,2023-03-13,Mar2023,LGR2,B,original,FALSE,original,FALSE,FALSE,FALSE,NA,12:26:48,12:29:48,TRUE,TRUE,TRUE,TRUE,181,SN:3K60180500001583,SN:3K60180500001583,0.9945000410079956,fieldlog_window,FALSE,NA,NA,NA,NA,NA,NA,NA,NA,0.08388593065023153,HM,FALSE,TRUE,0.5859601222285363,HM,FALSE,FALSE
Mar_23_207_SRS5_CWD,TRUE,tree,cwd,SRS5,2023-03-13,Mar2023,LGR2,A,original,FALSE,original,FALSE,FALSE,FALSE,NA,12:32:04,12:35:04,TRUE,TRUE,TRUE,TRUE,181,SN:3K60180500001583,SN:3K60180500001583,0.9940001964569092,fieldlog_window,FALSE,NA,NA,NA,NA,NA,NA,NA,NA,0.3520231484036757,HM,FALSE,TRUE,2.2151966178404976,LM,FALSE,TRUE
Mar_23_199_SRS5_CWD,TRUE,tree,cwd,SRS5,2023-03-13,Mar2023,LGR2,A,original,FALSE,original,FALSE,FALSE,FALSE,NA,12:43:30,12:46:30,TRUE,TRUE,TRUE,TRUE,181,SN:3K60180500001583,SN:3K60180500001583,0.994999885559082,fieldlog_window,FALSE,NA,NA,NA,NA,NA,NA,NA,NA,0.2601299237870507,HM,FALSE,TRUE,2.473266664446638,HM,FALSE,FALSE
Mar_23_200_SRS5_CWD,TRUE,tree,cwd,SRS5,2023-03-13,Mar2023,LGR2,B,original,FALSE,original,FALSE,FALSE,FALSE,NA,12:49:04,12:52:04,TRUE,TRUE,TRUE,TRUE,181,SN:3K60180500001583,SN:3K60180500001583,0.994999885559082,fieldlog_window,FALSE,NA,NA,NA,NA,NA,NA,NA,NA,0.07050367658353747,HM,FALSE,TRUE,0.7228628268242537,HM,FALSE,FALSE
Mar_23_201_SRS5_CWD,TRUE,tree,cwd,SRS5,2023-03-13,Mar2023,LGR2,A,original,FALSE,original,FALSE,FALSE,FALSE,NA,12:53:50,12:56:50,TRUE,TRUE,TRUE,TRUE,181,SN:3K60180500001583,SN:3K60180500001583,0.9939999580383301,fieldlog_window,FALSE,NA,NA,NA,NA,NA,NA,NA,NA,0.3759028829016672,HM,FALSE,TRUE,2.3974503581490065,HM,FALSE,FALSE
Mar_23_202_SRS5_CWD,TRUE,tree,cwd,SRS5,2023-03-13,Mar2023,LGR2,B,original,FALSE,original,FALSE,FALSE,FALSE,NA,13:02:30,13:05:20,TRUE,TRUE,TRUE,TRUE,171,SN:3K60180500001583,SN:3K60180500001583,0.994999885559082,fieldlog_window,FALSE,NA,NA,NA,NA,NA,NA,NA,NA,0.07294907557709006,HM,FALSE,TRUE,0.8121088730435541,HM,FALSE,FALSE
Mar_23_135_CP40_stem,TRUE,tree,stem,CP40,2023-03-15,Mar2023,LGR2,C,original,FALSE,original,FALSE,FALSE,FALSE,NA,10:53:37,10:56:37,TRUE,TRUE,TRUE,TRUE,181,SN:3K60180500001583,SN:3K60180500001583,0.9950000047683716,fieldlog_window,FALSE,NA,NA,NA,NA,NA,NA,NA,NA,15.221038452498805,LM,FALSE,TRUE,1.0628893850814118,LM,FALSE,TRUE
Mar_23_136_CP40_stem,TRUE,tree,stem,CP40,2023-03-15,Mar2023,LGR2,C,original,FALSE,original,FALSE,FALSE,FALSE,NA,10:59:55,11:02:55,TRUE,TRUE,TRUE,TRUE,181,SN:3K60180500001583,SN:3K60180500001583,0.994999885559082,fieldlog_window,FALSE,NA,NA,NA,NA,NA,NA,NA,NA,0.4542146338329355,LM,FALSE,TRUE,0.4977963668726632,HM,FALSE,FALSE
Mar_23_137_CP40_stem,TRUE,tree,stem,CP40,2023-03-15,Mar2023,LGR2,C,trimmed_window_refit,FALSE,original,FALSE,FALSE,FALSE,NA,11:16:00,11:19:00,TRUE,TRUE,TRUE,TRUE,181,SN:3K60180500001583,SN:3K60180500001583,0.994999885559082,fieldlog_window,FALSE,NA,NA,NA,NA,NA,NA,NA,ebullition/corrected_time_windows.csv,19.164519632909197,HM,FALSE,TRUE,0.08455172933467489,LM,FALSE,TRUE
Mar_23_138_CP40_stem,TRUE,tree,stem,CP40,2023-03-15,Mar2023,LGR2,C,original,FALSE,original,FALSE,FALSE,FALSE,NA,11:22:31,11:25:31,TRUE,TRUE,TRUE,TRUE,181,SN:3K60180500001583,SN:3K60180500001583,0.9940000772476196,fieldlog_window,FALSE,NA,NA,NA,NA,NA,NA,NA,NA,10.484090324276876,LM,FALSE,TRUE,1.3639977880340128,LM,FALSE,TRUE
Mar_23_139_CP40_stem,TRUE,tree,stem,CP40,2023-03-15,Mar2023,LGR2,C,original,FALSE,original,FALSE,FALSE,FALSE,NA,11:34:00,11:37:00,TRUE,TRUE,TRUE,TRUE,181,SN:3K60180500001583,SN:3K60180500001583,0.994999885559082,fieldlog_window,FALSE,NA,NA,NA,NA,NA,NA,NA,NA,0.459538479077298,LM,FALSE,TRUE,0.40096640542633144,LM,FALSE,TRUE
Mar_23_140_CP40_stem,TRUE,tree,stem,CP40,2023-03-15,Mar2023,LGR2,C,original,FALSE,original,FALSE,FALSE,FALSE,NA,11:47:45,11:51:45,TRUE,TRUE,TRUE,TRUE,241,SN:3K60180500001583,SN:3K60180500001583,0.9940001964569092,fieldlog_window,FALSE,NA,NA,NA,NA,NA,NA,NA,NA,0.03353099484308541,LM,FALSE,TRUE,0.25618861052835135,HM,FALSE,TRUE
Mar_23_129_CP40_stem,TRUE,tree,stem,CP40,2023-03-15,Mar2023,LGR2,C,original,FALSE,original,FALSE,FALSE,FALSE,NA,12:13:50,12:16:50,TRUE,TRUE,TRUE,TRUE,181,SN:3K60180500001583,SN:3K60180500001583,0.9939999580383301,fieldlog_window,FALSE,NA,NA,NA,NA,NA,NA,NA,NA,17.361316444434777,LM,FALSE,TRUE,0.3316825406028855,HM,FALSE,FALSE
Mar_23_130_CP40_stem,TRUE,tree,stem,CP40,2023-03-15,Mar2023,LGR2,C,original,FALSE,original,FALSE,FALSE,FALSE,NA,12:24:40,12:27:40,TRUE,TRUE,TRUE,TRUE,181,SN:3K60180500001583,SN:3K60180500001583,0.9950000047683716,fieldlog_window,FALSE,NA,NA,NA,NA,NA,NA,NA,NA,0.8479462931338575,LM,FALSE,TRUE,0.30553886544354697,LM,FALSE,TRUE
Mar_23_131_CP40_stem,TRUE,tree,stem,CP40,2023-03-15,Mar2023,LGR2,C,original,FALSE,original,FALSE,FALSE,FALSE,NA,12:32:00,12:35:00,TRUE,TRUE,TRUE,TRUE,181,SN:3K60180500001583,SN:3K60180500001583,0.994999885559082,fieldlog_window,FALSE,NA,NA,NA,NA,NA,NA,NA,NA,0.04956543892496488,LM,FALSE,TRUE,0.4265859901717569,HM,FALSE,TRUE
Mar_23_132_CP40_stem,TRUE,tree,stem,CP40,2023-03-15,Mar2023,LGR2,C,original,FALSE,original,FALSE,FALSE,FALSE,NA,12:48:55,12:51:55,TRUE,TRUE,TRUE,TRUE,181,SN:3K60180500001583,SN:3K60180500001583,0.994999885559082,fieldlog_window,FALSE,NA,NA,NA,NA,NA,NA,NA,NA,23.99788071000807,LM,FALSE,TRUE,0.550546699621893,HM,FALSE,FALSE
Mar_23_133_CP40_stem,TRUE,tree,stem,CP40,2023-03-15,Mar2023,LGR2,C,original,FALSE,original,FALSE,FALSE,FALSE,NA,13:01:20,13:04:20,TRUE,TRUE,TRUE,TRUE,181,SN:3K60180500001583,SN:3K60180500001583,0.994999885559082,fieldlog_window,FALSE,NA,NA,NA,NA,NA,NA,NA,NA,2.1954219820804326,LM,FALSE,TRUE,0.29897779760987736,HM,FALSE,FALSE
Mar_23_134_CP40_stem,TRUE,tree,stem,CP40,2023-03-15,Mar2023,LGR2,C,original,FALSE,original,FALSE,FALSE,FALSE,NA,13:10:52,13:13:52,TRUE,TRUE,TRUE,TRUE,181,SN:3K60180500001583,SN:3K60180500001583,0.9945000410079956,fieldlog_window,FALSE,NA,NA,NA,NA,NA,NA,NA,NA,0.31673564440716573,HM,FALSE,FALSE,0.3750802529398969,HM,FALSE,FALSE
Mar_23_141_CP40_CWD,TRUE,tree,cwd,CP40,2023-03-15,Mar2023,LGR2,C,original,FALSE,original,FALSE,FALSE,FALSE,NA,13:57:40,14:00:40,TRUE,TRUE,TRUE,TRUE,181,SN:3K60180500001583,SN:3K60180500001583,0.9940001964569092,fieldlog_window,FALSE,NA,NA,NA,NA,NA,NA,NA,NA,0.06117983824821873,HM,FALSE,TRUE,0.3838429071420276,HM,FALSE,TRUE
Mar_23_142_CP40_CWD,TRUE,tree,cwd,CP40,2023-03-15,Mar2023,LGR2,B,original,FALSE,original,FALSE,FALSE,FALSE,NA,14:10:40,14:13:40,TRUE,TRUE,TRUE,TRUE,181,SN:3K60180500001583,SN:3K60180500001583,0.994999885559082,fieldlog_window,FALSE,NA,NA,NA,NA,NA,NA,NA,NA,0.30854933186120553,HM,FALSE,TRUE,0.5030855794100512,HM,FALSE,TRUE
Mar_23_143_CP40_CWD,TRUE,tree,cwd,CP40,2023-03-15,Mar2023,LGR2,B,original,FALSE,original,FALSE,FALSE,FALSE,NA,14:22:33,14:25:33,TRUE,TRUE,TRUE,TRUE,181,SN:3K60180500001583,SN:3K60180500001583,0.994999885559082,fieldlog_window,FALSE,NA,NA,NA,NA,NA,NA,NA,NA,0.08297653236764088,LM,FALSE,TRUE,0.3788644240430251,HM,FALSE,FALSE
Mar_23_144_CP40_stem,TRUE,tree,stem,CP40,2023-03-15,Mar2023,LGR2,C,original,FALSE,original,FALSE,FALSE,FALSE,NA,14:38:20,14:41:20,TRUE,TRUE,TRUE,TRUE,181,SN:3K60180500001583,SN:3K60180500001583,0.9940001964569092,fieldlog_window,FALSE,NA,NA,NA,NA,NA,NA,NA,NA,10.415515624015343,LM,FALSE,TRUE,1.119734550464076,HM,FALSE,FALSE
Mar_23_145_CP40_stem,TRUE,tree,stem,CP40,2023-03-15,Mar2023,LGR2,C,original,FALSE,original,FALSE,FALSE,FALSE,NA,14:54:02,14:57:02,TRUE,TRUE,TRUE,TRUE,181,SN:3K60180500001583,SN:3K60180500001583,0.9940001964569092,fieldlog_window,FALSE,NA,NA,NA,NA,NA,NA,NA,NA,0.07249716617810552,HM,FALSE,TRUE,0.26985353559494785,HM,FALSE,FALSE
Mar_23_146_CP40_stem,TRUE,tree,stem,CP40,2023-03-15,Mar2023,LGR2,C,original,FALSE,original,FALSE,FALSE,FALSE,NA,15:01:00,15:04:00,TRUE,TRUE,TRUE,TRUE,180,SN:3K60180500001583,SN:3K60180500001583,0.994999885559082,fieldlog_window,FALSE,NA,NA,NA,NA,NA,NA,NA,NA,0.05272345991138776,LM,FALSE,TRUE,0.4474449738497823,LM,FALSE,TRUE
Mar_23_147_CP40_stem,TRUE,tree,stem,CP40,2023-03-15,Mar2023,LGR2,C,original,FALSE,original,FALSE,FALSE,FALSE,NA,15:17:03,15:20:03,TRUE,TRUE,TRUE,TRUE,181,SN:3K60180500001583,SN:3K60180500001583,0.994999885559082,fieldlog_window,FALSE,NA,NA,NA,NA,NA,NA,NA,NA,0.4048694767974881,LM,FALSE,TRUE,0.38602136377873375,HM,FALSE,TRUE
Mar_23_148_CP40_stem,TRUE,tree,stem,CP40,2023-03-15,Mar2023,LGR2,C,original,FALSE,original,FALSE,FALSE,FALSE,NA,15:22:22,15:25:22,TRUE,TRUE,TRUE,TRUE,181,SN:3K60180500001583,SN:3K60180500001583,0.994999885559082,fieldlog_window,FALSE,NA,NA,NA,NA,NA,NA,NA,NA,0.7647198106496442,LM,FALSE,TRUE,0.6001553529754824,HM,FALSE,FALSE
Mar_23_117_BL60_stem,TRUE,tree,stem,BL60,2023-03-16,Mar2023,LGR2,A,original,FALSE,original,FALSE,FALSE,FALSE,NA,10:43:15,10:46:15,TRUE,TRUE,TRUE,TRUE,181,SN:3K60180500001583,SN:3K60180500001583,0.9950000047683716,fieldlog_window,FALSE,NA,NA,NA,NA,NA,NA,NA,NA,-0.6456105291478391,HM,FALSE,TRUE,1.2985166704573718,HM,FALSE,TRUE
Mar_23_119_BL60_stem,FALSE,tree,stem,BL60,2023-03-16,Mar2023,LGR2,A,artifact_removed,FALSE,NA,FALSE,FALSE,FALSE,NA,11:09:30,11:12:30,TRUE,TRUE,TRUE,TRUE,181,SN:3K60180500001583,SN:3K60180500001583,0.9950001239776611,fieldlog_window,FALSE,NA,NA,NA,NA,NA,NA,NA,NA,NA,NA,NA,NA,NA,NA,NA,NA
Mar_23_120_BL60_stem,TRUE,tree,stem,BL60,2023-03-16,Mar2023,LGR2,A,original,FALSE,original,FALSE,FALSE,FALSE,NA,11:25:30,11:28:30,TRUE,TRUE,TRUE,TRUE,181,SN:3K60180500001583,SN:3K60180500001583,0.9950001239776611,fieldlog_window,FALSE,NA,NA,NA,NA,NA,NA,NA,NA,0.20247827568393023,LM,FALSE,TRUE,2.363220488746027,HM,FALSE,TRUE
Mar_23_121_BL60_stem,TRUE,tree,stem,BL60,2023-03-16,Mar2023,LGR2,A,original,FALSE,original,FALSE,FALSE,FALSE,NA,11:38:30,11:41:30,TRUE,TRUE,TRUE,TRUE,181,SN:3K60180500001583,SN:3K60180500001583,0.994999885559082,fieldlog_window,FALSE,NA,NA,NA,NA,NA,NA,NA,NA,0.4657738251629061,HM,FALSE,TRUE,3.942281403660091,HM,FALSE,TRUE
Mar_23_113_BL60_stem,TRUE,tree,stem,BL60,2023-03-16,Mar2023,LGR2,A,original,FALSE,original,FALSE,FALSE,FALSE,NA,12:14:30,12:17:30,TRUE,TRUE,TRUE,TRUE,181,SN:3K60180500001583,SN:3K60180500001583,0.994999885559082,fieldlog_window,FALSE,NA,NA,NA,NA,NA,NA,NA,NA,-0.06222181985936976,HM,FALSE,TRUE,0.7053485834887167,HM,FALSE,TRUE
Mar_23_114_BL60_stem,TRUE,tree,stem,BL60,2023-03-16,Mar2023,LGR2,A,original,FALSE,original,FALSE,FALSE,FALSE,NA,12:23:00,12:26:00,TRUE,TRUE,TRUE,TRUE,181,SN:3K60180500001583,SN:3K60180500001583,0.994999885559082,fieldlog_window,FALSE,NA,NA,NA,NA,NA,NA,NA,NA,-0.1444614317499883,HM,FALSE,TRUE,1.4699513588397417,HM,FALSE,TRUE
Mar_23_115_BL60_stem,TRUE,tree,stem,BL60,2023-03-16,Mar2023,LGR2,A,original,FALSE,original,FALSE,FALSE,FALSE,NA,12:52:17,12:55:17,TRUE,TRUE,TRUE,TRUE,181,SN:3K60180500001583,SN:3K60180500001583,0.994999885559082,fieldlog_window,FALSE,NA,NA,NA,NA,NA,NA,NA,NA,-0.01395947243254453,HM,TRUE,TRUE,0.575111118478337,HM,FALSE,TRUE
Mar_23_122_BL60_stem,TRUE,tree,stem,BL60,2023-03-16,Mar2023,LGR2,A,original,FALSE,original,FALSE,FALSE,FALSE,NA,13:12:00,13:15:00,TRUE,TRUE,TRUE,TRUE,181,SN:3K60180500001583,SN:3K60180500001583,0.9950001239776611,fieldlog_window,FALSE,NA,NA,NA,NA,NA,NA,NA,NA,-0.07170740292592925,HM,FALSE,TRUE,1.076334550013064,HM,FALSE,TRUE
Mar_23_123_BL60_stem,TRUE,tree,stem,BL60,2023-03-16,Mar2023,LGR2,A,original,FALSE,original,FALSE,FALSE,FALSE,NA,13:37:40,13:40:40,TRUE,TRUE,TRUE,TRUE,181,SN:3K60180500001583,SN:3K60180500001583,0.9940001964569092,fieldlog_window,FALSE,NA,NA,NA,NA,NA,NA,NA,NA,0.22102876056213364,HM,FALSE,TRUE,0.7307666471150779,LM,FALSE,TRUE
Mar_23_124_BL60_root,TRUE,tree,root,BL60,2023-03-16,Mar2023,LGR2,A,original,FALSE,original,FALSE,FALSE,FALSE,NA,13:53:12,13:56:12,TRUE,TRUE,TRUE,TRUE,181,SN:3K60180500001583,SN:3K60180500001583,0.994999885559082,fieldlog_window,FALSE,NA,NA,NA,NA,NA,NA,NA,NA,-0.1277429820121418,HM,FALSE,TRUE,0.6921146708108035,HM,FALSE,TRUE
Mar_23_126_BL60_stem,TRUE,tree,stem,BL60,2023-03-16,Mar2023,LGR2,A,original,FALSE,original,FALSE,FALSE,FALSE,NA,14:49:00,14:52:00,TRUE,TRUE,TRUE,TRUE,181,SN:3K60180500001583,SN:3K60180500001583,0.994999885559082,fieldlog_window,FALSE,NA,NA,NA,NA,NA,NA,NA,NA,0.5625233752888436,HM,FALSE,TRUE,1.554718002276395,LM,FALSE,TRUE
Mar_23_127_BL60_stem,TRUE,tree,stem,BL60,2023-03-16,Mar2023,LGR2,A,original,FALSE,original,FALSE,FALSE,FALSE,NA,14:54:20,14:57:20,TRUE,TRUE,TRUE,TRUE,181,SN:3K60180500001583,SN:3K60180500001583,0.994999885559082,fieldlog_window,FALSE,NA,NA,NA,NA,NA,NA,NA,NA,-0.01396206448768451,HM,TRUE,TRUE,3.1510283674510613,HM,FALSE,TRUE
Mar_23_128_BL60_stem,TRUE,tree,stem,BL60,2023-03-16,Mar2023,LGR2,A,original,FALSE,original,FALSE,FALSE,FALSE,NA,15:05:20,15:08:20,TRUE,TRUE,TRUE,TRUE,181,SN:3K60180500001583,SN:3K60180500001583,0.994999885559082,fieldlog_window,FALSE,NA,NA,NA,NA,NA,NA,NA,NA,0.40337514848446687,LM,FALSE,TRUE,2.540750856522521,HM,FALSE,TRUE
45002_SE1_Water_144,TRUE,surface,water,SE1,2023-03-17,Mar2023,LGR2,Floating 8 in,ebullition_partitioned,FALSE,original,FALSE,FALSE,FALSE,Tree same-day,09:21:00,10:21:00,TRUE,TRUE,TRUE,TRUE,3620,SN:3K60180500001583,SN:3K60180500001583,0.994999885559082,fieldlog_window,TRUE,results_surface/lgr2_manual_identification_results_soil.csv,results_surface/lgr2_manual_identification_results_soil.csv,1,2023-03-17T09:16:48Z,2023-03-17T09:30:49Z,906,-252,ebullition/placements_summary.csv,2.5848557899538003,HM,FALSE,TRUE,1.7265986653330023,HM,FALSE,TRUE
LGR2_2023-03-17_SE1_P02,TRUE,surface,water,SE1,2023-03-17,Mar2023,LGR2,NA,ebullition_added_placement,FALSE,ebullition_reprocessing,FALSE,FALSE,FALSE,NA,09:23:55,09:33:54,TRUE,TRUE,TRUE,TRUE,603,SN:3K60180500001583,SN:3K60180500001583,0.994999885559082,fieldlog_window,FALSE,NA,NA,NA,NA,NA,NA,NA,ebullition/placements_summary.csv,0.825058945129284,HM,FALSE,FALSE,NA,NA,NA,NA
LGR2_2023-03-17_SE1_P03,TRUE,surface,water,SE1,2023-03-17,Mar2023,LGR2,NA,ebullition_added_placement,FALSE,ebullition_reprocessing,FALSE,FALSE,FALSE,NA,09:33:55,09:43:54,TRUE,TRUE,TRUE,TRUE,602,SN:3K60180500001583,SN:3K60180500001583,0.9940001964569092,fieldlog_window,FALSE,NA,NA,NA,NA,NA,NA,NA,ebullition/placements_summary.csv,0.607114819126928,HM,FALSE,FALSE,NA,NA,NA,NA
LGR2_2023-03-17_SE1_P04,TRUE,surface,water,SE1,2023-03-17,Mar2023,LGR2,NA,ebullition_added_placement,FALSE,ebullition_reprocessing,FALSE,FALSE,FALSE,NA,09:43:55,09:53:55,TRUE,TRUE,TRUE,TRUE,603,SN:3K60180500001583,SN:3K60180500001583,0.994999885559082,fieldlog_window,FALSE,NA,NA,NA,NA,NA,NA,NA,ebullition/placements_summary.csv,0.4606381108208194,HM,FALSE,FALSE,NA,NA,NA,NA
LGR2_2023-03-17_SE1_P05,TRUE,surface,water,SE1,2023-03-17,Mar2023,LGR2,NA,ebullition_added_placement,FALSE,ebullition_reprocessing,FALSE,FALSE,FALSE,NA,09:53:56,10:03:54,TRUE,TRUE,TRUE,TRUE,601,SN:3K60180500001583,SN:3K60180500001583,0.994999885559082,fieldlog_window,FALSE,NA,NA,NA,NA,NA,NA,NA,ebullition/placements_summary.csv,0.4892702826657245,HM,FALSE,FALSE,NA,NA,NA,NA
Mar_23_94_SE1_leaves,TRUE,tree,leaves,SE1,2023-03-17,Mar2023,LGR2,LB,trimmed_window_refit,FALSE,original,FALSE,FALSE,FALSE,NA,10:50:00,11:00:00,TRUE,TRUE,TRUE,TRUE,604,SN:3K60180500001583,SN:3K60180500001583,0.9940001964569092,fieldlog_window,FALSE,NA,NA,NA,NA,NA,NA,NA,ebullition/corrected_time_windows.csv,0.00272117298674005,LM,TRUE,TRUE,-1.1982774188504874,LM,FALSE,TRUE
Mar_23_95_SE1_leaves,TRUE,tree,leaves,SE1,2023-03-17,Mar2023,LGR2,LB,original,FALSE,original,FALSE,FALSE,FALSE,NA,11:09:00,11:12:00,TRUE,TRUE,TRUE,TRUE,181,SN:3K60180500001583,SN:3K60180500001583,0.9940001964569092,fieldlog_window,FALSE,NA,NA,NA,NA,NA,NA,NA,NA,0.05592303420432873,HM,FALSE,TRUE,-0.835645840430119,LM,FALSE,TRUE
Mar_23_96_SE1_leaves,TRUE,tree,leaves,SE1,2023-03-17,Mar2023,LGR2,LB,original,FALSE,original,FALSE,FALSE,FALSE,NA,11:18:00,11:21:00,TRUE,TRUE,TRUE,TRUE,181,SN:3K60180500001583,SN:3K60180500001583,0.994999885559082,fieldlog_window,FALSE,NA,NA,NA,NA,NA,NA,NA,NA,0.02671231927427821,HM,FALSE,TRUE,-0.8719155201709149,LM,FALSE,TRUE
Mar_23_97_SE1_leaves,TRUE,tree,leaves,SE1,2023-03-17,Mar2023,LGR2,LB,original,FALSE,original,FALSE,FALSE,FALSE,NA,11:33:00,11:36:00,TRUE,TRUE,TRUE,TRUE,181,SN:3K60180500001583,SN:3K60180500001583,0.994999885559082,fieldlog_window,FALSE,NA,NA,NA,NA,NA,NA,NA,NA,0.02542544358446876,HM,FALSE,TRUE,-2.1182645231468102,HM,FALSE,FALSE
Mar_23_98_SE1_leaves,TRUE,tree,leaves,SE1,2023-03-17,Mar2023,LGR2,LB,original,FALSE,original,FALSE,FALSE,FALSE,NA,11:43:00,11:46:00,TRUE,TRUE,TRUE,TRUE,181,SN:3K60180500001583,SN:3K60180500001583,0.994999885559082,fieldlog_window,FALSE,NA,NA,NA,NA,NA,NA,NA,NA,0.02322292525082661,LM,FALSE,TRUE,-1.849394351008864,LM,FALSE,TRUE
Mar_23_71_FLM30_stem,TRUE,tree,stem,FLM30,2023-03-18,Mar2023,LGR2,B,original,FALSE,original,FALSE,FALSE,FALSE,NA,10:51:00,10:54:00,TRUE,TRUE,TRUE,TRUE,181,SN:3K60180500001583,SN:3K60180500001583,0.9940001964569092,fieldlog_window,FALSE,NA,NA,NA,NA,NA,NA,NA,NA,41.13573579222933,HM,FALSE,FALSE,1.2216594565036174,HM,FALSE,FALSE
Mar_23_72_FLM30_stem,TRUE,tree,stem,FLM30,2023-03-18,Mar2023,LGR2,C,original,FALSE,original,FALSE,FALSE,FALSE,NA,10:59:30,11:02:30,TRUE,TRUE,TRUE,TRUE,181,SN:3K60180500001583,SN:3K60180500001583,0.994999885559082,fieldlog_window,FALSE,NA,NA,NA,NA,NA,NA,NA,NA,3.129373430013646,HM,FALSE,TRUE,1.2999007271798575,HM,FALSE,FALSE
Mar_23_73_FLM30_stem,TRUE,tree,stem,FLM30,2023-03-18,Mar2023,LGR2,C,original,FALSE,original,FALSE,FALSE,FALSE,NA,11:08:30,11:11:30,TRUE,TRUE,TRUE,TRUE,181,SN:3K60180500001583,SN:3K60180500001583,0.994999885559082,fieldlog_window,FALSE,NA,NA,NA,NA,NA,NA,NA,NA,0.37182507864351,HM,FALSE,FALSE,1.167651961349853,HM,FALSE,FALSE
Mar_23_74_FLM30_stem,TRUE,tree,stem,FLM30,2023-03-18,Mar2023,LGR2,A,original,FALSE,original,FALSE,FALSE,FALSE,NA,11:18:00,11:21:00,TRUE,TRUE,TRUE,TRUE,181,SN:3K60180500001583,SN:3K60180500001583,0.9945000410079956,fieldlog_window,FALSE,NA,NA,NA,NA,NA,NA,NA,NA,68.15146950131387,HM,FALSE,TRUE,22.190187449066045,HM,FALSE,TRUE
Mar_23_75_FLM30_stem,TRUE,tree,stem,FLM30,2023-03-18,Mar2023,LGR2,B,original,FALSE,original,FALSE,FALSE,FALSE,NA,11:31:00,11:34:00,TRUE,TRUE,TRUE,TRUE,181,SN:3K60180500001583,SN:3K60180500001583,0.9940000772476196,fieldlog_window,FALSE,NA,NA,NA,NA,NA,NA,NA,NA,2.715482813859234,HM,FALSE,FALSE,1.5894480643418687,HM,FALSE,FALSE
Mar_23_76_FLM30_stem,FALSE,tree,stem,FLM30,2023-03-18,Mar2023,LGR2,B,artifact_removed,FALSE,NA,FALSE,FALSE,FALSE,NA,11:36:30,11:39:30,TRUE,TRUE,TRUE,TRUE,181,SN:3K60180500001583,SN:3K60180500001583,0.994999885559082,fieldlog_window,FALSE,NA,NA,NA,NA,NA,NA,NA,NA,NA,NA,NA,NA,NA,NA,NA,NA
Mar_23_77_FLM30_stem,TRUE,tree,stem,FLM30,2023-03-18,Mar2023,LGR2,B,original,FALSE,original,FALSE,FALSE,FALSE,NA,11:41:30,11:44:30,TRUE,TRUE,TRUE,TRUE,181,SN:3K60180500001583,SN:3K60180500001583,0.994999885559082,fieldlog_window,FALSE,NA,NA,NA,NA,NA,NA,NA,NA,0.04027545586251596,HM,FALSE,TRUE,2.663989078352767,HM,FALSE,FALSE
Mar_23_88_FLM30_stem,TRUE,tree,stem,FLM30,2023-03-18,Mar2023,LGR2,B,original,FALSE,original,FALSE,FALSE,FALSE,NA,11:57:00,12:00:00,TRUE,TRUE,TRUE,TRUE,181,SN:3K60180500001583,SN:3K60180500001583,0.9939999580383301,fieldlog_window,FALSE,NA,NA,NA,NA,NA,NA,NA,NA,3.7893099114131017,HM,FALSE,FALSE,1.650243172397126,HM,FALSE,FALSE
Mar_23_89_FLM30_stem,TRUE,tree,stem,FLM30,2023-03-18,Mar2023,LGR2,B,original,FALSE,original,FALSE,FALSE,FALSE,NA,12:02:30,12:05:30,TRUE,TRUE,TRUE,TRUE,181,SN:3K60180500001583,SN:3K60180500001583,0.9939999580383301,fieldlog_window,FALSE,NA,NA,NA,NA,NA,NA,NA,NA,3.404900611559191,HM,FALSE,FALSE,1.670365215225439,HM,FALSE,FALSE
Mar_23_90_FLM30_stem,TRUE,tree,stem,FLM30,2023-03-18,Mar2023,LGR2,B,trimmed_window_refit,FALSE,original,FALSE,FALSE,FALSE,NA,12:09:30,12:12:30,TRUE,TRUE,TRUE,TRUE,181,SN:3K60180500001583,SN:3K60180500001583,0.9950001239776611,fieldlog_window,FALSE,NA,NA,NA,NA,NA,NA,NA,ebullition/corrected_time_windows.csv,19.882283241853173,HM,FALSE,TRUE,1.3001977487430263,HM,FALSE,FALSE
Mar_23_91_FLM30_stem,TRUE,tree,stem,FLM30,2023-03-18,Mar2023,LGR2,B,original,FALSE,original,FALSE,FALSE,FALSE,NA,12:19:30,12:22:30,TRUE,TRUE,TRUE,TRUE,181,SN:3K60180500001583,SN:3K60180500001583,0.994999885559082,fieldlog_window,FALSE,NA,NA,NA,NA,NA,NA,NA,NA,36.46860830792972,HM,FALSE,FALSE,1.920148264890516,HM,FALSE,FALSE
Mar_23_92_FLM30_stem,TRUE,tree,stem,FLM30,2023-03-18,Mar2023,LGR2,B,original,FALSE,original,FALSE,FALSE,FALSE,NA,12:26:00,12:29:00,TRUE,TRUE,TRUE,TRUE,181,SN:3K60180500001583,SN:3K60180500001583,0.9939999580383301,fieldlog_window,FALSE,NA,NA,NA,NA,NA,NA,NA,NA,-0.4084641432101427,LM,FALSE,TRUE,1.6791865551454823,HM,FALSE,FALSE
Mar_23_93_FLM30_stem,TRUE,tree,stem,FLM30,2023-03-18,Mar2023,LGR2,B,trimmed_window_refit,FALSE,original,FALSE,FALSE,FALSE,NA,12:33:00,12:36:00,TRUE,TRUE,TRUE,TRUE,181,SN:3K60180500001583,SN:3K60180500001583,0.994999885559082,fieldlog_window,FALSE,NA,NA,NA,NA,NA,NA,NA,ebullition/corrected_time_windows.csv,-0.06467885133248326,LM,FALSE,TRUE,2.4730607836923064,HM,FALSE,TRUE
Mar_23_82_FLM30_stem,TRUE,tree,stem,FLM30,2023-03-18,Mar2023,LGR2,A,original,FALSE,original,FALSE,FALSE,FALSE,NA,12:48:00,12:51:00,TRUE,TRUE,TRUE,TRUE,181,SN:3K60180500001583,SN:3K60180500001583,0.9950001239776611,fieldlog_window,FALSE,NA,NA,NA,NA,NA,NA,NA,NA,16.024961216425808,HM,FALSE,FALSE,5.042388003805169,HM,FALSE,FALSE
Mar_23_83_FLM30_stem,TRUE,tree,stem,FLM30,2023-03-18,Mar2023,LGR2,A,original,FALSE,original,FALSE,FALSE,FALSE,NA,12:54:00,12:57:00,TRUE,TRUE,TRUE,TRUE,181,SN:3K60180500001583,SN:3K60180500001583,0.994999885559082,fieldlog_window,FALSE,NA,NA,NA,NA,NA,NA,NA,NA,0.325001319805971,HM,FALSE,TRUE,7.136999681429566,HM,FALSE,TRUE
Mar_23_84_FLM30_stem,TRUE,tree,stem,FLM30,2023-03-18,Mar2023,LGR2,A,original,FALSE,original,FALSE,FALSE,FALSE,NA,13:00:30,13:03:30,TRUE,TRUE,TRUE,TRUE,181,SN:3K60180500001583,SN:3K60180500001583,0.994999885559082,fieldlog_window,FALSE,NA,NA,NA,NA,NA,NA,NA,NA,0.4119430059860228,HM,FALSE,TRUE,6.94688802330784,HM,FALSE,FALSE
Mar_23_85_FLM30_stem,TRUE,tree,stem,FLM30,2023-03-18,Mar2023,LGR2,C,original,FALSE,original,FALSE,FALSE,FALSE,NA,13:18:30,13:21:30,TRUE,TRUE,TRUE,TRUE,181,SN:3K60180500001583,SN:3K60180500001583,0.9939999580383301,fieldlog_window,FALSE,NA,NA,NA,NA,NA,NA,NA,NA,6.90612901727869,HM,FALSE,FALSE,1.4860217520650632,HM,FALSE,FALSE
Mar_23_86_FLM30_stem,TRUE,tree,stem,FLM30,2023-03-18,Mar2023,LGR2,B,original,FALSE,original,FALSE,FALSE,FALSE,NA,13:29:30,13:32:30,TRUE,TRUE,TRUE,TRUE,181,SN:3K60180500001583,SN:3K60180500001583,0.994999885559082,fieldlog_window,FALSE,NA,NA,NA,NA,NA,NA,NA,NA,0.03121843178646204,LM,FALSE,TRUE,3.026019043918088,HM,FALSE,FALSE
Mar_23_80_FLM30_stem,TRUE,tree,stem,FLM30,2023-03-18,Mar2023,LGR2,B,original,FALSE,original,FALSE,FALSE,FALSE,NA,13:47:45,13:50:45,TRUE,TRUE,TRUE,TRUE,181,SN:3K60180500001583,SN:3K60180500001583,0.9940001964569092,fieldlog_window,FALSE,NA,NA,NA,NA,NA,NA,NA,NA,0.06876845678074875,LM,FALSE,TRUE,2.0261798845479744,HM,FALSE,FALSE
Mar_23_79_FLM30_stem,TRUE,tree,stem,FLM30,2023-03-18,Mar2023,LGR2,B,original,FALSE,original,FALSE,FALSE,FALSE,NA,13:53:15,13:56:15,TRUE,TRUE,TRUE,TRUE,181,SN:3K60180500001583,SN:3K60180500001583,0.994999885559082,fieldlog_window,FALSE,NA,NA,NA,NA,NA,NA,NA,NA,0.12718847236582642,HM,FALSE,TRUE,2.2801934973193614,HM,FALSE,FALSE
Mar_23_78_FLM30_stem,TRUE,tree,stem,FLM30,2023-03-18,Mar2023,LGR2,C,original,FALSE,original,FALSE,FALSE,FALSE,NA,14:06:30,14:09:30,TRUE,TRUE,TRUE,TRUE,181,SN:3K60180500001583,SN:3K60180500001583,0.9939999580383301,fieldlog_window,FALSE,NA,NA,NA,NA,NA,NA,NA,NA,3.511430224575539,HM,FALSE,TRUE,1.132042991842577,HM,FALSE,FALSE
Mar_23_81_FLM30_stem,TRUE,tree,stem,FLM30,2023-03-18,Mar2023,LGR2,A,trimmed_window_refit,FALSE,original,FALSE,FALSE,FALSE,NA,14:23:30,14:26:30,TRUE,TRUE,TRUE,TRUE,181,SN:3K60180500001583,SN:3K60180500001583,0.994999885559082,fieldlog_window,FALSE,NA,NA,NA,NA,NA,NA,NA,ebullition/corrected_time_windows.csv,1.7820767562024604,HM,FALSE,TRUE,3.4780245894985256,LM,FALSE,TRUE
Mar_23_17_BL60_stem,TRUE,tree,stem,BL60,2023-03-19,Mar2023,LGR2,A,original,FALSE,original,FALSE,FALSE,FALSE,NA,09:30:30,09:33:30,TRUE,TRUE,TRUE,TRUE,181,SN:3K60180500001583,SN:3K60180500001583,0.9940001964569092,fieldlog_window,FALSE,NA,NA,NA,NA,NA,NA,NA,NA,1.07127179339018,HM,FALSE,TRUE,3.8961677918514344,HM,FALSE,TRUE
Mar_23_19_BL60_stem,TRUE,tree,stem,BL60,2023-03-19,Mar2023,LGR2,HA,original,FALSE,original,TRUE,FALSE,FALSE,NA,09:54:30,09:57:30,TRUE,TRUE,TRUE,TRUE,181,SN:3K60180500001583,SN:3K60180500001583,0.994999885559082,fieldlog_window,FALSE,NA,NA,NA,NA,NA,NA,NA,NA,13.439467468104136,HM,FALSE,FALSE,4.258112758121456,HM,FALSE,FALSE
Mar_23_20_BL60_stem,TRUE,tree,stem,BL60,2023-03-19,Mar2023,LGR2,HA,original,FALSE,original,TRUE,FALSE,FALSE,NA,10:32:37,10:35:37,TRUE,TRUE,TRUE,TRUE,181,SN:3K60180500001583,SN:3K60180500001583,0.9940001964569092,fieldlog_window,FALSE,NA,NA,NA,NA,NA,NA,NA,NA,2.2651305622417666,HM,FALSE,TRUE,0.690103278171287,LM,FALSE,TRUE
Mar_23_18_BL60_stem,TRUE,tree,stem,BL60,2023-03-19,Mar2023,LGR2,A,original,FALSE,original,FALSE,FALSE,FALSE,NA,10:49:50,10:52:50,TRUE,TRUE,TRUE,TRUE,181,SN:3K60180500001583,SN:3K60180500001583,0.9939999580383301,fieldlog_window,FALSE,NA,NA,NA,NA,NA,NA,NA,NA,0.30804961260703817,HM,FALSE,TRUE,6.519617605001268,HM,FALSE,TRUE
Mar_23_22_BL60_stem,TRUE,tree,stem,BL60,2023-03-19,Mar2023,LGR2,A,original,FALSE,original,FALSE,FALSE,FALSE,NA,11:14:20,11:17:20,TRUE,TRUE,TRUE,TRUE,181,SN:3K60180500001583,SN:3K60180500001583,0.994999885559082,fieldlog_window,FALSE,NA,NA,NA,NA,NA,NA,NA,NA,0.27464200150987944,HM,FALSE,TRUE,5.520085849700898,HM,FALSE,FALSE
Mar_23_23_BL60_stem,TRUE,tree,stem,BL60,2023-03-19,Mar2023,LGR2,A,original,FALSE,original,FALSE,FALSE,FALSE,NA,11:22:50,11:25:50,TRUE,TRUE,TRUE,TRUE,181,SN:3K60180500001583,SN:3K60180500001583,0.9939999580383301,fieldlog_window,FALSE,NA,NA,NA,NA,NA,NA,NA,NA,0.4549552239511493,HM,FALSE,TRUE,8.754814272336768,HM,FALSE,TRUE
Mar_23_24_BL60_root,TRUE,tree,root,BL60,2023-03-19,Mar2023,LGR2,A,original,FALSE,original,FALSE,FALSE,FALSE,NA,11:30:23,11:33:23,TRUE,TRUE,TRUE,TRUE,181,SN:3K60180500001583,SN:3K60180500001583,0.994999885559082,fieldlog_window,FALSE,NA,NA,NA,NA,NA,NA,NA,NA,5.448621116507727,HM,FALSE,TRUE,3.349447625948859,HM,FALSE,TRUE
Mar_23_10_BL60_stem,TRUE,tree,stem,BL60,2023-03-19,Mar2023,LGR2,A,original,FALSE,original,FALSE,FALSE,FALSE,NA,11:55:25,11:58:25,TRUE,TRUE,TRUE,TRUE,181,SN:3K60180500001583,SN:3K60180500001583,0.9945000410079956,fieldlog_window,FALSE,NA,NA,NA,NA,NA,NA,NA,NA,0.34411006343562556,HM,FALSE,TRUE,8.595974993674028,HM,FALSE,TRUE
Mar_23_21_BL60_stem,TRUE,tree,stem,BL60,2023-03-19,Mar2023,LGR2,A,original,FALSE,original,FALSE,FALSE,FALSE,NA,11:57:40,12:00:40,TRUE,TRUE,TRUE,TRUE,181,SN:3K60180500001583,SN:3K60180500001583,0.994999885559082,fieldlog_window,FALSE,NA,NA,NA,NA,NA,NA,NA,NA,0.3523355811403775,HM,FALSE,TRUE,8.660396763302042,HM,FALSE,TRUE
Mar_23_13_BL60_root,TRUE,tree,root,BL60,2023-03-19,Mar2023,LGR2,HA,original,FALSE,original,FALSE,FALSE,FALSE,NA,12:09:00,12:12:00,TRUE,TRUE,TRUE,TRUE,181,SN:3K60180500001583,SN:3K60180500001583,0.994999885559082,fieldlog_window,FALSE,NA,NA,NA,NA,NA,NA,NA,NA,NA,NA,FALSE,FALSE,NA,NA,FALSE,FALSE
Mar_23_11_BL60_stem,TRUE,tree,stem,BL60,2023-03-19,Mar2023,LGR2,A,original,FALSE,original,FALSE,FALSE,FALSE,NA,12:19:10,12:22:10,TRUE,TRUE,TRUE,TRUE,181,SN:3K60180500001583,SN:3K60180500001583,0.994999885559082,fieldlog_window,FALSE,NA,NA,NA,NA,NA,NA,NA,NA,0.11476676628348402,HM,FALSE,TRUE,9.69465728116086,HM,FALSE,TRUE
Mar_23_12_BL60_stem,TRUE,tree,stem,BL60,2023-03-19,Mar2023,LGR2,A,original,FALSE,original,FALSE,FALSE,FALSE,NA,12:43:20,12:46:20,TRUE,TRUE,TRUE,TRUE,181,SN:3K60180500001583,SN:3K60180500001583,0.994999885559082,fieldlog_window,FALSE,NA,NA,NA,NA,NA,NA,NA,NA,0.133698267524157,LM,FALSE,TRUE,6.70140938331249,HM,FALSE,TRUE
Mar_23_14_BL60_stem,TRUE,tree,stem,BL60,2023-03-19,Mar2023,LGR2,A,trimmed_window_refit,FALSE,original,FALSE,FALSE,FALSE,NA,13:32:00,13:35:00,TRUE,TRUE,TRUE,TRUE,181,SN:3K60180500001583,SN:3K60180500001583,0.9950000047683716,fieldlog_window,FALSE,NA,NA,NA,NA,NA,NA,NA,ebullition/corrected_time_windows.csv,4.836546256507098,LM,FALSE,TRUE,3.8683205549424766,HM,FALSE,TRUE
Mar_23_16_BL60_stem,TRUE,tree,stem,BL60,2023-03-19,Mar2023,LGR2,A,original,FALSE,original,FALSE,FALSE,FALSE,NA,13:41:30,13:50:30,TRUE,TRUE,TRUE,TRUE,543,SN:3K60180500001583,SN:3K60180500001583,0.994999885559082,fieldlog_window,FALSE,NA,NA,NA,NA,NA,NA,NA,NA,5.730026032391321,LM,FALSE,TRUE,5.579989481558339,HM,FALSE,TRUE
Mar_23_15_BL60_root,TRUE,tree,root,BL60,2023-03-19,Mar2023,LGR2,HA,original,FALSE,original,TRUE,FALSE,FALSE,NA,13:42:00,13:45:00,TRUE,TRUE,TRUE,TRUE,181,SN:3K60180500001583,SN:3K60180500001583,0.9939999580383301,fieldlog_window,FALSE,NA,NA,NA,NA,NA,NA,NA,NA,9.248883085221182,HM,FALSE,TRUE,3.8957264530918887,HM,FALSE,TRUE
Mar_23_276_SRS6_stem,TRUE,tree,stem,SRS6,2023-03-10,Mar2023,LGR3,C,original,FALSE,original,FALSE,FALSE,FALSE,NA,14:20:00,14:23:00,TRUE,TRUE,TRUE,TRUE,181,SN:3K60180500001584,SN:3K60180500001584,0.994999885559082,fieldlog_window,TRUE,results_trees/lgr3_manual_identification_results.csv,results_trees/lgr3_manual_identification_results.csv,1,2023-03-10T14:20:25Z,2023-03-10T14:24:39Z,906,25,NA,0.7939416646405358,HM,FALSE,TRUE,0.27362192737220964,HM,FALSE,FALSE
Mar_23_277_SRS6_stem,TRUE,tree,stem,SRS6,2023-03-10,Mar2023,LGR3,C,original,FALSE,original,FALSE,FALSE,FALSE,NA,14:39:30,14:42:30,TRUE,TRUE,TRUE,TRUE,181,SN:3K60180500001584,SN:3K60180500001584,0.994999885559082,fieldlog_window,TRUE,results_trees/lgr3_manual_identification_results.csv,results_trees/lgr3_manual_identification_results.csv,1,2023-03-10T14:39:51Z,2023-03-10T14:43:07Z,906,21,NA,0.1766554300710181,HM,FALSE,TRUE,0.30570897228964616,HM,FALSE,TRUE
Mar_23_278_SRS6_stem,TRUE,tree,stem,SRS6,2023-03-10,Mar2023,LGR3,C,original,FALSE,original,FALSE,FALSE,FALSE,NA,14:46:00,14:49:00,TRUE,TRUE,TRUE,TRUE,181,SN:3K60180500001584,SN:3K60180500001584,0.994999885559082,fieldlog_window,TRUE,results_trees/lgr3_manual_identification_results.csv,results_trees/lgr3_manual_identification_results.csv,1,2023-03-10T14:46:27Z,2023-03-10T14:49:57Z,906,27,NA,0.6911362570507423,HM,FALSE,FALSE,0.3897619495781885,HM,FALSE,TRUE
Mar_23_279_SRS6_root,TRUE,tree,root,SRS6,2023-03-10,Mar2023,LGR3,B,original,FALSE,original,FALSE,FALSE,FALSE,NA,15:00:00,15:03:00,TRUE,TRUE,TRUE,TRUE,181,SN:3K60180500001584,SN:3K60180500001584,0.994999885559082,fieldlog_window,TRUE,results_trees/lgr3_manual_identification_results.csv,results_trees/lgr3_manual_identification_results.csv,1,2023-03-10T15:00:45Z,2023-03-10T15:04:16Z,905,45,NA,0.00175397764607347,LM,TRUE,TRUE,0.00981590922127354,LM,FALSE,TRUE
Mar_23_280_SRS6_stem,TRUE,tree,stem,SRS6,2023-03-10,Mar2023,LGR3,C,original,FALSE,original,FALSE,FALSE,FALSE,NA,15:16:15,15:19:15,TRUE,TRUE,TRUE,TRUE,181,SN:3K60180500001584,SN:3K60180500001584,0.9940001964569092,fieldlog_window,TRUE,results_trees/lgr3_manual_identification_results.csv,results_trees/lgr3_manual_identification_results.csv,1,2023-03-10T15:16:38Z,2023-03-10T15:20:27Z,906,23,NA,0.409858710677867,HM,FALSE,FALSE,0.7436299161957922,HM,FALSE,TRUE
Mar_23_281_SRS6_stem,TRUE,tree,stem,SRS6,2023-03-10,Mar2023,LGR3,C,original,FALSE,original,FALSE,FALSE,FALSE,NA,15:25:00,15:28:00,TRUE,TRUE,TRUE,TRUE,181,SN:3K60180500001584,SN:3K60180500001584,0.994999885559082,fieldlog_window,TRUE,results_trees/lgr3_manual_identification_results.csv,results_trees/lgr3_manual_identification_results.csv,1,2023-03-10T15:25:23Z,2023-03-10T15:28:18Z,906,23,NA,0.29495635328029784,HM,FALSE,FALSE,0.6437378568574865,HM,FALSE,FALSE
Mar_23_282_SRS6_stem,TRUE,tree,stem,SRS6,2023-03-10,Mar2023,LGR3,C,original,FALSE,original,FALSE,FALSE,FALSE,NA,15:32:00,15:35:00,TRUE,TRUE,TRUE,TRUE,181,SN:3K60180500001584,SN:3K60180500001584,0.994999885559082,fieldlog_window,TRUE,results_trees/lgr3_manual_identification_results.csv,results_trees/lgr3_manual_identification_results.csv,1,2023-03-10T15:32:55Z,2023-03-10T15:36:55Z,906,55,NA,0.12332314390883602,HM,FALSE,TRUE,0.6931774616274352,HM,FALSE,FALSE
Mar_23_283_SRS6_root,TRUE,tree,root,SRS6,2023-03-10,Mar2023,LGR3,B,original,FALSE,original,FALSE,FALSE,FALSE,NA,15:44:00,15:47:00,TRUE,TRUE,TRUE,TRUE,181,SN:3K60180500001584,SN:3K60180500001584,0.994999885559082,fieldlog_window,TRUE,results_trees/lgr3_manual_identification_results.csv,results_trees/lgr3_manual_identification_results.csv,1,2023-03-10T15:44:22Z,2023-03-10T15:48:24Z,906,22,NA,0.6175199564701465,HM,FALSE,TRUE,0.7550350679540159,HM,FALSE,FALSE
Mar_23_284_SRS6_stem,TRUE,tree,stem,SRS6,2023-03-10,Mar2023,LGR3,B,original,FALSE,original,FALSE,FALSE,FALSE,NA,16:02:00,16:05:00,TRUE,TRUE,TRUE,TRUE,181,SN:3K60180500001584,SN:3K60180500001584,0.9939999580383301,fieldlog_window,TRUE,results_trees/lgr3_manual_identification_results.csv,results_trees/lgr3_manual_identification_results.csv,1,2023-03-10T16:02:10Z,2023-03-10T16:04:54Z,905,10,NA,1.3282735304567983,HM,FALSE,FALSE,0.08568124247114763,HM,FALSE,TRUE
Mar_23_285_SRS6_stem,TRUE,tree,stem,SRS6,2023-03-10,Mar2023,LGR3,B,original,FALSE,original,FALSE,FALSE,FALSE,NA,16:09:30,16:12:30,TRUE,TRUE,TRUE,TRUE,181,SN:3K60180500001584,SN:3K60180500001584,0.9940001964569092,fieldlog_window,TRUE,results_trees/lgr3_manual_identification_results.csv,results_trees/lgr3_manual_identification_results.csv,1,2023-03-10T16:10:20Z,2023-03-10T16:13:23Z,906,50,NA,0.05222068773996883,HM,FALSE,TRUE,0.18168061424382856,HM,FALSE,FALSE
Mar_23_286_SRS6_stem,TRUE,tree,stem,SRS6,2023-03-10,Mar2023,LGR3,B,original,FALSE,original,FALSE,FALSE,FALSE,NA,16:19:00,16:21:00,TRUE,TRUE,TRUE,TRUE,121,SN:3K60180500001584,SN:3K60180500001584,0.9950001239776611,fieldlog_window,TRUE,results_trees/lgr3_manual_identification_results.csv,results_trees/lgr3_manual_identification_results.csv,1,2023-03-10T16:19:45Z,2023-03-10T16:22:20Z,906,45,NA,-0.5414860851429568,HM,FALSE,TRUE,0.5046040111692218,HM,FALSE,TRUE
Mar_23_287_SRS6_root,TRUE,tree,root,SRS6,2023-03-10,Mar2023,LGR3,B,original,FALSE,original,FALSE,FALSE,FALSE,NA,16:27:00,16:30:00,TRUE,TRUE,TRUE,TRUE,181,SN:3K60180500001584,SN:3K60180500001584,0.994999885559082,fieldlog_window,TRUE,results_trees/lgr3_manual_identification_results.csv,results_trees/lgr3_manual_identification_results.csv,1,2023-03-10T16:27:36Z,2023-03-10T16:29:54Z,906,36,NA,2.8366502251074097,HM,FALSE,FALSE,0.3926325774138999,HM,FALSE,TRUE
Mar_23_288_SRS6_root,TRUE,tree,root,SRS6,2023-03-10,Mar2023,LGR3,A,original,FALSE,original,FALSE,FALSE,FALSE,NA,16:33:30,16:36:30,TRUE,TRUE,TRUE,TRUE,181,SN:3K60180500001584,SN:3K60180500001584,0.994999885559082,fieldlog_window,TRUE,results_trees/lgr3_manual_identification_results.csv,results_trees/lgr3_manual_identification_results.csv,1,2023-03-10T16:33:51Z,2023-03-10T16:36:20Z,539,21,NA,-0.08771386701751181,HM,FALSE,TRUE,0.03690113519063408,LM,FALSE,TRUE
Mar_23_263_SRS6_stem,TRUE,tree,stem,SRS6,2023-03-11,Mar2023,LGR3,C,original,FALSE,original,FALSE,FALSE,FALSE,NA,11:54:30,11:57:30,TRUE,TRUE,TRUE,TRUE,181,SN:3K60180500001584,SN:3K60180500001584,0.994999885559082,fieldlog_window,TRUE,results_trees/lgr3_manual_identification_results.csv,results_trees/lgr3_manual_identification_results.csv,1,2023-03-11T11:54:31Z,2023-03-11T11:57:32Z,906,1,NA,0.15199842730640167,HM,FALSE,TRUE,1.3114011139774795,HM,FALSE,FALSE
Mar_23_264_SRS6_stem,TRUE,tree,stem,SRS6,2023-03-11,Mar2023,LGR3,C,original,FALSE,original,FALSE,FALSE,FALSE,NA,12:08:15,12:11:15,TRUE,TRUE,TRUE,TRUE,181,SN:3K60180500001584,SN:3K60180500001584,0.9939999580383301,fieldlog_window,TRUE,results_trees/lgr3_manual_identification_results.csv,results_trees/lgr3_manual_identification_results.csv,1,2023-03-11T12:08:17Z,2023-03-11T12:11:47Z,906,2,NA,0.03092717579347911,LM,FALSE,TRUE,0.7655915224202714,HM,FALSE,TRUE
Mar_23_265_SRS6_stem,TRUE,tree,stem,SRS6,2023-03-11,Mar2023,LGR3,C,original,FALSE,original,FALSE,FALSE,FALSE,NA,12:23:30,12:26:30,TRUE,TRUE,TRUE,TRUE,181,SN:3K60180500001584,SN:3K60180500001584,0.9940001964569092,fieldlog_window,TRUE,results_trees/lgr3_manual_identification_results.csv,results_trees/lgr3_manual_identification_results.csv,1,2023-03-11T12:23:35Z,2023-03-11T12:27:15Z,906,5,NA,0.05322441481502438,HM,FALSE,TRUE,0.6077573525166031,HM,FALSE,FALSE
Mar_23_266_SRS6_stem,TRUE,tree,stem,SRS6,2023-03-11,Mar2023,LGR3,C,original,FALSE,original,FALSE,FALSE,FALSE,NA,12:39:30,12:42:30,TRUE,TRUE,TRUE,TRUE,181,SN:3K60180500001584,SN:3K60180500001584,0.994999885559082,fieldlog_window,TRUE,results_trees/lgr3_manual_identification_results.csv,results_trees/lgr3_manual_identification_results.csv,1,2023-03-11T12:39:34Z,2023-03-11T12:43:01Z,906,4,NA,0.25013172304828185,HM,FALSE,TRUE,1.3304304603165031,HM,FALSE,TRUE
Mar_23_273_SRS6_stem,TRUE,tree,stem,SRS6,2023-03-11,Mar2023,LGR3,D,original,FALSE,original,FALSE,FALSE,FALSE,NA,12:47:30,14:50:30,TRUE,TRUE,TRUE,TRUE,7098,SN:3K60180500001584,SN:3K60180500001584,0.994999885559082,fieldlog_window,TRUE,results_trees/lgr3_manual_identification_results.csv,results_trees/lgr3_manual_identification_results.csv,1,2023-03-11T12:51:37Z,2023-03-11T12:54:16Z,906,247,NA,0.182815909817563,HM,FALSE,TRUE,0.8630917322096024,HM,FALSE,FALSE
Mar_23_267_SRS6_stem,TRUE,tree,stem,SRS6,2023-03-11,Mar2023,LGR3,C,original,FALSE,original,FALSE,FALSE,FALSE,NA,12:51:30,12:54:30,TRUE,TRUE,TRUE,TRUE,181,SN:3K60180500001584,SN:3K60180500001584,0.9940001964569092,fieldlog_window,TRUE,results_trees/lgr3_manual_identification_results.csv,results_trees/lgr3_manual_identification_results.csv,1,2023-03-11T12:51:35Z,2023-03-11T12:54:49Z,906,5,NA,0.2528714391802066,HM,FALSE,TRUE,1.1869771603057089,HM,FALSE,FALSE
Mar_23_268_SRS6_stem,TRUE,tree,stem,SRS6,2023-03-11,Mar2023,LGR3,B,original,FALSE,original,FALSE,FALSE,FALSE,NA,13:04:00,13:07:00,TRUE,TRUE,TRUE,TRUE,181,SN:3K60180500001584,SN:3K60180500001584,0.994999885559082,fieldlog_window,TRUE,results_trees/lgr3_manual_identification_results.csv,results_trees/lgr3_manual_identification_results.csv,1,2023-03-11T13:04:08Z,2023-03-11T13:06:50Z,906,8,NA,0.8788812963713403,HM,FALSE,TRUE,1.256728899855614,HM,FALSE,FALSE
Mar_23_269_SRS6_root,TRUE,tree,root,SRS6,2023-03-11,Mar2023,LGR3,A,original,FALSE,original,FALSE,FALSE,FALSE,NA,13:31:30,13:34:30,TRUE,TRUE,TRUE,TRUE,181,SN:3K60180500001584,SN:3K60180500001584,0.9950001239776611,fieldlog_window,TRUE,results_trees/lgr3_manual_identification_results.csv,results_trees/lgr3_manual_identification_results.csv,1,2023-03-11T13:31:32Z,2023-03-11T13:34:57Z,905,2,NA,0.1032538073600483,HM,FALSE,TRUE,1.2147929687214185,HM,FALSE,TRUE
Mar_23_270_SRS6_stem,TRUE,tree,stem,SRS6,2023-03-11,Mar2023,LGR3,C,original,FALSE,original,FALSE,FALSE,FALSE,NA,14:05:30,14:08:30,TRUE,TRUE,TRUE,TRUE,181,SN:3K60180500001584,SN:3K60180500001584,0.9940001964569092,fieldlog_window,TRUE,results_trees/lgr3_manual_identification_results.csv,results_trees/lgr3_manual_identification_results.csv,1,2023-03-11T14:06:03Z,2023-03-11T14:09:21Z,732,33,NA,0.20154174666208372,HM,FALSE,TRUE,1.3250653710766676,LM,FALSE,TRUE
Mar_23_271_SRS6_stem,TRUE,tree,stem,SRS6,2023-03-11,Mar2023,LGR3,C,original,FALSE,original,FALSE,FALSE,FALSE,NA,14:16:00,14:19:00,TRUE,TRUE,TRUE,TRUE,181,SN:3K60180500001584,SN:3K60180500001584,0.9945000410079956,fieldlog_window,TRUE,results_trees/lgr3_manual_identification_results.csv,results_trees/lgr3_manual_identification_results.csv,1,2023-03-11T14:15:25Z,2023-03-11T14:18:57Z,906,-35,NA,0.04314375862603174,HM,FALSE,TRUE,0.7370420727707345,HM,FALSE,FALSE
Mar_23_272_SRS6_stem,TRUE,tree,stem,SRS6,2023-03-11,Mar2023,LGR3,B,original,FALSE,original,FALSE,FALSE,FALSE,NA,14:27:30,14:30:30,TRUE,TRUE,TRUE,TRUE,181,SN:3K60180500001584,SN:3K60180500001584,0.994999885559082,fieldlog_window,TRUE,results_trees/lgr3_manual_identification_results.csv,results_trees/lgr3_manual_identification_results.csv,1,2023-03-11T14:27:07Z,2023-03-11T14:30:37Z,905,-23,NA,0.06350811904981317,LM,FALSE,TRUE,0.5752738357259061,HM,FALSE,FALSE
Mar_23_274_SRS6_stem,TRUE,tree,stem,SRS6,2023-03-11,Mar2023,LGR3,D,original,FALSE,original,FALSE,FALSE,FALSE,NA,14:59:30,15:02:30,TRUE,TRUE,TRUE,TRUE,181,SN:3K60180500001584,SN:3K60180500001584,0.994999885559082,fieldlog_window,TRUE,results_trees/lgr3_manual_identification_results.csv,results_trees/lgr3_manual_identification_results.csv,1,2023-03-11T14:59:46Z,2023-03-11T15:02:24Z,906,16,NA,0.36937212486618615,HM,FALSE,TRUE,2.218370716757742,LM,FALSE,TRUE
Mar_23_275_SRS6_stem,TRUE,tree,stem,SRS6,2023-03-11,Mar2023,LGR3,D,original,FALSE,original,FALSE,FALSE,FALSE,NA,15:12:25,15:15:25,TRUE,TRUE,TRUE,TRUE,181,SN:3K60180500001584,SN:3K60180500001584,0.9940001964569092,fieldlog_window,TRUE,results_trees/lgr3_manual_identification_results.csv,results_trees/lgr3_manual_identification_results.csv,1,2023-03-11T15:12:51Z,2023-03-11T15:15:24Z,906,26,NA,0.0776532655564461,HM,FALSE,TRUE,1.7185363881350286,HM,FALSE,TRUE
Mar_23_262_SRS6_stem,TRUE,tree,stem,SRS6,2023-03-11,Mar2023,LGR3,D,original,FALSE,original,FALSE,FALSE,FALSE,NA,15:52:15,15:55:15,TRUE,TRUE,TRUE,TRUE,181,SN:3K60180500001584,SN:3K60180500001584,0.9939999580383301,fieldlog_window,TRUE,results_trees/lgr3_manual_identification_results.csv,results_trees/lgr3_manual_identification_results.csv,1,2023-03-11T15:52:18Z,2023-03-11T15:54:33Z,518,3,NA,0.01817194799697633,LM,TRUE,TRUE,1.1735077861288008,LM,FALSE,TRUE
44997_SRS5_Soil_99,TRUE,surface,soil,SRS5,2023-03-12,Mar2023,LGR3,1 ft soil,original,FALSE,original,FALSE,FALSE,FALSE,Tree 30min,11:20:00,11:27:00,TRUE,TRUE,TRUE,TRUE,422,SN:3K60180500001584,SN:3K60180500001584,0.994999885559082,fieldlog_window,TRUE,results_surface/lgr3_manual_identification_results_soil.csv,results_surface/lgr3_manual_identification_results_soil.csv;results_surface/lgr3_manual_identification_results_updated.csv,2,2023-03-12T11:20:03Z,2023-03-12T11:24:48Z,906,3,NA,-0.06622115425493454,HM,FALSE,TRUE,0.45914729512247904,HM,FALSE,TRUE
44997_SRS5_Soil_100,TRUE,surface,soil,SRS5,2023-03-12,Mar2023,LGR3,1 ft soil,original,FALSE,original,FALSE,FALSE,FALSE,Tree 30min,11:30:00,11:32:00,TRUE,TRUE,TRUE,TRUE,121,SN:3K60180500001584,SN:3K60180500001584,0.994999885559082,fieldlog_window,TRUE,results_surface/lgr3_manual_identification_results_soil.csv,results_surface/lgr3_manual_identification_results_soil.csv;results_surface/lgr3_manual_identification_results_updated.csv,2,2023-03-12T11:30:12Z,2023-03-12T11:32:40Z,906,12,NA,0.0738404800784744,LM,TRUE,TRUE,1.99296753766638,HM,FALSE,TRUE
44997_SRS5_Soil_101,TRUE,surface,soil,SRS5,2023-03-12,Mar2023,LGR3,1 ft soil,original,FALSE,original,FALSE,FALSE,FALSE,Tree 30min,11:36:01,11:38:00,TRUE,TRUE,TRUE,TRUE,120,SN:3K60180500001584,SN:3K60180500001584,0.994999885559082,fieldlog_window,TRUE,results_surface/lgr3_manual_identification_results_soil.csv,results_surface/lgr3_manual_identification_results_soil.csv;results_surface/lgr3_manual_identification_results_updated.csv,2,2023-03-12T11:35:59Z,2023-03-12T11:40:13Z,906,-2,NA,0.12970451046535533,LM,FALSE,TRUE,0.719190785836852,HM,FALSE,TRUE
44997_SRS5_Soil_102,TRUE,surface,soil,SRS5,2023-03-12,Mar2023,LGR3,1 ft soil,original,FALSE,original,FALSE,FALSE,FALSE,Tree 30min,11:52:00,11:54:00,TRUE,TRUE,TRUE,TRUE,121,SN:3K60180500001584,SN:3K60180500001584,0.9950001239776611,fieldlog_window,TRUE,results_surface/lgr3_manual_identification_results_soil.csv,results_surface/lgr3_manual_identification_results_soil.csv;results_surface/lgr3_manual_identification_results_updated.csv,2,2023-03-12T11:52:02Z,2023-03-12T11:55:50Z,822,2,NA,0.02541143349110727,LM,TRUE,TRUE,0.7101512358820022,HM,FALSE,TRUE
44997_SRS5_Soil_103,TRUE,surface,soil,SRS5,2023-03-12,Mar2023,LGR3,1 ft soil,original,FALSE,original,FALSE,FALSE,FALSE,Tree 30min,12:02:00,12:05:00,TRUE,TRUE,TRUE,TRUE,181,SN:3K60180500001584,SN:3K60180500001584,0.9940001964569092,fieldlog_window,TRUE,results_surface/lgr3_manual_identification_results_soil.csv,results_surface/lgr3_manual_identification_results_soil.csv;results_surface/lgr3_manual_identification_results_updated.csv,2,2023-03-12T12:02:10Z,2023-03-12T12:06:41Z,905,10,NA,0.19227141373946613,HM,FALSE,TRUE,0.6594260975013488,HM,FALSE,TRUE
44997_SRS5_Soil_104,TRUE,surface,soil,SRS5,2023-03-12,Mar2023,LGR3,1 ft soil,original,FALSE,original,FALSE,FALSE,FALSE,Tree 30min,12:11:00,12:13:00,TRUE,TRUE,TRUE,TRUE,120,SN:3K60180500001584,SN:3K60180500001584,0.994999885559082,fieldlog_window,TRUE,results_surface/lgr3_manual_identification_results_soil.csv,results_surface/lgr3_manual_identification_results_soil.csv;results_surface/lgr3_manual_identification_results_updated.csv,2,2023-03-12T12:11:30Z,2023-03-12T12:13:49Z,905,30,NA,0.03218547103371647,LM,TRUE,TRUE,0.9529377183298716,HM,FALSE,TRUE
44997_SRS5_Soil_105,TRUE,surface,soil,SRS5,2023-03-12,Mar2023,LGR3,1 ft soil,original,FALSE,original,FALSE,FALSE,FALSE,Tree 30min,12:19:00,12:21:00,TRUE,TRUE,TRUE,TRUE,121,SN:3K60180500001584,SN:3K60180500001584,0.994999885559082,fieldlog_window,TRUE,results_surface/lgr3_manual_identification_results_soil.csv,results_surface/lgr3_manual_identification_results_soil.csv;results_surface/lgr3_manual_identification_results_updated.csv,2,2023-03-12T12:19:17Z,2023-03-12T12:23:12Z,906,17,NA,1.6112672075702656,HM,FALSE,TRUE,1.0449163889835194,LM,FALSE,TRUE
44997_SRS5_Soil_106,TRUE,surface,soil,SRS5,2023-03-12,Mar2023,LGR3,1 ft soil,original,FALSE,original,FALSE,FALSE,FALSE,Tree 30min,12:26:30,12:28:30,TRUE,TRUE,TRUE,TRUE,120,SN:3K60180500001584,SN:3K60180500001584,0.994999885559082,fieldlog_window,TRUE,results_surface/lgr3_manual_identification_results_soil.csv,results_surface/lgr3_manual_identification_results_soil.csv;results_surface/lgr3_manual_identification_results_updated.csv,2,2023-03-12T12:26:31Z,2023-03-12T12:30:38Z,905,1,NA,0.18602819029636847,HM,FALSE,TRUE,0.8786257860927399,HM,FALSE,TRUE
44997_SRS5_Soil_107,TRUE,surface,soil,SRS5,2023-03-12,Mar2023,LGR3,1 ft soil,original,FALSE,original,FALSE,FALSE,FALSE,Tree 30min,12:36:00,12:38:00,TRUE,TRUE,TRUE,TRUE,120,SN:3K60180500001584,SN:3K60180500001584,0.994999885559082,fieldlog_window,TRUE,results_surface/lgr3_manual_identification_results_soil.csv,results_surface/lgr3_manual_identification_results_soil.csv;results_surface/lgr3_manual_identification_results_updated.csv,2,2023-03-12T12:36:00Z,2023-03-12T12:38:38Z,906,0,NA,0.04140284814706901,LM,TRUE,TRUE,1.1608806589101293,HM,FALSE,TRUE
44997_SRS5_Soil_108,TRUE,surface,soil,SRS5,2023-03-12,Mar2023,LGR3,1 ft soil,original,FALSE,original,FALSE,FALSE,FALSE,Tree 30min,12:46:00,12:48:00,TRUE,TRUE,TRUE,TRUE,121,SN:3K60180500001584,SN:3K60180500001584,0.994999885559082,fieldlog_window,TRUE,results_surface/lgr3_manual_identification_results_soil.csv,results_surface/lgr3_manual_identification_results_soil.csv;results_surface/lgr3_manual_identification_results_updated.csv,2,2023-03-12T12:46:02Z,2023-03-12T12:49:25Z,906,2,NA,-0.10682088687380308,LM,FALSE,TRUE,0.9763696281682056,LM,FALSE,TRUE
44997_SRS5_Soil_109,TRUE,surface,soil,SRS5,2023-03-12,Mar2023,LGR3,1 ft soil,original,FALSE,original,FALSE,FALSE,FALSE,Tree 30min,12:54:00,12:56:00,TRUE,TRUE,TRUE,TRUE,120,SN:3K60180500001584,SN:3K60180500001584,0.9939999580383301,fieldlog_window,TRUE,results_surface/lgr3_manual_identification_results_soil.csv,results_surface/lgr3_manual_identification_results_soil.csv;results_surface/lgr3_manual_identification_results_updated.csv,2,2023-03-12T12:53:57Z,2023-03-12T12:58:11Z,905,-3,NA,0.7425050594381042,HM,FALSE,TRUE,0.8915183417278703,HM,FALSE,TRUE
44997_SRS5_Soil_110,TRUE,surface,soil,SRS5,2023-03-12,Mar2023,LGR3,1 ft soil,original,FALSE,original,FALSE,FALSE,FALSE,Tree 30min,13:03:30,13:05:30,TRUE,TRUE,TRUE,TRUE,120,SN:3K60180500001584,SN:3K60180500001584,0.9940001964569092,fieldlog_window,TRUE,results_surface/lgr3_manual_identification_results_soil.csv,results_surface/lgr3_manual_identification_results_soil.csv;results_surface/lgr3_manual_identification_results_updated.csv,2,2023-03-12T13:03:44Z,2023-03-12T13:06:06Z,906,14,NA,1.498500864396591,HM,FALSE,TRUE,5.183351270672313,HM,FALSE,TRUE
44997_SRS5_Soil_111,TRUE,surface,soil,SRS5,2023-03-12,Mar2023,LGR3,1 ft soil,original,FALSE,original,FALSE,FALSE,FALSE,Tree 30min,13:09:00,13:11:00,TRUE,TRUE,TRUE,TRUE,120,SN:3K60180500001584,SN:3K60180500001584,0.994999885559082,fieldlog_window,TRUE,results_surface/lgr3_manual_identification_results_soil.csv,results_surface/lgr3_manual_identification_results_soil.csv;results_surface/lgr3_manual_identification_results_updated.csv,2,2023-03-12T13:09:05Z,2023-03-12T13:12:15Z,906,5,NA,0.370802728280989,HM,FALSE,TRUE,0.8908019648231862,HM,FALSE,TRUE
44997_SRS5_Soil_112,TRUE,surface,soil,SRS5,2023-03-12,Mar2023,LGR3,1 ft soil,original,FALSE,original,FALSE,FALSE,FALSE,Tree 30min,13:15:30,13:17:30,TRUE,TRUE,TRUE,TRUE,120,SN:3K60180500001584,SN:3K60180500001584,0.9950001239776611,fieldlog_window,TRUE,results_surface/lgr3_manual_identification_results_soil.csv,results_surface/lgr3_manual_identification_results_soil.csv;results_surface/lgr3_manual_identification_results_updated.csv,2,2023-03-12T13:15:31Z,2023-03-12T13:19:01Z,905,1,NA,0.0932097500340458,HM,FALSE,TRUE,1.2094662685502464,HM,FALSE,TRUE
44997_SRS5_Soil_113,TRUE,surface,soil,SRS5,2023-03-12,Mar2023,LGR3,1 ft soil,original,FALSE,original,FALSE,FALSE,FALSE,Tree 30min,13:25:30,13:27:30,TRUE,TRUE,TRUE,TRUE,121,SN:3K60180500001584,SN:3K60180500001584,0.9939999580383301,fieldlog_window,TRUE,results_surface/lgr3_manual_identification_results_soil.csv,results_surface/lgr3_manual_identification_results_soil.csv;results_surface/lgr3_manual_identification_results_updated.csv,2,2023-03-12T13:25:39Z,2023-03-12T13:29:39Z,906,9,NA,0.26090944502747654,HM,FALSE,TRUE,0.8071270681695972,HM,FALSE,TRUE
44997_SRS5_Soil_114,TRUE,surface,soil,SRS5,2023-03-12,Mar2023,LGR3,1 ft soil,original,FALSE,original,FALSE,FALSE,FALSE,Tree 30min,13:41:00,13:43:00,TRUE,TRUE,TRUE,TRUE,121,SN:3K60180500001584,SN:3K60180500001584,0.9939999580383301,fieldlog_window,TRUE,results_surface/lgr3_manual_identification_results_soil.csv,results_surface/lgr3_manual_identification_results_soil.csv;results_surface/lgr3_manual_identification_results_updated.csv,2,2023-03-12T13:41:14Z,2023-03-12T13:44:18Z,906,14,NA,0.17969775325575194,HM,FALSE,TRUE,0.9446883373212076,HM,FALSE,TRUE
44997_SRS5_Water_115,TRUE,surface,water,SRS5,2023-03-12,Mar2023,LGR3,Floating 8 in,ebullition_partitioned,FALSE,original,FALSE,FALSE,FALSE,Tree 30min,13:53:30,14:03:30,TRUE,TRUE,TRUE,TRUE,603,SN:3K60180500001584,SN:3K60180500001584,0.994999885559082,fieldlog_window,TRUE,results_surface/lgr3_manual_identification_results_soil.csv,results_surface/lgr3_manual_identification_results_soil.csv;results_surface/lgr3_manual_identification_results_updated.csv,2,2023-03-12T13:53:49Z,2023-03-12T14:03:05Z,906,19,ebullition/placements_summary.csv,1.2249184245275997,HM,FALSE,TRUE,1.1679180485366512,HM,FALSE,TRUE
LGR3_2023-03-12_SRS5_P16,TRUE,surface,water,SRS5,2023-03-12,Mar2023,LGR3,NA,ebullition_added_placement,FALSE,ebullition_reprocessing,FALSE,FALSE,FALSE,NA,14:00:38,14:06:34,TRUE,TRUE,TRUE,TRUE,358,SN:3K60180500001584,SN:3K60180500001584,0.9940001964569092,fieldlog_window,FALSE,NA,NA,NA,NA,NA,NA,NA,ebullition/placements_summary.csv,0.4198361538138632,HM,FALSE,FALSE,NA,NA,NA,NA
44997_SRS5_Water_116,TRUE,surface,water,SRS5,2023-03-12,Mar2023,LGR3,Floating 8 in,ebullition_partitioned,FALSE,original,FALSE,FALSE,FALSE,Tree 30min,14:13:00,14:18:00,TRUE,TRUE,TRUE,TRUE,301,SN:3K60180500001584,SN:3K60180500001584,0.9945000410079956,fieldlog_window,TRUE,results_surface/lgr3_manual_identification_results_soil.csv,results_surface/lgr3_manual_identification_results_soil.csv;results_surface/lgr3_manual_identification_results_updated.csv,2,2023-03-12T14:12:59Z,2023-03-12T14:18:04Z,804,-1,ebullition/placements_summary.csv,0.9610332993845236,HM,FALSE,FALSE,1.8449913536634617,HM,FALSE,FALSE
LGR3_2023-03-12_SRS5_P18,TRUE,surface,water,SRS5,2023-03-12,Mar2023,LGR3,NA,ebullition_added_placement,FALSE,ebullition_reprocessing,FALSE,FALSE,FALSE,NA,14:18:36,14:28:36,TRUE,TRUE,TRUE,TRUE,603,SN:3K60180500001584,SN:3K60180500001584,0.994999885559082,fieldlog_window,FALSE,NA,NA,NA,NA,NA,NA,NA,ebullition/placements_summary.csv,0.2347583927768522,HM,FALSE,FALSE,NA,NA,NA,NA
44997_SRS5_Water_117,TRUE,surface,water,SRS5,2023-03-12,Mar2023,LGR3,Floating 8 in,ebullition_partitioned,FALSE,original,FALSE,FALSE,FALSE,Tree 30min,14:24:00,14:29:00,TRUE,TRUE,TRUE,TRUE,302,SN:3K60180500001584,SN:3K60180500001584,0.9939999580383301,fieldlog_window,TRUE,results_surface/lgr3_manual_identification_results_soil.csv,results_surface/lgr3_manual_identification_results_soil.csv;results_surface/lgr3_manual_identification_results_updated.csv,2,2023-03-12T14:24:06Z,2023-03-12T14:30:49Z,906,6,ebullition/placements_summary.csv,0.2658667578623075,HM,FALSE,TRUE,0.9324133273989078,HM,FALSE,FALSE
44997_SRS5_Water_118,TRUE,surface,water,SRS5,2023-03-12,Mar2023,LGR3,Floating 8 in,ebullition_partitioned,FALSE,original,FALSE,FALSE,FALSE,Tree 30min,14:34:00,14:39:00,TRUE,TRUE,TRUE,TRUE,301,SN:3K60180500001584,SN:3K60180500001584,0.9940000772476196,fieldlog_window,TRUE,results_surface/lgr3_manual_identification_results_soil.csv,results_surface/lgr3_manual_identification_results_soil.csv;results_surface/lgr3_manual_identification_results_updated.csv,2,2023-03-12T14:33:59Z,2023-03-12T14:41:52Z,906,-1,ebullition/placements_summary.csv,0.27925673297717957,HM,FALSE,TRUE,1.0676316118422786,HM,FALSE,FALSE
44997_SRS5_Water_119,TRUE,surface,water,SRS5,2023-03-12,Mar2023,LGR3,Floating 8 in,ebullition_partitioned,FALSE,original,FALSE,FALSE,FALSE,Tree 30min,14:48:00,14:53:00,TRUE,TRUE,TRUE,TRUE,302,SN:3K60180500001584,SN:3K60180500001584,0.9940001964569092,fieldlog_window,TRUE,results_surface/lgr3_manual_identification_results_soil.csv,results_surface/lgr3_manual_identification_results_soil.csv;results_surface/lgr3_manual_identification_results_updated.csv,2,2023-03-12T14:48:00Z,2023-03-12T14:57:23Z,906,0,ebullition/placements_summary.csv,0.3564191862981883,HM,FALSE,TRUE,1.0333219798687403,HM,FALSE,FALSE
LGR3_2023-03-12_SRS5_P22,TRUE,surface,water,SRS5,2023-03-12,Mar2023,LGR3,NA,ebullition_added_placement,FALSE,ebullition_reprocessing,FALSE,FALSE,FALSE,NA,14:52:50,14:59:32,TRUE,TRUE,TRUE,TRUE,404,SN:3K60180500001584,SN:3K60180500001584,0.994999885559082,fieldlog_window,FALSE,NA,NA,NA,NA,NA,NA,NA,ebullition/placements_summary.csv,0.2432716424567555,HM,FALSE,FALSE,NA,NA,NA,NA
LGR3_2023-03-12_SRS5_P23,TRUE,surface,water,SRS5,2023-03-12,Mar2023,LGR3,NA,ebullition_added_placement,FALSE,ebullition_reprocessing,FALSE,FALSE,FALSE,NA,15:12:08,15:19:37,TRUE,TRUE,TRUE,TRUE,452,SN:3K60180500001584,SN:3K60180500001584,0.994999885559082,fieldlog_window,FALSE,NA,NA,NA,NA,NA,NA,NA,ebullition/placements_summary.csv,0.14131230143189685,LM,FALSE,FALSE,NA,NA,NA,NA
Mar_23_209_SRS5_stem,TRUE,tree,stem,SRS5,2023-03-12,Mar2023,LGR3,D,original,FALSE,original,FALSE,FALSE,FALSE,NA,15:13:00,15:18:00,TRUE,TRUE,TRUE,TRUE,302,SN:3K60180500001584,SN:3K60180500001584,0.994999885559082,fieldlog_window,TRUE,results_trees/lgr3_manual_identification_results.csv,results_trees/lgr3_manual_identification_results.csv,1,2023-03-12T15:15:05Z,2023-03-12T15:18:05Z,906,125,NA,0.08420713501370967,HM,FALSE,TRUE,2.6226158893423603,HM,FALSE,FALSE
Oct_22_278_SRS5_stem,TRUE,tree,stem,SRS5,2023-03-12,Mar2023,LGR3,D,rescued,FALSE,rescued,FALSE,FALSE,FALSE,NA,15:13:00,15:18:00,TRUE,TRUE,TRUE,TRUE,302,SN:3K60180500001584,SN:3K60180500001584,0.994999885559082,fieldlog_window,TRUE,rescue/lgr3_manual_identification_results_additional.csv,rescue/lgr3_manual_identification_results_additional.csv,1,2023-03-12T15:14:38Z,2023-03-12T15:19:51Z,906,98,NA,0.06150498951511149,HM,FALSE,TRUE,2.439286553337125,HM,FALSE,FALSE
Mar_23_210_SRS5_stem,TRUE,tree,stem,SRS5,2023-03-12,Mar2023,LGR3,D,original,FALSE,original,FALSE,FALSE,FALSE,NA,15:21:00,15:26:00,TRUE,TRUE,TRUE,TRUE,302,SN:3K60180500001584,SN:3K60180500001584,0.994999885559082,fieldlog_window,TRUE,results_trees/lgr3_manual_identification_results.csv,results_trees/lgr3_manual_identification_results.csv,1,2023-03-12T15:21:28Z,2023-03-12T15:25:48Z,906,28,NA,0.04779915127750959,HM,FALSE,TRUE,2.6996975696542367,LM,FALSE,TRUE
Oct_22_279_SRS5_stem,TRUE,tree,stem,SRS5,2023-03-12,Mar2023,LGR3,D,rescued,FALSE,rescued,FALSE,FALSE,FALSE,NA,15:21:00,15:26:00,TRUE,TRUE,TRUE,TRUE,302,SN:3K60180500001584,SN:3K60180500001584,0.994999885559082,fieldlog_window,TRUE,rescue/lgr3_manual_identification_results_additional.csv,rescue/lgr3_manual_identification_results_additional.csv,1,2023-03-12T15:21:43Z,2023-03-12T15:26:11Z,906,43,NA,0.0665776910780686,HM,FALSE,TRUE,2.70884013399296,LM,FALSE,TRUE
Mar_23_211_SRS5_stem,TRUE,tree,stem,SRS5,2023-03-12,Mar2023,LGR3,D,original,FALSE,original,FALSE,FALSE,FALSE,NA,15:28:00,15:32:00,TRUE,TRUE,TRUE,TRUE,242,SN:3K60180500001584,SN:3K60180500001584,0.9940001964569092,fieldlog_window,TRUE,results_trees/lgr3_manual_identification_results.csv,results_trees/lgr3_manual_identification_results.csv,1,2023-03-12T15:28:38Z,2023-03-12T15:33:06Z,906,38,NA,0.02876294814843797,HM,FALSE,TRUE,2.345828172854735,HM,FALSE,FALSE
Oct_22_280_SRS5_stem,TRUE,tree,stem,SRS5,2023-03-12,Mar2023,LGR3,D,rescued,FALSE,rescued,FALSE,FALSE,FALSE,NA,15:28:00,15:32:00,TRUE,TRUE,TRUE,TRUE,242,SN:3K60180500001584,SN:3K60180500001584,0.9940001964569092,fieldlog_window,TRUE,rescue/lgr3_manual_identification_results_additional.csv,rescue/lgr3_manual_identification_results_additional.csv,1,2023-03-12T15:29:13Z,2023-03-12T15:35:09Z,906,73,NA,0.03654268765188963,HM,FALSE,TRUE,2.3979195272220157,HM,FALSE,FALSE
Oct_22_281_SRS5_stem,TRUE,tree,stem,SRS5,2023-03-12,Mar2023,LGR3,D,rescued,FALSE,rescued,FALSE,FALSE,FALSE,NA,15:30:21,15:43:21,TRUE,TRUE,TRUE,TRUE,784,SN:3K60180500001584,SN:3K60180500001584,0.9940001964569092,fieldlog_window,TRUE,rescue/lgr3_manual_identification_results_additional.csv,rescue/lgr3_manual_identification_results_additional.csv,1,2023-03-12T15:29:40Z,2023-03-12T15:35:26Z,906,-41,NA,0.03177526635816422,HM,FALSE,TRUE,2.365720191458422,HM,FALSE,FALSE
Mar_23_212_SRS5_stem,TRUE,tree,stem,SRS5,2023-03-12,Mar2023,LGR3,D,original,FALSE,original,FALSE,FALSE,FALSE,NA,15:38:21,15:43:21,TRUE,TRUE,TRUE,TRUE,301,SN:3K60180500001584,SN:3K60180500001584,0.9939999580383301,fieldlog_window,TRUE,results_trees/lgr3_manual_identification_results.csv,results_trees/lgr3_manual_identification_results.csv,1,2023-03-12T15:38:48Z,2023-03-12T15:43:00Z,906,27,NA,0.03624082947003407,HM,FALSE,TRUE,0.8816833554812382,LM,FALSE,TRUE
Mar_23_213_SRS5_stem,TRUE,tree,stem,SRS5,2023-03-12,Mar2023,LGR3,D,original,FALSE,original,FALSE,FALSE,FALSE,NA,15:45:08,15:48:08,TRUE,TRUE,TRUE,TRUE,181,SN:3K60180500001584,SN:3K60180500001584,0.994999885559082,fieldlog_window,TRUE,results_trees/lgr3_manual_identification_results.csv,results_trees/lgr3_manual_identification_results.csv,1,2023-03-12T15:45:17Z,2023-03-12T15:48:05Z,906,9,NA,0.02986185650418494,LM,FALSE,TRUE,1.9184941057153737,LM,FALSE,TRUE
Oct_22_282_SRS5_stem,TRUE,tree,stem,SRS5,2023-03-12,Mar2023,LGR3,D,rescued,FALSE,rescued,FALSE,FALSE,FALSE,NA,15:45:08,15:48:08,TRUE,TRUE,TRUE,TRUE,181,SN:3K60180500001584,SN:3K60180500001584,0.994999885559082,fieldlog_window,TRUE,rescue/lgr3_manual_identification_results_additional.csv,rescue/lgr3_manual_identification_results_additional.csv,1,2023-03-12T15:45:26Z,2023-03-12T15:52:36Z,906,18,NA,-0.01375752089664871,HM,FALSE,TRUE,2.5446050960535596,LM,FALSE,TRUE
Mar_23_214_SRS5_stem,TRUE,tree,stem,SRS5,2023-03-12,Mar2023,LGR3,D,original,FALSE,original,FALSE,FALSE,FALSE,NA,15:49:00,15:54:00,TRUE,TRUE,TRUE,TRUE,302,SN:3K60180500001584,SN:3K60180500001584,0.9940001964569092,fieldlog_window,TRUE,results_trees/lgr3_manual_identification_results.csv,results_trees/lgr3_manual_identification_results.csv,1,2023-03-12T15:50:53Z,2023-03-12T15:53:34Z,906,113,NA,0.02190176526570378,HM,FALSE,TRUE,4.502761282584651,LM,FALSE,TRUE
Oct_22_283_SRS5_stem,TRUE,tree,stem,SRS5,2023-03-12,Mar2023,LGR3,D,rescued,FALSE,rescued,FALSE,FALSE,FALSE,NA,15:49:00,15:54:00,TRUE,TRUE,TRUE,TRUE,302,SN:3K60180500001584,SN:3K60180500001584,0.9940001964569092,fieldlog_window,TRUE,rescue/lgr3_manual_identification_results_additional.csv,rescue/lgr3_manual_identification_results_additional.csv,1,2023-03-12T15:50:26Z,2023-03-12T15:55:12Z,906,86,NA,0.03146427872526091,HM,FALSE,TRUE,4.511923324075072,LM,FALSE,TRUE
Mar_23_215_SRS5_stem,TRUE,tree,stem,SRS5,2023-03-12,Mar2023,LGR3,B,original,FALSE,original,FALSE,FALSE,FALSE,NA,16:03:00,16:06:00,TRUE,TRUE,TRUE,TRUE,181,SN:3K60180500001584,SN:3K60180500001584,0.994999885559082,fieldlog_window,TRUE,results_trees/lgr3_manual_identification_results.csv,results_trees/lgr3_manual_identification_results.csv,1,2023-03-12T16:03:02Z,2023-03-12T16:05:41Z,906,2,NA,0.10319378776910663,HM,FALSE,TRUE,2.0484904376470143,HM,FALSE,FALSE
Mar_23_216_SRS5_stem,TRUE,tree,stem,SRS5,2023-03-12,Mar2023,LGR3,B,original,FALSE,original,FALSE,FALSE,FALSE,NA,16:08:17,16:11:17,TRUE,TRUE,TRUE,TRUE,181,SN:3K60180500001584,SN:3K60180500001584,0.994999885559082,fieldlog_window,TRUE,results_trees/lgr3_manual_identification_results.csv,results_trees/lgr3_manual_identification_results.csv,1,2023-03-12T16:08:31Z,2023-03-12T16:10:48Z,906,14,NA,0.09156674975088314,HM,FALSE,TRUE,2.1736361449115114,HM,FALSE,TRUE
Mar_23_217_SRS5_root,TRUE,tree,root,SRS5,2023-03-12,Mar2023,LGR3,B,original,FALSE,original,FALSE,FALSE,FALSE,NA,16:16:00,16:19:00,TRUE,TRUE,TRUE,TRUE,181,SN:3K60180500001584,SN:3K60180500001584,0.994999885559082,fieldlog_window,TRUE,results_trees/lgr3_manual_identification_results.csv,results_trees/lgr3_manual_identification_results.csv,1,2023-03-12T16:16:04Z,2023-03-12T16:18:31Z,525,4,NA,0.09788981937548046,HM,FALSE,TRUE,2.1221119192030176,HM,FALSE,TRUE
Mar_23_180_SRS5_stem,TRUE,tree,stem,SRS5,2023-03-13,Mar2023,LGR3,C,original,FALSE,original,FALSE,FALSE,FALSE,NA,10:56:00,10:59:00,TRUE,TRUE,TRUE,TRUE,181,SN:3K60180500001584,SN:3K60180500001584,0.9939999580383301,fieldlog_window,TRUE,results_trees/lgr3_manual_identification_results.csv,results_trees/lgr3_manual_identification_results.csv,1,2023-03-13T10:56:02Z,2023-03-13T10:58:54Z,830,2,NA,0.13895769507695138,HM,FALSE,TRUE,1.2804873695736427,HM,FALSE,FALSE
Mar_23_184_SRS5_root,TRUE,tree,root,SRS5,2023-03-13,Mar2023,LGR3,A,original,FALSE,original,FALSE,FALSE,FALSE,NA,11:36:30,11:39:30,TRUE,TRUE,TRUE,TRUE,181,SN:3K60180500001584,SN:3K60180500001584,0.9939999580383301,fieldlog_window,TRUE,results_trees/lgr3_manual_identification_results.csv,results_trees/lgr3_manual_identification_results.csv,1,2023-03-13T11:36:44Z,2023-03-13T11:40:05Z,906,14,NA,11.24805803869238,HM,FALSE,TRUE,12.593745086887598,HM,FALSE,TRUE
Mar_23_185_SRS5_stem,TRUE,tree,stem,SRS5,2023-03-13,Mar2023,LGR3,C,original,FALSE,original,FALSE,FALSE,FALSE,NA,11:40:00,11:49:00,TRUE,TRUE,TRUE,TRUE,543,SN:3K60180500001584,SN:3K60180500001584,0.994999885559082,fieldlog_window,TRUE,results_trees/lgr3_manual_identification_results.csv,results_trees/lgr3_manual_identification_results.csv,1,2023-03-13T11:38:55Z,2023-03-13T11:40:30Z,906,-65,NA,2.4007352161110034,HM,FALSE,TRUE,2.0813297155537067,HM,FALSE,TRUE
Mar_23_186_SRS5_stem,TRUE,tree,stem,SRS5,2023-03-13,Mar2023,LGR3,C,original,FALSE,original,FALSE,FALSE,FALSE,NA,11:51:00,11:54:00,TRUE,TRUE,TRUE,TRUE,181,SN:3K60180500001584,SN:3K60180500001584,0.994999885559082,fieldlog_window,TRUE,results_trees/lgr3_manual_identification_results.csv,results_trees/lgr3_manual_identification_results.csv,1,2023-03-13T11:50:58Z,2023-03-13T11:53:52Z,906,-2,NA,-0.02939685714154977,HM,FALSE,TRUE,1.6684280612109397,HM,FALSE,FALSE
Mar_23_187_SRS5_stem,TRUE,tree,stem,SRS5,2023-03-13,Mar2023,LGR3,C,original,FALSE,original,FALSE,FALSE,FALSE,NA,11:57:00,12:00:00,TRUE,TRUE,TRUE,TRUE,181,SN:3K60180500001584,SN:3K60180500001584,0.994999885559082,fieldlog_window,TRUE,results_trees/lgr3_manual_identification_results.csv,results_trees/lgr3_manual_identification_results.csv,1,2023-03-13T11:56:57Z,2023-03-13T11:59:41Z,906,-3,NA,0.04478583951010361,LM,FALSE,TRUE,1.696280568601779,HM,FALSE,FALSE
Mar_23_188_SRS5_root,TRUE,tree,root,SRS5,2023-03-13,Mar2023,LGR3,A,original,FALSE,original,FALSE,FALSE,FALSE,NA,12:03:30,12:06:30,TRUE,TRUE,TRUE,TRUE,181,SN:3K60180500001584,SN:3K60180500001584,0.994999885559082,fieldlog_window,TRUE,results_trees/lgr3_manual_identification_results.csv,results_trees/lgr3_manual_identification_results.csv,1,2023-03-13T12:03:31Z,2023-03-13T12:08:34Z,906,1,NA,0.3063087105817442,HM,FALSE,TRUE,5.14778731533293,HM,FALSE,FALSE
Mar_23_169_SRS5_stem,TRUE,tree,stem,SRS5,2023-03-13,Mar2023,LGR3,C,original,FALSE,original,FALSE,FALSE,FALSE,NA,12:24:15,12:33:30,TRUE,TRUE,TRUE,TRUE,558,SN:3K60180500001584,SN:3K60180500001584,0.994999885559082,fieldlog_window,TRUE,results_trees/lgr3_manual_identification_results.csv,results_trees/lgr3_manual_identification_results.csv,1,2023-03-13T12:24:28Z,2023-03-13T12:27:42Z,906,13,NA,0.2850379976316888,HM,FALSE,TRUE,1.894391387317616,HM,FALSE,FALSE
Mar_23_170_SRS5_stem,TRUE,tree,stem,SRS5,2023-03-13,Mar2023,LGR3,C,original,FALSE,original,FALSE,FALSE,FALSE,NA,12:33:30,12:36:30,TRUE,TRUE,TRUE,TRUE,181,SN:3K60180500001584,SN:3K60180500001584,0.994999885559082,fieldlog_window,TRUE,results_trees/lgr3_manual_identification_results.csv,results_trees/lgr3_manual_identification_results.csv,1,2023-03-13T12:33:38Z,2023-03-13T12:36:27Z,906,8,NA,0.25458077947825875,HM,FALSE,TRUE,1.2752924117928277,HM,FALSE,FALSE
Mar_23_171_SRS5_stem,TRUE,tree,stem,SRS5,2023-03-13,Mar2023,LGR3,C,original,FALSE,original,FALSE,FALSE,FALSE,NA,12:40:00,12:43:00,TRUE,TRUE,TRUE,TRUE,181,SN:3K60180500001584,SN:3K60180500001584,0.994999885559082,fieldlog_window,TRUE,results_trees/lgr3_manual_identification_results.csv,results_trees/lgr3_manual_identification_results.csv,1,2023-03-13T12:40:07Z,2023-03-13T12:42:36Z,560,7,NA,0.06379213355813063,HM,FALSE,TRUE,2.252494766519283,LM,FALSE,TRUE
Mar_23_172_SRS5_stem,TRUE,tree,stem,SRS5,2023-03-13,Mar2023,LGR3,D,original,FALSE,original,FALSE,FALSE,FALSE,NA,13:04:00,13:07:00,TRUE,TRUE,TRUE,TRUE,181,SN:3K60180500001584,SN:3K60180500001584,0.9939999580383301,fieldlog_window,TRUE,results_trees/lgr3_manual_identification_results.csv,results_trees/lgr3_manual_identification_results.csv,1,2023-03-13T13:05:43Z,2023-03-13T13:07:57Z,906,103,NA,0.00789413835992541,LM,TRUE,TRUE,3.217754930936419,HM,FALSE,FALSE
Mar_23_173_SRS5_root,TRUE,tree,root,SRS5,2023-03-13,Mar2023,LGR3,A,original,FALSE,original,FALSE,FALSE,FALSE,NA,13:20:30,13:23:30,TRUE,TRUE,TRUE,TRUE,181,SN:3K60180500001584,SN:3K60180500001584,0.9950000047683716,fieldlog_window,TRUE,results_trees/lgr3_manual_identification_results.csv,results_trees/lgr3_manual_identification_results.csv,1,2023-03-13T13:21:21Z,2023-03-13T13:24:38Z,905,51,NA,0.6500652212615291,HM,FALSE,TRUE,6.900120761854109,HM,FALSE,TRUE
Mar_23_174_SRS5_stem,TRUE,tree,stem,SRS5,2023-03-13,Mar2023,LGR3,D,original,FALSE,original,FALSE,FALSE,FALSE,NA,13:27:00,13:31:00,TRUE,TRUE,TRUE,TRUE,241,SN:3K60180500001584,SN:3K60180500001584,0.994999885559082,fieldlog_window,TRUE,results_trees/lgr3_manual_identification_results.csv,results_trees/lgr3_manual_identification_results.csv,1,2023-03-13T13:27:23Z,2023-03-13T13:29:52Z,906,23,NA,0.0227614824800135,HM,FALSE,TRUE,5.020929609091838,HM,FALSE,FALSE
Mar_23_175_SRS5_root,TRUE,tree,root,SRS5,2023-03-13,Mar2023,LGR3,A,original,FALSE,original,FALSE,FALSE,FALSE,NA,13:32:30,13:35:30,TRUE,TRUE,TRUE,TRUE,181,SN:3K60180500001584,SN:3K60180500001584,0.9945000410079956,fieldlog_window,TRUE,results_trees/lgr3_manual_identification_results.csv,results_trees/lgr3_manual_identification_results.csv,1,2023-03-13T13:32:53Z,2023-03-13T13:35:27Z,906,23,NA,0.9065925907105478,LM,FALSE,TRUE,4.881600312446452,HM,FALSE,TRUE
Mar_23_177_SRS5_stem,TRUE,tree,stem,SRS5,2023-03-13,Mar2023,LGR3,B,original,FALSE,original,FALSE,FALSE,FALSE,NA,13:45:30,13:48:30,TRUE,TRUE,TRUE,TRUE,181,SN:3K60180500001584,SN:3K60180500001584,0.9950001239776611,fieldlog_window,TRUE,results_trees/lgr3_manual_identification_results.csv,results_trees/lgr3_manual_identification_results.csv,1,2023-03-13T13:45:42Z,2023-03-13T13:49:17Z,906,12,NA,0.13577005074879317,HM,FALSE,TRUE,3.575134114824704,HM,FALSE,FALSE
Mar_23_178_SRS5_stem,TRUE,tree,stem,SRS5,2023-03-13,Mar2023,LGR3,B,original,FALSE,original,FALSE,FALSE,FALSE,NA,13:55:00,13:58:00,TRUE,TRUE,TRUE,TRUE,181,SN:3K60180500001584,SN:3K60180500001584,0.9939999580383301,fieldlog_window,TRUE,results_trees/lgr3_manual_identification_results.csv,results_trees/lgr3_manual_identification_results.csv,1,2023-03-13T13:54:52Z,2023-03-13T13:57:35Z,906,-8,NA,0.21403639873063543,HM,FALSE,TRUE,5.674401864889539,HM,FALSE,TRUE
Mar_23_179_SRS5_stem,TRUE,tree,stem,SRS5,2023-03-13,Mar2023,LGR3,B,original,FALSE,original,FALSE,FALSE,FALSE,NA,14:03:00,14:05:00,TRUE,TRUE,TRUE,TRUE,121,SN:3K60180500001584,SN:3K60180500001584,0.994999885559082,fieldlog_window,TRUE,results_trees/lgr3_manual_identification_results.csv,results_trees/lgr3_manual_identification_results.csv,1,2023-03-13T14:03:05Z,2023-03-13T14:05:07Z,792,5,NA,0.15511698651332065,HM,FALSE,TRUE,4.0999173793495345,HM,FALSE,TRUE
45000_CP40_Water_120,TRUE,surface,water,CP40,2023-03-15,Mar2023,LGR3,Floating 8 in,original,FALSE,original,FALSE,FALSE,FALSE,Tree 30min,11:00:00,11:15:00,TRUE,TRUE,TRUE,TRUE,905,SN:3K60180500001584,SN:3K60180500001584,0.994999885559082,fieldlog_window,TRUE,results_surface/lgr3_manual_identification_results_soil.csv,results_surface/lgr3_manual_identification_results_soil.csv;results_surface/lgr3_manual_identification_results_updated.csv,2,2023-03-15T11:00:07Z,2023-03-15T11:09:22Z,906,7,NA,2.6245309540667017,HM,FALSE,FALSE,0.4840981900375067,HM,FALSE,TRUE
45000_CP40_Water_121,TRUE,surface,water,CP40,2023-03-15,Mar2023,LGR3,Floating 8 in,original,FALSE,original,FALSE,FALSE,FALSE,Tree 30min,11:20:00,11:25:00,TRUE,TRUE,TRUE,TRUE,302,SN:3K60180500001584,SN:3K60180500001584,0.994999885559082,fieldlog_window,TRUE,results_surface/lgr3_manual_identification_results_soil.csv,results_surface/lgr3_manual_identification_results_soil.csv;results_surface/lgr3_manual_identification_results_updated.csv,2,2023-03-15T11:20:10Z,2023-03-15T11:26:03Z,906,10,NA,3.5543016928571354,HM,FALSE,FALSE,0.7327818723538497,HM,FALSE,TRUE
45000_CP40_Water_122,TRUE,surface,water,CP40,2023-03-15,Mar2023,LGR3,Floating 8 in,original,FALSE,original,FALSE,FALSE,FALSE,Tree 30min,11:31:00,11:35:00,TRUE,TRUE,TRUE,TRUE,241,SN:3K60180500001584,SN:3K60180500001584,0.994999885559082,fieldlog_window,TRUE,results_surface/lgr3_manual_identification_results_soil.csv,results_surface/lgr3_manual_identification_results_soil.csv;results_surface/lgr3_manual_identification_results_updated.csv,2,2023-03-15T11:31:29Z,2023-03-15T11:37:35Z,906,29,NA,120.60792706648704,LM,FALSE,TRUE,0.32948152510017253,HM,FALSE,TRUE
45000_CP40_Water_123,TRUE,surface,water,CP40,2023-03-15,Mar2023,LGR3,Floating 8 in,ebullition_partitioned,FALSE,original,FALSE,FALSE,FALSE,Tree 30min,11:40:00,11:45:00,TRUE,TRUE,TRUE,TRUE,301,SN:3K60180500001584,SN:3K60180500001584,0.994999885559082,fieldlog_window,TRUE,results_surface/lgr3_manual_identification_results_soil.csv,results_surface/lgr3_manual_identification_results_soil.csv;results_surface/lgr3_manual_identification_results_updated.csv,2,2023-03-15T11:40:24Z,2023-03-15T11:45:17Z,905,24,ebullition/placements_summary.csv,12.442642080947534,LM,FALSE,TRUE,0.21017805067004028,HM,FALSE,TRUE
45000_CP40_Water_124,TRUE,surface,water,CP40,2023-03-15,Mar2023,LGR3,Floating 8 in,ebullition_partitioned,FALSE,original,FALSE,FALSE,FALSE,Tree 30min,11:48:30,11:53:30,TRUE,TRUE,TRUE,TRUE,302,SN:3K60180500001584,SN:3K60180500001584,0.9940001964569092,fieldlog_window,TRUE,results_surface/lgr3_manual_identification_results_soil.csv,results_surface/lgr3_manual_identification_results_soil.csv;results_surface/lgr3_manual_identification_results_updated.csv,2,2023-03-15T11:48:28Z,2023-03-15T11:52:38Z,906,-2,ebullition/placements_summary.csv,4.178782850135282,HM,FALSE,TRUE,0.05625730523486853,LM,FALSE,TRUE
45000_CP40_Water_125,TRUE,surface,water,CP40,2023-03-15,Mar2023,LGR3,Floating 8 in,original,FALSE,original,FALSE,FALSE,FALSE,Tree 30min,12:00:00,12:05:00,TRUE,TRUE,TRUE,TRUE,302,SN:3K60180500001584,SN:3K60180500001584,0.994999885559082,fieldlog_window,TRUE,results_surface/lgr3_manual_identification_results_soil.csv,results_surface/lgr3_manual_identification_results_soil.csv;results_surface/lgr3_manual_identification_results_updated.csv,2,2023-03-15T12:00:00Z,2023-03-15T12:03:02Z,906,0,NA,2.9141212206680893,HM,FALSE,FALSE,0.1600252190681573,LM,FALSE,TRUE
45000_CP40_Water_126,TRUE,surface,water,CP40,2023-03-15,Mar2023,LGR3,Floating 8 in,original,FALSE,original,FALSE,FALSE,FALSE,Tree 30min,12:11:00,12:16:00,TRUE,TRUE,TRUE,TRUE,301,SN:3K60180500001584,SN:3K60180500001584,0.994999885559082,fieldlog_window,TRUE,results_surface/lgr3_manual_identification_results_soil.csv,results_surface/lgr3_manual_identification_results_soil.csv;results_surface/lgr3_manual_identification_results_updated.csv,2,2023-03-15T12:11:00Z,2023-03-15T12:17:43Z,905,0,NA,3.686710688475965,HM,FALSE,FALSE,0.14324629593688437,HM,FALSE,FALSE
45000_CP40_Water_127,TRUE,surface,water,CP40,2023-03-15,Mar2023,LGR3,Floating 8 in,original,FALSE,original,FALSE,FALSE,FALSE,Tree 30min,12:20:00,12:21:45,TRUE,TRUE,TRUE,TRUE,105,SN:3K60180500001584,SN:3K60180500001584,0.994999885559082,fieldlog_window,TRUE,results_surface/lgr3_manual_identification_results_soil.csv,results_surface/lgr3_manual_identification_results_soil.csv;results_surface/lgr3_manual_identification_results_updated.csv,2,2023-03-15T12:20:33Z,2023-03-15T12:27:39Z,793,33,NA,4.9424056912574414,HM,FALSE,TRUE,0.2097744978089192,HM,FALSE,TRUE
45000_CP40_Water_128,TRUE,surface,water,CP40,2023-03-15,Mar2023,LGR3,Floating 8 in,original,FALSE,original,FALSE,FALSE,FALSE,Tree 30min,12:24:00,12:27:00,TRUE,TRUE,TRUE,TRUE,181,SN:3K60180500001584,SN:3K60180500001584,0.9939999580383301,fieldlog_window,TRUE,results_surface/lgr3_manual_identification_results_soil.csv,results_surface/lgr3_manual_identification_results_soil.csv;results_surface/lgr3_manual_identification_results_updated.csv,2,2023-03-15T12:24:03Z,2023-03-15T12:27:45Z,794,3,NA,2.2428306296357503,LM,FALSE,TRUE,0.2333964238687746,HM,FALSE,TRUE
45000_CP40_Water_129,TRUE,surface,water,CP40,2023-03-15,Mar2023,LGR3,Floating 8 in,ebullition_partitioned,FALSE,original,FALSE,FALSE,FALSE,Tree 30min,12:30:30,12:33:30,TRUE,TRUE,TRUE,TRUE,181,SN:3K60180500001584,SN:3K60180500001584,0.9940001964569092,fieldlog_window,TRUE,results_surface/lgr3_manual_identification_results_soil.csv,results_surface/lgr3_manual_identification_results_soil.csv;results_surface/lgr3_manual_identification_results_updated.csv,2,2023-03-15T12:30:38Z,2023-03-15T12:35:21Z,906,8,ebullition/placements_summary.csv,6.735013139261208,LM,FALSE,TRUE,0.32559563406384257,HM,FALSE,FALSE
Mar_23_154_CP40_stem,TRUE,tree,stem,CP40,2023-03-15,Mar2023,LGR3,C,rescued,FALSE,rescued,FALSE,FALSE,FALSE,NA,12:57:00,13:00:00,TRUE,TRUE,TRUE,TRUE,181,SN:3K60180500001584,SN:3K60180500001584,0.994999885559082,fieldlog_window,TRUE,rescue/lgr3_manual_identification_results_additional.csv,rescue/lgr3_manual_identification_results_additional.csv,1,2023-03-15T12:56:57Z,2023-03-15T13:00:27Z,906,-3,NA,0.264780267297391,HM,FALSE,TRUE,1.696166361986213,HM,FALSE,FALSE
Mar_23_155_CP40_stem,TRUE,tree,stem,CP40,2023-03-15,Mar2023,LGR3,C,original,FALSE,original,FALSE,FALSE,FALSE,NA,13:03:30,13:06:30,TRUE,TRUE,TRUE,TRUE,181,SN:3K60180500001584,SN:3K60180500001584,0.9940001964569092,fieldlog_window,TRUE,results_trees/lgr3_manual_identification_results.csv,results_trees/lgr3_manual_identification_results.csv,1,2023-03-15T13:03:36Z,2023-03-15T13:06:20Z,905,6,NA,0.05117822130752902,HM,FALSE,TRUE,1.3921705827315256,HM,FALSE,TRUE
Mar_23_156_CP40_stem,TRUE,tree,stem,CP40,2023-03-15,Mar2023,LGR3,C,original,FALSE,original,FALSE,FALSE,FALSE,NA,13:12:00,13:15:00,TRUE,TRUE,TRUE,TRUE,181,SN:3K60180500001584,SN:3K60180500001584,0.9940001964569092,fieldlog_window,TRUE,results_trees/lgr3_manual_identification_results.csv,results_trees/lgr3_manual_identification_results.csv,1,2023-03-15T13:12:06Z,2023-03-15T13:16:58Z,906,6,NA,0.02523110874073136,HM,FALSE,TRUE,1.3481977372713427,HM,FALSE,FALSE
Mar_23_157_CP40_stem,TRUE,tree,stem,CP40,2023-03-15,Mar2023,LGR3,C,original,FALSE,original,FALSE,FALSE,FALSE,NA,13:35:00,13:38:00,TRUE,TRUE,TRUE,TRUE,181,SN:3K60180500001584,SN:3K60180500001584,0.9940001964569092,fieldlog_window,TRUE,results_trees/lgr3_manual_identification_results.csv,results_trees/lgr3_manual_identification_results.csv,1,2023-03-15T13:35:06Z,2023-03-15T13:37:55Z,906,6,NA,0.8440127059141772,HM,FALSE,TRUE,1.5333853684687355,HM,FALSE,TRUE
Mar_23_158_CP40_stem,TRUE,tree,stem,CP40,2023-03-15,Mar2023,LGR3,C,original,FALSE,original,FALSE,FALSE,FALSE,NA,13:41:00,13:44:00,TRUE,TRUE,TRUE,TRUE,181,SN:3K60180500001584,SN:3K60180500001584,0.9940001964569092,fieldlog_window,TRUE,results_trees/lgr3_manual_identification_results.csv,results_trees/lgr3_manual_identification_results.csv,1,2023-03-15T13:41:03Z,2023-03-15T13:45:49Z,906,3,NA,0.8799048200695342,HM,FALSE,FALSE,1.1216838453992002,HM,FALSE,FALSE
Mar_23_159_CP40_stem,TRUE,tree,stem,CP40,2023-03-15,Mar2023,LGR3,C,original,FALSE,original,FALSE,FALSE,FALSE,NA,13:50:00,13:53:00,TRUE,TRUE,TRUE,TRUE,181,SN:3K60180500001584,SN:3K60180500001584,0.9940001964569092,fieldlog_window,TRUE,results_trees/lgr3_manual_identification_results.csv,results_trees/lgr3_manual_identification_results.csv,1,2023-03-15T13:50:16Z,2023-03-15T13:53:43Z,906,16,NA,0.2230990930684966,HM,FALSE,TRUE,1.0197488844909324,HM,FALSE,TRUE
Mar_23_160_CP40_stem,TRUE,tree,stem,CP40,2023-03-15,Mar2023,LGR3,B,original,FALSE,original,FALSE,FALSE,FALSE,NA,14:10:00,14:13:00,TRUE,TRUE,TRUE,TRUE,181,SN:3K60180500001584,SN:3K60180500001584,0.994999885559082,fieldlog_window,TRUE,results_trees/lgr3_manual_identification_results.csv,results_trees/lgr3_manual_identification_results.csv,1,2023-03-15T14:10:11Z,2023-03-15T14:13:23Z,906,11,NA,0.04820807379249176,LM,FALSE,TRUE,0.4852435580120004,HM,FALSE,FALSE
Mar_23_161_CP40_stem,TRUE,tree,stem,CP40,2023-03-15,Mar2023,LGR3,B,original,FALSE,original,FALSE,FALSE,FALSE,NA,14:19:00,14:21:00,TRUE,TRUE,TRUE,TRUE,121,SN:3K60180500001584,SN:3K60180500001584,0.994999885559082,fieldlog_window,TRUE,results_trees/lgr3_manual_identification_results.csv,results_trees/lgr3_manual_identification_results.csv,1,2023-03-15T14:19:01Z,2023-03-15T14:21:27Z,906,1,NA,0.06931119285213835,LM,FALSE,TRUE,0.686238889010578,HM,FALSE,FALSE
Mar_23_162_CP40_stem,TRUE,tree,stem,CP40,2023-03-15,Mar2023,LGR3,B,original,FALSE,original,FALSE,FALSE,FALSE,NA,14:24:00,14:27:00,TRUE,TRUE,TRUE,TRUE,181,SN:3K60180500001584,SN:3K60180500001584,0.994999885559082,fieldlog_window,TRUE,results_trees/lgr3_manual_identification_results.csv,results_trees/lgr3_manual_identification_results.csv,1,2023-03-15T14:24:19Z,2023-03-15T14:29:00Z,906,19,NA,0.09176114909613071,HM,FALSE,TRUE,0.6355312848276159,HM,FALSE,FALSE
LGR3_2023-03-15_CP40_P23,TRUE,surface,water,CP40,2023-03-15,Mar2023,LGR3,NA,ebullition_added_placement,FALSE,ebullition_reprocessing,FALSE,FALSE,FALSE,NA,14:42:45,14:49:18,TRUE,TRUE,TRUE,TRUE,395,SN:3K60180500001584,SN:3K60180500001584,0.994999885559082,fieldlog_window,FALSE,NA,NA,NA,NA,NA,NA,NA,ebullition/placements_summary.csv,7.735233467310431,HM,FALSE,FALSE,NA,NA,NA,NA
Mar_23_163_CP40_stem,TRUE,tree,stem,CP40,2023-03-15,Mar2023,LGR3,A,original,FALSE,original,FALSE,FALSE,FALSE,NA,14:45:00,14:48:00,TRUE,TRUE,TRUE,TRUE,181,SN:3K60180500001584,SN:3K60180500001584,0.994999885559082,fieldlog_window,TRUE,results_trees/lgr3_manual_identification_results.csv,results_trees/lgr3_manual_identification_results.csv,1,2023-03-15T14:45:06Z,2023-03-15T14:49:23Z,905,6,NA,19.22439325597952,HM,FALSE,TRUE,1.0065645448873524,HM,FALSE,TRUE
Mar_23_164_CP40_stem,TRUE,tree,stem,CP40,2023-03-15,Mar2023,LGR3,A,original,FALSE,original,FALSE,FALSE,FALSE,NA,14:53:00,14:56:00,TRUE,TRUE,TRUE,TRUE,181,SN:3K60180500001584,SN:3K60180500001584,0.9950000047683716,fieldlog_window,TRUE,results_trees/lgr3_manual_identification_results.csv,results_trees/lgr3_manual_identification_results.csv,1,2023-03-15T14:53:10Z,2023-03-15T14:57:53Z,906,10,NA,0.2074467793758124,LM,FALSE,TRUE,1.0845878762370051,HM,FALSE,TRUE
Mar_23_165_CP40_stem,TRUE,tree,stem,CP40,2023-03-15,Mar2023,LGR3,A,original,FALSE,original,FALSE,FALSE,FALSE,NA,15:01:00,15:04:00,TRUE,TRUE,TRUE,TRUE,181,SN:3K60180500001584,SN:3K60180500001584,0.9940001964569092,fieldlog_window,TRUE,results_trees/lgr3_manual_identification_results.csv,results_trees/lgr3_manual_identification_results.csv,1,2023-03-15T15:01:18Z,2023-03-15T15:06:09Z,906,18,NA,0.03570926238757466,LM,TRUE,TRUE,0.5382229715682122,HM,FALSE,TRUE
Mar_23_150_CP40_CWD,TRUE,tree,cwd,CP40,2023-03-15,Mar2023,LGR3,B,original,FALSE,original,FALSE,FALSE,FALSE,NA,15:14:30,15:17:30,TRUE,TRUE,TRUE,TRUE,181,SN:3K60180500001584,SN:3K60180500001584,0.9950001239776611,fieldlog_window,TRUE,results_trees/lgr3_manual_identification_results.csv,results_trees/lgr3_manual_identification_results.csv,1,2023-03-15T15:14:49Z,2023-03-15T15:18:32Z,906,19,NA,0.07621555104128486,HM,FALSE,TRUE,0.6330229448671534,HM,FALSE,FALSE
Mar_23_151_CP40_CWD,TRUE,tree,cwd,CP40,2023-03-15,Mar2023,LGR3,B,original,FALSE,original,FALSE,FALSE,FALSE,NA,15:38:00,15:41:00,TRUE,TRUE,TRUE,TRUE,181,SN:3K60180500001584,SN:3K60180500001584,0.994999885559082,fieldlog_window,TRUE,results_trees/lgr3_manual_identification_results.csv,results_trees/lgr3_manual_identification_results.csv,1,2023-03-15T15:38:00Z,2023-03-15T15:41:10Z,1099,0,NA,0.4062404980794681,HM,FALSE,TRUE,0.7168670373957783,HM,FALSE,TRUE
45000_CP40_Water_130,TRUE,surface,water,CP40,2023-03-15,Mar2023,LGR3,Floating 8 in,ebullition_partitioned,FALSE,original,FALSE,FALSE,FALSE,Tree 30min,15:47:00,15:50:00,TRUE,TRUE,TRUE,TRUE,181,SN:3K60180500001584,SN:3K60180500001584,0.994999885559082,fieldlog_window,TRUE,results_surface/lgr3_manual_identification_results_soil.csv,results_surface/lgr3_manual_identification_results_soil.csv;results_surface/lgr3_manual_identification_results_updated.csv,2,2023-03-15T15:50:38Z,2023-03-15T15:54:25Z,1142,218,ebullition/placements_summary.csv,6.300340842936959,HM,FALSE,TRUE,1.6840402711898674,HM,FALSE,FALSE
Mar_23_166_CP40_stem,TRUE,tree,stem,CP40,2023-03-15,Mar2023,LGR3,C,original,FALSE,original,FALSE,FALSE,FALSE,NA,15:51:00,15:54:00,TRUE,TRUE,TRUE,FALSE,0,NA,NA,0.994999885559082,analyzer_day,TRUE,results_trees/lgr3_manual_identification_results.csv,results_trees/lgr3_manual_identification_results.csv,1,2023-03-15T15:51:14Z,2023-03-15T15:54:10Z,1142,14,NA,23.454920192314077,HM,FALSE,FALSE,1.187333348284622,HM,FALSE,FALSE
Mar_23_167_CP40_stem,TRUE,tree,stem,CP40,2023-03-15,Mar2023,LGR3,C,original,FALSE,original,FALSE,FALSE,FALSE,NA,15:57:00,16:00:00,TRUE,TRUE,TRUE,FALSE,0,NA,NA,0.994999885559082,analyzer_day,TRUE,results_trees/lgr3_manual_identification_results.csv,results_trees/lgr3_manual_identification_results.csv,1,2023-03-15T15:57:15Z,2023-03-15T16:00:28Z,906,15,NA,42.00127506020131,HM,FALSE,FALSE,1.8011329774770206,HM,FALSE,TRUE
Mar_23_168_CP40_stem,TRUE,tree,stem,CP40,2023-03-15,Mar2023,LGR3,C,original,FALSE,original,FALSE,FALSE,FALSE,NA,16:05:00,16:08:00,TRUE,TRUE,TRUE,FALSE,0,NA,NA,0.994999885559082,analyzer_day,TRUE,results_trees/lgr3_manual_identification_results.csv,results_trees/lgr3_manual_identification_results.csv,1,2023-03-15T16:05:02Z,2023-03-15T16:08:19Z,906,2,NA,4.726633953490107,HM,FALSE,FALSE,1.3923244121275078,HM,FALSE,FALSE
45000_CP40_Water_131,TRUE,surface,water,CP40,2023-03-15,Mar2023,LGR3,Floating 8 in,original,FALSE,original,FALSE,FALSE,FALSE,Tree 30min,16:16:00,16:19:00,TRUE,TRUE,TRUE,FALSE,0,NA,NA,0.994999885559082,analyzer_day,TRUE,results_surface/lgr3_manual_identification_results_soil.csv,results_surface/lgr3_manual_identification_results_soil.csv;results_surface/lgr3_manual_identification_results_updated.csv,2,2023-03-15T16:16:39Z,2023-03-15T16:20:02Z,550,39,NA,4.808671325170784,HM,FALSE,FALSE,0.22098431397697915,HM,FALSE,TRUE
45001_BL60_Soil_132,TRUE,surface,soil,BL60,2023-03-16,Mar2023,LGR3,1 ft soil,original,FALSE,original,FALSE,FALSE,FALSE,Tree 30min,12:36:00,12:39:00,TRUE,TRUE,TRUE,TRUE,181,SN:3K60180500001584,SN:3K60180500001584,0.9939999580383301,fieldlog_window,TRUE,results_surface/lgr3_manual_identification_results_soil.csv,results_surface/lgr3_manual_identification_results_soil.csv;results_surface/lgr3_manual_identification_results_updated.csv,2,2023-03-16T12:36:09Z,2023-03-16T12:42:50Z,889,9,NA,5.847589121373269,HM,FALSE,TRUE,17.383635753681606,HM,FALSE,FALSE
45001_BL60_Soil_133,TRUE,surface,soil,BL60,2023-03-16,Mar2023,LGR3,1 ft soil,original,FALSE,original,FALSE,FALSE,FALSE,Tree 30min,12:51:30,12:54:30,TRUE,TRUE,TRUE,TRUE,181,SN:3K60180500001584,SN:3K60180500001584,0.994999885559082,fieldlog_window,TRUE,results_surface/lgr3_manual_identification_results_soil.csv,results_surface/lgr3_manual_identification_results_soil.csv;results_surface/lgr3_manual_identification_results_updated.csv,2,2023-03-16T12:51:27Z,2023-03-16T12:55:06Z,905,-3,NA,10.835068130883398,HM,FALSE,FALSE,15.76786063279259,HM,FALSE,TRUE
45001_BL60_Soil_134,TRUE,surface,soil,BL60,2023-03-16,Mar2023,LGR3,1 ft soil,original,FALSE,original,FALSE,FALSE,FALSE,Tree 30min,13:01:00,13:04:00,TRUE,TRUE,TRUE,TRUE,181,SN:3K60180500001584,SN:3K60180500001584,0.994999885559082,fieldlog_window,TRUE,results_surface/lgr3_manual_identification_results_soil.csv,results_surface/lgr3_manual_identification_results_soil.csv;results_surface/lgr3_manual_identification_results_updated.csv,2,2023-03-16T13:01:24Z,2023-03-16T13:08:06Z,905,24,NA,19.800621504658587,HM,FALSE,TRUE,5.186387381348387,HM,FALSE,FALSE
45001_BL60_Soil_135,TRUE,surface,soil,BL60,2023-03-16,Mar2023,LGR3,1 ft soil,original,FALSE,original,FALSE,FALSE,FALSE,Tree 30min,13:15:00,13:18:00,TRUE,TRUE,TRUE,TRUE,181,SN:3K60180500001584,SN:3K60180500001584,0.994999885559082,fieldlog_window,TRUE,results_surface/lgr3_manual_identification_results_soil.csv,results_surface/lgr3_manual_identification_results_soil.csv;results_surface/lgr3_manual_identification_results_updated.csv,2,2023-03-16T13:15:04Z,2023-03-16T13:18:51Z,906,4,NA,2.393972665212478,HM,FALSE,TRUE,5.212363428652969,HM,FALSE,TRUE
45001_BL60_Soil_136,TRUE,surface,soil,BL60,2023-03-16,Mar2023,LGR3,1 ft soil,original,FALSE,original,FALSE,FALSE,FALSE,Tree 30min,13:23:30,13:26:30,TRUE,TRUE,TRUE,TRUE,181,SN:3K60180500001584,SN:3K60180500001584,0.9940000772476196,fieldlog_window,TRUE,results_surface/lgr3_manual_identification_results_soil.csv,results_surface/lgr3_manual_identification_results_soil.csv;results_surface/lgr3_manual_identification_results_updated.csv,2,2023-03-16T13:23:27Z,2023-03-16T13:26:39Z,906,-3,NA,3.174496747448345,HM,FALSE,TRUE,3.900279422763035,LM,FALSE,TRUE
45001_BL60_Soil_137,TRUE,surface,soil,BL60,2023-03-16,Mar2023,LGR3,2 ft soil,original,FALSE,original,FALSE,FALSE,FALSE,Tree 30min,14:00:00,14:07:00,TRUE,TRUE,TRUE,TRUE,422,SN:3K60180500001584,SN:3K60180500001584,0.9940001964569092,fieldlog_window,TRUE,results_surface/lgr3_manual_identification_results_soil.csv,results_surface/lgr3_manual_identification_results_soil.csv;results_surface/lgr3_manual_identification_results_updated.csv,2,2023-03-16T13:56:34Z,2023-03-16T14:08:53Z,906,-206,NA,3.072462764808066,HM,FALSE,FALSE,4.083471976988748,HM,FALSE,FALSE
45001_BL60_Soil_138,TRUE,surface,soil,BL60,2023-03-16,Mar2023,LGR3,2 ft soil,original,FALSE,original,FALSE,FALSE,FALSE,Tree 30min,14:15:30,14:18:30,TRUE,TRUE,TRUE,TRUE,181,SN:3K60180500001584,SN:3K60180500001584,0.994999885559082,fieldlog_window,TRUE,results_surface/lgr3_manual_identification_results_soil.csv,results_surface/lgr3_manual_identification_results_soil.csv;results_surface/lgr3_manual_identification_results_updated.csv,2,2023-03-16T14:14:56Z,2023-03-16T14:18:34Z,906,-34,NA,17.39808401937463,HM,FALSE,TRUE,3.6677940901687416,LM,FALSE,TRUE
45001_BL60_Soil_139,TRUE,surface,soil,BL60,2023-03-16,Mar2023,LGR3,2 ft soil,original,FALSE,original,FALSE,FALSE,FALSE,Tree 30min,14:23:00,14:26:00,TRUE,TRUE,TRUE,TRUE,181,SN:3K60180500001584,SN:3K60180500001584,0.9950000047683716,fieldlog_window,TRUE,results_surface/lgr3_manual_identification_results_soil.csv,results_surface/lgr3_manual_identification_results_soil.csv;results_surface/lgr3_manual_identification_results_updated.csv,2,2023-03-16T14:23:01Z,2023-03-16T14:27:21Z,906,1,NA,2.4886608043647622,HM,FALSE,TRUE,5.716492154314777,LM,FALSE,TRUE
45001_BL60_Soil_140,TRUE,surface,soil,BL60,2023-03-16,Mar2023,LGR3,2 ft soil,original,FALSE,original,FALSE,FALSE,FALSE,Tree 30min,14:51:00,14:54:00,TRUE,TRUE,TRUE,TRUE,181,SN:3K60180500001584,SN:3K60180500001584,0.9939999580383301,fieldlog_window,TRUE,results_surface/lgr3_manual_identification_results_soil.csv,results_surface/lgr3_manual_identification_results_soil.csv;results_surface/lgr3_manual_identification_results_updated.csv,2,2023-03-16T14:50:57Z,2023-03-16T14:55:19Z,906,-3,NA,65.04624493193604,HM,FALSE,TRUE,4.739231759424558,HM,FALSE,TRUE
45001_BL60_Soil_141,TRUE,surface,soil,BL60,2023-03-16,Mar2023,LGR3,2 ft soil,original,FALSE,original,FALSE,FALSE,FALSE,Tree 30min,15:02:00,15:05:00,TRUE,TRUE,TRUE,TRUE,181,SN:3K60180500001584,SN:3K60180500001584,0.994999885559082,fieldlog_window,TRUE,results_surface/lgr3_manual_identification_results_soil.csv,results_surface/lgr3_manual_identification_results_soil.csv;results_surface/lgr3_manual_identification_results_updated.csv,2,2023-03-16T15:01:50Z,2023-03-16T15:05:01Z,906,-10,NA,270.6431616019117,HM,FALSE,TRUE,4.822085995884337,HM,FALSE,TRUE
45007_BL60_Water_168,TRUE,surface,water,BL60,2023-03-16,Mar2023,LGR3,Floating 8 in,recovered,TRUE,rescued,FALSE,FALSE,TRUE,Weather station,15:08:30,15:10:30,TRUE,TRUE,TRUE,TRUE,121,SN:3K60180500001584,SN:3K60180500001584,0.994999885559082,fieldlog_window,FALSE,NA,NA,NA,NA,NA,NA,NA,NA,0.8084646685843103,LM,FALSE,TRUE,0.1330376734751153,LM,FALSE,TRUE
45007_BL60_Water_169,TRUE,surface,water,BL60,2023-03-16,Mar2023,LGR3,Floating 8 in,ebullition_partitioned,TRUE,rescued,FALSE,FALSE,TRUE,Weather station,15:13:30,15:15:30,TRUE,TRUE,TRUE,TRUE,120,SN:3K60180500001584,SN:3K60180500001584,0.994999885559082,fieldlog_window,FALSE,NA,NA,NA,NA,NA,NA,NA,ebullition/placements_summary.csv,17.66752451627789,HM,FALSE,TRUE,1.201667570116416,HM,FALSE,TRUE
45001_BL60_Soil_142,TRUE,surface,soil,BL60,2023-03-16,Mar2023,LGR3,2 ft soil,original,FALSE,original,FALSE,FALSE,FALSE,Tree 30min,15:15:00,15:18:00,TRUE,TRUE,TRUE,TRUE,181,SN:3K60180500001584,SN:3K60180500001584,0.994999885559082,fieldlog_window,TRUE,results_surface/lgr3_manual_identification_results_soil.csv,results_surface/lgr3_manual_identification_results_soil.csv;results_surface/lgr3_manual_identification_results_updated.csv,2,2023-03-16T15:14:57Z,2023-03-16T15:18:02Z,906,-3,NA,52.833332239474046,HM,FALSE,TRUE,5.6855317632355415,HM,FALSE,TRUE
45007_BL60_Water_170,TRUE,surface,water,BL60,2023-03-16,Mar2023,LGR3,Floating 8 in,ebullition_partitioned,TRUE,rescued,FALSE,FALSE,TRUE,Weather station,15:18:30,15:20:30,TRUE,TRUE,TRUE,TRUE,121,SN:3K60180500001584,SN:3K60180500001584,0.9939999580383301,fieldlog_window,FALSE,NA,NA,NA,NA,NA,NA,NA,ebullition/placements_summary.csv,4.630463941896019,HM,FALSE,TRUE,1.4557280241494022,HM,FALSE,TRUE
45007_BL60_Water_171,TRUE,surface,water,BL60,2023-03-16,Mar2023,LGR3,Floating 8 in,recovered,TRUE,rescued,FALSE,FALSE,TRUE,Weather station,15:23:00,15:25:00,TRUE,TRUE,TRUE,TRUE,120,SN:3K60180500001584,SN:3K60180500001584,0.9939999580383301,fieldlog_window,FALSE,NA,NA,NA,NA,NA,NA,NA,NA,3.90139683390979,LM,FALSE,TRUE,1.1941122039183287,HM,FALSE,FALSE
45001_BL60_Soil_143,TRUE,surface,soil,BL60,2023-03-16,Mar2023,LGR3,2 ft soil,original,FALSE,original,FALSE,FALSE,FALSE,Tree 30min,15:25:00,15:28:00,TRUE,TRUE,TRUE,TRUE,181,SN:3K60180500001584,SN:3K60180500001584,0.9940001964569092,fieldlog_window,TRUE,results_surface/lgr3_manual_identification_results_soil.csv,results_surface/lgr3_manual_identification_results_soil.csv;results_surface/lgr3_manual_identification_results_updated.csv,2,2023-03-16T15:23:35Z,2023-03-16T15:28:47Z,550,-85,NA,14.766600167277186,LM,FALSE,TRUE,5.053469779921558,HM,FALSE,TRUE
Mar_23_106_SE1_stem,TRUE,tree,stem,SE1,2023-03-17,Mar2023,LGR3,HB,original,FALSE,original,TRUE,FALSE,FALSE,NA,09:58:00,10:01:00,TRUE,TRUE,TRUE,TRUE,181,SN:3K60180500001584,SN:3K60180500001584,0.9945000410079956,fieldlog_window,TRUE,results_trees/lgr3_manual_identification_results.csv,results_trees/lgr3_manual_identification_results.csv,1,2023-03-17T09:57:52Z,2023-03-17T10:01:14Z,816,-8,NA,-0.01874294264367713,HM,FALSE,TRUE,0.29275908011985347,HM,FALSE,FALSE
Mar_23_107_SE1_root,TRUE,tree,root,SE1,2023-03-17,Mar2023,LGR3,HB,original,FALSE,original,TRUE,FALSE,FALSE,NA,10:10:00,10:13:00,TRUE,TRUE,TRUE,TRUE,181,SN:3K60180500001584,SN:3K60180500001584,0.994999885559082,fieldlog_window,TRUE,results_trees/lgr3_manual_identification_results.csv,results_trees/lgr3_manual_identification_results.csv,1,2023-03-17T10:10:14Z,2023-03-17T10:15:01Z,906,14,NA,4.952942744927764,HM,FALSE,FALSE,0.5573735994493063,HM,FALSE,FALSE
Mar_23_108_SE1_root,TRUE,tree,root,SE1,2023-03-17,Mar2023,LGR3,HA,original,FALSE,original,TRUE,FALSE,FALSE,NA,10:34:30,10:37:30,TRUE,TRUE,TRUE,TRUE,181,SN:3K60180500001584,SN:3K60180500001584,0.994999885559082,fieldlog_window,TRUE,results_trees/lgr3_manual_identification_results.csv,results_trees/lgr3_manual_identification_results.csv,1,2023-03-17T10:34:35Z,2023-03-17T10:38:32Z,906,5,NA,0.7766294471847535,HM,FALSE,TRUE,-0.4851153347443519,HM,FALSE,TRUE
Mar_23_109_SE1_stem,TRUE,tree,stem,SE1,2023-03-17,Mar2023,LGR3,HA,original,FALSE,original,TRUE,FALSE,FALSE,NA,10:52:30,10:55:30,TRUE,TRUE,TRUE,TRUE,181,SN:3K60180500001584,SN:3K60180500001584,0.994999885559082,fieldlog_window,TRUE,results_trees/lgr3_manual_identification_results.csv,results_trees/lgr3_manual_identification_results.csv,1,2023-03-17T10:52:19Z,2023-03-17T10:55:23Z,906,-11,NA,0.8064849634440933,HM,FALSE,TRUE,0.9379188695903784,HM,FALSE,TRUE
Mar_23_110_SE1_stem,TRUE,tree,stem,SE1,2023-03-17,Mar2023,LGR3,HA,original,FALSE,original,TRUE,FALSE,FALSE,NA,11:00:00,11:03:00,TRUE,TRUE,TRUE,TRUE,181,SN:3K60180500001584,SN:3K60180500001584,0.994999885559082,fieldlog_window,TRUE,results_trees/lgr3_manual_identification_results.csv,results_trees/lgr3_manual_identification_results.csv,1,2023-03-17T11:00:08Z,2023-03-17T11:03:36Z,906,8,NA,-0.0186336255190057,LM,TRUE,TRUE,0.28737166812127896,HM,FALSE,TRUE
Mar_23_111_SE1_root,TRUE,tree,root,SE1,2023-03-17,Mar2023,LGR3,HA,original,FALSE,original,TRUE,FALSE,FALSE,NA,11:07:00,11:10:00,TRUE,TRUE,TRUE,TRUE,181,SN:3K60180500001584,SN:3K60180500001584,0.994999885559082,fieldlog_window,TRUE,results_trees/lgr3_manual_identification_results.csv,results_trees/lgr3_manual_identification_results.csv,1,2023-03-17T11:07:07Z,2023-03-17T11:10:26Z,906,7,NA,5.720132621749882,LM,FALSE,TRUE,1.4623788272266267,HM,FALSE,TRUE
Mar_23_100_SE1_stem,TRUE,tree,stem,SE1,2023-03-17,Mar2023,LGR3,HA,original,FALSE,original,TRUE,FALSE,FALSE,NA,11:18:30,11:21:30,TRUE,TRUE,TRUE,TRUE,181,SN:3K60180500001584,SN:3K60180500001584,0.994999885559082,fieldlog_window,TRUE,results_trees/lgr3_manual_identification_results.csv,results_trees/lgr3_manual_identification_results.csv,1,2023-03-17T11:18:32Z,2023-03-17T11:22:21Z,906,2,NA,0.0077143420688503,LM,TRUE,TRUE,0.3173635605511721,HM,FALSE,FALSE
Mar_23_101_SE1_root,TRUE,tree,root,SE1,2023-03-17,Mar2023,LGR3,HA,original,FALSE,original,TRUE,FALSE,FALSE,NA,11:46:15,11:49:15,TRUE,TRUE,TRUE,TRUE,181,SN:3K60180500001584,SN:3K60180500001584,0.9950001239776611,fieldlog_window,TRUE,results_trees/lgr3_manual_identification_results.csv,results_trees/lgr3_manual_identification_results.csv,1,2023-03-17T11:46:16Z,2023-03-17T11:49:15Z,906,1,NA,0.09147935937164456,LM,FALSE,TRUE,0.6024028658303782,HM,FALSE,FALSE
Mar_23_102_SE1_root,TRUE,tree,root,SE1,2023-03-17,Mar2023,LGR3,HA,original,FALSE,original,TRUE,FALSE,FALSE,NA,11:54:00,11:57:00,TRUE,TRUE,TRUE,TRUE,181,SN:3K60180500001584,SN:3K60180500001584,0.994999885559082,fieldlog_window,TRUE,results_trees/lgr3_manual_identification_results.csv,results_trees/lgr3_manual_identification_results.csv,1,2023-03-17T11:54:05Z,2023-03-17T11:56:27Z,906,5,NA,1.1264262597123806,HM,FALSE,TRUE,0.23613517604907097,HM,FALSE,TRUE
Mar_23_103_SE1_stem,TRUE,tree,stem,SE1,2023-03-17,Mar2023,LGR3,HA,original,FALSE,original,TRUE,FALSE,FALSE,NA,12:01:30,12:04:30,TRUE,TRUE,TRUE,TRUE,181,SN:3K60180500001584,SN:3K60180500001584,0.9939999580383301,fieldlog_window,TRUE,results_trees/lgr3_manual_identification_results.csv,results_trees/lgr3_manual_identification_results.csv,1,2023-03-17T12:01:34Z,2023-03-17T12:04:34Z,906,4,NA,0.0020751303169498,LM,TRUE,TRUE,0.3084362160167532,LM,FALSE,TRUE
Mar_23_104_SE1_root,TRUE,tree,root,SE1,2023-03-17,Mar2023,LGR3,HA,original,FALSE,original,TRUE,FALSE,FALSE,NA,12:07:30,12:10:30,TRUE,TRUE,TRUE,TRUE,181,SN:3K60180500001584,SN:3K60180500001584,0.9940001964569092,fieldlog_window,TRUE,results_trees/lgr3_manual_identification_results.csv,results_trees/lgr3_manual_identification_results.csv,1,2023-03-17T12:07:35Z,2023-03-17T12:10:40Z,612,5,NA,6.487142345872334,HM,FALSE,FALSE,0.8439876644270794,HM,FALSE,FALSE
Mar_23_49_FLM30_stem,TRUE,tree,stem,FLM30,2023-03-18,Mar2023,LGR3,C,original,FALSE,original,FALSE,FALSE,FALSE,NA,10:25:40,10:28:40,TRUE,TRUE,TRUE,TRUE,181,SN:3K60180500001584,SN:3K60180500001584,0.9940000772476196,fieldlog_window,TRUE,results_trees/lgr3_manual_identification_results.csv,results_trees/lgr3_manual_identification_results.csv,1,2023-03-18T10:26:22Z,2023-03-18T10:28:49Z,906,42,NA,106.4233594927985,LM,FALSE,TRUE,0.9325266062826814,HM,FALSE,TRUE
Mar_23_50_FLM30_stem,TRUE,tree,stem,FLM30,2023-03-18,Mar2023,LGR3,C,original,FALSE,original,FALSE,FALSE,FALSE,NA,10:33:49,10:36:49,TRUE,TRUE,TRUE,TRUE,181,SN:3K60180500001584,SN:3K60180500001584,0.9940001964569092,fieldlog_window,TRUE,results_trees/lgr3_manual_identification_results.csv,results_trees/lgr3_manual_identification_results.csv,1,2023-03-18T10:34:17Z,2023-03-18T10:37:22Z,906,28,NA,0.706270544079675,HM,FALSE,FALSE,2.065692352797692,HM,FALSE,FALSE
Mar_23_51_FLM30_stem,TRUE,tree,stem,FLM30,2023-03-18,Mar2023,LGR3,C,original,FALSE,original,FALSE,FALSE,FALSE,NA,10:42:30,10:45:30,TRUE,TRUE,TRUE,TRUE,181,SN:3K60180500001584,SN:3K60180500001584,0.9940001964569092,fieldlog_window,TRUE,results_trees/lgr3_manual_identification_results.csv,results_trees/lgr3_manual_identification_results.csv,1,2023-03-18T10:43:30Z,2023-03-18T10:47:43Z,906,60,NA,0.18322566614996055,LM,FALSE,TRUE,2.3956867355184177,HM,FALSE,FALSE
Mar_23_52_FLM30_stem,TRUE,tree,stem,FLM30,2023-03-18,Mar2023,LGR3,C,original,FALSE,original,FALSE,FALSE,FALSE,NA,10:55:30,10:58:30,TRUE,TRUE,TRUE,TRUE,181,SN:3K60180500001584,SN:3K60180500001584,0.9940001964569092,fieldlog_window,TRUE,results_trees/lgr3_manual_identification_results.csv,results_trees/lgr3_manual_identification_results.csv,1,2023-03-18T10:56:27Z,2023-03-18T10:59:02Z,906,57,NA,5.623090462399686,LM,FALSE,TRUE,1.1484691178843598,HM,FALSE,FALSE
Mar_23_53_FLM30_stem,TRUE,tree,stem,FLM30,2023-03-18,Mar2023,LGR3,C,original,FALSE,original,FALSE,FALSE,FALSE,NA,11:03:38,11:06:38,TRUE,TRUE,TRUE,TRUE,181,SN:3K60180500001584,SN:3K60180500001584,0.994999885559082,fieldlog_window,TRUE,results_trees/lgr3_manual_identification_results.csv,results_trees/lgr3_manual_identification_results.csv,1,2023-03-18T11:04:01Z,2023-03-18T11:05:58Z,906,23,NA,0.04931920088145226,LM,FALSE,TRUE,1.793840887461206,HM,FALSE,TRUE
Mar_23_54_FLM30_stem,TRUE,tree,stem,FLM30,2023-03-18,Mar2023,LGR3,C,original,FALSE,original,FALSE,FALSE,FALSE,NA,11:12:00,11:15:00,TRUE,TRUE,TRUE,TRUE,181,SN:3K60180500001584,SN:3K60180500001584,0.994999885559082,fieldlog_window,TRUE,results_trees/lgr3_manual_identification_results.csv,results_trees/lgr3_manual_identification_results.csv,1,2023-03-18T11:12:25Z,2023-03-18T11:16:14Z,905,25,NA,0.08984329843132496,LM,FALSE,TRUE,1.875822278475453,HM,FALSE,FALSE
Mar_23_43_FLM30_stem,TRUE,tree,stem,FLM30,2023-03-18,Mar2023,LGR3,C,original,FALSE,original,FALSE,FALSE,FALSE,NA,11:21:30,11:24:30,TRUE,TRUE,TRUE,TRUE,181,SN:3K60180500001584,SN:3K60180500001584,0.9940001964569092,fieldlog_window,TRUE,results_trees/lgr3_manual_identification_results.csv,results_trees/lgr3_manual_identification_results.csv,1,2023-03-18T11:21:37Z,2023-03-18T11:24:27Z,906,7,NA,10.961642691252734,HM,FALSE,FALSE,1.6758436509562455,HM,FALSE,FALSE
Mar_23_44_FLM30_stem,TRUE,tree,stem,FLM30,2023-03-18,Mar2023,LGR3,C,original,FALSE,original,FALSE,FALSE,FALSE,NA,11:32:00,11:35:00,TRUE,TRUE,TRUE,TRUE,181,SN:3K60180500001584,SN:3K60180500001584,0.9940001964569092,fieldlog_window,TRUE,results_trees/lgr3_manual_identification_results.csv,results_trees/lgr3_manual_identification_results.csv,1,2023-03-18T11:32:28Z,2023-03-18T11:35:26Z,906,28,NA,0.16646041692297103,HM,FALSE,TRUE,1.7835894496914269,HM,FALSE,FALSE
Mar_23_45_FLM30_stem,TRUE,tree,stem,FLM30,2023-03-18,Mar2023,LGR3,C,original,FALSE,original,FALSE,FALSE,FALSE,NA,11:39:30,11:42:30,TRUE,TRUE,TRUE,TRUE,180,SN:3K60180500001584,SN:3K60180500001584,0.994999885559082,fieldlog_window,TRUE,results_trees/lgr3_manual_identification_results.csv,results_trees/lgr3_manual_identification_results.csv,1,2023-03-18T11:40:10Z,2023-03-18T11:42:45Z,906,40,NA,0.11893158794989687,HM,FALSE,TRUE,2.2916727244886435,HM,FALSE,FALSE
Mar_23_46_FLM30_stem,TRUE,tree,stem,FLM30,2023-03-18,Mar2023,LGR3,C,original,FALSE,original,FALSE,FALSE,FALSE,NA,11:53:05,11:56:05,TRUE,TRUE,TRUE,TRUE,181,SN:3K60180500001584,SN:3K60180500001584,0.9945000410079956,fieldlog_window,TRUE,results_trees/lgr3_manual_identification_results.csv,results_trees/lgr3_manual_identification_results.csv,1,2023-03-18T11:53:52Z,2023-03-18T11:56:07Z,906,47,NA,97.1336457406316,HM,FALSE,TRUE,2.047121583694485,HM,FALSE,FALSE
Mar_23_47_FLM30_stem,TRUE,tree,stem,FLM30,2023-03-18,Mar2023,LGR3,C,original,FALSE,original,FALSE,FALSE,FALSE,NA,11:59:47,12:02:47,TRUE,TRUE,TRUE,TRUE,181,SN:3K60180500001584,SN:3K60180500001584,0.994999885559082,fieldlog_window,TRUE,results_trees/lgr3_manual_identification_results.csv,results_trees/lgr3_manual_identification_results.csv,1,2023-03-18T11:59:48Z,2023-03-18T12:02:20Z,906,1,NA,0.935629067528182,HM,FALSE,TRUE,1.6194030329454911,HM,FALSE,FALSE
Mar_23_48_FLM30_stem,TRUE,tree,stem,FLM30,2023-03-18,Mar2023,LGR3,C,original,FALSE,original,FALSE,FALSE,FALSE,NA,12:06:45,12:09:45,TRUE,TRUE,TRUE,TRUE,181,SN:3K60180500001584,SN:3K60180500001584,0.994999885559082,fieldlog_window,TRUE,results_trees/lgr3_manual_identification_results.csv,results_trees/lgr3_manual_identification_results.csv,1,2023-03-18T12:07:08Z,2023-03-18T12:10:03Z,906,23,NA,0.11359795736118466,LM,FALSE,TRUE,1.9860614832658656,HM,FALSE,FALSE
Mar_23_65_FLM30_stem,TRUE,tree,stem,FLM30,2023-03-18,Mar2023,LGR3,C,original,FALSE,original,FALSE,FALSE,FALSE,NA,12:17:00,12:20:00,TRUE,TRUE,TRUE,TRUE,181,SN:3K60180500001584,SN:3K60180500001584,0.994999885559082,fieldlog_window,TRUE,results_trees/lgr3_manual_identification_results.csv,results_trees/lgr3_manual_identification_results.csv,1,2023-03-18T12:17:05Z,2023-03-18T12:19:40Z,905,5,NA,10.533548103036422,HM,FALSE,TRUE,1.1406483240501517,HM,FALSE,FALSE
Mar_23_66_FLM30_stem,TRUE,tree,stem,FLM30,2023-03-18,Mar2023,LGR3,C,original,FALSE,original,FALSE,FALSE,FALSE,NA,12:28:00,12:31:00,TRUE,TRUE,TRUE,TRUE,181,SN:3K60180500001584,SN:3K60180500001584,0.9939999580383301,fieldlog_window,TRUE,results_trees/lgr3_manual_identification_results.csv,results_trees/lgr3_manual_identification_results.csv,1,2023-03-18T12:28:05Z,2023-03-18T12:31:03Z,906,5,NA,0.21700093724410507,HM,FALSE,TRUE,0.22672499746139588,LM,FALSE,TRUE
Mar_23_67_FLM30_stem,TRUE,tree,stem,FLM30,2023-03-18,Mar2023,LGR3,C,original,FALSE,original,FALSE,FALSE,FALSE,NA,12:37:13,12:40:13,TRUE,TRUE,TRUE,TRUE,181,SN:3K60180500001584,SN:3K60180500001584,0.9945000410079956,fieldlog_window,TRUE,results_trees/lgr3_manual_identification_results.csv,results_trees/lgr3_manual_identification_results.csv,1,2023-03-18T12:37:27Z,2023-03-18T12:44:46Z,906,14,NA,0.06929296698031204,HM,FALSE,TRUE,1.7529304548499107,HM,FALSE,FALSE
Mar_23_68_FLM30_stem,TRUE,tree,stem,FLM30,2023-03-18,Mar2023,LGR3,C,original,FALSE,original,FALSE,FALSE,FALSE,NA,12:56:00,12:59:30,TRUE,TRUE,TRUE,TRUE,211,SN:3K60180500001584,SN:3K60180500001584,0.994999885559082,fieldlog_window,TRUE,results_trees/lgr3_manual_identification_results.csv,results_trees/lgr3_manual_identification_results.csv,1,2023-03-18T12:56:10Z,2023-03-18T13:00:21Z,906,10,NA,2.0919683609672006,LM,FALSE,TRUE,1.7389183110374529,HM,FALSE,FALSE
Mar_23_70_FLM30_stem,TRUE,tree,stem,FLM30,2023-03-18,Mar2023,LGR3,C,original,FALSE,original,FALSE,FALSE,FALSE,NA,13:05:00,13:08:00,TRUE,TRUE,TRUE,TRUE,181,SN:3K60180500001584,SN:3K60180500001584,0.9939999580383301,fieldlog_window,TRUE,results_trees/lgr3_manual_identification_results.csv,results_trees/lgr3_manual_identification_results.csv,1,2023-03-18T13:05:08Z,2023-03-18T13:08:20Z,906,8,NA,7.079584396653634,HM,FALSE,TRUE,1.8027389540215384,HM,FALSE,FALSE
Mar_23_69_FLM30_stem,TRUE,tree,stem,FLM30,2023-03-18,Mar2023,LGR3,C,original,FALSE,original,FALSE,FALSE,FALSE,NA,13:15:30,13:18:30,TRUE,TRUE,TRUE,TRUE,180,SN:3K60180500001584,SN:3K60180500001584,0.994999885559082,fieldlog_window,TRUE,results_trees/lgr3_manual_identification_results.csv,results_trees/lgr3_manual_identification_results.csv,1,2023-03-18T13:15:53Z,2023-03-18T13:19:49Z,906,23,NA,0.3401729016920259,HM,FALSE,TRUE,3.129879480258246,HM,FALSE,FALSE
Mar_23_59_FLM30_stem,TRUE,tree,stem,FLM30,2023-03-18,Mar2023,LGR3,C,original,FALSE,original,FALSE,FALSE,FALSE,NA,13:27:50,13:30:50,TRUE,TRUE,TRUE,TRUE,180,SN:3K60180500001584,SN:3K60180500001584,0.9939999580383301,fieldlog_window,TRUE,results_trees/lgr3_manual_identification_results.csv,results_trees/lgr3_manual_identification_results.csv,1,2023-03-18T13:27:55Z,2023-03-18T13:30:07Z,906,5,NA,2.4766033909818455,HM,FALSE,FALSE,1.7902930878838343,HM,FALSE,FALSE
Mar_23_60_FLM30_stem,TRUE,tree,stem,FLM30,2023-03-18,Mar2023,LGR3,C,original,FALSE,original,FALSE,FALSE,FALSE,NA,13:32:45,13:35:45,TRUE,TRUE,TRUE,TRUE,181,SN:3K60180500001584,SN:3K60180500001584,0.9940001964569092,fieldlog_window,TRUE,results_trees/lgr3_manual_identification_results.csv,results_trees/lgr3_manual_identification_results.csv,1,2023-03-18T13:33:03Z,2023-03-18T13:35:24Z,906,18,NA,4.5492994792033015,HM,FALSE,TRUE,2.7084829686570604,HM,FALSE,TRUE
Mar_23_61_FLM30_stem,TRUE,tree,stem,FLM30,2023-03-18,Mar2023,LGR3,C,original,FALSE,original,FALSE,FALSE,FALSE,NA,13:38:26,13:44:26,TRUE,TRUE,TRUE,TRUE,362,SN:3K60180500001584,SN:3K60180500001584,0.9939999580383301,fieldlog_window,TRUE,results_trees/lgr3_manual_identification_results.csv,results_trees/lgr3_manual_identification_results.csv,1,2023-03-18T13:38:40Z,2023-03-18T13:44:22Z,906,14,NA,0.1039897245897793,LM,FALSE,TRUE,2.2213046410221353,HM,FALSE,FALSE
Mar_23_62_FLM30_stem,TRUE,tree,stem,FLM30,2023-03-18,Mar2023,LGR3,C,original,FALSE,original,FALSE,FALSE,FALSE,NA,13:51:50,13:54:50,TRUE,TRUE,TRUE,TRUE,181,SN:3K60180500001584,SN:3K60180500001584,0.9945000410079956,fieldlog_window,TRUE,results_trees/lgr3_manual_identification_results.csv,results_trees/lgr3_manual_identification_results.csv,1,2023-03-18T13:52:09Z,2023-03-18T13:55:21Z,906,19,NA,31.327582668267908,HM,FALSE,FALSE,2.002019591099259,HM,FALSE,FALSE
Mar_23_63_FLM30_stem,TRUE,tree,stem,FLM30,2023-03-18,Mar2023,LGR3,C,original,FALSE,original,FALSE,FALSE,FALSE,NA,13:58:00,14:01:00,TRUE,TRUE,TRUE,TRUE,181,SN:3K60180500001584,SN:3K60180500001584,0.994999885559082,fieldlog_window,TRUE,results_trees/lgr3_manual_identification_results.csv,results_trees/lgr3_manual_identification_results.csv,1,2023-03-18T13:58:21Z,2023-03-18T14:00:33Z,906,21,NA,0.403971107719957,HM,FALSE,TRUE,1.9344170295990748,LM,FALSE,TRUE
Mar_23_64_FLM30_stem,TRUE,tree,stem,FLM30,2023-03-18,Mar2023,LGR3,C,original,FALSE,original,FALSE,FALSE,FALSE,NA,14:07:35,14:10:35,TRUE,TRUE,TRUE,TRUE,181,SN:3K60180500001584,SN:3K60180500001584,0.994999885559082,fieldlog_window,TRUE,results_trees/lgr3_manual_identification_results.csv,results_trees/lgr3_manual_identification_results.csv,1,2023-03-18T14:07:52Z,2023-03-18T14:10:25Z,844,17,NA,0.17473970445165585,HM,FALSE,TRUE,2.308568341115381,HM,FALSE,FALSE
Mar_23_57_FLM30_stem,TRUE,tree,stem,FLM30,2023-03-18,Mar2023,LGR3,A,original,FALSE,original,FALSE,FALSE,FALSE,NA,14:23:30,14:26:30,TRUE,TRUE,TRUE,TRUE,181,SN:3K60180500001584,SN:3K60180500001584,0.9940000772476196,fieldlog_window,TRUE,results_trees/lgr3_manual_identification_results.csv,results_trees/lgr3_manual_identification_results.csv,1,2023-03-18T14:23:33Z,2023-03-18T14:25:49Z,649,3,NA,0.6310539736404198,HM,FALSE,TRUE,7.375585662183985,HM,FALSE,TRUE
Mar_23_58_FLM30_stem,TRUE,tree,stem,FLM30,2023-03-18,Mar2023,LGR3,A,original,FALSE,original,FALSE,FALSE,FALSE,NA,14:32:10,14:35:10,TRUE,TRUE,TRUE,TRUE,181,SN:3K60180500001584,SN:3K60180500001584,0.9940001964569092,fieldlog_window,TRUE,results_trees/lgr3_manual_identification_results.csv,results_trees/lgr3_manual_identification_results.csv,1,2023-03-18T14:32:22Z,2023-03-18T14:34:47Z,906,12,NA,1.1112078793782685,HM,FALSE,TRUE,7.989651656299289,HM,FALSE,TRUE
Mar_23_55_FLM30_stem,TRUE,tree,stem,FLM30,2023-03-18,Mar2023,LGR3,A,original,FALSE,original,FALSE,FALSE,FALSE,NA,14:40:00,14:43:00,TRUE,TRUE,TRUE,TRUE,181,SN:3K60180500001584,SN:3K60180500001584,0.994999885559082,fieldlog_window,TRUE,results_trees/lgr3_manual_identification_results.csv,results_trees/lgr3_manual_identification_results.csv,1,2023-03-18T14:39:57Z,2023-03-18T14:43:19Z,875,-3,NA,1.624131602272619,LM,FALSE,TRUE,9.456557580194032,HM,FALSE,TRUE
Mar_23_56_FLM30_stem,TRUE,tree,stem,FLM30,2023-03-18,Mar2023,LGR3,A,original,FALSE,original,FALSE,FALSE,FALSE,NA,14:45:40,14:48:40,TRUE,TRUE,TRUE,TRUE,181,SN:3K60180500001584,SN:3K60180500001584,0.994999885559082,fieldlog_window,TRUE,results_trees/lgr3_manual_identification_results.csv,results_trees/lgr3_manual_identification_results.csv,1,2023-03-18T14:45:46Z,2023-03-18T14:48:26Z,534,6,NA,0.5158770896858038,HM,FALSE,TRUE,6.820166490935956,HM,FALSE,TRUE
Mar_23_35_BL60_stem,TRUE,tree,stem,BL60,2023-03-19,Mar2023,LGR3,B,original,FALSE,original,FALSE,FALSE,FALSE,NA,09:54:30,09:57:30,TRUE,TRUE,TRUE,TRUE,181,SN:3K60180500001584,SN:3K60180500001584,0.994999885559082,fieldlog_window,TRUE,results_trees/lgr3_manual_identification_results.csv,results_trees/lgr3_manual_identification_results.csv,1,2023-03-19T09:54:36Z,2023-03-19T09:56:50Z,906,6,NA,2.0879851187644647,HM,FALSE,TRUE,1.3581692845436728,HM,FALSE,TRUE
Mar_23_36_BL60_stem,TRUE,tree,stem,BL60,2023-03-19,Mar2023,LGR3,A,original,FALSE,original,FALSE,FALSE,FALSE,NA,10:10:45,10:13:45,TRUE,TRUE,TRUE,TRUE,181,SN:3K60180500001584,SN:3K60180500001584,0.994999885559082,fieldlog_window,TRUE,results_trees/lgr3_manual_identification_results.csv,results_trees/lgr3_manual_identification_results.csv,1,2023-03-19T10:11:00Z,2023-03-19T10:13:36Z,906,15,NA,-0.5948240787227398,HM,FALSE,TRUE,2.7290318785332195,HM,FALSE,TRUE
Mar_23_37_BL60_stem,TRUE,tree,stem,BL60,2023-03-19,Mar2023,LGR3,A,original,FALSE,original,FALSE,FALSE,FALSE,NA,10:19:15,10:22:15,TRUE,TRUE,TRUE,TRUE,181,SN:3K60180500001584,SN:3K60180500001584,0.994999885559082,fieldlog_window,TRUE,results_trees/lgr3_manual_identification_results.csv,results_trees/lgr3_manual_identification_results.csv,1,2023-03-19T10:19:02Z,2023-03-19T10:22:07Z,906,-13,NA,0.1070879130928107,HM,FALSE,TRUE,2.0008272708651607,HM,FALSE,TRUE
Mar_23_38_BL60_stem,TRUE,tree,stem,BL60,2023-03-19,Mar2023,LGR3,B,rescued,FALSE,rescued,FALSE,FALSE,FALSE,NA,10:32:30,10:35:30,TRUE,TRUE,TRUE,TRUE,181,SN:3K60180500001584,SN:3K60180500001584,0.994999885559082,fieldlog_window,TRUE,rescue/lgr3_manual_identification_results_additional.csv,rescue/lgr3_manual_identification_results_additional.csv;results_trees/lgr3_manual_identification_results.csv,2,2023-03-19T10:37:21Z,2023-03-19T10:37:44Z,906,291,NA,2.5251992748270875,LM,FALSE,TRUE,3.4060193121931683,HM,FALSE,TRUE
Mar_23_39_BL60_stem,TRUE,tree,stem,BL60,2023-03-19,Mar2023,LGR3,A,original,FALSE,original,FALSE,FALSE,FALSE,NA,10:42:00,10:45:00,TRUE,TRUE,TRUE,TRUE,181,SN:3K60180500001584,SN:3K60180500001584,0.994999885559082,fieldlog_window,TRUE,results_trees/lgr3_manual_identification_results.csv,results_trees/lgr3_manual_identification_results.csv,1,2023-03-19T10:41:50Z,2023-03-19T10:44:57Z,906,-10,NA,-0.11967250027063124,LM,FALSE,TRUE,4.474271073160905,HM,FALSE,TRUE
Mar_23_34_BL60_stem,TRUE,tree,stem,BL60,2023-03-19,Mar2023,LGR3,A,original,FALSE,original,FALSE,FALSE,FALSE,NA,11:07:30,11:09:30,TRUE,TRUE,TRUE,TRUE,121,SN:3K60180500001584,SN:3K60180500001584,0.9939999580383301,fieldlog_window,TRUE,results_trees/lgr3_manual_identification_results.csv,results_trees/lgr3_manual_identification_results.csv,1,2023-03-19T11:07:47Z,2023-03-19T11:10:44Z,906,17,NA,-0.09816552717749095,HM,FALSE,TRUE,6.264383733424474,HM,FALSE,TRUE
Mar_23_30_BL60_stem,TRUE,tree,stem,BL60,2023-03-19,Mar2023,LGR3,A,original,FALSE,original,FALSE,FALSE,FALSE,NA,11:08:00,11:11:00,TRUE,TRUE,TRUE,TRUE,181,SN:3K60180500001584,SN:3K60180500001584,0.994999885559082,fieldlog_window,TRUE,results_trees/lgr3_manual_identification_results.csv,results_trees/lgr3_manual_identification_results.csv,1,2023-03-19T11:08:05Z,2023-03-19T11:11:00Z,905,5,NA,-0.14592480018441054,HM,FALSE,TRUE,6.187213818804377,HM,FALSE,TRUE
Mar_23_31_BL60_stem,TRUE,tree,stem,BL60,2023-03-19,Mar2023,LGR3,A,original,FALSE,original,FALSE,FALSE,FALSE,NA,11:16:00,11:19:00,TRUE,TRUE,TRUE,TRUE,181,SN:3K60180500001584,SN:3K60180500001584,0.9945000410079956,fieldlog_window,TRUE,results_trees/lgr3_manual_identification_results.csv,results_trees/lgr3_manual_identification_results.csv,1,2023-03-19T11:16:11Z,2023-03-19T11:21:09Z,906,11,NA,0.4872069883733978,HM,FALSE,TRUE,3.6122665657062374,HM,FALSE,TRUE
Mar_23_29_BL60_root,TRUE,tree,root,BL60,2023-03-19,Mar2023,LGR3,HB,original,FALSE,original,TRUE,FALSE,FALSE,NA,11:30:30,11:33:30,TRUE,TRUE,TRUE,TRUE,181,SN:3K60180500001584,SN:3K60180500001584,0.994999885559082,fieldlog_window,TRUE,results_trees/lgr3_manual_identification_results.csv,results_trees/lgr3_manual_identification_results.csv,1,2023-03-19T11:30:43Z,2023-03-19T11:34:42Z,906,13,NA,6.155733717719259,HM,FALSE,FALSE,2.8744927830605937,HM,FALSE,FALSE
Mar_23_32_BL60_root,TRUE,tree,root,BL60,2023-03-19,Mar2023,LGR3,HB,original,FALSE,original,TRUE,FALSE,FALSE,NA,11:41:00,11:44:00,TRUE,TRUE,TRUE,TRUE,181,SN:3K60180500001584,SN:3K60180500001584,0.9939999580383301,fieldlog_window,TRUE,results_trees/lgr3_manual_identification_results.csv,results_trees/lgr3_manual_identification_results.csv,1,2023-03-19T11:41:10Z,2023-03-19T11:45:57Z,906,10,NA,7.769777304416655,HM,FALSE,FALSE,2.1871158887748834,HM,FALSE,TRUE
Mar_23_33_BL60_stem,TRUE,tree,stem,BL60,2023-03-19,Mar2023,LGR3,A,original,FALSE,original,FALSE,FALSE,FALSE,NA,11:53:15,11:56:15,TRUE,TRUE,TRUE,TRUE,181,SN:3K60180500001584,SN:3K60180500001584,0.9940001964569092,fieldlog_window,TRUE,results_trees/lgr3_manual_identification_results.csv,results_trees/lgr3_manual_identification_results.csv,1,2023-03-19T11:53:09Z,2023-03-19T11:56:10Z,906,-6,NA,0.16673168940897343,HM,FALSE,TRUE,2.117396079861724,HM,FALSE,TRUE
Mar_23_40_BL60_stem,TRUE,tree,stem,BL60,2023-03-19,Mar2023,LGR3,C,original,FALSE,original,FALSE,FALSE,FALSE,NA,12:24:30,12:27:30,TRUE,TRUE,TRUE,TRUE,181,SN:3K60180500001584,SN:3K60180500001584,0.994999885559082,fieldlog_window,TRUE,results_trees/lgr3_manual_identification_results.csv,results_trees/lgr3_manual_identification_results.csv,1,2023-03-19T12:24:21Z,2023-03-19T12:27:20Z,906,-9,NA,0.08601651667337726,HM,FALSE,TRUE,1.1781675238316716,HM,FALSE,FALSE
Mar_23_41_BL60_stem,TRUE,tree,stem,BL60,2023-03-19,Mar2023,LGR3,B,original,FALSE,original,FALSE,FALSE,FALSE,NA,12:37:30,12:40:30,TRUE,TRUE,TRUE,TRUE,181,SN:3K60180500001584,SN:3K60180500001584,0.994999885559082,fieldlog_window,TRUE,results_trees/lgr3_manual_identification_results.csv,results_trees/lgr3_manual_identification_results.csv,1,2023-03-19T12:37:29Z,2023-03-19T12:41:13Z,906,-1,NA,0.10712925195807035,HM,FALSE,TRUE,3.998402793141803,HM,FALSE,FALSE
Mar_23_42_BL60_stem,TRUE,tree,stem,BL60,2023-03-19,Mar2023,LGR3,B,original,FALSE,original,FALSE,FALSE,FALSE,NA,12:48:00,12:51:00,TRUE,TRUE,TRUE,TRUE,181,SN:3K60180500001584,SN:3K60180500001584,0.994999885559082,fieldlog_window,TRUE,results_trees/lgr3_manual_identification_results.csv,results_trees/lgr3_manual_identification_results.csv,1,2023-03-19T12:48:05Z,2023-03-19T12:54:22Z,906,5,NA,0.0822771347310089,HM,FALSE,TRUE,3.5276411362357383,HM,FALSE,FALSE
Mar_23_26_BL60_stem,TRUE,tree,stem,BL60,2023-03-19,Mar2023,LGR3,B,original,FALSE,original,FALSE,FALSE,FALSE,NA,13:30:30,13:33:30,TRUE,TRUE,TRUE,TRUE,180,SN:3K60180500001584,SN:3K60180500001584,0.9950001239776611,fieldlog_window,TRUE,results_trees/lgr3_manual_identification_results.csv,results_trees/lgr3_manual_identification_results.csv,1,2023-03-19T13:30:30Z,2023-03-19T13:33:20Z,906,0,NA,3.354332463997788,HM,FALSE,FALSE,2.835992118460804,HM,FALSE,FALSE
Mar_23_27_BL60_stem,TRUE,tree,stem,BL60,2023-03-19,Mar2023,LGR3,B,original,FALSE,original,FALSE,FALSE,FALSE,NA,13:36:45,13:39:45,TRUE,TRUE,TRUE,TRUE,181,SN:3K60180500001584,SN:3K60180500001584,0.994999885559082,fieldlog_window,TRUE,results_trees/lgr3_manual_identification_results.csv,results_trees/lgr3_manual_identification_results.csv,1,2023-03-19T13:37:08Z,2023-03-19T13:40:27Z,906,23,NA,0.0390674143834715,LM,FALSE,TRUE,1.3540907145560661,HM,FALSE,FALSE
Mar_23_28_BL60_stem,TRUE,tree,stem,BL60,2023-03-19,Mar2023,LGR3,B,original,FALSE,original,FALSE,FALSE,FALSE,NA,13:49:30,13:52:30,TRUE,TRUE,TRUE,TRUE,181,SN:3K60180500001584,SN:3K60180500001584,0.994999885559082,fieldlog_window,TRUE,results_trees/lgr3_manual_identification_results.csv,results_trees/lgr3_manual_identification_results.csv,1,2023-03-19T13:49:29Z,2023-03-19T13:54:35Z,885,-1,NA,0.16666544773083072,HM,FALSE,TRUE,3.034710138479353,HM,FALSE,FALSE
45005_MI_Soil_157,TRUE,surface,soil,MI,2023-03-20,Mar2023,LGR3,1 ft soil,trimmed_window_refit,FALSE,original,FALSE,FALSE,FALSE,Tree same-day,13:25:00,13:27:00,TRUE,TRUE,TRUE,TRUE,121,SN:3K60180500001584,SN:3K60180500001584,0.9939999580383301,fieldlog_window,TRUE,results_surface/lgr3_manual_identification_results_soil.csv,results_surface/lgr3_manual_identification_results_soil.csv;results_surface/lgr3_manual_identification_results_updated.csv,2,2023-03-20T13:24:48Z,2023-03-20T13:29:05Z,906,-12,ebullition/corrected_time_windows.csv,2.1577839838778745,LM,FALSE,TRUE,-1.5167752818332725,HM,FALSE,TRUE
45005_MI_Soil_158,TRUE,surface,soil,MI,2023-03-20,Mar2023,LGR3,1 ft soil,original,FALSE,original,FALSE,FALSE,FALSE,Tree same-day,13:31:00,13:33:00,TRUE,TRUE,TRUE,TRUE,121,SN:3K60180500001584,SN:3K60180500001584,0.9939999580383301,fieldlog_window,TRUE,results_surface/lgr3_manual_identification_results_soil.csv,results_surface/lgr3_manual_identification_results_soil.csv;results_surface/lgr3_manual_identification_results_updated.csv,2,2023-03-20T13:35:30Z,2023-03-20T13:38:45Z,906,270,NA,3.493195928065475,HM,FALSE,TRUE,-0.8820318608055394,HM,FALSE,TRUE
45005_MI_Soil_159,TRUE,surface,soil,MI,2023-03-20,Mar2023,LGR3,1 ft soil,original,FALSE,original,FALSE,FALSE,FALSE,Tree same-day,13:36:30,13:38:30,TRUE,TRUE,TRUE,TRUE,120,SN:3K60180500001584,SN:3K60180500001584,0.9940001964569092,fieldlog_window,TRUE,results_surface/lgr3_manual_identification_results_soil.csv,results_surface/lgr3_manual_identification_results_soil.csv;results_surface/lgr3_manual_identification_results_updated.csv,2,2023-03-20T13:35:26Z,2023-03-20T13:38:50Z,905,-64,NA,3.6814480434704073,HM,FALSE,TRUE,-0.8756914169524533,HM,FALSE,TRUE
45005_MI_Soil_160,TRUE,surface,soil,MI,2023-03-20,Mar2023,LGR3,1 ft soil,original,FALSE,original,FALSE,FALSE,FALSE,Tree same-day,13:43:00,13:45:00,TRUE,TRUE,TRUE,TRUE,120,SN:3K60180500001584,SN:3K60180500001584,0.994999885559082,fieldlog_window,TRUE,results_surface/lgr3_manual_identification_results_soil.csv,results_surface/lgr3_manual_identification_results_soil.csv;results_surface/lgr3_manual_identification_results_updated.csv,2,2023-03-20T13:42:34Z,2023-03-20T13:46:51Z,905,-26,NA,3.1886738415290825,HM,FALSE,TRUE,-0.41854740686068903,HM,FALSE,TRUE
45005_MI_Soil_161,TRUE,surface,soil,MI,2023-03-20,Mar2023,LGR3,1 ft soil,original,FALSE,original,FALSE,FALSE,FALSE,Tree same-day,13:50:00,13:52:00,TRUE,TRUE,TRUE,TRUE,121,SN:3K60180500001584,SN:3K60180500001584,0.994999885559082,fieldlog_window,TRUE,results_surface/lgr3_manual_identification_results_soil.csv,results_surface/lgr3_manual_identification_results_soil.csv;results_surface/lgr3_manual_identification_results_updated.csv,2,2023-03-20T13:52:35Z,2023-03-20T13:58:02Z,906,155,NA,1.4518180114850736,HM,FALSE,TRUE,-0.49066042522821807,LM,FALSE,TRUE
45005_MI_Soil_162,TRUE,surface,soil,MI,2023-03-20,Mar2023,LGR3,1 ft soil,original,FALSE,original,FALSE,FALSE,FALSE,Tree same-day,13:55:00,13:57:00,TRUE,TRUE,TRUE,TRUE,120,SN:3K60180500001584,SN:3K60180500001584,0.994999885559082,fieldlog_window,TRUE,results_surface/lgr3_manual_identification_results_soil.csv,results_surface/lgr3_manual_identification_results_soil.csv;results_surface/lgr3_manual_identification_results_updated.csv,2,2023-03-20T13:54:35Z,2023-03-20T13:58:04Z,905,-25,NA,2.4895742769842495,HM,FALSE,FALSE,-0.6708941370601934,HM,FALSE,TRUE
45005_MI_Soil_163,TRUE,surface,soil,MI,2023-03-20,Mar2023,LGR3,1 ft soil,original,FALSE,original,FALSE,FALSE,FALSE,Tree same-day,14:00:30,14:02:30,TRUE,TRUE,TRUE,TRUE,121,SN:3K60180500001584,SN:3K60180500001584,0.994999885559082,fieldlog_window,TRUE,results_surface/lgr3_manual_identification_results_soil.csv,results_surface/lgr3_manual_identification_results_soil.csv;results_surface/lgr3_manual_identification_results_updated.csv,2,2023-03-20T14:00:26Z,2023-03-20T14:02:56Z,906,-4,NA,2.202454820793086,HM,FALSE,TRUE,-0.6140795929206101,LM,FALSE,TRUE
45005_MI_Soil_164,TRUE,surface,soil,MI,2023-03-20,Mar2023,LGR3,1 ft soil,original,FALSE,original,FALSE,FALSE,FALSE,Tree same-day,14:06:00,14:08:00,TRUE,TRUE,TRUE,TRUE,121,SN:3K60180500001584,SN:3K60180500001584,0.9945000410079956,fieldlog_window,TRUE,results_surface/lgr3_manual_identification_results_soil.csv,results_surface/lgr3_manual_identification_results_soil.csv;results_surface/lgr3_manual_identification_results_updated.csv,2,2023-03-20T14:05:39Z,2023-03-20T14:08:24Z,906,-21,NA,1.2728664505458631,LM,FALSE,TRUE,-0.10982393878094228,HM,FALSE,TRUE
45005_MI_Soil_165,TRUE,surface,soil,MI,2023-03-20,Mar2023,LGR3,1 ft soil,original,FALSE,original,FALSE,FALSE,FALSE,Tree same-day,14:11:00,14:13:00,TRUE,TRUE,TRUE,TRUE,120,SN:3K60180500001584,SN:3K60180500001584,0.9939999580383301,fieldlog_window,TRUE,results_surface/lgr3_manual_identification_results_soil.csv,results_surface/lgr3_manual_identification_results_soil.csv;results_surface/lgr3_manual_identification_results_updated.csv,2,2023-03-20T14:10:48Z,2023-03-20T14:13:43Z,905,-12,NA,1.276456738114296,HM,FALSE,TRUE,-0.1746455462572193,HM,FALSE,TRUE
45005_MI_Soil_166,TRUE,surface,soil,MI,2023-03-20,Mar2023,LGR3,1 ft soil,trimmed_window_refit,FALSE,original,FALSE,FALSE,FALSE,Tree 30min,14:16:00,14:18:00,TRUE,TRUE,TRUE,TRUE,121,SN:3K60180500001584,SN:3K60180500001584,0.994999885559082,fieldlog_window,TRUE,results_surface/lgr3_manual_identification_results_soil.csv,results_surface/lgr3_manual_identification_results_soil.csv;results_surface/lgr3_manual_identification_results_updated.csv,2,2023-03-20T14:16:04Z,2023-03-20T14:19:06Z,906,4,ebullition/corrected_time_windows.csv,2.0632303986125073,LM,FALSE,TRUE,-0.34409910926321535,HM,FALSE,TRUE
45005_MI_Soil_167,TRUE,surface,soil,MI,2023-03-20,Mar2023,LGR3,1 ft soil,original,FALSE,original,FALSE,FALSE,FALSE,Tree 30min,14:21:30,14:23:30,TRUE,TRUE,TRUE,TRUE,121,SN:3K60180500001584,SN:3K60180500001584,0.994999885559082,fieldlog_window,TRUE,results_surface/lgr3_manual_identification_results_soil.csv,results_surface/lgr3_manual_identification_results_soil.csv;results_surface/lgr3_manual_identification_results_updated.csv,2,2023-03-20T14:21:11Z,2023-03-20T14:23:42Z,906,-19,NA,2.0570441705271505,HM,FALSE,TRUE,-0.4889157927484892,HM,FALSE,TRUE
Mar_23_1_MI_stem,TRUE,tree,stem,MI,2023-03-20,Mar2023,LGR3,C,original,FALSE,original,FALSE,FALSE,FALSE,NA,14:44:00,14:47:00,TRUE,TRUE,TRUE,TRUE,181,SN:3K60180500001584,SN:3K60180500001584,0.994999885559082,fieldlog_window,TRUE,results_trees/lgr3_manual_identification_results.csv,results_trees/lgr3_manual_identification_results.csv,1,2023-03-20T14:44:02Z,2023-03-20T14:49:00Z,906,2,NA,0.5864072916403745,HM,FALSE,TRUE,0.9932021905323736,HM,FALSE,FALSE
Mar_23_2_MI_stem,TRUE,tree,stem,MI,2023-03-20,Mar2023,LGR3,C,original,FALSE,original,FALSE,FALSE,FALSE,NA,14:51:00,14:54:00,TRUE,TRUE,TRUE,TRUE,181,SN:3K60180500001584,SN:3K60180500001584,0.994999885559082,fieldlog_window,TRUE,results_trees/lgr3_manual_identification_results.csv,results_trees/lgr3_manual_identification_results.csv,1,2023-03-20T14:51:57Z,2023-03-20T14:54:00Z,905,57,NA,0.3667491521535619,HM,FALSE,TRUE,1.3708803569404808,HM,FALSE,FALSE
Mar_23_3_MI_stem,TRUE,tree,stem,MI,2023-03-20,Mar2023,LGR3,B,original,FALSE,original,FALSE,FALSE,FALSE,NA,14:56:45,14:59:45,TRUE,TRUE,TRUE,TRUE,181,SN:3K60180500001584,SN:3K60180500001584,0.994999885559082,fieldlog_window,TRUE,results_trees/lgr3_manual_identification_results.csv,results_trees/lgr3_manual_identification_results.csv,1,2023-03-20T14:56:57Z,2023-03-20T15:01:55Z,906,12,NA,0.16167786671847348,HM,FALSE,FALSE,2.6327029706655876,HM,FALSE,FALSE
Mar_23_6_MI_stem,TRUE,tree,stem,MI,2023-03-20,Mar2023,LGR3,B,original,FALSE,original,FALSE,FALSE,FALSE,NA,15:11:00,15:14:00,TRUE,TRUE,TRUE,TRUE,181,SN:3K60180500001584,SN:3K60180500001584,0.9950001239776611,fieldlog_window,TRUE,results_trees/lgr3_manual_identification_results.csv,results_trees/lgr3_manual_identification_results.csv,1,2023-03-20T15:11:10Z,2023-03-20T15:14:39Z,906,10,NA,-0.03842611529930315,HM,FALSE,TRUE,0.9510507021332252,LM,FALSE,TRUE
Mar_23_5_MI_stem,TRUE,tree,stem,MI,2023-03-20,Mar2023,LGR3,B,original,FALSE,original,FALSE,FALSE,FALSE,NA,15:17:00,15:20:00,TRUE,TRUE,TRUE,TRUE,181,SN:3K60180500001584,SN:3K60180500001584,0.9940001964569092,fieldlog_window,TRUE,results_trees/lgr3_manual_identification_results.csv,results_trees/lgr3_manual_identification_results.csv,1,2023-03-20T15:17:01Z,2023-03-20T15:19:16Z,906,1,NA,0.02022885836933891,LM,TRUE,TRUE,3.2559335544713615,HM,FALSE,TRUE
Mar_23_4_MI_stem,TRUE,tree,stem,MI,2023-03-20,Mar2023,LGR3,B,original,FALSE,original,FALSE,FALSE,FALSE,NA,15:22:00,15:25:00,TRUE,TRUE,TRUE,TRUE,181,SN:3K60180500001584,SN:3K60180500001584,0.994999885559082,fieldlog_window,TRUE,results_trees/lgr3_manual_identification_results.csv,results_trees/lgr3_manual_identification_results.csv,1,2023-03-20T15:22:18Z,2023-03-20T15:25:43Z,906,18,NA,0.40148236326967385,HM,FALSE,TRUE,2.7871270210787027,HM,FALSE,FALSE
Mar_23_7_MI_stem,TRUE,tree,stem,MI,2023-03-20,Mar2023,LGR3,B,original,FALSE,original,FALSE,FALSE,FALSE,NA,15:29:30,15:32:30,TRUE,TRUE,TRUE,TRUE,181,SN:3K60180500001584,SN:3K60180500001584,0.994999885559082,fieldlog_window,TRUE,results_trees/lgr3_manual_identification_results.csv,results_trees/lgr3_manual_identification_results.csv,1,2023-03-20T15:29:34Z,2023-03-20T15:32:51Z,906,4,NA,1.9145168693896404,HM,FALSE,TRUE,2.6958736374504175,HM,FALSE,FALSE
Mar_23_8_MI_stem,TRUE,tree,stem,MI,2023-03-20,Mar2023,LGR3,B,original,FALSE,original,FALSE,FALSE,FALSE,NA,15:36:00,15:39:00,TRUE,TRUE,TRUE,TRUE,181,SN:3K60180500001584,SN:3K60180500001584,0.9940000772476196,fieldlog_window,TRUE,results_trees/lgr3_manual_identification_results.csv,results_trees/lgr3_manual_identification_results.csv,1,2023-03-20T15:36:01Z,2023-03-20T15:38:33Z,906,1,NA,0.6707743353565745,HM,FALSE,TRUE,2.8197498549595887,HM,FALSE,TRUE
Mar_23_9_MI_stem,TRUE,tree,stem,MI,2023-03-20,Mar2023,LGR3,B,original,FALSE,original,FALSE,FALSE,FALSE,NA,15:50:00,15:53:00,TRUE,TRUE,TRUE,TRUE,181,SN:3K60180500001584,SN:3K60180500001584,0.9939999580383301,fieldlog_window,TRUE,results_trees/lgr3_manual_identification_results.csv,results_trees/lgr3_manual_identification_results.csv,1,2023-03-20T15:50:06Z,2023-03-20T15:51:34Z,560,6,NA,0.11955496631161608,LM,FALSE,TRUE,1.113858569031645,LM,FALSE,TRUE
45007_BL60_Water_172,TRUE,surface,water,BL60,2023-03-22,Mar2023,LGR3,Floating 8 in,original,FALSE,original,FALSE,FALSE,FALSE,Weather station,15:28:30,15:30:30,TRUE,TRUE,TRUE,FALSE,0,NA,NA,0.9939999580383301,analyzer_day,FALSE,NA,NA,NA,NA,NA,NA,NA,NA,NA,NA,FALSE,FALSE,NA,NA,FALSE,FALSE
45007_BL60_Water_173,TRUE,surface,water,BL60,2023-03-22,Mar2023,LGR3,Floating 8 in,original,FALSE,original,FALSE,FALSE,FALSE,Weather station,15:35:00,15:37:00,TRUE,TRUE,TRUE,FALSE,0,NA,NA,0.9939999580383301,analyzer_day,FALSE,NA,NA,NA,NA,NA,NA,NA,NA,NA,NA,FALSE,FALSE,NA,NA,FALSE,FALSE
45007_BL60_Water_174,TRUE,surface,water,BL60,2023-03-22,Mar2023,LGR3,Floating 8 in,original,FALSE,original,FALSE,FALSE,FALSE,Weather station,15:41:30,15:42:30,TRUE,TRUE,TRUE,FALSE,0,NA,NA,0.9939999580383301,analyzer_day,FALSE,NA,NA,NA,NA,NA,NA,NA,NA,NA,NA,FALSE,FALSE,NA,NA,FALSE,FALSE
45007_BL60_Water_175,TRUE,surface,water,BL60,2023-03-22,Mar2023,LGR3,Floating 8 in,original,FALSE,original,FALSE,FALSE,FALSE,Weather station,15:47:30,15:49:30,TRUE,TRUE,TRUE,FALSE,0,NA,NA,0.9939999580383301,analyzer_day,FALSE,NA,NA,NA,NA,NA,NA,NA,NA,NA,NA,FALSE,FALSE,NA,NA,FALSE,FALSE
45007_BL60_Water_176,TRUE,surface,water,BL60,2023-03-22,Mar2023,LGR3,Floating 8 in,original,FALSE,original,FALSE,FALSE,FALSE,Weather station,15:53:30,15:55:30,TRUE,TRUE,TRUE,FALSE,0,NA,NA,0.9939999580383301,analyzer_day,FALSE,NA,NA,NA,NA,NA,NA,NA,NA,NA,NA,FALSE,FALSE,NA,NA,FALSE,FALSE
45007_BL60_Water_177,TRUE,surface,water,BL60,2023-03-22,Mar2023,LGR3,Floating 8 in,original,FALSE,original,FALSE,FALSE,FALSE,Weather station,16:00:00,16:02:00,TRUE,TRUE,TRUE,FALSE,0,NA,NA,0.9939999580383301,analyzer_day,FALSE,NA,NA,NA,NA,NA,NA,NA,NA,NA,NA,FALSE,FALSE,NA,NA,FALSE,FALSE
Oct_22_201_CP40_stem,TRUE,tree,stem,CP40,2022-10-23,Oct2022,LGR1,C,original,FALSE,original,FALSE,FALSE,FALSE,NA,11:18:47,11:23:01,TRUE,TRUE,TRUE,TRUE,255,SN:3K60180500001585,SN:3K60180500001585,0.9945000410079956,fieldlog_window,TRUE,results_trees/lgr1_manual_identification_results.csv,results_trees/lgr1_manual_identification_results.csv,1,2022-10-23T11:18:32Z,2022-10-23T11:23:10Z,905,-15,NA,25.211227713364107,HM,FALSE,TRUE,1.6219488618606872,HM,FALSE,FALSE
Oct_22_202_CP40_stem,TRUE,tree,stem,CP40,2022-10-23,Oct2022,LGR1,C,original,FALSE,original,FALSE,FALSE,FALSE,NA,11:34:40,11:38:33,TRUE,TRUE,TRUE,TRUE,234,SN:3K60180500001585,SN:3K60180500001585,0.994999885559082,fieldlog_window,TRUE,results_trees/lgr1_manual_identification_results.csv,results_trees/lgr1_manual_identification_results.csv,1,2022-10-23T11:34:42Z,2022-10-23T11:38:35Z,906,2,NA,13.334360615721932,HM,FALSE,FALSE,2.0559878741522706,HM,FALSE,FALSE
Oct_22_203_CP40_stem,TRUE,tree,stem,CP40,2022-10-23,Oct2022,LGR1,C,original,FALSE,original,FALSE,FALSE,FALSE,NA,11:50:59,11:54:07,TRUE,TRUE,TRUE,TRUE,189,SN:3K60180500001585,SN:3K60180500001585,0.994999885559082,fieldlog_window,TRUE,results_trees/lgr1_manual_identification_results.csv,results_trees/lgr1_manual_identification_results.csv,1,2022-10-23T11:50:58Z,2022-10-23T11:54:18Z,906,-1,NA,2.063803891033839,HM,FALSE,TRUE,1.4249506637631644,HM,FALSE,TRUE
Oct_22_204_CP40_stem,TRUE,tree,stem,CP40,2022-10-23,Oct2022,LGR1,D,original,FALSE,original,FALSE,FALSE,FALSE,NA,12:02:20,12:08:50,TRUE,TRUE,TRUE,TRUE,392,SN:3K60180500001585,SN:3K60180500001585,0.9939999580383301,fieldlog_window,TRUE,results_trees/lgr1_manual_identification_results.csv,results_trees/lgr1_manual_identification_results.csv,1,2022-10-23T12:05:39Z,2022-10-23T12:08:56Z,906,199,NA,60.3213663924238,HM,FALSE,TRUE,2.546036007001891,HM,FALSE,FALSE
Oct_22_205_CP40_stem,TRUE,tree,stem,CP40,2022-10-23,Oct2022,LGR1,D,original,FALSE,original,FALSE,FALSE,FALSE,NA,12:18:21,12:21:39,TRUE,TRUE,TRUE,TRUE,199,SN:3K60180500001585,SN:3K60180500001585,0.994999885559082,fieldlog_window,TRUE,results_trees/lgr1_manual_identification_results.csv,results_trees/lgr1_manual_identification_results.csv,1,2022-10-23T12:18:26Z,2022-10-23T12:21:58Z,906,5,NA,7.355450351730046,LM,FALSE,TRUE,0.6353002296027965,HM,FALSE,TRUE
Oct_22_206_CP40_stem,TRUE,tree,stem,CP40,2022-10-23,Oct2022,LGR1,C,original,FALSE,original,FALSE,FALSE,FALSE,NA,12:33:32,12:36:32,TRUE,TRUE,TRUE,TRUE,181,SN:3K60180500001585,SN:3K60180500001585,0.9939999580383301,fieldlog_window,TRUE,results_trees/lgr1_manual_identification_results.csv,results_trees/lgr1_manual_identification_results.csv,1,2022-10-23T12:33:35Z,2022-10-23T12:38:31Z,742,3,NA,1.4892481037075291,HM,FALSE,TRUE,-0.04382791099588239,HM,FALSE,TRUE
Oct_22_256_BL60_stem,TRUE,tree,stem,BL60,2022-10-25,Oct2022,LGR1,A,original,FALSE,original,FALSE,FALSE,FALSE,NA,10:46:15,10:48:00,TRUE,TRUE,TRUE,TRUE,105,SN:3K60180500001585,SN:3K60180500001585,0.9950001239776611,fieldlog_window,TRUE,results_trees/lgr1_manual_identification_results.csv,results_trees/lgr1_manual_identification_results.csv,1,2022-10-25T10:50:23Z,2022-10-25T10:53:45Z,906,248,NA,93.7209281663173,LM,FALSE,TRUE,12.661526248735012,HM,FALSE,TRUE
Oct_22_257_BL60_stem,TRUE,tree,stem,BL60,2022-10-25,Oct2022,LGR1,A,original,FALSE,original,FALSE,FALSE,FALSE,NA,10:50:24,10:53:25,TRUE,TRUE,TRUE,TRUE,182,SN:3K60180500001585,SN:3K60180500001585,0.994999885559082,fieldlog_window,TRUE,results_trees/lgr1_manual_identification_results.csv,results_trees/lgr1_manual_identification_results.csv,1,2022-10-25T10:50:27Z,2022-10-25T10:53:42Z,906,3,NA,93.69174487791194,LM,FALSE,TRUE,12.65293780407485,HM,FALSE,TRUE
Oct_22_258_BL60_stem,TRUE,tree,stem,BL60,2022-10-25,Oct2022,LGR1,A,original,FALSE,original,FALSE,FALSE,FALSE,NA,10:58:09,11:01:09,TRUE,TRUE,TRUE,TRUE,181,SN:3K60180500001585,SN:3K60180500001585,0.9940001964569092,fieldlog_window,TRUE,results_trees/lgr1_manual_identification_results.csv,results_trees/lgr1_manual_identification_results.csv,1,2022-10-25T10:58:06Z,2022-10-25T11:01:14Z,905,-3,NA,-0.19686488326930313,HM,FALSE,TRUE,5.78010444417821,HM,FALSE,TRUE
Oct_22_259_BL60_stem,TRUE,tree,stem,BL60,2022-10-25,Oct2022,LGR1,A,original,FALSE,original,FALSE,FALSE,FALSE,NA,11:06:50,11:09:56,TRUE,TRUE,TRUE,TRUE,187,SN:3K60180500001585,SN:3K60180500001585,0.9940001964569092,fieldlog_window,TRUE,results_trees/lgr1_manual_identification_results.csv,results_trees/lgr1_manual_identification_results.csv,1,2022-10-25T11:06:42Z,2022-10-25T11:10:10Z,906,-8,NA,0.2064706461251385,HM,FALSE,TRUE,6.184113046743035,HM,FALSE,TRUE
Oct_22_260_BL60_stem,TRUE,tree,stem,BL60,2022-10-25,Oct2022,LGR1,A,original,FALSE,original,FALSE,FALSE,FALSE,NA,11:18:00,11:21:00,TRUE,TRUE,TRUE,TRUE,181,SN:3K60180500001585,SN:3K60180500001585,0.9950001239776611,fieldlog_window,TRUE,results_trees/lgr1_manual_identification_results.csv,results_trees/lgr1_manual_identification_results.csv,1,2022-10-25T11:18:01Z,2022-10-25T11:21:33Z,906,1,NA,16.97259921572968,HM,FALSE,TRUE,9.820737201747022,HM,FALSE,TRUE
Oct_22_261_BL60_stem,TRUE,tree,stem,BL60,2022-10-25,Oct2022,LGR1,A,original,FALSE,original,FALSE,FALSE,FALSE,NA,11:26:30,11:29:30,TRUE,TRUE,TRUE,TRUE,181,SN:3K60180500001585,SN:3K60180500001585,0.9939999580383301,fieldlog_window,TRUE,results_trees/lgr1_manual_identification_results.csv,results_trees/lgr1_manual_identification_results.csv,1,2022-10-25T11:26:09Z,2022-10-25T11:29:51Z,631,-21,NA,0.6199671159818735,LM,FALSE,TRUE,4.25950221134332,HM,FALSE,TRUE
Oct_22_262_BL60_stem,TRUE,tree,stem,BL60,2022-10-25,Oct2022,LGR1,A,original,FALSE,original,FALSE,FALSE,FALSE,NA,11:38:30,11:41:30,TRUE,TRUE,TRUE,TRUE,181,SN:3K60180500001585,SN:3K60180500001585,0.9939999580383301,fieldlog_window,TRUE,results_trees/lgr1_manual_identification_results.csv,results_trees/lgr1_manual_identification_results.csv,1,2022-10-25T11:36:27Z,2022-10-25T11:41:31Z,741,-123,NA,0.2308904618122504,LM,FALSE,TRUE,1.3740946835062222,HM,FALSE,TRUE
Oct_22_263_BL60_stem,TRUE,tree,stem,BL60,2022-10-25,Oct2022,LGR1,C,original,FALSE,original,FALSE,FALSE,FALSE,NA,11:55:00,11:58:00,TRUE,TRUE,TRUE,TRUE,181,SN:3K60180500001585,SN:3K60180500001585,0.9939999580383301,fieldlog_window,TRUE,results_trees/lgr1_manual_identification_results.csv,results_trees/lgr1_manual_identification_results.csv,1,2022-10-25T11:55:05Z,2022-10-25T11:57:53Z,906,5,NA,73.29192168487644,HM,FALSE,TRUE,9.188261244360875,HM,FALSE,TRUE
Oct_22_264_BL60_stem,TRUE,tree,stem,BL60,2022-10-25,Oct2022,LGR1,C,original,FALSE,original,FALSE,FALSE,FALSE,NA,12:03:45,12:07:12,TRUE,TRUE,TRUE,TRUE,208,SN:3K60180500001585,SN:3K60180500001585,0.9950001239776611,fieldlog_window,TRUE,results_trees/lgr1_manual_identification_results.csv,results_trees/lgr1_manual_identification_results.csv,1,2022-10-25T12:03:51Z,2022-10-25T12:07:26Z,906,6,NA,2.3969621880793253,HM,FALSE,TRUE,7.405360581119157,HM,FALSE,FALSE
Oct_22_265_BL60_stem,TRUE,tree,stem,BL60,2022-10-25,Oct2022,LGR1,B,original,FALSE,original,FALSE,FALSE,FALSE,NA,12:12:30,12:15:48,TRUE,TRUE,TRUE,TRUE,199,SN:3K60180500001585,SN:3K60180500001585,0.9940001964569092,fieldlog_window,TRUE,results_trees/lgr1_manual_identification_results.csv,results_trees/lgr1_manual_identification_results.csv,1,2022-10-25T12:12:11Z,2022-10-25T12:16:06Z,906,-19,NA,0.21273828333185135,HM,FALSE,TRUE,6.566372010491024,HM,FALSE,FALSE
Oct_22_266_BL60_stem,TRUE,tree,stem,BL60,2022-10-25,Oct2022,LGR1,B,original,FALSE,original,FALSE,FALSE,FALSE,NA,12:23:00,12:26:16,TRUE,TRUE,TRUE,TRUE,197,SN:3K60180500001585,SN:3K60180500001585,0.994999885559082,fieldlog_window,TRUE,results_trees/lgr1_manual_identification_results.csv,results_trees/lgr1_manual_identification_results.csv,1,2022-10-25T12:22:27Z,2022-10-25T12:26:32Z,906,-33,NA,0.46966562470564993,HM,FALSE,TRUE,0.93998235227143,HM,FALSE,FALSE
Oct_22_267_BL60_stem,TRUE,tree,stem,BL60,2022-10-25,Oct2022,LGR1,A,original,FALSE,original,FALSE,FALSE,FALSE,NA,12:33:45,12:36:45,TRUE,TRUE,TRUE,TRUE,181,SN:3K60180500001585,SN:3K60180500001585,0.994999885559082,fieldlog_window,TRUE,results_trees/lgr1_manual_identification_results.csv,results_trees/lgr1_manual_identification_results.csv,1,2022-10-25T12:34:28Z,2022-10-25T12:37:10Z,905,43,NA,0.29825939463730416,HM,FALSE,TRUE,5.042750973375803,HM,FALSE,TRUE
Oct_22_268_BL60_stem,TRUE,tree,stem,BL60,2022-10-25,Oct2022,LGR1,A,original,FALSE,original,FALSE,FALSE,FALSE,NA,12:44:00,12:48:05,TRUE,TRUE,TRUE,TRUE,246,SN:3K60180500001585,SN:3K60180500001585,0.994999885559082,fieldlog_window,TRUE,results_trees/lgr1_manual_identification_results.csv,results_trees/lgr1_manual_identification_results.csv,1,2022-10-25T12:43:31Z,2022-10-25T12:48:45Z,906,-29,NA,0.0799786843298807,HM,FALSE,TRUE,2.5089433708979794,LM,FALSE,TRUE
Oct_22_244_BL60_stem,TRUE,tree,stem,BL60,2022-10-25,Oct2022,LGR1,A,original,FALSE,original,FALSE,FALSE,FALSE,NA,12:58:00,13:01:00,TRUE,TRUE,TRUE,TRUE,181,SN:3K60180500001585,SN:3K60180500001585,0.994999885559082,fieldlog_window,TRUE,results_trees/lgr1_manual_identification_results.csv,results_trees/lgr1_manual_identification_results.csv,1,2022-10-25T12:58:00Z,2022-10-25T13:01:21Z,906,0,NA,0.3822821950891474,LM,FALSE,TRUE,1.4276213309986654,LM,FALSE,TRUE
Oct_22_245_BL60_stem,TRUE,tree,stem,BL60,2022-10-25,Oct2022,LGR1,A,original,FALSE,original,FALSE,FALSE,FALSE,NA,13:08:25,13:11:25,TRUE,TRUE,TRUE,TRUE,181,SN:3K60180500001585,SN:3K60180500001585,0.9939999580383301,fieldlog_window,TRUE,results_trees/lgr1_manual_identification_results.csv,results_trees/lgr1_manual_identification_results.csv,1,2022-10-25T13:08:27Z,2022-10-25T13:11:48Z,906,2,NA,0.17694695514082195,HM,FALSE,TRUE,2.225908487757597,HM,FALSE,TRUE
Oct_22_246_BL60_stem,TRUE,tree,stem,BL60,2022-10-25,Oct2022,LGR1,A,original,FALSE,original,FALSE,FALSE,FALSE,NA,13:14:00,13:17:06,TRUE,TRUE,TRUE,TRUE,187,SN:3K60180500001585,SN:3K60180500001585,0.994999885559082,fieldlog_window,TRUE,results_trees/lgr1_manual_identification_results.csv,results_trees/lgr1_manual_identification_results.csv,1,2022-10-25T13:14:18Z,2022-10-25T13:17:23Z,905,18,NA,-0.09308315096558543,HM,FALSE,TRUE,1.7293342415735524,HM,FALSE,TRUE
Oct_22_247_BL60_stem,TRUE,tree,stem,BL60,2022-10-25,Oct2022,LGR1,A,original,FALSE,original,FALSE,FALSE,FALSE,NA,13:21:18,13:24:32,TRUE,TRUE,TRUE,TRUE,195,SN:3K60180500001585,SN:3K60180500001585,0.9945000410079956,fieldlog_window,TRUE,results_trees/lgr1_manual_identification_results.csv,results_trees/lgr1_manual_identification_results.csv,1,2022-10-25T13:21:07Z,2022-10-25T13:24:45Z,906,-11,NA,13.20348940260857,HM,FALSE,TRUE,5.482516992304233,HM,FALSE,TRUE
Oct_22_248_BL60_stem,TRUE,tree,stem,BL60,2022-10-25,Oct2022,LGR1,A,original,FALSE,original,FALSE,FALSE,FALSE,NA,13:35:50,13:38:54,TRUE,TRUE,TRUE,TRUE,185,SN:3K60180500001585,SN:3K60180500001585,0.994999885559082,fieldlog_window,TRUE,results_trees/lgr1_manual_identification_results.csv,results_trees/lgr1_manual_identification_results.csv,1,2022-10-25T13:35:50Z,2022-10-25T13:39:10Z,905,0,NA,0.5039798720096599,LM,FALSE,TRUE,5.283301688884161,HM,FALSE,TRUE
Oct_22_249_BL60_stem,TRUE,tree,stem,BL60,2022-10-25,Oct2022,LGR1,A,original,FALSE,original,FALSE,FALSE,FALSE,NA,13:44:15,13:47:40,TRUE,TRUE,TRUE,TRUE,206,SN:3K60180500001585,SN:3K60180500001585,0.9939999580383301,fieldlog_window,TRUE,results_trees/lgr1_manual_identification_results.csv,results_trees/lgr1_manual_identification_results.csv,1,2022-10-25T13:44:17Z,2022-10-25T13:47:54Z,906,2,NA,0.16321935218167055,HM,FALSE,TRUE,3.328509099138321,LM,FALSE,TRUE
Oct_22_250_BL60_stem,TRUE,tree,stem,BL60,2022-10-25,Oct2022,LGR1,A,original,FALSE,original,FALSE,FALSE,FALSE,NA,13:52:30,13:55:30,TRUE,TRUE,TRUE,TRUE,181,SN:3K60180500001585,SN:3K60180500001585,0.994999885559082,fieldlog_window,TRUE,results_trees/lgr1_manual_identification_results.csv,results_trees/lgr1_manual_identification_results.csv,1,2022-10-25T13:52:06Z,2022-10-25T13:55:34Z,906,-24,NA,7.81025411314396,LM,FALSE,TRUE,3.5569389799160738,LM,FALSE,TRUE
Oct_22_1_FLM30_stem,TRUE,tree,stem,FLM30,2022-10-15,Oct2022,LGR2,C,rescued,FALSE,rescued,FALSE,FALSE,FALSE,NA,13:01:50,13:10:30,TRUE,TRUE,TRUE,TRUE,523,SN:3K60180500001583,SN:3K60180500001583,0.994999885559082,fieldlog_window,TRUE,rescue/lgr2_manual_identification_results.csv,rescue/lgr2_manual_identification_results.csv,1,2022-10-15T13:04:10Z,2022-10-15T13:10:13Z,774,140,NA,16.067628424962507,HM,FALSE,FALSE,2.093963978671449,LM,FALSE,TRUE
Oct_22_2_FLM30_stem,TRUE,tree,stem,FLM30,2022-10-15,Oct2022,LGR2,C,rescued,FALSE,rescued,FALSE,FALSE,FALSE,NA,13:15:37,13:20:34,TRUE,TRUE,TRUE,TRUE,298,SN:3K60180500001583,SN:3K60180500001583,0.994999885559082,fieldlog_window,TRUE,rescue/lgr2_manual_identification_results.csv,rescue/lgr2_manual_identification_results.csv,1,2022-10-15T13:15:56Z,2022-10-15T13:20:52Z,906,19,NA,8.04237948317531,LM,FALSE,TRUE,3.3764780964181083,LM,FALSE,TRUE
Oct_22_3_FLM30_stem,TRUE,tree,stem,FLM30,2022-10-15,Oct2022,LGR2,C,rescued,FALSE,rescued,FALSE,FALSE,FALSE,NA,13:22:00,13:27:00,TRUE,TRUE,TRUE,TRUE,302,SN:3K60180500001583,SN:3K60180500001583,0.994999885559082,fieldlog_window,TRUE,rescue/lgr2_manual_identification_results.csv,rescue/lgr2_manual_identification_results.csv,1,2022-10-15T13:25:31Z,2022-10-15T13:30:14Z,906,211,NA,1.2530778106842773,HM,FALSE,FALSE,2.674886279861919,HM,FALSE,FALSE
Oct_22_4_FLM30_stem,TRUE,tree,stem,FLM30,2022-10-15,Oct2022,LGR2,C,rescued,FALSE,rescued,FALSE,FALSE,FALSE,NA,14:01:30,14:06:30,TRUE,TRUE,TRUE,TRUE,301,SN:3K60180500001583,SN:3K60180500001583,0.994999885559082,fieldlog_window,TRUE,rescue/lgr2_manual_identification_results.csv,rescue/lgr2_manual_identification_results.csv,1,2022-10-15T14:03:06Z,2022-10-15T14:07:46Z,906,96,NA,2.085310553663205,LM,FALSE,TRUE,1.6689832282794703,LM,FALSE,TRUE
Oct_22_5_FLM30_stem,TRUE,tree,stem,FLM30,2022-10-15,Oct2022,LGR2,C,rescued,FALSE,rescued,FALSE,FALSE,FALSE,NA,14:10:00,14:15:00,TRUE,TRUE,TRUE,TRUE,301,SN:3K60180500001583,SN:3K60180500001583,0.994999885559082,fieldlog_window,TRUE,rescue/lgr2_manual_identification_results.csv,rescue/lgr2_manual_identification_results.csv,1,2022-10-15T14:11:33Z,2022-10-15T14:15:13Z,906,93,NA,15.67641528837983,HM,FALSE,FALSE,5.999019676455391,HM,FALSE,FALSE
Oct_22_6_FLM30_stem,TRUE,tree,stem,FLM30,2022-10-15,Oct2022,LGR2,C,rescued,FALSE,rescued,FALSE,FALSE,FALSE,NA,14:19:00,14:24:00,TRUE,TRUE,TRUE,TRUE,302,SN:3K60180500001583,SN:3K60180500001583,0.994999885559082,fieldlog_window,TRUE,rescue/lgr2_manual_identification_results.csv,rescue/lgr2_manual_identification_results.csv,1,2022-10-15T14:19:21Z,2022-10-15T14:24:23Z,906,21,NA,0.1680594079373966,LM,FALSE,TRUE,1.4110644281504527,HM,FALSE,FALSE
Oct_22_16_SRS6_stem,TRUE,tree,stem,SRS6,2022-10-16,Oct2022,LGR2,C,original,FALSE,original,FALSE,FALSE,FALSE,NA,12:14:45,12:18:00,TRUE,TRUE,TRUE,FALSE,0,NA,NA,0.994999885559082,analyzer_day,FALSE,NA,NA,NA,NA,NA,NA,NA,NA,0.6151782862087615,HM,FALSE,TRUE,1.696081521617116,LM,FALSE,TRUE
Oct_22_17_SRS6_stem,TRUE,tree,stem,SRS6,2022-10-16,Oct2022,LGR2,C,original,FALSE,original,FALSE,FALSE,FALSE,NA,12:21:00,12:26:50,TRUE,TRUE,TRUE,TRUE,322,SN:3K60180500001583,SN:3K60180500001583,0.9940001964569092,fieldlog_window,FALSE,NA,NA,NA,NA,NA,NA,NA,NA,-0.0353658092423752,LM,FALSE,TRUE,17.736495625101874,LM,FALSE,TRUE
Oct_22_18_SRS6_stem,TRUE,tree,stem,SRS6,2022-10-16,Oct2022,LGR2,C,original,FALSE,original,FALSE,FALSE,FALSE,NA,12:29:30,12:32:30,TRUE,TRUE,TRUE,TRUE,181,SN:3K60180500001583,SN:3K60180500001583,0.9940001964569092,fieldlog_window,FALSE,NA,NA,NA,NA,NA,NA,NA,NA,12.012617372938331,HM,FALSE,TRUE,20.742552104007228,HM,FALSE,TRUE
Oct_22_25_SRS6_stem,TRUE,tree,stem,SRS6,2022-10-16,Oct2022,LGR2,C,trimmed_window_refit,FALSE,original,FALSE,FALSE,FALSE,NA,12:36:08,12:39:08,TRUE,TRUE,TRUE,TRUE,181,SN:3K60180500001583,SN:3K60180500001583,0.9945000410079956,fieldlog_window,FALSE,NA,NA,NA,NA,NA,NA,NA,ebullition/corrected_time_windows.csv,2.0578728050673036,LM,FALSE,TRUE,0.408271723075574,LM,FALSE,TRUE
Oct_22_19_SRS6_root,TRUE,tree,root,SRS6,2022-10-16,Oct2022,LGR2,A,original,FALSE,original,FALSE,FALSE,FALSE,NA,12:38:20,12:41:40,TRUE,TRUE,TRUE,TRUE,201,SN:3K60180500001583,SN:3K60180500001583,0.994999885559082,fieldlog_window,FALSE,NA,NA,NA,NA,NA,NA,NA,NA,3.44713586878901,HM,FALSE,TRUE,0.26192570051742564,HM,FALSE,TRUE
Oct_22_24_SRS6_stem,TRUE,tree,stem,SRS6,2022-10-16,Oct2022,LGR2,C,original,FALSE,original,FALSE,FALSE,FALSE,NA,12:44:15,12:47:55,TRUE,TRUE,TRUE,TRUE,221,SN:3K60180500001583,SN:3K60180500001583,0.994999885559082,fieldlog_window,FALSE,NA,NA,NA,NA,NA,NA,NA,NA,0.44218541180207704,LM,FALSE,TRUE,0.9336205172031836,HM,FALSE,FALSE
Oct_22_20_SRS6_stem,TRUE,tree,stem,SRS6,2022-10-16,Oct2022,LGR2,B,original,FALSE,original,FALSE,FALSE,FALSE,NA,12:51:30,12:54:30,TRUE,TRUE,TRUE,TRUE,181,SN:3K60180500001583,SN:3K60180500001583,0.994999885559082,fieldlog_window,FALSE,NA,NA,NA,NA,NA,NA,NA,NA,26.714264602107136,HM,FALSE,TRUE,13.24130085552614,HM,FALSE,TRUE
Oct_22_21_SRS6_stem,TRUE,tree,stem,SRS6,2022-10-16,Oct2022,LGR2,B,original,FALSE,original,FALSE,FALSE,FALSE,NA,12:56:00,12:59:00,TRUE,TRUE,TRUE,TRUE,181,SN:3K60180500001583,SN:3K60180500001583,0.994999885559082,fieldlog_window,FALSE,NA,NA,NA,NA,NA,NA,NA,NA,-0.8199174578177645,HM,FALSE,FALSE,1.3946295575520868,LM,FALSE,TRUE
Oct_22_23_SRS6_stem,TRUE,tree,stem,SRS6,2022-10-16,Oct2022,LGR2,B,trimmed_window_refit,FALSE,original,FALSE,FALSE,FALSE,NA,12:58:55,13:03:57,TRUE,TRUE,TRUE,TRUE,304,SN:3K60180500001583,SN:3K60180500001583,0.994999885559082,fieldlog_window,FALSE,NA,NA,NA,NA,NA,NA,NA,ebullition/corrected_time_windows.csv,-0.10009807686909884,LM,FALSE,TRUE,0.38111020260245454,LM,FALSE,TRUE
Oct_22_22_SRS6_stem,TRUE,tree,stem,SRS6,2022-10-16,Oct2022,LGR2,B,original,FALSE,original,FALSE,FALSE,FALSE,NA,13:00:30,13:03:30,TRUE,TRUE,TRUE,TRUE,181,SN:3K60180500001583,SN:3K60180500001583,0.9945000410079956,fieldlog_window,FALSE,NA,NA,NA,NA,NA,NA,NA,NA,-0.4601063875566773,HM,FALSE,TRUE,0.27173396622938617,LM,FALSE,TRUE
Oct_22_26_SRS6_root,TRUE,tree,root,SRS6,2022-10-16,Oct2022,LGR2,A,original,FALSE,original,FALSE,FALSE,FALSE,NA,13:07:39,13:11:31,TRUE,TRUE,TRUE,TRUE,233,SN:3K60180500001583,SN:3K60180500001583,0.9950001239776611,fieldlog_window,FALSE,NA,NA,NA,NA,NA,NA,NA,NA,0.4819049975562661,LM,FALSE,TRUE,1.68942666387858,HM,FALSE,TRUE
Oct_22_29_SRS6_stem,TRUE,tree,stem,SRS6,2022-10-16,Oct2022,LGR2,C,trimmed_window_refit,FALSE,original,FALSE,FALSE,FALSE,NA,13:24:53,13:27:33,TRUE,TRUE,TRUE,TRUE,160,SN:3K60180500001583,SN:3K60180500001583,0.994999885559082,fieldlog_window,FALSE,NA,NA,NA,NA,NA,NA,NA,ebullition/corrected_time_windows.csv,1.589500159397727,HM,FALSE,TRUE,1.3287833906083446,HM,FALSE,FALSE
Oct_22_30_SRS6_root,TRUE,tree,root,SRS6,2022-10-16,Oct2022,LGR2,B,trimmed_window_refit,FALSE,original,FALSE,FALSE,FALSE,NA,13:31:38,13:34:38,TRUE,TRUE,TRUE,TRUE,181,SN:3K60180500001583,SN:3K60180500001583,0.994999885559082,fieldlog_window,FALSE,NA,NA,NA,NA,NA,NA,NA,ebullition/corrected_time_windows.csv,1.9899774352934192,LM,FALSE,TRUE,0.7392030869254383,HM,FALSE,FALSE
Oct_22_27_SRS6_stem,TRUE,tree,stem,SRS6,2022-10-16,Oct2022,LGR2,B,original,FALSE,original,FALSE,FALSE,FALSE,NA,13:37:29,13:40:29,TRUE,TRUE,TRUE,TRUE,181,SN:3K60180500001583,SN:3K60180500001583,0.994999885559082,fieldlog_window,FALSE,NA,NA,NA,NA,NA,NA,NA,NA,3.851091488153805,HM,FALSE,TRUE,1.082612792177705,HM,FALSE,FALSE
Oct_22_28_SRS6_stem,TRUE,tree,stem,SRS6,2022-10-16,Oct2022,LGR2,B,original,FALSE,original,FALSE,FALSE,FALSE,NA,13:42:32,13:45:32,TRUE,TRUE,TRUE,TRUE,181,SN:3K60180500001583,SN:3K60180500001583,0.9940001964569092,fieldlog_window,FALSE,NA,NA,NA,NA,NA,NA,NA,NA,-0.34209032145533697,HM,FALSE,TRUE,1.330386409058018,LM,FALSE,TRUE
Oct_22_49_SRS6_stem,TRUE,tree,stem,SRS6,2022-10-17,Oct2022,LGR2,C,original,FALSE,original,FALSE,FALSE,FALSE,NA,11:06:00,11:11:00,TRUE,TRUE,TRUE,TRUE,302,SN:3K60180500001583,SN:3K60180500001583,0.994999885559082,fieldlog_window,FALSE,NA,NA,NA,NA,NA,NA,NA,NA,1.2124815606273922,HM,FALSE,TRUE,1.2338633749931158,LM,FALSE,TRUE
Oct_22_50_SRS6_stem,TRUE,tree,stem,SRS6,2022-10-17,Oct2022,LGR2,C,original,FALSE,original,FALSE,FALSE,FALSE,NA,11:13:00,11:22:00,TRUE,TRUE,TRUE,TRUE,543,SN:3K60180500001583,SN:3K60180500001583,0.994999885559082,fieldlog_window,FALSE,NA,NA,NA,NA,NA,NA,NA,NA,0.31152404259145194,LM,FALSE,TRUE,1.3015179575306248,HM,FALSE,FALSE
Oct_22_51_SRS6_stem,FALSE,tree,stem,SRS6,2022-10-17,Oct2022,LGR2,C,artifact_removed,FALSE,NA,FALSE,FALSE,FALSE,NA,11:42:00,11:47:00,TRUE,TRUE,TRUE,TRUE,301,SN:3K60180500001583,SN:3K60180500001583,0.994999885559082,fieldlog_window,FALSE,NA,NA,NA,NA,NA,NA,NA,NA,NA,NA,NA,NA,NA,NA,NA,NA
Oct_22_52_SRS6_root,TRUE,tree,root,SRS6,2022-10-17,Oct2022,LGR2,C,original,FALSE,original,FALSE,FALSE,FALSE,NA,11:52:30,11:55:30,TRUE,TRUE,TRUE,TRUE,181,SN:3K60180500001583,SN:3K60180500001583,0.994999885559082,fieldlog_window,FALSE,NA,NA,NA,NA,NA,NA,NA,NA,0.1481040595906371,HM,FALSE,TRUE,0.28640480831870335,HM,FALSE,FALSE
Oct_22_53_SRS6_stem,TRUE,tree,stem,SRS6,2022-10-17,Oct2022,LGR2,C,original,FALSE,original,FALSE,FALSE,FALSE,NA,12:18:15,12:21:15,TRUE,TRUE,TRUE,TRUE,181,SN:3K60180500001583,SN:3K60180500001583,0.9940001964569092,fieldlog_window,FALSE,NA,NA,NA,NA,NA,NA,NA,NA,0.7289277429668972,LM,FALSE,TRUE,2.107373195138602,HM,FALSE,FALSE
Oct_22_54_SRS6_stem,FALSE,tree,stem,SRS6,2022-10-17,Oct2022,LGR2,C,artifact_removed,FALSE,NA,FALSE,FALSE,FALSE,NA,12:23:30,12:26:30,TRUE,TRUE,TRUE,TRUE,181,SN:3K60180500001583,SN:3K60180500001583,0.994999885559082,fieldlog_window,FALSE,NA,NA,NA,NA,NA,NA,NA,NA,NA,NA,NA,NA,NA,NA,NA,NA
Oct_22_55_SRS6_stem,TRUE,tree,stem,SRS6,2022-10-17,Oct2022,LGR2,C,original,FALSE,original,FALSE,FALSE,FALSE,NA,12:43:00,12:45:00,TRUE,TRUE,TRUE,TRUE,120,SN:3K60180500001583,SN:3K60180500001583,0.994999885559082,fieldlog_window,FALSE,NA,NA,NA,NA,NA,NA,NA,NA,0.09434203588986435,LM,FALSE,TRUE,1.464395924904785,HM,FALSE,FALSE
Oct_22_41_SRS6_stem,TRUE,tree,stem,SRS6,2022-10-17,Oct2022,LGR2,B,original,FALSE,original,FALSE,FALSE,FALSE,NA,12:57:30,13:00:30,TRUE,TRUE,TRUE,TRUE,181,SN:3K60180500001583,SN:3K60180500001583,0.994999885559082,fieldlog_window,FALSE,NA,NA,NA,NA,NA,NA,NA,NA,2.3864897781212338,HM,FALSE,TRUE,3.1654284127591796,HM,FALSE,FALSE
Oct_22_42_SRS6_stem,TRUE,tree,stem,SRS6,2022-10-17,Oct2022,LGR2,B,original,FALSE,original,FALSE,FALSE,FALSE,NA,13:05:00,13:09:00,TRUE,TRUE,TRUE,TRUE,241,SN:3K60180500001583,SN:3K60180500001583,0.994999885559082,fieldlog_window,FALSE,NA,NA,NA,NA,NA,NA,NA,NA,0.4074211018823814,HM,FALSE,TRUE,1.4685634872471367,HM,FALSE,FALSE
Oct_22_43_SRS6_stem,TRUE,tree,stem,SRS6,2022-10-17,Oct2022,LGR2,B,original,FALSE,original,FALSE,FALSE,FALSE,NA,13:12:15,13:15:15,TRUE,TRUE,TRUE,TRUE,181,SN:3K60180500001583,SN:3K60180500001583,0.994999885559082,fieldlog_window,FALSE,NA,NA,NA,NA,NA,NA,NA,NA,0.16851630409668747,HM,FALSE,TRUE,1.8604793068936216,HM,FALSE,FALSE
Oct_22_44_SRS6_stem,TRUE,tree,stem,SRS6,2022-10-17,Oct2022,LGR2,C,original,FALSE,original,FALSE,FALSE,FALSE,NA,13:24:00,13:28:00,TRUE,TRUE,TRUE,TRUE,241,SN:3K60180500001583,SN:3K60180500001583,0.994999885559082,fieldlog_window,FALSE,NA,NA,NA,NA,NA,NA,NA,NA,0.00400523899261685,LM,TRUE,TRUE,2.051820451374716,HM,FALSE,FALSE
Oct_22_45_SRS6_stem,TRUE,tree,stem,SRS6,2022-10-17,Oct2022,LGR2,C,original,FALSE,original,FALSE,FALSE,FALSE,NA,13:38:00,13:41:00,TRUE,TRUE,TRUE,TRUE,181,SN:3K60180500001583,SN:3K60180500001583,0.994999885559082,fieldlog_window,FALSE,NA,NA,NA,NA,NA,NA,NA,NA,0.1505590127969208,HM,FALSE,TRUE,1.983698596592667,HM,FALSE,FALSE
Oct_22_46_SRS6_stem,TRUE,tree,stem,SRS6,2022-10-17,Oct2022,LGR2,C,original,FALSE,original,FALSE,FALSE,FALSE,NA,13:43:30,13:46:30,TRUE,TRUE,TRUE,TRUE,181,SN:3K60180500001583,SN:3K60180500001583,0.994999885559082,fieldlog_window,FALSE,NA,NA,NA,NA,NA,NA,NA,NA,0.0435118914246047,LM,FALSE,TRUE,1.97048407966082,HM,FALSE,FALSE
Oct_22_48_SRS6_root,TRUE,tree,root,SRS6,2022-10-17,Oct2022,LGR2,A,original,FALSE,original,FALSE,FALSE,FALSE,NA,13:56:00,13:59:00,TRUE,TRUE,TRUE,TRUE,181,SN:3K60180500001583,SN:3K60180500001583,0.994999885559082,fieldlog_window,FALSE,NA,NA,NA,NA,NA,NA,NA,NA,149.36558105962308,HM,FALSE,TRUE,9.179331997121578,HM,FALSE,TRUE
Oct_22_47_SRS6_root,TRUE,tree,root,SRS6,2022-10-17,Oct2022,LGR2,A,original,FALSE,original,FALSE,FALSE,FALSE,NA,14:02:00,14:05:00,TRUE,TRUE,TRUE,TRUE,181,SN:3K60180500001583,SN:3K60180500001583,0.994999885559082,fieldlog_window,FALSE,NA,NA,NA,NA,NA,NA,NA,NA,0.2283660735952588,HM,FALSE,TRUE,2.1708481907935924,HM,FALSE,FALSE
Oct_22_31_SRS6_stem,TRUE,tree,stem,SRS6,2022-10-17,Oct2022,LGR2,A,original,FALSE,original,FALSE,FALSE,FALSE,NA,14:13:00,14:17:00,TRUE,TRUE,TRUE,TRUE,241,SN:3K60180500001583,SN:3K60180500001583,0.994999885559082,fieldlog_window,FALSE,NA,NA,NA,NA,NA,NA,NA,NA,0.1896019744718083,HM,FALSE,TRUE,2.8349902214512026,HM,FALSE,FALSE
Oct_22_32_SRS6_stem,TRUE,tree,stem,SRS6,2022-10-17,Oct2022,LGR2,A,original,FALSE,original,FALSE,FALSE,FALSE,NA,14:19:00,14:22:00,TRUE,TRUE,TRUE,TRUE,181,SN:3K60180500001583,SN:3K60180500001583,0.9940001964569092,fieldlog_window,FALSE,NA,NA,NA,NA,NA,NA,NA,NA,0.05603178108673311,HM,FALSE,TRUE,2.4777770298725494,HM,FALSE,FALSE
Oct_22_33_SRS6_stem,FALSE,tree,stem,SRS6,2022-10-17,Oct2022,LGR2,A,artifact_removed,FALSE,NA,FALSE,FALSE,FALSE,NA,14:24:00,14:27:00,TRUE,TRUE,TRUE,TRUE,181,SN:3K60180500001583,SN:3K60180500001583,0.994999885559082,fieldlog_window,FALSE,NA,NA,NA,NA,NA,NA,NA,NA,NA,NA,NA,NA,NA,NA,NA,NA
Oct_22_34_SRS6_root,TRUE,tree,root,SRS6,2022-10-17,Oct2022,LGR2,A,original,FALSE,original,FALSE,FALSE,FALSE,NA,14:35:00,14:39:00,TRUE,TRUE,TRUE,TRUE,241,SN:3K60180500001583,SN:3K60180500001583,0.994999885559082,fieldlog_window,FALSE,NA,NA,NA,NA,NA,NA,NA,NA,0.10363955748980236,LM,FALSE,TRUE,3.104314701292417,HM,FALSE,FALSE
Oct_22_35_SRS6_CWD,TRUE,tree,cwd,SRS6,2022-10-17,Oct2022,LGR2,B,original,FALSE,original,FALSE,FALSE,FALSE,NA,15:06:00,15:09:00,TRUE,TRUE,TRUE,TRUE,181,SN:3K60180500001583,SN:3K60180500001583,0.9940001964569092,fieldlog_window,FALSE,NA,NA,NA,NA,NA,NA,NA,NA,0.764386380100944,HM,FALSE,TRUE,1.8585978319594807,HM,FALSE,FALSE
Oct_22_36_SRS6_CWD,TRUE,tree,cwd,SRS6,2022-10-17,Oct2022,LGR2,B,original,FALSE,original,FALSE,FALSE,FALSE,NA,15:15:30,15:18:30,TRUE,TRUE,TRUE,TRUE,181,SN:3K60180500001583,SN:3K60180500001583,0.9940001964569092,fieldlog_window,FALSE,NA,NA,NA,NA,NA,NA,NA,NA,1.163204967890418,HM,FALSE,FALSE,5.965416050333045,HM,FALSE,FALSE
Oct_22_37_SRS6_CWD,TRUE,tree,cwd,SRS6,2022-10-17,Oct2022,LGR2,B,original,FALSE,original,FALSE,FALSE,FALSE,NA,15:27:00,15:30:00,TRUE,TRUE,TRUE,TRUE,181,SN:3K60180500001583,SN:3K60180500001583,0.994999885559082,fieldlog_window,FALSE,NA,NA,NA,NA,NA,NA,NA,NA,0.2725807515020317,LM,FALSE,TRUE,7.5476874672236605,HM,FALSE,FALSE
Oct_22_38_SRS6_stem,TRUE,tree,stem,SRS6,2022-10-17,Oct2022,LGR2,C,original,FALSE,original,FALSE,FALSE,FALSE,NA,15:42:00,15:45:00,TRUE,TRUE,TRUE,TRUE,181,SN:3K60180500001583,SN:3K60180500001583,0.994999885559082,fieldlog_window,FALSE,NA,NA,NA,NA,NA,NA,NA,NA,0.23764519504935064,HM,FALSE,TRUE,2.0750836842891607,HM,FALSE,FALSE
Oct_22_39_SRS6_stem,TRUE,tree,stem,SRS6,2022-10-17,Oct2022,LGR2,C,original,FALSE,original,FALSE,FALSE,FALSE,NA,15:49:00,15:53:00,TRUE,TRUE,TRUE,TRUE,241,SN:3K60180500001583,SN:3K60180500001583,0.994999885559082,fieldlog_window,FALSE,NA,NA,NA,NA,NA,NA,NA,NA,0.0860747297779794,HM,FALSE,TRUE,2.512394403001777,HM,FALSE,FALSE
Oct_22_40_SRS6_stem,TRUE,tree,stem,SRS6,2022-10-17,Oct2022,LGR2,C,original,FALSE,original,FALSE,FALSE,FALSE,NA,15:55:00,15:58:00,TRUE,TRUE,TRUE,TRUE,181,SN:3K60180500001583,SN:3K60180500001583,0.9940001964569092,fieldlog_window,FALSE,NA,NA,NA,NA,NA,NA,NA,NA,0.06055950502551137,HM,FALSE,TRUE,2.428832872103164,HM,FALSE,FALSE
Oct_22_67_FLM30_stem,TRUE,tree,stem,FLM30,2022-10-18,Oct2022,LGR2,A,original,FALSE,original,FALSE,FALSE,FALSE,NA,11:57:48,12:03:54,TRUE,TRUE,TRUE,TRUE,368,SN:3K60180500001583,SN:3K60180500001583,0.994999885559082,fieldlog_window,FALSE,NA,NA,NA,NA,NA,NA,NA,NA,27.100131535471284,LM,FALSE,TRUE,3.061374369990379,HM,FALSE,FALSE
Oct_22_68_FLM30_stem,TRUE,tree,stem,FLM30,2022-10-18,Oct2022,LGR2,A,original,FALSE,original,FALSE,FALSE,FALSE,NA,12:10:14,12:14:05,TRUE,TRUE,TRUE,TRUE,232,SN:3K60180500001583,SN:3K60180500001583,0.9940001964569092,fieldlog_window,FALSE,NA,NA,NA,NA,NA,NA,NA,NA,2.144034803797723,HM,FALSE,FALSE,4.073691785593241,HM,FALSE,FALSE
Oct_22_69_FLM30_stem,TRUE,tree,stem,FLM30,2022-10-18,Oct2022,LGR2,A,original,FALSE,original,FALSE,FALSE,FALSE,NA,12:24:46,12:28:49,TRUE,TRUE,TRUE,TRUE,244,SN:3K60180500001583,SN:3K60180500001583,0.9940001964569092,fieldlog_window,FALSE,NA,NA,NA,NA,NA,NA,NA,NA,0.04666590384153996,HM,FALSE,TRUE,4.4117170675765065,HM,FALSE,FALSE
Oct_22_70_FLM30_stem,TRUE,tree,stem,FLM30,2022-10-18,Oct2022,LGR2,A,original,FALSE,original,FALSE,FALSE,FALSE,NA,12:38:09,12:42:39,TRUE,TRUE,TRUE,TRUE,271,SN:3K60180500001583,SN:3K60180500001583,0.994999885559082,fieldlog_window,FALSE,NA,NA,NA,NA,NA,NA,NA,NA,71.64342857682055,LM,FALSE,TRUE,5.764741541407926,HM,FALSE,TRUE
Oct_22_71_FLM30_stem,TRUE,tree,stem,FLM30,2022-10-18,Oct2022,LGR2,A,original,FALSE,original,FALSE,FALSE,FALSE,NA,12:48:40,12:52:22,TRUE,TRUE,TRUE,TRUE,224,SN:3K60180500001583,SN:3K60180500001583,0.994999885559082,fieldlog_window,FALSE,NA,NA,NA,NA,NA,NA,NA,NA,2.6634407382059275,LM,FALSE,TRUE,1.734496435824143,LM,FALSE,TRUE
Oct_22_72_FLM30_stem,TRUE,tree,stem,FLM30,2022-10-18,Oct2022,LGR2,A,original,FALSE,original,FALSE,FALSE,FALSE,NA,12:57:24,13:02:35,TRUE,TRUE,TRUE,TRUE,313,SN:3K60180500001583,SN:3K60180500001583,0.9940001964569092,fieldlog_window,FALSE,NA,NA,NA,NA,NA,NA,NA,NA,0.2959500406832281,LM,FALSE,TRUE,2.734335299003511,LM,FALSE,TRUE
Oct_22_73_FLM30_stem,TRUE,tree,stem,FLM30,2022-10-18,Oct2022,LGR2,A,original,FALSE,original,FALSE,FALSE,FALSE,NA,13:15:12,13:18:57,TRUE,TRUE,TRUE,TRUE,226,SN:3K60180500001583,SN:3K60180500001583,0.994999885559082,fieldlog_window,FALSE,NA,NA,NA,NA,NA,NA,NA,NA,372.0524895259087,HM,FALSE,TRUE,5.028889592569139,HM,FALSE,FALSE
Oct_22_74_FLM30_stem,TRUE,tree,stem,FLM30,2022-10-18,Oct2022,LGR2,B,original,FALSE,original,FALSE,FALSE,FALSE,NA,13:30:00,13:35:20,TRUE,TRUE,TRUE,TRUE,321,SN:3K60180500001583,SN:3K60180500001583,0.994999885559082,fieldlog_window,FALSE,NA,NA,NA,NA,NA,NA,NA,NA,6.64848108800273,HM,FALSE,TRUE,2.246009619402273,HM,FALSE,FALSE
Oct_22_75_FLM30_stem,TRUE,tree,stem,FLM30,2022-10-18,Oct2022,LGR2,B,original,FALSE,original,FALSE,FALSE,FALSE,NA,13:41:37,13:50:46,TRUE,TRUE,TRUE,TRUE,552,SN:3K60180500001583,SN:3K60180500001583,0.994999885559082,fieldlog_window,FALSE,NA,NA,NA,NA,NA,NA,NA,NA,0.7599211762814198,HM,FALSE,FALSE,3.8344355006988535,HM,FALSE,FALSE
Oct_22_76_FLM30_stem,TRUE,tree,stem,FLM30,2022-10-18,Oct2022,LGR2,B,original,FALSE,original,FALSE,FALSE,FALSE,NA,13:54:20,13:58:20,TRUE,TRUE,TRUE,TRUE,241,SN:3K60180500001583,SN:3K60180500001583,0.994999885559082,fieldlog_window,FALSE,NA,NA,NA,NA,NA,NA,NA,NA,0.07947350276210989,HM,FALSE,TRUE,2.3291602734018864,HM,FALSE,FALSE
Oct_22_77_FLM30_stem,TRUE,tree,stem,FLM30,2022-10-18,Oct2022,LGR2,A,original,FALSE,original,FALSE,FALSE,FALSE,NA,14:10:01,14:13:50,TRUE,TRUE,TRUE,TRUE,230,SN:3K60180500001583,SN:3K60180500001583,0.994999885559082,fieldlog_window,FALSE,NA,NA,NA,NA,NA,NA,NA,NA,70.48662654277913,HM,FALSE,TRUE,4.874686068267562,HM,FALSE,FALSE
Oct_22_78_FLM30_stem,TRUE,tree,stem,FLM30,2022-10-18,Oct2022,LGR2,A,original,FALSE,original,FALSE,FALSE,FALSE,NA,14:22:36,14:26:02,TRUE,TRUE,TRUE,TRUE,207,SN:3K60180500001583,SN:3K60180500001583,0.994999885559082,fieldlog_window,FALSE,NA,NA,NA,NA,NA,NA,NA,NA,0.4286657263244195,HM,FALSE,TRUE,1.0993931049128003,HM,FALSE,TRUE
Oct_22_79_FLM30_stem,TRUE,tree,stem,FLM30,2022-10-18,Oct2022,LGR2,A,original,FALSE,original,FALSE,FALSE,FALSE,NA,14:31:14,14:34:15,TRUE,TRUE,TRUE,TRUE,182,SN:3K60180500001583,SN:3K60180500001583,0.9939999580383301,fieldlog_window,FALSE,NA,NA,NA,NA,NA,NA,NA,NA,0.8070367096672059,HM,FALSE,TRUE,5.410395605861477,HM,FALSE,TRUE
Oct_22_80_FLM30_stem,TRUE,tree,root,FLM30,2022-10-18,Oct2022,LGR2,A,original,FALSE,original,FALSE,FALSE,FALSE,NA,15:22:55,15:25:55,TRUE,TRUE,TRUE,TRUE,181,SN:3K60180500001583,SN:3K60180500001583,0.994999885559082,fieldlog_window,FALSE,NA,NA,NA,NA,NA,NA,NA,NA,0.3753969837690227,HM,FALSE,TRUE,5.669544766723514,HM,FALSE,TRUE
Oct_22_81_FLM30_root,TRUE,tree,root,FLM30,2022-10-18,Oct2022,LGR2,A,original,FALSE,original,FALSE,FALSE,FALSE,NA,15:39:32,15:43:00,TRUE,TRUE,TRUE,TRUE,209,SN:3K60180500001583,SN:3K60180500001583,0.994999885559082,fieldlog_window,FALSE,NA,NA,NA,NA,NA,NA,NA,NA,0.14316508451352958,HM,FALSE,TRUE,3.5578120358811063,HM,FALSE,TRUE
Oct_22_82_FLM30_stem,TRUE,tree,stem,FLM30,2022-10-18,Oct2022,LGR2,A,original,FALSE,original,FALSE,FALSE,FALSE,NA,16:02:21,16:05:44,TRUE,TRUE,TRUE,TRUE,204,SN:3K60180500001583,SN:3K60180500001583,0.994999885559082,fieldlog_window,FALSE,NA,NA,NA,NA,NA,NA,NA,NA,0.24887394822982792,HM,FALSE,TRUE,5.968037097687971,HM,FALSE,FALSE
Oct_22_83_FLM30_stem,TRUE,tree,stem,FLM30,2022-10-18,Oct2022,LGR2,B,original,FALSE,original,FALSE,FALSE,FALSE,NA,16:16:59,16:20:23,TRUE,TRUE,TRUE,TRUE,205,SN:3K60180500001583,SN:3K60180500001583,0.994999885559082,fieldlog_window,FALSE,NA,NA,NA,NA,NA,NA,NA,NA,0.08004074489806189,HM,FALSE,TRUE,3.554242321207806,HM,FALSE,FALSE
Oct_22_116_SRS5_stem,TRUE,tree,stem,SRS5,2022-10-19,Oct2022,LGR2,C,original,FALSE,original,FALSE,FALSE,FALSE,NA,12:08:05,12:11:05,TRUE,TRUE,TRUE,TRUE,181,SN:3K60180500001583,SN:3K60180500001583,0.994999885559082,fieldlog_window,FALSE,NA,NA,NA,NA,NA,NA,NA,NA,0.0532264831942189,HM,FALSE,TRUE,1.6706312825087275,HM,FALSE,FALSE
Oct_22_117_SRS5_stem,TRUE,tree,stem,SRS5,2022-10-19,Oct2022,LGR2,C,original,FALSE,original,FALSE,FALSE,FALSE,NA,12:16:25,12:19:25,TRUE,TRUE,TRUE,TRUE,181,SN:3K60180500001583,SN:3K60180500001583,0.994999885559082,fieldlog_window,FALSE,NA,NA,NA,NA,NA,NA,NA,NA,0.0752060414059321,HM,FALSE,TRUE,1.2853774712940926,HM,FALSE,FALSE
Oct_22_118_SRS5_stem,TRUE,tree,stem,SRS5,2022-10-19,Oct2022,LGR2,C,original,FALSE,original,FALSE,FALSE,FALSE,NA,12:26:13,12:29:25,TRUE,TRUE,TRUE,TRUE,193,SN:3K60180500001583,SN:3K60180500001583,0.9945000410079956,fieldlog_window,FALSE,NA,NA,NA,NA,NA,NA,NA,NA,0.04275253197060236,LM,FALSE,TRUE,1.382851254696927,HM,FALSE,FALSE
Oct_22_119_SRS5_stem,TRUE,tree,root,SRS5,2022-10-19,Oct2022,LGR2,C,original,FALSE,original,FALSE,FALSE,FALSE,NA,12:37:49,12:43:49,TRUE,TRUE,TRUE,TRUE,361,SN:3K60180500001583,SN:3K60180500001583,0.994999885559082,fieldlog_window,FALSE,NA,NA,NA,NA,NA,NA,NA,NA,-0.04407120832882748,HM,FALSE,TRUE,10.394999238629373,HM,FALSE,FALSE
Oct_22_120_SRS5_root,TRUE,tree,root,SRS5,2022-10-19,Oct2022,LGR2,A,original,FALSE,original,FALSE,FALSE,FALSE,NA,13:16:13,13:19:13,TRUE,TRUE,TRUE,TRUE,181,SN:3K60180500001583,SN:3K60180500001583,0.994999885559082,fieldlog_window,FALSE,NA,NA,NA,NA,NA,NA,NA,NA,0.640307958188127,HM,FALSE,TRUE,3.082971752749359,HM,FALSE,FALSE
Oct_22_121_SRS5_stem,TRUE,tree,stem,SRS5,2022-10-19,Oct2022,LGR2,C,original,FALSE,original,FALSE,FALSE,FALSE,NA,13:41:19,13:44:19,TRUE,TRUE,TRUE,TRUE,181,SN:3K60180500001583,SN:3K60180500001583,0.994999885559082,fieldlog_window,FALSE,NA,NA,NA,NA,NA,NA,NA,NA,0.1392889085721878,HM,FALSE,FALSE,1.1571989894392354,HM,FALSE,FALSE
Oct_22_122_SRS5_stem,TRUE,tree,stem,SRS5,2022-10-19,Oct2022,LGR2,C,original,FALSE,original,FALSE,FALSE,FALSE,NA,13:54:12,13:59:30,TRUE,TRUE,TRUE,TRUE,320,SN:3K60180500001583,SN:3K60180500001583,0.994999885559082,fieldlog_window,FALSE,NA,NA,NA,NA,NA,NA,NA,NA,0.03544274734303847,HM,FALSE,TRUE,1.0677177357859762,HM,FALSE,FALSE
Oct_22_123_SRS5_stem,TRUE,tree,stem,SRS5,2022-10-19,Oct2022,LGR2,C,original,FALSE,original,FALSE,FALSE,FALSE,NA,14:06:17,14:10:17,TRUE,TRUE,TRUE,TRUE,241,SN:3K60180500001583,SN:3K60180500001583,0.994999885559082,fieldlog_window,FALSE,NA,NA,NA,NA,NA,NA,NA,NA,0.01239762755721974,LM,FALSE,TRUE,1.207606352024441,HM,FALSE,FALSE
Oct_22_125_SRS5_stem,TRUE,tree,root,SRS5,2022-10-19,Oct2022,LGR2,C,original,FALSE,original,FALSE,FALSE,FALSE,NA,14:19:45,14:22:45,TRUE,TRUE,TRUE,TRUE,181,SN:3K60180500001583,SN:3K60180500001583,0.9945000410079956,fieldlog_window,FALSE,NA,NA,NA,NA,NA,NA,NA,NA,0.2803162447468188,HM,FALSE,TRUE,1.100911872012292,HM,FALSE,FALSE
Oct_22_124_SRS5_root,TRUE,tree,root,SRS5,2022-10-19,Oct2022,LGR2,A,original,FALSE,original,FALSE,FALSE,FALSE,NA,14:33:14,14:37:53,TRUE,TRUE,TRUE,TRUE,280,SN:3K60180500001583,SN:3K60180500001583,0.9940001964569092,fieldlog_window,FALSE,NA,NA,NA,NA,NA,NA,NA,NA,0.05595032529705709,LM,FALSE,TRUE,3.2844823017167837,HM,FALSE,TRUE
Oct_22_126_SRS5_root,TRUE,tree,root,SRS5,2022-10-19,Oct2022,LGR2,A,original,FALSE,original,FALSE,FALSE,FALSE,NA,14:49:46,14:54:00,TRUE,TRUE,TRUE,TRUE,256,SN:3K60180500001583,SN:3K60180500001583,0.9939999580383301,fieldlog_window,FALSE,NA,NA,NA,NA,NA,NA,NA,NA,0.40787309533857113,HM,FALSE,FALSE,2.212107136209184,HM,FALSE,FALSE
Oct_22_131_SRS5_root,TRUE,tree,root,SRS5,2022-10-19,Oct2022,LGR2,A,original,FALSE,original,FALSE,FALSE,FALSE,NA,15:02:13,15:05:35,TRUE,TRUE,TRUE,TRUE,203,SN:3K60180500001583,SN:3K60180500001583,0.9939999580383301,fieldlog_window,FALSE,NA,NA,NA,NA,NA,NA,NA,NA,0.8381809108150007,HM,FALSE,TRUE,2.6761581376318024,HM,FALSE,FALSE
Oct_22_130_SRS5_stem,TRUE,tree,root,SRS5,2022-10-19,Oct2022,LGR2,B,original,FALSE,original,FALSE,FALSE,FALSE,NA,15:16:50,15:20:05,TRUE,TRUE,TRUE,TRUE,196,SN:3K60180500001583,SN:3K60180500001583,0.9940001964569092,fieldlog_window,FALSE,NA,NA,NA,NA,NA,NA,NA,NA,0.31022261948023844,HM,FALSE,TRUE,1.8322312658353583,HM,FALSE,FALSE
Oct_22_127_SRS5_stem,TRUE,tree,stem,SRS5,2022-10-19,Oct2022,LGR2,B,original,FALSE,original,FALSE,FALSE,FALSE,NA,15:24:30,15:28:05,TRUE,TRUE,TRUE,TRUE,216,SN:3K60180500001583,SN:3K60180500001583,0.994999885559082,fieldlog_window,FALSE,NA,NA,NA,NA,NA,NA,NA,NA,0.13492764275610375,HM,FALSE,TRUE,1.3902457002377222,HM,FALSE,FALSE
Oct_22_128_SRS5_stem,TRUE,tree,stem,SRS5,2022-10-19,Oct2022,LGR2,B,original,FALSE,original,FALSE,FALSE,FALSE,NA,15:32:38,15:35:38,TRUE,TRUE,TRUE,TRUE,181,SN:3K60180500001583,SN:3K60180500001583,0.994999885559082,fieldlog_window,FALSE,NA,NA,NA,NA,NA,NA,NA,NA,0.09210899273223667,LM,FALSE,TRUE,1.017374557796525,HM,FALSE,FALSE
Oct_22_129_SRS5_stem,TRUE,tree,stem,SRS5,2022-10-19,Oct2022,LGR2,B,original,FALSE,original,FALSE,FALSE,FALSE,NA,15:39:20,15:42:20,TRUE,TRUE,TRUE,TRUE,181,SN:3K60180500001583,SN:3K60180500001583,0.9950001239776611,fieldlog_window,FALSE,NA,NA,NA,NA,NA,NA,NA,NA,0.09509923425395228,HM,FALSE,TRUE,1.1895565079979944,HM,FALSE,FALSE
Oct_22_132_SRS5_CWD,TRUE,tree,cwd,SRS5,2022-10-19,Oct2022,LGR2,B,original,FALSE,original,FALSE,FALSE,FALSE,NA,16:27:12,16:29:00,TRUE,TRUE,TRUE,FALSE,0,NA,NA,0.9945000410079956,analyzer_day,FALSE,NA,NA,NA,NA,NA,NA,NA,NA,NA,NA,FALSE,FALSE,NA,NA,FALSE,FALSE
Oct_22_133_SRS5_CWD,TRUE,tree,cwd,SRS5,2022-10-19,Oct2022,LGR2,B,original,FALSE,original,FALSE,FALSE,FALSE,NA,16:37:25,16:39:00,TRUE,TRUE,TRUE,FALSE,0,NA,NA,0.9945000410079956,analyzer_day,FALSE,NA,NA,NA,NA,NA,NA,NA,NA,NA,NA,FALSE,FALSE,NA,NA,FALSE,FALSE
Oct_22_134_SRS5_stem,TRUE,tree,stem,SRS5,2022-10-20,Oct2022,LGR2,C,original,FALSE,original,FALSE,FALSE,FALSE,NA,12:21:41,12:24:50,TRUE,TRUE,TRUE,TRUE,190,SN:3K60180500001583,SN:3K60180500001583,0.994999885559082,fieldlog_window,FALSE,NA,NA,NA,NA,NA,NA,NA,NA,0.11317823590799202,HM,FALSE,TRUE,1.2070458175306946,HM,FALSE,FALSE
Oct_22_135_SRS5_stem,TRUE,tree,stem,SRS5,2022-10-20,Oct2022,LGR2,C,original,FALSE,original,FALSE,FALSE,FALSE,NA,12:32:52,12:35:52,TRUE,TRUE,TRUE,TRUE,181,SN:3K60180500001583,SN:3K60180500001583,0.9939999580383301,fieldlog_window,FALSE,NA,NA,NA,NA,NA,NA,NA,NA,0.0639712864096791,HM,FALSE,TRUE,1.1472861408454642,HM,FALSE,FALSE
Oct_22_136_SRS5_stem,TRUE,tree,stem,SRS5,2022-10-20,Oct2022,LGR2,C,original,FALSE,original,FALSE,FALSE,FALSE,NA,12:42:10,12:45:10,TRUE,TRUE,TRUE,TRUE,181,SN:3K60180500001583,SN:3K60180500001583,0.994999885559082,fieldlog_window,FALSE,NA,NA,NA,NA,NA,NA,NA,NA,0.04175322119650271,HM,FALSE,TRUE,0.9322475902894828,HM,FALSE,FALSE
Oct_22_137_SRS5_stem,TRUE,tree,root,SRS5,2022-10-20,Oct2022,LGR2,C,original,FALSE,original,FALSE,FALSE,FALSE,NA,12:56:14,12:59:14,TRUE,TRUE,TRUE,TRUE,181,SN:3K60180500001583,SN:3K60180500001583,0.994999885559082,fieldlog_window,FALSE,NA,NA,NA,NA,NA,NA,NA,NA,0.4397225477375696,HM,FALSE,FALSE,1.3520458602436745,HM,FALSE,FALSE
Oct_22_138_SRS5_root,TRUE,tree,root,SRS5,2022-10-20,Oct2022,LGR2,A,original,FALSE,original,FALSE,FALSE,FALSE,NA,13:20:30,13:23:30,TRUE,TRUE,TRUE,TRUE,181,SN:3K60180500001583,SN:3K60180500001583,0.994999885559082,fieldlog_window,FALSE,NA,NA,NA,NA,NA,NA,NA,NA,3.6308684810000553,HM,FALSE,TRUE,6.02931908677402,HM,FALSE,FALSE
Oct_22_139_SRS5_root,TRUE,tree,root,SRS5,2022-10-20,Oct2022,LGR2,A,original,FALSE,original,FALSE,FALSE,FALSE,NA,13:33:10,13:36:10,TRUE,TRUE,TRUE,TRUE,181,SN:3K60180500001583,SN:3K60180500001583,0.9939999580383301,fieldlog_window,FALSE,NA,NA,NA,NA,NA,NA,NA,NA,0.42631519559171993,HM,FALSE,TRUE,3.82157386976885,HM,FALSE,FALSE
Oct_22_140_SRS5_stem,TRUE,tree,stem,SRS5,2022-10-20,Oct2022,LGR2,A,original,FALSE,original,FALSE,FALSE,FALSE,NA,14:00:00,14:03:00,TRUE,TRUE,TRUE,TRUE,181,SN:3K60180500001583,SN:3K60180500001583,0.9940000772476196,fieldlog_window,FALSE,NA,NA,NA,NA,NA,NA,NA,NA,0.5464232334859371,HM,FALSE,TRUE,1.3829719200594572,HM,FALSE,TRUE
Oct_22_141_SRS5_stem,TRUE,tree,stem,SRS5,2022-10-20,Oct2022,LGR2,A,original,FALSE,original,FALSE,FALSE,FALSE,NA,14:09:50,14:12:50,TRUE,TRUE,TRUE,TRUE,181,SN:3K60180500001583,SN:3K60180500001583,0.9950001239776611,fieldlog_window,FALSE,NA,NA,NA,NA,NA,NA,NA,NA,0.2682747745058823,HM,FALSE,TRUE,2.60513674042901,HM,FALSE,FALSE
Oct_22_142_SRS5_stem,TRUE,tree,stem,SRS5,2022-10-20,Oct2022,LGR2,A,original,FALSE,original,FALSE,FALSE,FALSE,NA,14:20:00,14:23:00,TRUE,TRUE,TRUE,TRUE,181,SN:3K60180500001583,SN:3K60180500001583,0.9939999580383301,fieldlog_window,FALSE,NA,NA,NA,NA,NA,NA,NA,NA,0.5137494039410293,HM,FALSE,TRUE,2.9079073877698964,HM,FALSE,FALSE
44854_SRS5_Soil_57,TRUE,surface,soil,SRS5,2022-10-20,Oct2022,LGR2,3 ft soil,original,FALSE,original,FALSE,FALSE,FALSE,Tree 30min,14:42:30,14:47:30,TRUE,TRUE,TRUE,TRUE,302,SN:3K60180500001583,SN:3K60180500001583,0.9940001964569092,fieldlog_window,TRUE,results_surface/lgr2_manual_identification_results_soil.csv,results_surface/lgr2_manual_identification_results_soil.csv,1,2022-10-20T14:42:57Z,2022-10-20T14:50:16Z,906,27,NA,0.2044196215968019,HM,FALSE,TRUE,1.0837362683182044,HM,FALSE,TRUE
44854_SRS5_Soil_58,TRUE,surface,soil,SRS5,2022-10-20,Oct2022,LGR2,3 ft soil,original,FALSE,original,FALSE,FALSE,FALSE,Tree 30min,14:57:30,15:00:30,TRUE,TRUE,TRUE,TRUE,181,SN:3K60180500001583,SN:3K60180500001583,0.994999885559082,fieldlog_window,TRUE,results_surface/lgr2_manual_identification_results_soil.csv,results_surface/lgr2_manual_identification_results_soil.csv,1,2022-10-20T14:57:31Z,2022-10-20T15:02:07Z,906,1,NA,1.705808389525225,HM,FALSE,TRUE,0.931863782149345,HM,FALSE,TRUE
44854_SRS5_Soil_59,TRUE,surface,soil,SRS5,2022-10-20,Oct2022,LGR2,3 ft soil,original,FALSE,original,FALSE,FALSE,FALSE,Tree 30min,15:08:00,15:11:00,TRUE,TRUE,TRUE,TRUE,181,SN:3K60180500001583,SN:3K60180500001583,0.994999885559082,fieldlog_window,TRUE,results_surface/lgr2_manual_identification_results_soil.csv,results_surface/lgr2_manual_identification_results_soil.csv,1,2022-10-20T15:07:28Z,2022-10-20T15:11:38Z,905,-32,NA,0.9281095384184884,HM,FALSE,TRUE,1.4027273526173467,HM,FALSE,TRUE
44854_SRS5_Soil_60,TRUE,surface,soil,SRS5,2022-10-20,Oct2022,LGR2,3 ft soil,original,FALSE,original,FALSE,FALSE,FALSE,Tree 30min,15:19:00,15:32:00,TRUE,TRUE,TRUE,TRUE,784,SN:3K60180500001583,SN:3K60180500001583,0.9940001964569092,fieldlog_window,TRUE,results_surface/lgr2_manual_identification_results_soil.csv,results_surface/lgr2_manual_identification_results_soil.csv,1,2022-10-20T15:18:54Z,2022-10-20T15:24:44Z,906,-6,NA,1.2474131873097851,HM,FALSE,TRUE,1.555402153084621,HM,FALSE,TRUE
44854_SRS5_Soil_61,TRUE,surface,soil,SRS5,2022-10-20,Oct2022,LGR2,3 ft soil,original,FALSE,original,FALSE,FALSE,FALSE,Tree 30min,15:30:30,15:33:00,TRUE,TRUE,TRUE,TRUE,151,SN:3K60180500001583,SN:3K60180500001583,0.9940001964569092,fieldlog_window,TRUE,results_surface/lgr2_manual_identification_results_soil.csv,results_surface/lgr2_manual_identification_results_soil.csv,1,2022-10-20T15:31:00Z,2022-10-20T15:36:41Z,906,30,NA,1.7520294846609856,HM,FALSE,TRUE,1.4387560973450406,HM,FALSE,TRUE
44854_SRS5_Soil_62,TRUE,surface,soil,SRS5,2022-10-20,Oct2022,LGR2,3 ft soil,original,FALSE,original,FALSE,FALSE,FALSE,Tree 30min,15:45:30,15:48:30,TRUE,TRUE,TRUE,TRUE,181,SN:3K60180500001583,SN:3K60180500001583,0.994999885559082,fieldlog_window,TRUE,results_surface/lgr2_manual_identification_results_soil.csv,results_surface/lgr2_manual_identification_results_soil.csv,1,2022-10-20T15:45:30Z,2022-10-20T15:49:30Z,905,0,NA,1.6042167667640386,HM,FALSE,TRUE,1.0909787727442923,HM,FALSE,TRUE
44854_SRS5_Soil_63,TRUE,surface,soil,SRS5,2022-10-20,Oct2022,LGR2,3 ft soil,original,FALSE,original,FALSE,FALSE,FALSE,Tree 30min,15:55:30,15:59:30,TRUE,TRUE,TRUE,TRUE,241,SN:3K60180500001583,SN:3K60180500001583,0.994999885559082,fieldlog_window,TRUE,results_surface/lgr2_manual_identification_results_soil.csv,results_surface/lgr2_manual_identification_results_soil.csv,1,2022-10-20T15:55:30Z,2022-10-20T16:00:53Z,906,0,NA,1.4931260847968495,HM,FALSE,TRUE,1.1067730517966194,HM,FALSE,TRUE
44854_SRS5_Soil_64,TRUE,surface,soil,SRS5,2022-10-20,Oct2022,LGR2,3 ft soil,original,FALSE,original,FALSE,FALSE,FALSE,Tree 30min,16:09:45,16:12:45,TRUE,TRUE,TRUE,TRUE,181,SN:3K60180500001583,SN:3K60180500001583,0.994999885559082,fieldlog_window,TRUE,results_surface/lgr2_manual_identification_results_soil.csv,results_surface/lgr2_manual_identification_results_soil.csv,1,2022-10-20T16:09:42Z,2022-10-20T16:14:04Z,906,-3,NA,1.0677459994441083,HM,FALSE,TRUE,1.3814121684358809,HM,FALSE,TRUE
LGR2_2022-10-23_CP40_P01,TRUE,surface,water,CP40,2022-10-23,Oct2022,LGR2,NA,ebullition_added_placement,FALSE,ebullition_reprocessing,FALSE,FALSE,FALSE,NA,11:05:13,11:07:56,TRUE,TRUE,TRUE,FALSE,0,NA,NA,0.994999885559082,analyzer_day,FALSE,NA,NA,NA,NA,NA,NA,NA,ebullition/placements_summary.csv,75.09212503600493,HM,FALSE,FALSE,NA,NA,NA,NA
LGR2_2022-10-23_CP40_P02,TRUE,surface,water,CP40,2022-10-23,Oct2022,LGR2,NA,ebullition_added_placement,FALSE,ebullition_reprocessing,FALSE,FALSE,FALSE,NA,11:09:05,11:13:54,TRUE,TRUE,TRUE,FALSE,0,NA,NA,0.994999885559082,analyzer_day,FALSE,NA,NA,NA,NA,NA,NA,NA,ebullition/placements_summary.csv,124.30572685939808,HM,FALSE,FALSE,NA,NA,NA,NA
44857_CP40_Water_76,TRUE,surface,water,CP40,2022-10-23,Oct2022,LGR2,Floating 8 in,ebullition_partitioned,FALSE,original,FALSE,FALSE,FALSE,Tree 30min,11:28:00,11:31:00,TRUE,TRUE,TRUE,TRUE,181,SN:3K60180500001583,SN:3K60180500001583,0.9950001239776611,fieldlog_window,TRUE,results_surface/lgr2_manual_identification_results_soil.csv,results_surface/lgr2_manual_identification_results_soil.csv,1,2022-10-23T11:27:45Z,2022-10-23T11:32:08Z,899,-15,ebullition/placements_summary.csv,28.439847253100897,LM,FALSE,TRUE,0.6954014657414028,HM,FALSE,FALSE
LGR2_2022-10-23_CP40_P04,TRUE,surface,water,CP40,2022-10-23,Oct2022,LGR2,NA,ebullition_added_placement,FALSE,ebullition_reprocessing,FALSE,FALSE,FALSE,NA,11:28:23,11:34:45,TRUE,TRUE,TRUE,TRUE,384,SN:3K60180500001583,SN:3K60180500001583,0.994999885559082,fieldlog_window,FALSE,NA,NA,NA,NA,NA,NA,NA,ebullition/placements_summary.csv,34.88018720830777,HM,FALSE,FALSE,NA,NA,NA,NA
44857_CP40_Water_77,TRUE,surface,water,CP40,2022-10-23,Oct2022,LGR2,Floating 8 in,ebullition_partitioned,FALSE,original,FALSE,FALSE,FALSE,Tree 30min,11:42:45,11:45:45,TRUE,TRUE,TRUE,TRUE,181,SN:3K60180500001583,SN:3K60180500001583,0.9940001964569092,fieldlog_window,TRUE,results_surface/lgr2_manual_identification_results_soil.csv,results_surface/lgr2_manual_identification_results_soil.csv,1,2022-10-23T11:42:30Z,2022-10-23T11:45:48Z,906,-15,ebullition/placements_summary.csv,18.008023875721705,HM,FALSE,FALSE,0.5444223962524335,HM,FALSE,TRUE
44857_CP40_Water_78,TRUE,surface,water,CP40,2022-10-23,Oct2022,LGR2,Floating 8 in,ebullition_partitioned,FALSE,original,FALSE,FALSE,FALSE,Tree 30min,11:47:00,11:50:00,TRUE,TRUE,TRUE,TRUE,181,SN:3K60180500001583,SN:3K60180500001583,0.994999885559082,fieldlog_window,TRUE,results_surface/lgr2_manual_identification_results_soil.csv,results_surface/lgr2_manual_identification_results_soil.csv,1,2022-10-23T11:47:10Z,2022-10-23T11:52:48Z,906,10,ebullition/placements_summary.csv,38.512867517994025,LM,FALSE,TRUE,0.6110729169872101,HM,FALSE,FALSE
44857_CP40_Water_79,TRUE,surface,water,CP40,2022-10-23,Oct2022,LGR2,Floating 8 in,original,FALSE,original,FALSE,FALSE,FALSE,Tree 30min,12:01:45,12:04:45,TRUE,TRUE,TRUE,TRUE,181,SN:3K60180500001583,SN:3K60180500001583,0.9950000047683716,fieldlog_window,TRUE,results_surface/lgr2_manual_identification_results_soil.csv,results_surface/lgr2_manual_identification_results_soil.csv,1,2022-10-23T12:01:16Z,2022-10-23T12:04:46Z,905,-29,NA,18.472317051895793,HM,FALSE,FALSE,0.6029428982965773,HM,FALSE,TRUE
44857_CP40_Water_80,TRUE,surface,water,CP40,2022-10-23,Oct2022,LGR2,Floating 8 in,ebullition_partitioned,FALSE,original,FALSE,FALSE,FALSE,Tree 30min,12:09:00,12:14:00,TRUE,TRUE,TRUE,TRUE,302,SN:3K60180500001583,SN:3K60180500001583,0.994999885559082,fieldlog_window,TRUE,results_surface/lgr2_manual_identification_results_soil.csv,results_surface/lgr2_manual_identification_results_soil.csv,1,2022-10-23T12:08:55Z,2022-10-23T12:13:57Z,906,-5,ebullition/placements_summary.csv,36.312272746342245,LM,FALSE,TRUE,0.6353688314807724,HM,FALSE,FALSE
LGR2_2022-10-23_CP40_P08,TRUE,surface,water,CP40,2022-10-23,Oct2022,LGR2,NA,ebullition_added_placement,FALSE,ebullition_reprocessing,FALSE,FALSE,FALSE,NA,12:19:06,12:22:40,TRUE,TRUE,TRUE,TRUE,215,SN:3K60180500001583,SN:3K60180500001583,0.994999885559082,fieldlog_window,FALSE,NA,NA,NA,NA,NA,NA,NA,ebullition/placements_summary.csv,21.79765679328928,HM,FALSE,FALSE,NA,NA,NA,NA
Oct_22_175_CP40_stem,TRUE,tree,stem,CP40,2022-10-23,Oct2022,LGR2,C,original,FALSE,original,FALSE,FALSE,FALSE,NA,12:31:00,12:35:00,TRUE,TRUE,TRUE,TRUE,241,SN:3K60180500001583,SN:3K60180500001583,0.994999885559082,fieldlog_window,FALSE,NA,NA,NA,NA,NA,NA,NA,NA,14.908784369079816,HM,FALSE,FALSE,2.2305333108221475,HM,FALSE,FALSE
Oct_22_176_CP40_stem,TRUE,tree,stem,CP40,2022-10-23,Oct2022,LGR2,C,original,FALSE,original,FALSE,FALSE,FALSE,NA,12:37:30,12:40:30,TRUE,TRUE,TRUE,TRUE,181,SN:3K60180500001583,SN:3K60180500001583,0.9940000772476196,fieldlog_window,FALSE,NA,NA,NA,NA,NA,NA,NA,NA,15.314494752981812,HM,FALSE,FALSE,16.202938431043965,HM,FALSE,TRUE
Oct_22_177_CP40_stem,TRUE,tree,stem,CP40,2022-10-23,Oct2022,LGR2,C,original,FALSE,original,FALSE,FALSE,FALSE,NA,12:44:30,12:49:00,TRUE,TRUE,TRUE,TRUE,272,SN:3K60180500001583,SN:3K60180500001583,0.994999885559082,fieldlog_window,FALSE,NA,NA,NA,NA,NA,NA,NA,NA,0.2511932980457318,HM,FALSE,TRUE,0.7216670418710845,LM,FALSE,TRUE
LGR2_2022-10-23_CP40_P10,TRUE,surface,water,CP40,2022-10-23,Oct2022,LGR2,NA,ebullition_added_placement,FALSE,ebullition_reprocessing,FALSE,FALSE,FALSE,NA,12:58:11,13:05:42,TRUE,TRUE,TRUE,TRUE,453,SN:3K60180500001583,SN:3K60180500001583,0.994999885559082,fieldlog_window,FALSE,NA,NA,NA,NA,NA,NA,NA,ebullition/placements_summary.csv,128.76158400114156,HM,FALSE,FALSE,NA,NA,NA,NA
LGR2_2022-10-23_CP40_P11,TRUE,surface,water,CP40,2022-10-23,Oct2022,LGR2,NA,ebullition_added_placement,FALSE,ebullition_reprocessing,FALSE,FALSE,FALSE,NA,13:09:05,13:15:18,TRUE,TRUE,TRUE,TRUE,376,SN:3K60180500001583,SN:3K60180500001583,0.9940001964569092,fieldlog_window,FALSE,NA,NA,NA,NA,NA,NA,NA,ebullition/placements_summary.csv,114.44463555408188,HM,FALSE,FALSE,NA,NA,NA,NA
Oct_22_178_CP40_stem,TRUE,tree,stem,CP40,2022-10-23,Oct2022,LGR2,C,original,FALSE,original,FALSE,FALSE,FALSE,NA,13:28:00,13:31:00,TRUE,TRUE,TRUE,TRUE,181,SN:3K60180500001583,SN:3K60180500001583,0.994999885559082,fieldlog_window,FALSE,NA,NA,NA,NA,NA,NA,NA,NA,79.75367362907747,HM,FALSE,FALSE,2.2282253935963445,HM,FALSE,FALSE
Oct_22_179_CP40_stem,TRUE,tree,stem,CP40,2022-10-23,Oct2022,LGR2,C,original,FALSE,original,FALSE,FALSE,FALSE,NA,13:46:30,13:49:30,TRUE,TRUE,TRUE,TRUE,181,SN:3K60180500001583,SN:3K60180500001583,0.994999885559082,fieldlog_window,FALSE,NA,NA,NA,NA,NA,NA,NA,NA,3.340746588379014,HM,FALSE,FALSE,3.4041667568227,HM,FALSE,FALSE
LGR2_2022-10-23_CP40_P16,TRUE,surface,water,CP40,2022-10-23,Oct2022,LGR2,NA,ebullition_added_placement,FALSE,ebullition_reprocessing,FALSE,FALSE,FALSE,NA,14:03:48,14:11:24,TRUE,TRUE,TRUE,TRUE,459,SN:3K60180500001583,SN:3K60180500001583,0.994999885559082,fieldlog_window,FALSE,NA,NA,NA,NA,NA,NA,NA,ebullition/placements_summary.csv,31.52318336826434,LM,FALSE,FALSE,NA,NA,NA,NA
Oct_22_180_CP40_stem,TRUE,tree,stem,CP40,2022-10-23,Oct2022,LGR2,C,original,FALSE,original,FALSE,FALSE,FALSE,NA,14:13:00,14:16:00,TRUE,TRUE,TRUE,TRUE,181,SN:3K60180500001583,SN:3K60180500001583,0.994999885559082,fieldlog_window,FALSE,NA,NA,NA,NA,NA,NA,NA,NA,0.2186538373326044,LM,FALSE,TRUE,2.106478674192048,HM,FALSE,FALSE
Oct_22_181_CP40_stem,TRUE,tree,stem,CP40,2022-10-23,Oct2022,LGR2,C,original,FALSE,original,FALSE,FALSE,FALSE,NA,14:23:00,14:26:00,TRUE,TRUE,TRUE,TRUE,181,SN:3K60180500001583,SN:3K60180500001583,0.9950001239776611,fieldlog_window,FALSE,NA,NA,NA,NA,NA,NA,NA,NA,23.065852878889245,HM,FALSE,TRUE,1.6123437471767996,HM,FALSE,FALSE
Oct_22_182_CP40_stem,TRUE,tree,stem,CP40,2022-10-23,Oct2022,LGR2,C,original,FALSE,original,FALSE,FALSE,FALSE,NA,14:38:10,14:41:10,TRUE,TRUE,TRUE,TRUE,181,SN:3K60180500001583,SN:3K60180500001583,0.994999885559082,fieldlog_window,FALSE,NA,NA,NA,NA,NA,NA,NA,NA,3.697953378821982,HM,FALSE,FALSE,1.431875154408141,HM,FALSE,FALSE
LGR2_2022-10-23_CP40_P19,TRUE,surface,water,CP40,2022-10-23,Oct2022,LGR2,NA,ebullition_added_placement,FALSE,ebullition_reprocessing,FALSE,FALSE,FALSE,NA,14:44:24,14:48:57,TRUE,TRUE,TRUE,TRUE,275,SN:3K60180500001583,SN:3K60180500001583,0.9939999580383301,fieldlog_window,FALSE,NA,NA,NA,NA,NA,NA,NA,ebullition/placements_summary.csv,24.15754468739628,HM,FALSE,FALSE,NA,NA,NA,NA
Oct_22_183_CP40_stem,TRUE,tree,stem,CP40,2022-10-23,Oct2022,LGR2,C,original,FALSE,original,FALSE,FALSE,FALSE,NA,14:50:00,14:53:00,TRUE,TRUE,TRUE,TRUE,181,SN:3K60180500001583,SN:3K60180500001583,0.9940001964569092,fieldlog_window,FALSE,NA,NA,NA,NA,NA,NA,NA,NA,1.0598160119762747,HM,FALSE,FALSE,2.1521341553057405,HM,FALSE,TRUE
Oct_22_184_CP40_stem,TRUE,tree,stem,CP40,2022-10-23,Oct2022,LGR2,C,original,FALSE,original,FALSE,FALSE,FALSE,NA,15:04:12,15:07:12,TRUE,TRUE,TRUE,TRUE,181,SN:3K60180500001583,SN:3K60180500001583,0.994999885559082,fieldlog_window,FALSE,NA,NA,NA,NA,NA,NA,NA,NA,17.741168170143066,HM,FALSE,TRUE,0.6671045235694276,HM,FALSE,TRUE
Oct_22_185_CP40_stem,TRUE,tree,stem,CP40,2022-10-23,Oct2022,LGR2,C,original,FALSE,original,FALSE,FALSE,FALSE,NA,15:25:30,15:28:50,TRUE,TRUE,TRUE,TRUE,201,SN:3K60180500001583,SN:3K60180500001583,0.994999885559082,fieldlog_window,FALSE,NA,NA,NA,NA,NA,NA,NA,NA,0.02523634190819811,LM,FALSE,TRUE,0.1522420975890383,LM,FALSE,TRUE
Oct_22_186_CP40_stem,TRUE,tree,stem,CP40,2022-10-23,Oct2022,LGR2,C,original,FALSE,original,FALSE,FALSE,FALSE,NA,15:45:00,15:48:00,TRUE,TRUE,TRUE,TRUE,181,SN:3K60180500001583,SN:3K60180500001583,0.994999885559082,fieldlog_window,FALSE,NA,NA,NA,NA,NA,NA,NA,NA,0.19440775157929052,LM,FALSE,TRUE,0.24258935441144944,LM,FALSE,TRUE
Oct_22_187_CP40_CWD,TRUE,tree,cwd,CP40,2022-10-23,Oct2022,LGR2,A,original,FALSE,original,FALSE,FALSE,FALSE,NA,16:05:00,16:08:00,TRUE,TRUE,TRUE,TRUE,181,SN:3K60180500001583,SN:3K60180500001583,0.994999885559082,fieldlog_window,FALSE,NA,NA,NA,NA,NA,NA,NA,NA,0.532527462797645,LM,FALSE,TRUE,2.8608927173964314,HM,FALSE,TRUE
Oct_22_188_CP40_CWD,TRUE,tree,cwd,CP40,2022-10-23,Oct2022,LGR2,A,original,FALSE,original,FALSE,FALSE,FALSE,NA,16:10:00,16:12:00,TRUE,TRUE,TRUE,TRUE,120,SN:3K60180500001583,SN:3K60180500001583,0.9940001964569092,fieldlog_window,FALSE,NA,NA,NA,NA,NA,NA,NA,NA,19.522884174081792,HM,FALSE,TRUE,10.410873081788306,HM,FALSE,TRUE
Oct_22_213_CP40_stem,TRUE,tree,stem,CP40,2022-10-24,Oct2022,LGR2,C,original,FALSE,original,FALSE,FALSE,FALSE,NA,11:35:09,11:38:37,TRUE,TRUE,TRUE,TRUE,209,SN:3K60180500001583,SN:3K60180500001583,0.994999885559082,fieldlog_window,FALSE,NA,NA,NA,NA,NA,NA,NA,NA,116.17910521058026,HM,FALSE,TRUE,1.1610221273340218,HM,FALSE,FALSE
Oct_22_214_CP40_stem,TRUE,tree,stem,CP40,2022-10-24,Oct2022,LGR2,C,original,FALSE,original,FALSE,FALSE,FALSE,NA,11:44:37,11:50:26,TRUE,TRUE,TRUE,TRUE,351,SN:3K60180500001583,SN:3K60180500001583,0.9939999580383301,fieldlog_window,FALSE,NA,NA,NA,NA,NA,NA,NA,NA,7.785586584800825,HM,FALSE,FALSE,1.7159052698230954,HM,FALSE,FALSE
Oct_22_215_CP40_stem,TRUE,tree,stem,CP40,2022-10-24,Oct2022,LGR2,B,original,FALSE,original,FALSE,FALSE,FALSE,NA,12:02:30,12:06:12,TRUE,TRUE,TRUE,TRUE,223,SN:3K60180500001583,SN:3K60180500001583,0.9940001964569092,fieldlog_window,FALSE,NA,NA,NA,NA,NA,NA,NA,NA,0.01836902754796933,LM,FALSE,TRUE,1.519698849543638,HM,FALSE,FALSE
Oct_22_207_CP40_stem,TRUE,tree,stem,CP40,2022-10-24,Oct2022,LGR2,C,original,FALSE,original,FALSE,FALSE,FALSE,NA,12:20:51,12:23:57,TRUE,TRUE,TRUE,TRUE,187,SN:3K60180500001583,SN:3K60180500001583,0.994999885559082,fieldlog_window,FALSE,NA,NA,NA,NA,NA,NA,NA,NA,0.6642158121980434,HM,FALSE,TRUE,6.99345654539307,HM,FALSE,FALSE
Oct_22_208_CP40_stem,TRUE,tree,stem,CP40,2022-10-24,Oct2022,LGR2,C,original,FALSE,original,FALSE,FALSE,FALSE,NA,12:32:34,12:35:40,TRUE,TRUE,TRUE,TRUE,187,SN:3K60180500001583,SN:3K60180500001583,0.9940000772476196,fieldlog_window,FALSE,NA,NA,NA,NA,NA,NA,NA,NA,0.16879995712776188,HM,FALSE,TRUE,7.467032793058734,HM,FALSE,FALSE
Oct_22_209_CP40_stem,TRUE,tree,stem,CP40,2022-10-24,Oct2022,LGR2,C,original,FALSE,original,FALSE,FALSE,FALSE,NA,12:45:07,12:48:10,TRUE,TRUE,TRUE,TRUE,184,SN:3K60180500001583,SN:3K60180500001583,0.994999885559082,fieldlog_window,FALSE,NA,NA,NA,NA,NA,NA,NA,NA,0.10954278550243272,HM,FALSE,TRUE,6.196175754556315,HM,FALSE,FALSE
Oct_22_210_CP40_stem,TRUE,tree,stem,CP40,2022-10-24,Oct2022,LGR2,C,original,FALSE,original,FALSE,FALSE,FALSE,NA,13:07:45,13:10:45,TRUE,TRUE,TRUE,TRUE,181,SN:3K60180500001583,SN:3K60180500001583,0.994999885559082,fieldlog_window,FALSE,NA,NA,NA,NA,NA,NA,NA,NA,265.8216100026281,LM,FALSE,TRUE,1.6154830534374651,HM,FALSE,FALSE
Oct_22_212_CP40_stem,TRUE,tree,stem,CP40,2022-10-24,Oct2022,LGR2,C,original,FALSE,original,FALSE,FALSE,FALSE,NA,13:20:15,13:23:15,TRUE,TRUE,TRUE,TRUE,181,SN:3K60180500001583,SN:3K60180500001583,0.9940001964569092,fieldlog_window,FALSE,NA,NA,NA,NA,NA,NA,NA,NA,2.4831683890364,HM,FALSE,TRUE,3.586595398481937,HM,FALSE,FALSE
Oct_22_226_CP40_CWD,TRUE,tree,cwd,CP40,2022-10-24,Oct2022,LGR2,B,original,FALSE,original,FALSE,FALSE,FALSE,NA,13:29:15,13:32:15,TRUE,TRUE,TRUE,TRUE,181,SN:3K60180500001583,SN:3K60180500001583,0.9950001239776611,fieldlog_window,FALSE,NA,NA,NA,NA,NA,NA,NA,NA,0.9816754546170976,LM,FALSE,TRUE,58.9469508304222,HM,FALSE,TRUE
Oct_22_227_CP40_CWD,TRUE,tree,cwd,CP40,2022-10-24,Oct2022,LGR2,B,original,FALSE,original,FALSE,FALSE,FALSE,NA,13:42:00,13:45:00,TRUE,TRUE,TRUE,TRUE,181,SN:3K60180500001583,SN:3K60180500001583,0.994999885559082,fieldlog_window,FALSE,NA,NA,NA,NA,NA,NA,NA,NA,0.17235709615400835,HM,FALSE,TRUE,5.132910632966864,HM,FALSE,FALSE
Oct_22_269_Long Pine Key_stem,TRUE,tree,stem,Long Pine Key,2022-10-26,Oct2022,LGR2,C,original,FALSE,original,FALSE,FALSE,FALSE,NA,13:46:00,13:49:00,TRUE,TRUE,TRUE,TRUE,181,SN:3K60180500001583,SN:3K60180500001583,0.994999885559082,fieldlog_window,FALSE,NA,NA,NA,NA,NA,NA,NA,NA,0.20101595198154637,HM,FALSE,FALSE,2.474578078824081,HM,FALSE,FALSE
Oct_22_270_Long Pine Key_stem,TRUE,tree,stem,Long Pine Key,2022-10-26,Oct2022,LGR2,C,original,FALSE,original,FALSE,FALSE,FALSE,NA,13:52:00,13:55:00,TRUE,TRUE,TRUE,TRUE,181,SN:3K60180500001583,SN:3K60180500001583,0.9940001964569092,fieldlog_window,FALSE,NA,NA,NA,NA,NA,NA,NA,NA,0.14661511464352728,LM,FALSE,TRUE,2.397161880865952,HM,FALSE,FALSE
Oct_22_271_Long Pine Key_stem,TRUE,tree,stem,Long Pine Key,2022-10-26,Oct2022,LGR2,C,original,FALSE,original,FALSE,FALSE,FALSE,NA,14:01:00,14:04:00,TRUE,TRUE,TRUE,TRUE,181,SN:3K60180500001583,SN:3K60180500001583,0.994999885559082,fieldlog_window,FALSE,NA,NA,NA,NA,NA,NA,NA,NA,0.03010582830629506,HM,FALSE,TRUE,1.8170337085174024,HM,FALSE,FALSE
Oct_22_272_Mahogany Hammock_stem,TRUE,tree,stem,Mahogany Hammock,2022-10-26,Oct2022,LGR2,D,original,FALSE,original,FALSE,FALSE,FALSE,NA,15:18:00,15:21:00,TRUE,TRUE,TRUE,TRUE,181,SN:3K60180500001583,SN:3K60180500001583,0.9945000410079956,fieldlog_window,FALSE,NA,NA,NA,NA,NA,NA,NA,NA,103.23974458533412,HM,FALSE,FALSE,6.454256255974362,HM,FALSE,FALSE
Oct_22_273_Mahogany Hammock_stem,TRUE,tree,stem,Mahogany Hammock,2022-10-26,Oct2022,LGR2,D,original,FALSE,original,FALSE,FALSE,FALSE,NA,15:23:30,15:26:30,TRUE,TRUE,TRUE,TRUE,180,SN:3K60180500001583,SN:3K60180500001583,0.994999885559082,fieldlog_window,FALSE,NA,NA,NA,NA,NA,NA,NA,NA,2.33660043267773,HM,FALSE,TRUE,6.206435490738807,LM,FALSE,TRUE
Oct_22_274_Mahogany Hammock_stem,TRUE,tree,stem,Mahogany Hammock,2022-10-26,Oct2022,LGR2,D,original,FALSE,original,FALSE,FALSE,FALSE,NA,15:31:00,15:34:00,TRUE,TRUE,TRUE,TRUE,181,SN:3K60180500001583,SN:3K60180500001583,0.9940001964569092,fieldlog_window,FALSE,NA,NA,NA,NA,NA,NA,NA,NA,0.24760414474153908,LM,FALSE,TRUE,5.764714379425888,HM,FALSE,FALSE
Oct_22_275_Cypress Boardwalk_stem,TRUE,tree,stem,Cypress Boardwalk,2022-10-26,Oct2022,LGR2,A,original,FALSE,original,FALSE,FALSE,FALSE,NA,17:31:30,17:34:30,TRUE,TRUE,TRUE,TRUE,181,SN:3K60180500001583,SN:3K60180500001583,0.9939999580383301,fieldlog_window,FALSE,NA,NA,NA,NA,NA,NA,NA,NA,838.8552555477784,HM,FALSE,TRUE,16.85063556485052,HM,FALSE,FALSE
Oct_22_276_Cypress Boardwalk_stem,TRUE,tree,stem,Cypress Boardwalk,2022-10-26,Oct2022,LGR2,B,original,FALSE,original,FALSE,FALSE,FALSE,NA,17:40:00,17:43:00,TRUE,TRUE,TRUE,TRUE,181,SN:3K60180500001583,SN:3K60180500001583,0.994499921798706,fieldlog_window,FALSE,NA,NA,NA,NA,NA,NA,NA,NA,230.15480550143565,HM,FALSE,FALSE,6.691365390525534,HM,FALSE,TRUE
Oct_22_277_Cypress Boardwalk_stem,TRUE,tree,stem,Cypress Boardwalk,2022-10-26,Oct2022,LGR2,A,original,FALSE,original,FALSE,FALSE,FALSE,NA,17:50:30,17:53:30,TRUE,TRUE,TRUE,TRUE,181,SN:3K60180500001583,SN:3K60180500001583,0.994999885559082,fieldlog_window,FALSE,NA,NA,NA,NA,NA,NA,NA,NA,52.057266795695405,HM,FALSE,FALSE,7.318346645389061,HM,FALSE,TRUE
Oct_22_7_SRS6_stem,TRUE,tree,stem,SRS6,2022-10-16,Oct2022,LGR3,C,original,FALSE,original,FALSE,FALSE,FALSE,NA,12:57:50,13:00:51,TRUE,TRUE,TRUE,TRUE,182,SN:3K60180500001584,SN:3K60180500001584,0.994999885559082,fieldlog_window,TRUE,results_trees/lgr3_manual_identification_results.csv,results_trees/lgr3_manual_identification_results.csv,1,2022-10-16T12:56:51Z,2022-10-16T12:58:43Z,1396,-59,NA,5.765408844038214,HM,FALSE,FALSE,2.400283767353538,HM,FALSE,TRUE
Oct_22_8_SRS6_stem,TRUE,tree,stem,SRS6,2022-10-16,Oct2022,LGR3,C,original,FALSE,original,FALSE,FALSE,FALSE,NA,13:04:05,13:07:06,TRUE,TRUE,TRUE,TRUE,19,SN:3K60180500001584,SN:3K60180500001584,0.9950000047683716,fieldlog_window,TRUE,results_trees/lgr3_manual_identification_results.csv,results_trees/lgr3_manual_identification_results.csv,1,2022-10-16T13:00:27Z,2022-10-16T13:03:29Z,642,-218,NA,0.7859901653717926,HM,FALSE,FALSE,5.991170414206856,HM,FALSE,FALSE
Oct_22_9_SRS6_stem,TRUE,tree,stem,SRS6,2022-10-16,Oct2022,LGR3,C,original,FALSE,original,FALSE,FALSE,FALSE,NA,13:11:06,13:14:07,TRUE,TRUE,TRUE,FALSE,0,NA,NA,0.994999885559082,analyzer_day,FALSE,NA,NA,NA,NA,NA,NA,NA,NA,NA,NA,FALSE,FALSE,NA,NA,FALSE,FALSE
Oct_22_10_SRS6_root,TRUE,tree,root,SRS6,2022-10-16,Oct2022,LGR3,A,original,FALSE,original,FALSE,FALSE,FALSE,NA,13:19:16,13:22:22,TRUE,TRUE,TRUE,FALSE,0,NA,NA,0.994999885559082,analyzer_day,FALSE,NA,NA,NA,NA,NA,NA,NA,NA,NA,NA,FALSE,FALSE,NA,NA,FALSE,FALSE
Oct_22_11_SRS6_stem,TRUE,tree,stem,SRS6,2022-10-16,Oct2022,LGR3,B,original,FALSE,original,FALSE,FALSE,FALSE,NA,13:32:08,13:35:09,TRUE,TRUE,TRUE,FALSE,0,NA,NA,0.994999885559082,analyzer_day,FALSE,NA,NA,NA,NA,NA,NA,NA,NA,NA,NA,FALSE,FALSE,NA,NA,FALSE,FALSE
Oct_22_12_SRS6_stem,TRUE,tree,stem,SRS6,2022-10-16,Oct2022,LGR3,B,original,FALSE,original,FALSE,FALSE,FALSE,NA,13:39:25,13:42:25,TRUE,TRUE,TRUE,FALSE,0,NA,NA,0.994999885559082,analyzer_day,FALSE,NA,NA,NA,NA,NA,NA,NA,NA,NA,NA,FALSE,FALSE,NA,NA,FALSE,FALSE
Oct_22_13_SRS6_stem,TRUE,tree,stem,SRS6,2022-10-16,Oct2022,LGR3,B,original,FALSE,original,FALSE,FALSE,FALSE,NA,13:49:19,13:52:20,TRUE,TRUE,TRUE,FALSE,0,NA,NA,0.994999885559082,analyzer_day,FALSE,NA,NA,NA,NA,NA,NA,NA,NA,NA,NA,FALSE,FALSE,NA,NA,FALSE,FALSE
Oct_22_14_SRS6_root,TRUE,tree,root,SRS6,2022-10-16,Oct2022,LGR3,A,original,FALSE,original,FALSE,FALSE,FALSE,NA,13:59:24,14:02:24,TRUE,TRUE,TRUE,FALSE,0,NA,NA,0.994999885559082,analyzer_day,FALSE,NA,NA,NA,NA,NA,NA,NA,NA,NA,NA,FALSE,FALSE,NA,NA,FALSE,FALSE
Oct_22_15_SRS6_root,TRUE,tree,root,SRS6,2022-10-16,Oct2022,LGR3,A,original,FALSE,original,FALSE,FALSE,FALSE,NA,14:05:09,14:08:10,TRUE,TRUE,TRUE,FALSE,0,NA,NA,0.994999885559082,analyzer_day,FALSE,NA,NA,NA,NA,NA,NA,NA,NA,NA,NA,FALSE,FALSE,NA,NA,FALSE,FALSE
Oct_22_59_SRS6_stem,TRUE,tree,stem,SRS6,2022-10-17,Oct2022,LGR3,C,original,FALSE,original,FALSE,FALSE,FALSE,NA,10:59:33,11:02:33,TRUE,TRUE,TRUE,TRUE,181,SN:3K60180500001584,SN:3K60180500001584,0.994999885559082,fieldlog_window,TRUE,results_trees/lgr3_manual_identification_results.csv,results_trees/lgr3_manual_identification_results.csv,1,2022-10-17T10:59:45Z,2022-10-17T11:03:01Z,906,12,NA,0.05912916275410427,HM,FALSE,TRUE,2.595149686000565,HM,FALSE,FALSE
Oct_22_61_SRS6_stem,TRUE,tree,stem,SRS6,2022-10-17,Oct2022,LGR3,C,original,FALSE,original,FALSE,FALSE,FALSE,NA,11:09:35,11:12:35,TRUE,TRUE,TRUE,TRUE,181,SN:3K60180500001584,SN:3K60180500001584,0.994999885559082,fieldlog_window,TRUE,results_trees/lgr3_manual_identification_results.csv,results_trees/lgr3_manual_identification_results.csv,1,2022-10-17T11:09:37Z,2022-10-17T11:12:47Z,906,2,NA,0.8885081681635394,HM,FALSE,FALSE,2.40931937041541,HM,FALSE,FALSE
Oct_22_60_SRS6_stem,TRUE,tree,stem,SRS6,2022-10-17,Oct2022,LGR3,B,original,FALSE,original,FALSE,FALSE,FALSE,NA,11:19:05,11:22:35,TRUE,TRUE,TRUE,TRUE,211,SN:3K60180500001584,SN:3K60180500001584,0.994999885559082,fieldlog_window,TRUE,results_trees/lgr3_manual_identification_results.csv,results_trees/lgr3_manual_identification_results.csv,1,2022-10-17T11:19:13Z,2022-10-17T11:22:47Z,906,8,NA,0.1566155495909285,HM,FALSE,TRUE,2.101300079588141,HM,FALSE,FALSE
Oct_22_62_SRS6_root,TRUE,tree,root,SRS6,2022-10-17,Oct2022,LGR3,A,original,FALSE,original,FALSE,FALSE,FALSE,NA,11:27:15,11:30:30,TRUE,TRUE,TRUE,TRUE,196,SN:3K60180500001584,SN:3K60180500001584,0.994999885559082,fieldlog_window,TRUE,results_trees/lgr3_manual_identification_results.csv,results_trees/lgr3_manual_identification_results.csv,1,2022-10-17T11:28:08Z,2022-10-17T11:30:38Z,906,53,NA,4.073994568617628,HM,FALSE,TRUE,2.3499994466504712,HM,FALSE,TRUE
Oct_22_63_SRS6_stem,TRUE,tree,stem,SRS6,2022-10-17,Oct2022,LGR3,B,original,FALSE,original,FALSE,FALSE,FALSE,NA,12:14:39,12:17:38,TRUE,TRUE,TRUE,TRUE,180,SN:3K60180500001584,SN:3K60180500001584,0.994999885559082,fieldlog_window,TRUE,results_trees/lgr3_manual_identification_results.csv,results_trees/lgr3_manual_identification_results.csv,1,2022-10-17T12:14:38Z,2022-10-17T12:17:12Z,906,-1,NA,0.128599710108091,HM,FALSE,TRUE,5.674312736770351,HM,FALSE,FALSE
Oct_22_64_SRS6_stem,TRUE,tree,stem,SRS6,2022-10-17,Oct2022,LGR3,B,original,FALSE,original,FALSE,FALSE,FALSE,NA,12:21:04,12:24:10,TRUE,TRUE,TRUE,TRUE,187,SN:3K60180500001584,SN:3K60180500001584,0.994999885559082,fieldlog_window,TRUE,results_trees/lgr3_manual_identification_results.csv,results_trees/lgr3_manual_identification_results.csv,1,2022-10-17T12:21:08Z,2022-10-17T12:24:53Z,906,4,NA,0.06491342159637217,HM,FALSE,TRUE,1.0792365043264434,LM,FALSE,TRUE
Oct_22_65_SRS6_stem,TRUE,tree,stem,SRS6,2022-10-17,Oct2022,LGR3,B,original,FALSE,original,FALSE,FALSE,FALSE,NA,12:29:31,12:32:32,TRUE,TRUE,TRUE,TRUE,182,SN:3K60180500001584,SN:3K60180500001584,0.994999885559082,fieldlog_window,TRUE,results_trees/lgr3_manual_identification_results.csv,results_trees/lgr3_manual_identification_results.csv,1,2022-10-17T12:29:33Z,2022-10-17T12:33:05Z,905,2,NA,0.10067863357347998,HM,FALSE,TRUE,4.467327882365605,HM,FALSE,FALSE
Oct_22_66_SRS6_root,TRUE,tree,root,SRS6,2022-10-17,Oct2022,LGR3,A,original,FALSE,original,FALSE,FALSE,FALSE,NA,12:42:44,12:45:45,TRUE,TRUE,TRUE,TRUE,182,SN:3K60180500001584,SN:3K60180500001584,0.994999885559082,fieldlog_window,TRUE,results_trees/lgr3_manual_identification_results.csv,results_trees/lgr3_manual_identification_results.csv,1,2022-10-17T12:43:20Z,2022-10-17T12:46:27Z,906,36,NA,0.4841501917081653,HM,FALSE,TRUE,5.493643123507626,HM,FALSE,TRUE
Oct_22_56_SRS6_stem,FALSE,tree,stem,SRS6,2022-10-17,Oct2022,LGR3,B,artifact_removed,TRUE,NA,FALSE,FALSE,FALSE,NA,14:20:42,14:23:44,TRUE,TRUE,TRUE,TRUE,183,SN:3K60180500001584,SN:3K60180500001584,0.9940001964569092,fieldlog_window,TRUE,rescue/lgr3_manual_identification_results_additional.csv,rescue/lgr3_manual_identification_results_additional.csv,1,2022-10-17T14:21:05Z,2022-10-17T14:23:41Z,906,23,NA,NA,NA,NA,NA,NA,NA,NA,NA
Oct_22_57_SRS6_stem,TRUE,tree,stem,SRS6,2022-10-17,Oct2022,LGR3,B,original,FALSE,original,FALSE,FALSE,FALSE,NA,14:27:08,14:30:40,TRUE,TRUE,TRUE,TRUE,213,SN:3K60180500001584,SN:3K60180500001584,0.9940001964569092,fieldlog_window,TRUE,results_trees/lgr3_manual_identification_results.csv,results_trees/lgr3_manual_identification_results.csv,1,2022-10-17T14:27:41Z,2022-10-17T14:30:31Z,905,33,NA,1.966791287763702,HM,FALSE,FALSE,1.442850389705788,HM,FALSE,TRUE
Oct_22_58_SRS6_stem,TRUE,tree,stem,SRS6,2022-10-17,Oct2022,LGR3,A,original,FALSE,original,FALSE,FALSE,FALSE,NA,14:34:35,14:37:35,TRUE,TRUE,TRUE,TRUE,181,SN:3K60180500001584,SN:3K60180500001584,0.9950001239776611,fieldlog_window,TRUE,results_trees/lgr3_manual_identification_results.csv,results_trees/lgr3_manual_identification_results.csv,1,2022-10-17T14:35:20Z,2022-10-17T14:37:20Z,906,45,NA,-0.6450597115160486,HM,FALSE,TRUE,-25.660509082102763,HM,FALSE,TRUE
Oct_22_84_FLM30_stem,TRUE,tree,stem,FLM30,2022-10-18,Oct2022,LGR3,B,original,FALSE,original,FALSE,FALSE,FALSE,NA,11:09:10,11:12:10,TRUE,TRUE,TRUE,TRUE,181,SN:3K60180500001584,SN:3K60180500001584,0.9945000410079956,fieldlog_window,TRUE,results_trees/lgr3_manual_identification_results.csv,results_trees/lgr3_manual_identification_results.csv,1,2022-10-18T11:09:30Z,2022-10-18T11:13:10Z,906,20,NA,29.318861825158535,HM,FALSE,FALSE,0.9436652561317282,LM,FALSE,TRUE
Oct_22_85_FLM30_stem,TRUE,tree,stem,FLM30,2022-10-18,Oct2022,LGR3,B,original,FALSE,original,FALSE,FALSE,FALSE,NA,11:19:35,11:22:35,TRUE,TRUE,TRUE,TRUE,181,SN:3K60180500001584,SN:3K60180500001584,0.9939999580383301,fieldlog_window,TRUE,results_trees/lgr3_manual_identification_results.csv,results_trees/lgr3_manual_identification_results.csv,1,2022-10-18T11:19:40Z,2022-10-18T11:24:03Z,906,5,NA,2.0990532029494253,LM,FALSE,TRUE,2.9176585384542344,HM,FALSE,TRUE
Oct_22_86_FLM30_stem,TRUE,tree,stem,FLM30,2022-10-18,Oct2022,LGR3,B,original,FALSE,original,FALSE,FALSE,FALSE,NA,11:32:00,11:35:00,TRUE,TRUE,TRUE,TRUE,181,SN:3K60180500001584,SN:3K60180500001584,0.9950001239776611,fieldlog_window,TRUE,results_trees/lgr3_manual_identification_results.csv,results_trees/lgr3_manual_identification_results.csv,1,2022-10-18T11:32:07Z,2022-10-18T11:36:01Z,906,7,NA,0.272007070414136,HM,FALSE,TRUE,2.391499347298726,HM,FALSE,TRUE
Oct_22_87_FLM30_stem,TRUE,tree,stem,FLM30,2022-10-18,Oct2022,LGR3,B,original,FALSE,original,FALSE,FALSE,FALSE,NA,11:48:10,11:51:10,TRUE,TRUE,TRUE,TRUE,181,SN:3K60180500001584,SN:3K60180500001584,0.9945000410079956,fieldlog_window,TRUE,results_trees/lgr3_manual_identification_results.csv,results_trees/lgr3_manual_identification_results.csv,1,2022-10-18T11:48:24Z,2022-10-18T11:52:02Z,905,14,NA,4.255369075501763,HM,FALSE,FALSE,1.023797507157412,HM,FALSE,FALSE
Oct_22_88_FLM30_stem,TRUE,tree,stem,FLM30,2022-10-18,Oct2022,LGR3,B,original,FALSE,original,FALSE,FALSE,FALSE,NA,11:58:25,12:21:25,TRUE,TRUE,TRUE,TRUE,1387,SN:3K60180500001584,SN:3K60180500001584,0.994999885559082,fieldlog_window,TRUE,results_trees/lgr3_manual_identification_results.csv,results_trees/lgr3_manual_identification_results.csv,1,2022-10-18T11:59:47Z,2022-10-18T12:03:06Z,906,82,NA,0.07759431295568511,HM,FALSE,TRUE,1.0921071217252467,HM,FALSE,TRUE
Oct_22_90_FLM30_stem,TRUE,tree,stem,FLM30,2022-10-18,Oct2022,LGR3,C,original,FALSE,original,FALSE,FALSE,FALSE,NA,12:24:20,12:27:46,TRUE,TRUE,TRUE,TRUE,207,SN:3K60180500001584,SN:3K60180500001584,0.9950001239776611,fieldlog_window,TRUE,results_trees/lgr3_manual_identification_results.csv,results_trees/lgr3_manual_identification_results.csv,1,2022-10-18T12:24:32Z,2022-10-18T12:27:40Z,906,12,NA,47.30580543446438,HM,FALSE,TRUE,0.7554860680333517,HM,FALSE,FALSE
Oct_22_91_FLM30_stem,TRUE,tree,stem,FLM30,2022-10-18,Oct2022,LGR3,B,original,FALSE,original,FALSE,FALSE,FALSE,NA,12:33:50,12:36:50,TRUE,TRUE,TRUE,TRUE,181,SN:3K60180500001584,SN:3K60180500001584,0.9939999580383301,fieldlog_window,TRUE,results_trees/lgr3_manual_identification_results.csv,results_trees/lgr3_manual_identification_results.csv,1,2022-10-18T12:34:44Z,2022-10-18T12:37:22Z,906,54,NA,0.5742265365230119,HM,FALSE,TRUE,2.4107008019823506,HM,FALSE,TRUE
Oct_22_92_FLM30_stem,TRUE,tree,stem,FLM30,2022-10-18,Oct2022,LGR3,B,original,FALSE,original,FALSE,FALSE,FALSE,NA,12:57:40,13:00:40,TRUE,TRUE,TRUE,TRUE,181,SN:3K60180500001584,SN:3K60180500001584,0.994999885559082,fieldlog_window,TRUE,results_trees/lgr3_manual_identification_results.csv,results_trees/lgr3_manual_identification_results.csv,1,2022-10-18T12:57:44Z,2022-10-18T13:01:02Z,906,4,NA,-0.02662576775674146,HM,FALSE,TRUE,4.420280595473106,LM,FALSE,TRUE
Oct_22_93_FLM30_stem,TRUE,tree,stem,FLM30,2022-10-18,Oct2022,LGR3,B,original,FALSE,original,FALSE,FALSE,FALSE,NA,13:07:10,13:17:30,TRUE,TRUE,TRUE,TRUE,623,SN:3K60180500001584,SN:3K60180500001584,0.9940001964569092,fieldlog_window,TRUE,results_trees/lgr3_manual_identification_results.csv,results_trees/lgr3_manual_identification_results.csv,1,2022-10-18T13:07:39Z,2022-10-18T13:10:47Z,906,29,NA,0.0970969306417761,HM,FALSE,TRUE,2.413512714891028,HM,FALSE,FALSE
Oct_22_94_FLM30_stem,TRUE,tree,stem,FLM30,2022-10-18,Oct2022,LGR3,C,original,FALSE,original,FALSE,FALSE,FALSE,NA,13:17:30,13:20:30,TRUE,TRUE,TRUE,TRUE,181,SN:3K60180500001584,SN:3K60180500001584,0.994999885559082,fieldlog_window,TRUE,results_trees/lgr3_manual_identification_results.csv,results_trees/lgr3_manual_identification_results.csv,1,2022-10-18T13:18:27Z,2022-10-18T13:20:49Z,906,57,NA,0.23113782242228328,HM,FALSE,TRUE,2.259296443055441,HM,FALSE,FALSE
Oct_22_95_FLM30_stem,TRUE,tree,stem,FLM30,2022-10-18,Oct2022,LGR3,C,original,FALSE,original,FALSE,FALSE,FALSE,NA,13:26:34,13:29:50,TRUE,TRUE,TRUE,TRUE,197,SN:3K60180500001584,SN:3K60180500001584,0.9945000410079956,fieldlog_window,TRUE,results_trees/lgr3_manual_identification_results.csv,results_trees/lgr3_manual_identification_results.csv,1,2022-10-18T13:27:14Z,2022-10-18T13:29:33Z,906,40,NA,0.07244149705433903,HM,FALSE,TRUE,2.43434323407643,HM,FALSE,TRUE
Oct_22_96_FLM30_stem,TRUE,tree,stem,FLM30,2022-10-18,Oct2022,LGR3,B,original,FALSE,original,FALSE,FALSE,FALSE,NA,13:37:42,13:41:02,TRUE,TRUE,TRUE,TRUE,201,SN:3K60180500001584,SN:3K60180500001584,0.994999885559082,fieldlog_window,TRUE,results_trees/lgr3_manual_identification_results.csv,results_trees/lgr3_manual_identification_results.csv,1,2022-10-18T13:38:23Z,2022-10-18T13:40:51Z,906,41,NA,-0.16048852373321149,HM,FALSE,TRUE,0.09580437534948125,LM,FALSE,TRUE
Oct_22_97_FLM30_stem,TRUE,tree,stem,FLM30,2022-10-18,Oct2022,LGR3,B,original,FALSE,original,FALSE,FALSE,FALSE,NA,13:49:26,13:53:10,TRUE,TRUE,TRUE,TRUE,225,SN:3K60180500001584,SN:3K60180500001584,0.9945000410079956,fieldlog_window,TRUE,results_trees/lgr3_manual_identification_results.csv,results_trees/lgr3_manual_identification_results.csv,1,2022-10-18T13:50:19Z,2022-10-18T13:52:56Z,905,53,NA,0.5436962151518573,HM,FALSE,TRUE,0.415763007657144,HM,FALSE,FALSE
Oct_22_98_FLM30_stem,TRUE,tree,stem,FLM30,2022-10-18,Oct2022,LGR3,B,original,FALSE,original,FALSE,FALSE,FALSE,NA,14:16:00,14:19:00,TRUE,TRUE,TRUE,TRUE,181,SN:3K60180500001584,SN:3K60180500001584,0.9940001964569092,fieldlog_window,TRUE,results_trees/lgr3_manual_identification_results.csv,results_trees/lgr3_manual_identification_results.csv,1,2022-10-18T14:16:20Z,2022-10-18T14:19:14Z,906,20,NA,0.08883727318758426,LM,FALSE,TRUE,1.9407681992090544,HM,FALSE,FALSE
Oct_22_99_FLM30_root,TRUE,tree,root,FLM30,2022-10-18,Oct2022,LGR3,A,original,FALSE,original,FALSE,FALSE,FALSE,NA,14:27:08,14:30:05,TRUE,TRUE,TRUE,TRUE,178,SN:3K60180500001584,SN:3K60180500001584,0.994999885559082,fieldlog_window,TRUE,results_trees/lgr3_manual_identification_results.csv,results_trees/lgr3_manual_identification_results.csv,1,2022-10-18T14:27:50Z,2022-10-18T14:31:15Z,906,42,NA,0.2665913730830112,HM,FALSE,TRUE,1.5956180040061947,HM,FALSE,TRUE
Oct_22_100_FLM30_root,TRUE,tree,root,FLM30,2022-10-18,Oct2022,LGR3,A,original,FALSE,original,FALSE,FALSE,FALSE,NA,14:33:00,14:36:00,TRUE,TRUE,TRUE,TRUE,181,SN:3K60180500001584,SN:3K60180500001584,0.9939999580383301,fieldlog_window,TRUE,results_trees/lgr3_manual_identification_results.csv,results_trees/lgr3_manual_identification_results.csv,1,2022-10-18T14:29:08Z,2022-10-18T14:31:02Z,906,-232,NA,0.2367438810982782,HM,FALSE,TRUE,1.5475580837433314,HM,FALSE,TRUE
Oct_22_101_FLM30_stem,TRUE,tree,stem,FLM30,2022-10-18,Oct2022,LGR3,B,original,FALSE,original,FALSE,FALSE,FALSE,NA,14:52:10,14:55:10,TRUE,TRUE,TRUE,TRUE,181,SN:3K60180500001584,SN:3K60180500001584,0.9940000772476196,fieldlog_window,TRUE,results_trees/lgr3_manual_identification_results.csv,results_trees/lgr3_manual_identification_results.csv,1,2022-10-18T14:52:20Z,2022-10-18T14:55:22Z,906,10,NA,11.70770068040176,HM,FALSE,FALSE,1.636714164088454,HM,FALSE,FALSE
Oct_22_102_FLM30_stem,TRUE,tree,stem,FLM30,2022-10-18,Oct2022,LGR3,B,original,FALSE,original,FALSE,FALSE,FALSE,NA,15:01:30,15:04:31,TRUE,TRUE,TRUE,TRUE,182,SN:3K60180500001584,SN:3K60180500001584,0.994999885559082,fieldlog_window,TRUE,results_trees/lgr3_manual_identification_results.csv,results_trees/lgr3_manual_identification_results.csv,1,2022-10-18T15:01:35Z,2022-10-18T15:05:14Z,906,5,NA,2.2575448128595466,HM,FALSE,TRUE,1.4537511005308463,HM,FALSE,FALSE
Oct_22_103_FLM30_stem,TRUE,tree,stem,FLM30,2022-10-18,Oct2022,LGR3,B,original,FALSE,original,FALSE,FALSE,FALSE,NA,15:12:15,15:15:15,TRUE,TRUE,TRUE,TRUE,181,SN:3K60180500001584,SN:3K60180500001584,0.994999885559082,fieldlog_window,TRUE,results_trees/lgr3_manual_identification_results.csv,results_trees/lgr3_manual_identification_results.csv,1,2022-10-18T15:12:21Z,2022-10-18T15:16:17Z,906,6,NA,0.19738711477554632,HM,FALSE,TRUE,1.492318286244504,HM,FALSE,FALSE
Oct_22_104_FLM30_stem,TRUE,tree,stem,FLM30,2022-10-18,Oct2022,LGR3,B,original,FALSE,original,FALSE,FALSE,FALSE,NA,15:26:56,15:30:07,TRUE,TRUE,TRUE,TRUE,192,SN:3K60180500001584,SN:3K60180500001584,0.994999885559082,fieldlog_window,TRUE,results_trees/lgr3_manual_identification_results.csv,results_trees/lgr3_manual_identification_results.csv,1,2022-10-18T15:27:07Z,2022-10-18T15:30:03Z,906,11,NA,3.522592985695377,HM,FALSE,TRUE,0.7285961764564152,HM,FALSE,FALSE
Oct_22_105_FLM30_stem,TRUE,tree,stem,FLM30,2022-10-18,Oct2022,LGR3,B,original,FALSE,original,FALSE,FALSE,FALSE,NA,15:36:27,15:49:57,TRUE,TRUE,TRUE,TRUE,814,SN:3K60180500001584,SN:3K60180500001584,0.994999885559082,fieldlog_window,TRUE,results_trees/lgr3_manual_identification_results.csv,results_trees/lgr3_manual_identification_results.csv,1,2022-10-18T15:36:48Z,2022-10-18T15:39:56Z,906,21,NA,0.03548826177681953,LM,FALSE,TRUE,0.8160656150211494,HM,FALSE,TRUE
Oct_22_106_FLM30_stem,TRUE,tree,stem,FLM30,2022-10-18,Oct2022,LGR3,B,original,FALSE,original,FALSE,FALSE,FALSE,NA,15:52:25,15:56:23,TRUE,TRUE,TRUE,TRUE,240,SN:3K60180500001584,SN:3K60180500001584,0.9939999580383301,fieldlog_window,TRUE,results_trees/lgr3_manual_identification_results.csv,results_trees/lgr3_manual_identification_results.csv,1,2022-10-18T15:52:31Z,2022-10-18T15:55:19Z,570,6,NA,-0.6234590842806631,HM,FALSE,TRUE,0.756523982500378,HM,FALSE,FALSE
Oct_22_107_SRS5_stem,TRUE,tree,stem,SRS5,2022-10-19,Oct2022,LGR3,B,original,FALSE,original,FALSE,FALSE,FALSE,NA,13:16:53,13:21:34,TRUE,TRUE,TRUE,TRUE,283,SN:3K60180500001584,SN:3K60180500001584,0.9940001964569092,fieldlog_window,TRUE,results_trees/lgr3_manual_identification_results.csv,results_trees/lgr3_manual_identification_results.csv,1,2022-10-19T13:17:31Z,2022-10-19T13:21:34Z,906,38,NA,0.03846247129412336,LM,FALSE,TRUE,0.3518809351197091,HM,FALSE,FALSE
Oct_22_108_SRS5_stem,TRUE,tree,stem,SRS5,2022-10-19,Oct2022,LGR3,B,original,FALSE,original,FALSE,FALSE,FALSE,NA,13:29:00,13:32:00,TRUE,TRUE,TRUE,TRUE,181,SN:3K60180500001584,SN:3K60180500001584,0.994999885559082,fieldlog_window,TRUE,results_trees/lgr3_manual_identification_results.csv,results_trees/lgr3_manual_identification_results.csv,1,2022-10-19T13:30:03Z,2022-10-19T13:32:13Z,906,63,NA,0.16310324947050966,HM,FALSE,TRUE,0.29492221316684597,HM,FALSE,TRUE
Oct_22_109_SRS5_stem,TRUE,tree,stem,SRS5,2022-10-19,Oct2022,LGR3,B,original,FALSE,original,FALSE,FALSE,FALSE,NA,13:39:35,13:43:12,TRUE,TRUE,TRUE,TRUE,219,SN:3K60180500001584,SN:3K60180500001584,0.994999885559082,fieldlog_window,TRUE,results_trees/lgr3_manual_identification_results.csv,results_trees/lgr3_manual_identification_results.csv,1,2022-10-19T13:40:06Z,2022-10-19T13:43:33Z,906,31,NA,0.03671470137657194,HM,FALSE,TRUE,-7.378233423661792e-4,HM,TRUE,TRUE
Oct_22_110_SRS5_root,TRUE,tree,root,SRS5,2022-10-19,Oct2022,LGR3,A,original,FALSE,original,FALSE,FALSE,FALSE,NA,13:52:30,13:55:30,TRUE,TRUE,TRUE,TRUE,181,SN:3K60180500001584,SN:3K60180500001584,0.994999885559082,fieldlog_window,TRUE,results_trees/lgr3_manual_identification_results.csv,results_trees/lgr3_manual_identification_results.csv,1,2022-10-19T13:52:35Z,2022-10-19T13:55:32Z,906,5,NA,0.3207750388507742,HM,FALSE,TRUE,-0.4958702147010754,HM,FALSE,TRUE
Oct_22_111_SRS5_root,TRUE,tree,root,SRS5,2022-10-19,Oct2022,LGR3,A,original,FALSE,original,FALSE,FALSE,FALSE,NA,14:01:26,14:04:15,TRUE,TRUE,TRUE,TRUE,170,SN:3K60180500001584,SN:3K60180500001584,0.994999885559082,fieldlog_window,TRUE,results_trees/lgr3_manual_identification_results.csv,results_trees/lgr3_manual_identification_results.csv,1,2022-10-19T14:01:45Z,2022-10-19T14:04:40Z,906,19,NA,-0.28859019280329584,LM,FALSE,TRUE,-3.1392285873334025,HM,FALSE,TRUE
Oct_22_112_SRS5_root,TRUE,tree,root,SRS5,2022-10-19,Oct2022,LGR3,A,original,FALSE,original,FALSE,FALSE,FALSE,NA,14:16:01,14:19:01,TRUE,TRUE,TRUE,TRUE,181,SN:3K60180500001584,SN:3K60180500001584,0.994999885559082,fieldlog_window,TRUE,results_trees/lgr3_manual_identification_results.csv,results_trees/lgr3_manual_identification_results.csv,1,2022-10-19T14:16:28Z,2022-10-19T14:19:08Z,906,27,NA,1.046670005038448,HM,FALSE,TRUE,0.4465264018053646,HM,FALSE,TRUE
Oct_22_113_SRS5_stem,TRUE,tree,stem,SRS5,2022-10-19,Oct2022,LGR3,B,original,FALSE,original,FALSE,FALSE,FALSE,NA,14:33:10,14:37:10,TRUE,TRUE,TRUE,TRUE,241,SN:3K60180500001584,SN:3K60180500001584,0.994999885559082,fieldlog_window,TRUE,results_trees/lgr3_manual_identification_results.csv,results_trees/lgr3_manual_identification_results.csv,1,2022-10-19T14:33:23Z,2022-10-19T14:37:03Z,905,13,NA,0.13912352695211205,HM,FALSE,TRUE,0.8573829506721593,HM,FALSE,TRUE
Oct_22_114_SRS5_stem,TRUE,tree,stem,SRS5,2022-10-19,Oct2022,LGR3,B,original,FALSE,original,FALSE,FALSE,FALSE,NA,14:45:58,14:49:00,TRUE,TRUE,TRUE,TRUE,183,SN:3K60180500001584,SN:3K60180500001584,0.994999885559082,fieldlog_window,TRUE,results_trees/lgr3_manual_identification_results.csv,results_trees/lgr3_manual_identification_results.csv,1,2022-10-19T14:46:16Z,2022-10-19T14:48:58Z,905,18,NA,0.11514817649999576,LM,FALSE,TRUE,0.5844825660064318,HM,FALSE,FALSE
Oct_22_115_SRS5_stem,TRUE,tree,stem,SRS5,2022-10-19,Oct2022,LGR3,B,original,FALSE,original,FALSE,FALSE,FALSE,NA,14:55:01,14:58:17,TRUE,TRUE,TRUE,TRUE,197,SN:3K60180500001584,SN:3K60180500001584,0.9945000410079956,fieldlog_window,TRUE,results_trees/lgr3_manual_identification_results.csv,results_trees/lgr3_manual_identification_results.csv,1,2022-10-19T14:55:43Z,2022-10-19T14:58:18Z,814,42,NA,0.06962485737571125,HM,FALSE,TRUE,0.6820044193916137,HM,FALSE,FALSE
Oct_22_150_SRS5_stem,TRUE,tree,stem,SRS5,2022-10-20,Oct2022,LGR3,C,original,FALSE,original,FALSE,FALSE,FALSE,NA,11:57:10,12:00:10,TRUE,TRUE,TRUE,TRUE,181,SN:3K60180500001584,SN:3K60180500001584,0.994999885559082,fieldlog_window,TRUE,results_trees/lgr3_manual_identification_results.csv,results_trees/lgr3_manual_identification_results.csv,1,2022-10-20T11:57:24Z,2022-10-20T12:00:04Z,906,14,NA,0.4218449854916929,HM,FALSE,TRUE,0.32807041228997413,HM,FALSE,TRUE
Oct_22_151_SRS5_stem,TRUE,tree,stem,SRS5,2022-10-20,Oct2022,LGR3,C,original,FALSE,original,FALSE,FALSE,FALSE,NA,12:11:10,12:14:11,TRUE,TRUE,TRUE,TRUE,182,SN:3K60180500001584,SN:3K60180500001584,0.994999885559082,fieldlog_window,TRUE,results_trees/lgr3_manual_identification_results.csv,results_trees/lgr3_manual_identification_results.csv,1,2022-10-20T12:11:13Z,2022-10-20T12:14:07Z,906,3,NA,0.06559855841911184,HM,FALSE,TRUE,0.6211909488902906,HM,FALSE,TRUE
Oct_22_152_SRS5_stem,TRUE,tree,stem,SRS5,2022-10-20,Oct2022,LGR3,B,original,FALSE,original,FALSE,FALSE,FALSE,NA,12:21:40,12:25:40,TRUE,TRUE,TRUE,TRUE,242,SN:3K60180500001584,SN:3K60180500001584,0.994999885559082,fieldlog_window,TRUE,results_trees/lgr3_manual_identification_results.csv,results_trees/lgr3_manual_identification_results.csv,1,2022-10-20T12:21:57Z,2022-10-20T12:25:13Z,906,17,NA,0.08589613401213798,HM,FALSE,TRUE,0.9830255342736866,HM,FALSE,TRUE
Oct_22_153_SRS5_root,TRUE,tree,root,SRS5,2022-10-20,Oct2022,LGR3,A,original,FALSE,original,FALSE,FALSE,FALSE,NA,12:28:40,12:31:40,TRUE,TRUE,TRUE,TRUE,181,SN:3K60180500001584,SN:3K60180500001584,0.9940001964569092,fieldlog_window,TRUE,results_trees/lgr3_manual_identification_results.csv,results_trees/lgr3_manual_identification_results.csv,1,2022-10-20T12:29:01Z,2022-10-20T12:31:30Z,905,21,NA,3.2193979662799563,HM,FALSE,TRUE,1.7785990900617552,HM,FALSE,TRUE
Oct_22_154_SRS5_root,TRUE,tree,root,SRS5,2022-10-20,Oct2022,LGR3,A,original,FALSE,original,FALSE,FALSE,FALSE,NA,12:44:24,12:48:26,TRUE,TRUE,TRUE,TRUE,244,SN:3K60180500001584,SN:3K60180500001584,0.994999885559082,fieldlog_window,TRUE,results_trees/lgr3_manual_identification_results.csv,results_trees/lgr3_manual_identification_results.csv,1,2022-10-20T12:44:51Z,2022-10-20T12:48:13Z,756,27,NA,2.454207351665454,HM,FALSE,TRUE,1.4161252417540555,HM,FALSE,TRUE
Oct_22_155_SRS5_stem,TRUE,tree,stem,SRS5,2022-10-20,Oct2022,LGR3,C,original,FALSE,original,FALSE,FALSE,FALSE,NA,13:04:09,13:08:00,TRUE,TRUE,TRUE,TRUE,232,SN:3K60180500001584,SN:3K60180500001584,0.994999885559082,fieldlog_window,TRUE,results_trees/lgr3_manual_identification_results.csv,results_trees/lgr3_manual_identification_results.csv,1,2022-10-20T13:04:34Z,2022-10-20T13:07:46Z,905,25,NA,0.08734761881079292,HM,FALSE,TRUE,0.8607319908419465,HM,FALSE,TRUE
Oct_22_156_SRS5_stem,TRUE,tree,stem,SRS5,2022-10-20,Oct2022,LGR3,C,original,FALSE,original,FALSE,FALSE,FALSE,NA,13:14:10,13:17:15,TRUE,TRUE,TRUE,TRUE,186,SN:3K60180500001584,SN:3K60180500001584,0.994999885559082,fieldlog_window,TRUE,results_trees/lgr3_manual_identification_results.csv,results_trees/lgr3_manual_identification_results.csv,1,2022-10-20T13:14:11Z,2022-10-20T13:16:50Z,906,1,NA,0.12804455723569985,HM,FALSE,TRUE,0.6916223195930413,HM,FALSE,TRUE
Oct_22_157_SRS5_stem,TRUE,tree,stem,SRS5,2022-10-20,Oct2022,LGR3,B,original,FALSE,original,FALSE,FALSE,FALSE,NA,13:23:50,13:26:50,TRUE,TRUE,TRUE,TRUE,181,SN:3K60180500001584,SN:3K60180500001584,0.9950001239776611,fieldlog_window,TRUE,results_trees/lgr3_manual_identification_results.csv,results_trees/lgr3_manual_identification_results.csv,1,2022-10-20T13:24:23Z,2022-10-20T13:26:47Z,906,33,NA,0.05496421953923384,LM,FALSE,TRUE,0.6532011014061417,HM,FALSE,TRUE
Oct_22_158_SRS5_root,TRUE,tree,root,SRS5,2022-10-20,Oct2022,LGR3,A,original,FALSE,original,FALSE,FALSE,FALSE,NA,13:39:30,13:42:30,TRUE,TRUE,TRUE,TRUE,181,SN:3K60180500001584,SN:3K60180500001584,0.994999885559082,fieldlog_window,TRUE,results_trees/lgr3_manual_identification_results.csv,results_trees/lgr3_manual_identification_results.csv,1,2022-10-20T13:39:37Z,2022-10-20T13:42:30Z,906,7,NA,0.23295499839212552,HM,FALSE,TRUE,1.068841113419451,HM,FALSE,TRUE
Oct_22_159_SRS5_root,TRUE,tree,root,SRS5,2022-10-20,Oct2022,LGR3,A,original,FALSE,original,FALSE,FALSE,FALSE,NA,13:49:30,13:52:30,TRUE,TRUE,TRUE,TRUE,181,SN:3K60180500001584,SN:3K60180500001584,0.9950000047683716,fieldlog_window,TRUE,results_trees/lgr3_manual_identification_results.csv,results_trees/lgr3_manual_identification_results.csv,1,2022-10-20T13:49:57Z,2022-10-20T13:53:40Z,906,27,NA,-0.16803653540677974,HM,FALSE,TRUE,-4.221053647959216,HM,FALSE,TRUE
Oct_22_143_SRS5_stem,TRUE,tree,stem,SRS5,2022-10-20,Oct2022,LGR3,B,original,FALSE,original,FALSE,FALSE,FALSE,NA,14:02:30,14:05:30,TRUE,TRUE,TRUE,TRUE,181,SN:3K60180500001584,SN:3K60180500001584,0.994999885559082,fieldlog_window,TRUE,results_trees/lgr3_manual_identification_results.csv,results_trees/lgr3_manual_identification_results.csv,1,2022-10-20T14:03:12Z,2022-10-20T14:05:37Z,906,42,NA,0.1044463293450056,LM,FALSE,TRUE,-0.18491147464312105,HM,FALSE,TRUE
Oct_22_144_SRS5_stem,TRUE,tree,stem,SRS5,2022-10-20,Oct2022,LGR3,B,original,FALSE,original,FALSE,FALSE,FALSE,NA,14:16:00,14:19:00,TRUE,TRUE,TRUE,TRUE,181,SN:3K60180500001584,SN:3K60180500001584,0.994999885559082,fieldlog_window,TRUE,results_trees/lgr3_manual_identification_results.csv,results_trees/lgr3_manual_identification_results.csv,1,2022-10-20T14:16:16Z,2022-10-20T14:19:52Z,906,16,NA,0.07268143267952566,HM,FALSE,TRUE,0.8506867170211959,HM,FALSE,FALSE
Oct_22_145_SRS5_stem,TRUE,tree,stem,SRS5,2022-10-20,Oct2022,LGR3,B,original,FALSE,original,FALSE,FALSE,FALSE,NA,14:24:07,14:27:07,TRUE,TRUE,TRUE,TRUE,181,SN:3K60180500001584,SN:3K60180500001584,0.994999885559082,fieldlog_window,TRUE,results_trees/lgr3_manual_identification_results.csv,results_trees/lgr3_manual_identification_results.csv,1,2022-10-20T14:25:02Z,2022-10-20T14:27:42Z,906,55,NA,0.0928147206273925,LM,FALSE,TRUE,1.1143264729695634,HM,FALSE,FALSE
Oct_22_146_SRS5_root,TRUE,tree,root,SRS5,2022-10-20,Oct2022,LGR3,A,original,FALSE,original,FALSE,FALSE,FALSE,NA,14:30:24,14:34:00,TRUE,TRUE,TRUE,TRUE,217,SN:3K60180500001584,SN:3K60180500001584,0.994999885559082,fieldlog_window,TRUE,results_trees/lgr3_manual_identification_results.csv,results_trees/lgr3_manual_identification_results.csv,1,2022-10-20T14:30:52Z,2022-10-20T14:34:10Z,790,28,NA,0.36233425014739895,HM,FALSE,TRUE,0.9369281830860576,HM,FALSE,TRUE
Oct_22_147_SRS5_stem,TRUE,tree,stem,SRS5,2022-10-20,Oct2022,LGR3,C,original,FALSE,original,FALSE,FALSE,FALSE,NA,14:51:00,14:54:56,TRUE,TRUE,TRUE,TRUE,237,SN:3K60180500001584,SN:3K60180500001584,0.994999885559082,fieldlog_window,TRUE,results_trees/lgr3_manual_identification_results.csv,results_trees/lgr3_manual_identification_results.csv,1,2022-10-20T14:51:11Z,2022-10-20T14:54:40Z,906,11,NA,0.05381589882657348,HM,FALSE,TRUE,0.6961239771851576,HM,FALSE,FALSE
Oct_22_148_SRS5_stem,TRUE,tree,stem,SRS5,2022-10-20,Oct2022,LGR3,B,original,FALSE,original,FALSE,FALSE,FALSE,NA,14:57:55,15:01:26,TRUE,TRUE,TRUE,TRUE,212,SN:3K60180500001584,SN:3K60180500001584,0.9940001964569092,fieldlog_window,TRUE,results_trees/lgr3_manual_identification_results.csv,results_trees/lgr3_manual_identification_results.csv,1,2022-10-20T14:57:56Z,2022-10-20T15:01:34Z,906,1,NA,0.15845409275458652,HM,FALSE,TRUE,1.051974072025884,HM,FALSE,FALSE
Oct_22_149_SRS5_stem,TRUE,tree,stem,SRS5,2022-10-20,Oct2022,LGR3,B,original,FALSE,original,FALSE,FALSE,FALSE,NA,15:08:08,15:12:00,TRUE,TRUE,TRUE,TRUE,233,SN:3K60180500001584,SN:3K60180500001584,0.994999885559082,fieldlog_window,TRUE,results_trees/lgr3_manual_identification_results.csv,results_trees/lgr3_manual_identification_results.csv,1,2022-10-20T15:08:19Z,2022-10-20T15:11:50Z,906,11,NA,0.11383086115041534,HM,FALSE,TRUE,2.426821906603774,LM,FALSE,TRUE
Oct_22_160_SRS5_stem,TRUE,tree,stem,SRS5,2022-10-20,Oct2022,LGR3,C,original,FALSE,original,FALSE,FALSE,FALSE,NA,15:25:46,15:29:39,TRUE,TRUE,TRUE,TRUE,235,SN:3K60180500001584,SN:3K60180500001584,0.994999885559082,fieldlog_window,TRUE,results_trees/lgr3_manual_identification_results.csv,results_trees/lgr3_manual_identification_results.csv,1,2022-10-20T15:26:31Z,2022-10-20T15:29:36Z,906,45,NA,0.0664651879876439,LM,FALSE,TRUE,0.5758314335379461,HM,FALSE,FALSE
Oct_22_161_SRS5_stem,TRUE,tree,stem,SRS5,2022-10-20,Oct2022,LGR3,B,original,FALSE,original,FALSE,FALSE,FALSE,NA,15:41:48,15:44:48,TRUE,TRUE,TRUE,TRUE,181,SN:3K60180500001584,SN:3K60180500001584,0.9945000410079956,fieldlog_window,TRUE,results_trees/lgr3_manual_identification_results.csv,results_trees/lgr3_manual_identification_results.csv,1,2022-10-20T15:42:08Z,2022-10-20T15:44:44Z,906,20,NA,0.03617777512310518,HM,FALSE,TRUE,0.38325462275858097,HM,FALSE,FALSE
Oct_22_162_SRS5_stem,TRUE,tree,stem,SRS5,2022-10-20,Oct2022,LGR3,B,original,FALSE,original,FALSE,FALSE,FALSE,NA,15:49:53,15:53:13,TRUE,TRUE,TRUE,TRUE,201,SN:3K60180500001584,SN:3K60180500001584,0.9945000410079956,fieldlog_window,TRUE,results_trees/lgr3_manual_identification_results.csv,results_trees/lgr3_manual_identification_results.csv,1,2022-10-20T15:50:25Z,2022-10-20T15:53:20Z,906,32,NA,0.13319299491275963,HM,FALSE,TRUE,0.7934906405721234,HM,FALSE,TRUE
Oct_22_163_SRS5_root,TRUE,tree,root,SRS5,2022-10-20,Oct2022,LGR3,A,original,FALSE,original,FALSE,FALSE,FALSE,NA,15:57:17,16:00:50,TRUE,TRUE,TRUE,TRUE,215,SN:3K60180500001584,SN:3K60180500001584,0.9950001239776611,fieldlog_window,TRUE,results_trees/lgr3_manual_identification_results.csv,results_trees/lgr3_manual_identification_results.csv,1,2022-10-20T15:57:14Z,2022-10-20T15:58:34Z,906,-3,NA,0.94489754761217,HM,FALSE,TRUE,1.6340632274780424,HM,FALSE,TRUE
Oct_22_164_SRS5_CWD,TRUE,tree,cwd,SRS5,2022-10-20,Oct2022,LGR3,A,original,FALSE,original,FALSE,FALSE,FALSE,NA,16:05:05,16:08:05,TRUE,TRUE,TRUE,TRUE,181,SN:3K60180500001584,SN:3K60180500001584,0.9945000410079956,fieldlog_window,TRUE,results_trees/lgr3_manual_identification_results.csv,results_trees/lgr3_manual_identification_results.csv,1,2022-10-20T16:05:22Z,2022-10-20T16:07:24Z,506,17,NA,0.7112924050712912,HM,FALSE,TRUE,5.165763922651682,HM,FALSE,TRUE
Oct_22_165_SRS5_stem,TRUE,tree,stem,SRS5,2022-10-21,Oct2022,LGR3,B,original,FALSE,original,FALSE,FALSE,FALSE,NA,11:22:49,11:27:09,TRUE,TRUE,TRUE,FALSE,0,NA,NA,0.9945000410079956,analyzer_day,FALSE,NA,NA,NA,NA,NA,NA,NA,NA,NA,NA,FALSE,FALSE,NA,NA,FALSE,FALSE
Oct_22_166_SRS5_stem,TRUE,tree,stem,SRS5,2022-10-21,Oct2022,LGR3,B,original,FALSE,original,FALSE,FALSE,FALSE,NA,11:33:05,11:37:37,TRUE,TRUE,TRUE,FALSE,0,NA,NA,0.9945000410079956,analyzer_day,FALSE,NA,NA,NA,NA,NA,NA,NA,NA,NA,NA,FALSE,FALSE,NA,NA,FALSE,FALSE
Oct_22_167_SRS5_stem,TRUE,tree,stem,SRS5,2022-10-21,Oct2022,LGR3,B,original,FALSE,original,FALSE,FALSE,FALSE,NA,11:44:55,11:48:00,TRUE,TRUE,TRUE,FALSE,0,NA,NA,0.9945000410079956,analyzer_day,FALSE,NA,NA,NA,NA,NA,NA,NA,NA,NA,NA,FALSE,FALSE,NA,NA,FALSE,FALSE
Oct_22_168_SRS5_root,TRUE,tree,root,SRS5,2022-10-21,Oct2022,LGR3,A,original,FALSE,original,FALSE,FALSE,FALSE,NA,11:52:53,11:56:34,TRUE,TRUE,TRUE,FALSE,0,NA,NA,0.9945000410079956,analyzer_day,FALSE,NA,NA,NA,NA,NA,NA,NA,NA,NA,NA,FALSE,FALSE,NA,NA,FALSE,FALSE
Oct_22_169_SRS5_root,TRUE,tree,root,SRS5,2022-10-21,Oct2022,LGR3,A,original,FALSE,original,FALSE,FALSE,FALSE,NA,11:59:16,12:02:22,TRUE,TRUE,TRUE,FALSE,0,NA,NA,0.9945000410079956,analyzer_day,FALSE,NA,NA,NA,NA,NA,NA,NA,NA,NA,NA,FALSE,FALSE,NA,NA,FALSE,FALSE
Oct_22_170_SRS5_stem,TRUE,tree,stem,SRS5,2022-10-21,Oct2022,LGR3,C,original,FALSE,original,FALSE,FALSE,FALSE,NA,12:16:19,12:19:31,TRUE,TRUE,TRUE,FALSE,0,NA,NA,0.9945000410079956,analyzer_day,FALSE,NA,NA,NA,NA,NA,NA,NA,NA,NA,NA,FALSE,FALSE,NA,NA,FALSE,FALSE
Oct_22_171_SRS5_stem,TRUE,tree,stem,SRS5,2022-10-21,Oct2022,LGR3,D,original,FALSE,original,FALSE,FALSE,FALSE,NA,12:33:55,12:36:55,TRUE,TRUE,TRUE,FALSE,0,NA,NA,0.9945000410079956,analyzer_day,FALSE,NA,NA,NA,NA,NA,NA,NA,NA,NA,NA,FALSE,FALSE,NA,NA,FALSE,FALSE
Oct_22_172_SRS5_stem,TRUE,tree,stem,SRS5,2022-10-21,Oct2022,LGR3,C,original,FALSE,original,FALSE,FALSE,FALSE,NA,12:45:04,12:48:16,TRUE,TRUE,TRUE,FALSE,0,NA,NA,0.9945000410079956,analyzer_day,FALSE,NA,NA,NA,NA,NA,NA,NA,NA,NA,NA,FALSE,FALSE,NA,NA,FALSE,FALSE
Oct_22_173_SRS5_stem,TRUE,tree,stem,SRS5,2022-10-21,Oct2022,LGR3,C,original,FALSE,original,FALSE,FALSE,FALSE,NA,12:56:32,12:59:40,TRUE,TRUE,TRUE,FALSE,0,NA,NA,0.9945000410079956,analyzer_day,FALSE,NA,NA,NA,NA,NA,NA,NA,NA,NA,NA,FALSE,FALSE,NA,NA,FALSE,FALSE
Oct_22_174_SRS5_root,TRUE,tree,root,SRS5,2022-10-21,Oct2022,LGR3,A,original,FALSE,original,FALSE,FALSE,FALSE,NA,13:05:05,13:08:20,TRUE,TRUE,TRUE,FALSE,0,NA,NA,0.9945000410079956,analyzer_day,FALSE,NA,NA,NA,NA,NA,NA,NA,NA,NA,NA,FALSE,FALSE,NA,NA,FALSE,FALSE
44855_SRS6_Soil_65,TRUE,surface,soil,SRS6,2022-10-21,Oct2022,LGR3,3 ft soil,original,FALSE,original,FALSE,FALSE,FALSE,Tree same-day,15:01:30,15:08:00,TRUE,TRUE,TRUE,TRUE,392,SN:3K60180500001584,SN:3K60180500001584,0.9940001964569092,fieldlog_window,TRUE,results_surface/lgr3_manual_identification_results_soil.csv,results_surface/lgr3_manual_identification_results_soil.csv;results_surface/lgr3_manual_identification_results_updated.csv,2,2022-10-21T15:01:30Z,2022-10-21T15:10:18Z,760,0,NA,2.0832998355159766,HM,FALSE,TRUE,1.6378550920858022,HM,FALSE,TRUE
44855_SRS6_Soil_66,TRUE,surface,soil,SRS6,2022-10-21,Oct2022,LGR3,3 ft soil,original,FALSE,original,FALSE,FALSE,FALSE,Tree same-day,15:14:30,15:17:30,TRUE,TRUE,TRUE,TRUE,181,SN:3K60180500001584,SN:3K60180500001584,0.9940001964569092,fieldlog_window,TRUE,results_surface/lgr3_manual_identification_results_soil.csv,results_surface/lgr3_manual_identification_results_soil.csv;results_surface/lgr3_manual_identification_results_updated.csv,2,2022-10-21T15:14:07Z,2022-10-21T15:18:37Z,906,-23,NA,2.195413575607106,LM,FALSE,TRUE,1.9652315721743991,HM,FALSE,TRUE
44855_SRS6_Soil_67,TRUE,surface,soil,SRS6,2022-10-21,Oct2022,LGR3,3 ft soil,original,FALSE,original,FALSE,FALSE,FALSE,Tree same-day,15:23:00,15:26:00,TRUE,TRUE,TRUE,TRUE,181,SN:3K60180500001584,SN:3K60180500001584,0.994999885559082,fieldlog_window,TRUE,results_surface/lgr3_manual_identification_results_soil.csv,results_surface/lgr3_manual_identification_results_soil.csv;results_surface/lgr3_manual_identification_results_updated.csv,2,2022-10-21T15:23:03Z,2022-10-21T15:26:19Z,905,3,NA,23.170939008745886,HM,FALSE,TRUE,3.3624499504557255,HM,FALSE,TRUE
44855_SRS6_Soil_68,TRUE,surface,soil,SRS6,2022-10-21,Oct2022,LGR3,3 ft soil,original,FALSE,original,FALSE,FALSE,FALSE,Tree same-day,15:30:30,15:32:30,TRUE,TRUE,TRUE,TRUE,121,SN:3K60180500001584,SN:3K60180500001584,0.994999885559082,fieldlog_window,TRUE,results_surface/lgr3_manual_identification_results_soil.csv,results_surface/lgr3_manual_identification_results_soil.csv;results_surface/lgr3_manual_identification_results_updated.csv,2,2022-10-21T15:30:26Z,2022-10-21T15:33:02Z,906,-4,NA,28.928323214171485,HM,FALSE,TRUE,5.089968993369029,HM,FALSE,TRUE
44855_SRS6_Soil_69,TRUE,surface,soil,SRS6,2022-10-21,Oct2022,LGR3,3 ft soil,original,FALSE,original,FALSE,FALSE,FALSE,Tree same-day,15:38:00,15:40:00,TRUE,TRUE,TRUE,TRUE,121,SN:3K60180500001584,SN:3K60180500001584,0.994499921798706,fieldlog_window,TRUE,results_surface/lgr3_manual_identification_results_soil.csv,results_surface/lgr3_manual_identification_results_soil.csv;results_surface/lgr3_manual_identification_results_updated.csv,2,2022-10-21T15:37:48Z,2022-10-21T15:40:51Z,906,-12,NA,13.21736270173716,HM,FALSE,TRUE,3.262823004521549,HM,FALSE,TRUE
44855_SRS6_Soil_70,TRUE,surface,soil,SRS6,2022-10-21,Oct2022,LGR3,3 ft soil,original,FALSE,original,FALSE,FALSE,FALSE,Tree same-day,15:45:30,15:47:30,TRUE,TRUE,TRUE,TRUE,120,SN:3K60180500001584,SN:3K60180500001584,0.9940001964569092,fieldlog_window,TRUE,results_surface/lgr3_manual_identification_results_soil.csv,results_surface/lgr3_manual_identification_results_soil.csv;results_surface/lgr3_manual_identification_results_updated.csv,2,2022-10-21T15:44:35Z,2022-10-21T15:47:51Z,906,-55,NA,24.930116084892607,HM,FALSE,TRUE,3.78929442103741,HM,FALSE,TRUE
44855_SRS6_Soil_71,TRUE,surface,soil,SRS6,2022-10-21,Oct2022,LGR3,3 ft soil,original,FALSE,original,FALSE,FALSE,FALSE,Tree same-day,15:52:30,15:54:30,TRUE,TRUE,TRUE,TRUE,121,SN:3K60180500001584,SN:3K60180500001584,0.9940000772476196,fieldlog_window,TRUE,results_surface/lgr3_manual_identification_results_soil.csv,results_surface/lgr3_manual_identification_results_soil.csv;results_surface/lgr3_manual_identification_results_updated.csv,2,2022-10-21T15:52:29Z,2022-10-21T15:55:04Z,906,-1,NA,13.579270332105825,HM,FALSE,TRUE,9.023362672188965,HM,FALSE,TRUE
44855_SRS6_Soil_72,TRUE,surface,soil,SRS6,2022-10-21,Oct2022,LGR3,3 ft soil,original,FALSE,original,FALSE,FALSE,FALSE,Tree same-day,16:00:00,16:02:00,TRUE,TRUE,TRUE,TRUE,120,SN:3K60180500001584,SN:3K60180500001584,0.994999885559082,fieldlog_window,TRUE,results_surface/lgr3_manual_identification_results_soil.csv,results_surface/lgr3_manual_identification_results_soil.csv;results_surface/lgr3_manual_identification_results_updated.csv,2,2022-10-21T16:00:01Z,2022-10-21T16:02:40Z,906,1,NA,2.5723836746486146,HM,FALSE,TRUE,1.2192584885989628,HM,FALSE,TRUE
44855_SRS6_Soil_73,TRUE,surface,soil,SRS6,2022-10-21,Oct2022,LGR3,3 ft soil,original,FALSE,original,FALSE,FALSE,FALSE,Tree same-day,16:08:45,16:11:45,TRUE,TRUE,TRUE,TRUE,181,SN:3K60180500001584,SN:3K60180500001584,0.9945000410079956,fieldlog_window,TRUE,results_surface/lgr3_manual_identification_results_soil.csv,results_surface/lgr3_manual_identification_results_soil.csv;results_surface/lgr3_manual_identification_results_updated.csv,2,2022-10-21T16:08:47Z,2022-10-21T16:12:17Z,871,2,NA,11.945667893522828,HM,FALSE,TRUE,2.2050159689587803,HM,FALSE,TRUE
44855_SRS6_Soil_74,TRUE,surface,soil,SRS6,2022-10-21,Oct2022,LGR3,3 ft soil,original,FALSE,original,FALSE,FALSE,FALSE,Tree same-day,16:15:45,16:17:45,TRUE,TRUE,TRUE,TRUE,120,SN:3K60180500001584,SN:3K60180500001584,0.994999885559082,fieldlog_window,TRUE,results_surface/lgr3_manual_identification_results_soil.csv,results_surface/lgr3_manual_identification_results_soil.csv;results_surface/lgr3_manual_identification_results_updated.csv,2,2022-10-21T16:15:45Z,2022-10-21T16:18:04Z,448,0,NA,2.6658270257116996,HM,FALSE,TRUE,1.6707440292981426,HM,FALSE,TRUE
44855_SRS6_Soil_75,TRUE,surface,soil,SRS6,2022-10-21,Oct2022,LGR3,3 ft soil,original,FALSE,original,FALSE,FALSE,FALSE,Failed datetime,NA,NA,FALSE,FALSE,TRUE,FALSE,NA,NA,NA,0.9945000410079956,analyzer_day,FALSE,NA,NA,NA,NA,NA,NA,NA,NA,NA,NA,FALSE,FALSE,NA,NA,FALSE,FALSE
Oct_22_189_CP40_stem,TRUE,tree,stem,CP40,2022-10-23,Oct2022,LGR3,B,original,FALSE,original,FALSE,FALSE,FALSE,NA,11:22:58,11:39:20,TRUE,TRUE,TRUE,TRUE,988,SN:3K60180500001584,SN:3K60180500001584,0.994999885559082,fieldlog_window,TRUE,results_trees/lgr3_manual_identification_results.csv,results_trees/lgr3_manual_identification_results.csv,1,2022-10-23T11:23:13Z,2022-10-23T11:28:00Z,906,15,NA,-0.7121762890327469,HM,FALSE,TRUE,0.18244992081433103,HM,FALSE,TRUE
Oct_22_190_CP40_stem,TRUE,tree,stem,CP40,2022-10-23,Oct2022,LGR3,B,original,FALSE,original,FALSE,FALSE,FALSE,NA,12:19:00,12:24:00,TRUE,TRUE,TRUE,TRUE,302,SN:3K60180500001584,SN:3K60180500001584,0.994999885559082,fieldlog_window,TRUE,results_trees/lgr3_manual_identification_results.csv,results_trees/lgr3_manual_identification_results.csv,1,2022-10-23T12:19:02Z,2022-10-23T12:23:27Z,906,2,NA,0.11154419894366951,LM,FALSE,TRUE,0.11524276832851096,LM,FALSE,TRUE
Oct_22_191_CP40_stem,TRUE,tree,stem,CP40,2022-10-23,Oct2022,LGR3,A,original,FALSE,original,FALSE,FALSE,FALSE,NA,12:40:46,12:45:00,TRUE,TRUE,TRUE,TRUE,256,SN:3K60180500001584,SN:3K60180500001584,0.9950001239776611,fieldlog_window,TRUE,results_trees/lgr3_manual_identification_results.csv,results_trees/lgr3_manual_identification_results.csv,1,2022-10-23T12:40:49Z,2022-10-23T12:42:45Z,1032,3,NA,0.05099938867203379,LM,TRUE,TRUE,0.9247336874997492,HM,FALSE,TRUE
Oct_22_192_CP40_stem,TRUE,tree,stem,CP40,2022-10-23,Oct2022,LGR3,D,original,FALSE,original,FALSE,FALSE,FALSE,NA,13:20:00,13:30:00,TRUE,TRUE,TRUE,TRUE,603,SN:3K60180500001584,SN:3K60180500001584,0.994999885559082,fieldlog_window,TRUE,results_trees/lgr3_manual_identification_results.csv,results_trees/lgr3_manual_identification_results.csv,1,2022-10-23T13:17:53Z,2022-10-23T13:20:17Z,906,-127,NA,60.94404222532494,LM,FALSE,TRUE,7.423950865378739,LM,FALSE,TRUE
Oct_22_193_CP40_stem,TRUE,tree,stem,CP40,2022-10-23,Oct2022,LGR3,D,original,FALSE,original,FALSE,FALSE,FALSE,NA,13:42:40,13:48:30,TRUE,TRUE,TRUE,TRUE,352,SN:3K60180500001584,SN:3K60180500001584,0.994999885559082,fieldlog_window,TRUE,results_trees/lgr3_manual_identification_results.csv,results_trees/lgr3_manual_identification_results.csv,1,2022-10-23T13:40:48Z,2022-10-23T13:47:48Z,906,-112,NA,1.1595448424279,HM,FALSE,FALSE,1.2923737386026182,HM,FALSE,FALSE
Oct_22_194_CP40_stem,TRUE,tree,stem,CP40,2022-10-23,Oct2022,LGR3,C,original,FALSE,original,FALSE,FALSE,FALSE,NA,14:04:00,14:09:00,TRUE,TRUE,TRUE,TRUE,302,SN:3K60180500001584,SN:3K60180500001584,0.9950001239776611,fieldlog_window,TRUE,results_trees/lgr3_manual_identification_results.csv,results_trees/lgr3_manual_identification_results.csv,1,2022-10-23T14:04:04Z,2022-10-23T14:09:10Z,906,4,NA,0.19653454338793863,HM,FALSE,TRUE,1.342035337385861,LM,FALSE,TRUE
Oct_22_195_CP40_stem,TRUE,tree,stem,CP40,2022-10-23,Oct2022,LGR3,D,original,FALSE,original,FALSE,FALSE,FALSE,NA,14:35:00,14:42:00,TRUE,TRUE,TRUE,TRUE,422,SN:3K60180500001584,SN:3K60180500001584,0.9940001964569092,fieldlog_window,TRUE,results_trees/lgr3_manual_identification_results.csv,results_trees/lgr3_manual_identification_results.csv,1,2022-10-23T14:32:45Z,2022-10-23T14:38:29Z,906,-135,NA,24.466082964438513,LM,FALSE,TRUE,2.6534616695600897,HM,FALSE,FALSE
Oct_22_196_CP40_stem,TRUE,tree,stem,CP40,2022-10-23,Oct2022,LGR3,D,original,FALSE,original,FALSE,FALSE,FALSE,NA,15:06:30,15:11:30,TRUE,TRUE,TRUE,TRUE,302,SN:3K60180500001584,SN:3K60180500001584,0.9940001964569092,fieldlog_window,TRUE,results_trees/lgr3_manual_identification_results.csv,results_trees/lgr3_manual_identification_results.csv,1,2022-10-23T15:06:21Z,2022-10-23T15:13:05Z,906,-9,NA,4.593060818001227,HM,FALSE,FALSE,2.6070450198812907,HM,FALSE,FALSE
Oct_22_197_CP40_stem,TRUE,tree,stem,CP40,2022-10-23,Oct2022,LGR3,D,original,FALSE,original,FALSE,FALSE,FALSE,NA,15:26:00,15:29:30,TRUE,TRUE,TRUE,TRUE,211,SN:3K60180500001584,SN:3K60180500001584,0.9945000410079956,fieldlog_window,TRUE,results_trees/lgr3_manual_identification_results.csv,results_trees/lgr3_manual_identification_results.csv,1,2022-10-23T15:26:11Z,2022-10-23T15:29:29Z,905,11,NA,0.8638815951233779,HM,FALSE,TRUE,3.504472108656446,HM,FALSE,FALSE
Oct_22_198_CP40_stem,TRUE,tree,stem,CP40,2022-10-23,Oct2022,LGR3,D,original,FALSE,original,FALSE,FALSE,FALSE,NA,15:41:13,15:44:40,TRUE,TRUE,TRUE,TRUE,208,SN:3K60180500001584,SN:3K60180500001584,0.994999885559082,fieldlog_window,TRUE,results_trees/lgr3_manual_identification_results.csv,results_trees/lgr3_manual_identification_results.csv,1,2022-10-23T15:40:00Z,2022-10-23T15:41:04Z,1488,-73,NA,15.232941344737249,HM,FALSE,TRUE,1.1850249221373097,HM,FALSE,TRUE
Oct_22_199_CP40_stem,FALSE,tree,stem,CP40,2022-10-23,Oct2022,LGR3,D,artifact_removed,FALSE,NA,FALSE,FALSE,FALSE,NA,15:53:41,15:56:45,TRUE,TRUE,TRUE,TRUE,185,SN:3K60180500001584,SN:3K60180500001584,0.994999885559082,fieldlog_window,TRUE,results_trees/lgr3_manual_identification_results.csv,results_trees/lgr3_manual_identification_results.csv,1,2022-10-23T15:53:21Z,2022-10-23T15:54:46Z,1812,-20,NA,NA,NA,NA,NA,NA,NA,NA,NA
Oct_22_200_CP40_stem,TRUE,tree,stem,CP40,2022-10-23,Oct2022,LGR3,C,original,FALSE,original,FALSE,FALSE,FALSE,NA,16:06:06,16:09:10,TRUE,TRUE,TRUE,TRUE,185,SN:3K60180500001584,SN:3K60180500001584,0.994999885559082,fieldlog_window,TRUE,results_trees/lgr3_manual_identification_results.csv,results_trees/lgr3_manual_identification_results.csv,1,2022-10-23T16:06:07Z,2022-10-23T16:07:25Z,1429,1,NA,0.22482825056021685,HM,FALSE,TRUE,4.236578653055022,HM,FALSE,TRUE
Oct_22_216_CP40_stem,TRUE,tree,stem,CP40,2022-10-24,Oct2022,LGR3,C,original,FALSE,original,FALSE,FALSE,FALSE,NA,10:37:00,10:40:00,TRUE,TRUE,TRUE,TRUE,181,SN:3K60180500001584,SN:3K60180500001584,0.9939999580383301,fieldlog_window,TRUE,results_trees/lgr3_manual_identification_results.csv,results_trees/lgr3_manual_identification_results.csv,1,2022-10-24T10:34:59Z,2022-10-24T10:37:59Z,906,-121,NA,47.46913122024596,HM,FALSE,TRUE,1.105212762644213,HM,FALSE,FALSE
Oct_22_217_CP40_stem,TRUE,tree,stem,CP40,2022-10-24,Oct2022,LGR3,C,original,FALSE,original,FALSE,FALSE,FALSE,NA,11:01:00,11:04:00,TRUE,TRUE,TRUE,TRUE,181,SN:3K60180500001584,SN:3K60180500001584,0.994999885559082,fieldlog_window,TRUE,results_trees/lgr3_manual_identification_results.csv,results_trees/lgr3_manual_identification_results.csv,1,2022-10-24T11:00:41Z,2022-10-24T11:04:45Z,905,-19,NA,3.1593991480082577,HM,FALSE,FALSE,1.91004189602148,HM,FALSE,FALSE
Oct_22_218_CP40_stem,TRUE,tree,stem,CP40,2022-10-24,Oct2022,LGR3,C,original,FALSE,original,FALSE,FALSE,FALSE,NA,11:16:30,11:19:30,TRUE,TRUE,TRUE,TRUE,181,SN:3K60180500001584,SN:3K60180500001584,0.9939999580383301,fieldlog_window,TRUE,results_trees/lgr3_manual_identification_results.csv,results_trees/lgr3_manual_identification_results.csv,1,2022-10-24T11:16:15Z,2022-10-24T11:21:14Z,905,-15,NA,0.7314927806113541,HM,FALSE,TRUE,1.2535268034171585,HM,FALSE,FALSE
Oct_22_219_CP40_stem,TRUE,tree,stem,CP40,2022-10-24,Oct2022,LGR3,C,original,FALSE,original,FALSE,FALSE,FALSE,NA,11:50:00,11:53:00,TRUE,TRUE,TRUE,TRUE,181,SN:3K60180500001584,SN:3K60180500001584,0.994999885559082,fieldlog_window,TRUE,results_trees/lgr3_manual_identification_results.csv,results_trees/lgr3_manual_identification_results.csv,1,2022-10-24T11:50:03Z,2022-10-24T11:54:01Z,906,3,NA,17.92671576258468,HM,FALSE,FALSE,2.789137080612019,HM,FALSE,FALSE
Oct_22_220_CP40_stem,TRUE,tree,stem,CP40,2022-10-24,Oct2022,LGR3,C,original,FALSE,original,FALSE,FALSE,FALSE,NA,11:58:30,12:01:30,TRUE,TRUE,TRUE,TRUE,181,SN:3K60180500001584,SN:3K60180500001584,0.994999885559082,fieldlog_window,TRUE,results_trees/lgr3_manual_identification_results.csv,results_trees/lgr3_manual_identification_results.csv,1,2022-10-24T11:58:23Z,2022-10-24T12:01:00Z,906,-7,NA,1.7102449597622351,HM,FALSE,TRUE,2.7551860976625275,HM,FALSE,TRUE
Oct_22_221_CP40_stem,TRUE,tree,stem,CP40,2022-10-24,Oct2022,LGR3,C,original,FALSE,original,FALSE,FALSE,FALSE,NA,12:08:00,12:11:00,TRUE,TRUE,TRUE,TRUE,181,SN:3K60180500001584,SN:3K60180500001584,0.994999885559082,fieldlog_window,TRUE,results_trees/lgr3_manual_identification_results.csv,results_trees/lgr3_manual_identification_results.csv,1,2022-10-24T12:07:55Z,2022-10-24T12:12:22Z,906,-5,NA,0.05867445915108013,LM,FALSE,TRUE,4.316677973065694,HM,FALSE,TRUE
Oct_22_222_CP40_stem,TRUE,tree,stem,CP40,2022-10-24,Oct2022,LGR3,D,original,FALSE,original,FALSE,FALSE,FALSE,NA,12:36:00,12:39:00,TRUE,TRUE,TRUE,TRUE,181,SN:3K60180500001584,SN:3K60180500001584,0.994999885559082,fieldlog_window,TRUE,results_trees/lgr3_manual_identification_results.csv,results_trees/lgr3_manual_identification_results.csv,1,2022-10-24T12:36:00Z,2022-10-24T12:38:23Z,906,0,NA,2.5691469686958266,HM,FALSE,FALSE,5.783570551302465,HM,FALSE,FALSE
Oct_22_223_CP40_stem,TRUE,tree,stem,CP40,2022-10-24,Oct2022,LGR3,D,original,FALSE,original,FALSE,FALSE,FALSE,NA,12:50:00,12:53:00,TRUE,TRUE,TRUE,TRUE,181,SN:3K60180500001584,SN:3K60180500001584,0.9939999580383301,fieldlog_window,TRUE,results_trees/lgr3_manual_identification_results.csv,results_trees/lgr3_manual_identification_results.csv,1,2022-10-24T12:50:19Z,2022-10-24T12:54:16Z,905,19,NA,0.9181390823852024,HM,FALSE,FALSE,4.725175076186629,HM,FALSE,FALSE
Oct_22_224_CP40_stem,TRUE,tree,stem,CP40,2022-10-24,Oct2022,LGR3,C,original,FALSE,original,FALSE,FALSE,FALSE,NA,13:04:00,13:07:00,TRUE,TRUE,TRUE,TRUE,181,SN:3K60180500001584,SN:3K60180500001584,0.994999885559082,fieldlog_window,TRUE,results_trees/lgr3_manual_identification_results.csv,results_trees/lgr3_manual_identification_results.csv,1,2022-10-24T13:04:10Z,2022-10-24T13:07:21Z,906,10,NA,0.5922995478576991,HM,FALSE,TRUE,8.217504787526629,HM,FALSE,TRUE
Oct_22_225_CP40_CWD,TRUE,tree,cwd,CP40,2022-10-24,Oct2022,LGR3,A,original,FALSE,original,FALSE,FALSE,FALSE,NA,13:24:30,13:27:00,TRUE,TRUE,TRUE,TRUE,151,SN:3K60180500001584,SN:3K60180500001584,0.9939999580383301,fieldlog_window,TRUE,results_trees/lgr3_manual_identification_results.csv,results_trees/lgr3_manual_identification_results.csv,1,2022-10-24T13:24:36Z,2022-10-24T13:27:01Z,574,6,NA,3.741572150027934,HM,FALSE,TRUE,7.558500485509072,HM,FALSE,TRUE
Oct_22_235_BL60_stem,TRUE,tree,stem,BL60,2022-10-25,Oct2022,LGR3,A,original,FALSE,original,FALSE,FALSE,FALSE,NA,11:02:30,11:05:30,TRUE,TRUE,TRUE,TRUE,181,SN:3K60180500001584,SN:3K60180500001584,0.994999885559082,fieldlog_window,TRUE,results_trees/lgr3_manual_identification_results.csv,results_trees/lgr3_manual_identification_results.csv,1,2022-10-25T11:02:35Z,2022-10-25T11:04:46Z,906,5,NA,0.465643436593683,LM,FALSE,TRUE,-12.508122952248096,HM,FALSE,TRUE
Oct_22_236_BL60_stem,TRUE,tree,stem,BL60,2022-10-25,Oct2022,LGR3,B,rescued,FALSE,rescued,FALSE,FALSE,FALSE,NA,11:24:10,11:27:10,TRUE,TRUE,TRUE,TRUE,181,SN:3K60180500001584,SN:3K60180500001584,0.994999885559082,fieldlog_window,TRUE,rescue/lgr3_manual_identification_results_additional.csv,rescue/lgr3_manual_identification_results_additional.csv,1,2022-10-25T11:20:45Z,2022-10-25T11:27:21Z,906,-205,NA,0.2389970261596839,HM,FALSE,FALSE,1.8126079430858295,HM,FALSE,FALSE
Oct_22_237_BL60_stem,TRUE,tree,stem,BL60,2022-10-25,Oct2022,LGR3,B,trimmed_window_refit,TRUE,rescued,FALSE,FALSE,FALSE,NA,11:40:15,11:43:15,TRUE,TRUE,TRUE,TRUE,181,SN:3K60180500001584,SN:3K60180500001584,0.994999885559082,fieldlog_window,FALSE,NA,NA,NA,NA,NA,NA,NA,ebullition/corrected_time_windows.csv,0.1427819226561969,HM,FALSE,TRUE,2.7058052371204666,HM,FALSE,TRUE
Oct_22_238_BL60_stem,TRUE,tree,stem,BL60,2022-10-25,Oct2022,LGR3,B,recovered,TRUE,rescued,FALSE,FALSE,FALSE,NA,11:47:30,11:50:30,TRUE,TRUE,TRUE,TRUE,181,SN:3K60180500001584,SN:3K60180500001584,0.9940001964569092,fieldlog_window,FALSE,NA,NA,NA,NA,NA,NA,NA,NA,-0.46014174404768937,HM,FALSE,TRUE,0.904728792332988,LM,FALSE,TRUE
Oct_22_239_BL60_stem,TRUE,tree,stem,BL60,2022-10-25,Oct2022,LGR3,B,recovered,TRUE,rescued,FALSE,FALSE,FALSE,NA,11:59:00,12:02:00,TRUE,TRUE,TRUE,TRUE,181,SN:3K60180500001584,SN:3K60180500001584,0.994999885559082,fieldlog_window,FALSE,NA,NA,NA,NA,NA,NA,NA,NA,0.34014652062324263,HM,FALSE,TRUE,11.30400117020974,HM,FALSE,TRUE
Oct_22_240_BL60_stem,TRUE,tree,stem,BL60,2022-10-25,Oct2022,LGR3,B,rescued,FALSE,rescued,FALSE,FALSE,FALSE,NA,12:06:43,12:09:43,TRUE,TRUE,TRUE,TRUE,181,SN:3K60180500001584,SN:3K60180500001584,0.994999885559082,fieldlog_window,TRUE,rescue/lgr3_manual_identification_results_additional.csv,rescue/lgr3_manual_identification_results_additional.csv,1,2022-10-25T12:07:49Z,2022-10-25T12:10:37Z,1812,66,NA,0.2816076593974469,HM,FALSE,TRUE,3.632313244901618,HM,FALSE,TRUE
Oct_22_241_BL60_stem,TRUE,tree,stem,BL60,2022-10-25,Oct2022,LGR3,B,rescued,FALSE,rescued,FALSE,FALSE,FALSE,NA,12:20:50,12:23:50,TRUE,TRUE,TRUE,TRUE,181,SN:3K60180500001584,SN:3K60180500001584,0.994999885559082,fieldlog_window,TRUE,rescue/lgr3_manual_identification_results_additional.csv,rescue/lgr3_manual_identification_results_additional.csv,1,2022-10-25T12:21:35Z,2022-10-25T12:24:01Z,1812,45,NA,0.2313592764941311,LM,FALSE,TRUE,2.1125585443769523,HM,FALSE,TRUE
Oct_22_242_BL60_CWD,TRUE,tree,cwd,BL60,2022-10-25,Oct2022,LGR3,A,rescued,FALSE,rescued,FALSE,FALSE,FALSE,NA,12:39:00,12:42:00,TRUE,TRUE,TRUE,TRUE,181,SN:3K60180500001584,SN:3K60180500001584,0.994999885559082,fieldlog_window,TRUE,rescue/lgr3_manual_identification_results_additional.csv,rescue/lgr3_manual_identification_results_additional.csv,1,2022-10-25T12:39:36Z,2022-10-25T12:42:28Z,1812,36,NA,-3.15641017113149,LM,FALSE,TRUE,4.001292129993225,HM,FALSE,TRUE
Oct_22_243_BL60_CWD,TRUE,tree,cwd,BL60,2022-10-25,Oct2022,LGR3,B,rescued,FALSE,rescued,FALSE,FALSE,FALSE,NA,12:51:00,12:54:00,TRUE,TRUE,TRUE,TRUE,181,SN:3K60180500001584,SN:3K60180500001584,0.994999885559082,fieldlog_window,TRUE,rescue/lgr3_manual_identification_results_additional.csv,rescue/lgr3_manual_identification_results_additional.csv,1,2022-10-25T12:51:41Z,2022-10-25T12:54:25Z,1812,41,NA,0.2180943007194882,HM,FALSE,TRUE,11.51250278481842,LM,FALSE,TRUE
Oct_22_251_BL60_stem,TRUE,tree,stem,BL60,2022-10-25,Oct2022,LGR3,B,rescued,FALSE,rescued,FALSE,FALSE,FALSE,NA,13:38:15,13:41:15,TRUE,TRUE,TRUE,TRUE,181,SN:3K60180500001584,SN:3K60180500001584,0.994999885559082,fieldlog_window,TRUE,rescue/lgr3_manual_identification_results_additional.csv,rescue/lgr3_manual_identification_results_additional.csv,1,2022-10-25T13:36:10Z,2022-10-25T13:39:02Z,1812,-125,NA,7.17297805723644,HM,FALSE,TRUE,2.363458847053048,HM,FALSE,TRUE
Oct_22_252_BL60_stem,TRUE,tree,stem,BL60,2022-10-25,Oct2022,LGR3,A,rescued,FALSE,rescued,FALSE,FALSE,FALSE,NA,13:49:30,13:52:30,TRUE,TRUE,TRUE,TRUE,181,SN:3K60180500001584,SN:3K60180500001584,0.9939999580383301,fieldlog_window,TRUE,rescue/lgr3_manual_identification_results_additional.csv,rescue/lgr3_manual_identification_results_additional.csv,1,2022-10-25T13:51:25Z,2022-10-25T13:53:13Z,1812,115,NA,7.554888496314146,HM,FALSE,TRUE,6.502461504689568,HM,FALSE,TRUE
Oct_22_253_BL60_CWD,TRUE,tree,cwd,BL60,2022-10-25,Oct2022,LGR3,B,rescued,FALSE,rescued,FALSE,FALSE,FALSE,NA,14:15:45,14:18:45,TRUE,TRUE,TRUE,TRUE,181,SN:3K60180500001584,SN:3K60180500001584,0.994999885559082,fieldlog_window,TRUE,rescue/lgr3_manual_identification_results_additional.csv,rescue/lgr3_manual_identification_results_additional.csv,1,2022-10-25T14:15:44Z,2022-10-25T14:19:57Z,905,-1,NA,0.2240296135670313,HM,FALSE,FALSE,9.16463172126386,HM,FALSE,FALSE
Oct_22_254_BL60_stem,TRUE,tree,stem,BL60,2022-10-25,Oct2022,LGR3,A,rescued,FALSE,rescued,FALSE,FALSE,FALSE,NA,14:29:50,14:32:50,TRUE,TRUE,TRUE,TRUE,181,SN:3K60180500001584,SN:3K60180500001584,0.9945000410079956,fieldlog_window,TRUE,rescue/lgr3_manual_identification_results_additional.csv,rescue/lgr3_manual_identification_results_additional.csv,1,2022-10-25T14:29:51Z,2022-10-25T14:33:54Z,1284,1,NA,56.00627247445376,HM,FALSE,TRUE,-1011.5454265789368,LM,FALSE,TRUE
Oct_22_255_BL60_stem,TRUE,tree,stem,BL60,2022-10-25,Oct2022,LGR3,A,rescued,FALSE,rescued,FALSE,FALSE,FALSE,NA,14:36:50,14:39:50,TRUE,TRUE,TRUE,TRUE,181,SN:3K60180500001584,SN:3K60180500001584,0.9945000410079956,fieldlog_window,TRUE,rescue/lgr3_manual_identification_results_additional.csv,rescue/lgr3_manual_identification_results_additional.csv,1,2022-10-25T14:36:54Z,2022-10-25T14:39:38Z,1106,4,NA,37.442595662469365,LM,FALSE,TRUE,17.256176409799444,HM,FALSE,TRUE
Oct_22_228_BL60_stem,TRUE,tree,stem,BL60,2022-10-25,Oct2022,LGR3,D,original,FALSE,original,FALSE,FALSE,FALSE,NA,14:48:00,14:51:00,TRUE,TRUE,TRUE,TRUE,181,SN:3K60180500001584,SN:3K60180500001584,0.994999885559082,fieldlog_window,TRUE,results_trees/lgr3_manual_identification_results.csv,results_trees/lgr3_manual_identification_results.csv,1,2022-10-25T14:48:02Z,2022-10-25T14:50:17Z,906,2,NA,113.21832620083094,LM,FALSE,TRUE,10.380979306191948,LM,FALSE,TRUE
Oct_22_229_BL60_stem,TRUE,tree,stem,BL60,2022-10-25,Oct2022,LGR3,A,original,FALSE,original,FALSE,FALSE,FALSE,NA,14:56:00,14:59:00,TRUE,TRUE,TRUE,TRUE,181,SN:3K60180500001584,SN:3K60180500001584,0.994999885559082,fieldlog_window,TRUE,results_trees/lgr3_manual_identification_results.csv,results_trees/lgr3_manual_identification_results.csv,1,2022-10-25T14:56:06Z,2022-10-25T14:58:58Z,905,6,NA,0.6415570844545738,LM,FALSE,TRUE,11.798828190631063,HM,FALSE,TRUE
Oct_22_230_BL60_stem,TRUE,tree,stem,BL60,2022-10-25,Oct2022,LGR3,A,original,FALSE,original,FALSE,FALSE,FALSE,NA,15:01:30,15:04:30,TRUE,TRUE,TRUE,TRUE,181,SN:3K60180500001584,SN:3K60180500001584,0.994999885559082,fieldlog_window,TRUE,results_trees/lgr3_manual_identification_results.csv,results_trees/lgr3_manual_identification_results.csv,1,2022-10-25T15:02:12Z,2022-10-25T15:04:39Z,906,42,NA,0.5377512071708332,HM,FALSE,TRUE,10.91847059354443,HM,FALSE,TRUE
Oct_22_231_BL60_stem,TRUE,tree,stem,BL60,2022-10-25,Oct2022,LGR3,A,original,FALSE,original,FALSE,FALSE,FALSE,NA,15:13:00,15:15:30,TRUE,TRUE,TRUE,TRUE,151,SN:3K60180500001584,SN:3K60180500001584,0.9950001239776611,fieldlog_window,TRUE,results_trees/lgr3_manual_identification_results.csv,results_trees/lgr3_manual_identification_results.csv,1,2022-10-25T15:13:24Z,2022-10-25T15:15:17Z,906,24,NA,706.7033986199485,HM,FALSE,TRUE,34.679665454060135,LM,FALSE,TRUE
Oct_22_232_BL60_stem,TRUE,tree,stem,BL60,2022-10-25,Oct2022,LGR3,A,original,FALSE,original,FALSE,FALSE,FALSE,NA,15:23:45,15:26:45,TRUE,TRUE,TRUE,TRUE,180,SN:3K60180500001584,SN:3K60180500001584,0.9940001964569092,fieldlog_window,TRUE,results_trees/lgr3_manual_identification_results.csv,results_trees/lgr3_manual_identification_results.csv,1,2022-10-25T15:23:54Z,2022-10-25T15:26:28Z,906,9,NA,0.8492238179987436,HM,FALSE,TRUE,13.23660594195612,HM,FALSE,TRUE
Oct_22_233_BL60_stem,TRUE,tree,stem,BL60,2022-10-25,Oct2022,LGR3,A,original,FALSE,original,FALSE,FALSE,FALSE,NA,15:32:10,15:35:10,TRUE,TRUE,TRUE,TRUE,181,SN:3K60180500001584,SN:3K60180500001584,0.994999885559082,fieldlog_window,TRUE,results_trees/lgr3_manual_identification_results.csv,results_trees/lgr3_manual_identification_results.csv,1,2022-10-25T15:32:24Z,2022-10-25T15:34:54Z,717,14,NA,0.6547263624704155,HM,FALSE,TRUE,9.106158740949498,LM,FALSE,TRUE
44851_SRS6_Soil_41,TRUE,surface,soil,SRS6,2022-10-17,Oct2022,Picarro,Soil 6 in,original,FALSE,original,FALSE,FALSE,FALSE,Tree same-day,08:55:47,08:59:00,TRUE,TRUE,TRUE,FALSE,0,NA,NA,3.68149995803833,analyzer_day,TRUE,results_surface/picarro_soilwater_manual_identification_CH4_results.csv,results_surface/picarro_soilwater_manual_identification_CH4_results.csv,1,2022-10-17T15:56:03Z,2022-10-17T15:59:14Z,337,25216,NA,7.151524882312733,LM,FALSE,TRUE,4.2018318025866765,LM,FALSE,TRUE
44851_SRS6_Soil_42,TRUE,surface,soil,SRS6,2022-10-17,Oct2022,Picarro,Soil 6 in,original,FALSE,original,FALSE,FALSE,FALSE,Tree same-day,09:09:00,09:12:10,TRUE,TRUE,TRUE,FALSE,0,NA,NA,3.68149995803833,analyzer_day,TRUE,results_surface/picarro_soilwater_manual_identification_CH4_results.csv,results_surface/picarro_soilwater_manual_identification_CH4_results.csv,1,2022-10-17T16:09:26Z,2022-10-17T16:12:26Z,340,25226,NA,2.035208082792962,HM,FALSE,TRUE,-0.7386821004682439,LM,FALSE,TRUE
44851_SRS6_Soil_43,TRUE,surface,soil,SRS6,2022-10-17,Oct2022,Picarro,Soil 6 in,original,FALSE,original,FALSE,FALSE,FALSE,Tree same-day,09:18:18,09:21:18,TRUE,TRUE,TRUE,FALSE,0,NA,NA,3.68149995803833,analyzer_day,TRUE,results_surface/picarro_soilwater_manual_identification_CH4_results.csv,results_surface/picarro_soilwater_manual_identification_CH4_results.csv,1,2022-10-17T16:18:45Z,2022-10-17T16:21:36Z,350,25227,NA,12.170748828746303,HM,FALSE,TRUE,8.5926135798603,LM,FALSE,TRUE
44851_SRS6_Soil_44,TRUE,surface,soil,SRS6,2022-10-17,Oct2022,Picarro,Soil 6 in,original,FALSE,original,FALSE,FALSE,FALSE,Tree same-day,09:44:10,09:47:10,TRUE,TRUE,TRUE,FALSE,0,NA,NA,3.68149995803833,analyzer_day,TRUE,results_surface/picarro_soilwater_manual_identification_CH4_results.csv,results_surface/picarro_soilwater_manual_identification_CH4_results.csv,1,2022-10-17T16:45:51Z,2022-10-17T16:47:29Z,339,25301,NA,15.478073711098492,HM,FALSE,TRUE,2.4290129700398726,HM,FALSE,TRUE
44851_SRS6_Soil_45,TRUE,surface,soil,SRS6,2022-10-17,Oct2022,Picarro,Soil 6 in,original,FALSE,original,FALSE,FALSE,FALSE,Tree same-day,09:50:30,09:53:30,TRUE,TRUE,TRUE,FALSE,0,NA,NA,3.68149995803833,analyzer_day,TRUE,results_surface/picarro_soilwater_manual_identification_CH4_results.csv,results_surface/picarro_soilwater_manual_identification_CH4_results.csv,1,2022-10-17T16:50:52Z,2022-10-17T16:53:49Z,335,25222,NA,11.77509475300089,HM,FALSE,TRUE,0.1743764850326882,LM,FALSE,TRUE
44851_SRS6_Soil_47,TRUE,surface,soil,SRS6,2022-10-17,Oct2022,Picarro,Soil 6 in,original,FALSE,original,FALSE,FALSE,FALSE,Tree 30min,10:30:40,10:33:40,TRUE,TRUE,TRUE,FALSE,0,NA,NA,3.68149995803833,analyzer_day,TRUE,results_surface/picarro_soilwater_manual_identification_CH4_results.csv,results_surface/picarro_soilwater_manual_identification_CH4_results.csv,1,2022-10-17T17:31:08Z,2022-10-17T17:34:01Z,301,25228,NA,18.244969511578415,HM,FALSE,TRUE,1.3423333129149624,LM,FALSE,TRUE
44851_SRS6_Soil_48,TRUE,surface,soil,SRS6,2022-10-17,Oct2022,Picarro,Soil 6 in,original,FALSE,original,FALSE,FALSE,FALSE,Tree 30min,10:56:20,11:00:20,TRUE,TRUE,TRUE,FALSE,0,NA,NA,3.68149995803833,analyzer_day,TRUE,results_surface/picarro_soilwater_manual_identification_CH4_results.csv,results_surface/picarro_soilwater_manual_identification_CH4_results.csv,1,2022-10-17T17:56:53Z,2022-10-17T17:57:39Z,172,25233,NA,146.9711802499161,HM,FALSE,TRUE,0.42669806859720943,HM,FALSE,TRUE
44851_SRS6_Soil_49,TRUE,surface,soil,SRS6,2022-10-17,Oct2022,Picarro,Soil 6 in,original,FALSE,original,FALSE,FALSE,FALSE,Tree 30min,11:06:00,11:09:00,TRUE,TRUE,TRUE,FALSE,0,NA,NA,3.68149995803833,analyzer_day,TRUE,results_surface/picarro_soilwater_manual_identification_CH4_results.csv,results_surface/picarro_soilwater_manual_identification_CH4_results.csv,1,2022-10-17T18:06:21Z,2022-10-17T18:09:16Z,168,25221,NA,3.3377940064440113,HM,FALSE,TRUE,0.4396571347847816,LM,FALSE,TRUE
44851_SRS6_Soil_50,TRUE,surface,soil,SRS6,2022-10-17,Oct2022,Picarro,Soil 6 in,original,FALSE,original,FALSE,FALSE,FALSE,Tree 30min,11:39:20,11:42:20,TRUE,TRUE,TRUE,FALSE,0,NA,NA,3.68149995803833,analyzer_day,TRUE,results_surface/picarro_soilwater_manual_identification_CH4_results.csv,results_surface/picarro_soilwater_manual_identification_CH4_results.csv,1,2022-10-17T18:40:21Z,2022-10-17T18:43:18Z,148,25261,NA,16.178493000254846,HM,FALSE,TRUE,-2.4826971059396508,LM,FALSE,TRUE
44851_SRS6_Soil_46,TRUE,surface,soil,SRS6,2022-10-17,Oct2022,Picarro,Soil 6 in,original,FALSE,original,FALSE,FALSE,FALSE,Tree 30min,11:51:35,11:55:35,TRUE,TRUE,TRUE,FALSE,0,NA,NA,3.68149995803833,analyzer_day,TRUE,results_surface/picarro_soilwater_manual_identification_CH4_results.csv,results_surface/picarro_soilwater_manual_identification_CH4_results.csv,1,2022-10-17T18:52:48Z,2022-10-17T18:56:37Z,155,25273,NA,3.2471965271574565,HM,FALSE,TRUE,-2.4873934719931543,HM,FALSE,TRUE
Picarro_2022-10-18_FLM30_P01,TRUE,surface,water,FLM30,2022-10-18,Oct2022,Picarro,NA,ebullition_added_placement,FALSE,ebullition_reprocessing,FALSE,FALSE,FALSE,NA,08:49:30,08:54:45,TRUE,TRUE,TRUE,FALSE,0,NA,NA,5.07750004529953,analyzer_day,FALSE,NA,NA,NA,NA,NA,NA,NA,ebullition/placements_summary.csv,35.220072652907795,HM,FALSE,FALSE,NA,NA,NA,NA
44852_FLM30_Water_51,TRUE,surface,water,FLM30,2022-10-18,Oct2022,Picarro,Floating 8 in,ebullition_partitioned,FALSE,original,FALSE,FALSE,FALSE,Tree same-day,08:57:00,09:02:00,TRUE,TRUE,TRUE,FALSE,0,NA,NA,5.07750004529953,analyzer_day,TRUE,results_surface/picarro_soilwater_manual_identification_CH4_results.csv,results_surface/picarro_soilwater_manual_identification_CH4_results.csv,1,2022-10-18T15:57:31Z,2022-10-18T16:06:18Z,805,25231,ebullition/placements_summary.csv,12.89370824606686,LM,FALSE,TRUE,0.6161810351945856,LM,FALSE,TRUE
Picarro_2022-10-18_FLM30_P03,TRUE,surface,water,FLM30,2022-10-18,Oct2022,Picarro,NA,ebullition_added_placement,FALSE,ebullition_reprocessing,FALSE,FALSE,FALSE,NA,09:06:11,09:14:13,TRUE,TRUE,TRUE,FALSE,0,NA,NA,5.07750004529953,analyzer_day,FALSE,NA,NA,NA,NA,NA,NA,NA,ebullition/placements_summary.csv,9.900358255317729,HM,FALSE,FALSE,NA,NA,NA,NA
44852_FLM30_Water_52,TRUE,surface,water,FLM30,2022-10-18,Oct2022,Picarro,Floating 8 in,ebullition_partitioned,FALSE,original,FALSE,FALSE,FALSE,Tree 30min,11:23:00,11:28:00,TRUE,TRUE,TRUE,FALSE,0,NA,NA,5.07750004529953,analyzer_day,TRUE,results_surface/picarro_soilwater_manual_identification_CH4_results.csv,results_surface/picarro_soilwater_manual_identification_CH4_results.csv,1,2022-10-18T18:23:38Z,2022-10-18T18:30:26Z,272,25238,ebullition/placements_summary.csv,13.102572470024532,HM,FALSE,TRUE,0.32507816562495373,HM,FALSE,TRUE
Picarro_2022-10-18_FLM30_P08,TRUE,surface,water,FLM30,2022-10-18,Oct2022,Picarro,NA,ebullition_added_placement,FALSE,ebullition_reprocessing,FALSE,FALSE,FALSE,NA,11:57:20,11:59:22,TRUE,TRUE,TRUE,FALSE,0,NA,NA,5.07750004529953,analyzer_day,FALSE,NA,NA,NA,NA,NA,NA,NA,ebullition/placements_summary.csv,28.426799129445676,HM,FALSE,FALSE,NA,NA,NA,NA
44852_FLM30_Water_53,TRUE,surface,water,FLM30,2022-10-18,Oct2022,Picarro,Floating 8 in,ebullition_partitioned,FALSE,original,FALSE,FALSE,FALSE,Tree 30min,12:06:00,12:11:00,TRUE,TRUE,TRUE,FALSE,0,NA,NA,5.07750004529953,analyzer_day,TRUE,results_surface/picarro_soilwater_manual_identification_CH4_results.csv,results_surface/picarro_soilwater_manual_identification_CH4_results.csv,1,2022-10-18T19:06:22Z,2022-10-18T19:14:00Z,140,25222,ebullition/placements_summary.csv,15.497460059442384,HM,FALSE,TRUE,0.40474431062567534,HM,FALSE,TRUE
44854_SRS5_Water_54,TRUE,surface,water,SRS5,2022-10-20,Oct2022,Picarro,Floating 8 in,rescued,FALSE,rescued,FALSE,FALSE,FALSE,Tree 30min,12:50:00,12:55:00,TRUE,TRUE,FALSE,FALSE,0,NA,NA,NA,NA,FALSE,NA,NA,NA,NA,NA,NA,NA,NA,1.083882649017893,HM,FALSE,FALSE,0.5684092599828697,HM,FALSE,FALSE
44854_SRS5_Water_55,TRUE,surface,water,SRS5,2022-10-20,Oct2022,Picarro,Floating 8 in,rescued,FALSE,rescued,FALSE,FALSE,FALSE,Tree 30min,13:01:00,13:05:00,TRUE,TRUE,FALSE,FALSE,0,NA,NA,NA,NA,FALSE,NA,NA,NA,NA,NA,NA,NA,NA,0.12923269153985317,HM,FALSE,TRUE,1.1916024104269147,LM,FALSE,TRUE
44854_SRS5_Water_56,TRUE,surface,water,SRS5,2022-10-20,Oct2022,Picarro,Floating 8 in,rescued,FALSE,rescued,FALSE,FALSE,FALSE,Tree 30min,13:11:00,13:20:00,TRUE,TRUE,FALSE,FALSE,0,NA,NA,NA,NA,FALSE,NA,NA,NA,NA,NA,NA,NA,NA,0.1085458350617071,LM,FALSE,TRUE,0.9579274157248155,HM,FALSE,TRUE
44859_BL60_Water_81,TRUE,surface,water,BL60,2022-10-25,Oct2022,Picarro,Floating 8 in,ebullition_partitioned,FALSE,original,FALSE,FALSE,FALSE,Tree 30min,10:56:00,10:59:00,TRUE,TRUE,TRUE,FALSE,0,NA,NA,5.668999910354614,analyzer_day,TRUE,results_surface/picarro_soilwater_manual_identification_CH4_results.csv,results_surface/picarro_soilwater_manual_identification_CH4_results.csv,1,2022-10-25T17:54:27Z,2022-10-25T17:59:23Z,409,25107,ebullition/placements_summary.csv,67.23735488059414,HM,FALSE,FALSE,2.8261319884751037,HM,FALSE,TRUE
Picarro_2022-10-25_BL60_P02,TRUE,surface,water,BL60,2022-10-25,Oct2022,Picarro,NA,ebullition_added_placement,FALSE,ebullition_reprocessing,FALSE,FALSE,FALSE,NA,11:01:32,11:03:35,TRUE,TRUE,TRUE,FALSE,0,NA,NA,5.668999910354614,analyzer_day,FALSE,NA,NA,NA,NA,NA,NA,NA,ebullition/placements_summary.csv,94.111497520537,HM,FALSE,FALSE,NA,NA,NA,NA
44859_BL60_Water_82,TRUE,surface,water,BL60,2022-10-25,Oct2022,Picarro,Floating 8 in,ebullition_partitioned,FALSE,original,FALSE,FALSE,FALSE,Tree 30min,11:13:00,11:19:00,TRUE,TRUE,TRUE,FALSE,0,NA,NA,5.668999910354614,analyzer_day,TRUE,results_surface/picarro_soilwater_manual_identification_CH4_results.csv,results_surface/picarro_soilwater_manual_identification_CH4_results.csv,1,2022-10-25T18:13:47Z,2022-10-25T18:18:56Z,359,25247,ebullition/placements_summary.csv,60.6016804443283,HM,FALSE,TRUE,1.8844867512542576,HM,FALSE,TRUE
44859_BL60_Water_83,TRUE,surface,water,BL60,2022-10-25,Oct2022,Picarro,Floating 8 in,ebullition_partitioned,FALSE,original,FALSE,FALSE,FALSE,Tree 30min,11:28:30,11:32:00,TRUE,TRUE,TRUE,FALSE,0,NA,NA,5.668999910354614,analyzer_day,TRUE,results_surface/picarro_soilwater_manual_identification_CH4_results.csv,results_surface/picarro_soilwater_manual_identification_CH4_results.csv,1,2022-10-25T18:27:57Z,2022-10-25T18:32:05Z,234,25167,ebullition/placements_summary.csv,38.126058585072016,LM,FALSE,TRUE,2.2110270001978503,LM,FALSE,TRUE
44859_BL60_Water_84,TRUE,surface,water,BL60,2022-10-25,Oct2022,Picarro,Floating 8 in,ebullition_partitioned,FALSE,original,FALSE,FALSE,FALSE,Tree 30min,11:57:30,12:01:30,TRUE,TRUE,TRUE,FALSE,0,NA,NA,5.668999910354614,analyzer_day,TRUE,results_surface/picarro_soilwater_manual_identification_CH4_results.csv,results_surface/picarro_soilwater_manual_identification_CH4_results.csv,1,2022-10-25T18:57:22Z,2022-10-25T19:01:33Z,185,25192,ebullition/placements_summary.csv,23.033700450609864,LM,FALSE,TRUE,1.4220012744909212,LM,FALSE,TRUE
44859_BL60_Soil_85,TRUE,surface,soil,BL60,2022-10-25,Oct2022,Picarro,2 ft soil,original,FALSE,original,FALSE,FALSE,FALSE,Tree 30min,12:33:00,12:29:00,TRUE,TRUE,TRUE,FALSE,0,NA,NA,5.668999910354614,analyzer_day,TRUE,results_surface/picarro_soilwater_manual_identification_CH4_results.csv,results_surface/picarro_soilwater_manual_identification_CH4_results.csv,1,2022-10-25T19:26:32Z,2022-10-25T19:29:17Z,55,24812,NA,8.182957930280054,HM,FALSE,TRUE,2.3947548632300832,HM,FALSE,TRUE
