"site","date","variant","ndvi"
"SRS6","1995-03-19","centre",NA
"SRS6","1995-03-19","win90",NA
"SRS6","1995-03-19","dir-1,-1",NA
"SRS6","1995-03-19","dir0,-1",NA
"SRS6","1995-03-19","dir1,-1",NA
"SRS6","1995-03-19","dir-1,0",NA
"SRS6","1995-03-19","dir1,0",NA
"SRS6","1995-03-19","dir-1,1",NA
"SRS6","1995-03-19","dir0,1",NA
"SRS6","1995-03-19","dir1,1",NA
"SRS6","1995-04-20","centre",0.616019049680702
"SRS6","1995-04-20","win90",0.616019049680702
"SRS6","1995-04-20","dir-1,-1",0.71779821943821
"SRS6","1995-04-20","dir0,-1",0.816036155162888
"SRS6","1995-04-20","dir1,-1",0.810593395679881
"SRS6","1995-04-20","dir-1,0",0.032402356535021
"SRS6","1995-04-20","dir1,0",0.77658796336932
"SRS6","1995-04-20","dir-1,1",0.489276105705162
"SRS6","1995-04-20","dir0,1",0.257774857643451
"SRS6","1995-04-20","dir1,1",-0.0352833358790291
"SRS6","1995-04-20","centre",0.607561566324453
"SRS6","1995-04-20","win90",0.607561566324453
"SRS6","1995-04-20","dir-1,-1",0.712363330529857
"SRS6","1995-04-20","dir0,-1",0.811655306279059
"SRS6","1995-04-20","dir1,-1",0.806622494698539
"SRS6","1995-04-20","dir-1,0",0.02919630534027
"SRS6","1995-04-20","dir1,0",0.772434371021198
"SRS6","1995-04-20","dir-1,1",0.481875590472876
"SRS6","1995-04-20","dir0,1",0.251920453729629
"SRS6","1995-04-20","dir1,1",-0.0360942627025949
"SRS6","1995-03-19","centre",NA
"SRS6","1995-03-19","win90",NA
"SRS6","1995-03-19","dir-1,-1",NA
"SRS6","1995-03-19","dir0,-1",NA
"SRS6","1995-03-19","dir1,-1",NA
"SRS6","1995-03-19","dir-1,0",NA
"SRS6","1995-03-19","dir1,0",NA
"SRS6","1995-03-19","dir-1,1",NA
"SRS6","1995-03-19","dir0,1",NA
"SRS6","1995-03-19","dir1,1",NA
"SRS6","1995-01-14","centre",NA
"SRS6","1995-01-14","win90",NA
"SRS6","1995-01-14","dir-1,-1",NA
"SRS6","1995-01-14","dir0,-1",NA
"SRS6","1995-01-14","dir1,-1",NA
"SRS6","1995-01-14","dir-1,0",NA
"SRS6","1995-01-14","dir1,0",NA
"SRS6","1995-01-14","dir-1,1",NA
"SRS6","1995-01-14","dir0,1",NA
"SRS6","1995-01-14","dir1,1",NA
"SRS6","1995-04-04","centre",NA
"SRS6","1995-04-04","win90",NA
"SRS6","1995-04-04","dir-1,-1",NA
"SRS6","1995-04-04","dir0,-1",NA
"SRS6","1995-04-04","dir1,-1",NA
"SRS6","1995-04-04","dir-1,0",NA
"SRS6","1995-04-04","dir1,0",NA
"SRS6","1995-04-04","dir-1,1",NA
"SRS6","1995-04-04","dir0,1",NA
"SRS6","1995-04-04","dir1,1",NA
"SRS6","1995-02-15","centre",NA
"SRS6","1995-02-15","win90",NA
"SRS6","1995-02-15","dir-1,-1",NA
"SRS6","1995-02-15","dir0,-1",NA
"SRS6","1995-02-15","dir1,-1",0.398610613511542
"SRS6","1995-02-15","dir-1,0",NA
"SRS6","1995-02-15","dir1,0",0.377661800985011
"SRS6","1995-02-15","dir-1,1",NA
"SRS6","1995-02-15","dir0,1",0.459918354611404
"SRS6","1995-02-15","dir1,1",0.264630477283104
"SRS6","1995-02-15","centre",NA
"SRS6","1995-02-15","win90",NA
"SRS6","1995-02-15","dir-1,-1",NA
"SRS6","1995-02-15","dir0,-1",NA
"SRS6","1995-02-15","dir1,-1",0.391870807179322
"SRS6","1995-02-15","dir-1,0",NA
"SRS6","1995-02-15","dir1,0",0.336444796941411
"SRS6","1995-02-15","dir-1,1",NA
"SRS6","1995-02-15","dir0,1",0.362170882394921
"SRS6","1995-02-15","dir1,1",0.2708700884676
"SRS6","1996-02-18","centre",0.519955326347601
"SRS6","1996-02-18","win90",0.519955326347601
"SRS6","1996-02-18","dir-1,-1",0.819270461478549
"SRS6","1996-02-18","dir0,-1",0.869910448824085
"SRS6","1996-02-18","dir1,-1",0.867723045125732
"SRS6","1996-02-18","dir-1,0",0.0847372706206554
"SRS6","1996-02-18","dir1,0",0.852303511945197
"SRS6","1996-02-18","dir-1,1",0.670873609337954
"SRS6","1996-02-18","dir0,1",0.519406317725093
"SRS6","1996-02-18","dir1,1",-0.0205026828579499
"SRS6","1996-02-18","centre",0.490611151847483
"SRS6","1996-02-18","win90",0.490611151847483
"SRS6","1996-02-18","dir-1,-1",0.797655847501288
"SRS6","1996-02-18","dir0,-1",0.857489430778287
"SRS6","1996-02-18","dir1,-1",0.85491296412324
"SRS6","1996-02-18","dir-1,0",0.0662147156799717
"SRS6","1996-02-18","dir1,0",0.837095491527497
"SRS6","1996-02-18","dir-1,1",0.663084559784028
"SRS6","1996-02-18","dir0,1",0.490611151847483
"SRS6","1996-02-18","dir1,1",-0.0292646589337026
"SRS6","1996-03-21","centre",0.453375606117121
"SRS6","1996-03-21","win90",0.453375606117121
"SRS6","1996-03-21","dir-1,-1",0.697489346408585
"SRS6","1996-03-21","dir0,-1",0.795232587464888
"SRS6","1996-03-21","dir1,-1",0.808788126869362
"SRS6","1996-03-21","dir-1,0",0.02844432086751
"SRS6","1996-03-21","dir1,0",0.732542518483317
"SRS6","1996-03-21","dir-1,1",0.415572862770728
"SRS6","1996-03-21","dir0,1",0.266443589871647
"SRS6","1996-03-21","dir1,1",0.0699179475326476
"SRS6","1996-02-02","centre",0.637244865982827
"SRS6","1996-02-02","win90",0.637244865982827
"SRS6","1996-02-02","dir-1,-1",0.758719877929296
"SRS6","1996-02-02","dir0,-1",0.813118833850573
"SRS6","1996-02-02","dir1,-1",0.803414731813067
"SRS6","1996-02-02","dir-1,0",0.328948260663186
"SRS6","1996-02-02","dir1,0",0.776878092667566
"SRS6","1996-02-02","dir-1,1",0.620800905184936
"SRS6","1996-02-02","dir0,1",0.409177301113223
"SRS6","1996-02-02","dir1,1",0.20952380952381
"SRS6","1996-04-06","centre",0.616474423269809
"SRS6","1996-04-06","win90",0.616474423269809
"SRS6","1996-04-06","dir-1,-1",0.774354561101549
"SRS6","1996-04-06","dir0,-1",0.83969465648855
"SRS6","1996-04-06","dir1,-1",0.846352182830355
"SRS6","1996-04-06","dir-1,0",0.117725752508362
"SRS6","1996-04-06","dir1,0",0.758976792077609
"SRS6","1996-04-06","dir-1,1",0.557712613230091
"SRS6","1996-04-06","dir0,1",0.227186172550169
"SRS6","1996-04-06","dir1,1",0.117725752508362
"SRS6","1996-01-01","centre",NA
"SRS6","1996-01-01","win90",NA
"SRS6","1996-01-01","dir-1,-1",NA
"SRS6","1996-01-01","dir0,-1",NA
"SRS6","1996-01-01","dir1,-1",NA
"SRS6","1996-01-01","dir-1,0",NA
"SRS6","1996-01-01","dir1,0",NA
"SRS6","1996-01-01","dir-1,1",NA
"SRS6","1996-01-01","dir0,1",NA
"SRS6","1996-01-01","dir1,1",NA
"SRS6","1996-02-02","centre",0.731034774873989
"SRS6","1996-02-02","win90",0.731034774873989
"SRS6","1996-02-02","dir-1,-1",0.806908698549713
"SRS6","1996-02-02","dir0,-1",0.83799085891414
"SRS6","1996-02-02","dir1,-1",0.83493260500004
"SRS6","1996-02-02","dir-1,0",0.36315519286258
"SRS6","1996-02-02","dir1,0",0.809819083069554
"SRS6","1996-02-02","dir-1,1",0.648147830119013
"SRS6","1996-02-02","dir0,1",0.506696601378029
"SRS6","1996-02-02","dir1,1",0.277705232001393
"SRS6","1996-04-06","centre",0.528683568690947
"SRS6","1996-04-06","win90",0.528683568690947
"SRS6","1996-04-06","dir-1,-1",0.757171176765626
"SRS6","1996-04-06","dir0,-1",0.823086235879212
"SRS6","1996-04-06","dir1,-1",0.830320446419621
"SRS6","1996-04-06","dir-1,0",0.0991146282222048
"SRS6","1996-04-06","dir1,0",0.745987507906388
"SRS6","1996-04-06","dir-1,1",0.547228975090723
"SRS6","1996-04-06","dir0,1",0.203160192660869
"SRS6","1996-04-06","dir1,1",0.0991146282222048
"SRS6","1997-01-03","centre",0.748278065753036
"SRS6","1997-01-03","win90",0.748278065753036
"SRS6","1997-01-03","dir-1,-1",0.832580436987186
"SRS6","1997-01-03","dir0,-1",0.87007623888183
"SRS6","1997-01-03","dir1,-1",0.87007623888183
"SRS6","1997-01-03","dir-1,0",0.319
"SRS6","1997-01-03","dir1,0",0.840886986967516
"SRS6","1997-01-03","dir-1,1",0.776579384445037
"SRS6","1997-01-03","dir0,1",0.726173872617387
"SRS6","1997-01-03","dir1,1",0.396801088990982
"SRS6","1997-01-03","centre",0.707910442087657
"SRS6","1997-01-03","win90",0.707910442087657
"SRS6","1997-01-03","dir-1,-1",0.824697912852435
"SRS6","1997-01-03","dir0,-1",0.865550945784403
"SRS6","1997-01-03","dir1,-1",0.865550945784403
"SRS6","1997-01-03","dir-1,0",0.302960446493569
"SRS6","1997-01-03","dir1,0",0.835487964894921
"SRS6","1997-01-03","dir-1,1",0.77321452399662
"SRS6","1997-01-03","dir0,1",0.70719659548598
"SRS6","1997-01-03","dir1,1",0.222087623662427
"SRS6","1997-02-20","centre",NA
"SRS6","1997-02-20","win90",NA
"SRS6","1997-02-20","dir-1,-1",NA
"SRS6","1997-02-20","dir0,-1",NA
"SRS6","1997-02-20","dir1,-1",NA
"SRS6","1997-02-20","dir-1,0",NA
"SRS6","1997-02-20","dir1,0",NA
"SRS6","1997-02-20","dir-1,1",NA
"SRS6","1997-02-20","dir0,1",0.6784140969163
"SRS6","1997-02-20","dir1,1",NA
"SRS6","1997-03-08","centre",NA
"SRS6","1997-03-08","win90",NA
"SRS6","1997-03-08","dir-1,-1",NA
"SRS6","1997-03-08","dir0,-1",NA
"SRS6","1997-03-08","dir1,-1",NA
"SRS6","1997-03-08","dir-1,0",NA
"SRS6","1997-03-08","dir1,0",NA
"SRS6","1997-03-08","dir-1,1",NA
"SRS6","1997-03-08","dir0,1",NA
"SRS6","1997-03-08","dir1,1",NA
"SRS6","1997-02-20","centre",NA
"SRS6","1997-02-20","win90",NA
"SRS6","1997-02-20","dir-1,-1",NA
"SRS6","1997-02-20","dir0,-1",NA
"SRS6","1997-02-20","dir1,-1",NA
"SRS6","1997-02-20","dir-1,0",NA
"SRS6","1997-02-20","dir1,0",NA
"SRS6","1997-02-20","dir-1,1",NA
"SRS6","1997-02-20","dir0,1",0.681925675675676
"SRS6","1997-02-20","dir1,1",NA
"SRS6","1997-02-04","centre",NA
"SRS6","1997-02-04","win90",NA
"SRS6","1997-02-04","dir-1,-1",NA
"SRS6","1997-02-04","dir0,-1",NA
"SRS6","1997-02-04","dir1,-1",NA
"SRS6","1997-02-04","dir-1,0",NA
"SRS6","1997-02-04","dir1,0",NA
"SRS6","1997-02-04","dir-1,1",NA
"SRS6","1997-02-04","dir0,1",NA
"SRS6","1997-02-04","dir1,1",NA
"SRS6","1997-03-08","centre",NA
"SRS6","1997-03-08","win90",NA
"SRS6","1997-03-08","dir-1,-1",NA
"SRS6","1997-03-08","dir0,-1",NA
"SRS6","1997-03-08","dir1,-1",NA
"SRS6","1997-03-08","dir-1,0",NA
"SRS6","1997-03-08","dir1,0",NA
"SRS6","1997-03-08","dir-1,1",NA
"SRS6","1997-03-08","dir0,1",NA
"SRS6","1997-03-08","dir1,1",NA
"SRS6","1998-03-11","centre",0.610241820768136
"SRS6","1998-03-11","win90",0.610241820768136
"SRS6","1998-03-11","dir-1,-1",0.755811561407118
"SRS6","1998-03-11","dir0,-1",0.82007572626114
"SRS6","1998-03-11","dir1,-1",0.815015453588289
"SRS6","1998-03-11","dir-1,0",0.0148355638551721
"SRS6","1998-03-11","dir1,0",0.798551970928459
"SRS6","1998-03-11","dir-1,1",0.664851144836339
"SRS6","1998-03-11","dir0,1",0.41216842886292
"SRS6","1998-03-11","dir1,1",0.0148186528497408
"SRS6","1998-03-11","centre",0.655297862664847
"SRS6","1998-03-11","win90",0.612846289617067
"SRS6","1998-03-11","dir-1,-1",0.77624687880146
"SRS6","1998-03-11","dir0,-1",0.831094725376011
"SRS6","1998-03-11","dir1,-1",0.828619957537155
"SRS6","1998-03-11","dir-1,0",0.0512959548855874
"SRS6","1998-03-11","dir1,0",0.816206271573905
"SRS6","1998-03-11","dir-1,1",0.675688684834123
"SRS6","1998-03-11","dir0,1",0.412246267404798
"SRS6","1998-03-11","dir1,1",0.0512348353552861
"SRS6","1998-04-12","centre",0.392970242612997
"SRS6","1998-04-12","win90",0.392970242612997
"SRS6","1998-04-12","dir-1,-1",0.69587358252835
"SRS6","1998-04-12","dir0,-1",0.79718203070702
"SRS6","1998-04-12","dir1,-1",0.801339130569092
"SRS6","1998-04-12","dir-1,0",0.134869519583989
"SRS6","1998-04-12","dir1,0",0.763205717202654
"SRS6","1998-04-12","dir-1,1",0.594864628820961
"SRS6","1998-04-12","dir0,1",0.440666955391945
"SRS6","1998-04-12","dir1,1",0.134869519583989
"SRS6","1998-04-12","centre",0.422581138227951
"SRS6","1998-04-12","win90",0.422581138227951
"SRS6","1998-04-12","dir-1,-1",0.701307258447103
"SRS6","1998-04-12","dir0,-1",0.800710280078147
"SRS6","1998-04-12","dir1,-1",0.805135344160866
"SRS6","1998-04-12","dir-1,0",0.141741507223741
"SRS6","1998-04-12","dir1,0",0.774669450243563
"SRS6","1998-04-12","dir-1,1",0.601251362086541
"SRS6","1998-04-12","dir0,1",0.424911559968048
"SRS6","1998-04-12","dir1,1",0.0752077416640369
"SRS6","1998-04-28","centre",NA
"SRS6","1998-04-28","win90",NA
"SRS6","1998-04-28","dir-1,-1",NA
"SRS6","1998-04-28","dir0,-1",NA
"SRS6","1998-04-28","dir1,-1",NA
"SRS6","1998-04-28","dir-1,0",NA
"SRS6","1998-04-28","dir1,0",NA
"SRS6","1998-04-28","dir-1,1",NA
"SRS6","1998-04-28","dir0,1",NA
"SRS6","1998-04-28","dir1,1",NA
"SRS6","1998-01-22","centre",NA
"SRS6","1998-01-22","win90",NA
"SRS6","1998-01-22","dir-1,-1",0.287979928813681
"SRS6","1998-01-22","dir0,-1",NA
"SRS6","1998-01-22","dir1,-1",NA
"SRS6","1998-01-22","dir-1,0",0.143445435827042
"SRS6","1998-01-22","dir1,0",NA
"SRS6","1998-01-22","dir-1,1",0.366368805848903
"SRS6","1998-01-22","dir0,1",0.472020647460344
"SRS6","1998-01-22","dir1,1",NA
"SRS6","1998-01-06","centre",NA
"SRS6","1998-01-06","win90",NA
"SRS6","1998-01-06","dir-1,-1",NA
"SRS6","1998-01-06","dir0,-1",NA
"SRS6","1998-01-06","dir1,-1",NA
"SRS6","1998-01-06","dir-1,0",NA
"SRS6","1998-01-06","dir1,0",0.665955831857447
"SRS6","1998-01-06","dir-1,1",NA
"SRS6","1998-01-06","dir0,1",NA
"SRS6","1998-01-06","dir1,1",0.674497235234036
"SRS6","1998-03-27","centre",NA
"SRS6","1998-03-27","win90",NA
"SRS6","1998-03-27","dir-1,-1",NA
"SRS6","1998-03-27","dir0,-1",NA
"SRS6","1998-03-27","dir1,-1",NA
"SRS6","1998-03-27","dir-1,0",NA
"SRS6","1998-03-27","dir1,0",NA
"SRS6","1998-03-27","dir-1,1",NA
"SRS6","1998-03-27","dir0,1",NA
"SRS6","1998-03-27","dir1,1",NA
"SRS6","1999-02-26","centre",0.700301759034371
"SRS6","1999-02-26","win90",0.700301759034371
"SRS6","1999-02-26","dir-1,-1",0.776594336152998
"SRS6","1999-02-26","dir0,-1",0.819114904972886
"SRS6","1999-02-26","dir1,-1",0.824209073830859
"SRS6","1999-02-26","dir-1,0",-0.0352443929374873
"SRS6","1999-02-26","dir1,0",0.818512195365462
"SRS6","1999-02-26","dir-1,1",0.426507240432849
"SRS6","1999-02-26","dir0,1",0.235646958011996
"SRS6","1999-02-26","dir1,1",-0.0352443929374873
"SRS6","1999-01-09","centre",0.673962817107794
"SRS6","1999-01-09","win90",0.673962817107794
"SRS6","1999-01-09","dir-1,-1",0.802530131159163
"SRS6","1999-01-09","dir0,-1",0.843115511551155
"SRS6","1999-01-09","dir1,-1",0.823345786798006
"SRS6","1999-01-09","dir-1,0",0.207038645728923
"SRS6","1999-01-09","dir1,0",0.811006664018712
"SRS6","1999-01-09","dir-1,1",0.517054536588009
"SRS6","1999-01-09","dir0,1",0.67005386195791
"SRS6","1999-01-09","dir1,1",0.359942466738583
"SRS6","1999-01-25","centre",0.749364709158631
"SRS6","1999-01-25","win90",0.749364709158631
"SRS6","1999-01-25","dir-1,-1",0.845009339373511
"SRS6","1999-01-25","dir0,-1",0.849571850640138
"SRS6","1999-01-25","dir1,-1",0.873408384411387
"SRS6","1999-01-25","dir-1,0",0.482795776165505
"SRS6","1999-01-25","dir1,0",0.844193565118169
"SRS6","1999-01-25","dir-1,1",0.750017367141369
"SRS6","1999-01-25","dir0,1",0.730795274998119
"SRS6","1999-01-25","dir1,1",0.483559968343046
"SRS6","1999-04-15","centre",NA
"SRS6","1999-04-15","win90",NA
"SRS6","1999-04-15","dir-1,-1",NA
"SRS6","1999-04-15","dir0,-1",NA
"SRS6","1999-04-15","dir1,-1",NA
"SRS6","1999-04-15","dir-1,0",NA
"SRS6","1999-04-15","dir1,0",0.42189312782689
"SRS6","1999-04-15","dir-1,1",NA
"SRS6","1999-04-15","dir0,1",NA
"SRS6","1999-04-15","dir1,1",0.0701748062714002
"SRS6","1999-02-26","centre",0.70208174974867
"SRS6","1999-02-26","win90",0.70208174974867
"SRS6","1999-02-26","dir-1,-1",0.778176101552973
"SRS6","1999-02-26","dir0,-1",0.820034999359768
"SRS6","1999-02-26","dir1,-1",0.825276065475845
"SRS6","1999-02-26","dir-1,0",-0.0346243328315319
"SRS6","1999-02-26","dir1,0",0.819707585437077
"SRS6","1999-02-26","dir-1,1",0.428093856440015
"SRS6","1999-02-26","dir0,1",0.235646958011996
"SRS6","1999-02-26","dir1,1",-0.0345722875102484
"SRS6","1999-01-25","centre",0.712321774934495
"SRS6","1999-01-25","win90",0.712321774934495
"SRS6","1999-01-25","dir-1,-1",0.832289957689319
"SRS6","1999-01-25","dir0,-1",0.839506068992202
"SRS6","1999-01-25","dir1,-1",0.862727924197786
"SRS6","1999-01-25","dir-1,0",0.431358041299522
"SRS6","1999-01-25","dir1,0",0.833625112138869
"SRS6","1999-01-25","dir-1,1",0.730158455277513
"SRS6","1999-01-25","dir0,1",0.664476288496556
"SRS6","1999-01-25","dir1,1",0.431358041299522
"SRS6","1999-01-09","centre",0.743634767339772
"SRS6","1999-01-09","win90",0.743634767339772
"SRS6","1999-01-09","dir-1,-1",0.842233848848733
"SRS6","1999-01-09","dir0,-1",0.878800219558404
"SRS6","1999-01-09","dir1,-1",0.862943755881705
"SRS6","1999-01-09","dir-1,0",0.308683239328737
"SRS6","1999-01-09","dir1,0",0.836600339044421
"SRS6","1999-01-09","dir-1,1",0.597044798963914
"SRS6","1999-01-09","dir0,1",0.74572808320951
"SRS6","1999-01-09","dir1,1",0.47174630201128
"SRS6","1999-03-30","centre",0.51546011364475
"SRS6","1999-03-30","win90",0.51546011364475
"SRS6","1999-03-30","dir-1,-1",0.662976907373021
"SRS6","1999-03-30","dir0,-1",0.701444296978687
"SRS6","1999-03-30","dir1,-1",0.701444296978687
"SRS6","1999-03-30","dir-1,0",0.294530318265791
"SRS6","1999-03-30","dir1,0",0.655669806054276
"SRS6","1999-03-30","dir-1,1",0.461265577150481
"SRS6","1999-03-30","dir0,1",0.301113610181579
"SRS6","1999-03-30","dir1,1",0.255454256814986
"SRS6","2000-02-05","centre",0.73336575445422
"SRS6","2000-02-05","win90",0.73336575445422
"SRS6","2000-02-05","dir-1,-1",0.858440620151366
"SRS6","2000-02-05","dir0,-1",0.897920766663814
"SRS6","2000-02-05","dir1,-1",0.897167793274579
"SRS6","2000-02-05","dir-1,0",0.312745712495015
"SRS6","2000-02-05","dir1,0",0.878302431318542
"SRS6","2000-02-05","dir-1,1",0.645493042952208
"SRS6","2000-02-05","dir0,1",0.56896551724138
"SRS6","2000-02-05","dir1,1",0.332724902216428
"SRS6","2000-02-13","centre",0.541720051249199
"SRS6","2000-02-13","win90",0.541720051249199
"SRS6","2000-02-13","dir-1,-1",0.809390841851575
"SRS6","2000-02-13","dir0,-1",0.854374128255863
"SRS6","2000-02-13","dir1,-1",0.873175528794728
"SRS6","2000-02-13","dir-1,0",0.331503329050345
"SRS6","2000-02-13","dir1,0",0.83062325511205
"SRS6","2000-02-13","dir-1,1",0.74640685461581
"SRS6","2000-02-13","dir0,1",0.474110127250337
"SRS6","2000-02-13","dir1,1",0.124052747777314
"SRS6","2000-01-12","centre",0.589663103774861
"SRS6","2000-01-12","win90",0.589663103774861
"SRS6","2000-01-12","dir-1,-1",0.781652723581333
"SRS6","2000-01-12","dir0,-1",0.862551552232042
"SRS6","2000-01-12","dir1,-1",0.83788656695915
"SRS6","2000-01-12","dir-1,0",0.127251798561151
"SRS6","2000-01-12","dir1,0",0.809854687169572
"SRS6","2000-01-12","dir-1,1",0.51366387636832
"SRS6","2000-01-12","dir0,1",0.41871430214283
"SRS6","2000-01-12","dir1,1",0.224030293726333
"SRS6","2000-04-17","centre",0.617599742599743
"SRS6","2000-04-17","win90",0.617599742599743
"SRS6","2000-04-17","dir-1,-1",0.785398328939726
"SRS6","2000-04-17","dir0,-1",0.835905670530155
"SRS6","2000-04-17","dir1,-1",0.82717504719273
"SRS6","2000-04-17","dir-1,0",0.135031978543429
"SRS6","2000-04-17","dir1,0",0.807190587900761
"SRS6","2000-04-17","dir-1,1",0.592361553150859
"SRS6","2000-04-17","dir0,1",0.432575154143434
"SRS6","2000-04-17","dir1,1",0.0632854828799646
"SRS6","2000-04-25","centre",0.610436331255566
"SRS6","2000-04-25","win90",0.610436331255566
"SRS6","2000-04-25","dir-1,-1",0.749917111596374
"SRS6","2000-04-25","dir0,-1",0.822237753145012
"SRS6","2000-04-25","dir1,-1",0.822237753145012
"SRS6","2000-04-25","dir-1,0",0.384331408380139
"SRS6","2000-04-25","dir1,0",0.790147650099672
"SRS6","2000-04-25","dir-1,1",0.628784035176729
"SRS6","2000-04-25","dir0,1",0.50005021996344
"SRS6","2000-04-25","dir1,1",0.35716870896024
"SRS6","2000-02-13","centre",0.59836431737741
"SRS6","2000-02-13","win90",0.59836431737741
"SRS6","2000-02-13","dir-1,-1",0.80576974208987
"SRS6","2000-02-13","dir0,-1",0.852704856706028
"SRS6","2000-02-13","dir1,-1",0.871137364110459
"SRS6","2000-02-13","dir-1,0",0.32858455882353
"SRS6","2000-02-13","dir1,0",0.82874432677761
"SRS6","2000-02-13","dir-1,1",0.734145774886979
"SRS6","2000-02-13","dir0,1",0.451319124964792
"SRS6","2000-02-13","dir1,1",0.127134056908185
"SRS6","2000-02-05","centre",0.728689358814882
"SRS6","2000-02-05","win90",0.728689358814882
"SRS6","2000-02-05","dir-1,-1",0.857887890396572
"SRS6","2000-02-05","dir0,-1",0.899123290926528
"SRS6","2000-02-05","dir1,-1",0.898385919652404
"SRS6","2000-02-05","dir-1,0",0.325150768708061
"SRS6","2000-02-05","dir1,0",0.879712692752022
"SRS6","2000-02-05","dir-1,1",0.660522869476645
"SRS6","2000-02-05","dir0,1",0.573305084745762
"SRS6","2000-02-05","dir1,1",0.337976825934124
"SRS6","2000-03-24","centre",0.659196583584443
"SRS6","2000-03-24","win90",0.659196583584443
"SRS6","2000-03-24","dir-1,-1",0.807155852031534
"SRS6","2000-03-24","dir0,-1",0.848950912303271
"SRS6","2000-03-24","dir1,-1",0.847032923541198
"SRS6","2000-03-24","dir-1,0",0.352153667054715
"SRS6","2000-03-24","dir1,0",0.824511340061799
"SRS6","2000-03-24","dir-1,1",0.679048030180747
"SRS6","2000-03-24","dir0,1",0.5108933141894
"SRS6","2000-03-24","dir1,1",0.263538216697493
"SRS6","2001-03-27","centre",0.494311174416787
"SRS6","2001-03-27","win90",0.494311174416787
"SRS6","2001-03-27","dir-1,-1",0.750871474978146
"SRS6","2001-03-27","dir0,-1",0.83350686009116
"SRS6","2001-03-27","dir1,-1",0.84237931061564
"SRS6","2001-03-27","dir-1,0",0.115321727421371
"SRS6","2001-03-27","dir1,0",0.769219885750668
"SRS6","2001-03-27","dir-1,1",0.506290081534591
"SRS6","2001-03-27","dir0,1",0.259862170670146
"SRS6","2001-03-27","dir1,1",0.0115016488377703
"SRS6","2001-03-03","centre",0.551785889993112
"SRS6","2001-03-03","win90",0.551785889993112
"SRS6","2001-03-03","dir-1,-1",0.696680720582599
"SRS6","2001-03-03","dir0,-1",0.811527587176138
"SRS6","2001-03-03","dir1,-1",0.816952912149292
"SRS6","2001-03-03","dir-1,0",0.00531804682643824
"SRS6","2001-03-03","dir1,0",0.754004205056324
"SRS6","2001-03-03","dir-1,1",0.406617874445933
"SRS6","2001-03-03","dir0,1",0.38398647347131
"SRS6","2001-03-03","dir1,1",0.118198617479981
"SRS6","2001-04-04","centre",0.453308620553671
"SRS6","2001-04-04","win90",0.453308620553671
"SRS6","2001-04-04","dir-1,-1",0.678851900757523
"SRS6","2001-04-04","dir0,-1",0.80017101054565
"SRS6","2001-04-04","dir1,-1",0.811125911070536
"SRS6","2001-04-04","dir-1,0",-0.0772081091673498
"SRS6","2001-04-04","dir1,0",0.785226218739097
"SRS6","2001-04-04","dir-1,1",0.508459563735719
"SRS6","2001-04-04","dir0,1",0.149200810445745
"SRS6","2001-04-04","dir1,1",-0.0624655222766654
"SRS6","2001-03-11","centre",0.47168336947391
"SRS6","2001-03-11","win90",0.47168336947391
"SRS6","2001-03-11","dir-1,-1",0.75583948635634
"SRS6","2001-03-11","dir0,-1",0.852168663429898
"SRS6","2001-03-11","dir1,-1",0.84763505234044
"SRS6","2001-03-11","dir-1,0",-0.0136701251408919
"SRS6","2001-03-11","dir1,0",0.770797668737618
"SRS6","2001-03-11","dir-1,1",0.403445020395803
"SRS6","2001-03-11","dir0,1",0.257844073774708
"SRS6","2001-03-11","dir1,1",-0.0136614389278803
"SRS6","2001-01-30","centre",NA
"SRS6","2001-01-30","win90",NA
"SRS6","2001-01-30","dir-1,-1",NA
"SRS6","2001-01-30","dir0,-1",NA
"SRS6","2001-01-30","dir1,-1",NA
"SRS6","2001-01-30","dir-1,0",0.335100015109778
"SRS6","2001-01-30","dir1,0",NA
"SRS6","2001-01-30","dir-1,1",0.491555432931651
"SRS6","2001-01-30","dir0,1",NA
"SRS6","2001-01-30","dir1,1",NA
"SRS6","2001-01-06","centre",0.675550405561993
"SRS6","2001-01-06","win90",0.675550405561993
"SRS6","2001-01-06","dir-1,-1",0.834973198090934
"SRS6","2001-01-06","dir0,-1",0.85970118353404
"SRS6","2001-01-06","dir1,-1",0.868783953196824
"SRS6","2001-01-06","dir-1,0",0.249043205607046
"SRS6","2001-01-06","dir1,0",0.820511571254568
"SRS6","2001-01-06","dir-1,1",0.611710149298748
"SRS6","2001-01-06","dir0,1",0.443349620711066
"SRS6","2001-01-06","dir1,1",0.13649702355999
"SRS6","2001-02-23","centre",0.693407060825181
"SRS6","2001-02-23","win90",0.693407060825181
"SRS6","2001-02-23","dir-1,-1",0.839236052940191
"SRS6","2001-02-23","dir0,-1",0.868200989325696
"SRS6","2001-02-23","dir1,-1",0.870749092213207
"SRS6","2001-02-23","dir-1,0",0.243853750787981
"SRS6","2001-02-23","dir1,0",0.803972697292737
"SRS6","2001-02-23","dir-1,1",0.618607802581841
"SRS6","2001-02-23","dir0,1",0.480316981616349
"SRS6","2001-02-23","dir1,1",0.139494668075703
"SRS6","2001-02-07","centre",0.656948581400247
"SRS6","2001-02-07","win90",0.475883084456441
"SRS6","2001-02-07","dir-1,-1",NA
"SRS6","2001-02-07","dir0,-1",NA
"SRS6","2001-02-07","dir1,-1",NA
"SRS6","2001-02-07","dir-1,0",0.519168143204278
"SRS6","2001-02-07","dir1,0",0.711401858220229
"SRS6","2001-02-07","dir-1,1",0.747968690529382
"SRS6","2001-02-07","dir0,1",0.531067183939898
"SRS6","2001-02-07","dir1,1",0.326635846372689
"SRS6","2002-01-09","centre",0.771965159164029
"SRS6","2002-01-09","win90",0.760447794478391
"SRS6","2002-01-09","dir-1,-1",0.858909605331506
"SRS6","2002-01-09","dir0,-1",0.868109167000579
"SRS6","2002-01-09","dir1,-1",0.889393335528254
"SRS6","2002-01-09","dir-1,0",0.219530057979859
"SRS6","2002-01-09","dir1,0",0.849182335142518
"SRS6","2002-01-09","dir-1,1",0.716298552932216
"SRS6","2002-01-09","dir0,1",0.480359381529461
"SRS6","2002-01-09","dir1,1",0.0343290236290674
"SRS6","2002-02-18","centre",0.597754687686612
"SRS6","2002-02-18","win90",0.597754687686612
"SRS6","2002-02-18","dir-1,-1",0.838868553222021
"SRS6","2002-02-18","dir0,-1",0.883961256196031
"SRS6","2002-02-18","dir1,-1",0.862909648806579
"SRS6","2002-02-18","dir-1,0",0.0587983750267264
"SRS6","2002-02-18","dir1,0",0.827107949011138
"SRS6","2002-02-18","dir-1,1",0.694480872269475
"SRS6","2002-02-18","dir0,1",0.469328610529706
"SRS6","2002-02-18","dir1,1",0.0596291012838804
"SRS6","2002-01-09","centre",0.737898949816988
"SRS6","2002-01-09","win90",0.737898949816988
"SRS6","2002-01-09","dir-1,-1",0.872105651852817
"SRS6","2002-01-09","dir0,-1",0.87701450175174
"SRS6","2002-01-09","dir1,-1",0.898207106003348
"SRS6","2002-01-09","dir-1,0",0.245853346141531
"SRS6","2002-01-09","dir1,0",0.86353594355445
"SRS6","2002-01-09","dir-1,1",0.719547029151389
"SRS6","2002-01-09","dir0,1",0.479660762533773
"SRS6","2002-01-09","dir1,1",0.0562904315921599
"SRS6","2002-01-25","centre",0.774344540643069
"SRS6","2002-01-25","win90",0.774344540643069
"SRS6","2002-01-25","dir-1,-1",0.87315999449718
"SRS6","2002-01-25","dir0,-1",0.904417137721634
"SRS6","2002-01-25","dir1,-1",0.901111817303256
"SRS6","2002-01-25","dir-1,0",0.318805840052299
"SRS6","2002-01-25","dir1,0",0.865142536554578
"SRS6","2002-01-25","dir-1,1",0.731215785357637
"SRS6","2002-01-25","dir0,1",0.512132384463689
"SRS6","2002-01-25","dir1,1",0.297444128904803
"SRS6","2002-04-15","centre",0.619654338465168
"SRS6","2002-04-15","win90",0.619654338465168
"SRS6","2002-04-15","dir-1,-1",0.760303338207232
"SRS6","2002-04-15","dir0,-1",0.821039003074931
"SRS6","2002-04-15","dir1,-1",0.833130965495614
"SRS6","2002-04-15","dir-1,0",0.263036024402191
"SRS6","2002-04-15","dir1,0",0.773942083435427
"SRS6","2002-04-15","dir-1,1",0.630522395186706
"SRS6","2002-04-15","dir0,1",0.381976294002025
"SRS6","2002-04-15","dir1,1",0.188892611827777
"SRS6","2002-01-17","centre",NA
"SRS6","2002-01-17","win90",0.559251540214498
"SRS6","2002-01-17","dir-1,-1",NA
"SRS6","2002-01-17","dir0,-1",NA
"SRS6","2002-01-17","dir1,-1",0.645483321158997
"SRS6","2002-01-17","dir-1,0",NA
"SRS6","2002-01-17","dir1,0",0.654584488400692
"SRS6","2002-01-17","dir-1,1",NA
"SRS6","2002-01-17","dir0,1",0.492059887486926
"SRS6","2002-01-17","dir1,1",0.478777443088716
"SRS6","2002-02-18","centre",0.56953103822174
"SRS6","2002-02-18","win90",0.56953103822174
"SRS6","2002-02-18","dir-1,-1",0.827350884010103
"SRS6","2002-02-18","dir0,-1",0.875472591864841
"SRS6","2002-02-18","dir1,-1",0.854882064377394
"SRS6","2002-02-18","dir-1,0",0.045133517185714
"SRS6","2002-02-18","dir1,0",0.817113578861565
"SRS6","2002-02-18","dir-1,1",0.668281616487869
"SRS6","2002-02-18","dir0,1",0.445439962439845
"SRS6","2002-02-18","dir1,1",0.0452004041764904
"SRS6","2002-02-02","centre",0.391288709851455
"SRS6","2002-02-02","win90",0.391288709851455
"SRS6","2002-02-02","dir-1,-1",0.817874078153755
"SRS6","2002-02-02","dir0,-1",0.856979453505613
"SRS6","2002-02-02","dir1,-1",0.872960066180341
"SRS6","2002-02-02","dir-1,0",0.24823953423898
"SRS6","2002-02-02","dir1,0",0.803725294377221
"SRS6","2002-02-02","dir-1,1",0.681730482659095
"SRS6","2002-02-02","dir0,1",0.390738477025958
"SRS6","2002-02-02","dir1,1",0.042869245975713
"SRS6","2003-04-18","centre",0.630611331372298
"SRS6","2003-04-18","win90",0.630611331372298
"SRS6","2003-04-18","dir-1,-1",NA
"SRS6","2003-04-18","dir0,-1",NA
"SRS6","2003-04-18","dir1,-1",NA
"SRS6","2003-04-18","dir-1,0",NA
"SRS6","2003-04-18","dir1,0",0.775456422751583
"SRS6","2003-04-18","dir-1,1",NA
"SRS6","2003-04-18","dir0,1",0.250985469716588
"SRS6","2003-04-18","dir1,1",0.109186453873102
"SRS6","2003-01-20","centre",0.312122655277833
"SRS6","2003-01-20","win90",0.312122655277833
"SRS6","2003-01-20","dir-1,-1",0.489616476786753
"SRS6","2003-01-20","dir0,-1",0.651890512822507
"SRS6","2003-01-20","dir1,-1",0.646291729893778
"SRS6","2003-01-20","dir-1,0",0.147978265105967
"SRS6","2003-01-20","dir1,0",0.533238772658059
"SRS6","2003-01-20","dir-1,1",0.305396418412724
"SRS6","2003-01-20","dir0,1",0.253495290798946
"SRS6","2003-01-20","dir1,1",0.150941965808726
"SRS6","2003-03-09","centre",0.542511043307983
"SRS6","2003-03-09","win90",0.542511043307983
"SRS6","2003-03-09","dir-1,-1",0.712967328104687
"SRS6","2003-03-09","dir0,-1",0.791433593091659
"SRS6","2003-03-09","dir1,-1",0.817921747445452
"SRS6","2003-03-09","dir-1,0",0.23942915546807
"SRS6","2003-03-09","dir1,0",0.770489462788613
"SRS6","2003-03-09","dir-1,1",0.492421572083186
"SRS6","2003-03-09","dir0,1",0.286657672370944
"SRS6","2003-03-09","dir1,1",0.222672064777328
"SRS6","2003-02-13","centre",0.771718902312941
"SRS6","2003-02-13","win90",0.822729381204193
"SRS6","2003-02-13","dir-1,-1",0.864808605326032
"SRS6","2003-02-13","dir0,-1",0.890288757593409
"SRS6","2003-02-13","dir1,-1",0.874079293971578
"SRS6","2003-02-13","dir-1,0",0.499278866547891
"SRS6","2003-02-13","dir1,0",0.846978806378978
"SRS6","2003-02-13","dir-1,1",0.71060150185836
"SRS6","2003-02-13","dir0,1",0.76985503225359
"SRS6","2003-02-13","dir1,1",0.496031075831785
"SRS6","2003-02-13","centre",0.81839838739234
"SRS6","2003-02-13","win90",0.827654009199964
"SRS6","2003-02-13","dir-1,-1",0.846309568844766
"SRS6","2003-02-13","dir0,-1",0.889008024929217
"SRS6","2003-02-13","dir1,-1",0.879764036467092
"SRS6","2003-02-13","dir-1,0",0.496459346472144
"SRS6","2003-02-13","dir1,0",0.858593595572247
"SRS6","2003-02-13","dir-1,1",0.693508298367053
"SRS6","2003-02-13","dir0,1",0.71996995177745
"SRS6","2003-02-13","dir1,1",0.391549863870121
"SRS6","2003-01-12","centre",0.785522933297254
"SRS6","2003-01-12","win90",0.785522933297254
"SRS6","2003-01-12","dir-1,-1",0.86696641100238
"SRS6","2003-01-12","dir0,-1",0.883835041562424
"SRS6","2003-01-12","dir1,-1",0.8880477760225
"SRS6","2003-01-12","dir-1,0",0.608153248346854
"SRS6","2003-01-12","dir1,0",0.846244382623582
"SRS6","2003-01-12","dir-1,1",0.763372439848876
"SRS6","2003-01-12","dir0,1",0.644658753709199
"SRS6","2003-01-12","dir1,1",0.608153248346854
"SRS6","2003-03-01","centre",NA
"SRS6","2003-03-01","win90",NA
"SRS6","2003-03-01","dir-1,-1",NA
"SRS6","2003-03-01","dir0,-1",NA
"SRS6","2003-03-01","dir1,-1",NA
"SRS6","2003-03-01","dir-1,0",NA
"SRS6","2003-03-01","dir1,0",NA
"SRS6","2003-03-01","dir-1,1",NA
"SRS6","2003-03-01","dir0,1",NA
"SRS6","2003-03-01","dir1,1",NA
"SRS6","2003-01-12","centre",0.781821135569816
"SRS6","2003-01-12","win90",0.781821135569816
"SRS6","2003-01-12","dir-1,-1",0.861814246093486
"SRS6","2003-01-12","dir0,-1",0.882331021968764
"SRS6","2003-01-12","dir1,-1",0.886633368464464
"SRS6","2003-01-12","dir-1,0",0.600352112676056
"SRS6","2003-01-12","dir1,0",0.835955808503515
"SRS6","2003-01-12","dir-1,1",0.759789280590767
"SRS6","2003-01-12","dir0,1",0.668918918918919
"SRS6","2003-01-12","dir1,1",0.601247796012478
"SRS6","2004-01-23","centre",0.459922646038944
"SRS6","2004-01-23","win90",0.459922646038944
"SRS6","2004-01-23","dir-1,-1",0.670841926991633
"SRS6","2004-01-23","dir0,-1",0.840431152911339
"SRS6","2004-01-23","dir1,-1",0.856986668547648
"SRS6","2004-01-23","dir-1,0",-0.0754796247024227
"SRS6","2004-01-23","dir1,0",0.810774866422455
"SRS6","2004-01-23","dir-1,1",0.482286161675475
"SRS6","2004-01-23","dir0,1",0.246979712787782
"SRS6","2004-01-23","dir1,1",0.00502921005842035
"SRS6","2004-01-23","centre",0.493946477792121
"SRS6","2004-01-23","win90",0.493946477792121
"SRS6","2004-01-23","dir-1,-1",0.703163177705871
"SRS6","2004-01-23","dir0,-1",0.853134572187053
"SRS6","2004-01-23","dir1,-1",0.87135571422236
"SRS6","2004-01-23","dir-1,0",-0.0713288108539504
"SRS6","2004-01-23","dir1,0",0.825195842939394
"SRS6","2004-01-23","dir-1,1",0.500929981400372
"SRS6","2004-01-23","dir0,1",0.263589683054949
"SRS6","2004-01-23","dir1,1",0.0174326465927101
"SRS6","2004-01-15","centre",0.897772999539241
"SRS6","2004-01-15","win90",0.886917167867564
"SRS6","2004-01-15","dir-1,-1",0.876058544226345
"SRS6","2004-01-15","dir0,-1",0.886192346154784
"SRS6","2004-01-15","dir1,-1",0.900315086333655
"SRS6","2004-01-15","dir-1,0",0.452185201211597
"SRS6","2004-01-15","dir1,0",0.84071258961337
"SRS6","2004-01-15","dir-1,1",0.771156569156147
"SRS6","2004-01-15","dir0,1",0.617614113693644
"SRS6","2004-01-15","dir1,1",0.505178815712331
"SRS6","2004-02-24","centre",0.480553770258299
"SRS6","2004-02-24","win90",0.480553770258299
"SRS6","2004-02-24","dir-1,-1",0.68269138641372
"SRS6","2004-02-24","dir0,-1",0.780152849117508
"SRS6","2004-02-24","dir1,-1",0.794245138917558
"SRS6","2004-02-24","dir-1,0",0.302183475123133
"SRS6","2004-02-24","dir1,0",0.722364267808214
"SRS6","2004-02-24","dir-1,1",0.581346511920928
"SRS6","2004-02-24","dir0,1",0.442183215504859
"SRS6","2004-02-24","dir1,1",0.282240837193673
"SRS6","2004-04-04","centre",0.552163716144651
"SRS6","2004-04-04","win90",0.552163716144651
"SRS6","2004-04-04","dir-1,-1",0.766292738303041
"SRS6","2004-04-04","dir0,-1",0.827953041693436
"SRS6","2004-04-04","dir1,-1",0.829773212182122
"SRS6","2004-04-04","dir-1,0",0.189109589041096
"SRS6","2004-04-04","dir1,0",0.779849982318015
"SRS6","2004-04-04","dir-1,1",0.576778291199087
"SRS6","2004-04-04","dir0,1",0.120515168936415
"SRS6","2004-04-04","dir1,1",0.301537224981897
"SRS6","2004-04-20","centre",0.648424855152354
"SRS6","2004-04-20","win90",0.648424855152354
"SRS6","2004-04-20","dir-1,-1",0.75616954154582
"SRS6","2004-04-20","dir0,-1",0.812135527437739
"SRS6","2004-04-20","dir1,-1",0.81862490201709
"SRS6","2004-04-20","dir-1,0",0.488654797037153
"SRS6","2004-04-20","dir1,0",0.769135367958838
"SRS6","2004-04-20","dir-1,1",0.590387543040471
"SRS6","2004-04-20","dir0,1",0.538535888384603
"SRS6","2004-04-20","dir1,1",0.358643476092513
"SRS6","2004-03-19","centre",NA
"SRS6","2004-03-19","win90",NA
"SRS6","2004-03-19","dir-1,-1",NA
"SRS6","2004-03-19","dir0,-1",NA
"SRS6","2004-03-19","dir1,-1",NA
"SRS6","2004-03-19","dir-1,0",NA
"SRS6","2004-03-19","dir1,0",NA
"SRS6","2004-03-19","dir-1,1",0.691455575445651
"SRS6","2004-03-19","dir0,1",0.493347286589924
"SRS6","2004-03-19","dir1,1",0.408989506733868
"SRS6","2004-04-04","centre",0.545799078770917
"SRS6","2004-04-04","win90",0.545799078770917
"SRS6","2004-04-04","dir-1,-1",0.767226662048148
"SRS6","2004-04-04","dir0,-1",0.833892150929818
"SRS6","2004-04-04","dir1,-1",0.833532326916472
"SRS6","2004-04-04","dir-1,0",0.196934813236658
"SRS6","2004-04-04","dir1,0",0.777593787472163
"SRS6","2004-04-04","dir-1,1",0.571509616968322
"SRS6","2004-04-04","dir0,1",0.14085547751026
"SRS6","2004-04-04","dir1,1",0.300046692583448
"SRS6","2005-04-23","centre",NA
"SRS6","2005-04-23","win90",NA
"SRS6","2005-04-23","dir-1,-1",NA
"SRS6","2005-04-23","dir0,-1",NA
"SRS6","2005-04-23","dir1,-1",NA
"SRS6","2005-04-23","dir-1,0",NA
"SRS6","2005-04-23","dir1,0",NA
"SRS6","2005-04-23","dir-1,1",NA
"SRS6","2005-04-23","dir0,1",NA
"SRS6","2005-04-23","dir1,1",NA
"SRS6","2005-02-18","centre",NA
"SRS6","2005-02-18","win90",NA
"SRS6","2005-02-18","dir-1,-1",NA
"SRS6","2005-02-18","dir0,-1",NA
"SRS6","2005-02-18","dir1,-1",NA
"SRS6","2005-02-18","dir-1,0",NA
"SRS6","2005-02-18","dir1,0",NA
"SRS6","2005-02-18","dir-1,1",0.809281170558982
"SRS6","2005-02-18","dir0,1",0.545408750719632
"SRS6","2005-02-18","dir1,1",0.467000220734309
"SRS6","2005-01-25","centre",0.653486353553862
"SRS6","2005-01-25","win90",0.653486353553862
"SRS6","2005-01-25","dir-1,-1",0.780123628230494
"SRS6","2005-01-25","dir0,-1",0.849901847284442
"SRS6","2005-01-25","dir1,-1",0.87109273394265
"SRS6","2005-01-25","dir-1,0",-0.0161685448309651
"SRS6","2005-01-25","dir1,0",0.760008078269455
"SRS6","2005-01-25","dir-1,1",0.450467577844004
"SRS6","2005-01-25","dir0,1",0.257678292555961
"SRS6","2005-01-25","dir1,1",0.0594908323440181
"SRS6","2005-04-23","centre",NA
"SRS6","2005-04-23","win90",NA
"SRS6","2005-04-23","dir-1,-1",NA
"SRS6","2005-04-23","dir0,-1",NA
"SRS6","2005-04-23","dir1,-1",NA
"SRS6","2005-04-23","dir-1,0",NA
"SRS6","2005-04-23","dir1,0",NA
"SRS6","2005-04-23","dir-1,1",NA
"SRS6","2005-04-23","dir0,1",NA
"SRS6","2005-04-23","dir1,1",NA
"SRS6","2005-03-30","centre",0.572752532661409
"SRS6","2005-03-30","win90",0.572752532661409
"SRS6","2005-03-30","dir-1,-1",0.714996200870346
"SRS6","2005-03-30","dir0,-1",0.798798774392276
"SRS6","2005-03-30","dir1,-1",0.805879447027735
"SRS6","2005-03-30","dir-1,0",0.304568915105133
"SRS6","2005-03-30","dir1,0",0.726999830459455
"SRS6","2005-03-30","dir-1,1",0.499542576938559
"SRS6","2005-03-30","dir0,1",0.349481878912209
"SRS6","2005-03-30","dir1,1",0.321623325021237
"SRS6","2005-01-17","centre",0.827928444296962
"SRS6","2005-01-17","win90",0.801431785641235
"SRS6","2005-01-17","dir-1,-1",0.834407535944472
"SRS6","2005-01-17","dir0,-1",0.866547436552547
"SRS6","2005-01-17","dir1,-1",0.882585389320322
"SRS6","2005-01-17","dir-1,0",0.327109266943292
"SRS6","2005-01-17","dir1,0",0.84605900286944
"SRS6","2005-01-17","dir-1,1",0.726080193169418
"SRS6","2005-01-17","dir0,1",0.410223587642942
"SRS6","2005-01-17","dir1,1",0.301976097503254
"SRS6","2005-02-18","centre",NA
"SRS6","2005-02-18","win90",NA
"SRS6","2005-02-18","dir-1,-1",NA
"SRS6","2005-02-18","dir0,-1",NA
"SRS6","2005-02-18","dir1,-1",NA
"SRS6","2005-02-18","dir-1,0",NA
"SRS6","2005-02-18","dir1,0",NA
"SRS6","2005-02-18","dir-1,1",0.806420244699501
"SRS6","2005-02-18","dir0,1",0.536776771063709
"SRS6","2005-02-18","dir1,1",0.451468894009217
"SRS6","2005-04-15","centre",0.606665726318335
"SRS6","2005-04-15","win90",0.606665726318335
"SRS6","2005-04-15","dir-1,-1",0.755171380033976
"SRS6","2005-04-15","dir0,-1",0.814351746609078
"SRS6","2005-04-15","dir1,-1",0.815164378612717
"SRS6","2005-04-15","dir-1,0",0.0395118830881267
"SRS6","2005-04-15","dir1,0",0.773481685622031
"SRS6","2005-04-15","dir-1,1",0.415847617029168
"SRS6","2005-04-15","dir0,1",0.356585624479285
"SRS6","2005-04-15","dir1,1",0.172511202026106
"SRS6","2006-01-04","centre",0.383917961357335
"SRS6","2006-01-04","win90",0.383917961357335
"SRS6","2006-01-04","dir-1,-1",0.515332870514447
"SRS6","2006-01-04","dir0,-1",0.588005215123859
"SRS6","2006-01-04","dir1,-1",0.645130853652481
"SRS6","2006-01-04","dir-1,0",-0.129910492292392
"SRS6","2006-01-04","dir1,0",0.645130853652481
"SRS6","2006-01-04","dir-1,1",0.497744957129405
"SRS6","2006-01-04","dir0,1",0.169253812636166
"SRS6","2006-01-04","dir1,1",-0.242006012571741
"SRS6","2006-01-04","centre",0.370327153290981
"SRS6","2006-01-04","win90",0.370327153290981
"SRS6","2006-01-04","dir-1,-1",0.564768867331106
"SRS6","2006-01-04","dir0,-1",0.581437866322525
"SRS6","2006-01-04","dir1,-1",0.638826072910713
"SRS6","2006-01-04","dir-1,0",-0.129349333654948
"SRS6","2006-01-04","dir1,0",0.638826072910713
"SRS6","2006-01-04","dir-1,1",0.449330682571239
"SRS6","2006-01-04","dir0,1",0.163119136487441
"SRS6","2006-01-04","dir1,1",-0.236824725927883
"SRS6","2006-02-05","centre",0.347594593743108
"SRS6","2006-02-05","win90",0.347594593743108
"SRS6","2006-02-05","dir-1,-1",0.498579410026123
"SRS6","2006-02-05","dir0,-1",0.598714601325567
"SRS6","2006-02-05","dir1,-1",0.637732540900125
"SRS6","2006-02-05","dir-1,0",-0.0833127521198652
"SRS6","2006-02-05","dir1,0",0.677946848417605
"SRS6","2006-02-05","dir-1,1",0.368872137749439
"SRS6","2006-02-05","dir0,1",0.180943389375068
"SRS6","2006-02-05","dir1,1",-0.0955407266179433
"SRS6","2006-03-25","centre",0.465759905381431
"SRS6","2006-03-25","win90",0.465759905381431
"SRS6","2006-03-25","dir-1,-1",0.535406226895589
"SRS6","2006-03-25","dir0,-1",0.558678206478656
"SRS6","2006-03-25","dir1,-1",0.604332080472508
"SRS6","2006-03-25","dir-1,0",-0.0421411088645308
"SRS6","2006-03-25","dir1,0",0.60443792809156
"SRS6","2006-03-25","dir-1,1",0.371435582822086
"SRS6","2006-03-25","dir0,1",0.184481026354432
"SRS6","2006-03-25","dir1,1",-0.0988944235208363
"SRS6","2006-03-01","centre",0.262237856852929
"SRS6","2006-03-01","win90",0.262237856852929
"SRS6","2006-03-01","dir-1,-1",0.500588108609579
"SRS6","2006-03-01","dir0,-1",0.576885256648384
"SRS6","2006-03-01","dir1,-1",0.6328144003892
"SRS6","2006-03-01","dir-1,0",-0.25678169403949
"SRS6","2006-03-01","dir1,0",0.684845948632108
"SRS6","2006-03-01","dir-1,1",0.344914752863981
"SRS6","2006-03-01","dir0,1",-0.0176842262683666
"SRS6","2006-03-01","dir1,1",-0.204076584376392
"SRS6","2006-03-01","centre",0.259083986074848
"SRS6","2006-03-01","win90",0.259083986074848
"SRS6","2006-03-01","dir-1,-1",0.49774586742361
"SRS6","2006-03-01","dir0,-1",0.574646769678401
"SRS6","2006-03-01","dir1,-1",0.631163030407146
"SRS6","2006-03-01","dir-1,0",-0.2565213383722
"SRS6","2006-03-01","dir1,0",0.682297438495393
"SRS6","2006-03-01","dir-1,1",0.309434282321676
"SRS6","2006-03-01","dir0,1",-0.0881754735792621
"SRS6","2006-03-01","dir1,1",-0.203844258255298
"SRS6","2006-04-26","centre",NA
"SRS6","2006-04-26","win90",NA
"SRS6","2006-04-26","dir-1,-1",NA
"SRS6","2006-04-26","dir0,-1",NA
"SRS6","2006-04-26","dir1,-1",NA
"SRS6","2006-04-26","dir-1,0",NA
"SRS6","2006-04-26","dir1,0",NA
"SRS6","2006-04-26","dir-1,1",NA
"SRS6","2006-04-26","dir0,1",NA
"SRS6","2006-04-26","dir1,1",NA
"SRS6","2006-04-02","centre",NA
"SRS6","2006-04-02","win90",NA
"SRS6","2006-04-02","dir-1,-1",NA
"SRS6","2006-04-02","dir0,-1",NA
"SRS6","2006-04-02","dir1,-1",NA
"SRS6","2006-04-02","dir-1,0",NA
"SRS6","2006-04-02","dir1,0",NA
"SRS6","2006-04-02","dir-1,1",NA
"SRS6","2006-04-02","dir0,1",NA
"SRS6","2006-04-02","dir1,1",NA
"SRS6","2007-04-29","centre",0.598295776574745
"SRS6","2007-04-29","win90",0.598295776574745
"SRS6","2007-04-29","dir-1,-1",0.736911717495987
"SRS6","2007-04-29","dir0,-1",0.792092872219516
"SRS6","2007-04-29","dir1,-1",0.813615514762692
"SRS6","2007-04-29","dir-1,0",0.153074286658132
"SRS6","2007-04-29","dir1,0",0.744153876556222
"SRS6","2007-04-29","dir-1,1",0.377769978943147
"SRS6","2007-04-29","dir0,1",0.224118542038764
"SRS6","2007-04-29","dir1,1",0.129318140712606
"SRS6","2007-01-31","centre",0.684191165200331
"SRS6","2007-01-31","win90",0.684191165200331
"SRS6","2007-01-31","dir-1,-1",0.798067073442302
"SRS6","2007-01-31","dir0,-1",0.846783929236289
"SRS6","2007-01-31","dir1,-1",0.853382645557574
"SRS6","2007-01-31","dir-1,0",0.210384822182964
"SRS6","2007-01-31","dir1,0",0.819155169658552
"SRS6","2007-01-31","dir-1,1",0.613094965936628
"SRS6","2007-01-31","dir0,1",0.485129057858736
"SRS6","2007-01-31","dir1,1",0.0733233573663448
"SRS6","2007-01-23","centre",NA
"SRS6","2007-01-23","win90",NA
"SRS6","2007-01-23","dir-1,-1",NA
"SRS6","2007-01-23","dir0,-1",0.637561135325925
"SRS6","2007-01-23","dir1,-1",0.777629444022264
"SRS6","2007-01-23","dir-1,0",NA
"SRS6","2007-01-23","dir1,0",0.704454502958647
"SRS6","2007-01-23","dir-1,1",NA
"SRS6","2007-01-23","dir0,1",NA
"SRS6","2007-01-23","dir1,1",NA
"SRS6","2007-04-13","centre",0.486541170444359
"SRS6","2007-04-13","win90",0.486541170444359
"SRS6","2007-04-13","dir-1,-1",0.677468191335159
"SRS6","2007-04-13","dir0,-1",0.780826395627969
"SRS6","2007-04-13","dir1,-1",0.787637098611923
"SRS6","2007-04-13","dir-1,0",0.295503001279234
"SRS6","2007-04-13","dir1,0",0.75664841299378
"SRS6","2007-04-13","dir-1,1",0.641692879611095
"SRS6","2007-04-13","dir0,1",0.479696045689947
"SRS6","2007-04-13","dir1,1",0.202926208651399
"SRS6","2007-04-13","centre",0.47974828097286
"SRS6","2007-04-13","win90",0.47974828097286
"SRS6","2007-04-13","dir-1,-1",0.663608370514674
"SRS6","2007-04-13","dir0,-1",0.765151437186757
"SRS6","2007-04-13","dir1,-1",0.772311441355065
"SRS6","2007-04-13","dir-1,0",0.234639119935605
"SRS6","2007-04-13","dir1,0",0.73646024822425
"SRS6","2007-04-13","dir-1,1",0.60806041655238
"SRS6","2007-04-13","dir0,1",0.454623594298402
"SRS6","2007-04-13","dir1,1",0.179057030142863
"SRS6","2007-01-07","centre",0.701052907796766
"SRS6","2007-01-07","win90",0.834362040698235
"SRS6","2007-01-07","dir-1,-1",0.834362040698235
"SRS6","2007-01-07","dir0,-1",0.897104423164615
"SRS6","2007-01-07","dir1,-1",0.898102592264673
"SRS6","2007-01-07","dir-1,0",0.337982131183264
"SRS6","2007-01-07","dir1,0",0.879483180629538
"SRS6","2007-01-07","dir-1,1",NA
"SRS6","2007-01-07","dir0,1",NA
"SRS6","2007-01-07","dir1,1",NA
"SRS6","2007-02-08","centre",0.809465648854962
"SRS6","2007-02-08","win90",0.809465648854962
"SRS6","2007-02-08","dir-1,-1",0.836839430264414
"SRS6","2007-02-08","dir0,-1",0.865044459317334
"SRS6","2007-02-08","dir1,-1",0.876610391739059
"SRS6","2007-02-08","dir-1,0",0.412183378689554
"SRS6","2007-02-08","dir1,0",0.853042598978454
"SRS6","2007-02-08","dir-1,1",0.738625324636704
"SRS6","2007-02-08","dir0,1",0.720286632073141
"SRS6","2007-02-08","dir1,1",0.564493758668516
"SRS6","2007-04-21","centre",NA
"SRS6","2007-04-21","win90",NA
"SRS6","2007-04-21","dir-1,-1",NA
"SRS6","2007-04-21","dir0,-1",NA
"SRS6","2007-04-21","dir1,-1",NA
"SRS6","2007-04-21","dir-1,0",NA
"SRS6","2007-04-21","dir1,0",NA
"SRS6","2007-04-21","dir-1,1",NA
"SRS6","2007-04-21","dir0,1",NA
"SRS6","2007-04-21","dir1,1",NA
"SRS6","2008-04-23","centre",0.575383105440432
"SRS6","2008-04-23","win90",0.575383105440432
"SRS6","2008-04-23","dir-1,-1",0.726552921945239
"SRS6","2008-04-23","dir0,-1",0.772171502318245
"SRS6","2008-04-23","dir1,-1",0.793855593483991
"SRS6","2008-04-23","dir-1,0",0.162402211634609
"SRS6","2008-04-23","dir1,0",0.748561188995468
"SRS6","2008-04-23","dir-1,1",0.461695046689715
"SRS6","2008-04-23","dir0,1",0.301949953971044
"SRS6","2008-04-23","dir1,1",0.161233583489681
"SRS6","2008-04-23","centre",0.585902514640028
"SRS6","2008-04-23","win90",0.585902514640028
"SRS6","2008-04-23","dir-1,-1",0.729444430547565
"SRS6","2008-04-23","dir0,-1",0.770856973938914
"SRS6","2008-04-23","dir1,-1",0.792826967842055
"SRS6","2008-04-23","dir-1,0",0.159457413983816
"SRS6","2008-04-23","dir1,0",0.747379708377574
"SRS6","2008-04-23","dir-1,1",0.405046293024242
"SRS6","2008-04-23","dir0,1",0.299696352065222
"SRS6","2008-04-23","dir1,1",0.15966190614981
"SRS6","2008-01-18","centre",0.345243445692884
"SRS6","2008-01-18","win90",0.345243445692884
"SRS6","2008-01-18","dir-1,-1",0.580198590416272
"SRS6","2008-01-18","dir0,-1",0.696139606834339
"SRS6","2008-01-18","dir1,-1",0.706899153323833
"SRS6","2008-01-18","dir-1,0",0.0886740266187559
"SRS6","2008-01-18","dir1,0",0.658497992830841
"SRS6","2008-01-18","dir-1,1",0.466790229328612
"SRS6","2008-01-18","dir0,1",0.21971032605057
"SRS6","2008-01-18","dir1,1",0.0888622504820973
"SRS6","2008-01-26","centre",0.608591065292096
"SRS6","2008-01-26","win90",0.608591065292096
"SRS6","2008-01-26","dir-1,-1",0.845559145270079
"SRS6","2008-01-26","dir0,-1",0.87749520306156
"SRS6","2008-01-26","dir1,-1",0.880434558959692
"SRS6","2008-01-26","dir-1,0",0.279305966991113
"SRS6","2008-01-26","dir1,0",0.8173843607874
"SRS6","2008-01-26","dir-1,1",0.658625477264839
"SRS6","2008-01-26","dir0,1",0.564515523519916
"SRS6","2008-01-26","dir1,1",0.225716189207195
"SRS6","2008-02-11","centre",0.65784225336721
"SRS6","2008-02-11","win90",0.65784225336721
"SRS6","2008-02-11","dir-1,-1",0.818815212008402
"SRS6","2008-02-11","dir0,-1",0.872829522597594
"SRS6","2008-02-11","dir1,-1",0.852170487997015
"SRS6","2008-02-11","dir-1,0",0.350328707085464
"SRS6","2008-02-11","dir1,0",0.820621311657944
"SRS6","2008-02-11","dir-1,1",0.616822429906542
"SRS6","2008-02-11","dir0,1",0.349439703916932
"SRS6","2008-02-11","dir1,1",0.0938660777030416
"SRS6","2008-01-18","centre",0.326109532673655
"SRS6","2008-01-18","win90",0.326109532673655
"SRS6","2008-01-18","dir-1,-1",0.587665451755227
"SRS6","2008-01-18","dir0,-1",0.702277586848689
"SRS6","2008-01-18","dir1,-1",0.712885586676128
"SRS6","2008-01-18","dir-1,0",0.0948501738840455
"SRS6","2008-01-18","dir1,0",0.658022432582929
"SRS6","2008-01-18","dir-1,1",0.489617750557391
"SRS6","2008-01-18","dir0,1",0.263396872992075
"SRS6","2008-01-18","dir1,1",0.0952092815237696
"SRS6","2008-01-10","centre",0.712041564792176
"SRS6","2008-01-10","win90",0.712041564792176
"SRS6","2008-01-10","dir-1,-1",0.900173865478912
"SRS6","2008-01-10","dir0,-1",0.928908978837066
"SRS6","2008-01-10","dir1,-1",0.912992651970608
"SRS6","2008-01-10","dir-1,0",0.212348144449992
"SRS6","2008-01-10","dir1,0",0.820115988559413
"SRS6","2008-01-10","dir-1,1",0.74118531041608
"SRS6","2008-01-10","dir0,1",0.399628745690798
"SRS6","2008-01-10","dir1,1",0.0927001480469193
"SRS6","2008-04-15","centre",0.568535788394113
"SRS6","2008-04-15","win90",0.568535788394113
"SRS6","2008-04-15","dir-1,-1",0.750794478964094
"SRS6","2008-04-15","dir0,-1",0.811381441817006
"SRS6","2008-04-15","dir1,-1",0.838671019463614
"SRS6","2008-04-15","dir-1,0",0.357736277781722
"SRS6","2008-04-15","dir1,0",0.788458634885804
"SRS6","2008-04-15","dir-1,1",0.72837998059857
"SRS6","2008-04-15","dir0,1",0.559159194130663
"SRS6","2008-04-15","dir1,1",0.310289145683
"SRS6","2009-02-05","centre",0.500088724846506
"SRS6","2009-02-05","win90",0.500088724846506
"SRS6","2009-02-05","dir-1,-1",0.734881616649073
"SRS6","2009-02-05","dir0,-1",0.807554348340447
"SRS6","2009-02-05","dir1,-1",0.825823819933609
"SRS6","2009-02-05","dir-1,0",-0.111541690886779
"SRS6","2009-02-05","dir1,0",0.807366189719131
"SRS6","2009-02-05","dir-1,1",0.53486884197057
"SRS6","2009-02-05","dir0,1",0.421512605042017
"SRS6","2009-02-05","dir1,1",0.103601883670612
"SRS6","2009-04-02","centre",NA
"SRS6","2009-04-02","win90",NA
"SRS6","2009-04-02","dir-1,-1",NA
"SRS6","2009-04-02","dir0,-1",NA
"SRS6","2009-04-02","dir1,-1",NA
"SRS6","2009-04-02","dir-1,0",NA
"SRS6","2009-04-02","dir1,0",NA
"SRS6","2009-04-02","dir-1,1",0.687423506286392
"SRS6","2009-04-02","dir0,1",0.419932091401303
"SRS6","2009-04-02","dir1,1",0.15423487544484
"SRS6","2009-03-17","centre",0.653128820718017
"SRS6","2009-03-17","win90",0.653128820718017
"SRS6","2009-03-17","dir-1,-1",0.74905422446406
"SRS6","2009-03-17","dir0,-1",0.818281473228325
"SRS6","2009-03-17","dir1,-1",0.828439204451546
"SRS6","2009-03-17","dir-1,0",0.428310585657552
"SRS6","2009-03-17","dir1,0",0.809853375036046
"SRS6","2009-03-17","dir-1,1",0.626090569173245
"SRS6","2009-03-17","dir0,1",0.445309458933437
"SRS6","2009-03-17","dir1,1",0.331492501785289
"SRS6","2009-01-28","centre",0.825720104742508
"SRS6","2009-01-28","win90",0.825720104742508
"SRS6","2009-01-28","dir-1,-1",0.852588126376757
"SRS6","2009-01-28","dir0,-1",0.922619957212714
"SRS6","2009-01-28","dir1,-1",0.923662539808167
"SRS6","2009-01-28","dir-1,0",0.453017989224728
"SRS6","2009-01-28","dir1,0",0.908369142990428
"SRS6","2009-01-28","dir-1,1",0.740814047909054
"SRS6","2009-01-28","dir0,1",0.755147033883933
"SRS6","2009-01-28","dir1,1",0.568350508034878
"SRS6","2009-03-09","centre",NA
"SRS6","2009-03-09","win90",NA
"SRS6","2009-03-09","dir-1,-1",NA
"SRS6","2009-03-09","dir0,-1",NA
"SRS6","2009-03-09","dir1,-1",NA
"SRS6","2009-03-09","dir-1,0",NA
"SRS6","2009-03-09","dir1,0",NA
"SRS6","2009-03-09","dir-1,1",NA
"SRS6","2009-03-09","dir0,1",NA
"SRS6","2009-03-09","dir1,1",NA
"SRS6","2009-02-21","centre",0.793949334462839
"SRS6","2009-02-21","win90",0.793949334462839
"SRS6","2009-02-21","dir-1,-1",0.805755325671244
"SRS6","2009-02-21","dir0,-1",0.805755325671244
"SRS6","2009-02-21","dir1,-1",0.809246506460295
"SRS6","2009-02-21","dir-1,0",0.823153119628586
"SRS6","2009-02-21","dir1,0",0.809246506460295
"SRS6","2009-02-21","dir-1,1",0.795694852451969
"SRS6","2009-02-21","dir0,1",0.787481642592902
"SRS6","2009-02-21","dir1,1",0.805755325671244
"SRS6","2009-02-05","centre",0.513998422712934
"SRS6","2009-02-05","win90",0.513998422712934
"SRS6","2009-02-05","dir-1,-1",0.732002540604301
"SRS6","2009-02-05","dir0,-1",0.801037603665695
"SRS6","2009-02-05","dir1,-1",0.822071064172559
"SRS6","2009-02-05","dir-1,0",-0.113656168305738
"SRS6","2009-02-05","dir1,0",0.79766626872569
"SRS6","2009-02-05","dir-1,1",0.482453764129338
"SRS6","2009-02-05","dir0,1",0.370621508625233
"SRS6","2009-02-05","dir1,1",0.091858037578288
"SRS6","2009-03-01","centre",NA
"SRS6","2009-03-01","win90",NA
"SRS6","2009-03-01","dir-1,-1",NA
"SRS6","2009-03-01","dir0,-1",NA
"SRS6","2009-03-01","dir1,-1",NA
"SRS6","2009-03-01","dir-1,0",NA
"SRS6","2009-03-01","dir1,0",NA
"SRS6","2009-03-01","dir-1,1",NA
"SRS6","2009-03-01","dir0,1",NA
"SRS6","2009-03-01","dir1,1",NA
"SRS6","2010-02-16","centre",0.579360361431459
"SRS6","2010-02-16","win90",0.579360361431459
"SRS6","2010-02-16","dir-1,-1",0.780456378070576
"SRS6","2010-02-16","dir0,-1",0.834830619502152
"SRS6","2010-02-16","dir1,-1",0.842106823459657
"SRS6","2010-02-16","dir-1,0",0.195006242197253
"SRS6","2010-02-16","dir1,0",0.798970823215611
"SRS6","2010-02-16","dir-1,1",0.348783213887673
"SRS6","2010-02-16","dir0,1",NA
"SRS6","2010-02-16","dir1,1",NA
"SRS6","2010-02-08","centre",0.608073909199012
"SRS6","2010-02-08","win90",0.608073909199012
"SRS6","2010-02-08","dir-1,-1",0.705767984445885
"SRS6","2010-02-08","dir0,-1",0.817304258009711
"SRS6","2010-02-08","dir1,-1",0.817091888448061
"SRS6","2010-02-08","dir-1,0",0.228753455944224
"SRS6","2010-02-08","dir1,0",0.813478423130561
"SRS6","2010-02-08","dir-1,1",0.70437378027781
"SRS6","2010-02-08","dir0,1",0.480435135573957
"SRS6","2010-02-08","dir1,1",0.133525585138488
"SRS6","2010-03-20","centre",NA
"SRS6","2010-03-20","win90",NA
"SRS6","2010-03-20","dir-1,-1",NA
"SRS6","2010-03-20","dir0,-1",NA
"SRS6","2010-03-20","dir1,-1",NA
"SRS6","2010-03-20","dir-1,0",NA
"SRS6","2010-03-20","dir1,0",NA
"SRS6","2010-03-20","dir-1,1",NA
"SRS6","2010-03-20","dir0,1",NA
"SRS6","2010-03-20","dir1,1",NA
"SRS6","2010-04-13","centre",0.422951693109164
"SRS6","2010-04-13","win90",0.422951693109164
"SRS6","2010-04-13","dir-1,-1",0.627498343780258
"SRS6","2010-04-13","dir0,-1",0.731254429482636
"SRS6","2010-04-13","dir1,-1",0.70524867516877
"SRS6","2010-04-13","dir-1,0",0.123957183561363
"SRS6","2010-04-13","dir1,0",0.675788188711432
"SRS6","2010-04-13","dir-1,1",0.410430546369634
"SRS6","2010-04-13","dir0,1",0.274322929076324
"SRS6","2010-04-13","dir1,1",0.12207542637521
"SRS6","2010-03-20","centre",NA
"SRS6","2010-03-20","win90",NA
"SRS6","2010-03-20","dir-1,-1",NA
"SRS6","2010-03-20","dir0,-1",NA
"SRS6","2010-03-20","dir1,-1",NA
"SRS6","2010-03-20","dir-1,0",NA
"SRS6","2010-03-20","dir1,0",NA
"SRS6","2010-03-20","dir-1,1",NA
"SRS6","2010-03-20","dir0,1",NA
"SRS6","2010-03-20","dir1,1",NA
"SRS6","2010-04-05","centre",NA
"SRS6","2010-04-05","win90",NA
"SRS6","2010-04-05","dir-1,-1",0.804333018653729
"SRS6","2010-04-05","dir0,-1",0.82828508791553
"SRS6","2010-04-05","dir1,-1",0.823320455204537
"SRS6","2010-04-05","dir-1,0",NA
"SRS6","2010-04-05","dir1,0",NA
"SRS6","2010-04-05","dir-1,1",NA
"SRS6","2010-04-05","dir0,1",NA
"SRS6","2010-04-05","dir1,1",NA
"SRS6","2010-03-04","centre",0.528991627054026
"SRS6","2010-03-04","win90",0.528991627054026
"SRS6","2010-03-04","dir-1,-1",0.744911945866227
"SRS6","2010-03-04","dir0,-1",0.823467815228988
"SRS6","2010-03-04","dir1,-1",0.821061635960596
"SRS6","2010-03-04","dir-1,0",0.103839478474368
"SRS6","2010-03-04","dir1,0",0.753362350380849
"SRS6","2010-03-04","dir-1,1",0.563926533523538
"SRS6","2010-03-04","dir0,1",0.262780331522496
"SRS6","2010-03-04","dir1,1",0.0346812885538039
"SRS6","2010-04-21","centre",0.524334896316542
"SRS6","2010-04-21","win90",0.524334896316542
"SRS6","2010-04-21","dir-1,-1",0.653418481072743
"SRS6","2010-04-21","dir0,-1",0.814956262543293
"SRS6","2010-04-21","dir1,-1",0.834088786643282
"SRS6","2010-04-21","dir-1,0",0.391572239454749
"SRS6","2010-04-21","dir1,0",0.774512450666564
"SRS6","2010-04-21","dir-1,1",0.541211633521094
"SRS6","2010-04-21","dir0,1",0.103644192143904
"SRS6","2010-04-21","dir1,1",-0.0211507173495043
"SRS6","2011-01-18","centre",0.650591446769791
"SRS6","2011-01-18","win90",0.650591446769791
"SRS6","2011-01-18","dir-1,-1",0.733687344114571
"SRS6","2011-01-18","dir0,-1",0.803949834222286
"SRS6","2011-01-18","dir1,-1",0.803949834222286
"SRS6","2011-01-18","dir-1,0",0.189428271036508
"SRS6","2011-01-18","dir1,0",0.772170329331343
"SRS6","2011-01-18","dir-1,1",0.557808518383691
"SRS6","2011-01-18","dir0,1",0.392061032304208
"SRS6","2011-01-18","dir1,1",0.192053559707697
"SRS6","2011-02-27","centre",0.522852853317649
"SRS6","2011-02-27","win90",0.522852853317649
"SRS6","2011-02-27","dir-1,-1",0.75470777471494
"SRS6","2011-02-27","dir0,-1",0.790874382672235
"SRS6","2011-02-27","dir1,-1",0.793762545755107
"SRS6","2011-02-27","dir-1,0",0.274593372184048
"SRS6","2011-02-27","dir1,0",0.78642398213951
"SRS6","2011-02-27","dir-1,1",0.42990479163415
"SRS6","2011-02-27","dir0,1",0.358949377393997
"SRS6","2011-02-27","dir1,1",0.345225022377661
"SRS6","2011-03-23","centre",0.64011107682814
"SRS6","2011-03-23","win90",0.306180639855362
"SRS6","2011-03-23","dir-1,-1",NA
"SRS6","2011-03-23","dir0,-1",NA
"SRS6","2011-03-23","dir1,-1",NA
"SRS6","2011-03-23","dir-1,0",0.232352892197271
"SRS6","2011-03-23","dir1,0",0.824014019256335
"SRS6","2011-03-23","dir-1,1",0.636899330900243
"SRS6","2011-03-23","dir0,1",0.332752491810135
"SRS6","2011-03-23","dir1,1",0.11537110453154
"SRS6","2011-03-07","centre",0.659356725146199
"SRS6","2011-03-07","win90",0.659356725146199
"SRS6","2011-03-07","dir-1,-1",0.849227974568574
"SRS6","2011-03-07","dir0,-1",0.876388218252052
"SRS6","2011-03-07","dir1,-1",0.876454242311967
"SRS6","2011-03-07","dir-1,0",0.342899554675903
"SRS6","2011-03-07","dir1,0",0.835335373490302
"SRS6","2011-03-07","dir-1,1",0.747186402170941
"SRS6","2011-03-07","dir0,1",0.578826076329481
"SRS6","2011-03-07","dir1,1",0.159121024734983
"SRS6","2011-01-02","centre",0.543423371921299
"SRS6","2011-01-02","win90",0.543423371921299
"SRS6","2011-01-02","dir-1,-1",0.715806485091998
"SRS6","2011-01-02","dir0,-1",0.802622604187982
"SRS6","2011-01-02","dir1,-1",0.7926871860084
"SRS6","2011-01-02","dir-1,0",0.258060380744824
"SRS6","2011-01-02","dir1,0",0.747883147351999
"SRS6","2011-01-02","dir-1,1",0.640456182472989
"SRS6","2011-01-02","dir0,1",0.34713330889196
"SRS6","2011-01-02","dir1,1",0.184357541899441
"SRS6","2011-03-31","centre",NA
"SRS6","2011-03-31","win90",NA
"SRS6","2011-03-31","dir-1,-1",NA
"SRS6","2011-03-31","dir0,-1",NA
"SRS6","2011-03-31","dir1,-1",NA
"SRS6","2011-03-31","dir-1,0",NA
"SRS6","2011-03-31","dir1,0",NA
"SRS6","2011-03-31","dir-1,1",NA
"SRS6","2011-03-31","dir0,1",NA
"SRS6","2011-03-31","dir1,1",NA
"SRS6","2011-04-08","centre",NA
"SRS6","2011-04-08","win90",NA
"SRS6","2011-04-08","dir-1,-1",NA
"SRS6","2011-04-08","dir0,-1",NA
"SRS6","2011-04-08","dir1,-1",NA
"SRS6","2011-04-08","dir-1,0",NA
"SRS6","2011-04-08","dir1,0",NA
"SRS6","2011-04-08","dir-1,1",NA
"SRS6","2011-04-08","dir0,1",NA
"SRS6","2011-04-08","dir1,1",NA
"SRS6","2011-02-19","centre",NA
"SRS6","2011-02-19","win90",NA
"SRS6","2011-02-19","dir-1,-1",NA
"SRS6","2011-02-19","dir0,-1",NA
"SRS6","2011-02-19","dir1,-1",NA
"SRS6","2011-02-19","dir-1,0",NA
"SRS6","2011-02-19","dir1,0",0.676599441317492
"SRS6","2011-02-19","dir-1,1",0.690609808742657
"SRS6","2011-02-19","dir0,1",0.363241055667973
"SRS6","2011-02-19","dir1,1",0.0807563959955511
"SRS6","2012-04-26","centre",0.803896965242799
"SRS6","2012-04-26","win90",0.803896965242799
"SRS6","2012-04-26","dir-1,-1",0.830114677567808
"SRS6","2012-04-26","dir0,-1",0.84222106850602
"SRS6","2012-04-26","dir1,-1",0.83936780934032
"SRS6","2012-04-26","dir-1,0",0.496646776152505
"SRS6","2012-04-26","dir1,0",0.82959529466755
"SRS6","2012-04-26","dir-1,1",0.680563683606826
"SRS6","2012-04-26","dir0,1",0.57012063342371
"SRS6","2012-04-26","dir1,1",0.49520295202952
"SRS6","2012-01-05","centre",NA
"SRS6","2012-01-05","win90",NA
"SRS6","2012-01-05","dir-1,-1",NA
"SRS6","2012-01-05","dir0,-1",NA
"SRS6","2012-01-05","dir1,-1",NA
"SRS6","2012-01-05","dir-1,0",NA
"SRS6","2012-01-05","dir1,0",NA
"SRS6","2012-01-05","dir-1,1",NA
"SRS6","2012-01-05","dir0,1",0.79703482789819
"SRS6","2012-01-05","dir1,1",0.334288701938244
"SRS6","2012-01-21","centre",0.766609641865552
"SRS6","2012-01-21","win90",0.747143413953679
"SRS6","2012-01-21","dir-1,-1",0.831674648916308
"SRS6","2012-01-21","dir0,-1",0.883028482336388
"SRS6","2012-01-21","dir1,-1",0.875891733109526
"SRS6","2012-01-21","dir-1,0",0.482860665844637
"SRS6","2012-01-21","dir1,0",0.878907216290829
"SRS6","2012-01-21","dir-1,1",0.75248002204464
"SRS6","2012-01-21","dir0,1",0.524524012503552
"SRS6","2012-01-21","dir1,1",0.347177240109227
"SRS6","2012-01-21","centre",0.799290391438544
"SRS6","2012-01-21","win90",0.763520496038581
"SRS6","2012-01-21","dir-1,-1",0.848691081836865
"SRS6","2012-01-21","dir0,-1",0.89478514411357
"SRS6","2012-01-21","dir1,-1",0.885568250678423
"SRS6","2012-01-21","dir-1,0",0.577329607581096
"SRS6","2012-01-21","dir1,0",0.89046576433121
"SRS6","2012-01-21","dir-1,1",0.77799016930639
"SRS6","2012-01-21","dir0,1",0.577329607581096
"SRS6","2012-01-21","dir1,1",0.322141082586765
"SRS6","2012-01-05","centre",NA
"SRS6","2012-01-05","win90",NA
"SRS6","2012-01-05","dir-1,-1",NA
"SRS6","2012-01-05","dir0,-1",NA
"SRS6","2012-01-05","dir1,-1",NA
"SRS6","2012-01-05","dir-1,0",NA
"SRS6","2012-01-05","dir1,0",NA
"SRS6","2012-01-05","dir-1,1",NA
"SRS6","2012-01-05","dir0,1",0.825841593544081
"SRS6","2012-01-05","dir1,1",0.341228895379817
"SRS6","2012-04-10","centre",0.678180829422546
"SRS6","2012-04-10","win90",0.678180829422546
"SRS6","2012-04-10","dir-1,-1",0.813902495917891
"SRS6","2012-04-10","dir0,-1",0.835504508212054
"SRS6","2012-04-10","dir1,-1",0.847437833334573
"SRS6","2012-04-10","dir-1,0",0.413289460430447
"SRS6","2012-04-10","dir1,0",0.823124089101995
"SRS6","2012-04-10","dir-1,1",0.714625058978572
"SRS6","2012-04-10","dir0,1",0.584073316592021
"SRS6","2012-04-10","dir1,1",0.427357540186588
"SRS6","2012-03-09","centre",NA
"SRS6","2012-03-09","win90",NA
"SRS6","2012-03-09","dir-1,-1",NA
"SRS6","2012-03-09","dir0,-1",NA
"SRS6","2012-03-09","dir1,-1",NA
"SRS6","2012-03-09","dir-1,0",NA
"SRS6","2012-03-09","dir1,0",NA
"SRS6","2012-03-09","dir-1,1",NA
"SRS6","2012-03-09","dir0,1",NA
"SRS6","2012-03-09","dir1,1",NA
"SRS6","2012-02-06","centre",NA
"SRS6","2012-02-06","win90",NA
"SRS6","2012-02-06","dir-1,-1",NA
"SRS6","2012-02-06","dir0,-1",NA
"SRS6","2012-02-06","dir1,-1",NA
"SRS6","2012-02-06","dir-1,0",NA
"SRS6","2012-02-06","dir1,0",NA
"SRS6","2012-02-06","dir-1,1",NA
"SRS6","2012-02-06","dir0,1",NA
"SRS6","2012-02-06","dir1,1",NA
"SRS6","2013-04-02","centre",NA
"SRS6","2013-04-02","win90",NA
"SRS6","2013-04-02","dir-1,-1",NA
"SRS6","2013-04-02","dir0,-1",NA
"SRS6","2013-04-02","dir1,-1",NA
"SRS6","2013-04-02","dir-1,0",NA
"SRS6","2013-04-02","dir1,0",NA
"SRS6","2013-04-02","dir-1,1",NA
"SRS6","2013-04-02","dir0,1",NA
"SRS6","2013-04-02","dir1,1",NA
"SRS6","2013-03-28","centre",0.747433012886071
"SRS6","2013-03-28","win90",0.747433012886071
"SRS6","2013-03-28","dir-1,-1",0.81095971065691
"SRS6","2013-03-28","dir0,-1",0.848587817719986
"SRS6","2013-03-28","dir1,-1",0.832850407201029
"SRS6","2013-03-28","dir-1,0",0.341856111259695
"SRS6","2013-03-28","dir1,0",0.812821477857232
"SRS6","2013-03-28","dir-1,1",0.490518518518519
"SRS6","2013-03-28","dir0,1",NA
"SRS6","2013-03-28","dir1,1",NA
"SRS6","2013-02-24","centre",0.707488167680866
"SRS6","2013-02-24","win90",0.707488167680866
"SRS6","2013-02-24","dir-1,-1",0.806849979479909
"SRS6","2013-02-24","dir0,-1",0.83223830780074
"SRS6","2013-02-24","dir1,-1",0.849138984945335
"SRS6","2013-02-24","dir-1,0",0.358932102834542
"SRS6","2013-02-24","dir1,0",0.832595240401123
"SRS6","2013-02-24","dir-1,1",0.606035842566373
"SRS6","2013-02-24","dir0,1",0.559543691793812
"SRS6","2013-02-24","dir1,1",0.359222501338385
"SRS6","2013-02-08","centre",NA
"SRS6","2013-02-08","win90",NA
"SRS6","2013-02-08","dir-1,-1",NA
"SRS6","2013-02-08","dir0,-1",NA
"SRS6","2013-02-08","dir1,-1",NA
"SRS6","2013-02-08","dir-1,0",NA
"SRS6","2013-02-08","dir1,0",NA
"SRS6","2013-02-08","dir-1,1",NA
"SRS6","2013-02-08","dir0,1",NA
"SRS6","2013-02-08","dir1,1",NA
"SRS6","2013-02-24","centre",0.719305002781701
"SRS6","2013-02-24","win90",0.719305002781701
"SRS6","2013-02-24","dir-1,-1",0.843795879817088
"SRS6","2013-02-24","dir0,-1",0.870651768764682
"SRS6","2013-02-24","dir1,-1",0.885393278059776
"SRS6","2013-02-24","dir-1,0",0.460883625814429
"SRS6","2013-02-24","dir1,0",0.87320441085043
"SRS6","2013-02-24","dir-1,1",0.668404670803513
"SRS6","2013-02-24","dir0,1",0.6512
"SRS6","2013-02-24","dir1,1",0.406554287509162
"SRS6","2013-04-02","centre",NA
"SRS6","2013-04-02","win90",NA
"SRS6","2013-04-02","dir-1,-1",NA
"SRS6","2013-04-02","dir0,-1",NA
"SRS6","2013-04-02","dir1,-1",NA
"SRS6","2013-04-02","dir-1,0",NA
"SRS6","2013-04-02","dir1,0",NA
"SRS6","2013-04-02","dir-1,1",NA
"SRS6","2013-04-02","dir0,1",NA
"SRS6","2013-04-02","dir1,1",NA
"SRS6","2013-01-07","centre",NA
"SRS6","2013-01-07","win90",NA
"SRS6","2013-01-07","dir-1,-1",NA
"SRS6","2013-01-07","dir0,-1",NA
"SRS6","2013-01-07","dir1,-1",NA
"SRS6","2013-01-07","dir-1,0",NA
"SRS6","2013-01-07","dir1,0",NA
"SRS6","2013-01-07","dir-1,1",NA
"SRS6","2013-01-07","dir0,1",NA
"SRS6","2013-01-07","dir1,1",NA
"SRS6","2013-03-28","centre",0.760992555831265
"SRS6","2013-03-28","win90",0.760992555831265
"SRS6","2013-03-28","dir-1,-1",0.81483618510087
"SRS6","2013-03-28","dir0,-1",0.851945677065421
"SRS6","2013-03-28","dir1,-1",0.835924006908463
"SRS6","2013-03-28","dir-1,0",0.351462399307995
"SRS6","2013-03-28","dir1,0",0.802674995592051
"SRS6","2013-03-28","dir-1,1",0.49886342463201
"SRS6","2013-03-28","dir0,1",NA
"SRS6","2013-03-28","dir1,1",NA
"SRS6","2014-03-23","centre",0.651766829295806
"SRS6","2014-03-23","win90",0.651766829295806
"SRS6","2014-03-23","dir-1,-1",0.855204171133418
"SRS6","2014-03-23","dir0,-1",0.86308627305547
"SRS6","2014-03-23","dir1,-1",0.863360653782862
"SRS6","2014-03-23","dir-1,0",0.0775228669965513
"SRS6","2014-03-23","dir1,0",0.843065693430657
"SRS6","2014-03-23","dir-1,1",0.653121033806392
"SRS6","2014-03-23","dir0,1",0.190811674856432
"SRS6","2014-03-23","dir1,1",0.00795832730429743
"SRS6","2014-03-23","centre",0.655723928542384
"SRS6","2014-03-23","win90",0.655723928542384
"SRS6","2014-03-23","dir-1,-1",0.842147820889925
"SRS6","2014-03-23","dir0,-1",0.857529247955444
"SRS6","2014-03-23","dir1,-1",0.862100145149393
"SRS6","2014-03-23","dir-1,0",0.06951405534975
"SRS6","2014-03-23","dir1,0",0.838146225394765
"SRS6","2014-03-23","dir-1,1",0.636416101572645
"SRS6","2014-03-23","dir0,1",0.134070097884434
"SRS6","2014-03-23","dir1,1",0.010288509964746
"SRS6","2014-02-11","centre",0.858847153319159
"SRS6","2014-02-11","win90",0.85793972233615
"SRS6","2014-02-11","dir-1,-1",0.890292397660819
"SRS6","2014-02-11","dir0,-1",0.91079419550091
"SRS6","2014-02-11","dir1,-1",0.906138297679314
"SRS6","2014-02-11","dir-1,0",0.497696200619382
"SRS6","2014-02-11","dir1,0",0.897405990038787
"SRS6","2014-02-11","dir-1,1",NA
"SRS6","2014-02-11","dir0,1",NA
"SRS6","2014-02-11","dir1,1",NA
"SRS6","2014-04-24","centre",0.495026270429672
"SRS6","2014-04-24","win90",0.495026270429672
"SRS6","2014-04-24","dir-1,-1",0.789715749792614
"SRS6","2014-04-24","dir0,-1",0.835910089833057
"SRS6","2014-04-24","dir1,-1",0.840101197960982
"SRS6","2014-04-24","dir-1,0",-0.174872520032566
"SRS6","2014-04-24","dir1,0",0.812773176156969
"SRS6","2014-04-24","dir-1,1",0.440227458751562
"SRS6","2014-04-24","dir0,1",-0.129059683727257
"SRS6","2014-04-24","dir1,1",-0.202952029520295
"SRS6","2014-01-26","centre",0.566444517280309
"SRS6","2014-01-26","win90",0.566444517280309
"SRS6","2014-01-26","dir-1,-1",0.704359486943889
"SRS6","2014-01-26","dir0,-1",0.800314510777043
"SRS6","2014-01-26","dir1,-1",0.824938437430042
"SRS6","2014-01-26","dir-1,0",0.318294875267811
"SRS6","2014-01-26","dir1,0",0.759340443630177
"SRS6","2014-01-26","dir-1,1",0.584710946592072
"SRS6","2014-01-26","dir0,1",0.488771515106744
"SRS6","2014-01-26","dir1,1",0.312088293077545
"SRS6","2014-04-24","centre",0.480757300246016
"SRS6","2014-04-24","win90",0.480757300246016
"SRS6","2014-04-24","dir-1,-1",0.789337545451654
"SRS6","2014-04-24","dir0,-1",0.837142901239332
"SRS6","2014-04-24","dir1,-1",0.840878556872217
"SRS6","2014-04-24","dir-1,0",-0.17263085280676
"SRS6","2014-04-24","dir1,0",0.815695017085998
"SRS6","2014-04-24","dir-1,1",0.450223832871456
"SRS6","2014-04-24","dir0,1",-0.102184283203615
"SRS6","2014-04-24","dir1,1",-0.206437036012358
"SRS6","2014-04-08","centre",NA
"SRS6","2014-04-08","win90",NA
"SRS6","2014-04-08","dir-1,-1",NA
"SRS6","2014-04-08","dir0,-1",NA
"SRS6","2014-04-08","dir1,-1",NA
"SRS6","2014-04-08","dir-1,0",NA
"SRS6","2014-04-08","dir1,0",NA
"SRS6","2014-04-08","dir-1,1",NA
"SRS6","2014-04-08","dir0,1",NA
"SRS6","2014-04-08","dir1,1",NA
"SRS6","2014-01-18","centre",0.604754829123328
"SRS6","2014-01-18","win90",0.604754829123328
"SRS6","2014-01-18","dir-1,-1",0.863468228109112
"SRS6","2014-01-18","dir0,-1",0.8904366218462
"SRS6","2014-01-18","dir1,-1",0.890243073133505
"SRS6","2014-01-18","dir-1,0",-0.1439812362866
"SRS6","2014-01-18","dir1,0",0.880886298025601
"SRS6","2014-01-18","dir-1,1",0.636840736625612
"SRS6","2014-01-18","dir0,1",0.298540909317265
"SRS6","2014-01-18","dir1,1",-0.159820937720883
"SRS6","2015-03-18","centre",NA
"SRS6","2015-03-18","win90",NA
"SRS6","2015-03-18","dir-1,-1",NA
"SRS6","2015-03-18","dir0,-1",0.821514759233511
"SRS6","2015-03-18","dir1,-1",NA
"SRS6","2015-03-18","dir-1,0",NA
"SRS6","2015-03-18","dir1,0",NA
"SRS6","2015-03-18","dir-1,1",NA
"SRS6","2015-03-18","dir0,1",NA
"SRS6","2015-03-18","dir1,1",NA
"SRS6","2015-01-05","centre",NA
"SRS6","2015-01-05","win90",NA
"SRS6","2015-01-05","dir-1,-1",NA
"SRS6","2015-01-05","dir0,-1",NA
"SRS6","2015-01-05","dir1,-1",NA
"SRS6","2015-01-05","dir-1,0",NA
"SRS6","2015-01-05","dir1,0",NA
"SRS6","2015-01-05","dir-1,1",NA
"SRS6","2015-01-05","dir0,1",NA
"SRS6","2015-01-05","dir1,1",NA
"SRS6","2015-03-10","centre",NA
"SRS6","2015-03-10","win90",0.526368274634465
"SRS6","2015-03-10","dir-1,-1",NA
"SRS6","2015-03-10","dir0,-1",NA
"SRS6","2015-03-10","dir1,-1",0.842183709070493
"SRS6","2015-03-10","dir-1,0",NA
"SRS6","2015-03-10","dir1,0",0.821803705894579
"SRS6","2015-03-10","dir-1,1",NA
"SRS6","2015-03-10","dir0,1",0.250511386881222
"SRS6","2015-03-10","dir1,1",0.0545308382832386
"SRS6","2015-04-19","centre",NA
"SRS6","2015-04-19","win90",NA
"SRS6","2015-04-19","dir-1,-1",NA
"SRS6","2015-04-19","dir0,-1",NA
"SRS6","2015-04-19","dir1,-1",NA
"SRS6","2015-04-19","dir-1,0",NA
"SRS6","2015-04-19","dir1,0",NA
"SRS6","2015-04-19","dir-1,1",NA
"SRS6","2015-04-19","dir0,1",NA
"SRS6","2015-04-19","dir1,1",NA
"SRS6","2015-01-21","centre",NA
"SRS6","2015-01-21","win90",NA
"SRS6","2015-01-21","dir-1,-1",NA
"SRS6","2015-01-21","dir0,-1",NA
"SRS6","2015-01-21","dir1,-1",0.52038555916974
"SRS6","2015-01-21","dir-1,0",NA
"SRS6","2015-01-21","dir1,0",0.556719022687609
"SRS6","2015-01-21","dir-1,1",NA
"SRS6","2015-01-21","dir0,1",NA
"SRS6","2015-01-21","dir1,1",0.424923403989245
"SRS6","2015-03-18","centre",NA
"SRS6","2015-03-18","win90",NA
"SRS6","2015-03-18","dir-1,-1",NA
"SRS6","2015-03-18","dir0,-1",0.870552792654935
"SRS6","2015-03-18","dir1,-1",NA
"SRS6","2015-03-18","dir-1,0",NA
"SRS6","2015-03-18","dir1,0",NA
"SRS6","2015-03-18","dir-1,1",NA
"SRS6","2015-03-18","dir0,1",NA
"SRS6","2015-03-18","dir1,1",NA
"SRS6","2015-03-02","centre",0.601644550963543
"SRS6","2015-03-02","win90",0.601644550963543
"SRS6","2015-03-02","dir-1,-1",0.770375708958732
"SRS6","2015-03-02","dir0,-1",0.814946933962264
"SRS6","2015-03-02","dir1,-1",0.818898486458189
"SRS6","2015-03-02","dir-1,0",0.124422494822367
"SRS6","2015-03-02","dir1,0",0.789088626888421
"SRS6","2015-03-02","dir-1,1",0.578860939016198
"SRS6","2015-03-02","dir0,1",0.139412890624942
"SRS6","2015-03-02","dir1,1",0.0606332521471603
"SRS6","2015-04-11","centre",0.72010830150365
"SRS6","2015-04-11","win90",0.72010830150365
"SRS6","2015-04-11","dir-1,-1",0.828762062557374
"SRS6","2015-04-11","dir0,-1",0.840680526920474
"SRS6","2015-04-11","dir1,-1",0.841958577792468
"SRS6","2015-04-11","dir-1,0",0.184413993722728
"SRS6","2015-04-11","dir1,0",0.834776510762851
"SRS6","2015-04-11","dir-1,1",0.678780246469371
"SRS6","2015-04-11","dir0,1",0.299920585899585
"SRS6","2015-04-11","dir1,1",0.109020661851167
"SRS6","2016-01-16","centre",0.722004726131274
"SRS6","2016-01-16","win90",0.722004726131274
"SRS6","2016-01-16","dir-1,-1",0.763784608608094
"SRS6","2016-01-16","dir0,-1",NA
"SRS6","2016-01-16","dir1,-1",0.886927680988144
"SRS6","2016-01-16","dir-1,0",0.394577156463631
"SRS6","2016-01-16","dir1,0",0.85367069904885
"SRS6","2016-01-16","dir-1,1",0.748016017473608
"SRS6","2016-01-16","dir0,1",0.521188150778916
"SRS6","2016-01-16","dir1,1",0.216984868890121
"SRS6","2016-01-24","centre",0.494844632768362
"SRS6","2016-01-24","win90",0.494844632768362
"SRS6","2016-01-24","dir-1,-1",0.849221243764336
"SRS6","2016-01-24","dir0,-1",0.883423696504742
"SRS6","2016-01-24","dir1,-1",0.882044432061232
"SRS6","2016-01-24","dir-1,0",-0.316986855409505
"SRS6","2016-01-24","dir1,0",0.862343513727588
"SRS6","2016-01-24","dir-1,1",0.536871328359319
"SRS6","2016-01-24","dir0,1",0.240459098836031
"SRS6","2016-01-24","dir1,1",-0.310373443983402
"SRS6","2016-02-25","centre",0.55440943675637
"SRS6","2016-02-25","win90",0.55440943675637
"SRS6","2016-02-25","dir-1,-1",0.834378788677455
"SRS6","2016-02-25","dir0,-1",0.866928636159405
"SRS6","2016-02-25","dir1,-1",0.863412698412699
"SRS6","2016-02-25","dir-1,0",-0.133211874397171
"SRS6","2016-02-25","dir1,0",0.82738939179118
"SRS6","2016-02-25","dir-1,1",0.567747969899239
"SRS6","2016-02-25","dir0,1",0.231296663111382
"SRS6","2016-02-25","dir1,1",-0.0803523471908904
"SRS6","2016-04-29","centre",0.666997208755693
"SRS6","2016-04-29","win90",0.666997208755693
"SRS6","2016-04-29","dir-1,-1",0.819604549965646
"SRS6","2016-04-29","dir0,-1",0.838588683619696
"SRS6","2016-04-29","dir1,-1",0.836391621495015
"SRS6","2016-04-29","dir-1,0",0.180386717793914
"SRS6","2016-04-29","dir1,0",0.828029175349807
"SRS6","2016-04-29","dir-1,1",0.630202757502027
"SRS6","2016-04-29","dir0,1",0.347050754458162
"SRS6","2016-04-29","dir1,1",0.183366194658541
"SRS6","2016-01-24","centre",0.549909732479895
"SRS6","2016-01-24","win90",0.549909732479895
"SRS6","2016-01-24","dir-1,-1",0.866654048171107
"SRS6","2016-01-24","dir0,-1",0.88678969308403
"SRS6","2016-01-24","dir1,-1",0.882523315762035
"SRS6","2016-01-24","dir-1,0",-0.279148995341723
"SRS6","2016-01-24","dir1,0",0.873363810416911
"SRS6","2016-01-24","dir-1,1",0.511986256112066
"SRS6","2016-01-24","dir0,1",0.212009593969505
"SRS6","2016-01-24","dir1,1",-0.30469817972516
"SRS6","2016-04-13","centre",0.705561849274424
"SRS6","2016-04-13","win90",0.705561849274424
"SRS6","2016-04-13","dir-1,-1",0.814950758406346
"SRS6","2016-04-13","dir0,-1",0.834219206422526
"SRS6","2016-04-13","dir1,-1",0.839640795381655
"SRS6","2016-04-13","dir-1,0",0.228404030935083
"SRS6","2016-04-13","dir1,0",0.839640795381655
"SRS6","2016-04-13","dir-1,1",0.6646312985418
"SRS6","2016-04-13","dir0,1",0.271611349794627
"SRS6","2016-04-13","dir1,1",0.391958156260216
"SRS6","2016-04-29","centre",0.665778764335923
"SRS6","2016-04-29","win90",0.665778764335923
"SRS6","2016-04-29","dir-1,-1",0.805166278188637
"SRS6","2016-04-29","dir0,-1",0.835611110366009
"SRS6","2016-04-29","dir1,-1",0.83969086890496
"SRS6","2016-04-29","dir-1,0",0.199155397816613
"SRS6","2016-04-29","dir1,0",0.842910287270889
"SRS6","2016-04-29","dir-1,1",0.649884407911636
"SRS6","2016-04-29","dir0,1",0.363981673649998
"SRS6","2016-04-29","dir1,1",0.236323991534663
"SRS6","2016-04-05","centre",NA
"SRS6","2016-04-05","win90",NA
"SRS6","2016-04-05","dir-1,-1",NA
"SRS6","2016-04-05","dir0,-1",NA
"SRS6","2016-04-05","dir1,-1",NA
"SRS6","2016-04-05","dir-1,0",NA
"SRS6","2016-04-05","dir1,0",NA
"SRS6","2016-04-05","dir-1,1",NA
"SRS6","2016-04-05","dir0,1",NA
"SRS6","2016-04-05","dir1,1",NA
"SRS6","2017-04-08","centre",0.694165744613019
"SRS6","2017-04-08","win90",0.776879963241261
"SRS6","2017-04-08","dir-1,-1",0.812229043110325
"SRS6","2017-04-08","dir0,-1",0.845368821292775
"SRS6","2017-04-08","dir1,-1",0.854821201975263
"SRS6","2017-04-08","dir-1,0",0.197748320319593
"SRS6","2017-04-08","dir1,0",NA
"SRS6","2017-04-08","dir-1,1",NA
"SRS6","2017-04-08","dir0,1",NA
"SRS6","2017-04-08","dir1,1",NA
"SRS6","2017-01-18","centre",0.691467887299918
"SRS6","2017-01-18","win90",0.730738298214573
"SRS6","2017-01-18","dir-1,-1",0.855502253234482
"SRS6","2017-01-18","dir0,-1",0.890555849836816
"SRS6","2017-01-18","dir1,-1",0.889275928535002
"SRS6","2017-01-18","dir-1,0",0.379353731770089
"SRS6","2017-01-18","dir1,0",0.825416745595757
"SRS6","2017-01-18","dir-1,1",0.823393087055561
"SRS6","2017-01-18","dir0,1",0.689577327822735
"SRS6","2017-01-18","dir1,1",0.281280154390479
"SRS6","2017-01-26","centre",0.687345708698022
"SRS6","2017-01-26","win90",0.687345708698022
"SRS6","2017-01-26","dir-1,-1",0.866531924219549
"SRS6","2017-01-26","dir0,-1",0.879030538510744
"SRS6","2017-01-26","dir1,-1",0.879061909167706
"SRS6","2017-01-26","dir-1,0",-0.0111313499291644
"SRS6","2017-01-26","dir1,0",0.864449497820731
"SRS6","2017-01-26","dir-1,1",0.665080602157595
"SRS6","2017-01-26","dir0,1",0.22309067688378
"SRS6","2017-01-26","dir1,1",0.00935639353558335
"SRS6","2017-03-15","centre",0.544979324334868
"SRS6","2017-03-15","win90",0.544979324334868
"SRS6","2017-03-15","dir-1,-1",0.809197070660421
"SRS6","2017-03-15","dir0,-1",0.862805629969809
"SRS6","2017-03-15","dir1,-1",0.867057522295013
"SRS6","2017-03-15","dir-1,0",-0.292353377876763
"SRS6","2017-03-15","dir1,0",0.84282007445913
"SRS6","2017-03-15","dir-1,1",0.611156161690626
"SRS6","2017-03-15","dir0,1",0.204108681245858
"SRS6","2017-03-15","dir1,1",-0.247289923608586
"SRS6","2017-02-19","centre",0.772081399500178
"SRS6","2017-02-19","win90",0.772081399500178
"SRS6","2017-02-19","dir-1,-1",0.859736253305309
"SRS6","2017-02-19","dir0,-1",0.877210118535197
"SRS6","2017-02-19","dir1,-1",0.871519525354336
"SRS6","2017-02-19","dir-1,0",0.530852340936374
"SRS6","2017-02-19","dir1,0",0.855364906574624
"SRS6","2017-02-19","dir-1,1",0.766398087662539
"SRS6","2017-02-19","dir0,1",0.661733110527572
"SRS6","2017-02-19","dir1,1",0.470747562296858
"SRS6","2017-04-24","centre",NA
"SRS6","2017-04-24","win90",NA
"SRS6","2017-04-24","dir-1,-1",NA
"SRS6","2017-04-24","dir0,-1",NA
"SRS6","2017-04-24","dir1,-1",NA
"SRS6","2017-04-24","dir-1,0",NA
"SRS6","2017-04-24","dir1,0",NA
"SRS6","2017-04-24","dir-1,1",NA
"SRS6","2017-04-24","dir0,1",NA
"SRS6","2017-04-24","dir1,1",NA
"SRS6","2017-02-03","centre",0.479771304111081
"SRS6","2017-02-03","win90",0.479771304111081
"SRS6","2017-02-03","dir-1,-1",0.654638705957331
"SRS6","2017-02-03","dir0,-1",0.760172703767854
"SRS6","2017-02-03","dir1,-1",NA
"SRS6","2017-02-03","dir-1,0",0.338777770087896
"SRS6","2017-02-03","dir1,0",NA
"SRS6","2017-02-03","dir-1,1",0.586786184416724
"SRS6","2017-02-03","dir0,1",0.418077719576075
"SRS6","2017-02-03","dir1,1",NA
"SRS6","2017-02-27","centre",0.598031279344624
"SRS6","2017-02-27","win90",0.598031279344624
"SRS6","2017-02-27","dir-1,-1",0.839627016867235
"SRS6","2017-02-27","dir0,-1",0.870989811454903
"SRS6","2017-02-27","dir1,-1",0.879140159187516
"SRS6","2017-02-27","dir-1,0",-0.0120421052631583
"SRS6","2017-02-27","dir1,0",0.879140159187516
"SRS6","2017-02-27","dir-1,1",0.711624608033448
"SRS6","2017-02-27","dir0,1",0.395503272934257
"SRS6","2017-02-27","dir1,1",0.151649433776465
"SRS6","2018-01-05","centre",0.365393326287181
"SRS6","2018-01-05","win90",0.365393326287181
"SRS6","2018-01-05","dir-1,-1",0.638313163629619
"SRS6","2018-01-05","dir0,-1",0.6969515050368
"SRS6","2018-01-05","dir1,-1",0.69654403567447
"SRS6","2018-01-05","dir-1,0",-0.232372252355125
"SRS6","2018-01-05","dir1,0",0.59983032061194
"SRS6","2018-01-05","dir-1,1",0.27328125
"SRS6","2018-01-05","dir0,1",0.0759034948371725
"SRS6","2018-01-05","dir1,1",-0.306620209059233
"SRS6","2018-04-19","centre",0.54362007259436
"SRS6","2018-04-19","win90",0.54362007259436
"SRS6","2018-04-19","dir-1,-1",0.706280316568803
"SRS6","2018-04-19","dir0,-1",0.668544565906802
"SRS6","2018-04-19","dir1,-1",0.682537338231765
"SRS6","2018-04-19","dir-1,0",-0.299164822614034
"SRS6","2018-04-19","dir1,0",0.674962886938035
"SRS6","2018-04-19","dir-1,1",0.479572970716288
"SRS6","2018-04-19","dir0,1",0.0262343329781296
"SRS6","2018-04-19","dir1,1",-0.342715366468722
"SRS6","2018-02-14","centre",NA
"SRS6","2018-02-14","win90",NA
"SRS6","2018-02-14","dir-1,-1",NA
"SRS6","2018-02-14","dir0,-1",NA
"SRS6","2018-02-14","dir1,-1",NA
"SRS6","2018-02-14","dir-1,0",NA
"SRS6","2018-02-14","dir1,0",NA
"SRS6","2018-02-14","dir-1,1",NA
"SRS6","2018-02-14","dir0,1",NA
"SRS6","2018-02-14","dir1,1",NA
"SRS6","2018-03-26","centre",0.486436580304963
"SRS6","2018-03-26","win90",0.46794892516567
"SRS6","2018-03-26","dir-1,-1",NA
"SRS6","2018-03-26","dir0,-1",NA
"SRS6","2018-03-26","dir1,-1",0.636319217444844
"SRS6","2018-03-26","dir-1,0",0.029790115098172
"SRS6","2018-03-26","dir1,0",0.563551662643002
"SRS6","2018-03-26","dir-1,1",0.37005396505991
"SRS6","2018-03-26","dir0,1",0.144941561825355
"SRS6","2018-03-26","dir1,1",0.0290972534894192
"SRS6","2018-04-03","centre",NA
"SRS6","2018-04-03","win90",NA
"SRS6","2018-04-03","dir-1,-1",NA
"SRS6","2018-04-03","dir0,-1",NA
"SRS6","2018-04-03","dir1,-1",NA
"SRS6","2018-04-03","dir-1,0",NA
"SRS6","2018-04-03","dir1,0",NA
"SRS6","2018-04-03","dir-1,1",NA
"SRS6","2018-04-03","dir0,1",NA
"SRS6","2018-04-03","dir1,1",NA
"SRS6","2018-03-26","centre",0.47211642317094
"SRS6","2018-03-26","win90",0.459353607712521
"SRS6","2018-03-26","dir-1,-1",NA
"SRS6","2018-03-26","dir0,-1",NA
"SRS6","2018-03-26","dir1,-1",0.640683128628184
"SRS6","2018-03-26","dir-1,0",0.0786185825740628
"SRS6","2018-03-26","dir1,0",0.5690026426544
"SRS6","2018-03-26","dir-1,1",0.376381036839966
"SRS6","2018-03-26","dir0,1",0.184882878531756
"SRS6","2018-03-26","dir1,1",0.0367514777692108
"SRS6","2018-03-02","centre",0.381411704614659
"SRS6","2018-03-02","win90",0.381411704614659
"SRS6","2018-03-02","dir-1,-1",0.710424562612457
"SRS6","2018-03-02","dir0,-1",0.712978592802885
"SRS6","2018-03-02","dir1,-1",0.732923478179871
"SRS6","2018-03-02","dir-1,0",-0.43572726002515
"SRS6","2018-03-02","dir1,0",0.657682216938592
"SRS6","2018-03-02","dir-1,1",0.183030201552984
"SRS6","2018-03-02","dir0,1",-0.254628055753006
"SRS6","2018-03-02","dir1,1",-0.470579762333454
"SRS6","2018-03-02","centre",0.413446706046127
"SRS6","2018-03-02","win90",0.413446706046127
"SRS6","2018-03-02","dir-1,-1",0.710477103812035
"SRS6","2018-03-02","dir0,-1",0.71066291252466
"SRS6","2018-03-02","dir1,-1",0.733647910177742
"SRS6","2018-03-02","dir-1,0",-0.439938308387956
"SRS6","2018-03-02","dir1,0",0.667576832622474
"SRS6","2018-03-02","dir-1,1",0.164116386171184
"SRS6","2018-03-02","dir0,1",-0.279699012384386
"SRS6","2018-03-02","dir1,1",-0.475164550588066
"SRS6","2019-01-08","centre",0.68008318530393
"SRS6","2019-01-08","win90",0.68008318530393
"SRS6","2019-01-08","dir-1,-1",0.801742153834773
"SRS6","2019-01-08","dir0,-1",0.835685247439606
"SRS6","2019-01-08","dir1,-1",0.845428702813428
"SRS6","2019-01-08","dir-1,0",0.0274314214463841
"SRS6","2019-01-08","dir1,0",0.786598582797751
"SRS6","2019-01-08","dir-1,1",NA
"SRS6","2019-01-08","dir0,1",NA
"SRS6","2019-01-08","dir1,1",NA
"SRS6","2019-02-17","centre",NA
"SRS6","2019-02-17","win90",NA
"SRS6","2019-02-17","dir-1,-1",NA
"SRS6","2019-02-17","dir0,-1",NA
"SRS6","2019-02-17","dir1,-1",NA
"SRS6","2019-02-17","dir-1,0",NA
"SRS6","2019-02-17","dir1,0",NA
"SRS6","2019-02-17","dir-1,1",NA
"SRS6","2019-02-17","dir0,1",NA
"SRS6","2019-02-17","dir1,1",NA
"SRS6","2019-01-08","centre",0.683122153387873
"SRS6","2019-01-08","win90",0.683122153387873
"SRS6","2019-01-08","dir-1,-1",0.804611248204486
"SRS6","2019-01-08","dir0,-1",0.837632924434767
"SRS6","2019-01-08","dir1,-1",0.847385383095956
"SRS6","2019-01-08","dir-1,0",0.0287807430664568
"SRS6","2019-01-08","dir1,0",0.788865280632842
"SRS6","2019-01-08","dir-1,1",NA
"SRS6","2019-01-08","dir0,1",NA
"SRS6","2019-01-08","dir1,1",NA
"SRS6","2019-02-01","centre",0.608054027013507
"SRS6","2019-02-01","win90",0.608054027013507
"SRS6","2019-02-01","dir-1,-1",0.780046962490216
"SRS6","2019-02-01","dir0,-1",0.824227286918514
"SRS6","2019-02-01","dir1,-1",0.833383807793257
"SRS6","2019-02-01","dir-1,0",0.112524191318773
"SRS6","2019-02-01","dir1,0",0.815585536250643
"SRS6","2019-02-01","dir-1,1",0.583336044506621
"SRS6","2019-02-01","dir0,1",0.225830533781262
"SRS6","2019-02-01","dir1,1",-0.0139771283354513
"SRS6","2019-04-06","centre",NA
"SRS6","2019-04-06","win90",NA
"SRS6","2019-04-06","dir-1,-1",NA
"SRS6","2019-04-06","dir0,-1",NA
"SRS6","2019-04-06","dir1,-1",NA
"SRS6","2019-04-06","dir-1,0",NA
"SRS6","2019-04-06","dir1,0",NA
"SRS6","2019-04-06","dir-1,1",NA
"SRS6","2019-04-06","dir0,1",NA
"SRS6","2019-04-06","dir1,1",NA
"SRS6","2019-04-22","centre",0.512606639576056
"SRS6","2019-04-22","win90",0.512606639576056
"SRS6","2019-04-22","dir-1,-1",0.747434341205032
"SRS6","2019-04-22","dir0,-1",0.817151759790383
"SRS6","2019-04-22","dir1,-1",0.821143063561119
"SRS6","2019-04-22","dir-1,0",-0.218916548606895
"SRS6","2019-04-22","dir1,0",0.786935822975488
"SRS6","2019-04-22","dir-1,1",0.589663150464688
"SRS6","2019-04-22","dir0,1",0.148299556406019
"SRS6","2019-04-22","dir1,1",-0.100506787999852
"SRS6","2019-02-17","centre",NA
"SRS6","2019-02-17","win90",NA
"SRS6","2019-02-17","dir-1,-1",NA
"SRS6","2019-02-17","dir0,-1",NA
"SRS6","2019-02-17","dir1,-1",NA
"SRS6","2019-02-17","dir-1,0",NA
"SRS6","2019-02-17","dir1,0",NA
"SRS6","2019-02-17","dir-1,1",NA
"SRS6","2019-02-17","dir0,1",NA
"SRS6","2019-02-17","dir1,1",NA
"SRS6","2019-01-16","centre",0.645616105974162
"SRS6","2019-01-16","win90",0.645616105974162
"SRS6","2019-01-16","dir-1,-1",0.834924255084887
"SRS6","2019-01-16","dir0,-1",0.842754789004027
"SRS6","2019-01-16","dir1,-1",0.847313006379897
"SRS6","2019-01-16","dir-1,0",-0.325985794758756
"SRS6","2019-01-16","dir1,0",0.807985730556809
"SRS6","2019-01-16","dir-1,1",0.602079022563799
"SRS6","2019-01-16","dir0,1",0.172960759902246
"SRS6","2019-01-16","dir1,1",-0.314856883234894
"SRS6","2020-03-07","centre",0.529497337316535
"SRS6","2020-03-07","win90",0.529497337316535
"SRS6","2020-03-07","dir-1,-1",0.82279885722381
"SRS6","2020-03-07","dir0,-1",0.849624329479613
"SRS6","2020-03-07","dir1,-1",0.856800064706887
"SRS6","2020-03-07","dir-1,0",-0.273205905917363
"SRS6","2020-03-07","dir1,0",0.806985660518941
"SRS6","2020-03-07","dir-1,1",0.505866146251865
"SRS6","2020-03-07","dir0,1",-0.0581518291393531
"SRS6","2020-03-07","dir1,1",-0.329848345588235
"SRS6","2020-04-16","centre",NA
"SRS6","2020-04-16","win90",NA
"SRS6","2020-04-16","dir-1,-1",NA
"SRS6","2020-04-16","dir0,-1",NA
"SRS6","2020-04-16","dir1,-1",NA
"SRS6","2020-04-16","dir-1,0",NA
"SRS6","2020-04-16","dir1,0",NA
"SRS6","2020-04-16","dir-1,1",NA
"SRS6","2020-04-16","dir0,1",NA
"SRS6","2020-04-16","dir1,1",NA
"SRS6","2020-01-03","centre",NA
"SRS6","2020-01-03","win90",NA
"SRS6","2020-01-03","dir-1,-1",NA
"SRS6","2020-01-03","dir0,-1",0.894096113675551
"SRS6","2020-01-03","dir1,-1",NA
"SRS6","2020-01-03","dir-1,0",NA
"SRS6","2020-01-03","dir1,0",NA
"SRS6","2020-01-03","dir-1,1",NA
"SRS6","2020-01-03","dir0,1",NA
"SRS6","2020-01-03","dir1,1",NA
"SRS6","2020-04-24","centre",0.556582243250765
"SRS6","2020-04-24","win90",0.556582243250765
"SRS6","2020-04-24","dir-1,-1",0.806962697665948
"SRS6","2020-04-24","dir0,-1",0.818806032199446
"SRS6","2020-04-24","dir1,-1",0.82706330682912
"SRS6","2020-04-24","dir-1,0",0.02842791103993
"SRS6","2020-04-24","dir1,0",0.796143345295946
"SRS6","2020-04-24","dir-1,1",0.537912783339086
"SRS6","2020-04-24","dir0,1",0.185229382126757
"SRS6","2020-04-24","dir1,1",-0.0392466987898631
"SRS6","2020-04-08","centre",NA
"SRS6","2020-04-08","win90",NA
"SRS6","2020-04-08","dir-1,-1",NA
"SRS6","2020-04-08","dir0,-1",NA
"SRS6","2020-04-08","dir1,-1",NA
"SRS6","2020-04-08","dir-1,0",NA
"SRS6","2020-04-08","dir1,0",NA
"SRS6","2020-04-08","dir-1,1",NA
"SRS6","2020-04-08","dir0,1",NA
"SRS6","2020-04-08","dir1,1",NA
"SRS6","2020-03-15","centre",NA
"SRS6","2020-03-15","win90",NA
"SRS6","2020-03-15","dir-1,-1",NA
"SRS6","2020-03-15","dir0,-1",NA
"SRS6","2020-03-15","dir1,-1",NA
"SRS6","2020-03-15","dir-1,0",NA
"SRS6","2020-03-15","dir1,0",NA
"SRS6","2020-03-15","dir-1,1",NA
"SRS6","2020-03-15","dir0,1",NA
"SRS6","2020-03-15","dir1,1",NA
"SRS6","2020-02-04","centre",0.749314889729871
"SRS6","2020-02-04","win90",0.749314889729871
"SRS6","2020-02-04","dir-1,-1",0.862457804944804
"SRS6","2020-02-04","dir0,-1",0.876826923076923
"SRS6","2020-02-04","dir1,-1",0.870494599204093
"SRS6","2020-02-04","dir-1,0",-0.025446898002104
"SRS6","2020-02-04","dir1,0",0.855632431784826
"SRS6","2020-02-04","dir-1,1",0.680105895979262
"SRS6","2020-02-04","dir0,1",0.395748160261652
"SRS6","2020-02-04","dir1,1",-0.0643972246313958
"SRS6","2020-01-19","centre",0.699438383577562
"SRS6","2020-01-19","win90",0.699438383577562
"SRS6","2020-01-19","dir-1,-1",0.855489146951293
"SRS6","2020-01-19","dir0,-1",0.870367141334883
"SRS6","2020-01-19","dir1,-1",0.869519460080524
"SRS6","2020-01-19","dir-1,0",0.0531094616992145
"SRS6","2020-01-19","dir1,0",0.84557936028968
"SRS6","2020-01-19","dir-1,1",0.689859299931366
"SRS6","2020-01-19","dir0,1",0.339691652391315
"SRS6","2020-01-19","dir1,1",-0.0433070866141737
"SRS6","2021-01-05","centre",0.686412043967324
"SRS6","2021-01-05","win90",0.686412043967324
"SRS6","2021-01-05","dir-1,-1",0.893367828549453
"SRS6","2021-01-05","dir0,-1",0.90138041966939
"SRS6","2021-01-05","dir1,-1",0.90431963839422
"SRS6","2021-01-05","dir-1,0",-0.282422646477946
"SRS6","2021-01-05","dir1,0",0.883956608621182
"SRS6","2021-01-05","dir-1,1",0.768174012593017
"SRS6","2021-01-05","dir0,1",0.53485647334505
"SRS6","2021-01-05","dir1,1",-0.258884443398447
"SRS6","2021-01-05","centre",0.712737832098124
"SRS6","2021-01-05","win90",0.712737832098124
"SRS6","2021-01-05","dir-1,-1",0.902105099623257
"SRS6","2021-01-05","dir0,-1",0.903157894736842
"SRS6","2021-01-05","dir1,-1",0.908384319863404
"SRS6","2021-01-05","dir-1,0",-0.311773255813955
"SRS6","2021-01-05","dir1,0",0.888895825344023
"SRS6","2021-01-05","dir-1,1",0.780393353808588
"SRS6","2021-01-05","dir0,1",0.530041038410107
"SRS6","2021-01-05","dir1,1",-0.296580810363006
"SRS6","2021-03-26","centre",0.68548656163114
"SRS6","2021-03-26","win90",0.68548656163114
"SRS6","2021-03-26","dir-1,-1",0.847105810879226
"SRS6","2021-03-26","dir0,-1",0.863424883686027
"SRS6","2021-03-26","dir1,-1",0.866099351132858
"SRS6","2021-03-26","dir-1,0",-0.0107959564235945
"SRS6","2021-03-26","dir1,0",0.837804909438787
"SRS6","2021-03-26","dir-1,1",0.609214221555184
"SRS6","2021-03-26","dir0,1",0.489121839453355
"SRS6","2021-03-26","dir1,1",0.450186969585653
"SRS6","2021-04-11","centre",NA
"SRS6","2021-04-11","win90",NA
"SRS6","2021-04-11","dir-1,-1",NA
"SRS6","2021-04-11","dir0,-1",NA
"SRS6","2021-04-11","dir1,-1",NA
"SRS6","2021-04-11","dir-1,0",NA
"SRS6","2021-04-11","dir1,0",NA
"SRS6","2021-04-11","dir-1,1",NA
"SRS6","2021-04-11","dir0,1",NA
"SRS6","2021-04-11","dir1,1",NA
"SRS6","2021-02-06","centre",0.251744819229058
"SRS6","2021-02-06","win90",0.251744819229058
"SRS6","2021-02-06","dir-1,-1",0.230833092426635
"SRS6","2021-02-06","dir0,-1",0.136280358379695
"SRS6","2021-02-06","dir1,-1",0.166277826382813
"SRS6","2021-02-06","dir-1,0",0.35059034582273
"SRS6","2021-02-06","dir1,0",0.167005020039439
"SRS6","2021-02-06","dir-1,1",0.4374416088902
"SRS6","2021-02-06","dir0,1",0.455132409872542
"SRS6","2021-02-06","dir1,1",0.297342060279699
"SRS6","2021-03-26","centre",0.685487873756996
"SRS6","2021-03-26","win90",0.685487873756996
"SRS6","2021-03-26","dir-1,-1",0.854101126156933
"SRS6","2021-03-26","dir0,-1",0.861887980805278
"SRS6","2021-03-26","dir1,-1",0.86166070774061
"SRS6","2021-03-26","dir-1,0",-0.020402485393675
"SRS6","2021-03-26","dir1,0",0.844061495433887
"SRS6","2021-03-26","dir-1,1",0.516938067524786
"SRS6","2021-03-26","dir0,1",0.402214443345255
"SRS6","2021-03-26","dir1,1",0.419956262278068
"SRS6","2021-03-02","centre",0.493151625416223
"SRS6","2021-03-02","win90",0.493151625416223
"SRS6","2021-03-02","dir-1,-1",0.716723311141115
"SRS6","2021-03-02","dir0,-1",0.803681301038783
"SRS6","2021-03-02","dir1,-1",0.800423467137186
"SRS6","2021-03-02","dir-1,0",0.157130810313546
"SRS6","2021-03-02","dir1,0",0.704232687646482
"SRS6","2021-03-02","dir-1,1",0.575803717643003
"SRS6","2021-03-02","dir0,1",0.34694200803849
"SRS6","2021-03-02","dir1,1",0.0935043082189793
"SRS6","2021-01-21","centre",NA
"SRS6","2021-01-21","win90",NA
"SRS6","2021-01-21","dir-1,-1",NA
"SRS6","2021-01-21","dir0,-1",NA
"SRS6","2021-01-21","dir1,-1",NA
"SRS6","2021-01-21","dir-1,0",NA
"SRS6","2021-01-21","dir1,0",NA
"SRS6","2021-01-21","dir-1,1",NA
"SRS6","2021-01-21","dir0,1",NA
"SRS6","2021-01-21","dir1,1",NA
"SRS6","2022-01-24","centre",0.690198948699182
"SRS6","2022-01-24","win90",0.690198948699182
"SRS6","2022-01-24","dir-1,-1",0.896026490066225
"SRS6","2022-01-24","dir0,-1",0.906515144655227
"SRS6","2022-01-24","dir1,-1",0.905453876575002
"SRS6","2022-01-24","dir-1,0",-0.383073929961089
"SRS6","2022-01-24","dir1,0",0.8914517669532
"SRS6","2022-01-24","dir-1,1",0.65701382168292
"SRS6","2022-01-24","dir0,1",0.288900468994268
"SRS6","2022-01-24","dir1,1",-0.358731425152089
"SRS6","2022-04-06","centre",0.740455683831165
"SRS6","2022-04-06","win90",0.737971909552745
"SRS6","2022-04-06","dir-1,-1",0.747860924885748
"SRS6","2022-04-06","dir0,-1",0.80878825325289
"SRS6","2022-04-06","dir1,-1",0.792845470832595
"SRS6","2022-04-06","dir-1,0",0.428597499771877
"SRS6","2022-04-06","dir1,0",0.737971909552745
"SRS6","2022-04-06","dir-1,1",0.582211633909073
"SRS6","2022-04-06","dir0,1",0.397400106838685
"SRS6","2022-04-06","dir1,1",0.300390117035111
"SRS6","2022-03-21","centre",0.571920921873348
"SRS6","2022-03-21","win90",0.571920921873348
"SRS6","2022-03-21","dir-1,-1",0.729218436873748
"SRS6","2022-03-21","dir0,-1",0.793979558500957
"SRS6","2022-03-21","dir1,-1",0.806469865494051
"SRS6","2022-03-21","dir-1,0",0.127930292755842
"SRS6","2022-03-21","dir1,0",0.724042573716197
"SRS6","2022-03-21","dir-1,1",0.619867732157619
"SRS6","2022-03-21","dir0,1",0.289353832565072
"SRS6","2022-03-21","dir1,1",0.0916666666666666
"SRS6","2022-01-24","centre",0.682915444118432
"SRS6","2022-01-24","win90",0.682915444118432
"SRS6","2022-01-24","dir-1,-1",0.893120286630645
"SRS6","2022-01-24","dir0,-1",0.905500258121779
"SRS6","2022-01-24","dir1,-1",0.90452912367108
"SRS6","2022-01-24","dir-1,0",-0.392896669685078
"SRS6","2022-01-24","dir1,0",0.886901298604836
"SRS6","2022-01-24","dir-1,1",0.684166024222228
"SRS6","2022-01-24","dir0,1",0.304018724167123
"SRS6","2022-01-24","dir1,1",-0.400970545085204
"SRS6","2022-04-06","centre",0.753898910184142
"SRS6","2022-04-06","win90",0.753898910184142
"SRS6","2022-04-06","dir-1,-1",0.855113574846798
"SRS6","2022-04-06","dir0,-1",0.862630554080368
"SRS6","2022-04-06","dir1,-1",0.870149253731343
"SRS6","2022-04-06","dir-1,0",0.256912751677852
"SRS6","2022-04-06","dir1,0",0.859397268793242
"SRS6","2022-04-06","dir-1,1",0.677301457625661
"SRS6","2022-04-06","dir0,1",0.454827813798191
"SRS6","2022-04-06","dir1,1",0.258721809057379
"SRS6","2022-03-13","centre",0.611430813497253
"SRS6","2022-03-13","win90",0.611430813497253
"SRS6","2022-03-13","dir-1,-1",0.829045325812889
"SRS6","2022-03-13","dir0,-1",0.858849327716545
"SRS6","2022-03-13","dir1,-1",0.858948181667678
"SRS6","2022-03-13","dir-1,0",-0.0394831299353917
"SRS6","2022-03-13","dir1,0",0.836577777360016
"SRS6","2022-03-13","dir-1,1",0.531937403570642
"SRS6","2022-03-13","dir0,1",0.1639735513909
"SRS6","2022-03-13","dir1,1",-0.0180827579728525
"SRS6","2022-03-21","centre",0.551557309433037
"SRS6","2022-03-21","win90",0.551557309433037
"SRS6","2022-03-21","dir-1,-1",0.847786497853705
"SRS6","2022-03-21","dir0,-1",0.865249176104522
"SRS6","2022-03-21","dir1,-1",0.866019888430754
"SRS6","2022-03-21","dir-1,0",0.0572402655661224
"SRS6","2022-03-21","dir1,0",0.829305216663401
"SRS6","2022-03-21","dir-1,1",0.524740295243302
"SRS6","2022-03-21","dir0,1",0.312887982951913
"SRS6","2022-03-21","dir1,1",0.0260509177027825
"SRS6","2022-01-08","centre",NA
"SRS6","2022-01-08","win90",NA
"SRS6","2022-01-08","dir-1,-1",NA
"SRS6","2022-01-08","dir0,-1",NA
"SRS6","2022-01-08","dir1,-1",NA
"SRS6","2022-01-08","dir-1,0",NA
"SRS6","2022-01-08","dir1,0",NA
"SRS6","2022-01-08","dir-1,1",NA
"SRS6","2022-01-08","dir0,1",NA
"SRS6","2022-01-08","dir1,1",NA
"SRS6","2023-01-11","centre",0.577331359695496
"SRS6","2023-01-11","win90",0.577331359695496
"SRS6","2023-01-11","dir-1,-1",0.887064711197609
"SRS6","2023-01-11","dir0,-1",0.903476200419432
"SRS6","2023-01-11","dir1,-1",0.907048887445185
"SRS6","2023-01-11","dir-1,0",-0.376879950164635
"SRS6","2023-01-11","dir1,0",0.874403815580286
"SRS6","2023-01-11","dir-1,1",0.696546969727691
"SRS6","2023-01-11","dir0,1",0.288459613652287
"SRS6","2023-01-11","dir1,1",-0.419745608721986
"SRS6","2023-03-08","centre",0.539072101597706
"SRS6","2023-03-08","win90",0.539072101597706
"SRS6","2023-03-08","dir-1,-1",0.853717276274503
"SRS6","2023-03-08","dir0,-1",0.870745274391523
"SRS6","2023-03-08","dir1,-1",0.869530897609382
"SRS6","2023-03-08","dir-1,0",-0.0222406552957645
"SRS6","2023-03-08","dir1,0",0.83771920828633
"SRS6","2023-03-08","dir-1,1",0.560281892222644
"SRS6","2023-03-08","dir0,1",0.204792780495203
"SRS6","2023-03-08","dir1,1",-0.0493947676688794
"SRS6","2023-03-31","centre",0.770501138952164
"SRS6","2023-03-31","win90",0.770501138952164
"SRS6","2023-03-31","dir-1,-1",0.8441850967191
"SRS6","2023-03-31","dir0,-1",0.859093736542418
"SRS6","2023-03-31","dir1,-1",0.862070257611241
"SRS6","2023-03-31","dir-1,0",0.351022566995768
"SRS6","2023-03-31","dir1,0",0.790838272314615
"SRS6","2023-03-31","dir-1,1",0.619791784286714
"SRS6","2023-03-31","dir0,1",0.473177671771697
"SRS6","2023-03-31","dir1,1",0.417695758753064
"SRS6","2023-01-19","centre",0.596325704499455
"SRS6","2023-01-19","win90",0.596325704499455
"SRS6","2023-01-19","dir-1,-1",0.846766729709066
"SRS6","2023-01-19","dir0,-1",0.880718657713692
"SRS6","2023-01-19","dir1,-1",0.885613566916228
"SRS6","2023-01-19","dir-1,0",-0.118161378965776
"SRS6","2023-01-19","dir1,0",0.847991573186226
"SRS6","2023-01-19","dir-1,1",0.624167669134715
"SRS6","2023-01-19","dir0,1",0.184790101955662
"SRS6","2023-01-19","dir1,1",-0.104793588386511
"SRS6","2023-04-09","centre",0.561238423914393
"SRS6","2023-04-09","win90",0.561238423914393
"SRS6","2023-04-09","dir-1,-1",0.838797018435218
"SRS6","2023-04-09","dir0,-1",0.874328317080265
"SRS6","2023-04-09","dir1,-1",0.88065887193139
"SRS6","2023-04-09","dir-1,0",-0.114116874589626
"SRS6","2023-04-09","dir1,0",0.858129599307398
"SRS6","2023-04-09","dir-1,1",0.611341958636321
"SRS6","2023-04-09","dir0,1",0.191130572506638
"SRS6","2023-04-09","dir1,1",-0.10092717790226
"SRS6","2023-02-20","centre",0.601504484521169
"SRS6","2023-02-20","win90",0.601504484521169
"SRS6","2023-02-20","dir-1,-1",0.85776668746101
"SRS6","2023-02-20","dir0,-1",0.887899398924391
"SRS6","2023-02-20","dir1,-1",0.888229575767002
"SRS6","2023-02-20","dir-1,0",-0.0589304505883479
"SRS6","2023-02-20","dir1,0",0.871743236981859
"SRS6","2023-02-20","dir-1,1",0.443981853444532
"SRS6","2023-02-20","dir0,1",NA
"SRS6","2023-02-20","dir1,1",NA
"SRS6","2023-01-03","centre",0.790971359056409
"SRS6","2023-01-03","win90",0.790971359056409
"SRS6","2023-01-03","dir-1,-1",0.912140800424857
"SRS6","2023-01-03","dir0,-1",0.909753760259989
"SRS6","2023-01-03","dir1,-1",0.912157880442983
"SRS6","2023-01-03","dir-1,0",0.0438421681945001
"SRS6","2023-01-03","dir1,0",0.89549347813917
"SRS6","2023-01-03","dir-1,1",0.681654023274033
"SRS6","2023-01-03","dir0,1",0.296408553041312
"SRS6","2023-01-03","dir1,1",0.00223956565999357
"SRS6","2023-01-19","centre",0.610940552609545
"SRS6","2023-01-19","win90",0.610940552609545
"SRS6","2023-01-19","dir-1,-1",0.850481480001598
"SRS6","2023-01-19","dir0,-1",0.88218118231233
"SRS6","2023-01-19","dir1,-1",0.890983381403653
"SRS6","2023-01-19","dir-1,0",-0.115626414524971
"SRS6","2023-01-19","dir1,0",0.858351835762783
"SRS6","2023-01-19","dir-1,1",0.622527472527473
"SRS6","2023-01-19","dir0,1",0.158210314599067
"SRS6","2023-01-19","dir1,1",-0.101320233343568
"SRS6","2024-04-03","centre",0.287091425413101
"SRS6","2024-04-03","win90",0.355658814497555
"SRS6","2024-04-03","dir-1,-1",0.779438323454905
"SRS6","2024-04-03","dir0,-1",0.878783752502077
"SRS6","2024-04-03","dir1,-1",0.828816920026438
"SRS6","2024-04-03","dir-1,0",0.395055662740117
"SRS6","2024-04-03","dir1,0",0.733562124639264
"SRS6","2024-04-03","dir-1,1",0.534956269845691
"SRS6","2024-04-03","dir0,1",0.392987610167327
"SRS6","2024-04-03","dir1,1",0.266376400371802
"SRS6","2024-02-07","centre",0.689893385552654
"SRS6","2024-02-07","win90",0.689893385552654
"SRS6","2024-02-07","dir-1,-1",0.901583753997919
"SRS6","2024-02-07","dir0,-1",0.896921338310332
"SRS6","2024-02-07","dir1,-1",0.904448486852985
"SRS6","2024-02-07","dir-1,0",-0.0718780251694095
"SRS6","2024-02-07","dir1,0",0.881915452733457
"SRS6","2024-02-07","dir-1,1",0.64554098772672
"SRS6","2024-02-07","dir0,1",0.376898909628535
"SRS6","2024-02-07","dir1,1",-0.0849210284014445
"SRS6","2024-02-15","centre",0.637188704518739
"SRS6","2024-02-15","win90",0.637188704518739
"SRS6","2024-02-15","dir-1,-1",0.868386893757621
"SRS6","2024-02-15","dir0,-1",0.889377537212449
"SRS6","2024-02-15","dir1,-1",0.89311117021733
"SRS6","2024-02-15","dir-1,0",-0.0880720004675357
"SRS6","2024-02-15","dir1,0",0.848845727202328
"SRS6","2024-02-15","dir-1,1",0.678825235678028
"SRS6","2024-02-15","dir0,1",0.325983693725629
"SRS6","2024-02-15","dir1,1",-0.111655122999761
"SRS6","2024-03-10","centre",0.620886373296942
"SRS6","2024-03-10","win90",0.620886373296942
"SRS6","2024-03-10","dir-1,-1",0.84003859933683
"SRS6","2024-03-10","dir0,-1",0.857880811389694
"SRS6","2024-03-10","dir1,-1",0.886236196635591
"SRS6","2024-03-10","dir-1,0",0.237460041832748
"SRS6","2024-03-10","dir1,0",0.877609151192431
"SRS6","2024-03-10","dir-1,1",0.673065615163779
"SRS6","2024-03-10","dir0,1",0.451390220517737
"SRS6","2024-03-10","dir1,1",0.243161577608142
"SRS6","2024-03-26","centre",0.648123257166931
"SRS6","2024-03-26","win90",0.648123257166931
"SRS6","2024-03-26","dir-1,-1",0.824301657655294
"SRS6","2024-03-26","dir0,-1",0.856551452227625
"SRS6","2024-03-26","dir1,-1",0.864038508080781
"SRS6","2024-03-26","dir-1,0",0.250571385037331
"SRS6","2024-03-26","dir1,0",0.821420162131252
"SRS6","2024-03-26","dir-1,1",0.658783558723603
"SRS6","2024-03-26","dir0,1",0.390448643380388
"SRS6","2024-03-26","dir1,1",0.22549187927068
"SRS6","2024-01-30","centre",0.584026229120822
"SRS6","2024-01-30","win90",0.584026229120822
"SRS6","2024-01-30","dir-1,-1",0.710196322158447
"SRS6","2024-01-30","dir0,-1",0.801236433576041
"SRS6","2024-01-30","dir1,-1",0.839846195776277
"SRS6","2024-01-30","dir-1,0",0.391526615119177
"SRS6","2024-01-30","dir1,0",0.785424022955918
"SRS6","2024-01-30","dir-1,1",0.631421993541309
"SRS6","2024-01-30","dir0,1",0.486322013399628
"SRS6","2024-01-30","dir1,1",0.413524963801148
"SRS6","2024-01-30","centre",0.597076222811986
"SRS6","2024-01-30","win90",0.597076222811986
"SRS6","2024-01-30","dir-1,-1",0.725442309281379
"SRS6","2024-01-30","dir0,-1",0.803297641003055
"SRS6","2024-01-30","dir1,-1",0.83850159995955
"SRS6","2024-01-30","dir-1,0",0.385555218578051
"SRS6","2024-01-30","dir1,0",0.794300605245461
"SRS6","2024-01-30","dir-1,1",0.628280865600075
"SRS6","2024-01-30","dir0,1",0.486923693836434
"SRS6","2024-01-30","dir1,1",0.424343199201862
"SRS6","2024-04-19","centre",NA
"SRS6","2024-04-19","win90",NA
"SRS6","2024-04-19","dir-1,-1",NA
"SRS6","2024-04-19","dir0,-1",NA
"SRS6","2024-04-19","dir1,-1",NA
"SRS6","2024-04-19","dir-1,0",NA
"SRS6","2024-04-19","dir1,0",NA
"SRS6","2024-04-19","dir-1,1",NA
"SRS6","2024-04-19","dir0,1",NA
"SRS6","2024-04-19","dir1,1",NA
"SRS6","2025-03-29","centre",0.268375080166566
"SRS6","2025-03-29","win90",0.268132790948616
"SRS6","2025-03-29","dir-1,-1",0.309473205547702
"SRS6","2025-03-29","dir0,-1",0.210820607743329
"SRS6","2025-03-29","dir1,-1",0.226073994195912
"SRS6","2025-03-29","dir-1,0",0.305713709743327
"SRS6","2025-03-29","dir1,0",0.226268742560891
"SRS6","2025-03-29","dir-1,1",0.354172902037527
"SRS6","2025-03-29","dir0,1",0.304348255561263
"SRS6","2025-03-29","dir1,1",0.226268742560891
"SRS6","2025-03-21","centre",0.661485881682806
"SRS6","2025-03-21","win90",0.661485881682806
"SRS6","2025-03-21","dir-1,-1",0.86535076137664
"SRS6","2025-03-21","dir0,-1",0.884426520827742
"SRS6","2025-03-21","dir1,-1",0.889258535368237
"SRS6","2025-03-21","dir-1,0",-0.145208297617006
"SRS6","2025-03-21","dir1,0",0.867687750886629
"SRS6","2025-03-21","dir-1,1",0.735748616509967
"SRS6","2025-03-21","dir0,1",0.254021139705883
"SRS6","2025-03-21","dir1,1",-0.183946488294315
"SRS6","2025-02-09","centre",0.850542314023497
"SRS6","2025-02-09","win90",0.850542314023497
"SRS6","2025-02-09","dir-1,-1",0.925911961542087
"SRS6","2025-02-09","dir0,-1",0.914143319181721
"SRS6","2025-02-09","dir1,-1",0.916592364432196
"SRS6","2025-02-09","dir-1,0",0.137973811164713
"SRS6","2025-02-09","dir1,0",0.856693613953275
"SRS6","2025-02-09","dir-1,1",0.690146152396846
"SRS6","2025-02-09","dir0,1",0.334470019892015
"SRS6","2025-02-09","dir1,1",0.282244638135344
"SRS6","2025-04-14","centre",NA
"SRS6","2025-04-14","win90",NA
"SRS6","2025-04-14","dir-1,-1",NA
"SRS6","2025-04-14","dir0,-1",NA
"SRS6","2025-04-14","dir1,-1",NA
"SRS6","2025-04-14","dir-1,0",NA
"SRS6","2025-04-14","dir1,0",NA
"SRS6","2025-04-14","dir-1,1",NA
"SRS6","2025-04-14","dir0,1",NA
"SRS6","2025-04-14","dir1,1",NA
"SRS6","2025-03-13","centre",NA
"SRS6","2025-03-13","win90",NA
"SRS6","2025-03-13","dir-1,-1",NA
"SRS6","2025-03-13","dir0,-1",NA
"SRS6","2025-03-13","dir1,-1",NA
"SRS6","2025-03-13","dir-1,0",NA
"SRS6","2025-03-13","dir1,0",NA
"SRS6","2025-03-13","dir-1,1",NA
"SRS6","2025-03-13","dir0,1",NA
"SRS6","2025-03-13","dir1,1",NA
"SRS6","2025-02-25","centre",0.716842840047866
"SRS6","2025-02-25","win90",0.716842840047866
"SRS6","2025-02-25","dir-1,-1",0.901021432624733
"SRS6","2025-02-25","dir0,-1",0.906097223503367
"SRS6","2025-02-25","dir1,-1",0.912255873195585
"SRS6","2025-02-25","dir-1,0",-0.228195763330899
"SRS6","2025-02-25","dir1,0",0.89680772814201
"SRS6","2025-02-25","dir-1,1",0.536133510258242
"SRS6","2025-02-25","dir0,1",0.264396594892338
"SRS6","2025-02-25","dir1,1",-0.28535012745539
"SRS6","2025-04-06","centre",0.637124718618003
"SRS6","2025-04-06","win90",0.637124718618003
"SRS6","2025-04-06","dir-1,-1",0.816762464579574
"SRS6","2025-04-06","dir0,-1",0.854506029545772
"SRS6","2025-04-06","dir1,-1",0.859611855417151
"SRS6","2025-04-06","dir-1,0",0.552409764239516
"SRS6","2025-04-06","dir1,0",0.827557477087978
"SRS6","2025-04-06","dir-1,1",0.654924443919065
"SRS6","2025-04-06","dir0,1",0.487214859338818
"SRS6","2025-04-06","dir1,1",0.436481236053058
"SRS6","2025-02-09","centre",0.826812940667397
"SRS6","2025-02-09","win90",0.826812940667397
"SRS6","2025-02-09","dir-1,-1",0.921190623072178
"SRS6","2025-02-09","dir0,-1",0.91244031328846
"SRS6","2025-02-09","dir1,-1",0.916369109097884
"SRS6","2025-02-09","dir-1,0",0.212401414196355
"SRS6","2025-02-09","dir1,0",0.841174013744922
"SRS6","2025-02-09","dir-1,1",0.740105540897097
"SRS6","2025-02-09","dir0,1",0.498466780238501
"SRS6","2025-02-09","dir1,1",0.176674866155405
