no,index,flux_id,plot,date,start_time,end_time,component,status,species,analyzer,analyzer_id,chamber,chamber_class,chamber_vol,chamber_area,height,diameter,stem_temp,air_temp,soil_temp,lenticels,above,water_depth,datetime,date_only,time_period,analyzer_cell_volume_cm3,tubing_volume_cm3,filter_volume_cm3,chamber_volume_cm3,surface_area_cm2,total_system_volume_cm3,analyzer_cell_volume_L,tubing_volume_L,chamber_volume_L,filter_volume_L,total_system_volume_L
286,Mar_23_286,Mar_23_286_SRS6_stem,SRS6,3/10/23,16:19:00,16:21:00,stem,dead,RHMA,LGR,LGR3,B5,B,NA,NA,180,12,27.5,28.3,26.3,NA,sediment,30,2023-03-10T16:19:00.000000Z,2023-03-10,March_2023,70,29,849,418.99555555555554,107.68,1366.9955555555555,0.07,0.029,0.41899555555555557,0.849,1.3669955555555555
294,Mar_23_294,Mar_23_294_SRS6_root,SRS6,3/10/23,14:57:59,15:00:57,root,alive,RHMA,LGR,LGR2,B3,B,NA,NA,14,11.6,28.3,30.2,25,NA,sediment,11,2023-03-10T14:57:59.000000Z,2023-03-10,March_2023,70,29,849,418.99555555555554,107.68,1366.9955555555555,0.07,0.029,0.41899555555555557,0.849,1.3669955555555555
276,Mar_23_276,Mar_23_276_SRS6_stem,SRS6,3/10/23,14:20:00,14:23:00,stem,alive,RHMA,LGR,LGR3,C2,C,NA,NA,80,39.5,27,30.2,25.8,NA,sediment,15,2023-03-10T14:20:00.000000Z,2023-03-10,March_2023,70,29,849,1064.6016666666667,213.35,2012.6016666666667,0.07,0.029,1.0646016666666667,0.849,2.012601666666667
277,Mar_23_277,Mar_23_277_SRS6_stem,SRS6,3/10/23,14:39:30,14:42:30,stem,alive,RHMA,LGR,LGR3,C2,C,NA,NA,130,38.9,27.1,30.2,25.8,NA,sediment,15,2023-03-10T14:39:30.000000Z,2023-03-10,March_2023,70,29,849,1064.6016666666667,213.35,2012.6016666666667,0.07,0.029,1.0646016666666667,0.849,2.012601666666667
278,Mar_23_278,Mar_23_278_SRS6_stem,SRS6,3/10/23,14:46:00,14:49:00,stem,alive,RHMA,LGR,LGR3,C2,C,NA,NA,180,34.5,26.6,30.2,25.8,NA,sediment,15,2023-03-10T14:46:00.000000Z,2023-03-10,March_2023,70,29,849,1064.6016666666667,213.35,2012.6016666666667,0.07,0.029,1.0646016666666667,0.849,2.012601666666667
279,Mar_23_279,Mar_23_279_SRS6_root,SRS6,3/10/23,15:00:00,15:03:00,root,alive,RHMA,LGR,LGR3,B5,B,NA,NA,60,8.5,28.9,30.2,25.8,NA,sediment,15,2023-03-10T15:00:00.000000Z,2023-03-10,March_2023,70,29,849,418.99555555555554,107.68,1366.9955555555555,0.07,0.029,0.41899555555555557,0.849,1.3669955555555555
280,Mar_23_280,Mar_23_280_SRS6_stem,SRS6,3/10/23,15:16:15,15:19:15,stem,alive,RHMA,LGR,LGR3,C2,C,NA,NA,85,26.5,27.9,28.3,26.4,NA,sediment,22,2023-03-10T15:16:15.000000Z,2023-03-10,March_2023,70,29,849,1064.6016666666667,213.35,2012.6016666666667,0.07,0.029,1.0646016666666667,0.849,2.012601666666667
281,Mar_23_281,Mar_23_281_SRS6_stem,SRS6,3/10/23,15:25:00,15:28:00,stem,alive,RHMA,LGR,LGR3,C2,C,NA,NA,135,25,27.6,28.3,26.4,NA,sediment,22,2023-03-10T15:25:00.000000Z,2023-03-10,March_2023,70,29,849,1064.6016666666667,213.35,2012.6016666666667,0.07,0.029,1.0646016666666667,0.849,2.012601666666667
282,Mar_23_282,Mar_23_282_SRS6_stem,SRS6,3/10/23,15:32:00,15:35:00,stem,alive,RHMA,LGR,LGR3,C2,C,NA,NA,185,25,27.5,28.3,26.4,NA,sediment,22,2023-03-10T15:32:00.000000Z,2023-03-10,March_2023,70,29,849,1064.6016666666667,213.35,2012.6016666666667,0.07,0.029,1.0646016666666667,0.849,2.012601666666667
283,Mar_23_283,Mar_23_283_SRS6_root,SRS6,3/10/23,15:44:00,15:47:00,root,alive,RHMA,LGR,LGR3,B5,B,NA,NA,60,11.5,28.8,28.3,26.4,NA,sediment,22,2023-03-10T15:44:00.000000Z,2023-03-10,March_2023,70,29,849,418.99555555555554,107.68,1366.9955555555555,0.07,0.029,0.41899555555555557,0.849,1.3669955555555555
284,Mar_23_284,Mar_23_284_SRS6_stem,SRS6,3/10/23,16:02:00,16:05:00,stem,dead,RHMA,LGR,LGR3,B5,B,NA,NA,80,15,27.5,28.3,26.3,NA,sediment,30,2023-03-10T16:02:00.000000Z,2023-03-10,March_2023,70,29,849,418.99555555555554,107.68,1366.9955555555555,0.07,0.029,0.41899555555555557,0.849,1.3669955555555555
285,Mar_23_285,Mar_23_285_SRS6_stem,SRS6,3/10/23,16:09:30,16:12:30,stem,dead,RHMA,LGR,LGR3,B5,B,NA,NA,130,13,27.9,28.3,26.3,NA,sediment,30,2023-03-10T16:09:30.000000Z,2023-03-10,March_2023,70,29,849,418.99555555555554,107.68,1366.9955555555555,0.07,0.029,0.41899555555555557,0.849,1.3669955555555555
287,Mar_23_287,Mar_23_287_SRS6_root,SRS6,3/10/23,16:27:00,16:30:00,root,dead,RHMA,LGR,LGR3,B5,B,NA,NA,40,10.5,25.5,28.3,26.3,NA,sediment,30,2023-03-10T16:27:00.000000Z,2023-03-10,March_2023,70,29,849,418.99555555555554,107.68,1366.9955555555555,0.07,0.029,0.41899555555555557,0.849,1.3669955555555555
288,Mar_23_288,Mar_23_288_SRS6_root,SRS6,3/10/23,16:33:30,16:36:30,root,dead,RHMA,LGR,LGR3,A4,A,NA,NA,70,7.5,27.3,28.3,26.3,NA,sediment,30,2023-03-10T16:33:30.000000Z,2023-03-10,March_2023,70,29,849,212.53666666666666,40.45,1160.5366666666666,0.07,0.029,0.21253666666666665,0.849,1.1605366666666665
289,Mar_23_289,Mar_23_289_SRS6_stem,SRS6,3/10/23,16:08:28,16:11:28,stem,dead,LARA,LGR,LGR2,D2,D,NA,NA,58,27.1,25.9,28.3,26.3,NA,sediment,36,2023-03-10T16:08:28.000000Z,2023-03-10,March_2023,70,29,849,2190.6440000000002,462.19,3138.6440000000002,0.07,0.029,2.1906440000000003,0.849,3.138644
290,Mar_23_290,Mar_23_290_SRS6_stem,SRS6,3/10/23,16:21:10,16:24:10,stem,dead,LARA,LGR,LGR2,D2,D,NA,NA,116,26.4,27,28.3,26.3,NA,sediment,36,2023-03-10T16:21:10.000000Z,2023-03-10,March_2023,70,29,849,2190.6440000000002,462.19,3138.6440000000002,0.07,0.029,2.1906440000000003,0.849,3.138644
291,Mar_23_291,Mar_23_291_SRS6_stem,SRS6,3/10/23,14:19:49,14:22:49,stem,alive,RHMA,LGR,LGR2,C3,C,NA,NA,83,21.9,30,30.2,25,NA,sediment,11,2023-03-10T14:19:49.000000Z,2023-03-10,March_2023,70,29,849,1064.6016666666667,213.35,2012.6016666666667,0.07,0.029,1.0646016666666667,0.849,2.012601666666667
292,Mar_23_292,Mar_23_292_SRS6_stem,SRS6,3/10/23,14:30:39,14:33:39,stem,alive,RHMA,LGR,LGR2,C3,C,NA,NA,124,20.6,27.8,30.2,25,NA,sediment,11,2023-03-10T14:30:39.000000Z,2023-03-10,March_2023,70,29,849,1064.6016666666667,213.35,2012.6016666666667,0.07,0.029,1.0646016666666667,0.849,2.012601666666667
296,Mar_23_296,Mar_23_296_SRS6_stem,SRS6,3/10/23,15:36:20,15:39:20,stem,dead,LARA,LGR,LGR2,D2,D,NA,NA,94,30.1,27.9,28.3,26.4,NA,sediment,32,2023-03-10T15:36:20.000000Z,2023-03-10,March_2023,70,29,849,2190.6440000000002,462.19,3138.6440000000002,0.07,0.029,2.1906440000000003,0.849,3.138644
297,Mar_23_297,Mar_23_297_SRS6_stem,SRS6,3/10/23,15:48:40,15:51:40,stem,dead,LARA,LGR,LGR2,D2,D,NA,NA,139,28.5,NA,28.3,26.4,NA,sediment,32,2023-03-10T15:48:40.000000Z,2023-03-10,March_2023,70,29,849,2190.6440000000002,462.19,3138.6440000000002,0.07,0.029,2.1906440000000003,0.849,3.138644
295,Mar_23_295,Mar_23_295_SRS6_stem,SRS6,3/10/23,15:20:00,15:23:00,stem,dead,LARA,LGR,LGR2,D2,D,NA,NA,49,34.1,28.1,28.3,26.4,NA,sediment,32,2023-03-10T15:20:00.000000Z,2023-03-10,March_2023,70,29,849,2190.6440000000002,462.19,3138.6440000000002,0.07,0.029,2.1906440000000003,0.849,3.138644
293,Mar_23_293,Mar_23_293_SRS6_stem,SRS6,3/10/23,14:44:26,14:47:32,stem,alive,RHMA,LGR,LGR2,C3,C,NA,NA,158,21.5,28.7,30.2,25,NA,sediment,11,2023-03-10T14:44:26.000000Z,2023-03-10,March_2023,70,29,849,1064.6016666666667,213.35,2012.6016666666667,0.07,0.029,1.0646016666666667,0.849,2.012601666666667
247,Mar_23_247,Mar_23_247_SRS6_CWD,SRS6,3/11/23,14:21:00,14:23:00,CWD,dead,RHMA,LGR,LGR2,B5,B,NA,NA,45,15,33,24.4,25.9,NA,sediment,30,2023-03-11T14:21:00.000000Z,2023-03-11,March_2023,70,29,849,418.99555555555554,107.68,1366.9955555555555,0.07,0.029,0.41899555555555557,0.849,1.3669955555555555
249,Mar_23_249,Mar_23_249_SRS6_stem,SRS6,3/11/23,15:11:00,15:13:45,stem,alive,RHMA,LGR,LGR2,B5,B,NA,NA,60,15.5,26,24.1,26,NA,sediment,30,2023-03-11T15:11:00.000000Z,2023-03-11,March_2023,70,29,849,418.99555555555554,107.68,1366.9955555555555,0.07,0.029,0.41899555555555557,0.849,1.3669955555555555
253,Mar_23_253,Mar_23_253_SRS6_stem,SRS6,3/11/23,15:36:40,15:39:30,stem,alive,AVGE,LGR,LGR2,B5,B,NA,NA,145,17,26,24.1,26.1,NA,sediment,32,2023-03-11T15:36:40.000000Z,2023-03-11,March_2023,70,29,849,418.99555555555554,107.68,1366.9955555555555,0.07,0.029,0.41899555555555557,0.849,1.3669955555555555
243,Mar_23_243,Mar_23_243_SRS6_CWD,SRS6,3/11/23,14:07:00,14:10:00,CWD,dead,RHMA,LGR,LGR2,C2,C,NA,NA,73,19,30,25.6,25.9,NA,sediment,28,2023-03-11T14:07:00.000000Z,2023-03-11,March_2023,70,29,849,1064.6016666666667,213.35,2012.6016666666667,0.07,0.029,1.0646016666666667,0.849,2.012601666666667
244,Mar_23_244,Mar_23_244_SRS6_CWD,SRS6,3/11/23,14:31:00,14:34:00,CWD,dead,AVGE,LGR,LGR2,B5,B,NA,NA,60,11.5,27,26.1,25.8,NA,sediment,31,2023-03-11T14:31:00.000000Z,2023-03-11,March_2023,70,29,849,418.99555555555554,107.68,1366.9955555555555,0.07,0.029,0.41899555555555557,0.849,1.3669955555555555
245,Mar_23_245,Mar_23_245_SRS6_CWD,SRS6,3/11/23,14:40:00,14:43:00,CWD,dead,LARA,LGR,LGR2,B5,B,NA,NA,20,18,32,25.9,25.9,NA,sediment,25,2023-03-11T14:40:00.000000Z,2023-03-11,March_2023,70,29,849,418.99555555555554,107.68,1366.9955555555555,0.07,0.029,0.41899555555555557,0.849,1.3669955555555555
246,Mar_23_246,Mar_23_246_SRS6_CWD,SRS6,3/11/23,14:54:00,14:57:00,CWD,dead,RHMA,LGR,LGR2,B5,B,NA,NA,75,10,25.5,24.2,25.9,NA,sediment,22,2023-03-11T14:54:00.000000Z,2023-03-11,March_2023,70,29,849,418.99555555555554,107.68,1366.9955555555555,0.07,0.029,0.41899555555555557,0.849,1.3669955555555555
248,Mar_23_248,Mar_23_248_SRS6_stem,SRS6,3/11/23,15:05:00,15:08:00,stem,alive,RHMA,LGR,LGR2,B5,B,NA,NA,110,15.5,26,24.1,26,NA,sediment,30,2023-03-11T15:05:00.000000Z,2023-03-11,March_2023,70,29,849,418.99555555555554,107.68,1366.9955555555555,0.07,0.029,0.41899555555555557,0.849,1.3669955555555555
250,Mar_23_250,Mar_23_250_SRS6_stem,SRS6,3/11/23,15:15:00,15:18:00,stem,alive,RHMA,LGR,LGR2,B5,B,NA,NA,160,15.5,26.2,24.1,26,NA,sediment,30,2023-03-11T15:15:00.000000Z,2023-03-11,March_2023,70,29,849,418.99555555555554,107.68,1366.9955555555555,0.07,0.029,0.41899555555555557,0.849,1.3669955555555555
251,Mar_23_251,Mar_23_251_SRS6_stem,SRS6,3/11/23,15:25:00,15:28:00,stem,alive,AVGE,LGR,LGR2,B5,B,NA,NA,45,17,25.2,24.1,26.1,NA,sediment,32,2023-03-11T15:25:00.000000Z,2023-03-11,March_2023,70,29,849,418.99555555555554,107.68,1366.9955555555555,0.07,0.029,0.41899555555555557,0.849,1.3669955555555555
252,Mar_23_252,Mar_23_252_SRS6_stem,SRS6,3/11/23,15:31:00,15:34:00,stem,alive,AVGE,LGR,LGR2,B5,B,NA,NA,95,17,25.7,24.1,26.1,NA,sediment,32,2023-03-11T15:31:00.000000Z,2023-03-11,March_2023,70,29,849,418.99555555555554,107.68,1366.9955555555555,0.07,0.029,0.41899555555555557,0.849,1.3669955555555555
254,Mar_23_254,Mar_23_254_SRS6_stem,SRS6,3/11/23,15:50:30,15:53:30,stem,alive,LARA,LGR,LGR2,B5,B,NA,NA,45,17,25.3,24.2,26.2,NA,sediment,35,2023-03-11T15:50:30.000000Z,2023-03-11,March_2023,70,29,849,418.99555555555554,107.68,1366.9955555555555,0.07,0.029,0.41899555555555557,0.849,1.3669955555555555
255,Mar_23_255,Mar_23_255_SRS6_stem,SRS6,3/11/23,15:56:00,15:59:00,stem,alive,LARA,LGR,LGR2,B5,B,NA,NA,95,16,26,24.2,26.2,NA,sediment,35,2023-03-11T15:56:00.000000Z,2023-03-11,March_2023,70,29,849,418.99555555555554,107.68,1366.9955555555555,0.07,0.029,0.41899555555555557,0.849,1.3669955555555555
256,Mar_23_256,Mar_23_256_SRS6_stem,SRS6,3/11/23,16:02:00,16:05:00,stem,alive,LARA,LGR,LGR2,B5,B,NA,NA,145,15.5,26,24.2,26.2,NA,sediment,35,2023-03-11T16:02:00.000000Z,2023-03-11,March_2023,70,29,849,418.99555555555554,107.68,1366.9955555555555,0.07,0.029,0.41899555555555557,0.849,1.3669955555555555
257,Mar_23_257,Mar_23_257_SRS6_stem,SRS6,3/11/23,16:10:00,16:13:00,stem,alive,AVGE,LGR,LGR2,C2,C,NA,NA,50,31.5,25.1,23.1,26.2,NA,sediment,35,2023-03-11T16:10:00.000000Z,2023-03-11,March_2023,70,29,849,1064.6016666666667,213.35,2012.6016666666667,0.07,0.029,1.0646016666666667,0.849,2.012601666666667
259,Mar_23_259,Mar_23_259_SRS6_stem,SRS6,3/11/23,16:20:15,16:23:15,stem,alive,AVGE,LGR,LGR2,C2,C,NA,NA,150,30,26,23.1,26.2,NA,sediment,35,2023-03-11T16:20:15.000000Z,2023-03-11,March_2023,70,29,849,1064.6016666666667,213.35,2012.6016666666667,0.07,0.029,1.0646016666666667,0.849,2.012601666666667
262,Mar_23_262,Mar_23_262_SRS6_stem,SRS6,3/11/23,15:52:15,15:55:15,stem,alive,LARA,LGR,LGR3,D2,D,NA,NA,?,25.5,26.8,23.6,26.4,NA,sediment,20,2023-03-11T15:52:15.000000Z,2023-03-11,March_2023,70,29,849,2190.6440000000002,462.19,3138.6440000000002,0.07,0.029,2.1906440000000003,0.849,3.138644
263,Mar_23_263,Mar_23_263_SRS6_stem,SRS6,3/11/23,11:54:30,11:57:30,stem,alive,AVGE,LGR,LGR3,C5,C,NA,NA,21,20.5,29.8,26.7,24.1,NA,sediment,NA,2023-03-11T11:54:30.000000Z,2023-03-11,March_2023,70,29,849,1064.6016666666667,213.35,2012.6016666666667,0.07,0.029,1.0646016666666667,0.849,2.012601666666667
264,Mar_23_264,Mar_23_264_SRS6_stem,SRS6,3/11/23,12:08:15,12:11:15,stem,alive,AVGE,LGR,LGR3,C5,C,NA,NA,67,21,25.3,26.7,24.1,NA,sediment,NA,2023-03-11T12:08:15.000000Z,2023-03-11,March_2023,70,29,849,1064.6016666666667,213.35,2012.6016666666667,0.07,0.029,1.0646016666666667,0.849,2.012601666666667
265,Mar_23_265,Mar_23_265_SRS6_stem,SRS6,3/11/23,12:23:30,12:26:30,stem,alive,AVGE,LGR,LGR3,C5,C,NA,NA,95,21.2,26.1,26.7,24.1,NA,sediment,NA,2023-03-11T12:23:30.000000Z,2023-03-11,March_2023,70,29,849,1064.6016666666667,213.35,2012.6016666666667,0.07,0.029,1.0646016666666667,0.849,2.012601666666667
266,Mar_23_266,Mar_23_266_SRS6_stem,SRS6,3/11/23,12:39:30,12:42:30,stem,alive,RHMA,LGR,LGR3,C3,C,NA,NA,65,19.1,26.7,28.3,24,NA,sediment,NA,2023-03-11T12:39:30.000000Z,2023-03-11,March_2023,70,29,849,1064.6016666666667,213.35,2012.6016666666667,0.07,0.029,1.0646016666666667,0.849,2.012601666666667
267,Mar_23_267,Mar_23_267_SRS6_stem,SRS6,3/11/23,12:51:30,12:54:30,stem,alive,RHMA,LGR,LGR3,C3,C,NA,NA,96,15.8,26.2,28.3,24,NA,sediment,NA,2023-03-11T12:51:30.000000Z,2023-03-11,March_2023,70,29,849,1064.6016666666667,213.35,2012.6016666666667,0.07,0.029,1.0646016666666667,0.849,2.012601666666667
268,Mar_23_268,Mar_23_268_SRS6_stem,SRS6,3/11/23,13:04:00,13:07:00,stem,alive,RHMA,LGR,LGR3,B2,B,NA,NA,12,15.4,26.5,28.3,24,NA,sediment,NA,2023-03-11T13:04:00.000000Z,2023-03-11,March_2023,70,29,849,418.99555555555554,107.68,1366.9955555555555,0.07,0.029,0.41899555555555557,0.849,1.3669955555555555
269,Mar_23_269,Mar_23_269_SRS6_root,SRS6,3/11/23,13:31:30,13:34:30,root,alive,RHMA,LGR,LGR3,A1,A,NA,NA,53,5.5,26.3,28.3,24,NA,sediment,NA,2023-03-11T13:31:30.000000Z,2023-03-11,March_2023,70,29,849,212.53666666666666,40.45,1160.5366666666666,0.07,0.029,0.21253666666666665,0.849,1.1605366666666665
270,Mar_23_270,Mar_23_270_SRS6_stem,SRS6,3/11/23,14:05:30,14:08:30,stem,alive,AVGE,LGR,LGR3,C3,C,NA,NA,15,13.5,25.6,25.366666666666667,25.8,NA,sediment,3,2023-03-11T14:05:30.000000Z,2023-03-11,March_2023,70,29,849,1064.6016666666667,213.35,2012.6016666666667,0.07,0.029,1.0646016666666667,0.849,2.012601666666667
271,Mar_23_271,Mar_23_271_SRS6_stem,SRS6,3/11/23,14:16:00,14:19:00,stem,alive,AVGE,LGR,LGR3,C3,C,NA,NA,60,12.5,26.8,25.473333333333333,25.8,NA,sediment,7,2023-03-11T14:16:00.000000Z,2023-03-11,March_2023,70,29,849,1064.6016666666667,213.35,2012.6016666666667,0.07,0.029,1.0646016666666667,0.849,2.012601666666667
272,Mar_23_272,Mar_23_272_SRS6_stem,SRS6,3/11/23,14:27:30,14:30:30,stem,alive,AVGE,LGR,LGR3,B1,B,NA,NA,98,12.3,27,25.291428571428572,25.8,NA,sediment,7,2023-03-11T14:27:30.000000Z,2023-03-11,March_2023,70,29,849,418.99555555555554,107.68,1366.9955555555555,0.07,0.029,0.41899555555555557,0.849,1.3669955555555555
275,Mar_23_275,Mar_23_275_SRS6_stem,SRS6,3/11/23,15:12:25,15:15:25,stem,alive,AVGE,LGR,LGR3,D2,D,NA,NA,108,21.5,25.8,24.2,26,NA,sediment,22,2023-03-11T15:12:25.000000Z,2023-03-11,March_2023,70,29,849,2190.6440000000002,462.19,3138.6440000000002,0.07,0.029,2.1906440000000003,0.849,3.138644
274,Mar_23_274,Mar_23_274_SRS6_stem,SRS6,3/11/23,14:59:30,15:02:30,stem,alive,AVGE,LGR,LGR3,D2,D,NA,NA,68,133,26,24.2,26,NA,sediment,12,2023-03-11T14:59:30.000000Z,2023-03-11,March_2023,70,29,849,2190.6440000000002,462.19,3138.6440000000002,0.07,0.029,2.1906440000000003,0.849,3.138644
273,Mar_23_273,Mar_23_273_SRS6_stem,SRS6,3/11/23,12:47:30,14:50:30,stem,alive,AVGE,LGR,LGR3,D2,D,NA,NA,17,138.8,25.6,24.2,26,NA,sediment,10,2023-03-11T12:47:30.000000Z,2023-03-11,March_2023,70,29,849,2190.6440000000002,462.19,3138.6440000000002,0.07,0.029,2.1906440000000003,0.849,3.138644
221,Mar_23_221,Mar_23_221_SRS5_root,SRS5,3/12/23,11:27:48,11:30:38,root,alive,RHMA,LGR,LGR2,A5,A,NA,NA,20,10.4,23,25.4,23.4,NA,sediment,0,2023-03-12T11:27:48.000000Z,2023-03-12,March_2023,70,29,849,212.53666666666666,40.45,1160.5366666666666,0.07,0.029,0.21253666666666665,0.849,1.1605366666666665
213,Mar_23_213,Mar_23_213_SRS5_stem,SRS5,3/12/23,15:45:08,15:48:08,stem,alive,AVGE,LGR,LGR3,D2,D,NA,NA,115,40.1,27.8,27.8,23.6,NA,sediment,5,2023-03-12T15:45:08.000000Z,2023-03-12,March_2023,70,29,849,2190.6440000000002,462.19,3138.6440000000002,0.07,0.029,2.1906440000000003,0.849,3.138644
215,Mar_23_215,Mar_23_215_SRS5_stem,SRS5,3/12/23,16:03:00,16:06:00,stem,dead,RHMA,LGR,LGR3,B2,B,NA,NA,160,13.5,29.8,28.1,23.5,NA,sediment,8,2023-03-12T16:03:00.000000Z,2023-03-12,March_2023,70,29,849,418.99555555555554,107.68,1366.9955555555555,0.07,0.029,0.41899555555555557,0.849,1.3669955555555555
216,Mar_23_216,Mar_23_216_SRS5_stem,SRS5,3/12/23,16:08:17,16:11:17,stem,dead,RHMA,LGR,LGR3,B2,B,NA,NA,110,14,28.2,28.1,23.5,NA,sediment,8,2023-03-12T16:08:17.000000Z,2023-03-12,March_2023,70,29,849,418.99555555555554,107.68,1366.9955555555555,0.07,0.029,0.41899555555555557,0.849,1.3669955555555555
217,Mar_23_217,Mar_23_217_SRS5_root,SRS5,3/12/23,16:16:00,16:19:00,root,dead,RHMA,LGR,LGR3,B2,B,NA,NA,80,27.9,27.9,28.1,23.5,NA,sediment,8,2023-03-12T16:16:00.000000Z,2023-03-12,March_2023,70,29,849,418.99555555555554,107.68,1366.9955555555555,0.07,0.029,0.41899555555555557,0.849,1.3669955555555555
218,Mar_23_218,Mar_23_218_SRS5_stem,SRS5,3/12/23,11:06:00,11:09:00,stem,alive,RHMA,LGR,LGR2,B5,B,NA,NA,43,8,22.4,25.4,23.4,NA,sediment,0,2023-03-12T11:06:00.000000Z,2023-03-12,March_2023,70,29,849,418.99555555555554,107.68,1366.9955555555555,0.07,0.029,0.41899555555555557,0.849,1.3669955555555555
220,Mar_23_220,Mar_23_220_SRS5_stem,SRS5,3/12/23,11:18:00,11:21:00,stem,alive,RHMA,LGR,LGR2,A5,A,NA,NA,131,7,24,25.4,23.4,NA,sediment,0,2023-03-12T11:18:00.000000Z,2023-03-12,March_2023,70,29,849,212.53666666666666,40.45,1160.5366666666666,0.07,0.029,0.21253666666666665,0.849,1.1605366666666665
222,Mar_23_222,Mar_23_222_SRS5_stem,SRS5,3/12/23,11:42:40,11:45:40,stem,alive,RHMA,LGR,LGR2,C2,C,NA,NA,58,21.2,23.2,27.7,23.5,NA,sediment,0,2023-03-12T11:42:40.000000Z,2023-03-12,March_2023,70,29,849,1064.6016666666667,213.35,2012.6016666666667,0.07,0.029,1.0646016666666667,0.849,2.012601666666667
224,Mar_23_224,Mar_23_224_SRS5_stem,SRS5,3/12/23,12:12:35,12:15:35,stem,alive,RHMA,LGR,LGR2,C2,C,NA,NA,145,16.8,24.6,27.7,23.5,NA,sediment,0,2023-03-12T12:12:35.000000Z,2023-03-12,March_2023,70,29,849,1064.6016666666667,213.35,2012.6016666666667,0.07,0.029,1.0646016666666667,0.849,2.012601666666667
225,Mar_23_225,Mar_23_225_SRS5_root,SRS5,3/12/23,12:28:00,12:31:00,root,alive,RHMA,LGR,LGR2,A5,A,NA,NA,22,8,23.7,27.7,23.5,NA,sediment,0,2023-03-12T12:28:00.000000Z,2023-03-12,March_2023,70,29,849,212.53666666666666,40.45,1160.5366666666666,0.07,0.029,0.21253666666666665,0.849,1.1605366666666665
226,Mar_23_226,Mar_23_226_SRS5_stem,SRS5,3/12/23,12:42:35,12:45:35,stem,alive,RHMA,LGR,LGR2,C2,C,NA,NA,37,17.1,24.1,29,23.5,NA,sediment,0,2023-03-12T12:42:35.000000Z,2023-03-12,March_2023,70,29,849,1064.6016666666667,213.35,2012.6016666666667,0.07,0.029,1.0646016666666667,0.849,2.012601666666667
228,Mar_23_228,Mar_23_228_SRS5_stem,SRS5,3/12/23,13:07:15,13:10:15,stem,alive,RHMA,LGR,LGR2,C2,C,NA,NA,120,14.5,25.3,29,23.5,NA,sediment,0,2023-03-12T13:07:15.000000Z,2023-03-12,March_2023,70,29,849,1064.6016666666667,213.35,2012.6016666666667,0.07,0.029,1.0646016666666667,0.849,2.012601666666667
229,Mar_23_229,Mar_23_229_SRS5_root,SRS5,3/12/23,13:16:45,13:19:45,root,alive,RHMA,LGR,LGR2,A5,A,NA,NA,10,8.3,24.1,29,23.5,NA,sediment,0,2023-03-12T13:16:45.000000Z,2023-03-12,March_2023,70,29,849,212.53666666666666,40.45,1160.5366666666666,0.07,0.029,0.21253666666666665,0.849,1.1605366666666665
230,Mar_23_230,Mar_23_230_SRS5_stem,SRS5,3/12/23,13:28:09,13:31:09,stem,alive,RHMA,LGR,LGR2,B5,B,NA,NA,42,3.6,25.8,29,23.6,NA,sediment,0,2023-03-12T13:28:09.000000Z,2023-03-12,March_2023,70,29,849,418.99555555555554,107.68,1366.9955555555555,0.07,0.029,0.41899555555555557,0.849,1.3669955555555555
231,Mar_23_231,Mar_23_231_SRS5_stem,SRS5,3/12/23,13:38:57,13:41:57,stem,alive,RHMA,LGR,LGR2,A5,A,NA,NA,78,9.4,26.4,29,23.6,NA,sediment,0,2023-03-12T13:38:57.000000Z,2023-03-12,March_2023,70,29,849,212.53666666666666,40.45,1160.5366666666666,0.07,0.029,0.21253666666666665,0.849,1.1605366666666665
232,Mar_23_232,Mar_23_232_SRS5_stem,SRS5,3/12/23,13:49:59,13:52:59,stem,alive,RHMA,LGR,LGR2,A5,A,NA,NA,117,7.6,26.7,29,23.6,NA,sediment,0,2023-03-12T13:49:59.000000Z,2023-03-12,March_2023,70,29,849,212.53666666666666,40.45,1160.5366666666666,0.07,0.029,0.21253666666666665,0.849,1.1605366666666665
233,Mar_23_233,Mar_23_233_SRS5_root,SRS5,3/12/23,13:58:34,14:01:34,root,alive,RHMA,LGR,LGR2,A5,A,NA,NA,16,5.8,25.6,29,23.6,NA,sediment,0,2023-03-12T13:58:34.000000Z,2023-03-12,March_2023,70,29,849,212.53666666666666,40.45,1160.5366666666666,0.07,0.029,0.21253666666666665,0.849,1.1605366666666665
234,Mar_23_234,Mar_23_234_SRS5_stem,SRS5,3/12/23,14:35:40,14:38:40,stem,alive,RHMA,LGR,LGR2,A5,A,NA,NA,82,10,27.3,28.3,23.7,NA,sediment,2,2023-03-12T14:35:40.000000Z,2023-03-12,March_2023,70,29,849,212.53666666666666,40.45,1160.5366666666666,0.07,0.029,0.21253666666666665,0.849,1.1605366666666665
235,Mar_23_235,Mar_23_235_SRS5_stem,SRS5,3/12/23,14:45:40,14:48:40,stem,alive,RHMA,LGR,LGR2,A5,A,NA,NA,128,9.5,27.2,28.3,23.7,NA,sediment,3,2023-03-12T14:45:40.000000Z,2023-03-12,March_2023,70,29,849,212.53666666666666,40.45,1160.5366666666666,0.07,0.029,0.21253666666666665,0.849,1.1605366666666665
236,Mar_23_236,Mar_23_236_SRS5_stem,SRS5,3/12/23,14:54:20,14:57:20,stem,alive,RHMA,LGR,LGR2,A5,A,NA,NA,168,10.5,27.3,28.3,23.7,NA,sediment,5,2023-03-12T14:54:20.000000Z,2023-03-12,March_2023,70,29,849,212.53666666666666,40.45,1160.5366666666666,0.07,0.029,0.21253666666666665,0.849,1.1605366666666665
237,Mar_23_237,Mar_23_237_SRS5_root,SRS5,3/12/23,15:04:10,15:07:10,root,alive,RHMA,LGR,LGR2,A5,A,NA,NA,50,6,27.2,28.3,23.7,NA,sediment,6,2023-03-12T15:04:10.000000Z,2023-03-12,March_2023,70,29,849,212.53666666666666,40.45,1160.5366666666666,0.07,0.029,0.21253666666666665,0.849,1.1605366666666665
238,Mar_23_238,Mar_23_238_SRS5_stem,SRS5,3/12/23,15:21:20,15:24:20,stem,alive,RHMA,LGR,LGR2,B5,B,NA,NA,68,14.5,26.5,28.3,23.5,NA,sediment,6,2023-03-12T15:21:20.000000Z,2023-03-12,March_2023,70,29,849,418.99555555555554,107.68,1366.9955555555555,0.07,0.029,0.41899555555555557,0.849,1.3669955555555555
241,Mar_23_241,Mar_23_241_SRS5_root,SRS5,3/12/23,15:50:45,15:53:45,root,alive,RHMA,LGR,LGR2,A5,A,NA,NA,43,9.4,26.2,28.3,23.5,NA,sediment,9,2023-03-12T15:50:45.000000Z,2023-03-12,March_2023,70,29,849,212.53666666666666,40.45,1160.5366666666666,0.07,0.029,0.21253666666666665,0.849,1.1605366666666665
242,Mar_23_242,Mar_23_242_SRS5_root,SRS5,3/12/23,16:03:30,16:06:30,root,alive,RHMA,LGR,LGR2,A5,A,NA,NA,25,5,26.3,28.3,23.5,NA,sediment,10,2023-03-12T16:03:30.000000Z,2023-03-12,March_2023,70,29,849,212.53666666666666,40.45,1160.5366666666666,0.07,0.029,0.21253666666666665,0.849,1.1605366666666665
227,Mar_23_227,Mar_23_227_SRS5_stem,SRS5,3/12/23,12:53:45,12:56:45,stem,alive,RHMA,LGR,LGR2,C2,C,NA,NA,90,15.3,24.6,29,23.5,NA,sediment,0,2023-03-12T12:53:45.000000Z,2023-03-12,March_2023,70,29,849,1064.6016666666667,213.35,2012.6016666666667,0.07,0.029,1.0646016666666667,0.849,2.012601666666667
239,Mar_23_239,Mar_23_239_SRS5_stem,SRS5,3/12/23,15:29:50,15:32:50,stem,alive,RHMA,LGR,LGR2,B5,B,NA,NA,125,13.5,26.8,28.3,23.5,NA,sediment,7.5,2023-03-12T15:29:50.000000Z,2023-03-12,March_2023,70,29,849,418.99555555555554,107.68,1366.9955555555555,0.07,0.029,0.41899555555555557,0.849,1.3669955555555555
219,Mar_23_219,Mar_23_219_SRS5_stem,SRS5,3/12/23,11:11:00,11:14:09,stem,alive,RHMA,LGR,LGR2,A5,A,NA,NA,97,7.4,23.3,25.4,23.4,NA,sediment,0,2023-03-12T11:11:00.000000Z,2023-03-12,March_2023,70,29,849,212.53666666666666,40.45,1160.5366666666666,0.07,0.029,0.21253666666666665,0.849,1.1605366666666665
223,Mar_23_223,Mar_23_223_SRS5_stem,SRS5,3/12/23,11:56:30,11:59:50,stem,alive,RHMA,LGR,LGR2,C2,C,NA,NA,117,17,24.1,27.7,23.5,NA,sediment,0,2023-03-12T11:56:30.000000Z,2023-03-12,March_2023,70,29,849,1064.6016666666667,213.35,2012.6016666666667,0.07,0.029,1.0646016666666667,0.849,2.012601666666667
240,Mar_23_240,Mar_23_240_SRS5_stem,SRS5,3/12/23,15:37:30,15:41:00,stem,alive,RHMA,LGR,LGR2,B5,B,NA,NA,166,13.1,27.2,28.3,23.5,NA,sediment,8,2023-03-12T15:37:30.000000Z,2023-03-12,March_2023,70,29,849,418.99555555555554,107.68,1366.9955555555555,0.07,0.029,0.41899555555555557,0.849,1.3669955555555555
211,Mar_23_211,Mar_23_211_SRS5_stem,SRS5,3/12/23,15:28:00,15:32:00,stem,alive,LARA,LGR,LGR3,D2,D,NA,NA,150,28.1,27.1,28.3,23.7,NA,sediment,1.5,2023-03-12T15:28:00.000000Z,2023-03-12,March_2023,70,29,849,2190.6440000000002,462.19,3138.6440000000002,0.07,0.029,2.1906440000000003,0.849,3.138644
209,Mar_23_209,Mar_23_209_SRS5_stem,SRS5,3/12/23,15:13:00,15:18:00,stem,alive,LARA,LGR,LGR3,D2,D,NA,NA,50,31,26.4,28.3,23.7,NA,sediment,1.5,2023-03-12T15:13:00.000000Z,2023-03-12,March_2023,70,29,849,2190.6440000000002,462.19,3138.6440000000002,0.07,0.029,2.1906440000000003,0.849,3.138644
212,Mar_23_212,Mar_23_212_SRS5_stem,SRS5,3/12/23,15:38:21,15:43:21,stem,alive,AVGE,LGR,LGR3,D2,D,NA,NA,40,43,27.5,27.8,23.6,NA,sediment,5,2023-03-12T15:38:21.000000Z,2023-03-12,March_2023,70,29,849,2190.6440000000002,462.19,3138.6440000000002,0.07,0.029,2.1906440000000003,0.849,3.138644
214,Mar_23_214,Mar_23_214_SRS5_stem,SRS5,3/12/23,15:49:00,15:54:00,stem,alive,AVGE,LGR,LGR3,D2,D,NA,NA,165,42,24,27.8,23.6,NA,sediment,5,2023-03-12T15:49:00.000000Z,2023-03-12,March_2023,70,29,849,2190.6440000000002,462.19,3138.6440000000002,0.07,0.029,2.1906440000000003,0.849,3.138644
210,Mar_23_210,Mar_23_210_SRS5_stem,SRS5,3/12/23,15:21:00,15:26:00,stem,alive,LARA,LGR,LGR3,D2,D,NA,NA,92,30,27,28.3,23.7,NA,sediment,1.5,2023-03-12T15:21:00.000000Z,2023-03-12,March_2023,70,29,849,2190.6440000000002,462.19,3138.6440000000002,0.07,0.029,2.1906440000000003,0.849,3.138644
179,Mar_23_179,Mar_23_179_SRS5_stem,SRS5,3/13/23,14:03:00,14:05:00,stem,alive,AVGE,LGR,LGR3,B2,B,NA,NA,90,NA,27.4,27.2,24.4,NA,sediment,0,2023-03-13T14:03:00.000000Z,2023-03-13,March_2023,70,29,849,418.99555555555554,107.68,1366.9955555555555,0.07,0.029,0.41899555555555557,0.849,1.3669955555555555
191,Mar_23_191,Mar_23_191_SRS5_stem,SRS5,3/13/23,10:57:52,10:59:52,stem,alive,RHMA,LGR,LGR2,B5,B,NA,NA,131,9,24.5,26.1,24,NA,sediment,0,2023-03-13T10:57:52.000000Z,2023-03-13,March_2023,70,29,849,418.99555555555554,107.68,1366.9955555555555,0.07,0.029,0.41899555555555557,0.849,1.3669955555555555
202,Mar_23_202,Mar_23_202_SRS5_CWD,SRS5,3/13/23,13:02:30,13:05:20,CWD,NA,RHMA,LGR,LGR2,B5,B,NA,NA,28,11.2,27.5,24.4,24,NA,sediment,NA,2023-03-13T13:02:30.000000Z,2023-03-13,March_2023,70,29,849,418.99555555555554,107.68,1366.9955555555555,0.07,0.029,0.41899555555555557,0.849,1.3669955555555555
170,Mar_23_170,Mar_23_170_SRS5_stem,SRS5,3/13/23,12:33:30,12:36:30,stem,alive,LARA,LGR,LGR3,C5,C,NA,NA,20,19.6,25.8,26.6,24.2,NA,sediment,1,2023-03-13T12:33:30.000000Z,2023-03-13,March_2023,70,29,849,1064.6016666666667,213.35,2012.6016666666667,0.07,0.029,1.0646016666666667,0.849,2.012601666666667
171,Mar_23_171,Mar_23_171_SRS5_stem,SRS5,3/13/23,12:40:00,12:43:00,stem,alive,LARA,LGR,LGR3,C5,C,NA,NA,122,17.8,26.8,26.6,24.2,NA,sediment,1,2023-03-13T12:40:00.000000Z,2023-03-13,March_2023,70,29,849,1064.6016666666667,213.35,2012.6016666666667,0.07,0.029,1.0646016666666667,0.849,2.012601666666667
172,Mar_23_172,Mar_23_172_SRS5_stem,SRS5,3/13/23,13:04:00,13:07:00,stem,alive,LARA,LGR,LGR3,D2,D,NA,NA,50,35.5,26.9,24.4,24,NA,sediment,0,2023-03-13T13:04:00.000000Z,2023-03-13,March_2023,70,29,849,2190.6440000000002,462.19,3138.6440000000002,0.07,0.029,2.1906440000000003,0.849,3.138644
173,Mar_23_173,Mar_23_173_SRS5_root,SRS5,3/13/23,13:20:30,13:23:30,root,alive,LARA,LGR,LGR3,A6,A,NA,NA,2.3,20,28.8,25.6,24.1,NA,sediment,0,2023-03-13T13:20:30.000000Z,2023-03-13,March_2023,70,29,849,212.53666666666666,40.45,1160.5366666666666,0.07,0.029,0.21253666666666665,0.849,1.1605366666666665
175,Mar_23_175,Mar_23_175_SRS5_root,SRS5,3/13/23,13:32:30,13:35:30,root,alive,RHMA,LGR,LGR3,A6,A,NA,NA,2.5,20,26,26.7,24.1,NA,sediment,0,2023-03-13T13:32:30.000000Z,2023-03-13,March_2023,70,29,849,212.53666666666666,40.45,1160.5366666666666,0.07,0.029,0.21253666666666665,0.849,1.1605366666666665
177,Mar_23_177,Mar_23_177_SRS5_stem,SRS5,3/13/23,13:45:30,13:48:30,stem,alive,RHMA,LGR,LGR3,B2,B,NA,NA,75,22,26,26.7,24.7,NA,sediment,0,2023-03-13T13:45:30.000000Z,2023-03-13,March_2023,70,29,849,418.99555555555554,107.68,1366.9955555555555,0.07,0.029,0.41899555555555557,0.849,1.3669955555555555
178,Mar_23_178,Mar_23_178_SRS5_stem,SRS5,3/13/23,13:55:00,13:58:00,stem,alive,AVGE,LGR,LGR3,B2,B,NA,NA,?,13.5,26.7,27.2,24.4,NA,sediment,0,2023-03-13T13:55:00.000000Z,2023-03-13,March_2023,70,29,849,418.99555555555554,107.68,1366.9955555555555,0.07,0.029,0.41899555555555557,0.849,1.3669955555555555
180,Mar_23_180,Mar_23_180_SRS5_stem,SRS5,3/13/23,10:56:00,10:59:00,stem,alive,RHMA,LGR,LGR3,C5,C,NA,NA,?,10.5,25.1,27.5,24,NA,sediment,0,2023-03-13T10:56:00.000000Z,2023-03-13,March_2023,70,29,849,1064.6016666666667,213.35,2012.6016666666667,0.07,0.029,1.0646016666666667,0.849,2.012601666666667
184,Mar_23_184,Mar_23_184_SRS5_root,SRS5,3/13/23,11:36:30,11:39:30,root,alive,RHMA,LGR,LGR3,A5,A,NA,NA,3,7,25.6,26.6,23.9,NA,sediment,0,2023-03-13T11:36:30.000000Z,2023-03-13,March_2023,70,29,849,212.53666666666666,40.45,1160.5366666666666,0.07,0.029,0.21253666666666665,0.849,1.1605366666666665
186,Mar_23_186,Mar_23_186_SRS5_stem,SRS5,3/13/23,11:51:00,11:54:00,stem,alive,RHMA,LGR,LGR3,C5,C,NA,NA,105,18,26,26.6,23.9,NA,sediment,0,2023-03-13T11:51:00.000000Z,2023-03-13,March_2023,70,29,849,1064.6016666666667,213.35,2012.6016666666667,0.07,0.029,1.0646016666666667,0.849,2.012601666666667
187,Mar_23_187,Mar_23_187_SRS5_stem,SRS5,3/13/23,11:57:00,12:00:00,stem,alive,RHMA,LGR,LGR3,C5,C,NA,NA,145,17.5,26.5,26.6,23.9,NA,sediment,0,2023-03-13T11:57:00.000000Z,2023-03-13,March_2023,70,29,849,1064.6016666666667,213.35,2012.6016666666667,0.07,0.029,1.0646016666666667,0.849,2.012601666666667
188,Mar_23_188,Mar_23_188_SRS5_root,SRS5,3/13/23,12:03:30,12:06:30,root,alive,RHMA,LGR,LGR3,A5,A,NA,NA,75,9.5,26.5,26.6,23.9,NA,sediment,0,2023-03-13T12:03:30.000000Z,2023-03-13,March_2023,70,29,849,212.53666666666666,40.45,1160.5366666666666,0.07,0.029,0.21253666666666665,0.849,1.1605366666666665
190,Mar_23_190,Mar_23_190_SRS5_stem,SRS5,3/13/23,10:44:34,10:47:34,stem,alive,RHMA,LGR,LGR2,B5,B,NA,NA,105,9,24.5,26.1,24,NA,sediment,0,2023-03-13T10:44:34.000000Z,2023-03-13,March_2023,70,29,849,418.99555555555554,107.68,1366.9955555555555,0.07,0.029,0.41899555555555557,0.849,1.3669955555555555
193,Mar_23_193,Mar_23_193_SRS5_stem,SRS5,3/13/23,11:16:13,11:19:13,stem,alive,RHMA,LGR,LGR2,B5,B,NA,NA,43,13.1,25.3,26.6,24.1,NA,sediment,0,2023-03-13T11:16:13.000000Z,2023-03-13,March_2023,70,29,849,418.99555555555554,107.68,1366.9955555555555,0.07,0.029,0.41899555555555557,0.849,1.3669955555555555
194,Mar_23_194,Mar_23_194_SRS5_stem,SRS5,3/13/23,11:23:37,11:26:37,stem,alive,RHMA,LGR,LGR2,B5,B,NA,NA,93,11.5,25.8,26.6,24.1,NA,sediment,0,2023-03-13T11:23:37.000000Z,2023-03-13,March_2023,70,29,849,418.99555555555554,107.68,1366.9955555555555,0.07,0.029,0.41899555555555557,0.849,1.3669955555555555
195,Mar_23_195,Mar_23_195_SRS5_stem,SRS5,3/13/23,11:29:44,11:32:44,stem,alive,RHMA,LGR,LGR2,B5,B,NA,NA,142,11.2,25.7,26.6,24.1,NA,sediment,0,2023-03-13T11:29:44.000000Z,2023-03-13,March_2023,70,29,849,418.99555555555554,107.68,1366.9955555555555,0.07,0.029,0.41899555555555557,0.849,1.3669955555555555
196,Mar_23_196,Mar_23_196_SRS5_root,SRS5,3/13/23,11:36:00,11:39:00,root,alive,RHMA,LGR,LGR2,B5,B,NA,NA,12,12,25.2,26.6,24.1,NA,sediment,0,2023-03-13T11:36:00.000000Z,2023-03-13,March_2023,70,29,849,418.99555555555554,107.68,1366.9955555555555,0.07,0.029,0.41899555555555557,0.849,1.3669955555555555
200,Mar_23_200,Mar_23_200_SRS5_CWD,SRS5,3/13/23,12:49:04,12:52:04,CWD,NA,RHMA,LGR,LGR2,B5,B,NA,NA,30,9.2,26.4,25.8,NA,NA,sediment,0,2023-03-13T12:49:04.000000Z,2023-03-13,March_2023,70,29,849,418.99555555555554,107.68,1366.9955555555555,0.07,0.029,0.41899555555555557,0.849,1.3669955555555555
201,Mar_23_201,Mar_23_201_SRS5_CWD,SRS5,3/13/23,12:53:50,12:56:50,CWD,NA,RHMA,LGR,LGR2,A5,A,NA,NA,15,6.9,28.3,24.4,24.2,NA,sediment,0,2023-03-13T12:53:50.000000Z,2023-03-13,March_2023,70,29,849,212.53666666666666,40.45,1160.5366666666666,0.07,0.029,0.21253666666666665,0.849,1.1605366666666665
203,Mar_23_203,Mar_23_203_SRS5_stem,SRS5,3/13/23,12:03:01,12:06:01,stem,alive,AVGE,LGR,LGR2,B5,B,NA,NA,12,17.5,25.5,26.7,24.1,NA,sediment,0,2023-03-13T12:03:01.000000Z,2023-03-13,March_2023,70,29,849,418.99555555555554,107.68,1366.9955555555555,0.07,0.029,0.41899555555555557,0.849,1.3669955555555555
204,Mar_23_204,Mar_23_204_SRS5_stem,SRS5,3/13/23,12:11:28,12:14:28,stem,alive,AVGE,LGR,LGR2,B5,B,NA,NA,61,10.1,25.4,26.7,24.1,NA,sediment,0,2023-03-13T12:11:28.000000Z,2023-03-13,March_2023,70,29,849,418.99555555555554,107.68,1366.9955555555555,0.07,0.029,0.41899555555555557,0.849,1.3669955555555555
205,Mar_23_205,Mar_23_205_SRS5_stem,SRS5,3/13/23,12:18:21,12:21:21,stem,alive,AVGE,LGR,LGR2,B5,B,NA,NA,102,10.1,25.3,26.7,24.1,NA,sediment,0,2023-03-13T12:18:21.000000Z,2023-03-13,March_2023,70,29,849,418.99555555555554,107.68,1366.9955555555555,0.07,0.029,0.41899555555555557,0.849,1.3669955555555555
206,Mar_23_206,Mar_23_206_SRS5_stem,SRS5,3/13/23,12:26:48,12:29:48,stem,dead,AVGE,LGR,LGR2,B5,B,NA,NA,30,8.5,25.9,26.7,24.1,NA,sediment,0,2023-03-13T12:26:48.000000Z,2023-03-13,March_2023,70,29,849,418.99555555555554,107.68,1366.9955555555555,0.07,0.029,0.41899555555555557,0.849,1.3669955555555555
207,Mar_23_207,Mar_23_207_SRS5_CWD,SRS5,3/13/23,12:32:04,12:35:04,CWD,NA,AVGE,LGR,LGR2,A5,A,NA,NA,13.5,7.5,25.7,26.7,24.1,NA,sediment,0,2023-03-13T12:32:04.000000Z,2023-03-13,March_2023,70,29,849,212.53666666666666,40.45,1160.5366666666666,0.07,0.029,0.21253666666666665,0.849,1.1605366666666665
189,Mar_23_189,Mar_23_189_SRS5_stem,SRS5,3/13/23,10:39:19,10:42:19,stem,alive,RHMA,LGR,LGR2,B5,B,NA,NA,55,9,24.5,26.1,24,NA,sediment,0,2023-03-13T10:39:19.000000Z,2023-03-13,March_2023,70,29,849,418.99555555555554,107.68,1366.9955555555555,0.07,0.029,0.41899555555555557,0.849,1.3669955555555555
199,Mar_23_199,Mar_23_199_SRS5_CWD,SRS5,3/13/23,12:43:30,12:46:30,CWD,NA,RHMA,LGR,LGR2,A5,A,NA,NA,22,8.1,28.2,25.89,11,NA,sediment,0,2023-03-13T12:43:30.000000Z,2023-03-13,March_2023,70,29,849,212.53666666666666,40.45,1160.5366666666666,0.07,0.029,0.21253666666666665,0.849,1.1605366666666665
192,Mar_23_192,Mar_23_192_SRS5_root,SRS5,3/13/23,11:02:07,11:05:47,root,alive,RHMA,LGR,LGR2,A5,A,NA,NA,5,10.8,24.5,26.1,24,NA,sediment,0,2023-03-13T11:02:07.000000Z,2023-03-13,March_2023,70,29,849,212.53666666666666,40.45,1160.5366666666666,0.07,0.029,0.21253666666666665,0.849,1.1605366666666665
174,Mar_23_174,Mar_23_174_SRS5_stem,SRS5,3/13/23,13:27:00,13:31:00,stem,alive,LARA,LGR,LGR3,D2,D,NA,NA,100,35,27,25.8,24.1,NA,sediment,0,2023-03-13T13:27:00.000000Z,2023-03-13,March_2023,70,29,849,2190.6440000000002,462.19,3138.6440000000002,0.07,0.029,2.1906440000000003,0.849,3.138644
197,Mar_23_197,Mar_23_197_SRS5_root,SRS5,3/13/23,11:45:05,11:49:05,root,alive,RHMA,LGR,LGR2,A5,A,NA,NA,11,7.2,25.7,26.6,24.1,NA,sediment,0,2023-03-13T11:45:05.000000Z,2023-03-13,March_2023,70,29,849,212.53666666666666,40.45,1160.5366666666666,0.07,0.029,0.21253666666666665,0.849,1.1605366666666665
185,Mar_23_185,Mar_23_185_SRS5_stem,SRS5,3/13/23,11:40:00,11:49:00,stem,alive,RHMA,LGR,LGR3,C5,C,NA,NA,55,18.5,25.6,26.6,23.9,NA,sediment,0,2023-03-13T11:40:00.000000Z,2023-03-13,March_2023,70,29,849,1064.6016666666667,213.35,2012.6016666666667,0.07,0.029,1.0646016666666667,0.849,2.012601666666667
169,Mar_23_169,Mar_23_169_SRS5_stem,SRS5,3/13/23,12:24:15,12:33:30,stem,alive,LARA,LGR,LGR3,C5,C,NA,NA,47,18.1,26.7,26.6,24.2,NA,sediment,1,2023-03-13T12:24:15.000000Z,2023-03-13,March_2023,70,29,849,1064.6016666666667,213.35,2012.6016666666667,0.07,0.029,1.0646016666666667,0.849,2.012601666666667
161,Mar_23_161,Mar_23_161_CP40_stem,CP40,3/15/23,14:19:00,14:21:00,stem,dead,AVGE,LGR,LGR3,B2,B,NA,NA,80,11,NA,22.2,23.9,NA,sediment,10,2023-03-15T14:19:00.000000Z,2023-03-15,March_2023,70,29,849,418.99555555555554,107.68,1366.9955555555555,0.07,0.029,0.41899555555555557,0.849,1.3669955555555555
129,Mar_23_129,Mar_23_129_CP40_stem,CP40,3/15/23,12:13:50,12:16:50,stem,dead,AVGE,LGR,LGR2,C2,C,NA,NA,13,17.2,22.1,22.2,23.1,NA,sediment,8,2023-03-15T12:13:50.000000Z,2023-03-15,March_2023,70,29,849,1064.6016666666667,213.35,2012.6016666666667,0.07,0.029,1.0646016666666667,0.849,2.012601666666667
130,Mar_23_130,Mar_23_130_CP40_stem,CP40,3/15/23,12:24:40,12:27:40,stem,dead,AVGE,LGR,LGR2,C2,C,NA,NA,58,17.3,23.4,22.2,23.1,NA,sediment,8,2023-03-15T12:24:40.000000Z,2023-03-15,March_2023,70,29,849,1064.6016666666667,213.35,2012.6016666666667,0.07,0.029,1.0646016666666667,0.849,2.012601666666667
131,Mar_23_131,Mar_23_131_CP40_stem,CP40,3/15/23,12:32:00,12:35:00,stem,dead,AVGE,LGR,LGR2,C2,C,NA,NA,108,16.4,22.9,22.2,23.1,NA,sediment,NA,2023-03-15T12:32:00.000000Z,2023-03-15,March_2023,70,29,849,1064.6016666666667,213.35,2012.6016666666667,0.07,0.029,1.0646016666666667,0.849,2.012601666666667
132,Mar_23_132,Mar_23_132_CP40_stem,CP40,3/15/23,12:48:55,12:51:55,stem,dead,AVGE,LGR,LGR2,C2,C,NA,NA,9,24.8,22.8,22.2,23,NA,sediment,3,2023-03-15T12:48:55.000000Z,2023-03-15,March_2023,70,29,849,1064.6016666666667,213.35,2012.6016666666667,0.07,0.029,1.0646016666666667,0.849,2.012601666666667
133,Mar_23_133,Mar_23_133_CP40_stem,CP40,3/15/23,13:01:20,13:04:20,stem,dead,AVGE,LGR,LGR2,C2,C,NA,NA,60,18.5,21.7,22.2,23,NA,sediment,3,2023-03-15T13:01:20.000000Z,2023-03-15,March_2023,70,29,849,1064.6016666666667,213.35,2012.6016666666667,0.07,0.029,1.0646016666666667,0.849,2.012601666666667
134,Mar_23_134,Mar_23_134_CP40_stem,CP40,3/15/23,13:10:52,13:13:52,stem,dead,AVGE,LGR,LGR2,C2,C,NA,NA,110,18,NA,22.2,23,NA,sediment,3,2023-03-15T13:10:52.000000Z,2023-03-15,March_2023,70,29,849,1064.6016666666667,213.35,2012.6016666666667,0.07,0.029,1.0646016666666667,0.849,2.012601666666667
136,Mar_23_136,Mar_23_136_CP40_stem,CP40,3/15/23,10:59:55,11:02:55,stem,dead,AVGE,LGR,LGR2,C2,C,NA,NA,62,31.6,22.3,22.7,22.9,NA,sediment,0,2023-03-15T10:59:55.000000Z,2023-03-15,March_2023,70,29,849,1064.6016666666667,213.35,2012.6016666666667,0.07,0.029,1.0646016666666667,0.849,2.012601666666667
137,Mar_23_137,Mar_23_137_CP40_stem,CP40,3/15/23,11:16:00,11:19:00,stem,dead,AVGE,LGR,LGR2,C2,C,NA,NA,120,27.1,24.7,22.7,22.9,NA,sediment,0,2023-03-15T11:16:00.000000Z,2023-03-15,March_2023,70,29,849,1064.6016666666667,213.35,2012.6016666666667,0.07,0.029,1.0646016666666667,0.849,2.012601666666667
138,Mar_23_138,Mar_23_138_CP40_stem,CP40,3/15/23,11:22:31,11:25:31,stem,dead,AVGE,LGR,LGR2,C2,C,NA,NA,17,78,22,22.7,22.9,NA,sediment,0,2023-03-15T11:22:31.000000Z,2023-03-15,March_2023,70,29,849,1064.6016666666667,213.35,2012.6016666666667,0.07,0.029,1.0646016666666667,0.849,2.012601666666667
139,Mar_23_139,Mar_23_139_CP40_stem,CP40,3/15/23,11:34:00,11:37:00,stem,dead,AVGE,LGR,LGR2,C2,C,NA,NA,60,32.5,23,22.7,22.9,NA,sediment,0,2023-03-15T11:34:00.000000Z,2023-03-15,March_2023,70,29,849,1064.6016666666667,213.35,2012.6016666666667,0.07,0.029,1.0646016666666667,0.849,2.012601666666667
141,Mar_23_141,Mar_23_141_CP40_CWD,CP40,3/15/23,13:57:40,14:00:40,CWD,dead,AVGE,LGR,LGR2,C2,C,NA,NA,123,21.5,23.1,22.2,23.9,NA,sediment,24,2023-03-15T13:57:40.000000Z,2023-03-15,March_2023,70,29,849,1064.6016666666667,213.35,2012.6016666666667,0.07,0.029,1.0646016666666667,0.849,2.012601666666667
142,Mar_23_142,Mar_23_142_CP40_CWD,CP40,3/15/23,14:10:40,14:13:40,CWD,dead,AVGE,LGR,LGR2,B5,B,NA,NA,59,10.6,24.5,22.2,NA,NA,sediment,16,2023-03-15T14:10:40.000000Z,2023-03-15,March_2023,70,29,849,418.99555555555554,107.68,1366.9955555555555,0.07,0.029,0.41899555555555557,0.849,1.3669955555555555
143,Mar_23_143,Mar_23_143_CP40_CWD,CP40,3/15/23,14:22:33,14:25:33,CWD,dead,AVGE,LGR,LGR2,B5,B,NA,NA,6,11.5,23.7,22.2,NA,NA,sediment,20,2023-03-15T14:22:33.000000Z,2023-03-15,March_2023,70,29,849,418.99555555555554,107.68,1366.9955555555555,0.07,0.029,0.41899555555555557,0.849,1.3669955555555555
144,Mar_23_144,Mar_23_144_CP40_stem,CP40,3/15/23,14:38:20,14:41:20,stem,dead,AVGE,LGR,LGR2,C2,C,NA,NA,30,NA,21,22.2,NA,NA,sediment,10,2023-03-15T14:38:20.000000Z,2023-03-15,March_2023,70,29,849,1064.6016666666667,213.35,2012.6016666666667,0.07,0.029,1.0646016666666667,0.849,2.012601666666667
145,Mar_23_145,Mar_23_145_CP40_stem,CP40,3/15/23,14:54:02,14:57:02,stem,dead,AVGE,LGR,LGR2,C2,C,NA,NA,78,23,22.9,22.32857142857143,NA,NA,sediment,10,2023-03-15T14:54:02.000000Z,2023-03-15,March_2023,70,29,849,1064.6016666666667,213.35,2012.6016666666667,0.07,0.029,1.0646016666666667,0.849,2.012601666666667
146,Mar_23_146,Mar_23_146_CP40_stem,CP40,3/15/23,15:01:00,15:04:00,stem,dead,AVGE,LGR,LGR2,C2,C,NA,NA,123,21.7,22.7,22.346938775510203,NA,NA,sediment,10,2023-03-15T15:01:00.000000Z,2023-03-15,March_2023,70,29,849,1064.6016666666667,213.35,2012.6016666666667,0.07,0.029,1.0646016666666667,0.849,2.012601666666667
147,Mar_23_147,Mar_23_147_CP40_stem,CP40,3/15/23,15:17:03,15:20:03,stem,dead,AVGE,LGR,LGR2,C2,C,NA,NA,NA,23.2,NA,22.5,NA,NA,sediment,NA,2023-03-15T15:17:03.000000Z,2023-03-15,March_2023,70,29,849,1064.6016666666667,213.35,2012.6016666666667,0.07,0.029,1.0646016666666667,0.849,2.012601666666667
150,Mar_23_150,Mar_23_150_CP40_CWD,CP40,3/15/23,15:14:30,15:17:30,CWD,NA,AVGE,LGR,LGR3,B2,B,NA,NA,70,19,NA,22.5,NA,NA,sediment,22,2023-03-15T15:14:30.000000Z,2023-03-15,March_2023,70,29,849,418.99555555555554,107.68,1366.9955555555555,0.07,0.029,0.41899555555555557,0.849,1.3669955555555555
151,Mar_23_151,Mar_23_151_CP40_CWD,CP40,3/15/23,15:38:00,15:41:00,CWD,NA,AVGE,LGR,LGR3,B2,B,NA,NA,55,25,NA,22.5,NA,NA,sediment,12,2023-03-15T15:38:00.000000Z,2023-03-15,March_2023,70,29,849,418.99555555555554,107.68,1366.9955555555555,0.07,0.029,0.41899555555555557,0.849,1.3669955555555555
154,Mar_23_154,Mar_23_154_CP40_stem,CP40,3/15/23,12:57:00,13:00:00,stem,alive,AVGE,LGR,LGR3,C5,C,NA,NA,50,29,24,22.2,23,NA,sediment,10,2023-03-15T12:57:00.000000Z,2023-03-15,March_2023,70,29,849,1064.6016666666667,213.35,2012.6016666666667,0.07,0.029,1.0646016666666667,0.849,2.012601666666667
155,Mar_23_155,Mar_23_155_CP40_stem,CP40,3/15/23,13:03:30,13:06:30,stem,alive,AVGE,LGR,LGR3,C5,C,NA,NA,90,16,NA,22.2,23,NA,sediment,10,2023-03-15T13:03:30.000000Z,2023-03-15,March_2023,70,29,849,1064.6016666666667,213.35,2012.6016666666667,0.07,0.029,1.0646016666666667,0.849,2.012601666666667
156,Mar_23_156,Mar_23_156_CP40_stem,CP40,3/15/23,13:12:00,13:15:00,stem,alive,AVGE,LGR,LGR3,C5,C,NA,NA,120,15.25,NA,22.2,23,NA,sediment,10,2023-03-15T13:12:00.000000Z,2023-03-15,March_2023,70,29,849,1064.6016666666667,213.35,2012.6016666666667,0.07,0.029,1.0646016666666667,0.849,2.012601666666667
157,Mar_23_157,Mar_23_157_CP40_stem,CP40,3/15/23,13:35:00,13:38:00,stem,alive,AVGE,LGR,LGR3,C5,C,NA,NA,40,25,NA,22.2,22.7,NA,sediment,10,2023-03-15T13:35:00.000000Z,2023-03-15,March_2023,70,29,849,1064.6016666666667,213.35,2012.6016666666667,0.07,0.029,1.0646016666666667,0.849,2.012601666666667
158,Mar_23_158,Mar_23_158_CP40_stem,CP40,3/15/23,13:41:00,13:44:00,stem,alive,AVGE,LGR,LGR3,C5,C,NA,NA,90,26,NA,22.2,22.7,NA,sediment,10,2023-03-15T13:41:00.000000Z,2023-03-15,March_2023,70,29,849,1064.6016666666667,213.35,2012.6016666666667,0.07,0.029,1.0646016666666667,0.849,2.012601666666667
160,Mar_23_160,Mar_23_160_CP40_stem,CP40,3/15/23,14:10:00,14:13:00,stem,dead,AVGE,LGR,LGR3,B2,B,NA,NA,25,23,NA,22.2,23.9,NA,sediment,10,2023-03-15T14:10:00.000000Z,2023-03-15,March_2023,70,29,849,418.99555555555554,107.68,1366.9955555555555,0.07,0.029,0.41899555555555557,0.849,1.3669955555555555
162,Mar_23_162,Mar_23_162_CP40_stem,CP40,3/15/23,14:24:00,14:27:00,stem,dead,AVGE,LGR,LGR3,B2,B,NA,NA,120,10,NA,22.2,23.9,NA,sediment,10,2023-03-15T14:24:00.000000Z,2023-03-15,March_2023,70,29,849,418.99555555555554,107.68,1366.9955555555555,0.07,0.029,0.41899555555555557,0.849,1.3669955555555555
163,Mar_23_163,Mar_23_163_CP40_stem,CP40,3/15/23,14:45:00,14:48:00,stem,dead,AVGE,LGR,LGR3,A6,A,NA,NA,22,15,NA,22.2,23.7,NA,sediment,10,2023-03-15T14:45:00.000000Z,2023-03-15,March_2023,70,29,849,212.53666666666666,40.45,1160.5366666666666,0.07,0.029,0.21253666666666665,0.849,1.1605366666666665
164,Mar_23_164,Mar_23_164_CP40_stem,CP40,3/15/23,14:53:00,14:56:00,stem,dead,AVGE,LGR,LGR3,A6,A,NA,NA,75,12,NA,22.2,23.7,NA,sediment,10,2023-03-15T14:53:00.000000Z,2023-03-15,March_2023,70,29,849,212.53666666666666,40.45,1160.5366666666666,0.07,0.029,0.21253666666666665,0.849,1.1605366666666665
165,Mar_23_165,Mar_23_165_CP40_stem,CP40,3/15/23,15:01:00,15:04:00,stem,dead,AVGE,LGR,LGR3,A6,A,NA,NA,120,11.5,NA,22.2,23.7,NA,sediment,10,2023-03-15T15:01:00.000000Z,2023-03-15,March_2023,70,29,849,212.53666666666666,40.45,1160.5366666666666,0.07,0.029,0.21253666666666665,0.849,1.1605366666666665
166,Mar_23_166,Mar_23_166_CP40_stem,CP40,3/15/23,15:51:00,15:54:00,stem,alive,AVGE,LGR,LGR3,C5,C,NA,NA,15,33,NA,22.8,NA,NA,sediment,NA,2023-03-15T15:51:00.000000Z,2023-03-15,March_2023,70,29,849,1064.6016666666667,213.35,2012.6016666666667,0.07,0.029,1.0646016666666667,0.849,2.012601666666667
167,Mar_23_167,Mar_23_167_CP40_stem,CP40,3/15/23,15:57:00,16:00:00,stem,alive,AVGE,LGR,LGR3,C5,C,NA,NA,75,26.5,NA,22.8,NA,NA,sediment,NA,2023-03-15T15:57:00.000000Z,2023-03-15,March_2023,70,29,849,1064.6016666666667,213.35,2012.6016666666667,0.07,0.029,1.0646016666666667,0.849,2.012601666666667
135,Mar_23_135,Mar_23_135_CP40_stem,CP40,3/15/23,10:53:37,10:56:37,stem,dead,AVGE,LGR,LGR2,C2,C,NA,NA,13,35.2,22.9,22.7,22.9,NA,sediment,0,2023-03-15T10:53:37.000000Z,2023-03-15,March_2023,70,29,849,1064.6016666666667,213.35,2012.6016666666667,0.07,0.029,1.0646016666666667,0.849,2.012601666666667
148,Mar_23_148,Mar_23_148_CP40_stem,CP40,3/15/23,15:22:22,15:25:22,stem,dead,AVGE,LGR,LGR2,C2,C,NA,NA,NA,19.5,NA,22.5,NA,NA,sediment,NA,2023-03-15T15:22:22.000000Z,2023-03-15,March_2023,70,29,849,1064.6016666666667,213.35,2012.6016666666667,0.07,0.029,1.0646016666666667,0.849,2.012601666666667
159,Mar_23_159,Mar_23_159_CP40_stem,CP40,3/15/23,13:50:00,13:53:00,stem,alive,AVGE,LGR,LGR3,C5,C,NA,NA,125,25,NA,22.2,22.7,NA,sediment,10,2023-03-15T13:50:00.000000Z,2023-03-15,March_2023,70,29,849,1064.6016666666667,213.35,2012.6016666666667,0.07,0.029,1.0646016666666667,0.849,2.012601666666667
168,Mar_23_168,Mar_23_168_CP40_stem,CP40,3/15/23,16:05:00,16:08:00,stem,alive,AVGE,LGR,LGR3,C5,C,NA,NA,120,25,NA,22.8,NA,NA,sediment,NA,2023-03-15T16:05:00.000000Z,2023-03-15,March_2023,70,29,849,1064.6016666666667,213.35,2012.6016666666667,0.07,0.029,1.0646016666666667,0.849,2.012601666666667
140,Mar_23_140,Mar_23_140_CP40_stem,CP40,3/15/23,11:47:45,11:51:45,stem,dead,AVGE,LGR,LGR2,C2,C,NA,NA,120,26.5,20.3,22.53333333333333,22.9,NA,sediment,0,2023-03-15T11:47:45.000000Z,2023-03-15,March_2023,70,29,849,1064.6016666666667,213.35,2012.6016666666667,0.07,0.029,1.0646016666666667,0.849,2.012601666666667
113,Mar_23_113,Mar_23_113_BL60_stem,BL60,3/16/23,12:14:30,12:17:30,stem,alive,COPE,LGR,LGR2,A6,A,NA,NA,33,6.9,25.7,28.1,22.1,NA,sediment,0,2023-03-16T12:14:30.000000Z,2023-03-16,March_2023,70,29,849,212.53666666666666,40.45,1160.5366666666666,0.07,0.029,0.21253666666666665,0.849,1.1605366666666665
114,Mar_23_114,Mar_23_114_BL60_stem,BL60,3/16/23,12:23:00,12:26:00,stem,alive,COPE,LGR,LGR2,A6,A,NA,NA,83,8,25,28.1,22.1,NA,sediment,0,2023-03-16T12:23:00.000000Z,2023-03-16,March_2023,70,29,849,212.53666666666666,40.45,1160.5366666666666,0.07,0.029,0.21253666666666665,0.849,1.1605366666666665
115,Mar_23_115,Mar_23_115_BL60_stem,BL60,3/16/23,12:52:17,12:55:17,stem,alive,COPE,LGR,LGR2,A6,A,NA,NA,110,8.1,26.2,28.1,22.1,NA,sediment,0,2023-03-16T12:52:17.000000Z,2023-03-16,March_2023,70,29,849,212.53666666666666,40.45,1160.5366666666666,0.07,0.029,0.21253666666666665,0.849,1.1605366666666665
117,Mar_23_117,Mar_23_117_BL60_stem,BL60,3/16/23,10:43:15,10:46:15,stem,dead,RHMA,LGR,LGR2,A1,A,NA,NA,75,6.6,22.1,25.3,21.1,NA,sediment,0,2023-03-16T10:43:15.000000Z,2023-03-16,March_2023,70,29,849,212.53666666666666,40.45,1160.5366666666666,0.07,0.029,0.21253666666666665,0.849,1.1605366666666665
119,Mar_23_119,Mar_23_119_BL60_stem,BL60,3/16/23,11:09:30,11:12:30,stem,alive,COPE,LGR,LGR2,A1,A,NA,NA,10,5.9,22.9,25.3,26.2,NA,sediment,0,2023-03-16T11:09:30.000000Z,2023-03-16,March_2023,70,29,849,212.53666666666666,40.45,1160.5366666666666,0.07,0.029,0.21253666666666665,0.849,1.1605366666666665
121,Mar_23_121,Mar_23_121_BL60_stem,BL60,3/16/23,11:38:30,11:41:30,stem,alive,COPE,LGR,LGR2,A1,A,NA,NA,102,5,25.2,25.3,26.2,NA,sediment,0,2023-03-16T11:38:30.000000Z,2023-03-16,March_2023,70,29,849,212.53666666666666,40.45,1160.5366666666666,0.07,0.029,0.21253666666666665,0.849,1.1605366666666665
122,Mar_23_122,Mar_23_122_BL60_stem,BL60,3/16/23,13:12:00,13:15:00,stem,alive,RHMA,LGR,LGR2,A6,A,NA,NA,10,9.5,25.5,28.1,21.6,NA,sediment,0,2023-03-16T13:12:00.000000Z,2023-03-16,March_2023,70,29,849,212.53666666666666,40.45,1160.5366666666666,0.07,0.029,0.21253666666666665,0.849,1.1605366666666665
123,Mar_23_123,Mar_23_123_BL60_stem,BL60,3/16/23,13:37:40,13:40:40,stem,alive,RHMA,LGR,LGR2,A4,A,NA,NA,52,7.9,26.5,28.1,21.6,NA,sediment,0,2023-03-16T13:37:40.000000Z,2023-03-16,March_2023,70,29,849,212.53666666666666,40.45,1160.5366666666666,0.07,0.029,0.21253666666666665,0.849,1.1605366666666665
124,Mar_23_124,Mar_23_124_BL60_root,BL60,3/16/23,13:53:12,13:56:12,root,alive,RHMA,LGR,LGR2,A4,A,NA,NA,38,5,23.8,28.1,21.6,NA,sediment,0,2023-03-16T13:53:12.000000Z,2023-03-16,March_2023,70,29,849,212.53666666666666,40.45,1160.5366666666666,0.07,0.029,0.21253666666666665,0.849,1.1605366666666665
126,Mar_23_126,Mar_23_126_BL60_stem,BL60,3/16/23,14:49:00,14:52:00,stem,dead,RHMA,LGR,LGR2,A4,A,NA,NA,30,9.5,34.8,28.3,24,NA,sediment,0,2023-03-16T14:49:00.000000Z,2023-03-16,March_2023,70,29,849,212.53666666666666,40.45,1160.5366666666666,0.07,0.029,0.21253666666666665,0.849,1.1605366666666665
127,Mar_23_127,Mar_23_127_BL60_stem,BL60,3/16/23,14:54:20,14:57:20,stem,dead,RHMA,LGR,LGR2,A4,A,NA,NA,30,9.5,34.8,28.3,24,NA,sediment,0,2023-03-16T14:54:20.000000Z,2023-03-16,March_2023,70,29,849,212.53666666666666,40.45,1160.5366666666666,0.07,0.029,0.21253666666666665,0.849,1.1605366666666665
120,Mar_23_120,Mar_23_120_BL60_stem,BL60,3/16/23,11:25:30,11:28:30,stem,alive,COPE,LGR,LGR2,A1,A,NA,NA,55,5,22.4,25.3,26.2,NA,sediment,0,2023-03-16T11:25:30.000000Z,2023-03-16,March_2023,70,29,849,212.53666666666666,40.45,1160.5366666666666,0.07,0.029,0.21253666666666665,0.849,1.1605366666666665
128,Mar_23_128,Mar_23_128_BL60_stem,BL60,3/16/23,15:05:20,15:08:20,stem,dead,RHMA,LGR,LGR2,A4,A,NA,NA,85,12.5,25.5,28.3,24,NA,sediment,0,2023-03-16T15:05:20.000000Z,2023-03-16,March_2023,70,29,849,212.53666666666666,40.45,1160.5366666666666,0.07,0.029,0.21253666666666665,0.849,1.1605366666666665
95,Mar_23_95,Mar_23_95_SE1_leaves,SE1,3/17/23,11:09:00,11:12:00,leaves,alive,RHMA,LGR,LGR2,LB,LB,NA,NA,NA,NA,NA,26.8,NA,NA,sediment,NA,2023-03-17T11:09:00.000000Z,2023-03-17,March_2023,70,29,849,2190.6440000000002,351,3138.6440000000002,0.07,0.029,2.1906440000000003,0.849,3.138644
96,Mar_23_96,Mar_23_96_SE1_leaves,SE1,3/17/23,11:18:00,11:21:00,leaves,alive,RHMA,LGR,LGR2,LB,LB,NA,NA,NA,NA,NA,27.8,NA,NA,sediment,NA,2023-03-17T11:18:00.000000Z,2023-03-17,March_2023,70,29,849,2190.6440000000002,351,3138.6440000000002,0.07,0.029,2.1906440000000003,0.849,3.138644
97,Mar_23_97,Mar_23_97_SE1_leaves,SE1,3/17/23,11:33:00,11:36:00,leaves,alive,RHMA,LGR,LGR2,LB,LB,NA,NA,NA,NA,NA,28.9,NA,NA,sediment,NA,2023-03-17T11:33:00.000000Z,2023-03-17,March_2023,70,29,849,2190.6440000000002,351,3138.6440000000002,0.07,0.029,2.1906440000000003,0.849,3.138644
98,Mar_23_98,Mar_23_98_SE1_leaves,SE1,3/17/23,11:43:00,11:46:00,leaves,alive,RHMA,LGR,LGR2,LB,LB,NA,NA,NA,NA,NA,28.085714285714285,NA,NA,sediment,NA,2023-03-17T11:43:00.000000Z,2023-03-17,March_2023,70,29,849,2190.6440000000002,351,3138.6440000000002,0.07,0.029,2.1906440000000003,0.849,3.138644
100,Mar_23_100,Mar_23_100_SE1_stem,SE1,3/17/23,11:18:30,11:21:30,stem,alive,RHMA,LGR,LGR3,HA,HA,NA,NA,9.5,3.7,24.8,27.3,21.7,NA,sediment,7,2023-03-17T11:18:30.000000Z,2023-03-17,March_2023,70,29,849,-316.04942796330306,224.97812071928902,631.9505720366969,0.07,0.029,-0.31604942796330304,0.849,0.6319505720366969
101,Mar_23_101,Mar_23_101_SE1_root,SE1,3/17/23,11:46:15,11:49:15,root,alive,RHMA,LGR,LGR3,HA,HA,NA,NA,24,2.4,27.8,27.3,21.7,NA,sediment,7,2023-03-17T11:46:15.000000Z,2023-03-17,March_2023,70,29,849,-9.863326398974294,145.93175398007935,938.1366736010257,0.07,0.029,-0.009863326398974295,0.849,0.9381366736010257
102,Mar_23_102,Mar_23_102_SE1_root,SE1,3/17/23,11:54:00,11:57:00,root,alive,RHMA,LGR,LGR3,HA,HA,NA,NA,20,2.8,23.4,28.9,21.7,NA,sediment,7,2023-03-17T11:54:00.000000Z,2023-03-17,March_2023,70,29,849,-90.17443500601124,170.2537129767592,857.8255649939888,0.07,0.029,-0.09017443500601123,0.849,0.8578255649939888
103,Mar_23_103,Mar_23_103_SE1_stem,SE1,3/17/23,12:01:30,12:04:30,stem,alive,RHMA,LGR,LGR3,HA,HA,NA,NA,51,4.1,23.9,28.2,21.7,NA,sediment,10,2023-03-17T12:01:30.000000Z,2023-03-17,March_2023,70,29,849,-436.5160908738584,249.3000797159689,511.4839091261416,0.07,0.029,-0.4365160908738584,0.849,0.5114839091261416
104,Mar_23_104,Mar_23_104_SE1_root,SE1,3/17/23,12:07:30,12:10:30,root,alive,RHMA,LGR,LGR3,HA,HA,NA,NA,15,4.1,21.2,28.2,21.7,NA,sediment,7,2023-03-17T12:07:30.000000Z,2023-03-17,March_2023,70,29,849,-436.5160908738584,249.3000797159689,511.4839091261416,0.07,0.029,-0.4365160908738584,0.849,0.5114839091261416
106,Mar_23_106,Mar_23_106_SE1_stem,SE1,3/17/23,09:58:00,10:01:00,stem,alive,RHMA,LGR,LGR3,Hollow HB,HB,NA,NA,80,3.5,23.3,26.6,20.3,NA,sediment,15,2023-03-17T09:58:00.000000Z,2023-03-17,March_2023,70,29,849,-290.4835889897834,319.22571183142355,657.5164110102166,0.07,0.029,-0.29048358898978344,0.849,0.6575164110102166
107,Mar_23_107,Mar_23_107_SE1_root,SE1,3/17/23,10:10:00,10:13:00,root,alive,RHMA,LGR,LGR3,HB,HB,NA,NA,20,3.5,23.5,26.6,20.3,NA,sediment,15,2023-03-17T10:10:00.000000Z,2023-03-17,March_2023,70,29,849,-290.4835889897834,319.22571183142355,657.5164110102166,0.07,0.029,-0.29048358898978344,0.849,0.6575164110102166
108,Mar_23_108,Mar_23_108_SE1_root,SE1,3/17/23,10:34:30,10:37:30,root,alive,RHMA,LGR,LGR3,HA,HA,NA,NA,74,2,22.9,26.6,20.3,NA,sediment,15,2023-03-17T10:34:30.000000Z,2023-03-17,March_2023,70,29,849,58.09222703774935,121.60979498339945,1006.0922270377494,0.07,0.029,0.058092227037749355,0.849,1.0060922270377493
109,Mar_23_109,Mar_23_109_SE1_stem,SE1,3/17/23,10:52:30,10:55:30,stem,alive,RHMA,LGR,LGR3,HA,HA,NA,NA,55,2.4,28.3,26.6,20.6,NA,sediment,10,2023-03-17T10:52:30.000000Z,2023-03-17,March_2023,70,29,849,-9.863326398974294,145.93175398007935,938.1366736010257,0.07,0.029,-0.009863326398974295,0.849,0.9381366736010257
110,Mar_23_110,Mar_23_110_SE1_stem,SE1,3/17/23,11:00:00,11:03:00,stem,alive,RHMA,LGR,LGR3,HA,HA,NA,NA,31,3.2,24.1,26.6,20.6,NA,sediment,10,2023-03-17T11:00:00.000000Z,2023-03-17,March_2023,70,29,849,-182.84109878336167,194.57567197343914,765.1589012166384,0.07,0.029,-0.18284109878336166,0.849,0.7651589012166383
111,Mar_23_111,Mar_23_111_SE1_root,SE1,3/17/23,11:07:00,11:10:00,root,alive,RHMA,LGR,LGR3,HA,HA,NA,NA,25,2.7,25.6,26.6,20.6,NA,sediment,10,2023-03-17T11:07:00.000000Z,2023-03-17,March_2023,70,29,849,-68.93832455703514,164.1732232275893,879.0616754429649,0.07,0.029,-0.06893832455703515,0.849,0.8790616754429649
94,Mar_23_94,Mar_23_94_SE1_leaves,SE1,3/17/23,10:50:00,11:00:00,leaves,alive,RHMA,LGR,LGR2,LB,LB,NA,NA,NA,NA,NA,27.3,NA,NA,sediment,NA,2023-03-17T10:50:00.000000Z,2023-03-17,March_2023,70,29,849,2190.6440000000002,351,3138.6440000000002,0.07,0.029,2.1906440000000003,0.849,3.138644
43,Mar_23_43,Mar_23_43_FLM30_stem,FLM30,3/18/23,11:21:30,11:24:30,stem,dead,AVGE,LGR,LGR3,C5,C,NA,NA,27,14.1,27.1,26.6,24,NA,sediment,0,2023-03-18T11:21:30.000000Z,2023-03-18,March_2023,70,29,849,1064.6016666666667,213.35,2012.6016666666667,0.07,0.029,1.0646016666666667,0.849,2.012601666666667
44,Mar_23_44,Mar_23_44_FLM30_stem,FLM30,3/18/23,11:32:00,11:35:00,stem,dead,AVGE,LGR,LGR3,C5,C,NA,NA,65,12.5,28.2,26.6,24,NA,sediment,0,2023-03-18T11:32:00.000000Z,2023-03-18,March_2023,70,29,849,1064.6016666666667,213.35,2012.6016666666667,0.07,0.029,1.0646016666666667,0.849,2.012601666666667
45,Mar_23_45,Mar_23_45_FLM30_stem,FLM30,3/18/23,11:39:30,11:42:30,stem,dead,AVGE,LGR,LGR3,C5,C,NA,NA,105,12.5,26.7,26.6,24,NA,sediment,0,2023-03-18T11:39:30.000000Z,2023-03-18,March_2023,70,29,849,1064.6016666666667,213.35,2012.6016666666667,0.07,0.029,1.0646016666666667,0.849,2.012601666666667
46,Mar_23_46,Mar_23_46_FLM30_stem,FLM30,3/18/23,11:53:05,11:56:05,stem,dead,AVGE,LGR,LGR3,C5,C,NA,NA,25,22.6,25.9,26.2,24.3,NA,sediment,0,2023-03-18T11:53:05.000000Z,2023-03-18,March_2023,70,29,849,1064.6016666666667,213.35,2012.6016666666667,0.07,0.029,1.0646016666666667,0.849,2.012601666666667
47,Mar_23_47,Mar_23_47_FLM30_stem,FLM30,3/18/23,11:59:47,12:02:47,stem,dead,AVGE,LGR,LGR3,C5,C,NA,NA,62,18.9,27.7,26.2,24.3,NA,sediment,0,2023-03-18T11:59:47.000000Z,2023-03-18,March_2023,70,29,849,1064.6016666666667,213.35,2012.6016666666667,0.07,0.029,1.0646016666666667,0.849,2.012601666666667
48,Mar_23_48,Mar_23_48_FLM30_stem,FLM30,3/18/23,12:06:45,12:09:45,stem,dead,AVGE,LGR,LGR3,C5,C,NA,NA,92,19.2,26.8,26.2,24.3,NA,sediment,0,2023-03-18T12:06:45.000000Z,2023-03-18,March_2023,70,29,849,1064.6016666666667,213.35,2012.6016666666667,0.07,0.029,1.0646016666666667,0.849,2.012601666666667
49,Mar_23_49,Mar_23_49_FLM30_stem,FLM30,3/18/23,10:25:40,10:28:40,stem,dead,AVGE,LGR,LGR3,C5,C,NA,NA,15,22,25.9,29.3,23.3,NA,sediment,2,2023-03-18T10:25:40.000000Z,2023-03-18,March_2023,70,29,849,1064.6016666666667,213.35,2012.6016666666667,0.07,0.029,1.0646016666666667,0.849,2.012601666666667
50,Mar_23_50,Mar_23_50_FLM30_stem,FLM30,3/18/23,10:33:49,10:36:49,stem,dead,AVGE,LGR,LGR3,C5,C,NA,NA,72,19.7,27.2,29.3,23.3,NA,sediment,2,2023-03-18T10:33:49.000000Z,2023-03-18,March_2023,70,29,849,1064.6016666666667,213.35,2012.6016666666667,0.07,0.029,1.0646016666666667,0.849,2.012601666666667
51,Mar_23_51,Mar_23_51_FLM30_stem,FLM30,3/18/23,10:42:30,10:45:30,stem,dead,AVGE,LGR,LGR3,C5,C,NA,NA,102,19.4,27.4,29.3,23.3,NA,sediment,2,2023-03-18T10:42:30.000000Z,2023-03-18,March_2023,70,29,849,1064.6016666666667,213.35,2012.6016666666667,0.07,0.029,1.0646016666666667,0.849,2.012601666666667
52,Mar_23_52,Mar_23_52_FLM30_stem,FLM30,3/18/23,10:55:30,10:58:30,stem,dead,AVGE,LGR,LGR3,C5,C,NA,NA,17,21.2,30.7,26.2,24.8,NA,sediment,2,2023-03-18T10:55:30.000000Z,2023-03-18,March_2023,70,29,849,1064.6016666666667,213.35,2012.6016666666667,0.07,0.029,1.0646016666666667,0.849,2.012601666666667
53,Mar_23_53,Mar_23_53_FLM30_stem,FLM30,3/18/23,11:03:38,11:06:38,stem,dead,AVGE,LGR,LGR3,C5,C,NA,NA,62,17.3,31.3,26.2,24.8,NA,sediment,2,2023-03-18T11:03:38.000000Z,2023-03-18,March_2023,70,29,849,1064.6016666666667,213.35,2012.6016666666667,0.07,0.029,1.0646016666666667,0.849,2.012601666666667
54,Mar_23_54,Mar_23_54_FLM30_stem,FLM30,3/18/23,11:12:00,11:15:00,stem,dead,AVGE,LGR,LGR3,C5,C,NA,NA,96,17.3,34.2,29.1,24.8,NA,sediment,2,2023-03-18T11:12:00.000000Z,2023-03-18,March_2023,70,29,849,1064.6016666666667,213.35,2012.6016666666667,0.07,0.029,1.0646016666666667,0.849,2.012601666666667
55,Mar_23_55,Mar_23_55_FLM30_stem,FLM30,3/18/23,14:40:00,14:43:00,stem,dead,AVGE,LGR,LGR3,A?,A,NA,NA,25,8.7,NA,28.8,NA,NA,sediment,23,2023-03-18T14:40:00.000000Z,2023-03-18,March_2023,70,29,849,212.53666666666666,40.45,1160.5366666666666,0.07,0.029,0.21253666666666665,0.849,1.1605366666666665
56,Mar_23_56,Mar_23_56_FLM30_stem,FLM30,3/18/23,14:45:40,14:48:40,stem,dead,AVGE,LGR,LGR3,A?,A,NA,NA,9,6.4,NA,28.4,NA,NA,sediment,8,2023-03-18T14:45:40.000000Z,2023-03-18,March_2023,70,29,849,212.53666666666666,40.45,1160.5366666666666,0.07,0.029,0.21253666666666665,0.849,1.1605366666666665
57,Mar_23_57,Mar_23_57_FLM30_stem,FLM30,3/18/23,14:23:30,14:26:30,stem,dead,AVGE,LGR,LGR3,A?,A,NA,NA,16,7.1,NA,27.8,NA,NA,sediment,4,2023-03-18T14:23:30.000000Z,2023-03-18,March_2023,70,29,849,212.53666666666666,40.45,1160.5366666666666,0.07,0.029,0.21253666666666665,0.849,1.1605366666666665
58,Mar_23_58,Mar_23_58_FLM30_stem,FLM30,3/18/23,14:32:10,14:35:10,stem,dead,AVGE,LGR,LGR3,A?,A,NA,NA,8,4.6,NA,27.6,27.1,NA,sediment,6,2023-03-18T14:32:10.000000Z,2023-03-18,March_2023,70,29,849,212.53666666666666,40.45,1160.5366666666666,0.07,0.029,0.21253666666666665,0.849,1.1605366666666665
59,Mar_23_59,Mar_23_59_FLM30_stem,FLM30,3/18/23,13:27:50,13:30:50,stem,dead,AVGE,LGR,LGR3,C5,C,NA,NA,50.2,15.9,30.2,29.4,25.8,NA,sediment,1,2023-03-18T13:27:50.000000Z,2023-03-18,March_2023,70,29,849,1064.6016666666667,213.35,2012.6016666666667,0.07,0.029,1.0646016666666667,0.849,2.012601666666667
60,Mar_23_60,Mar_23_60_FLM30_stem,FLM30,3/18/23,13:32:45,13:35:45,stem,dead,AVGE,LGR,LGR3,C5,C,NA,NA,70,13.9,32.6,29.4,25.8,NA,sediment,1,2023-03-18T13:32:45.000000Z,2023-03-18,March_2023,70,29,849,1064.6016666666667,213.35,2012.6016666666667,0.07,0.029,1.0646016666666667,0.849,2.012601666666667
62,Mar_23_62,Mar_23_62_FLM30_stem,FLM30,3/18/23,13:51:50,13:54:50,stem,dead,AVGE,LGR,LGR3,C5,C,NA,NA,25,13.9,NA,29.7,23.9,NA,sediment,2,2023-03-18T13:51:50.000000Z,2023-03-18,March_2023,70,29,849,1064.6016666666667,213.35,2012.6016666666667,0.07,0.029,1.0646016666666667,0.849,2.012601666666667
63,Mar_23_63,Mar_23_63_FLM30_stem,FLM30,3/18/23,13:58:00,14:01:00,stem,dead,AVGE,LGR,LGR3,C5,C,NA,NA,75,17.5,NA,29.7,23.9,NA,sediment,2,2023-03-18T13:58:00.000000Z,2023-03-18,March_2023,70,29,849,1064.6016666666667,213.35,2012.6016666666667,0.07,0.029,1.0646016666666667,0.849,2.012601666666667
64,Mar_23_64,Mar_23_64_FLM30_stem,FLM30,3/18/23,14:07:35,14:10:35,stem,dead,AVGE,LGR,LGR3,C5,C,NA,NA,110,11.2,NA,29.7,23.9,NA,sediment,2,2023-03-18T14:07:35.000000Z,2023-03-18,March_2023,70,29,849,1064.6016666666667,213.35,2012.6016666666667,0.07,0.029,1.0646016666666667,0.849,2.012601666666667
65,Mar_23_65,Mar_23_65_FLM30_stem,FLM30,3/18/23,12:17:00,12:20:00,stem,dead,AVGE,LGR,LGR3,C5,C,NA,NA,12,16.8,27,29.4,25.1,NA,sediment,3,2023-03-18T12:17:00.000000Z,2023-03-18,March_2023,70,29,849,1064.6016666666667,213.35,2012.6016666666667,0.07,0.029,1.0646016666666667,0.849,2.012601666666667
66,Mar_23_66,Mar_23_66_FLM30_stem,FLM30,3/18/23,12:28:00,12:31:00,stem,dead,AVGE,LGR,LGR3,C5,C,NA,NA,72,12.9,30.3,29.1,25.1,NA,sediment,3,2023-03-18T12:28:00.000000Z,2023-03-18,March_2023,70,29,849,1064.6016666666667,213.35,2012.6016666666667,0.07,0.029,1.0646016666666667,0.849,2.012601666666667
67,Mar_23_67,Mar_23_67_FLM30_stem,FLM30,3/18/23,12:37:13,12:40:13,stem,dead,AVGE,LGR,LGR3,C5,C,NA,NA,121,13.2,35.1,29.1,25.1,NA,sediment,3,2023-03-18T12:37:13.000000Z,2023-03-18,March_2023,70,29,849,1064.6016666666667,213.35,2012.6016666666667,0.07,0.029,1.0646016666666667,0.849,2.012601666666667
69,Mar_23_69,Mar_23_69_FLM30_stem,FLM30,3/18/23,13:15:30,13:18:30,stem,dead,AVGE,LGR,LGR3,C5,C,NA,NA,120,11.5,29,27.6,25.2,NA,sediment,1,2023-03-18T13:15:30.000000Z,2023-03-18,March_2023,70,29,849,1064.6016666666667,213.35,2012.6016666666667,0.07,0.029,1.0646016666666667,0.849,2.012601666666667
71,Mar_23_71,Mar_23_71_FLM30_stem,FLM30,3/18/23,10:51:00,10:54:00,stem,dead,AVGE,LGR,LGR2,B7,B,NA,NA,15,39,29.9,26.2,NA,NA,sediment,9,2023-03-18T10:51:00.000000Z,2023-03-18,March_2023,70,29,849,418.99555555555554,107.68,1366.9955555555555,0.07,0.029,0.41899555555555557,0.849,1.3669955555555555
72,Mar_23_72,Mar_23_72_FLM30_stem,FLM30,3/18/23,10:59:30,11:02:30,stem,dead,AVGE,LGR,LGR2,C2,C,NA,NA,60,36.5,32.2,26.2,NA,NA,sediment,9,2023-03-18T10:59:30.000000Z,2023-03-18,March_2023,70,29,849,1064.6016666666667,213.35,2012.6016666666667,0.07,0.029,1.0646016666666667,0.849,2.012601666666667
73,Mar_23_73,Mar_23_73_FLM30_stem,FLM30,3/18/23,11:08:30,11:11:30,stem,dead,AVGE,LGR,LGR2,C2,C,NA,NA,105,23,26.4,26.2,NA,NA,sediment,9,2023-03-18T11:08:30.000000Z,2023-03-18,March_2023,70,29,849,1064.6016666666667,213.35,2012.6016666666667,0.07,0.029,1.0646016666666667,0.849,2.012601666666667
74,Mar_23_74,Mar_23_74_FLM30_stem,FLM30,3/18/23,11:18:00,11:21:00,stem,dead,AVGE,LGR,LGR2,A5,A,NA,NA,70,44.5,35.4,26.2,NA,NA,sediment,9,2023-03-18T11:18:00.000000Z,2023-03-18,March_2023,70,29,849,212.53666666666666,40.45,1160.5366666666666,0.07,0.029,0.21253666666666665,0.849,1.1605366666666665
75,Mar_23_75,Mar_23_75_FLM30_stem,FLM30,3/18/23,11:31:00,11:34:00,stem,dead,AVGE,LGR,LGR2,B7,B,NA,NA,25,12.5,31.1,26.2,NA,NA,sediment,15,2023-03-18T11:31:00.000000Z,2023-03-18,March_2023,70,29,849,418.99555555555554,107.68,1366.9955555555555,0.07,0.029,0.41899555555555557,0.849,1.3669955555555555
76,Mar_23_76,Mar_23_76_FLM30_stem,FLM30,3/18/23,11:36:30,11:39:30,stem,dead,AVGE,LGR,LGR2,B7,B,NA,NA,65,12.5,4.6,26.2,NA,NA,sediment,15,2023-03-18T11:36:30.000000Z,2023-03-18,March_2023,70,29,849,418.99555555555554,107.68,1366.9955555555555,0.07,0.029,0.41899555555555557,0.849,1.3669955555555555
77,Mar_23_77,Mar_23_77_FLM30_stem,FLM30,3/18/23,11:41:30,11:44:30,stem,dead,AVGE,LGR,LGR2,B7,B,NA,NA,110,12.5,33.2,26.2,NA,NA,sediment,15,2023-03-18T11:41:30.000000Z,2023-03-18,March_2023,70,29,849,418.99555555555554,107.68,1366.9955555555555,0.07,0.029,0.41899555555555557,0.849,1.3669955555555555
78,Mar_23_78,Mar_23_78_FLM30_stem,FLM30,3/18/23,14:06:30,14:09:30,stem,dead,AVGE,LGR,LGR2,C2,C,NA,NA,15,29,7.8,29.7,25.7,NA,sediment,0,2023-03-18T14:06:30.000000Z,2023-03-18,March_2023,70,29,849,1064.6016666666667,213.35,2012.6016666666667,0.07,0.029,1.0646016666666667,0.849,2.012601666666667
79,Mar_23_79,Mar_23_79_FLM30_stem,FLM30,3/18/23,13:53:15,13:56:15,stem,dead,AVGE,LGR,LGR2,B7,B,NA,NA,90,16.5,7.6,29.7,25.7,NA,sediment,0,2023-03-18T13:53:15.000000Z,2023-03-18,March_2023,70,29,849,418.99555555555554,107.68,1366.9955555555555,0.07,0.029,0.41899555555555557,0.849,1.3669955555555555
80,Mar_23_80,Mar_23_80_FLM30_stem,FLM30,3/18/23,13:47:45,13:50:45,stem,dead,AVGE,LGR,LGR2,B7,B,NA,NA,130,14,9.2,29.7,25.7,NA,sediment,0,2023-03-18T13:47:45.000000Z,2023-03-18,March_2023,70,29,849,418.99555555555554,107.68,1366.9955555555555,0.07,0.029,0.41899555555555557,0.849,1.3669955555555555
81,Mar_23_81,Mar_23_81_FLM30_stem,FLM30,3/18/23,14:23:30,14:26:30,stem,dead,AVGE,LGR,LGR2,A4,A,NA,NA,0,9.5,NA,29.5,NA,NA,sediment,NA,2023-03-18T14:23:30.000000Z,2023-03-18,March_2023,70,29,849,212.53666666666666,40.45,1160.5366666666666,0.07,0.029,0.21253666666666665,0.849,1.1605366666666665
82,Mar_23_82,Mar_23_82_FLM30_stem,FLM30,3/18/23,12:48:00,12:51:00,stem,dead,AVGE,LGR,LGR2,A5,A,NA,NA,20,19,28.1,27.6,25.9,NA,sediment,5,2023-03-18T12:48:00.000000Z,2023-03-18,March_2023,70,29,849,212.53666666666666,40.45,1160.5366666666666,0.07,0.029,0.21253666666666665,0.849,1.1605366666666665
83,Mar_23_83,Mar_23_83_FLM30_stem,FLM30,3/18/23,12:54:00,12:57:00,stem,dead,AVGE,LGR,LGR2,A5,A,NA,NA,60,12,31.1,27.6,25.9,NA,sediment,5,2023-03-18T12:54:00.000000Z,2023-03-18,March_2023,70,29,849,212.53666666666666,40.45,1160.5366666666666,0.07,0.029,0.21253666666666665,0.849,1.1605366666666665
84,Mar_23_84,Mar_23_84_FLM30_stem,FLM30,3/18/23,13:00:30,13:03:30,stem,dead,AVGE,LGR,LGR2,A5,A,NA,NA,120,11,29.6,27.6,25.9,NA,sediment,5,2023-03-18T13:00:30.000000Z,2023-03-18,March_2023,70,29,849,212.53666666666666,40.45,1160.5366666666666,0.07,0.029,0.21253666666666665,0.849,1.1605366666666665
85,Mar_23_85,Mar_23_85_FLM30_stem,FLM30,3/18/23,13:18:30,13:21:30,stem,dead,AVGE,LGR,LGR2,C2,C,NA,NA,20,21,28.8,29.4,25.4,NA,sediment,2,2023-03-18T13:18:30.000000Z,2023-03-18,March_2023,70,29,849,1064.6016666666667,213.35,2012.6016666666667,0.07,0.029,1.0646016666666667,0.849,2.012601666666667
88,Mar_23_88,Mar_23_88_FLM30_stem,FLM30,3/18/23,11:57:00,12:00:00,stem,dead,AVGE,LGR,LGR2,B7,B,NA,NA,25,14,33.4,28.4,24.9,NA,sediment,5,2023-03-18T11:57:00.000000Z,2023-03-18,March_2023,70,29,849,418.99555555555554,107.68,1366.9955555555555,0.07,0.029,0.41899555555555557,0.849,1.3669955555555555
89,Mar_23_89,Mar_23_89_FLM30_stem,FLM30,3/18/23,12:02:30,12:05:30,stem,dead,AVGE,LGR,LGR2,B7,B,NA,NA,55,12.5,28.9,28.4,24.9,NA,sediment,5,2023-03-18T12:02:30.000000Z,2023-03-18,March_2023,70,29,849,418.99555555555554,107.68,1366.9955555555555,0.07,0.029,0.41899555555555557,0.849,1.3669955555555555
90,Mar_23_90,Mar_23_90_FLM30_stem,FLM30,3/18/23,12:09:30,12:12:30,stem,dead,AVGE,LGR,LGR2,B7,B,NA,NA,85,14.5,30.8,28.4,24.9,NA,sediment,5,2023-03-18T12:09:30.000000Z,2023-03-18,March_2023,70,29,849,418.99555555555554,107.68,1366.9955555555555,0.07,0.029,0.41899555555555557,0.849,1.3669955555555555
91,Mar_23_91,Mar_23_91_FLM30_stem,FLM30,3/18/23,12:19:30,12:22:30,stem,dead,AVGE,LGR,LGR2,B7,B,NA,NA,20,20,29.3,29.1,24.6,NA,sediment,5,2023-03-18T12:19:30.000000Z,2023-03-18,March_2023,70,29,849,418.99555555555554,107.68,1366.9955555555555,0.07,0.029,0.41899555555555557,0.849,1.3669955555555555
92,Mar_23_92,Mar_23_92_FLM30_stem,FLM30,3/18/23,12:26:00,12:29:00,stem,dead,AVGE,LGR,LGR2,B7,B,NA,NA,60,19.5,27.7,29.1,24.6,NA,sediment,5,2023-03-18T12:26:00.000000Z,2023-03-18,March_2023,70,29,849,418.99555555555554,107.68,1366.9955555555555,0.07,0.029,0.41899555555555557,0.849,1.3669955555555555
93,Mar_23_93,Mar_23_93_FLM30_stem,FLM30,3/18/23,12:33:00,12:36:00,stem,dead,AVGE,LGR,LGR2,B7,B,NA,NA,100,17.5,29.5,29.1,24.6,NA,sediment,5,2023-03-18T12:33:00.000000Z,2023-03-18,March_2023,70,29,849,418.99555555555554,107.68,1366.9955555555555,0.07,0.029,0.41899555555555557,0.849,1.3669955555555555
70,Mar_23_70,Mar_23_70_FLM30_stem,FLM30,3/18/23,13:05:00,13:08:00,stem,dead,AVGE,LGR,LGR3,C5,C,NA,NA,12,21.2,21.2,27.6,25.2,NA,sediment,1,2023-03-18T13:05:00.000000Z,2023-03-18,March_2023,70,29,849,1064.6016666666667,213.35,2012.6016666666667,0.07,0.029,1.0646016666666667,0.849,2.012601666666667
86,Mar_23_86,Mar_23_86_FLM30_stem,FLM30,3/18/23,13:29:30,13:32:30,stem,dead,AVGE,LGR,LGR2,B7,B,NA,NA,75,14,34.8,29.4,25.4,NA,sediment,2,2023-03-18T13:29:30.000000Z,2023-03-18,March_2023,70,29,849,418.99555555555554,107.68,1366.9955555555555,0.07,0.029,0.41899555555555557,0.849,1.3669955555555555
68,Mar_23_68,Mar_23_68_FLM30_stem,FLM30,3/18/23,12:56:00,12:59:30,stem,dead,AVGE,LGR,LGR3,C5,C,NA,NA,55,13,26.4,27.6,25.2,NA,sediment,1,2023-03-18T12:56:00.000000Z,2023-03-18,March_2023,70,29,849,1064.6016666666667,213.35,2012.6016666666667,0.07,0.029,1.0646016666666667,0.849,2.012601666666667
61,Mar_23_61,Mar_23_61_FLM30_stem,FLM30,3/18/23,13:38:26,13:44:26,stem,dead,AVGE,LGR,LGR3,C5,C,NA,NA,115,74.8,32.2,29.4,25.8,NA,sediment,1,2023-03-18T13:38:26.000000Z,2023-03-18,March_2023,70,29,849,1064.6016666666667,213.35,2012.6016666666667,0.07,0.029,1.0646016666666667,0.849,2.012601666666667
309,Mar_23_309,Mar_23_309_BL60_leaves,BL60,3/19/23,13:39:00,13:40:00,leaves,alive,LARA,LGR,LGR1,LeafB,LB,NA,NA,NA,NA,NA,28.3,NA,NA,sediment,NA,2023-03-19T13:39:00.000000Z,2023-03-19,March_2023,70,29,849,2190.6440000000002,212,3138.6440000000002,0.07,0.029,2.1906440000000003,0.849,3.138644
34,Mar_23_34,Mar_23_34_BL60_stem,BL60,3/19/23,11:07:30,11:09:30,stem,alive,RHMA,LGR,LGR3,A4,A,NA,NA,100,4.8,26.1,27.3,22.8,NA,sediment,0,2023-03-19T11:07:30.000000Z,2023-03-19,March_2023,70,29,849,212.53666666666666,40.45,1160.5366666666666,0.07,0.029,0.21253666666666665,0.849,1.1605366666666665
306,Mar_23_306,Mar_23_306_BL60_leaves,BL60,3/19/23,13:09:00,13:11:00,leaves,alive,RHMA,LGR,LGR1,LeafB,LB,NA,NA,NA,NA,NA,27.8,NA,NA,sediment,NA,2023-03-19T13:09:00.000000Z,2023-03-19,March_2023,70,29,849,2190.6440000000002,428,3138.6440000000002,0.07,0.029,2.1906440000000003,0.849,3.138644
10,Mar_23_10,Mar_23_10_BL60_stem,BL60,3/19/23,11:55:25,11:58:25,stem,alive,RHMA,LGR,LGR2,A crack,A,NA,NA,10.5,5.6,26.3,26.8,22.5,NA,sediment,0,2023-03-19T11:55:25.000000Z,2023-03-19,March_2023,70,29,849,212.53666666666666,40.45,1160.5366666666666,0.07,0.029,0.21253666666666665,0.849,1.1605366666666665
11,Mar_23_11,Mar_23_11_BL60_stem,BL60,3/19/23,12:19:10,12:22:10,stem,alive,RHMA,LGR,LGR2,A crack,A,NA,NA,15.5,4.1,26.9,26.8,22.5,NA,sediment,0,2023-03-19T12:19:10.000000Z,2023-03-19,March_2023,70,29,849,212.53666666666666,40.45,1160.5366666666666,0.07,0.029,0.21253666666666665,0.849,1.1605366666666665
12,Mar_23_12,Mar_23_12_BL60_stem,BL60,3/19/23,12:43:20,12:46:20,stem,alive,RHMA,LGR,LGR2,A crack,A,NA,NA,80,4.5,26.5,26.8,NA,NA,sediment,0,2023-03-19T12:43:20.000000Z,2023-03-19,March_2023,70,29,849,212.53666666666666,40.45,1160.5366666666666,0.07,0.029,0.21253666666666665,0.849,1.1605366666666665
13,Mar_23_13,Mar_23_13_BL60_root,BL60,3/19/23,12:09:00,12:12:00,root,alive,RHMA,LGR,LGR2,HA,HA,NA,NA,17,NA,NA,26.8,NA,NA,sediment,0,2023-03-19T12:09:00.000000Z,2023-03-19,March_2023,70,29,849,NA,NA,NA,0.07,0.029,NA,0.849,NA
14,Mar_23_14,Mar_23_14_BL60_stem,BL60,3/19/23,13:32:00,13:35:00,stem,alive,RHMA,LGR,LGR2,A crack,A,NA,NA,90,4.1,26,27.4,22.5,NA,sediment,0,2023-03-19T13:32:00.000000Z,2023-03-19,March_2023,70,29,849,212.53666666666666,40.45,1160.5366666666666,0.07,0.029,0.21253666666666665,0.849,1.1605366666666665
15,Mar_23_15,Mar_23_15_BL60_root,BL60,3/19/23,13:42:00,13:45:00,root,alive,RHMA,LGR,LGR2,Ha,HA,NA,NA,30,2.1,26.3,26.6,22.5,NA,sediment,0,2023-03-19T13:42:00.000000Z,2023-03-19,March_2023,70,29,849,42.261671975785276,127.69028473256945,990.2616719757852,0.07,0.029,0.04226167197578528,0.849,0.9902616719757853
17,Mar_23_17,Mar_23_17_BL60_stem,BL60,3/19/23,09:30:30,09:33:30,stem,alive,RHMA,LGR,LGR2,A4,A,NA,NA,55,5.9,22.7,26.9,21.4,NA,sediment,0,2023-03-19T09:30:30.000000Z,2023-03-19,March_2023,70,29,849,212.53666666666666,40.45,1160.5366666666666,0.07,0.029,0.21253666666666665,0.849,1.1605366666666665
18,Mar_23_18,Mar_23_18_BL60_stem,BL60,3/19/23,10:49:50,10:52:50,stem,alive,RHMA,LGR,LGR2,A crack,A,NA,NA,92,3.8,23.1,26.9,21.4,NA,sediment,0,2023-03-19T10:49:50.000000Z,2023-03-19,March_2023,70,29,849,212.53666666666666,40.45,1160.5366666666666,0.07,0.029,0.21253666666666665,0.849,1.1605366666666665
20,Mar_23_20,Mar_23_20_BL60_stem,BL60,3/19/23,10:32:37,10:35:37,stem,alive,RHMA,LGR,LGR2,HA,HA,NA,NA,29,2.9,24.3,26.9,21.4,NA,sediment,0,2023-03-19T10:32:37.000000Z,2023-03-19,March_2023,70,29,849,-112.18276765313195,176.3342027259292,835.8172323468681,0.07,0.029,-0.11218276765313194,0.849,0.8358172323468681
22,Mar_23_22,Mar_23_22_BL60_stem,BL60,3/19/23,11:14:20,11:17:20,stem,alive,RHMA,LGR,LGR2,A crack,A,NA,NA,103,3.1,26.4,26.9,21.9,NA,sediment,0,2023-03-19T11:14:20.000000Z,2023-03-19,March_2023,70,29,849,212.53666666666666,40.45,1160.5366666666666,0.07,0.029,0.21253666666666665,0.849,1.1605366666666665
23,Mar_23_23,Mar_23_23_BL60_stem,BL60,3/19/23,11:22:50,11:25:50,stem,alive,RHMA,LGR,LGR2,A crack,A,NA,NA,135,2.6,26.3,26.9,21.9,NA,sediment,0,2023-03-19T11:22:50.000000Z,2023-03-19,March_2023,70,29,849,212.53666666666666,40.45,1160.5366666666666,0.07,0.029,0.21253666666666665,0.849,1.1605366666666665
24,Mar_23_24,Mar_23_24_BL60_root,BL60,3/19/23,11:30:23,11:33:23,root,alive,RHMA,LGR,LGR2,A crack,A,NA,NA,17,2.2,25.9,26.9,21.9,NA,sediment,0,2023-03-19T11:30:23.000000Z,2023-03-19,March_2023,70,29,849,212.53666666666666,40.45,1160.5366666666666,0.07,0.029,0.21253666666666665,0.849,1.1605366666666665
26,Mar_23_26,Mar_23_26_BL60_stem,BL60,3/19/23,13:30:30,13:33:30,stem,CWD,COPE,LGR,LGR3,B3,B,NA,NA,30,12.5,22.8,27.6,22.7,NA,sediment,0,2023-03-19T13:30:30.000000Z,2023-03-19,March_2023,70,29,849,418.99555555555554,107.68,1366.9955555555555,0.07,0.029,0.41899555555555557,0.849,1.3669955555555555
27,Mar_23_27,Mar_23_27_BL60_stem,BL60,3/19/23,13:36:45,13:39:45,stem,CWD,COPE,LGR,LGR3,B3,B,NA,NA,60,9,22.6,27.6,22.6,NA,sediment,0,2023-03-19T13:36:45.000000Z,2023-03-19,March_2023,70,29,849,418.99555555555554,107.68,1366.9955555555555,0.07,0.029,0.41899555555555557,0.849,1.3669955555555555
28,Mar_23_28,Mar_23_28_BL60_stem,BL60,3/19/23,13:49:30,13:52:30,stem,CWD,RHMA,LGR,LGR3,B3,B,NA,NA,60,9,25.5,26.6,22.7,NA,sediment,0,2023-03-19T13:49:30.000000Z,2023-03-19,March_2023,70,29,849,418.99555555555554,107.68,1366.9955555555555,0.07,0.029,0.41899555555555557,0.849,1.3669955555555555
29,Mar_23_29,Mar_23_29_BL60_root,BL60,3/19/23,11:30:30,11:33:30,root,alive,RHMA,LGR,LGR3,HB,HB,NA,NA,5,3,25.2,26.7,9,NA,sediment,0,2023-03-19T11:30:30.000000Z,2023-03-19,March_2023,70,29,849,-102.25442819204028,273.62203871264876,845.7455718079598,0.07,0.029,-0.10225442819204028,0.849,0.8457455718079597
30,Mar_23_30,Mar_23_30_BL60_stem,BL60,3/19/23,11:08:00,11:11:00,stem,alive,RHMA,LGR,LGR3,A4,A,NA,NA,75,8,23.7,26.7,22.5,NA,sediment,0,2023-03-19T11:08:00.000000Z,2023-03-19,March_2023,70,29,849,212.53666666666666,40.45,1160.5366666666666,0.07,0.029,0.21253666666666665,0.849,1.1605366666666665
31,Mar_23_31,Mar_23_31_BL60_stem,BL60,3/19/23,11:16:00,11:19:00,stem,alive,RHMA,LGR,LGR3,A4,A,NA,NA,110,8,24.1,26.7,22.5,NA,sediment,0,2023-03-19T11:16:00.000000Z,2023-03-19,March_2023,70,29,849,212.53666666666666,40.45,1160.5366666666666,0.07,0.029,0.21253666666666665,0.849,1.1605366666666665
32,Mar_23_32,Mar_23_32_BL60_root,BL60,3/19/23,11:41:00,11:44:00,root,alive,RHMA,LGR,LGR3,HB,HB,NA,NA,15,3,25.3,27.3,22.8,NA,sediment,0,2023-03-19T11:41:00.000000Z,2023-03-19,March_2023,70,29,849,-102.25442819204028,273.62203871264876,845.7455718079598,0.07,0.029,-0.10225442819204028,0.849,0.8457455718079597
33,Mar_23_33,Mar_23_33_BL60_stem,BL60,3/19/23,11:53:15,11:56:15,stem,alive,RHMA,LGR,LGR3,A4,A,NA,NA,60,5,26,27.3,22.8,NA,sediment,0,2023-03-19T11:53:15.000000Z,2023-03-19,March_2023,70,29,849,212.53666666666666,40.45,1160.5366666666666,0.07,0.029,0.21253666666666665,0.849,1.1605366666666665
36,Mar_23_36,Mar_23_36_BL60_stem,BL60,3/19/23,10:10:45,10:13:45,stem,alive,COPE,LGR,LGR3,A4,A,NA,NA,55,8.5,24.2,26.9,23.9,NA,sediment,0,2023-03-19T10:10:45.000000Z,2023-03-19,March_2023,70,29,849,212.53666666666666,40.45,1160.5366666666666,0.07,0.029,0.21253666666666665,0.849,1.1605366666666665
37,Mar_23_37,Mar_23_37_BL60_stem,BL60,3/19/23,10:19:15,10:22:15,stem,alive,COPE,LGR,LGR3,A4,A,NA,NA,90,7.5,24.5,26.9,23.9,NA,sediment,0,2023-03-19T10:19:15.000000Z,2023-03-19,March_2023,70,29,849,212.53666666666666,40.45,1160.5366666666666,0.07,0.029,0.21253666666666665,0.849,1.1605366666666665
38,Mar_23_38,Mar_23_38_BL60_stem,BL60,3/19/23,10:32:30,10:35:30,stem,alive,COPE,LGR,LGR3,B3,B,NA,NA,25,9.5,24.4,27.3,23.1,NA,sediment,0,2023-03-19T10:32:30.000000Z,2023-03-19,March_2023,70,29,849,418.99555555555554,107.68,1366.9955555555555,0.07,0.029,0.41899555555555557,0.849,1.3669955555555555
39,Mar_23_39,Mar_23_39_BL60_stem,BL60,3/19/23,10:42:00,10:45:00,stem,alive,COPE,LGR,LGR3,A4,A,NA,NA,75,5,24.9,27.3,23.1,NA,sediment,0,2023-03-19T10:42:00.000000Z,2023-03-19,March_2023,70,29,849,212.53666666666666,40.45,1160.5366666666666,0.07,0.029,0.21253666666666665,0.849,1.1605366666666665
40,Mar_23_40,Mar_23_40_BL60_stem,BL60,3/19/23,12:24:30,12:27:30,stem,alive,COPE,LGR,LGR3,C5,C,NA,NA,25,20.5,25.3,26.8,23,NA,sediment,0,2023-03-19T12:24:30.000000Z,2023-03-19,March_2023,70,29,849,1064.6016666666667,213.35,2012.6016666666667,0.07,0.029,1.0646016666666667,0.849,2.012601666666667
41,Mar_23_41,Mar_23_41_BL60_stem,BL60,3/19/23,12:37:30,12:40:30,stem,alive,COPE,LGR,LGR3,B3,B,NA,NA,66,15.5,25.2,26.8,23,NA,sediment,0,2023-03-19T12:37:30.000000Z,2023-03-19,March_2023,70,29,849,418.99555555555554,107.68,1366.9955555555555,0.07,0.029,0.41899555555555557,0.849,1.3669955555555555
42,Mar_23_42,Mar_23_42_BL60_stem,BL60,3/19/23,12:48:00,12:51:00,stem,alive,COPE,LGR,LGR3,B3,B,NA,NA,108,14.5,24.4,26.8,23,NA,sediment,0,2023-03-19T12:48:00.000000Z,2023-03-19,March_2023,70,29,849,418.99555555555554,107.68,1366.9955555555555,0.07,0.029,0.41899555555555557,0.849,1.3669955555555555
298,Mar_23_298,Mar_23_298_BL60_leaves,BL60,3/19/23,10:00:00,10:03:00,leaves,alive,RHMA,LGR,LGR1,LeafB,LB,NA,NA,NA,NA,NA,26.9,NA,NA,sediment,NA,2023-03-19T10:00:00.000000Z,2023-03-19,March_2023,70,29,849,2190.6440000000002,428,3138.6440000000002,0.07,0.029,2.1906440000000003,0.849,3.138644
301,Mar_23_301,Mar_23_301_BL60_leaves,BL60,3/19/23,11:28:00,11:31:00,leaves,alive,RHMA,LGR,LGR1,LeafB,LB,NA,NA,NA,NA,NA,26.9,NA,NA,sediment,NA,2023-03-19T11:28:00.000000Z,2023-03-19,March_2023,70,29,849,2190.6440000000002,428,3138.6440000000002,0.07,0.029,2.1906440000000003,0.849,3.138644
303,Mar_23_303,Mar_23_303_BL60_leaves,BL60,3/19/23,12:26:00,12:29:00,leaves,alive,RHMA,LGR,LGR1,LeafB,LB,NA,NA,NA,NA,NA,27.3,NA,NA,sediment,NA,2023-03-19T12:26:00.000000Z,2023-03-19,March_2023,70,29,849,2190.6440000000002,428,3138.6440000000002,0.07,0.029,2.1906440000000003,0.849,3.138644
304,Mar_23_304,Mar_23_304_BL60_leaves,BL60,3/19/23,12:45:00,12:48:00,leaves,alive,AVGE,LGR,LGR1,LeafB,LB,NA,NA,NA,NA,NA,27.2,NA,NA,sediment,NA,2023-03-19T12:45:00.000000Z,2023-03-19,March_2023,70,29,849,2190.6440000000002,134,3138.6440000000002,0.07,0.029,2.1906440000000003,0.849,3.138644
305,Mar_23_305,Mar_23_305_BL60_leaves,BL60,3/19/23,12:50:30,12:53:30,leaves,alive,AVGE,LGR,LGR1,LeafB,LB,NA,NA,NA,NA,NA,26.8,NA,NA,sediment,NA,2023-03-19T12:50:30.000000Z,2023-03-19,March_2023,70,29,849,2190.6440000000002,134,3138.6440000000002,0.07,0.029,2.1906440000000003,0.849,3.138644
307,Mar_23_307,Mar_23_307_BL60_leaves,BL60,3/19/23,13:26:00,13:29:00,leaves,alive,LARA,LGR,LGR1,LeafB,LB,NA,NA,NA,NA,NA,27.3125,NA,NA,sediment,NA,2023-03-19T13:26:00.000000Z,2023-03-19,March_2023,70,29,849,2190.6440000000002,212,3138.6440000000002,0.07,0.029,2.1906440000000003,0.849,3.138644
308,Mar_23_308,Mar_23_308_BL60_leaves,BL60,3/19/23,13:32:30,13:35:30,leaves,alive,LARA,LGR,LGR1,LeafB,LB,NA,NA,NA,NA,NA,27.3125,NA,NA,sediment,NA,2023-03-19T13:32:30.000000Z,2023-03-19,March_2023,70,29,849,2190.6440000000002,212,3138.6440000000002,0.07,0.029,2.1906440000000003,0.849,3.138644
19,Mar_23_19,Mar_23_19_BL60_stem,BL60,3/19/23,09:54:30,09:57:30,stem,alive,RHMA,LGR,LGR2,HA,HA,NA,NA,15,2.7,26.2,26.9,21.4,NA,sediment,0,2023-03-19T09:54:30.000000Z,2023-03-19,March_2023,70,29,849,-68.93832455703514,164.1732232275893,879.0616754429649,0.07,0.029,-0.06893832455703515,0.849,0.8790616754429649
21,Mar_23_21,Mar_23_21_BL60_stem,BL60,3/19/23,11:57:40,12:00:40,stem,alive,RHMA,LGR,LGR2,A crack,A,NA,NA,55,3.6,26.2,26.9,21.9,NA,sediment,0,2023-03-19T11:57:40.000000Z,2023-03-19,March_2023,70,29,849,212.53666666666666,40.45,1160.5366666666666,0.07,0.029,0.21253666666666665,0.849,1.1605366666666665
35,Mar_23_35,Mar_23_35_BL60_stem,BL60,3/19/23,09:54:30,09:57:30,stem,alive,COPE,LGR,LGR3,B3,B,NA,NA,20,11,23,26.9,23.9,NA,sediment,0,2023-03-19T09:54:30.000000Z,2023-03-19,March_2023,70,29,849,418.99555555555554,107.68,1366.9955555555555,0.07,0.029,0.41899555555555557,0.849,1.3669955555555555
299,Mar_23_299,Mar_23_299_BL60_leaves,BL60,3/19/23,10:40:00,10:43:00,leaves,alive,RHMA,LGR,LGR1,LeafB,LB,NA,NA,NA,NA,NA,26.8,NA,NA,sediment,NA,2023-03-19T10:40:00.000000Z,2023-03-19,March_2023,70,29,849,2190.6440000000002,428,3138.6440000000002,0.07,0.029,2.1906440000000003,0.849,3.138644
302,Mar_23_302,Mar_23_302_BL60_leaves,BL60,3/19/23,12:21:00,12:24:00,leaves,alive,RHMA,LGR,LGR1,LeafB,LB,NA,NA,NA,NA,NA,27.2,NA,NA,sediment,NA,2023-03-19T12:21:00.000000Z,2023-03-19,March_2023,70,29,849,2190.6440000000002,428,3138.6440000000002,0.07,0.029,2.1906440000000003,0.849,3.138644
300,Mar_23_300,Mar_23_300_BL60_leaves,BL60,3/19/23,11:16:00,11:20:00,leaves,alive,RHMA,LGR,LGR1,LeafB,LB,NA,NA,NA,NA,NA,26.8,NA,NA,sediment,NA,2023-03-19T11:16:00.000000Z,2023-03-19,March_2023,70,29,849,2190.6440000000002,428,3138.6440000000002,0.07,0.029,2.1906440000000003,0.849,3.138644
16,Mar_23_16,Mar_23_16_BL60_stem,BL60,3/19/23,13:41:30,13:50:30,stem,alive,RHMA,LGR,LGR2,A crack,A,NA,NA,?,4,26.1,26.6,22.5,NA,sediment,0,2023-03-19T13:41:30.000000Z,2023-03-19,March_2023,70,29,849,212.53666666666666,40.45,1160.5366666666666,0.07,0.029,0.21253666666666665,0.849,1.1605366666666665
1,Mar_23_1,Mar_23_1_MI_stem,MI,3/20/23,14:44:00,14:47:00,stem,dead,AVGE,LGR,LGR3,C2,C,NA,NA,10,16,33.7,26.8,22.3,NA,sediment,0,2023-03-20T14:44:00.000000Z,2023-03-20,March_2023,70,29,849,1064.6016666666667,213.35,2012.6016666666667,0.07,0.029,1.0646016666666667,0.849,2.012601666666667
2,Mar_23_2,Mar_23_2_MI_stem,MI,3/20/23,14:51:00,14:54:00,stem,dead,AVGE,LGR,LGR3,C2,C,NA,NA,60,14,39.3,26.8,22.3,NA,sediment,0,2023-03-20T14:51:00.000000Z,2023-03-20,March_2023,70,29,849,1064.6016666666667,213.35,2012.6016666666667,0.07,0.029,1.0646016666666667,0.849,2.012601666666667
3,Mar_23_3,Mar_23_3_MI_stem,MI,3/20/23,14:56:45,14:59:45,stem,dead,AVGE,LGR,LGR3,B3,B,NA,NA,110,14,38,26.8,22.3,NA,sediment,0,2023-03-20T14:56:45.000000Z,2023-03-20,March_2023,70,29,849,418.99555555555554,107.68,1366.9955555555555,0.07,0.029,0.41899555555555557,0.849,1.3669955555555555
5,Mar_23_5,Mar_23_5_MI_stem,MI,3/20/23,15:17:00,15:20:00,stem,dead,AVGE,LGR,LGR3,B3,B,NA,NA,60,23.5,23.7,25.9,22.6,NA,sediment,1,2023-03-20T15:17:00.000000Z,2023-03-20,March_2023,70,29,849,418.99555555555554,107.68,1366.9955555555555,0.07,0.029,0.41899555555555557,0.849,1.3669955555555555
6,Mar_23_6,Mar_23_6_MI_stem,MI,3/20/23,15:11:00,15:14:00,stem,dead,AVGE,LGR,LGR3,B3,B,NA,NA,104,15.5,23,25.9,22.6,NA,sediment,1,2023-03-20T15:11:00.000000Z,2023-03-20,March_2023,70,29,849,418.99555555555554,107.68,1366.9955555555555,0.07,0.029,0.41899555555555557,0.849,1.3669955555555555
7,Mar_23_7,Mar_23_7_MI_stem,MI,3/20/23,15:29:30,15:32:30,stem,dead,AVGE,LGR,LGR3,B3,B,NA,NA,11,20.5,37,25.7,21.6,NA,sediment,0,2023-03-20T15:29:30.000000Z,2023-03-20,March_2023,70,29,849,418.99555555555554,107.68,1366.9955555555555,0.07,0.029,0.41899555555555557,0.849,1.3669955555555555
8,Mar_23_8,Mar_23_8_MI_stem,MI,3/20/23,15:36:00,15:39:00,stem,dead,AVGE,LGR,LGR3,B3,B,NA,NA,55,13.5,37.1,25.7,21.6,NA,sediment,0,2023-03-20T15:36:00.000000Z,2023-03-20,March_2023,70,29,849,418.99555555555554,107.68,1366.9955555555555,0.07,0.029,0.41899555555555557,0.849,1.3669955555555555
9,Mar_23_9,Mar_23_9_MI_stem,MI,3/20/23,15:50:00,15:53:00,stem,dead,AVGE,LGR,LGR3,B3,B,NA,NA,115,12.5,31.9,25.7,21.6,NA,sediment,0,2023-03-20T15:50:00.000000Z,2023-03-20,March_2023,70,29,849,418.99555555555554,107.68,1366.9955555555555,0.07,0.029,0.41899555555555557,0.849,1.3669955555555555
4,Mar_23_4,Mar_23_4_MI_stem,MI,3/20/23,15:22:00,15:25:00,stem,dead,AVGE,LGR,LGR3,B3,B,NA,NA,10,24.5,25.6,25.9,22.6,NA,sediment,1,2023-03-20T15:22:00.000000Z,2023-03-20,March_2023,70,29,849,418.99555555555554,107.68,1366.9955555555555,0.07,0.029,0.41899555555555557,0.849,1.3669955555555555
2,Oct_22_2,Oct_22_2_FLM30_stem,FLM30,10/15/22,13:15:37,13:20:34,stem,Dead,AVGE,LGR,LGR2,C1,C,NA,NA,50,17.5,36.7,NA,NA,no,Water,25.4,2022-10-15T13:15:37.000000Z,2022-10-15,Oct_2022,70,29,849,1064.6016666666667,213.35,2012.6016666666667,0.07,0.029,1.0646016666666667,0.849,2.012601666666667
3,Oct_22_3,Oct_22_3_FLM30_stem,FLM30,10/15/22,13:22:00,13:27:00,stem,Dead,AVGE,LGR,LGR2,C1,C,NA,NA,100,17,36.5,NA,NA,no,Water,25.4,2022-10-15T13:22:00.000000Z,2022-10-15,Oct_2022,70,29,849,1064.6016666666667,213.35,2012.6016666666667,0.07,0.029,1.0646016666666667,0.849,2.012601666666667
4,Oct_22_4,Oct_22_4_FLM30_stem,FLM30,10/15/22,14:01:30,14:06:30,stem,Dead,AVGE,LGR,LGR2,C1,C,NA,NA,0,22,31.7,NA,NA,no,Water,25.4,2022-10-15T14:01:30.000000Z,2022-10-15,Oct_2022,70,29,849,1064.6016666666667,213.35,2012.6016666666667,0.07,0.029,1.0646016666666667,0.849,2.012601666666667
5,Oct_22_5,Oct_22_5_FLM30_stem,FLM30,10/15/22,14:10:00,14:15:00,stem,Dead,AVGE,LGR,LGR2,C1,C,NA,NA,50,20,30.3,NA,NA,no,Water,25.4,2022-10-15T14:10:00.000000Z,2022-10-15,Oct_2022,70,29,849,1064.6016666666667,213.35,2012.6016666666667,0.07,0.029,1.0646016666666667,0.849,2.012601666666667
6,Oct_22_6,Oct_22_6_FLM30_stem,FLM30,10/15/22,14:19:00,14:24:00,stem,Dead,AVGE,LGR,LGR2,C1,C,NA,NA,100,19.5,32,NA,NA,no,Water,25.4,2022-10-15T14:19:00.000000Z,2022-10-15,Oct_2022,70,29,849,1064.6016666666667,213.35,2012.6016666666667,0.07,0.029,1.0646016666666667,0.849,2.012601666666667
1,Oct_22_1,Oct_22_1_FLM30_stem,FLM30,10/15/22,13:01:50,13:10:30,stem,Dead,AVGE,LGR,LGR2,C1,C,NA,NA,0,17.5,33.7,NA,NA,no,Water,25.4,2022-10-15T13:01:50.000000Z,2022-10-15,Oct_2022,70,29,849,1064.6016666666667,213.35,2012.6016666666667,0.07,0.029,1.0646016666666667,0.849,2.012601666666667
29,Oct_22_29,Oct_22_29_SRS6_stem,SRS6,10/16/22,13:24:53,13:27:33,stem,Alive,RHMA,LGR,LGR2,C1,C,NA,NA,100,25.4,27,26.3,27.6,no,Sediment,NA,2022-10-16T13:24:53.000000Z,2022-10-16,Oct_2022,70,29,849,1064.6016666666667,213.35,2012.6016666666667,0.07,0.029,1.0646016666666667,0.849,2.012601666666667
12,Oct_22_12,Oct_22_12_SRS6_stem,SRS6,10/16/22,13:39:25,13:42:25,stem,Alive,RHMA,LGR,LGR3,B4,B,NA,NA,50,18.2,27.3,27.3,26.8,yes,Sediment,NA,2022-10-16T13:39:25.000000Z,2022-10-16,Oct_2022,70,29,849,418.99555555555554,107.68,1366.9955555555555,0.07,0.029,0.41899555555555557,0.849,1.3669955555555555
14,Oct_22_14,Oct_22_14_SRS6_root,SRS6,10/16/22,13:59:24,14:02:24,root,Alive,RHMA,LGR,LGR3,A7,A,NA,NA,na,6.9,27.7,27.3,26.8,no,Sediment,NA,2022-10-16T13:59:24.000000Z,2022-10-16,Oct_2022,70,29,849,212.53666666666666,40.45,1160.5366666666666,0.07,0.029,0.21253666666666665,0.849,1.1605366666666665
18,Oct_22_18,Oct_22_18_SRS6_stem,SRS6,10/16/22,12:29:30,12:32:30,stem,Alive,RHMA,LGR,LGR2,C2,C,NA,NA,0,30,27.3,27.55,27,no,Sediment,NA,2022-10-16T12:29:30.000000Z,2022-10-16,Oct_2022,70,29,849,1064.6016666666667,213.35,2012.6016666666667,0.07,0.029,1.0646016666666667,0.849,2.012601666666667
20,Oct_22_20,Oct_22_20_SRS6_stem,SRS6,10/16/22,12:51:30,12:54:30,stem,Dead,AVGE,LGR,LGR2,B2,B,NA,NA,100,14,26.3,27.33888888888889,27,no,Sediment,NA,2022-10-16T12:51:30.000000Z,2022-10-16,Oct_2022,70,29,849,418.99555555555554,107.68,1366.9955555555555,0.07,0.029,0.41899555555555557,0.849,1.3669955555555555
21,Oct_22_21,Oct_22_21_SRS6_stem,SRS6,10/16/22,12:56:00,12:59:00,stem,Dead,AVGE,LGR,LGR2,B2,B,NA,NA,0,15.5,26.6,27.244444444444444,27,no,Sediment,NA,2022-10-16T12:56:00.000000Z,2022-10-16,Oct_2022,70,29,849,418.99555555555554,107.68,1366.9955555555555,0.07,0.029,0.41899555555555557,0.849,1.3669955555555555
22,Oct_22_22,Oct_22_22_SRS6_stem,SRS6,10/16/22,13:00:30,13:03:30,stem,Dead,AVGE,LGR,LGR2,B2,B,NA,NA,50,15,26.7,27.21666666666667,27,no,Sediment,NA,2022-10-16T13:00:30.000000Z,2022-10-16,Oct_2022,70,29,849,418.99555555555554,107.68,1366.9955555555555,0.07,0.029,0.41899555555555557,0.849,1.3669955555555555
25,Oct_22_25,Oct_22_25_SRS6_stem,SRS6,10/16/22,12:36:08,12:39:08,stem,Alive,RHMA,LGR,LGR2,C1,C,NA,NA,100,21.1,27,27.8,27.2,no,Sediment,NA,2022-10-16T12:36:08.000000Z,2022-10-16,Oct_2022,70,29,849,1064.6016666666667,213.35,2012.6016666666667,0.07,0.029,1.0646016666666667,0.849,2.012601666666667
27,Oct_22_27,Oct_22_27_SRS6_stem,SRS6,10/16/22,13:37:29,13:40:29,stem,Alive,RHMA,LGR,LGR2,B1,B,NA,NA,0,25.9,26.9,24.6,27.6,no,Sediment,NA,2022-10-16T13:37:29.000000Z,2022-10-16,Oct_2022,70,29,849,418.99555555555554,107.68,1366.9955555555555,0.07,0.029,0.41899555555555557,0.849,1.3669955555555555
28,Oct_22_28,Oct_22_28_SRS6_stem,SRS6,10/16/22,13:42:32,13:45:32,stem,Alive,RHMA,LGR,LGR2,B1,B,NA,NA,50,25,26.4,24,27.6,no,Sediment,NA,2022-10-16T13:42:32.000000Z,2022-10-16,Oct_2022,70,29,849,418.99555555555554,107.68,1366.9955555555555,0.07,0.029,0.41899555555555557,0.849,1.3669955555555555
30,Oct_22_30,Oct_22_30_SRS6_root,SRS6,10/16/22,13:31:38,13:34:38,root,Alive,RHMA,LGR,LGR2,B1,B,NA,NA,na,10.9,26.5,25.6,27.6,no,Sediment,NA,2022-10-16T13:31:38.000000Z,2022-10-16,Oct_2022,70,29,849,418.99555555555554,107.68,1366.9955555555555,0.07,0.029,0.41899555555555557,0.849,1.3669955555555555
8,Oct_22_8,Oct_22_8_SRS6_stem,SRS6,10/16/22,13:04:05,13:07:06,stem,Alive,RHMA,LGR,LGR3,C5,C,NA,NA,50,22.3,27.6,26.5,26.8,no,Sediment,NA,2022-10-16T13:04:05.000000Z,2022-10-16,Oct_2022,70,29,849,1064.6016666666667,213.35,2012.6016666666667,0.07,0.029,1.0646016666666667,0.849,2.012601666666667
11,Oct_22_11,Oct_22_11_SRS6_stem,SRS6,10/16/22,13:32:08,13:35:09,stem,Alive,RHMA,LGR,LGR3,B4,B,NA,NA,0,18.1,27.1,27.3,26.8,no,Sediment,NA,2022-10-16T13:32:08.000000Z,2022-10-16,Oct_2022,70,29,849,418.99555555555554,107.68,1366.9955555555555,0.07,0.029,0.41899555555555557,0.849,1.3669955555555555
15,Oct_22_15,Oct_22_15_SRS6_root,SRS6,10/16/22,14:05:09,14:08:10,root,Alive,RHMA,LGR,LGR3,A6,A,NA,NA,na,5.5,27,27.3,26.8,no,Sediment,NA,2022-10-16T14:05:09.000000Z,2022-10-16,Oct_2022,70,29,849,212.53666666666666,40.45,1160.5366666666666,0.07,0.029,0.21253666666666665,0.849,1.1605366666666665
7,Oct_22_7,Oct_22_7_SRS6_stem,SRS6,10/16/22,12:57:50,13:00:51,stem,Alive,RHMA,LGR,LGR3,C5,C,NA,NA,0,23,27.4,26.5,26.8,no,Sediment,NA,2022-10-16T12:57:50.000000Z,2022-10-16,Oct_2022,70,29,849,1064.6016666666667,213.35,2012.6016666666667,0.07,0.029,1.0646016666666667,0.849,2.012601666666667
9,Oct_22_9,Oct_22_9_SRS6_stem,SRS6,10/16/22,13:11:06,13:14:07,stem,Alive,RHMA,LGR,LGR3,C5,C,NA,NA,100,21.5,27.5,26.5,26.8,no,Sediment,NA,2022-10-16T13:11:06.000000Z,2022-10-16,Oct_2022,70,29,849,1064.6016666666667,213.35,2012.6016666666667,0.07,0.029,1.0646016666666667,0.849,2.012601666666667
13,Oct_22_13,Oct_22_13_SRS6_stem,SRS6,10/16/22,13:49:19,13:52:20,stem,Alive,RHMA,LGR,LGR3,B4,B,NA,NA,100,17.3,27.8,27.3,26.8,no,Sediment,NA,2022-10-16T13:49:19.000000Z,2022-10-16,Oct_2022,70,29,849,418.99555555555554,107.68,1366.9955555555555,0.07,0.029,0.41899555555555557,0.849,1.3669955555555555
10,Oct_22_10,Oct_22_10_SRS6_root,SRS6,10/16/22,13:19:16,13:22:22,root,Alive,RHMA,LGR,LGR3,A6,A,NA,NA,root,7,27.6,26.5,26.8,no,Sediment,NA,2022-10-16T13:19:16.000000Z,2022-10-16,Oct_2022,70,29,849,212.53666666666666,40.45,1160.5366666666666,0.07,0.029,0.21253666666666665,0.849,1.1605366666666665
16,Oct_22_16,Oct_22_16_SRS6_stem,SRS6,10/16/22,12:14:45,12:18:00,stem,Alive,RHMA,LGR,LGR2,C2,C,NA,NA,100,25,27.4,27.816666666666663,27,no,Sediment,NA,2022-10-16T12:14:45.000000Z,2022-10-16,Oct_2022,70,29,849,1064.6016666666667,213.35,2012.6016666666667,0.07,0.029,1.0646016666666667,0.849,2.012601666666667
19,Oct_22_19,Oct_22_19_SRS6_root,SRS6,10/16/22,12:38:20,12:41:40,root,Dead,RHMA,LGR,LGR2,A3,A,NA,NA,na,6.5,27.5,27.515151515151516,27,no,Sediment,NA,2022-10-16T12:38:20.000000Z,2022-10-16,Oct_2022,70,29,849,212.53666666666666,40.45,1160.5366666666666,0.07,0.029,0.21253666666666665,0.849,1.1605366666666665
24,Oct_22_24,Oct_22_24_SRS6_stem,SRS6,10/16/22,12:44:15,12:47:55,stem,Alive,RHMA,LGR,LGR2,C1,C,NA,NA,50,22,26.9,28.1,27.2,no,Sediment,NA,2022-10-16T12:44:15.000000Z,2022-10-16,Oct_2022,70,29,849,1064.6016666666667,213.35,2012.6016666666667,0.07,0.029,1.0646016666666667,0.849,2.012601666666667
26,Oct_22_26,Oct_22_26_SRS6_root,SRS6,10/16/22,13:07:39,13:11:31,root,Alive,RHMA,LGR,LGR2,A1,A,NA,NA,na,7.4,27.3,28.8,27.2,no,Sediment,NA,2022-10-16T13:07:39.000000Z,2022-10-16,Oct_2022,70,29,849,212.53666666666666,40.45,1160.5366666666666,0.07,0.029,0.21253666666666665,0.849,1.1605366666666665
23,Oct_22_23,Oct_22_23_SRS6_stem,SRS6,10/16/22,12:58:55,13:03:57,stem,Alive,RHMA,LGR,LGR2,B1,B,NA,NA,0,25.1,26.8,27.8,27.2,no,Sediment,NA,2022-10-16T12:58:55.000000Z,2022-10-16,Oct_2022,70,29,849,418.99555555555554,107.68,1366.9955555555555,0.07,0.029,0.41899555555555557,0.849,1.3669955555555555
17,Oct_22_17,Oct_22_17_SRS6_stem,SRS6,10/16/22,12:21:00,12:26:50,stem,Alive,RHMA,LGR,LGR2,C2,C,NA,NA,50,26,27.2,27.75636363636364,27,no,Sediment,NA,2022-10-16T12:21:00.000000Z,2022-10-16,Oct_2022,70,29,849,1064.6016666666667,213.35,2012.6016666666667,0.07,0.029,1.0646016666666667,0.849,2.012601666666667
55,Oct_22_55,Oct_22_55_SRS6_stem,SRS6,10/17/22,12:43:00,12:45:00,stem,Alive,AVGE,LGR,LGR2,C1,C,NA,NA,100,22,25.6,25.6,NA,no,Sediment,NA,2022-10-17T12:43:00.000000Z,2022-10-17,Oct_2022,70,29,849,1064.6016666666667,213.35,2012.6016666666667,0.07,0.029,1.0646016666666667,0.849,2.012601666666667
63,Oct_22_63,Oct_22_63_SRS6_stem,SRS6,10/17/22,12:14:39,12:17:38,stem,Alive,RHMA,LGR,LGR3,B4,B,NA,NA,0,13.3,26.4,25.6,26.8,no,Sediment,NA,2022-10-17T12:14:39.000000Z,2022-10-17,Oct_2022,70,29,849,418.99555555555554,107.68,1366.9955555555555,0.07,0.029,0.41899555555555557,0.849,1.3669955555555555
32,Oct_22_32,Oct_22_32_SRS6_stem,SRS6,10/17/22,14:19:00,14:22:00,stem,Dead,RHMA,LGR,LGR2,A4,A,NA,NA,50,NA,NA,27.4,NA,no,Sediment,NA,2022-10-17T14:19:00.000000Z,2022-10-17,Oct_2022,70,29,849,212.53666666666666,40.45,1160.5366666666666,0.07,0.029,0.21253666666666665,0.849,1.1605366666666665
33,Oct_22_33,Oct_22_33_SRS6_stem,SRS6,10/17/22,14:24:00,14:27:00,stem,Dead,RHMA,LGR,LGR2,A4,A,NA,NA,100,NA,NA,27.4,NA,no,Sediment,NA,2022-10-17T14:24:00.000000Z,2022-10-17,Oct_2022,70,29,849,212.53666666666666,40.45,1160.5366666666666,0.07,0.029,0.21253666666666665,0.849,1.1605366666666665
35,Oct_22_35,Oct_22_35_SRS6_CWD,SRS6,10/17/22,15:06:00,15:09:00,CWD,Dead,RHMA,LGR,LGR2,B5,B,NA,NA,na,15.5,30.5,27.4,NA,no,NA,NA,2022-10-17T15:06:00.000000Z,2022-10-17,Oct_2022,70,29,849,418.99555555555554,107.68,1366.9955555555555,0.07,0.029,0.41899555555555557,0.849,1.3669955555555555
36,Oct_22_36,Oct_22_36_SRS6_CWD,SRS6,10/17/22,15:15:30,15:18:30,CWD,Dead,LARA,LGR,LGR2,B5,B,NA,NA,na,16,29.6,27.4,NA,no,NA,NA,2022-10-17T15:15:30.000000Z,2022-10-17,Oct_2022,70,29,849,418.99555555555554,107.68,1366.9955555555555,0.07,0.029,0.41899555555555557,0.849,1.3669955555555555
37,Oct_22_37,Oct_22_37_SRS6_CWD,SRS6,10/17/22,15:27:00,15:30:00,CWD,Dead,LARA,LGR,LGR2,B5,B,NA,NA,na,18.5,30.3,27.4,NA,no,NA,NA,2022-10-17T15:27:00.000000Z,2022-10-17,Oct_2022,70,29,849,418.99555555555554,107.68,1366.9955555555555,0.07,0.029,0.41899555555555557,0.849,1.3669955555555555
38,Oct_22_38,Oct_22_38_SRS6_stem,SRS6,10/17/22,15:42:00,15:45:00,stem,Alive,LARA,LGR,LGR2,C1,C,NA,NA,0,33,28.2,27.4,NA,no,Sediment,NA,2022-10-17T15:42:00.000000Z,2022-10-17,Oct_2022,70,29,849,1064.6016666666667,213.35,2012.6016666666667,0.07,0.029,1.0646016666666667,0.849,2.012601666666667
40,Oct_22_40,Oct_22_40_SRS6_stem,SRS6,10/17/22,15:55:00,15:58:00,stem,Alive,LARA,LGR,LGR2,C1,C,NA,NA,100,26.5,28.8,27.4,NA,no,Sediment,NA,2022-10-17T15:55:00.000000Z,2022-10-17,Oct_2022,70,29,849,1064.6016666666667,213.35,2012.6016666666667,0.07,0.029,1.0646016666666667,0.849,2.012601666666667
41,Oct_22_41,Oct_22_41_SRS6_stem,SRS6,10/17/22,12:57:30,13:00:30,stem,Alive,AVGE,LGR,LGR2,B5,B,NA,NA,0,13.5,26.3,25.6,NA,no,Sediment,NA,2022-10-17T12:57:30.000000Z,2022-10-17,Oct_2022,70,29,849,418.99555555555554,107.68,1366.9955555555555,0.07,0.029,0.41899555555555557,0.849,1.3669955555555555
43,Oct_22_43,Oct_22_43_SRS6_stem,SRS6,10/17/22,13:12:15,13:15:15,stem,Alive,AVGE,LGR,LGR2,B5,B,NA,NA,100,13,26,25.6,NA,no,Sediment,NA,2022-10-17T13:12:15.000000Z,2022-10-17,Oct_2022,70,29,849,418.99555555555554,107.68,1366.9955555555555,0.07,0.029,0.41899555555555557,0.849,1.3669955555555555
45,Oct_22_45,Oct_22_45_SRS6_stem,SRS6,10/17/22,13:38:00,13:41:00,stem,Alive,RHMA,LGR,LGR2,C1,C,NA,NA,50,27,28.1,25.6,NA,no,Sediment,NA,2022-10-17T13:38:00.000000Z,2022-10-17,Oct_2022,70,29,849,1064.6016666666667,213.35,2012.6016666666667,0.07,0.029,1.0646016666666667,0.849,2.012601666666667
46,Oct_22_46,Oct_22_46_SRS6_stem,SRS6,10/17/22,13:43:30,13:46:30,stem,Alive,RHMA,LGR,LGR2,C1,C,NA,NA,100,26,28.1,25.6,NA,no,Sediment,NA,2022-10-17T13:43:30.000000Z,2022-10-17,Oct_2022,70,29,849,1064.6016666666667,213.35,2012.6016666666667,0.07,0.029,1.0646016666666667,0.849,2.012601666666667
47,Oct_22_47,Oct_22_47_SRS6_root,SRS6,10/17/22,14:02:00,14:05:00,root,Alive,RHMA,LGR,LGR2,A4,A,NA,NA,na,13.5,28.4,26.8,NA,yes,Sediment,NA,2022-10-17T14:02:00.000000Z,2022-10-17,Oct_2022,70,29,849,212.53666666666666,40.45,1160.5366666666666,0.07,0.029,0.21253666666666665,0.849,1.1605366666666665
48,Oct_22_48,Oct_22_48_SRS6_root,SRS6,10/17/22,13:56:00,13:59:00,root,Alive,RHMA,LGR,LGR2,A4,A,NA,NA,na,3.5,27,26.7,NA,yes,Sediment,NA,2022-10-17T13:56:00.000000Z,2022-10-17,Oct_2022,70,29,849,212.53666666666666,40.45,1160.5366666666666,0.07,0.029,0.21253666666666665,0.849,1.1605366666666665
52,Oct_22_52,Oct_22_52_SRS6_root,SRS6,10/17/22,11:52:30,11:55:30,root,Alive,AVGE,LGR,LGR2,C1,C,NA,NA,na,NA,NA,26.1,NA,no,Sediment,NA,2022-10-17T11:52:30.000000Z,2022-10-17,Oct_2022,70,29,849,1064.6016666666667,213.35,2012.6016666666667,0.07,0.029,1.0646016666666667,0.849,2.012601666666667
53,Oct_22_53,Oct_22_53_SRS6_stem,SRS6,10/17/22,12:18:15,12:21:15,stem,Alive,AVGE,LGR,LGR2,C1,C,NA,NA,0,27,25.9,25.683333333333337,NA,no,Sediment,NA,2022-10-17T12:18:15.000000Z,2022-10-17,Oct_2022,70,29,849,1064.6016666666667,213.35,2012.6016666666667,0.07,0.029,1.0646016666666667,0.849,2.012601666666667
54,Oct_22_54,Oct_22_54_SRS6_stem,SRS6,10/17/22,12:23:30,12:26:30,stem,Alive,AVGE,LGR,LGR2,C1,C,NA,NA,50,22.5,25.7,25.61388888888889,NA,no,Sediment,NA,2022-10-17T12:23:30.000000Z,2022-10-17,Oct_2022,70,29,849,1064.6016666666667,213.35,2012.6016666666667,0.07,0.029,1.0646016666666667,0.849,2.012601666666667
58,Oct_22_58,Oct_22_58_SRS6_stem,SRS6,10/17/22,14:34:35,14:37:35,stem,Alive,LARA,LGR,LGR3,A7,A,NA,NA,100,9.1,28.4,27.4,26.9,no,Sediment,NA,2022-10-17T14:34:35.000000Z,2022-10-17,Oct_2022,70,29,849,212.53666666666666,40.45,1160.5366666666666,0.07,0.029,0.21253666666666665,0.849,1.1605366666666665
59,Oct_22_59,Oct_22_59_SRS6_stem,SRS6,10/17/22,10:59:33,11:02:33,stem,Alive,RHMA,LGR,LGR3,C5,C,NA,NA,50,17.2,26.5,27.1,27.4,no,Sediment,NA,2022-10-17T10:59:33.000000Z,2022-10-17,Oct_2022,70,29,849,1064.6016666666667,213.35,2012.6016666666667,0.07,0.029,1.0646016666666667,0.849,2.012601666666667
61,Oct_22_61,Oct_22_61_SRS6_stem,SRS6,10/17/22,11:09:35,11:12:35,stem,Alive,RHMA,LGR,LGR3,C5,C,NA,NA,0,16.1,27.1,27.1,27.4,no,Sediment,NA,2022-10-17T11:09:35.000000Z,2022-10-17,Oct_2022,70,29,849,1064.6016666666667,213.35,2012.6016666666667,0.07,0.029,1.0646016666666667,0.849,2.012601666666667
66,Oct_22_66,Oct_22_66_SRS6_root,SRS6,10/17/22,12:42:44,12:45:45,root,Alive,RHMA,LGR,LGR3,A6,A,NA,NA,na,5.9,27,25.6,26.8,no,Sediment,NA,2022-10-17T12:42:44.000000Z,2022-10-17,Oct_2022,70,29,849,212.53666666666666,40.45,1160.5366666666666,0.07,0.029,0.21253666666666665,0.849,1.1605366666666665
65,Oct_22_65,Oct_22_65_SRS6_stem,SRS6,10/17/22,12:29:31,12:32:32,stem,Alive,RHMA,LGR,LGR3,B4,B,NA,NA,100,12.1,26,25.6,26.8,no,Sediment,NA,2022-10-17T12:29:31.000000Z,2022-10-17,Oct_2022,70,29,849,418.99555555555554,107.68,1366.9955555555555,0.07,0.029,0.41899555555555557,0.849,1.3669955555555555
56,Oct_22_56,Oct_22_56_SRS6_stem,SRS6,10/17/22,14:20:42,14:23:44,stem,Alive,LARA,LGR,LGR3,B4,B,NA,NA,0,10.1,17.4,27.4,26.9,no,Sediment,NA,2022-10-17T14:20:42.000000Z,2022-10-17,Oct_2022,70,29,849,418.99555555555554,107.68,1366.9955555555555,0.07,0.029,0.41899555555555557,0.849,1.3669955555555555
64,Oct_22_64,Oct_22_64_SRS6_stem,SRS6,10/17/22,12:21:04,12:24:10,stem,Alive,RHMA,LGR,LGR3,B4,B,NA,NA,50,12.3,26.2,25.6,26.8,no,Sediment,NA,2022-10-17T12:21:04.000000Z,2022-10-17,Oct_2022,70,29,849,418.99555555555554,107.68,1366.9955555555555,0.07,0.029,0.41899555555555557,0.849,1.3669955555555555
62,Oct_22_62,Oct_22_62_SRS6_root,SRS6,10/17/22,11:27:15,11:30:30,root,Alive,RHMA,LGR,LGR3,A5,A,NA,NA,na,6,27,27.1,27.4,no,Sediment,NA,2022-10-17T11:27:15.000000Z,2022-10-17,Oct_2022,70,29,849,212.53666666666666,40.45,1160.5366666666666,0.07,0.029,0.21253666666666665,0.849,1.1605366666666665
60,Oct_22_60,Oct_22_60_SRS6_stem,SRS6,10/17/22,11:19:05,11:22:35,stem,Alive,RHMA,LGR,LGR3,B5,B,NA,NA,100,17.7,26.8,27.1,27.4,no,Sediment,NA,2022-10-17T11:19:05.000000Z,2022-10-17,Oct_2022,70,29,849,418.99555555555554,107.68,1366.9955555555555,0.07,0.029,0.41899555555555557,0.849,1.3669955555555555
57,Oct_22_57,Oct_22_57_SRS6_stem,SRS6,10/17/22,14:27:08,14:30:40,stem,Alive,LARA,LGR,LGR3,B4,B,NA,NA,50,11.2,27.3,27.4,26.9,no,Sediment,NA,2022-10-17T14:27:08.000000Z,2022-10-17,Oct_2022,70,29,849,418.99555555555554,107.68,1366.9955555555555,0.07,0.029,0.41899555555555557,0.849,1.3669955555555555
31,Oct_22_31,Oct_22_31_SRS6_stem,SRS6,10/17/22,14:13:00,14:17:00,stem,Dead,RHMA,LGR,LGR2,A4,A,NA,NA,0,NA,NA,27.0125,NA,no,Sediment,NA,2022-10-17T14:13:00.000000Z,2022-10-17,Oct_2022,70,29,849,212.53666666666666,40.45,1160.5366666666666,0.07,0.029,0.21253666666666665,0.849,1.1605366666666665
39,Oct_22_39,Oct_22_39_SRS6_stem,SRS6,10/17/22,15:49:00,15:53:00,stem,Alive,LARA,LGR,LGR2,C1,C,NA,NA,50,28,28.4,27.4,NA,no,Sediment,NA,2022-10-17T15:49:00.000000Z,2022-10-17,Oct_2022,70,29,849,1064.6016666666667,213.35,2012.6016666666667,0.07,0.029,1.0646016666666667,0.849,2.012601666666667
44,Oct_22_44,Oct_22_44_SRS6_stem,SRS6,10/17/22,13:24:00,13:28:00,stem,Alive,RHMA,LGR,LGR2,C1,C,NA,NA,0,33,28.2,25.6,NA,no,Sediment,NA,2022-10-17T13:24:00.000000Z,2022-10-17,Oct_2022,70,29,849,1064.6016666666667,213.35,2012.6016666666667,0.07,0.029,1.0646016666666667,0.849,2.012601666666667
34,Oct_22_34,Oct_22_34_SRS6_root,SRS6,10/17/22,14:35:00,14:39:00,root,Dead,RHMA,LGR,LGR2,A4,A,NA,NA,na,NA,NA,27.335416666666667,NA,no,Sediment,NA,2022-10-17T14:35:00.000000Z,2022-10-17,Oct_2022,70,29,849,212.53666666666666,40.45,1160.5366666666666,0.07,0.029,0.21253666666666665,0.849,1.1605366666666665
42,Oct_22_42,Oct_22_42_SRS6_stem,SRS6,10/17/22,13:05:00,13:09:00,stem,Alive,AVGE,LGR,LGR2,B5,B,NA,NA,50,13,25.9,25.6,NA,no,Sediment,NA,2022-10-17T13:05:00.000000Z,2022-10-17,Oct_2022,70,29,849,418.99555555555554,107.68,1366.9955555555555,0.07,0.029,0.41899555555555557,0.849,1.3669955555555555
49,Oct_22_49,Oct_22_49_SRS6_stem,SRS6,10/17/22,11:06:00,11:11:00,stem,Alive,AVGE,LGR,LGR2,C1,C,NA,NA,0,25.5,26.5,27.1,NA,no,Sediment,NA,2022-10-17T11:06:00.000000Z,2022-10-17,Oct_2022,70,29,849,1064.6016666666667,213.35,2012.6016666666667,0.07,0.029,1.0646016666666667,0.849,2.012601666666667
51,Oct_22_51,Oct_22_51_SRS6_stem,SRS6,10/17/22,11:42:00,11:47:00,stem,Alive,AVGE,LGR,LGR2,C1,C,NA,NA,100,23,25.9,26.76666666666667,NA,no,Sediment,NA,2022-10-17T11:42:00.000000Z,2022-10-17,Oct_2022,70,29,849,1064.6016666666667,213.35,2012.6016666666667,0.07,0.029,1.0646016666666667,0.849,2.012601666666667
50,Oct_22_50,Oct_22_50_SRS6_stem,SRS6,10/17/22,11:13:00,11:22:00,stem,Alive,AVGE,LGR,LGR2,C1,C,NA,NA,50,22.5,26,27.044444444444444,NA,no,Sediment,NA,2022-10-17T11:13:00.000000Z,2022-10-17,Oct_2022,70,29,849,1064.6016666666667,213.35,2012.6016666666667,0.07,0.029,1.0646016666666667,0.849,2.012601666666667
99,Oct_22_99,Oct_22_99_FLM30_root,FLM30,10/18/22,14:27:08,14:30:05,root,Dead,RHMA,LGR,LGR3,A5,A,NA,NA,na,7.2,30.9,29.9,NA,no,Water,13,2022-10-18T14:27:08.000000Z,2022-10-18,Oct_2022,70,29,849,212.53666666666666,40.45,1160.5366666666666,0.07,0.029,0.21253666666666665,0.849,1.1605366666666665
80,Oct_22_80,Oct_22_80_FLM30_stem,FLM30,10/18/22,15:22:55,15:25:55,stem,Dead,RHMA,LGR,LGR2,A4,A,NA,NA,-50,9,30.3,30.8,31.1,no,Water,18,2022-10-18T15:22:55.000000Z,2022-10-18,Oct_2022,70,29,849,212.53666666666666,40.45,1160.5366666666666,0.07,0.029,0.21253666666666665,0.849,1.1605366666666665
84,Oct_22_84,Oct_22_84_FLM30_stem,FLM30,10/18/22,11:09:10,11:12:10,stem,Dead,AVGE,LGR,LGR3,B4,B,NA,NA,0,36.7,28.5,25.9,NA,no,Water,10,2022-10-18T11:09:10.000000Z,2022-10-18,Oct_2022,70,29,849,418.99555555555554,107.68,1366.9955555555555,0.07,0.029,0.41899555555555557,0.849,1.3669955555555555
86,Oct_22_86,Oct_22_86_FLM30_stem,FLM30,10/18/22,11:32:00,11:35:00,stem,Dead,AVGE,LGR,LGR3,B4,B,NA,NA,100,22.6,32,25.9,NA,no,Water,10,2022-10-18T11:32:00.000000Z,2022-10-18,Oct_2022,70,29,849,418.99555555555554,107.68,1366.9955555555555,0.07,0.029,0.41899555555555557,0.849,1.3669955555555555
87,Oct_22_87,Oct_22_87_FLM30_stem,FLM30,10/18/22,11:48:10,11:51:10,stem,Dead,AVGE,LGR,LGR3,B4,B,NA,NA,0,11,32,29.2,NA,no,Water,10,2022-10-18T11:48:10.000000Z,2022-10-18,Oct_2022,70,29,849,418.99555555555554,107.68,1366.9955555555555,0.07,0.029,0.41899555555555557,0.849,1.3669955555555555
91,Oct_22_91,Oct_22_91_FLM30_stem,FLM30,10/18/22,12:33:50,12:36:50,stem,Dead,AVGE,LGR,LGR3,B4,B,NA,NA,50,13.9,30.4,27.6,NA,no,Water,10,2022-10-18T12:33:50.000000Z,2022-10-18,Oct_2022,70,29,849,418.99555555555554,107.68,1366.9955555555555,0.07,0.029,0.41899555555555557,0.849,1.3669955555555555
92,Oct_22_92,Oct_22_92_FLM30_stem,FLM30,10/18/22,12:57:40,13:00:40,stem,Dead,AVGE,LGR,LGR3,B4,B,NA,NA,100,13.5,31.4,27.6,NA,no,Water,10,2022-10-18T12:57:40.000000Z,2022-10-18,Oct_2022,70,29,849,418.99555555555554,107.68,1366.9955555555555,0.07,0.029,0.41899555555555557,0.849,1.3669955555555555
94,Oct_22_94,Oct_22_94_FLM30_stem,FLM30,10/18/22,13:17:30,13:20:30,stem,Dead,AVGE,LGR,LGR3,C1,C,NA,NA,0,19.8,30.6,30.3,NA,no,Water,13,2022-10-18T13:17:30.000000Z,2022-10-18,Oct_2022,70,29,849,1064.6016666666667,213.35,2012.6016666666667,0.07,0.029,1.0646016666666667,0.849,2.012601666666667
98,Oct_22_98,Oct_22_98_FLM30_stem,FLM30,10/18/22,14:16:00,14:19:00,stem,Dead,RHMA,LGR,LGR3,B4,B,NA,NA,50,10.5,30.8,29.9,NA,no,Water,13,2022-10-18T14:16:00.000000Z,2022-10-18,Oct_2022,70,29,849,418.99555555555554,107.68,1366.9955555555555,0.07,0.029,0.41899555555555557,0.849,1.3669955555555555
100,Oct_22_100,Oct_22_100_FLM30_root,FLM30,10/18/22,14:33:00,14:36:00,root,Dead,RHMA,LGR,LGR3,A6,A,NA,NA,na,4,30.9,29.9,NA,no,Water,13,2022-10-18T14:33:00.000000Z,2022-10-18,Oct_2022,70,29,849,212.53666666666666,40.45,1160.5366666666666,0.07,0.029,0.21253666666666665,0.849,1.1605366666666665
101,Oct_22_101,Oct_22_101_FLM30_stem,FLM30,10/18/22,14:52:10,14:55:10,stem,Dead,AVGE,LGR,LGR3,B4,B,NA,NA,0,11.3,31.6,29.7,NA,no,Water,21,2022-10-18T14:52:10.000000Z,2022-10-18,Oct_2022,70,29,849,418.99555555555554,107.68,1366.9955555555555,0.07,0.029,0.41899555555555557,0.849,1.3669955555555555
103,Oct_22_103,Oct_22_103_FLM30_stem,FLM30,10/18/22,15:12:15,15:15:15,stem,Dead,AVGE,LGR,LGR3,B4,B,NA,NA,100,9.9,30.5,29.7,NA,no,Water,21,2022-10-18T15:12:15.000000Z,2022-10-18,Oct_2022,70,29,849,418.99555555555554,107.68,1366.9955555555555,0.07,0.029,0.41899555555555557,0.849,1.3669955555555555
85,Oct_22_85,Oct_22_85_FLM30_stem,FLM30,10/18/22,11:19:35,11:22:35,stem,Dead,AVGE,LGR,LGR3,B4,B,NA,NA,50,36.7,30.2,25.9,NA,no,Water,10,2022-10-18T11:19:35.000000Z,2022-10-18,Oct_2022,70,29,849,418.99555555555554,107.68,1366.9955555555555,0.07,0.029,0.41899555555555557,0.849,1.3669955555555555
79,Oct_22_79,Oct_22_79_FLM30_stem,FLM30,10/18/22,14:31:14,14:34:15,stem,Dead,AVGE,LGR,LGR2,A4,A,NA,NA,100,9.5,30.7,27.4,31.1,no,Water,18,2022-10-18T14:31:14.000000Z,2022-10-18,Oct_2022,70,29,849,212.53666666666666,40.45,1160.5366666666666,0.07,0.029,0.21253666666666665,0.849,1.1605366666666665
102,Oct_22_102,Oct_22_102_FLM30_stem,FLM30,10/18/22,15:01:30,15:04:31,stem,Dead,AVGE,LGR,LGR3,B4,B,NA,NA,50,11.3,30.3,29.7,NA,no,Water,21,2022-10-18T15:01:30.000000Z,2022-10-18,Oct_2022,70,29,849,418.99555555555554,107.68,1366.9955555555555,0.07,0.029,0.41899555555555557,0.849,1.3669955555555555
104,Oct_22_104,Oct_22_104_FLM30_stem,FLM30,10/18/22,15:26:56,15:30:07,stem,Dead,AVGE,LGR,LGR3,B4,B,NA,NA,0,14.6,29.4,28.8,NA,no,Water,12,2022-10-18T15:26:56.000000Z,2022-10-18,Oct_2022,70,29,849,418.99555555555554,107.68,1366.9955555555555,0.07,0.029,0.41899555555555557,0.849,1.3669955555555555
95,Oct_22_95,Oct_22_95_FLM30_stem,FLM30,10/18/22,13:26:34,13:29:50,stem,Dead,AVGE,LGR,LGR3,C1,C,NA,NA,50,19.7,31.7,30.3,NA,no,Water,13,2022-10-18T13:26:34.000000Z,2022-10-18,Oct_2022,70,29,849,1064.6016666666667,213.35,2012.6016666666667,0.07,0.029,1.0646016666666667,0.849,2.012601666666667
96,Oct_22_96,Oct_22_96_FLM30_stem,FLM30,10/18/22,13:37:42,13:41:02,stem,Dead,AVGE,LGR,LGR3,B4,B,NA,NA,100,17.5,31.9,30.3,NA,no,Water,13,2022-10-18T13:37:42.000000Z,2022-10-18,Oct_2022,70,29,849,418.99555555555554,107.68,1366.9955555555555,0.07,0.029,0.41899555555555557,0.849,1.3669955555555555
82,Oct_22_82,Oct_22_82_FLM30_stem,FLM30,10/18/22,16:02:21,16:05:44,stem,Dead,RHMA,LGR,LGR2,A4,A,NA,NA,0,11,30.5,30.8,31.1,no,Water,18,2022-10-18T16:02:21.000000Z,2022-10-18,Oct_2022,70,29,849,212.53666666666666,40.45,1160.5366666666666,0.07,0.029,0.21253666666666665,0.849,1.1605366666666665
83,Oct_22_83,Oct_22_83_FLM30_stem,FLM30,10/18/22,16:16:59,16:20:23,stem,Dead,RHMA,LGR,LGR2,B3,B,NA,NA,50,10.5,30.5,30.8,31.1,no,Water,18,2022-10-18T16:16:59.000000Z,2022-10-18,Oct_2022,70,29,849,418.99555555555554,107.68,1366.9955555555555,0.07,0.029,0.41899555555555557,0.849,1.3669955555555555
78,Oct_22_78,Oct_22_78_FLM30_stem,FLM30,10/18/22,14:22:36,14:26:02,stem,Dead,AVGE,LGR,LGR2,A4,A,NA,NA,50,10.3,30.7,27.4,31.1,no,Water,18,2022-10-18T14:22:36.000000Z,2022-10-18,Oct_2022,70,29,849,212.53666666666666,40.45,1160.5366666666666,0.07,0.029,0.21253666666666665,0.849,1.1605366666666665
90,Oct_22_90,Oct_22_90_FLM30_stem,FLM30,10/18/22,12:24:20,12:27:46,stem,Dead,AVGE,LGR,LGR3,C1,C,NA,NA,0,16.3,31.2,27.6,NA,no,Water,10,2022-10-18T12:24:20.000000Z,2022-10-18,Oct_2022,70,29,849,1064.6016666666667,213.35,2012.6016666666667,0.07,0.029,1.0646016666666667,0.849,2.012601666666667
81,Oct_22_81,Oct_22_81_FLM30_root,FLM30,10/18/22,15:39:32,15:43:00,root,Dead,RHMA,LGR,LGR2,A4,A,NA,NA,na,4.7,30.6,30.8,31.1,no,Water,18,2022-10-18T15:39:32.000000Z,2022-10-18,Oct_2022,70,29,849,212.53666666666666,40.45,1160.5366666666666,0.07,0.029,0.21253666666666665,0.849,1.1605366666666665
71,Oct_22_71,Oct_22_71_FLM30_stem,FLM30,10/18/22,12:48:40,12:52:22,stem,Dead,AVGE,LGR,LGR2,A4,A,NA,NA,50,8.6,32.2,30.8,30.5,no,Water,31,2022-10-18T12:48:40.000000Z,2022-10-18,Oct_2022,70,29,849,212.53666666666666,40.45,1160.5366666666666,0.07,0.029,0.21253666666666665,0.849,1.1605366666666665
97,Oct_22_97,Oct_22_97_FLM30_stem,FLM30,10/18/22,13:49:26,13:53:10,stem,Dead,RHMA,LGR,LGR3,B4,B,NA,NA,0,11,31,29.9,NA,no,Water,13,2022-10-18T13:49:26.000000Z,2022-10-18,Oct_2022,70,29,849,418.99555555555554,107.68,1366.9955555555555,0.07,0.029,0.41899555555555557,0.849,1.3669955555555555
73,Oct_22_73,Oct_22_73_FLM30_stem,FLM30,10/18/22,13:15:12,13:18:57,stem,Dead,AVGE,LGR,LGR2,A4,A,NA,NA,0,15,29.6,31.4,30.8,no,Water,12,2022-10-18T13:15:12.000000Z,2022-10-18,Oct_2022,70,29,849,212.53666666666666,40.45,1160.5366666666666,0.07,0.029,0.21253666666666665,0.849,1.1605366666666665
77,Oct_22_77,Oct_22_77_FLM30_stem,FLM30,10/18/22,14:10:01,14:13:50,stem,Dead,AVGE,LGR,LGR2,A4,A,NA,NA,0,10.4,30.7,27.4,31.1,no,Water,18,2022-10-18T14:10:01.000000Z,2022-10-18,Oct_2022,70,29,849,212.53666666666666,40.45,1160.5366666666666,0.07,0.029,0.21253666666666665,0.849,1.1605366666666665
68,Oct_22_68,Oct_22_68_FLM30_stem,FLM30,10/18/22,12:10:14,12:14:05,stem,Dead,AVGE,LGR,LGR2,A4,A,NA,NA,50,9.5,32.2,25.8,29.8,no,Water,15,2022-10-18T12:10:14.000000Z,2022-10-18,Oct_2022,70,29,849,212.53666666666666,40.45,1160.5366666666666,0.07,0.029,0.21253666666666665,0.849,1.1605366666666665
106,Oct_22_106,Oct_22_106_FLM30_stem,FLM30,10/18/22,15:52:25,15:56:23,stem,Dead,AVGE,LGR,LGR3,B4,B,NA,NA,100,10.9,31,28.8,NA,no,Water,12,2022-10-18T15:52:25.000000Z,2022-10-18,Oct_2022,70,29,849,418.99555555555554,107.68,1366.9955555555555,0.07,0.029,0.41899555555555557,0.849,1.3669955555555555
76,Oct_22_76,Oct_22_76_FLM30_stem,FLM30,10/18/22,13:54:20,13:58:20,stem,Dead,AVGE,LGR,LGR2,B3,B,NA,NA,100,12,31.2,31.4,30.8,no,Water,12,2022-10-18T13:54:20.000000Z,2022-10-18,Oct_2022,70,29,849,418.99555555555554,107.68,1366.9955555555555,0.07,0.029,0.41899555555555557,0.849,1.3669955555555555
69,Oct_22_69,Oct_22_69_FLM30_stem,FLM30,10/18/22,12:24:46,12:28:49,stem,Dead,AVGE,LGR,LGR2,A4,A,NA,NA,100,9.2,31.8,25.7,29.8,no,Water,15,2022-10-18T12:24:46.000000Z,2022-10-18,Oct_2022,70,29,849,212.53666666666666,40.45,1160.5366666666666,0.07,0.029,0.21253666666666665,0.849,1.1605366666666665
70,Oct_22_70,Oct_22_70_FLM30_stem,FLM30,10/18/22,12:38:09,12:42:39,stem,Dead,AVGE,LGR,LGR2,A4,A,NA,NA,0,9.3,32.1,30.6,30.2,no,Water,31,2022-10-18T12:38:09.000000Z,2022-10-18,Oct_2022,70,29,849,212.53666666666666,40.45,1160.5366666666666,0.07,0.029,0.21253666666666665,0.849,1.1605366666666665
72,Oct_22_72,Oct_22_72_FLM30_stem,FLM30,10/18/22,12:57:24,13:02:35,stem,Dead,AVGE,LGR,LGR2,A4,A,NA,NA,100,8.8,31.9,31.2,30.5,no,Water,31,2022-10-18T12:57:24.000000Z,2022-10-18,Oct_2022,70,29,849,212.53666666666666,40.45,1160.5366666666666,0.07,0.029,0.21253666666666665,0.849,1.1605366666666665
74,Oct_22_74,Oct_22_74_FLM30_stem,FLM30,10/18/22,13:30:00,13:35:20,stem,Dead,AVGE,LGR,LGR2,B3,B,NA,NA,0,15,29.6,31.4,30.8,no,Water,12,2022-10-18T13:30:00.000000Z,2022-10-18,Oct_2022,70,29,849,418.99555555555554,107.68,1366.9955555555555,0.07,0.029,0.41899555555555557,0.849,1.3669955555555555
67,Oct_22_67,Oct_22_67_FLM30_stem,FLM30,10/18/22,11:57:48,12:03:54,stem,Dead,AVGE,LGR,LGR2,A4,A,NA,NA,0,10.5,31.8,26.4,29.8,no,Water,15,2022-10-18T11:57:48.000000Z,2022-10-18,Oct_2022,70,29,849,212.53666666666666,40.45,1160.5366666666666,0.07,0.029,0.21253666666666665,0.849,1.1605366666666665
75,Oct_22_75,Oct_22_75_FLM30_stem,FLM30,10/18/22,13:41:37,13:50:46,stem,Dead,AVGE,LGR,LGR2,B3,B,NA,NA,50,12.2,30.3,31.4,30.8,no,Water,12,2022-10-18T13:41:37.000000Z,2022-10-18,Oct_2022,70,29,849,418.99555555555554,107.68,1366.9955555555555,0.07,0.029,0.41899555555555557,0.849,1.3669955555555555
93,Oct_22_93,Oct_22_93_FLM30_stem,FLM30,10/18/22,13:07:10,13:17:30,stem,Dead,AVGE,LGR,LGR3,B4,B,NA,NA,50,13.9,30.4,27.6,NA,no,Water,10,2022-10-18T13:07:10.000000Z,2022-10-18,Oct_2022,70,29,849,418.99555555555554,107.68,1366.9955555555555,0.07,0.029,0.41899555555555557,0.849,1.3669955555555555
105,Oct_22_105,Oct_22_105_FLM30_stem,FLM30,10/18/22,15:36:27,15:49:57,stem,Dead,AVGE,LGR,LGR3,B4,B,NA,NA,50,10.4,30.8,28.8,NA,no,Water,12,2022-10-18T15:36:27.000000Z,2022-10-18,Oct_2022,70,29,849,418.99555555555554,107.68,1366.9955555555555,0.07,0.029,0.41899555555555557,0.849,1.3669955555555555
88,Oct_22_88,Oct_22_88_FLM30_stem,FLM30,10/18/22,11:58:25,12:21:25,stem,Dead,AVGE,LGR,LGR3,B4,B,NA,NA,50,11.2,31,29.2,NA,no,Water,10,2022-10-18T11:58:25.000000Z,2022-10-18,Oct_2022,70,29,849,418.99555555555554,107.68,1366.9955555555555,0.07,0.029,0.41899555555555557,0.849,1.3669955555555555
133,Oct_22_133,Oct_22_133_SRS5_CWD,SRS5,10/19/22,16:37:25,16:39:00,CWD,Dead,NA,LGR,LGR2,B6,B,NA,NA,na,NA,NA,16.1,NA,no,Sediment,NA,2022-10-19T16:37:25.000000Z,2022-10-19,Oct_2022,70,29,849,418.99555555555554,107.68,1366.9955555555555,0.07,0.029,0.41899555555555557,0.849,1.3669955555555555
132,Oct_22_132,Oct_22_132_SRS5_CWD,SRS5,10/19/22,16:27:12,16:29:00,CWD,Dead,NA,LGR,LGR2,B6,B,NA,NA,na,NA,NA,16.1,NA,no,Sediment,NA,2022-10-19T16:27:12.000000Z,2022-10-19,Oct_2022,70,29,849,418.99555555555554,107.68,1366.9955555555555,0.07,0.029,0.41899555555555557,0.849,1.3669955555555555
111,Oct_22_111,Oct_22_111_SRS5_root,SRS5,10/19/22,14:01:26,14:04:15,root,Alive,RHMA,LGR,LGR3,A3,A,NA,NA,na,4.6,19.4,15.4,25.6,no,Sediment,NA,2022-10-19T14:01:26.000000Z,2022-10-19,Oct_2022,70,29,849,212.53666666666666,40.45,1160.5366666666666,0.07,0.029,0.21253666666666665,0.849,1.1605366666666665
108,Oct_22_108,Oct_22_108_SRS5_stem,SRS5,10/19/22,13:29:00,13:32:00,stem,Alive,RHMA,LGR,LGR3,B5,B,NA,NA,50,10.8,20.1,15.4,25.6,no,Sediment,NA,2022-10-19T13:29:00.000000Z,2022-10-19,Oct_2022,70,29,849,418.99555555555554,107.68,1366.9955555555555,0.07,0.029,0.41899555555555557,0.849,1.3669955555555555
110,Oct_22_110,Oct_22_110_SRS5_root,SRS5,10/19/22,13:52:30,13:55:30,root,Alive,RHMA,LGR,LGR3,A2,A,NA,NA,na,6.2,18.9,15.4,25.6,no,Sediment,NA,2022-10-19T13:52:30.000000Z,2022-10-19,Oct_2022,70,29,849,212.53666666666666,40.45,1160.5366666666666,0.07,0.029,0.21253666666666665,0.849,1.1605366666666665
112,Oct_22_112,Oct_22_112_SRS5_root,SRS5,10/19/22,14:16:01,14:19:01,root,Alive,RHMA,LGR,LGR3,A3,A,NA,NA,na,5.3,18,15.4,25.6,no,Sediment,NA,2022-10-19T14:16:01.000000Z,2022-10-19,Oct_2022,70,29,849,212.53666666666666,40.45,1160.5366666666666,0.07,0.029,0.21253666666666665,0.849,1.1605366666666665
116,Oct_22_116,Oct_22_116_SRS5_stem,SRS5,10/19/22,12:08:05,12:11:05,stem,Dead,RHMA,LGR,LGR2,C4,C,NA,NA,0,19.2,21.6,18.3,26.1,no,Water,20,2022-10-19T12:08:05.000000Z,2022-10-19,Oct_2022,70,29,849,1064.6016666666667,213.35,2012.6016666666667,0.07,0.029,1.0646016666666667,0.849,2.012601666666667
117,Oct_22_117,Oct_22_117_SRS5_stem,SRS5,10/19/22,12:16:25,12:19:25,stem,Dead,RHMA,LGR,LGR2,C4,C,NA,NA,50,15.5,21.8,18.3,26.1,no,Water,20,2022-10-19T12:16:25.000000Z,2022-10-19,Oct_2022,70,29,849,1064.6016666666667,213.35,2012.6016666666667,0.07,0.029,1.0646016666666667,0.849,2.012601666666667
120,Oct_22_120,Oct_22_120_SRS5_root,SRS5,10/19/22,13:16:13,13:19:13,root,Dead,RHMA,LGR,LGR2,A6,A,NA,NA,na,11.2,20.4,18.3,26.1,no,Water,20,2022-10-19T13:16:13.000000Z,2022-10-19,Oct_2022,70,29,849,212.53666666666666,40.45,1160.5366666666666,0.07,0.029,0.21253666666666665,0.849,1.1605366666666665
121,Oct_22_121,Oct_22_121_SRS5_stem,SRS5,10/19/22,13:41:19,13:44:19,stem,Dead,RHMA,LGR,LGR2,C4,C,NA,NA,0,14.1,19.9,15.9,26.5,no,Water,20,2022-10-19T13:41:19.000000Z,2022-10-19,Oct_2022,70,29,849,1064.6016666666667,213.35,2012.6016666666667,0.07,0.029,1.0646016666666667,0.849,2.012601666666667
125,Oct_22_125,Oct_22_125_SRS5_stem,SRS5,10/19/22,14:19:45,14:22:45,stem,Dead,RHMA,LGR,LGR2,C4,C,NA,NA,-25,14.8,18.9,15.9,26.5,no,Water,20,2022-10-19T14:19:45.000000Z,2022-10-19,Oct_2022,70,29,849,1064.6016666666667,213.35,2012.6016666666667,0.07,0.029,1.0646016666666667,0.849,2.012601666666667
128,Oct_22_128,Oct_22_128_SRS5_stem,SRS5,10/19/22,15:32:38,15:35:38,stem,Alive,RHMA,LGR,LGR2,B6,B,NA,NA,50,16.8,18.9,16.1,26.3,no,Water,20,2022-10-19T15:32:38.000000Z,2022-10-19,Oct_2022,70,29,849,418.99555555555554,107.68,1366.9955555555555,0.07,0.029,0.41899555555555557,0.849,1.3669955555555555
129,Oct_22_129,Oct_22_129_SRS5_stem,SRS5,10/19/22,15:39:20,15:42:20,stem,Alive,RHMA,LGR,LGR2,B6,B,NA,NA,100,16.3,18.3,16.1,26.3,no,Water,20,2022-10-19T15:39:20.000000Z,2022-10-19,Oct_2022,70,29,849,418.99555555555554,107.68,1366.9955555555555,0.07,0.029,0.41899555555555557,0.849,1.3669955555555555
114,Oct_22_114,Oct_22_114_SRS5_stem,SRS5,10/19/22,14:45:58,14:49:00,stem,Alive,AVGE,LGR,LGR3,B5,B,NA,NA,50,10.3,19.9,18,25,no,Sediment,NA,2022-10-19T14:45:58.000000Z,2022-10-19,Oct_2022,70,29,849,418.99555555555554,107.68,1366.9955555555555,0.07,0.029,0.41899555555555557,0.849,1.3669955555555555
118,Oct_22_118,Oct_22_118_SRS5_stem,SRS5,10/19/22,12:26:13,12:29:25,stem,Dead,RHMA,LGR,LGR2,C4,C,NA,NA,100,15,21.7,18.3,26.1,no,Water,20,2022-10-19T12:26:13.000000Z,2022-10-19,Oct_2022,70,29,849,1064.6016666666667,213.35,2012.6016666666667,0.07,0.029,1.0646016666666667,0.849,2.012601666666667
130,Oct_22_130,Oct_22_130_SRS5_stem,SRS5,10/19/22,15:16:50,15:20:05,stem,Alive,RHMA,LGR,LGR2,B6,B,NA,NA,-50,26.2,19.5,16.1,26.3,no,Water,20,2022-10-19T15:16:50.000000Z,2022-10-19,Oct_2022,70,29,849,418.99555555555554,107.68,1366.9955555555555,0.07,0.029,0.41899555555555557,0.849,1.3669955555555555
115,Oct_22_115,Oct_22_115_SRS5_stem,SRS5,10/19/22,14:55:01,14:58:17,stem,Alive,AVGE,LGR,LGR3,B5,B,NA,NA,100,9.9,19.9,18,25,no,Sediment,NA,2022-10-19T14:55:01.000000Z,2022-10-19,Oct_2022,70,29,849,418.99555555555554,107.68,1366.9955555555555,0.07,0.029,0.41899555555555557,0.849,1.3669955555555555
131,Oct_22_131,Oct_22_131_SRS5_root,SRS5,10/19/22,15:02:13,15:05:35,root,Alive,RHMA,LGR,LGR2,A6,A,NA,NA,na,7.2,19.1,16.1,26.3,yes,Water,20,2022-10-19T15:02:13.000000Z,2022-10-19,Oct_2022,70,29,849,212.53666666666666,40.45,1160.5366666666666,0.07,0.029,0.21253666666666665,0.849,1.1605366666666665
127,Oct_22_127,Oct_22_127_SRS5_stem,SRS5,10/19/22,15:24:30,15:28:05,stem,Alive,RHMA,LGR,LGR2,B6,B,NA,NA,0,17.5,18.9,16.1,26.3,no,Water,20,2022-10-19T15:24:30.000000Z,2022-10-19,Oct_2022,70,29,849,418.99555555555554,107.68,1366.9955555555555,0.07,0.029,0.41899555555555557,0.849,1.3669955555555555
109,Oct_22_109,Oct_22_109_SRS5_stem,SRS5,10/19/22,13:39:35,13:43:12,stem,Alive,RHMA,LGR,LGR3,B5,B,NA,NA,100,11.3,18.7,15.4,25.6,no,Sediment,NA,2022-10-19T13:39:35.000000Z,2022-10-19,Oct_2022,70,29,849,418.99555555555554,107.68,1366.9955555555555,0.07,0.029,0.41899555555555557,0.849,1.3669955555555555
113,Oct_22_113,Oct_22_113_SRS5_stem,SRS5,10/19/22,14:33:10,14:37:10,stem,Alive,AVGE,LGR,LGR3,B5,B,NA,NA,0,18.3,20.1,18,25,no,Sediment,NA,2022-10-19T14:33:10.000000Z,2022-10-19,Oct_2022,70,29,849,418.99555555555554,107.68,1366.9955555555555,0.07,0.029,0.41899555555555557,0.849,1.3669955555555555
123,Oct_22_123,Oct_22_123_SRS5_stem,SRS5,10/19/22,14:06:17,14:10:17,stem,Dead,RHMA,LGR,LGR2,C4,C,NA,NA,100,12.3,18.4,15.9,26.5,no,Water,20,2022-10-19T14:06:17.000000Z,2022-10-19,Oct_2022,70,29,849,1064.6016666666667,213.35,2012.6016666666667,0.07,0.029,1.0646016666666667,0.849,2.012601666666667
126,Oct_22_126,Oct_22_126_SRS5_root,SRS5,10/19/22,14:49:46,14:54:00,root,Alive,RHMA,LGR,LGR2,A6,A,NA,NA,na,10.1,19.1,16.1,26.3,no,Water,20,2022-10-19T14:49:46.000000Z,2022-10-19,Oct_2022,70,29,849,212.53666666666666,40.45,1160.5366666666666,0.07,0.029,0.21253666666666665,0.849,1.1605366666666665
124,Oct_22_124,Oct_22_124_SRS5_root,SRS5,10/19/22,14:33:14,14:37:53,root,Dead,RHMA,LGR,LGR2,A6,A,NA,NA,na,5.5,18.8,15.9,26.5,no,Water,20,2022-10-19T14:33:14.000000Z,2022-10-19,Oct_2022,70,29,849,212.53666666666666,40.45,1160.5366666666666,0.07,0.029,0.21253666666666665,0.849,1.1605366666666665
107,Oct_22_107,Oct_22_107_SRS5_stem,SRS5,10/19/22,13:16:53,13:21:34,stem,Alive,RHMA,LGR,LGR3,B5,B,NA,NA,0,12.5,20.4,15.4,25.6,no,Sediment,NA,2022-10-19T13:16:53.000000Z,2022-10-19,Oct_2022,70,29,849,418.99555555555554,107.68,1366.9955555555555,0.07,0.029,0.41899555555555557,0.849,1.3669955555555555
122,Oct_22_122,Oct_22_122_SRS5_stem,SRS5,10/19/22,13:54:12,13:59:30,stem,Dead,RHMA,LGR,LGR2,C4,C,NA,NA,50,13.2,18.5,15.9,26.5,no,Water,20,2022-10-19T13:54:12.000000Z,2022-10-19,Oct_2022,70,29,849,1064.6016666666667,213.35,2012.6016666666667,0.07,0.029,1.0646016666666667,0.849,2.012601666666667
119,Oct_22_119,Oct_22_119_SRS5_stem,SRS5,10/19/22,12:37:49,12:43:49,stem,Dead,RHMA,LGR,LGR2,C4,C,NA,NA,-25,21.2,22.5,18.3,26.1,no,Water,20,2022-10-19T12:37:49.000000Z,2022-10-19,Oct_2022,70,29,849,1064.6016666666667,213.35,2012.6016666666667,0.07,0.029,1.0646016666666667,0.849,2.012601666666667
135,Oct_22_135,Oct_22_135_SRS5_stem,SRS5,10/20/22,12:32:52,12:35:52,stem,Alive,RHMA,LGR,LGR2,C5,C,NA,NA,50,19.2,19.5,21,20,no,Water,3,2022-10-20T12:32:52.000000Z,2022-10-20,Oct_2022,70,29,849,1064.6016666666667,213.35,2012.6016666666667,0.07,0.029,1.0646016666666667,0.849,2.012601666666667
136,Oct_22_136,Oct_22_136_SRS5_stem,SRS5,10/20/22,12:42:10,12:45:10,stem,Alive,RHMA,LGR,LGR2,C5,C,NA,NA,100,19.1,26.8,21,20,no,Water,3,2022-10-20T12:42:10.000000Z,2022-10-20,Oct_2022,70,29,849,1064.6016666666667,213.35,2012.6016666666667,0.07,0.029,1.0646016666666667,0.849,2.012601666666667
137,Oct_22_137,Oct_22_137_SRS5_stem,SRS5,10/20/22,12:56:14,12:59:14,stem,Alive,RHMA,LGR,LGR2,C5,C,NA,NA,-50,21.4,24.3,21,20,no,Water,3,2022-10-20T12:56:14.000000Z,2022-10-20,Oct_2022,70,29,849,1064.6016666666667,213.35,2012.6016666666667,0.07,0.029,1.0646016666666667,0.849,2.012601666666667
138,Oct_22_138,Oct_22_138_SRS5_root,SRS5,10/20/22,13:20:30,13:23:30,root,Alive,RHMA,LGR,LGR2,A2,A,NA,NA,na,12.8,24.4,21,20,no,Water,3,2022-10-20T13:20:30.000000Z,2022-10-20,Oct_2022,70,29,849,212.53666666666666,40.45,1160.5366666666666,0.07,0.029,0.21253666666666665,0.849,1.1605366666666665
139,Oct_22_139,Oct_22_139_SRS5_root,SRS5,10/20/22,13:33:10,13:36:10,root,Alive,RHMA,LGR,LGR2,A2,A,NA,NA,na,12.2,23.8,21,20,no,Water,3,2022-10-20T13:33:10.000000Z,2022-10-20,Oct_2022,70,29,849,212.53666666666666,40.45,1160.5366666666666,0.07,0.029,0.21253666666666665,0.849,1.1605366666666665
140,Oct_22_140,Oct_22_140_SRS5_stem,SRS5,10/20/22,14:00:00,14:03:00,stem,Alive,AVGE,LGR,LGR2,A2,A,NA,NA,0,4.9,24.3,21.4,22.2,no,Water,3,2022-10-20T14:00:00.000000Z,2022-10-20,Oct_2022,70,29,849,212.53666666666666,40.45,1160.5366666666666,0.07,0.029,0.21253666666666665,0.849,1.1605366666666665
141,Oct_22_141,Oct_22_141_SRS5_stem,SRS5,10/20/22,14:09:50,14:12:50,stem,Alive,AVGE,LGR,LGR2,A2,A,NA,NA,50,4.4,26,21.4,22.2,no,Water,3,2022-10-20T14:09:50.000000Z,2022-10-20,Oct_2022,70,29,849,212.53666666666666,40.45,1160.5366666666666,0.07,0.029,0.21253666666666665,0.849,1.1605366666666665
142,Oct_22_142,Oct_22_142_SRS5_stem,SRS5,10/20/22,14:20:00,14:23:00,stem,Alive,AVGE,LGR,LGR2,A2,A,NA,NA,100,3.8,24.6,21.4,22.2,no,Water,3,2022-10-20T14:20:00.000000Z,2022-10-20,Oct_2022,70,29,849,212.53666666666666,40.45,1160.5366666666666,0.07,0.029,0.21253666666666665,0.849,1.1605366666666665
143,Oct_22_143,Oct_22_143_SRS5_stem,SRS5,10/20/22,14:02:30,14:05:30,stem,Dead,RHMA,LGR,LGR3,B4,B,NA,NA,0,17.2,23.1,16.4,21.4,no,Sediment,NA,2022-10-20T14:02:30.000000Z,2022-10-20,Oct_2022,70,29,849,418.99555555555554,107.68,1366.9955555555555,0.07,0.029,0.41899555555555557,0.849,1.3669955555555555
144,Oct_22_144,Oct_22_144_SRS5_stem,SRS5,10/20/22,14:16:00,14:19:00,stem,Dead,RHMA,LGR,LGR3,B4,B,NA,NA,100,13,23,16.4,21.4,no,Sediment,NA,2022-10-20T14:16:00.000000Z,2022-10-20,Oct_2022,70,29,849,418.99555555555554,107.68,1366.9955555555555,0.07,0.029,0.41899555555555557,0.849,1.3669955555555555
145,Oct_22_145,Oct_22_145_SRS5_stem,SRS5,10/20/22,14:24:07,14:27:07,stem,Dead,RHMA,LGR,LGR3,B4,B,NA,NA,50,14.1,24.1,16.4,21.4,no,Sediment,NA,2022-10-20T14:24:07.000000Z,2022-10-20,Oct_2022,70,29,849,418.99555555555554,107.68,1366.9955555555555,0.07,0.029,0.41899555555555557,0.849,1.3669955555555555
150,Oct_22_150,Oct_22_150_SRS5_stem,SRS5,10/20/22,11:57:10,12:00:10,stem,Alive,RHMA,LGR,LGR3,C1,C,NA,NA,0,16.5,21.4,21.1,21.3,no,Water,3,2022-10-20T11:57:10.000000Z,2022-10-20,Oct_2022,70,29,849,1064.6016666666667,213.35,2012.6016666666667,0.07,0.029,1.0646016666666667,0.849,2.012601666666667
153,Oct_22_153,Oct_22_153_SRS5_root,SRS5,10/20/22,12:28:40,12:31:40,root,Alive,RHMA,LGR,LGR3,A4,A,NA,NA,na,10,21.8,21.1,21.3,no,Water,3,2022-10-20T12:28:40.000000Z,2022-10-20,Oct_2022,70,29,849,212.53666666666666,40.45,1160.5366666666666,0.07,0.029,0.21253666666666665,0.849,1.1605366666666665
157,Oct_22_157,Oct_22_157_SRS5_stem,SRS5,10/20/22,13:23:50,13:26:50,stem,Alive,RHMA,LGR,LGR3,B4,B,NA,NA,100,13.5,23.7,19.9,21.8,no,Water,3,2022-10-20T13:23:50.000000Z,2022-10-20,Oct_2022,70,29,849,418.99555555555554,107.68,1366.9955555555555,0.07,0.029,0.41899555555555557,0.849,1.3669955555555555
158,Oct_22_158,Oct_22_158_SRS5_root,SRS5,10/20/22,13:39:30,13:42:30,root,Alive,RHMA,LGR,LGR3,A5,A,NA,NA,na,6.2,24.9,19.9,21.8,yes,Water,3,2022-10-20T13:39:30.000000Z,2022-10-20,Oct_2022,70,29,849,212.53666666666666,40.45,1160.5366666666666,0.07,0.029,0.21253666666666665,0.849,1.1605366666666665
159,Oct_22_159,Oct_22_159_SRS5_root,SRS5,10/20/22,13:49:30,13:52:30,root,Alive,RHMA,LGR,LGR3,A4,A,NA,NA,na,6.2,24.6,19.9,21.8,yes,Water,3,2022-10-20T13:49:30.000000Z,2022-10-20,Oct_2022,70,29,849,212.53666666666666,40.45,1160.5366666666666,0.07,0.029,0.21253666666666665,0.849,1.1605366666666665
161,Oct_22_161,Oct_22_161_SRS5_stem,SRS5,10/20/22,15:41:48,15:44:48,stem,Alive,RHMA,LGR,LGR3,B4,B,NA,NA,50,14.5,23.4,18.5,22.5,no,Sediment,NA,2022-10-20T15:41:48.000000Z,2022-10-20,Oct_2022,70,29,849,418.99555555555554,107.68,1366.9955555555555,0.07,0.029,0.41899555555555557,0.849,1.3669955555555555
164,Oct_22_164,Oct_22_164_SRS5_CWD,SRS5,10/20/22,16:05:05,16:08:05,CWD,Dead,NA,LGR,LGR3,A4,A,NA,NA,na,7.8,24.4,18.5,22.5,no,NA,NA,2022-10-20T16:05:05.000000Z,2022-10-20,Oct_2022,70,29,849,212.53666666666666,40.45,1160.5366666666666,0.07,0.029,0.21253666666666665,0.849,1.1605366666666665
151,Oct_22_151,Oct_22_151_SRS5_stem,SRS5,10/20/22,12:11:10,12:14:11,stem,Alive,RHMA,LGR,LGR3,C1,C,NA,NA,50,14.9,20.8,21.1,21.3,no,Water,3,2022-10-20T12:11:10.000000Z,2022-10-20,Oct_2022,70,29,849,1064.6016666666667,213.35,2012.6016666666667,0.07,0.029,1.0646016666666667,0.849,2.012601666666667
156,Oct_22_156,Oct_22_156_SRS5_stem,SRS5,10/20/22,13:14:10,13:17:15,stem,Alive,RHMA,LGR,LGR3,C1,C,NA,NA,50,14,24.3,19.9,21.8,no,Water,3,2022-10-20T13:14:10.000000Z,2022-10-20,Oct_2022,70,29,849,1064.6016666666667,213.35,2012.6016666666667,0.07,0.029,1.0646016666666667,0.849,2.012601666666667
134,Oct_22_134,Oct_22_134_SRS5_stem,SRS5,10/20/22,12:21:41,12:24:50,stem,Alive,RHMA,LGR,LGR2,C5,C,NA,NA,0,20.1,20.4,21,20,no,Water,3,2022-10-20T12:21:41.000000Z,2022-10-20,Oct_2022,70,29,849,1064.6016666666667,213.35,2012.6016666666667,0.07,0.029,1.0646016666666667,0.849,2.012601666666667
162,Oct_22_162,Oct_22_162_SRS5_stem,SRS5,10/20/22,15:49:53,15:53:13,stem,Alive,RHMA,LGR,LGR3,B4,B,NA,NA,100,14.3,24.1,18.5,22.5,no,Sediment,NA,2022-10-20T15:49:53.000000Z,2022-10-20,Oct_2022,70,29,849,418.99555555555554,107.68,1366.9955555555555,0.07,0.029,0.41899555555555557,0.849,1.3669955555555555
148,Oct_22_148,Oct_22_148_SRS5_stem,SRS5,10/20/22,14:57:55,15:01:26,stem,Alive,AVGE,LGR,LGR3,B4,B,NA,NA,50,40.9,24.2,18.6,21.5,no,Sediment,NA,2022-10-20T14:57:55.000000Z,2022-10-20,Oct_2022,70,29,849,418.99555555555554,107.68,1366.9955555555555,0.07,0.029,0.41899555555555557,0.849,1.3669955555555555
163,Oct_22_163,Oct_22_163_SRS5_root,SRS5,10/20/22,15:57:17,16:00:50,root,Alive,RHMA,LGR,LGR3,A4,A,NA,NA,na,NA,23.9,18.5,22.5,no,Sediment,NA,2022-10-20T15:57:17.000000Z,2022-10-20,Oct_2022,70,29,849,212.53666666666666,40.45,1160.5366666666666,0.07,0.029,0.21253666666666665,0.849,1.1605366666666665
146,Oct_22_146,Oct_22_146_SRS5_root,SRS5,10/20/22,14:30:24,14:34:00,root,Dead,RHMA,LGR,LGR3,A4,A,NA,NA,na,7.1,23,16.4,21.4,no,Sediment,NA,2022-10-20T14:30:24.000000Z,2022-10-20,Oct_2022,70,29,849,212.53666666666666,40.45,1160.5366666666666,0.07,0.029,0.21253666666666665,0.849,1.1605366666666665
155,Oct_22_155,Oct_22_155_SRS5_stem,SRS5,10/20/22,13:04:09,13:08:00,stem,Alive,RHMA,LGR,LGR3,C1,C,NA,NA,0,14.5,24.1,19.9,21.8,no,Water,3,2022-10-20T13:04:09.000000Z,2022-10-20,Oct_2022,70,29,849,1064.6016666666667,213.35,2012.6016666666667,0.07,0.029,1.0646016666666667,0.849,2.012601666666667
149,Oct_22_149,Oct_22_149_SRS5_stem,SRS5,10/20/22,15:08:08,15:12:00,stem,Alive,AVGE,LGR,LGR3,B4,B,NA,NA,100,42,23.2,18.6,21.5,no,Sediment,NA,2022-10-20T15:08:08.000000Z,2022-10-20,Oct_2022,70,29,849,418.99555555555554,107.68,1366.9955555555555,0.07,0.029,0.41899555555555557,0.849,1.3669955555555555
160,Oct_22_160,Oct_22_160_SRS5_stem,SRS5,10/20/22,15:25:46,15:29:39,stem,Alive,RHMA,LGR,LGR3,C1,C,NA,NA,0,15.3,23.5,18.5,22.5,no,Sediment,NA,2022-10-20T15:25:46.000000Z,2022-10-20,Oct_2022,70,29,849,1064.6016666666667,213.35,2012.6016666666667,0.07,0.029,1.0646016666666667,0.849,2.012601666666667
147,Oct_22_147,Oct_22_147_SRS5_stem,SRS5,10/20/22,14:51:00,14:54:56,stem,Alive,AVGE,LGR,LGR3,C1,C,NA,NA,0,44.3,21.7,18.6,21.5,no,Sediment,NA,2022-10-20T14:51:00.000000Z,2022-10-20,Oct_2022,70,29,849,1064.6016666666667,213.35,2012.6016666666667,0.07,0.029,1.0646016666666667,0.849,2.012601666666667
152,Oct_22_152,Oct_22_152_SRS5_stem,SRS5,10/20/22,12:21:40,12:25:40,stem,Alive,RHMA,LGR,LGR3,B4,B,NA,NA,100,14.7,21.7,21.1,21.3,no,Water,3,2022-10-20T12:21:40.000000Z,2022-10-20,Oct_2022,70,29,849,418.99555555555554,107.68,1366.9955555555555,0.07,0.029,0.41899555555555557,0.849,1.3669955555555555
154,Oct_22_154,Oct_22_154_SRS5_root,SRS5,10/20/22,12:44:24,12:48:26,root,Alive,RHMA,LGR,LGR3,A4,A,NA,NA,na,7.2,26.1,21.1,21.3,no,Water,3,2022-10-20T12:44:24.000000Z,2022-10-20,Oct_2022,70,29,849,212.53666666666666,40.45,1160.5366666666666,0.07,0.029,0.21253666666666665,0.849,1.1605366666666665
171,Oct_22_171,Oct_22_171_SRS5_stem,SRS5,10/21/22,12:33:55,12:36:55,stem,Alive,LARA,LGR,LGR3,D1,D,NA,NA,0,31.2,22,16.8,25.7,no,Sediment,NA,2022-10-21T12:33:55.000000Z,2022-10-21,Oct_2022,70,29,849,2190.6440000000002,462.19,3138.6440000000002,0.07,0.029,2.1906440000000003,0.849,3.138644
167,Oct_22_167,Oct_22_167_SRS5_stem,SRS5,10/21/22,11:44:55,11:48:00,stem,Alive,RHMA,LGR,LGR3,B5,B,NA,NA,100,10.4,21.6,17.6,26.2,no,Sediment,NA,2022-10-21T11:44:55.000000Z,2022-10-21,Oct_2022,70,29,849,418.99555555555554,107.68,1366.9955555555555,0.07,0.029,0.41899555555555557,0.849,1.3669955555555555
169,Oct_22_169,Oct_22_169_SRS5_root,SRS5,10/21/22,11:59:16,12:02:22,root,Alive,RHMA,LGR,LGR3,A3,A,NA,NA,na,6.4,21,17.6,26.2,no,Sediment,NA,2022-10-21T11:59:16.000000Z,2022-10-21,Oct_2022,70,29,849,212.53666666666666,40.45,1160.5366666666666,0.07,0.029,0.21253666666666665,0.849,1.1605366666666665
173,Oct_22_173,Oct_22_173_SRS5_stem,SRS5,10/21/22,12:56:32,12:59:40,stem,Alive,LARA,LGR,LGR3,C1,C,NA,NA,100,28.4,21.2,16.8,25.7,no,Sediment,NA,2022-10-21T12:56:32.000000Z,2022-10-21,Oct_2022,70,29,849,1064.6016666666667,213.35,2012.6016666666667,0.07,0.029,1.0646016666666667,0.849,2.012601666666667
170,Oct_22_170,Oct_22_170_SRS5_stem,SRS5,10/21/22,12:16:19,12:19:31,stem,Alive,LARA,LGR,LGR3,C5,C,NA,NA,0,31.2,22,16.8,25.7,no,Sediment,NA,2022-10-21T12:16:19.000000Z,2022-10-21,Oct_2022,70,29,849,1064.6016666666667,213.35,2012.6016666666667,0.07,0.029,1.0646016666666667,0.849,2.012601666666667
172,Oct_22_172,Oct_22_172_SRS5_stem,SRS5,10/21/22,12:45:04,12:48:16,stem,Alive,LARA,LGR,LGR3,C1,C,NA,NA,50,29.3,21.7,16.8,25.7,no,Sediment,NA,2022-10-21T12:45:04.000000Z,2022-10-21,Oct_2022,70,29,849,1064.6016666666667,213.35,2012.6016666666667,0.07,0.029,1.0646016666666667,0.849,2.012601666666667
174,Oct_22_174,Oct_22_174_SRS5_root,SRS5,10/21/22,13:05:05,13:08:20,root,Alive,LARA,LGR,LGR3,A3,A,NA,NA,na,NA,20.2,16.8,25.7,no,Sediment,NA,2022-10-21T13:05:05.000000Z,2022-10-21,Oct_2022,70,29,849,212.53666666666666,40.45,1160.5366666666666,0.07,0.029,0.21253666666666665,0.849,1.1605366666666665
168,Oct_22_168,Oct_22_168_SRS5_root,SRS5,10/21/22,11:52:53,11:56:34,root,Alive,RHMA,LGR,LGR3,A3,A,NA,NA,na,5.9,21.3,17.6,26.2,no,Sediment,NA,2022-10-21T11:52:53.000000Z,2022-10-21,Oct_2022,70,29,849,212.53666666666666,40.45,1160.5366666666666,0.07,0.029,0.21253666666666665,0.849,1.1605366666666665
165,Oct_22_165,Oct_22_165_SRS5_stem,SRS5,10/21/22,11:22:49,11:27:09,stem,Alive,RHMA,LGR,LGR3,B5,B,NA,NA,0,12.2,21.7,17.6,26.2,no,Sediment,NA,2022-10-21T11:22:49.000000Z,2022-10-21,Oct_2022,70,29,849,418.99555555555554,107.68,1366.9955555555555,0.07,0.029,0.41899555555555557,0.849,1.3669955555555555
166,Oct_22_166,Oct_22_166_SRS5_stem,SRS5,10/21/22,11:33:05,11:37:37,stem,Alive,RHMA,LGR,LGR3,B5,B,NA,NA,50,11.4,21.8,17.6,26.2,no,Sediment,NA,2022-10-21T11:33:05.000000Z,2022-10-21,Oct_2022,70,29,849,418.99555555555554,107.68,1366.9955555555555,0.07,0.029,0.41899555555555557,0.849,1.3669955555555555
188,Oct_22_188,Oct_22_188_CP40_CWD,CP40,10/23/22,16:10:00,16:12:00,CWD,Dead,AVGE,LGR,LGR2,A4,A,NA,NA,na,14.3,31,31.2,NA,no,Water,NA,2022-10-23T16:10:00.000000Z,2022-10-23,Oct_2022,70,29,849,212.53666666666666,40.45,1160.5366666666666,0.07,0.029,0.21253666666666665,0.849,1.1605366666666665
176,Oct_22_176,Oct_22_176_CP40_stem,CP40,10/23/22,12:37:30,12:40:30,stem,Dead,AVGE,LGR,LGR2,C3,C,NA,NA,50,26.2,22.6,30.7,26.3,no,Water,10,2022-10-23T12:37:30.000000Z,2022-10-23,Oct_2022,70,29,849,1064.6016666666667,213.35,2012.6016666666667,0.07,0.029,1.0646016666666667,0.849,2.012601666666667
178,Oct_22_178,Oct_22_178_CP40_stem,CP40,10/23/22,13:28:00,13:31:00,stem,Dead,AVGE,LGR,LGR2,C3,C,NA,NA,0,NA,27.3,30.7,NA,no,Water,10,2022-10-23T13:28:00.000000Z,2022-10-23,Oct_2022,70,29,849,1064.6016666666667,213.35,2012.6016666666667,0.07,0.029,1.0646016666666667,0.849,2.012601666666667
179,Oct_22_179,Oct_22_179_CP40_stem,CP40,10/23/22,13:46:30,13:49:30,stem,Dead,AVGE,LGR,LGR2,C3,C,NA,NA,50,NA,27.6,30.7,NA,no,Water,10,2022-10-23T13:46:30.000000Z,2022-10-23,Oct_2022,70,29,849,1064.6016666666667,213.35,2012.6016666666667,0.07,0.029,1.0646016666666667,0.849,2.012601666666667
180,Oct_22_180,Oct_22_180_CP40_stem,CP40,10/23/22,14:13:00,14:16:00,stem,Dead,AVGE,LGR,LGR2,C3,C,NA,NA,100,NA,27.7,30.7,NA,no,Water,10,2022-10-23T14:13:00.000000Z,2022-10-23,Oct_2022,70,29,849,1064.6016666666667,213.35,2012.6016666666667,0.07,0.029,1.0646016666666667,0.849,2.012601666666667
181,Oct_22_181,Oct_22_181_CP40_stem,CP40,10/23/22,14:23:00,14:26:00,stem,Dead,AVGE,LGR,LGR2,C3,C,NA,NA,0,29,33.7,30.8,25.6,no,Water,10,2022-10-23T14:23:00.000000Z,2022-10-23,Oct_2022,70,29,849,1064.6016666666667,213.35,2012.6016666666667,0.07,0.029,1.0646016666666667,0.849,2.012601666666667
182,Oct_22_182,Oct_22_182_CP40_stem,CP40,10/23/22,14:38:10,14:41:10,stem,Dead,AVGE,LGR,LGR2,C3,C,NA,NA,50,24.9,NA,30.8,36,no,Water,10,2022-10-23T14:38:10.000000Z,2022-10-23,Oct_2022,70,29,849,1064.6016666666667,213.35,2012.6016666666667,0.07,0.029,1.0646016666666667,0.849,2.012601666666667
183,Oct_22_183,Oct_22_183_CP40_stem,CP40,10/23/22,14:50:00,14:53:00,stem,Dead,AVGE,LGR,LGR2,C3,C,NA,NA,100,23.5,NA,30.8,32.6,no,Water,10,2022-10-23T14:50:00.000000Z,2022-10-23,Oct_2022,70,29,849,1064.6016666666667,213.35,2012.6016666666667,0.07,0.029,1.0646016666666667,0.849,2.012601666666667
186,Oct_22_186,Oct_22_186_CP40_stem,CP40,10/23/22,15:45:00,15:48:00,stem,Dead,AVGE,LGR,LGR2,C5,C,NA,NA,100,14.9,36,31,NA,no,Water,14,2022-10-23T15:45:00.000000Z,2022-10-23,Oct_2022,70,29,849,1064.6016666666667,213.35,2012.6016666666667,0.07,0.029,1.0646016666666667,0.849,2.012601666666667
206,Oct_22_206,Oct_22_206_CP40_stem,CP40,10/23/22,12:33:32,12:36:32,stem,Dead,AVGE,LGR,LGR1,C5,C,NA,NA,100,27.9,25.7,29.7,26.3,no,Water,11,2022-10-23T12:33:32.000000Z,2022-10-23,Oct_2022,70,29,849,1064.6016666666667,213.35,2012.6016666666667,0.07,0.029,1.0646016666666667,0.849,2.012601666666667
187,Oct_22_187,Oct_22_187_CP40_CWD,CP40,10/23/22,16:05:00,16:08:00,CWD,Dead,AVGE,LGR,LGR2,A5,A,NA,NA,na,11,31.5,30,NA,no,Water,NA,2022-10-23T16:05:00.000000Z,2022-10-23,Oct_2022,70,29,849,212.53666666666666,40.45,1160.5366666666666,0.07,0.029,0.21253666666666665,0.849,1.1605366666666665
199,Oct_22_199,Oct_22_199_CP40_stem,CP40,10/23/22,15:53:41,15:56:45,stem,Dead,AVGE,LGR,LGR3,D1,D,NA,NA,50,29.1,29.1,27.4,26.1,no,Water,11,2022-10-23T15:53:41.000000Z,2022-10-23,Oct_2022,70,29,849,2190.6440000000002,462.19,3138.6440000000002,0.07,0.029,2.1906440000000003,0.849,3.138644
200,Oct_22_200,Oct_22_200_CP40_stem,CP40,10/23/22,16:06:06,16:09:10,stem,Dead,AVGE,LGR,LGR3,C5,C,NA,NA,100,31.4,31,27.7,26.1,no,Water,11,2022-10-23T16:06:06.000000Z,2022-10-23,Oct_2022,70,29,849,1064.6016666666667,213.35,2012.6016666666667,0.07,0.029,1.0646016666666667,0.849,2.012601666666667
203,Oct_22_203,Oct_22_203_CP40_stem,CP40,10/23/22,11:50:59,11:54:07,stem,Dead,AVGE,LGR,LGR1,C5,C,NA,NA,100,29.3,30.8,27.9,26.3,no,Water,11,2022-10-23T11:50:59.000000Z,2022-10-23,Oct_2022,70,29,849,1064.6016666666667,213.35,2012.6016666666667,0.07,0.029,1.0646016666666667,0.849,2.012601666666667
205,Oct_22_205,Oct_22_205_CP40_stem,CP40,10/23/22,12:18:21,12:21:39,stem,Dead,AVGE,LGR,LGR1,D2,D,NA,NA,50,31.6,25.7,29.7,26.3,no,Water,11,2022-10-23T12:18:21.000000Z,2022-10-23,Oct_2022,70,29,849,2190.6440000000002,462.19,3138.6440000000002,0.07,0.029,2.1906440000000003,0.849,3.138644
185,Oct_22_185,Oct_22_185_CP40_stem,CP40,10/23/22,15:25:30,15:28:50,stem,Dead,AVGE,LGR,LGR2,C3,C,NA,NA,50,16.7,34,31,NA,no,Water,14,2022-10-23T15:25:30.000000Z,2022-10-23,Oct_2022,70,29,849,1064.6016666666667,213.35,2012.6016666666667,0.07,0.029,1.0646016666666667,0.849,2.012601666666667
198,Oct_22_198,Oct_22_198_CP40_stem,CP40,10/23/22,15:41:13,15:44:40,stem,Dead,AVGE,LGR,LGR3,D1,D,NA,NA,0,31.9,28.5,28.4,26,no,Water,11,2022-10-23T15:41:13.000000Z,2022-10-23,Oct_2022,70,29,849,2190.6440000000002,462.19,3138.6440000000002,0.07,0.029,2.1906440000000003,0.849,3.138644
197,Oct_22_197,Oct_22_197_CP40_stem,CP40,10/23/22,15:26:00,15:29:30,stem,Dead,AVGE,LGR,LGR3,D1,D,NA,NA,100,23.7,30.9,30.9,25.8,no,Water,12,2022-10-23T15:26:00.000000Z,2022-10-23,Oct_2022,70,29,849,2190.6440000000002,462.19,3138.6440000000002,0.07,0.029,2.1906440000000003,0.849,3.138644
202,Oct_22_202,Oct_22_202_CP40_stem,CP40,10/23/22,11:34:40,11:38:33,stem,Dead,AVGE,LGR,LGR1,C5,C,NA,NA,50,33.2,27.3,27.9,26.3,no,Water,11,2022-10-23T11:34:40.000000Z,2022-10-23,Oct_2022,70,29,849,1064.6016666666667,213.35,2012.6016666666667,0.07,0.029,1.0646016666666667,0.849,2.012601666666667
175,Oct_22_175,Oct_22_175_CP40_stem,CP40,10/23/22,12:31:00,12:35:00,stem,Dead,AVGE,LGR,LGR2,C3,C,NA,NA,0,37.2,23.7,30.7,26.3,no,Water,10,2022-10-23T12:31:00.000000Z,2022-10-23,Oct_2022,70,29,849,1064.6016666666667,213.35,2012.6016666666667,0.07,0.029,1.0646016666666667,0.849,2.012601666666667
201,Oct_22_201,Oct_22_201_CP40_stem,CP40,10/23/22,11:18:47,11:23:01,stem,Dead,AVGE,LGR,LGR1,C5,C,NA,NA,0,61.2,27.3,27.9,26.3,no,Water,11,2022-10-23T11:18:47.000000Z,2022-10-23,Oct_2022,70,29,849,1064.6016666666667,213.35,2012.6016666666667,0.07,0.029,1.0646016666666667,0.849,2.012601666666667
191,Oct_22_191,Oct_22_191_CP40_stem,CP40,10/23/22,12:40:46,12:45:00,stem,Dead,NA,LGR,LGR3,A6,A,NA,NA,100,7.5,27.6,30.1,25.6,no,Water,12,2022-10-23T12:40:46.000000Z,2022-10-23,Oct_2022,70,29,849,212.53666666666666,40.45,1160.5366666666666,0.07,0.029,0.21253666666666665,0.849,1.1605366666666665
177,Oct_22_177,Oct_22_177_CP40_stem,CP40,10/23/22,12:44:30,12:49:00,stem,Dead,AVGE,LGR,LGR2,C3,C,NA,NA,100,25.3,24.8,30.7,26.3,no,Water,10,2022-10-23T12:44:30.000000Z,2022-10-23,Oct_2022,70,29,849,1064.6016666666667,213.35,2012.6016666666667,0.07,0.029,1.0646016666666667,0.849,2.012601666666667
194,Oct_22_194,Oct_22_194_CP40_stem,CP40,10/23/22,14:04:00,14:09:00,stem,Dead,AVGE,LGR,LGR3,C4,C,NA,NA,100,26.4,28.6,30.8,24.7,no,Water,12,2022-10-23T14:04:00.000000Z,2022-10-23,Oct_2022,70,29,849,1064.6016666666667,213.35,2012.6016666666667,0.07,0.029,1.0646016666666667,0.849,2.012601666666667
196,Oct_22_196,Oct_22_196_CP40_stem,CP40,10/23/22,15:06:30,15:11:30,stem,Dead,AVGE,LGR,LGR3,D1,D,NA,NA,50,30.8,29.6,29.6,24.3,no,Water,12,2022-10-23T15:06:30.000000Z,2022-10-23,Oct_2022,70,29,849,2190.6440000000002,462.19,3138.6440000000002,0.07,0.029,2.1906440000000003,0.849,3.138644
190,Oct_22_190,Oct_22_190_CP40_stem,CP40,10/23/22,12:19:00,12:24:00,stem,Dead,NA,LGR,LGR3,B3,B,NA,NA,50,8.8,28.6,29.9,NA,no,Water,12,2022-10-23T12:19:00.000000Z,2022-10-23,Oct_2022,70,29,849,418.99555555555554,107.68,1366.9955555555555,0.07,0.029,0.41899555555555557,0.849,1.3669955555555555
193,Oct_22_193,Oct_22_193_CP40_stem,CP40,10/23/22,13:42:40,13:48:30,stem,Dead,AVGE,LGR,LGR3,D1,D,NA,NA,50,30.3,28.8,29.8,24.7,no,Water,12,2022-10-23T13:42:40.000000Z,2022-10-23,Oct_2022,70,29,849,2190.6440000000002,462.19,3138.6440000000002,0.07,0.029,2.1906440000000003,0.849,3.138644
204,Oct_22_204,Oct_22_204_CP40_stem,CP40,10/23/22,12:02:20,12:08:50,stem,Dead,AVGE,LGR,LGR1,D2,D,NA,NA,0,61.2,25,29.7,26.3,no,Water,11,2022-10-23T12:02:20.000000Z,2022-10-23,Oct_2022,70,29,849,2190.6440000000002,462.19,3138.6440000000002,0.07,0.029,2.1906440000000003,0.849,3.138644
195,Oct_22_195,Oct_22_195_CP40_stem,CP40,10/23/22,14:35:00,14:42:00,stem,Dead,AVGE,LGR,LGR3,D1,D,NA,NA,0,32.2,28.7,28.7,25.2,no,Water,12,2022-10-23T14:35:00.000000Z,2022-10-23,Oct_2022,70,29,849,2190.6440000000002,462.19,3138.6440000000002,0.07,0.029,2.1906440000000003,0.849,3.138644
192,Oct_22_192,Oct_22_192_CP40_stem,CP40,10/23/22,13:20:00,13:30:00,stem,Dead,AVGE,LGR,LGR3,D1,D,NA,NA,0,43.9,27.1,28.6,24.3,no,Water,12,2022-10-23T13:20:00.000000Z,2022-10-23,Oct_2022,70,29,849,2190.6440000000002,462.19,3138.6440000000002,0.07,0.029,2.1906440000000003,0.849,3.138644
189,Oct_22_189,Oct_22_189_CP40_stem,CP40,10/23/22,11:22:58,11:39:20,stem,Dead,NA,LGR,LGR3,B3,B,NA,NA,0,9.8,25.7,28.3,25.3,no,Water,12,2022-10-23T11:22:58.000000Z,2022-10-23,Oct_2022,70,29,849,418.99555555555554,107.68,1366.9955555555555,0.07,0.029,0.41899555555555557,0.849,1.3669955555555555
184,Oct_22_184,Oct_22_184_CP40_stem,CP40,10/23/22,15:04:12,15:07:12,stem,Dead,AVGE,LGR,LGR2,C3,C,NA,NA,0,22.5,32.7,31,NA,no,Water,14,2022-10-23T15:04:12.000000Z,2022-10-23,Oct_2022,70,29,849,1064.6016666666667,213.35,2012.6016666666667,0.07,0.029,1.0646016666666667,0.849,2.012601666666667
225,Oct_22_225,Oct_22_225_CP40_CWD,CP40,10/24/22,13:24:30,13:27:00,CWD,Dead,UNKN,LGR,LGR3,A5,A,NA,NA,NA,6.3,5,29.7,NA,no,Water,NA,2022-10-24T13:24:30.000000Z,2022-10-24,Oct_2022,70,29,849,212.53666666666666,40.45,1160.5366666666666,0.07,0.029,0.21253666666666665,0.849,1.1605366666666665
210,Oct_22_210,Oct_22_210_CP40_stem,CP40,10/24/22,13:07:45,13:10:45,stem,Dead,AVGE,LGR,LGR2,C4,C,NA,NA,0,20.8,33.4,30.5,NA,no,Water,5,2022-10-24T13:07:45.000000Z,2022-10-24,Oct_2022,70,29,849,1064.6016666666667,213.35,2012.6016666666667,0.07,0.029,1.0646016666666667,0.849,2.012601666666667
212,Oct_22_212,Oct_22_212_CP40_stem,CP40,10/24/22,13:20:15,13:23:15,stem,Dead,AVGE,LGR,LGR2,C4,C,NA,NA,100,19.2,33.3,30.5,NA,no,Water,5,2022-10-24T13:20:15.000000Z,2022-10-24,Oct_2022,70,29,849,1064.6016666666667,213.35,2012.6016666666667,0.07,0.029,1.0646016666666667,0.849,2.012601666666667
216,Oct_22_216,Oct_22_216_CP40_stem,CP40,10/24/22,10:37:00,10:40:00,stem,Dead,AVGE,LGR,LGR3,C3,C,NA,NA,0,39.5,26.9,26.6,NA,no,Water,4.5,2022-10-24T10:37:00.000000Z,2022-10-24,Oct_2022,70,29,849,1064.6016666666667,213.35,2012.6016666666667,0.07,0.029,1.0646016666666667,0.849,2.012601666666667
218,Oct_22_218,Oct_22_218_CP40_stem,CP40,10/24/22,11:16:30,11:19:30,stem,Dead,AVGE,LGR,LGR3,C3,C,NA,NA,100,24.5,28.6,26.6,NA,no,Water,4.5,2022-10-24T11:16:30.000000Z,2022-10-24,Oct_2022,70,29,849,1064.6016666666667,213.35,2012.6016666666667,0.07,0.029,1.0646016666666667,0.849,2.012601666666667
219,Oct_22_219,Oct_22_219_CP40_stem,CP40,10/24/22,11:50:00,11:53:00,stem,Dead,AVGE,LGR,LGR3,C3,C,NA,NA,0,35.7,7,23.4,NA,no,Water,7,2022-10-24T11:50:00.000000Z,2022-10-24,Oct_2022,70,29,849,1064.6016666666667,213.35,2012.6016666666667,0.07,0.029,1.0646016666666667,0.849,2.012601666666667
221,Oct_22_221,Oct_22_221_CP40_stem,CP40,10/24/22,12:08:00,12:11:00,stem,Dead,AVGE,LGR,LGR3,C3,C,NA,NA,100,24.6,28.7,23.4,NA,no,Water,7,2022-10-24T12:08:00.000000Z,2022-10-24,Oct_2022,70,29,849,1064.6016666666667,213.35,2012.6016666666667,0.07,0.029,1.0646016666666667,0.849,2.012601666666667
222,Oct_22_222,Oct_22_222_CP40_stem,CP40,10/24/22,12:36:00,12:39:00,stem,Dead,AVGE,LGR,LGR3,D1,D,NA,NA,0,25.3,27.5,29.3,NA,no,Water,12.5,2022-10-24T12:36:00.000000Z,2022-10-24,Oct_2022,70,29,849,2190.6440000000002,462.19,3138.6440000000002,0.07,0.029,2.1906440000000003,0.849,3.138644
223,Oct_22_223,Oct_22_223_CP40_stem,CP40,10/24/22,12:50:00,12:53:00,stem,Dead,AVGE,LGR,LGR3,D1,D,NA,NA,50,24.5,28.2,29.3,NA,no,Water,12.5,2022-10-24T12:50:00.000000Z,2022-10-24,Oct_2022,70,29,849,2190.6440000000002,462.19,3138.6440000000002,0.07,0.029,2.1906440000000003,0.849,3.138644
224,Oct_22_224,Oct_22_224_CP40_stem,CP40,10/24/22,13:04:00,13:07:00,stem,Dead,AVGE,LGR,LGR3,C3,C,NA,NA,100,24.5,29.3,29.3,NA,no,Water,12.5,2022-10-24T13:04:00.000000Z,2022-10-24,Oct_2022,70,29,849,1064.6016666666667,213.35,2012.6016666666667,0.07,0.029,1.0646016666666667,0.849,2.012601666666667
226,Oct_22_226,Oct_22_226_CP40_CWD,CP40,10/24/22,13:29:15,13:32:15,CWD,Dead,RHMA,LGR,LGR2,B5,B,NA,NA,na,10.5,33.4,25.3,NA,no,Water,NA,2022-10-24T13:29:15.000000Z,2022-10-24,Oct_2022,70,29,849,418.99555555555554,107.68,1366.9955555555555,0.07,0.029,0.41899555555555557,0.849,1.3669955555555555
227,Oct_22_227,Oct_22_227_CP40_CWD,CP40,10/24/22,13:42:00,13:45:00,CWD,Dead,UNKN,LGR,LGR2,B5,B,NA,NA,na,9,NA,25.1,NA,no,Water,NA,2022-10-24T13:42:00.000000Z,2022-10-24,Oct_2022,70,29,849,418.99555555555554,107.68,1366.9955555555555,0.07,0.029,0.41899555555555557,0.849,1.3669955555555555
217,Oct_22_217,Oct_22_217_CP40_stem,CP40,10/24/22,11:01:00,11:04:00,stem,Dead,AVGE,LGR,LGR3,C3,C,NA,NA,50,43,27.5,26.6,NA,no,Water,4.5,2022-10-24T11:01:00.000000Z,2022-10-24,Oct_2022,70,29,849,1064.6016666666667,213.35,2012.6016666666667,0.07,0.029,1.0646016666666667,0.849,2.012601666666667
220,Oct_22_220,Oct_22_220_CP40_stem,CP40,10/24/22,11:58:30,12:01:30,stem,Dead,AVGE,LGR,LGR3,C3,C,NA,NA,50,25.5,28,23.4,NA,no,Water,7,2022-10-24T11:58:30.000000Z,2022-10-24,Oct_2022,70,29,849,1064.6016666666667,213.35,2012.6016666666667,0.07,0.029,1.0646016666666667,0.849,2.012601666666667
209,Oct_22_209,Oct_22_209_CP40_stem,CP40,10/24/22,12:45:07,12:48:10,stem,Alive,AVGE,LGR,LGR2,C4,C,NA,NA,100,15,28.6,30.8,NA,no,Water,10,2022-10-24T12:45:07.000000Z,2022-10-24,Oct_2022,70,29,849,1064.6016666666667,213.35,2012.6016666666667,0.07,0.029,1.0646016666666667,0.849,2.012601666666667
207,Oct_22_207,Oct_22_207_CP40_stem,CP40,10/24/22,12:20:51,12:23:57,stem,Alive,AVGE,LGR,LGR2,C4,C,NA,NA,0,28.7,28.2,25.5,NA,no,Water,10,2022-10-24T12:20:51.000000Z,2022-10-24,Oct_2022,70,29,849,1064.6016666666667,213.35,2012.6016666666667,0.07,0.029,1.0646016666666667,0.849,2.012601666666667
208,Oct_22_208,Oct_22_208_CP40_stem,CP40,10/24/22,12:32:34,12:35:40,stem,Alive,AVGE,LGR,LGR2,C4,C,NA,NA,50,15.7,27.9,27.6,NA,no,Water,10,2022-10-24T12:32:34.000000Z,2022-10-24,Oct_2022,70,29,849,1064.6016666666667,213.35,2012.6016666666667,0.07,0.029,1.0646016666666667,0.849,2.012601666666667
213,Oct_22_213,Oct_22_213_CP40_stem,CP40,10/24/22,11:35:09,11:38:37,stem,Dead,AVGE,LGR,LGR2,C4,C,NA,NA,0,16.8,27.7,28.6,NA,no,Water,2,2022-10-24T11:35:09.000000Z,2022-10-24,Oct_2022,70,29,849,1064.6016666666667,213.35,2012.6016666666667,0.07,0.029,1.0646016666666667,0.849,2.012601666666667
215,Oct_22_215,Oct_22_215_CP40_stem,CP40,10/24/22,12:02:30,12:06:12,stem,Dead,AVGE,LGR,LGR2,B5,B,NA,NA,100,14.8,27.6,29.1,NA,no,Water,2,2022-10-24T12:02:30.000000Z,2022-10-24,Oct_2022,70,29,849,418.99555555555554,107.68,1366.9955555555555,0.07,0.029,0.41899555555555557,0.849,1.3669955555555555
214,Oct_22_214,Oct_22_214_CP40_stem,CP40,10/24/22,11:44:37,11:50:26,stem,Dead,AVGE,LGR,LGR2,C4,C,NA,NA,50,18.4,36,29.3,NA,no,Water,2,2022-10-24T11:44:37.000000Z,2022-10-24,Oct_2022,70,29,849,1064.6016666666667,213.35,2012.6016666666667,0.07,0.029,1.0646016666666667,0.849,2.012601666666667
256,Oct_22_256,Oct_22_256_BL60_stem,BL60,10/25/22,10:46:15,10:48:00,stem,Alive,LARA,LGR,LGR1,A4,A,NA,NA,0,6.5,24.5,24.8,23.3,no,Sediment,NA,2022-10-25T10:46:15.000000Z,2022-10-25,Oct_2022,70,29,849,212.53666666666666,40.45,1160.5366666666666,0.07,0.029,0.21253666666666665,0.849,1.1605366666666665
231,Oct_22_231,Oct_22_231_BL60_stem,BL60,10/25/22,15:13:00,15:15:30,stem,Alive,LARA,LGR,LGR3,A6,A,NA,NA,0,9.3,27.4,24,24.5,no,Water,4,2022-10-25T15:13:00.000000Z,2022-10-25,Oct_2022,70,29,849,212.53666666666666,40.45,1160.5366666666666,0.07,0.029,0.21253666666666665,0.849,1.1605366666666665
228,Oct_22_228,Oct_22_228_BL60_stem,BL60,10/25/22,14:48:00,14:51:00,stem,Alive,LARA,LGR,LGR3,D4,D,NA,NA,0,9.2,27.7,23.5,24.2,no,Water,4,2022-10-25T14:48:00.000000Z,2022-10-25,Oct_2022,70,29,849,2190.6440000000002,462.19,3138.6440000000002,0.07,0.029,2.1906440000000003,0.849,3.138644
229,Oct_22_229,Oct_22_229_BL60_stem,BL60,10/25/22,14:56:00,14:59:00,stem,Alive,LARA,LGR,LGR3,A6,A,NA,NA,50,7.8,30.3,23.5,24.2,no,Water,4,2022-10-25T14:56:00.000000Z,2022-10-25,Oct_2022,70,29,849,212.53666666666666,40.45,1160.5366666666666,0.07,0.029,0.21253666666666665,0.849,1.1605366666666665
230,Oct_22_230,Oct_22_230_BL60_stem,BL60,10/25/22,15:01:30,15:04:30,stem,Alive,LARA,LGR,LGR3,A6,A,NA,NA,100,6.9,31.4,23.5,24.2,no,Water,4,2022-10-25T15:01:30.000000Z,2022-10-25,Oct_2022,70,29,849,212.53666666666666,40.45,1160.5366666666666,0.07,0.029,0.21253666666666665,0.849,1.1605366666666665
232,Oct_22_232,Oct_22_232_BL60_stem,BL60,10/25/22,15:23:45,15:26:45,stem,Alive,LARA,LGR,LGR3,A6,A,NA,NA,50,5.3,29.7,24,24.5,no,Water,4,2022-10-25T15:23:45.000000Z,2022-10-25,Oct_2022,70,29,849,212.53666666666666,40.45,1160.5366666666666,0.07,0.029,0.21253666666666665,0.849,1.1605366666666665
233,Oct_22_233,Oct_22_233_BL60_stem,BL60,10/25/22,15:32:10,15:35:10,stem,Alive,LARA,LGR,LGR3,A6,A,NA,NA,100,5.1,30.6,24,24.5,no,Water,4,2022-10-25T15:32:10.000000Z,2022-10-25,Oct_2022,70,29,849,212.53666666666666,40.45,1160.5366666666666,0.07,0.029,0.21253666666666665,0.849,1.1605366666666665
236,Oct_22_236,Oct_22_236_BL60_stem,BL60,10/25/22,11:24:10,11:27:10,stem,Alive,RHMA,LGR,LGR3,B4,B,NA,NA,0,8.9,29.4,23,23.9,no,Sediment,NA,2022-10-25T11:24:10.000000Z,2022-10-25,Oct_2022,70,29,849,418.99555555555554,107.68,1366.9955555555555,0.07,0.029,0.41899555555555557,0.849,1.3669955555555555
237,Oct_22_237,Oct_22_237_BL60_stem,BL60,10/25/22,11:40:15,11:43:15,stem,Alive,RHMA,LGR,LGR3,B4,B,NA,NA,50,9.2,27.7,23,23.9,no,Sediment,NA,2022-10-25T11:40:15.000000Z,2022-10-25,Oct_2022,70,29,849,418.99555555555554,107.68,1366.9955555555555,0.07,0.029,0.41899555555555557,0.849,1.3669955555555555
239,Oct_22_239,Oct_22_239_BL60_stem,BL60,10/25/22,11:59:00,12:02:00,stem,Alive,COER,LGR,LGR3,B4,B,NA,NA,0,8.7,27.3,22.9,24.3,no,Water,4,2022-10-25T11:59:00.000000Z,2022-10-25,Oct_2022,70,29,849,418.99555555555554,107.68,1366.9955555555555,0.07,0.029,0.41899555555555557,0.849,1.3669955555555555
240,Oct_22_240,Oct_22_240_BL60_stem,BL60,10/25/22,12:06:43,12:09:43,stem,Alive,COER,LGR,LGR3,B4,B,NA,NA,50,8.3,27.6,22.9,24.3,no,Water,4,2022-10-25T12:06:43.000000Z,2022-10-25,Oct_2022,70,29,849,418.99555555555554,107.68,1366.9955555555555,0.07,0.029,0.41899555555555557,0.849,1.3669955555555555
241,Oct_22_241,Oct_22_241_BL60_stem,BL60,10/25/22,12:20:50,12:23:50,stem,Alive,COER,LGR,LGR3,B4,B,NA,NA,100,8.9,27.7,22.9,24.3,no,Water,4,2022-10-25T12:20:50.000000Z,2022-10-25,Oct_2022,70,29,849,418.99555555555554,107.68,1366.9955555555555,0.07,0.029,0.41899555555555557,0.849,1.3669955555555555
242,Oct_22_242,Oct_22_242_BL60_CWD,BL60,10/25/22,12:39:00,12:42:00,CWD,Dead,UNKN,LGR,LGR3,A6,A,NA,NA,na,7.7,28.5,28.8,NA,no,Water,4,2022-10-25T12:39:00.000000Z,2022-10-25,Oct_2022,70,29,849,212.53666666666666,40.45,1160.5366666666666,0.07,0.029,0.21253666666666665,0.849,1.1605366666666665
243,Oct_22_243,Oct_22_243_BL60_CWD,BL60,10/25/22,12:51:00,12:54:00,CWD,Dead,UNKN,LGR,LGR3,B4,B,NA,NA,na,11,28.4,23.3,NA,no,Water,4,2022-10-25T12:51:00.000000Z,2022-10-25,Oct_2022,70,29,849,418.99555555555554,107.68,1366.9955555555555,0.07,0.029,0.41899555555555557,0.849,1.3669955555555555
244,Oct_22_244,Oct_22_244_BL60_stem,BL60,10/25/22,12:58:00,13:01:00,stem,Alive,RHMA,LGR,LGR1,A4,A,NA,NA,86,6.2,27.1,24.8,23.4,no,Water,4,2022-10-25T12:58:00.000000Z,2022-10-25,Oct_2022,70,29,849,212.53666666666666,40.45,1160.5366666666666,0.07,0.029,0.21253666666666665,0.849,1.1605366666666665
250,Oct_22_250,Oct_22_250_BL60_stem,BL60,10/25/22,13:52:30,13:55:30,stem,Alive,RHMA,LGR,LGR1,A4,A,NA,NA,3,4.5,28.6,28.5,23.5,no,Water,4,2022-10-25T13:52:30.000000Z,2022-10-25,Oct_2022,70,29,849,212.53666666666666,40.45,1160.5366666666666,0.07,0.029,0.21253666666666665,0.849,1.1605366666666665
251,Oct_22_251,Oct_22_251_BL60_stem,BL60,10/25/22,13:38:15,13:41:15,stem,Alive,COER,LGR,LGR3,B4,B,NA,NA,0,7.6,28,23,24.5,no,Water,4,2022-10-25T13:38:15.000000Z,2022-10-25,Oct_2022,70,29,849,418.99555555555554,107.68,1366.9955555555555,0.07,0.029,0.41899555555555557,0.849,1.3669955555555555
252,Oct_22_252,Oct_22_252_BL60_stem,BL60,10/25/22,13:49:30,13:52:30,stem,Alive,COER,LGR,LGR3,A6,A,NA,NA,50,5.5,32,23,24.5,no,Water,4,2022-10-25T13:49:30.000000Z,2022-10-25,Oct_2022,70,29,849,212.53666666666666,40.45,1160.5366666666666,0.07,0.029,0.21253666666666665,0.849,1.1605366666666665
253,Oct_22_253,Oct_22_253_BL60_CWD,BL60,10/25/22,14:15:45,14:18:45,CWD,Dead,CWD,LGR,LGR3,B4,B,NA,NA,na,9.8,29.8,23,24.5,no,Water,4,2022-10-25T14:15:45.000000Z,2022-10-25,Oct_2022,70,29,849,418.99555555555554,107.68,1366.9955555555555,0.07,0.029,0.41899555555555557,0.849,1.3669955555555555
254,Oct_22_254,Oct_22_254_BL60_stem,BL60,10/25/22,14:29:50,14:32:50,stem,Dead,LARA,LGR,LGR3,A6,A,NA,NA,0,5.5,NA,24.1,24.3,no,Water,4,2022-10-25T14:29:50.000000Z,2022-10-25,Oct_2022,70,29,849,212.53666666666666,40.45,1160.5366666666666,0.07,0.029,0.21253666666666665,0.849,1.1605366666666665
255,Oct_22_255,Oct_22_255_BL60_stem,BL60,10/25/22,14:36:50,14:39:50,stem,Dead,LARA,LGR,LGR3,A6,A,NA,NA,50,5.1,31.1,24.1,24.3,no,Water,4,2022-10-25T14:36:50.000000Z,2022-10-25,Oct_2022,70,29,849,212.53666666666666,40.45,1160.5366666666666,0.07,0.029,0.21253666666666665,0.849,1.1605366666666665
258,Oct_22_258,Oct_22_258_BL60_stem,BL60,10/25/22,10:58:09,11:01:09,stem,Alive,LARA,LGR,LGR1,A4,A,NA,NA,50,5.5,25.2,24.8,23.3,no,Sediment,NA,2022-10-25T10:58:09.000000Z,2022-10-25,Oct_2022,70,29,849,212.53666666666666,40.45,1160.5366666666666,0.07,0.029,0.21253666666666665,0.849,1.1605366666666665
260,Oct_22_260,Oct_22_260_BL60_stem,BL60,10/25/22,11:18:00,11:21:00,stem,Alive,LARA,LGR,LGR1,A4,A,NA,NA,0,7.8,25,26.3,23.2,no,Sediment,NA,2022-10-25T11:18:00.000000Z,2022-10-25,Oct_2022,70,29,849,212.53666666666666,40.45,1160.5366666666666,0.07,0.029,0.21253666666666665,0.849,1.1605366666666665
261,Oct_22_261,Oct_22_261_BL60_stem,BL60,10/25/22,11:26:30,11:29:30,stem,Alive,LARA,LGR,LGR1,A4,A,NA,NA,50,5.5,25,26.3,25.7,no,Sediment,NA,2022-10-25T11:26:30.000000Z,2022-10-25,Oct_2022,70,29,849,212.53666666666666,40.45,1160.5366666666666,0.07,0.029,0.21253666666666665,0.849,1.1605366666666665
262,Oct_22_262,Oct_22_262_BL60_stem,BL60,10/25/22,11:38:30,11:41:30,stem,Alive,LARA,LGR,LGR1,A4,A,NA,NA,100,5.2,25,26.3,NA,no,Sediment,NA,2022-10-25T11:38:30.000000Z,2022-10-25,Oct_2022,70,29,849,212.53666666666666,40.45,1160.5366666666666,0.07,0.029,0.21253666666666665,0.849,1.1605366666666665
263,Oct_22_263,Oct_22_263_BL60_stem,BL60,10/25/22,11:55:00,11:58:00,stem,Alive,COER,LGR,LGR1,C4,C,NA,NA,0,20.3,25.1,26.9,23.4,no,Sediment,NA,2022-10-25T11:55:00.000000Z,2022-10-25,Oct_2022,70,29,849,1064.6016666666667,213.35,2012.6016666666667,0.07,0.029,1.0646016666666667,0.849,2.012601666666667
267,Oct_22_267,Oct_22_267_BL60_stem,BL60,10/25/22,12:33:45,12:36:45,stem,Dead,COER,LGR,LGR1,A4,A,NA,NA,50,7.7,27.5,27.9,23.1,no,Sediment,NA,2022-10-25T12:33:45.000000Z,2022-10-25,Oct_2022,70,29,849,212.53666666666666,40.45,1160.5366666666666,0.07,0.029,0.21253666666666665,0.849,1.1605366666666665
235,Oct_22_235,Oct_22_235_BL60_stem,BL60,10/25/22,11:02:30,11:05:30,stem,Alive,RHMA,LGR,LGR3,A3,A,NA,NA,40,3.5,25.8,24.9,NA,no,Water,14,2022-10-25T11:02:30.000000Z,2022-10-25,Oct_2022,70,29,849,212.53666666666666,40.45,1160.5366666666666,0.07,0.029,0.21253666666666665,0.849,1.1605366666666665
238,Oct_22_238,Oct_22_238_BL60_stem,BL60,10/25/22,11:47:30,11:50:30,stem,Alive,RHMA,LGR,LGR3,B4,B,NA,NA,100,9.4,28.3,23,23.9,no,Sediment,NA,2022-10-25T11:47:30.000000Z,2022-10-25,Oct_2022,70,29,849,418.99555555555554,107.68,1366.9955555555555,0.07,0.029,0.41899555555555557,0.849,1.3669955555555555
245,Oct_22_245,Oct_22_245_BL60_stem,BL60,10/25/22,13:08:25,13:11:25,stem,Alive,RHMA,LGR,LGR1,A4,A,NA,NA,136,7,28.4,24.8,23.4,no,Water,4,2022-10-25T13:08:25.000000Z,2022-10-25,Oct_2022,70,29,849,212.53666666666666,40.45,1160.5366666666666,0.07,0.029,0.21253666666666665,0.849,1.1605366666666665
257,Oct_22_257,Oct_22_257_BL60_stem,BL60,10/25/22,10:50:24,10:53:25,stem,Alive,LARA,LGR,LGR1,A4,A,NA,NA,0,6.5,24.5,24.8,23.3,no,Sediment,NA,2022-10-25T10:50:24.000000Z,2022-10-25,Oct_2022,70,29,849,212.53666666666666,40.45,1160.5366666666666,0.07,0.029,0.21253666666666665,0.849,1.1605366666666665
248,Oct_22_248,Oct_22_248_BL60_stem,BL60,10/25/22,13:35:50,13:38:54,stem,Alive,RHMA,LGR,LGR1,A4,A,NA,NA,1,5,30.9,28.5,23.5,no,Water,4,2022-10-25T13:35:50.000000Z,2022-10-25,Oct_2022,70,29,849,212.53666666666666,40.45,1160.5366666666666,0.07,0.029,0.21253666666666665,0.849,1.1605366666666665
246,Oct_22_246,Oct_22_246_BL60_stem,BL60,10/25/22,13:14:00,13:17:06,stem,Alive,RHMA,LGR,LGR1,A4,A,NA,NA,150,5.2,29.2,24.8,23.4,no,Water,4,2022-10-25T13:14:00.000000Z,2022-10-25,Oct_2022,70,29,849,212.53666666666666,40.45,1160.5366666666666,0.07,0.029,0.21253666666666665,0.849,1.1605366666666665
259,Oct_22_259,Oct_22_259_BL60_stem,BL60,10/25/22,11:06:50,11:09:56,stem,Alive,LARA,LGR,LGR1,A4,A,NA,NA,100,4.2,NA,24.8,23.3,no,Sediment,NA,2022-10-25T11:06:50.000000Z,2022-10-25,Oct_2022,70,29,849,212.53666666666666,40.45,1160.5366666666666,0.07,0.029,0.21253666666666665,0.849,1.1605366666666665
247,Oct_22_247,Oct_22_247_BL60_stem,BL60,10/25/22,13:21:18,13:24:32,stem,Alive,RHMA,LGR,LGR1,A4,A,NA,NA,18,3.5,26.3,24.8,23.4,no,Water,4,2022-10-25T13:21:18.000000Z,2022-10-25,Oct_2022,70,29,849,212.53666666666666,40.45,1160.5366666666666,0.07,0.029,0.21253666666666665,0.849,1.1605366666666665
266,Oct_22_266,Oct_22_266_BL60_stem,BL60,10/25/22,12:23:00,12:26:16,stem,Dead,COER,LGR,LGR1,B6,B,NA,NA,0,8.9,24.8,27.9,23.1,no,Sediment,NA,2022-10-25T12:23:00.000000Z,2022-10-25,Oct_2022,70,29,849,418.99555555555554,107.68,1366.9955555555555,0.07,0.029,0.41899555555555557,0.849,1.3669955555555555
265,Oct_22_265,Oct_22_265_BL60_stem,BL60,10/25/22,12:12:30,12:15:48,stem,Alive,COER,LGR,LGR1,B6,B,NA,NA,100,13.7,25.5,26.9,23.4,no,Sediment,NA,2022-10-25T12:12:30.000000Z,2022-10-25,Oct_2022,70,29,849,418.99555555555554,107.68,1366.9955555555555,0.07,0.029,0.41899555555555557,0.849,1.3669955555555555
249,Oct_22_249,Oct_22_249_BL60_stem,BL60,10/25/22,13:44:15,13:47:40,stem,Alive,RHMA,LGR,LGR1,A4,A,NA,NA,2,4.8,30.2,28.5,23.5,no,Water,4,2022-10-25T13:44:15.000000Z,2022-10-25,Oct_2022,70,29,849,212.53666666666666,40.45,1160.5366666666666,0.07,0.029,0.21253666666666665,0.849,1.1605366666666665
264,Oct_22_264,Oct_22_264_BL60_stem,BL60,10/25/22,12:03:45,12:07:12,stem,Alive,COER,LGR,LGR1,C4,C,NA,NA,50,15.5,25.3,26.9,23.4,no,Sediment,NA,2022-10-25T12:03:45.000000Z,2022-10-25,Oct_2022,70,29,849,1064.6016666666667,213.35,2012.6016666666667,0.07,0.029,1.0646016666666667,0.849,2.012601666666667
268,Oct_22_268,Oct_22_268_BL60_stem,BL60,10/25/22,12:44:00,12:48:05,stem,Dead,COER,LGR,LGR1,A4,A,NA,NA,100,7.1,27.8,27.9,23.1,no,Sediment,NA,2022-10-25T12:44:00.000000Z,2022-10-25,Oct_2022,70,29,849,212.53666666666666,40.45,1160.5366666666666,0.07,0.029,0.21253666666666665,0.849,1.1605366666666665
269,Oct_22_269,Oct_22_269_Long Pine Key_stem,Long Pine Key,10/26/22,13:46:00,13:49:00,stem,Alive,Slash Pine,LGR,LGR2,C3,C,NA,NA,57,23.7,32.8,31.2,25.1,no,Sediment,NA,2022-10-26T13:46:00.000000Z,2022-10-26,Oct_2022,70,29,849,1064.6016666666667,213.35,2012.6016666666667,0.07,0.029,1.0646016666666667,0.849,2.012601666666667
271,Oct_22_271,Oct_22_271_Long Pine Key_stem,Long Pine Key,10/26/22,14:01:00,14:04:00,stem,Alive,Slash Pine,LGR,LGR2,C3,C,NA,NA,97,23.2,33.3,31.2,25.1,no,Sediment,NA,2022-10-26T14:01:00.000000Z,2022-10-26,Oct_2022,70,29,849,1064.6016666666667,213.35,2012.6016666666667,0.07,0.029,1.0646016666666667,0.849,2.012601666666667
272,Oct_22_272,Oct_22_272_Mahogany Hammock_stem,Mahogany Hammock,10/26/22,15:18:00,15:21:00,stem,Alive,Mahogany,LGR,LGR2,D1,D,NA,NA,25,68.3,25.7,27.6,24.4,no,Sediment,NA,2022-10-26T15:18:00.000000Z,2022-10-26,Oct_2022,70,29,849,2190.6440000000002,462.19,3138.6440000000002,0.07,0.029,2.1906440000000003,0.849,3.138644
273,Oct_22_273,Oct_22_273_Mahogany Hammock_stem,Mahogany Hammock,10/26/22,15:23:30,15:26:30,stem,Alive,Mahogany,LGR,LGR2,D1,D,NA,NA,95,64,26.1,27.6,24.4,no,Sediment,NA,2022-10-26T15:23:30.000000Z,2022-10-26,Oct_2022,70,29,849,2190.6440000000002,462.19,3138.6440000000002,0.07,0.029,2.1906440000000003,0.849,3.138644
274,Oct_22_274,Oct_22_274_Mahogany Hammock_stem,Mahogany Hammock,10/26/22,15:31:00,15:34:00,stem,Alive,Mahogany,LGR,LGR2,D1,D,NA,NA,135,62.1,26.6,27.6,24.4,no,Sediment,NA,2022-10-26T15:31:00.000000Z,2022-10-26,Oct_2022,70,29,849,2190.6440000000002,462.19,3138.6440000000002,0.07,0.029,2.1906440000000003,0.849,3.138644
275,Oct_22_275,Oct_22_275_Cypress Boardwalk_stem,Cypress Boardwalk,10/26/22,17:31:30,17:34:30,stem,Alive,Cyprus,LGR,LGR2,A2,A,NA,NA,12,31.2,27.7,29.2,NA,no,Water,34,2022-10-26T17:31:30.000000Z,2022-10-26,Oct_2022,70,29,849,212.53666666666666,40.45,1160.5366666666666,0.07,0.029,0.21253666666666665,0.849,1.1605366666666665
276,Oct_22_276,Oct_22_276_Cypress Boardwalk_stem,Cypress Boardwalk,10/26/22,17:40:00,17:43:00,stem,Alive,Cyprus,LGR,LGR2,B6,B,NA,NA,57,17,35.5,29.2,NA,no,Water,34,2022-10-26T17:40:00.000000Z,2022-10-26,Oct_2022,70,29,849,418.99555555555554,107.68,1366.9955555555555,0.07,0.029,0.41899555555555557,0.849,1.3669955555555555
277,Oct_22_277,Oct_22_277_Cypress Boardwalk_stem,Cypress Boardwalk,10/26/22,17:50:30,17:53:30,stem,Alive,Cyprus,LGR,LGR2,A4,A,NA,NA,85,13.5,30.8,29.2,NA,no,Water,34,2022-10-26T17:50:30.000000Z,2022-10-26,Oct_2022,70,29,849,212.53666666666666,40.45,1160.5366666666666,0.07,0.029,0.21253666666666665,0.849,1.1605366666666665
270,Oct_22_270,Oct_22_270_Long Pine Key_stem,Long Pine Key,10/26/22,13:52:00,13:55:00,stem,Alive,Slash Pine,LGR,LGR2,C3,C,NA,NA,27,26.6,31.4,31.2,25.1,no,Sediment,NA,2022-10-26T13:52:00.000000Z,2022-10-26,Oct_2022,70,29,849,1064.6016666666667,213.35,2012.6016666666667,0.07,0.029,1.0646016666666667,0.849,2.012601666666667
278,Oct_22_278,Oct_22_278_SRS5_stem,SRS5,3/12/23,15:13:00,15:18:00,stem,Alive,LARA,LGR,LGR3,D2,D,NA,NA,50,31,26.4,28.3,23.7,no,Water,1.5,2023-03-12T15:13:00.000000Z,2023-03-12,March_2023,70,29,849,2190.6440000000002,462.19,3138.6440000000002,0.07,0.029,2.1906440000000003,0.849,3.138644
279,Oct_22_279,Oct_22_279_SRS5_stem,SRS5,3/12/23,15:21:00,15:26:00,stem,Alive,LARA,LGR,LGR3,D2,D,NA,NA,92,30,27,28.3,23.7,no,Water,1.5,2023-03-12T15:21:00.000000Z,2023-03-12,March_2023,70,29,849,2190.6440000000002,462.19,3138.6440000000002,0.07,0.029,2.1906440000000003,0.849,3.138644
280,Oct_22_280,Oct_22_280_SRS5_stem,SRS5,3/12/23,15:28:00,15:32:00,stem,Alive,LARA,LGR,LGR3,D2,D,NA,NA,150,28.1,27.1,28.3,23.7,no,Water,1.5,2023-03-12T15:28:00.000000Z,2023-03-12,March_2023,70,29,849,2190.6440000000002,462.19,3138.6440000000002,0.07,0.029,2.1906440000000003,0.849,3.138644
281,Oct_22_281,Oct_22_281_SRS5_stem,SRS5,3/12/23,15:30:21,15:43:21,stem,Alive,LARA,LGR,LGR3,D2,D,NA,NA,40,43,27.5,27.8,23.6,no,Water,5,2023-03-12T15:30:21.000000Z,2023-03-12,March_2023,70,29,849,2190.6440000000002,462.19,3138.6440000000002,0.07,0.029,2.1906440000000003,0.849,3.138644
282,Oct_22_282,Oct_22_282_SRS5_stem,SRS5,3/12/23,15:45:08,15:48:08,stem,Alive,LARA,LGR,LGR3,D2,D,NA,NA,115,40.4,27.8,27.8,23.6,no,Water,5,2023-03-12T15:45:08.000000Z,2023-03-12,March_2023,70,29,849,2190.6440000000002,462.19,3138.6440000000002,0.07,0.029,2.1906440000000003,0.849,3.138644
283,Oct_22_283,Oct_22_283_SRS5_stem,SRS5,3/12/23,15:49:00,15:54:00,stem,Alive,LARA,LGR,LGR3,D2,D,NA,NA,165,42,29,27.8,23.6,no,Water,5,2023-03-12T15:49:00.000000Z,2023-03-12,March_2023,70,29,849,2190.6440000000002,462.19,3138.6440000000002,0.07,0.029,2.1906440000000003,0.849,3.138644
311,Mar_23_311,Mar_23_311_BL60_leaves,BL60,3/19/23,14:30:00,14:33:00,leaves,alive,RHMA,LGR,LGR1,LeafB,LB,NA,NA,NA,NA,NA,28.8,NA,NA,sediment,NA,2023-03-19T14:30:00.000000Z,2023-03-19,March_2023,70,29,849,2190.6440000000002,428,3138.6440000000002,0.07,0.029,2.1906440000000003,0.849,3.138644
312,Mar_23_312,Mar_23_312_BL60_leaves,BL60,3/19/23,14:34:30,14:37:30,leaves,alive,RHMA,LGR,LGR1,LeafB,LB,NA,NA,NA,NA,NA,28.8,NA,NA,sediment,NA,2023-03-19T14:34:30.000000Z,2023-03-19,March_2023,70,29,849,2190.6440000000002,428,3138.6440000000002,0.07,0.029,2.1906440000000003,0.849,3.138644
